term,normalized_term,length,source,target_category,target_score,max_seed_similarity,top3_seed_similarity,best_seed,legacy_exact_reference,id,rank,bge_target_score,bge_best_seed,tencent_category_rank,bge_category_rank,rank_fusion_score,expansion_rank
玫瑰,玫瑰,2,tencent_ai_lab_chinese_embedding_light_mirror_mvp,约会物件与仪式,0.86643677,0.99999988,0.6660921,玫瑰,False,1,1,0.87167435,玫瑰,1,1,0.0163934426,1
等车,等车,2,tencent_ai_lab_chinese_embedding_light_mirror_mvp,校园日常互动,0.81877301,1.0,0.54693252,等车,False,2,2,0.8702688,等车,1,1,0.0163934426,2
晚霞,晚霞,2,tencent_ai_lab_chinese_embedding_light_mirror_mvp,青春感官与毕业,0.89319719,0.99999994,0.73299307,晚霞,True,3,3,0.87070987,晚霞,1,2,0.0162612374,3
晨光,晨光,2,tencent_ai_lab_chinese_embedding_light_mirror_mvp,青春感官与毕业,0.88527286,1.0,0.71318215,晨光,True,4,4,0.87592304,晨光,2,1,0.0162612374,4
篮球场,篮球场,3,tencent_ai_lab_chinese_embedding_light_mirror_mvp,校园空间与路线,0.90830678,0.99999994,0.77076703,篮球场,True,5,5,0.90543287,篮球场,2,1,0.0162612374,5
纸条,纸条,2,tencent_ai_lab_chinese_embedding_light_mirror_mvp,纸面心意与暗号,0.92700241,1.0,0.81750602,纸条,False,6,6,0.92344322,纸条,2,1,0.0162612374,6
信封,信封,2,tencent_ai_lab_chinese_embedding_light_mirror_mvp,纸面心意与暗号,0.92893318,0.99999994,0.82233304,信封,False,7,7,0.91083527,信封,1,3,0.0161332292,7
发梢,发梢,2,tencent_ai_lab_chinese_embedding_light_mirror_mvp,校园外貌与信物,0.89612267,0.99999988,0.74030685,发梢,True,8,8,0.88105659,发梢,3,1,0.0161332292,8
马尾,马尾,2,tencent_ai_lab_chinese_embedding_light_mirror_mvp,校园外貌与信物,0.90539958,1.0,0.76349896,马尾,True,9,9,0.84726496,马尾,1,3,0.0161332292,9
奶茶,奶茶,2,tencent_ai_lab_chinese_embedding_light_mirror_mvp,约会物件与仪式,0.85653296,0.99999988,0.64133257,奶茶,False,10,10,0.84140068,奶茶,2,2,0.0161290323,10
图书馆,图书馆,3,tencent_ai_lab_chinese_embedding_light_mirror_mvp,校园空间与路线,0.90944958,1.0,0.77362394,图书馆,True,11,11,0.88301528,图书馆,1,4,0.0160092213,11
体育馆,体育馆,3,tencent_ai_lab_chinese_embedding_light_mirror_mvp,校园空间与路线,0.90032873,0.99999988,0.75082201,体育馆,True,12,12,0.89249535,体育馆,4,2,0.0158770161,12
发卡,发卡,2,tencent_ai_lab_chinese_embedding_light_mirror_mvp,校园外貌与信物,0.88871717,1.0,0.72179294,发卡,True,13,13,0.86633561,发卡,4,2,0.0158770161,13
影院,影院,2,tencent_ai_lab_chinese_embedding_light_mirror_mvp,约会物件与仪式,0.78218968,0.9004463,0.60480475,电影院,False,14,14,0.7934508,电影院,3,3,0.0158730159,14
铃声,铃声,2,tencent_ai_lab_chinese_embedding_light_mirror_mvp,青春感官与毕业,0.84497373,1.0,0.61243433,铃声,False,15,15,0.85993292,铃声,3,3,0.0158730159,15
书信,书信,2,tencent_ai_lab_chinese_embedding_light_mirror_mvp,纸面心意与暗号,0.90607426,1.0,0.76518565,书信,False,16,16,0.91695516,书信,5,2,0.0157568238,16
刘海,刘海,2,tencent_ai_lab_chinese_embedding_light_mirror_mvp,校园外貌与信物,0.90315261,0.99999988,0.7578817,刘海,True,17,17,0.83200663,刘海,2,6,0.0156402737,17
书签,书签,2,tencent_ai_lab_chinese_embedding_light_mirror_mvp,纸面心意与暗号,0.91213355,1.00000012,0.7803337,书签,True,18,18,0.89574399,书签,3,5,0.0156288156,18
明信片,明信片,3,tencent_ai_lab_chinese_embedding_light_mirror_mvp,纸面心意与暗号,0.90709896,1.0,0.7677474,明信片,False,19,19,0.90392697,明信片,4,4,0.015625,19
酒窝,酒窝,2,tencent_ai_lab_chinese_embedding_light_mirror_mvp,校园外貌与信物,0.86721387,0.99999988,0.66803485,酒窝,True,20,20,0.83680816,酒窝,5,4,0.0155048077,20
雨伞,雨伞,2,tencent_ai_lab_chinese_embedding_light_mirror_mvp,青春感官与毕业,0.82945547,0.99999988,0.57363886,雨伞,False,21,21,0.8341696,雨伞,4,5,0.0155048077,21
广播站,广播站,3,tencent_ai_lab_chinese_embedding_light_mirror_mvp,校园空间与路线,0.88165267,1.0,0.70413166,广播站,True,22,22,0.88653529,广播站,7,3,0.0153991945,22
上车,上车,2,tencent_ai_lab_chinese_embedding_light_mirror_mvp,校园日常互动,0.58942337,0.67653698,0.45875296,等车,False,23,23,0.66282061,等车,5,6,0.0152680653,23
红脸,红脸,2,tencent_ai_lab_chinese_embedding_light_mirror_mvp,校园外貌与信物,0.83438129,1.0,0.58595324,红脸,True,24,24,0.83574874,红脸,6,5,0.0152680653,24
林荫道,林荫道,3,tencent_ai_lab_chinese_embedding_light_mirror_mvp,校园空间与路线,0.90142593,1.0,0.75356483,林荫道,True,25,25,0.83074213,林荫道,3,10,0.0150793651,25
礼品,礼品,2,tencent_ai_lab_chinese_embedding_light_mirror_mvp,约会物件与仪式,0.67729127,0.76629078,0.54379201,礼物,False,26,26,0.78755914,礼物,8,5,0.0150452489,26
暗号,暗号,2,tencent_ai_lab_chinese_embedding_light_mirror_mvp,纸面心意与暗号,0.85084863,1.0,0.62712157,暗号,False,27,27,0.84888687,暗号,7,6,0.0150384441,27
小卖部,小卖部,3,tencent_ai_lab_chinese_embedding_light_mirror_mvp,校园空间与路线,0.89700438,0.99999994,0.74251103,小卖部,True,28,28,0.83869481,小卖部,5,9,0.0149386845,28
看台,看台,2,tencent_ai_lab_chinese_embedding_light_mirror_mvp,校园空间与路线,0.86865762,0.99999994,0.67164415,看台,False,29,29,0.87752941,看台,9,5,0.0149386845,29
公交站,公交站,3,tencent_ai_lab_chinese_embedding_light_mirror_mvp,校园空间与路线,0.873998,1.0,0.684995,公交站,True,30,30,0.87167947,公交站,8,6,0.0149286988,30
走廊,走廊,2,tencent_ai_lab_chinese_embedding_light_mirror_mvp,校园空间与路线,0.89121139,1.0,0.72802848,走廊,False,31,31,0.85016508,走廊,6,8,0.0149286988,31
晨曦,晨曦,2,tencent_ai_lab_chinese_embedding_light_mirror_mvp,青春感官与毕业,0.77536881,0.85536683,0.65537179,晨光,False,32,32,0.72533036,晨光,6,9,0.0148221344,32
朝霞,朝霞,2,tencent_ai_lab_chinese_embedding_light_mirror_mvp,青春感官与毕业,0.80689864,0.88863683,0.68429136,晚霞,False,33,33,0.70546465,晚霞,5,12,0.0146367521,33
公交车站,公交车站,4,tencent_ai_lab_chinese_embedding_light_mirror_mvp,校园空间与路线,0.82384413,0.90979844,0.69491267,公交站,False,34,34,0.85040723,公交站,11,7,0.0145049401,34
车时,车时,2,tencent_ai_lab_chinese_embedding_light_mirror_mvp,校园日常互动,0.5621237,0.66836005,0.40276918,等车,False,35,35,0.6713236,等车,14,5,0.0144490644,35
发稍,发稍,2,tencent_ai_lab_chinese_embedding_light_mirror_mvp,校园外貌与信物,0.82470995,0.89629406,0.71733379,发梢,False,36,36,0.66652257,发卡,7,12,0.014407131,36
儿童乐园,儿童乐园,4,tencent_ai_lab_chinese_embedding_light_mirror_mvp,约会物件与仪式,0.6800125,0.77860326,0.53212637,游乐园,False,37,37,0.71311471,游乐园,7,14,0.0142194433,37
一封信,一封信,3,tencent_ai_lab_chinese_embedding_light_mirror_mvp,纸面心意与暗号,0.77139878,0.79662502,0.73355943,书信,False,38,38,0.75846996,信封,12,9,0.0141908213,38
信件,信件,2,tencent_ai_lab_chinese_embedding_light_mirror_mvp,纸面心意与暗号,0.83607571,0.8808589,0.76890093,书信,False,39,39,0.73195052,信封,8,15,0.0140196078,39
新年礼物,新年礼物,4,tencent_ai_lab_chinese_embedding_light_mirror_mvp,约会物件与仪式,0.74175353,0.81111908,0.63770521,礼物,False,40,40,0.65890822,礼物,4,22,0.013910061,40
发丝,发丝,2,tencent_ai_lab_chinese_embedding_light_mirror_mvp,校园外貌与信物,0.81769361,0.88867152,0.71122676,发梢,False,41,41,0.65387299,发梢,8,17,0.0138464477,41
下车时,下车时,3,tencent_ai_lab_chinese_embedding_light_mirror_mvp,校园日常互动,0.56046633,0.64185715,0.43838009,等车,False,42,42,0.65280461,等车,16,9,0.0138253242,42
信笺,信笺,2,tencent_ai_lab_chinese_embedding_light_mirror_mvp,纸面心意与暗号,0.78412645,0.79582751,0.76657486,书信,False,43,43,0.7282588,信封,9,16,0.0138253242,43
霞光,霞光,2,tencent_ai_lab_chinese_embedding_light_mirror_mvp,青春感官与毕业,0.72125254,0.78894734,0.61971033,晚霞,False,44,44,0.69090393,晚霞,10,15,0.0138095238,44
合影留念,合影留念,4,tencent_ai_lab_chinese_embedding_light_mirror_mvp,校园日常互动,0.5797137,0.65850025,0.46153387,合照,False,45,45,0.63413517,合照,7,19,0.0137918005,45
乐园,乐园,2,tencent_ai_lab_chinese_embedding_light_mirror_mvp,约会物件与仪式,0.65183904,0.73502314,0.52706289,游乐园,False,46,46,0.76304278,游乐园,21,6,0.0137485971,46
公交站点,公交站点,4,tencent_ai_lab_chinese_embedding_light_mirror_mvp,校园空间与路线,0.73546755,0.83723438,0.58281732,公交站,False,47,47,0.81782721,公交站,15,11,0.0137089202,47
纪念,纪念,2,tencent_ai_lab_chinese_embedding_light_mirror_mvp,约会物件与仪式,0.6487639,0.71013045,0.55671406,纪念日,False,48,48,0.79193745,纪念日,25,4,0.0136948529,48
发夹,发夹,2,tencent_ai_lab_chinese_embedding_light_mirror_mvp,校园外貌与信物,0.72846066,0.74607903,0.7020331,发卡,False,49,49,0.66562114,发卡,14,13,0.0136060718,49
彩霞,彩霞,2,tencent_ai_lab_chinese_embedding_light_mirror_mvp,青春感官与毕业,0.70067865,0.77717274,0.5859375,晚霞,False,50,50,0.69944086,晚霞,13,14,0.0136060718,50
系扣,系扣,2,tencent_ai_lab_chinese_embedding_light_mirror_mvp,校园外貌与信物,0.69508538,0.75153363,0.61041301,纽扣,False,51,51,0.67293713,纽扣,19,10,0.0134719711,51
写信,写信,2,tencent_ai_lab_chinese_embedding_light_mirror_mvp,纸面心意与暗号,0.72695844,0.77061546,0.66147292,书信,False,52,52,0.76486804,书信,22,8,0.0134505022,52
发根,发根,2,tencent_ai_lab_chinese_embedding_light_mirror_mvp,校园外貌与信物,0.69066371,0.7450189,0.60913092,发梢,False,53,53,0.67768669,发梢,21,9,0.0134192163,53
字条,字条,2,tencent_ai_lab_chinese_embedding_light_mirror_mvp,纸面心意与暗号,0.8535953,0.91497934,0.76151925,纸条,False,54,54,0.71342542,纸条,6,27,0.013322884,54
张纸,张纸,2,tencent_ai_lab_chinese_embedding_light_mirror_mvp,纸面心意与暗号,0.73800354,0.76882458,0.69177198,纸条,False,55,55,0.7366414,纸条,19,12,0.0132735584,55
头发,头发,2,tencent_ai_lab_chinese_embedding_light_mirror_mvp,校园外貌与信物,0.75905402,0.78396487,0.72168773,发梢,False,56,56,0.64304584,发梢,10,22,0.0132404181,56
图书室,图书室,3,tencent_ai_lab_chinese_embedding_light_mirror_mvp,校园空间与路线,0.72153635,0.76639974,0.65424126,图书馆,False,57,57,0.80711247,图书馆,19,13,0.013178429,57
运动场,运动场,3,tencent_ai_lab_chinese_embedding_light_mirror_mvp,校园空间与路线,0.76165987,0.77699274,0.73866057,操场,False,58,58,0.74775243,篮球场,13,20,0.0130993151,58
铃响,铃响,2,tencent_ai_lab_chinese_embedding_light_mirror_mvp,青春感官与毕业,0.64802535,0.74297643,0.50559872,铃声,False,59,59,0.75448163,铃声,31,6,0.0130702631,59
美照,美照,2,tencent_ai_lab_chinese_embedding_light_mirror_mvp,校园日常互动,0.58383749,0.71409285,0.38845444,合照,False,60,60,0.61444659,合照,6,34,0.0128949065,60
彩霞满天,彩霞满天,4,tencent_ai_lab_chinese_embedding_light_mirror_mvp,青春感官与毕业,0.73898644,0.81310987,0.6278013,晚霞,False,61,61,0.62711816,晚霞,9,29,0.0128643543,61
按扣,按扣,2,tencent_ai_lab_chinese_embedding_light_mirror_mvp,校园外貌与信物,0.68092723,0.76813066,0.55012208,纽扣,False,62,62,0.66992815,纽扣,26,11,0.012856207,62
额发,额发,2,tencent_ai_lab_chinese_embedding_light_mirror_mvp,校园外貌与信物,0.69839487,0.73935139,0.63696009,发梢,False,63,63,0.65026821,发卡,18,18,0.0128205128,63
小卖店,小卖店,3,tencent_ai_lab_chinese_embedding_light_mirror_mvp,校园空间与路线,0.82837389,0.93166316,0.67343998,小卖部,False,64,64,0.71434184,小卖部,10,29,0.0127608347,64
一封,一封,2,tencent_ai_lab_chinese_embedding_light_mirror_mvp,纸面心意与暗号,0.7589813,0.78962588,0.71301442,书信,False,65,65,0.71806352,信封,14,24,0.0127091377,65
黑脸,黑脸,2,tencent_ai_lab_chinese_embedding_light_mirror_mvp,校园外貌与信物,0.69920464,0.81521654,0.52518678,红脸,False,66,66,0.64402,红脸,17,21,0.012666346,66
送别,送别,2,tencent_ai_lab_chinese_embedding_light_mirror_mvp,青春感官与毕业,0.64884015,0.75568187,0.48857757,离别,False,67,67,0.70660492,离别,30,11,0.0125978091,67
礼盒,礼盒,2,tencent_ai_lab_chinese_embedding_light_mirror_mvp,约会物件与仪式,0.64441998,0.68117046,0.58929425,礼物,False,68,68,0.72139267,礼物,27,13,0.0125964415,68
发际,发际,2,tencent_ai_lab_chinese_embedding_light_mirror_mvp,校园外貌与信物,0.66509527,0.70810574,0.60057956,发梢,False,69,69,0.69521067,发梢,38,7,0.0125647274,69
球场,球场,2,tencent_ai_lab_chinese_embedding_light_mirror_mvp,校园空间与路线,0.68571563,0.71460462,0.64238214,篮球场,False,70,70,0.81572715,篮球场,31,12,0.0124389499,70
惜别,惜别,2,tencent_ai_lab_chinese_embedding_light_mirror_mvp,青春感官与毕业,0.67471058,0.75845957,0.54908711,离别,False,71,71,0.65213132,离别,19,22,0.0124266749,71
后座,后座,2,tencent_ai_lab_chinese_embedding_light_mirror_mvp,校园日常互动,0.55149931,0.6039896,0.47276387,等车,False,72,72,0.63033046,留座,20,21,0.0124228395,72
晨露,晨露,2,tencent_ai_lab_chinese_embedding_light_mirror_mvp,青春感官与毕业,0.67073584,0.71340454,0.60673279,晨光,False,73,73,0.67073553,晨光,21,20,0.0124228395,73
公交,公交,2,tencent_ai_lab_chinese_embedding_light_mirror_mvp,校园空间与路线,0.69447833,0.7731002,0.57654554,公交站,False,74,74,0.7840023,公交站,27,15,0.0124137931,74
小纸,小纸,2,tencent_ai_lab_chinese_embedding_light_mirror_mvp,纸面心意与暗号,0.67821424,0.706429,0.63589209,信封,False,75,75,0.77143188,小纸条,41,7,0.0124131816,75
体育场,体育场,3,tencent_ai_lab_chinese_embedding_light_mirror_mvp,校园空间与路线,0.69295535,0.70988965,0.6675539,体育馆,False,76,76,0.80632032,体育馆,29,14,0.0123747343,76
发髻,发髻,2,tencent_ai_lab_chinese_embedding_light_mirror_mvp,校园外貌与信物,0.68909109,0.71503496,0.65017527,马尾,False,77,77,0.6491058,发梢,23,19,0.0123532103,77
那封,那封,2,tencent_ai_lab_chinese_embedding_light_mirror_mvp,纸面心意与暗号,0.75560162,0.77085924,0.73271519,书信,False,78,78,0.71178262,信封,15,29,0.0122846442,78
公交车,公交车,3,tencent_ai_lab_chinese_embedding_light_mirror_mvp,校园空间与路线,0.70600033,0.77720273,0.59919673,公交站,False,79,79,0.75139,公交站,25,19,0.0122114669,79
足球场,足球场,3,tencent_ai_lab_chinese_embedding_light_mirror_mvp,校园空间与路线,0.72383683,0.74471474,0.69251996,篮球场,False,80,80,0.71635361,篮球场,17,28,0.0121753247,80
体育中心,体育中心,4,tencent_ai_lab_chinese_embedding_light_mirror_mvp,校园空间与路线,0.70724785,0.76145744,0.62593347,体育馆,False,81,81,0.74733536,体育馆,24,21,0.0121252205,81
等客,等客,2,tencent_ai_lab_chinese_embedding_light_mirror_mvp,校园日常互动,0.50684381,0.60477281,0.3599503,等车,False,82,82,0.6830496,等车,60,3,0.0121031746,82
妇女节,妇女节,3,tencent_ai_lab_chinese_embedding_light_mirror_mvp,约会物件与仪式,0.68920612,0.71226633,0.65461582,情人节,False,83,83,0.59696455,情人节,6,52,0.0120400433,83
上下车,上下车,3,tencent_ai_lab_chinese_embedding_light_mirror_mvp,校园日常互动,0.57757859,0.6799162,0.42407218,等车,False,84,84,0.58995953,等车,8,49,0.0119400971,84
日记,日记,2,tencent_ai_lab_chinese_embedding_light_mirror_mvp,纸面心意与暗号,0.73735013,0.79186332,0.65558034,日记本,False,85,85,0.71204629,日记本,20,28,0.0119318182,85
暗扣,暗扣,2,tencent_ai_lab_chinese_embedding_light_mirror_mvp,校园外貌与信物,0.66855446,0.76067406,0.53037506,纽扣,False,86,86,0.65686831,纽扣,34,16,0.0118980963,86
秀发,秀发,2,tencent_ai_lab_chinese_embedding_light_mirror_mvp,校园外貌与信物,0.74508972,0.78623497,0.68337184,发梢,False,87,87,0.59566019,发梢,12,42,0.0118464052,87
两张照片,两张照片,4,tencent_ai_lab_chinese_embedding_light_mirror_mvp,校园日常互动,0.6138491,0.72239423,0.45103142,合照,False,88,88,0.55419807,合照,3,68,0.0118427579,88
卷发,卷发,2,tencent_ai_lab_chinese_embedding_light_mirror_mvp,校园外貌与信物,0.75146863,0.7671442,0.72795528,马尾,False,89,89,0.58605294,发梢,11,46,0.0117592347,89
来信,来信,2,tencent_ai_lab_chinese_embedding_light_mirror_mvp,纸面心意与暗号,0.6880358,0.73787463,0.61327755,书信,False,90,90,0.72103233,书信,31,20,0.0117445055,90
暮色,暮色,2,tencent_ai_lab_chinese_embedding_light_mirror_mvp,青春感官与毕业,0.75433199,0.79295957,0.69639063,晚霞,False,91,91,0.5593698,晚霞,8,54,0.0117389061,91
信函,信函,2,tencent_ai_lab_chinese_embedding_light_mirror_mvp,纸面心意与暗号,0.73576528,0.77945668,0.67022818,书信,False,92,92,0.70936292,信封,21,31,0.011667345,92
观众台,观众台,3,tencent_ai_lab_chinese_embedding_light_mirror_mvp,校园空间与路线,0.69157772,0.73955095,0.61961788,看台,False,93,93,0.74327686,看台,30,22,0.0116531165,93
拍照,拍照,2,tencent_ai_lab_chinese_embedding_light_mirror_mvp,校园日常互动,0.53934308,0.59093785,0.46195093,合照,False,94,94,0.62569647,合照,28,24,0.0116341991,94
这封,这封,2,tencent_ai_lab_chinese_embedding_light_mirror_mvp,纸面心意与暗号,0.76093507,0.79162097,0.71490622,书信,False,95,95,0.69649361,信封,13,45,0.0116112198,95
纸片,纸片,2,tencent_ai_lab_chinese_embedding_light_mirror_mvp,纸面心意与暗号,0.69890795,0.73224378,0.6489042,纸条,False,96,96,0.7173408,纸条,28,25,0.0115641711,96
放映厅,放映厅,3,tencent_ai_lab_chinese_embedding_light_mirror_mvp,约会物件与仪式,0.71370646,0.82201678,0.55124098,电影院,False,97,97,0.57051338,电影院,5,70,0.0115384615,97
寄信,寄信,2,tencent_ai_lab_chinese_embedding_light_mirror_mvp,纸面心意与暗号,0.68427618,0.7024163,0.65706599,明信片,False,98,98,0.7217207,书信,36,19,0.0115374473,98
长廊,长廊,2,tencent_ai_lab_chinese_embedding_light_mirror_mvp,校园空间与路线,0.717027,0.74797189,0.67060965,走廊,False,99,99,0.70412529,走廊,21,34,0.0114919884,99
书店,书店,2,tencent_ai_lab_chinese_embedding_light_mirror_mvp,校园空间与路线,0.66402705,0.71520662,0.58725768,图书馆,False,100,100,0.75188366,图书馆,39,18,0.0114607615,100
电影城,电影城,3,tencent_ai_lab_chinese_embedding_light_mirror_mvp,约会物件与仪式,0.64061773,0.70971262,0.53697538,电影院,False,101,101,0.6581153,电影院,32,23,0.011458879,101
阅览室,阅览室,3,tencent_ai_lab_chinese_embedding_light_mirror_mvp,校园空间与路线,0.77041695,0.82548046,0.68782169,图书馆,False,102,102,0.64987144,图书馆,12,51,0.0114489489,102
直发,直发,2,tencent_ai_lab_chinese_embedding_light_mirror_mvp,校园外貌与信物,0.68428955,0.70314991,0.655999,马尾,False,103,103,0.6264887,发卡,24,31,0.0114468864,103
游乐区,游乐区,3,tencent_ai_lab_chinese_embedding_light_mirror_mvp,约会物件与仪式,0.63249642,0.7273097,0.49027649,游乐园,False,104,104,0.6747462,游乐园,39,19,0.011379619,104
车里,车里,2,tencent_ai_lab_chinese_embedding_light_mirror_mvp,校园日常互动,0.57498081,0.6611225,0.44576827,等车,False,105,105,0.56665072,等车,9,61,0.0113786082,105
廊道,廊道,2,tencent_ai_lab_chinese_embedding_light_mirror_mvp,校园空间与路线,0.70518526,0.76898342,0.60948801,走廊,False,106,106,0.71244568,走廊,26,30,0.011369509,106
生活照,生活照,3,tencent_ai_lab_chinese_embedding_light_mirror_mvp,校园日常互动,0.53748777,0.64337146,0.37866223,合照,False,107,107,0.62233814,合照,29,27,0.011365104,107
信上,信上,2,tencent_ai_lab_chinese_embedding_light_mirror_mvp,纸面心意与暗号,0.71502106,0.72555244,0.699224,书信,False,108,108,0.70764478,信封,23,34,0.0113432453,108
闹铃,闹铃,2,tencent_ai_lab_chinese_embedding_light_mirror_mvp,青春感官与毕业,0.64005685,0.74754125,0.47883025,铃声,False,109,109,0.66328605,铃声,37,21,0.0113274787,109
大头照,大头照,3,tencent_ai_lab_chinese_embedding_light_mirror_mvp,校园日常互动,0.59591391,0.70322788,0.43494296,合照,False,110,110,0.53477094,合照,4,85,0.0112607759,110
照相,照相,2,tencent_ai_lab_chinese_embedding_light_mirror_mvp,校园日常互动,0.50761806,0.55666769,0.43404362,合照,False,111,111,0.64875845,合照,59,11,0.0112439342,111
脸颊,脸颊,2,tencent_ai_lab_chinese_embedding_light_mirror_mvp,校园外貌与信物,0.67209334,0.71425092,0.60885698,发梢,False,112,112,0.62903948,红脸,29,29,0.0112359551,112
车上,车上,2,tencent_ai_lab_chinese_embedding_light_mirror_mvp,校园日常互动,0.56189891,0.64303207,0.44019917,等车,False,113,113,0.58725715,等车,15,50,0.0112121212,113
影剧院,影剧院,3,tencent_ai_lab_chinese_embedding_light_mirror_mvp,约会物件与仪式,0.6106301,0.69053686,0.49076995,电影院,False,114,114,0.73466425,电影院,70,8,0.011199095,114
夜色,夜色,2,tencent_ai_lab_chinese_embedding_light_mirror_mvp,青春感官与毕业,0.68699343,0.71503329,0.64493364,晨光,False,115,115,0.56159289,晚霞,14,53,0.0111815355,115
晒出,晒出,2,tencent_ai_lab_chinese_embedding_light_mirror_mvp,校园日常互动,0.62004026,0.75018752,0.42481938,合照,False,116,116,0.51021121,合照,2,102,0.0111509359,116
写封,写封,2,tencent_ai_lab_chinese_embedding_light_mirror_mvp,纸面心意与暗号,0.65402257,0.67534089,0.6220451,情书,False,117,117,0.73280669,信封,57,13,0.0111228193,117
白脸,白脸,2,tencent_ai_lab_chinese_embedding_light_mirror_mvp,校园外貌与信物,0.66911545,0.77143824,0.51563126,红脸,False,118,118,0.63005946,红脸,32,28,0.0111166008,118
纸包,纸包,2,tencent_ai_lab_chinese_embedding_light_mirror_mvp,纸面心意与暗号,0.67833595,0.72078359,0.61466449,信封,False,119,119,0.71853497,纸条,40,22,0.011097561,119
进影院,进影院,3,tencent_ai_lab_chinese_embedding_light_mirror_mvp,约会物件与仪式,0.61801037,0.71160471,0.47761884,电影院,False,120,120,0.72916898,电影院,61,12,0.0110766758,120
落日,落日,2,tencent_ai_lab_chinese_embedding_light_mirror_mvp,青春感官与毕业,0.77474777,0.84549433,0.66862792,晚霞,False,121,121,0.50445226,晚霞,7,80,0.0110341151,121
花朵,花朵,2,tencent_ai_lab_chinese_embedding_light_mirror_mvp,约会物件与仪式,0.63030193,0.71550417,0.50249857,玫瑰,False,122,122,0.66473451,花束,43,21,0.0110272084,122
回信,回信,2,tencent_ai_lab_chinese_embedding_light_mirror_mvp,纸面心意与暗号,0.74432385,0.78414035,0.6845991,书信,False,123,123,0.68885448,书信,18,49,0.0109974124,123
鲜花,鲜花,2,tencent_ai_lab_chinese_embedding_light_mirror_mvp,约会物件与仪式,0.65325108,0.7015909,0.58074135,玫瑰,False,124,124,0.60608302,花束,19,48,0.0109587436,124
信给,信给,2,tencent_ai_lab_chinese_embedding_light_mirror_mvp,纸面心意与暗号,0.66275747,0.68070471,0.6358366,书信,False,125,125,0.72189864,信封,50,18,0.010955711,125
地铁站,地铁站,3,tencent_ai_lab_chinese_embedding_light_mirror_mvp,校园空间与路线,0.71872679,0.79384512,0.6060493,公交站,False,126,126,0.65852811,公交站,20,47,0.0109228972,126
密信,密信,2,tencent_ai_lab_chinese_embedding_light_mirror_mvp,纸面心意与暗号,0.7498615,0.78957033,0.69029826,书信,False,127,127,0.68073615,书信,17,53,0.0109182853,127
送给,送给,2,tencent_ai_lab_chinese_embedding_light_mirror_mvp,约会物件与仪式,0.63064942,0.6965785,0.53175581,礼物,False,128,128,0.64847038,礼物,41,24,0.010902876,128
送礼,送礼,2,tencent_ai_lab_chinese_embedding_light_mirror_mvp,约会物件与仪式,0.60958295,0.67131782,0.51698065,礼物,False,129,129,0.73145274,礼物,73,10,0.0109022556,129
脸型,脸型,2,tencent_ai_lab_chinese_embedding_light_mirror_mvp,校园外貌与信物,0.68357058,0.71668589,0.6338976,刘海,False,130,130,0.59690801,红脸,25,40,0.0108823529,130
走道,走道,2,tencent_ai_lab_chinese_embedding_light_mirror_mvp,校园空间与路线,0.71538582,0.77196431,0.63051808,走廊,False,131,131,0.66270986,走廊,22,45,0.0108594657,131
晨钟,晨钟,2,tencent_ai_lab_chinese_embedding_light_mirror_mvp,青春感官与毕业,0.61601562,0.63424921,0.58866525,晨光,False,132,132,0.68537889,晨光,58,16,0.0108162355,132
日落,日落,2,tencent_ai_lab_chinese_embedding_light_mirror_mvp,青春感官与毕业,0.68653834,0.75045991,0.59065598,晚霞,False,133,133,0.5355222,晚霞,15,61,0.0107988981,133
便条,便条,2,tencent_ai_lab_chinese_embedding_light_mirror_mvp,纸面心意与暗号,0.7762158,0.8133654,0.72049141,纸条,False,134,134,0.63221204,纸条,10,77,0.0107924922,134
一辆车,一辆车,3,tencent_ai_lab_chinese_embedding_light_mirror_mvp,校园日常互动,0.54273919,0.63388646,0.40601829,等车,False,135,135,0.59615759,等车,24,45,0.0107142857,135
出租车,出租车,3,tencent_ai_lab_chinese_embedding_light_mirror_mvp,校园日常互动,0.56822948,0.67980379,0.40086803,等车,False,136,136,0.54100493,等车,11,78,0.0106654419,136
饮品,饮品,2,tencent_ai_lab_chinese_embedding_light_mirror_mvp,约会物件与仪式,0.66806562,0.74601305,0.55114448,奶茶,False,137,137,0.56439658,奶茶,12,75,0.0106481481,137
鬓角,鬓角,2,tencent_ai_lab_chinese_embedding_light_mirror_mvp,校园外貌与信物,0.74204051,0.78571427,0.67652988,发梢,False,138,138,0.50344964,发梢,13,73,0.0106087136,138
微光,微光,2,tencent_ai_lab_chinese_embedding_light_mirror_mvp,青春感官与毕业,0.64015017,0.70937872,0.53630733,晨光,False,139,139,0.62276651,晨光,36,33,0.0105846774,139
值勤,值勤,2,tencent_ai_lab_chinese_embedding_light_mirror_mvp,校园日常互动,0.52193538,0.58354205,0.42952538,值日,False,140,140,0.62050858,值日,42,28,0.010583779,140
发质,发质,2,tencent_ai_lab_chinese_embedding_light_mirror_mvp,校园外貌与信物,0.62373416,0.64209461,0.59619349,发梢,False,141,141,0.65848927,发梢,68,15,0.0105729167,141
纸卷,纸卷,2,tencent_ai_lab_chinese_embedding_light_mirror_mvp,纸面心意与暗号,0.69484404,0.71933299,0.65811062,信封,False,142,142,0.69957738,纸条,29,41,0.0105684726,142
梳发,梳发,2,tencent_ai_lab_chinese_embedding_light_mirror_mvp,校园外貌与信物,0.64278512,0.6603632,0.616418,发梢,False,143,143,0.6388134,发梢,49,24,0.0105395369,143
橡皮筋,橡皮筋,3,tencent_ai_lab_chinese_embedding_light_mirror_mvp,校园外貌与信物,0.60250704,0.61116993,0.58951271,马尾,False,144,144,0.68272402,小皮筋,97,8,0.0105376546,144
主题乐园,主题乐园,4,tencent_ai_lab_chinese_embedding_light_mirror_mvp,约会物件与仪式,0.62848277,0.70735824,0.51016957,游乐园,False,145,145,0.64744217,游乐园,46,26,0.0105309346,145
夜幕,夜幕,2,tencent_ai_lab_chinese_embedding_light_mirror_mvp,青春感官与毕业,0.67192013,0.6999768,0.62983513,晨光,False,146,146,0.54714274,晚霞,20,58,0.0104872881,146
雨衣,雨衣,2,tencent_ai_lab_chinese_embedding_light_mirror_mvp,青春感官与毕业,0.63009955,0.73257631,0.4763844,雨伞,False,147,147,0.63644056,雨伞,49,25,0.0104695089,147
铜扣,铜扣,2,tencent_ai_lab_chinese_embedding_light_mirror_mvp,校园外貌与信物,0.63838841,0.71620315,0.52166629,纽扣,False,148,148,0.64214261,纽扣,53,23,0.0104488751,148
纪念活动,纪念活动,4,tencent_ai_lab_chinese_embedding_light_mirror_mvp,约会物件与仪式,0.5946391,0.66903764,0.48304129,纪念日,False,149,149,0.72950132,纪念日,89,11,0.0103979582,149
流海,流海,2,tencent_ai_lab_chinese_embedding_light_mirror_mvp,校园外貌与信物,0.68936334,0.71545267,0.65022933,刘海,False,150,150,0.56177309,刘海,22,57,0.0103710652,150
接车,接车,2,tencent_ai_lab_chinese_embedding_light_mirror_mvp,校园日常互动,0.49894593,0.56782448,0.39562809,等车,False,151,151,0.64578528,等车,82,13,0.0103704418,151
乘车,乘车,2,tencent_ai_lab_chinese_embedding_light_mirror_mvp,校园日常互动,0.49251511,0.57148206,0.37406468,等车,False,152,152,0.65065706,等车,97,10,0.0103275705,152
本子,本子,2,tencent_ai_lab_chinese_embedding_light_mirror_mvp,纸面心意与暗号,0.77532632,0.8050673,0.73071486,日记本,False,153,153,0.59312756,日记本,11,94,0.0102890068,153
远别,远别,2,tencent_ai_lab_chinese_embedding_light_mirror_mvp,青春感官与毕业,0.60849215,0.68953919,0.48692158,离别,False,154,154,0.68244807,离别,72,17,0.0102813853,154
信中,信中,2,tencent_ai_lab_chinese_embedding_light_mirror_mvp,纸面心意与暗号,0.69394171,0.7333498,0.63482958,书信,False,155,155,0.69223909,书信,30,46,0.0102725367,155
留影,留影,2,tencent_ai_lab_chinese_embedding_light_mirror_mvp,校园日常互动,0.50879333,0.58706391,0.39138746,合照,False,156,156,0.62818103,留座,58,23,0.0102613845,156
发中,发中,2,tencent_ai_lab_chinese_embedding_light_mirror_mvp,校园外貌与信物,0.61110618,0.66381001,0.53205043,发梢,False,157,157,0.66308379,发梢,83,14,0.0102532603,157
打车,打车,2,tencent_ai_lab_chinese_embedding_light_mirror_mvp,校园日常互动,0.52876112,0.62376732,0.38625184,等车,False,158,158,0.5986588,等车,33,43,0.010230713,158
游乐,游乐,2,tencent_ai_lab_chinese_embedding_light_mirror_mvp,约会物件与仪式,0.60692298,0.70239127,0.46372056,游乐园,False,159,159,0.70187207,游乐园,77,16,0.0102285824,159
戏院,戏院,2,tencent_ai_lab_chinese_embedding_light_mirror_mvp,约会物件与仪式,0.62521127,0.71350396,0.49277225,电影院,False,160,160,0.63944438,电影院,50,28,0.0102272727,160
影城,影城,2,tencent_ai_lab_chinese_embedding_light_mirror_mvp,约会物件与仪式,0.65065897,0.73014486,0.53143013,电影院,False,161,161,0.58855418,电影院,23,59,0.0102257771,161
纸张,纸张,2,tencent_ai_lab_chinese_embedding_light_mirror_mvp,纸面心意与暗号,0.62232337,0.6330086,0.60629553,信封,False,162,162,0.75714023,纸条,103,10,0.0102103418,162
鬓发,鬓发,2,tencent_ai_lab_chinese_embedding_light_mirror_mvp,校园外貌与信物,0.66551828,0.71628368,0.58937019,发梢,False,163,163,0.59717569,发梢,37,39,0.0102051442,163
家书,家书,2,tencent_ai_lab_chinese_embedding_light_mirror_mvp,纸面心意与暗号,0.75179245,0.80979931,0.66478217,书信,False,164,164,0.63160322,书信,16,78,0.0102021358,164
让座,让座,2,tencent_ai_lab_chinese_embedding_light_mirror_mvp,校园日常互动,0.47486306,0.52254581,0.40333894,等车,False,165,165,0.70124995,留座,174,2,0.0102012683,165
纸袋,纸袋,2,tencent_ai_lab_chinese_embedding_light_mirror_mvp,纸面心意与暗号,0.67254988,0.71660262,0.60647076,信封,False,166,166,0.70922801,纸条,45,32,0.0101966874,166
发卷,发卷,2,tencent_ai_lab_chinese_embedding_light_mirror_mvp,校园外貌与信物,0.62219174,0.62853026,0.61268395,发梢,False,167,167,0.64498429,发卡,71,20,0.0100667939,167
日光,日光,2,tencent_ai_lab_chinese_embedding_light_mirror_mvp,青春感官与毕业,0.60770315,0.65962189,0.52982503,晨光,False,168,168,0.68036811,晨光,78,18,0.0100334448,168
叫车,叫车,2,tencent_ai_lab_chinese_embedding_light_mirror_mvp,校园日常互动,0.49940313,0.59991944,0.34862867,等车,False,169,169,0.63570487,等车,79,18,0.0100073787,169
田径场,田径场,3,tencent_ai_lab_chinese_embedding_light_mirror_mvp,校园空间与路线,0.758757,0.79074538,0.71077442,操场,False,170,170,0.58695068,操场,14,94,0.01000351,170
站牌,站牌,2,tencent_ai_lab_chinese_embedding_light_mirror_mvp,校园空间与路线,0.72376269,0.8115266,0.59211683,公交站,False,171,171,0.60508109,广播站,18,80,0.009981685,171
留念,留念,2,tencent_ai_lab_chinese_embedding_light_mirror_mvp,校园日常互动,0.5172613,0.60105419,0.39157197,合照,False,172,172,0.61666684,留座,52,31,0.0099587912,172
公交线,公交线,3,tencent_ai_lab_chinese_embedding_light_mirror_mvp,校园空间与路线,0.62747114,0.70612669,0.50948781,公交站,False,173,173,0.75230727,公交站,85,17,0.0099417824,173
场馆,场馆,2,tencent_ai_lab_chinese_embedding_light_mirror_mvp,校园空间与路线,0.65613568,0.68682027,0.61010879,体育馆,False,174,174,0.70025268,体育馆,46,36,0.0099253145,174
笔记本,笔记本,3,tencent_ai_lab_chinese_embedding_light_mirror_mvp,纸面心意与暗号,0.68571382,0.73092842,0.61789191,日记本,False,175,175,0.68788732,日记本,33,50,0.0099217986,175
车来,车来,2,tencent_ai_lab_chinese_embedding_light_mirror_mvp,校园日常互动,0.52781247,0.60682094,0.40929976,等车,False,176,176,0.59421928,等车,35,48,0.0098927875,176
咖啡,咖啡,2,tencent_ai_lab_chinese_embedding_light_mirror_mvp,约会物件与仪式,0.67287161,0.74457765,0.56531256,奶茶,False,177,177,0.50992426,奶茶,10,124,0.0098602484,177
月光,月光,2,tencent_ai_lab_chinese_embedding_light_mirror_mvp,青春感官与毕业,0.6288401,0.6566487,0.58712721,晨光,False,178,178,0.62504028,晨光,53,32,0.0098595614,178
证件照,证件照,3,tencent_ai_lab_chinese_embedding_light_mirror_mvp,校园日常互动,0.48170217,0.56183279,0.36150625,合照,False,179,179,0.65419931,合照,141,8,0.0098405034,179
儿童节,儿童节,3,tencent_ai_lab_chinese_embedding_light_mirror_mvp,约会物件与仪式,0.65798475,0.67738169,0.62888932,七夕,False,180,180,0.53336368,情人节,15,99,0.0098113208,180
肄业,肄业,2,tencent_ai_lab_chinese_embedding_light_mirror_mvp,青春感官与毕业,0.58547024,0.71798062,0.38670465,毕业,False,181,181,0.70752159,毕业,129,10,0.0097883598,181
秋色,秋色,2,tencent_ai_lab_chinese_embedding_light_mirror_mvp,青春感官与毕业,0.7068431,0.76595956,0.61816841,晚霞,False,182,182,0.47299839,晚霞,12,116,0.0097853535,182
中秋节,中秋节,3,tencent_ai_lab_chinese_embedding_light_mirror_mvp,约会物件与仪式,0.66407553,0.69017297,0.62492937,七夕,False,183,183,0.52031134,情人节,13,111,0.0097732917,183
欢乐谷,欢乐谷,3,tencent_ai_lab_chinese_embedding_light_mirror_mvp,约会物件与仪式,0.65472174,0.7361654,0.53255624,游乐园,False,184,184,0.53421687,游乐园,16,97,0.0097636607,184
到校,到校,2,tencent_ai_lab_chinese_embedding_light_mirror_mvp,校园空间与路线,0.71474117,0.74878544,0.66367477,放学,False,185,185,0.61458085,放学,23,74,0.0097554397,185
稿纸,稿纸,2,tencent_ai_lab_chinese_embedding_light_mirror_mvp,纸面心意与暗号,0.70204339,0.72630119,0.66565669,日记本,False,186,186,0.65937433,纸条,26,67,0.0097509614,186
车座,车座,2,tencent_ai_lab_chinese_embedding_light_mirror_mvp,校园日常互动,0.46910486,0.53877217,0.36460391,等车,False,187,187,0.67311816,留座,202,4,0.0097208969,187
书里,书里,2,tencent_ai_lab_chinese_embedding_light_mirror_mvp,纸面心意与暗号,0.61600296,0.63821268,0.58268839,日记本,False,188,188,0.73269956,书信,109,14,0.0097153366,188
细雨,细雨,2,tencent_ai_lab_chinese_embedding_light_mirror_mvp,青春感官与毕业,0.63164489,0.64369535,0.6135692,晚霞,False,189,189,0.600208,雨伞,45,41,0.0097123998,189
送信,送信,2,tencent_ai_lab_chinese_embedding_light_mirror_mvp,纸面心意与暗号,0.6279952,0.68172109,0.54740638,书信,False,190,190,0.72466066,书信,97,17,0.0096782199,190
毕业生,毕业生,3,tencent_ai_lab_chinese_embedding_light_mirror_mvp,青春感官与毕业,0.5653075,0.68032634,0.39277923,毕业,False,191,191,0.85261006,毕业,210,4,0.0096643519,191
但车,但车,2,tencent_ai_lab_chinese_embedding_light_mirror_mvp,校园日常互动,0.48563271,0.58635783,0.33454502,等车,False,192,192,0.64692259,等车,124,12,0.0096618357,192
圆脸,圆脸,2,tencent_ai_lab_chinese_embedding_light_mirror_mvp,校园外貌与信物,0.63565007,0.64457041,0.62226957,刘海,False,193,193,0.61367654,红脸,57,33,0.0096498484,193
写日记,写日记,3,tencent_ai_lab_chinese_embedding_light_mirror_mvp,纸面心意与暗号,0.68547044,0.73657,0.60882109,日记本,False,194,194,0.67520175,日记本,34,56,0.0096294938,194
分享照片,分享照片,4,tencent_ai_lab_chinese_embedding_light_mirror_mvp,校园日常互动,0.53961886,0.6151855,0.42626891,合照,False,195,195,0.55383313,合照,27,69,0.0096230954,195
电影票,电影票,3,tencent_ai_lab_chinese_embedding_light_mirror_mvp,约会物件与仪式,0.61371645,0.65336913,0.55423743,电影院,False,196,196,0.6473947,电影院,69,27,0.0096230954,196
天空,天空,2,tencent_ai_lab_chinese_embedding_light_mirror_mvp,青春感官与毕业,0.66075943,0.69867587,0.60388476,晚霞,False,197,197,0.51110522,晚霞,25,74,0.0096136962,197
汽车站,汽车站,3,tencent_ai_lab_chinese_embedding_light_mirror_mvp,校园空间与路线,0.65556283,0.71460342,0.56700194,公交站,False,198,198,0.66762731,公交站,47,42,0.009574858,198
同车,同车,2,tencent_ai_lab_chinese_embedding_light_mirror_mvp,校园日常互动,0.47406239,0.49154028,0.44784555,等车,False,199,199,0.6591668,等车,178,7,0.0095635269,199
取车,取车,2,tencent_ai_lab_chinese_embedding_light_mirror_mvp,校园日常互动,0.49090827,0.57879418,0.35907939,等车,False,200,200,0.63728998,等车,103,17,0.0095609912,200
发色,发色,2,tencent_ai_lab_chinese_embedding_light_mirror_mvp,校园外貌与信物,0.61531739,0.63502419,0.5857572,刘海,False,201,201,0.6373219,发梢,76,25,0.0095588235,201
拍张,拍张,2,tencent_ai_lab_chinese_embedding_light_mirror_mvp,校园日常互动,0.54360155,0.61634135,0.43449184,合照,False,202,202,0.53772217,合照,23,82,0.0095452231,202
剧院,剧院,2,tencent_ai_lab_chinese_embedding_light_mirror_mvp,约会物件与仪式,0.61535189,0.6824789,0.51466137,电影院,False,203,203,0.63439907,电影院,66,30,0.0095238095,203
父亲节,父亲节,3,tencent_ai_lab_chinese_embedding_light_mirror_mvp,约会物件与仪式,0.65428928,0.66976267,0.6310792,情人节,False,204,204,0.52690157,情人节,17,105,0.0095238095,204
三八节,三八节,3,tencent_ai_lab_chinese_embedding_light_mirror_mvp,约会物件与仪式,0.65387006,0.67896497,0.61622769,情人节,False,205,205,0.53099608,情人节,18,101,0.0095158465,205
伞下,伞下,2,tencent_ai_lab_chinese_embedding_light_mirror_mvp,青春感官与毕业,0.58542445,0.63404906,0.51248753,雨伞,False,206,206,0.70506499,雨伞,130,13,0.009480894,206
月色,月色,2,tencent_ai_lab_chinese_embedding_light_mirror_mvp,青春感官与毕业,0.68184845,0.71489429,0.63227969,晚霞,False,207,207,0.47350706,晚霞,16,114,0.0094525106,207
曙光,曙光,2,tencent_ai_lab_chinese_embedding_light_mirror_mvp,青春感官与毕业,0.60365301,0.65916878,0.52037936,晨光,False,208,208,0.64848776,晨光,83,24,0.0094488844,208
绿荫,绿荫,2,tencent_ai_lab_chinese_embedding_light_mirror_mvp,校园空间与路线,0.66079516,0.72797513,0.56002522,林荫道,False,209,209,0.65166897,林荫道,42,50,0.0094474153,209
火车站,火车站,3,tencent_ai_lab_chinese_embedding_light_mirror_mvp,校园空间与路线,0.66053469,0.70634151,0.59182447,公交站,False,210,210,0.65236652,公交站,43,49,0.0094415249,210
毕业分配,毕业分配,4,tencent_ai_lab_chinese_embedding_light_mirror_mvp,青春感官与毕业,0.56928719,0.67104506,0.41665038,毕业,False,211,211,0.74987164,毕业,193,7,0.0094389712,211
扣起来,扣起来,3,tencent_ai_lab_chinese_embedding_light_mirror_mvp,校园外貌与信物,0.62828201,0.68764681,0.53923482,纽扣,False,212,212,0.62539437,纽扣,65,32,0.0094347826,212
大巴车,大巴车,3,tencent_ai_lab_chinese_embedding_light_mirror_mvp,校园日常互动,0.55770099,0.64328969,0.42931795,等车,False,213,213,0.51063167,等车,19,101,0.009434704,213
晴空,晴空,2,tencent_ai_lab_chinese_embedding_light_mirror_mvp,青春感官与毕业,0.64901994,0.68749899,0.59130138,晚霞,False,214,214,0.51436582,晨光,29,72,0.0094058563,214
十封信,十封信,3,tencent_ai_lab_chinese_embedding_light_mirror_mvp,纸面心意与暗号,0.62900484,0.6439718,0.60655439,情书,False,215,215,0.71913986,信封,95,21,0.009398646,215
将车,将车,2,tencent_ai_lab_chinese_embedding_light_mirror_mvp,校园日常互动,0.4855839,0.59070903,0.32789621,等车,False,216,216,0.63857002,等车,125,15,0.0093693694,216
离去,离去,2,tencent_ai_lab_chinese_embedding_light_mirror_mvp,青春感官与毕业,0.57044619,0.63599741,0.47211936,离别,False,217,217,0.72860374,离别,188,8,0.0093690702,217
信里,信里,2,tencent_ai_lab_chinese_embedding_light_mirror_mvp,纸面心意与暗号,0.67743678,0.69892275,0.64520782,书信,False,218,218,0.68136092,书信,42,52,0.0093662465,218
剪短,剪短,2,tencent_ai_lab_chinese_embedding_light_mirror_mvp,校园外貌与信物,0.67235391,0.68940341,0.64677966,刘海,False,219,219,0.49603378,发梢,28,76,0.0093582888,219
中巴车,中巴车,3,tencent_ai_lab_chinese_embedding_light_mirror_mvp,校园日常互动,0.54138037,0.63678002,0.39828089,等车,False,220,220,0.53665372,等车,25,84,0.0093545752,220
纸上,纸上,2,tencent_ai_lab_chinese_embedding_light_mirror_mvp,纸面心意与暗号,0.64146409,0.6555295,0.62036598,纸条,False,221,221,0.71041832,纸条,72,30,0.0093434343,221
纸写,纸写,2,tencent_ai_lab_chinese_embedding_light_mirror_mvp,纸面心意与暗号,0.63108779,0.65128881,0.60078627,纸条,False,222,222,0.71831253,纸条,91,23,0.0093353547,222
晒图,晒图,2,tencent_ai_lab_chinese_embedding_light_mirror_mvp,校园日常互动,0.54442911,0.64128739,0.3991417,合照,False,223,223,0.52008659,合照,22,95,0.0093233674,223
站点,站点,2,tencent_ai_lab_chinese_embedding_light_mirror_mvp,校园空间与路线,0.64813274,0.73727614,0.51441765,公交站,False,224,224,0.66690665,公交站,52,43,0.0093186546,224
大脸,大脸,2,tencent_ai_lab_chinese_embedding_light_mirror_mvp,校园外貌与信物,0.61311121,0.63122225,0.58594465,刘海,False,225,225,0.63319621,红脸,80,27,0.009318555,225
拉链,拉链,2,tencent_ai_lab_chinese_embedding_light_mirror_mvp,校园外貌与信物,0.71863797,0.79928184,0.59767216,纽扣,False,226,226,0.44632883,纽扣,15,129,0.0093121693,226
小车,小车,2,tencent_ai_lab_chinese_embedding_light_mirror_mvp,校园日常互动,0.51858526,0.60692304,0.3860786,等车,False,227,227,0.59556401,等车,48,47,0.0093025268,227
鹅蛋脸,鹅蛋脸,3,tencent_ai_lab_chinese_embedding_light_mirror_mvp,校园外貌与信物,0.66151123,0.67598867,0.63979506,酒窝,False,228,228,0.56429814,红脸,41,55,0.0092983211,228
辫子,辫子,2,tencent_ai_lab_chinese_embedding_light_mirror_mvp,校园外貌与信物,0.66775756,0.71520507,0.59658629,马尾,False,229,229,0.52077873,发梢,35,64,0.009295416,229
天边,天边,2,tencent_ai_lab_chinese_embedding_light_mirror_mvp,青春感官与毕业,0.71617676,0.78009218,0.62030363,晚霞,False,230,230,0.43996747,晨光,11,162,0.0092945058,230
瓜子脸,瓜子脸,3,tencent_ai_lab_chinese_embedding_light_mirror_mvp,校园外貌与信物,0.66469864,0.68882483,0.62850934,酒窝,False,231,231,0.55939752,红脸,39,58,0.0092877932,231
公交线路,公交线路,4,tencent_ai_lab_chinese_embedding_light_mirror_mvp,校园空间与路线,0.62750196,0.7123934,0.50016481,公交站,False,232,232,0.72685649,公交站,84,26,0.0092861757,232
车站,车站,2,tencent_ai_lab_chinese_embedding_light_mirror_mvp,校园空间与路线,0.62938664,0.68141747,0.5513404,公交站,False,233,233,0.71967297,公交站,83,27,0.0092436299,233
夜空,夜空,2,tencent_ai_lab_chinese_embedding_light_mirror_mvp,青春感官与毕业,0.6325768,0.67302358,0.57190663,晚霞,False,234,234,0.55862939,晚霞,42,56,0.0092123056,234
车去,车去,2,tencent_ai_lab_chinese_embedding_light_mirror_mvp,校园日常互动,0.49151772,0.57407463,0.36768237,等车,False,235,235,0.62942345,等车,101,22,0.009203151,235
小卷,小卷,2,tencent_ai_lab_chinese_embedding_light_mirror_mvp,校园外貌与信物,0.66930312,0.68983585,0.63850403,马尾,False,236,236,0.49674405,小皮筋,31,75,0.0091982092,236
信送,信送,2,tencent_ai_lab_chinese_embedding_light_mirror_mvp,纸面心意与暗号,0.58682194,0.60347784,0.56183809,书信,False,237,237,0.75372458,信封,172,11,0.0091974259,237
车快,车快,2,tencent_ai_lab_chinese_embedding_light_mirror_mvp,校园日常互动,0.52003555,0.60724449,0.38922215,等车,False,238,238,0.58127207,等车,44,54,0.0091936572,238
游园,游园,2,tencent_ai_lab_chinese_embedding_light_mirror_mvp,约会物件与仪式,0.54779114,0.60911882,0.45579961,游乐园,False,239,239,0.73860819,游乐园,234,7,0.0091633668,239
值班,值班,2,tencent_ai_lab_chinese_embedding_light_mirror_mvp,校园日常互动,0.48873848,0.54963815,0.39738896,值日,False,240,240,0.63107424,值日,112,20,0.0091569767,240
电话铃,电话铃,3,tencent_ai_lab_chinese_embedding_light_mirror_mvp,青春感官与毕业,0.58942572,0.67897505,0.45510173,铃声,False,241,241,0.67816632,铃声,117,19,0.0091539727,241
中秋,中秋,2,tencent_ai_lab_chinese_embedding_light_mirror_mvp,约会物件与仪式,0.67141081,0.72693259,0.58812815,七夕,False,242,242,0.44170853,纪念日,11,177,0.0091519582,242
烫发,烫发,2,tencent_ai_lab_chinese_embedding_light_mirror_mvp,校园外貌与信物,0.64676446,0.66652125,0.61712927,刘海,False,243,243,0.56647398,发梢,45,54,0.0091478697,243
配文称,配文称,3,tencent_ai_lab_chinese_embedding_light_mirror_mvp,校园日常互动,0.5665023,0.674833,0.40400624,合照,False,244,244,0.43796182,讲题,12,168,0.0091374269,244
打扫卫生,打扫卫生,4,tencent_ai_lab_chinese_embedding_light_mirror_mvp,校园日常互动,0.57335554,0.64401817,0.4673616,值日,False,245,245,0.38641049,送伞,10,193,0.0091191417,245
书简,书简,2,tencent_ai_lab_chinese_embedding_light_mirror_mvp,纸面心意与暗号,0.66011934,0.70295823,0.59586102,书信,False,246,246,0.68949001,书信,52,48,0.0090939153,246
除夕,除夕,2,tencent_ai_lab_chinese_embedding_light_mirror_mvp,约会物件与仪式,0.58260081,0.60540318,0.54839724,情人节,False,247,247,0.66928612,七夕,116,20,0.0090909091,247
实验楼,实验楼,3,tencent_ai_lab_chinese_embedding_light_mirror_mvp,校园空间与路线,0.73015492,0.7399801,0.71541715,教室,False,248,248,0.5140347,教室,16,141,0.0090665096,248
奶盖,奶盖,2,tencent_ai_lab_chinese_embedding_light_mirror_mvp,约会物件与仪式,0.64243723,0.73459953,0.50419378,奶茶,False,249,249,0.55701822,奶茶,31,80,0.0090659341,249
学生宿舍,学生宿舍,4,tencent_ai_lab_chinese_embedding_light_mirror_mvp,校园空间与路线,0.69367697,0.72206843,0.65108979,教室,False,250,250,0.5945992,教室,28,88,0.0090601966,250
日出,日出,2,tencent_ai_lab_chinese_embedding_light_mirror_mvp,青春感官与毕业,0.65611424,0.71243846,0.57162791,晚霞,False,251,251,0.49001862,晨光,27,91,0.0090583847,251
纸头,纸头,2,tencent_ai_lab_chinese_embedding_light_mirror_mvp,纸面心意与暗号,0.65106003,0.66170335,0.63509506,纸条,False,252,252,0.6987994,纸条,61,42,0.0090341922,252
车子,车子,2,tencent_ai_lab_chinese_embedding_light_mirror_mvp,校园日常互动,0.50190152,0.59359246,0.3643651,等车,False,253,253,0.61196784,等车,71,36,0.0090251272,253
观影,观影,2,tencent_ai_lab_chinese_embedding_light_mirror_mvp,约会物件与仪式,0.6203493,0.71104342,0.48430812,电影院,False,254,254,0.6077756,电影院,57,46,0.0089904854,254
两周年,两周年,3,tencent_ai_lab_chinese_embedding_light_mirror_mvp,约会物件与仪式,0.66306734,0.70715797,0.5969314,纪念日,False,255,255,0.46172125,纪念日,14,165,0.008978979,255
摩天轮,摩天轮,3,tencent_ai_lab_chinese_embedding_light_mirror_mvp,约会物件与仪式,0.67419398,0.74867702,0.56246942,游乐园,False,256,256,0.34683516,游乐园,9,235,0.0089412921,256
编发,编发,2,tencent_ai_lab_chinese_embedding_light_mirror_mvp,校园外貌与信物,0.6206145,0.64370012,0.58598608,马尾,False,257,257,0.60442713,发卡,74,36,0.0089396766,257
礼包,礼包,2,tencent_ai_lab_chinese_embedding_light_mirror_mvp,约会物件与仪式,0.5473665,0.59181195,0.48069832,礼物,False,258,258,0.73412247,礼物,238,9,0.0089242292,258
车是,车是,2,tencent_ai_lab_chinese_embedding_light_mirror_mvp,校园日常互动,0.4751374,0.55376923,0.35718966,等车,False,259,259,0.64255654,等车,172,14,0.0089119292,259
梳子,梳子,2,tencent_ai_lab_chinese_embedding_light_mirror_mvp,校园外貌与信物,0.65475798,0.68604147,0.60783273,发梢,False,260,260,0.51917824,发梢,42,65,0.0089019608,260
斜分,斜分,2,tencent_ai_lab_chinese_embedding_light_mirror_mvp,校园外貌与信物,0.76097884,0.80033982,0.70193738,刘海,False,261,261,0.36303934,发梢,9,244,0.0088911137,261
寄出,寄出,2,tencent_ai_lab_chinese_embedding_light_mirror_mvp,纸面心意与暗号,0.71009344,0.74654454,0.65541679,明信片,False,262,262,0.57062461,信封,24,111,0.0088763576,262
电影院线,电影院线,4,tencent_ai_lab_chinese_embedding_light_mirror_mvp,约会物件与仪式,0.56483103,0.64243698,0.4484221,电影院,False,263,263,0.71126001,电影院,167,15,0.0088693098,263
电车,电车,2,tencent_ai_lab_chinese_embedding_light_mirror_mvp,校园日常互动,0.52971618,0.6211639,0.3925446,等车,False,264,264,0.52902369,等车,31,90,0.0088278388,264
来张,来张,2,tencent_ai_lab_chinese_embedding_light_mirror_mvp,校园日常互动,0.54960128,0.63462293,0.4220688,合照,False,265,265,0.47758966,合照,21,129,0.0088183422,265
就读,就读,2,tencent_ai_lab_chinese_embedding_light_mirror_mvp,青春感官与毕业,0.6078903,0.75339001,0.38964072,毕业,False,266,266,0.61029191,毕业,77,37,0.0088042742,266
正脸,正脸,2,tencent_ai_lab_chinese_embedding_light_mirror_mvp,校园日常互动,0.56017073,0.64260352,0.43652156,合照,False,267,267,0.44893671,合照,17,158,0.0087870845,267
记录本,记录本,3,tencent_ai_lab_chinese_embedding_light_mirror_mvp,纸面心意与暗号,0.63543371,0.66876882,0.58543104,日记本,False,268,268,0.70591719,日记本,82,35,0.0087842847,268
朝阳,朝阳,2,tencent_ai_lab_chinese_embedding_light_mirror_mvp,青春感官与毕业,0.64365981,0.69028616,0.57372028,晨光,False,269,269,0.49237635,晚霞,33,87,0.0087777046,269
从车,从车,2,tencent_ai_lab_chinese_embedding_light_mirror_mvp,校园日常互动,0.47621228,0.55609363,0.35639024,等车,False,270,270,0.63801751,等车,168,16,0.0087719298,270
雾霭,雾霭,2,tencent_ai_lab_chinese_embedding_light_mirror_mvp,青春感官与毕业,0.66840543,0.70745033,0.60983807,晚霞,False,271,271,0.46204751,晚霞,22,127,0.0087713578,271
领口处,领口处,3,tencent_ai_lab_chinese_embedding_light_mirror_mvp,校园外貌与信物,0.69481759,0.75653183,0.60224622,纽扣,False,272,272,0.44101664,发卡,20,139,0.0087625628,272
配文,配文,2,tencent_ai_lab_chinese_embedding_light_mirror_mvp,校园日常互动,0.55919997,0.66945785,0.39381313,合照,False,273,273,0.45662106,讲题,18,153,0.0087576743,273
热饮,热饮,2,tencent_ai_lab_chinese_embedding_light_mirror_mvp,约会物件与仪式,0.64369092,0.71392226,0.53834391,奶茶,False,274,274,0.53131194,奶茶,29,100,0.0087429775,274
拦车,拦车,2,tencent_ai_lab_chinese_embedding_light_mirror_mvp,校园日常互动,0.51876452,0.60844368,0.38424578,等车,False,275,275,0.5627759,等车,47,63,0.0087379378,275
剪刀手,剪刀手,3,tencent_ai_lab_chinese_embedding_light_mirror_mvp,校园日常互动,0.56478301,0.65114748,0.4352363,合照,False,276,276,0.34241971,留座,13,205,0.0087361075,276
封面照,封面照,3,tencent_ai_lab_chinese_embedding_light_mirror_mvp,校园日常互动,0.51105831,0.62049115,0.34690905,合照,False,277,277,0.58095399,合照,54,55,0.008733791,277
比赛场地,比赛场地,4,tencent_ai_lab_chinese_embedding_light_mirror_mvp,校园空间与路线,0.63015295,0.64976674,0.60073227,体育馆,False,278,278,0.68029046,操场,80,37,0.0087260677,278
前座,前座,2,tencent_ai_lab_chinese_embedding_light_mirror_mvp,校园日常互动,0.49490864,0.5274834,0.4460465,等车,False,279,279,0.61569847,留座,93,32,0.0087027565,279
北站,北站,2,tencent_ai_lab_chinese_embedding_light_mirror_mvp,校园空间与路线,0.65840344,0.73981822,0.53628129,公交站,False,280,280,0.62465998,广播站,45,67,0.0086989126,280
纸袋子,纸袋子,3,tencent_ai_lab_chinese_embedding_light_mirror_mvp,纸面心意与暗号,0.65174401,0.6932919,0.58942217,信封,False,281,281,0.68190776,纸条,60,51,0.0086711712,281
脸蛋,脸蛋,2,tencent_ai_lab_chinese_embedding_light_mirror_mvp,校园外貌与信物,0.62267418,0.644292,0.59024745,酒窝,False,282,282,0.58817223,红脸,70,44,0.0086538462,282
烟霞,烟霞,2,tencent_ai_lab_chinese_embedding_light_mirror_mvp,青春感官与毕业,0.59662714,0.65152204,0.51428479,晚霞,False,283,283,0.6259912,晚霞,102,30,0.0086419753,283
乌发,乌发,2,tencent_ai_lab_chinese_embedding_light_mirror_mvp,校园外貌与信物,0.60620468,0.64707386,0.54490089,发梢,False,284,284,0.60849946,发梢,91,34,0.0086304072,284
赠品,赠品,2,tencent_ai_lab_chinese_embedding_light_mirror_mvp,约会物件与仪式,0.57959566,0.64179271,0.48630008,礼物,False,285,285,0.64841061,礼物,122,25,0.0086296057,285
寄信人,寄信人,3,tencent_ai_lab_chinese_embedding_light_mirror_mvp,纸面心意与暗号,0.65946493,0.67519128,0.6358754,信封,False,286,286,0.67361746,信封,54,58,0.008623253,286
寄张,寄张,2,tencent_ai_lab_chinese_embedding_light_mirror_mvp,纸面心意与暗号,0.68639243,0.75701523,0.58045822,明信片,False,287,287,0.59064953,信封,32,97,0.008619496,287
跟车,跟车,2,tencent_ai_lab_chinese_embedding_light_mirror_mvp,校园日常互动,0.49004194,0.56390542,0.37924671,等车,False,288,288,0.62014101,等车,107,29,0.0086119895,288
个纸,个纸,2,tencent_ai_lab_chinese_embedding_light_mirror_mvp,纸面心意与暗号,0.60894066,0.62862581,0.57941294,信封,False,289,289,0.71354274,纸条,119,26,0.0086072496,289
蔷薇,蔷薇,2,tencent_ai_lab_chinese_embedding_light_mirror_mvp,约会物件与仪式,0.63266677,0.742342,0.46815392,玫瑰,False,290,290,0.55076942,玫瑰,38,83,0.0085985443,290
两颊,两颊,2,tencent_ai_lab_chinese_embedding_light_mirror_mvp,校园外貌与信物,0.63919609,0.66169524,0.60544735,发梢,False,291,291,0.5309429,红脸,52,61,0.0085965171,291
饮料,饮料,2,tencent_ai_lab_chinese_embedding_light_mirror_mvp,约会物件与仪式,0.63577354,0.70213079,0.53623766,奶茶,False,292,292,0.54416021,奶茶,35,90,0.0085964912,292
送上,送上,2,tencent_ai_lab_chinese_embedding_light_mirror_mvp,约会物件与仪式,0.59161699,0.64999604,0.50404841,礼物,False,293,293,0.62644966,礼物,96,33,0.0085814723,293
大礼盒,大礼盒,3,tencent_ai_lab_chinese_embedding_light_mirror_mvp,约会物件与仪式,0.59703348,0.6511116,0.51591629,礼物,False,294,294,0.6227828,礼物,86,37,0.0085792967,294
发油,发油,2,tencent_ai_lab_chinese_embedding_light_mirror_mvp,校园外貌与信物,0.6084599,0.63989389,0.56130892,发梢,False,295,295,0.60272738,发梢,87,37,0.0085559997,295
国家图书馆,国家图书馆,5,tencent_ai_lab_chinese_embedding_light_mirror_mvp,校园空间与路线,0.59564902,0.67331409,0.4791514,图书馆,False,296,296,0.75409636,图书馆,193,16,0.008555232,296
同款,同款,2,tencent_ai_lab_chinese_embedding_light_mirror_mvp,校园日常互动,0.50462478,0.563223,0.41672745,合照,False,297,297,0.58560145,同桌,64,51,0.0085367626,297
海洋公园,海洋公园,4,tencent_ai_lab_chinese_embedding_light_mirror_mvp,约会物件与仪式,0.65301294,0.72531378,0.54456168,游乐园,False,298,298,0.46503295,游乐园,20,160,0.0085227273,298
驾驶座,驾驶座,3,tencent_ai_lab_chinese_embedding_light_mirror_mvp,校园日常互动,0.49239632,0.56341493,0.3858684,等车,False,299,299,0.61520727,留座,99,33,0.0085209982,299
国庆日,国庆日,3,tencent_ai_lab_chinese_embedding_light_mirror_mvp,约会物件与仪式,0.59608381,0.64121127,0.52839261,纪念日,False,300,300,0.62239813,纪念日,87,38,0.0085034014,300
公共汽车,公共汽车,4,tencent_ai_lab_chinese_embedding_light_mirror_mvp,校园日常互动,0.53326005,0.63229156,0.38471279,等车,False,301,301,0.5005486,等车,30,111,0.0084795322,301
面颊,面颊,2,tencent_ai_lab_chinese_embedding_light_mirror_mvp,校园外貌与信物,0.63447132,0.68019497,0.56588584,发梢,False,302,302,0.56203086,红脸,60,56,0.0084770115,302
站台,站台,2,tencent_ai_lab_chinese_embedding_light_mirror_mvp,校园日常互动,0.52718374,0.59212363,0.4297739,等车,False,303,303,0.52294453,留座,36,93,0.0084763072,303
客运站,客运站,3,tencent_ai_lab_chinese_embedding_light_mirror_mvp,校园空间与路线,0.63101256,0.69961572,0.52810782,公交站,False,304,304,0.6646813,公交站,77,44,0.0084573273,304
堵车,堵车,2,tencent_ai_lab_chinese_embedding_light_mirror_mvp,校园日常互动,0.52809905,0.62491643,0.38287297,等车,False,305,305,0.5116298,等车,34,100,0.0084441489,305
牛奶,牛奶,2,tencent_ai_lab_chinese_embedding_light_mirror_mvp,约会物件与仪式,0.59579755,0.65457755,0.50762755,奶茶,False,306,306,0.61920977,奶茶,88,39,0.0084288834,306
除夕夜,除夕夜,3,tencent_ai_lab_chinese_embedding_light_mirror_mvp,约会物件与仪式,0.58711431,0.60118484,0.56600851,情人节,False,307,307,0.6273689,七夕,108,32,0.0084109731,307
深秋,深秋,2,tencent_ai_lab_chinese_embedding_light_mirror_mvp,青春感官与毕业,0.65992371,0.68901294,0.61628985,晚霞,False,308,308,0.45808828,毕业季,26,133,0.0084046271,308
收信人,收信人,3,tencent_ai_lab_chinese_embedding_light_mirror_mvp,纸面心意与暗号,0.66802673,0.68236339,0.64652175,书信,False,309,309,0.64264605,信封,47,74,0.0084042405,309
吹发,吹发,2,tencent_ai_lab_chinese_embedding_light_mirror_mvp,校园外貌与信物,0.60916561,0.64287037,0.55860847,发梢,False,310,310,0.59602882,发梢,85,41,0.0083987709,310
吹头发,吹头发,3,tencent_ai_lab_chinese_embedding_light_mirror_mvp,校园外貌与信物,0.62771916,0.66656482,0.56945068,发梢,False,311,311,0.56861588,发梢,66,53,0.0083930327,311
一周年,一周年,3,tencent_ai_lab_chinese_embedding_light_mirror_mvp,约会物件与仪式,0.65058229,0.7009213,0.57507378,纪念日,False,312,312,0.48490176,纪念日,24,145,0.0083914053,312
放映,放映,2,tencent_ai_lab_chinese_embedding_light_mirror_mvp,约会物件与仪式,0.63034738,0.72790313,0.48401377,电影院,False,313,313,0.55029858,电影院,42,84,0.008374183,313
下学,下学,2,tencent_ai_lab_chinese_embedding_light_mirror_mvp,校园空间与路线,0.64502563,0.71713483,0.53686184,放学,False,314,314,0.62892419,放学,57,62,0.0083718649,314
干发,干发,2,tencent_ai_lab_chinese_embedding_light_mirror_mvp,校园外貌与信物,0.60454901,0.6370222,0.55583924,发梢,False,315,315,0.59806906,发梢,93,38,0.0083700147,315
耳后,耳后,2,tencent_ai_lab_chinese_embedding_light_mirror_mvp,校园外貌与信物,0.70652814,0.75412822,0.63512802,发梢,False,316,316,0.39158175,发梢,16,221,0.0083583068,316
停车,停车,2,tencent_ai_lab_chinese_embedding_light_mirror_mvp,校园日常互动,0.49908235,0.5976094,0.35129178,等车,False,317,317,0.59814026,等车,81,44,0.0083537916,317
终点站,终点站,3,tencent_ai_lab_chinese_embedding_light_mirror_mvp,校园空间与路线,0.66160209,0.74436975,0.53745061,公交站,False,318,318,0.59601107,广播站,41,87,0.0083518556,318
车后,车后,2,tencent_ai_lab_chinese_embedding_light_mirror_mvp,校园日常互动,0.51748998,0.60286194,0.38943204,等车,False,319,319,0.55040941,等车,51,70,0.0083506584,319
客车,客车,2,tencent_ai_lab_chinese_embedding_light_mirror_mvp,校园日常互动,0.49653311,0.6030131,0.33681312,等车,False,320,320,0.60068185,等车,85,42,0.0083502366,320
红唇,红唇,2,tencent_ai_lab_chinese_embedding_light_mirror_mvp,校园外貌与信物,0.58984671,0.60527849,0.56669903,酒窝,False,321,321,0.62751701,红脸,119,30,0.0083488516,321
白纸,白纸,2,tencent_ai_lab_chinese_embedding_light_mirror_mvp,纸面心意与暗号,0.65983222,0.67810011,0.63243037,纸条,False,322,322,0.65523732,纸条,53,68,0.0083310288,322
车前,车前,2,tencent_ai_lab_chinese_embedding_light_mirror_mvp,校园日常互动,0.52455972,0.60672331,0.40131435,等车,False,323,323,0.52410374,等车,40,91,0.0083112583,323
那纸,那纸,2,tencent_ai_lab_chinese_embedding_light_mirror_mvp,纸面心意与暗号,0.65486137,0.66919428,0.633362,信封,False,324,324,0.66463225,纸条,56,65,0.0083103448,324
花茶,花茶,2,tencent_ai_lab_chinese_embedding_light_mirror_mvp,约会物件与仪式,0.60691469,0.65205264,0.53920776,奶茶,False,325,325,0.6064175,奶茶,78,47,0.0082960856,325
红日,红日,2,tencent_ai_lab_chinese_embedding_light_mirror_mvp,青春感官与毕业,0.67527199,0.73503637,0.58562541,晚霞,False,326,326,0.40705982,晚霞,18,207,0.0082829156,326
西站,西站,2,tencent_ai_lab_chinese_embedding_light_mirror_mvp,校园空间与路线,0.64239781,0.72052312,0.52520984,公交站,False,327,327,0.63040757,公交站,62,60,0.0082650273,327
昏黄,昏黄,2,tencent_ai_lab_chinese_embedding_light_mirror_mvp,青春感官与毕业,0.63230083,0.67457998,0.56888211,晨光,False,328,328,0.49317237,晚霞,44,85,0.0082559682,328
烟雨,烟雨,2,tencent_ai_lab_chinese_embedding_light_mirror_mvp,青春感官与毕业,0.61051295,0.62324858,0.5914095,晚霞,False,329,329,0.55919557,雨伞,68,55,0.0082540761,329
头皮,头皮,2,tencent_ai_lab_chinese_embedding_light_mirror_mvp,校园外貌与信物,0.62211587,0.67132854,0.54829687,发梢,False,330,330,0.57016865,小皮筋,72,52,0.0082521645,330
元宵节,元宵节,3,tencent_ai_lab_chinese_embedding_light_mirror_mvp,约会物件与仪式,0.63122048,0.65526152,0.59515893,情人节,False,331,331,0.54005516,情人节,40,94,0.0082467532,331
中途下车,中途下车,4,tencent_ai_lab_chinese_embedding_light_mirror_mvp,校园日常互动,0.48029376,0.54092276,0.38935027,等车,False,332,332,0.62347492,等车,146,26,0.008241138,332
牛皮纸,牛皮纸,3,tencent_ai_lab_chinese_embedding_light_mirror_mvp,纸面心意与暗号,0.68515115,0.71337461,0.64281595,信封,False,333,333,0.57677938,纸条,35,108,0.0082393484,333
广播电台,广播电台,4,tencent_ai_lab_chinese_embedding_light_mirror_mvp,校园空间与路线,0.60246181,0.68576884,0.47750127,广播站,False,334,334,0.74177208,广播站,167,23,0.0082267396,334
灯火,灯火,2,tencent_ai_lab_chinese_embedding_light_mirror_mvp,青春感官与毕业,0.64023819,0.6720773,0.59247953,晚霞,False,335,335,0.4761484,晨光,35,109,0.0082217378,335
不舍,不舍,2,tencent_ai_lab_chinese_embedding_light_mirror_mvp,青春感官与毕业,0.60109011,0.68544769,0.47455373,离别,False,336,336,0.59128191,离别,89,43,0.0082100736,336
家信,家信,2,tencent_ai_lab_chinese_embedding_light_mirror_mvp,纸面心意与暗号,0.63221916,0.66815728,0.57831198,书信,False,337,337,0.69661506,书信,87,44,0.0082090529,337
柠檬茶,柠檬茶,3,tencent_ai_lab_chinese_embedding_light_mirror_mvp,约会物件与仪式,0.62009628,0.69078541,0.51406258,奶茶,False,338,338,0.5782298,奶茶,58,66,0.0082055421,338
三八妇女节,三八妇女节,5,tencent_ai_lab_chinese_embedding_light_mirror_mvp,约会物件与仪式,0.63953056,0.65880775,0.61061478,情人节,False,339,339,0.51611358,情人节,33,117,0.0082012028,339
结业,结业,2,tencent_ai_lab_chinese_embedding_light_mirror_mvp,青春感官与毕业,0.58593689,0.690485,0.42911473,毕业,False,340,340,0.62540784,毕业,125,31,0.0081972082,340
司机,司机,2,tencent_ai_lab_chinese_embedding_light_mirror_mvp,校园日常互动,0.52501373,0.5997529,0.41290498,等车,False,341,341,0.51293026,等车,39,99,0.0081951591,341
签上,签上,2,tencent_ai_lab_chinese_embedding_light_mirror_mvp,纸面心意与暗号,0.61601082,0.62977105,0.59537047,纸条,False,342,342,0.70447398,书签,108,36,0.0081845238,342
乘客,乘客,2,tencent_ai_lab_chinese_embedding_light_mirror_mvp,校园日常互动,0.51773534,0.59936458,0.39529148,等车,False,343,343,0.54025751,等车,49,79,0.0081842783,343
候车室,候车室,3,tencent_ai_lab_chinese_embedding_light_mirror_mvp,校园日常互动,0.50305625,0.57843041,0.38999501,等车,False,344,344,0.57742418,等车,68,57,0.0081797543,344
纸盒,纸盒,2,tencent_ai_lab_chinese_embedding_light_mirror_mvp,纸面心意与暗号,0.64285791,0.67064476,0.60117763,信封,False,345,345,0.67435937,纸条,68,57,0.0081797543,345
节礼,节礼,2,tencent_ai_lab_chinese_embedding_light_mirror_mvp,约会物件与仪式,0.54744132,0.5930301,0.47905815,礼物,False,346,346,0.67930181,礼物,237,17,0.0081770082,346
残阳,残阳,2,tencent_ai_lab_chinese_embedding_light_mirror_mvp,青春感官与毕业,0.6780147,0.73085505,0.59875417,晚霞,False,347,347,0.37117069,晨光,17,239,0.0081657473,347
好礼,好礼,2,tencent_ai_lab_chinese_embedding_light_mirror_mvp,约会物件与仪式,0.54941553,0.60055661,0.4727039,礼物,False,348,348,0.67652767,礼物,225,18,0.0081646424,348
星光,星光,2,tencent_ai_lab_chinese_embedding_light_mirror_mvp,青春感官与毕业,0.57832506,0.62163854,0.51335484,晨光,False,349,349,0.63462408,晨光,153,26,0.0081613713,349
节过,节过,2,tencent_ai_lab_chinese_embedding_light_mirror_mvp,约会物件与仪式,0.6216628,0.66677374,0.55399638,七夕,False,350,350,0.56740196,情人节,53,74,0.008156122,350
寄给,寄给,2,tencent_ai_lab_chinese_embedding_light_mirror_mvp,纸面心意与暗号,0.68072908,0.7029829,0.64734834,明信片,False,351,351,0.57679092,信封,37,107,0.0081486512,351
学习室,学习室,3,tencent_ai_lab_chinese_embedding_light_mirror_mvp,校园空间与路线,0.61452662,0.63596815,0.58236432,教室,False,352,352,0.70151986,教室,114,35,0.0081367211,352
考入,考入,2,tencent_ai_lab_chinese_embedding_light_mirror_mvp,青春感官与毕业,0.61329668,0.7512297,0.40639713,毕业,False,353,353,0.53088889,毕业,64,62,0.0081306187,353
山色,山色,2,tencent_ai_lab_chinese_embedding_light_mirror_mvp,青春感官与毕业,0.66213001,0.72421509,0.56900239,晚霞,False,354,354,0.43217258,晚霞,24,171,0.0081168831,354
楼梯,楼梯,2,tencent_ai_lab_chinese_embedding_light_mirror_mvp,校园空间与路线,0.68414097,0.73870051,0.60230166,走廊,False,355,355,0.53416071,走廊,33,123,0.0081085845,355
轻轨站,轻轨站,3,tencent_ai_lab_chinese_embedding_light_mirror_mvp,校园空间与路线,0.66341684,0.74710965,0.53787762,公交站,False,356,356,0.57670455,公交站,40,101,0.0081055901,356
车人,车人,2,tencent_ai_lab_chinese_embedding_light_mirror_mvp,校园日常互动,0.50676839,0.57298553,0.40744269,等车,False,357,357,0.55525539,等车,61,66,0.0081004854,357
有辆,有辆,2,tencent_ai_lab_chinese_embedding_light_mirror_mvp,校园日常互动,0.49638623,0.58323896,0.36610714,等车,False,358,358,0.59579259,等车,88,46,0.0080953595,358
文件袋,文件袋,3,tencent_ai_lab_chinese_embedding_light_mirror_mvp,纸面心意与暗号,0.70034833,0.73522925,0.64802694,信封,False,359,359,0.51345741,纸条,27,155,0.0080727078,359
归途,归途,2,tencent_ai_lab_chinese_embedding_light_mirror_mvp,青春感官与毕业,0.6141695,0.6576196,0.54899436,离别,False,360,360,0.52278304,离别,61,67,0.0080692393,360
校舍,校舍,2,tencent_ai_lab_chinese_embedding_light_mirror_mvp,校园空间与路线,0.61594653,0.63642585,0.58522755,教室,False,361,361,0.67541854,教室,106,39,0.0080625532,361
活动室,活动室,3,tencent_ai_lab_chinese_embedding_light_mirror_mvp,校园空间与路线,0.65222356,0.67626286,0.61616462,教室,False,362,362,0.59839666,教室,48,86,0.0080542872,362
南站,南站,2,tencent_ai_lab_chinese_embedding_light_mirror_mvp,校园空间与路线,0.63318503,0.70862186,0.52002978,公交站,False,363,363,0.63044572,广播站,70,59,0.0080478345,363
封口,封口,2,tencent_ai_lab_chinese_embedding_light_mirror_mvp,纸面心意与暗号,0.6380479,0.68286926,0.57081586,信封,False,364,364,0.67779018,信封,77,54,0.0080355999,364
秋意,秋意,2,tencent_ai_lab_chinese_embedding_light_mirror_mvp,青春感官与毕业,0.665505,0.69863391,0.61581165,晚霞,False,365,365,0.42062589,蝉鸣,23,189,0.0080321285,365
东站,东站,2,tencent_ai_lab_chinese_embedding_light_mirror_mvp,校园空间与路线,0.64839597,0.73452723,0.51919907,公交站,False,366,366,0.60459087,广播站,51,82,0.0080256313,366
地铁口,地铁口,3,tencent_ai_lab_chinese_embedding_light_mirror_mvp,校园空间与路线,0.68396964,0.75474608,0.57780498,公交站,False,367,367,0.53082849,公交站,34,125,0.0080218516,367
档案袋,档案袋,3,tencent_ai_lab_chinese_embedding_light_mirror_mvp,纸面心意与暗号,0.70750062,0.73504484,0.66618431,信封,False,368,368,0.49020538,纸条,25,178,0.0079831933,368
蓬松,蓬松,2,tencent_ai_lab_chinese_embedding_light_mirror_mvp,校园外貌与信物,0.66564929,0.67239738,0.65552717,发梢,False,369,369,0.44783429,发梢,36,121,0.0079707643,369
映着,映着,2,tencent_ai_lab_chinese_embedding_light_mirror_mvp,青春感官与毕业,0.6379307,0.68596375,0.56588113,晚霞,False,370,370,0.47310836,毕业,38,115,0.0079591837,370
封好,封好,2,tencent_ai_lab_chinese_embedding_light_mirror_mvp,纸面心意与暗号,0.64282632,0.67892981,0.58867109,信封,False,371,371,0.66485797,信封,69,63,0.0079410096,371
艳阳,艳阳,2,tencent_ai_lab_chinese_embedding_light_mirror_mvp,青春感官与毕业,0.61187627,0.65029991,0.55424082,晚霞,False,372,372,0.52464373,晚霞,67,65,0.0079370079,372
册子,册子,2,tencent_ai_lab_chinese_embedding_light_mirror_mvp,纸面心意与暗号,0.6665359,0.67751241,0.65007114,信封,False,373,373,0.59562068,书信,48,92,0.0079191033,373
写给,写给,2,tencent_ai_lab_chinese_embedding_light_mirror_mvp,纸面心意与暗号,0.67912166,0.69498897,0.6553207,情书,False,374,374,0.56390874,书信,39,115,0.0079076479,374
信要,信要,2,tencent_ai_lab_chinese_embedding_light_mirror_mvp,纸面心意与暗号,0.59953825,0.62255144,0.56501848,书信,False,375,375,0.70840211,书信,138,33,0.0079015966,375
圣诞,圣诞,2,tencent_ai_lab_chinese_embedding_light_mirror_mvp,约会物件与仪式,0.63393211,0.6614871,0.59259963,情人节,False,376,376,0.51082358,礼物,37,123,0.0078868796,376
绑带,绑带,2,tencent_ai_lab_chinese_embedding_light_mirror_mvp,校园外貌与信物,0.64562147,0.67010617,0.60889441,纽扣,False,377,377,0.47401394,发卡,46,98,0.0078815381,377
送过,送过,2,tencent_ai_lab_chinese_embedding_light_mirror_mvp,约会物件与仪式,0.59795194,0.63980579,0.53517115,礼物,False,378,378,0.59617971,礼物,85,53,0.0078730546,378
紫罗兰,紫罗兰,3,tencent_ai_lab_chinese_embedding_light_mirror_mvp,约会物件与仪式,0.64771916,0.75097191,0.49284002,玫瑰,False,379,379,0.43938277,玫瑰,26,183,0.0078715667,379
海洋馆,海洋馆,3,tencent_ai_lab_chinese_embedding_light_mirror_mvp,约会物件与仪式,0.65088789,0.73173261,0.52962083,游乐园,False,380,380,0.38423991,纪念日,22,222,0.0078706106,380
茉莉,茉莉,2,tencent_ai_lab_chinese_embedding_light_mirror_mvp,约会物件与仪式,0.63473902,0.72548956,0.49861321,玫瑰,False,381,381,0.50677156,玫瑰,36,129,0.007853836,381
这车,这车,2,tencent_ai_lab_chinese_embedding_light_mirror_mvp,校园日常互动,0.47014346,0.54755193,0.35403076,等车,False,382,382,0.62347541,等车,194,25,0.0078508569,382
三周年,三周年,3,tencent_ai_lab_chinese_embedding_light_mirror_mvp,约会物件与仪式,0.64392747,0.68436283,0.58327442,纪念日,False,383,383,0.44274071,纪念日,28,173,0.0078277409,383
站路,站路,2,tencent_ai_lab_chinese_embedding_light_mirror_mvp,校园空间与路线,0.62607218,0.69794494,0.51826304,公交站,False,384,384,0.64269073,公交站,87,53,0.0078261393,384
车停,车停,2,tencent_ai_lab_chinese_embedding_light_mirror_mvp,校园日常互动,0.49648982,0.58515942,0.36348543,等车,False,385,385,0.58340397,等车,87,53,0.0078261393,385
文书,文书,2,tencent_ai_lab_chinese_embedding_light_mirror_mvp,纸面心意与暗号,0.63465486,0.67404103,0.57557559,书信,False,386,386,0.67710197,书信,84,55,0.0078200483,386
轿车,轿车,2,tencent_ai_lab_chinese_embedding_light_mirror_mvp,校园日常互动,0.49575847,0.60400903,0.33338264,等车,False,387,387,0.58376491,等车,89,52,0.0078199904,387
六一,六一,2,tencent_ai_lab_chinese_embedding_light_mirror_mvp,约会物件与仪式,0.64249854,0.68420911,0.57993269,七夕,False,388,388,0.46471723,七夕,30,161,0.007817999,388
纸笔,纸笔,2,tencent_ai_lab_chinese_embedding_light_mirror_mvp,纸面心意与暗号,0.6054482,0.61338735,0.59353948,纸条,False,389,389,0.70403057,纸条,128,37,0.0078142136,389
国庆节,国庆节,3,tencent_ai_lab_chinese_embedding_light_mirror_mvp,约会物件与仪式,0.61533091,0.63362873,0.58788419,情人节,False,390,390,0.57083423,纪念日,67,69,0.0078129769,390
进站,进站,2,tencent_ai_lab_chinese_embedding_light_mirror_mvp,校园日常互动,0.50972433,0.59407711,0.38319516,等车,False,391,391,0.53709643,等车,56,83,0.0078068483,391
车窗,车窗,2,tencent_ai_lab_chinese_embedding_light_mirror_mvp,校园日常互动,0.52420332,0.61903971,0.38194874,等车,False,392,392,0.49452118,等车,41,116,0.0077914041,392
时送,时送,2,tencent_ai_lab_chinese_embedding_light_mirror_mvp,约会物件与仪式,0.60713499,0.65447044,0.5361318,礼物,False,393,393,0.5821388,礼物,75,63,0.0077687444,393
车门,车门,2,tencent_ai_lab_chinese_embedding_light_mirror_mvp,校园日常互动,0.52544577,0.62344444,0.37844777,等车,False,394,394,0.47794502,等车,38,128,0.0077616153,394
破晓,破晓,2,tencent_ai_lab_chinese_embedding_light_mirror_mvp,青春感官与毕业,0.64235995,0.68680549,0.57569164,晨光,False,395,395,0.45011893,离别,34,146,0.0077463334,395
图书,图书,2,tencent_ai_lab_chinese_embedding_light_mirror_mvp,校园空间与路线,0.59090521,0.65402073,0.49623194,图书馆,False,396,396,0.73242095,图书馆,219,24,0.0077444956,396
主题公园,主题公园,4,tencent_ai_lab_chinese_embedding_light_mirror_mvp,约会物件与仪式,0.62309844,0.6972959,0.51180226,游乐园,False,397,397,0.53980401,游乐园,51,95,0.007730311,397
过道,过道,2,tencent_ai_lab_chinese_embedding_light_mirror_mvp,校园空间与路线,0.68500471,0.7439785,0.59654403,走廊,False,398,398,0.49725806,林荫道,32,158,0.0077283606,398
电铃,电铃,2,tencent_ai_lab_chinese_embedding_light_mirror_mvp,青春感官与毕业,0.56023349,0.63457584,0.44871995,铃声,False,399,399,0.6502406,铃声,234,23,0.0077247767,399
油纸伞,油纸伞,3,tencent_ai_lab_chinese_embedding_light_mirror_mvp,青春感官与毕业,0.58010861,0.63890904,0.49190795,雨伞,False,400,400,0.6147768,雨伞,148,34,0.0077229951,400
暖阳,暖阳,2,tencent_ai_lab_chinese_embedding_light_mirror_mvp,青春感官与毕业,0.63663483,0.66313112,0.59689039,晚霞,False,401,401,0.46072286,晨光,39,128,0.0077100795,401
皂片,皂片,2,tencent_ai_lab_chinese_embedding_light_mirror_mvp,校园日常互动,0.5404229,0.63750511,0.39479959,合照,False,402,402,0.33885325,讲题,26,206,0.0076936527,402
出操,出操,2,tencent_ai_lab_chinese_embedding_light_mirror_mvp,校园日常互动,0.52883621,0.59172428,0.43450412,值日,False,403,403,0.44283338,留座,32,162,0.0076870349,403
辆车,辆车,2,tencent_ai_lab_chinese_embedding_light_mirror_mvp,校园日常互动,0.47455478,0.56423879,0.34002876,等车,False,404,404,0.61908513,等车,176,30,0.0076741996,404
小吃店,小吃店,3,tencent_ai_lab_chinese_embedding_light_mirror_mvp,校园空间与路线,0.64028909,0.6953851,0.55764508,小卖部,False,405,405,0.60740757,小卖部,65,77,0.007649635,405
本科,本科,2,tencent_ai_lab_chinese_embedding_light_mirror_mvp,青春感官与毕业,0.59420127,0.75094533,0.35908517,毕业,False,406,406,0.58107053,毕业,106,48,0.0076416778,406
鸟叫声,鸟叫声,3,tencent_ai_lab_chinese_embedding_light_mirror_mvp,青春感官与毕业,0.59243364,0.61573768,0.55747759,铃声,False,407,407,0.58207377,蝉鸣,109,47,0.0076314771,407
远望,远望,2,tencent_ai_lab_chinese_embedding_light_mirror_mvp,青春感官与毕业,0.60702311,0.64648098,0.5478363,晚霞,False,408,408,0.52656641,离别,79,64,0.0076293804,408
系上,系上,2,tencent_ai_lab_chinese_embedding_light_mirror_mvp,校园外貌与信物,0.63447238,0.67984694,0.56641054,纽扣,False,409,409,0.48254503,发卡,59,86,0.0076263382,409
乱发,乱发,2,tencent_ai_lab_chinese_embedding_light_mirror_mvp,校园外貌与信物,0.57778053,0.59319949,0.55465209,发梢,False,410,410,0.60539777,发卡,152,35,0.0076216485,410
领子,领子,2,tencent_ai_lab_chinese_embedding_light_mirror_mvp,校园外貌与信物,0.66354406,0.70483375,0.60160953,纽扣,False,411,411,0.44579663,发梢,40,131,0.007617801,411
明月,明月,2,tencent_ai_lab_chinese_embedding_light_mirror_mvp,青春感官与毕业,0.65134698,0.6884914,0.59563035,晚霞,False,412,412,0.41308592,晨光,28,199,0.0076123201,412
场地,场地,2,tencent_ai_lab_chinese_embedding_light_mirror_mvp,校园空间与路线,0.59986187,0.61105925,0.58306581,体育馆,False,413,413,0.70848632,操场,177,31,0.0076042101,413
书本,书本,2,tencent_ai_lab_chinese_embedding_light_mirror_mvp,纸面心意与暗号,0.60108795,0.61954308,0.57340527,日记本,False,414,414,0.701819,书信,136,39,0.0076015255,414
教舍,教舍,2,tencent_ai_lab_chinese_embedding_light_mirror_mvp,校园空间与路线,0.58905938,0.61714005,0.54693836,教室,False,415,415,0.7303597,教室,231,25,0.007600566,415
校报,校报,2,tencent_ai_lab_chinese_embedding_light_mirror_mvp,校园空间与路线,0.66531047,0.72212631,0.58008671,广播站,False,416,416,0.50922202,放学,37,145,0.0075936636,416
长途汽车站,长途汽车站,5,tencent_ai_lab_chinese_embedding_light_mirror_mvp,校园空间与路线,0.64777522,0.71550143,0.54618591,公交站,False,417,417,0.58240902,公交站,53,98,0.0075893357,417
送来,送来,2,tencent_ai_lab_chinese_embedding_light_mirror_mvp,约会物件与仪式,0.56713572,0.63813585,0.46063551,礼物,False,418,418,0.6238778,礼物,161,34,0.0075815924,418
老脸,老脸,2,tencent_ai_lab_chinese_embedding_light_mirror_mvp,校园外貌与信物,0.55851661,0.62911391,0.45262066,红脸,False,419,419,0.63483752,红脸,224,26,0.0075745169,419
洗发,洗发,2,tencent_ai_lab_chinese_embedding_light_mirror_mvp,校园外貌与信物,0.59596075,0.64175481,0.52726966,发梢,False,420,420,0.5829026,发梢,110,48,0.0075708061,420
大礼,大礼,2,tencent_ai_lab_chinese_embedding_light_mirror_mvp,约会物件与仪式,0.56208968,0.62799746,0.46322802,礼物,False,421,421,0.6295269,礼物,181,31,0.0075691943,421
车会,车会,2,tencent_ai_lab_chinese_embedding_light_mirror_mvp,校园日常互动,0.4783265,0.57248032,0.33709577,等车,False,422,422,0.61204042,等车,157,35,0.0075673054,422
礼袋,礼袋,2,tencent_ai_lab_chinese_embedding_light_mirror_mvp,约会物件与仪式,0.56769415,0.61517084,0.49647912,礼物,False,423,423,0.62375124,礼物,158,35,0.0075567359,423
大礼包,大礼包,3,tencent_ai_lab_chinese_embedding_light_mirror_mvp,约会物件与仪式,0.55748661,0.61199629,0.47572207,礼物,False,424,424,0.63757851,礼物,198,29,0.007555962,424
停车场,停车场,3,tencent_ai_lab_chinese_embedding_light_mirror_mvp,校园空间与路线,0.64671004,0.68670177,0.58672243,公交站,False,425,425,0.5840151,篮球场,55,96,0.0075529543,425
黑夜,黑夜,2,tencent_ai_lab_chinese_embedding_light_mirror_mvp,青春感官与毕业,0.62412391,0.64460742,0.59339863,晨光,False,426,426,0.48453771,晨光,55,96,0.0075529543,426
奶油,奶油,2,tencent_ai_lab_chinese_embedding_light_mirror_mvp,约会物件与仪式,0.57710214,0.61521995,0.51992542,奶茶,False,427,427,0.61417778,奶茶,129,42,0.0075474634,427
眉眼,眉眼,2,tencent_ai_lab_chinese_embedding_light_mirror_mvp,校园外貌与信物,0.64170072,0.68038487,0.58367449,酒窝,False,428,428,0.46352588,红脸,50,107,0.0075394665,428
奶味,奶味,2,tencent_ai_lab_chinese_embedding_light_mirror_mvp,约会物件与仪式,0.56823692,0.64470857,0.45352945,奶茶,False,429,429,0.62365818,奶茶,155,36,0.0075339147,429
端午,端午,2,tencent_ai_lab_chinese_embedding_light_mirror_mvp,约会物件与仪式,0.63614676,0.70941007,0.52625179,七夕,False,430,430,0.45979885,纪念日,34,166,0.0075315383,430
愁绪,愁绪,2,tencent_ai_lab_chinese_embedding_light_mirror_mvp,青春感官与毕业,0.63118205,0.6951201,0.53527498,离别,False,431,431,0.47358637,离别,48,113,0.007519803,431
扎成,扎成,2,tencent_ai_lab_chinese_embedding_light_mirror_mvp,校园外貌与信物,0.67060993,0.72676539,0.58637673,马尾,False,432,432,0.40585704,酒窝,30,197,0.0075010808,432
护发素,护发素,3,tencent_ai_lab_chinese_embedding_light_mirror_mvp,校园外貌与信物,0.60621531,0.64055562,0.55470484,发梢,False,433,433,0.54919163,发梢,90,60,0.0075,433
衣领,衣领,2,tencent_ai_lab_chinese_embedding_light_mirror_mvp,校园外貌与信物,0.62124636,0.65685523,0.56783307,纽扣,False,434,434,0.50217278,校服,73,74,0.0074907418,434
柔顺,柔顺,2,tencent_ai_lab_chinese_embedding_light_mirror_mvp,校园外貌与信物,0.67249697,0.71679157,0.60605508,发梢,False,435,435,0.38787224,发梢,27,227,0.0074892867,435
云朵,云朵,2,tencent_ai_lab_chinese_embedding_light_mirror_mvp,青春感官与毕业,0.63309792,0.67314941,0.5730207,晚霞,False,436,436,0.45565051,晨光,41,137,0.0074885661,436
坐进,坐进,2,tencent_ai_lab_chinese_embedding_light_mirror_mvp,校园日常互动,0.47848483,0.54603696,0.37715665,等车,False,437,437,0.60872719,留座,155,37,0.0074802206,437
鲜奶,鲜奶,2,tencent_ai_lab_chinese_embedding_light_mirror_mvp,约会物件与仪式,0.58938327,0.66188842,0.48062554,奶茶,False,438,438,0.59379339,奶茶,102,54,0.0074723847,438
元旦,元旦,2,tencent_ai_lab_chinese_embedding_light_mirror_mvp,约会物件与仪式,0.62896963,0.66228527,0.57899618,情人节,False,439,439,0.50894214,七夕,45,126,0.0074500768,439
春节,春节,2,tencent_ai_lab_chinese_embedding_light_mirror_mvp,约会物件与仪式,0.61559467,0.6585803,0.55111623,情人节,False,440,440,0.54871805,情人节,65,85,0.0074482759,440
路口,路口,2,tencent_ai_lab_chinese_embedding_light_mirror_mvp,校园空间与路线,0.67800369,0.73710012,0.58935905,公交站,False,441,441,0.48336391,走廊,35,169,0.007446564,441
甜品,甜品,2,tencent_ai_lab_chinese_embedding_light_mirror_mvp,约会物件与仪式,0.62951326,0.68633616,0.54427892,奶茶,False,442,442,0.50527201,奶茶,44,130,0.0074392713,442
如画,如画,2,tencent_ai_lab_chinese_embedding_light_mirror_mvp,青春感官与毕业,0.64767821,0.69987726,0.56937963,晚霞,False,443,443,0.41972656,毕业,32,190,0.0074347826,443
送你,送你,2,tencent_ai_lab_chinese_embedding_light_mirror_mvp,约会物件与仪式,0.59270549,0.63628626,0.52733433,礼物,False,444,444,0.58578502,礼物,92,61,0.0074217051,444
书房,书房,2,tencent_ai_lab_chinese_embedding_light_mirror_mvp,校园空间与路线,0.59772635,0.61306727,0.57471496,走廊,False,445,445,0.70607595,图书馆,185,33,0.0074171604,445
响了,响了,2,tencent_ai_lab_chinese_embedding_light_mirror_mvp,青春感官与毕业,0.5992999,0.68908101,0.46462822,铃声,False,446,446,0.53607112,铃声,94,60,0.0074134199,446
车中,车中,2,tencent_ai_lab_chinese_embedding_light_mirror_mvp,校园日常互动,0.48052768,0.57270628,0.34225976,等车,False,447,447,0.60069882,等车,145,41,0.0073895194,447
雨落,雨落,2,tencent_ai_lab_chinese_embedding_light_mirror_mvp,青春感官与毕业,0.55763199,0.56482959,0.5468356,晚霞,False,448,448,0.63250053,雨伞,248,27,0.0073705031,448
彩铃,彩铃,2,tencent_ai_lab_chinese_embedding_light_mirror_mvp,青春感官与毕业,0.55939275,0.66875768,0.39534536,铃声,False,449,449,0.62957739,铃声,237,28,0.0073653199,449
当班,当班,2,tencent_ai_lab_chinese_embedding_light_mirror_mvp,校园日常互动,0.51083307,0.55204731,0.44901171,值日,False,450,450,0.50345329,值日,55,106,0.0073598743,450
寸头,寸头,2,tencent_ai_lab_chinese_embedding_light_mirror_mvp,校园外貌与信物,0.63127108,0.65847123,0.59047085,刘海,False,451,451,0.47826595,发梢,63,92,0.0073545143,451
卡片,卡片,2,tencent_ai_lab_chinese_embedding_light_mirror_mvp,纸面心意与暗号,0.66252106,0.68232864,0.6328097,纸条,False,452,452,0.56107575,明信片,51,116,0.0073454136,452
车下,车下,2,tencent_ai_lab_chinese_embedding_light_mirror_mvp,校园日常互动,0.47812942,0.54590595,0.37646464,等车,False,453,453,0.60608406,等车,158,39,0.007344083,453
面包车,面包车,3,tencent_ai_lab_chinese_embedding_light_mirror_mvp,校园日常互动,0.51947351,0.60368371,0.3931582,等车,False,454,454,0.47407515,等车,46,132,0.0073211478,454
前额,前额,2,tencent_ai_lab_chinese_embedding_light_mirror_mvp,校园外貌与信物,0.65314797,0.68111581,0.61119622,发梢,False,455,455,0.4382045,发卡,43,143,0.0073174231,455
这张,这张,2,tencent_ai_lab_chinese_embedding_light_mirror_mvp,校园日常互动,0.50887407,0.59175164,0.38455772,合照,False,456,456,0.50493689,合照,57,105,0.0073038073,456
系带,系带,2,tencent_ai_lab_chinese_embedding_light_mirror_mvp,校园外貌与信物,0.64715257,0.68306386,0.59328562,纽扣,False,457,457,0.43852942,发卡,44,142,0.0072829398,457
国书,国书,2,tencent_ai_lab_chinese_embedding_light_mirror_mvp,纸面心意与暗号,0.63667874,0.68510258,0.56404299,书信,False,458,458,0.63249674,书信,79,76,0.0072735929,458
硕士,硕士,2,tencent_ai_lab_chinese_embedding_light_mirror_mvp,青春感官与毕业,0.58061327,0.73149276,0.35429403,毕业,False,459,459,0.59000424,毕业,141,45,0.007249467,459
五官,五官,2,tencent_ai_lab_chinese_embedding_light_mirror_mvp,校园外貌与信物,0.62488298,0.63633335,0.60770744,酒窝,False,460,460,0.47826941,红脸,67,91,0.0072482662,460
佳节,佳节,2,tencent_ai_lab_chinese_embedding_light_mirror_mvp,约会物件与仪式,0.59457353,0.61143273,0.56928474,七夕,False,461,461,0.57220169,情人节,90,68,0.0072395833,461
公车,公车,2,tencent_ai_lab_chinese_embedding_light_mirror_mvp,校园空间与路线,0.61103909,0.66988432,0.52277124,公交站,False,462,462,0.65709107,公交站,132,48,0.0072337963,462
超市,超市,2,tencent_ai_lab_chinese_embedding_light_mirror_mvp,校园空间与路线,0.6748848,0.7436856,0.57168359,小卖部,False,463,463,0.46770818,操场,36,187,0.0072326248,463
洒下,洒下,2,tencent_ai_lab_chinese_embedding_light_mirror_mvp,青春感官与毕业,0.60941019,0.64594924,0.55460161,晨光,False,464,464,0.49070486,毕业,69,89,0.0072316737,464
好车,好车,2,tencent_ai_lab_chinese_embedding_light_mirror_mvp,校园日常互动,0.48993767,0.58287024,0.35053882,等车,False,465,465,0.57705774,等车,108,58,0.0072134786,465
小组长,小组长,3,tencent_ai_lab_chinese_embedding_light_mirror_mvp,校园日常互动,0.52551112,0.57733846,0.44777012,值日,False,466,466,0.41472858,同桌,37,183,0.0072122523,466
睫毛,睫毛,2,tencent_ai_lab_chinese_embedding_light_mirror_mvp,校园外貌与信物,0.63492287,0.66849405,0.58456612,发梢,False,467,467,0.46191357,发梢,58,109,0.007195868,467
楼道,楼道,2,tencent_ai_lab_chinese_embedding_light_mirror_mvp,校园空间与路线,0.64773561,0.6588307,0.63109297,走廊,False,468,468,0.54191196,林荫道,54,118,0.0071949537,468
硬纸,硬纸,2,tencent_ai_lab_chinese_embedding_light_mirror_mvp,纸面心意与暗号,0.61665442,0.63123262,0.59478712,信封,False,469,469,0.67050722,纸条,106,60,0.0071787149,469
硕士学位,硕士学位,4,tencent_ai_lab_chinese_embedding_light_mirror_mvp,青春感官与毕业,0.58585441,0.74206811,0.35153386,毕业,False,470,470,0.57089508,毕业,127,51,0.0071783013,470
篮球赛,篮球赛,3,tencent_ai_lab_chinese_embedding_light_mirror_mvp,校园空间与路线,0.58932724,0.60064375,0.57235247,体育馆,False,471,471,0.70626655,篮球场,227,32,0.0071769429,471
开走,开走,2,tencent_ai_lab_chinese_embedding_light_mirror_mvp,校园日常互动,0.52069807,0.60709947,0.39109597,等车,False,472,472,0.45326431,等车,43,156,0.0071691837,472
眉毛,眉毛,2,tencent_ai_lab_chinese_embedding_light_mirror_mvp,校园外貌与信物,0.60840288,0.62654489,0.58118987,刘海,False,473,473,0.50493513,发梢,88,72,0.0071662572,473
新华书店,新华书店,4,tencent_ai_lab_chinese_embedding_light_mirror_mvp,校园空间与路线,0.62284652,0.66316968,0.56236178,图书馆,False,474,474,0.62313762,图书馆,92,69,0.0071654427,474
送人,送人,2,tencent_ai_lab_chinese_embedding_light_mirror_mvp,约会物件与仪式,0.56370162,0.62809539,0.46711096,礼物,False,475,475,0.61880236,礼物,173,40,0.0071459227,475
别后,别后,2,tencent_ai_lab_chinese_embedding_light_mirror_mvp,青春感官与毕业,0.56658496,0.63863277,0.45851323,离别,False,476,476,0.61311784,离别,206,35,0.0071428571,476
送个,送个,2,tencent_ai_lab_chinese_embedding_light_mirror_mvp,约会物件与仪式,0.5894141,0.63120413,0.52672905,礼物,False,477,477,0.57945579,礼物,101,64,0.0071378481,477
菜场,菜场,2,tencent_ai_lab_chinese_embedding_light_mirror_mvp,校园空间与路线,0.60005813,0.63427246,0.54873663,小卖部,False,478,478,0.67425766,操场,174,40,0.0071367521,478
一辆,一辆,2,tencent_ai_lab_chinese_embedding_light_mirror_mvp,校园日常互动,0.49076045,0.58044994,0.35622621,等车,False,479,479,0.56583197,等车,105,62,0.0071286637,479
私家车,私家车,3,tencent_ai_lab_chinese_embedding_light_mirror_mvp,校园日常互动,0.50098295,0.59712744,0.35676622,等车,False,480,480,0.53454527,等车,75,86,0.0071283612,480
端午节,端午节,3,tencent_ai_lab_chinese_embedding_light_mirror_mvp,约会物件与仪式,0.62074053,0.65984607,0.56208223,七夕,False,481,481,0.51363033,纪念日,55,120,0.0071256039,481
忌日,忌日,2,tencent_ai_lab_chinese_embedding_light_mirror_mvp,约会物件与仪式,0.61048734,0.6373533,0.5701884,纪念日,False,482,482,0.54309601,纪念日,71,92,0.0071062676,482
学生会,学生会,3,tencent_ai_lab_chinese_embedding_light_mirror_mvp,校园空间与路线,0.64576855,0.67821026,0.59710598,广播站,False,483,483,0.53829435,教室,56,119,0.0071036409,483
洗头发,洗头发,3,tencent_ai_lab_chinese_embedding_light_mirror_mvp,校园外貌与信物,0.59908166,0.62766445,0.55620748,发梢,False,484,484,0.52926078,发梢,105,63,0.0070953437,484
总站,总站,2,tencent_ai_lab_chinese_embedding_light_mirror_mvp,校园空间与路线,0.61370903,0.70022291,0.48393822,公交站,False,485,485,0.63801327,广播站,122,55,0.0070950788,485
办公室,办公室,3,tencent_ai_lab_chinese_embedding_light_mirror_mvp,校园空间与路线,0.6220095,0.630979,0.60855526,教室,False,486,486,0.62248859,教室,94,70,0.0070929071,486
额头,额头,2,tencent_ai_lab_chinese_embedding_light_mirror_mvp,校园外貌与信物,0.61207738,0.6374656,0.57399505,刘海,False,487,487,0.48758161,发梢,81,81,0.0070921986,487
大卷,大卷,2,tencent_ai_lab_chinese_embedding_light_mirror_mvp,校园外貌与信物,0.66870074,0.68486536,0.64445382,刘海,False,488,488,0.38228801,马尾,33,235,0.0070712593,488
纸盒子,纸盒子,3,tencent_ai_lab_chinese_embedding_light_mirror_mvp,纸面心意与暗号,0.62979529,0.6566503,0.58951277,信封,False,489,489,0.651024,纸条,94,71,0.0070635471,489
花语,花语,2,tencent_ai_lab_chinese_embedding_light_mirror_mvp,约会物件与仪式,0.58433753,0.66648483,0.46111658,玫瑰,False,490,490,0.58794558,花束,113,60,0.0070568401,490
开车回家,开车回家,4,tencent_ai_lab_chinese_embedding_light_mirror_mvp,校园日常互动,0.4952179,0.57174492,0.38042736,等车,False,491,491,0.54520727,等车,92,73,0.0070488722,491
火车,火车,2,tencent_ai_lab_chinese_embedding_light_mirror_mvp,校园日常互动,0.50106592,0.57027555,0.39725149,等车,False,492,492,0.52320448,等车,73,92,0.0070488722,492
几辆车,几辆车,3,tencent_ai_lab_chinese_embedding_light_mirror_mvp,校园日常互动,0.49067436,0.57348883,0.36645266,等车,False,493,493,0.55665958,等车,106,64,0.0070443063,493
雨雾,雨雾,2,tencent_ai_lab_chinese_embedding_light_mirror_mvp,青春感官与毕业,0.56518636,0.58228505,0.53953832,晨光,False,494,494,0.61054348,雨伞,213,36,0.0070398352,494
校外,校外,2,tencent_ai_lab_chinese_embedding_light_mirror_mvp,校园空间与路线,0.64243913,0.65607882,0.62197959,教室,False,495,495,0.55093147,教室,61,112,0.0070392081,495
日历,日历,2,tencent_ai_lab_chinese_embedding_light_mirror_mvp,纸面心意与暗号,0.63907011,0.65856671,0.60982519,书签,False,496,496,0.60039949,日记本,75,90,0.007037037,496
二楼,二楼,2,tencent_ai_lab_chinese_embedding_light_mirror_mvp,校园空间与路线,0.65929029,0.68218303,0.62495118,走廊,False,497,497,0.4866583,教室,44,165,0.0070299145,497
豆奶,豆奶,2,tencent_ai_lab_chinese_embedding_light_mirror_mvp,约会物件与仪式,0.57400249,0.66221559,0.44168285,奶茶,False,498,498,0.60130025,奶茶,138,51,0.007029757,498
春色,春色,2,tencent_ai_lab_chinese_embedding_light_mirror_mvp,青春感官与毕业,0.62886761,0.65967125,0.58266217,晚霞,False,499,499,0.45714372,晨光,52,135,0.0070283883,499
姹紫嫣红,姹紫嫣红,4,tencent_ai_lab_chinese_embedding_light_mirror_mvp,青春感官与毕业,0.60839698,0.65416455,0.53974563,晚霞,False,500,500,0.48940222,晚霞,73,93,0.0070273724,500
会议室,会议室,3,tencent_ai_lab_chinese_embedding_light_mirror_mvp,校园空间与路线,0.61481357,0.62304747,0.60246271,走廊,False,501,501,0.63031698,教室,113,61,0.0070224048,501
车辆,车辆,2,tencent_ai_lab_chinese_embedding_light_mirror_mvp,校园日常互动,0.46918716,0.56700367,0.32246241,等车,False,502,502,0.60729924,等车,201,38,0.0070177496,502
收车,收车,2,tencent_ai_lab_chinese_embedding_light_mirror_mvp,校园日常互动,0.47217311,0.56556833,0.33208027,等车,False,503,503,0.60508728,等车,188,40,0.007016129,503
绿茶,绿茶,2,tencent_ai_lab_chinese_embedding_light_mirror_mvp,约会物件与仪式,0.56674913,0.62008357,0.48674747,奶茶,False,504,504,0.60996029,奶茶,162,45,0.007014157,504
照片分享,照片分享,4,tencent_ai_lab_chinese_embedding_light_mirror_mvp,校园日常互动,0.49431859,0.5698058,0.38108778,合照,False,505,505,0.54681053,合照,95,72,0.0070136852,505
染发,染发,2,tencent_ai_lab_chinese_embedding_light_mirror_mvp,校园外貌与信物,0.5747615,0.58480185,0.55970097,刘海,False,506,506,0.58616149,发梢,163,45,0.0070040572,506
一沓,一沓,2,tencent_ai_lab_chinese_embedding_light_mirror_mvp,纸面心意与暗号,0.67916793,0.70486158,0.64062744,信封,False,507,507,0.46405671,书信,38,205,0.0069888333,507
光亮,光亮,2,tencent_ai_lab_chinese_embedding_light_mirror_mvp,青春感官与毕业,0.56803954,0.61554801,0.49677682,晨光,False,508,508,0.60689744,晨光,199,39,0.006981007,508
饭堂,饭堂,2,tencent_ai_lab_chinese_embedding_light_mirror_mvp,校园空间与路线,0.66472435,0.67695391,0.64638001,教室,False,509,509,0.44408528,操场,38,207,0.0069747,509
笔记,笔记,2,tencent_ai_lab_chinese_embedding_light_mirror_mvp,纸面心意与暗号,0.63647954,0.67478585,0.57902008,日记本,False,510,510,0.60514688,日记本,80,87,0.0069727891,510
字迹,字迹,2,tencent_ai_lab_chinese_embedding_light_mirror_mvp,纸面心意与暗号,0.6498538,0.66002119,0.63460273,纸条,False,511,511,0.56720121,书签,63,112,0.0069720174,511
就职,就职,2,tencent_ai_lab_chinese_embedding_light_mirror_mvp,青春感官与毕业,0.5663829,0.68474072,0.38884616,毕业,False,512,512,0.60873365,毕业,208,38,0.0069677125,512
求救信,求救信,3,tencent_ai_lab_chinese_embedding_light_mirror_mvp,纸面心意与暗号,0.64301137,0.65211135,0.62936139,书信,False,513,513,0.57904589,书信,67,105,0.0069673109,513
蓬乱,蓬乱,2,tencent_ai_lab_chinese_embedding_light_mirror_mvp,校园外貌与信物,0.64516964,0.67043304,0.60727453,发梢,False,514,514,0.42578088,发梢,47,159,0.0069560022,514
留校,留校,2,tencent_ai_lab_chinese_embedding_light_mirror_mvp,青春感官与毕业,0.56831681,0.67722321,0.40495721,毕业,False,515,515,0.60334156,毕业,197,40,0.0069455253,515
眼睫毛,眼睫毛,3,tencent_ai_lab_chinese_embedding_light_mirror_mvp,校园外貌与信物,0.64298866,0.67413127,0.59627473,发梢,False,516,516,0.42659535,发梢,48,157,0.0069337771,516
月亮,月亮,2,tencent_ai_lab_chinese_embedding_light_mirror_mvp,青春感官与毕业,0.60071107,0.64331633,0.53680319,晚霞,False,517,517,0.50535601,晚霞,90,79,0.0069304556,517
遥望,遥望,2,tencent_ai_lab_chinese_embedding_light_mirror_mvp,青春感官与毕业,0.60940504,0.63582742,0.56977147,晚霞,False,518,518,0.4810853,离别,70,103,0.0069136385,518
小巷,小巷,2,tencent_ai_lab_chinese_embedding_light_mirror_mvp,校园空间与路线,0.65205696,0.69243777,0.59148574,林荫道,False,519,519,0.49994395,小卖部,49,155,0.0069127374,519
书屋,书屋,2,tencent_ai_lab_chinese_embedding_light_mirror_mvp,校园空间与路线,0.59105814,0.64069366,0.51660484,图书馆,False,520,520,0.67564884,图书馆,218,38,0.006900602,520
纸制,纸制,2,tencent_ai_lab_chinese_embedding_light_mirror_mvp,纸面心意与暗号,0.57213365,0.60564643,0.52186447,书签,False,521,521,0.70198867,纸条,218,38,0.006900602,521
小店,小店,2,tencent_ai_lab_chinese_embedding_light_mirror_mvp,校园空间与路线,0.61571733,0.66914338,0.53557825,小卖部,False,522,522,0.62440599,小卖部,107,68,0.006900262,522
冰茶,冰茶,2,tencent_ai_lab_chinese_embedding_light_mirror_mvp,约会物件与仪式,0.57488074,0.63877934,0.47903284,奶茶,False,523,523,0.5924579,奶茶,136,55,0.0068988465,523
长途客车,长途客车,4,tencent_ai_lab_chinese_embedding_light_mirror_mvp,校园日常互动,0.50585431,0.61033523,0.34913293,等车,False,524,524,0.48690695,等车,62,120,0.0068761384,524
苍茫,苍茫,2,tencent_ai_lab_chinese_embedding_light_mirror_mvp,青春感官与毕业,0.62905521,0.66226804,0.57923597,晚霞,False,525,525,0.44681754,离别,51,151,0.0068741728,525
送去,送去,2,tencent_ai_lab_chinese_embedding_light_mirror_mvp,约会物件与仪式,0.55714673,0.62217176,0.45960918,礼物,False,526,526,0.61864606,礼物,200,41,0.006873572,526
邮票,邮票,2,tencent_ai_lab_chinese_embedding_light_mirror_mvp,纸面心意与暗号,0.65381387,0.69008511,0.59940702,明信片,False,527,527,0.54028348,书信,58,130,0.0068688671,527
抢镜,抢镜,2,tencent_ai_lab_chinese_embedding_light_mirror_mvp,校园日常互动,0.5195819,0.60362458,0.39351788,合照,False,528,528,0.42845035,等车,45,178,0.0068627451,528
车多,车多,2,tencent_ai_lab_chinese_embedding_light_mirror_mvp,校园日常互动,0.48239352,0.58285773,0.3316972,等车,False,529,529,0.57779258,等车,136,56,0.0068613652,529
活动课,活动课,3,tencent_ai_lab_chinese_embedding_light_mirror_mvp,校园空间与路线,0.64393909,0.6650542,0.61226642,教室,False,530,530,0.52868288,放学,59,128,0.0068612551,530
奥体中心,奥体中心,4,tencent_ai_lab_chinese_embedding_light_mirror_mvp,校园空间与路线,0.6319752,0.67224681,0.57156777,体育馆,False,531,531,0.5821146,体育馆,75,99,0.0068483578,531
映照,映照,2,tencent_ai_lab_chinese_embedding_light_mirror_mvp,青春感官与毕业,0.60907098,0.65332574,0.54268885,晚霞,False,532,532,0.48056476,毕业,71,105,0.0068470969,532
挡雨,挡雨,2,tencent_ai_lab_chinese_embedding_light_mirror_mvp,青春感官与毕业,0.57305285,0.68522775,0.40479049,雨伞,False,533,533,0.58771025,雨伞,175,46,0.0068446407,533
云水,云水,2,tencent_ai_lab_chinese_embedding_light_mirror_mvp,青春感官与毕业,0.62146537,0.65340781,0.57355171,晚霞,False,534,534,0.45529844,雨伞,56,138,0.0068355974,534
茉莉花茶,茉莉花茶,4,tencent_ai_lab_chinese_embedding_light_mirror_mvp,约会物件与仪式,0.58906047,0.64860636,0.49974164,奶茶,False,535,535,0.56861546,奶茶,103,73,0.0068268832,535
新年,新年,2,tencent_ai_lab_chinese_embedding_light_mirror_mvp,约会物件与仪式,0.62533334,0.64396483,0.59738612,情人节,False,536,536,0.46192594,纪念日,49,164,0.0068192988,536
纸放,纸放,2,tencent_ai_lab_chinese_embedding_light_mirror_mvp,纸面心意与暗号,0.57232417,0.59292489,0.54142308,信封,False,537,537,0.7001688,纸条,217,40,0.0068050542,537
售票员,售票员,3,tencent_ai_lab_chinese_embedding_light_mirror_mvp,校园日常互动,0.51580986,0.5754481,0.4263525,等车,False,538,538,0.45934498,留座,53,151,0.006794447,538
接站,接站,2,tencent_ai_lab_chinese_embedding_light_mirror_mvp,校园日常互动,0.49965904,0.56118071,0.40737653,等车,False,539,539,0.51329426,等车,78,98,0.0067877454,539
校车,校车,2,tencent_ai_lab_chinese_embedding_light_mirror_mvp,校园日常互动,0.48635393,0.53745556,0.4097015,等车,False,540,540,0.55442853,等车,116,67,0.006777917,540
奶酥,奶酥,2,tencent_ai_lab_chinese_embedding_light_mirror_mvp,约会物件与仪式,0.56986688,0.62027335,0.49425718,奶茶,False,541,541,0.59232327,奶茶,143,56,0.006773399,541
扉页,扉页,2,tencent_ai_lab_chinese_embedding_light_mirror_mvp,纸面心意与暗号,0.66498557,0.69487935,0.6201449,日记本,False,542,542,0.49836721,信封,49,169,0.0067705621,542
几行字,几行字,3,tencent_ai_lab_chinese_embedding_light_mirror_mvp,纸面心意与暗号,0.67529519,0.69285655,0.64895314,纸条,False,543,543,0.46617988,书信,43,201,0.0067700777,543
游泳馆,游泳馆,3,tencent_ai_lab_chinese_embedding_light_mirror_mvp,校园空间与路线,0.61345797,0.64041686,0.57301962,体育馆,False,544,544,0.62748735,体育馆,123,64,0.0067644985,544
护发,护发,2,tencent_ai_lab_chinese_embedding_light_mirror_mvp,校园外貌与信物,0.56458173,0.59547698,0.51823884,发梢,False,545,545,0.59188519,发梢,202,43,0.0067627659,545
小册子,小册子,3,tencent_ai_lab_chinese_embedding_light_mirror_mvp,纸面心意与暗号,0.64241731,0.66022229,0.61570984,信封,False,546,546,0.57425779,小纸条,71,110,0.0067579704,546
蒙蒙细雨,蒙蒙细雨,4,tencent_ai_lab_chinese_embedding_light_mirror_mvp,青春感官与毕业,0.58052936,0.60729396,0.54038244,晚霞,False,547,547,0.55059863,雨伞,142,57,0.0067487518,547
地铁,地铁,2,tencent_ai_lab_chinese_embedding_light_mirror_mvp,校园空间与路线,0.63260989,0.67996681,0.56157452,公交站,False,548,548,0.55308206,公交站,71,111,0.0067407705,548
初冬,初冬,2,tencent_ai_lab_chinese_embedding_light_mirror_mvp,青春感官与毕业,0.63118248,0.65422058,0.59662533,晚霞,False,549,549,0.42860228,毕业季,47,182,0.0067390129,549
提示音,提示音,3,tencent_ai_lab_chinese_embedding_light_mirror_mvp,青春感官与毕业,0.60017171,0.70895547,0.43699607,铃声,False,550,550,0.49264187,铃声,91,86,0.0067359158,550
播音,播音,2,tencent_ai_lab_chinese_embedding_light_mirror_mvp,校园空间与路线,0.61558754,0.69826019,0.49157858,广播站,False,551,551,0.61541579,广播站,108,73,0.006735589,551
读书笔记,读书笔记,4,tencent_ai_lab_chinese_embedding_light_mirror_mvp,纸面心意与暗号,0.6315372,0.66175425,0.58621162,日记本,False,552,552,0.6041477,书签,89,88,0.0067340831,552
哀伤,哀伤,2,tencent_ai_lab_chinese_embedding_light_mirror_mvp,青春感官与毕业,0.61311126,0.6770556,0.51719475,离别,False,553,553,0.46408813,离别,65,123,0.0067322404,553
纸质,纸质,2,tencent_ai_lab_chinese_embedding_light_mirror_mvp,纸面心意与暗号,0.58427668,0.62285388,0.52641088,书签,False,554,554,0.689569,纸条,183,47,0.0067305104,554
脸庞,脸庞,2,tencent_ai_lab_chinese_embedding_light_mirror_mvp,校园外貌与信物,0.5689136,0.58256102,0.54844248,发梢,False,555,555,0.58335723,红脸,184,47,0.0067220775,555
朦胧,朦胧,2,tencent_ai_lab_chinese_embedding_light_mirror_mvp,青春感官与毕业,0.61361549,0.63912523,0.57535088,晨光,False,556,556,0.45853968,晚霞,62,131,0.0067161617,556
皮带,皮带,2,tencent_ai_lab_chinese_embedding_light_mirror_mvp,校园外貌与信物,0.60201104,0.66731286,0.5040583,纽扣,False,557,557,0.48941824,小皮筋,99,80,0.0067160827,557
绚丽,绚丽,2,tencent_ai_lab_chinese_embedding_light_mirror_mvp,青春感官与毕业,0.59928634,0.63786316,0.54142112,晚霞,False,558,558,0.49656651,晨光,95,84,0.0066980287,558
大束,大束,2,tencent_ai_lab_chinese_embedding_light_mirror_mvp,约会物件与仪式,0.55616033,0.59181273,0.50268173,玫瑰,False,559,559,0.61016421,花束,205,44,0.0066944848,559
楼梯口,楼梯口,3,tencent_ai_lab_chinese_embedding_light_mirror_mvp,校园空间与路线,0.64351257,0.67143589,0.60162759,走廊,False,560,560,0.51552323,走廊,60,138,0.0066919192,560
景色,景色,2,tencent_ai_lab_chinese_embedding_light_mirror_mvp,青春感官与毕业,0.6019691,0.65751982,0.51864302,晚霞,False,561,561,0.48956097,晚霞,87,92,0.0066908342,561
档案馆,档案馆,3,tencent_ai_lab_chinese_embedding_light_mirror_mvp,校园空间与路线,0.60696155,0.67428201,0.50598085,图书馆,False,562,562,0.63446329,图书馆,147,57,0.0066889632,562
小吃摊,小吃摊,3,tencent_ai_lab_chinese_embedding_light_mirror_mvp,校园空间与路线,0.63056312,0.67230976,0.56794316,小卖部,False,563,563,0.5756994,小卖部,79,102,0.0066835421,563
雏菊,雏菊,2,tencent_ai_lab_chinese_embedding_light_mirror_mvp,约会物件与仪式,0.6283325,0.71206105,0.50273967,玫瑰,False,564,564,0.43358335,玫瑰,47,189,0.0066809293,564
铆钉,铆钉,2,tencent_ai_lab_chinese_embedding_light_mirror_mvp,校园外貌与信物,0.6142862,0.6705206,0.52993459,纽扣,False,565,565,0.46386641,纽扣,77,105,0.0066799381,565
步行街,步行街,3,tencent_ai_lab_chinese_embedding_light_mirror_mvp,校园空间与路线,0.63259019,0.65058464,0.60559851,公交站,False,566,566,0.54958624,走廊,72,113,0.0066780522,566
纪念册,纪念册,3,tencent_ai_lab_chinese_embedding_light_mirror_mvp,纸面心意与暗号,0.64698446,0.65906215,0.62886792,日记本,False,567,567,0.54397466,书信,65,127,0.0066737968,567
车开,车开,2,tencent_ai_lab_chinese_embedding_light_mirror_mvp,校园日常互动,0.48122712,0.56056094,0.3622264,等车,False,568,568,0.57157267,等车,143,59,0.0066647349,568
娇俏,娇俏,2,tencent_ai_lab_chinese_embedding_light_mirror_mvp,校园外貌与信物,0.59879787,0.61888921,0.56866086,酒窝,False,569,569,0.49238911,发梢,106,77,0.0066616832,569
挽到,挽到,2,tencent_ai_lab_chinese_embedding_light_mirror_mvp,校园外貌与信物,0.63363577,0.64448434,0.61736292,发梢,False,570,570,0.44186623,发卡,61,138,0.0066574839,570
前夕,前夕,2,tencent_ai_lab_chinese_embedding_light_mirror_mvp,约会物件与仪式,0.55245364,0.58414721,0.50491327,纪念日,False,571,571,0.61305053,七夕,218,43,0.0066529301,571
报告厅,报告厅,3,tencent_ai_lab_chinese_embedding_light_mirror_mvp,校园空间与路线,0.64451854,0.65294194,0.63188344,图书馆,False,572,572,0.50582203,广播站,58,147,0.0066527471,572
教务处,教务处,3,tencent_ai_lab_chinese_embedding_light_mirror_mvp,校园空间与路线,0.58822687,0.61554909,0.54724354,教室,False,573,573,0.66907277,教室,235,41,0.0066454103,573
红叶,红叶,2,tencent_ai_lab_chinese_embedding_light_mirror_mvp,青春感官与毕业,0.63541884,0.69176269,0.55090308,晚霞,False,574,574,0.36192479,蝉鸣,40,244,0.0066447368,574
投币,投币,2,tencent_ai_lab_chinese_embedding_light_mirror_mvp,校园日常互动,0.50103546,0.57186121,0.39479685,等车,False,575,575,0.49858114,值日,74,113,0.0066215167,575
阳光灿烂,阳光灿烂,4,tencent_ai_lab_chinese_embedding_light_mirror_mvp,青春感官与毕业,0.56089008,0.5853188,0.52424699,晚霞,False,576,576,0.59547925,晨光,231,42,0.0066201738,576
馈赠,馈赠,2,tencent_ai_lab_chinese_embedding_light_mirror_mvp,约会物件与仪式,0.56026229,0.62659335,0.46076569,礼物,False,577,577,0.60539982,礼物,187,49,0.0066114475,577
天色,天色,2,tencent_ai_lab_chinese_embedding_light_mirror_mvp,青春感官与毕业,0.58768252,0.62729925,0.52825743,晚霞,False,578,578,0.51630646,晚霞,121,70,0.0066085848,578
枫叶,枫叶,2,tencent_ai_lab_chinese_embedding_light_mirror_mvp,青春感官与毕业,0.62971019,0.68349332,0.54903549,晚霞,False,579,579,0.42590872,蝉鸣,50,185,0.0065862709,579
斑斓,斑斓,2,tencent_ai_lab_chinese_embedding_light_mirror_mvp,青春感官与毕业,0.59924138,0.63425255,0.54672462,晚霞,False,580,580,0.49124649,晚霞,96,88,0.0065835066,580
建军节,建军节,3,tencent_ai_lab_chinese_embedding_light_mirror_mvp,约会物件与仪式,0.61895033,0.64476913,0.58022213,纪念日,False,581,581,0.48183627,纪念日,60,147,0.0065821256,581
笔迹,笔迹,2,tencent_ai_lab_chinese_embedding_light_mirror_mvp,纸面心意与暗号,0.63680105,0.64202821,0.62896031,信封,False,582,582,0.57551029,书签,78,109,0.0065817683,582
群山,群山,2,tencent_ai_lab_chinese_embedding_light_mirror_mvp,青春感官与毕业,0.63234034,0.68607962,0.55173141,晚霞,False,583,583,0.38441829,晚霞,43,230,0.0065785069,583
清明节,清明节,3,tencent_ai_lab_chinese_embedding_light_mirror_mvp,约会物件与仪式,0.61758693,0.64171368,0.58139682,七夕,False,584,584,0.50015118,情人节,63,139,0.0065776035,584
主席台,主席台,3,tencent_ai_lab_chinese_embedding_light_mirror_mvp,校园空间与路线,0.61055846,0.65965128,0.53691924,看台,False,585,585,0.62707403,看台,134,65,0.0065773196,585
出租车司机,出租车司机,5,tencent_ai_lab_chinese_embedding_light_mirror_mvp,校园日常互动,0.50423669,0.58970177,0.37603906,等车,False,586,586,0.47344006,等车,65,134,0.0065773196,586
大学本科,大学本科,4,tencent_ai_lab_chinese_embedding_light_mirror_mvp,青春感官与毕业,0.561832,0.71520907,0.3317664,毕业,False,587,587,0.591081,毕业,224,44,0.0065682557,587
金发,金发,2,tencent_ai_lab_chinese_embedding_light_mirror_mvp,校园外貌与信物,0.56636437,0.59095234,0.52948242,马尾,False,588,588,0.57679241,发梢,193,49,0.0065634405,588
复信,复信,2,tencent_ai_lab_chinese_embedding_light_mirror_mvp,纸面心意与暗号,0.59482824,0.64098817,0.52558833,书信,False,589,589,0.67097062,书信,152,59,0.0065601712,589
涛声,涛声,2,tencent_ai_lab_chinese_embedding_light_mirror_mvp,青春感官与毕业,0.58434639,0.61874628,0.53274655,晚霞,False,590,590,0.52447177,铃声,133,66,0.0065589275,590
医务室,医务室,3,tencent_ai_lab_chinese_embedding_light_mirror_mvp,校园空间与路线,0.6181615,0.63667303,0.5903942,教室,False,591,591,0.5994046,教室,102,84,0.006558642,591
信已,信已,2,tencent_ai_lab_chinese_embedding_light_mirror_mvp,纸面心意与暗号,0.56597056,0.58280075,0.54072529,书信,False,592,592,0.69722656,书信,235,43,0.0065492842,592
小街,小街,2,tencent_ai_lab_chinese_embedding_light_mirror_mvp,校园空间与路线,0.64211602,0.67894638,0.58687049,林荫道,False,593,593,0.51316901,小卖部,63,142,0.0065402882,593
升旗,升旗,2,tencent_ai_lab_chinese_embedding_light_mirror_mvp,校园日常互动,0.51756203,0.57223213,0.43555689,值日,False,594,594,0.39285775,等车,50,191,0.0065374864,594
副驾驶,副驾驶,3,tencent_ai_lab_chinese_embedding_light_mirror_mvp,校园日常互动,0.50111688,0.55127668,0.42587718,等车,False,595,595,0.48577118,等车,72,122,0.0065351315,595
博物馆,博物馆,3,tencent_ai_lab_chinese_embedding_light_mirror_mvp,校园空间与路线,0.59184027,0.65007365,0.5044902,图书馆,False,596,596,0.66200683,图书馆,216,46,0.0065285753,596
剧场,剧场,2,tencent_ai_lab_chinese_embedding_light_mirror_mvp,约会物件与仪式,0.61426599,0.67689753,0.52031869,电影院,False,597,597,0.50508307,电影院,68,131,0.006524051,597
水果店,水果店,3,tencent_ai_lab_chinese_embedding_light_mirror_mvp,校园空间与路线,0.64848146,0.70963514,0.55675095,小卖部,False,598,598,0.46172644,小卖部,50,195,0.0065062389,598
一叠,一叠,2,tencent_ai_lab_chinese_embedding_light_mirror_mvp,纸面心意与暗号,0.67442536,0.70597911,0.62709475,信封,False,599,599,0.42073225,小纸条,44,235,0.0065026076,599
手稿,手稿,2,tencent_ai_lab_chinese_embedding_light_mirror_mvp,纸面心意与暗号,0.63251441,0.64652944,0.61149186,书信,False,600,600,0.57961664,书签,86,104,0.006473438,600
线头,线头,2,tencent_ai_lab_chinese_embedding_light_mirror_mvp,校园外貌与信物,0.61145005,0.66386616,0.53282589,纽扣,False,601,601,0.46051837,发梢,82,110,0.0064623032,601
邮局,邮局,2,tencent_ai_lab_chinese_embedding_light_mirror_mvp,纸面心意与暗号,0.64974829,0.69078916,0.58818698,明信片,False,602,602,0.52576405,信封,64,146,0.0064594425,602
碧空,碧空,2,tencent_ai_lab_chinese_embedding_light_mirror_mvp,青春感官与毕业,0.63126099,0.68545234,0.54997396,晚霞,False,603,603,0.39045352,蝉鸣,46,227,0.0064591414,603
写着,写着,2,tencent_ai_lab_chinese_embedding_light_mirror_mvp,纸面心意与暗号,0.64352074,0.6700784,0.60368425,纸条,False,604,604,0.52978153,书信,66,141,0.0064558162,604
科技馆,科技馆,3,tencent_ai_lab_chinese_embedding_light_mirror_mvp,校园空间与路线,0.61436486,0.6479429,0.56399781,图书馆,False,605,605,0.60613391,图书馆,115,79,0.0064542652,605
大客车,大客车,3,tencent_ai_lab_chinese_embedding_light_mirror_mvp,校园日常互动,0.49794078,0.59019923,0.3595531,等车,False,606,606,0.50250808,等车,84,108,0.0064484127,606
新馆,新馆,2,tencent_ai_lab_chinese_embedding_light_mirror_mvp,校园空间与路线,0.61192408,0.66021407,0.53948909,图书馆,False,607,607,0.61825666,图书馆,128,72,0.0064474533,607
寄来,寄来,2,tencent_ai_lab_chinese_embedding_light_mirror_mvp,纸面心意与暗号,0.638667,0.65070897,0.62060404,信封,False,608,608,0.5556268,信封,76,121,0.0064389015,608
好喝,好喝,2,tencent_ai_lab_chinese_embedding_light_mirror_mvp,约会物件与仪式,0.60663685,0.68927968,0.4826726,奶茶,False,609,609,0.51706222,奶茶,79,116,0.0064380314,609
上映,上映,2,tencent_ai_lab_chinese_embedding_light_mirror_mvp,约会物件与仪式,0.58799136,0.6443994,0.50337929,电影院,False,610,610,0.54674333,电影院,106,86,0.0064367057,610
美景,美景,2,tencent_ai_lab_chinese_embedding_light_mirror_mvp,青春感官与毕业,0.58667719,0.64107633,0.50507849,晚霞,False,611,611,0.510023,晚霞,123,75,0.0064359441,611
发簪,发簪,2,tencent_ai_lab_chinese_embedding_light_mirror_mvp,校园外貌与信物,0.56354022,0.56594539,0.55993247,发梢,False,612,612,0.57485286,发梢,205,50,0.006432247,612
圣诞卡,圣诞卡,3,tencent_ai_lab_chinese_embedding_light_mirror_mvp,纸面心意与暗号,0.6701422,0.71134448,0.60833877,明信片,False,613,613,0.42931112,信封,46,232,0.0064293099,613
响起,响起,2,tencent_ai_lab_chinese_embedding_light_mirror_mvp,青春感官与毕业,0.56901261,0.63698351,0.46705624,铃声,False,614,614,0.56287029,铃声,195,52,0.00642507,614
文具店,文具店,3,tencent_ai_lab_chinese_embedding_light_mirror_mvp,校园空间与路线,0.64060549,0.70568889,0.54298037,小卖部,False,615,615,0.50324457,图书馆,64,149,0.0064246026,615
水族馆,水族馆,3,tencent_ai_lab_chinese_embedding_light_mirror_mvp,约会物件与仪式,0.62768393,0.70497477,0.51174766,游乐园,False,616,616,0.39056033,游乐园,48,220,0.0064153439,616
这纸,这纸,2,tencent_ai_lab_chinese_embedding_light_mirror_mvp,纸面心意与暗号,0.60138947,0.61207193,0.58536577,纸条,False,617,617,0.65305998,纸条,135,70,0.0064102564,617
换班,换班,2,tencent_ai_lab_chinese_embedding_light_mirror_mvp,校园日常互动,0.50364382,0.5478574,0.43732345,值日,False,618,618,0.46635281,值日,67,143,0.0064000621,618
图片中,图片中,3,tencent_ai_lab_chinese_embedding_light_mirror_mvp,校园日常互动,0.50192569,0.57873297,0.38671479,合照,False,619,619,0.47222635,合照,70,136,0.0063971743,619
彩云,彩云,2,tencent_ai_lab_chinese_embedding_light_mirror_mvp,青春感官与毕业,0.60334357,0.65991575,0.51848531,晚霞,False,620,620,0.47491555,晚霞,84,111,0.0063961988,620
归程,归程,2,tencent_ai_lab_chinese_embedding_light_mirror_mvp,青春感官与毕业,0.59961369,0.63366055,0.54854339,离别,False,621,621,0.48244635,离别,93,100,0.0063929739,621
周年,周年,2,tencent_ai_lab_chinese_embedding_light_mirror_mvp,约会物件与仪式,0.61790583,0.68171525,0.5221917,纪念日,False,622,622,0.46577988,纪念日,62,158,0.0063919386,622
借书,借书,2,tencent_ai_lab_chinese_embedding_light_mirror_mvp,校园空间与路线,0.61505942,0.67477608,0.52548444,图书馆,False,623,623,0.59894475,图书馆,110,85,0.0063894523,623
公文,公文,2,tencent_ai_lab_chinese_embedding_light_mirror_mvp,纸面心意与暗号,0.65198852,0.69116193,0.5932284,书信,False,624,624,0.49737769,书信,59,170,0.0063755937,624
打扫,打扫,2,tencent_ai_lab_chinese_embedding_light_mirror_mvp,校园日常互动,0.5041595,0.58913928,0.37668982,值日,False,625,625,0.46117722,送伞,66,148,0.0063721001,625
寂寥,寂寥,2,tencent_ai_lab_chinese_embedding_light_mirror_mvp,青春感官与毕业,0.5984205,0.61348665,0.57582128,离别,False,626,626,0.48767378,离别,100,94,0.0063717532,626
裙摆,裙摆,2,tencent_ai_lab_chinese_embedding_light_mirror_mvp,校园外貌与信物,0.60219008,0.61274821,0.58635288,纽扣,False,627,627,0.4765467,校服,98,96,0.0063696852,627
房间,房间,2,tencent_ai_lab_chinese_embedding_light_mirror_mvp,校园空间与路线,0.62339764,0.64328837,0.59356153,教室,False,628,628,0.56706257,教室,89,106,0.0063677529,628
奶昔,奶昔,2,tencent_ai_lab_chinese_embedding_light_mirror_mvp,约会物件与仪式,0.5788867,0.64168447,0.48469004,奶茶,False,629,629,0.56221429,奶茶,124,77,0.0063670263,629
动物园,动物园,3,tencent_ai_lab_chinese_embedding_light_mirror_mvp,约会物件与仪式,0.56269327,0.63422155,0.45540085,游乐园,False,630,630,0.58947287,游乐园,179,57,0.0063655545,630
排队,排队,2,tencent_ai_lab_chinese_embedding_light_mirror_mvp,校园日常互动,0.48611811,0.54473996,0.39818534,等车,False,631,631,0.53834696,留座,119,80,0.0063647247,631
远行,远行,2,tencent_ai_lab_chinese_embedding_light_mirror_mvp,青春感官与毕业,0.57742119,0.64191294,0.48068357,离别,False,632,632,0.52882147,离别,158,63,0.0063586186,632
坐火车,坐火车,3,tencent_ai_lab_chinese_embedding_light_mirror_mvp,校园日常互动,0.48211282,0.53557849,0.40191433,等车,False,633,633,0.54734732,等车,137,71,0.006354865,633
订饭,订饭,2,tencent_ai_lab_chinese_embedding_light_mirror_mvp,校园日常互动,0.49985536,0.53752458,0.44335154,值日,False,634,634,0.48313464,同桌,77,125,0.0063523377,634
条子,条子,2,tencent_ai_lab_chinese_embedding_light_mirror_mvp,纸面心意与暗号,0.59813933,0.63088381,0.54902261,纸条,False,635,635,0.6533692,纸条,142,69,0.0063512165,635
五周年,五周年,3,tencent_ai_lab_chinese_embedding_light_mirror_mvp,约会物件与仪式,0.62288216,0.66734833,0.55618292,纪念日,False,636,636,0.4115351,纪念日,52,205,0.0063510782,636
节日快乐,节日快乐,4,tencent_ai_lab_chinese_embedding_light_mirror_mvp,约会物件与仪式,0.55165826,0.55988044,0.539325,七夕,False,637,637,0.60353804,情人节,219,50,0.0063375692,637
蛙声,蛙声,2,tencent_ai_lab_chinese_embedding_light_mirror_mvp,青春感官与毕业,0.56407702,0.59448743,0.51846141,晚霞,False,638,638,0.57095973,铃声,219,50,0.0063375692,638
国庆,国庆,2,tencent_ai_lab_chinese_embedding_light_mirror_mvp,约会物件与仪式,0.60706694,0.62649333,0.57792735,情人节,False,639,639,0.50840555,纪念日,76,128,0.0063360451,639
衣襟,衣襟,2,tencent_ai_lab_chinese_embedding_light_mirror_mvp,校园外貌与信物,0.57885978,0.60142791,0.54500759,发梢,False,640,640,0.51645911,校服,146,68,0.0063334345,640
车内,车内,2,tencent_ai_lab_chinese_embedding_light_mirror_mvp,校园日常互动,0.49112159,0.57630873,0.36334088,等车,False,641,641,0.52075357,等车,102,94,0.006333173,641
书架,书架,2,tencent_ai_lab_chinese_embedding_light_mirror_mvp,校园空间与路线,0.60301207,0.62561589,0.56910634,图书馆,False,642,642,0.62750726,图书馆,161,63,0.0063274841,642
山峦,山峦,2,tencent_ai_lab_chinese_embedding_light_mirror_mvp,青春感官与毕业,0.62465382,0.67930996,0.54266959,晚霞,False,643,643,0.41371249,晚霞,54,198,0.0063239494,643
腰带,腰带,2,tencent_ai_lab_chinese_embedding_light_mirror_mvp,校园外貌与信物,0.6401536,0.69183552,0.56263071,纽扣,False,644,644,0.39198243,发梢,51,220,0.0062902188,644
便笺,便笺,2,tencent_ai_lab_chinese_embedding_light_mirror_mvp,纸面心意与暗号,0.62660228,0.64376992,0.60085082,纸条,False,645,645,0.58994839,纸条,99,99,0.0062893082,645
封口处,封口处,3,tencent_ai_lab_chinese_embedding_light_mirror_mvp,纸面心意与暗号,0.60630519,0.6525079,0.53700113,信封,False,646,646,0.62625179,信封,124,80,0.0062888199,646
春雨,春雨,2,tencent_ai_lab_chinese_embedding_light_mirror_mvp,青春感官与毕业,0.55960832,0.58209896,0.52587235,晨光,False,647,647,0.57778099,雨伞,235,49,0.0062820712,647
发乳,发乳,2,tencent_ai_lab_chinese_embedding_light_mirror_mvp,校园外貌与信物,0.55853176,0.59505796,0.50374246,发梢,False,648,648,0.57042667,发梢,223,51,0.006271289,648
写上,写上,2,tencent_ai_lab_chinese_embedding_light_mirror_mvp,纸面心意与暗号,0.63589528,0.65901804,0.60121113,纸条,False,649,649,0.54796531,书签,81,124,0.0062634906,649
推车,推车,2,tencent_ai_lab_chinese_embedding_light_mirror_mvp,校园日常互动,0.47735996,0.53397423,0.39243856,等车,False,650,650,0.55586399,等车,161,65,0.0062624434,650
茶味,茶味,2,tencent_ai_lab_chinese_embedding_light_mirror_mvp,约会物件与仪式,0.56970966,0.64619458,0.45498228,奶茶,False,651,651,0.57000873,奶茶,145,71,0.0062558183,651
初上,初上,2,tencent_ai_lab_chinese_embedding_light_mirror_mvp,青春感官与毕业,0.60807512,0.63697338,0.56472772,晨光,False,652,652,0.45735548,晨光,76,134,0.0062537902,652
血书,血书,2,tencent_ai_lab_chinese_embedding_light_mirror_mvp,纸面心意与暗号,0.6078468,0.6276949,0.57807463,书信,False,653,653,0.61485496,情书,120,84,0.00625,653
教三楼,教三楼,3,tencent_ai_lab_chinese_embedding_light_mirror_mvp,校园空间与路线,0.61114275,0.62361813,0.5924297,教室,False,654,654,0.6070159,教室,131,78,0.0062409895,654
老电影,老电影,3,tencent_ai_lab_chinese_embedding_light_mirror_mvp,约会物件与仪式,0.59234973,0.67806411,0.46377817,电影院,False,655,655,0.52162123,电影院,94,107,0.0062407652,655
影迷,影迷,2,tencent_ai_lab_chinese_embedding_light_mirror_mvp,约会物件与仪式,0.56004759,0.61904132,0.47155699,电影院,False,656,656,0.58902335,电影院,190,58,0.0062372881,656
酸奶,酸奶,2,tencent_ai_lab_chinese_embedding_light_mirror_mvp,约会物件与仪式,0.58364493,0.65316069,0.47937128,奶茶,False,657,657,0.5449738,奶茶,115,88,0.0062355212,657
包装纸,包装纸,3,tencent_ai_lab_chinese_embedding_light_mirror_mvp,纸面心意与暗号,0.58552819,0.6002056,0.56351209,信封,False,658,658,0.66741284,纸条,179,61,0.0062242816,658
朝晖,朝晖,2,tencent_ai_lab_chinese_embedding_light_mirror_mvp,青春感官与毕业,0.58042693,0.61815417,0.52383608,晨光,False,659,659,0.51424602,晨光,143,73,0.0062224527,659
下车,下车,2,tencent_ai_lab_chinese_embedding_light_mirror_mvp,校园空间与路线,0.63638673,0.70361292,0.53554744,公交站,False,660,660,0.49159319,放学,66,162,0.0062205062,660
肩带,肩带,2,tencent_ai_lab_chinese_embedding_light_mirror_mvp,校园外貌与信物,0.635755,0.68468946,0.56235331,纽扣,False,661,661,0.40201967,纽扣,56,202,0.0062187418,661
颧骨,颧骨,2,tencent_ai_lab_chinese_embedding_light_mirror_mvp,校园外貌与信物,0.58714528,0.60101497,0.56634074,酒窝,False,662,662,0.48620119,红脸,124,83,0.0062138948,662
辉映,辉映,2,tencent_ai_lab_chinese_embedding_light_mirror_mvp,青春感官与毕业,0.59912465,0.6548965,0.51546687,晚霞,False,663,663,0.48087947,校园广播,98,104,0.0062133374,663
成荫,成荫,2,tencent_ai_lab_chinese_embedding_light_mirror_mvp,校园空间与路线,0.58945248,0.66323262,0.47878227,林荫道,False,664,664,0.64632256,林荫道,226,52,0.0062125375,664
妆容,妆容,2,tencent_ai_lab_chinese_embedding_light_mirror_mvp,校园外貌与信物,0.57690313,0.59414411,0.55104166,刘海,False,665,665,0.51041981,红脸,154,69,0.0062124176,665
六周年,六周年,3,tencent_ai_lab_chinese_embedding_light_mirror_mvp,约会物件与仪式,0.6192402,0.64782101,0.57636899,纪念日,False,666,666,0.4328559,七夕,59,190,0.0062016807,666
亲笔,亲笔,2,tencent_ai_lab_chinese_embedding_light_mirror_mvp,纸面心意与暗号,0.64005312,0.66784829,0.59836036,书信,False,667,667,0.52806014,书签,74,143,0.0061943975,667
扫地,扫地,2,tencent_ai_lab_chinese_embedding_light_mirror_mvp,校园日常互动,0.50504019,0.57861465,0.3946785,值日,False,668,668,0.43094745,送伞,63,176,0.0061836847,668
天际,天际,2,tencent_ai_lab_chinese_embedding_light_mirror_mvp,青春感官与毕业,0.61351893,0.66208172,0.54067475,晚霞,False,669,669,0.43014721,晚霞,63,177,0.0061747453,669
远眺,远眺,2,tencent_ai_lab_chinese_embedding_light_mirror_mvp,青春感官与毕业,0.58135436,0.63323903,0.50352734,晚霞,False,670,670,0.50916946,晚霞,136,78,0.0061742088,670
节是,节是,2,tencent_ai_lab_chinese_embedding_light_mirror_mvp,约会物件与仪式,0.56404365,0.58424491,0.53374177,七夕,False,671,671,0.57925031,情人节,170,65,0.006173913,671
重阳节,重阳节,3,tencent_ai_lab_chinese_embedding_light_mirror_mvp,约会物件与仪式,0.59450732,0.6102379,0.57091147,七夕,False,672,672,0.51773196,情人节,91,115,0.0061684011,672
百合,百合,2,tencent_ai_lab_chinese_embedding_light_mirror_mvp,约会物件与仪式,0.61753576,0.7017113,0.49127245,玫瑰,False,673,673,0.44218874,花束,64,175,0.0061599176,673
碰碰车,碰碰车,3,tencent_ai_lab_chinese_embedding_light_mirror_mvp,约会物件与仪式,0.6204384,0.70896065,0.48765501,游乐园,False,674,674,0.4012831,礼物,56,211,0.0061553633,674
毛呢,毛呢,2,tencent_ai_lab_chinese_embedding_light_mirror_mvp,校园外貌与信物,0.59454029,0.62359011,0.55096555,纽扣,False,675,675,0.47668011,发梢,112,94,0.00615373,675
摩卡,摩卡,2,tencent_ai_lab_chinese_embedding_light_mirror_mvp,约会物件与仪式,0.62117136,0.68797874,0.52096027,奶茶,False,676,676,0.37875012,礼物,54,223,0.0061527494,676
青丝,青丝,2,tencent_ai_lab_chinese_embedding_light_mirror_mvp,校园外貌与信物,0.63797909,0.68855196,0.56211978,发梢,False,677,677,0.38967381,纽扣,54,224,0.0061465283,677
奖品,奖品,2,tencent_ai_lab_chinese_embedding_light_mirror_mvp,约会物件与仪式,0.56841776,0.63696176,0.46560177,礼物,False,678,678,0.56945391,礼物,152,72,0.0061463694,678
送饭,送饭,2,tencent_ai_lab_chinese_embedding_light_mirror_mvp,校园日常互动,0.47024173,0.5046289,0.41866097,值日,False,679,679,0.56731147,送伞,193,60,0.0061429513,679
聚散,聚散,2,tencent_ai_lab_chinese_embedding_light_mirror_mvp,青春感官与毕业,0.56819259,0.63160419,0.47307518,离别,False,680,680,0.54131998,离别,198,59,0.0061396652,680
香草,香草,2,tencent_ai_lab_chinese_embedding_light_mirror_mvp,约会物件与仪式,0.60987383,0.67997497,0.50472212,玫瑰,False,681,681,0.47218776,花束,72,154,0.0061243274,681
衣袋,衣袋,2,tencent_ai_lab_chinese_embedding_light_mirror_mvp,纸面心意与暗号,0.65885261,0.69277829,0.6079641,信封,False,682,682,0.44691889,纸条,55,222,0.0061208757,682
封袋,封袋,2,tencent_ai_lab_chinese_embedding_light_mirror_mvp,纸面心意与暗号,0.59757462,0.64947307,0.51972693,信封,False,683,683,0.63822882,信封,147,75,0.0061191626,683
袖子,袖子,2,tencent_ai_lab_chinese_embedding_light_mirror_mvp,校园外貌与信物,0.60088179,0.63600492,0.54819709,纽扣,False,684,684,0.46378434,校服,101,106,0.0061176383,684
骄阳,骄阳,2,tencent_ai_lab_chinese_embedding_light_mirror_mvp,青春感官与毕业,0.61306896,0.65161037,0.55525684,晨光,False,685,685,0.43196602,晨光,66,173,0.0061141767,685
两辆车,两辆车,3,tencent_ai_lab_chinese_embedding_light_mirror_mvp,校园日常互动,0.47979025,0.54898369,0.37600008,等车,False,686,686,0.54236225,等车,150,74,0.0061122957,686
手写,手写,2,tencent_ai_lab_chinese_embedding_light_mirror_mvp,纸面心意与暗号,0.6108143,0.61314088,0.60732442,纸条,False,687,687,0.59404049,书签,116,93,0.0061088829,687
欢聚,欢聚,2,tencent_ai_lab_chinese_embedding_light_mirror_mvp,青春感官与毕业,0.59168909,0.659298,0.49027571,离别,False,688,688,0.48439353,毕业季,111,97,0.00610869,688
空调车,空调车,3,tencent_ai_lab_chinese_embedding_light_mirror_mvp,校园日常互动,0.4952682,0.57883686,0.36991522,等车,False,689,689,0.49054923,等车,91,119,0.0061045544,689
头后,头后,2,tencent_ai_lab_chinese_embedding_light_mirror_mvp,校园外貌与信物,0.57205722,0.59869957,0.5320937,发梢,False,690,690,0.51796328,马尾,171,67,0.00610151,690
站口,站口,2,tencent_ai_lab_chinese_embedding_light_mirror_mvp,校园空间与路线,0.59073054,0.65025955,0.50143701,公交站,False,691,691,0.63606329,广播站,220,56,0.0060960591,691
会展中心,会展中心,4,tencent_ai_lab_chinese_embedding_light_mirror_mvp,校园空间与路线,0.63097798,0.66218466,0.58416796,体育馆,False,692,692,0.51215881,体育馆,78,143,0.0060862426,692
一杯,一杯,2,tencent_ai_lab_chinese_embedding_light_mirror_mvp,约会物件与仪式,0.60501199,0.66331661,0.51755506,奶茶,False,693,693,0.50041105,奶茶,81,137,0.0060841704,693
查寝,查寝,2,tencent_ai_lab_chinese_embedding_light_mirror_mvp,校园日常互动,0.4993606,0.53875309,0.44027185,值日,False,694,694,0.46874216,同桌,80,139,0.0060839914,694
梳头,梳头,2,tencent_ai_lab_chinese_embedding_light_mirror_mvp,校园外貌与信物,0.56350329,0.59279561,0.51956481,发梢,False,695,695,0.55642021,发梢,206,59,0.0060813799,695
眺望,眺望,2,tencent_ai_lab_chinese_embedding_light_mirror_mvp,青春感官与毕业,0.5771467,0.61650681,0.51810652,晚霞,False,696,696,0.5154925,离别,161,71,0.0060792373,696
一页,一页,2,tencent_ai_lab_chinese_embedding_light_mirror_mvp,纸面心意与暗号,0.64090441,0.66974539,0.59764296,日记本,False,697,697,0.51068261,书信,73,156,0.0060742133,697
菊花,菊花,2,tencent_ai_lab_chinese_embedding_light_mirror_mvp,约会物件与仪式,0.57983388,0.64762193,0.4781518,玫瑰,False,698,698,0.54355335,花束,121,91,0.0060736892,698
锁骨,锁骨,2,tencent_ai_lab_chinese_embedding_light_mirror_mvp,校园外貌与信物,0.60436112,0.62158805,0.57852072,酒窝,False,699,699,0.4508501,纽扣,94,117,0.006071612,699
淋湿,淋湿,2,tencent_ai_lab_chinese_embedding_light_mirror_mvp,青春感官与毕业,0.59540194,0.65874952,0.50038058,雨伞,False,700,700,0.47797736,雨伞,103,107,0.0060614966,700
炊烟,炊烟,2,tencent_ai_lab_chinese_embedding_light_mirror_mvp,青春感官与毕业,0.61520727,0.65326786,0.55811638,晚霞,False,701,701,0.40473115,晨光,59,210,0.0060535325,701
纸贴,纸贴,2,tencent_ai_lab_chinese_embedding_light_mirror_mvp,纸面心意与暗号,0.58528416,0.61743248,0.53706169,纸条,False,702,702,0.66275527,纸条,180,66,0.0060515873,702
校内,校内,2,tencent_ai_lab_chinese_embedding_light_mirror_mvp,校园空间与路线,0.58671879,0.59580725,0.57308608,操场,False,703,703,0.64052562,教室,244,54,0.0060307018,703
爱送,爱送,2,tencent_ai_lab_chinese_embedding_light_mirror_mvp,约会物件与仪式,0.55740929,0.59647584,0.49880946,礼物,False,704,704,0.58573945,礼物,199,62,0.0060288626,704
下巴,下巴,2,tencent_ai_lab_chinese_embedding_light_mirror_mvp,校园外貌与信物,0.63113732,0.66633356,0.57834297,刘海,False,705,705,0.40870889,酒窝,64,191,0.0060242899,705
丝巾,丝巾,2,tencent_ai_lab_chinese_embedding_light_mirror_mvp,校园外貌与信物,0.63609984,0.65265584,0.61126584,纽扣,False,706,706,0.37957178,发梢,55,239,0.0060200669,706
满园,满园,2,tencent_ai_lab_chinese_embedding_light_mirror_mvp,青春感官与毕业,0.58039378,0.61259776,0.5320878,晚霞,False,707,707,0.50412526,毕业,144,81,0.0059970797,707
车厢,车厢,2,tencent_ai_lab_chinese_embedding_light_mirror_mvp,校园日常互动,0.47835389,0.53910255,0.3872309,等车,False,708,708,0.54167762,等车,156,76,0.0059912854,708
款式,款式,2,tencent_ai_lab_chinese_embedding_light_mirror_mvp,校园外貌与信物,0.57826537,0.60025114,0.54528672,纽扣,False,709,709,0.49150485,发卡,149,79,0.0059894668,709
云海,云海,2,tencent_ai_lab_chinese_embedding_light_mirror_mvp,青春感官与毕业,0.61743381,0.67915988,0.52484471,晚霞,False,710,710,0.38050582,毕业季,57,234,0.0059741845,710
画室,画室,2,tencent_ai_lab_chinese_embedding_light_mirror_mvp,校园空间与路线,0.58929943,0.61764807,0.54677647,教室,False,711,711,0.63183187,教室,228,58,0.0059733992,711
信使,信使,2,tencent_ai_lab_chinese_embedding_light_mirror_mvp,纸面心意与暗号,0.58909878,0.64652365,0.50296146,书信,False,712,712,0.65018871,信封,169,72,0.0059712849,712
背带,背带,2,tencent_ai_lab_chinese_embedding_light_mirror_mvp,校园外貌与信物,0.63332584,0.67417693,0.5720492,纽扣,False,713,713,0.39800587,纽扣,62,209,0.0059570967,713
拂晓,拂晓,2,tencent_ai_lab_chinese_embedding_light_mirror_mvp,青春感官与毕业,0.60700531,0.65058208,0.54164016,晨光,False,714,714,0.44686214,晨光,80,150,0.005952381,714
春日,春日,2,tencent_ai_lab_chinese_embedding_light_mirror_mvp,青春感官与毕业,0.60541307,0.62860423,0.57062632,晚霞,False,715,715,0.44886206,晨光,81,148,0.0059499454,715
动植物园,动植物园,4,tencent_ai_lab_chinese_embedding_light_mirror_mvp,约会物件与仪式,0.56005504,0.63924444,0.44127095,游乐园,False,716,716,0.57521497,游乐园,189,67,0.00594504,716
书城,书城,2,tencent_ai_lab_chinese_embedding_light_mirror_mvp,校园空间与路线,0.59562769,0.64924479,0.51520205,图书馆,False,717,717,0.62537746,图书馆,194,66,0.0059367579,717
帐本,帐本,2,tencent_ai_lab_chinese_embedding_light_mirror_mvp,纸面心意与暗号,0.57624997,0.60216588,0.53737611,日记本,False,718,718,0.66475543,日记本,203,64,0.0059333987,718
递给,递给,2,tencent_ai_lab_chinese_embedding_light_mirror_mvp,纸面心意与暗号,0.63118539,0.65991676,0.58808833,纸条,False,719,719,0.53923559,书签,90,133,0.0059240069,719
商务车,商务车,3,tencent_ai_lab_chinese_embedding_light_mirror_mvp,校园日常互动,0.49462794,0.59523851,0.34371209,等车,False,720,720,0.48150005,等车,94,127,0.00592055,720
脖颈,脖颈,2,tencent_ai_lab_chinese_embedding_light_mirror_mvp,校园外貌与信物,0.60093899,0.62763512,0.56089479,发梢,False,721,721,0.44988267,发梢,100,119,0.0059182961,721
校团委,校团委,3,tencent_ai_lab_chinese_embedding_light_mirror_mvp,校园空间与路线,0.6352165,0.68690348,0.55768603,广播站,False,722,722,0.46645686,教室,68,189,0.0059142821,722
写张,写张,2,tencent_ai_lab_chinese_embedding_light_mirror_mvp,纸面心意与暗号,0.62701184,0.65260547,0.58862138,纸条,False,723,723,0.55127213,纸条,98,122,0.0059118097,723
拆开,拆开,2,tencent_ai_lab_chinese_embedding_light_mirror_mvp,纸面心意与暗号,0.65059152,0.6801033,0.60632384,信封,False,724,724,0.45731374,信封,62,216,0.0059099549,724
伴着,伴着,2,tencent_ai_lab_chinese_embedding_light_mirror_mvp,青春感官与毕业,0.58809626,0.60825694,0.55785525,晨光,False,725,725,0.48115584,晚霞,118,102,0.0058954085,725
裤链,裤链,2,tencent_ai_lab_chinese_embedding_light_mirror_mvp,校园外貌与信物,0.59171045,0.65388834,0.4984436,纽扣,False,726,726,0.46404819,纽扣,116,104,0.0058896896,726
俊俏,俊俏,2,tencent_ai_lab_chinese_embedding_light_mirror_mvp,校园外貌与信物,0.57906349,0.5961237,0.55347317,酒窝,False,727,727,0.48420068,发梢,145,85,0.0058873003,727
满天,满天,2,tencent_ai_lab_chinese_embedding_light_mirror_mvp,青春感官与毕业,0.60820458,0.64010942,0.56034732,晚霞,False,728,728,0.43721114,晚霞,75,169,0.0058871098,728
藏书,藏书,2,tencent_ai_lab_chinese_embedding_light_mirror_mvp,校园空间与路线,0.60920841,0.69024527,0.48765311,图书馆,False,729,729,0.59275832,图书馆,136,90,0.0058843537,729
芳香,芳香,2,tencent_ai_lab_chinese_embedding_light_mirror_mvp,约会物件与仪式,0.58740731,0.66866136,0.46552625,玫瑰,False,730,730,0.51968997,玫瑰,107,113,0.0058841854,730
蛋糕,蛋糕,2,tencent_ai_lab_chinese_embedding_light_mirror_mvp,约会物件与仪式,0.59839525,0.62616205,0.55674505,奶茶,False,731,731,0.47603052,礼物,82,152,0.0058796173,731
放暑假,放暑假,3,tencent_ai_lab_chinese_embedding_light_mirror_mvp,校园空间与路线,0.60095501,0.65379584,0.52169377,放学,False,732,732,0.61247367,放学,170,75,0.0058776167,732
一本,一本,2,tencent_ai_lab_chinese_embedding_light_mirror_mvp,纸面心意与暗号,0.60652497,0.63328648,0.56638271,日记本,False,733,733,0.58834568,日记本,122,100,0.0058722527,733
椰奶,椰奶,2,tencent_ai_lab_chinese_embedding_light_mirror_mvp,约会物件与仪式,0.5664288,0.62283754,0.4818157,奶茶,False,734,734,0.55787212,奶茶,163,78,0.0058653409,734
颜值,颜值,2,tencent_ai_lab_chinese_embedding_light_mirror_mvp,校园日常互动,0.4887623,0.55115592,0.39517185,合照,True,735,735,0.50126089,值日,111,110,0.0058651531,735
梦醒,梦醒,2,tencent_ai_lab_chinese_embedding_light_mirror_mvp,青春感官与毕业,0.60221314,0.63937938,0.54646379,离别,False,736,736,0.45206333,蝉鸣,86,145,0.0058636819,736
眼眉,眼眉,2,tencent_ai_lab_chinese_embedding_light_mirror_mvp,校园外貌与信物,0.60455256,0.62118781,0.57959968,酒窝,False,737,737,0.44303461,发梢,92,135,0.0058535762,737
便利店,便利店,3,tencent_ai_lab_chinese_embedding_light_mirror_mvp,校园空间与路线,0.63164039,0.69461572,0.53717738,小卖部,False,738,738,0.48172554,图书馆,76,170,0.0058503836,738
课时,课时,2,tencent_ai_lab_chinese_embedding_light_mirror_mvp,校园空间与路线,0.60448278,0.64483064,0.54396099,教室,False,739,739,0.60505019,教室,157,81,0.0058502468,739
三轮车,三轮车,3,tencent_ai_lab_chinese_embedding_light_mirror_mvp,校园日常互动,0.48843114,0.56245798,0.37739089,等车,False,740,740,0.50156511,等车,113,109,0.0058487533,740
湛蓝,湛蓝,2,tencent_ai_lab_chinese_embedding_light_mirror_mvp,青春感官与毕业,0.6149417,0.6603319,0.5468564,晚霞,False,741,741,0.37188223,晨光,60,238,0.005844519,741
教师节,教师节,3,tencent_ai_lab_chinese_embedding_light_mirror_mvp,约会物件与仪式,0.58843215,0.59213698,0.58287489,情人节,False,742,742,0.51589856,情人节,105,118,0.0058392918,742
小尖,小尖,2,tencent_ai_lab_chinese_embedding_light_mirror_mvp,校园外貌与信物,0.55824261,0.57476032,0.53346604,酒窝,False,743,743,0.5299588,小皮筋,228,62,0.0058344718,743
帮拍,帮拍,2,tencent_ai_lab_chinese_embedding_light_mirror_mvp,校园日常互动,0.48597418,0.55357182,0.38457772,合照,False,744,744,0.5086123,合照,121,103,0.0058299156,744
烟云,烟云,2,tencent_ai_lab_chinese_embedding_light_mirror_mvp,青春感官与毕业,0.60828509,0.64336121,0.55567092,晚霞,False,745,745,0.42955121,晨光,74,179,0.0058233935,745
西客站,西客站,3,tencent_ai_lab_chinese_embedding_light_mirror_mvp,校园空间与路线,0.61149374,0.68241578,0.50511068,公交站,False,746,746,0.58311534,公交站,130,97,0.0058162923,746
大纸,大纸,2,tencent_ai_lab_chinese_embedding_light_mirror_mvp,纸面心意与暗号,0.5670904,0.59362072,0.52729493,信封,False,747,747,0.66551876,纸条,233,62,0.0058048453,747
放张,放张,2,tencent_ai_lab_chinese_embedding_light_mirror_mvp,校园日常互动,0.48632206,0.55922008,0.37697503,合照,False,748,748,0.50339427,合照,118,107,0.0058030007,748
华灯,华灯,2,tencent_ai_lab_chinese_embedding_light_mirror_mvp,青春感官与毕业,0.59969701,0.63305062,0.54966658,晚霞,False,749,749,0.45519334,晨光,92,139,0.0058020365,749
横穿马路,横穿马路,4,tencent_ai_lab_chinese_embedding_light_mirror_mvp,校园日常互动,0.50301411,0.58474529,0.38041735,等车,False,750,750,0.36907001,等车,69,200,0.0057990459,750
小轿车,小轿车,3,tencent_ai_lab_chinese_embedding_light_mirror_mvp,校园日常互动,0.47392074,0.55526471,0.35190478,等车,False,751,751,0.54234989,等车,180,75,0.005787037,751
长途车,长途车,3,tencent_ai_lab_chinese_embedding_light_mirror_mvp,校园日常互动,0.4826895,0.56414455,0.36050692,等车,False,752,752,0.51702074,等车,134,97,0.005762033,752
快餐店,快餐店,3,tencent_ai_lab_chinese_embedding_light_mirror_mvp,校园空间与路线,0.632328,0.67455345,0.56898981,小卖部,False,753,753,0.46460919,图书馆,73,191,0.0057514304,753
街边,街边,2,tencent_ai_lab_chinese_embedding_light_mirror_mvp,校园空间与路线,0.61842151,0.65294254,0.56663996,小卖部,False,754,754,0.52786601,走廊,101,129,0.0057510927,754
全校学生,全校学生,4,tencent_ai_lab_chinese_embedding_light_mirror_mvp,校园空间与路线,0.61406076,0.63275433,0.58602041,教室,False,755,755,0.55364357,教室,118,110,0.0057501652,755
书桌,书桌,2,tencent_ai_lab_chinese_embedding_light_mirror_mvp,纸面心意与暗号,0.59655111,0.61514831,0.56865531,日记本,False,756,756,0.60196092,书签,149,89,0.0057480492,756
塞车,塞车,2,tencent_ai_lab_chinese_embedding_light_mirror_mvp,校园日常互动,0.47984816,0.55912173,0.3609378,等车,False,757,757,0.52942061,等车,149,89,0.0057480492,757
剪过,剪过,2,tencent_ai_lab_chinese_embedding_light_mirror_mvp,校园外貌与信物,0.58189479,0.6103633,0.53919202,刘海,False,758,758,0.4758496,发梢,136,97,0.0057357338,758
纤长,纤长,2,tencent_ai_lab_chinese_embedding_light_mirror_mvp,校园外貌与信物,0.59049234,0.62430489,0.53977352,发梢,False,759,759,0.46007668,发梢,118,111,0.0057329654,759
茶包,茶包,2,tencent_ai_lab_chinese_embedding_light_mirror_mvp,约会物件与仪式,0.5644889,0.61616075,0.48698112,奶茶,False,760,760,0.55503523,奶茶,169,81,0.0057295054,760
车主,车主,2,tencent_ai_lab_chinese_embedding_light_mirror_mvp,校园日常互动,0.47583402,0.56461704,0.3426595,等车,False,761,761,0.53779933,等车,169,81,0.0057295054,761
传统节日,传统节日,4,tencent_ai_lab_chinese_embedding_light_mirror_mvp,约会物件与仪式,0.5686064,0.57903063,0.55297005,纪念日,False,762,762,0.54423717,纪念日,151,89,0.0057253729,762
花坛,花坛,2,tencent_ai_lab_chinese_embedding_light_mirror_mvp,校园空间与路线,0.63557022,0.66564667,0.59045553,林荫道,False,763,763,0.42687114,看台,67,221,0.0057163673,763
检票,检票,2,tencent_ai_lab_chinese_embedding_light_mirror_mvp,校园日常互动,0.49187599,0.55416626,0.3984406,等车,False,764,764,0.47379506,等车,100,133,0.0057156736,764
匿名信,匿名信,3,tencent_ai_lab_chinese_embedding_light_mirror_mvp,纸面心意与暗号,0.60525863,0.61303997,0.59358662,书信,False,765,765,0.58088764,书信,129,103,0.0057129873,765
门厅,门厅,2,tencent_ai_lab_chinese_embedding_light_mirror_mvp,校园空间与路线,0.62692,0.66733545,0.56629682,走廊,False,766,766,0.4971439,走廊,86,159,0.0057077626,766
腰际,腰际,2,tencent_ai_lab_chinese_embedding_light_mirror_mvp,校园外貌与信物,0.60731472,0.62343985,0.58312702,发梢,False,767,767,0.42937068,发梢,89,153,0.0057031225,767
买杯,买杯,2,tencent_ai_lab_chinese_embedding_light_mirror_mvp,约会物件与仪式,0.5852814,0.65123063,0.48635754,奶茶,False,768,768,0.51424416,礼物,112,119,0.0057002728,768
遗书,遗书,2,tencent_ai_lab_chinese_embedding_light_mirror_mvp,纸面心意与暗号,0.59833682,0.60202587,0.59280324,纸条,False,769,769,0.59107714,书信,141,96,0.0056926904,769
冷饮店,冷饮店,3,tencent_ai_lab_chinese_embedding_light_mirror_mvp,校园空间与路线,0.63513082,0.69166046,0.55033636,小卖部,False,770,770,0.43515791,小卖部,69,216,0.0056875632,770
垂落,垂落,2,tencent_ai_lab_chinese_embedding_light_mirror_mvp,校园外貌与信物,0.60852516,0.64123273,0.5594638,发梢,False,771,771,0.42471765,发梢,86,161,0.005687101,771
头顶,头顶,2,tencent_ai_lab_chinese_embedding_light_mirror_mvp,校园外貌与信物,0.55737953,0.5887996,0.51024944,发梢,False,772,772,0.51863112,发梢,232,66,0.0056805827,772
鬼节,鬼节,2,tencent_ai_lab_chinese_embedding_light_mirror_mvp,约会物件与仪式,0.57010516,0.59549469,0.53202087,七夕,False,773,773,0.53789586,情人节,142,96,0.0056803757,773
副食店,副食店,3,tencent_ai_lab_chinese_embedding_light_mirror_mvp,校园空间与路线,0.61938006,0.70800185,0.48644736,小卖部,False,774,774,0.51647495,小卖部,100,136,0.0056760204,774
彩虹,彩虹,2,tencent_ai_lab_chinese_embedding_light_mirror_mvp,青春感官与毕业,0.56958848,0.59225804,0.53558415,晚霞,False,775,775,0.50944409,晚霞,190,77,0.005649635,775
红包,红包,2,tencent_ai_lab_chinese_embedding_light_mirror_mvp,约会物件与仪式,0.56334163,0.60884464,0.49508712,礼物,False,776,776,0.55179924,礼物,175,82,0.0056487863,776
一本书,一本书,3,tencent_ai_lab_chinese_embedding_light_mirror_mvp,纸面心意与暗号,0.58565507,0.59980893,0.56442428,日记本,False,777,777,0.62310919,书信,178,81,0.0056469396,777
自行车,自行车,3,tencent_ai_lab_chinese_embedding_light_mirror_mvp,校园日常互动,0.48936322,0.5585416,0.38559565,等车,False,778,778,0.48181593,等车,109,126,0.0056467519,778
素颜,素颜,2,tencent_ai_lab_chinese_embedding_light_mirror_mvp,校园日常互动,0.50032355,0.58592832,0.37191638,合照,False,779,779,0.38405741,合照,76,194,0.0056449745,779
青年节,青年节,3,tencent_ai_lab_chinese_embedding_light_mirror_mvp,约会物件与仪式,0.58607929,0.5944314,0.57355112,七夕,False,780,780,0.50898584,情人节,110,125,0.0056438792,780
开叉,开叉,2,tencent_ai_lab_chinese_embedding_light_mirror_mvp,校园外貌与信物,0.6041348,0.60835469,0.59780496,马尾,False,781,781,0.43353862,发梢,95,147,0.0056412654,781
面包,面包,2,tencent_ai_lab_chinese_embedding_light_mirror_mvp,约会物件与仪式,0.60789633,0.65028191,0.54431796,奶茶,False,782,782,0.413696,礼物,74,202,0.0056397402,782
小道,小道,2,tencent_ai_lab_chinese_embedding_light_mirror_mvp,校园空间与路线,0.61734715,0.65674138,0.55825579,林荫道,False,783,783,0.51833454,林荫道,104,133,0.0056394541,783
一摞,一摞,2,tencent_ai_lab_chinese_embedding_light_mirror_mvp,纸面心意与暗号,0.63082929,0.65006614,0.60197401,信封,False,784,784,0.51587671,书签,92,153,0.0056368915,784
齐腰,齐腰,2,tencent_ai_lab_chinese_embedding_light_mirror_mvp,校园外貌与信物,0.60971261,0.62645644,0.58459687,马尾,False,785,785,0.41919116,小皮筋,84,171,0.0056367244,785
好几辆,好几辆,3,tencent_ai_lab_chinese_embedding_light_mirror_mvp,校园日常互动,0.48633163,0.56611305,0.36665949,等车,False,786,786,0.49401076,等车,117,118,0.0056338475,786
凄凉,凄凉,2,tencent_ai_lab_chinese_embedding_light_mirror_mvp,青春感官与毕业,0.57358645,0.6149947,0.51147407,离别,False,787,787,0.50174854,离别,174,83,0.0056332556,787
依依不舍,依依不舍,4,tencent_ai_lab_chinese_embedding_light_mirror_mvp,青春感官与毕业,0.5611329,0.61337078,0.48277608,离别,False,788,788,0.52114481,离别,230,68,0.0056303879,788
丝带,丝带,2,tencent_ai_lab_chinese_embedding_light_mirror_mvp,校园外貌与信物,0.61320674,0.62406373,0.59692127,纽扣,False,789,789,0.41120234,发梢,79,187,0.0056214138,789
艳红,艳红,2,tencent_ai_lab_chinese_embedding_light_mirror_mvp,青春感官与毕业,0.59079378,0.64715743,0.5062483,晚霞,False,790,790,0.46425936,晚霞,114,122,0.005620816,790
各班,各班,2,tencent_ai_lab_chinese_embedding_light_mirror_mvp,校园空间与路线,0.61398673,0.63240504,0.58635926,教室,False,791,791,0.54253572,教室,119,117,0.0056181548,791
流苏,流苏,2,tencent_ai_lab_chinese_embedding_light_mirror_mvp,校园外貌与信物,0.6229666,0.6574508,0.57124031,纽扣,False,792,792,0.38783424,发卡,69,228,0.0056120801,792
系着,系着,2,tencent_ai_lab_chinese_embedding_light_mirror_mvp,校园外貌与信物,0.566405,0.59226924,0.52760863,纽扣,False,793,793,0.49164257,发卡,192,78,0.0056073154,793
湖光山色,湖光山色,4,tencent_ai_lab_chinese_embedding_light_mirror_mvp,青春感官与毕业,0.57911241,0.64100111,0.48627937,晚霞,False,794,794,0.48483441,晨光,151,95,0.0055954747,794
红花,红花,2,tencent_ai_lab_chinese_embedding_light_mirror_mvp,约会物件与仪式,0.5599795,0.64489436,0.4326072,玫瑰,False,795,795,0.55708863,花束,191,79,0.0055891542,795
内页,内页,2,tencent_ai_lab_chinese_embedding_light_mirror_mvp,纸面心意与暗号,0.63502424,0.65365112,0.60708392,书签,False,796,796,0.48980922,书信,83,179,0.0055885537,796
人民广场,人民广场,4,tencent_ai_lab_chinese_embedding_light_mirror_mvp,校园空间与路线,0.61408648,0.64921296,0.56139678,公交站,False,797,797,0.5361686,广播站,117,121,0.0055872897,797
改送,改送,2,tencent_ai_lab_chinese_embedding_light_mirror_mvp,约会物件与仪式,0.57446628,0.60018742,0.53588456,礼物,False,798,798,0.52913373,礼物,137,104,0.0055868516,798
面部轮廓,面部轮廓,4,tencent_ai_lab_chinese_embedding_light_mirror_mvp,校园外貌与信物,0.5730516,0.58569252,0.5540902,刘海,False,799,799,0.48205003,红脸,169,87,0.0055847667,799
草纸,草纸,2,tencent_ai_lab_chinese_embedding_light_mirror_mvp,纸面心意与暗号,0.58641725,0.59311366,0.57637262,纸条,False,800,800,0.6148073,纸条,175,85,0.0055759354,800
考场,考场,2,tencent_ai_lab_chinese_embedding_light_mirror_mvp,校园空间与路线,0.58962393,0.62604082,0.5349986,教室,False,801,801,0.62113457,操场,225,71,0.0055711799,801
窗外,窗外,2,tencent_ai_lab_chinese_embedding_light_mirror_mvp,青春感官与毕业,0.58772779,0.60830724,0.5568586,晨光,False,802,802,0.46805216,离别,120,119,0.0055710739,802
留言本,留言本,3,tencent_ai_lab_chinese_embedding_light_mirror_mvp,纸面心意与暗号,0.59103,0.60459542,0.57068187,日记本,False,803,803,0.59720805,日记本,162,91,0.0055635105,803
烫过,烫过,2,tencent_ai_lab_chinese_embedding_light_mirror_mvp,校园外貌与信物,0.59713559,0.6136955,0.57229573,发梢,False,804,804,0.44575536,红脸,109,132,0.0055627465,804
练习本,练习本,3,tencent_ai_lab_chinese_embedding_light_mirror_mvp,纸面心意与暗号,0.59415705,0.61600661,0.56138271,日记本,False,805,805,0.59133902,日记本,154,95,0.005562255,805
飘零,飘零,2,tencent_ai_lab_chinese_embedding_light_mirror_mvp,青春感官与毕业,0.59775574,0.63376904,0.5437358,离别,False,806,806,0.45209144,离别,101,144,0.0055565705,806
雪糕,雪糕,2,tencent_ai_lab_chinese_embedding_light_mirror_mvp,约会物件与仪式,0.59802876,0.65254867,0.51624888,奶茶,False,807,807,0.44100696,礼物,84,180,0.0055555556,807
耳环,耳环,2,tencent_ai_lab_chinese_embedding_light_mirror_mvp,校园外貌与信物,0.62005358,0.63553345,0.59683377,纽扣,False,808,808,0.3970901,纽扣,75,211,0.0055487222,808
显小,显小,2,tencent_ai_lab_chinese_embedding_light_mirror_mvp,校园外貌与信物,0.55698068,0.56700635,0.54194218,刘海,False,809,809,0.50932202,小皮筋,234,70,0.0055468341,809
光芒,光芒,2,tencent_ai_lab_chinese_embedding_light_mirror_mvp,青春感官与毕业,0.55843118,0.58193642,0.52317333,晨光,False,810,810,0.51752996,晨光,242,69,0.0055315981,810
路边,路边,2,tencent_ai_lab_chinese_embedding_light_mirror_mvp,校园空间与路线,0.61734535,0.63474852,0.59124058,公交站,False,811,811,0.51493243,走廊,105,140,0.005530303,811
看着,看着,2,tencent_ai_lab_chinese_embedding_light_mirror_mvp,校园日常互动,0.46785479,0.48140368,0.44753146,同桌,False,812,812,0.54135699,等车,207,77,0.0055222942,812
繁花,繁花,2,tencent_ai_lab_chinese_embedding_light_mirror_mvp,青春感官与毕业,0.59430561,0.6185472,0.55794322,晚霞,False,813,813,0.45399299,晨光,105,141,0.0055178652,813
鼻头,鼻头,2,tencent_ai_lab_chinese_embedding_light_mirror_mvp,校园外貌与信物,0.57204185,0.5838201,0.55437446,酒窝,False,814,814,0.47904839,马尾,172,89,0.0055108771,814
双眼皮,双眼皮,3,tencent_ai_lab_chinese_embedding_light_mirror_mvp,校园外貌与信物,0.58455722,0.62313557,0.52668971,酒窝,False,815,815,0.45705154,小皮筋,131,113,0.0055079745,815
繁星,繁星,2,tencent_ai_lab_chinese_embedding_light_mirror_mvp,青春感官与毕业,0.60146644,0.6276952,0.5621233,晨光,False,816,816,0.4312596,晨光,88,175,0.005506038,816
小本,小本,2,tencent_ai_lab_chinese_embedding_light_mirror_mvp,纸面心意与暗号,0.57673175,0.60279346,0.5376392,日记本,False,817,817,0.63122693,日记本,202,79,0.0055055192,817
排班,排班,2,tencent_ai_lab_chinese_embedding_light_mirror_mvp,校园日常互动,0.48398056,0.55416703,0.37870085,值日,False,818,818,0.49765123,留座,130,114,0.0055051422,818
秀起,秀起,2,tencent_ai_lab_chinese_embedding_light_mirror_mvp,校园日常互动,0.49862931,0.59183067,0.35882726,合照,False,819,819,0.39738389,讲题,83,189,0.0055045356,819
街口,街口,2,tencent_ai_lab_chinese_embedding_light_mirror_mvp,校园空间与路线,0.62289809,0.64917403,0.58348417,公交站,False,820,820,0.48359367,走廊,91,168,0.0055042407,820
护发乳,护发乳,3,tencent_ai_lab_chinese_embedding_light_mirror_mvp,校园外貌与信物,0.55648385,0.58764714,0.50973892,发梢,False,821,821,0.50748682,发梢,237,71,0.0055002956,821
揉成一团,揉成一团,4,tencent_ai_lab_chinese_embedding_light_mirror_mvp,纸面心意与暗号,0.64245299,0.66219062,0.61284655,纸条,False,822,822,0.41075016,小纸条,70,243,0.0054963189,822
悲凉,悲凉,2,tencent_ai_lab_chinese_embedding_light_mirror_mvp,青春感官与毕业,0.58075005,0.64239424,0.48828375,离别,False,823,823,0.47695897,离别,140,108,0.0054761905,823
吹干,吹干,2,tencent_ai_lab_chinese_embedding_light_mirror_mvp,校园外貌与信物,0.61427852,0.67110437,0.52903974,发梢,False,824,824,0.39709108,发梢,78,210,0.0054750403,824
借阅,借阅,2,tencent_ai_lab_chinese_embedding_light_mirror_mvp,校园空间与路线,0.61777391,0.69668967,0.49940029,图书馆,False,825,825,0.50566593,图书馆,103,148,0.0054713308,825
环城路,环城路,3,tencent_ai_lab_chinese_embedding_light_mirror_mvp,校园空间与路线,0.6299226,0.67539215,0.56171829,公交站,False,826,826,0.45340247,走廊,81,201,0.0054618081,826
蜡像,蜡像,2,tencent_ai_lab_chinese_embedding_light_mirror_mvp,校园日常互动,0.49546186,0.58577597,0.35999069,合照,False,827,827,0.43112294,合照,90,175,0.0054609929,827
笑容,笑容,2,tencent_ai_lab_chinese_embedding_light_mirror_mvp,校园外貌与信物,0.57624432,0.63077366,0.4944503,酒窝,False,828,828,0.47059752,红脸,157,99,0.0054488016,828
剪影,剪影,2,tencent_ai_lab_chinese_embedding_light_mirror_mvp,青春感官与毕业,0.59858756,0.62388062,0.56064796,晨光,False,829,829,0.44401758,校园广播,99,158,0.0054382321,829
寄完,寄完,2,tencent_ai_lab_chinese_embedding_light_mirror_mvp,纸面心意与暗号,0.60618598,0.63954902,0.55614144,明信片,False,830,830,0.5499383,信封,125,123,0.0054349431,830
张是,张是,2,tencent_ai_lab_chinese_embedding_light_mirror_mvp,校园日常互动,0.4888917,0.56911421,0.36855793,合照,False,831,831,0.46789702,合照,110,141,0.0054287387,831
画册,画册,2,tencent_ai_lab_chinese_embedding_light_mirror_mvp,纸面心意与暗号,0.61255898,0.61525452,0.60851568,明信片,False,832,832,0.53462818,书签,113,137,0.0054282445,832
大路,大路,2,tencent_ai_lab_chinese_embedding_light_mirror_mvp,校园空间与路线,0.62497172,0.65198672,0.58444923,林荫道,False,833,833,0.47046543,走廊,88,184,0.0054275587,833
飘落,飘落,2,tencent_ai_lab_chinese_embedding_light_mirror_mvp,青春感官与毕业,0.56149604,0.57710719,0.53807932,晚霞,False,834,834,0.50964931,离别,226,76,0.0054247223,834
订书机,订书机,3,tencent_ai_lab_chinese_embedding_light_mirror_mvp,纸面心意与暗号,0.59751525,0.62528694,0.55585772,书签,False,835,835,0.57897465,书签,148,106,0.0054158943,835
带子,带子,2,tencent_ai_lab_chinese_embedding_light_mirror_mvp,校园外貌与信物,0.59817719,0.64001906,0.5354144,纽扣,False,836,836,0.43377341,发梢,108,145,0.0054152149,836
绿树,绿树,2,tencent_ai_lab_chinese_embedding_light_mirror_mvp,校园空间与路线,0.63215793,0.69656044,0.53555417,林荫道,False,837,837,0.39718825,林荫道,74,237,0.005414845,837
贴纸,贴纸,2,tencent_ai_lab_chinese_embedding_light_mirror_mvp,纸面心意与暗号,0.56138561,0.57443666,0.54180902,明信片,False,838,838,0.64449651,纸条,243,73,0.0054095635,838
树丛,树丛,2,tencent_ai_lab_chinese_embedding_light_mirror_mvp,校园空间与路线,0.62940831,0.66875494,0.57038838,林荫道,False,839,839,0.44692481,林荫道,82,205,0.0054079192,839
邀请信,邀请信,3,tencent_ai_lab_chinese_embedding_light_mirror_mvp,纸面心意与暗号,0.57526752,0.5913642,0.55112249,书信,False,840,840,0.6231082,书信,207,82,0.0053937859,840
几站,几站,2,tencent_ai_lab_chinese_embedding_light_mirror_mvp,校园日常互动,0.47089609,0.55111265,0.35057124,等车,False,841,841,0.53364447,等车,191,87,0.0053933924,841
升旗仪式,升旗仪式,4,tencent_ai_lab_chinese_embedding_light_mirror_mvp,校园日常互动,0.49649731,0.53904521,0.43267545,值日,False,842,842,0.38308767,等车,86,195,0.0053854418,842
食品店,食品店,3,tencent_ai_lab_chinese_embedding_light_mirror_mvp,校园空间与路线,0.60837978,0.68633986,0.49143967,小卖部,False,843,843,0.54662564,小卖部,138,115,0.0053823954,843
公映,公映,2,tencent_ai_lab_chinese_embedding_light_mirror_mvp,约会物件与仪式,0.57643425,0.63859051,0.48319986,电影院,False,844,844,0.51131427,电影院,130,122,0.0053788317,844
毛球,毛球,2,tencent_ai_lab_chinese_embedding_light_mirror_mvp,校园外貌与信物,0.58481803,0.61399961,0.54104567,纽扣,False,845,845,0.44771447,发梢,130,122,0.0053788317,845
茉莉花,茉莉花,3,tencent_ai_lab_chinese_embedding_light_mirror_mvp,约会物件与仪式,0.5628987,0.63202471,0.45920968,玫瑰,False,846,846,0.54062274,玫瑰,177,93,0.0053776785,846
钢笔,钢笔,2,tencent_ai_lab_chinese_embedding_light_mirror_mvp,纸面心意与暗号,0.6298322,0.64035583,0.61404675,日记本,False,847,847,0.49189131,书签,93,177,0.0053776785,847
照在,照在,2,tencent_ai_lab_chinese_embedding_light_mirror_mvp,青春感官与毕业,0.59209895,0.64416492,0.514,晨光,False,848,848,0.44910937,毕业,110,147,0.0053566354,848
肤白,肤白,2,tencent_ai_lab_chinese_embedding_light_mirror_mvp,校园外貌与信物,0.56916957,0.59054554,0.53710562,酒窝,False,849,849,0.47806933,红脸,180,93,0.0053513072,849
重映,重映,2,tencent_ai_lab_chinese_embedding_light_mirror_mvp,约会物件与仪式,0.57516956,0.63373613,0.48731971,电影院,False,850,850,0.51282414,电影院,134,121,0.0053397505,850
纯牛奶,纯牛奶,3,tencent_ai_lab_chinese_embedding_light_mirror_mvp,约会物件与仪式,0.54625344,0.61915493,0.43690121,奶茶,False,851,851,0.56431092,奶茶,241,76,0.0053376002,851
作文簿,作文簿,3,tencent_ai_lab_chinese_embedding_light_mirror_mvp,纸面心意与暗号,0.5995111,0.63356507,0.54843014,日记本,False,852,852,0.56103283,书信,139,117,0.0053374216,852
奥迪车,奥迪车,3,tencent_ai_lab_chinese_embedding_light_mirror_mvp,校园日常互动,0.48321446,0.56273437,0.36393461,等车,False,853,853,0.48508704,等车,132,123,0.0053364071,853
纪念品,纪念品,3,tencent_ai_lab_chinese_embedding_light_mirror_mvp,纸面心意与暗号,0.63200986,0.6723175,0.5715484,明信片,False,854,854,0.47576406,书信,88,196,0.0053315034,854
这辆,这辆,2,tencent_ai_lab_chinese_embedding_light_mirror_mvp,校园日常互动,0.46988637,0.54617202,0.3554579,等车,False,855,855,0.53267018,等车,196,88,0.0053315034,855
一头,一头,2,tencent_ai_lab_chinese_embedding_light_mirror_mvp,校园外貌与信物,0.56169581,0.59484065,0.51197857,马尾,False,856,856,0.48700427,发梢,218,82,0.0053196879,856
冰激凌,冰激凌,3,tencent_ai_lab_chinese_embedding_light_mirror_mvp,约会物件与仪式,0.60604591,0.64493406,0.5477137,奶茶,False,857,857,0.37320125,玫瑰,80,226,0.0053196803,857
学期末,学期末,3,tencent_ai_lab_chinese_embedding_light_mirror_mvp,校园空间与路线,0.58612518,0.60383189,0.55956513,教室,False,858,858,0.61243939,放学,245,76,0.0053158149,858
校刊,校刊,2,tencent_ai_lab_chinese_embedding_light_mirror_mvp,校园空间与路线,0.60928211,0.66646862,0.52350235,广播站,False,859,859,0.5346354,教室,135,122,0.0053113553,859
剪裁,剪裁,2,tencent_ai_lab_chinese_embedding_light_mirror_mvp,校园外貌与信物,0.58017461,0.6141994,0.52913743,纽扣,False,860,860,0.44989641,发梢,140,118,0.0053089888,860
淡妆,淡妆,2,tencent_ai_lab_chinese_embedding_light_mirror_mvp,校园外貌与信物,0.57679428,0.59276718,0.55283493,马尾,False,861,861,0.46199049,红脸,155,108,0.0053017719,861
风儿,风儿,2,tencent_ai_lab_chinese_embedding_light_mirror_mvp,青春感官与毕业,0.6038029,0.63280725,0.56029636,晚霞,False,862,862,0.39416486,蝉鸣,82,221,0.0053004862,862
邮寄,邮寄,2,tencent_ai_lab_chinese_embedding_light_mirror_mvp,纸面心意与暗号,0.57193325,0.5997045,0.53027636,明信片,False,863,863,0.61827255,信封,219,83,0.0052886182,863
三楼,三楼,2,tencent_ai_lab_chinese_embedding_light_mirror_mvp,校园空间与路线,0.62254577,0.63825071,0.59898835,走廊,False,864,864,0.46726623,教室,93,188,0.0052841029,864
速溶咖啡,速溶咖啡,4,tencent_ai_lab_chinese_embedding_light_mirror_mvp,约会物件与仪式,0.59261249,0.68211567,0.45835772,奶茶,False,865,865,0.43403093,奶茶,93,188,0.0052841029,865
袖套,袖套,2,tencent_ai_lab_chinese_embedding_light_mirror_mvp,校园外貌与信物,0.56202681,0.58106303,0.53347248,纽扣,False,866,866,0.48474305,校服,216,84,0.0052838164,866
面包店,面包店,3,tencent_ai_lab_chinese_embedding_light_mirror_mvp,校园空间与路线,0.62128665,0.67336941,0.54316252,小卖部,False,867,867,0.47093478,小卖部,95,183,0.0052834196,867
表情,表情,2,tencent_ai_lab_chinese_embedding_light_mirror_mvp,校园日常互动,0.49080091,0.54089808,0.41565514,合照,False,868,868,0.43953233,讲题,104,164,0.0052809233,868
侧边,侧边,2,tencent_ai_lab_chinese_embedding_light_mirror_mvp,校园外貌与信物,0.59931726,0.61980379,0.56858748,刘海,False,869,869,0.42188545,发梢,103,166,0.005279874,869
干花,干花,2,tencent_ai_lab_chinese_embedding_light_mirror_mvp,约会物件与仪式,0.57784352,0.6287632,0.50146401,玫瑰,False,870,870,0.50435636,花束,126,133,0.0052788456,870
菜市场,菜市场,3,tencent_ai_lab_chinese_embedding_light_mirror_mvp,校园空间与路线,0.60422839,0.63058358,0.5646956,小卖部,False,871,871,0.56104802,操场,158,108,0.0052697685,871
起居室,起居室,3,tencent_ai_lab_chinese_embedding_light_mirror_mvp,校园空间与路线,0.60711974,0.63761014,0.56138414,走廊,False,872,872,0.54643788,教室,146,116,0.0052680936,872
公园路,公园路,3,tencent_ai_lab_chinese_embedding_light_mirror_mvp,校园空间与路线,0.59012376,0.62707776,0.53469276,公交站,False,873,873,0.60116186,公交站,223,83,0.0052632879,873
鸟儿,鸟儿,2,tencent_ai_lab_chinese_embedding_light_mirror_mvp,青春感官与毕业,0.56122643,0.59411615,0.51189184,晚霞,False,874,874,0.50251685,蝉鸣,228,82,0.0052572379,874
停车处,停车处,3,tencent_ai_lab_chinese_embedding_light_mirror_mvp,校园空间与路线,0.61966873,0.64651209,0.5794037,公交站,False,875,875,0.47463955,公交站,98,179,0.0052566072,875
主干道,主干道,3,tencent_ai_lab_chinese_embedding_light_mirror_mvp,校园空间与路线,0.62307749,0.633178,0.60792673,林荫道,False,876,876,0.45456492,林荫道,90,200,0.0052564103,876
庭院,庭院,2,tencent_ai_lab_chinese_embedding_light_mirror_mvp,校园空间与路线,0.62063422,0.64909005,0.57795048,林荫道,False,877,877,0.47127084,教室,97,182,0.0052508291,877
额角,额角,2,tencent_ai_lab_chinese_embedding_light_mirror_mvp,校园外貌与信物,0.58553441,0.63456726,0.51198512,发梢,False,878,878,0.44566281,红脸,128,133,0.005250248,878
中文系,中文系,3,tencent_ai_lab_chinese_embedding_light_mirror_mvp,青春感官与毕业,0.59249432,0.70902294,0.41770139,毕业,False,879,879,0.44010412,毕业,108,161,0.0052386339,879
微博之夜,微博之夜,4,tencent_ai_lab_chinese_embedding_light_mirror_mvp,校园日常互动,0.49277843,0.57435423,0.37041473,合照,False,880,880,0.40843344,值日,96,186,0.0052376485,880
甜品店,甜品店,3,tencent_ai_lab_chinese_embedding_light_mirror_mvp,约会物件与仪式,0.58867205,0.6228016,0.53747773,奶茶,False,881,881,0.45413947,奶茶,104,169,0.0052321866,881
这杯,这杯,2,tencent_ai_lab_chinese_embedding_light_mirror_mvp,约会物件与仪式,0.58033777,0.64797682,0.47887921,奶茶,False,882,882,0.48923582,奶茶,120,144,0.0052287582,882
密齿梳,密齿梳,3,tencent_ai_lab_chinese_embedding_light_mirror_mvp,校园外貌与信物,0.57008746,0.57508671,0.56258857,发梢,False,883,883,0.46932513,发梢,178,100,0.0052258403,883
薰衣草,薰衣草,3,tencent_ai_lab_chinese_embedding_light_mirror_mvp,约会物件与仪式,0.59159409,0.67302144,0.46945307,玫瑰,False,884,884,0.43845977,花束,97,185,0.0052255297,884
车流,车流,2,tencent_ai_lab_chinese_embedding_light_mirror_mvp,校园日常互动,0.47539281,0.5645467,0.34166196,等车,False,885,885,0.50840703,等车,170,104,0.0052226935,885
杯装,杯装,2,tencent_ai_lab_chinese_embedding_light_mirror_mvp,约会物件与仪式,0.58388035,0.67589921,0.44585207,奶茶,False,886,886,0.4749,礼物,114,153,0.0052209811,886
笑称,笑称,2,tencent_ai_lab_chinese_embedding_light_mirror_mvp,校园日常互动,0.49243819,0.55187744,0.4032793,合照,False,887,887,0.41177827,讲题,98,184,0.0052137373,887
早退,早退,2,tencent_ai_lab_chinese_embedding_light_mirror_mvp,校园日常互动,0.48065151,0.52242434,0.41799226,值日,False,888,888,0.4865482,值日,144,121,0.0052134113,888
红酒,红酒,2,tencent_ai_lab_chinese_embedding_light_mirror_mvp,约会物件与仪式,0.59200418,0.62308717,0.5453797,奶茶,False,889,889,0.42971869,奶茶,95,192,0.0052099334,889
罂粟花,罂粟花,3,tencent_ai_lab_chinese_embedding_light_mirror_mvp,约会物件与仪式,0.57799239,0.66987276,0.44017184,玫瑰,False,890,890,0.49790747,花束,125,141,0.0051902649,890
饭馆,饭馆,2,tencent_ai_lab_chinese_embedding_light_mirror_mvp,校园空间与路线,0.59346476,0.64825583,0.51127815,小卖部,False,891,891,0.59100999,体育馆,207,91,0.0051839175,891
截图,截图,2,tencent_ai_lab_chinese_embedding_light_mirror_mvp,校园日常互动,0.48578498,0.56545651,0.36627769,合照,False,892,892,0.46401137,合照,122,146,0.0051744372,892
淘气堡,淘气堡,3,tencent_ai_lab_chinese_embedding_light_mirror_mvp,约会物件与仪式,0.59824694,0.68921673,0.46179226,游乐园,False,893,893,0.34322209,奶茶,83,238,0.0051743558,893
云雾,云雾,2,tencent_ai_lab_chinese_embedding_light_mirror_mvp,青春感官与毕业,0.59093157,0.63611132,0.52316195,晚霞,False,894,894,0.44319626,雨伞,113,159,0.0051732784,894
餐巾纸,餐巾纸,3,tencent_ai_lab_chinese_embedding_light_mirror_mvp,纸面心意与暗号,0.57036717,0.58701706,0.54539233,纸条,False,895,895,0.60923804,纸条,227,86,0.0051668178,895
裤带,裤带,2,tencent_ai_lab_chinese_embedding_light_mirror_mvp,校园外貌与信物,0.57954628,0.63869894,0.49081731,纽扣,False,896,896,0.4475072,校服,143,125,0.0051657569,896
支笔,支笔,2,tencent_ai_lab_chinese_embedding_light_mirror_mvp,纸面心意与暗号,0.61658456,0.63361394,0.59104049,日记本,False,897,897,0.49639089,书签,107,171,0.0051585141,897
相册,相册,2,tencent_ai_lab_chinese_embedding_light_mirror_mvp,纸面心意与暗号,0.5999398,0.61257434,0.58098799,日记本,False,898,898,0.54025722,书信,137,131,0.0051558721,898
首饰,首饰,2,tencent_ai_lab_chinese_embedding_light_mirror_mvp,约会物件与仪式,0.54912604,0.59873515,0.47471237,礼物,False,899,899,0.54526366,礼物,226,87,0.0051496123,899
上发,上发,2,tencent_ai_lab_chinese_embedding_light_mirror_mvp,校园日常互动,0.48532523,0.56086338,0.37201801,合照,False,900,900,0.46747205,留座,127,142,0.0051490443,900
布条,布条,2,tencent_ai_lab_chinese_embedding_light_mirror_mvp,校园外貌与信物,0.59286456,0.63062441,0.53622478,纽扣,False,901,901,0.42432187,发梢,113,162,0.0051424257,901
始发站,始发站,3,tencent_ai_lab_chinese_embedding_light_mirror_mvp,校园空间与路线,0.59833634,0.67868751,0.47780958,公交站,False,902,902,0.57542953,广播站,181,103,0.0051421735,902
果汁,果汁,2,tencent_ai_lab_chinese_embedding_light_mirror_mvp,约会物件与仪式,0.59087143,0.64869368,0.50413805,奶茶,False,903,903,0.42851513,奶茶,98,193,0.0051408415,903
不忘发,不忘发,3,tencent_ai_lab_chinese_embedding_light_mirror_mvp,校园日常互动,0.47688267,0.56074291,0.35109231,合照,False,904,904,0.49992529,借笔记,164,112,0.0051391196,904
车堵,车堵,2,tencent_ai_lab_chinese_embedding_light_mirror_mvp,校园日常互动,0.48185643,0.56620026,0.35534069,等车,False,905,905,0.47602351,等车,140,130,0.0051315789,905
清风,清风,2,tencent_ai_lab_chinese_embedding_light_mirror_mvp,青春感官与毕业,0.59333684,0.61537457,0.56028026,晨光,False,906,906,0.43154408,晨光,107,174,0.0051307641,906
休息室,休息室,3,tencent_ai_lab_chinese_embedding_light_mirror_mvp,校园空间与路线,0.59027778,0.60111219,0.57402617,走廊,False,907,907,0.59403658,教室,222,89,0.0051287543,907
拍大,拍大,2,tencent_ai_lab_chinese_embedding_light_mirror_mvp,校园日常互动,0.4697392,0.5492503,0.35047254,合照,False,908,908,0.51738468,合照,200,96,0.0051282051,908
胸前,胸前,2,tencent_ai_lab_chinese_embedding_light_mirror_mvp,校园外貌与信物,0.60390265,0.6426841,0.54573047,纽扣,False,909,909,0.40432116,酒窝,96,200,0.0051282051,909
学生上课,学生上课,4,tencent_ai_lab_chinese_embedding_light_mirror_mvp,校园空间与路线,0.59275217,0.62691176,0.54151279,教室,False,910,910,0.58748608,放学,211,93,0.0051129923,910
钥匙圈,钥匙圈,3,tencent_ai_lab_chinese_embedding_light_mirror_mvp,校园外貌与信物,0.56729724,0.60248554,0.5145148,纽扣,False,911,911,0.46880461,纽扣,190,101,0.0051055901,911
寄去,寄去,2,tencent_ai_lab_chinese_embedding_light_mirror_mvp,纸面心意与暗号,0.60387399,0.6163404,0.58517438,明信片,False,912,912,0.53186638,信封,132,140,0.0051041667,912
片子,片子,2,tencent_ai_lab_chinese_embedding_light_mirror_mvp,约会物件与仪式,0.57214867,0.65682024,0.44514132,电影院,False,913,913,0.50460584,电影院,140,132,0.0051041667,913
装订,装订,2,tencent_ai_lab_chinese_embedding_light_mirror_mvp,纸面心意与暗号,0.60268664,0.62256753,0.57286531,书签,False,914,914,0.53437252,书签,134,138,0.0051025721,914
裤腿,裤腿,2,tencent_ai_lab_chinese_embedding_light_mirror_mvp,校园外貌与信物,0.60035295,0.61861706,0.5729568,纽扣,False,915,915,0.40949038,校服,102,189,0.0050944519,915
碧蓝,碧蓝,2,tencent_ai_lab_chinese_embedding_light_mirror_mvp,青春感官与毕业,0.60325286,0.65519524,0.52533931,晚霞,False,916,916,0.35997655,晨光,85,246,0.0050822628,916
贺年片,贺年片,3,tencent_ai_lab_chinese_embedding_light_mirror_mvp,纸面心意与暗号,0.63338541,0.6680693,0.58135957,明信片,False,917,917,0.40359967,明信片,85,246,0.0050822628,917
汇款单,汇款单,3,tencent_ai_lab_chinese_embedding_light_mirror_mvp,纸面心意与暗号,0.62896466,0.64989781,0.59756494,信封,False,918,918,0.46218033,纸条,96,207,0.0050777874,918
袋子,袋子,2,tencent_ai_lab_chinese_embedding_light_mirror_mvp,纸面心意与暗号,0.62411182,0.66096497,0.5688321,信封,False,919,919,0.47583079,纸条,101,194,0.005074094,919
耳垂,耳垂,2,tencent_ai_lab_chinese_embedding_light_mirror_mvp,校园外貌与信物,0.58972043,0.61184484,0.55653381,发梢,False,920,920,0.42583787,发梢,120,158,0.0050713558,920
嘴唇,嘴唇,2,tencent_ai_lab_chinese_embedding_light_mirror_mvp,校园外貌与信物,0.55667094,0.58223933,0.51831836,发梢,False,921,921,0.48119622,红脸,236,88,0.0050675676,921
布料,布料,2,tencent_ai_lab_chinese_embedding_light_mirror_mvp,校园外貌与信物,0.59212563,0.6351999,0.52751422,纽扣,False,922,922,0.4212746,发梢,114,168,0.0050665457,922
缝上,缝上,2,tencent_ai_lab_chinese_embedding_light_mirror_mvp,校园外貌与信物,0.58250079,0.6492154,0.48242888,纽扣,False,923,923,0.44015309,发梢,134,141,0.0050648818,923
传达室,传达室,3,tencent_ai_lab_chinese_embedding_light_mirror_mvp,校园空间与路线,0.61297874,0.62475193,0.59531897,小卖部,False,924,924,0.50210959,教室,125,152,0.0050611933,924
那张,那张,2,tencent_ai_lab_chinese_embedding_light_mirror_mvp,纸面心意与暗号,0.59806268,0.62848544,0.55242854,纸条,False,925,925,0.53966866,纸条,144,132,0.0050551471,925
散下,散下,2,tencent_ai_lab_chinese_embedding_light_mirror_mvp,校园外貌与信物,0.57633424,0.59200537,0.55282754,马尾,False,926,926,0.44764545,发梢,156,123,0.0050470553,926
摘记,摘记,2,tencent_ai_lab_chinese_embedding_light_mirror_mvp,纸面心意与暗号,0.61276119,0.64345908,0.56671435,日记本,False,927,927,0.49383706,日记本,112,174,0.0050437289,927
景致,景致,2,tencent_ai_lab_chinese_embedding_light_mirror_mvp,青春感官与毕业,0.59924005,0.64836258,0.52555627,晚霞,False,928,928,0.40485497,毕业,97,209,0.0050434494,928
屋子,屋子,2,tencent_ai_lab_chinese_embedding_light_mirror_mvp,校园空间与路线,0.61515337,0.63414949,0.58665919,教室,False,929,929,0.47393114,教室,109,180,0.0050419132,929
所写,所写,2,tencent_ai_lab_chinese_embedding_light_mirror_mvp,纸面心意与暗号,0.60548877,0.6342842,0.56229562,书信,False,930,930,0.51611744,书信,127,152,0.0050322874,930
包带,包带,2,tencent_ai_lab_chinese_embedding_light_mirror_mvp,校园外貌与信物,0.59071722,0.63181913,0.52906436,纽扣,False,931,931,0.42134436,发卡,117,167,0.0050275019,931
道旁,道旁,2,tencent_ai_lab_chinese_embedding_light_mirror_mvp,校园空间与路线,0.59824429,0.65153921,0.5183019,林荫道,False,932,932,0.55587621,林荫道,182,109,0.0050246956,932
花边,花边,2,tencent_ai_lab_chinese_embedding_light_mirror_mvp,校园外貌与信物,0.58847966,0.6320405,0.5231384,纽扣,False,933,933,0.42472792,发梢,122,160,0.00501998,933
星星点点,星星点点,4,tencent_ai_lab_chinese_embedding_light_mirror_mvp,青春感官与毕业,0.57279329,0.60306823,0.52738088,晚霞,False,934,934,0.47468001,晚霞,177,112,0.0050166814,934
书报亭,书报亭,3,tencent_ai_lab_chinese_embedding_light_mirror_mvp,校园空间与路线,0.59351095,0.63693994,0.52836746,小卖部,False,935,935,0.57761874,图书馆,205,100,0.0050117925,935
寄到,寄到,2,tencent_ai_lab_chinese_embedding_light_mirror_mvp,纸面心意与暗号,0.59029549,0.60817975,0.56346911,明信片,False,936,936,0.55872422,信封,164,120,0.0050099206,936
薄款,薄款,2,tencent_ai_lab_chinese_embedding_light_mirror_mvp,校园外貌与信物,0.55543132,0.57665527,0.52359539,纽扣,False,937,937,0.47884693,发卡,240,90,0.005,937
校会,校会,2,tencent_ai_lab_chinese_embedding_light_mirror_mvp,校园空间与路线,0.59629287,0.63806838,0.5336296,广播站,False,938,938,0.56635751,教室,190,107,0.004994012,938
盒子,盒子,2,tencent_ai_lab_chinese_embedding_light_mirror_mvp,纸面心意与暗号,0.62218189,0.65001667,0.58042973,信封,False,939,939,0.47276216,信封,104,198,0.004986765,939
满头,满头,2,tencent_ai_lab_chinese_embedding_light_mirror_mvp,校园外貌与信物,0.55848937,0.57683921,0.53096461,发梢,False,940,940,0.47666081,马尾,225,95,0.0049801924,940
绣球花,绣球花,3,tencent_ai_lab_chinese_embedding_light_mirror_mvp,约会物件与仪式,0.55266877,0.62957501,0.43730941,玫瑰,False,941,941,0.53395859,花束,216,98,0.0049761512,941
微风,微风,2,tencent_ai_lab_chinese_embedding_light_mirror_mvp,青春感官与毕业,0.58583078,0.6134218,0.54444426,晨光,False,942,942,0.44431013,晨光,128,156,0.0049743893,942
进修,进修,2,tencent_ai_lab_chinese_embedding_light_mirror_mvp,青春感官与毕业,0.55789039,0.67312014,0.38504577,毕业,False,943,943,0.49013431,毕业,245,90,0.0049726776,943
运动会,运动会,3,tencent_ai_lab_chinese_embedding_light_mirror_mvp,校园空间与路线,0.59483435,0.62282395,0.55284995,操场,False,944,944,0.57333846,体育馆,200,104,0.0049718574,944
备课,备课,2,tencent_ai_lab_chinese_embedding_light_mirror_mvp,校园空间与路线,0.59517324,0.63030291,0.54247874,教室,False,945,945,0.57272443,放学,198,105,0.0049682875,945
写下,写下,2,tencent_ai_lab_chinese_embedding_light_mirror_mvp,纸面心意与暗号,0.59283811,0.60638744,0.57251412,日记本,False,946,946,0.54178125,书信,157,128,0.0049637219,946
春花,春花,2,tencent_ai_lab_chinese_embedding_light_mirror_mvp,青春感官与毕业,0.58499144,0.61756402,0.53613257,晚霞,False,947,947,0.44546583,晨光,132,152,0.0049626572,947
邮件,邮件,2,tencent_ai_lab_chinese_embedding_light_mirror_mvp,纸面心意与暗号,0.57363794,0.5893271,0.5501042,书信,False,948,948,0.58153939,信封,210,101,0.0049574419,948
好几页,好几页,3,tencent_ai_lab_chinese_embedding_light_mirror_mvp,纸面心意与暗号,0.60988804,0.6409536,0.5632897,日记本,False,949,949,0.49547755,书信,118,173,0.0049549115,949
写真,写真,2,tencent_ai_lab_chinese_embedding_light_mirror_mvp,校园日常互动,0.48189352,0.58617437,0.32547224,合照,False,950,950,0.46581997,借笔记,139,145,0.0049515872,950
放晴,放晴,2,tencent_ai_lab_chinese_embedding_light_mirror_mvp,青春感官与毕业,0.56365917,0.60007572,0.50903434,晚霞,False,951,951,0.48252503,晨光,220,98,0.0049502712,951
返校,返校,2,tencent_ai_lab_chinese_embedding_light_mirror_mvp,校园空间与路线,0.58921261,0.62978089,0.52836019,放学,False,952,952,0.58693901,放学,230,95,0.0049499444,952
初一,初一,2,tencent_ai_lab_chinese_embedding_light_mirror_mvp,校园日常互动,0.4879074,0.51687574,0.44445488,值日,False,953,953,0.42036627,同桌,114,181,0.004948252,953
五一节,五一节,3,tencent_ai_lab_chinese_embedding_light_mirror_mvp,约会物件与仪式,0.57501674,0.59701121,0.54202503,七夕,False,954,954,0.47661325,情人节,135,150,0.0049450549,954
双节,双节,2,tencent_ai_lab_chinese_embedding_light_mirror_mvp,约会物件与仪式,0.55571713,0.58215404,0.51606178,情人节,False,955,955,0.52984024,情人节,207,103,0.0049401438,955
大厅,大厅,2,tencent_ai_lab_chinese_embedding_light_mirror_mvp,校园空间与路线,0.6027257,0.63697636,0.5513497,走廊,False,956,956,0.53120229,看台,165,124,0.0049396135,956
沾湿,沾湿,2,tencent_ai_lab_chinese_embedding_light_mirror_mvp,校园外貌与信物,0.5799044,0.65245712,0.47107533,发梢,False,957,957,0.43765946,红脸,141,144,0.0049385426,957
旁边,旁边,2,tencent_ai_lab_chinese_embedding_light_mirror_mvp,校园日常互动,0.4763896,0.48229137,0.46753696,同桌,False,958,958,0.48484808,留座,166,124,0.0049297807,958
灯火辉煌,灯火辉煌,4,tencent_ai_lab_chinese_embedding_light_mirror_mvp,青春感官与毕业,0.56507063,0.59588087,0.51885527,晚霞,False,959,959,0.48122761,晨光,215,101,0.0049237719,959
办公区,办公区,3,tencent_ai_lab_chinese_embedding_light_mirror_mvp,校园空间与路线,0.60007782,0.61792457,0.57330769,走廊,False,960,960,0.53780835,公交站,173,120,0.0049237005,960
新学期,新学期,3,tencent_ai_lab_chinese_embedding_light_mirror_mvp,校园空间与路线,0.5860003,0.61187088,0.54719442,教室,False,961,961,0.58822005,放学,246,92,0.0049234606,961
巴士,巴士,2,tencent_ai_lab_chinese_embedding_light_mirror_mvp,校园日常互动,0.4877969,0.57446659,0.35779238,等车,False,962,962,0.41931424,留座,115,182,0.0049232586,962
门口,门口,2,tencent_ai_lab_chinese_embedding_light_mirror_mvp,校园空间与路线,0.61296587,0.61716437,0.60666811,公交站,False,963,963,0.48691894,教室,126,164,0.0049203149,963
穿脱,穿脱,2,tencent_ai_lab_chinese_embedding_light_mirror_mvp,校园外貌与信物,0.57813189,0.61718094,0.51955831,纽扣,False,964,964,0.44194194,校服,150,137,0.0049190234,964
三班,三班,2,tencent_ai_lab_chinese_embedding_light_mirror_mvp,校园日常互动,0.48601321,0.52089006,0.43369794,值日,False,965,965,0.43211074,等车,120,174,0.0049145299,965
竹林,竹林,2,tencent_ai_lab_chinese_embedding_light_mirror_mvp,校园空间与路线,0.61389351,0.65824533,0.54736578,林荫道,False,966,966,0.47893614,林荫道,120,174,0.0049145299,966
头油,头油,2,tencent_ai_lab_chinese_embedding_light_mirror_mvp,校园外貌与信物,0.56866314,0.59220338,0.53335279,发梢,False,967,967,0.45678975,发梢,185,114,0.0049143795,967
抽屉,抽屉,2,tencent_ai_lab_chinese_embedding_light_mirror_mvp,纸面心意与暗号,0.622032,0.62943923,0.61092114,日记本,False,968,968,0.46274576,书签,105,206,0.0049100023,968
路旁,路旁,2,tencent_ai_lab_chinese_embedding_light_mirror_mvp,校园空间与路线,0.61176407,0.64034224,0.56889683,林荫道,False,969,969,0.49506203,走廊,129,161,0.0049079461,969
蛋挞,蛋挞,2,tencent_ai_lab_chinese_embedding_light_mirror_mvp,约会物件与仪式,0.59013362,0.66397285,0.47937477,奶茶,False,970,970,0.37332892,礼物,99,225,0.0048990401,970
大巴,大巴,2,tencent_ai_lab_chinese_embedding_light_mirror_mvp,校园日常互动,0.48564628,0.56269944,0.37006655,等车,False,971,971,0.43519763,留座,123,171,0.0048967426,971
抢行,抢行,2,tencent_ai_lab_chinese_embedding_light_mirror_mvp,校园日常互动,0.47904717,0.55569136,0.36408088,等车,False,972,972,0.46969759,等车,152,137,0.0048965616,972
花海,花海,2,tencent_ai_lab_chinese_embedding_light_mirror_mvp,约会物件与仪式,0.55251024,0.58349133,0.50603861,游乐园,False,973,973,0.53059521,花束,217,102,0.0048914739,973
奔驰车,奔驰车,3,tencent_ai_lab_chinese_embedding_light_mirror_mvp,校园日常互动,0.4737757,0.55527055,0.35153341,等车,False,974,974,0.49401749,等车,182,117,0.0048909745,974
圆领,圆领,2,tencent_ai_lab_chinese_embedding_light_mirror_mvp,校园外貌与信物,0.58871942,0.60368371,0.56627297,纽扣,False,975,975,0.41766954,纽扣,121,175,0.0048900905,975
可乐,可乐,2,tencent_ai_lab_chinese_embedding_light_mirror_mvp,约会物件与仪式,0.56005764,0.60486263,0.49285015,奶茶,False,976,976,0.51966903,游乐园,188,114,0.0048896923,976
倩影,倩影,2,tencent_ai_lab_chinese_embedding_light_mirror_mvp,青春感官与毕业,0.56138759,0.58699358,0.5229786,晚霞,False,977,977,0.48247105,蝉鸣,227,99,0.0048868144,977
街道,街道,2,tencent_ai_lab_chinese_embedding_light_mirror_mvp,校园空间与路线,0.60247116,0.62720907,0.5653643,林荫道,False,978,978,0.52875758,走廊,166,127,0.0048861862,978
秋高气爽,秋高气爽,4,tencent_ai_lab_chinese_embedding_light_mirror_mvp,青春感官与毕业,0.57445426,0.61757207,0.50977755,晚霞,False,979,979,0.46302174,蝉鸣,171,124,0.0048818935,979
递到,递到,2,tencent_ai_lab_chinese_embedding_light_mirror_mvp,纸面心意与暗号,0.59888948,0.63659018,0.54233843,信封,False,980,980,0.51645167,书签,140,150,0.0048809524,980
围兜,围兜,2,tencent_ai_lab_chinese_embedding_light_mirror_mvp,校园外貌与信物,0.58242369,0.62967908,0.51154059,纽扣,False,981,981,0.42668746,纽扣,135,156,0.0048789174,981
旖旎,旖旎,2,tencent_ai_lab_chinese_embedding_light_mirror_mvp,青春感官与毕业,0.57266353,0.59545988,0.53846902,晚霞,False,982,982,0.46477153,晨光,178,120,0.0048786181,982
团委,团委,2,tencent_ai_lab_chinese_embedding_light_mirror_mvp,校园空间与路线,0.62115059,0.6879884,0.52089387,广播站,False,983,983,0.39231174,体育馆,96,239,0.004877369,983
写满,写满,2,tencent_ai_lab_chinese_embedding_light_mirror_mvp,纸面心意与暗号,0.59404436,0.60009235,0.58497238,纸条,False,984,984,0.53466365,书信,155,136,0.0048766018,984
景点,景点,2,tencent_ai_lab_chinese_embedding_light_mirror_mvp,约会物件与仪式,0.5564177,0.6125105,0.47227851,游乐园,False,985,985,0.52127136,游乐园,204,108,0.0048701299,985
瑰丽,瑰丽,2,tencent_ai_lab_chinese_embedding_light_mirror_mvp,青春感官与毕业,0.57982392,0.63467056,0.49755397,晚霞,False,986,986,0.45320035,晨光,149,142,0.004867592,986
头巾,头巾,2,tencent_ai_lab_chinese_embedding_light_mirror_mvp,校园外貌与信物,0.56805893,0.58031565,0.54967386,马尾,False,987,987,0.45437156,发梢,189,115,0.004865175,987
浓密,浓密,2,tencent_ai_lab_chinese_embedding_light_mirror_mvp,校园外貌与信物,0.59840472,0.63070929,0.54994786,发梢,False,988,988,0.39802392,酒窝,107,208,0.0048596836,988
星空,星空,2,tencent_ai_lab_chinese_embedding_light_mirror_mvp,青春感官与毕业,0.57170773,0.60541916,0.52114058,晨光,False,989,989,0.47005516,晨光,184,118,0.0048581691,989
抿嘴,抿嘴,2,tencent_ai_lab_chinese_embedding_light_mirror_mvp,校园外貌与信物,0.56004915,0.58710337,0.51946783,酒窝,False,990,990,0.46499148,红脸,220,103,0.0048531989,990
密件,密件,2,tencent_ai_lab_chinese_embedding_light_mirror_mvp,纸面心意与暗号,0.6149595,0.63627148,0.58299154,书信,False,991,991,0.46540254,信封,110,202,0.0048495734,991
菠萝油,菠萝油,3,tencent_ai_lab_chinese_embedding_light_mirror_mvp,约会物件与仪式,0.58976495,0.66478074,0.47724128,奶茶,False,992,992,0.35650251,玫瑰,100,230,0.0048491379,992
咖啡屋,咖啡屋,3,tencent_ai_lab_chinese_embedding_light_mirror_mvp,校园空间与路线,0.6082763,0.62415123,0.58446389,小卖部,False,993,993,0.50017207,图书馆,140,153,0.0048474178,993
柏油路,柏油路,3,tencent_ai_lab_chinese_embedding_light_mirror_mvp,校园空间与路线,0.61965349,0.65635681,0.5645985,林荫道,False,994,994,0.40449655,走廊,99,234,0.0048453344,994
入夜,入夜,2,tencent_ai_lab_chinese_embedding_light_mirror_mvp,青春感官与毕业,0.56518362,0.58648145,0.53323686,晨光,False,995,995,0.48001679,晚霞,214,106,0.0048368657,995
茶粉,茶粉,2,tencent_ai_lab_chinese_embedding_light_mirror_mvp,约会物件与仪式,0.55385003,0.63580275,0.43092096,奶茶,False,996,996,0.52528415,奶茶,214,106,0.0048368657,996
惊喜,惊喜,2,tencent_ai_lab_chinese_embedding_light_mirror_mvp,约会物件与仪式,0.56720623,0.61428261,0.49659166,礼物,False,997,997,0.50352323,礼物,160,135,0.0048368298,997
美不胜收,美不胜收,4,tencent_ai_lab_chinese_embedding_light_mirror_mvp,青春感官与毕业,0.58127755,0.64345676,0.48800874,晚霞,False,998,998,0.44425039,晚霞,138,157,0.0048294,998
悠扬,悠扬,2,tencent_ai_lab_chinese_embedding_light_mirror_mvp,青春感官与毕业,0.5871326,0.59923196,0.56898355,铃声,False,999,999,0.42898908,晨光,122,181,0.0048219415,999
这组,这组,2,tencent_ai_lab_chinese_embedding_light_mirror_mvp,校园日常互动,0.48430159,0.58197767,0.33778748,合照,False,1000,1000,0.43738014,讲题,129,170,0.0048194157,1000
飘带,飘带,2,tencent_ai_lab_chinese_embedding_light_mirror_mvp,校园外貌与信物,0.59578639,0.61620742,0.56515485,纽扣,False,1001,1001,0.40104632,发梢,111,205,0.0048107691,1001
裤管,裤管,2,tencent_ai_lab_chinese_embedding_light_mirror_mvp,校园外貌与信物,0.55790765,0.56740713,0.54365844,纽扣,False,1002,1002,0.46721125,校服,230,102,0.0048105577,1002
露水,露水,2,tencent_ai_lab_chinese_embedding_light_mirror_mvp,青春感官与毕业,0.57297459,0.5988003,0.53423601,晨光,False,1003,1003,0.46210416,雨伞,176,126,0.0048068161,1003
一张,一张,2,tencent_ai_lab_chinese_embedding_light_mirror_mvp,纸面心意与暗号,0.56089735,0.58875704,0.51910782,纸条,False,1004,1004,0.59033079,纸条,245,98,0.0048039012,1004
电瓶车,电瓶车,3,tencent_ai_lab_chinese_embedding_light_mirror_mvp,校园日常互动,0.4788731,0.54984146,0.37242055,等车,False,1005,1005,0.46629137,等车,153,144,0.0047983982,1005
拿给,拿给,2,tencent_ai_lab_chinese_embedding_light_mirror_mvp,纸面心意与暗号,0.59636147,0.61938047,0.56183296,纸条,False,1006,1006,0.52491343,书签,150,147,0.0047964113,1006
山间,山间,2,tencent_ai_lab_chinese_embedding_light_mirror_mvp,青春感官与毕业,0.5897572,0.62608671,0.53526294,晚霞,False,1007,1007,0.41417065,离别,116,196,0.0047940341,1007
配饰,配饰,2,tencent_ai_lab_chinese_embedding_light_mirror_mvp,校园外貌与信物,0.57475572,0.60949302,0.52264977,纽扣,False,1008,1008,0.44291582,校服,164,136,0.0047831633,1008
黑车,黑车,2,tencent_ai_lab_chinese_embedding_light_mirror_mvp,校园日常互动,0.47637322,0.57061642,0.33500841,等车,False,1009,1009,0.47229569,等车,167,135,0.0047667457,1009
剃光,剃光,2,tencent_ai_lab_chinese_embedding_light_mirror_mvp,校园外貌与信物,0.56995221,0.59116918,0.53812677,刘海,False,1010,1010,0.44651119,发梢,179,127,0.004765847,1010
糖果,糖果,2,tencent_ai_lab_chinese_embedding_light_mirror_mvp,约会物件与仪式,0.58233286,0.61454445,0.53401548,礼物,False,1011,1011,0.41672054,玫瑰,117,199,0.0047553607,1011
衣兜,衣兜,2,tencent_ai_lab_chinese_embedding_light_mirror_mvp,纸面心意与暗号,0.6251801,0.6504885,0.58721751,信封,False,1012,1012,0.40191675,信封,100,247,0.0047536645,1012
门卫室,门卫室,3,tencent_ai_lab_chinese_embedding_light_mirror_mvp,校园空间与路线,0.60501091,0.61625326,0.5881474,教室,False,1013,1013,0.50641202,教室,155,146,0.0047527659,1013
条纹,条纹,2,tencent_ai_lab_chinese_embedding_light_mirror_mvp,校园外貌与信物,0.59212453,0.625664,0.54181534,纽扣,False,1014,1014,0.401125,小皮筋,115,204,0.0047510823,1014
几本书,几本书,3,tencent_ai_lab_chinese_embedding_light_mirror_mvp,纸面心意与暗号,0.56271955,0.57616454,0.54255205,日记本,False,1015,1015,0.58093126,书信,241,102,0.0047475493,1015
灯展,灯展,2,tencent_ai_lab_chinese_embedding_light_mirror_mvp,约会物件与仪式,0.58686395,0.63832545,0.50967169,游乐园,False,1016,1016,0.38505558,纪念日,109,221,0.0047379393,1016
旧图,旧图,2,tencent_ai_lab_chinese_embedding_light_mirror_mvp,校园日常互动,0.4679208,0.54217333,0.35654202,合照,False,1017,1017,0.49625139,合照,206,115,0.0047368421,1017
皓月,皓月,2,tencent_ai_lab_chinese_embedding_light_mirror_mvp,青春感官与毕业,0.58606826,0.62130505,0.53321308,晚霞,False,1018,1018,0.42135222,晨光,124,188,0.0047335203,1018
卷曲,卷曲,2,tencent_ai_lab_chinese_embedding_light_mirror_mvp,校园外貌与信物,0.59926331,0.62666082,0.55816704,发梢,False,1019,1019,0.379959,酒窝,104,237,0.0047322822,1019
一号线,一号线,3,tencent_ai_lab_chinese_embedding_light_mirror_mvp,校园空间与路线,0.61504432,0.69563353,0.4941605,公交站,False,1020,1020,0.43106353,公交站,111,217,0.0047290308,1020
倒影,倒影,2,tencent_ai_lab_chinese_embedding_light_mirror_mvp,青春感官与毕业,0.57975829,0.62200737,0.51638466,晚霞,False,1021,1021,0.44539279,晚霞,150,153,0.0047283702,1021
活页,活页,2,tencent_ai_lab_chinese_embedding_light_mirror_mvp,纸面心意与暗号,0.61230714,0.63715971,0.5750283,书签,False,1022,1022,0.45949057,纸条,114,210,0.0047254151,1022
复活节,复活节,3,tencent_ai_lab_chinese_embedding_light_mirror_mvp,约会物件与仪式,0.55339971,0.56485879,0.53621107,情人节,False,1023,1023,0.52016839,情人节,215,112,0.0047251586,1023
抽带,抽带,2,tencent_ai_lab_chinese_embedding_light_mirror_mvp,校园外貌与信物,0.58685632,0.62887442,0.52382916,纽扣,False,1024,1024,0.41090713,发梢,125,188,0.0047188317,1024
相片,相片,2,tencent_ai_lab_chinese_embedding_light_mirror_mvp,纸面心意与暗号,0.59131939,0.59666729,0.58329755,纸条,False,1025,1025,0.52630141,明信片,161,144,0.0047134238,1025
迷蒙,迷蒙,2,tencent_ai_lab_chinese_embedding_light_mirror_mvp,青春感官与毕业,0.59475838,0.61818129,0.55962402,晨光,False,1026,1026,0.36964802,晨光,104,241,0.0047099101,1026
木盒,木盒,2,tencent_ai_lab_chinese_embedding_light_mirror_mvp,纸面心意与暗号,0.62342391,0.66384447,0.56279308,信封,False,1027,1027,0.38134386,纸条,102,248,0.0047097964,1027
会客厅,会客厅,3,tencent_ai_lab_chinese_embedding_light_mirror_mvp,校园空间与路线,0.59968081,0.64350951,0.53393775,走廊,False,1028,1028,0.52322028,看台,178,132,0.004705007,1028
针织,针织,2,tencent_ai_lab_chinese_embedding_light_mirror_mvp,校园外貌与信物,0.56837392,0.59510612,0.52827561,纽扣,False,1029,1029,0.44695826,发梢,188,126,0.0047043011,1029
警车,警车,2,tencent_ai_lab_chinese_embedding_light_mirror_mvp,校园日常互动,0.47881546,0.55549526,0.36379576,等车,False,1030,1030,0.45797423,等车,154,152,0.0046949392,1030
银幕,银幕,2,tencent_ai_lab_chinese_embedding_light_mirror_mvp,约会物件与仪式,0.56982875,0.64480501,0.45736435,电影院,False,1031,1031,0.46372499,电影院,144,163,0.0046931329,1031
跨年,跨年,2,tencent_ai_lab_chinese_embedding_light_mirror_mvp,约会物件与仪式,0.57896992,0.60426182,0.54103208,情人节,False,1032,1032,0.42098551,情人节,123,195,0.0046930248,1032
国产电影,国产电影,4,tencent_ai_lab_chinese_embedding_light_mirror_mvp,约会物件与仪式,0.54898624,0.62636852,0.43291283,电影院,False,1033,1033,0.52112799,电影院,229,109,0.0046886837,1033
摇曳,摇曳,2,tencent_ai_lab_chinese_embedding_light_mirror_mvp,青春感官与毕业,0.58807819,0.61817598,0.5429315,晚霞,False,1034,1034,0.40889974,铃声,119,204,0.0046872355,1034
面料,面料,2,tencent_ai_lab_chinese_embedding_light_mirror_mvp,校园外貌与信物,0.55962558,0.59640658,0.50445408,纽扣,False,1035,1035,0.45861984,红脸,221,112,0.0046863362,1035
巷子,巷子,2,tencent_ai_lab_chinese_embedding_light_mirror_mvp,校园空间与路线,0.61433901,0.63345867,0.5856595,林荫道,False,1036,1036,0.43984248,走廊,116,211,0.0046859275,1036
初秋,初秋,2,tencent_ai_lab_chinese_embedding_light_mirror_mvp,青春感官与毕业,0.57627678,0.5919503,0.5527665,晚霞,False,1037,1037,0.45258119,毕业季,165,143,0.0046852764,1037
支票,支票,2,tencent_ai_lab_chinese_embedding_light_mirror_mvp,纸面心意与暗号,0.60583491,0.64613783,0.54538053,信封,False,1038,1038,0.47854935,明信片,126,191,0.0046802039,1038
纠察,纠察,2,tencent_ai_lab_chinese_embedding_light_mirror_mvp,校园日常互动,0.48123788,0.5573585,0.36705694,值日,False,1039,1039,0.43863704,讲题,142,167,0.0046778907,1039
组员,组员,2,tencent_ai_lab_chinese_embedding_light_mirror_mvp,校园日常互动,0.48297775,0.510409,0.44183087,值日,False,1040,1040,0.42288858,合照,133,180,0.0046740069,1040
杂货店,杂货店,3,tencent_ai_lab_chinese_embedding_light_mirror_mvp,校园空间与路线,0.60605149,0.67548263,0.50190479,小卖部,False,1041,1041,0.49825777,小卖部,151,157,0.0046738157,1041
幽静,幽静,2,tencent_ai_lab_chinese_embedding_light_mirror_mvp,校园空间与路线,0.61485145,0.66723073,0.53628254,林荫道,False,1042,1042,0.42201774,走廊,112,223,0.0046737612,1042
学院路,学院路,3,tencent_ai_lab_chinese_embedding_light_mirror_mvp,校园空间与路线,0.59612552,0.64453977,0.52350414,公交站,False,1043,1043,0.52992316,放学,192,126,0.004672299,1043
耳廓,耳廓,2,tencent_ai_lab_chinese_embedding_light_mirror_mvp,校园外貌与信物,0.58714854,0.63228875,0.51943821,发梢,False,1044,1044,0.40570942,发梢,123,198,0.0046702249,1044
校运会,校运会,3,tencent_ai_lab_chinese_embedding_light_mirror_mvp,校园空间与路线,0.60027415,0.61879784,0.57248861,操场,False,1045,1045,0.51517812,体育馆,172,139,0.0046677352,1045
存折,存折,2,tencent_ai_lab_chinese_embedding_light_mirror_mvp,纸面心意与暗号,0.61448931,0.62684125,0.59596139,信封,False,1046,1046,0.43817724,信封,111,227,0.0046661369,1046
欢度,欢度,2,tencent_ai_lab_chinese_embedding_light_mirror_mvp,约会物件与仪式,0.58543093,0.59588075,0.56975621,情人节,False,1047,1047,0.37208409,礼物,111,227,0.0046661369,1047
橙汁,橙汁,2,tencent_ai_lab_chinese_embedding_light_mirror_mvp,约会物件与仪式,0.57781018,0.63847506,0.48681286,奶茶,False,1048,1048,0.43006907,奶茶,127,191,0.0046658287,1048
眯眯眼,眯眯眼,3,tencent_ai_lab_chinese_embedding_light_mirror_mvp,校园外貌与信物,0.58566647,0.62854719,0.52134538,酒窝,False,1049,1049,0.40827159,红脸,127,192,0.0046579238,1049
树梢,树梢,2,tencent_ai_lab_chinese_embedding_light_mirror_mvp,青春感官与毕业,0.59048026,0.62758338,0.53482556,晚霞,False,1050,1050,0.39728143,蝉鸣,115,218,0.004655704,1050
熏衣草,熏衣草,3,tencent_ai_lab_chinese_embedding_light_mirror_mvp,约会物件与仪式,0.5808236,0.66111565,0.46038553,玫瑰,False,1051,1051,0.40548303,花束,119,209,0.0046520321,1051
带班,带班,2,tencent_ai_lab_chinese_embedding_light_mirror_mvp,校园日常互动,0.47273018,0.51065242,0.41584682,值日,False,1052,1052,0.47549841,同桌,186,131,0.0046503214,1052
侧颜杀,侧颜杀,3,tencent_ai_lab_chinese_embedding_light_mirror_mvp,校园外貌与信物,0.56519866,0.57796574,0.54604805,酒窝,False,1053,1053,0.44760814,红脸,199,124,0.0046478932,1053
翩跹,翩跹,2,tencent_ai_lab_chinese_embedding_light_mirror_mvp,青春感官与毕业,0.56045055,0.58422136,0.52479434,晚霞,False,1054,1054,0.47598524,蝉鸣,233,110,0.0046476611,1054
年级组,年级组,3,tencent_ai_lab_chinese_embedding_light_mirror_mvp,校园日常互动,0.48021016,0.51759702,0.42412987,值日,False,1055,1055,0.43917114,同桌,147,165,0.0046376812,1055
醉人,醉人,2,tencent_ai_lab_chinese_embedding_light_mirror_mvp,青春感官与毕业,0.59121641,0.62559742,0.5396449,晚霞,False,1056,1056,0.38728774,晚霞,112,229,0.0046370806,1056
肩头,肩头,2,tencent_ai_lab_chinese_embedding_light_mirror_mvp,校园外貌与信物,0.56319196,0.6057564,0.4993453,发梢,False,1057,1057,0.44867886,发梢,209,120,0.0046365138,1057
宽齿梳,宽齿梳,3,tencent_ai_lab_chinese_embedding_light_mirror_mvp,校园外貌与信物,0.56609094,0.58840477,0.53262019,发梢,False,1058,1058,0.44647033,发梢,194,128,0.0046280784,1058
写有,写有,2,tencent_ai_lab_chinese_embedding_light_mirror_mvp,纸面心意与暗号,0.57062006,0.59369934,0.53600115,纸条,False,1059,1059,0.56425394,书信,225,114,0.0046279492,1059
这本,这本,2,tencent_ai_lab_chinese_embedding_light_mirror_mvp,纸面心意与暗号,0.5729473,0.59089798,0.54602128,日记本,False,1060,1060,0.55986292,日记本,215,118,0.0046271706,1060
观战,观战,2,tencent_ai_lab_chinese_embedding_light_mirror_mvp,校园空间与路线,0.59793822,0.66815627,0.49261114,看台,False,1061,1061,0.51781412,看台,184,134,0.0046264999,1061
墙壁,墙壁,2,tencent_ai_lab_chinese_embedding_light_mirror_mvp,校园空间与路线,0.61327288,0.66385388,0.53740138,走廊,False,1062,1062,0.45332826,走廊,124,202,0.0046257883,1062
电话号码,电话号码,4,tencent_ai_lab_chinese_embedding_light_mirror_mvp,纸面心意与暗号,0.60280039,0.63643432,0.55234951,纸条,False,1063,1063,0.48340716,暗号,133,186,0.0046231939,1063
极目远眺,极目远眺,4,tencent_ai_lab_chinese_embedding_light_mirror_mvp,青春感官与毕业,0.58134313,0.63622874,0.49901471,晚霞,False,1064,1064,0.42902335,离别,137,180,0.0046214044,1064
小包,小包,2,tencent_ai_lab_chinese_embedding_light_mirror_mvp,纸面心意与暗号,0.56964462,0.59737372,0.52805096,信封,False,1065,1065,0.56699001,小纸条,229,113,0.0046202772,1065
游戏厅,游戏厅,3,tencent_ai_lab_chinese_embedding_light_mirror_mvp,约会物件与仪式,0.54727515,0.58430886,0.49172458,电影院,False,1066,1066,0.52034342,游乐园,239,110,0.0046134173,1066
初绽,初绽,2,tencent_ai_lab_chinese_embedding_light_mirror_mvp,青春感官与毕业,0.58083763,0.60258853,0.54821128,晨光,False,1067,1067,0.43006968,校园广播,139,178,0.0046134032,1067
内袋,内袋,2,tencent_ai_lab_chinese_embedding_light_mirror_mvp,纸面心意与暗号,0.61000371,0.65786898,0.5382058,信封,False,1068,1068,0.44895704,信封,117,220,0.004610573,1068
折起来,折起来,3,tencent_ai_lab_chinese_embedding_light_mirror_mvp,纸面心意与暗号,0.6116191,0.62672788,0.58895594,纸条,False,1069,1069,0.44010423,暗号,115,226,0.0046053946,1069
云影,云影,2,tencent_ai_lab_chinese_embedding_light_mirror_mvp,青春感官与毕业,0.56519017,0.60577214,0.50431722,晚霞,False,1070,1070,0.46465894,蝉鸣,212,121,0.0046006662,1070
德育处,德育处,3,tencent_ai_lab_chinese_embedding_light_mirror_mvp,校园日常互动,0.48499953,0.52965999,0.41800883,值日,False,1071,1071,0.37125915,讲题,128,198,0.004597559,1071
悦耳,悦耳,2,tencent_ai_lab_chinese_embedding_light_mirror_mvp,青春感官与毕业,0.58015778,0.6247592,0.51325566,铃声,False,1072,1072,0.43664458,铃声,147,170,0.004589372,1072
影集,影集,2,tencent_ai_lab_chinese_embedding_light_mirror_mvp,纸面心意与暗号,0.59332292,0.60448098,0.57658583,日记本,False,1073,1073,0.50849828,明信片,156,160,0.0045875421,1073
寄往,寄往,2,tencent_ai_lab_chinese_embedding_light_mirror_mvp,纸面心意与暗号,0.5824245,0.58915389,0.57233042,明信片,False,1074,1074,0.53576477,信封,188,135,0.0045802316,1074
解放路,解放路,3,tencent_ai_lab_chinese_embedding_light_mirror_mvp,校园空间与路线,0.58867433,0.6422143,0.50836438,公交站,False,1075,1075,0.54699904,放学,234,114,0.0045742435,1075
神似,神似,2,tencent_ai_lab_chinese_embedding_light_mirror_mvp,校园日常互动,0.48323134,0.54409349,0.39193812,合照,False,1076,1076,0.37530848,借笔记,131,196,0.004570926,1076
圣诞老人,圣诞老人,4,tencent_ai_lab_chinese_embedding_light_mirror_mvp,约会物件与仪式,0.5696366,0.59125096,0.53721505,礼物,False,1077,1077,0.44852436,纪念日,147,172,0.0045706314,1077
几张,几张,2,tencent_ai_lab_chinese_embedding_light_mirror_mvp,纸面心意与暗号,0.57536628,0.59622407,0.5440796,纸条,False,1078,1078,0.54627869,纸条,206,126,0.0045678713,1078
中央戏剧学院,中央戏剧学院,6,tencent_ai_lab_chinese_embedding_light_mirror_mvp,青春感官与毕业,0.57215344,0.70193785,0.37747681,毕业,False,1079,1079,0.45472548,校园广播,182,140,0.0045661157,1079
下映,下映,2,tencent_ai_lab_chinese_embedding_light_mirror_mvp,约会物件与仪式,0.56354215,0.62403458,0.4728035,电影院,False,1080,1080,0.48415915,电影院,174,146,0.0045639366,1080
萌翻,萌翻,2,tencent_ai_lab_chinese_embedding_light_mirror_mvp,校园日常互动,0.48537797,0.56240392,0.36983904,合照,False,1081,1081,0.3258032,讲题,126,208,0.0045538437,1081
班委会,班委会,3,tencent_ai_lab_chinese_embedding_light_mirror_mvp,校园日常互动,0.47970226,0.52161461,0.41683373,值日,False,1082,1082,0.43745359,讲题,151,169,0.0045530744,1082
追尾,追尾,2,tencent_ai_lab_chinese_embedding_light_mirror_mvp,校园日常互动,0.47310884,0.54056901,0.37191859,等车,False,1083,1083,0.4680536,等车,184,140,0.0045491803,1083
哪辆,哪辆,2,tencent_ai_lab_chinese_embedding_light_mirror_mvp,校园日常互动,0.47659048,0.55538404,0.35840014,等车,False,1084,1084,0.45516555,等车,165,155,0.0045478036,1084
珍重,珍重,2,tencent_ai_lab_chinese_embedding_light_mirror_mvp,青春感官与毕业,0.57435317,0.65787911,0.44906425,离别,False,1085,1085,0.44880439,离别,172,149,0.0045475169,1085
无言,无言,2,tencent_ai_lab_chinese_embedding_light_mirror_mvp,青春感官与毕业,0.5772826,0.62097383,0.51174575,离别,False,1086,1086,0.44308823,离别,160,160,0.0045454545,1086
班车,班车,2,tencent_ai_lab_chinese_embedding_light_mirror_mvp,校园空间与路线,0.59952631,0.65090597,0.52245682,公交站,False,1087,1087,0.51143955,公交站,179,144,0.0045430306,1087
胜景,胜景,2,tencent_ai_lab_chinese_embedding_light_mirror_mvp,青春感官与毕业,0.57564043,0.6387049,0.48104373,晚霞,False,1088,1088,0.44462394,晚霞,167,154,0.0045390918,1088
大地,大地,2,tencent_ai_lab_chinese_embedding_light_mirror_mvp,青春感官与毕业,0.58186543,0.608989,0.54118007,晨光,False,1089,1089,0.41498957,晚霞,135,194,0.0045326065,1089
纷纷表示,纷纷表示,4,tencent_ai_lab_chinese_embedding_light_mirror_mvp,校园日常互动,0.47144164,0.55267847,0.3495864,合照,False,1090,1090,0.46910937,讲题,190,138,0.0045252525,1090
递上,递上,2,tencent_ai_lab_chinese_embedding_light_mirror_mvp,纸面心意与暗号,0.58369964,0.60550708,0.5509885,信封,False,1091,1091,0.52828147,书签,184,142,0.0045244279,1091
似火,似火,2,tencent_ai_lab_chinese_embedding_light_mirror_mvp,青春感官与毕业,0.58499676,0.64469886,0.49544361,晚霞,False,1092,1092,0.40965986,毕业,131,203,0.0045189417,1092
哀愁,哀愁,2,tencent_ai_lab_chinese_embedding_light_mirror_mvp,青春感官与毕业,0.57906432,0.63097906,0.50119221,离别,False,1093,1093,0.43206434,离别,152,172,0.004513663,1093
照耀,照耀,2,tencent_ai_lab_chinese_embedding_light_mirror_mvp,青春感官与毕业,0.56770551,0.60741091,0.50814742,晨光,False,1094,1094,0.45810869,晨光,202,132,0.0045125636,1094
青年路,青年路,3,tencent_ai_lab_chinese_embedding_light_mirror_mvp,校园空间与路线,0.61388662,0.68770981,0.50315183,公交站,False,1095,1095,0.41701715,走廊,121,226,0.0045106827,1095
大扫除,大扫除,3,tencent_ai_lab_chinese_embedding_light_mirror_mvp,校园日常互动,0.482656,0.54860359,0.38373461,值日,False,1096,1096,0.37180257,送伞,135,197,0.0045096279,1096
超模,超模,2,tencent_ai_lab_chinese_embedding_light_mirror_mvp,校园日常互动,0.48205017,0.57194555,0.3472071,合照,False,1097,1097,0.39112949,合照,138,192,0.0045093795,1097
壮美,壮美,2,tencent_ai_lab_chinese_embedding_light_mirror_mvp,青春感官与毕业,0.57778186,0.63397753,0.49348834,晚霞,False,1098,1098,0.43798042,晚霞,156,168,0.0045077973,1098
秀气,秀气,2,tencent_ai_lab_chinese_embedding_light_mirror_mvp,校园外貌与信物,0.57956486,0.5978533,0.55213219,酒窝,False,1099,1099,0.41142385,红脸,142,186,0.0045077678,1099
远方,远方,2,tencent_ai_lab_chinese_embedding_light_mirror_mvp,青春感官与毕业,0.5647591,0.57590729,0.54803681,离别,False,1100,1100,0.46281416,离别,217,125,0.0045077569,1100
落款,落款,2,tencent_ai_lab_chinese_embedding_light_mirror_mvp,纸面心意与暗号,0.60639777,0.61220133,0.59769243,信封,False,1101,1101,0.44310101,书签,123,223,0.0044990249,1101
路段,路段,2,tencent_ai_lab_chinese_embedding_light_mirror_mvp,校园空间与路线,0.59545636,0.64873445,0.51553923,公交站,False,1102,1102,0.51610707,走廊,195,137,0.0044988554,1102
劳动节,劳动节,3,tencent_ai_lab_chinese_embedding_light_mirror_mvp,约会物件与仪式,0.55810995,0.58058941,0.52439076,情人节,False,1103,1103,0.50087235,情人节,197,136,0.0044965457,1103
水上公园,水上公园,4,tencent_ai_lab_chinese_embedding_light_mirror_mvp,约会物件与仪式,0.56109802,0.64460701,0.43583453,游乐园,False,1104,1104,0.4911378,游乐园,186,143,0.0044955745,1104
楼前,楼前,2,tencent_ai_lab_chinese_embedding_light_mirror_mvp,校园空间与路线,0.60383062,0.61685228,0.58429813,操场,False,1105,1105,0.48511314,教室,159,166,0.0044954944,1105
雀斑,雀斑,2,tencent_ai_lab_chinese_embedding_light_mirror_mvp,校园外貌与信物,0.57550957,0.60908556,0.52514559,酒窝,False,1106,1106,0.42307698,红脸,161,164,0.0044945863,1106
下身,下身,2,tencent_ai_lab_chinese_embedding_light_mirror_mvp,校园外貌与信物,0.58269119,0.60764205,0.5452649,纽扣,False,1107,1107,0.40190641,发梢,133,203,0.0044918143,1107
艺术系,艺术系,3,tencent_ai_lab_chinese_embedding_light_mirror_mvp,青春感官与毕业,0.56549706,0.68002915,0.39369893,毕业,False,1108,1108,0.46011782,毕业,209,130,0.004490315,1108
钥匙扣,钥匙扣,3,tencent_ai_lab_chinese_embedding_light_mirror_mvp,纸面心意与暗号,0.60672824,0.63612819,0.56262833,书签,False,1109,1109,0.43535805,书签,121,230,0.0044865689,1109
饼干,饼干,2,tencent_ai_lab_chinese_embedding_light_mirror_mvp,约会物件与仪式,0.57534523,0.61155546,0.52102989,奶茶,False,1110,1110,0.41293818,礼物,133,204,0.004484613,1110
枝头,枝头,2,tencent_ai_lab_chinese_embedding_light_mirror_mvp,青春感官与毕业,0.57653663,0.60879374,0.52815098,晚霞,False,1111,1111,0.43921943,蝉鸣,163,163,0.0044843049,1111
摘抄,摘抄,2,tencent_ai_lab_chinese_embedding_light_mirror_mvp,纸面心意与暗号,0.60446085,0.63183349,0.56340188,日记本,False,1112,1112,0.46184144,书信,131,208,0.0044834727,1112
寄过,寄过,2,tencent_ai_lab_chinese_embedding_light_mirror_mvp,纸面心意与暗号,0.5652409,0.58923668,0.52924722,明信片,False,1113,1113,0.55911753,信封,237,119,0.0044767978,1113
座位,座位,2,tencent_ai_lab_chinese_embedding_light_mirror_mvp,校园空间与路线,0.59336778,0.61874777,0.55529779,教室,False,1114,1114,0.52491419,看台,209,131,0.0044765371,1114
商场,商场,2,tencent_ai_lab_chinese_embedding_light_mirror_mvp,约会物件与仪式,0.56967402,0.60235512,0.52065235,电影院,False,1115,1115,0.43914495,电影院,146,184,0.0044763648,1115
邮资,邮资,2,tencent_ai_lab_chinese_embedding_light_mirror_mvp,纸面心意与暗号,0.57135495,0.61420232,0.50708389,明信片,False,1116,1116,0.54649836,书信,222,125,0.0044757523,1116
俏丽,俏丽,2,tencent_ai_lab_chinese_embedding_light_mirror_mvp,校园外貌与信物,0.55272501,0.56432664,0.53532255,酒窝,False,1117,1117,0.45116661,红脸,247,116,0.0044695736,1117
后备箱,后备箱,3,tencent_ai_lab_chinese_embedding_light_mirror_mvp,校园日常互动,0.47735888,0.54082358,0.38216183,等车,False,1118,1118,0.43911307,等车,162,166,0.0044646416,1118
铁观音,铁观音,3,tencent_ai_lab_chinese_embedding_light_mirror_mvp,约会物件与仪式,0.58181913,0.66809386,0.45240703,奶茶,False,1119,1119,0.31430591,情侣座,118,242,0.0044646179,1119
电报,电报,2,tencent_ai_lab_chinese_embedding_light_mirror_mvp,纸面心意与暗号,0.60486082,0.63582045,0.55842137,书信,False,1120,1120,0.45857278,书信,130,213,0.0044630808,1120
亮泽,亮泽,2,tencent_ai_lab_chinese_embedding_light_mirror_mvp,校园外貌与信物,0.56901367,0.61498702,0.50005364,发梢,False,1121,1121,0.43166281,红脸,183,148,0.0044614593,1121
黑板,黑板,2,tencent_ai_lab_chinese_embedding_light_mirror_mvp,校园空间与路线,0.61273662,0.65838939,0.54425746,教室,False,1122,1122,0.4269053,教室,127,220,0.0044595111,1122
惘然,惘然,2,tencent_ai_lab_chinese_embedding_light_mirror_mvp,青春感官与毕业,0.55785722,0.59828502,0.49721551,离别,False,1123,1123,0.47154367,离别,246,117,0.0044588457,1123
递过来,递过来,3,tencent_ai_lab_chinese_embedding_light_mirror_mvp,纸面心意与暗号,0.58889399,0.6219027,0.53938091,信封,False,1124,1124,0.50864385,书信,170,159,0.0044570181,1124
迷迭香,迷迭香,3,tencent_ai_lab_chinese_embedding_light_mirror_mvp,约会物件与仪式,0.57610005,0.65945423,0.45106879,玫瑰,False,1125,1125,0.40074031,玫瑰,131,212,0.0044560363,1125
分外妖娆,分外妖娆,4,tencent_ai_lab_chinese_embedding_light_mirror_mvp,青春感官与毕业,0.57650795,0.62994224,0.49635652,晚霞,False,1126,1126,0.43914945,离别,164,165,0.0044543651,1126
公文包,公文包,3,tencent_ai_lab_chinese_embedding_light_mirror_mvp,纸面心意与暗号,0.59096683,0.61609894,0.55326867,信封,False,1127,1127,0.49900535,信封,163,167,0.0044447956,1127
肚兜,肚兜,2,tencent_ai_lab_chinese_embedding_light_mirror_mvp,校园外貌与信物,0.58492787,0.62552297,0.52403522,纽扣,False,1128,1128,0.39293684,小皮筋,129,218,0.0044440638,1128
春意,春意,2,tencent_ai_lab_chinese_embedding_light_mirror_mvp,青春感官与毕业,0.58588398,0.60482013,0.55747974,晚霞,False,1129,1129,0.39053438,蝉鸣,126,226,0.0044364238,1129
一朵,一朵,2,tencent_ai_lab_chinese_embedding_light_mirror_mvp,约会物件与仪式,0.54948549,0.61856705,0.44586316,玫瑰,False,1130,1130,0.50862519,玫瑰,224,127,0.0044343602,1130
樱花,樱花,2,tencent_ai_lab_chinese_embedding_light_mirror_mvp,约会物件与仪式,0.55485654,0.59953618,0.48783708,玫瑰,False,1131,1131,0.50400554,花束,211,134,0.004422338,1131
鼻翼,鼻翼,2,tencent_ai_lab_chinese_embedding_light_mirror_mvp,校园外貌与信物,0.575591,0.5960961,0.54483336,发梢,False,1132,1132,0.41792641,马尾,159,174,0.0044198572,1132
苍茫大地,苍茫大地,4,tencent_ai_lab_chinese_embedding_light_mirror_mvp,青春感官与毕业,0.5803823,0.60841548,0.53833252,晚霞,False,1133,1133,0.41601984,离别,145,193,0.004415309,1133
手抄,手抄,2,tencent_ai_lab_chinese_embedding_light_mirror_mvp,纸面心意与暗号,0.58979114,0.6030212,0.56994605,日记本,False,1134,1134,0.4991452,书签,167,166,0.0044150326,1134
路口处,路口处,3,tencent_ai_lab_chinese_embedding_light_mirror_mvp,校园空间与路线,0.60517137,0.65529466,0.52998644,公交站,False,1135,1135,0.47331749,走廊,154,181,0.0044111374,1135
汽水,汽水,2,tencent_ai_lab_chinese_embedding_light_mirror_mvp,约会物件与仪式,0.57555975,0.63066363,0.49290392,奶茶,False,1136,1136,0.39503928,礼物,132,217,0.0044092208,1136
洗头,洗头,2,tencent_ai_lab_chinese_embedding_light_mirror_mvp,校园外貌与信物,0.5623733,0.5824244,0.53229666,发梢,False,1137,1137,0.4435881,发梢,213,134,0.0044088214,1137
直呼,直呼,2,tencent_ai_lab_chinese_embedding_light_mirror_mvp,校园日常互动,0.47258643,0.54471171,0.36439851,合照,False,1138,1138,0.45964993,同桌,187,150,0.0044052439,1138
香水,香水,2,tencent_ai_lab_chinese_embedding_light_mirror_mvp,约会物件与仪式,0.55601401,0.5893296,0.50604063,玫瑰,False,1139,1139,0.50038667,奶茶,206,138,0.0044049518,1139
路车,路车,2,tencent_ai_lab_chinese_embedding_light_mirror_mvp,校园空间与路线,0.60736718,0.69046873,0.48271486,公交站,False,1140,1140,0.45769497,公交站,143,198,0.0044010387,1140
代班,代班,2,tencent_ai_lab_chinese_embedding_light_mirror_mvp,校园日常互动,0.47211059,0.49429882,0.43882826,值日,False,1141,1141,0.4604647,同桌,189,149,0.0044003766,1141
贴画,贴画,2,tencent_ai_lab_chinese_embedding_light_mirror_mvp,纸面心意与暗号,0.59808028,0.60762858,0.58375782,书签,False,1142,1142,0.46879237,书签,143,199,0.0043935561,1142
候车,候车,2,tencent_ai_lab_chinese_embedding_light_mirror_mvp,校园空间与路线,0.60381601,0.6470356,0.53898662,公交站,False,1143,1143,0.47663223,公交站,160,176,0.0043913713,1143
贵重,贵重,2,tencent_ai_lab_chinese_embedding_light_mirror_mvp,约会物件与仪式,0.56154865,0.64088589,0.44254279,礼物,False,1144,1144,0.46864668,礼物,183,155,0.0043831946,1144
传阅,传阅,2,tencent_ai_lab_chinese_embedding_light_mirror_mvp,纸面心意与暗号,0.57016336,0.58081013,0.5541932,书信,False,1145,1145,0.54091938,书信,228,129,0.0043816138,1145
糖水,糖水,2,tencent_ai_lab_chinese_embedding_light_mirror_mvp,约会物件与仪式,0.56790718,0.64460111,0.45286629,奶茶,False,1146,1146,0.43999012,奶茶,157,181,0.0043788363,1146
绒线,绒线,2,tencent_ai_lab_chinese_embedding_light_mirror_mvp,校园外貌与信物,0.57474568,0.60888505,0.52353662,纽扣,False,1147,1147,0.41912639,发梢,165,172,0.0043773946,1147
女人味,女人味,3,tencent_ai_lab_chinese_embedding_light_mirror_mvp,校园外貌与信物,0.58574561,0.59068185,0.57834125,马尾,False,1148,1148,0.38102439,酒窝,126,236,0.0043773612,1148
袜口,袜口,2,tencent_ai_lab_chinese_embedding_light_mirror_mvp,校园外貌与信物,0.57369529,0.61248273,0.51551414,纽扣,False,1149,1149,0.4196779,发梢,167,170,0.0043765562,1149
大红包,大红包,3,tencent_ai_lab_chinese_embedding_light_mirror_mvp,约会物件与仪式,0.55669177,0.60248911,0.48799574,礼物,False,1150,1150,0.49298834,礼物,203,142,0.0043763882,1150
小诗,小诗,2,tencent_ai_lab_chinese_embedding_light_mirror_mvp,纸面心意与暗号,0.594591,0.61095941,0.57003838,情书,False,1151,1151,0.48313709,小纸条,153,187,0.0043717093,1151
抄录,抄录,2,tencent_ai_lab_chinese_embedding_light_mirror_mvp,纸面心意与暗号,0.57831527,0.60342246,0.54065448,书信,False,1152,1152,0.525824,书签,199,145,0.0043695263,1152
爆米花,爆米花,3,tencent_ai_lab_chinese_embedding_light_mirror_mvp,约会物件与仪式,0.56256303,0.59004945,0.5213334,电影院,False,1153,1153,0.46556954,花束,180,159,0.0043664384,1153
松紧,松紧,2,tencent_ai_lab_chinese_embedding_light_mirror_mvp,校园外貌与信物,0.55813493,0.6134156,0.47521392,纽扣,False,1154,1154,0.44587405,发梢,229,130,0.0043616828,1154
炸鸡,炸鸡,2,tencent_ai_lab_chinese_embedding_light_mirror_mvp,约会物件与仪式,0.57710696,0.62013751,0.51256114,奶茶,False,1155,1155,0.3463688,礼物,128,236,0.0043487637,1155
小视频,小视频,3,tencent_ai_lab_chinese_embedding_light_mirror_mvp,校园日常互动,0.47377602,0.53265643,0.3854554,合照,False,1156,1156,0.44735249,讲题,181,160,0.0043474161,1156
修图,修图,2,tencent_ai_lab_chinese_embedding_light_mirror_mvp,校园日常互动,0.46975849,0.54158962,0.36201179,合照,False,1157,1157,0.46256312,合照,199,147,0.0043459609,1157
饰物,饰物,2,tencent_ai_lab_chinese_embedding_light_mirror_mvp,校园外貌与信物,0.57784014,0.6140157,0.5235768,纽扣,False,1158,1158,0.40773866,发梢,151,193,0.0043459528,1158
拐角处,拐角处,3,tencent_ai_lab_chinese_embedding_light_mirror_mvp,校园空间与路线,0.61095445,0.63548267,0.57416213,走廊,False,1159,1159,0.41881583,小卖部,133,225,0.0043450595,1159
亲写,亲写,2,tencent_ai_lab_chinese_embedding_light_mirror_mvp,纸面心意与暗号,0.57123969,0.59596765,0.53414774,书信,False,1160,1160,0.53881679,书信,223,134,0.004344104,1160
半干,半干,2,tencent_ai_lab_chinese_embedding_light_mirror_mvp,校园外貌与信物,0.58063577,0.64605331,0.48250946,发梢,False,1161,1161,0.39439036,酒窝,138,215,0.0043434343,1161
吊饰,吊饰,2,tencent_ai_lab_chinese_embedding_light_mirror_mvp,校园外貌与信物,0.58171163,0.61830521,0.52682126,纽扣,False,1162,1162,0.39329987,纽扣,137,217,0.0043431252,1162
打湿,打湿,2,tencent_ai_lab_chinese_embedding_light_mirror_mvp,校园外貌与信物,0.57534324,0.64263511,0.47440544,发梢,False,1163,1163,0.41291745,红脸,162,181,0.004326941,1163
手迹,手迹,2,tencent_ai_lab_chinese_embedding_light_mirror_mvp,纸面心意与暗号,0.57941533,0.60789376,0.53669769,书信,False,1164,1164,0.51641808,书签,196,151,0.0043227932,1164
回忆录,回忆录,3,tencent_ai_lab_chinese_embedding_light_mirror_mvp,纸面心意与暗号,0.59170516,0.6183989,0.55166453,日记本,False,1165,1165,0.48609366,日记本,160,184,0.0043219076,1165
检票口,检票口,3,tencent_ai_lab_chinese_embedding_light_mirror_mvp,校园日常互动,0.4751416,0.52690971,0.39748943,等车,False,1166,1166,0.435093,合照,171,172,0.0043196746,1166
动画片,动画片,3,tencent_ai_lab_chinese_embedding_light_mirror_mvp,约会物件与仪式,0.56959457,0.61156511,0.50663877,电影院,False,1167,1167,0.41492253,电影院,148,201,0.004319555,1167
洗漱间,洗漱间,3,tencent_ai_lab_chinese_embedding_light_mirror_mvp,校园空间与路线,0.60734808,0.62750781,0.5771085,教室,False,1168,1168,0.44362223,教室,144,208,0.004316652,1168
耳根,耳根,2,tencent_ai_lab_chinese_embedding_light_mirror_mvp,校园外貌与信物,0.56565946,0.60895449,0.50071692,发梢,False,1169,1169,0.42949977,发梢,196,152,0.0043116156,1169
半湿,半湿,2,tencent_ai_lab_chinese_embedding_light_mirror_mvp,校园外貌与信物,0.58271321,0.64329255,0.49184421,发梢,False,1170,1170,0.38438401,酒窝,132,233,0.0043106513,1170
低腰,低腰,2,tencent_ai_lab_chinese_embedding_light_mirror_mvp,校园外貌与信物,0.56558262,0.5859955,0.53496331,纽扣,False,1171,1171,0.42953448,发梢,198,151,0.0043076527,1171
抢道,抢道,2,tencent_ai_lab_chinese_embedding_light_mirror_mvp,校园日常互动,0.47809033,0.54234624,0.38170648,等车,False,1172,1172,0.40531205,等车,159,187,0.0043073965,1172
焦糖,焦糖,2,tencent_ai_lab_chinese_embedding_light_mirror_mvp,约会物件与仪式,0.57132564,0.61546445,0.50511742,奶茶,False,1173,1173,0.39678422,奶茶,141,215,0.004305744,1173
卖萌,卖萌,2,tencent_ai_lab_chinese_embedding_light_mirror_mvp,校园日常互动,0.48010002,0.55186474,0.37245294,合照,False,1174,1174,0.36504978,等车,148,203,0.0043049868,1174
二号线,二号线,3,tencent_ai_lab_chinese_embedding_light_mirror_mvp,校园空间与路线,0.60833688,0.68009686,0.5006969,公交站,False,1175,1175,0.43003547,公交站,139,219,0.0043046775,1175
客厅,客厅,2,tencent_ai_lab_chinese_embedding_light_mirror_mvp,校园空间与路线,0.58740509,0.62198758,0.53553134,走廊,False,1176,1176,0.52703875,教室,239,130,0.0043038198,1176
糕点,糕点,2,tencent_ai_lab_chinese_embedding_light_mirror_mvp,约会物件与仪式,0.56144047,0.6092878,0.48966947,奶茶,False,1177,1177,0.4641175,礼物,184,162,0.0043014326,1177
礼品袋,礼品袋,3,tencent_ai_lab_chinese_embedding_light_mirror_mvp,纸面心意与暗号,0.58666546,0.61252666,0.54787368,信封,False,1178,1178,0.49556899,纸条,173,172,0.0043010952,1178
路上,路上,2,tencent_ai_lab_chinese_embedding_light_mirror_mvp,校园日常互动,0.47337722,0.52691448,0.39307132,等车,False,1179,1179,0.43993537,等车,183,163,0.0042997656,1179
路虎车,路虎车,3,tencent_ai_lab_chinese_embedding_light_mirror_mvp,校园日常互动,0.46989439,0.54374141,0.35912386,等车,False,1180,1180,0.45647558,等车,195,154,0.0042972329,1180
人行道,人行道,3,tencent_ai_lab_chinese_embedding_light_mirror_mvp,校园空间与路线,0.60181866,0.62129629,0.57260221,公交站,False,1181,1181,0.47524619,走廊,169,177,0.0042931108,1181
甜筒,甜筒,2,tencent_ai_lab_chinese_embedding_light_mirror_mvp,约会物件与仪式,0.56827006,0.61666375,0.49567953,奶茶,False,1182,1182,0.41945126,奶茶,154,196,0.0042895736,1182
炼乳,炼乳,2,tencent_ai_lab_chinese_embedding_light_mirror_mvp,约会物件与仪式,0.55994958,0.62980586,0.45516515,奶茶,False,1183,1183,0.46648145,奶茶,192,157,0.0042882744,1183
元宵,元宵,2,tencent_ai_lab_chinese_embedding_light_mirror_mvp,约会物件与仪式,0.55153277,0.57522154,0.51599962,七夕,False,1184,1184,0.49933987,七夕,220,140,0.0042857143,1184
亮片,亮片,2,tencent_ai_lab_chinese_embedding_light_mirror_mvp,校园外貌与信物,0.58036561,0.61898053,0.52244323,纽扣,False,1185,1185,0.39069701,红脸,139,222,0.0042856125,1185
学生公寓,学生公寓,4,tencent_ai_lab_chinese_embedding_light_mirror_mvp,校园空间与路线,0.59445567,0.60322404,0.58130312,图书馆,False,1186,1186,0.50318369,教室,201,151,0.0042853771,1186
椰果,椰果,2,tencent_ai_lab_chinese_embedding_light_mirror_mvp,约会物件与仪式,0.56821644,0.64035547,0.46000791,奶茶,False,1187,1187,0.4214946,玫瑰,156,194,0.0042833188,1187
香槟,香槟,2,tencent_ai_lab_chinese_embedding_light_mirror_mvp,约会物件与仪式,0.55947697,0.57700264,0.53318846,玫瑰,False,1188,1188,0.46795689,玫瑰,194,156,0.0042833188,1188
手绘,手绘,2,tencent_ai_lab_chinese_embedding_light_mirror_mvp,纸面心意与暗号,0.57541754,0.60628462,0.52911693,明信片,False,1189,1189,0.52146662,书签,205,149,0.004279137,1189
文胸,文胸,2,tencent_ai_lab_chinese_embedding_light_mirror_mvp,校园外貌与信物,0.57838706,0.61836833,0.51841515,纽扣,False,1190,1190,0.39831876,酒窝,148,207,0.0042765053,1190
冬日,冬日,2,tencent_ai_lab_chinese_embedding_light_mirror_mvp,青春感官与毕业,0.55772194,0.58040136,0.5237028,晚霞,False,1191,1191,0.46022215,毕业季,247,129,0.0042741671,1191
露齿,露齿,2,tencent_ai_lab_chinese_embedding_light_mirror_mvp,校园外貌与信物,0.56272966,0.60502303,0.4992896,酒窝,False,1192,1192,0.4335705,发梢,211,146,0.0042722029,1192
大门口,大门口,3,tencent_ai_lab_chinese_embedding_light_mirror_mvp,校园空间与路线,0.60649576,0.62326944,0.58133525,走廊,False,1193,1193,0.44651116,看台,149,206,0.0042720437,1193
二环路,二环路,3,tencent_ai_lab_chinese_embedding_light_mirror_mvp,校园空间与路线,0.60058308,0.6573354,0.51545459,公交站,False,1194,1194,0.47472174,走廊,171,178,0.0042653425,1194
植物园,植物园,3,tencent_ai_lab_chinese_embedding_light_mirror_mvp,校园空间与路线,0.60871459,0.63797492,0.5648241,林荫道,False,1195,1195,0.41333458,教室,137,230,0.004262209,1195
五一,五一,2,tencent_ai_lab_chinese_embedding_light_mirror_mvp,约会物件与仪式,0.56632149,0.59733009,0.51980859,七夕,False,1196,1196,0.4345401,纪念日,164,187,0.0042564344,1196
买票,买票,2,tencent_ai_lab_chinese_embedding_light_mirror_mvp,约会物件与仪式,0.55494925,0.60320324,0.48256826,电影院,False,1197,1197,0.48079915,电影院,210,148,0.004255698,1197
高挑,高挑,2,tencent_ai_lab_chinese_embedding_light_mirror_mvp,校园外貌与信物,0.56909912,0.58621871,0.54341972,马尾,False,1198,1198,0.42117389,刘海,182,169,0.0042495218,1198
店门口,店门口,3,tencent_ai_lab_chinese_embedding_light_mirror_mvp,校园日常互动,0.47501088,0.52327895,0.40260878,等车,False,1199,1199,0.42424761,留座,173,179,0.004237973,1199
留言簿,留言簿,3,tencent_ai_lab_chinese_embedding_light_mirror_mvp,纸面心意与暗号,0.56930199,0.57972491,0.5536676,日记本,False,1200,1200,0.53323723,书信,230,139,0.0042367007,1200
壮丽,壮丽,2,tencent_ai_lab_chinese_embedding_light_mirror_mvp,青春感官与毕业,0.57684468,0.63570535,0.48855367,晚霞,False,1201,1201,0.41755485,晚霞,162,192,0.0042363792,1201
玩雪,玩雪,2,tencent_ai_lab_chinese_embedding_light_mirror_mvp,约会物件与仪式,0.56912614,0.63154238,0.47550178,游乐园,False,1202,1202,0.40461971,游乐园,150,210,0.0042328042,1202
动图,动图,2,tencent_ai_lab_chinese_embedding_light_mirror_mvp,校园日常互动,0.47445788,0.55326539,0.35624662,合照,False,1203,1203,0.42935668,合照,177,177,0.0042194093,1203
滑梯,滑梯,2,tencent_ai_lab_chinese_embedding_light_mirror_mvp,约会物件与仪式,0.57385854,0.66013908,0.44443771,游乐园,False,1204,1204,0.34765502,游乐园,139,233,0.0042190475,1204
吹直,吹直,2,tencent_ai_lab_chinese_embedding_light_mirror_mvp,校园外貌与信物,0.5793376,0.58841598,0.56572002,发梢,False,1205,1205,0.39025126,发梢,144,223,0.0042177648,1205
山岗,山岗,2,tencent_ai_lab_chinese_embedding_light_mirror_mvp,青春感官与毕业,0.58419778,0.62833714,0.51798874,晚霞,False,1206,1206,0.36109657,校园广播,134,245,0.0042166638,1206
甬道,甬道,2,tencent_ai_lab_chinese_embedding_light_mirror_mvp,校园空间与路线,0.59883667,0.633843,0.54632717,走廊,False,1207,1207,0.47709723,林荫道,180,175,0.0042109929,1207
口令,口令,2,tencent_ai_lab_chinese_embedding_light_mirror_mvp,纸面心意与暗号,0.5802973,0.66187179,0.45793557,暗号,False,1208,1208,0.50373899,信封,193,164,0.0042084274,1208
压岁钱,压岁钱,3,tencent_ai_lab_chinese_embedding_light_mirror_mvp,约会物件与仪式,0.56156137,0.62132418,0.47191715,礼物,False,1209,1209,0.44230585,礼物,182,174,0.0042028678,1209
工作间,工作间,3,tencent_ai_lab_chinese_embedding_light_mirror_mvp,校园空间与路线,0.59339086,0.60826236,0.57108361,教室,False,1210,1210,0.50005281,教室,208,154,0.0042021202,1210
泪水,泪水,2,tencent_ai_lab_chinese_embedding_light_mirror_mvp,青春感官与毕业,0.55832076,0.61741781,0.46967518,离别,False,1211,1211,0.45690569,离别,243,136,0.0042011854,1211
村小,村小,2,tencent_ai_lab_chinese_embedding_light_mirror_mvp,校园空间与路线,0.58597428,0.60433763,0.55842924,教室,False,1212,1212,0.51686138,小卖部,247,135,0.0041927671,1212
箱子,箱子,2,tencent_ai_lab_chinese_embedding_light_mirror_mvp,纸面心意与暗号,0.59266002,0.61992526,0.55176216,信封,False,1213,1213,0.46419816,暗号,158,204,0.0041875174,1213
轻轨,轻轨,2,tencent_ai_lab_chinese_embedding_light_mirror_mvp,校园空间与路线,0.60567809,0.6581555,0.52696198,公交站,False,1214,1214,0.43706312,走廊,153,212,0.0041856531,1214
高腰,高腰,2,tencent_ai_lab_chinese_embedding_light_mirror_mvp,校园外貌与信物,0.56915762,0.57671809,0.55781692,纽扣,False,1215,1215,0.41669443,发梢,181,177,0.0041843934,1215
轻舞,轻舞,2,tencent_ai_lab_chinese_embedding_light_mirror_mvp,青春感官与毕业,0.58020908,0.60321695,0.54569727,晚霞,False,1216,1216,0.39062177,蝉鸣,146,225,0.0041815704,1216
相映,相映,2,tencent_ai_lab_chinese_embedding_light_mirror_mvp,青春感官与毕业,0.56926713,0.62952751,0.47887656,晚霞,False,1217,1217,0.43911217,毕业,194,166,0.0041808933,1217
窗户,窗户,2,tencent_ai_lab_chinese_embedding_light_mirror_mvp,校园空间与路线,0.59684737,0.62222648,0.5587787,走廊,False,1218,1218,0.47982547,看台,187,172,0.0041794639,1218
只笔,只笔,2,tencent_ai_lab_chinese_embedding_light_mirror_mvp,纸面心意与暗号,0.57706487,0.58169174,0.57012457,日记本,False,1219,1219,0.50601356,书签,201,161,0.0041781523,1219
挂历,挂历,2,tencent_ai_lab_chinese_embedding_light_mirror_mvp,纸面心意与暗号,0.59560549,0.60906839,0.57541114,明信片,False,1220,1220,0.45214472,信封,151,217,0.0041747224,1220
如烟,如烟,2,tencent_ai_lab_chinese_embedding_light_mirror_mvp,青春感官与毕业,0.57808359,0.59561658,0.5517841,晚霞,False,1221,1221,0.40390155,晨光,154,212,0.0041746839,1221
黄渤,黄渤,2,tencent_ai_lab_chinese_embedding_light_mirror_mvp,校园日常互动,0.47715575,0.53817761,0.38562295,合照,False,1222,1222,0.37095284,合照,163,199,0.0041726544,1222
飙戏,飙戏,2,tencent_ai_lab_chinese_embedding_light_mirror_mvp,校园日常互动,0.46812813,0.52213466,0.38711834,合照,False,1223,1223,0.44777479,讲题,205,159,0.0041698975,1223
罚抄,罚抄,2,tencent_ai_lab_chinese_embedding_light_mirror_mvp,校园日常互动,0.46778234,0.50570691,0.4108955,值日,False,1224,1224,0.45100383,递纸条,208,157,0.0041698191,1224
巷道,巷道,2,tencent_ai_lab_chinese_embedding_light_mirror_mvp,校园空间与路线,0.59400029,0.62221944,0.55167156,林荫道,False,1225,1225,0.49707868,走廊,204,160,0.0041666667,1225
包边,包边,2,tencent_ai_lab_chinese_embedding_light_mirror_mvp,校园外貌与信物,0.57397145,0.62332797,0.49993667,纽扣,False,1226,1226,0.40595526,小皮筋,166,196,0.0041655144,1226
绿化带,绿化带,3,tencent_ai_lab_chinese_embedding_light_mirror_mvp,校园空间与路线,0.60773175,0.62868166,0.57630688,林荫道,False,1227,1227,0.3993192,走廊,142,236,0.0041644367,1227
出勤,出勤,2,tencent_ai_lab_chinese_embedding_light_mirror_mvp,校园日常互动,0.46836891,0.52909333,0.37728229,值日,False,1228,1228,0.44410927,值日,203,161,0.0041635841,1228
手背,手背,2,tencent_ai_lab_chinese_embedding_light_mirror_mvp,校园外貌与信物,0.56236329,0.61315012,0.48618305,发梢,False,1229,1229,0.42724078,小皮筋,214,154,0.0041612661,1229
商业街,商业街,3,tencent_ai_lab_chinese_embedding_light_mirror_mvp,校园空间与路线,0.59993023,0.60626751,0.5904243,公交站,False,1230,1230,0.46795232,走廊,175,186,0.0041601799,1230
围墙,围墙,2,tencent_ai_lab_chinese_embedding_light_mirror_mvp,校园空间与路线,0.60773964,0.61420238,0.59804553,走廊,False,1231,1231,0.39141544,看台,141,240,0.0041542289,1231
破洞,破洞,2,tencent_ai_lab_chinese_embedding_light_mirror_mvp,校园外貌与信物,0.57133942,0.60378456,0.5226717,纽扣,False,1232,1232,0.40875366,小皮筋,173,190,0.0041459227,1232
斑马线,斑马线,3,tencent_ai_lab_chinese_embedding_light_mirror_mvp,校园日常互动,0.47759608,0.54931623,0.37001586,等车,False,1233,1233,0.33610998,合照,160,207,0.0041453864,1233
嘟嘴,嘟嘴,2,tencent_ai_lab_chinese_embedding_light_mirror_mvp,校园外貌与信物,0.5531795,0.57956624,0.5135994,酒窝,False,1234,1234,0.44074546,红脸,244,140,0.0041447368,1234
一楼,一楼,2,tencent_ai_lab_chinese_embedding_light_mirror_mvp,校园空间与路线,0.58999785,0.6019637,0.57204908,走廊,False,1235,1235,0.50322376,教室,224,150,0.0041415158,1235
批改作业,批改作业,4,tencent_ai_lab_chinese_embedding_light_mirror_mvp,校园空间与路线,0.59241375,0.62180322,0.54832953,教室,False,1236,1236,0.4995641,放学,214,156,0.0041396323,1236
寄掉,寄掉,2,tencent_ai_lab_chinese_embedding_light_mirror_mvp,纸面心意与暗号,0.57623485,0.60311133,0.53592014,明信片,False,1237,1237,0.50451531,信封,204,163,0.0041360919,1237
翻到,翻到,2,tencent_ai_lab_chinese_embedding_light_mirror_mvp,纸面心意与暗号,0.58995185,0.61830413,0.54742342,日记本,False,1238,1238,0.46653943,信封,166,200,0.0041354663,1238
供销社,供销社,3,tencent_ai_lab_chinese_embedding_light_mirror_mvp,校园空间与路线,0.59516809,0.66031229,0.49745178,小卖部,False,1239,1239,0.48509732,小卖部,199,167,0.0041331451,1239
向日葵,向日葵,3,tencent_ai_lab_chinese_embedding_light_mirror_mvp,约会物件与仪式,0.56141076,0.625597,0.4651314,玫瑰,False,1240,1240,0.44132755,玫瑰,185,179,0.0041328665,1240
百元大钞,百元大钞,4,tencent_ai_lab_chinese_embedding_light_mirror_mvp,纸面心意与暗号,0.59761364,0.62738943,0.55294997,信封,False,1241,1241,0.42210177,纸条,146,234,0.0041278647,1241
洗手间,洗手间,3,tencent_ai_lab_chinese_embedding_light_mirror_mvp,校园空间与路线,0.60610268,0.61817145,0.58799952,教室,False,1242,1242,0.41619791,教室,150,227,0.0041231127,1242
建设路,建设路,3,tencent_ai_lab_chinese_embedding_light_mirror_mvp,校园空间与路线,0.595293,0.655123,0.505548,公交站,False,1243,1243,0.48155739,走廊,196,171,0.0041176272,1243
匣子,匣子,2,tencent_ai_lab_chinese_embedding_light_mirror_mvp,纸面心意与暗号,0.59799045,0.63415974,0.54373652,信封,False,1244,1244,0.41781385,信封,145,238,0.0041168767,1244
冬雪,冬雪,2,tencent_ai_lab_chinese_embedding_light_mirror_mvp,青春感官与毕业,0.57524292,0.59595215,0.54417908,晚霞,False,1245,1245,0.41228309,晨光,168,200,0.0041160594,1245
写字台,写字台,3,tencent_ai_lab_chinese_embedding_light_mirror_mvp,纸面心意与暗号,0.58429499,0.6031431,0.55602282,日记本,False,1246,1246,0.48566903,书签,182,185,0.004106932,1246
黑加仑,黑加仑,3,tencent_ai_lab_chinese_embedding_light_mirror_mvp,约会物件与仪式,0.5693988,0.63098609,0.47701785,玫瑰,False,1247,1247,0.35091965,奶茶,149,232,0.0041046733,1247
葱郁,葱郁,2,tencent_ai_lab_chinese_embedding_light_mirror_mvp,校园空间与路线,0.60689437,0.67334962,0.50721151,林荫道,False,1248,1248,0.40038708,林荫道,148,235,0.0040987614,1248
眼角,眼角,2,tencent_ai_lab_chinese_embedding_light_mirror_mvp,校园外貌与信物,0.55859046,0.58653462,0.51667422,发梢,False,1249,1249,0.42691821,红脸,222,155,0.004098631,1249
麦片,麦片,2,tencent_ai_lab_chinese_embedding_light_mirror_mvp,约会物件与仪式,0.56733392,0.6339317,0.46743727,奶茶,False,1250,1250,0.39625945,奶茶,159,216,0.0040946992,1250
海报,海报,2,tencent_ai_lab_chinese_embedding_light_mirror_mvp,校园日常互动,0.47397469,0.53462601,0.38299772,合照,False,1251,1251,0.39328818,讲题,179,190,0.0040920502,1251
文具,文具,2,tencent_ai_lab_chinese_embedding_light_mirror_mvp,纸面心意与暗号,0.57325332,0.58500648,0.55562359,书签,False,1252,1252,0.5056501,书签,212,162,0.0040904875,1252
掩映,掩映,2,tencent_ai_lab_chinese_embedding_light_mirror_mvp,青春感官与毕业,0.57751393,0.62061489,0.5128625,晚霞,False,1253,1253,0.39684929,校园广播,157,220,0.0040898618,1253
毛球球,毛球球,3,tencent_ai_lab_chinese_embedding_light_mirror_mvp,校园外貌与信物,0.57293065,0.5959897,0.53834206,纽扣,False,1254,1254,0.40388118,发梢,170,201,0.0040896219,1254
誊写,誊写,2,tencent_ai_lab_chinese_embedding_light_mirror_mvp,纸面心意与暗号,0.5794776,0.59017324,0.56343412,书信,False,1255,1255,0.49350311,书签,195,175,0.0040884439,1255
香樟,香樟,2,tencent_ai_lab_chinese_embedding_light_mirror_mvp,校园空间与路线,0.60729291,0.67305076,0.50865614,林荫道,False,1256,1256,0.36132544,林荫道,145,244,0.0040837612,1256
瘦瘦的,瘦瘦的,3,tencent_ai_lab_chinese_embedding_light_mirror_mvp,校园外貌与信物,0.57839333,0.60529,0.53804833,酒窝,False,1257,1257,0.37718926,红脸,147,240,0.0040821256,1257
馥郁,馥郁,2,tencent_ai_lab_chinese_embedding_light_mirror_mvp,约会物件与仪式,0.54849906,0.60660434,0.46134114,玫瑰,False,1258,1258,0.47631947,玫瑰,232,151,0.004081997,1258
夹棉,夹棉,2,tencent_ai_lab_chinese_embedding_light_mirror_mvp,校园外貌与信物,0.56593729,0.59614521,0.52062541,纽扣,False,1259,1259,0.41695774,校服,195,176,0.0040794284,1259
好几张,好几张,3,tencent_ai_lab_chinese_embedding_light_mirror_mvp,纸面心意与暗号,0.57171583,0.58701861,0.54876167,纸条,False,1260,1260,0.50867194,纸条,220,158,0.0040792923,1260
包装袋,包装袋,3,tencent_ai_lab_chinese_embedding_light_mirror_mvp,纸面心意与暗号,0.58490655,0.60309148,0.55762917,信封,False,1261,1261,0.47911321,纸条,181,190,0.0040746888,1261
小点心,小点心,3,tencent_ai_lab_chinese_embedding_light_mirror_mvp,约会物件与仪式,0.56402254,0.59761083,0.51364011,奶茶,False,1262,1262,0.41309177,礼物,171,203,0.0040656428,1262
大马路,大马路,3,tencent_ai_lab_chinese_embedding_light_mirror_mvp,校园空间与路线,0.60579972,0.61436832,0.59294683,林荫道,False,1263,1263,0.4081782,走廊,152,233,0.0040649752,1263
纯色,纯色,2,tencent_ai_lab_chinese_embedding_light_mirror_mvp,校园外貌与信物,0.5560565,0.57803667,0.52308625,纽扣,False,1264,1264,0.43136066,红脸,239,149,0.0040645853,1264
大型超市,大型超市,4,tencent_ai_lab_chinese_embedding_light_mirror_mvp,校园空间与路线,0.59991733,0.65047628,0.52407891,小卖部,False,1265,1265,0.45890714,小卖部,176,197,0.0040641694,1265
盛开,盛开,2,tencent_ai_lab_chinese_embedding_light_mirror_mvp,约会物件与仪式,0.56295021,0.63242632,0.45873603,玫瑰,False,1266,1266,0.4179661,花束,176,197,0.0040641694,1266
霜叶,霜叶,2,tencent_ai_lab_chinese_embedding_light_mirror_mvp,青春感官与毕业,0.57806756,0.61906004,0.51657885,晚霞,False,1267,1267,0.38822716,雨伞,155,228,0.0040616925,1267
图章,图章,2,tencent_ai_lab_chinese_embedding_light_mirror_mvp,纸面心意与暗号,0.56215318,0.57656187,0.54054016,书签,False,1268,1268,0.52232572,纸条,242,148,0.0040594753,1268
那杯,那杯,2,tencent_ai_lab_chinese_embedding_light_mirror_mvp,约会物件与仪式,0.54714381,0.60694975,0.45743489,奶茶,False,1269,1269,0.48028344,奶茶,240,149,0.0040590112,1269
育才路,育才路,3,tencent_ai_lab_chinese_embedding_light_mirror_mvp,校园空间与路线,0.60278054,0.66091913,0.51557267,公交站,False,1270,1270,0.43603152,体育馆,164,214,0.0040569604,1270
加塞,加塞,2,tencent_ai_lab_chinese_embedding_light_mirror_mvp,校园日常互动,0.47301569,0.53865284,0.37455997,等车,False,1271,1271,0.39844394,留座,185,188,0.0040569454,1271
缥缈,缥缈,2,tencent_ai_lab_chinese_embedding_light_mirror_mvp,青春感官与毕业,0.57513574,0.60503525,0.53028649,晚霞,False,1272,1272,0.40726964,蝉鸣,170,206,0.0040536123,1272
星月,星月,2,tencent_ai_lab_chinese_embedding_light_mirror_mvp,青春感官与毕业,0.5719451,0.60313809,0.5251556,晨光,False,1273,1273,0.4190886,晚霞,183,191,0.004049645,1273
棉质,棉质,2,tencent_ai_lab_chinese_embedding_light_mirror_mvp,校园外貌与信物,0.57704196,0.60854042,0.52979428,纽扣,False,1274,1274,0.38280414,发梢,153,234,0.0040480981,1274
麻辣烫,麻辣烫,3,tencent_ai_lab_chinese_embedding_light_mirror_mvp,约会物件与仪式,0.56839006,0.61628163,0.49655271,奶茶,False,1275,1275,0.34757425,礼物,153,234,0.0040480981,1275
烈日,烈日,2,tencent_ai_lab_chinese_embedding_light_mirror_mvp,青春感官与毕业,0.56799333,0.60888922,0.50664949,晚霞,False,1276,1276,0.43036143,晚霞,200,176,0.004041721,1276
顺滑,顺滑,2,tencent_ai_lab_chinese_embedding_light_mirror_mvp,校园外貌与信物,0.57039667,0.6106618,0.50999898,发梢,False,1277,1277,0.40525698,纽扣,177,199,0.0040402066,1277
缺勤,缺勤,2,tencent_ai_lab_chinese_embedding_light_mirror_mvp,校园日常互动,0.46831409,0.52345359,0.38560483,值日,False,1278,1278,0.43310202,值日,204,173,0.0040398621,1278
褶皱,褶皱,2,tencent_ai_lab_chinese_embedding_light_mirror_mvp,校园外貌与信物,0.5615535,0.58539093,0.52579737,纽扣,False,1279,1279,0.4242117,红脸,219,163,0.0040342672,1279
杯面,杯面,2,tencent_ai_lab_chinese_embedding_light_mirror_mvp,约会物件与仪式,0.55557517,0.62838423,0.44636157,奶茶,False,1280,1280,0.45368094,奶茶,209,170,0.0040326491,1280
印章,印章,2,tencent_ai_lab_chinese_embedding_light_mirror_mvp,纸面心意与暗号,0.56577971,0.5882287,0.53210622,信封,False,1281,1281,0.51540825,纸条,236,154,0.0040256378,1281
后援会,后援会,3,tencent_ai_lab_chinese_embedding_light_mirror_mvp,校园日常互动,0.47036858,0.54982382,0.35118571,合照,False,1282,1282,0.41053076,等车,192,185,0.0040249433,1282
大眼睛,大眼睛,3,tencent_ai_lab_chinese_embedding_light_mirror_mvp,校园外貌与信物,0.57616102,0.61084241,0.52413893,酒窝,False,1283,1283,0.38573499,红脸,158,229,0.0040236818,1283
最丑,最丑,2,tencent_ai_lab_chinese_embedding_light_mirror_mvp,校园日常互动,0.4745622,0.52843058,0.39375964,合照,False,1284,1284,0.34665494,合照,175,204,0.004021599,1284
袋里,袋里,2,tencent_ai_lab_chinese_embedding_light_mirror_mvp,纸面心意与暗号,0.59026415,0.61671901,0.55058187,信封,False,1285,1285,0.45044445,纸条,165,218,0.0040207834,1285
翻开,翻开,2,tencent_ai_lab_chinese_embedding_light_mirror_mvp,纸面心意与暗号,0.57904847,0.60452807,0.54082906,日记本,False,1286,1286,0.48716509,信封,197,181,0.0040202141,1286
电文,电文,2,tencent_ai_lab_chinese_embedding_light_mirror_mvp,纸面心意与暗号,0.58321452,0.60600054,0.54903549,书信,False,1287,1287,0.47609483,书信,185,193,0.0040171009,1287
印成,印成,2,tencent_ai_lab_chinese_embedding_light_mirror_mvp,纸面心意与暗号,0.58316449,0.60160238,0.55550766,明信片,False,1288,1288,0.47648106,书签,186,192,0.0040166473,1288
风雪,风雪,2,tencent_ai_lab_chinese_embedding_light_mirror_mvp,青春感官与毕业,0.56957963,0.57912743,0.55525792,晚霞,False,1289,1289,0.42413695,雨伞,191,187,0.0040163234,1289
住宅区,住宅区,3,tencent_ai_lab_chinese_embedding_light_mirror_mvp,校园空间与路线,0.59802566,0.61806846,0.56796145,林荫道,False,1290,1290,0.46157234,教室,183,196,0.0040107382,1290
限量版,限量版,3,tencent_ai_lab_chinese_embedding_light_mirror_mvp,约会物件与仪式,0.56503117,0.58390951,0.53671366,情人节,False,1291,1291,0.39128076,礼物,166,219,0.0040045041,1291
读后感,读后感,3,tencent_ai_lab_chinese_embedding_light_mirror_mvp,纸面心意与暗号,0.57160628,0.57987833,0.5591982,情书,False,1292,1292,0.50367341,书信,221,165,0.0040015817,1292
甜笑,甜笑,2,tencent_ai_lab_chinese_embedding_light_mirror_mvp,校园外貌与信物,0.5520717,0.58869076,0.49714312,酒窝,False,1293,1293,0.43128488,红脸,249,150,0.0039990754,1293
拂面,拂面,2,tencent_ai_lab_chinese_embedding_light_mirror_mvp,青春感官与毕业,0.57090099,0.58984077,0.54249132,晚霞,False,1294,1294,0.41465684,离别,186,195,0.0039933046,1294
映衬,映衬,2,tencent_ai_lab_chinese_embedding_light_mirror_mvp,青春感官与毕业,0.55853494,0.60665798,0.48635039,晚霞,False,1295,1295,0.4443686,校园广播,240,155,0.0039922481,1295
小年夜,小年夜,3,tencent_ai_lab_chinese_embedding_light_mirror_mvp,约会物件与仪式,0.56459762,0.58278757,0.53731269,情人节,False,1296,1296,0.39465952,情人节,168,218,0.0039915436,1296
青山,青山,2,tencent_ai_lab_chinese_embedding_light_mirror_mvp,青春感官与毕业,0.57736015,0.60960114,0.52899867,晚霞,False,1297,1297,0.38068332,晚霞,159,233,0.0039895897,1297
乌黑,乌黑,2,tencent_ai_lab_chinese_embedding_light_mirror_mvp,校园外貌与信物,0.56390567,0.59354484,0.51944691,发梢,False,1298,1298,0.41513197,酒窝,204,179,0.0039859896,1298
盒盖,盒盖,2,tencent_ai_lab_chinese_embedding_light_mirror_mvp,纸面心意与暗号,0.58302009,0.62376094,0.52190882,信封,False,1299,1299,0.47582408,信封,187,195,0.0039850758,1299
大杯,大杯,2,tencent_ai_lab_chinese_embedding_light_mirror_mvp,约会物件与仪式,0.55557739,0.63890803,0.43058142,奶茶,False,1300,1300,0.44176856,奶茶,208,176,0.0039843157,1300
啤酒,啤酒,2,tencent_ai_lab_chinese_embedding_light_mirror_mvp,约会物件与仪式,0.56383164,0.61621314,0.48525938,奶茶,False,1301,1301,0.39705718,奶茶,172,214,0.0039799899,1301
火红,火红,2,tencent_ai_lab_chinese_embedding_light_mirror_mvp,青春感官与毕业,0.57260878,0.62259877,0.4976238,晚霞,False,1302,1302,0.40768079,蝉鸣,179,205,0.0039788427,1302
橙红,橙红,2,tencent_ai_lab_chinese_embedding_light_mirror_mvp,青春感官与毕业,0.57388525,0.6295523,0.49038467,晚霞,False,1303,1303,0.40322569,晨光,173,213,0.0039774246,1303
碧海,碧海,2,tencent_ai_lab_chinese_embedding_light_mirror_mvp,青春感官与毕业,0.57574961,0.62691009,0.49900889,晚霞,False,1304,1304,0.39101178,毕业,166,224,0.0039729528,1304
下班时间,下班时间,4,tencent_ai_lab_chinese_embedding_light_mirror_mvp,校园空间与路线,0.59223564,0.62965143,0.53611195,放学,False,1305,1305,0.47961758,公交站,215,173,0.0039641046,1305
印花,印花,2,tencent_ai_lab_chinese_embedding_light_mirror_mvp,校园外貌与信物,0.57053969,0.60249686,0.52260393,纽扣,False,1306,1306,0.3969063,红脸,176,212,0.0039568794,1306
慢递,慢递,2,tencent_ai_lab_chinese_embedding_light_mirror_mvp,纸面心意与暗号,0.57310562,0.60247898,0.52904558,明信片,False,1307,1307,0.49312692,纸条,213,176,0.0039501459,1307
樱桃,樱桃,2,tencent_ai_lab_chinese_embedding_light_mirror_mvp,约会物件与仪式,0.55706073,0.61552131,0.46936986,玫瑰,False,1308,1308,0.43774,玫瑰,201,186,0.0039482291,1308
撕下来,撕下来,3,tencent_ai_lab_chinese_embedding_light_mirror_mvp,纸面心意与暗号,0.58604935,0.59934086,0.5661121,纸条,False,1309,1309,0.45863159,信封,177,212,0.0039479399,1309
璀灿,璀灿,2,tencent_ai_lab_chinese_embedding_light_mirror_mvp,青春感官与毕业,0.56687015,0.61404139,0.4961133,晚霞,False,1310,1310,0.42660179,晨光,205,183,0.0039444056,1310
街巷,街巷,2,tencent_ai_lab_chinese_embedding_light_mirror_mvp,校园空间与路线,0.59407225,0.64276087,0.52103931,林荫道,False,1311,1311,0.46923261,走廊,203,185,0.003941957,1311
铅笔,铅笔,2,tencent_ai_lab_chinese_embedding_light_mirror_mvp,纸面心意与暗号,0.577727,0.59345776,0.55413085,书签,False,1312,1312,0.48260479,书签,200,188,0.003939206,1312
十字路,十字路,3,tencent_ai_lab_chinese_embedding_light_mirror_mvp,校园空间与路线,0.59651,0.62681425,0.55105364,公交站,False,1313,1313,0.45547887,走廊,189,199,0.0039385341,1313
草皮,草皮,2,tencent_ai_lab_chinese_embedding_light_mirror_mvp,校园空间与路线,0.60497751,0.64003026,0.55239838,看台,False,1314,1314,0.32968035,篮球场,156,248,0.0039381914,1314
印着,印着,2,tencent_ai_lab_chinese_embedding_light_mirror_mvp,纸面心意与暗号,0.56069373,0.57991344,0.53186417,信封,False,1315,1315,0.51066575,纸条,247,157,0.003932812,1315
柠檬,柠檬,2,tencent_ai_lab_chinese_embedding_light_mirror_mvp,约会物件与仪式,0.55419751,0.60581136,0.47677675,玫瑰,False,1316,1316,0.44170308,玫瑰,213,178,0.0039323422,1316
指腹,指腹,2,tencent_ai_lab_chinese_embedding_light_mirror_mvp,校园外貌与信物,0.57551664,0.64031887,0.4783133,发梢,False,1317,1317,0.37507192,小皮筋,160,242,0.0039283564,1317
烫金,烫金,2,tencent_ai_lab_chinese_embedding_light_mirror_mvp,纸面心意与暗号,0.59198194,0.6342355,0.52860159,信封,False,1318,1318,0.40800757,纸条,159,245,0.0039224493,1318
蕾丝,蕾丝,2,tencent_ai_lab_chinese_embedding_light_mirror_mvp,校园外貌与信物,0.57109789,0.60415763,0.52150828,纽扣,False,1319,1319,0.39213046,纽扣,175,219,0.0039197743,1319
可爱,可爱,2,tencent_ai_lab_chinese_embedding_light_mirror_mvp,校园外貌与信物,0.5686329,0.59468609,0.52955312,酒窝,False,1320,1320,0.39884115,小皮筋,186,206,0.0039122196,1320
塞到,塞到,2,tencent_ai_lab_chinese_embedding_light_mirror_mvp,纸面心意与暗号,0.58912807,0.61335647,0.55278546,信封,False,1321,1321,0.43512714,信封,168,231,0.0039111955,1321
牡丹,牡丹,2,tencent_ai_lab_chinese_embedding_light_mirror_mvp,约会物件与仪式,0.54884267,0.63058311,0.42623201,玫瑰,False,1322,1322,0.45824739,玫瑰,231,168,0.0039111955,1322
钱袋,钱袋,2,tencent_ai_lab_chinese_embedding_light_mirror_mvp,纸面心意与暗号,0.57301588,0.6158061,0.50883055,信封,False,1323,1323,0.48924296,纸条,214,180,0.0039081509,1323
女厕所,女厕所,3,tencent_ai_lab_chinese_embedding_light_mirror_mvp,校园空间与路线,0.60186965,0.62084782,0.5734024,教室,False,1324,1324,0.411286,体育馆,168,232,0.0039053112,1324
舞厅,舞厅,2,tencent_ai_lab_chinese_embedding_light_mirror_mvp,约会物件与仪式,0.55902927,0.60166174,0.49508056,电影院,False,1325,1325,0.41721265,电影院,195,198,0.0038987688,1325
郁郁葱葱,郁郁葱葱,4,tencent_ai_lab_chinese_embedding_light_mirror_mvp,校园空间与路线,0.60281739,0.66306293,0.51244909,林荫道,False,1326,1326,0.37743017,林荫道,163,242,0.0038977816,1326
翻看,翻看,2,tencent_ai_lab_chinese_embedding_light_mirror_mvp,纸面心意与暗号,0.58176808,0.61081111,0.53820354,日记本,False,1327,1327,0.46466839,书信,191,203,0.0038931726,1327
连绵起伏,连绵起伏,4,tencent_ai_lab_chinese_embedding_light_mirror_mvp,青春感官与毕业,0.57218682,0.63169265,0.48292807,晚霞,False,1328,1328,0.39953984,雨伞,181,215,0.0038928706,1328
发车,发车,2,tencent_ai_lab_chinese_embedding_light_mirror_mvp,校园空间与路线,0.58675036,0.63870049,0.50882518,公交站,False,1329,1329,0.488026,放学,243,163,0.0038923175,1329
腊八,腊八,2,tencent_ai_lab_chinese_embedding_light_mirror_mvp,约会物件与仪式,0.54764715,0.57337004,0.50906283,七夕,False,1330,1330,0.45876673,七夕,236,167,0.0038918324,1330
樱花树,樱花树,3,tencent_ai_lab_chinese_embedding_light_mirror_mvp,校园空间与路线,0.60297699,0.66068172,0.51641989,林荫道,False,1331,1331,0.35096915,放学,162,246,0.0038862392,1331
滨河路,滨河路,3,tencent_ai_lab_chinese_embedding_light_mirror_mvp,校园空间与路线,0.59430794,0.63534373,0.53275424,公交站,False,1332,1332,0.46226849,走廊,202,193,0.0038846815,1332
公仔,公仔,2,tencent_ai_lab_chinese_embedding_light_mirror_mvp,约会物件与仪式,0.56585206,0.60065204,0.51365209,礼物,False,1333,1333,0.32416109,奶茶,165,241,0.0038833518,1333
漫天,漫天,2,tencent_ai_lab_chinese_embedding_light_mirror_mvp,青春感官与毕业,0.55823362,0.57704592,0.53001517,晚霞,False,1334,1334,0.43915122,晚霞,244,164,0.0038768797,1334
新的一天,新的一天,4,tencent_ai_lab_chinese_embedding_light_mirror_mvp,青春感官与毕业,0.55930685,0.5939371,0.50736147,晨光,False,1335,1335,0.43904422,晨光,239,167,0.003874884,1335
支票薄,支票薄,3,tencent_ai_lab_chinese_embedding_light_mirror_mvp,纸面心意与暗号,0.5645695,0.59070086,0.52537245,信封,False,1336,1336,0.49847232,书信,238,168,0.0038708348,1336
直筒,直筒,2,tencent_ai_lab_chinese_embedding_light_mirror_mvp,校园外貌与信物,0.57133806,0.58712792,0.54765326,纽扣,False,1337,1337,0.38552819,发卡,174,230,0.0038608901,1337
年货,年货,2,tencent_ai_lab_chinese_embedding_light_mirror_mvp,约会物件与仪式,0.54769869,0.58070797,0.49818477,礼物,False,1338,1338,0.45142859,礼物,235,171,0.0038594174,1338
水汪汪,水汪汪,3,tencent_ai_lab_chinese_embedding_light_mirror_mvp,校园外貌与信物,0.55285634,0.58052462,0.51135391,酒窝,False,1339,1339,0.42240059,酒窝,246,165,0.0038562092,1339
流动红旗,流动红旗,4,tencent_ai_lab_chinese_embedding_light_mirror_mvp,校园日常互动,0.46988162,0.52715015,0.38397881,值日,False,1340,1340,0.36836971,等车,197,202,0.0038539222,1340
小面包,小面包,3,tencent_ai_lab_chinese_embedding_light_mirror_mvp,校园日常互动,0.46980962,0.51164806,0.40705195,等车,False,1341,1341,0.36896882,递纸条,198,201,0.0038536933,1341
杏仁露,杏仁露,3,tencent_ai_lab_chinese_embedding_light_mirror_mvp,约会物件与仪式,0.55089782,0.61545515,0.45406184,奶茶,False,1342,1342,0.43987786,奶茶,221,182,0.0038454751,1342
入口处,入口处,3,tencent_ai_lab_chinese_embedding_light_mirror_mvp,校园空间与路线,0.5930896,0.63894451,0.52430725,走廊,False,1343,1343,0.4632211,小卖部,210,192,0.0038359788,1343
袋盖,袋盖,2,tencent_ai_lab_chinese_embedding_light_mirror_mvp,校园外貌与信物,0.56327368,0.63324112,0.45832253,纽扣,False,1344,1344,0.40672746,酒窝,207,195,0.0038334435,1344
蛋糕店,蛋糕店,3,tencent_ai_lab_chinese_embedding_light_mirror_mvp,约会物件与仪式,0.55893997,0.59532243,0.50436628,奶茶,False,1345,1345,0.41094188,礼物,196,206,0.0038328242,1345
方巾,方巾,2,tencent_ai_lab_chinese_embedding_light_mirror_mvp,校园外貌与信物,0.57331383,0.59056056,0.54744375,纽扣,False,1346,1346,0.36038268,红脸,168,245,0.0038323267,1346
露珠,露珠,2,tencent_ai_lab_chinese_embedding_light_mirror_mvp,青春感官与毕业,0.56794676,0.58979696,0.53517145,晚霞,False,1347,1347,0.41105498,雨伞,201,201,0.0038314176,1347
速溶,速溶,2,tencent_ai_lab_chinese_embedding_light_mirror_mvp,约会物件与仪式,0.56272904,0.64305711,0.44223693,奶茶,False,1348,1348,0.37061266,礼物,178,229,0.0038309441,1348
摸出,摸出,2,tencent_ai_lab_chinese_embedding_light_mirror_mvp,纸面心意与暗号,0.58858011,0.61452937,0.54965621,信封,False,1349,1349,0.41187122,小纸条,171,241,0.0038256317,1349
空盒子,空盒子,3,tencent_ai_lab_chinese_embedding_light_mirror_mvp,纸面心意与暗号,0.58650578,0.60981005,0.55154938,信封,False,1350,1350,0.41945224,信封,174,237,0.0038202538,1350
锦囊,锦囊,2,tencent_ai_lab_chinese_embedding_light_mirror_mvp,纸面心意与暗号,0.58177094,0.59538865,0.56134439,信封,False,1351,1351,0.45763474,信封,190,215,0.0038181818,1351
残月,残月,2,tencent_ai_lab_chinese_embedding_light_mirror_mvp,青春感官与毕业,0.57519007,0.60180151,0.5352729,晚霞,False,1352,1352,0.34405075,晚霞,169,247,0.0038120706,1352
永诀,永诀,2,tencent_ai_lab_chinese_embedding_light_mirror_mvp,青春感官与毕业,0.56734654,0.65778065,0.43169537,离别,False,1353,1353,0.41049871,离别,203,202,0.0038095376,1353
泡面,泡面,2,tencent_ai_lab_chinese_embedding_light_mirror_mvp,约会物件与仪式,0.55976801,0.61150193,0.48216712,奶茶,False,1354,1354,0.40035537,奶茶,193,213,0.0038077864,1354
飞雪,飞雪,2,tencent_ai_lab_chinese_embedding_light_mirror_mvp,青春感官与毕业,0.56291226,0.57923585,0.53842688,晚霞,False,1355,1355,0.42518775,雨伞,222,186,0.00380557,1355
短靴,短靴,2,tencent_ai_lab_chinese_embedding_light_mirror_mvp,校园外貌与信物,0.56226844,0.57667035,0.54066557,马尾,False,1356,1356,0.40758393,小皮筋,215,194,0.0037866858,1356
拐进,拐进,2,tencent_ai_lab_chinese_embedding_light_mirror_mvp,校园空间与路线,0.59524882,0.62455726,0.55128616,林荫道,False,1357,1357,0.43689992,走廊,197,213,0.0037770271,1357
收好,收好,2,tencent_ai_lab_chinese_embedding_light_mirror_mvp,纸面心意与暗号,0.5685311,0.58852953,0.53853345,纸条,False,1358,1358,0.48633521,信封,231,183,0.0037758262,1358
传单,传单,2,tencent_ai_lab_chinese_embedding_light_mirror_mvp,纸面心意与暗号,0.57116601,0.59465039,0.53593946,纸条,False,1359,1359,0.48192199,书信,224,189,0.0037685955,1359
掏出,掏出,2,tencent_ai_lab_chinese_embedding_light_mirror_mvp,纸面心意与暗号,0.58612264,0.60830635,0.55284709,信封,False,1360,1360,0.40801609,暗号,176,244,0.0037633809,1360
大年初一,大年初一,4,tencent_ai_lab_chinese_embedding_light_mirror_mvp,约会物件与仪式,0.55429442,0.56938827,0.53165364,情人节,False,1361,1361,0.41506877,纪念日,212,200,0.0037613122,1361
汗湿,汗湿,2,tencent_ai_lab_chinese_embedding_light_mirror_mvp,校园外貌与信物,0.55612622,0.60339737,0.48521951,发梢,False,1362,1362,0.41497154,发梢,238,180,0.0037611857,1362
包身,包身,2,tencent_ai_lab_chinese_embedding_light_mirror_mvp,校园外貌与信物,0.5567678,0.59619832,0.49762201,纽扣,False,1363,1363,0.41248527,红脸,235,182,0.003761031,1363
指甲,指甲,2,tencent_ai_lab_chinese_embedding_light_mirror_mvp,校园外貌与信物,0.55157981,0.57807875,0.5118314,发梢,False,1364,1364,0.41880255,发梢,251,173,0.0037536398,1364
月儿,月儿,2,tencent_ai_lab_chinese_embedding_light_mirror_mvp,青春感官与毕业,0.57127581,0.60644472,0.51852244,晚霞,False,1365,1365,0.38120861,晚霞,185,232,0.0037531451,1365
浅蓝色,浅蓝色,3,tencent_ai_lab_chinese_embedding_light_mirror_mvp,校园外貌与信物,0.55349549,0.56327671,0.53882366,马尾,False,1366,1366,0.41656805,红脸,243,178,0.0037510054,1366
万家灯火,万家灯火,4,tencent_ai_lab_chinese_embedding_light_mirror_mvp,青春感官与毕业,0.57226012,0.60012949,0.53045607,晚霞,False,1367,1367,0.37018269,蝉鸣,180,240,0.00375,1367
胡须,胡须,2,tencent_ai_lab_chinese_embedding_light_mirror_mvp,校园外貌与信物,0.55715764,0.57091975,0.53651446,发梢,False,1368,1368,0.41150626,马尾,233,185,0.003747301,1368
兜里,兜里,2,tencent_ai_lab_chinese_embedding_light_mirror_mvp,纸面心意与暗号,0.58074377,0.60164034,0.5493989,信封,False,1369,1369,0.44209525,书信,192,224,0.0037446904,1369
和平路,和平路,3,tencent_ai_lab_chinese_embedding_light_mirror_mvp,校园空间与路线,0.59257692,0.65755379,0.49511161,公交站,False,1370,1370,0.45194653,公交站,212,203,0.003739376,1370
怒放,怒放,2,tencent_ai_lab_chinese_embedding_light_mirror_mvp,青春感官与毕业,0.56700268,0.59925997,0.51861674,晚霞,False,1371,1371,0.40449783,晨光,204,211,0.0037389578,1371
记者团,记者团,3,tencent_ai_lab_chinese_embedding_light_mirror_mvp,校园空间与路线,0.59682765,0.6614421,0.49990597,广播站,False,1372,1372,0.41178797,图书馆,188,231,0.0037343421,1372
野菊,野菊,2,tencent_ai_lab_chinese_embedding_light_mirror_mvp,青春感官与毕业,0.56849561,0.60164404,0.51877296,晚霞,False,1373,1373,0.39278903,蝉鸣,196,222,0.0037261746,1373
插页,插页,2,tencent_ai_lab_chinese_embedding_light_mirror_mvp,纸面心意与暗号,0.57442584,0.59601235,0.54204607,书签,False,1374,1374,0.46012044,书签,208,209,0.0037244077,1374
眉清目秀,眉清目秀,4,tencent_ai_lab_chinese_embedding_light_mirror_mvp,校园外貌与信物,0.55488944,0.57192099,0.52934211,酒窝,False,1375,1375,0.41220807,发梢,242,183,0.0037132423,1375
四楼,四楼,2,tencent_ai_lab_chinese_embedding_light_mirror_mvp,校园空间与路线,0.58880765,0.59405684,0.58093387,走廊,False,1376,1376,0.46513221,教室,232,190,0.0037123288,1376
窗前,窗前,2,tencent_ai_lab_chinese_embedding_light_mirror_mvp,青春感官与毕业,0.5585109,0.57311511,0.53660458,晨光,False,1377,1377,0.42632126,离别,241,184,0.0037103099,1377
供词,供词,2,tencent_ai_lab_chinese_embedding_light_mirror_mvp,纸面心意与暗号,0.56086133,0.57797337,0.53519326,书信,False,1378,1378,0.48709158,书信,246,182,0.0037001026,1378
长天,长天,2,tencent_ai_lab_chinese_embedding_light_mirror_mvp,青春感官与毕业,0.5615314,0.60351682,0.49855328,晚霞,False,1379,1379,0.41373965,晨光,225,197,0.0036999113,1379
十字路口,十字路口,4,tencent_ai_lab_chinese_embedding_light_mirror_mvp,校园空间与路线,0.59181495,0.63049376,0.53379673,公交站,False,1380,1380,0.45155263,公交站,217,204,0.0036989935,1380
雾蒙蒙,雾蒙蒙,3,tencent_ai_lab_chinese_embedding_light_mirror_mvp,青春感官与毕业,0.56653432,0.59500736,0.52382475,晚霞,False,1381,1381,0.40078381,雨伞,207,214,0.0036974767,1381
浩淼,浩淼,2,tencent_ai_lab_chinese_embedding_light_mirror_mvp,青春感官与毕业,0.57034606,0.60801953,0.51383585,晚霞,False,1382,1382,0.37427695,离别,189,236,0.0036972213,1382
五角钱,五角钱,3,tencent_ai_lab_chinese_embedding_light_mirror_mvp,校园空间与路线,0.59727439,0.65035719,0.51765019,小卖部,False,1383,1383,0.38085785,小卖部,186,241,0.0036936499,1383
包里,包里,2,tencent_ai_lab_chinese_embedding_light_mirror_mvp,纸面心意与暗号,0.57835882,0.58653879,0.56608886,日记本,False,1384,1384,0.44110589,纸条,198,225,0.0036923705,1384
圣旨,圣旨,2,tencent_ai_lab_chinese_embedding_light_mirror_mvp,纸面心意与暗号,0.58181548,0.61982644,0.52479905,书信,False,1385,1385,0.41599039,信封,189,239,0.0036802729,1385
原野,原野,2,tencent_ai_lab_chinese_embedding_light_mirror_mvp,青春感官与毕业,0.57055693,0.59618306,0.53211772,晚霞,False,1386,1386,0.36345409,晨光,187,242,0.0036799206,1386
下颌,下颌,2,tencent_ai_lab_chinese_embedding_light_mirror_mvp,校园外貌与信物,0.56323471,0.57739079,0.54200059,发梢,False,1387,1387,0.39360738,红脸,208,216,0.0036772658,1387
利落,利落,2,tencent_ai_lab_chinese_embedding_light_mirror_mvp,校园外貌与信物,0.55247211,0.57669294,0.51614088,马尾,False,1388,1388,0.41202821,发卡,248,184,0.003672557,1388
买饭,买饭,2,tencent_ai_lab_chinese_embedding_light_mirror_mvp,校园空间与路线,0.587966,0.61249083,0.55117875,小卖部,False,1389,1389,0.46196627,小卖部,236,194,0.0036576931,1389
浅浅的,浅浅的,3,tencent_ai_lab_chinese_embedding_light_mirror_mvp,校园外貌与信物,0.56838301,0.61239177,0.50236988,酒窝,False,1390,1390,0.35216104,发梢,187,248,0.0036476681,1390
眼袋,眼袋,2,tencent_ai_lab_chinese_embedding_light_mirror_mvp,校园外貌与信物,0.56665862,0.61015654,0.50141174,酒窝,False,1391,1391,0.36662476,校服,191,243,0.0036421969,1391
收纳盒,收纳盒,3,tencent_ai_lab_chinese_embedding_light_mirror_mvp,纸面心意与暗号,0.57371051,0.603845,0.52850878,书签,False,1392,1392,0.44703442,信封,209,221,0.0036380955,1392
繁花似锦,繁花似锦,4,tencent_ai_lab_chinese_embedding_light_mirror_mvp,青春感官与毕业,0.56524113,0.59275943,0.52396369,晚霞,False,1393,1393,0.39690049,晨光,211,219,0.0036371331,1393
轻柔,轻柔,2,tencent_ai_lab_chinese_embedding_light_mirror_mvp,校园外貌与信物,0.56518465,0.63170755,0.46540031,发梢,False,1394,1394,0.38540095,小皮筋,200,232,0.0036354057,1394
如血,如血,2,tencent_ai_lab_chinese_embedding_light_mirror_mvp,青春感官与毕业,0.5695722,0.6203537,0.49339995,晚霞,False,1395,1395,0.36209337,毕业,192,243,0.003634292,1395
青协,青协,2,tencent_ai_lab_chinese_embedding_light_mirror_mvp,校园空间与路线,0.59627515,0.6497106,0.51612198,广播站,False,1396,1396,0.35601873,图书馆,191,245,0.0036313761,1396
药瓶,药瓶,2,tencent_ai_lab_chinese_embedding_light_mirror_mvp,纸面心意与暗号,0.5796478,0.6106782,0.53310221,信封,False,1397,1397,0.41095952,信封,194,242,0.0036241331,1397
无糖,无糖,2,tencent_ai_lab_chinese_embedding_light_mirror_mvp,约会物件与仪式,0.54905181,0.61799723,0.44563368,奶茶,False,1398,1398,0.4064015,奶茶,228,207,0.0036087703,1398
干练,干练,2,tencent_ai_lab_chinese_embedding_light_mirror_mvp,校园外貌与信物,0.56316073,0.59151554,0.52062851,马尾,False,1399,1399,0.38913448,刘海,210,226,0.0036001036,1399
风中,风中,2,tencent_ai_lab_chinese_embedding_light_mirror_mvp,青春感官与毕业,0.56121958,0.56842536,0.55041093,离别,False,1400,1400,0.40573579,晨光,229,208,0.0035957754,1400
松松垮垮,松松垮垮,4,tencent_ai_lab_chinese_embedding_light_mirror_mvp,校园外貌与信物,0.56266782,0.57599473,0.54267746,马尾,False,1401,1401,0.38935632,小皮筋,212,225,0.0035926213,1401
那包,那包,2,tencent_ai_lab_chinese_embedding_light_mirror_mvp,纸面心意与暗号,0.56107252,0.58399069,0.52669525,信封,False,1402,1402,0.47389135,信封,244,197,0.0035902621,1402
醋栗,醋栗,2,tencent_ai_lab_chinese_embedding_light_mirror_mvp,约会物件与仪式,0.55686909,0.62894094,0.44876131,玫瑰,False,1403,1403,0.33885964,奶茶,202,239,0.0035806377,1403
高材生,高材生,3,tencent_ai_lab_chinese_embedding_light_mirror_mvp,青春感官与毕业,0.56211578,0.69466579,0.36329076,毕业,False,1404,1404,0.39911209,毕业,223,216,0.0035783787,1404
格子,格子,2,tencent_ai_lab_chinese_embedding_light_mirror_mvp,校园外貌与信物,0.56564944,0.59596252,0.52017981,纽扣,False,1405,1405,0.35857284,酒窝,197,247,0.0035741898,1405
吹动,吹动,2,tencent_ai_lab_chinese_embedding_light_mirror_mvp,校园外貌与信物,0.55844175,0.61807883,0.46898612,发梢,False,1406,1406,0.39680291,发梢,227,213,0.0035736621,1406
药盒,药盒,2,tencent_ai_lab_chinese_embedding_light_mirror_mvp,纸面心意与暗号,0.57050004,0.58535302,0.54822057,信封,False,1407,1407,0.45843422,信封,226,214,0.0035730693,1407
风筒,风筒,2,tencent_ai_lab_chinese_embedding_light_mirror_mvp,校园外貌与信物,0.55847337,0.59527028,0.50327802,发梢,False,1408,1408,0.3951345,发梢,226,214,0.0035730693,1408
西饼,西饼,2,tencent_ai_lab_chinese_embedding_light_mirror_mvp,约会物件与仪式,0.54845272,0.6053133,0.46316186,奶茶,False,1409,1409,0.40630019,礼物,233,208,0.0035721563,1409
桌上,桌上,2,tencent_ai_lab_chinese_embedding_light_mirror_mvp,纸面心意与暗号,0.57330053,0.58738649,0.55217159,纸条,False,1410,1410,0.42022417,书签,211,236,0.0035342076,1410
水珠,水珠,2,tencent_ai_lab_chinese_embedding_light_mirror_mvp,校园外貌与信物,0.56475749,0.62801099,0.46987724,发梢,False,1411,1411,0.34488751,红脸,201,250,0.003528612,1411
马戏,马戏,2,tencent_ai_lab_chinese_embedding_light_mirror_mvp,约会物件与仪式,0.54959753,0.60365307,0.4685142,游乐园,False,1412,1412,0.37505234,礼物,223,224,0.0035273478,1412
湿漉漉,湿漉漉,3,tencent_ai_lab_chinese_embedding_light_mirror_mvp,校园外貌与信物,0.5619218,0.61191607,0.4869304,发梢,False,1413,1413,0.38548149,酒窝,217,231,0.0035232672,1413
弧度,弧度,2,tencent_ai_lab_chinese_embedding_light_mirror_mvp,校园外貌与信物,0.56448683,0.57741421,0.54509574,刘海,False,1414,1414,0.34533736,发梢,203,249,0.0035192637,1414
人行天桥,人行天桥,4,tencent_ai_lab_chinese_embedding_light_mirror_mvp,校园空间与路线,0.58717302,0.61937135,0.53887552,公交站,False,1415,1415,0.44045359,走廊,240,210,0.0035185185,1415
皮包,皮包,2,tencent_ai_lab_chinese_embedding_light_mirror_mvp,纸面心意与暗号,0.56410842,0.59148061,0.52305013,信封,False,1416,1416,0.45896295,纸条,239,211,0.0035172593,1416
营区,营区,2,tencent_ai_lab_chinese_embedding_light_mirror_mvp,校园空间与路线,0.58686234,0.62359458,0.53176397,操场,False,1417,1417,0.44323636,操场,242,209,0.0035143652,1417
亭子,亭子,2,tencent_ai_lab_chinese_embedding_light_mirror_mvp,校园空间与路线,0.59064031,0.60970783,0.56203902,林荫道,False,1418,1418,0.41347315,看台,221,229,0.0035094632,1418
假山,假山,2,tencent_ai_lab_chinese_embedding_light_mirror_mvp,校园空间与路线,0.59350505,0.62535679,0.54572743,林荫道,False,1419,1419,0.33032725,放学,206,247,0.0035083637,1419
新华路,新华路,3,tencent_ai_lab_chinese_embedding_light_mirror_mvp,校园空间与路线,0.58869432,0.65394545,0.49081764,公交站,False,1420,1420,0.43008735,公交站,233,218,0.0035050458,1420
包好,包好,2,tencent_ai_lab_chinese_embedding_light_mirror_mvp,纸面心意与暗号,0.56780276,0.60640407,0.50990081,信封,False,1421,1421,0.45031686,信封,232,219,0.0035044435,1421
思乡,思乡,2,tencent_ai_lab_chinese_embedding_light_mirror_mvp,青春感官与毕业,0.56310228,0.63240153,0.45915341,离别,False,1422,1422,0.38253428,离别,221,231,0.0034975725,1422
松林,松林,2,tencent_ai_lab_chinese_embedding_light_mirror_mvp,青春感官与毕业,0.5648963,0.60042167,0.51160824,晚霞,False,1423,1423,0.37279735,离别,216,237,0.0034950959,1423
沧海,沧海,2,tencent_ai_lab_chinese_embedding_light_mirror_mvp,青春感官与毕业,0.55959518,0.58993375,0.51408732,晚霞,False,1424,1424,0.39905118,离别,236,217,0.0034942433,1424
苍穹,苍穹,2,tencent_ai_lab_chinese_embedding_light_mirror_mvp,青春感官与毕业,0.56453164,0.5880301,0.52928394,晚霞,False,1425,1425,0.37607563,晚霞,218,235,0.0034934764,1425
朝阳路,朝阳路,3,tencent_ai_lab_chinese_embedding_light_mirror_mvp,校园空间与路线,0.58927448,0.66212785,0.47999442,公交站,False,1426,1426,0.41911216,走廊,229,224,0.0034906672,1426
黑板报,黑板报,3,tencent_ai_lab_chinese_embedding_light_mirror_mvp,校园空间与路线,0.59252719,0.62824231,0.5389545,广播站,False,1427,1427,0.37649001,看台,213,243,0.0034816668,1427
长隆,长隆,2,tencent_ai_lab_chinese_embedding_light_mirror_mvp,约会物件与仪式,0.54906427,0.61415219,0.45143238,游乐园,False,1428,1428,0.37085543,情侣座,227,228,0.0034782714,1428
插画,插画,2,tencent_ai_lab_chinese_embedding_light_mirror_mvp,纸面心意与暗号,0.57281246,0.59169948,0.54448193,明信片,False,1429,1429,0.41256213,书签,216,240,0.0034782609,1429
绯红,绯红,2,tencent_ai_lab_chinese_embedding_light_mirror_mvp,青春感官与毕业,0.55939152,0.60494554,0.4910605,晚霞,False,1430,1430,0.39164807,晨光,238,223,0.0034446368,1430
果干,果干,2,tencent_ai_lab_chinese_embedding_light_mirror_mvp,约会物件与仪式,0.54896556,0.58740544,0.49130574,奶茶,False,1431,1431,0.35577345,奶茶,230,231,0.003442351,1431
零食,零食,2,tencent_ai_lab_chinese_embedding_light_mirror_mvp,校园空间与路线,0.58588398,0.63808453,0.50758314,小卖部,False,1432,1432,0.43581589,小卖部,248,215,0.0034415584,1432
芝麻糊,芝麻糊,3,tencent_ai_lab_chinese_embedding_light_mirror_mvp,约会物件与仪式,0.55023183,0.6373266,0.41958967,奶茶,False,1433,1433,0.32953309,花束,222,240,0.0034397163,1433
翻出,翻出,2,tencent_ai_lab_chinese_embedding_light_mirror_mvp,纸面心意与暗号,0.56685773,0.58347589,0.5419305,日记本,False,1434,1434,0.43748536,信封,234,228,0.0034367914,1434
门后,门后,2,tencent_ai_lab_chinese_embedding_light_mirror_mvp,校园空间与路线,0.58687122,0.622558,0.53334105,走廊,False,1435,1435,0.42544233,放学,241,222,0.0034341792,1435
团总支,团总支,3,tencent_ai_lab_chinese_embedding_light_mirror_mvp,校园空间与路线,0.58785856,0.65031397,0.49417543,广播站,False,1436,1436,0.41618519,小卖部,237,228,0.0034196128,1436
只言片语,只言片语,4,tencent_ai_lab_chinese_embedding_light_mirror_mvp,纸面心意与暗号,0.56395004,0.5913322,0.5228768,书信,False,1437,1437,0.43656047,书信,240,229,0.0033967705,1437
清秀,清秀,2,tencent_ai_lab_chinese_embedding_light_mirror_mvp,校园外貌与信物,0.55783482,0.5792855,0.52565879,酒窝,False,1438,1438,0.37612633,红脸,231,241,0.0033793426,1438
院团委,院团委,3,tencent_ai_lab_chinese_embedding_light_mirror_mvp,校园空间与路线,0.58767455,0.65280664,0.48997641,广播站,False,1439,1439,0.396491,体育馆,238,238,0.0033557047,1439
麻薯,麻薯,2,tencent_ai_lab_chinese_embedding_light_mirror_mvp,约会物件与仪式,0.5461583,0.60062814,0.46445355,奶茶,False,1440,1440,0.34540043,奶茶,242,237,0.0033391308,1440
阔腿裤,阔腿裤,3,tencent_ai_lab_chinese_embedding_light_mirror_mvp,校园外貌与信物,0.55490458,0.56376493,0.54161406,马尾,False,1441,1441,0.37970037,校服,241,238,0.0033389819,1441
地平线,地平线,3,tencent_ai_lab_chinese_embedding_light_mirror_mvp,青春感官与毕业,0.56059116,0.60000294,0.50147349,晚霞,False,1442,1442,0.33367804,晚霞,232,248,0.0033357054,1442
荧光笔,荧光笔,3,tencent_ai_lab_chinese_embedding_light_mirror_mvp,纸面心意与暗号,0.56056679,0.57975417,0.53178573,书签,False,1443,1443,0.42545541,书签,248,233,0.0033298613,1443
焗油,焗油,2,tencent_ai_lab_chinese_embedding_light_mirror_mvp,校园外貌与信物,0.55314541,0.58927256,0.49895468,发梢,False,1444,1444,0.35927144,发梢,245,246,0.0032733312,1444
吹风机,吹风机,3,tencent_ai_lab_chinese_embedding_light_mirror_mvp,校园外貌与信物,0.55191841,0.57594883,0.51587278,发梢,False,1445,1445,0.33145595,发梢,250,251,0.0032206203,1445
