term,normalized_term,length,source,target_category,target_score,max_seed_similarity,top3_seed_similarity,best_seed,legacy_exact_reference,id,rank
信封,信封,2,tencent_ai_lab_chinese_embedding_light_mirror_mvp,纸面心意与暗号,0.92893318,0.99999994,0.82233304,信封,False,1,1
纸条,纸条,2,tencent_ai_lab_chinese_embedding_light_mirror_mvp,纸面心意与暗号,0.92700241,1.0,0.81750602,纸条,False,2,2
书签,书签,2,tencent_ai_lab_chinese_embedding_light_mirror_mvp,纸面心意与暗号,0.91213355,1.00000012,0.7803337,书签,True,3,3
图书馆,图书馆,3,tencent_ai_lab_chinese_embedding_light_mirror_mvp,校园空间与路线,0.90944958,1.0,0.77362394,图书馆,True,4,4
篮球场,篮球场,3,tencent_ai_lab_chinese_embedding_light_mirror_mvp,校园空间与路线,0.90830678,0.99999994,0.77076703,篮球场,True,5,5
明信片,明信片,3,tencent_ai_lab_chinese_embedding_light_mirror_mvp,纸面心意与暗号,0.90709896,1.0,0.7677474,明信片,False,6,6
书信,书信,2,tencent_ai_lab_chinese_embedding_light_mirror_mvp,纸面心意与暗号,0.90607426,1.0,0.76518565,书信,False,7,7
马尾,马尾,2,tencent_ai_lab_chinese_embedding_light_mirror_mvp,校园外貌与信物,0.90539958,1.0,0.76349896,马尾,True,8,8
刘海,刘海,2,tencent_ai_lab_chinese_embedding_light_mirror_mvp,校园外貌与信物,0.90315261,0.99999988,0.7578817,刘海,True,9,9
林荫道,林荫道,3,tencent_ai_lab_chinese_embedding_light_mirror_mvp,校园空间与路线,0.90142593,1.0,0.75356483,林荫道,True,10,10
体育馆,体育馆,3,tencent_ai_lab_chinese_embedding_light_mirror_mvp,校园空间与路线,0.90032873,0.99999988,0.75082201,体育馆,True,11,11
小卖部,小卖部,3,tencent_ai_lab_chinese_embedding_light_mirror_mvp,校园空间与路线,0.89700438,0.99999994,0.74251103,小卖部,True,12,12
发梢,发梢,2,tencent_ai_lab_chinese_embedding_light_mirror_mvp,校园外貌与信物,0.89612267,0.99999988,0.74030685,发梢,True,13,13
晚霞,晚霞,2,tencent_ai_lab_chinese_embedding_light_mirror_mvp,青春感官与毕业,0.89319719,0.99999994,0.73299307,晚霞,True,14,14
走廊,走廊,2,tencent_ai_lab_chinese_embedding_light_mirror_mvp,校园空间与路线,0.89121139,1.0,0.72802848,走廊,False,15,15
发卡,发卡,2,tencent_ai_lab_chinese_embedding_light_mirror_mvp,校园外貌与信物,0.88871717,1.0,0.72179294,发卡,True,16,16
晨光,晨光,2,tencent_ai_lab_chinese_embedding_light_mirror_mvp,青春感官与毕业,0.88527286,1.0,0.71318215,晨光,True,17,17
广播站,广播站,3,tencent_ai_lab_chinese_embedding_light_mirror_mvp,校园空间与路线,0.88165267,1.0,0.70413166,广播站,True,18,18
公交站,公交站,3,tencent_ai_lab_chinese_embedding_light_mirror_mvp,校园空间与路线,0.873998,1.0,0.684995,公交站,True,19,19
看台,看台,2,tencent_ai_lab_chinese_embedding_light_mirror_mvp,校园空间与路线,0.86865762,0.99999994,0.67164415,看台,False,20,20
酒窝,酒窝,2,tencent_ai_lab_chinese_embedding_light_mirror_mvp,校园外貌与信物,0.86721387,0.99999988,0.66803485,酒窝,True,21,21
玫瑰,玫瑰,2,tencent_ai_lab_chinese_embedding_light_mirror_mvp,约会物件与仪式,0.86643677,0.99999988,0.6660921,玫瑰,False,22,22
奶茶,奶茶,2,tencent_ai_lab_chinese_embedding_light_mirror_mvp,约会物件与仪式,0.85653296,0.99999988,0.64133257,奶茶,False,23,23
字条,字条,2,tencent_ai_lab_chinese_embedding_light_mirror_mvp,纸面心意与暗号,0.8535953,0.91497934,0.76151925,纸条,False,24,24
暗号,暗号,2,tencent_ai_lab_chinese_embedding_light_mirror_mvp,纸面心意与暗号,0.85084863,1.0,0.62712157,暗号,False,25,25
铃声,铃声,2,tencent_ai_lab_chinese_embedding_light_mirror_mvp,青春感官与毕业,0.84497373,1.0,0.61243433,铃声,False,26,26
信件,信件,2,tencent_ai_lab_chinese_embedding_light_mirror_mvp,纸面心意与暗号,0.83607571,0.8808589,0.76890093,书信,False,27,27
红脸,红脸,2,tencent_ai_lab_chinese_embedding_light_mirror_mvp,校园外貌与信物,0.83438129,1.0,0.58595324,红脸,True,28,28
雨伞,雨伞,2,tencent_ai_lab_chinese_embedding_light_mirror_mvp,青春感官与毕业,0.82945547,0.99999988,0.57363886,雨伞,False,29,29
小卖店,小卖店,3,tencent_ai_lab_chinese_embedding_light_mirror_mvp,校园空间与路线,0.82837389,0.93166316,0.67343998,小卖部,False,30,30
发稍,发稍,2,tencent_ai_lab_chinese_embedding_light_mirror_mvp,校园外貌与信物,0.82470995,0.89629406,0.71733379,发梢,False,31,31
公交车站,公交车站,4,tencent_ai_lab_chinese_embedding_light_mirror_mvp,校园空间与路线,0.82384413,0.90979844,0.69491267,公交站,False,32,32
等车,等车,2,tencent_ai_lab_chinese_embedding_light_mirror_mvp,校园日常互动,0.81877301,1.0,0.54693252,等车,False,33,33
发丝,发丝,2,tencent_ai_lab_chinese_embedding_light_mirror_mvp,校园外貌与信物,0.81769361,0.88867152,0.71122676,发梢,False,34,34
朝霞,朝霞,2,tencent_ai_lab_chinese_embedding_light_mirror_mvp,青春感官与毕业,0.80689864,0.88863683,0.68429136,晚霞,False,35,35
信笺,信笺,2,tencent_ai_lab_chinese_embedding_light_mirror_mvp,纸面心意与暗号,0.78412645,0.79582751,0.76657486,书信,False,36,36
影院,影院,2,tencent_ai_lab_chinese_embedding_light_mirror_mvp,约会物件与仪式,0.78218968,0.9004463,0.60480475,电影院,False,37,37
便条,便条,2,tencent_ai_lab_chinese_embedding_light_mirror_mvp,纸面心意与暗号,0.7762158,0.8133654,0.72049141,纸条,False,38,38
晨曦,晨曦,2,tencent_ai_lab_chinese_embedding_light_mirror_mvp,青春感官与毕业,0.77536881,0.85536683,0.65537179,晨光,False,39,39
本子,本子,2,tencent_ai_lab_chinese_embedding_light_mirror_mvp,纸面心意与暗号,0.77532632,0.8050673,0.73071486,日记本,False,40,40
落日,落日,2,tencent_ai_lab_chinese_embedding_light_mirror_mvp,青春感官与毕业,0.77474777,0.84549433,0.66862792,晚霞,False,41,41
一封信,一封信,3,tencent_ai_lab_chinese_embedding_light_mirror_mvp,纸面心意与暗号,0.77139878,0.79662502,0.73355943,书信,False,42,42
阅览室,阅览室,3,tencent_ai_lab_chinese_embedding_light_mirror_mvp,校园空间与路线,0.77041695,0.82548046,0.68782169,图书馆,False,43,43
运动场,运动场,3,tencent_ai_lab_chinese_embedding_light_mirror_mvp,校园空间与路线,0.76165987,0.77699274,0.73866057,操场,False,44,44
斜分,斜分,2,tencent_ai_lab_chinese_embedding_light_mirror_mvp,校园外貌与信物,0.76097884,0.80033982,0.70193738,刘海,False,45,45
这封,这封,2,tencent_ai_lab_chinese_embedding_light_mirror_mvp,纸面心意与暗号,0.76093507,0.79162097,0.71490622,书信,False,46,46
头发,头发,2,tencent_ai_lab_chinese_embedding_light_mirror_mvp,校园外貌与信物,0.75905402,0.78396487,0.72168773,发梢,False,47,47
一封,一封,2,tencent_ai_lab_chinese_embedding_light_mirror_mvp,纸面心意与暗号,0.7589813,0.78962588,0.71301442,书信,False,48,48
田径场,田径场,3,tencent_ai_lab_chinese_embedding_light_mirror_mvp,校园空间与路线,0.758757,0.79074538,0.71077442,操场,False,49,49
那封,那封,2,tencent_ai_lab_chinese_embedding_light_mirror_mvp,纸面心意与暗号,0.75560162,0.77085924,0.73271519,书信,False,50,50
暮色,暮色,2,tencent_ai_lab_chinese_embedding_light_mirror_mvp,青春感官与毕业,0.75433199,0.79295957,0.69639063,晚霞,False,51,51
家书,家书,2,tencent_ai_lab_chinese_embedding_light_mirror_mvp,纸面心意与暗号,0.75179245,0.80979931,0.66478217,书信,False,52,52
卷发,卷发,2,tencent_ai_lab_chinese_embedding_light_mirror_mvp,校园外貌与信物,0.75146863,0.7671442,0.72795528,马尾,False,53,53
密信,密信,2,tencent_ai_lab_chinese_embedding_light_mirror_mvp,纸面心意与暗号,0.7498615,0.78957033,0.69029826,书信,False,54,54
秀发,秀发,2,tencent_ai_lab_chinese_embedding_light_mirror_mvp,校园外貌与信物,0.74508972,0.78623497,0.68337184,发梢,False,55,55
回信,回信,2,tencent_ai_lab_chinese_embedding_light_mirror_mvp,纸面心意与暗号,0.74432385,0.78414035,0.6845991,书信,False,56,56
鬓角,鬓角,2,tencent_ai_lab_chinese_embedding_light_mirror_mvp,校园外貌与信物,0.74204051,0.78571427,0.67652988,发梢,False,57,57
新年礼物,新年礼物,4,tencent_ai_lab_chinese_embedding_light_mirror_mvp,约会物件与仪式,0.74175353,0.81111908,0.63770521,礼物,False,58,58
彩霞满天,彩霞满天,4,tencent_ai_lab_chinese_embedding_light_mirror_mvp,青春感官与毕业,0.73898644,0.81310987,0.6278013,晚霞,False,59,59
张纸,张纸,2,tencent_ai_lab_chinese_embedding_light_mirror_mvp,纸面心意与暗号,0.73800354,0.76882458,0.69177198,纸条,False,60,60
日记,日记,2,tencent_ai_lab_chinese_embedding_light_mirror_mvp,纸面心意与暗号,0.73735013,0.79186332,0.65558034,日记本,False,61,61
信函,信函,2,tencent_ai_lab_chinese_embedding_light_mirror_mvp,纸面心意与暗号,0.73576528,0.77945668,0.67022818,书信,False,62,62
公交站点,公交站点,4,tencent_ai_lab_chinese_embedding_light_mirror_mvp,校园空间与路线,0.73546755,0.83723438,0.58281732,公交站,False,63,63
实验楼,实验楼,3,tencent_ai_lab_chinese_embedding_light_mirror_mvp,校园空间与路线,0.73015492,0.7399801,0.71541715,教室,False,64,64
发夹,发夹,2,tencent_ai_lab_chinese_embedding_light_mirror_mvp,校园外貌与信物,0.72846066,0.74607903,0.7020331,发卡,False,65,65
写信,写信,2,tencent_ai_lab_chinese_embedding_light_mirror_mvp,纸面心意与暗号,0.72695844,0.77061546,0.66147292,书信,False,66,66
足球场,足球场,3,tencent_ai_lab_chinese_embedding_light_mirror_mvp,校园空间与路线,0.72383683,0.74471474,0.69251996,篮球场,False,67,67
站牌,站牌,2,tencent_ai_lab_chinese_embedding_light_mirror_mvp,校园空间与路线,0.72376269,0.8115266,0.59211683,公交站,False,68,68
图书室,图书室,3,tencent_ai_lab_chinese_embedding_light_mirror_mvp,校园空间与路线,0.72153635,0.76639974,0.65424126,图书馆,False,69,69
霞光,霞光,2,tencent_ai_lab_chinese_embedding_light_mirror_mvp,青春感官与毕业,0.72125254,0.78894734,0.61971033,晚霞,False,70,70
地铁站,地铁站,3,tencent_ai_lab_chinese_embedding_light_mirror_mvp,校园空间与路线,0.71872679,0.79384512,0.6060493,公交站,False,71,71
拉链,拉链,2,tencent_ai_lab_chinese_embedding_light_mirror_mvp,校园外貌与信物,0.71863797,0.79928184,0.59767216,纽扣,False,72,72
长廊,长廊,2,tencent_ai_lab_chinese_embedding_light_mirror_mvp,校园空间与路线,0.717027,0.74797189,0.67060965,走廊,False,73,73
天边,天边,2,tencent_ai_lab_chinese_embedding_light_mirror_mvp,青春感官与毕业,0.71617676,0.78009218,0.62030363,晚霞,False,74,74
走道,走道,2,tencent_ai_lab_chinese_embedding_light_mirror_mvp,校园空间与路线,0.71538582,0.77196431,0.63051808,走廊,False,75,75
信上,信上,2,tencent_ai_lab_chinese_embedding_light_mirror_mvp,纸面心意与暗号,0.71502106,0.72555244,0.699224,书信,False,76,76
到校,到校,2,tencent_ai_lab_chinese_embedding_light_mirror_mvp,校园空间与路线,0.71474117,0.74878544,0.66367477,放学,False,77,77
放映厅,放映厅,3,tencent_ai_lab_chinese_embedding_light_mirror_mvp,约会物件与仪式,0.71370646,0.82201678,0.55124098,电影院,False,78,78
寄出,寄出,2,tencent_ai_lab_chinese_embedding_light_mirror_mvp,纸面心意与暗号,0.71009344,0.74654454,0.65541679,明信片,False,79,79
档案袋,档案袋,3,tencent_ai_lab_chinese_embedding_light_mirror_mvp,纸面心意与暗号,0.70750062,0.73504484,0.66618431,信封,False,80,80
体育中心,体育中心,4,tencent_ai_lab_chinese_embedding_light_mirror_mvp,校园空间与路线,0.70724785,0.76145744,0.62593347,体育馆,False,81,81
秋色,秋色,2,tencent_ai_lab_chinese_embedding_light_mirror_mvp,青春感官与毕业,0.7068431,0.76595956,0.61816841,晚霞,False,82,82
耳后,耳后,2,tencent_ai_lab_chinese_embedding_light_mirror_mvp,校园外貌与信物,0.70652814,0.75412822,0.63512802,发梢,False,83,83
公交车,公交车,3,tencent_ai_lab_chinese_embedding_light_mirror_mvp,校园空间与路线,0.70600033,0.77720273,0.59919673,公交站,False,84,84
廊道,廊道,2,tencent_ai_lab_chinese_embedding_light_mirror_mvp,校园空间与路线,0.70518526,0.76898342,0.60948801,走廊,False,85,85
稿纸,稿纸,2,tencent_ai_lab_chinese_embedding_light_mirror_mvp,纸面心意与暗号,0.70204339,0.72630119,0.66565669,日记本,False,86,86
彩霞,彩霞,2,tencent_ai_lab_chinese_embedding_light_mirror_mvp,青春感官与毕业,0.70067865,0.77717274,0.5859375,晚霞,False,87,87
文件袋,文件袋,3,tencent_ai_lab_chinese_embedding_light_mirror_mvp,纸面心意与暗号,0.70034833,0.73522925,0.64802694,信封,False,88,88
黑脸,黑脸,2,tencent_ai_lab_chinese_embedding_light_mirror_mvp,校园外貌与信物,0.69920464,0.81521654,0.52518678,红脸,False,89,89
纸片,纸片,2,tencent_ai_lab_chinese_embedding_light_mirror_mvp,纸面心意与暗号,0.69890795,0.73224378,0.6489042,纸条,False,90,90
额发,额发,2,tencent_ai_lab_chinese_embedding_light_mirror_mvp,校园外貌与信物,0.69839487,0.73935139,0.63696009,发梢,False,91,91
系扣,系扣,2,tencent_ai_lab_chinese_embedding_light_mirror_mvp,校园外貌与信物,0.69508538,0.75153363,0.61041301,纽扣,False,92,92
纸卷,纸卷,2,tencent_ai_lab_chinese_embedding_light_mirror_mvp,纸面心意与暗号,0.69484404,0.71933299,0.65811062,信封,False,93,93
领口处,领口处,3,tencent_ai_lab_chinese_embedding_light_mirror_mvp,校园外貌与信物,0.69481759,0.75653183,0.60224622,纽扣,False,94,94
公交,公交,2,tencent_ai_lab_chinese_embedding_light_mirror_mvp,校园空间与路线,0.69447833,0.7731002,0.57654554,公交站,False,95,95
信中,信中,2,tencent_ai_lab_chinese_embedding_light_mirror_mvp,纸面心意与暗号,0.69394171,0.7333498,0.63482958,书信,False,96,96
学生宿舍,学生宿舍,4,tencent_ai_lab_chinese_embedding_light_mirror_mvp,校园空间与路线,0.69367697,0.72206843,0.65108979,教室,False,97,97
体育场,体育场,3,tencent_ai_lab_chinese_embedding_light_mirror_mvp,校园空间与路线,0.69295535,0.70988965,0.6675539,体育馆,False,98,98
观众台,观众台,3,tencent_ai_lab_chinese_embedding_light_mirror_mvp,校园空间与路线,0.69157772,0.73955095,0.61961788,看台,False,99,99
发根,发根,2,tencent_ai_lab_chinese_embedding_light_mirror_mvp,校园外貌与信物,0.69066371,0.7450189,0.60913092,发梢,False,100,100
流海,流海,2,tencent_ai_lab_chinese_embedding_light_mirror_mvp,校园外貌与信物,0.68936334,0.71545267,0.65022933,刘海,False,101,101
妇女节,妇女节,3,tencent_ai_lab_chinese_embedding_light_mirror_mvp,约会物件与仪式,0.68920612,0.71226633,0.65461582,情人节,False,102,102
发髻,发髻,2,tencent_ai_lab_chinese_embedding_light_mirror_mvp,校园外貌与信物,0.68909109,0.71503496,0.65017527,马尾,False,103,103
来信,来信,2,tencent_ai_lab_chinese_embedding_light_mirror_mvp,纸面心意与暗号,0.6880358,0.73787463,0.61327755,书信,False,104,104
夜色,夜色,2,tencent_ai_lab_chinese_embedding_light_mirror_mvp,青春感官与毕业,0.68699343,0.71503329,0.64493364,晨光,False,105,105
日落,日落,2,tencent_ai_lab_chinese_embedding_light_mirror_mvp,青春感官与毕业,0.68653834,0.75045991,0.59065598,晚霞,False,106,106
寄张,寄张,2,tencent_ai_lab_chinese_embedding_light_mirror_mvp,纸面心意与暗号,0.68639243,0.75701523,0.58045822,明信片,False,107,107
球场,球场,2,tencent_ai_lab_chinese_embedding_light_mirror_mvp,校园空间与路线,0.68571563,0.71460462,0.64238214,篮球场,False,108,108
笔记本,笔记本,3,tencent_ai_lab_chinese_embedding_light_mirror_mvp,纸面心意与暗号,0.68571382,0.73092842,0.61789191,日记本,False,109,109
写日记,写日记,3,tencent_ai_lab_chinese_embedding_light_mirror_mvp,纸面心意与暗号,0.68547044,0.73657,0.60882109,日记本,False,110,110
牛皮纸,牛皮纸,3,tencent_ai_lab_chinese_embedding_light_mirror_mvp,纸面心意与暗号,0.68515115,0.71337461,0.64281595,信封,False,111,111
过道,过道,2,tencent_ai_lab_chinese_embedding_light_mirror_mvp,校园空间与路线,0.68500471,0.7439785,0.59654403,走廊,False,112,112
直发,直发,2,tencent_ai_lab_chinese_embedding_light_mirror_mvp,校园外貌与信物,0.68428955,0.70314991,0.655999,马尾,False,113,113
寄信,寄信,2,tencent_ai_lab_chinese_embedding_light_mirror_mvp,纸面心意与暗号,0.68427618,0.7024163,0.65706599,明信片,False,114,114
楼梯,楼梯,2,tencent_ai_lab_chinese_embedding_light_mirror_mvp,校园空间与路线,0.68414097,0.73870051,0.60230166,走廊,False,115,115
地铁口,地铁口,3,tencent_ai_lab_chinese_embedding_light_mirror_mvp,校园空间与路线,0.68396964,0.75474608,0.57780498,公交站,False,116,116
脸型,脸型,2,tencent_ai_lab_chinese_embedding_light_mirror_mvp,校园外貌与信物,0.68357058,0.71668589,0.6338976,刘海,False,117,117
月色,月色,2,tencent_ai_lab_chinese_embedding_light_mirror_mvp,青春感官与毕业,0.68184845,0.71489429,0.63227969,晚霞,False,118,118
按扣,按扣,2,tencent_ai_lab_chinese_embedding_light_mirror_mvp,校园外貌与信物,0.68092723,0.76813066,0.55012208,纽扣,False,119,119
寄给,寄给,2,tencent_ai_lab_chinese_embedding_light_mirror_mvp,纸面心意与暗号,0.68072908,0.7029829,0.64734834,明信片,False,120,120
儿童乐园,儿童乐园,4,tencent_ai_lab_chinese_embedding_light_mirror_mvp,约会物件与仪式,0.6800125,0.77860326,0.53212637,游乐园,False,121,121
一沓,一沓,2,tencent_ai_lab_chinese_embedding_light_mirror_mvp,纸面心意与暗号,0.67916793,0.70486158,0.64062744,信封,False,122,122
写给,写给,2,tencent_ai_lab_chinese_embedding_light_mirror_mvp,纸面心意与暗号,0.67912166,0.69498897,0.6553207,情书,False,123,123
纸包,纸包,2,tencent_ai_lab_chinese_embedding_light_mirror_mvp,纸面心意与暗号,0.67833595,0.72078359,0.61466449,信封,False,124,124
小纸,小纸,2,tencent_ai_lab_chinese_embedding_light_mirror_mvp,纸面心意与暗号,0.67821424,0.706429,0.63589209,信封,False,125,125
残阳,残阳,2,tencent_ai_lab_chinese_embedding_light_mirror_mvp,青春感官与毕业,0.6780147,0.73085505,0.59875417,晚霞,False,126,126
路口,路口,2,tencent_ai_lab_chinese_embedding_light_mirror_mvp,校园空间与路线,0.67800369,0.73710012,0.58935905,公交站,False,127,127
信里,信里,2,tencent_ai_lab_chinese_embedding_light_mirror_mvp,纸面心意与暗号,0.67743678,0.69892275,0.64520782,书信,False,128,128
礼品,礼品,2,tencent_ai_lab_chinese_embedding_light_mirror_mvp,约会物件与仪式,0.67729127,0.76629078,0.54379201,礼物,False,129,129
几行字,几行字,3,tencent_ai_lab_chinese_embedding_light_mirror_mvp,纸面心意与暗号,0.67529519,0.69285655,0.64895314,纸条,False,130,130
红日,红日,2,tencent_ai_lab_chinese_embedding_light_mirror_mvp,青春感官与毕业,0.67527199,0.73503637,0.58562541,晚霞,False,131,131
超市,超市,2,tencent_ai_lab_chinese_embedding_light_mirror_mvp,校园空间与路线,0.6748848,0.7436856,0.57168359,小卖部,False,132,132
惜别,惜别,2,tencent_ai_lab_chinese_embedding_light_mirror_mvp,青春感官与毕业,0.67471058,0.75845957,0.54908711,离别,False,133,133
一叠,一叠,2,tencent_ai_lab_chinese_embedding_light_mirror_mvp,纸面心意与暗号,0.67442536,0.70597911,0.62709475,信封,False,134,134
摩天轮,摩天轮,3,tencent_ai_lab_chinese_embedding_light_mirror_mvp,约会物件与仪式,0.67419398,0.74867702,0.56246942,游乐园,False,135,135
咖啡,咖啡,2,tencent_ai_lab_chinese_embedding_light_mirror_mvp,约会物件与仪式,0.67287161,0.74457765,0.56531256,奶茶,False,136,136
纸袋,纸袋,2,tencent_ai_lab_chinese_embedding_light_mirror_mvp,纸面心意与暗号,0.67254988,0.71660262,0.60647076,信封,False,137,137
柔顺,柔顺,2,tencent_ai_lab_chinese_embedding_light_mirror_mvp,校园外貌与信物,0.67249697,0.71679157,0.60605508,发梢,False,138,138
剪短,剪短,2,tencent_ai_lab_chinese_embedding_light_mirror_mvp,校园外貌与信物,0.67235391,0.68940341,0.64677966,刘海,False,139,139
脸颊,脸颊,2,tencent_ai_lab_chinese_embedding_light_mirror_mvp,校园外貌与信物,0.67209334,0.71425092,0.60885698,发梢,False,140,140
夜幕,夜幕,2,tencent_ai_lab_chinese_embedding_light_mirror_mvp,青春感官与毕业,0.67192013,0.6999768,0.62983513,晨光,False,141,141
中秋,中秋,2,tencent_ai_lab_chinese_embedding_light_mirror_mvp,约会物件与仪式,0.67141081,0.72693259,0.58812815,七夕,False,142,142
晨露,晨露,2,tencent_ai_lab_chinese_embedding_light_mirror_mvp,青春感官与毕业,0.67073584,0.71340454,0.60673279,晨光,False,143,143
扎成,扎成,2,tencent_ai_lab_chinese_embedding_light_mirror_mvp,校园外貌与信物,0.67060993,0.72676539,0.58637673,马尾,False,144,144
圣诞卡,圣诞卡,3,tencent_ai_lab_chinese_embedding_light_mirror_mvp,纸面心意与暗号,0.6701422,0.71134448,0.60833877,明信片,False,145,145
小卷,小卷,2,tencent_ai_lab_chinese_embedding_light_mirror_mvp,校园外貌与信物,0.66930312,0.68983585,0.63850403,马尾,False,146,146
白脸,白脸,2,tencent_ai_lab_chinese_embedding_light_mirror_mvp,校园外貌与信物,0.66911545,0.77143824,0.51563126,红脸,False,147,147
大卷,大卷,2,tencent_ai_lab_chinese_embedding_light_mirror_mvp,校园外貌与信物,0.66870074,0.68486536,0.64445382,刘海,False,148,148
暗扣,暗扣,2,tencent_ai_lab_chinese_embedding_light_mirror_mvp,校园外貌与信物,0.66855446,0.76067406,0.53037506,纽扣,False,149,149
雾霭,雾霭,2,tencent_ai_lab_chinese_embedding_light_mirror_mvp,青春感官与毕业,0.66840543,0.70745033,0.60983807,晚霞,False,150,150
饮品,饮品,2,tencent_ai_lab_chinese_embedding_light_mirror_mvp,约会物件与仪式,0.66806562,0.74601305,0.55114448,奶茶,False,151,151
收信人,收信人,3,tencent_ai_lab_chinese_embedding_light_mirror_mvp,纸面心意与暗号,0.66802673,0.68236339,0.64652175,书信,False,152,152
辫子,辫子,2,tencent_ai_lab_chinese_embedding_light_mirror_mvp,校园外貌与信物,0.66775756,0.71520507,0.59658629,马尾,False,153,153
册子,册子,2,tencent_ai_lab_chinese_embedding_light_mirror_mvp,纸面心意与暗号,0.6665359,0.67751241,0.65007114,信封,False,154,154
蓬松,蓬松,2,tencent_ai_lab_chinese_embedding_light_mirror_mvp,校园外貌与信物,0.66564929,0.67239738,0.65552717,发梢,False,155,155
鬓发,鬓发,2,tencent_ai_lab_chinese_embedding_light_mirror_mvp,校园外貌与信物,0.66551828,0.71628368,0.58937019,发梢,False,156,156
秋意,秋意,2,tencent_ai_lab_chinese_embedding_light_mirror_mvp,青春感官与毕业,0.665505,0.69863391,0.61581165,晚霞,False,157,157
校报,校报,2,tencent_ai_lab_chinese_embedding_light_mirror_mvp,校园空间与路线,0.66531047,0.72212631,0.58008671,广播站,False,158,158
发际,发际,2,tencent_ai_lab_chinese_embedding_light_mirror_mvp,校园外貌与信物,0.66509527,0.70810574,0.60057956,发梢,False,159,159
扉页,扉页,2,tencent_ai_lab_chinese_embedding_light_mirror_mvp,纸面心意与暗号,0.66498557,0.69487935,0.6201449,日记本,False,160,160
饭堂,饭堂,2,tencent_ai_lab_chinese_embedding_light_mirror_mvp,校园空间与路线,0.66472435,0.67695391,0.64638001,教室,False,161,161
瓜子脸,瓜子脸,3,tencent_ai_lab_chinese_embedding_light_mirror_mvp,校园外貌与信物,0.66469864,0.68882483,0.62850934,酒窝,False,162,162
中秋节,中秋节,3,tencent_ai_lab_chinese_embedding_light_mirror_mvp,约会物件与仪式,0.66407553,0.69017297,0.62492937,七夕,False,163,163
书店,书店,2,tencent_ai_lab_chinese_embedding_light_mirror_mvp,校园空间与路线,0.66402705,0.71520662,0.58725768,图书馆,False,164,164
领子,领子,2,tencent_ai_lab_chinese_embedding_light_mirror_mvp,校园外貌与信物,0.66354406,0.70483375,0.60160953,纽扣,False,165,165
轻轨站,轻轨站,3,tencent_ai_lab_chinese_embedding_light_mirror_mvp,校园空间与路线,0.66341684,0.74710965,0.53787762,公交站,False,166,166
两周年,两周年,3,tencent_ai_lab_chinese_embedding_light_mirror_mvp,约会物件与仪式,0.66306734,0.70715797,0.5969314,纪念日,False,167,167
信给,信给,2,tencent_ai_lab_chinese_embedding_light_mirror_mvp,纸面心意与暗号,0.66275747,0.68070471,0.6358366,书信,False,168,168
卡片,卡片,2,tencent_ai_lab_chinese_embedding_light_mirror_mvp,纸面心意与暗号,0.66252106,0.68232864,0.6328097,纸条,False,169,169
山色,山色,2,tencent_ai_lab_chinese_embedding_light_mirror_mvp,青春感官与毕业,0.66213001,0.72421509,0.56900239,晚霞,False,170,170
终点站,终点站,3,tencent_ai_lab_chinese_embedding_light_mirror_mvp,校园空间与路线,0.66160209,0.74436975,0.53745061,公交站,False,171,171
鹅蛋脸,鹅蛋脸,3,tencent_ai_lab_chinese_embedding_light_mirror_mvp,校园外貌与信物,0.66151123,0.67598867,0.63979506,酒窝,False,172,172
绿荫,绿荫,2,tencent_ai_lab_chinese_embedding_light_mirror_mvp,校园空间与路线,0.66079516,0.72797513,0.56002522,林荫道,False,173,173
天空,天空,2,tencent_ai_lab_chinese_embedding_light_mirror_mvp,青春感官与毕业,0.66075943,0.69867587,0.60388476,晚霞,False,174,174
火车站,火车站,3,tencent_ai_lab_chinese_embedding_light_mirror_mvp,校园空间与路线,0.66053469,0.70634151,0.59182447,公交站,False,175,175
书简,书简,2,tencent_ai_lab_chinese_embedding_light_mirror_mvp,纸面心意与暗号,0.66011934,0.70295823,0.59586102,书信,False,176,176
深秋,深秋,2,tencent_ai_lab_chinese_embedding_light_mirror_mvp,青春感官与毕业,0.65992371,0.68901294,0.61628985,晚霞,False,177,177
白纸,白纸,2,tencent_ai_lab_chinese_embedding_light_mirror_mvp,纸面心意与暗号,0.65983222,0.67810011,0.63243037,纸条,False,178,178
寄信人,寄信人,3,tencent_ai_lab_chinese_embedding_light_mirror_mvp,纸面心意与暗号,0.65946493,0.67519128,0.6358754,信封,False,179,179
二楼,二楼,2,tencent_ai_lab_chinese_embedding_light_mirror_mvp,校园空间与路线,0.65929029,0.68218303,0.62495118,走廊,False,180,180
衣袋,衣袋,2,tencent_ai_lab_chinese_embedding_light_mirror_mvp,纸面心意与暗号,0.65885261,0.69277829,0.6079641,信封,False,181,181
北站,北站,2,tencent_ai_lab_chinese_embedding_light_mirror_mvp,校园空间与路线,0.65840344,0.73981822,0.53628129,公交站,False,182,182
儿童节,儿童节,3,tencent_ai_lab_chinese_embedding_light_mirror_mvp,约会物件与仪式,0.65798475,0.67738169,0.62888932,七夕,False,183,183
场馆,场馆,2,tencent_ai_lab_chinese_embedding_light_mirror_mvp,校园空间与路线,0.65613568,0.68682027,0.61010879,体育馆,False,184,184
日出,日出,2,tencent_ai_lab_chinese_embedding_light_mirror_mvp,青春感官与毕业,0.65611424,0.71243846,0.57162791,晚霞,False,185,185
汽车站,汽车站,3,tencent_ai_lab_chinese_embedding_light_mirror_mvp,校园空间与路线,0.65556283,0.71460342,0.56700194,公交站,False,186,186
那纸,那纸,2,tencent_ai_lab_chinese_embedding_light_mirror_mvp,纸面心意与暗号,0.65486137,0.66919428,0.633362,信封,False,187,187
梳子,梳子,2,tencent_ai_lab_chinese_embedding_light_mirror_mvp,校园外貌与信物,0.65475798,0.68604147,0.60783273,发梢,False,188,188
欢乐谷,欢乐谷,3,tencent_ai_lab_chinese_embedding_light_mirror_mvp,约会物件与仪式,0.65472174,0.7361654,0.53255624,游乐园,False,189,189
父亲节,父亲节,3,tencent_ai_lab_chinese_embedding_light_mirror_mvp,约会物件与仪式,0.65428928,0.66976267,0.6310792,情人节,False,190,190
写封,写封,2,tencent_ai_lab_chinese_embedding_light_mirror_mvp,纸面心意与暗号,0.65402257,0.67534089,0.6220451,情书,False,191,191
三八节,三八节,3,tencent_ai_lab_chinese_embedding_light_mirror_mvp,约会物件与仪式,0.65387006,0.67896497,0.61622769,情人节,False,192,192
邮票,邮票,2,tencent_ai_lab_chinese_embedding_light_mirror_mvp,纸面心意与暗号,0.65381387,0.69008511,0.59940702,明信片,False,193,193
鲜花,鲜花,2,tencent_ai_lab_chinese_embedding_light_mirror_mvp,约会物件与仪式,0.65325108,0.7015909,0.58074135,玫瑰,False,194,194
前额,前额,2,tencent_ai_lab_chinese_embedding_light_mirror_mvp,校园外貌与信物,0.65314797,0.68111581,0.61119622,发梢,False,195,195
海洋公园,海洋公园,4,tencent_ai_lab_chinese_embedding_light_mirror_mvp,约会物件与仪式,0.65301294,0.72531378,0.54456168,游乐园,False,196,196
活动室,活动室,3,tencent_ai_lab_chinese_embedding_light_mirror_mvp,校园空间与路线,0.65222356,0.67626286,0.61616462,教室,False,197,197
小巷,小巷,2,tencent_ai_lab_chinese_embedding_light_mirror_mvp,校园空间与路线,0.65205696,0.69243777,0.59148574,林荫道,False,198,198
公文,公文,2,tencent_ai_lab_chinese_embedding_light_mirror_mvp,纸面心意与暗号,0.65198852,0.69116193,0.5932284,书信,False,199,199
乐园,乐园,2,tencent_ai_lab_chinese_embedding_light_mirror_mvp,约会物件与仪式,0.65183904,0.73502314,0.52706289,游乐园,False,200,200
纸袋子,纸袋子,3,tencent_ai_lab_chinese_embedding_light_mirror_mvp,纸面心意与暗号,0.65174401,0.6932919,0.58942217,信封,False,201,201
明月,明月,2,tencent_ai_lab_chinese_embedding_light_mirror_mvp,青春感官与毕业,0.65134698,0.6884914,0.59563035,晚霞,False,202,202
纸头,纸头,2,tencent_ai_lab_chinese_embedding_light_mirror_mvp,纸面心意与暗号,0.65106003,0.66170335,0.63509506,纸条,False,203,203
海洋馆,海洋馆,3,tencent_ai_lab_chinese_embedding_light_mirror_mvp,约会物件与仪式,0.65088789,0.73173261,0.52962083,游乐园,False,204,204
影城,影城,2,tencent_ai_lab_chinese_embedding_light_mirror_mvp,约会物件与仪式,0.65065897,0.73014486,0.53143013,电影院,False,205,205
拆开,拆开,2,tencent_ai_lab_chinese_embedding_light_mirror_mvp,纸面心意与暗号,0.65059152,0.6801033,0.60632384,信封,False,206,206
一周年,一周年,3,tencent_ai_lab_chinese_embedding_light_mirror_mvp,约会物件与仪式,0.65058229,0.7009213,0.57507378,纪念日,False,207,207
字迹,字迹,2,tencent_ai_lab_chinese_embedding_light_mirror_mvp,纸面心意与暗号,0.6498538,0.66002119,0.63460273,纸条,False,208,208
邮局,邮局,2,tencent_ai_lab_chinese_embedding_light_mirror_mvp,纸面心意与暗号,0.64974829,0.69078916,0.58818698,明信片,False,209,209
晴空,晴空,2,tencent_ai_lab_chinese_embedding_light_mirror_mvp,青春感官与毕业,0.64901994,0.68749899,0.59130138,晚霞,False,210,210
送别,送别,2,tencent_ai_lab_chinese_embedding_light_mirror_mvp,青春感官与毕业,0.64884015,0.75568187,0.48857757,离别,False,211,211
纪念,纪念,2,tencent_ai_lab_chinese_embedding_light_mirror_mvp,约会物件与仪式,0.6487639,0.71013045,0.55671406,纪念日,False,212,212
水果店,水果店,3,tencent_ai_lab_chinese_embedding_light_mirror_mvp,校园空间与路线,0.64848146,0.70963514,0.55675095,小卖部,False,213,213
东站,东站,2,tencent_ai_lab_chinese_embedding_light_mirror_mvp,校园空间与路线,0.64839597,0.73452723,0.51919907,公交站,False,214,214
站点,站点,2,tencent_ai_lab_chinese_embedding_light_mirror_mvp,校园空间与路线,0.64813274,0.73727614,0.51441765,公交站,False,215,215
铃响,铃响,2,tencent_ai_lab_chinese_embedding_light_mirror_mvp,青春感官与毕业,0.64802535,0.74297643,0.50559872,铃声,False,216,216
长途汽车站,长途汽车站,5,tencent_ai_lab_chinese_embedding_light_mirror_mvp,校园空间与路线,0.64777522,0.71550143,0.54618591,公交站,False,217,217
楼道,楼道,2,tencent_ai_lab_chinese_embedding_light_mirror_mvp,校园空间与路线,0.64773561,0.6588307,0.63109297,走廊,False,218,218
紫罗兰,紫罗兰,3,tencent_ai_lab_chinese_embedding_light_mirror_mvp,约会物件与仪式,0.64771916,0.75097191,0.49284002,玫瑰,False,219,219
如画,如画,2,tencent_ai_lab_chinese_embedding_light_mirror_mvp,青春感官与毕业,0.64767821,0.69987726,0.56937963,晚霞,False,220,220
系带,系带,2,tencent_ai_lab_chinese_embedding_light_mirror_mvp,校园外貌与信物,0.64715257,0.68306386,0.59328562,纽扣,False,221,221
纪念册,纪念册,3,tencent_ai_lab_chinese_embedding_light_mirror_mvp,纸面心意与暗号,0.64698446,0.65906215,0.62886792,日记本,False,222,222
烫发,烫发,2,tencent_ai_lab_chinese_embedding_light_mirror_mvp,校园外貌与信物,0.64676446,0.66652125,0.61712927,刘海,False,223,223
停车场,停车场,3,tencent_ai_lab_chinese_embedding_light_mirror_mvp,校园空间与路线,0.64671004,0.68670177,0.58672243,公交站,False,224,224
学生会,学生会,3,tencent_ai_lab_chinese_embedding_light_mirror_mvp,校园空间与路线,0.64576855,0.67821026,0.59710598,广播站,False,225,225
绑带,绑带,2,tencent_ai_lab_chinese_embedding_light_mirror_mvp,校园外貌与信物,0.64562147,0.67010617,0.60889441,纽扣,False,226,226
蓬乱,蓬乱,2,tencent_ai_lab_chinese_embedding_light_mirror_mvp,校园外貌与信物,0.64516964,0.67043304,0.60727453,发梢,False,227,227
下学,下学,2,tencent_ai_lab_chinese_embedding_light_mirror_mvp,校园空间与路线,0.64502563,0.71713483,0.53686184,放学,False,228,228
报告厅,报告厅,3,tencent_ai_lab_chinese_embedding_light_mirror_mvp,校园空间与路线,0.64451854,0.65294194,0.63188344,图书馆,False,229,229
礼盒,礼盒,2,tencent_ai_lab_chinese_embedding_light_mirror_mvp,约会物件与仪式,0.64441998,0.68117046,0.58929425,礼物,False,230,230
活动课,活动课,3,tencent_ai_lab_chinese_embedding_light_mirror_mvp,校园空间与路线,0.64393909,0.6650542,0.61226642,教室,False,231,231
三周年,三周年,3,tencent_ai_lab_chinese_embedding_light_mirror_mvp,约会物件与仪式,0.64392747,0.68436283,0.58327442,纪念日,False,232,232
热饮,热饮,2,tencent_ai_lab_chinese_embedding_light_mirror_mvp,约会物件与仪式,0.64369092,0.71392226,0.53834391,奶茶,False,233,233
朝阳,朝阳,2,tencent_ai_lab_chinese_embedding_light_mirror_mvp,青春感官与毕业,0.64365981,0.69028616,0.57372028,晨光,False,234,234
写着,写着,2,tencent_ai_lab_chinese_embedding_light_mirror_mvp,纸面心意与暗号,0.64352074,0.6700784,0.60368425,纸条,False,235,235
楼梯口,楼梯口,3,tencent_ai_lab_chinese_embedding_light_mirror_mvp,校园空间与路线,0.64351257,0.67143589,0.60162759,走廊,False,236,236
求救信,求救信,3,tencent_ai_lab_chinese_embedding_light_mirror_mvp,纸面心意与暗号,0.64301137,0.65211135,0.62936139,书信,False,237,237
眼睫毛,眼睫毛,3,tencent_ai_lab_chinese_embedding_light_mirror_mvp,校园外貌与信物,0.64298866,0.67413127,0.59627473,发梢,False,238,238
纸盒,纸盒,2,tencent_ai_lab_chinese_embedding_light_mirror_mvp,纸面心意与暗号,0.64285791,0.67064476,0.60117763,信封,False,239,239
封好,封好,2,tencent_ai_lab_chinese_embedding_light_mirror_mvp,纸面心意与暗号,0.64282632,0.67892981,0.58867109,信封,False,240,240
梳发,梳发,2,tencent_ai_lab_chinese_embedding_light_mirror_mvp,校园外貌与信物,0.64278512,0.6603632,0.616418,发梢,False,241,241
六一,六一,2,tencent_ai_lab_chinese_embedding_light_mirror_mvp,约会物件与仪式,0.64249854,0.68420911,0.57993269,七夕,False,242,242
揉成一团,揉成一团,4,tencent_ai_lab_chinese_embedding_light_mirror_mvp,纸面心意与暗号,0.64245299,0.66219062,0.61284655,纸条,False,243,243
校外,校外,2,tencent_ai_lab_chinese_embedding_light_mirror_mvp,校园空间与路线,0.64243913,0.65607882,0.62197959,教室,False,244,244
奶盖,奶盖,2,tencent_ai_lab_chinese_embedding_light_mirror_mvp,约会物件与仪式,0.64243723,0.73459953,0.50419378,奶茶,False,245,245
小册子,小册子,3,tencent_ai_lab_chinese_embedding_light_mirror_mvp,纸面心意与暗号,0.64241731,0.66022229,0.61570984,信封,False,246,246
西站,西站,2,tencent_ai_lab_chinese_embedding_light_mirror_mvp,校园空间与路线,0.64239781,0.72052312,0.52520984,公交站,False,247,247
破晓,破晓,2,tencent_ai_lab_chinese_embedding_light_mirror_mvp,青春感官与毕业,0.64235995,0.68680549,0.57569164,晨光,False,248,248
小街,小街,2,tencent_ai_lab_chinese_embedding_light_mirror_mvp,校园空间与路线,0.64211602,0.67894638,0.58687049,林荫道,False,249,249
眉眼,眉眼,2,tencent_ai_lab_chinese_embedding_light_mirror_mvp,校园外貌与信物,0.64170072,0.68038487,0.58367449,酒窝,False,250,250
纸上,纸上,2,tencent_ai_lab_chinese_embedding_light_mirror_mvp,纸面心意与暗号,0.64146409,0.6555295,0.62036598,纸条,False,251,251
一页,一页,2,tencent_ai_lab_chinese_embedding_light_mirror_mvp,纸面心意与暗号,0.64090441,0.66974539,0.59764296,日记本,False,252,252
电影城,电影城,3,tencent_ai_lab_chinese_embedding_light_mirror_mvp,约会物件与仪式,0.64061773,0.70971262,0.53697538,电影院,False,253,253
文具店,文具店,3,tencent_ai_lab_chinese_embedding_light_mirror_mvp,校园空间与路线,0.64060549,0.70568889,0.54298037,小卖部,False,254,254
小吃店,小吃店,3,tencent_ai_lab_chinese_embedding_light_mirror_mvp,校园空间与路线,0.64028909,0.6953851,0.55764508,小卖部,False,255,255
灯火,灯火,2,tencent_ai_lab_chinese_embedding_light_mirror_mvp,青春感官与毕业,0.64023819,0.6720773,0.59247953,晚霞,False,256,256
腰带,腰带,2,tencent_ai_lab_chinese_embedding_light_mirror_mvp,校园外貌与信物,0.6401536,0.69183552,0.56263071,纽扣,False,257,257
微光,微光,2,tencent_ai_lab_chinese_embedding_light_mirror_mvp,青春感官与毕业,0.64015017,0.70937872,0.53630733,晨光,False,258,258
闹铃,闹铃,2,tencent_ai_lab_chinese_embedding_light_mirror_mvp,青春感官与毕业,0.64005685,0.74754125,0.47883025,铃声,False,259,259
亲笔,亲笔,2,tencent_ai_lab_chinese_embedding_light_mirror_mvp,纸面心意与暗号,0.64005312,0.66784829,0.59836036,书信,False,260,260
三八妇女节,三八妇女节,5,tencent_ai_lab_chinese_embedding_light_mirror_mvp,约会物件与仪式,0.63953056,0.65880775,0.61061478,情人节,False,261,261
两颊,两颊,2,tencent_ai_lab_chinese_embedding_light_mirror_mvp,校园外貌与信物,0.63919609,0.66169524,0.60544735,发梢,False,262,262
日历,日历,2,tencent_ai_lab_chinese_embedding_light_mirror_mvp,纸面心意与暗号,0.63907011,0.65856671,0.60982519,书签,False,263,263
寄来,寄来,2,tencent_ai_lab_chinese_embedding_light_mirror_mvp,纸面心意与暗号,0.638667,0.65070897,0.62060404,信封,False,264,264
铜扣,铜扣,2,tencent_ai_lab_chinese_embedding_light_mirror_mvp,校园外貌与信物,0.63838841,0.71620315,0.52166629,纽扣,False,265,265
封口,封口,2,tencent_ai_lab_chinese_embedding_light_mirror_mvp,纸面心意与暗号,0.6380479,0.68286926,0.57081586,信封,False,266,266
青丝,青丝,2,tencent_ai_lab_chinese_embedding_light_mirror_mvp,校园外貌与信物,0.63797909,0.68855196,0.56211978,发梢,False,267,267
映着,映着,2,tencent_ai_lab_chinese_embedding_light_mirror_mvp,青春感官与毕业,0.6379307,0.68596375,0.56588113,晚霞,False,268,268
笔迹,笔迹,2,tencent_ai_lab_chinese_embedding_light_mirror_mvp,纸面心意与暗号,0.63680105,0.64202821,0.62896031,信封,False,269,269
国书,国书,2,tencent_ai_lab_chinese_embedding_light_mirror_mvp,纸面心意与暗号,0.63667874,0.68510258,0.56404299,书信,False,270,270
暖阳,暖阳,2,tencent_ai_lab_chinese_embedding_light_mirror_mvp,青春感官与毕业,0.63663483,0.66313112,0.59689039,晚霞,False,271,271
笔记,笔记,2,tencent_ai_lab_chinese_embedding_light_mirror_mvp,纸面心意与暗号,0.63647954,0.67478585,0.57902008,日记本,False,272,272
下车,下车,2,tencent_ai_lab_chinese_embedding_light_mirror_mvp,校园空间与路线,0.63638673,0.70361292,0.53554744,公交站,False,273,273
端午,端午,2,tencent_ai_lab_chinese_embedding_light_mirror_mvp,约会物件与仪式,0.63614676,0.70941007,0.52625179,七夕,False,274,274
丝巾,丝巾,2,tencent_ai_lab_chinese_embedding_light_mirror_mvp,校园外貌与信物,0.63609984,0.65265584,0.61126584,纽扣,False,275,275
写上,写上,2,tencent_ai_lab_chinese_embedding_light_mirror_mvp,纸面心意与暗号,0.63589528,0.65901804,0.60121113,纸条,False,276,276
饮料,饮料,2,tencent_ai_lab_chinese_embedding_light_mirror_mvp,约会物件与仪式,0.63577354,0.70213079,0.53623766,奶茶,False,277,277
肩带,肩带,2,tencent_ai_lab_chinese_embedding_light_mirror_mvp,校园外貌与信物,0.635755,0.68468946,0.56235331,纽扣,False,278,278
圆脸,圆脸,2,tencent_ai_lab_chinese_embedding_light_mirror_mvp,校园外貌与信物,0.63565007,0.64457041,0.62226957,刘海,False,279,279
花坛,花坛,2,tencent_ai_lab_chinese_embedding_light_mirror_mvp,校园空间与路线,0.63557022,0.66564667,0.59045553,林荫道,False,280,280
记录本,记录本,3,tencent_ai_lab_chinese_embedding_light_mirror_mvp,纸面心意与暗号,0.63543371,0.66876882,0.58543104,日记本,False,281,281
红叶,红叶,2,tencent_ai_lab_chinese_embedding_light_mirror_mvp,青春感官与毕业,0.63541884,0.69176269,0.55090308,晚霞,False,282,282
校团委,校团委,3,tencent_ai_lab_chinese_embedding_light_mirror_mvp,校园空间与路线,0.6352165,0.68690348,0.55768603,广播站,False,283,283
冷饮店,冷饮店,3,tencent_ai_lab_chinese_embedding_light_mirror_mvp,校园空间与路线,0.63513082,0.69166046,0.55033636,小卖部,False,284,284
内页,内页,2,tencent_ai_lab_chinese_embedding_light_mirror_mvp,纸面心意与暗号,0.63502424,0.65365112,0.60708392,书签,False,285,285
睫毛,睫毛,2,tencent_ai_lab_chinese_embedding_light_mirror_mvp,校园外貌与信物,0.63492287,0.66849405,0.58456612,发梢,False,286,286
茉莉,茉莉,2,tencent_ai_lab_chinese_embedding_light_mirror_mvp,约会物件与仪式,0.63473902,0.72548956,0.49861321,玫瑰,False,287,287
文书,文书,2,tencent_ai_lab_chinese_embedding_light_mirror_mvp,纸面心意与暗号,0.63465486,0.67404103,0.57557559,书信,False,288,288
系上,系上,2,tencent_ai_lab_chinese_embedding_light_mirror_mvp,校园外貌与信物,0.63447238,0.67984694,0.56641054,纽扣,False,289,289
面颊,面颊,2,tencent_ai_lab_chinese_embedding_light_mirror_mvp,校园外貌与信物,0.63447132,0.68019497,0.56588584,发梢,False,290,290
圣诞,圣诞,2,tencent_ai_lab_chinese_embedding_light_mirror_mvp,约会物件与仪式,0.63393211,0.6614871,0.59259963,情人节,False,291,291
挽到,挽到,2,tencent_ai_lab_chinese_embedding_light_mirror_mvp,校园外貌与信物,0.63363577,0.64448434,0.61736292,发梢,False,292,292
贺年片,贺年片,3,tencent_ai_lab_chinese_embedding_light_mirror_mvp,纸面心意与暗号,0.63338541,0.6680693,0.58135957,明信片,False,293,293
背带,背带,2,tencent_ai_lab_chinese_embedding_light_mirror_mvp,校园外貌与信物,0.63332584,0.67417693,0.5720492,纽扣,False,294,294
南站,南站,2,tencent_ai_lab_chinese_embedding_light_mirror_mvp,校园空间与路线,0.63318503,0.70862186,0.52002978,公交站,False,295,295
云朵,云朵,2,tencent_ai_lab_chinese_embedding_light_mirror_mvp,青春感官与毕业,0.63309792,0.67314941,0.5730207,晚霞,False,296,296
蔷薇,蔷薇,2,tencent_ai_lab_chinese_embedding_light_mirror_mvp,约会物件与仪式,0.63266677,0.742342,0.46815392,玫瑰,False,297,297
地铁,地铁,2,tencent_ai_lab_chinese_embedding_light_mirror_mvp,校园空间与路线,0.63260989,0.67996681,0.56157452,公交站,False,298,298
步行街,步行街,3,tencent_ai_lab_chinese_embedding_light_mirror_mvp,校园空间与路线,0.63259019,0.65058464,0.60559851,公交站,False,299,299
夜空,夜空,2,tencent_ai_lab_chinese_embedding_light_mirror_mvp,青春感官与毕业,0.6325768,0.67302358,0.57190663,晚霞,False,300,300
手稿,手稿,2,tencent_ai_lab_chinese_embedding_light_mirror_mvp,纸面心意与暗号,0.63251441,0.64652944,0.61149186,书信,False,301,301
游乐区,游乐区,3,tencent_ai_lab_chinese_embedding_light_mirror_mvp,约会物件与仪式,0.63249642,0.7273097,0.49027649,游乐园,False,302,302
群山,群山,2,tencent_ai_lab_chinese_embedding_light_mirror_mvp,青春感官与毕业,0.63234034,0.68607962,0.55173141,晚霞,False,303,303
快餐店,快餐店,3,tencent_ai_lab_chinese_embedding_light_mirror_mvp,校园空间与路线,0.632328,0.67455345,0.56898981,小卖部,False,304,304
昏黄,昏黄,2,tencent_ai_lab_chinese_embedding_light_mirror_mvp,青春感官与毕业,0.63230083,0.67457998,0.56888211,晨光,False,305,305
家信,家信,2,tencent_ai_lab_chinese_embedding_light_mirror_mvp,纸面心意与暗号,0.63221916,0.66815728,0.57831198,书信,False,306,306
绿树,绿树,2,tencent_ai_lab_chinese_embedding_light_mirror_mvp,校园空间与路线,0.63215793,0.69656044,0.53555417,林荫道,False,307,307
纪念品,纪念品,3,tencent_ai_lab_chinese_embedding_light_mirror_mvp,纸面心意与暗号,0.63200986,0.6723175,0.5715484,明信片,False,308,308
奥体中心,奥体中心,4,tencent_ai_lab_chinese_embedding_light_mirror_mvp,校园空间与路线,0.6319752,0.67224681,0.57156777,体育馆,False,309,309
细雨,细雨,2,tencent_ai_lab_chinese_embedding_light_mirror_mvp,青春感官与毕业,0.63164489,0.64369535,0.6135692,晚霞,False,310,310
便利店,便利店,3,tencent_ai_lab_chinese_embedding_light_mirror_mvp,校园空间与路线,0.63164039,0.69461572,0.53717738,小卖部,False,311,311
读书笔记,读书笔记,4,tencent_ai_lab_chinese_embedding_light_mirror_mvp,纸面心意与暗号,0.6315372,0.66175425,0.58621162,日记本,False,312,312
寸头,寸头,2,tencent_ai_lab_chinese_embedding_light_mirror_mvp,校园外貌与信物,0.63127108,0.65847123,0.59047085,刘海,False,313,313
碧空,碧空,2,tencent_ai_lab_chinese_embedding_light_mirror_mvp,青春感官与毕业,0.63126099,0.68545234,0.54997396,晚霞,False,314,314
元宵节,元宵节,3,tencent_ai_lab_chinese_embedding_light_mirror_mvp,约会物件与仪式,0.63122048,0.65526152,0.59515893,情人节,False,315,315
递给,递给,2,tencent_ai_lab_chinese_embedding_light_mirror_mvp,纸面心意与暗号,0.63118539,0.65991676,0.58808833,纸条,False,316,316
初冬,初冬,2,tencent_ai_lab_chinese_embedding_light_mirror_mvp,青春感官与毕业,0.63118248,0.65422058,0.59662533,晚霞,False,317,317
愁绪,愁绪,2,tencent_ai_lab_chinese_embedding_light_mirror_mvp,青春感官与毕业,0.63118205,0.6951201,0.53527498,离别,False,318,318
下巴,下巴,2,tencent_ai_lab_chinese_embedding_light_mirror_mvp,校园外貌与信物,0.63113732,0.66633356,0.57834297,刘海,False,319,319
纸写,纸写,2,tencent_ai_lab_chinese_embedding_light_mirror_mvp,纸面心意与暗号,0.63108779,0.65128881,0.60078627,纸条,False,320,320
客运站,客运站,3,tencent_ai_lab_chinese_embedding_light_mirror_mvp,校园空间与路线,0.63101256,0.69961572,0.52810782,公交站,False,321,321
会展中心,会展中心,4,tencent_ai_lab_chinese_embedding_light_mirror_mvp,校园空间与路线,0.63097798,0.66218466,0.58416796,体育馆,False,322,322
一摞,一摞,2,tencent_ai_lab_chinese_embedding_light_mirror_mvp,纸面心意与暗号,0.63082929,0.65006614,0.60197401,信封,False,323,323
送给,送给,2,tencent_ai_lab_chinese_embedding_light_mirror_mvp,约会物件与仪式,0.63064942,0.6965785,0.53175581,礼物,False,324,324
小吃摊,小吃摊,3,tencent_ai_lab_chinese_embedding_light_mirror_mvp,校园空间与路线,0.63056312,0.67230976,0.56794316,小卖部,False,325,325
放映,放映,2,tencent_ai_lab_chinese_embedding_light_mirror_mvp,约会物件与仪式,0.63034738,0.72790313,0.48401377,电影院,False,326,326
花朵,花朵,2,tencent_ai_lab_chinese_embedding_light_mirror_mvp,约会物件与仪式,0.63030193,0.71550417,0.50249857,玫瑰,False,327,327
比赛场地,比赛场地,4,tencent_ai_lab_chinese_embedding_light_mirror_mvp,校园空间与路线,0.63015295,0.64976674,0.60073227,体育馆,False,328,328
雨衣,雨衣,2,tencent_ai_lab_chinese_embedding_light_mirror_mvp,青春感官与毕业,0.63009955,0.73257631,0.4763844,雨伞,False,329,329
环城路,环城路,3,tencent_ai_lab_chinese_embedding_light_mirror_mvp,校园空间与路线,0.6299226,0.67539215,0.56171829,公交站,False,330,330
钢笔,钢笔,2,tencent_ai_lab_chinese_embedding_light_mirror_mvp,纸面心意与暗号,0.6298322,0.64035583,0.61404675,日记本,False,331,331
纸盒子,纸盒子,3,tencent_ai_lab_chinese_embedding_light_mirror_mvp,纸面心意与暗号,0.62979529,0.6566503,0.58951277,信封,False,332,332
枫叶,枫叶,2,tencent_ai_lab_chinese_embedding_light_mirror_mvp,青春感官与毕业,0.62971019,0.68349332,0.54903549,晚霞,False,333,333
甜品,甜品,2,tencent_ai_lab_chinese_embedding_light_mirror_mvp,约会物件与仪式,0.62951326,0.68633616,0.54427892,奶茶,False,334,334
树丛,树丛,2,tencent_ai_lab_chinese_embedding_light_mirror_mvp,校园空间与路线,0.62940831,0.66875494,0.57038838,林荫道,False,335,335
车站,车站,2,tencent_ai_lab_chinese_embedding_light_mirror_mvp,校园空间与路线,0.62938664,0.68141747,0.5513404,公交站,False,336,336
苍茫,苍茫,2,tencent_ai_lab_chinese_embedding_light_mirror_mvp,青春感官与毕业,0.62905521,0.66226804,0.57923597,晚霞,False,337,337
十封信,十封信,3,tencent_ai_lab_chinese_embedding_light_mirror_mvp,纸面心意与暗号,0.62900484,0.6439718,0.60655439,情书,False,338,338
元旦,元旦,2,tencent_ai_lab_chinese_embedding_light_mirror_mvp,约会物件与仪式,0.62896963,0.66228527,0.57899618,情人节,False,339,339
汇款单,汇款单,3,tencent_ai_lab_chinese_embedding_light_mirror_mvp,纸面心意与暗号,0.62896466,0.64989781,0.59756494,信封,False,340,340
春色,春色,2,tencent_ai_lab_chinese_embedding_light_mirror_mvp,青春感官与毕业,0.62886761,0.65967125,0.58266217,晚霞,False,341,341
月光,月光,2,tencent_ai_lab_chinese_embedding_light_mirror_mvp,青春感官与毕业,0.6288401,0.6566487,0.58712721,晨光,False,342,342
主题乐园,主题乐园,4,tencent_ai_lab_chinese_embedding_light_mirror_mvp,约会物件与仪式,0.62848277,0.70735824,0.51016957,游乐园,False,343,343
雏菊,雏菊,2,tencent_ai_lab_chinese_embedding_light_mirror_mvp,约会物件与仪式,0.6283325,0.71206105,0.50273967,玫瑰,False,344,344
扣起来,扣起来,3,tencent_ai_lab_chinese_embedding_light_mirror_mvp,校园外貌与信物,0.62828201,0.68764681,0.53923482,纽扣,False,345,345
送信,送信,2,tencent_ai_lab_chinese_embedding_light_mirror_mvp,纸面心意与暗号,0.6279952,0.68172109,0.54740638,书信,False,346,346
吹头发,吹头发,3,tencent_ai_lab_chinese_embedding_light_mirror_mvp,校园外貌与信物,0.62771916,0.66656482,0.56945068,发梢,False,347,347
水族馆,水族馆,3,tencent_ai_lab_chinese_embedding_light_mirror_mvp,约会物件与仪式,0.62768393,0.70497477,0.51174766,游乐园,False,348,348
公交线路,公交线路,4,tencent_ai_lab_chinese_embedding_light_mirror_mvp,校园空间与路线,0.62750196,0.7123934,0.50016481,公交站,False,349,349
公交线,公交线,3,tencent_ai_lab_chinese_embedding_light_mirror_mvp,校园空间与路线,0.62747114,0.70612669,0.50948781,公交站,False,350,350
写张,写张,2,tencent_ai_lab_chinese_embedding_light_mirror_mvp,纸面心意与暗号,0.62701184,0.65260547,0.58862138,纸条,False,351,351
门厅,门厅,2,tencent_ai_lab_chinese_embedding_light_mirror_mvp,校园空间与路线,0.62692,0.66733545,0.56629682,走廊,False,352,352
便笺,便笺,2,tencent_ai_lab_chinese_embedding_light_mirror_mvp,纸面心意与暗号,0.62660228,0.64376992,0.60085082,纸条,False,353,353
站路,站路,2,tencent_ai_lab_chinese_embedding_light_mirror_mvp,校园空间与路线,0.62607218,0.69794494,0.51826304,公交站,False,354,354
新年,新年,2,tencent_ai_lab_chinese_embedding_light_mirror_mvp,约会物件与仪式,0.62533334,0.64396483,0.59738612,情人节,False,355,355
戏院,戏院,2,tencent_ai_lab_chinese_embedding_light_mirror_mvp,约会物件与仪式,0.62521127,0.71350396,0.49277225,电影院,False,356,356
衣兜,衣兜,2,tencent_ai_lab_chinese_embedding_light_mirror_mvp,纸面心意与暗号,0.6251801,0.6504885,0.58721751,信封,False,357,357
大路,大路,2,tencent_ai_lab_chinese_embedding_light_mirror_mvp,校园空间与路线,0.62497172,0.65198672,0.58444923,林荫道,False,358,358
五官,五官,2,tencent_ai_lab_chinese_embedding_light_mirror_mvp,校园外貌与信物,0.62488298,0.63633335,0.60770744,酒窝,False,359,359
山峦,山峦,2,tencent_ai_lab_chinese_embedding_light_mirror_mvp,青春感官与毕业,0.62465382,0.67930996,0.54266959,晚霞,False,360,360
黑夜,黑夜,2,tencent_ai_lab_chinese_embedding_light_mirror_mvp,青春感官与毕业,0.62412391,0.64460742,0.59339863,晨光,False,361,361
袋子,袋子,2,tencent_ai_lab_chinese_embedding_light_mirror_mvp,纸面心意与暗号,0.62411182,0.66096497,0.5688321,信封,False,362,362
发质,发质,2,tencent_ai_lab_chinese_embedding_light_mirror_mvp,校园外貌与信物,0.62373416,0.64209461,0.59619349,发梢,False,363,363
木盒,木盒,2,tencent_ai_lab_chinese_embedding_light_mirror_mvp,纸面心意与暗号,0.62342391,0.66384447,0.56279308,信封,False,364,364
房间,房间,2,tencent_ai_lab_chinese_embedding_light_mirror_mvp,校园空间与路线,0.62339764,0.64328837,0.59356153,教室,False,365,365
主题公园,主题公园,4,tencent_ai_lab_chinese_embedding_light_mirror_mvp,约会物件与仪式,0.62309844,0.6972959,0.51180226,游乐园,False,366,366
主干道,主干道,3,tencent_ai_lab_chinese_embedding_light_mirror_mvp,校园空间与路线,0.62307749,0.633178,0.60792673,林荫道,False,367,367
流苏,流苏,2,tencent_ai_lab_chinese_embedding_light_mirror_mvp,校园外貌与信物,0.6229666,0.6574508,0.57124031,纽扣,False,368,368
街口,街口,2,tencent_ai_lab_chinese_embedding_light_mirror_mvp,校园空间与路线,0.62289809,0.64917403,0.58348417,公交站,False,369,369
五周年,五周年,3,tencent_ai_lab_chinese_embedding_light_mirror_mvp,约会物件与仪式,0.62288216,0.66734833,0.55618292,纪念日,False,370,370
新华书店,新华书店,4,tencent_ai_lab_chinese_embedding_light_mirror_mvp,校园空间与路线,0.62284652,0.66316968,0.56236178,图书馆,False,371,371
脸蛋,脸蛋,2,tencent_ai_lab_chinese_embedding_light_mirror_mvp,校园外貌与信物,0.62267418,0.644292,0.59024745,酒窝,False,372,372
三楼,三楼,2,tencent_ai_lab_chinese_embedding_light_mirror_mvp,校园空间与路线,0.62254577,0.63825071,0.59898835,走廊,False,373,373
纸张,纸张,2,tencent_ai_lab_chinese_embedding_light_mirror_mvp,纸面心意与暗号,0.62232337,0.6330086,0.60629553,信封,False,374,374
发卷,发卷,2,tencent_ai_lab_chinese_embedding_light_mirror_mvp,校园外貌与信物,0.62219174,0.62853026,0.61268395,发梢,False,375,375
盒子,盒子,2,tencent_ai_lab_chinese_embedding_light_mirror_mvp,纸面心意与暗号,0.62218189,0.65001667,0.58042973,信封,False,376,376
头皮,头皮,2,tencent_ai_lab_chinese_embedding_light_mirror_mvp,校园外貌与信物,0.62211587,0.67132854,0.54829687,发梢,False,377,377
抽屉,抽屉,2,tencent_ai_lab_chinese_embedding_light_mirror_mvp,纸面心意与暗号,0.622032,0.62943923,0.61092114,日记本,False,378,378
办公室,办公室,3,tencent_ai_lab_chinese_embedding_light_mirror_mvp,校园空间与路线,0.6220095,0.630979,0.60855526,教室,False,379,379
节过,节过,2,tencent_ai_lab_chinese_embedding_light_mirror_mvp,约会物件与仪式,0.6216628,0.66677374,0.55399638,七夕,False,380,380
云水,云水,2,tencent_ai_lab_chinese_embedding_light_mirror_mvp,青春感官与毕业,0.62146537,0.65340781,0.57355171,晚霞,False,381,381
面包店,面包店,3,tencent_ai_lab_chinese_embedding_light_mirror_mvp,校园空间与路线,0.62128665,0.67336941,0.54316252,小卖部,False,382,382
衣领,衣领,2,tencent_ai_lab_chinese_embedding_light_mirror_mvp,校园外貌与信物,0.62124636,0.65685523,0.56783307,纽扣,False,383,383
摩卡,摩卡,2,tencent_ai_lab_chinese_embedding_light_mirror_mvp,约会物件与仪式,0.62117136,0.68797874,0.52096027,奶茶,False,384,384
团委,团委,2,tencent_ai_lab_chinese_embedding_light_mirror_mvp,校园空间与路线,0.62115059,0.6879884,0.52089387,广播站,False,385,385
端午节,端午节,3,tencent_ai_lab_chinese_embedding_light_mirror_mvp,约会物件与仪式,0.62074053,0.65984607,0.56208223,七夕,False,386,386
庭院,庭院,2,tencent_ai_lab_chinese_embedding_light_mirror_mvp,校园空间与路线,0.62063422,0.64909005,0.57795048,林荫道,False,387,387
编发,编发,2,tencent_ai_lab_chinese_embedding_light_mirror_mvp,校园外貌与信物,0.6206145,0.64370012,0.58598608,马尾,False,388,388
碰碰车,碰碰车,3,tencent_ai_lab_chinese_embedding_light_mirror_mvp,约会物件与仪式,0.6204384,0.70896065,0.48765501,游乐园,False,389,389
观影,观影,2,tencent_ai_lab_chinese_embedding_light_mirror_mvp,约会物件与仪式,0.6203493,0.71104342,0.48430812,电影院,False,390,390
柠檬茶,柠檬茶,3,tencent_ai_lab_chinese_embedding_light_mirror_mvp,约会物件与仪式,0.62009628,0.69078541,0.51406258,奶茶,False,391,391
耳环,耳环,2,tencent_ai_lab_chinese_embedding_light_mirror_mvp,校园外貌与信物,0.62005358,0.63553345,0.59683377,纽扣,False,392,392
晒出,晒出,2,tencent_ai_lab_chinese_embedding_light_mirror_mvp,校园日常互动,0.62004026,0.75018752,0.42481938,合照,False,393,393
停车处,停车处,3,tencent_ai_lab_chinese_embedding_light_mirror_mvp,校园空间与路线,0.61966873,0.64651209,0.5794037,公交站,False,394,394
柏油路,柏油路,3,tencent_ai_lab_chinese_embedding_light_mirror_mvp,校园空间与路线,0.61965349,0.65635681,0.5645985,林荫道,False,395,395
副食店,副食店,3,tencent_ai_lab_chinese_embedding_light_mirror_mvp,校园空间与路线,0.61938006,0.70800185,0.48644736,小卖部,False,396,396
六周年,六周年,3,tencent_ai_lab_chinese_embedding_light_mirror_mvp,约会物件与仪式,0.6192402,0.64782101,0.57636899,纪念日,False,397,397
建军节,建军节,3,tencent_ai_lab_chinese_embedding_light_mirror_mvp,约会物件与仪式,0.61895033,0.64476913,0.58022213,纪念日,False,398,398
街边,街边,2,tencent_ai_lab_chinese_embedding_light_mirror_mvp,校园空间与路线,0.61842151,0.65294254,0.56663996,小卖部,False,399,399
医务室,医务室,3,tencent_ai_lab_chinese_embedding_light_mirror_mvp,校园空间与路线,0.6181615,0.63667303,0.5903942,教室,False,400,400
进影院,进影院,3,tencent_ai_lab_chinese_embedding_light_mirror_mvp,约会物件与仪式,0.61801037,0.71160471,0.47761884,电影院,False,401,401
周年,周年,2,tencent_ai_lab_chinese_embedding_light_mirror_mvp,约会物件与仪式,0.61790583,0.68171525,0.5221917,纪念日,False,402,402
借阅,借阅,2,tencent_ai_lab_chinese_embedding_light_mirror_mvp,校园空间与路线,0.61777391,0.69668967,0.49940029,图书馆,False,403,403
清明节,清明节,3,tencent_ai_lab_chinese_embedding_light_mirror_mvp,约会物件与仪式,0.61758693,0.64171368,0.58139682,七夕,False,404,404
百合,百合,2,tencent_ai_lab_chinese_embedding_light_mirror_mvp,约会物件与仪式,0.61753576,0.7017113,0.49127245,玫瑰,False,405,405
云海,云海,2,tencent_ai_lab_chinese_embedding_light_mirror_mvp,青春感官与毕业,0.61743381,0.67915988,0.52484471,晚霞,False,406,406
小道,小道,2,tencent_ai_lab_chinese_embedding_light_mirror_mvp,校园空间与路线,0.61734715,0.65674138,0.55825579,林荫道,False,407,407
路边,路边,2,tencent_ai_lab_chinese_embedding_light_mirror_mvp,校园空间与路线,0.61734535,0.63474852,0.59124058,公交站,False,408,408
硬纸,硬纸,2,tencent_ai_lab_chinese_embedding_light_mirror_mvp,纸面心意与暗号,0.61665442,0.63123262,0.59478712,信封,False,409,409
支笔,支笔,2,tencent_ai_lab_chinese_embedding_light_mirror_mvp,纸面心意与暗号,0.61658456,0.63361394,0.59104049,日记本,False,410,410
晨钟,晨钟,2,tencent_ai_lab_chinese_embedding_light_mirror_mvp,青春感官与毕业,0.61601562,0.63424921,0.58866525,晨光,False,411,411
签上,签上,2,tencent_ai_lab_chinese_embedding_light_mirror_mvp,纸面心意与暗号,0.61601082,0.62977105,0.59537047,纸条,False,412,412
书里,书里,2,tencent_ai_lab_chinese_embedding_light_mirror_mvp,纸面心意与暗号,0.61600296,0.63821268,0.58268839,日记本,False,413,413
校舍,校舍,2,tencent_ai_lab_chinese_embedding_light_mirror_mvp,校园空间与路线,0.61594653,0.63642585,0.58522755,教室,False,414,414
小店,小店,2,tencent_ai_lab_chinese_embedding_light_mirror_mvp,校园空间与路线,0.61571733,0.66914338,0.53557825,小卖部,False,415,415
春节,春节,2,tencent_ai_lab_chinese_embedding_light_mirror_mvp,约会物件与仪式,0.61559467,0.6585803,0.55111623,情人节,False,416,416
播音,播音,2,tencent_ai_lab_chinese_embedding_light_mirror_mvp,校园空间与路线,0.61558754,0.69826019,0.49157858,广播站,False,417,417
剧院,剧院,2,tencent_ai_lab_chinese_embedding_light_mirror_mvp,约会物件与仪式,0.61535189,0.6824789,0.51466137,电影院,False,418,418
国庆节,国庆节,3,tencent_ai_lab_chinese_embedding_light_mirror_mvp,约会物件与仪式,0.61533091,0.63362873,0.58788419,情人节,False,419,419
发色,发色,2,tencent_ai_lab_chinese_embedding_light_mirror_mvp,校园外貌与信物,0.61531739,0.63502419,0.5857572,刘海,False,420,420
炊烟,炊烟,2,tencent_ai_lab_chinese_embedding_light_mirror_mvp,青春感官与毕业,0.61520727,0.65326786,0.55811638,晚霞,False,421,421
屋子,屋子,2,tencent_ai_lab_chinese_embedding_light_mirror_mvp,校园空间与路线,0.61515337,0.63414949,0.58665919,教室,False,422,422
借书,借书,2,tencent_ai_lab_chinese_embedding_light_mirror_mvp,校园空间与路线,0.61505942,0.67477608,0.52548444,图书馆,False,423,423
一号线,一号线,3,tencent_ai_lab_chinese_embedding_light_mirror_mvp,校园空间与路线,0.61504432,0.69563353,0.4941605,公交站,False,424,424
密件,密件,2,tencent_ai_lab_chinese_embedding_light_mirror_mvp,纸面心意与暗号,0.6149595,0.63627148,0.58299154,书信,False,425,425
湛蓝,湛蓝,2,tencent_ai_lab_chinese_embedding_light_mirror_mvp,青春感官与毕业,0.6149417,0.6603319,0.5468564,晚霞,False,426,426
幽静,幽静,2,tencent_ai_lab_chinese_embedding_light_mirror_mvp,校园空间与路线,0.61485145,0.66723073,0.53628254,林荫道,False,427,427
会议室,会议室,3,tencent_ai_lab_chinese_embedding_light_mirror_mvp,校园空间与路线,0.61481357,0.62304747,0.60246271,走廊,False,428,428
学习室,学习室,3,tencent_ai_lab_chinese_embedding_light_mirror_mvp,校园空间与路线,0.61452662,0.63596815,0.58236432,教室,False,429,429
存折,存折,2,tencent_ai_lab_chinese_embedding_light_mirror_mvp,纸面心意与暗号,0.61448931,0.62684125,0.59596139,信封,False,430,430
科技馆,科技馆,3,tencent_ai_lab_chinese_embedding_light_mirror_mvp,校园空间与路线,0.61436486,0.6479429,0.56399781,图书馆,False,431,431
巷子,巷子,2,tencent_ai_lab_chinese_embedding_light_mirror_mvp,校园空间与路线,0.61433901,0.63345867,0.5856595,林荫道,False,432,432
铆钉,铆钉,2,tencent_ai_lab_chinese_embedding_light_mirror_mvp,校园外貌与信物,0.6142862,0.6705206,0.52993459,纽扣,False,433,433
吹干,吹干,2,tencent_ai_lab_chinese_embedding_light_mirror_mvp,校园外貌与信物,0.61427852,0.67110437,0.52903974,发梢,False,434,434
剧场,剧场,2,tencent_ai_lab_chinese_embedding_light_mirror_mvp,约会物件与仪式,0.61426599,0.67689753,0.52031869,电影院,False,435,435
归途,归途,2,tencent_ai_lab_chinese_embedding_light_mirror_mvp,青春感官与毕业,0.6141695,0.6576196,0.54899436,离别,False,436,436
人民广场,人民广场,4,tencent_ai_lab_chinese_embedding_light_mirror_mvp,校园空间与路线,0.61408648,0.64921296,0.56139678,公交站,False,437,437
全校学生,全校学生,4,tencent_ai_lab_chinese_embedding_light_mirror_mvp,校园空间与路线,0.61406076,0.63275433,0.58602041,教室,False,438,438
各班,各班,2,tencent_ai_lab_chinese_embedding_light_mirror_mvp,校园空间与路线,0.61398673,0.63240504,0.58635926,教室,False,439,439
竹林,竹林,2,tencent_ai_lab_chinese_embedding_light_mirror_mvp,校园空间与路线,0.61389351,0.65824533,0.54736578,林荫道,False,440,440
青年路,青年路,3,tencent_ai_lab_chinese_embedding_light_mirror_mvp,校园空间与路线,0.61388662,0.68770981,0.50315183,公交站,False,441,441
两张照片,两张照片,4,tencent_ai_lab_chinese_embedding_light_mirror_mvp,校园日常互动,0.6138491,0.72239423,0.45103142,合照,False,442,442
电影票,电影票,3,tencent_ai_lab_chinese_embedding_light_mirror_mvp,约会物件与仪式,0.61371645,0.65336913,0.55423743,电影院,False,443,443
总站,总站,2,tencent_ai_lab_chinese_embedding_light_mirror_mvp,校园空间与路线,0.61370903,0.70022291,0.48393822,公交站,False,444,444
朦胧,朦胧,2,tencent_ai_lab_chinese_embedding_light_mirror_mvp,青春感官与毕业,0.61361549,0.63912523,0.57535088,晨光,False,445,445
天际,天际,2,tencent_ai_lab_chinese_embedding_light_mirror_mvp,青春感官与毕业,0.61351893,0.66208172,0.54067475,晚霞,False,446,446
游泳馆,游泳馆,3,tencent_ai_lab_chinese_embedding_light_mirror_mvp,校园空间与路线,0.61345797,0.64041686,0.57301962,体育馆,False,447,447
考入,考入,2,tencent_ai_lab_chinese_embedding_light_mirror_mvp,青春感官与毕业,0.61329668,0.7512297,0.40639713,毕业,False,448,448
墙壁,墙壁,2,tencent_ai_lab_chinese_embedding_light_mirror_mvp,校园空间与路线,0.61327288,0.66385388,0.53740138,走廊,False,449,449
丝带,丝带,2,tencent_ai_lab_chinese_embedding_light_mirror_mvp,校园外貌与信物,0.61320674,0.62406373,0.59692127,纽扣,False,450,450
哀伤,哀伤,2,tencent_ai_lab_chinese_embedding_light_mirror_mvp,青春感官与毕业,0.61311126,0.6770556,0.51719475,离别,False,451,451
大脸,大脸,2,tencent_ai_lab_chinese_embedding_light_mirror_mvp,校园外貌与信物,0.61311121,0.63122225,0.58594465,刘海,False,452,452
骄阳,骄阳,2,tencent_ai_lab_chinese_embedding_light_mirror_mvp,青春感官与毕业,0.61306896,0.65161037,0.55525684,晨光,False,453,453
传达室,传达室,3,tencent_ai_lab_chinese_embedding_light_mirror_mvp,校园空间与路线,0.61297874,0.62475193,0.59531897,小卖部,False,454,454
门口,门口,2,tencent_ai_lab_chinese_embedding_light_mirror_mvp,校园空间与路线,0.61296587,0.61716437,0.60666811,公交站,False,455,455
摘记,摘记,2,tencent_ai_lab_chinese_embedding_light_mirror_mvp,纸面心意与暗号,0.61276119,0.64345908,0.56671435,日记本,False,456,456
黑板,黑板,2,tencent_ai_lab_chinese_embedding_light_mirror_mvp,校园空间与路线,0.61273662,0.65838939,0.54425746,教室,False,457,457
画册,画册,2,tencent_ai_lab_chinese_embedding_light_mirror_mvp,纸面心意与暗号,0.61255898,0.61525452,0.60851568,明信片,False,458,458
活页,活页,2,tencent_ai_lab_chinese_embedding_light_mirror_mvp,纸面心意与暗号,0.61230714,0.63715971,0.5750283,书签,False,459,459
额头,额头,2,tencent_ai_lab_chinese_embedding_light_mirror_mvp,校园外貌与信物,0.61207738,0.6374656,0.57399505,刘海,False,460,460
新馆,新馆,2,tencent_ai_lab_chinese_embedding_light_mirror_mvp,校园空间与路线,0.61192408,0.66021407,0.53948909,图书馆,False,461,461
艳阳,艳阳,2,tencent_ai_lab_chinese_embedding_light_mirror_mvp,青春感官与毕业,0.61187627,0.65029991,0.55424082,晚霞,False,462,462
路旁,路旁,2,tencent_ai_lab_chinese_embedding_light_mirror_mvp,校园空间与路线,0.61176407,0.64034224,0.56889683,林荫道,False,463,463
折起来,折起来,3,tencent_ai_lab_chinese_embedding_light_mirror_mvp,纸面心意与暗号,0.6116191,0.62672788,0.58895594,纸条,False,464,464
西客站,西客站,3,tencent_ai_lab_chinese_embedding_light_mirror_mvp,校园空间与路线,0.61149374,0.68241578,0.50511068,公交站,False,465,465
线头,线头,2,tencent_ai_lab_chinese_embedding_light_mirror_mvp,校园外貌与信物,0.61145005,0.66386616,0.53282589,纽扣,False,466,466
教三楼,教三楼,3,tencent_ai_lab_chinese_embedding_light_mirror_mvp,校园空间与路线,0.61114275,0.62361813,0.5924297,教室,False,467,467
发中,发中,2,tencent_ai_lab_chinese_embedding_light_mirror_mvp,校园外貌与信物,0.61110618,0.66381001,0.53205043,发梢,False,468,468
公车,公车,2,tencent_ai_lab_chinese_embedding_light_mirror_mvp,校园空间与路线,0.61103909,0.66988432,0.52277124,公交站,False,469,469
拐角处,拐角处,3,tencent_ai_lab_chinese_embedding_light_mirror_mvp,校园空间与路线,0.61095445,0.63548267,0.57416213,走廊,False,470,470
手写,手写,2,tencent_ai_lab_chinese_embedding_light_mirror_mvp,纸面心意与暗号,0.6108143,0.61314088,0.60732442,纸条,False,471,471
影剧院,影剧院,3,tencent_ai_lab_chinese_embedding_light_mirror_mvp,约会物件与仪式,0.6106301,0.69053686,0.49076995,电影院,False,472,472
主席台,主席台,3,tencent_ai_lab_chinese_embedding_light_mirror_mvp,校园空间与路线,0.61055846,0.65965128,0.53691924,看台,False,473,473
烟雨,烟雨,2,tencent_ai_lab_chinese_embedding_light_mirror_mvp,青春感官与毕业,0.61051295,0.62324858,0.5914095,晚霞,False,474,474
忌日,忌日,2,tencent_ai_lab_chinese_embedding_light_mirror_mvp,约会物件与仪式,0.61048734,0.6373533,0.5701884,纪念日,False,475,475
内袋,内袋,2,tencent_ai_lab_chinese_embedding_light_mirror_mvp,纸面心意与暗号,0.61000371,0.65786898,0.5382058,信封,False,476,476
好几页,好几页,3,tencent_ai_lab_chinese_embedding_light_mirror_mvp,纸面心意与暗号,0.60988804,0.6409536,0.5632897,日记本,False,477,477
香草,香草,2,tencent_ai_lab_chinese_embedding_light_mirror_mvp,约会物件与仪式,0.60987383,0.67997497,0.50472212,玫瑰,False,478,478
齐腰,齐腰,2,tencent_ai_lab_chinese_embedding_light_mirror_mvp,校园外貌与信物,0.60971261,0.62645644,0.58459687,马尾,False,479,479
送礼,送礼,2,tencent_ai_lab_chinese_embedding_light_mirror_mvp,约会物件与仪式,0.60958295,0.67131782,0.51698065,礼物,False,480,480
洒下,洒下,2,tencent_ai_lab_chinese_embedding_light_mirror_mvp,青春感官与毕业,0.60941019,0.64594924,0.55460161,晨光,False,481,481
遥望,遥望,2,tencent_ai_lab_chinese_embedding_light_mirror_mvp,青春感官与毕业,0.60940504,0.63582742,0.56977147,晚霞,False,482,482
校刊,校刊,2,tencent_ai_lab_chinese_embedding_light_mirror_mvp,校园空间与路线,0.60928211,0.66646862,0.52350235,广播站,False,483,483
藏书,藏书,2,tencent_ai_lab_chinese_embedding_light_mirror_mvp,校园空间与路线,0.60920841,0.69024527,0.48765311,图书馆,False,484,484
吹发,吹发,2,tencent_ai_lab_chinese_embedding_light_mirror_mvp,校园外貌与信物,0.60916561,0.64287037,0.55860847,发梢,False,485,485
映照,映照,2,tencent_ai_lab_chinese_embedding_light_mirror_mvp,青春感官与毕业,0.60907098,0.65332574,0.54268885,晚霞,False,486,486
个纸,个纸,2,tencent_ai_lab_chinese_embedding_light_mirror_mvp,纸面心意与暗号,0.60894066,0.62862581,0.57941294,信封,False,487,487
植物园,植物园,3,tencent_ai_lab_chinese_embedding_light_mirror_mvp,校园空间与路线,0.60871459,0.63797492,0.5648241,林荫道,False,488,488
垂落,垂落,2,tencent_ai_lab_chinese_embedding_light_mirror_mvp,校园外貌与信物,0.60852516,0.64123273,0.5594638,发梢,False,489,489
远别,远别,2,tencent_ai_lab_chinese_embedding_light_mirror_mvp,青春感官与毕业,0.60849215,0.68953919,0.48692158,离别,False,490,490
发油,发油,2,tencent_ai_lab_chinese_embedding_light_mirror_mvp,校园外貌与信物,0.6084599,0.63989389,0.56130892,发梢,False,491,491
眉毛,眉毛,2,tencent_ai_lab_chinese_embedding_light_mirror_mvp,校园外貌与信物,0.60840288,0.62654489,0.58118987,刘海,False,492,492
姹紫嫣红,姹紫嫣红,4,tencent_ai_lab_chinese_embedding_light_mirror_mvp,青春感官与毕业,0.60839698,0.65416455,0.53974563,晚霞,False,493,493
食品店,食品店,3,tencent_ai_lab_chinese_embedding_light_mirror_mvp,校园空间与路线,0.60837978,0.68633986,0.49143967,小卖部,False,494,494
二号线,二号线,3,tencent_ai_lab_chinese_embedding_light_mirror_mvp,校园空间与路线,0.60833688,0.68009686,0.5006969,公交站,False,495,495
烟云,烟云,2,tencent_ai_lab_chinese_embedding_light_mirror_mvp,青春感官与毕业,0.60828509,0.64336121,0.55567092,晚霞,False,496,496
咖啡屋,咖啡屋,3,tencent_ai_lab_chinese_embedding_light_mirror_mvp,校园空间与路线,0.6082763,0.62415123,0.58446389,小卖部,False,497,497
满天,满天,2,tencent_ai_lab_chinese_embedding_light_mirror_mvp,青春感官与毕业,0.60820458,0.64010942,0.56034732,晚霞,False,498,498
初上,初上,2,tencent_ai_lab_chinese_embedding_light_mirror_mvp,青春感官与毕业,0.60807512,0.63697338,0.56472772,晨光,False,499,499
面包,面包,2,tencent_ai_lab_chinese_embedding_light_mirror_mvp,约会物件与仪式,0.60789633,0.65028191,0.54431796,奶茶,False,500,500
就读,就读,2,tencent_ai_lab_chinese_embedding_light_mirror_mvp,青春感官与毕业,0.6078903,0.75339001,0.38964072,毕业,False,501,501
血书,血书,2,tencent_ai_lab_chinese_embedding_light_mirror_mvp,纸面心意与暗号,0.6078468,0.6276949,0.57807463,书信,False,502,502
围墙,围墙,2,tencent_ai_lab_chinese_embedding_light_mirror_mvp,校园空间与路线,0.60773964,0.61420238,0.59804553,走廊,False,503,503
绿化带,绿化带,3,tencent_ai_lab_chinese_embedding_light_mirror_mvp,校园空间与路线,0.60773175,0.62868166,0.57630688,林荫道,False,504,504
日光,日光,2,tencent_ai_lab_chinese_embedding_light_mirror_mvp,青春感官与毕业,0.60770315,0.65962189,0.52982503,晨光,False,505,505
路车,路车,2,tencent_ai_lab_chinese_embedding_light_mirror_mvp,校园空间与路线,0.60736718,0.69046873,0.48271486,公交站,False,506,506
洗漱间,洗漱间,3,tencent_ai_lab_chinese_embedding_light_mirror_mvp,校园空间与路线,0.60734808,0.62750781,0.5771085,教室,False,507,507
腰际,腰际,2,tencent_ai_lab_chinese_embedding_light_mirror_mvp,校园外貌与信物,0.60731472,0.62343985,0.58312702,发梢,False,508,508
香樟,香樟,2,tencent_ai_lab_chinese_embedding_light_mirror_mvp,校园空间与路线,0.60729291,0.67305076,0.50865614,林荫道,False,509,509
时送,时送,2,tencent_ai_lab_chinese_embedding_light_mirror_mvp,约会物件与仪式,0.60713499,0.65447044,0.5361318,礼物,False,510,510
起居室,起居室,3,tencent_ai_lab_chinese_embedding_light_mirror_mvp,校园空间与路线,0.60711974,0.63761014,0.56138414,走廊,False,511,511
国庆,国庆,2,tencent_ai_lab_chinese_embedding_light_mirror_mvp,约会物件与仪式,0.60706694,0.62649333,0.57792735,情人节,False,512,512
远望,远望,2,tencent_ai_lab_chinese_embedding_light_mirror_mvp,青春感官与毕业,0.60702311,0.64648098,0.5478363,晚霞,False,513,513
拂晓,拂晓,2,tencent_ai_lab_chinese_embedding_light_mirror_mvp,青春感官与毕业,0.60700531,0.65058208,0.54164016,晨光,False,514,514
档案馆,档案馆,3,tencent_ai_lab_chinese_embedding_light_mirror_mvp,校园空间与路线,0.60696155,0.67428201,0.50598085,图书馆,False,515,515
游乐,游乐,2,tencent_ai_lab_chinese_embedding_light_mirror_mvp,约会物件与仪式,0.60692298,0.70239127,0.46372056,游乐园,False,516,516
花茶,花茶,2,tencent_ai_lab_chinese_embedding_light_mirror_mvp,约会物件与仪式,0.60691469,0.65205264,0.53920776,奶茶,False,517,517
葱郁,葱郁,2,tencent_ai_lab_chinese_embedding_light_mirror_mvp,校园空间与路线,0.60689437,0.67334962,0.50721151,林荫道,False,518,518
钥匙扣,钥匙扣,3,tencent_ai_lab_chinese_embedding_light_mirror_mvp,纸面心意与暗号,0.60672824,0.63612819,0.56262833,书签,False,519,519
好喝,好喝,2,tencent_ai_lab_chinese_embedding_light_mirror_mvp,约会物件与仪式,0.60663685,0.68927968,0.4826726,奶茶,False,520,520
一本,一本,2,tencent_ai_lab_chinese_embedding_light_mirror_mvp,纸面心意与暗号,0.60652497,0.63328648,0.56638271,日记本,False,521,521
大门口,大门口,3,tencent_ai_lab_chinese_embedding_light_mirror_mvp,校园空间与路线,0.60649576,0.62326944,0.58133525,走廊,False,522,522
落款,落款,2,tencent_ai_lab_chinese_embedding_light_mirror_mvp,纸面心意与暗号,0.60639777,0.61220133,0.59769243,信封,False,523,523
封口处,封口处,3,tencent_ai_lab_chinese_embedding_light_mirror_mvp,纸面心意与暗号,0.60630519,0.6525079,0.53700113,信封,False,524,524
护发素,护发素,3,tencent_ai_lab_chinese_embedding_light_mirror_mvp,校园外貌与信物,0.60621531,0.64055562,0.55470484,发梢,False,525,525
乌发,乌发,2,tencent_ai_lab_chinese_embedding_light_mirror_mvp,校园外貌与信物,0.60620468,0.64707386,0.54490089,发梢,False,526,526
寄完,寄完,2,tencent_ai_lab_chinese_embedding_light_mirror_mvp,纸面心意与暗号,0.60618598,0.63954902,0.55614144,明信片,False,527,527
洗手间,洗手间,3,tencent_ai_lab_chinese_embedding_light_mirror_mvp,校园空间与路线,0.60610268,0.61817145,0.58799952,教室,False,528,528
杂货店,杂货店,3,tencent_ai_lab_chinese_embedding_light_mirror_mvp,校园空间与路线,0.60605149,0.67548263,0.50190479,小卖部,False,529,529
冰激凌,冰激凌,3,tencent_ai_lab_chinese_embedding_light_mirror_mvp,约会物件与仪式,0.60604591,0.64493406,0.5477137,奶茶,False,530,530
支票,支票,2,tencent_ai_lab_chinese_embedding_light_mirror_mvp,纸面心意与暗号,0.60583491,0.64613783,0.54538053,信封,False,531,531
大马路,大马路,3,tencent_ai_lab_chinese_embedding_light_mirror_mvp,校园空间与路线,0.60579972,0.61436832,0.59294683,林荫道,False,532,532
轻轨,轻轨,2,tencent_ai_lab_chinese_embedding_light_mirror_mvp,校园空间与路线,0.60567809,0.6581555,0.52696198,公交站,False,533,533
所写,所写,2,tencent_ai_lab_chinese_embedding_light_mirror_mvp,纸面心意与暗号,0.60548877,0.6342842,0.56229562,书信,False,534,534
纸笔,纸笔,2,tencent_ai_lab_chinese_embedding_light_mirror_mvp,纸面心意与暗号,0.6054482,0.61338735,0.59353948,纸条,False,535,535
春日,春日,2,tencent_ai_lab_chinese_embedding_light_mirror_mvp,青春感官与毕业,0.60541307,0.62860423,0.57062632,晚霞,False,536,536
匿名信,匿名信,3,tencent_ai_lab_chinese_embedding_light_mirror_mvp,纸面心意与暗号,0.60525863,0.61303997,0.59358662,书信,False,537,537
路口处,路口处,3,tencent_ai_lab_chinese_embedding_light_mirror_mvp,校园空间与路线,0.60517137,0.65529466,0.52998644,公交站,False,538,538
一杯,一杯,2,tencent_ai_lab_chinese_embedding_light_mirror_mvp,约会物件与仪式,0.60501199,0.66331661,0.51755506,奶茶,False,539,539
门卫室,门卫室,3,tencent_ai_lab_chinese_embedding_light_mirror_mvp,校园空间与路线,0.60501091,0.61625326,0.5881474,教室,False,540,540
草皮,草皮,2,tencent_ai_lab_chinese_embedding_light_mirror_mvp,校园空间与路线,0.60497751,0.64003026,0.55239838,看台,False,541,541
电报,电报,2,tencent_ai_lab_chinese_embedding_light_mirror_mvp,纸面心意与暗号,0.60486082,0.63582045,0.55842137,书信,False,542,542
眼眉,眼眉,2,tencent_ai_lab_chinese_embedding_light_mirror_mvp,校园外貌与信物,0.60455256,0.62118781,0.57959968,酒窝,False,543,543
干发,干发,2,tencent_ai_lab_chinese_embedding_light_mirror_mvp,校园外貌与信物,0.60454901,0.6370222,0.55583924,发梢,False,544,544
课时,课时,2,tencent_ai_lab_chinese_embedding_light_mirror_mvp,校园空间与路线,0.60448278,0.64483064,0.54396099,教室,False,545,545
摘抄,摘抄,2,tencent_ai_lab_chinese_embedding_light_mirror_mvp,纸面心意与暗号,0.60446085,0.63183349,0.56340188,日记本,False,546,546
锁骨,锁骨,2,tencent_ai_lab_chinese_embedding_light_mirror_mvp,校园外貌与信物,0.60436112,0.62158805,0.57852072,酒窝,False,547,547
菜市场,菜市场,3,tencent_ai_lab_chinese_embedding_light_mirror_mvp,校园空间与路线,0.60422839,0.63058358,0.5646956,小卖部,False,548,548
开叉,开叉,2,tencent_ai_lab_chinese_embedding_light_mirror_mvp,校园外貌与信物,0.6041348,0.60835469,0.59780496,马尾,False,549,549
胸前,胸前,2,tencent_ai_lab_chinese_embedding_light_mirror_mvp,校园外貌与信物,0.60390265,0.6426841,0.54573047,纽扣,False,550,550
寄去,寄去,2,tencent_ai_lab_chinese_embedding_light_mirror_mvp,纸面心意与暗号,0.60387399,0.6163404,0.58517438,明信片,False,551,551
楼前,楼前,2,tencent_ai_lab_chinese_embedding_light_mirror_mvp,校园空间与路线,0.60383062,0.61685228,0.58429813,操场,False,552,552
候车,候车,2,tencent_ai_lab_chinese_embedding_light_mirror_mvp,校园空间与路线,0.60381601,0.6470356,0.53898662,公交站,False,553,553
风儿,风儿,2,tencent_ai_lab_chinese_embedding_light_mirror_mvp,青春感官与毕业,0.6038029,0.63280725,0.56029636,晚霞,False,554,554
曙光,曙光,2,tencent_ai_lab_chinese_embedding_light_mirror_mvp,青春感官与毕业,0.60365301,0.65916878,0.52037936,晨光,False,555,555
彩云,彩云,2,tencent_ai_lab_chinese_embedding_light_mirror_mvp,青春感官与毕业,0.60334357,0.65991575,0.51848531,晚霞,False,556,556
碧蓝,碧蓝,2,tencent_ai_lab_chinese_embedding_light_mirror_mvp,青春感官与毕业,0.60325286,0.65519524,0.52533931,晚霞,False,557,557
书架,书架,2,tencent_ai_lab_chinese_embedding_light_mirror_mvp,校园空间与路线,0.60301207,0.62561589,0.56910634,图书馆,False,558,558
樱花树,樱花树,3,tencent_ai_lab_chinese_embedding_light_mirror_mvp,校园空间与路线,0.60297699,0.66068172,0.51641989,林荫道,False,559,559
郁郁葱葱,郁郁葱葱,4,tencent_ai_lab_chinese_embedding_light_mirror_mvp,校园空间与路线,0.60281739,0.66306293,0.51244909,林荫道,False,560,560
电话号码,电话号码,4,tencent_ai_lab_chinese_embedding_light_mirror_mvp,纸面心意与暗号,0.60280039,0.63643432,0.55234951,纸条,False,561,561
育才路,育才路,3,tencent_ai_lab_chinese_embedding_light_mirror_mvp,校园空间与路线,0.60278054,0.66091913,0.51557267,公交站,False,562,562
大厅,大厅,2,tencent_ai_lab_chinese_embedding_light_mirror_mvp,校园空间与路线,0.6027257,0.63697636,0.5513497,走廊,False,563,563
装订,装订,2,tencent_ai_lab_chinese_embedding_light_mirror_mvp,纸面心意与暗号,0.60268664,0.62256753,0.57286531,书签,False,564,564
橡皮筋,橡皮筋,3,tencent_ai_lab_chinese_embedding_light_mirror_mvp,校园外貌与信物,0.60250704,0.61116993,0.58951271,马尾,False,565,565
街道,街道,2,tencent_ai_lab_chinese_embedding_light_mirror_mvp,校园空间与路线,0.60247116,0.62720907,0.5653643,林荫道,False,566,566
广播电台,广播电台,4,tencent_ai_lab_chinese_embedding_light_mirror_mvp,校园空间与路线,0.60246181,0.68576884,0.47750127,广播站,False,567,567
梦醒,梦醒,2,tencent_ai_lab_chinese_embedding_light_mirror_mvp,青春感官与毕业,0.60221314,0.63937938,0.54646379,离别,False,568,568
裙摆,裙摆,2,tencent_ai_lab_chinese_embedding_light_mirror_mvp,校园外貌与信物,0.60219008,0.61274821,0.58635288,纽扣,False,569,569
皮带,皮带,2,tencent_ai_lab_chinese_embedding_light_mirror_mvp,校园外貌与信物,0.60201104,0.66731286,0.5040583,纽扣,False,570,570
景色,景色,2,tencent_ai_lab_chinese_embedding_light_mirror_mvp,青春感官与毕业,0.6019691,0.65751982,0.51864302,晚霞,False,571,571
女厕所,女厕所,3,tencent_ai_lab_chinese_embedding_light_mirror_mvp,校园空间与路线,0.60186965,0.62084782,0.5734024,教室,False,572,572
人行道,人行道,3,tencent_ai_lab_chinese_embedding_light_mirror_mvp,校园空间与路线,0.60181866,0.62129629,0.57260221,公交站,False,573,573
繁星,繁星,2,tencent_ai_lab_chinese_embedding_light_mirror_mvp,青春感官与毕业,0.60146644,0.6276952,0.5621233,晨光,False,574,574
这纸,这纸,2,tencent_ai_lab_chinese_embedding_light_mirror_mvp,纸面心意与暗号,0.60138947,0.61207193,0.58536577,纸条,False,575,575
不舍,不舍,2,tencent_ai_lab_chinese_embedding_light_mirror_mvp,青春感官与毕业,0.60109011,0.68544769,0.47455373,离别,False,576,576
书本,书本,2,tencent_ai_lab_chinese_embedding_light_mirror_mvp,纸面心意与暗号,0.60108795,0.61954308,0.57340527,日记本,False,577,577
放暑假,放暑假,3,tencent_ai_lab_chinese_embedding_light_mirror_mvp,校园空间与路线,0.60095501,0.65379584,0.52169377,放学,False,578,578
脖颈,脖颈,2,tencent_ai_lab_chinese_embedding_light_mirror_mvp,校园外貌与信物,0.60093899,0.62763512,0.56089479,发梢,False,579,579
袖子,袖子,2,tencent_ai_lab_chinese_embedding_light_mirror_mvp,校园外貌与信物,0.60088179,0.63600492,0.54819709,纽扣,False,580,580
月亮,月亮,2,tencent_ai_lab_chinese_embedding_light_mirror_mvp,青春感官与毕业,0.60071107,0.64331633,0.53680319,晚霞,False,581,581
二环路,二环路,3,tencent_ai_lab_chinese_embedding_light_mirror_mvp,校园空间与路线,0.60058308,0.6573354,0.51545459,公交站,False,582,582
裤腿,裤腿,2,tencent_ai_lab_chinese_embedding_light_mirror_mvp,校园外貌与信物,0.60035295,0.61861706,0.5729568,纽扣,False,583,583
校运会,校运会,3,tencent_ai_lab_chinese_embedding_light_mirror_mvp,校园空间与路线,0.60027415,0.61879784,0.57248861,操场,False,584,584
提示音,提示音,3,tencent_ai_lab_chinese_embedding_light_mirror_mvp,青春感官与毕业,0.60017171,0.70895547,0.43699607,铃声,False,585,585
办公区,办公区,3,tencent_ai_lab_chinese_embedding_light_mirror_mvp,校园空间与路线,0.60007782,0.61792457,0.57330769,走廊,False,586,586
菜场,菜场,2,tencent_ai_lab_chinese_embedding_light_mirror_mvp,校园空间与路线,0.60005813,0.63427246,0.54873663,小卖部,False,587,587
相册,相册,2,tencent_ai_lab_chinese_embedding_light_mirror_mvp,纸面心意与暗号,0.5999398,0.61257434,0.58098799,日记本,False,588,588
商业街,商业街,3,tencent_ai_lab_chinese_embedding_light_mirror_mvp,校园空间与路线,0.59993023,0.60626751,0.5904243,公交站,False,589,589
大型超市,大型超市,4,tencent_ai_lab_chinese_embedding_light_mirror_mvp,校园空间与路线,0.59991733,0.65047628,0.52407891,小卖部,False,590,590
场地,场地,2,tencent_ai_lab_chinese_embedding_light_mirror_mvp,校园空间与路线,0.59986187,0.61105925,0.58306581,体育馆,False,591,591
华灯,华灯,2,tencent_ai_lab_chinese_embedding_light_mirror_mvp,青春感官与毕业,0.59969701,0.63305062,0.54966658,晚霞,False,592,592
会客厅,会客厅,3,tencent_ai_lab_chinese_embedding_light_mirror_mvp,校园空间与路线,0.59968081,0.64350951,0.53393775,走廊,False,593,593
归程,归程,2,tencent_ai_lab_chinese_embedding_light_mirror_mvp,青春感官与毕业,0.59961369,0.63366055,0.54854339,离别,False,594,594
信要,信要,2,tencent_ai_lab_chinese_embedding_light_mirror_mvp,纸面心意与暗号,0.59953825,0.62255144,0.56501848,书信,False,595,595
班车,班车,2,tencent_ai_lab_chinese_embedding_light_mirror_mvp,校园空间与路线,0.59952631,0.65090597,0.52245682,公交站,False,596,596
作文簿,作文簿,3,tencent_ai_lab_chinese_embedding_light_mirror_mvp,纸面心意与暗号,0.5995111,0.63356507,0.54843014,日记本,False,597,597
侧边,侧边,2,tencent_ai_lab_chinese_embedding_light_mirror_mvp,校园外貌与信物,0.59931726,0.61980379,0.56858748,刘海,False,598,598
响了,响了,2,tencent_ai_lab_chinese_embedding_light_mirror_mvp,青春感官与毕业,0.5992999,0.68908101,0.46462822,铃声,False,599,599
绚丽,绚丽,2,tencent_ai_lab_chinese_embedding_light_mirror_mvp,青春感官与毕业,0.59928634,0.63786316,0.54142112,晚霞,False,600,600
卷曲,卷曲,2,tencent_ai_lab_chinese_embedding_light_mirror_mvp,校园外貌与信物,0.59926331,0.62666082,0.55816704,发梢,False,601,601
斑斓,斑斓,2,tencent_ai_lab_chinese_embedding_light_mirror_mvp,青春感官与毕业,0.59924138,0.63425255,0.54672462,晚霞,False,602,602
景致,景致,2,tencent_ai_lab_chinese_embedding_light_mirror_mvp,青春感官与毕业,0.59924005,0.64836258,0.52555627,晚霞,False,603,603
辉映,辉映,2,tencent_ai_lab_chinese_embedding_light_mirror_mvp,青春感官与毕业,0.59912465,0.6548965,0.51546687,晚霞,False,604,604
洗头发,洗头发,3,tencent_ai_lab_chinese_embedding_light_mirror_mvp,校园外貌与信物,0.59908166,0.62766445,0.55620748,发梢,False,605,605
递到,递到,2,tencent_ai_lab_chinese_embedding_light_mirror_mvp,纸面心意与暗号,0.59888948,0.63659018,0.54233843,信封,False,606,606
甬道,甬道,2,tencent_ai_lab_chinese_embedding_light_mirror_mvp,校园空间与路线,0.59883667,0.633843,0.54632717,走廊,False,607,607
娇俏,娇俏,2,tencent_ai_lab_chinese_embedding_light_mirror_mvp,校园外貌与信物,0.59879787,0.61888921,0.56866086,酒窝,False,608,608
剪影,剪影,2,tencent_ai_lab_chinese_embedding_light_mirror_mvp,青春感官与毕业,0.59858756,0.62388062,0.56064796,晨光,False,609,609
寂寥,寂寥,2,tencent_ai_lab_chinese_embedding_light_mirror_mvp,青春感官与毕业,0.5984205,0.61348665,0.57582128,离别,False,610,610
浓密,浓密,2,tencent_ai_lab_chinese_embedding_light_mirror_mvp,校园外貌与信物,0.59840472,0.63070929,0.54994786,发梢,False,611,611
蛋糕,蛋糕,2,tencent_ai_lab_chinese_embedding_light_mirror_mvp,约会物件与仪式,0.59839525,0.62616205,0.55674505,奶茶,False,612,612
遗书,遗书,2,tencent_ai_lab_chinese_embedding_light_mirror_mvp,纸面心意与暗号,0.59833682,0.60202587,0.59280324,纸条,False,613,613
始发站,始发站,3,tencent_ai_lab_chinese_embedding_light_mirror_mvp,校园空间与路线,0.59833634,0.67868751,0.47780958,公交站,False,614,614
淘气堡,淘气堡,3,tencent_ai_lab_chinese_embedding_light_mirror_mvp,约会物件与仪式,0.59824694,0.68921673,0.46179226,游乐园,False,615,615
道旁,道旁,2,tencent_ai_lab_chinese_embedding_light_mirror_mvp,校园空间与路线,0.59824429,0.65153921,0.5183019,林荫道,False,616,616
带子,带子,2,tencent_ai_lab_chinese_embedding_light_mirror_mvp,校园外貌与信物,0.59817719,0.64001906,0.5354144,纽扣,False,617,617
条子,条子,2,tencent_ai_lab_chinese_embedding_light_mirror_mvp,纸面心意与暗号,0.59813933,0.63088381,0.54902261,纸条,False,618,618
贴画,贴画,2,tencent_ai_lab_chinese_embedding_light_mirror_mvp,纸面心意与暗号,0.59808028,0.60762858,0.58375782,书签,False,619,619
那张,那张,2,tencent_ai_lab_chinese_embedding_light_mirror_mvp,纸面心意与暗号,0.59806268,0.62848544,0.55242854,纸条,False,620,620
雪糕,雪糕,2,tencent_ai_lab_chinese_embedding_light_mirror_mvp,约会物件与仪式,0.59802876,0.65254867,0.51624888,奶茶,False,621,621
住宅区,住宅区,3,tencent_ai_lab_chinese_embedding_light_mirror_mvp,校园空间与路线,0.59802566,0.61806846,0.56796145,林荫道,False,622,622
匣子,匣子,2,tencent_ai_lab_chinese_embedding_light_mirror_mvp,纸面心意与暗号,0.59799045,0.63415974,0.54373652,信封,False,623,623
送过,送过,2,tencent_ai_lab_chinese_embedding_light_mirror_mvp,约会物件与仪式,0.59795194,0.63980579,0.53517115,礼物,False,624,624
观战,观战,2,tencent_ai_lab_chinese_embedding_light_mirror_mvp,校园空间与路线,0.59793822,0.66815627,0.49261114,看台,False,625,625
飘零,飘零,2,tencent_ai_lab_chinese_embedding_light_mirror_mvp,青春感官与毕业,0.59775574,0.63376904,0.5437358,离别,False,626,626
书房,书房,2,tencent_ai_lab_chinese_embedding_light_mirror_mvp,校园空间与路线,0.59772635,0.61306727,0.57471496,走廊,False,627,627
百元大钞,百元大钞,4,tencent_ai_lab_chinese_embedding_light_mirror_mvp,纸面心意与暗号,0.59761364,0.62738943,0.55294997,信封,False,628,628
封袋,封袋,2,tencent_ai_lab_chinese_embedding_light_mirror_mvp,纸面心意与暗号,0.59757462,0.64947307,0.51972693,信封,False,629,629
订书机,订书机,3,tencent_ai_lab_chinese_embedding_light_mirror_mvp,纸面心意与暗号,0.59751525,0.62528694,0.55585772,书签,False,630,630
五角钱,五角钱,3,tencent_ai_lab_chinese_embedding_light_mirror_mvp,校园空间与路线,0.59727439,0.65035719,0.51765019,小卖部,False,631,631
烫过,烫过,2,tencent_ai_lab_chinese_embedding_light_mirror_mvp,校园外貌与信物,0.59713559,0.6136955,0.57229573,发梢,False,632,632
大礼盒,大礼盒,3,tencent_ai_lab_chinese_embedding_light_mirror_mvp,约会物件与仪式,0.59703348,0.6511116,0.51591629,礼物,False,633,633
窗户,窗户,2,tencent_ai_lab_chinese_embedding_light_mirror_mvp,校园空间与路线,0.59684737,0.62222648,0.5587787,走廊,False,634,634
记者团,记者团,3,tencent_ai_lab_chinese_embedding_light_mirror_mvp,校园空间与路线,0.59682765,0.6614421,0.49990597,广播站,False,635,635
烟霞,烟霞,2,tencent_ai_lab_chinese_embedding_light_mirror_mvp,青春感官与毕业,0.59662714,0.65152204,0.51428479,晚霞,False,636,636
书桌,书桌,2,tencent_ai_lab_chinese_embedding_light_mirror_mvp,纸面心意与暗号,0.59655111,0.61514831,0.56865531,日记本,False,637,637
十字路,十字路,3,tencent_ai_lab_chinese_embedding_light_mirror_mvp,校园空间与路线,0.59651,0.62681425,0.55105364,公交站,False,638,638
拿给,拿给,2,tencent_ai_lab_chinese_embedding_light_mirror_mvp,纸面心意与暗号,0.59636147,0.61938047,0.56183296,纸条,False,639,639
校会,校会,2,tencent_ai_lab_chinese_embedding_light_mirror_mvp,校园空间与路线,0.59629287,0.63806838,0.5336296,广播站,False,640,640
青协,青协,2,tencent_ai_lab_chinese_embedding_light_mirror_mvp,校园空间与路线,0.59627515,0.6497106,0.51612198,广播站,False,641,641
学院路,学院路,3,tencent_ai_lab_chinese_embedding_light_mirror_mvp,校园空间与路线,0.59612552,0.64453977,0.52350414,公交站,False,642,642
国庆日,国庆日,3,tencent_ai_lab_chinese_embedding_light_mirror_mvp,约会物件与仪式,0.59608381,0.64121127,0.52839261,纪念日,False,643,643
洗发,洗发,2,tencent_ai_lab_chinese_embedding_light_mirror_mvp,校园外貌与信物,0.59596075,0.64175481,0.52726966,发梢,False,644,644
大头照,大头照,3,tencent_ai_lab_chinese_embedding_light_mirror_mvp,校园日常互动,0.59591391,0.70322788,0.43494296,合照,False,645,645
牛奶,牛奶,2,tencent_ai_lab_chinese_embedding_light_mirror_mvp,约会物件与仪式,0.59579755,0.65457755,0.50762755,奶茶,False,646,646
飘带,飘带,2,tencent_ai_lab_chinese_embedding_light_mirror_mvp,校园外貌与信物,0.59578639,0.61620742,0.56515485,纽扣,False,647,647
国家图书馆,国家图书馆,5,tencent_ai_lab_chinese_embedding_light_mirror_mvp,校园空间与路线,0.59564902,0.67331409,0.4791514,图书馆,False,648,648
书城,书城,2,tencent_ai_lab_chinese_embedding_light_mirror_mvp,校园空间与路线,0.59562769,0.64924479,0.51520205,图书馆,False,649,649
挂历,挂历,2,tencent_ai_lab_chinese_embedding_light_mirror_mvp,纸面心意与暗号,0.59560549,0.60906839,0.57541114,明信片,False,650,650
路段,路段,2,tencent_ai_lab_chinese_embedding_light_mirror_mvp,校园空间与路线,0.59545636,0.64873445,0.51553923,公交站,False,651,651
淋湿,淋湿,2,tencent_ai_lab_chinese_embedding_light_mirror_mvp,青春感官与毕业,0.59540194,0.65874952,0.50038058,雨伞,False,652,652
建设路,建设路,3,tencent_ai_lab_chinese_embedding_light_mirror_mvp,校园空间与路线,0.595293,0.655123,0.505548,公交站,False,653,653
拐进,拐进,2,tencent_ai_lab_chinese_embedding_light_mirror_mvp,校园空间与路线,0.59524882,0.62455726,0.55128616,林荫道,False,654,654
备课,备课,2,tencent_ai_lab_chinese_embedding_light_mirror_mvp,校园空间与路线,0.59517324,0.63030291,0.54247874,教室,False,655,655
供销社,供销社,3,tencent_ai_lab_chinese_embedding_light_mirror_mvp,校园空间与路线,0.59516809,0.66031229,0.49745178,小卖部,False,656,656
运动会,运动会,3,tencent_ai_lab_chinese_embedding_light_mirror_mvp,校园空间与路线,0.59483435,0.62282395,0.55284995,操场,False,657,657
复信,复信,2,tencent_ai_lab_chinese_embedding_light_mirror_mvp,纸面心意与暗号,0.59482824,0.64098817,0.52558833,书信,False,658,658
迷蒙,迷蒙,2,tencent_ai_lab_chinese_embedding_light_mirror_mvp,青春感官与毕业,0.59475838,0.61818129,0.55962402,晨光,False,659,659
纪念活动,纪念活动,4,tencent_ai_lab_chinese_embedding_light_mirror_mvp,约会物件与仪式,0.5946391,0.66903764,0.48304129,纪念日,False,660,660
小诗,小诗,2,tencent_ai_lab_chinese_embedding_light_mirror_mvp,纸面心意与暗号,0.594591,0.61095941,0.57003838,情书,False,661,661
佳节,佳节,2,tencent_ai_lab_chinese_embedding_light_mirror_mvp,约会物件与仪式,0.59457353,0.61143273,0.56928474,七夕,False,662,662
毛呢,毛呢,2,tencent_ai_lab_chinese_embedding_light_mirror_mvp,校园外貌与信物,0.59454029,0.62359011,0.55096555,纽扣,False,663,663
重阳节,重阳节,3,tencent_ai_lab_chinese_embedding_light_mirror_mvp,约会物件与仪式,0.59450732,0.6102379,0.57091147,七夕,False,664,664
学生公寓,学生公寓,4,tencent_ai_lab_chinese_embedding_light_mirror_mvp,校园空间与路线,0.59445567,0.60322404,0.58130312,图书馆,False,665,665
滨河路,滨河路,3,tencent_ai_lab_chinese_embedding_light_mirror_mvp,校园空间与路线,0.59430794,0.63534373,0.53275424,公交站,False,666,666
繁花,繁花,2,tencent_ai_lab_chinese_embedding_light_mirror_mvp,青春感官与毕业,0.59430561,0.6185472,0.55794322,晚霞,False,667,667
本科,本科,2,tencent_ai_lab_chinese_embedding_light_mirror_mvp,青春感官与毕业,0.59420127,0.75094533,0.35908517,毕业,False,668,668
练习本,练习本,3,tencent_ai_lab_chinese_embedding_light_mirror_mvp,纸面心意与暗号,0.59415705,0.61600661,0.56138271,日记本,False,669,669
街巷,街巷,2,tencent_ai_lab_chinese_embedding_light_mirror_mvp,校园空间与路线,0.59407225,0.64276087,0.52103931,林荫道,False,670,670
写满,写满,2,tencent_ai_lab_chinese_embedding_light_mirror_mvp,纸面心意与暗号,0.59404436,0.60009235,0.58497238,纸条,False,671,671
巷道,巷道,2,tencent_ai_lab_chinese_embedding_light_mirror_mvp,校园空间与路线,0.59400029,0.62221944,0.55167156,林荫道,False,672,672
书报亭,书报亭,3,tencent_ai_lab_chinese_embedding_light_mirror_mvp,校园空间与路线,0.59351095,0.63693994,0.52836746,小卖部,False,673,673
假山,假山,2,tencent_ai_lab_chinese_embedding_light_mirror_mvp,校园空间与路线,0.59350505,0.62535679,0.54572743,林荫道,False,674,674
饭馆,饭馆,2,tencent_ai_lab_chinese_embedding_light_mirror_mvp,校园空间与路线,0.59346476,0.64825583,0.51127815,小卖部,False,675,675
工作间,工作间,3,tencent_ai_lab_chinese_embedding_light_mirror_mvp,校园空间与路线,0.59339086,0.60826236,0.57108361,教室,False,676,676
座位,座位,2,tencent_ai_lab_chinese_embedding_light_mirror_mvp,校园空间与路线,0.59336778,0.61874777,0.55529779,教室,False,677,677
清风,清风,2,tencent_ai_lab_chinese_embedding_light_mirror_mvp,青春感官与毕业,0.59333684,0.61537457,0.56028026,晨光,False,678,678
影集,影集,2,tencent_ai_lab_chinese_embedding_light_mirror_mvp,纸面心意与暗号,0.59332292,0.60448098,0.57658583,日记本,False,679,679
入口处,入口处,3,tencent_ai_lab_chinese_embedding_light_mirror_mvp,校园空间与路线,0.5930896,0.63894451,0.52430725,走廊,False,680,680
布条,布条,2,tencent_ai_lab_chinese_embedding_light_mirror_mvp,校园外貌与信物,0.59286456,0.63062441,0.53622478,纽扣,False,681,681
写下,写下,2,tencent_ai_lab_chinese_embedding_light_mirror_mvp,纸面心意与暗号,0.59283811,0.60638744,0.57251412,日记本,False,682,682
学生上课,学生上课,4,tencent_ai_lab_chinese_embedding_light_mirror_mvp,校园空间与路线,0.59275217,0.62691176,0.54151279,教室,False,683,683
送你,送你,2,tencent_ai_lab_chinese_embedding_light_mirror_mvp,约会物件与仪式,0.59270549,0.63628626,0.52733433,礼物,False,684,684
箱子,箱子,2,tencent_ai_lab_chinese_embedding_light_mirror_mvp,纸面心意与暗号,0.59266002,0.61992526,0.55176216,信封,False,685,685
速溶咖啡,速溶咖啡,4,tencent_ai_lab_chinese_embedding_light_mirror_mvp,约会物件与仪式,0.59261249,0.68211567,0.45835772,奶茶,False,686,686
和平路,和平路,3,tencent_ai_lab_chinese_embedding_light_mirror_mvp,校园空间与路线,0.59257692,0.65755379,0.49511161,公交站,False,687,687
黑板报,黑板报,3,tencent_ai_lab_chinese_embedding_light_mirror_mvp,校园空间与路线,0.59252719,0.62824231,0.5389545,广播站,False,688,688
中文系,中文系,3,tencent_ai_lab_chinese_embedding_light_mirror_mvp,青春感官与毕业,0.59249432,0.70902294,0.41770139,毕业,False,689,689
鸟叫声,鸟叫声,3,tencent_ai_lab_chinese_embedding_light_mirror_mvp,青春感官与毕业,0.59243364,0.61573768,0.55747759,铃声,False,690,690
批改作业,批改作业,4,tencent_ai_lab_chinese_embedding_light_mirror_mvp,校园空间与路线,0.59241375,0.62180322,0.54832953,教室,False,691,691
老电影,老电影,3,tencent_ai_lab_chinese_embedding_light_mirror_mvp,约会物件与仪式,0.59234973,0.67806411,0.46377817,电影院,False,692,692
下班时间,下班时间,4,tencent_ai_lab_chinese_embedding_light_mirror_mvp,校园空间与路线,0.59223564,0.62965143,0.53611195,放学,False,693,693
布料,布料,2,tencent_ai_lab_chinese_embedding_light_mirror_mvp,校园外貌与信物,0.59212563,0.6351999,0.52751422,纽扣,False,694,694
条纹,条纹,2,tencent_ai_lab_chinese_embedding_light_mirror_mvp,校园外貌与信物,0.59212453,0.625664,0.54181534,纽扣,False,695,695
照在,照在,2,tencent_ai_lab_chinese_embedding_light_mirror_mvp,青春感官与毕业,0.59209895,0.64416492,0.514,晨光,False,696,696
红酒,红酒,2,tencent_ai_lab_chinese_embedding_light_mirror_mvp,约会物件与仪式,0.59200418,0.62308717,0.5453797,奶茶,False,697,697
烫金,烫金,2,tencent_ai_lab_chinese_embedding_light_mirror_mvp,纸面心意与暗号,0.59198194,0.6342355,0.52860159,信封,False,698,698
博物馆,博物馆,3,tencent_ai_lab_chinese_embedding_light_mirror_mvp,校园空间与路线,0.59184027,0.65007365,0.5044902,图书馆,False,699,699
十字路口,十字路口,4,tencent_ai_lab_chinese_embedding_light_mirror_mvp,校园空间与路线,0.59181495,0.63049376,0.53379673,公交站,False,700,700
裤链,裤链,2,tencent_ai_lab_chinese_embedding_light_mirror_mvp,校园外貌与信物,0.59171045,0.65388834,0.4984436,纽扣,False,701,701
回忆录,回忆录,3,tencent_ai_lab_chinese_embedding_light_mirror_mvp,纸面心意与暗号,0.59170516,0.6183989,0.55166453,日记本,False,702,702
欢聚,欢聚,2,tencent_ai_lab_chinese_embedding_light_mirror_mvp,青春感官与毕业,0.59168909,0.659298,0.49027571,离别,False,703,703
送上,送上,2,tencent_ai_lab_chinese_embedding_light_mirror_mvp,约会物件与仪式,0.59161699,0.64999604,0.50404841,礼物,False,704,704
薰衣草,薰衣草,3,tencent_ai_lab_chinese_embedding_light_mirror_mvp,约会物件与仪式,0.59159409,0.67302144,0.46945307,玫瑰,False,705,705
相片,相片,2,tencent_ai_lab_chinese_embedding_light_mirror_mvp,纸面心意与暗号,0.59131939,0.59666729,0.58329755,纸条,False,706,706
醉人,醉人,2,tencent_ai_lab_chinese_embedding_light_mirror_mvp,青春感官与毕业,0.59121641,0.62559742,0.5396449,晚霞,False,707,707
书屋,书屋,2,tencent_ai_lab_chinese_embedding_light_mirror_mvp,校园空间与路线,0.59105814,0.64069366,0.51660484,图书馆,False,708,708
留言本,留言本,3,tencent_ai_lab_chinese_embedding_light_mirror_mvp,纸面心意与暗号,0.59103,0.60459542,0.57068187,日记本,False,709,709
公文包,公文包,3,tencent_ai_lab_chinese_embedding_light_mirror_mvp,纸面心意与暗号,0.59096683,0.61609894,0.55326867,信封,False,710,710
云雾,云雾,2,tencent_ai_lab_chinese_embedding_light_mirror_mvp,青春感官与毕业,0.59093157,0.63611132,0.52316195,晚霞,False,711,711
图书,图书,2,tencent_ai_lab_chinese_embedding_light_mirror_mvp,校园空间与路线,0.59090521,0.65402073,0.49623194,图书馆,False,712,712
果汁,果汁,2,tencent_ai_lab_chinese_embedding_light_mirror_mvp,约会物件与仪式,0.59087143,0.64869368,0.50413805,奶茶,False,713,713
艳红,艳红,2,tencent_ai_lab_chinese_embedding_light_mirror_mvp,青春感官与毕业,0.59079378,0.64715743,0.5062483,晚霞,False,714,714
站口,站口,2,tencent_ai_lab_chinese_embedding_light_mirror_mvp,校园空间与路线,0.59073054,0.65025955,0.50143701,公交站,False,715,715
包带,包带,2,tencent_ai_lab_chinese_embedding_light_mirror_mvp,校园外貌与信物,0.59071722,0.63181913,0.52906436,纽扣,False,716,716
亭子,亭子,2,tencent_ai_lab_chinese_embedding_light_mirror_mvp,校园空间与路线,0.59064031,0.60970783,0.56203902,林荫道,False,717,717
纤长,纤长,2,tencent_ai_lab_chinese_embedding_light_mirror_mvp,校园外貌与信物,0.59049234,0.62430489,0.53977352,发梢,False,718,718
树梢,树梢,2,tencent_ai_lab_chinese_embedding_light_mirror_mvp,青春感官与毕业,0.59048026,0.62758338,0.53482556,晚霞,False,719,719
寄到,寄到,2,tencent_ai_lab_chinese_embedding_light_mirror_mvp,纸面心意与暗号,0.59029549,0.60817975,0.56346911,明信片,False,720,720
休息室,休息室,3,tencent_ai_lab_chinese_embedding_light_mirror_mvp,校园空间与路线,0.59027778,0.60111219,0.57402617,走廊,False,721,721
袋里,袋里,2,tencent_ai_lab_chinese_embedding_light_mirror_mvp,纸面心意与暗号,0.59026415,0.61671901,0.55058187,信封,False,722,722
蛋挞,蛋挞,2,tencent_ai_lab_chinese_embedding_light_mirror_mvp,约会物件与仪式,0.59013362,0.66397285,0.47937477,奶茶,False,723,723
公园路,公园路,3,tencent_ai_lab_chinese_embedding_light_mirror_mvp,校园空间与路线,0.59012376,0.62707776,0.53469276,公交站,False,724,724
一楼,一楼,2,tencent_ai_lab_chinese_embedding_light_mirror_mvp,校园空间与路线,0.58999785,0.6019637,0.57204908,走廊,False,725,725
翻到,翻到,2,tencent_ai_lab_chinese_embedding_light_mirror_mvp,纸面心意与暗号,0.58995185,0.61830413,0.54742342,日记本,False,726,726
红唇,红唇,2,tencent_ai_lab_chinese_embedding_light_mirror_mvp,校园外貌与信物,0.58984671,0.60527849,0.56669903,酒窝,False,727,727
手抄,手抄,2,tencent_ai_lab_chinese_embedding_light_mirror_mvp,纸面心意与暗号,0.58979114,0.6030212,0.56994605,日记本,False,728,728
菠萝油,菠萝油,3,tencent_ai_lab_chinese_embedding_light_mirror_mvp,约会物件与仪式,0.58976495,0.66478074,0.47724128,奶茶,False,729,729
山间,山间,2,tencent_ai_lab_chinese_embedding_light_mirror_mvp,青春感官与毕业,0.5897572,0.62608671,0.53526294,晚霞,False,730,730
耳垂,耳垂,2,tencent_ai_lab_chinese_embedding_light_mirror_mvp,校园外貌与信物,0.58972043,0.61184484,0.55653381,发梢,False,731,731
考场,考场,2,tencent_ai_lab_chinese_embedding_light_mirror_mvp,校园空间与路线,0.58962393,0.62604082,0.5349986,教室,False,732,732
成荫,成荫,2,tencent_ai_lab_chinese_embedding_light_mirror_mvp,校园空间与路线,0.58945248,0.66323262,0.47878227,林荫道,False,733,733
电话铃,电话铃,3,tencent_ai_lab_chinese_embedding_light_mirror_mvp,青春感官与毕业,0.58942572,0.67897505,0.45510173,铃声,False,734,734
上车,上车,2,tencent_ai_lab_chinese_embedding_light_mirror_mvp,校园日常互动,0.58942337,0.67653698,0.45875296,等车,False,735,735
送个,送个,2,tencent_ai_lab_chinese_embedding_light_mirror_mvp,约会物件与仪式,0.5894141,0.63120413,0.52672905,礼物,False,736,736
鲜奶,鲜奶,2,tencent_ai_lab_chinese_embedding_light_mirror_mvp,约会物件与仪式,0.58938327,0.66188842,0.48062554,奶茶,False,737,737
篮球赛,篮球赛,3,tencent_ai_lab_chinese_embedding_light_mirror_mvp,校园空间与路线,0.58932724,0.60064375,0.57235247,体育馆,False,738,738
画室,画室,2,tencent_ai_lab_chinese_embedding_light_mirror_mvp,校园空间与路线,0.58929943,0.61764807,0.54677647,教室,False,739,739
朝阳路,朝阳路,3,tencent_ai_lab_chinese_embedding_light_mirror_mvp,校园空间与路线,0.58927448,0.66212785,0.47999442,公交站,False,740,740
返校,返校,2,tencent_ai_lab_chinese_embedding_light_mirror_mvp,校园空间与路线,0.58921261,0.62978089,0.52836019,放学,False,741,741
塞到,塞到,2,tencent_ai_lab_chinese_embedding_light_mirror_mvp,纸面心意与暗号,0.58912807,0.61335647,0.55278546,信封,False,742,742
信使,信使,2,tencent_ai_lab_chinese_embedding_light_mirror_mvp,纸面心意与暗号,0.58909878,0.64652365,0.50296146,书信,False,743,743
茉莉花茶,茉莉花茶,4,tencent_ai_lab_chinese_embedding_light_mirror_mvp,约会物件与仪式,0.58906047,0.64860636,0.49974164,奶茶,False,744,744
教舍,教舍,2,tencent_ai_lab_chinese_embedding_light_mirror_mvp,校园空间与路线,0.58905938,0.61714005,0.54693836,教室,False,745,745
递过来,递过来,3,tencent_ai_lab_chinese_embedding_light_mirror_mvp,纸面心意与暗号,0.58889399,0.6219027,0.53938091,信封,False,746,746
四楼,四楼,2,tencent_ai_lab_chinese_embedding_light_mirror_mvp,校园空间与路线,0.58880765,0.59405684,0.58093387,走廊,False,747,747
圆领,圆领,2,tencent_ai_lab_chinese_embedding_light_mirror_mvp,校园外貌与信物,0.58871942,0.60368371,0.56627297,纽扣,False,748,748
新华路,新华路,3,tencent_ai_lab_chinese_embedding_light_mirror_mvp,校园空间与路线,0.58869432,0.65394545,0.49081764,公交站,False,749,749
解放路,解放路,3,tencent_ai_lab_chinese_embedding_light_mirror_mvp,校园空间与路线,0.58867433,0.6422143,0.50836438,公交站,False,750,750
甜品店,甜品店,3,tencent_ai_lab_chinese_embedding_light_mirror_mvp,约会物件与仪式,0.58867205,0.6228016,0.53747773,奶茶,False,751,751
摸出,摸出,2,tencent_ai_lab_chinese_embedding_light_mirror_mvp,纸面心意与暗号,0.58858011,0.61452937,0.54965621,信封,False,752,752
花边,花边,2,tencent_ai_lab_chinese_embedding_light_mirror_mvp,校园外貌与信物,0.58847966,0.6320405,0.5231384,纽扣,False,753,753
教师节,教师节,3,tencent_ai_lab_chinese_embedding_light_mirror_mvp,约会物件与仪式,0.58843215,0.59213698,0.58287489,情人节,False,754,754
教务处,教务处,3,tencent_ai_lab_chinese_embedding_light_mirror_mvp,校园空间与路线,0.58822687,0.61554909,0.54724354,教室,False,755,755
伴着,伴着,2,tencent_ai_lab_chinese_embedding_light_mirror_mvp,青春感官与毕业,0.58809626,0.60825694,0.55785525,晨光,False,756,756
摇曳,摇曳,2,tencent_ai_lab_chinese_embedding_light_mirror_mvp,青春感官与毕业,0.58807819,0.61817598,0.5429315,晚霞,False,757,757
上映,上映,2,tencent_ai_lab_chinese_embedding_light_mirror_mvp,约会物件与仪式,0.58799136,0.6443994,0.50337929,电影院,False,758,758
买饭,买饭,2,tencent_ai_lab_chinese_embedding_light_mirror_mvp,校园空间与路线,0.587966,0.61249083,0.55117875,小卖部,False,759,759
团总支,团总支,3,tencent_ai_lab_chinese_embedding_light_mirror_mvp,校园空间与路线,0.58785856,0.65031397,0.49417543,广播站,False,760,760
窗外,窗外,2,tencent_ai_lab_chinese_embedding_light_mirror_mvp,青春感官与毕业,0.58772779,0.60830724,0.5568586,晨光,False,761,761
天色,天色,2,tencent_ai_lab_chinese_embedding_light_mirror_mvp,青春感官与毕业,0.58768252,0.62729925,0.52825743,晚霞,False,762,762
院团委,院团委,3,tencent_ai_lab_chinese_embedding_light_mirror_mvp,校园空间与路线,0.58767455,0.65280664,0.48997641,广播站,False,763,763
芳香,芳香,2,tencent_ai_lab_chinese_embedding_light_mirror_mvp,约会物件与仪式,0.58740731,0.66866136,0.46552625,玫瑰,False,764,764
客厅,客厅,2,tencent_ai_lab_chinese_embedding_light_mirror_mvp,校园空间与路线,0.58740509,0.62198758,0.53553134,走廊,False,765,765
人行天桥,人行天桥,4,tencent_ai_lab_chinese_embedding_light_mirror_mvp,校园空间与路线,0.58717302,0.61937135,0.53887552,公交站,False,766,766
耳廓,耳廓,2,tencent_ai_lab_chinese_embedding_light_mirror_mvp,校园外貌与信物,0.58714854,0.63228875,0.51943821,发梢,False,767,767
颧骨,颧骨,2,tencent_ai_lab_chinese_embedding_light_mirror_mvp,校园外貌与信物,0.58714528,0.60101497,0.56634074,酒窝,False,768,768
悠扬,悠扬,2,tencent_ai_lab_chinese_embedding_light_mirror_mvp,青春感官与毕业,0.5871326,0.59923196,0.56898355,铃声,False,769,769
除夕夜,除夕夜,3,tencent_ai_lab_chinese_embedding_light_mirror_mvp,约会物件与仪式,0.58711431,0.60118484,0.56600851,情人节,False,770,770
门后,门后,2,tencent_ai_lab_chinese_embedding_light_mirror_mvp,校园空间与路线,0.58687122,0.622558,0.53334105,走廊,False,771,771
灯展,灯展,2,tencent_ai_lab_chinese_embedding_light_mirror_mvp,约会物件与仪式,0.58686395,0.63832545,0.50967169,游乐园,False,772,772
营区,营区,2,tencent_ai_lab_chinese_embedding_light_mirror_mvp,校园空间与路线,0.58686234,0.62359458,0.53176397,操场,False,773,773
抽带,抽带,2,tencent_ai_lab_chinese_embedding_light_mirror_mvp,校园外貌与信物,0.58685632,0.62887442,0.52382916,纽扣,False,774,774
信送,信送,2,tencent_ai_lab_chinese_embedding_light_mirror_mvp,纸面心意与暗号,0.58682194,0.60347784,0.56183809,书信,False,775,775
发车,发车,2,tencent_ai_lab_chinese_embedding_light_mirror_mvp,校园空间与路线,0.58675036,0.63870049,0.50882518,公交站,False,776,776
校内,校内,2,tencent_ai_lab_chinese_embedding_light_mirror_mvp,校园空间与路线,0.58671879,0.59580725,0.57308608,操场,False,777,777
美景,美景,2,tencent_ai_lab_chinese_embedding_light_mirror_mvp,青春感官与毕业,0.58667719,0.64107633,0.50507849,晚霞,False,778,778
礼品袋,礼品袋,3,tencent_ai_lab_chinese_embedding_light_mirror_mvp,纸面心意与暗号,0.58666546,0.61252666,0.54787368,信封,False,779,779
空盒子,空盒子,3,tencent_ai_lab_chinese_embedding_light_mirror_mvp,纸面心意与暗号,0.58650578,0.60981005,0.55154938,信封,False,780,780
草纸,草纸,2,tencent_ai_lab_chinese_embedding_light_mirror_mvp,纸面心意与暗号,0.58641725,0.59311366,0.57637262,纸条,False,781,781
学期末,学期末,3,tencent_ai_lab_chinese_embedding_light_mirror_mvp,校园空间与路线,0.58612518,0.60383189,0.55956513,教室,False,782,782
掏出,掏出,2,tencent_ai_lab_chinese_embedding_light_mirror_mvp,纸面心意与暗号,0.58612264,0.60830635,0.55284709,信封,False,783,783
青年节,青年节,3,tencent_ai_lab_chinese_embedding_light_mirror_mvp,约会物件与仪式,0.58607929,0.5944314,0.57355112,七夕,False,784,784
皓月,皓月,2,tencent_ai_lab_chinese_embedding_light_mirror_mvp,青春感官与毕业,0.58606826,0.62130505,0.53321308,晚霞,False,785,785
撕下来,撕下来,3,tencent_ai_lab_chinese_embedding_light_mirror_mvp,纸面心意与暗号,0.58604935,0.59934086,0.5661121,纸条,False,786,786
新学期,新学期,3,tencent_ai_lab_chinese_embedding_light_mirror_mvp,校园空间与路线,0.5860003,0.61187088,0.54719442,教室,False,787,787
村小,村小,2,tencent_ai_lab_chinese_embedding_light_mirror_mvp,校园空间与路线,0.58597428,0.60433763,0.55842924,教室,False,788,788
结业,结业,2,tencent_ai_lab_chinese_embedding_light_mirror_mvp,青春感官与毕业,0.58593689,0.690485,0.42911473,毕业,False,789,789
春意,春意,2,tencent_ai_lab_chinese_embedding_light_mirror_mvp,青春感官与毕业,0.58588398,0.60482013,0.55747974,晚霞,False,790,790
零食,零食,2,tencent_ai_lab_chinese_embedding_light_mirror_mvp,校园空间与路线,0.58588398,0.63808453,0.50758314,小卖部,False,791,791
硕士学位,硕士学位,4,tencent_ai_lab_chinese_embedding_light_mirror_mvp,青春感官与毕业,0.58585441,0.74206811,0.35153386,毕业,False,792,792
微风,微风,2,tencent_ai_lab_chinese_embedding_light_mirror_mvp,青春感官与毕业,0.58583078,0.6134218,0.54444426,晨光,False,793,793
女人味,女人味,3,tencent_ai_lab_chinese_embedding_light_mirror_mvp,校园外貌与信物,0.58574561,0.59068185,0.57834125,马尾,False,794,794
眯眯眼,眯眯眼,3,tencent_ai_lab_chinese_embedding_light_mirror_mvp,校园外貌与信物,0.58566647,0.62854719,0.52134538,酒窝,False,795,795
一本书,一本书,3,tencent_ai_lab_chinese_embedding_light_mirror_mvp,纸面心意与暗号,0.58565507,0.59980893,0.56442428,日记本,False,796,796
额角,额角,2,tencent_ai_lab_chinese_embedding_light_mirror_mvp,校园外貌与信物,0.58553441,0.63456726,0.51198512,发梢,False,797,797
包装纸,包装纸,3,tencent_ai_lab_chinese_embedding_light_mirror_mvp,纸面心意与暗号,0.58552819,0.6002056,0.56351209,信封,False,798,798
肄业,肄业,2,tencent_ai_lab_chinese_embedding_light_mirror_mvp,青春感官与毕业,0.58547024,0.71798062,0.38670465,毕业,False,799,799
欢度,欢度,2,tencent_ai_lab_chinese_embedding_light_mirror_mvp,约会物件与仪式,0.58543093,0.59588075,0.56975621,情人节,False,800,800
伞下,伞下,2,tencent_ai_lab_chinese_embedding_light_mirror_mvp,青春感官与毕业,0.58542445,0.63404906,0.51248753,雨伞,False,801,801
纸贴,纸贴,2,tencent_ai_lab_chinese_embedding_light_mirror_mvp,纸面心意与暗号,0.58528416,0.61743248,0.53706169,纸条,False,802,802
买杯,买杯,2,tencent_ai_lab_chinese_embedding_light_mirror_mvp,约会物件与仪式,0.5852814,0.65123063,0.48635754,奶茶,False,803,803
似火,似火,2,tencent_ai_lab_chinese_embedding_light_mirror_mvp,青春感官与毕业,0.58499676,0.64469886,0.49544361,晚霞,False,804,804
春花,春花,2,tencent_ai_lab_chinese_embedding_light_mirror_mvp,青春感官与毕业,0.58499144,0.61756402,0.53613257,晚霞,False,805,805
肚兜,肚兜,2,tencent_ai_lab_chinese_embedding_light_mirror_mvp,校园外貌与信物,0.58492787,0.62552297,0.52403522,纽扣,False,806,806
包装袋,包装袋,3,tencent_ai_lab_chinese_embedding_light_mirror_mvp,纸面心意与暗号,0.58490655,0.60309148,0.55762917,信封,False,807,807
毛球,毛球,2,tencent_ai_lab_chinese_embedding_light_mirror_mvp,校园外貌与信物,0.58481803,0.61399961,0.54104567,纽扣,False,808,808
双眼皮,双眼皮,3,tencent_ai_lab_chinese_embedding_light_mirror_mvp,校园外貌与信物,0.58455722,0.62313557,0.52668971,酒窝,False,809,809
涛声,涛声,2,tencent_ai_lab_chinese_embedding_light_mirror_mvp,青春感官与毕业,0.58434639,0.61874628,0.53274655,晚霞,False,810,810
花语,花语,2,tencent_ai_lab_chinese_embedding_light_mirror_mvp,约会物件与仪式,0.58433753,0.66648483,0.46111658,玫瑰,False,811,811
写字台,写字台,3,tencent_ai_lab_chinese_embedding_light_mirror_mvp,纸面心意与暗号,0.58429499,0.6031431,0.55602282,日记本,False,812,812
纸质,纸质,2,tencent_ai_lab_chinese_embedding_light_mirror_mvp,纸面心意与暗号,0.58427668,0.62285388,0.52641088,书签,False,813,813
山岗,山岗,2,tencent_ai_lab_chinese_embedding_light_mirror_mvp,青春感官与毕业,0.58419778,0.62833714,0.51798874,晚霞,False,814,814
杯装,杯装,2,tencent_ai_lab_chinese_embedding_light_mirror_mvp,约会物件与仪式,0.58388035,0.67589921,0.44585207,奶茶,False,815,815
美照,美照,2,tencent_ai_lab_chinese_embedding_light_mirror_mvp,校园日常互动,0.58383749,0.71409285,0.38845444,合照,False,816,816
递上,递上,2,tencent_ai_lab_chinese_embedding_light_mirror_mvp,纸面心意与暗号,0.58369964,0.60550708,0.5509885,信封,False,817,817
酸奶,酸奶,2,tencent_ai_lab_chinese_embedding_light_mirror_mvp,约会物件与仪式,0.58364493,0.65316069,0.47937128,奶茶,False,818,818
电文,电文,2,tencent_ai_lab_chinese_embedding_light_mirror_mvp,纸面心意与暗号,0.58321452,0.60600054,0.54903549,书信,False,819,819
印成,印成,2,tencent_ai_lab_chinese_embedding_light_mirror_mvp,纸面心意与暗号,0.58316449,0.60160238,0.55550766,明信片,False,820,820
盒盖,盒盖,2,tencent_ai_lab_chinese_embedding_light_mirror_mvp,纸面心意与暗号,0.58302009,0.62376094,0.52190882,信封,False,821,821
半湿,半湿,2,tencent_ai_lab_chinese_embedding_light_mirror_mvp,校园外貌与信物,0.58271321,0.64329255,0.49184421,发梢,False,822,822
下身,下身,2,tencent_ai_lab_chinese_embedding_light_mirror_mvp,校园外貌与信物,0.58269119,0.60764205,0.5452649,纽扣,False,823,823
除夕,除夕,2,tencent_ai_lab_chinese_embedding_light_mirror_mvp,约会物件与仪式,0.58260081,0.60540318,0.54839724,情人节,False,824,824
缝上,缝上,2,tencent_ai_lab_chinese_embedding_light_mirror_mvp,校园外貌与信物,0.58250079,0.6492154,0.48242888,纽扣,False,825,825
寄往,寄往,2,tencent_ai_lab_chinese_embedding_light_mirror_mvp,纸面心意与暗号,0.5824245,0.58915389,0.57233042,明信片,False,826,826
围兜,围兜,2,tencent_ai_lab_chinese_embedding_light_mirror_mvp,校园外貌与信物,0.58242369,0.62967908,0.51154059,纽扣,False,827,827
糖果,糖果,2,tencent_ai_lab_chinese_embedding_light_mirror_mvp,约会物件与仪式,0.58233286,0.61454445,0.53401548,礼物,False,828,828
剪过,剪过,2,tencent_ai_lab_chinese_embedding_light_mirror_mvp,校园外貌与信物,0.58189479,0.6103633,0.53919202,刘海,False,829,829
大地,大地,2,tencent_ai_lab_chinese_embedding_light_mirror_mvp,青春感官与毕业,0.58186543,0.608989,0.54118007,晨光,False,830,830
铁观音,铁观音,3,tencent_ai_lab_chinese_embedding_light_mirror_mvp,约会物件与仪式,0.58181913,0.66809386,0.45240703,奶茶,False,831,831
圣旨,圣旨,2,tencent_ai_lab_chinese_embedding_light_mirror_mvp,纸面心意与暗号,0.58181548,0.61982644,0.52479905,书信,False,832,832
锦囊,锦囊,2,tencent_ai_lab_chinese_embedding_light_mirror_mvp,纸面心意与暗号,0.58177094,0.59538865,0.56134439,信封,False,833,833
翻看,翻看,2,tencent_ai_lab_chinese_embedding_light_mirror_mvp,纸面心意与暗号,0.58176808,0.61081111,0.53820354,日记本,False,834,834
吊饰,吊饰,2,tencent_ai_lab_chinese_embedding_light_mirror_mvp,校园外貌与信物,0.58171163,0.61830521,0.52682126,纽扣,False,835,835
远眺,远眺,2,tencent_ai_lab_chinese_embedding_light_mirror_mvp,青春感官与毕业,0.58135436,0.63323903,0.50352734,晚霞,False,836,836
极目远眺,极目远眺,4,tencent_ai_lab_chinese_embedding_light_mirror_mvp,青春感官与毕业,0.58134313,0.63622874,0.49901471,晚霞,False,837,837
美不胜收,美不胜收,4,tencent_ai_lab_chinese_embedding_light_mirror_mvp,青春感官与毕业,0.58127755,0.64345676,0.48800874,晚霞,False,838,838
初绽,初绽,2,tencent_ai_lab_chinese_embedding_light_mirror_mvp,青春感官与毕业,0.58083763,0.60258853,0.54821128,晨光,False,839,839
熏衣草,熏衣草,3,tencent_ai_lab_chinese_embedding_light_mirror_mvp,约会物件与仪式,0.5808236,0.66111565,0.46038553,玫瑰,False,840,840
悲凉,悲凉,2,tencent_ai_lab_chinese_embedding_light_mirror_mvp,青春感官与毕业,0.58075005,0.64239424,0.48828375,离别,False,841,841
兜里,兜里,2,tencent_ai_lab_chinese_embedding_light_mirror_mvp,纸面心意与暗号,0.58074377,0.60164034,0.5493989,信封,False,842,842
半干,半干,2,tencent_ai_lab_chinese_embedding_light_mirror_mvp,校园外貌与信物,0.58063577,0.64605331,0.48250946,发梢,False,843,843
硕士,硕士,2,tencent_ai_lab_chinese_embedding_light_mirror_mvp,青春感官与毕业,0.58061327,0.73149276,0.35429403,毕业,False,844,844
蒙蒙细雨,蒙蒙细雨,4,tencent_ai_lab_chinese_embedding_light_mirror_mvp,青春感官与毕业,0.58052936,0.60729396,0.54038244,晚霞,False,845,845
朝晖,朝晖,2,tencent_ai_lab_chinese_embedding_light_mirror_mvp,青春感官与毕业,0.58042693,0.61815417,0.52383608,晨光,False,846,846
满园,满园,2,tencent_ai_lab_chinese_embedding_light_mirror_mvp,青春感官与毕业,0.58039378,0.61259776,0.5320878,晚霞,False,847,847
苍茫大地,苍茫大地,4,tencent_ai_lab_chinese_embedding_light_mirror_mvp,青春感官与毕业,0.5803823,0.60841548,0.53833252,晚霞,False,848,848
亮片,亮片,2,tencent_ai_lab_chinese_embedding_light_mirror_mvp,校园外貌与信物,0.58036561,0.61898053,0.52244323,纽扣,False,849,849
这杯,这杯,2,tencent_ai_lab_chinese_embedding_light_mirror_mvp,约会物件与仪式,0.58033777,0.64797682,0.47887921,奶茶,False,850,850
口令,口令,2,tencent_ai_lab_chinese_embedding_light_mirror_mvp,纸面心意与暗号,0.5802973,0.66187179,0.45793557,暗号,False,851,851
轻舞,轻舞,2,tencent_ai_lab_chinese_embedding_light_mirror_mvp,青春感官与毕业,0.58020908,0.60321695,0.54569727,晚霞,False,852,852
剪裁,剪裁,2,tencent_ai_lab_chinese_embedding_light_mirror_mvp,校园外貌与信物,0.58017461,0.6141994,0.52913743,纽扣,False,853,853
悦耳,悦耳,2,tencent_ai_lab_chinese_embedding_light_mirror_mvp,青春感官与毕业,0.58015778,0.6247592,0.51325566,铃声,False,854,854
油纸伞,油纸伞,3,tencent_ai_lab_chinese_embedding_light_mirror_mvp,青春感官与毕业,0.58010861,0.63890904,0.49190795,雨伞,False,855,855
沾湿,沾湿,2,tencent_ai_lab_chinese_embedding_light_mirror_mvp,校园外貌与信物,0.5799044,0.65245712,0.47107533,发梢,False,856,856
菊花,菊花,2,tencent_ai_lab_chinese_embedding_light_mirror_mvp,约会物件与仪式,0.57983388,0.64762193,0.4781518,玫瑰,False,857,857
瑰丽,瑰丽,2,tencent_ai_lab_chinese_embedding_light_mirror_mvp,青春感官与毕业,0.57982392,0.63467056,0.49755397,晚霞,False,858,858
倒影,倒影,2,tencent_ai_lab_chinese_embedding_light_mirror_mvp,青春感官与毕业,0.57975829,0.62200737,0.51638466,晚霞,False,859,859
合影留念,合影留念,4,tencent_ai_lab_chinese_embedding_light_mirror_mvp,校园日常互动,0.5797137,0.65850025,0.46153387,合照,False,860,860
药瓶,药瓶,2,tencent_ai_lab_chinese_embedding_light_mirror_mvp,纸面心意与暗号,0.5796478,0.6106782,0.53310221,信封,False,861,861
赠品,赠品,2,tencent_ai_lab_chinese_embedding_light_mirror_mvp,约会物件与仪式,0.57959566,0.64179271,0.48630008,礼物,False,862,862
秀气,秀气,2,tencent_ai_lab_chinese_embedding_light_mirror_mvp,校园外貌与信物,0.57956486,0.5978533,0.55213219,酒窝,False,863,863
裤带,裤带,2,tencent_ai_lab_chinese_embedding_light_mirror_mvp,校园外貌与信物,0.57954628,0.63869894,0.49081731,纽扣,False,864,864
誊写,誊写,2,tencent_ai_lab_chinese_embedding_light_mirror_mvp,纸面心意与暗号,0.5794776,0.59017324,0.56343412,书信,False,865,865
手迹,手迹,2,tencent_ai_lab_chinese_embedding_light_mirror_mvp,纸面心意与暗号,0.57941533,0.60789376,0.53669769,书信,False,866,866
吹直,吹直,2,tencent_ai_lab_chinese_embedding_light_mirror_mvp,校园外貌与信物,0.5793376,0.58841598,0.56572002,发梢,False,867,867
湖光山色,湖光山色,4,tencent_ai_lab_chinese_embedding_light_mirror_mvp,青春感官与毕业,0.57911241,0.64100111,0.48627937,晚霞,False,868,868
哀愁,哀愁,2,tencent_ai_lab_chinese_embedding_light_mirror_mvp,青春感官与毕业,0.57906432,0.63097906,0.50119221,离别,False,869,869
俊俏,俊俏,2,tencent_ai_lab_chinese_embedding_light_mirror_mvp,校园外貌与信物,0.57906349,0.5961237,0.55347317,酒窝,False,870,870
翻开,翻开,2,tencent_ai_lab_chinese_embedding_light_mirror_mvp,纸面心意与暗号,0.57904847,0.60452807,0.54082906,日记本,False,871,871
跨年,跨年,2,tencent_ai_lab_chinese_embedding_light_mirror_mvp,约会物件与仪式,0.57896992,0.60426182,0.54103208,情人节,False,872,872
奶昔,奶昔,2,tencent_ai_lab_chinese_embedding_light_mirror_mvp,约会物件与仪式,0.5788867,0.64168447,0.48469004,奶茶,False,873,873
衣襟,衣襟,2,tencent_ai_lab_chinese_embedding_light_mirror_mvp,校园外貌与信物,0.57885978,0.60142791,0.54500759,发梢,False,874,874
瘦瘦的,瘦瘦的,3,tencent_ai_lab_chinese_embedding_light_mirror_mvp,校园外貌与信物,0.57839333,0.60529,0.53804833,酒窝,False,875,875
文胸,文胸,2,tencent_ai_lab_chinese_embedding_light_mirror_mvp,校园外貌与信物,0.57838706,0.61836833,0.51841515,纽扣,False,876,876
包里,包里,2,tencent_ai_lab_chinese_embedding_light_mirror_mvp,纸面心意与暗号,0.57835882,0.58653879,0.56608886,日记本,False,877,877
星光,星光,2,tencent_ai_lab_chinese_embedding_light_mirror_mvp,青春感官与毕业,0.57832506,0.62163854,0.51335484,晨光,False,878,878
抄录,抄录,2,tencent_ai_lab_chinese_embedding_light_mirror_mvp,纸面心意与暗号,0.57831527,0.60342246,0.54065448,书信,False,879,879
款式,款式,2,tencent_ai_lab_chinese_embedding_light_mirror_mvp,校园外貌与信物,0.57826537,0.60025114,0.54528672,纽扣,False,880,880
穿脱,穿脱,2,tencent_ai_lab_chinese_embedding_light_mirror_mvp,校园外貌与信物,0.57813189,0.61718094,0.51955831,纽扣,False,881,881
如烟,如烟,2,tencent_ai_lab_chinese_embedding_light_mirror_mvp,青春感官与毕业,0.57808359,0.59561658,0.5517841,晚霞,False,882,882
霜叶,霜叶,2,tencent_ai_lab_chinese_embedding_light_mirror_mvp,青春感官与毕业,0.57806756,0.61906004,0.51657885,晚霞,False,883,883
罂粟花,罂粟花,3,tencent_ai_lab_chinese_embedding_light_mirror_mvp,约会物件与仪式,0.57799239,0.66987276,0.44017184,玫瑰,False,884,884
干花,干花,2,tencent_ai_lab_chinese_embedding_light_mirror_mvp,约会物件与仪式,0.57784352,0.6287632,0.50146401,玫瑰,False,885,885
饰物,饰物,2,tencent_ai_lab_chinese_embedding_light_mirror_mvp,校园外貌与信物,0.57784014,0.6140157,0.5235768,纽扣,False,886,886
橙汁,橙汁,2,tencent_ai_lab_chinese_embedding_light_mirror_mvp,约会物件与仪式,0.57781018,0.63847506,0.48681286,奶茶,False,887,887
壮美,壮美,2,tencent_ai_lab_chinese_embedding_light_mirror_mvp,青春感官与毕业,0.57778186,0.63397753,0.49348834,晚霞,False,888,888
乱发,乱发,2,tencent_ai_lab_chinese_embedding_light_mirror_mvp,校园外貌与信物,0.57778053,0.59319949,0.55465209,发梢,False,889,889
铅笔,铅笔,2,tencent_ai_lab_chinese_embedding_light_mirror_mvp,纸面心意与暗号,0.577727,0.59345776,0.55413085,书签,False,890,890
上下车,上下车,3,tencent_ai_lab_chinese_embedding_light_mirror_mvp,校园日常互动,0.57757859,0.6799162,0.42407218,等车,False,891,891
掩映,掩映,2,tencent_ai_lab_chinese_embedding_light_mirror_mvp,青春感官与毕业,0.57751393,0.62061489,0.5128625,晚霞,False,892,892
远行,远行,2,tencent_ai_lab_chinese_embedding_light_mirror_mvp,青春感官与毕业,0.57742119,0.64191294,0.48068357,离别,False,893,893
青山,青山,2,tencent_ai_lab_chinese_embedding_light_mirror_mvp,青春感官与毕业,0.57736015,0.60960114,0.52899867,晚霞,False,894,894
无言,无言,2,tencent_ai_lab_chinese_embedding_light_mirror_mvp,青春感官与毕业,0.5772826,0.62097383,0.51174575,离别,False,895,895
眺望,眺望,2,tencent_ai_lab_chinese_embedding_light_mirror_mvp,青春感官与毕业,0.5771467,0.61650681,0.51810652,晚霞,False,896,896
炸鸡,炸鸡,2,tencent_ai_lab_chinese_embedding_light_mirror_mvp,约会物件与仪式,0.57710696,0.62013751,0.51256114,奶茶,False,897,897
奶油,奶油,2,tencent_ai_lab_chinese_embedding_light_mirror_mvp,约会物件与仪式,0.57710214,0.61521995,0.51992542,奶茶,False,898,898
只笔,只笔,2,tencent_ai_lab_chinese_embedding_light_mirror_mvp,纸面心意与暗号,0.57706487,0.58169174,0.57012457,日记本,False,899,899
棉质,棉质,2,tencent_ai_lab_chinese_embedding_light_mirror_mvp,校园外貌与信物,0.57704196,0.60854042,0.52979428,纽扣,False,900,900
妆容,妆容,2,tencent_ai_lab_chinese_embedding_light_mirror_mvp,校园外貌与信物,0.57690313,0.59414411,0.55104166,刘海,False,901,901
壮丽,壮丽,2,tencent_ai_lab_chinese_embedding_light_mirror_mvp,青春感官与毕业,0.57684468,0.63570535,0.48855367,晚霞,False,902,902
淡妆,淡妆,2,tencent_ai_lab_chinese_embedding_light_mirror_mvp,校园外貌与信物,0.57679428,0.59276718,0.55283493,马尾,False,903,903
小本,小本,2,tencent_ai_lab_chinese_embedding_light_mirror_mvp,纸面心意与暗号,0.57673175,0.60279346,0.5376392,日记本,False,904,904
枝头,枝头,2,tencent_ai_lab_chinese_embedding_light_mirror_mvp,青春感官与毕业,0.57653663,0.60879374,0.52815098,晚霞,False,905,905
分外妖娆,分外妖娆,4,tencent_ai_lab_chinese_embedding_light_mirror_mvp,青春感官与毕业,0.57650795,0.62994224,0.49635652,晚霞,False,906,906
公映,公映,2,tencent_ai_lab_chinese_embedding_light_mirror_mvp,约会物件与仪式,0.57643425,0.63859051,0.48319986,电影院,False,907,907
散下,散下,2,tencent_ai_lab_chinese_embedding_light_mirror_mvp,校园外貌与信物,0.57633424,0.59200537,0.55282754,马尾,False,908,908
初秋,初秋,2,tencent_ai_lab_chinese_embedding_light_mirror_mvp,青春感官与毕业,0.57627678,0.5919503,0.5527665,晚霞,False,909,909
帐本,帐本,2,tencent_ai_lab_chinese_embedding_light_mirror_mvp,纸面心意与暗号,0.57624997,0.60216588,0.53737611,日记本,False,910,910
笑容,笑容,2,tencent_ai_lab_chinese_embedding_light_mirror_mvp,校园外貌与信物,0.57624432,0.63077366,0.4944503,酒窝,False,911,911
寄掉,寄掉,2,tencent_ai_lab_chinese_embedding_light_mirror_mvp,纸面心意与暗号,0.57623485,0.60311133,0.53592014,明信片,False,912,912
大眼睛,大眼睛,3,tencent_ai_lab_chinese_embedding_light_mirror_mvp,校园外貌与信物,0.57616102,0.61084241,0.52413893,酒窝,False,913,913
迷迭香,迷迭香,3,tencent_ai_lab_chinese_embedding_light_mirror_mvp,约会物件与仪式,0.57610005,0.65945423,0.45106879,玫瑰,False,914,914
碧海,碧海,2,tencent_ai_lab_chinese_embedding_light_mirror_mvp,青春感官与毕业,0.57574961,0.62691009,0.49900889,晚霞,False,915,915
胜景,胜景,2,tencent_ai_lab_chinese_embedding_light_mirror_mvp,青春感官与毕业,0.57564043,0.6387049,0.48104373,晚霞,False,916,916
鼻翼,鼻翼,2,tencent_ai_lab_chinese_embedding_light_mirror_mvp,校园外貌与信物,0.575591,0.5960961,0.54483336,发梢,False,917,917
汽水,汽水,2,tencent_ai_lab_chinese_embedding_light_mirror_mvp,约会物件与仪式,0.57555975,0.63066363,0.49290392,奶茶,False,918,918
指腹,指腹,2,tencent_ai_lab_chinese_embedding_light_mirror_mvp,校园外貌与信物,0.57551664,0.64031887,0.4783133,发梢,False,919,919
雀斑,雀斑,2,tencent_ai_lab_chinese_embedding_light_mirror_mvp,校园外貌与信物,0.57550957,0.60908556,0.52514559,酒窝,False,920,920
手绘,手绘,2,tencent_ai_lab_chinese_embedding_light_mirror_mvp,纸面心意与暗号,0.57541754,0.60628462,0.52911693,明信片,False,921,921
几张,几张,2,tencent_ai_lab_chinese_embedding_light_mirror_mvp,纸面心意与暗号,0.57536628,0.59622407,0.5440796,纸条,False,922,922
饼干,饼干,2,tencent_ai_lab_chinese_embedding_light_mirror_mvp,约会物件与仪式,0.57534523,0.61155546,0.52102989,奶茶,False,923,923
打湿,打湿,2,tencent_ai_lab_chinese_embedding_light_mirror_mvp,校园外貌与信物,0.57534324,0.64263511,0.47440544,发梢,False,924,924
邀请信,邀请信,3,tencent_ai_lab_chinese_embedding_light_mirror_mvp,纸面心意与暗号,0.57526752,0.5913642,0.55112249,书信,False,925,925
冬雪,冬雪,2,tencent_ai_lab_chinese_embedding_light_mirror_mvp,青春感官与毕业,0.57524292,0.59595215,0.54417908,晚霞,False,926,926
残月,残月,2,tencent_ai_lab_chinese_embedding_light_mirror_mvp,青春感官与毕业,0.57519007,0.60180151,0.5352729,晚霞,False,927,927
重映,重映,2,tencent_ai_lab_chinese_embedding_light_mirror_mvp,约会物件与仪式,0.57516956,0.63373613,0.48731971,电影院,False,928,928
缥缈,缥缈,2,tencent_ai_lab_chinese_embedding_light_mirror_mvp,青春感官与毕业,0.57513574,0.60503525,0.53028649,晚霞,False,929,929
五一节,五一节,3,tencent_ai_lab_chinese_embedding_light_mirror_mvp,约会物件与仪式,0.57501674,0.59701121,0.54202503,七夕,False,930,930
车里,车里,2,tencent_ai_lab_chinese_embedding_light_mirror_mvp,校园日常互动,0.57498081,0.6611225,0.44576827,等车,False,931,931
冰茶,冰茶,2,tencent_ai_lab_chinese_embedding_light_mirror_mvp,约会物件与仪式,0.57488074,0.63877934,0.47903284,奶茶,False,932,932
染发,染发,2,tencent_ai_lab_chinese_embedding_light_mirror_mvp,校园外貌与信物,0.5747615,0.58480185,0.55970097,刘海,False,933,933
配饰,配饰,2,tencent_ai_lab_chinese_embedding_light_mirror_mvp,校园外貌与信物,0.57475572,0.60949302,0.52264977,纽扣,False,934,934
绒线,绒线,2,tencent_ai_lab_chinese_embedding_light_mirror_mvp,校园外貌与信物,0.57474568,0.60888505,0.52353662,纽扣,False,935,935
改送,改送,2,tencent_ai_lab_chinese_embedding_light_mirror_mvp,约会物件与仪式,0.57446628,0.60018742,0.53588456,礼物,False,936,936
秋高气爽,秋高气爽,4,tencent_ai_lab_chinese_embedding_light_mirror_mvp,青春感官与毕业,0.57445426,0.61757207,0.50977755,晚霞,False,937,937
插页,插页,2,tencent_ai_lab_chinese_embedding_light_mirror_mvp,纸面心意与暗号,0.57442584,0.59601235,0.54204607,书签,False,938,938
珍重,珍重,2,tencent_ai_lab_chinese_embedding_light_mirror_mvp,青春感官与毕业,0.57435317,0.65787911,0.44906425,离别,False,939,939
豆奶,豆奶,2,tencent_ai_lab_chinese_embedding_light_mirror_mvp,约会物件与仪式,0.57400249,0.66221559,0.44168285,奶茶,False,940,940
包边,包边,2,tencent_ai_lab_chinese_embedding_light_mirror_mvp,校园外貌与信物,0.57397145,0.62332797,0.49993667,纽扣,False,941,941
橙红,橙红,2,tencent_ai_lab_chinese_embedding_light_mirror_mvp,青春感官与毕业,0.57388525,0.6295523,0.49038467,晚霞,False,942,942
滑梯,滑梯,2,tencent_ai_lab_chinese_embedding_light_mirror_mvp,约会物件与仪式,0.57385854,0.66013908,0.44443771,游乐园,False,943,943
收纳盒,收纳盒,3,tencent_ai_lab_chinese_embedding_light_mirror_mvp,纸面心意与暗号,0.57371051,0.603845,0.52850878,书签,False,944,944
袜口,袜口,2,tencent_ai_lab_chinese_embedding_light_mirror_mvp,校园外貌与信物,0.57369529,0.61248273,0.51551414,纽扣,False,945,945
邮件,邮件,2,tencent_ai_lab_chinese_embedding_light_mirror_mvp,纸面心意与暗号,0.57363794,0.5893271,0.5501042,书信,False,946,946
凄凉,凄凉,2,tencent_ai_lab_chinese_embedding_light_mirror_mvp,青春感官与毕业,0.57358645,0.6149947,0.51147407,离别,False,947,947
打扫卫生,打扫卫生,4,tencent_ai_lab_chinese_embedding_light_mirror_mvp,校园日常互动,0.57335554,0.64401817,0.4673616,值日,False,948,948
方巾,方巾,2,tencent_ai_lab_chinese_embedding_light_mirror_mvp,校园外貌与信物,0.57331383,0.59056056,0.54744375,纽扣,False,949,949
桌上,桌上,2,tencent_ai_lab_chinese_embedding_light_mirror_mvp,纸面心意与暗号,0.57330053,0.58738649,0.55217159,纸条,False,950,950
文具,文具,2,tencent_ai_lab_chinese_embedding_light_mirror_mvp,纸面心意与暗号,0.57325332,0.58500648,0.55562359,书签,False,951,951
慢递,慢递,2,tencent_ai_lab_chinese_embedding_light_mirror_mvp,纸面心意与暗号,0.57310562,0.60247898,0.52904558,明信片,False,952,952
挡雨,挡雨,2,tencent_ai_lab_chinese_embedding_light_mirror_mvp,青春感官与毕业,0.57305285,0.68522775,0.40479049,雨伞,False,953,953
面部轮廓,面部轮廓,4,tencent_ai_lab_chinese_embedding_light_mirror_mvp,校园外貌与信物,0.5730516,0.58569252,0.5540902,刘海,False,954,954
钱袋,钱袋,2,tencent_ai_lab_chinese_embedding_light_mirror_mvp,纸面心意与暗号,0.57301588,0.6158061,0.50883055,信封,False,955,955
露水,露水,2,tencent_ai_lab_chinese_embedding_light_mirror_mvp,青春感官与毕业,0.57297459,0.5988003,0.53423601,晨光,False,956,956
这本,这本,2,tencent_ai_lab_chinese_embedding_light_mirror_mvp,纸面心意与暗号,0.5729473,0.59089798,0.54602128,日记本,False,957,957
毛球球,毛球球,3,tencent_ai_lab_chinese_embedding_light_mirror_mvp,校园外貌与信物,0.57293065,0.5959897,0.53834206,纽扣,False,958,958
插画,插画,2,tencent_ai_lab_chinese_embedding_light_mirror_mvp,纸面心意与暗号,0.57281246,0.59169948,0.54448193,明信片,False,959,959
星星点点,星星点点,4,tencent_ai_lab_chinese_embedding_light_mirror_mvp,青春感官与毕业,0.57279329,0.60306823,0.52738088,晚霞,False,960,960
旖旎,旖旎,2,tencent_ai_lab_chinese_embedding_light_mirror_mvp,青春感官与毕业,0.57266353,0.59545988,0.53846902,晚霞,False,961,961
火红,火红,2,tencent_ai_lab_chinese_embedding_light_mirror_mvp,青春感官与毕业,0.57260878,0.62259877,0.4976238,晚霞,False,962,962
纸放,纸放,2,tencent_ai_lab_chinese_embedding_light_mirror_mvp,纸面心意与暗号,0.57232417,0.59292489,0.54142308,信封,False,963,963
万家灯火,万家灯火,4,tencent_ai_lab_chinese_embedding_light_mirror_mvp,青春感官与毕业,0.57226012,0.60012949,0.53045607,晚霞,False,964,964
连绵起伏,连绵起伏,4,tencent_ai_lab_chinese_embedding_light_mirror_mvp,青春感官与毕业,0.57218682,0.63169265,0.48292807,晚霞,False,965,965
中央戏剧学院,中央戏剧学院,6,tencent_ai_lab_chinese_embedding_light_mirror_mvp,青春感官与毕业,0.57215344,0.70193785,0.37747681,毕业,False,966,966
片子,片子,2,tencent_ai_lab_chinese_embedding_light_mirror_mvp,约会物件与仪式,0.57214867,0.65682024,0.44514132,电影院,False,967,967
纸制,纸制,2,tencent_ai_lab_chinese_embedding_light_mirror_mvp,纸面心意与暗号,0.57213365,0.60564643,0.52186447,书签,False,968,968
头后,头后,2,tencent_ai_lab_chinese_embedding_light_mirror_mvp,校园外貌与信物,0.57205722,0.59869957,0.5320937,发梢,False,969,969
鼻头,鼻头,2,tencent_ai_lab_chinese_embedding_light_mirror_mvp,校园外貌与信物,0.57204185,0.5838201,0.55437446,酒窝,False,970,970
星月,星月,2,tencent_ai_lab_chinese_embedding_light_mirror_mvp,青春感官与毕业,0.5719451,0.60313809,0.5251556,晨光,False,971,971
邮寄,邮寄,2,tencent_ai_lab_chinese_embedding_light_mirror_mvp,纸面心意与暗号,0.57193325,0.5997045,0.53027636,明信片,False,972,972
好几张,好几张,3,tencent_ai_lab_chinese_embedding_light_mirror_mvp,纸面心意与暗号,0.57171583,0.58701861,0.54876167,纸条,False,973,973
星空,星空,2,tencent_ai_lab_chinese_embedding_light_mirror_mvp,青春感官与毕业,0.57170773,0.60541916,0.52114058,晨光,False,974,974
读后感,读后感,3,tencent_ai_lab_chinese_embedding_light_mirror_mvp,纸面心意与暗号,0.57160628,0.57987833,0.5591982,情书,False,975,975
邮资,邮资,2,tencent_ai_lab_chinese_embedding_light_mirror_mvp,纸面心意与暗号,0.57135495,0.61420232,0.50708389,明信片,False,976,976
破洞,破洞,2,tencent_ai_lab_chinese_embedding_light_mirror_mvp,校园外貌与信物,0.57133942,0.60378456,0.5226717,纽扣,False,977,977
直筒,直筒,2,tencent_ai_lab_chinese_embedding_light_mirror_mvp,校园外貌与信物,0.57133806,0.58712792,0.54765326,纽扣,False,978,978
焦糖,焦糖,2,tencent_ai_lab_chinese_embedding_light_mirror_mvp,约会物件与仪式,0.57132564,0.61546445,0.50511742,奶茶,False,979,979
月儿,月儿,2,tencent_ai_lab_chinese_embedding_light_mirror_mvp,青春感官与毕业,0.57127581,0.60644472,0.51852244,晚霞,False,980,980
亲写,亲写,2,tencent_ai_lab_chinese_embedding_light_mirror_mvp,纸面心意与暗号,0.57123969,0.59596765,0.53414774,书信,False,981,981
传单,传单,2,tencent_ai_lab_chinese_embedding_light_mirror_mvp,纸面心意与暗号,0.57116601,0.59465039,0.53593946,纸条,False,982,982
蕾丝,蕾丝,2,tencent_ai_lab_chinese_embedding_light_mirror_mvp,校园外貌与信物,0.57109789,0.60415763,0.52150828,纽扣,False,983,983
拂面,拂面,2,tencent_ai_lab_chinese_embedding_light_mirror_mvp,青春感官与毕业,0.57090099,0.58984077,0.54249132,晚霞,False,984,984
写有,写有,2,tencent_ai_lab_chinese_embedding_light_mirror_mvp,纸面心意与暗号,0.57062006,0.59369934,0.53600115,纸条,False,985,985
原野,原野,2,tencent_ai_lab_chinese_embedding_light_mirror_mvp,青春感官与毕业,0.57055693,0.59618306,0.53211772,晚霞,False,986,986
印花,印花,2,tencent_ai_lab_chinese_embedding_light_mirror_mvp,校园外貌与信物,0.57053969,0.60249686,0.52260393,纽扣,False,987,987
药盒,药盒,2,tencent_ai_lab_chinese_embedding_light_mirror_mvp,纸面心意与暗号,0.57050004,0.58535302,0.54822057,信封,False,988,988
离去,离去,2,tencent_ai_lab_chinese_embedding_light_mirror_mvp,青春感官与毕业,0.57044619,0.63599741,0.47211936,离别,False,989,989
顺滑,顺滑,2,tencent_ai_lab_chinese_embedding_light_mirror_mvp,校园外貌与信物,0.57039667,0.6106618,0.50999898,发梢,False,990,990
餐巾纸,餐巾纸,3,tencent_ai_lab_chinese_embedding_light_mirror_mvp,纸面心意与暗号,0.57036717,0.58701706,0.54539233,纸条,False,991,991
浩淼,浩淼,2,tencent_ai_lab_chinese_embedding_light_mirror_mvp,青春感官与毕业,0.57034606,0.60801953,0.51383585,晚霞,False,992,992
传阅,传阅,2,tencent_ai_lab_chinese_embedding_light_mirror_mvp,纸面心意与暗号,0.57016336,0.58081013,0.5541932,书信,False,993,993
鬼节,鬼节,2,tencent_ai_lab_chinese_embedding_light_mirror_mvp,约会物件与仪式,0.57010516,0.59549469,0.53202087,七夕,False,994,994
密齿梳,密齿梳,3,tencent_ai_lab_chinese_embedding_light_mirror_mvp,校园外貌与信物,0.57008746,0.57508671,0.56258857,发梢,False,995,995
剃光,剃光,2,tencent_ai_lab_chinese_embedding_light_mirror_mvp,校园外貌与信物,0.56995221,0.59116918,0.53812677,刘海,False,996,996
奶酥,奶酥,2,tencent_ai_lab_chinese_embedding_light_mirror_mvp,约会物件与仪式,0.56986688,0.62027335,0.49425718,奶茶,False,997,997
银幕,银幕,2,tencent_ai_lab_chinese_embedding_light_mirror_mvp,约会物件与仪式,0.56982875,0.64480501,0.45736435,电影院,False,998,998
茶味,茶味,2,tencent_ai_lab_chinese_embedding_light_mirror_mvp,约会物件与仪式,0.56970966,0.64619458,0.45498228,奶茶,False,999,999
商场,商场,2,tencent_ai_lab_chinese_embedding_light_mirror_mvp,约会物件与仪式,0.56967402,0.60235512,0.52065235,电影院,False,1000,1000
小包,小包,2,tencent_ai_lab_chinese_embedding_light_mirror_mvp,纸面心意与暗号,0.56964462,0.59737372,0.52805096,信封,False,1001,1001
圣诞老人,圣诞老人,4,tencent_ai_lab_chinese_embedding_light_mirror_mvp,约会物件与仪式,0.5696366,0.59125096,0.53721505,礼物,False,1002,1002
动画片,动画片,3,tencent_ai_lab_chinese_embedding_light_mirror_mvp,约会物件与仪式,0.56959457,0.61156511,0.50663877,电影院,False,1003,1003
彩虹,彩虹,2,tencent_ai_lab_chinese_embedding_light_mirror_mvp,青春感官与毕业,0.56958848,0.59225804,0.53558415,晚霞,False,1004,1004
风雪,风雪,2,tencent_ai_lab_chinese_embedding_light_mirror_mvp,青春感官与毕业,0.56957963,0.57912743,0.55525792,晚霞,False,1005,1005
如血,如血,2,tencent_ai_lab_chinese_embedding_light_mirror_mvp,青春感官与毕业,0.5695722,0.6203537,0.49339995,晚霞,False,1006,1006
黑加仑,黑加仑,3,tencent_ai_lab_chinese_embedding_light_mirror_mvp,约会物件与仪式,0.5693988,0.63098609,0.47701785,玫瑰,False,1007,1007
留言簿,留言簿,3,tencent_ai_lab_chinese_embedding_light_mirror_mvp,纸面心意与暗号,0.56930199,0.57972491,0.5536676,日记本,False,1008,1008
毕业分配,毕业分配,4,tencent_ai_lab_chinese_embedding_light_mirror_mvp,青春感官与毕业,0.56928719,0.67104506,0.41665038,毕业,False,1009,1009
相映,相映,2,tencent_ai_lab_chinese_embedding_light_mirror_mvp,青春感官与毕业,0.56926713,0.62952751,0.47887656,晚霞,False,1010,1010
肤白,肤白,2,tencent_ai_lab_chinese_embedding_light_mirror_mvp,校园外貌与信物,0.56916957,0.59054554,0.53710562,酒窝,False,1011,1011
高腰,高腰,2,tencent_ai_lab_chinese_embedding_light_mirror_mvp,校园外貌与信物,0.56915762,0.57671809,0.55781692,纽扣,False,1012,1012
玩雪,玩雪,2,tencent_ai_lab_chinese_embedding_light_mirror_mvp,约会物件与仪式,0.56912614,0.63154238,0.47550178,游乐园,False,1013,1013
高挑,高挑,2,tencent_ai_lab_chinese_embedding_light_mirror_mvp,校园外貌与信物,0.56909912,0.58621871,0.54341972,马尾,False,1014,1014
亮泽,亮泽,2,tencent_ai_lab_chinese_embedding_light_mirror_mvp,校园外貌与信物,0.56901367,0.61498702,0.50005364,发梢,False,1015,1015
响起,响起,2,tencent_ai_lab_chinese_embedding_light_mirror_mvp,青春感官与毕业,0.56901261,0.63698351,0.46705624,铃声,False,1016,1016
脸庞,脸庞,2,tencent_ai_lab_chinese_embedding_light_mirror_mvp,校园外貌与信物,0.5689136,0.58256102,0.54844248,发梢,False,1017,1017
头油,头油,2,tencent_ai_lab_chinese_embedding_light_mirror_mvp,校园外貌与信物,0.56866314,0.59220338,0.53335279,发梢,False,1018,1018
可爱,可爱,2,tencent_ai_lab_chinese_embedding_light_mirror_mvp,校园外貌与信物,0.5686329,0.59468609,0.52955312,酒窝,False,1019,1019
传统节日,传统节日,4,tencent_ai_lab_chinese_embedding_light_mirror_mvp,约会物件与仪式,0.5686064,0.57903063,0.55297005,纪念日,False,1020,1020
收好,收好,2,tencent_ai_lab_chinese_embedding_light_mirror_mvp,纸面心意与暗号,0.5685311,0.58852953,0.53853345,纸条,False,1021,1021
野菊,野菊,2,tencent_ai_lab_chinese_embedding_light_mirror_mvp,青春感官与毕业,0.56849561,0.60164404,0.51877296,晚霞,False,1022,1022
奖品,奖品,2,tencent_ai_lab_chinese_embedding_light_mirror_mvp,约会物件与仪式,0.56841776,0.63696176,0.46560177,礼物,False,1023,1023
麻辣烫,麻辣烫,3,tencent_ai_lab_chinese_embedding_light_mirror_mvp,约会物件与仪式,0.56839006,0.61628163,0.49655271,奶茶,False,1024,1024
浅浅的,浅浅的,3,tencent_ai_lab_chinese_embedding_light_mirror_mvp,校园外貌与信物,0.56838301,0.61239177,0.50236988,酒窝,False,1025,1025
针织,针织,2,tencent_ai_lab_chinese_embedding_light_mirror_mvp,校园外貌与信物,0.56837392,0.59510612,0.52827561,纽扣,False,1026,1026
留校,留校,2,tencent_ai_lab_chinese_embedding_light_mirror_mvp,青春感官与毕业,0.56831681,0.67722321,0.40495721,毕业,False,1027,1027
甜筒,甜筒,2,tencent_ai_lab_chinese_embedding_light_mirror_mvp,约会物件与仪式,0.56827006,0.61666375,0.49567953,奶茶,False,1028,1028
奶味,奶味,2,tencent_ai_lab_chinese_embedding_light_mirror_mvp,约会物件与仪式,0.56823692,0.64470857,0.45352945,奶茶,False,1029,1029
出租车,出租车,3,tencent_ai_lab_chinese_embedding_light_mirror_mvp,校园日常互动,0.56822948,0.67980379,0.40086803,等车,False,1030,1030
椰果,椰果,2,tencent_ai_lab_chinese_embedding_light_mirror_mvp,约会物件与仪式,0.56821644,0.64035547,0.46000791,奶茶,False,1031,1031
聚散,聚散,2,tencent_ai_lab_chinese_embedding_light_mirror_mvp,青春感官与毕业,0.56819259,0.63160419,0.47307518,离别,False,1032,1032
头巾,头巾,2,tencent_ai_lab_chinese_embedding_light_mirror_mvp,校园外貌与信物,0.56805893,0.58031565,0.54967386,马尾,False,1033,1033
光亮,光亮,2,tencent_ai_lab_chinese_embedding_light_mirror_mvp,青春感官与毕业,0.56803954,0.61554801,0.49677682,晨光,False,1034,1034
烈日,烈日,2,tencent_ai_lab_chinese_embedding_light_mirror_mvp,青春感官与毕业,0.56799333,0.60888922,0.50664949,晚霞,False,1035,1035
露珠,露珠,2,tencent_ai_lab_chinese_embedding_light_mirror_mvp,青春感官与毕业,0.56794676,0.58979696,0.53517145,晚霞,False,1036,1036
糖水,糖水,2,tencent_ai_lab_chinese_embedding_light_mirror_mvp,约会物件与仪式,0.56790718,0.64460111,0.45286629,奶茶,False,1037,1037
包好,包好,2,tencent_ai_lab_chinese_embedding_light_mirror_mvp,纸面心意与暗号,0.56780276,0.60640407,0.50990081,信封,False,1038,1038
照耀,照耀,2,tencent_ai_lab_chinese_embedding_light_mirror_mvp,青春感官与毕业,0.56770551,0.60741091,0.50814742,晨光,False,1039,1039
礼袋,礼袋,2,tencent_ai_lab_chinese_embedding_light_mirror_mvp,约会物件与仪式,0.56769415,0.61517084,0.49647912,礼物,False,1040,1040
永诀,永诀,2,tencent_ai_lab_chinese_embedding_light_mirror_mvp,青春感官与毕业,0.56734654,0.65778065,0.43169537,离别,False,1041,1041
麦片,麦片,2,tencent_ai_lab_chinese_embedding_light_mirror_mvp,约会物件与仪式,0.56733392,0.6339317,0.46743727,奶茶,False,1042,1042
钥匙圈,钥匙圈,3,tencent_ai_lab_chinese_embedding_light_mirror_mvp,校园外貌与信物,0.56729724,0.60248554,0.5145148,纽扣,False,1043,1043
惊喜,惊喜,2,tencent_ai_lab_chinese_embedding_light_mirror_mvp,约会物件与仪式,0.56720623,0.61428261,0.49659166,礼物,False,1044,1044
送来,送来,2,tencent_ai_lab_chinese_embedding_light_mirror_mvp,约会物件与仪式,0.56713572,0.63813585,0.46063551,礼物,False,1045,1045
大纸,大纸,2,tencent_ai_lab_chinese_embedding_light_mirror_mvp,纸面心意与暗号,0.5670904,0.59362072,0.52729493,信封,False,1046,1046
怒放,怒放,2,tencent_ai_lab_chinese_embedding_light_mirror_mvp,青春感官与毕业,0.56700268,0.59925997,0.51861674,晚霞,False,1047,1047
璀灿,璀灿,2,tencent_ai_lab_chinese_embedding_light_mirror_mvp,青春感官与毕业,0.56687015,0.61404139,0.4961133,晚霞,False,1048,1048
翻出,翻出,2,tencent_ai_lab_chinese_embedding_light_mirror_mvp,纸面心意与暗号,0.56685773,0.58347589,0.5419305,日记本,False,1049,1049
绿茶,绿茶,2,tencent_ai_lab_chinese_embedding_light_mirror_mvp,约会物件与仪式,0.56674913,0.62008357,0.48674747,奶茶,False,1050,1050
眼袋,眼袋,2,tencent_ai_lab_chinese_embedding_light_mirror_mvp,校园外貌与信物,0.56665862,0.61015654,0.50141174,酒窝,False,1051,1051
别后,别后,2,tencent_ai_lab_chinese_embedding_light_mirror_mvp,青春感官与毕业,0.56658496,0.63863277,0.45851323,离别,False,1052,1052
雾蒙蒙,雾蒙蒙,3,tencent_ai_lab_chinese_embedding_light_mirror_mvp,青春感官与毕业,0.56653432,0.59500736,0.52382475,晚霞,False,1053,1053
配文称,配文称,3,tencent_ai_lab_chinese_embedding_light_mirror_mvp,校园日常互动,0.5665023,0.674833,0.40400624,合照,False,1054,1054
椰奶,椰奶,2,tencent_ai_lab_chinese_embedding_light_mirror_mvp,约会物件与仪式,0.5664288,0.62283754,0.4818157,奶茶,False,1055,1055
系着,系着,2,tencent_ai_lab_chinese_embedding_light_mirror_mvp,校园外貌与信物,0.566405,0.59226924,0.52760863,纽扣,False,1056,1056
就职,就职,2,tencent_ai_lab_chinese_embedding_light_mirror_mvp,青春感官与毕业,0.5663829,0.68474072,0.38884616,毕业,False,1057,1057
金发,金发,2,tencent_ai_lab_chinese_embedding_light_mirror_mvp,校园外貌与信物,0.56636437,0.59095234,0.52948242,马尾,False,1058,1058
五一,五一,2,tencent_ai_lab_chinese_embedding_light_mirror_mvp,约会物件与仪式,0.56632149,0.59733009,0.51980859,七夕,False,1059,1059
宽齿梳,宽齿梳,3,tencent_ai_lab_chinese_embedding_light_mirror_mvp,校园外貌与信物,0.56609094,0.58840477,0.53262019,发梢,False,1060,1060
信已,信已,2,tencent_ai_lab_chinese_embedding_light_mirror_mvp,纸面心意与暗号,0.56597056,0.58280075,0.54072529,书信,False,1061,1061
夹棉,夹棉,2,tencent_ai_lab_chinese_embedding_light_mirror_mvp,校园外貌与信物,0.56593729,0.59614521,0.52062541,纽扣,False,1062,1062
公仔,公仔,2,tencent_ai_lab_chinese_embedding_light_mirror_mvp,约会物件与仪式,0.56585206,0.60065204,0.51365209,礼物,False,1063,1063
印章,印章,2,tencent_ai_lab_chinese_embedding_light_mirror_mvp,纸面心意与暗号,0.56577971,0.5882287,0.53210622,信封,False,1064,1064
耳根,耳根,2,tencent_ai_lab_chinese_embedding_light_mirror_mvp,校园外貌与信物,0.56565946,0.60895449,0.50071692,发梢,False,1065,1065
格子,格子,2,tencent_ai_lab_chinese_embedding_light_mirror_mvp,校园外貌与信物,0.56564944,0.59596252,0.52017981,纽扣,False,1066,1066
低腰,低腰,2,tencent_ai_lab_chinese_embedding_light_mirror_mvp,校园外貌与信物,0.56558262,0.5859955,0.53496331,纽扣,False,1067,1067
艺术系,艺术系,3,tencent_ai_lab_chinese_embedding_light_mirror_mvp,青春感官与毕业,0.56549706,0.68002915,0.39369893,毕业,False,1068,1068
毕业生,毕业生,3,tencent_ai_lab_chinese_embedding_light_mirror_mvp,青春感官与毕业,0.5653075,0.68032634,0.39277923,毕业,False,1069,1069
繁花似锦,繁花似锦,4,tencent_ai_lab_chinese_embedding_light_mirror_mvp,青春感官与毕业,0.56524113,0.59275943,0.52396369,晚霞,False,1070,1070
寄过,寄过,2,tencent_ai_lab_chinese_embedding_light_mirror_mvp,纸面心意与暗号,0.5652409,0.58923668,0.52924722,明信片,False,1071,1071
侧颜杀,侧颜杀,3,tencent_ai_lab_chinese_embedding_light_mirror_mvp,校园外貌与信物,0.56519866,0.57796574,0.54604805,酒窝,False,1072,1072
云影,云影,2,tencent_ai_lab_chinese_embedding_light_mirror_mvp,青春感官与毕业,0.56519017,0.60577214,0.50431722,晚霞,False,1073,1073
雨雾,雨雾,2,tencent_ai_lab_chinese_embedding_light_mirror_mvp,青春感官与毕业,0.56518636,0.58228505,0.53953832,晨光,False,1074,1074
轻柔,轻柔,2,tencent_ai_lab_chinese_embedding_light_mirror_mvp,校园外貌与信物,0.56518465,0.63170755,0.46540031,发梢,False,1075,1075
入夜,入夜,2,tencent_ai_lab_chinese_embedding_light_mirror_mvp,青春感官与毕业,0.56518362,0.58648145,0.53323686,晨光,False,1076,1076
灯火辉煌,灯火辉煌,4,tencent_ai_lab_chinese_embedding_light_mirror_mvp,青春感官与毕业,0.56507063,0.59588087,0.51885527,晚霞,False,1077,1077
限量版,限量版,3,tencent_ai_lab_chinese_embedding_light_mirror_mvp,约会物件与仪式,0.56503117,0.58390951,0.53671366,情人节,False,1078,1078
松林,松林,2,tencent_ai_lab_chinese_embedding_light_mirror_mvp,青春感官与毕业,0.5648963,0.60042167,0.51160824,晚霞,False,1079,1079
电影院线,电影院线,4,tencent_ai_lab_chinese_embedding_light_mirror_mvp,约会物件与仪式,0.56483103,0.64243698,0.4484221,电影院,False,1080,1080
剪刀手,剪刀手,3,tencent_ai_lab_chinese_embedding_light_mirror_mvp,校园日常互动,0.56478301,0.65114748,0.4352363,合照,False,1081,1081
远方,远方,2,tencent_ai_lab_chinese_embedding_light_mirror_mvp,青春感官与毕业,0.5647591,0.57590729,0.54803681,离别,False,1082,1082
水珠,水珠,2,tencent_ai_lab_chinese_embedding_light_mirror_mvp,校园外貌与信物,0.56475749,0.62801099,0.46987724,发梢,False,1083,1083
小年夜,小年夜,3,tencent_ai_lab_chinese_embedding_light_mirror_mvp,约会物件与仪式,0.56459762,0.58278757,0.53731269,情人节,False,1084,1084
护发,护发,2,tencent_ai_lab_chinese_embedding_light_mirror_mvp,校园外貌与信物,0.56458173,0.59547698,0.51823884,发梢,False,1085,1085
支票薄,支票薄,3,tencent_ai_lab_chinese_embedding_light_mirror_mvp,纸面心意与暗号,0.5645695,0.59070086,0.52537245,信封,False,1086,1086
苍穹,苍穹,2,tencent_ai_lab_chinese_embedding_light_mirror_mvp,青春感官与毕业,0.56453164,0.5880301,0.52928394,晚霞,False,1087,1087
茶包,茶包,2,tencent_ai_lab_chinese_embedding_light_mirror_mvp,约会物件与仪式,0.5644889,0.61616075,0.48698112,奶茶,False,1088,1088
弧度,弧度,2,tencent_ai_lab_chinese_embedding_light_mirror_mvp,校园外貌与信物,0.56448683,0.57741421,0.54509574,刘海,False,1089,1089
皮包,皮包,2,tencent_ai_lab_chinese_embedding_light_mirror_mvp,纸面心意与暗号,0.56410842,0.59148061,0.52305013,信封,False,1090,1090
蛙声,蛙声,2,tencent_ai_lab_chinese_embedding_light_mirror_mvp,青春感官与毕业,0.56407702,0.59448743,0.51846141,晚霞,False,1091,1091
节是,节是,2,tencent_ai_lab_chinese_embedding_light_mirror_mvp,约会物件与仪式,0.56404365,0.58424491,0.53374177,七夕,False,1092,1092
小点心,小点心,3,tencent_ai_lab_chinese_embedding_light_mirror_mvp,约会物件与仪式,0.56402254,0.59761083,0.51364011,奶茶,False,1093,1093
只言片语,只言片语,4,tencent_ai_lab_chinese_embedding_light_mirror_mvp,纸面心意与暗号,0.56395004,0.5913322,0.5228768,书信,False,1094,1094
乌黑,乌黑,2,tencent_ai_lab_chinese_embedding_light_mirror_mvp,校园外貌与信物,0.56390567,0.59354484,0.51944691,发梢,False,1095,1095
啤酒,啤酒,2,tencent_ai_lab_chinese_embedding_light_mirror_mvp,约会物件与仪式,0.56383164,0.61621314,0.48525938,奶茶,False,1096,1096
送人,送人,2,tencent_ai_lab_chinese_embedding_light_mirror_mvp,约会物件与仪式,0.56370162,0.62809539,0.46711096,礼物,False,1097,1097
放晴,放晴,2,tencent_ai_lab_chinese_embedding_light_mirror_mvp,青春感官与毕业,0.56365917,0.60007572,0.50903434,晚霞,False,1098,1098
下映,下映,2,tencent_ai_lab_chinese_embedding_light_mirror_mvp,约会物件与仪式,0.56354215,0.62403458,0.4728035,电影院,False,1099,1099
发簪,发簪,2,tencent_ai_lab_chinese_embedding_light_mirror_mvp,校园外貌与信物,0.56354022,0.56594539,0.55993247,发梢,False,1100,1100
梳头,梳头,2,tencent_ai_lab_chinese_embedding_light_mirror_mvp,校园外貌与信物,0.56350329,0.59279561,0.51956481,发梢,False,1101,1101
红包,红包,2,tencent_ai_lab_chinese_embedding_light_mirror_mvp,约会物件与仪式,0.56334163,0.60884464,0.49508712,礼物,False,1102,1102
袋盖,袋盖,2,tencent_ai_lab_chinese_embedding_light_mirror_mvp,校园外貌与信物,0.56327368,0.63324112,0.45832253,纽扣,False,1103,1103
下颌,下颌,2,tencent_ai_lab_chinese_embedding_light_mirror_mvp,校园外貌与信物,0.56323471,0.57739079,0.54200059,发梢,False,1104,1104
肩头,肩头,2,tencent_ai_lab_chinese_embedding_light_mirror_mvp,校园外貌与信物,0.56319196,0.6057564,0.4993453,发梢,False,1105,1105
干练,干练,2,tencent_ai_lab_chinese_embedding_light_mirror_mvp,校园外貌与信物,0.56316073,0.59151554,0.52062851,马尾,False,1106,1106
思乡,思乡,2,tencent_ai_lab_chinese_embedding_light_mirror_mvp,青春感官与毕业,0.56310228,0.63240153,0.45915341,离别,False,1107,1107
盛开,盛开,2,tencent_ai_lab_chinese_embedding_light_mirror_mvp,约会物件与仪式,0.56295021,0.63242632,0.45873603,玫瑰,False,1108,1108
飞雪,飞雪,2,tencent_ai_lab_chinese_embedding_light_mirror_mvp,青春感官与毕业,0.56291226,0.57923585,0.53842688,晚霞,False,1109,1109
茉莉花,茉莉花,3,tencent_ai_lab_chinese_embedding_light_mirror_mvp,约会物件与仪式,0.5628987,0.63202471,0.45920968,玫瑰,False,1110,1110
露齿,露齿,2,tencent_ai_lab_chinese_embedding_light_mirror_mvp,校园外貌与信物,0.56272966,0.60502303,0.4992896,酒窝,False,1111,1111
速溶,速溶,2,tencent_ai_lab_chinese_embedding_light_mirror_mvp,约会物件与仪式,0.56272904,0.64305711,0.44223693,奶茶,False,1112,1112
几本书,几本书,3,tencent_ai_lab_chinese_embedding_light_mirror_mvp,纸面心意与暗号,0.56271955,0.57616454,0.54255205,日记本,False,1113,1113
动物园,动物园,3,tencent_ai_lab_chinese_embedding_light_mirror_mvp,约会物件与仪式,0.56269327,0.63422155,0.45540085,游乐园,False,1114,1114
松松垮垮,松松垮垮,4,tencent_ai_lab_chinese_embedding_light_mirror_mvp,校园外貌与信物,0.56266782,0.57599473,0.54267746,马尾,False,1115,1115
爆米花,爆米花,3,tencent_ai_lab_chinese_embedding_light_mirror_mvp,约会物件与仪式,0.56256303,0.59004945,0.5213334,电影院,False,1116,1116
洗头,洗头,2,tencent_ai_lab_chinese_embedding_light_mirror_mvp,校园外貌与信物,0.5623733,0.5824244,0.53229666,发梢,False,1117,1117
手背,手背,2,tencent_ai_lab_chinese_embedding_light_mirror_mvp,校园外貌与信物,0.56236329,0.61315012,0.48618305,发梢,False,1118,1118
短靴,短靴,2,tencent_ai_lab_chinese_embedding_light_mirror_mvp,校园外貌与信物,0.56226844,0.57667035,0.54066557,马尾,False,1119,1119
图章,图章,2,tencent_ai_lab_chinese_embedding_light_mirror_mvp,纸面心意与暗号,0.56215318,0.57656187,0.54054016,书签,False,1120,1120
车时,车时,2,tencent_ai_lab_chinese_embedding_light_mirror_mvp,校园日常互动,0.5621237,0.66836005,0.40276918,等车,False,1121,1121
高材生,高材生,3,tencent_ai_lab_chinese_embedding_light_mirror_mvp,青春感官与毕业,0.56211578,0.69466579,0.36329076,毕业,False,1122,1122
大礼,大礼,2,tencent_ai_lab_chinese_embedding_light_mirror_mvp,约会物件与仪式,0.56208968,0.62799746,0.46322802,礼物,False,1123,1123
袖套,袖套,2,tencent_ai_lab_chinese_embedding_light_mirror_mvp,校园外貌与信物,0.56202681,0.58106303,0.53347248,纽扣,False,1124,1124
湿漉漉,湿漉漉,3,tencent_ai_lab_chinese_embedding_light_mirror_mvp,校园外貌与信物,0.5619218,0.61191607,0.4869304,发梢,False,1125,1125
车上,车上,2,tencent_ai_lab_chinese_embedding_light_mirror_mvp,校园日常互动,0.56189891,0.64303207,0.44019917,等车,False,1126,1126
大学本科,大学本科,4,tencent_ai_lab_chinese_embedding_light_mirror_mvp,青春感官与毕业,0.561832,0.71520907,0.3317664,毕业,False,1127,1127
一头,一头,2,tencent_ai_lab_chinese_embedding_light_mirror_mvp,校园外貌与信物,0.56169581,0.59484065,0.51197857,马尾,False,1128,1128
压岁钱,压岁钱,3,tencent_ai_lab_chinese_embedding_light_mirror_mvp,约会物件与仪式,0.56156137,0.62132418,0.47191715,礼物,False,1129,1129
褶皱,褶皱,2,tencent_ai_lab_chinese_embedding_light_mirror_mvp,校园外貌与信物,0.5615535,0.58539093,0.52579737,纽扣,False,1130,1130
贵重,贵重,2,tencent_ai_lab_chinese_embedding_light_mirror_mvp,约会物件与仪式,0.56154865,0.64088589,0.44254279,礼物,False,1131,1131
长天,长天,2,tencent_ai_lab_chinese_embedding_light_mirror_mvp,青春感官与毕业,0.5615314,0.60351682,0.49855328,晚霞,False,1132,1132
飘落,飘落,2,tencent_ai_lab_chinese_embedding_light_mirror_mvp,青春感官与毕业,0.56149604,0.57710719,0.53807932,晚霞,False,1133,1133
糕点,糕点,2,tencent_ai_lab_chinese_embedding_light_mirror_mvp,约会物件与仪式,0.56144047,0.6092878,0.48966947,奶茶,False,1134,1134
向日葵,向日葵,3,tencent_ai_lab_chinese_embedding_light_mirror_mvp,约会物件与仪式,0.56141076,0.625597,0.4651314,玫瑰,False,1135,1135
倩影,倩影,2,tencent_ai_lab_chinese_embedding_light_mirror_mvp,青春感官与毕业,0.56138759,0.58699358,0.5229786,晚霞,False,1136,1136
贴纸,贴纸,2,tencent_ai_lab_chinese_embedding_light_mirror_mvp,纸面心意与暗号,0.56138561,0.57443666,0.54180902,明信片,False,1137,1137
鸟儿,鸟儿,2,tencent_ai_lab_chinese_embedding_light_mirror_mvp,青春感官与毕业,0.56122643,0.59411615,0.51189184,晚霞,False,1138,1138
风中,风中,2,tencent_ai_lab_chinese_embedding_light_mirror_mvp,青春感官与毕业,0.56121958,0.56842536,0.55041093,离别,False,1139,1139
依依不舍,依依不舍,4,tencent_ai_lab_chinese_embedding_light_mirror_mvp,青春感官与毕业,0.5611329,0.61337078,0.48277608,离别,False,1140,1140
水上公园,水上公园,4,tencent_ai_lab_chinese_embedding_light_mirror_mvp,约会物件与仪式,0.56109802,0.64460701,0.43583453,游乐园,False,1141,1141
那包,那包,2,tencent_ai_lab_chinese_embedding_light_mirror_mvp,纸面心意与暗号,0.56107252,0.58399069,0.52669525,信封,False,1142,1142
一张,一张,2,tencent_ai_lab_chinese_embedding_light_mirror_mvp,纸面心意与暗号,0.56089735,0.58875704,0.51910782,纸条,False,1143,1143
阳光灿烂,阳光灿烂,4,tencent_ai_lab_chinese_embedding_light_mirror_mvp,青春感官与毕业,0.56089008,0.5853188,0.52424699,晚霞,False,1144,1144
供词,供词,2,tencent_ai_lab_chinese_embedding_light_mirror_mvp,纸面心意与暗号,0.56086133,0.57797337,0.53519326,书信,False,1145,1145
印着,印着,2,tencent_ai_lab_chinese_embedding_light_mirror_mvp,纸面心意与暗号,0.56069373,0.57991344,0.53186417,信封,False,1146,1146
地平线,地平线,3,tencent_ai_lab_chinese_embedding_light_mirror_mvp,青春感官与毕业,0.56059116,0.60000294,0.50147349,晚霞,False,1147,1147
荧光笔,荧光笔,3,tencent_ai_lab_chinese_embedding_light_mirror_mvp,纸面心意与暗号,0.56056679,0.57975417,0.53178573,书签,False,1148,1148
下车时,下车时,3,tencent_ai_lab_chinese_embedding_light_mirror_mvp,校园日常互动,0.56046633,0.64185715,0.43838009,等车,False,1149,1149
翩跹,翩跹,2,tencent_ai_lab_chinese_embedding_light_mirror_mvp,青春感官与毕业,0.56045055,0.58422136,0.52479434,晚霞,False,1150,1150
馈赠,馈赠,2,tencent_ai_lab_chinese_embedding_light_mirror_mvp,约会物件与仪式,0.56026229,0.62659335,0.46076569,礼物,False,1151,1151
电铃,电铃,2,tencent_ai_lab_chinese_embedding_light_mirror_mvp,青春感官与毕业,0.56023349,0.63457584,0.44871995,铃声,False,1152,1152
正脸,正脸,2,tencent_ai_lab_chinese_embedding_light_mirror_mvp,校园日常互动,0.56017073,0.64260352,0.43652156,合照,False,1153,1153
可乐,可乐,2,tencent_ai_lab_chinese_embedding_light_mirror_mvp,约会物件与仪式,0.56005764,0.60486263,0.49285015,奶茶,False,1154,1154
动植物园,动植物园,4,tencent_ai_lab_chinese_embedding_light_mirror_mvp,约会物件与仪式,0.56005504,0.63924444,0.44127095,游乐园,False,1155,1155
抿嘴,抿嘴,2,tencent_ai_lab_chinese_embedding_light_mirror_mvp,校园外貌与信物,0.56004915,0.58710337,0.51946783,酒窝,False,1156,1156
影迷,影迷,2,tencent_ai_lab_chinese_embedding_light_mirror_mvp,约会物件与仪式,0.56004759,0.61904132,0.47155699,电影院,False,1157,1157
红花,红花,2,tencent_ai_lab_chinese_embedding_light_mirror_mvp,约会物件与仪式,0.5599795,0.64489436,0.4326072,玫瑰,False,1158,1158
炼乳,炼乳,2,tencent_ai_lab_chinese_embedding_light_mirror_mvp,约会物件与仪式,0.55994958,0.62980586,0.45516515,奶茶,False,1159,1159
泡面,泡面,2,tencent_ai_lab_chinese_embedding_light_mirror_mvp,约会物件与仪式,0.55976801,0.61150193,0.48216712,奶茶,False,1160,1160
面料,面料,2,tencent_ai_lab_chinese_embedding_light_mirror_mvp,校园外貌与信物,0.55962558,0.59640658,0.50445408,纽扣,False,1161,1161
春雨,春雨,2,tencent_ai_lab_chinese_embedding_light_mirror_mvp,青春感官与毕业,0.55960832,0.58209896,0.52587235,晨光,False,1162,1162
沧海,沧海,2,tencent_ai_lab_chinese_embedding_light_mirror_mvp,青春感官与毕业,0.55959518,0.58993375,0.51408732,晚霞,False,1163,1163
香槟,香槟,2,tencent_ai_lab_chinese_embedding_light_mirror_mvp,约会物件与仪式,0.55947697,0.57700264,0.53318846,玫瑰,False,1164,1164
彩铃,彩铃,2,tencent_ai_lab_chinese_embedding_light_mirror_mvp,青春感官与毕业,0.55939275,0.66875768,0.39534536,铃声,False,1165,1165
绯红,绯红,2,tencent_ai_lab_chinese_embedding_light_mirror_mvp,青春感官与毕业,0.55939152,0.60494554,0.4910605,晚霞,False,1166,1166
新的一天,新的一天,4,tencent_ai_lab_chinese_embedding_light_mirror_mvp,青春感官与毕业,0.55930685,0.5939371,0.50736147,晨光,False,1167,1167
配文,配文,2,tencent_ai_lab_chinese_embedding_light_mirror_mvp,校园日常互动,0.55919997,0.66945785,0.39381313,合照,False,1168,1168
舞厅,舞厅,2,tencent_ai_lab_chinese_embedding_light_mirror_mvp,约会物件与仪式,0.55902927,0.60166174,0.49508056,电影院,False,1169,1169
蛋糕店,蛋糕店,3,tencent_ai_lab_chinese_embedding_light_mirror_mvp,约会物件与仪式,0.55893997,0.59532243,0.50436628,奶茶,False,1170,1170
眼角,眼角,2,tencent_ai_lab_chinese_embedding_light_mirror_mvp,校园外貌与信物,0.55859046,0.58653462,0.51667422,发梢,False,1171,1171
映衬,映衬,2,tencent_ai_lab_chinese_embedding_light_mirror_mvp,青春感官与毕业,0.55853494,0.60665798,0.48635039,晚霞,False,1172,1172
发乳,发乳,2,tencent_ai_lab_chinese_embedding_light_mirror_mvp,校园外貌与信物,0.55853176,0.59505796,0.50374246,发梢,False,1173,1173
老脸,老脸,2,tencent_ai_lab_chinese_embedding_light_mirror_mvp,校园外貌与信物,0.55851661,0.62911391,0.45262066,红脸,False,1174,1174
窗前,窗前,2,tencent_ai_lab_chinese_embedding_light_mirror_mvp,青春感官与毕业,0.5585109,0.57311511,0.53660458,晨光,False,1175,1175
满头,满头,2,tencent_ai_lab_chinese_embedding_light_mirror_mvp,校园外貌与信物,0.55848937,0.57683921,0.53096461,发梢,False,1176,1176
风筒,风筒,2,tencent_ai_lab_chinese_embedding_light_mirror_mvp,校园外貌与信物,0.55847337,0.59527028,0.50327802,发梢,False,1177,1177
吹动,吹动,2,tencent_ai_lab_chinese_embedding_light_mirror_mvp,校园外貌与信物,0.55844175,0.61807883,0.46898612,发梢,False,1178,1178
光芒,光芒,2,tencent_ai_lab_chinese_embedding_light_mirror_mvp,青春感官与毕业,0.55843118,0.58193642,0.52317333,晨光,False,1179,1179
泪水,泪水,2,tencent_ai_lab_chinese_embedding_light_mirror_mvp,青春感官与毕业,0.55832076,0.61741781,0.46967518,离别,False,1180,1180
小尖,小尖,2,tencent_ai_lab_chinese_embedding_light_mirror_mvp,校园外貌与信物,0.55824261,0.57476032,0.53346604,酒窝,False,1181,1181
漫天,漫天,2,tencent_ai_lab_chinese_embedding_light_mirror_mvp,青春感官与毕业,0.55823362,0.57704592,0.53001517,晚霞,False,1182,1182
松紧,松紧,2,tencent_ai_lab_chinese_embedding_light_mirror_mvp,校园外貌与信物,0.55813493,0.6134156,0.47521392,纽扣,False,1183,1183
劳动节,劳动节,3,tencent_ai_lab_chinese_embedding_light_mirror_mvp,约会物件与仪式,0.55810995,0.58058941,0.52439076,情人节,False,1184,1184
裤管,裤管,2,tencent_ai_lab_chinese_embedding_light_mirror_mvp,校园外貌与信物,0.55790765,0.56740713,0.54365844,纽扣,False,1185,1185
进修,进修,2,tencent_ai_lab_chinese_embedding_light_mirror_mvp,青春感官与毕业,0.55789039,0.67312014,0.38504577,毕业,False,1186,1186
惘然,惘然,2,tencent_ai_lab_chinese_embedding_light_mirror_mvp,青春感官与毕业,0.55785722,0.59828502,0.49721551,离别,False,1187,1187
清秀,清秀,2,tencent_ai_lab_chinese_embedding_light_mirror_mvp,校园外貌与信物,0.55783482,0.5792855,0.52565879,酒窝,False,1188,1188
冬日,冬日,2,tencent_ai_lab_chinese_embedding_light_mirror_mvp,青春感官与毕业,0.55772194,0.58040136,0.5237028,晚霞,False,1189,1189
大巴车,大巴车,3,tencent_ai_lab_chinese_embedding_light_mirror_mvp,校园日常互动,0.55770099,0.64328969,0.42931795,等车,False,1190,1190
雨落,雨落,2,tencent_ai_lab_chinese_embedding_light_mirror_mvp,青春感官与毕业,0.55763199,0.56482959,0.5468356,晚霞,False,1191,1191
大礼包,大礼包,3,tencent_ai_lab_chinese_embedding_light_mirror_mvp,约会物件与仪式,0.55748661,0.61199629,0.47572207,礼物,False,1192,1192
爱送,爱送,2,tencent_ai_lab_chinese_embedding_light_mirror_mvp,约会物件与仪式,0.55740929,0.59647584,0.49880946,礼物,False,1193,1193
头顶,头顶,2,tencent_ai_lab_chinese_embedding_light_mirror_mvp,校园外貌与信物,0.55737953,0.5887996,0.51024944,发梢,False,1194,1194
胡须,胡须,2,tencent_ai_lab_chinese_embedding_light_mirror_mvp,校园外貌与信物,0.55715764,0.57091975,0.53651446,发梢,False,1195,1195
送去,送去,2,tencent_ai_lab_chinese_embedding_light_mirror_mvp,约会物件与仪式,0.55714673,0.62217176,0.45960918,礼物,False,1196,1196
樱桃,樱桃,2,tencent_ai_lab_chinese_embedding_light_mirror_mvp,约会物件与仪式,0.55706073,0.61552131,0.46936986,玫瑰,False,1197,1197
显小,显小,2,tencent_ai_lab_chinese_embedding_light_mirror_mvp,校园外貌与信物,0.55698068,0.56700635,0.54194218,刘海,False,1198,1198
醋栗,醋栗,2,tencent_ai_lab_chinese_embedding_light_mirror_mvp,约会物件与仪式,0.55686909,0.62894094,0.44876131,玫瑰,False,1199,1199
包身,包身,2,tencent_ai_lab_chinese_embedding_light_mirror_mvp,校园外貌与信物,0.5567678,0.59619832,0.49762201,纽扣,False,1200,1200
大红包,大红包,3,tencent_ai_lab_chinese_embedding_light_mirror_mvp,约会物件与仪式,0.55669177,0.60248911,0.48799574,礼物,False,1201,1201
嘴唇,嘴唇,2,tencent_ai_lab_chinese_embedding_light_mirror_mvp,校园外貌与信物,0.55667094,0.58223933,0.51831836,发梢,False,1202,1202
护发乳,护发乳,3,tencent_ai_lab_chinese_embedding_light_mirror_mvp,校园外貌与信物,0.55648385,0.58764714,0.50973892,发梢,False,1203,1203
景点,景点,2,tencent_ai_lab_chinese_embedding_light_mirror_mvp,约会物件与仪式,0.5564177,0.6125105,0.47227851,游乐园,False,1204,1204
大束,大束,2,tencent_ai_lab_chinese_embedding_light_mirror_mvp,约会物件与仪式,0.55616033,0.59181273,0.50268173,玫瑰,False,1205,1205
汗湿,汗湿,2,tencent_ai_lab_chinese_embedding_light_mirror_mvp,校园外貌与信物,0.55612622,0.60339737,0.48521951,发梢,False,1206,1206
纯色,纯色,2,tencent_ai_lab_chinese_embedding_light_mirror_mvp,校园外貌与信物,0.5560565,0.57803667,0.52308625,纽扣,False,1207,1207
香水,香水,2,tencent_ai_lab_chinese_embedding_light_mirror_mvp,约会物件与仪式,0.55601401,0.5893296,0.50604063,玫瑰,False,1208,1208
双节,双节,2,tencent_ai_lab_chinese_embedding_light_mirror_mvp,约会物件与仪式,0.55571713,0.58215404,0.51606178,情人节,False,1209,1209
大杯,大杯,2,tencent_ai_lab_chinese_embedding_light_mirror_mvp,约会物件与仪式,0.55557739,0.63890803,0.43058142,奶茶,False,1210,1210
杯面,杯面,2,tencent_ai_lab_chinese_embedding_light_mirror_mvp,约会物件与仪式,0.55557517,0.62838423,0.44636157,奶茶,False,1211,1211
薄款,薄款,2,tencent_ai_lab_chinese_embedding_light_mirror_mvp,校园外貌与信物,0.55543132,0.57665527,0.52359539,纽扣,False,1212,1212
买票,买票,2,tencent_ai_lab_chinese_embedding_light_mirror_mvp,约会物件与仪式,0.55494925,0.60320324,0.48256826,电影院,False,1213,1213
阔腿裤,阔腿裤,3,tencent_ai_lab_chinese_embedding_light_mirror_mvp,校园外貌与信物,0.55490458,0.56376493,0.54161406,马尾,False,1214,1214
眉清目秀,眉清目秀,4,tencent_ai_lab_chinese_embedding_light_mirror_mvp,校园外貌与信物,0.55488944,0.57192099,0.52934211,酒窝,False,1215,1215
樱花,樱花,2,tencent_ai_lab_chinese_embedding_light_mirror_mvp,约会物件与仪式,0.55485654,0.59953618,0.48783708,玫瑰,False,1216,1216
大年初一,大年初一,4,tencent_ai_lab_chinese_embedding_light_mirror_mvp,约会物件与仪式,0.55429442,0.56938827,0.53165364,情人节,False,1217,1217
柠檬,柠檬,2,tencent_ai_lab_chinese_embedding_light_mirror_mvp,约会物件与仪式,0.55419751,0.60581136,0.47677675,玫瑰,False,1218,1218
茶粉,茶粉,2,tencent_ai_lab_chinese_embedding_light_mirror_mvp,约会物件与仪式,0.55385003,0.63580275,0.43092096,奶茶,False,1219,1219
浅蓝色,浅蓝色,3,tencent_ai_lab_chinese_embedding_light_mirror_mvp,校园外貌与信物,0.55349549,0.56327671,0.53882366,马尾,False,1220,1220
复活节,复活节,3,tencent_ai_lab_chinese_embedding_light_mirror_mvp,约会物件与仪式,0.55339971,0.56485879,0.53621107,情人节,False,1221,1221
嘟嘴,嘟嘴,2,tencent_ai_lab_chinese_embedding_light_mirror_mvp,校园外貌与信物,0.5531795,0.57956624,0.5135994,酒窝,False,1222,1222
焗油,焗油,2,tencent_ai_lab_chinese_embedding_light_mirror_mvp,校园外貌与信物,0.55314541,0.58927256,0.49895468,发梢,False,1223,1223
水汪汪,水汪汪,3,tencent_ai_lab_chinese_embedding_light_mirror_mvp,校园外貌与信物,0.55285634,0.58052462,0.51135391,酒窝,False,1224,1224
俏丽,俏丽,2,tencent_ai_lab_chinese_embedding_light_mirror_mvp,校园外貌与信物,0.55272501,0.56432664,0.53532255,酒窝,False,1225,1225
绣球花,绣球花,3,tencent_ai_lab_chinese_embedding_light_mirror_mvp,约会物件与仪式,0.55266877,0.62957501,0.43730941,玫瑰,False,1226,1226
花海,花海,2,tencent_ai_lab_chinese_embedding_light_mirror_mvp,约会物件与仪式,0.55251024,0.58349133,0.50603861,游乐园,False,1227,1227
利落,利落,2,tencent_ai_lab_chinese_embedding_light_mirror_mvp,校园外貌与信物,0.55247211,0.57669294,0.51614088,马尾,False,1228,1228
前夕,前夕,2,tencent_ai_lab_chinese_embedding_light_mirror_mvp,约会物件与仪式,0.55245364,0.58414721,0.50491327,纪念日,False,1229,1229
甜笑,甜笑,2,tencent_ai_lab_chinese_embedding_light_mirror_mvp,校园外貌与信物,0.5520717,0.58869076,0.49714312,酒窝,False,1230,1230
吹风机,吹风机,3,tencent_ai_lab_chinese_embedding_light_mirror_mvp,校园外貌与信物,0.55191841,0.57594883,0.51587278,发梢,False,1231,1231
节日快乐,节日快乐,4,tencent_ai_lab_chinese_embedding_light_mirror_mvp,约会物件与仪式,0.55165826,0.55988044,0.539325,七夕,False,1232,1232
指甲,指甲,2,tencent_ai_lab_chinese_embedding_light_mirror_mvp,校园外貌与信物,0.55157981,0.57807875,0.5118314,发梢,False,1233,1233
元宵,元宵,2,tencent_ai_lab_chinese_embedding_light_mirror_mvp,约会物件与仪式,0.55153277,0.57522154,0.51599962,七夕,False,1234,1234
后座,后座,2,tencent_ai_lab_chinese_embedding_light_mirror_mvp,校园日常互动,0.55149931,0.6039896,0.47276387,等车,False,1235,1235
杏仁露,杏仁露,3,tencent_ai_lab_chinese_embedding_light_mirror_mvp,约会物件与仪式,0.55089782,0.61545515,0.45406184,奶茶,False,1236,1236
芝麻糊,芝麻糊,3,tencent_ai_lab_chinese_embedding_light_mirror_mvp,约会物件与仪式,0.55023183,0.6373266,0.41958967,奶茶,False,1237,1237
来张,来张,2,tencent_ai_lab_chinese_embedding_light_mirror_mvp,校园日常互动,0.54960128,0.63462293,0.4220688,合照,False,1238,1238
马戏,马戏,2,tencent_ai_lab_chinese_embedding_light_mirror_mvp,约会物件与仪式,0.54959753,0.60365307,0.4685142,游乐园,False,1239,1239
一朵,一朵,2,tencent_ai_lab_chinese_embedding_light_mirror_mvp,约会物件与仪式,0.54948549,0.61856705,0.44586316,玫瑰,False,1240,1240
好礼,好礼,2,tencent_ai_lab_chinese_embedding_light_mirror_mvp,约会物件与仪式,0.54941553,0.60055661,0.4727039,礼物,False,1241,1241
首饰,首饰,2,tencent_ai_lab_chinese_embedding_light_mirror_mvp,约会物件与仪式,0.54912604,0.59873515,0.47471237,礼物,False,1242,1242
长隆,长隆,2,tencent_ai_lab_chinese_embedding_light_mirror_mvp,约会物件与仪式,0.54906427,0.61415219,0.45143238,游乐园,False,1243,1243
无糖,无糖,2,tencent_ai_lab_chinese_embedding_light_mirror_mvp,约会物件与仪式,0.54905181,0.61799723,0.44563368,奶茶,False,1244,1244
国产电影,国产电影,4,tencent_ai_lab_chinese_embedding_light_mirror_mvp,约会物件与仪式,0.54898624,0.62636852,0.43291283,电影院,False,1245,1245
果干,果干,2,tencent_ai_lab_chinese_embedding_light_mirror_mvp,约会物件与仪式,0.54896556,0.58740544,0.49130574,奶茶,False,1246,1246
牡丹,牡丹,2,tencent_ai_lab_chinese_embedding_light_mirror_mvp,约会物件与仪式,0.54884267,0.63058311,0.42623201,玫瑰,False,1247,1247
馥郁,馥郁,2,tencent_ai_lab_chinese_embedding_light_mirror_mvp,约会物件与仪式,0.54849906,0.60660434,0.46134114,玫瑰,False,1248,1248
西饼,西饼,2,tencent_ai_lab_chinese_embedding_light_mirror_mvp,约会物件与仪式,0.54845272,0.6053133,0.46316186,奶茶,False,1249,1249
游园,游园,2,tencent_ai_lab_chinese_embedding_light_mirror_mvp,约会物件与仪式,0.54779114,0.60911882,0.45579961,游乐园,False,1250,1250
年货,年货,2,tencent_ai_lab_chinese_embedding_light_mirror_mvp,约会物件与仪式,0.54769869,0.58070797,0.49818477,礼物,False,1251,1251
腊八,腊八,2,tencent_ai_lab_chinese_embedding_light_mirror_mvp,约会物件与仪式,0.54764715,0.57337004,0.50906283,七夕,False,1252,1252
节礼,节礼,2,tencent_ai_lab_chinese_embedding_light_mirror_mvp,约会物件与仪式,0.54744132,0.5930301,0.47905815,礼物,False,1253,1253
礼包,礼包,2,tencent_ai_lab_chinese_embedding_light_mirror_mvp,约会物件与仪式,0.5473665,0.59181195,0.48069832,礼物,False,1254,1254
游戏厅,游戏厅,3,tencent_ai_lab_chinese_embedding_light_mirror_mvp,约会物件与仪式,0.54727515,0.58430886,0.49172458,电影院,False,1255,1255
那杯,那杯,2,tencent_ai_lab_chinese_embedding_light_mirror_mvp,约会物件与仪式,0.54714381,0.60694975,0.45743489,奶茶,False,1256,1256
纯牛奶,纯牛奶,3,tencent_ai_lab_chinese_embedding_light_mirror_mvp,约会物件与仪式,0.54625344,0.61915493,0.43690121,奶茶,False,1257,1257
麻薯,麻薯,2,tencent_ai_lab_chinese_embedding_light_mirror_mvp,约会物件与仪式,0.5461583,0.60062814,0.46445355,奶茶,False,1258,1258
晒图,晒图,2,tencent_ai_lab_chinese_embedding_light_mirror_mvp,校园日常互动,0.54442911,0.64128739,0.3991417,合照,False,1259,1259
拍张,拍张,2,tencent_ai_lab_chinese_embedding_light_mirror_mvp,校园日常互动,0.54360155,0.61634135,0.43449184,合照,False,1260,1260
一辆车,一辆车,3,tencent_ai_lab_chinese_embedding_light_mirror_mvp,校园日常互动,0.54273919,0.63388646,0.40601829,等车,False,1261,1261
中巴车,中巴车,3,tencent_ai_lab_chinese_embedding_light_mirror_mvp,校园日常互动,0.54138037,0.63678002,0.39828089,等车,False,1262,1262
皂片,皂片,2,tencent_ai_lab_chinese_embedding_light_mirror_mvp,校园日常互动,0.5404229,0.63750511,0.39479959,合照,False,1263,1263
分享照片,分享照片,4,tencent_ai_lab_chinese_embedding_light_mirror_mvp,校园日常互动,0.53961886,0.6151855,0.42626891,合照,False,1264,1264
拍照,拍照,2,tencent_ai_lab_chinese_embedding_light_mirror_mvp,校园日常互动,0.53934308,0.59093785,0.46195093,合照,False,1265,1265
生活照,生活照,3,tencent_ai_lab_chinese_embedding_light_mirror_mvp,校园日常互动,0.53748777,0.64337146,0.37866223,合照,False,1266,1266
公共汽车,公共汽车,4,tencent_ai_lab_chinese_embedding_light_mirror_mvp,校园日常互动,0.53326005,0.63229156,0.38471279,等车,False,1267,1267
电车,电车,2,tencent_ai_lab_chinese_embedding_light_mirror_mvp,校园日常互动,0.52971618,0.6211639,0.3925446,等车,False,1268,1268
出操,出操,2,tencent_ai_lab_chinese_embedding_light_mirror_mvp,校园日常互动,0.52883621,0.59172428,0.43450412,值日,False,1269,1269
打车,打车,2,tencent_ai_lab_chinese_embedding_light_mirror_mvp,校园日常互动,0.52876112,0.62376732,0.38625184,等车,False,1270,1270
堵车,堵车,2,tencent_ai_lab_chinese_embedding_light_mirror_mvp,校园日常互动,0.52809905,0.62491643,0.38287297,等车,False,1271,1271
车来,车来,2,tencent_ai_lab_chinese_embedding_light_mirror_mvp,校园日常互动,0.52781247,0.60682094,0.40929976,等车,False,1272,1272
站台,站台,2,tencent_ai_lab_chinese_embedding_light_mirror_mvp,校园日常互动,0.52718374,0.59212363,0.4297739,等车,False,1273,1273
小组长,小组长,3,tencent_ai_lab_chinese_embedding_light_mirror_mvp,校园日常互动,0.52551112,0.57733846,0.44777012,值日,False,1274,1274
车门,车门,2,tencent_ai_lab_chinese_embedding_light_mirror_mvp,校园日常互动,0.52544577,0.62344444,0.37844777,等车,False,1275,1275
司机,司机,2,tencent_ai_lab_chinese_embedding_light_mirror_mvp,校园日常互动,0.52501373,0.5997529,0.41290498,等车,False,1276,1276
车前,车前,2,tencent_ai_lab_chinese_embedding_light_mirror_mvp,校园日常互动,0.52455972,0.60672331,0.40131435,等车,False,1277,1277
车窗,车窗,2,tencent_ai_lab_chinese_embedding_light_mirror_mvp,校园日常互动,0.52420332,0.61903971,0.38194874,等车,False,1278,1278
值勤,值勤,2,tencent_ai_lab_chinese_embedding_light_mirror_mvp,校园日常互动,0.52193538,0.58354205,0.42952538,值日,False,1279,1279
开走,开走,2,tencent_ai_lab_chinese_embedding_light_mirror_mvp,校园日常互动,0.52069807,0.60709947,0.39109597,等车,False,1280,1280
车快,车快,2,tencent_ai_lab_chinese_embedding_light_mirror_mvp,校园日常互动,0.52003555,0.60724449,0.38922215,等车,False,1281,1281
抢镜,抢镜,2,tencent_ai_lab_chinese_embedding_light_mirror_mvp,校园日常互动,0.5195819,0.60362458,0.39351788,合照,False,1282,1282
面包车,面包车,3,tencent_ai_lab_chinese_embedding_light_mirror_mvp,校园日常互动,0.51947351,0.60368371,0.3931582,等车,False,1283,1283
拦车,拦车,2,tencent_ai_lab_chinese_embedding_light_mirror_mvp,校园日常互动,0.51876452,0.60844368,0.38424578,等车,False,1284,1284
小车,小车,2,tencent_ai_lab_chinese_embedding_light_mirror_mvp,校园日常互动,0.51858526,0.60692304,0.3860786,等车,False,1285,1285
乘客,乘客,2,tencent_ai_lab_chinese_embedding_light_mirror_mvp,校园日常互动,0.51773534,0.59936458,0.39529148,等车,False,1286,1286
升旗,升旗,2,tencent_ai_lab_chinese_embedding_light_mirror_mvp,校园日常互动,0.51756203,0.57223213,0.43555689,值日,False,1287,1287
车后,车后,2,tencent_ai_lab_chinese_embedding_light_mirror_mvp,校园日常互动,0.51748998,0.60286194,0.38943204,等车,False,1288,1288
留念,留念,2,tencent_ai_lab_chinese_embedding_light_mirror_mvp,校园日常互动,0.5172613,0.60105419,0.39157197,合照,False,1289,1289
售票员,售票员,3,tencent_ai_lab_chinese_embedding_light_mirror_mvp,校园日常互动,0.51580986,0.5754481,0.4263525,等车,False,1290,1290
封面照,封面照,3,tencent_ai_lab_chinese_embedding_light_mirror_mvp,校园日常互动,0.51105831,0.62049115,0.34690905,合照,False,1291,1291
当班,当班,2,tencent_ai_lab_chinese_embedding_light_mirror_mvp,校园日常互动,0.51083307,0.55204731,0.44901171,值日,False,1292,1292
进站,进站,2,tencent_ai_lab_chinese_embedding_light_mirror_mvp,校园日常互动,0.50972433,0.59407711,0.38319516,等车,False,1293,1293
这张,这张,2,tencent_ai_lab_chinese_embedding_light_mirror_mvp,校园日常互动,0.50887407,0.59175164,0.38455772,合照,False,1294,1294
留影,留影,2,tencent_ai_lab_chinese_embedding_light_mirror_mvp,校园日常互动,0.50879333,0.58706391,0.39138746,合照,False,1295,1295
照相,照相,2,tencent_ai_lab_chinese_embedding_light_mirror_mvp,校园日常互动,0.50761806,0.55666769,0.43404362,合照,False,1296,1296
等客,等客,2,tencent_ai_lab_chinese_embedding_light_mirror_mvp,校园日常互动,0.50684381,0.60477281,0.3599503,等车,False,1297,1297
车人,车人,2,tencent_ai_lab_chinese_embedding_light_mirror_mvp,校园日常互动,0.50676839,0.57298553,0.40744269,等车,False,1298,1298
长途客车,长途客车,4,tencent_ai_lab_chinese_embedding_light_mirror_mvp,校园日常互动,0.50585431,0.61033523,0.34913293,等车,False,1299,1299
扫地,扫地,2,tencent_ai_lab_chinese_embedding_light_mirror_mvp,校园日常互动,0.50504019,0.57861465,0.3946785,值日,False,1300,1300
同款,同款,2,tencent_ai_lab_chinese_embedding_light_mirror_mvp,校园日常互动,0.50462478,0.563223,0.41672745,合照,False,1301,1301
出租车司机,出租车司机,5,tencent_ai_lab_chinese_embedding_light_mirror_mvp,校园日常互动,0.50423669,0.58970177,0.37603906,等车,False,1302,1302
打扫,打扫,2,tencent_ai_lab_chinese_embedding_light_mirror_mvp,校园日常互动,0.5041595,0.58913928,0.37668982,值日,False,1303,1303
换班,换班,2,tencent_ai_lab_chinese_embedding_light_mirror_mvp,校园日常互动,0.50364382,0.5478574,0.43732345,值日,False,1304,1304
候车室,候车室,3,tencent_ai_lab_chinese_embedding_light_mirror_mvp,校园日常互动,0.50305625,0.57843041,0.38999501,等车,False,1305,1305
横穿马路,横穿马路,4,tencent_ai_lab_chinese_embedding_light_mirror_mvp,校园日常互动,0.50301411,0.58474529,0.38041735,等车,False,1306,1306
图片中,图片中,3,tencent_ai_lab_chinese_embedding_light_mirror_mvp,校园日常互动,0.50192569,0.57873297,0.38671479,合照,False,1307,1307
车子,车子,2,tencent_ai_lab_chinese_embedding_light_mirror_mvp,校园日常互动,0.50190152,0.59359246,0.3643651,等车,False,1308,1308
副驾驶,副驾驶,3,tencent_ai_lab_chinese_embedding_light_mirror_mvp,校园日常互动,0.50111688,0.55127668,0.42587718,等车,False,1309,1309
火车,火车,2,tencent_ai_lab_chinese_embedding_light_mirror_mvp,校园日常互动,0.50106592,0.57027555,0.39725149,等车,False,1310,1310
投币,投币,2,tencent_ai_lab_chinese_embedding_light_mirror_mvp,校园日常互动,0.50103546,0.57186121,0.39479685,等车,False,1311,1311
私家车,私家车,3,tencent_ai_lab_chinese_embedding_light_mirror_mvp,校园日常互动,0.50098295,0.59712744,0.35676622,等车,False,1312,1312
素颜,素颜,2,tencent_ai_lab_chinese_embedding_light_mirror_mvp,校园日常互动,0.50032355,0.58592832,0.37191638,合照,False,1313,1313
订饭,订饭,2,tencent_ai_lab_chinese_embedding_light_mirror_mvp,校园日常互动,0.49985536,0.53752458,0.44335154,值日,False,1314,1314
接站,接站,2,tencent_ai_lab_chinese_embedding_light_mirror_mvp,校园日常互动,0.49965904,0.56118071,0.40737653,等车,False,1315,1315
叫车,叫车,2,tencent_ai_lab_chinese_embedding_light_mirror_mvp,校园日常互动,0.49940313,0.59991944,0.34862867,等车,False,1316,1316
查寝,查寝,2,tencent_ai_lab_chinese_embedding_light_mirror_mvp,校园日常互动,0.4993606,0.53875309,0.44027185,值日,False,1317,1317
停车,停车,2,tencent_ai_lab_chinese_embedding_light_mirror_mvp,校园日常互动,0.49908235,0.5976094,0.35129178,等车,False,1318,1318
接车,接车,2,tencent_ai_lab_chinese_embedding_light_mirror_mvp,校园日常互动,0.49894593,0.56782448,0.39562809,等车,False,1319,1319
秀起,秀起,2,tencent_ai_lab_chinese_embedding_light_mirror_mvp,校园日常互动,0.49862931,0.59183067,0.35882726,合照,False,1320,1320
大客车,大客车,3,tencent_ai_lab_chinese_embedding_light_mirror_mvp,校园日常互动,0.49794078,0.59019923,0.3595531,等车,False,1321,1321
客车,客车,2,tencent_ai_lab_chinese_embedding_light_mirror_mvp,校园日常互动,0.49653311,0.6030131,0.33681312,等车,False,1322,1322
升旗仪式,升旗仪式,4,tencent_ai_lab_chinese_embedding_light_mirror_mvp,校园日常互动,0.49649731,0.53904521,0.43267545,值日,False,1323,1323
车停,车停,2,tencent_ai_lab_chinese_embedding_light_mirror_mvp,校园日常互动,0.49648982,0.58515942,0.36348543,等车,False,1324,1324
有辆,有辆,2,tencent_ai_lab_chinese_embedding_light_mirror_mvp,校园日常互动,0.49638623,0.58323896,0.36610714,等车,False,1325,1325
轿车,轿车,2,tencent_ai_lab_chinese_embedding_light_mirror_mvp,校园日常互动,0.49575847,0.60400903,0.33338264,等车,False,1326,1326
蜡像,蜡像,2,tencent_ai_lab_chinese_embedding_light_mirror_mvp,校园日常互动,0.49546186,0.58577597,0.35999069,合照,False,1327,1327
空调车,空调车,3,tencent_ai_lab_chinese_embedding_light_mirror_mvp,校园日常互动,0.4952682,0.57883686,0.36991522,等车,False,1328,1328
开车回家,开车回家,4,tencent_ai_lab_chinese_embedding_light_mirror_mvp,校园日常互动,0.4952179,0.57174492,0.38042736,等车,False,1329,1329
前座,前座,2,tencent_ai_lab_chinese_embedding_light_mirror_mvp,校园日常互动,0.49490864,0.5274834,0.4460465,等车,False,1330,1330
商务车,商务车,3,tencent_ai_lab_chinese_embedding_light_mirror_mvp,校园日常互动,0.49462794,0.59523851,0.34371209,等车,False,1331,1331
照片分享,照片分享,4,tencent_ai_lab_chinese_embedding_light_mirror_mvp,校园日常互动,0.49431859,0.5698058,0.38108778,合照,False,1332,1332
微博之夜,微博之夜,4,tencent_ai_lab_chinese_embedding_light_mirror_mvp,校园日常互动,0.49277843,0.57435423,0.37041473,合照,False,1333,1333
乘车,乘车,2,tencent_ai_lab_chinese_embedding_light_mirror_mvp,校园日常互动,0.49251511,0.57148206,0.37406468,等车,False,1334,1334
笑称,笑称,2,tencent_ai_lab_chinese_embedding_light_mirror_mvp,校园日常互动,0.49243819,0.55187744,0.4032793,合照,False,1335,1335
驾驶座,驾驶座,3,tencent_ai_lab_chinese_embedding_light_mirror_mvp,校园日常互动,0.49239632,0.56341493,0.3858684,等车,False,1336,1336
检票,检票,2,tencent_ai_lab_chinese_embedding_light_mirror_mvp,校园日常互动,0.49187599,0.55416626,0.3984406,等车,False,1337,1337
车去,车去,2,tencent_ai_lab_chinese_embedding_light_mirror_mvp,校园日常互动,0.49151772,0.57407463,0.36768237,等车,False,1338,1338
车内,车内,2,tencent_ai_lab_chinese_embedding_light_mirror_mvp,校园日常互动,0.49112159,0.57630873,0.36334088,等车,False,1339,1339
取车,取车,2,tencent_ai_lab_chinese_embedding_light_mirror_mvp,校园日常互动,0.49090827,0.57879418,0.35907939,等车,False,1340,1340
表情,表情,2,tencent_ai_lab_chinese_embedding_light_mirror_mvp,校园日常互动,0.49080091,0.54089808,0.41565514,合照,False,1341,1341
一辆,一辆,2,tencent_ai_lab_chinese_embedding_light_mirror_mvp,校园日常互动,0.49076045,0.58044994,0.35622621,等车,False,1342,1342
几辆车,几辆车,3,tencent_ai_lab_chinese_embedding_light_mirror_mvp,校园日常互动,0.49067436,0.57348883,0.36645266,等车,False,1343,1343
跟车,跟车,2,tencent_ai_lab_chinese_embedding_light_mirror_mvp,校园日常互动,0.49004194,0.56390542,0.37924671,等车,False,1344,1344
好车,好车,2,tencent_ai_lab_chinese_embedding_light_mirror_mvp,校园日常互动,0.48993767,0.58287024,0.35053882,等车,False,1345,1345
自行车,自行车,3,tencent_ai_lab_chinese_embedding_light_mirror_mvp,校园日常互动,0.48936322,0.5585416,0.38559565,等车,False,1346,1346
张是,张是,2,tencent_ai_lab_chinese_embedding_light_mirror_mvp,校园日常互动,0.4888917,0.56911421,0.36855793,合照,False,1347,1347
颜值,颜值,2,tencent_ai_lab_chinese_embedding_light_mirror_mvp,校园日常互动,0.4887623,0.55115592,0.39517185,合照,True,1348,1348
值班,值班,2,tencent_ai_lab_chinese_embedding_light_mirror_mvp,校园日常互动,0.48873848,0.54963815,0.39738896,值日,False,1349,1349
三轮车,三轮车,3,tencent_ai_lab_chinese_embedding_light_mirror_mvp,校园日常互动,0.48843114,0.56245798,0.37739089,等车,False,1350,1350
初一,初一,2,tencent_ai_lab_chinese_embedding_light_mirror_mvp,校园日常互动,0.4879074,0.51687574,0.44445488,值日,False,1351,1351
巴士,巴士,2,tencent_ai_lab_chinese_embedding_light_mirror_mvp,校园日常互动,0.4877969,0.57446659,0.35779238,等车,False,1352,1352
校车,校车,2,tencent_ai_lab_chinese_embedding_light_mirror_mvp,校园日常互动,0.48635393,0.53745556,0.4097015,等车,False,1353,1353
好几辆,好几辆,3,tencent_ai_lab_chinese_embedding_light_mirror_mvp,校园日常互动,0.48633163,0.56611305,0.36665949,等车,False,1354,1354
放张,放张,2,tencent_ai_lab_chinese_embedding_light_mirror_mvp,校园日常互动,0.48632206,0.55922008,0.37697503,合照,False,1355,1355
排队,排队,2,tencent_ai_lab_chinese_embedding_light_mirror_mvp,校园日常互动,0.48611811,0.54473996,0.39818534,等车,False,1356,1356
三班,三班,2,tencent_ai_lab_chinese_embedding_light_mirror_mvp,校园日常互动,0.48601321,0.52089006,0.43369794,值日,False,1357,1357
帮拍,帮拍,2,tencent_ai_lab_chinese_embedding_light_mirror_mvp,校园日常互动,0.48597418,0.55357182,0.38457772,合照,False,1358,1358
截图,截图,2,tencent_ai_lab_chinese_embedding_light_mirror_mvp,校园日常互动,0.48578498,0.56545651,0.36627769,合照,False,1359,1359
大巴,大巴,2,tencent_ai_lab_chinese_embedding_light_mirror_mvp,校园日常互动,0.48564628,0.56269944,0.37006655,等车,False,1360,1360
但车,但车,2,tencent_ai_lab_chinese_embedding_light_mirror_mvp,校园日常互动,0.48563271,0.58635783,0.33454502,等车,False,1361,1361
将车,将车,2,tencent_ai_lab_chinese_embedding_light_mirror_mvp,校园日常互动,0.4855839,0.59070903,0.32789621,等车,False,1362,1362
萌翻,萌翻,2,tencent_ai_lab_chinese_embedding_light_mirror_mvp,校园日常互动,0.48537797,0.56240392,0.36983904,合照,False,1363,1363
上发,上发,2,tencent_ai_lab_chinese_embedding_light_mirror_mvp,校园日常互动,0.48532523,0.56086338,0.37201801,合照,False,1364,1364
德育处,德育处,3,tencent_ai_lab_chinese_embedding_light_mirror_mvp,校园日常互动,0.48499953,0.52965999,0.41800883,值日,False,1365,1365
这组,这组,2,tencent_ai_lab_chinese_embedding_light_mirror_mvp,校园日常互动,0.48430159,0.58197767,0.33778748,合照,False,1366,1366
排班,排班,2,tencent_ai_lab_chinese_embedding_light_mirror_mvp,校园日常互动,0.48398056,0.55416703,0.37870085,值日,False,1367,1367
神似,神似,2,tencent_ai_lab_chinese_embedding_light_mirror_mvp,校园日常互动,0.48323134,0.54409349,0.39193812,合照,False,1368,1368
奥迪车,奥迪车,3,tencent_ai_lab_chinese_embedding_light_mirror_mvp,校园日常互动,0.48321446,0.56273437,0.36393461,等车,False,1369,1369
组员,组员,2,tencent_ai_lab_chinese_embedding_light_mirror_mvp,校园日常互动,0.48297775,0.510409,0.44183087,值日,False,1370,1370
长途车,长途车,3,tencent_ai_lab_chinese_embedding_light_mirror_mvp,校园日常互动,0.4826895,0.56414455,0.36050692,等车,False,1371,1371
大扫除,大扫除,3,tencent_ai_lab_chinese_embedding_light_mirror_mvp,校园日常互动,0.482656,0.54860359,0.38373461,值日,False,1372,1372
车多,车多,2,tencent_ai_lab_chinese_embedding_light_mirror_mvp,校园日常互动,0.48239352,0.58285773,0.3316972,等车,False,1373,1373
坐火车,坐火车,3,tencent_ai_lab_chinese_embedding_light_mirror_mvp,校园日常互动,0.48211282,0.53557849,0.40191433,等车,False,1374,1374
超模,超模,2,tencent_ai_lab_chinese_embedding_light_mirror_mvp,校园日常互动,0.48205017,0.57194555,0.3472071,合照,False,1375,1375
写真,写真,2,tencent_ai_lab_chinese_embedding_light_mirror_mvp,校园日常互动,0.48189352,0.58617437,0.32547224,合照,False,1376,1376
车堵,车堵,2,tencent_ai_lab_chinese_embedding_light_mirror_mvp,校园日常互动,0.48185643,0.56620026,0.35534069,等车,False,1377,1377
证件照,证件照,3,tencent_ai_lab_chinese_embedding_light_mirror_mvp,校园日常互动,0.48170217,0.56183279,0.36150625,合照,False,1378,1378
纠察,纠察,2,tencent_ai_lab_chinese_embedding_light_mirror_mvp,校园日常互动,0.48123788,0.5573585,0.36705694,值日,False,1379,1379
车开,车开,2,tencent_ai_lab_chinese_embedding_light_mirror_mvp,校园日常互动,0.48122712,0.56056094,0.3622264,等车,False,1380,1380
早退,早退,2,tencent_ai_lab_chinese_embedding_light_mirror_mvp,校园日常互动,0.48065151,0.52242434,0.41799226,值日,False,1381,1381
车中,车中,2,tencent_ai_lab_chinese_embedding_light_mirror_mvp,校园日常互动,0.48052768,0.57270628,0.34225976,等车,False,1382,1382
中途下车,中途下车,4,tencent_ai_lab_chinese_embedding_light_mirror_mvp,校园日常互动,0.48029376,0.54092276,0.38935027,等车,False,1383,1383
年级组,年级组,3,tencent_ai_lab_chinese_embedding_light_mirror_mvp,校园日常互动,0.48021016,0.51759702,0.42412987,值日,False,1384,1384
卖萌,卖萌,2,tencent_ai_lab_chinese_embedding_light_mirror_mvp,校园日常互动,0.48010002,0.55186474,0.37245294,合照,False,1385,1385
塞车,塞车,2,tencent_ai_lab_chinese_embedding_light_mirror_mvp,校园日常互动,0.47984816,0.55912173,0.3609378,等车,False,1386,1386
两辆车,两辆车,3,tencent_ai_lab_chinese_embedding_light_mirror_mvp,校园日常互动,0.47979025,0.54898369,0.37600008,等车,False,1387,1387
班委会,班委会,3,tencent_ai_lab_chinese_embedding_light_mirror_mvp,校园日常互动,0.47970226,0.52161461,0.41683373,值日,False,1388,1388
抢行,抢行,2,tencent_ai_lab_chinese_embedding_light_mirror_mvp,校园日常互动,0.47904717,0.55569136,0.36408088,等车,False,1389,1389
电瓶车,电瓶车,3,tencent_ai_lab_chinese_embedding_light_mirror_mvp,校园日常互动,0.4788731,0.54984146,0.37242055,等车,False,1390,1390
警车,警车,2,tencent_ai_lab_chinese_embedding_light_mirror_mvp,校园日常互动,0.47881546,0.55549526,0.36379576,等车,False,1391,1391
坐进,坐进,2,tencent_ai_lab_chinese_embedding_light_mirror_mvp,校园日常互动,0.47848483,0.54603696,0.37715665,等车,False,1392,1392
车厢,车厢,2,tencent_ai_lab_chinese_embedding_light_mirror_mvp,校园日常互动,0.47835389,0.53910255,0.3872309,等车,False,1393,1393
车会,车会,2,tencent_ai_lab_chinese_embedding_light_mirror_mvp,校园日常互动,0.4783265,0.57248032,0.33709577,等车,False,1394,1394
车下,车下,2,tencent_ai_lab_chinese_embedding_light_mirror_mvp,校园日常互动,0.47812942,0.54590595,0.37646464,等车,False,1395,1395
抢道,抢道,2,tencent_ai_lab_chinese_embedding_light_mirror_mvp,校园日常互动,0.47809033,0.54234624,0.38170648,等车,False,1396,1396
斑马线,斑马线,3,tencent_ai_lab_chinese_embedding_light_mirror_mvp,校园日常互动,0.47759608,0.54931623,0.37001586,等车,False,1397,1397
推车,推车,2,tencent_ai_lab_chinese_embedding_light_mirror_mvp,校园日常互动,0.47735996,0.53397423,0.39243856,等车,False,1398,1398
后备箱,后备箱,3,tencent_ai_lab_chinese_embedding_light_mirror_mvp,校园日常互动,0.47735888,0.54082358,0.38216183,等车,False,1399,1399
黄渤,黄渤,2,tencent_ai_lab_chinese_embedding_light_mirror_mvp,校园日常互动,0.47715575,0.53817761,0.38562295,合照,False,1400,1400
不忘发,不忘发,3,tencent_ai_lab_chinese_embedding_light_mirror_mvp,校园日常互动,0.47688267,0.56074291,0.35109231,合照,False,1401,1401
哪辆,哪辆,2,tencent_ai_lab_chinese_embedding_light_mirror_mvp,校园日常互动,0.47659048,0.55538404,0.35840014,等车,False,1402,1402
旁边,旁边,2,tencent_ai_lab_chinese_embedding_light_mirror_mvp,校园日常互动,0.4763896,0.48229137,0.46753696,同桌,False,1403,1403
黑车,黑车,2,tencent_ai_lab_chinese_embedding_light_mirror_mvp,校园日常互动,0.47637322,0.57061642,0.33500841,等车,False,1404,1404
从车,从车,2,tencent_ai_lab_chinese_embedding_light_mirror_mvp,校园日常互动,0.47621228,0.55609363,0.35639024,等车,False,1405,1405
车主,车主,2,tencent_ai_lab_chinese_embedding_light_mirror_mvp,校园日常互动,0.47583402,0.56461704,0.3426595,等车,False,1406,1406
车流,车流,2,tencent_ai_lab_chinese_embedding_light_mirror_mvp,校园日常互动,0.47539281,0.5645467,0.34166196,等车,False,1407,1407
检票口,检票口,3,tencent_ai_lab_chinese_embedding_light_mirror_mvp,校园日常互动,0.4751416,0.52690971,0.39748943,等车,False,1408,1408
车是,车是,2,tencent_ai_lab_chinese_embedding_light_mirror_mvp,校园日常互动,0.4751374,0.55376923,0.35718966,等车,False,1409,1409
店门口,店门口,3,tencent_ai_lab_chinese_embedding_light_mirror_mvp,校园日常互动,0.47501088,0.52327895,0.40260878,等车,False,1410,1410
让座,让座,2,tencent_ai_lab_chinese_embedding_light_mirror_mvp,校园日常互动,0.47486306,0.52254581,0.40333894,等车,False,1411,1411
最丑,最丑,2,tencent_ai_lab_chinese_embedding_light_mirror_mvp,校园日常互动,0.4745622,0.52843058,0.39375964,合照,False,1412,1412
辆车,辆车,2,tencent_ai_lab_chinese_embedding_light_mirror_mvp,校园日常互动,0.47455478,0.56423879,0.34002876,等车,False,1413,1413
动图,动图,2,tencent_ai_lab_chinese_embedding_light_mirror_mvp,校园日常互动,0.47445788,0.55326539,0.35624662,合照,False,1414,1414
同车,同车,2,tencent_ai_lab_chinese_embedding_light_mirror_mvp,校园日常互动,0.47406239,0.49154028,0.44784555,等车,False,1415,1415
海报,海报,2,tencent_ai_lab_chinese_embedding_light_mirror_mvp,校园日常互动,0.47397469,0.53462601,0.38299772,合照,False,1416,1416
小轿车,小轿车,3,tencent_ai_lab_chinese_embedding_light_mirror_mvp,校园日常互动,0.47392074,0.55526471,0.35190478,等车,False,1417,1417
小视频,小视频,3,tencent_ai_lab_chinese_embedding_light_mirror_mvp,校园日常互动,0.47377602,0.53265643,0.3854554,合照,False,1418,1418
奔驰车,奔驰车,3,tencent_ai_lab_chinese_embedding_light_mirror_mvp,校园日常互动,0.4737757,0.55527055,0.35153341,等车,False,1419,1419
路上,路上,2,tencent_ai_lab_chinese_embedding_light_mirror_mvp,校园日常互动,0.47337722,0.52691448,0.39307132,等车,False,1420,1420
追尾,追尾,2,tencent_ai_lab_chinese_embedding_light_mirror_mvp,校园日常互动,0.47310884,0.54056901,0.37191859,等车,False,1421,1421
加塞,加塞,2,tencent_ai_lab_chinese_embedding_light_mirror_mvp,校园日常互动,0.47301569,0.53865284,0.37455997,等车,False,1422,1422
带班,带班,2,tencent_ai_lab_chinese_embedding_light_mirror_mvp,校园日常互动,0.47273018,0.51065242,0.41584682,值日,False,1423,1423
直呼,直呼,2,tencent_ai_lab_chinese_embedding_light_mirror_mvp,校园日常互动,0.47258643,0.54471171,0.36439851,合照,False,1424,1424
收车,收车,2,tencent_ai_lab_chinese_embedding_light_mirror_mvp,校园日常互动,0.47217311,0.56556833,0.33208027,等车,False,1425,1425
代班,代班,2,tencent_ai_lab_chinese_embedding_light_mirror_mvp,校园日常互动,0.47211059,0.49429882,0.43882826,值日,False,1426,1426
纷纷表示,纷纷表示,4,tencent_ai_lab_chinese_embedding_light_mirror_mvp,校园日常互动,0.47144164,0.55267847,0.3495864,合照,False,1427,1427
几站,几站,2,tencent_ai_lab_chinese_embedding_light_mirror_mvp,校园日常互动,0.47089609,0.55111265,0.35057124,等车,False,1428,1428
后援会,后援会,3,tencent_ai_lab_chinese_embedding_light_mirror_mvp,校园日常互动,0.47036858,0.54982382,0.35118571,合照,False,1429,1429
送饭,送饭,2,tencent_ai_lab_chinese_embedding_light_mirror_mvp,校园日常互动,0.47024173,0.5046289,0.41866097,值日,False,1430,1430
这车,这车,2,tencent_ai_lab_chinese_embedding_light_mirror_mvp,校园日常互动,0.47014346,0.54755193,0.35403076,等车,False,1431,1431
路虎车,路虎车,3,tencent_ai_lab_chinese_embedding_light_mirror_mvp,校园日常互动,0.46989439,0.54374141,0.35912386,等车,False,1432,1432
这辆,这辆,2,tencent_ai_lab_chinese_embedding_light_mirror_mvp,校园日常互动,0.46988637,0.54617202,0.3554579,等车,False,1433,1433
流动红旗,流动红旗,4,tencent_ai_lab_chinese_embedding_light_mirror_mvp,校园日常互动,0.46988162,0.52715015,0.38397881,值日,False,1434,1434
小面包,小面包,3,tencent_ai_lab_chinese_embedding_light_mirror_mvp,校园日常互动,0.46980962,0.51164806,0.40705195,等车,False,1435,1435
修图,修图,2,tencent_ai_lab_chinese_embedding_light_mirror_mvp,校园日常互动,0.46975849,0.54158962,0.36201179,合照,False,1436,1436
拍大,拍大,2,tencent_ai_lab_chinese_embedding_light_mirror_mvp,校园日常互动,0.4697392,0.5492503,0.35047254,合照,False,1437,1437
车辆,车辆,2,tencent_ai_lab_chinese_embedding_light_mirror_mvp,校园日常互动,0.46918716,0.56700367,0.32246241,等车,False,1438,1438
车座,车座,2,tencent_ai_lab_chinese_embedding_light_mirror_mvp,校园日常互动,0.46910486,0.53877217,0.36460391,等车,False,1439,1439
出勤,出勤,2,tencent_ai_lab_chinese_embedding_light_mirror_mvp,校园日常互动,0.46836891,0.52909333,0.37728229,值日,False,1440,1440
缺勤,缺勤,2,tencent_ai_lab_chinese_embedding_light_mirror_mvp,校园日常互动,0.46831409,0.52345359,0.38560483,值日,False,1441,1441
飙戏,飙戏,2,tencent_ai_lab_chinese_embedding_light_mirror_mvp,校园日常互动,0.46812813,0.52213466,0.38711834,合照,False,1442,1442
旧图,旧图,2,tencent_ai_lab_chinese_embedding_light_mirror_mvp,校园日常互动,0.4679208,0.54217333,0.35654202,合照,False,1443,1443
看着,看着,2,tencent_ai_lab_chinese_embedding_light_mirror_mvp,校园日常互动,0.46785479,0.48140368,0.44753146,同桌,False,1444,1444
罚抄,罚抄,2,tencent_ai_lab_chinese_embedding_light_mirror_mvp,校园日常互动,0.46778234,0.50570691,0.4108955,值日,False,1445,1445
