id,term,normalized_term,length,source,score,max_seed_similarity,top3_seed_similarity,best_seed,best_category,category_similarity,semantic_level,rank
1,妻子,妻子,2,tencent_ai_lab_chinese_embedding_light_mirror_mvp,0.96703861,1.0,0.91759652,妻子,婚恋,0.85887647,5,1
2,老婆,老婆,2,tencent_ai_lab_chinese_embedding_light_mirror_mvp,0.96671963,1.0,0.91679907,老婆,婚恋,0.86879617,5,2
3,丈夫,丈夫,2,tencent_ai_lab_chinese_embedding_light_mirror_mvp,0.96635027,1.00000012,0.91587549,丈夫,婚恋,0.84498823,5,3
4,前女友,前女友,3,tencent_ai_lab_chinese_embedding_light_mirror_mvp,0.96191959,0.99999988,0.90479916,前女友,恋爱历史,0.93654263,5,4
5,女朋友,女朋友,3,tencent_ai_lab_chinese_embedding_light_mirror_mvp,0.95994987,0.99999988,0.89987487,女朋友,对象关系,0.87349826,5,5
6,前男友,前男友,3,tencent_ai_lab_chinese_embedding_light_mirror_mvp,0.95952582,1.00000012,0.89881438,前男友,恋爱历史,0.93061143,5,6
7,男朋友,男朋友,3,tencent_ai_lab_chinese_embedding_light_mirror_mvp,0.95656223,1.0,0.89140558,男朋友,对象关系,0.85495126,5,7
8,告白,告白,2,tencent_ai_lab_chinese_embedding_light_mirror_mvp,0.95130222,1.00000012,0.87825537,告白,表白与追求,0.90915203,5,8
9,订婚,订婚,2,tencent_ai_lab_chinese_embedding_light_mirror_mvp,0.9444724,0.99999994,0.86118108,订婚,婚恋,0.81525409,5,9
10,恋人,恋人,2,tencent_ai_lab_chinese_embedding_light_mirror_mvp,0.94397521,1.00000012,0.85993785,恋人,对象关系,0.87614667,5,10
11,结婚,结婚,2,tencent_ai_lab_chinese_embedding_light_mirror_mvp,0.943651,0.99999994,0.85912758,结婚,婚恋,0.87552053,5,11
12,表白,表白,2,tencent_ai_lab_chinese_embedding_light_mirror_mvp,0.9425822,1.00000012,0.85645533,表白,表白与追求,0.8913669,5,12
13,暗恋,暗恋,2,tencent_ai_lab_chinese_embedding_light_mirror_mvp,0.94219704,1.0,0.85549259,暗恋,表白与追求,0.87808681,5,13
14,爱情,爱情,2,tencent_ai_lab_chinese_embedding_light_mirror_mvp,0.94012864,1.0,0.85032159,爱情,恋爱核心,0.89242756,5,14
15,恋爱,恋爱,2,tencent_ai_lab_chinese_embedding_light_mirror_mvp,0.93890723,0.99999994,0.84726816,恋爱,恋爱核心,0.9088167,5,15
16,约会,约会,2,tencent_ai_lab_chinese_embedding_light_mirror_mvp,0.93756411,1.0,0.84391028,约会,约会,0.91684645,5,16
17,单身,单身,2,tencent_ai_lab_chinese_embedding_light_mirror_mvp,0.93700039,1.0,0.84250098,单身,单身与脱单,0.94508994,5,17
18,求婚,求婚,2,tencent_ai_lab_chinese_embedding_light_mirror_mvp,0.93652747,1.0,0.84131867,求婚,婚恋,0.78459936,5,18
19,初恋,初恋,2,tencent_ai_lab_chinese_embedding_light_mirror_mvp,0.93633118,1.0,0.84082794,初恋,恋爱核心,0.88080758,5,19
20,伴侣,伴侣,2,tencent_ai_lab_chinese_embedding_light_mirror_mvp,0.9337019,1.0,0.83425474,伴侣,对象关系,0.83282852,5,20
21,婚礼,婚礼,2,tencent_ai_lab_chinese_embedding_light_mirror_mvp,0.93290451,1.0,0.83226126,婚礼,婚恋,0.78454483,5,21
22,情侣,情侣,2,tencent_ai_lab_chinese_embedding_light_mirror_mvp,0.92879524,1.0,0.82198811,情侣,对象关系,0.82825541,5,22
23,第一次约会,第一次约会,5,tencent_ai_lab_chinese_embedding_light_mirror_mvp,0.92739258,1.00000012,0.81848127,第一次约会,约会,0.8725934,5,23
24,恋情,恋情,2,tencent_ai_lab_chinese_embedding_light_mirror_mvp,0.92644799,1.0,0.81611997,恋情,恋爱核心,0.85427803,5,24
25,脱单,脱单,2,tencent_ai_lab_chinese_embedding_light_mirror_mvp,0.92546068,0.99999994,0.8136518,脱单,单身与脱单,0.94508982,5,25
26,亲密关系,亲密关系,4,tencent_ai_lab_chinese_embedding_light_mirror_mvp,0.91592385,0.99999994,0.7898097,亲密关系,亲密行为,0.74457663,5,26
27,前任,前任,2,tencent_ai_lab_chinese_embedding_light_mirror_mvp,0.91308937,1.0,0.78272343,前任,恋爱历史,0.8289144,5,27
28,早恋,早恋,2,tencent_ai_lab_chinese_embedding_light_mirror_mvp,0.90824544,1.0,0.77061361,早恋,校园恋爱,0.81419122,5,28
29,牵手,牵手,2,tencent_ai_lab_chinese_embedding_light_mirror_mvp,0.90379534,1.0,0.75948834,牵手,亲密行为,0.81738299,5,29
30,亲密,亲密,2,tencent_ai_lab_chinese_embedding_light_mirror_mvp,0.90194061,1.0,0.75485152,亲密,亲密行为,0.84143364,5,30
31,接吻,接吻,2,tencent_ai_lab_chinese_embedding_light_mirror_mvp,0.90099597,1.00000012,0.75248975,接吻,亲密行为,0.79913926,5,31
32,拥抱,拥抱,2,tencent_ai_lab_chinese_embedding_light_mirror_mvp,0.89452015,0.99999994,0.73630047,拥抱,亲密行为,0.79816258,5,32
33,同桌,同桌,2,tencent_ai_lab_chinese_embedding_light_mirror_mvp,0.89336903,1.0,0.73342258,同桌,校园恋爱,0.82995474,5,33
34,青春,青春,2,tencent_ai_lab_chinese_embedding_light_mirror_mvp,0.89310684,1.00000012,0.73276693,青春,社会比较与人生进度,0.7327559,5,34
35,对象,对象,2,tencent_ai_lab_chinese_embedding_light_mirror_mvp,0.87711277,1.0,0.69278193,对象,对象关系,0.69867504,5,35
36,前任女友,前任女友,4,tencent_ai_lab_chinese_embedding_light_mirror_mvp,0.87482831,0.90586066,0.82827979,前女友,恋爱历史,0.8893401,5,36
37,追求,追求,2,tencent_ai_lab_chinese_embedding_light_mirror_mvp,0.87148339,0.99999994,0.67870855,追求,表白与追求,0.67114031,5,37
38,散步,散步,2,tencent_ai_lab_chinese_embedding_light_mirror_mvp,0.86934829,1.00000012,0.67337054,散步,约会,0.75740683,5,38
39,同龄人,同龄人,3,tencent_ai_lab_chinese_embedding_light_mirror_mvp,0.86271603,1.0,0.65679008,同龄人,社会比较与人生进度,0.77919257,5,39
40,校服,校服,2,tencent_ai_lab_chinese_embedding_light_mirror_mvp,0.8606405,1.0,0.65160125,校服,校园恋爱,0.78737545,5,40
41,男友,男友,2,tencent_ai_lab_chinese_embedding_light_mirror_mvp,0.8584712,0.86086988,0.85487318,男朋友,恋爱历史,0.82376057,5,41
42,媳妇,媳妇,2,tencent_ai_lab_chinese_embedding_light_mirror_mvp,0.85249555,0.88141131,0.80912191,老婆,婚恋,0.79186392,5,42
43,谈恋爱,谈恋爱,3,tencent_ai_lab_chinese_embedding_light_mirror_mvp,0.8402523,0.8764075,0.7860195,恋爱,恋爱核心,0.81337446,5,43
44,女友,女友,2,tencent_ai_lab_chinese_embedding_light_mirror_mvp,0.83992349,0.85575265,0.81617975,女朋友,婚恋,0.78583813,5,44
45,初恋女友,初恋女友,4,tencent_ai_lab_chinese_embedding_light_mirror_mvp,0.83315423,0.84121609,0.82106143,前女友,恋爱历史,0.87642783,5,45
46,结婚典礼,结婚典礼,4,tencent_ai_lab_chinese_embedding_light_mirror_mvp,0.83131949,0.87117189,0.77154088,婚礼,婚恋,0.72856665,5,46
47,落后,落后,2,tencent_ai_lab_chinese_embedding_light_mirror_mvp,0.82336135,0.99999988,0.55840355,落后,社会比较与人生进度,0.69893497,5,47
48,媳妇儿,媳妇儿,3,tencent_ai_lab_chinese_embedding_light_mirror_mvp,0.8160691,0.84659684,0.7702775,老婆,婚恋,0.74312818,5,48
49,儿子,儿子,2,tencent_ai_lab_chinese_embedding_light_mirror_mvp,0.81544883,0.83127272,0.791713,妻子,婚恋,0.74296284,5,49
50,感情,感情,2,tencent_ai_lab_chinese_embedding_light_mirror_mvp,0.8134701,0.83033407,0.78817415,爱情,恋爱核心,0.86868191,5,50
51,女儿,女儿,2,tencent_ai_lab_chinese_embedding_light_mirror_mvp,0.81321347,0.82192695,0.80014324,妻子,婚恋,0.79473555,5,51
52,成婚,成婚,2,tencent_ai_lab_chinese_embedding_light_mirror_mvp,0.80351181,0.82372582,0.7731908,订婚,婚恋,0.77322358,5,52
53,另一半,另一半,3,tencent_ai_lab_chinese_embedding_light_mirror_mvp,0.80333999,0.82821137,0.76603293,伴侣,对象关系,0.79360467,5,53
54,儿媳妇,儿媳妇,3,tencent_ai_lab_chinese_embedding_light_mirror_mvp,0.80325906,0.81367159,0.78764027,老婆,婚恋,0.76290536,5,54
55,示爱,示爱,2,tencent_ai_lab_chinese_embedding_light_mirror_mvp,0.80051304,0.80730397,0.79032665,告白,表白与追求,0.78803575,5,55
56,前妻,前妻,2,tencent_ai_lab_chinese_embedding_light_mirror_mvp,0.79982343,0.8087312,0.78646177,妻子,婚恋,0.80262929,5,56
57,完婚,完婚,2,tencent_ai_lab_chinese_embedding_light_mirror_mvp,0.7986048,0.82025278,0.76613283,订婚,婚恋,0.75703681,5,57
58,前夫,前夫,2,tencent_ai_lab_chinese_embedding_light_mirror_mvp,0.79823043,0.80752087,0.78429478,丈夫,婚恋,0.80577075,5,58
59,两性关系,两性关系,4,tencent_ai_lab_chinese_embedding_light_mirror_mvp,0.79755802,0.84715843,0.72315741,亲密关系,恋爱核心,0.6581198,5,59
60,婚后,婚后,2,tencent_ai_lab_chinese_embedding_light_mirror_mvp,0.7969579,0.81534791,0.76937288,结婚,婚恋,0.82512856,5,60
61,爱人,爱人,2,tencent_ai_lab_chinese_embedding_light_mirror_mvp,0.79640616,0.8090679,0.77741355,恋人,对象关系,0.79160941,5,61
62,儿媳,儿媳,2,tencent_ai_lab_chinese_embedding_light_mirror_mvp,0.79586613,0.80489147,0.78232813,丈夫,婚恋,0.7572614,5,62
63,女票,女票,2,tencent_ai_lab_chinese_embedding_light_mirror_mvp,0.79324436,0.8149209,0.76072955,男朋友,对象关系,0.73523778,5,63
64,闺蜜,闺蜜,2,tencent_ai_lab_chinese_embedding_light_mirror_mvp,0.79004282,0.81543463,0.75195509,男朋友,对象关系,0.74619007,5,64
65,公婆,公婆,2,tencent_ai_lab_chinese_embedding_light_mirror_mvp,0.78732662,0.80906498,0.75471908,老公,婚恋,0.74049973,5,65
66,婚姻,婚姻,2,tencent_ai_lab_chinese_embedding_light_mirror_mvp,0.78624923,0.79909182,0.76698536,爱情,恋爱核心,0.79781258,5,66
67,结了婚,结了婚,3,tencent_ai_lab_chinese_embedding_light_mirror_mvp,0.78585457,0.81638592,0.74005753,结婚,婚恋,0.79446536,5,67
68,丈母娘,丈母娘,3,tencent_ai_lab_chinese_embedding_light_mirror_mvp,0.78181157,0.80482066,0.74729794,老婆,婚恋,0.75097972,5,68
69,闺密,闺密,2,tencent_ai_lab_chinese_embedding_light_mirror_mvp,0.781389,0.79448533,0.7617445,男朋友,对象关系,0.74964845,5,69
70,离婚,离婚,2,tencent_ai_lab_chinese_embedding_light_mirror_mvp,0.77629497,0.81042433,0.72510093,结婚,婚恋,0.78323245,5,70
71,婚宴,婚宴,2,tencent_ai_lab_chinese_embedding_light_mirror_mvp,0.77407451,0.83320272,0.68538219,婚礼,婚恋,0.63938051,5,71
72,男同学,男同学,3,tencent_ai_lab_chinese_embedding_light_mirror_mvp,0.77349494,0.8008616,0.73244494,同桌,校园恋爱,0.78489661,5,72
73,分手,分手,2,tencent_ai_lab_chinese_embedding_light_mirror_mvp,0.77204361,0.7803396,0.75959963,前女友,恋爱历史,0.80698872,5,73
74,亲嘴,亲嘴,2,tencent_ai_lab_chinese_embedding_light_mirror_mvp,0.77138996,0.84604061,0.65941399,接吻,亲密行为,0.69786298,5,74
75,领证,领证,2,tencent_ai_lab_chinese_embedding_light_mirror_mvp,0.76758029,0.787328,0.73795873,结婚,婚恋,0.73625028,5,75
76,女同学,女同学,3,tencent_ai_lab_chinese_embedding_light_mirror_mvp,0.76754698,0.79171914,0.73128873,同桌,校园恋爱,0.76054519,5,76
77,热恋,热恋,2,tencent_ai_lab_chinese_embedding_light_mirror_mvp,0.76729207,0.77174437,0.76061362,恋爱,恋爱核心,0.84349632,5,77
78,真爱,真爱,2,tencent_ai_lab_chinese_embedding_light_mirror_mvp,0.76697161,0.79192352,0.72954375,爱情,恋爱核心,0.80043137,5,78
79,情人,情人,2,tencent_ai_lab_chinese_embedding_light_mirror_mvp,0.7626161,0.78552693,0.72824985,恋人,对象关系,0.76688778,5,79
80,谈婚论嫁,谈婚论嫁,4,tencent_ai_lab_chinese_embedding_light_mirror_mvp,0.76115282,0.77031481,0.74740982,结婚,恋爱核心,0.69301724,5,80
81,父亲,父亲,2,tencent_ai_lab_chinese_embedding_light_mirror_mvp,0.76082945,0.78759527,0.72068071,妻子,婚恋,0.67589474,5,81
82,同龄,同龄,2,tencent_ai_lab_chinese_embedding_light_mirror_mvp,0.76053621,0.86465186,0.60436273,同龄人,社会比较与人生进度,0.68021423,5,82
83,再婚,再婚,2,tencent_ai_lab_chinese_embedding_light_mirror_mvp,0.75846829,0.7932862,0.70624143,结婚,婚恋,0.74463058,5,83
84,亲密无间,亲密无间,4,tencent_ai_lab_chinese_embedding_light_mirror_mvp,0.75723659,0.8110382,0.67653418,亲密,亲密行为,0.72567624,5,84
85,相爱,相爱,2,tencent_ai_lab_chinese_embedding_light_mirror_mvp,0.75608575,0.76259565,0.7463209,爱情,恋爱核心,0.82188869,5,85
86,恋爱中,恋爱中,3,tencent_ai_lab_chinese_embedding_light_mirror_mvp,0.75608525,0.75770652,0.75365335,恋爱,恋爱核心,0.80514646,5,86
87,爸妈,爸妈,2,tencent_ai_lab_chinese_embedding_light_mirror_mvp,0.75546815,0.77491808,0.72629327,老公,婚恋,0.69407928,5,87
88,相恋,相恋,2,tencent_ai_lab_chinese_embedding_light_mirror_mvp,0.75243666,0.76309049,0.73645592,恋情,恋爱核心,0.76838183,5,88
89,男生,男生,2,tencent_ai_lab_chinese_embedding_light_mirror_mvp,0.75211996,0.77014273,0.72508579,男朋友,对象关系,0.73657441,5,89
90,母亲,母亲,2,tencent_ai_lab_chinese_embedding_light_mirror_mvp,0.75126696,0.76883364,0.72491693,丈夫,婚恋,0.667009,5,90
91,接吻时,接吻时,3,tencent_ai_lab_chinese_embedding_light_mirror_mvp,0.75087056,0.82194507,0.6442588,接吻,亲密行为,0.62887818,5,91
92,感情生活,感情生活,4,tencent_ai_lab_chinese_embedding_light_mirror_mvp,0.74853718,0.77555645,0.70800829,恋情,恋爱核心,0.7487483,5,92
93,同班,同班,2,tencent_ai_lab_chinese_embedding_light_mirror_mvp,0.74714479,0.78237402,0.69430095,同桌,校园恋爱,0.76676136,5,93
94,嫂子,嫂子,2,tencent_ai_lab_chinese_embedding_light_mirror_mvp,0.74705011,0.76969784,0.7130785,老婆,婚恋,0.70995927,5,94
95,爱侣,爱侣,2,tencent_ai_lab_chinese_embedding_light_mirror_mvp,0.74589969,0.7600618,0.72465652,恋人,对象关系,0.67691052,5,95
96,婚事,婚事,2,tencent_ai_lab_chinese_embedding_light_mirror_mvp,0.74569033,0.770796,0.70803183,订婚,婚恋,0.69895375,5,96
97,同居,同居,2,tencent_ai_lab_chinese_embedding_light_mirror_mvp,0.74518422,0.75626343,0.72856539,结婚,婚恋,0.73999816,5,97
98,老爸,老爸,2,tencent_ai_lab_chinese_embedding_light_mirror_mvp,0.7441704,0.76570451,0.71186924,老婆,婚恋,0.66557038,5,98
99,婚讯,婚讯,2,tencent_ai_lab_chinese_embedding_light_mirror_mvp,0.74406331,0.77501273,0.69763917,恋情,婚恋,0.6556493,5,99
100,情爱,情爱,2,tencent_ai_lab_chinese_embedding_light_mirror_mvp,0.74382007,0.78723919,0.67869139,爱情,恋爱核心,0.72020549,5,100
101,男女朋友,男女朋友,4,tencent_ai_lab_chinese_embedding_light_mirror_mvp,0.74235528,0.74609423,0.73674685,女朋友,对象关系,0.81264263,5,101
102,未婚夫,未婚夫,3,tencent_ai_lab_chinese_embedding_light_mirror_mvp,0.74191198,0.75725901,0.71889144,订婚,婚恋,0.7900449,5,102
103,喜欢你,喜欢你,3,tencent_ai_lab_chinese_embedding_light_mirror_mvp,0.74139835,0.76315528,0.70876294,表白,表白与追求,0.76091647,5,103
104,二婚,二婚,2,tencent_ai_lab_chinese_embedding_light_mirror_mvp,0.74063947,0.76893377,0.69819802,结婚,婚恋,0.75362104,5,104
105,弟媳,弟媳,2,tencent_ai_lab_chinese_embedding_light_mirror_mvp,0.7397752,0.74394202,0.73352498,老婆,婚恋,0.72008252,5,105
106,未婚,未婚,2,tencent_ai_lab_chinese_embedding_light_mirror_mvp,0.73954409,0.77251548,0.69008702,单身,单身与脱单,0.67759842,5,106
107,悔婚,悔婚,2,tencent_ai_lab_chinese_embedding_light_mirror_mvp,0.73837094,0.76639283,0.69633812,订婚,婚恋,0.70596087,5,107
108,男盆友,男盆友,3,tencent_ai_lab_chinese_embedding_light_mirror_mvp,0.73780158,0.765221,0.69667244,男朋友,对象关系,0.66353357,5,108
109,夫妻俩,夫妻俩,3,tencent_ai_lab_chinese_embedding_light_mirror_mvp,0.73756527,0.7434997,0.72866362,妻子,婚恋,0.71578836,5,109
110,终身伴侣,终身伴侣,4,tencent_ai_lab_chinese_embedding_light_mirror_mvp,0.73745008,0.76871371,0.69055462,伴侣,对象关系,0.702066,5,110
111,我妈,我妈,2,tencent_ai_lab_chinese_embedding_light_mirror_mvp,0.73716378,0.75912642,0.70421982,老公,婚恋,0.63777733,5,111
112,散散步,散散步,3,tencent_ai_lab_chinese_embedding_light_mirror_mvp,0.73700402,0.83981359,0.58278966,散步,约会,0.6857838,5,112
113,婚姻关系,婚姻关系,4,tencent_ai_lab_chinese_embedding_light_mirror_mvp,0.73660443,0.7716012,0.68410927,亲密关系,恋爱核心,0.64746332,5,113
114,年华,年华,2,tencent_ai_lab_chinese_embedding_light_mirror_mvp,0.73566612,0.79535931,0.64612633,青春,社会比较与人生进度,0.64227194,5,114
115,继母,继母,2,tencent_ai_lab_chinese_embedding_light_mirror_mvp,0.73293284,0.74860328,0.70942718,丈夫,婚恋,0.70990241,5,115
116,结过婚,结过婚,3,tencent_ai_lab_chinese_embedding_light_mirror_mvp,0.7327032,0.75463372,0.69980741,结婚,婚恋,0.71940184,5,116
117,新欢,新欢,2,tencent_ai_lab_chinese_embedding_light_mirror_mvp,0.73261249,0.74933243,0.70753258,前女友,恋爱历史,0.77075326,5,117
118,嫁人,嫁人,2,tencent_ai_lab_chinese_embedding_light_mirror_mvp,0.73118114,0.7535888,0.69756967,结婚,婚恋,0.72043121,5,118
119,高中同学,高中同学,4,tencent_ai_lab_chinese_embedding_light_mirror_mvp,0.73115141,0.73682261,0.72264463,前男友,恋爱历史,0.72852963,5,119
120,老父亲,老父亲,3,tencent_ai_lab_chinese_embedding_light_mirror_mvp,0.73082637,0.7490986,0.70341802,妻子,婚恋,0.65230769,5,120
121,老妈,老妈,2,tencent_ai_lab_chinese_embedding_light_mirror_mvp,0.73053122,0.74740279,0.70522386,老婆,婚恋,0.65866274,5,121
122,青春岁月,青春岁月,4,tencent_ai_lab_chinese_embedding_light_mirror_mvp,0.73026621,0.78028226,0.65524215,青春,社会比较与人生进度,0.63523138,5,122
123,夫妻,夫妻,2,tencent_ai_lab_chinese_embedding_light_mirror_mvp,0.73020989,0.74102503,0.71398717,情侣,婚恋,0.71808767,5,123
124,闺女,闺女,2,tencent_ai_lab_chinese_embedding_light_mirror_mvp,0.73007102,0.75437665,0.69361258,老婆,婚恋,0.68261212,5,124
125,婚姻生活,婚姻生活,4,tencent_ai_lab_chinese_embedding_light_mirror_mvp,0.73001295,0.73562568,0.72159386,爱情,恋爱核心,0.76792097,5,125
126,班花,班花,2,tencent_ai_lab_chinese_embedding_light_mirror_mvp,0.72926917,0.75942254,0.68403912,同桌,校园恋爱,0.74145877,5,126
127,未婚妻,未婚妻,3,tencent_ai_lab_chinese_embedding_light_mirror_mvp,0.72755234,0.7444849,0.7021535,订婚,婚恋,0.76362944,5,127
128,新郎,新郎,2,tencent_ai_lab_chinese_embedding_light_mirror_mvp,0.7272621,0.75989515,0.67831254,婚礼,婚恋,0.72719324,5,128
129,异性,异性,2,tencent_ai_lab_chinese_embedding_light_mirror_mvp,0.72545216,0.74217701,0.70036489,伴侣,对象关系,0.7613076,5,129
130,做爱,做爱,2,tencent_ai_lab_chinese_embedding_light_mirror_mvp,0.72530203,0.76766396,0.66175914,接吻,亲密行为,0.68684137,5,130
131,前女,前女,2,tencent_ai_lab_chinese_embedding_light_mirror_mvp,0.72515671,0.7394352,0.70373899,前女友,恋爱历史,0.73585677,5,131
132,表姐,表姐,2,tencent_ai_lab_chinese_embedding_light_mirror_mvp,0.72448568,0.73486292,0.70891982,老公,婚恋,0.70860922,5,132
133,亲吻,亲吻,2,tencent_ai_lab_chinese_embedding_light_mirror_mvp,0.72434738,0.7471621,0.69012529,接吻,亲密行为,0.77296239,5,133
134,求爱,求爱,2,tencent_ai_lab_chinese_embedding_light_mirror_mvp,0.72353253,0.74119723,0.69703549,求婚,表白与追求,0.72575343,5,134
135,男人,男人,2,tencent_ai_lab_chinese_embedding_light_mirror_mvp,0.72316327,0.73855376,0.70007753,老婆,对象关系,0.71149403,5,135
136,班上,班上,2,tencent_ai_lab_chinese_embedding_light_mirror_mvp,0.72276635,0.77864134,0.63895386,同桌,校园恋爱,0.74770856,5,136
137,女生,女生,2,tencent_ai_lab_chinese_embedding_light_mirror_mvp,0.72264664,0.74552441,0.68832999,男朋友,对象关系,0.72122991,5,137
138,已婚,已婚,2,tencent_ai_lab_chinese_embedding_light_mirror_mvp,0.72190039,0.74826932,0.682347,单身,单身与脱单,0.67192698,5,138
139,天长地久,天长地久,4,tencent_ai_lab_chinese_embedding_light_mirror_mvp,0.72084756,0.74780929,0.68040496,爱情,恋爱核心,0.7269429,5,139
140,亲昵,亲昵,2,tencent_ai_lab_chinese_embedding_light_mirror_mvp,0.72051408,0.78407586,0.62517142,亲密,亲密行为,0.7132293,5,140
141,继父,继父,2,tencent_ai_lab_chinese_embedding_light_mirror_mvp,0.7195858,0.73019838,0.70366693,丈夫,婚恋,0.69519985,5,141
142,两口子,两口子,3,tencent_ai_lab_chinese_embedding_light_mirror_mvp,0.71703725,0.72579253,0.70390433,老婆,婚恋,0.72240508,5,142
143,小舅子,小舅子,3,tencent_ai_lab_chinese_embedding_light_mirror_mvp,0.71689093,0.74743783,0.67107058,老婆,婚恋,0.66727567,5,143
144,姐弟恋,姐弟恋,3,tencent_ai_lab_chinese_embedding_light_mirror_mvp,0.71633697,0.73851979,0.68306273,恋情,恋爱核心,0.72191226,5,144
145,友情,友情,2,tencent_ai_lab_chinese_embedding_light_mirror_mvp,0.71624205,0.7438879,0.67477328,爱情,恋爱核心,0.71901262,5,145
146,情窦初开,情窦初开,4,tencent_ai_lab_chinese_embedding_light_mirror_mvp,0.71581361,0.7289139,0.69616318,初恋,恋爱核心,0.68854928,5,146
147,后妈,后妈,2,tencent_ai_lab_chinese_embedding_light_mirror_mvp,0.71507092,0.72386587,0.70187849,老公,婚恋,0.69177568,5,147
148,姐夫,姐夫,2,tencent_ai_lab_chinese_embedding_light_mirror_mvp,0.71499317,0.73587441,0.6836713,老婆,婚恋,0.68645227,5,148
149,班里,班里,2,tencent_ai_lab_chinese_embedding_light_mirror_mvp,0.71469004,0.77385974,0.62593549,同桌,校园恋爱,0.74496019,5,149
150,婆家,婆家,2,tencent_ai_lab_chinese_embedding_light_mirror_mvp,0.71463287,0.72892523,0.69319433,老公,婚恋,0.73044682,5,150
151,出轨,出轨,2,tencent_ai_lab_chinese_embedding_light_mirror_mvp,0.71447899,0.72724342,0.69533235,前女友,恋爱历史,0.71374691,5,151
152,生小孩,生小孩,3,tencent_ai_lab_chinese_embedding_light_mirror_mvp,0.71409278,0.75062084,0.65930068,结婚,婚恋,0.68694335,5,152
153,手牵手,手牵手,3,tencent_ai_lab_chinese_embedding_light_mirror_mvp,0.71355281,0.74352181,0.66859931,牵手,亲密行为,0.6886282,5,153
154,同学,同学,2,tencent_ai_lab_chinese_embedding_light_mirror_mvp,0.71333195,0.74372917,0.66773611,同桌,校园恋爱,0.71533811,5,154
155,他爸,他爸,2,tencent_ai_lab_chinese_embedding_light_mirror_mvp,0.71328998,0.73356259,0.68288106,老婆,婚恋,0.64248049,5,155
156,室友,室友,2,tencent_ai_lab_chinese_embedding_light_mirror_mvp,0.71326832,0.71895605,0.70473671,男朋友,校园恋爱,0.65542942,5,156
157,情感,情感,2,tencent_ai_lab_chinese_embedding_light_mirror_mvp,0.7121365,0.73720163,0.67453879,爱情,恋爱核心,0.67496228,5,157
158,深爱,深爱,2,tencent_ai_lab_chinese_embedding_light_mirror_mvp,0.71204319,0.71693075,0.70471185,恋人,恋爱核心,0.73685384,5,158
159,生子,生子,2,tencent_ai_lab_chinese_embedding_light_mirror_mvp,0.71058121,0.74593627,0.65754861,结婚,婚恋,0.69919872,5,159
160,青春年华,青春年华,4,tencent_ai_lab_chinese_embedding_light_mirror_mvp,0.71010051,0.7661339,0.62605041,青春,社会比较与人生进度,0.68235373,5,160
161,大儿子,大儿子,3,tencent_ai_lab_chinese_embedding_light_mirror_mvp,0.70996737,0.72732234,0.68393493,妻子,婚恋,0.67179096,5,161
162,小三,小三,2,tencent_ai_lab_chinese_embedding_light_mirror_mvp,0.70906334,0.71283138,0.70341128,老婆,恋爱历史,0.7020843,5,162
163,新郎新娘,新郎新娘,4,tencent_ai_lab_chinese_embedding_light_mirror_mvp,0.70876009,0.75505555,0.63931692,婚礼,婚恋,0.61651295,5,163
164,分手时,分手时,3,tencent_ai_lab_chinese_embedding_light_mirror_mvp,0.70780184,0.71609259,0.69536573,前男友,恋爱历史,0.76408315,5,164
165,亲近,亲近,2,tencent_ai_lab_chinese_embedding_light_mirror_mvp,0.70657927,0.75574142,0.63283604,亲密,亲密行为,0.67833841,5,165
166,女孩子,女孩子,3,tencent_ai_lab_chinese_embedding_light_mirror_mvp,0.70594612,0.72410709,0.67870468,男朋友,对象关系,0.72959107,5,166
167,新婚,新婚,2,tencent_ai_lab_chinese_embedding_light_mirror_mvp,0.70536141,0.70826709,0.7010029,订婚,婚恋,0.76549935,5,167
168,生娃,生娃,2,tencent_ai_lab_chinese_embedding_light_mirror_mvp,0.70433609,0.73546183,0.65764749,结婚,婚恋,0.68692136,5,168
169,后爸,后爸,2,tencent_ai_lab_chinese_embedding_light_mirror_mvp,0.70392585,0.71468771,0.68778306,老婆,婚恋,0.68111289,5,169
170,女人,女人,2,tencent_ai_lab_chinese_embedding_light_mirror_mvp,0.70385866,0.70835745,0.69711047,老婆,婚恋,0.68285,5,170
171,迎娶,迎娶,2,tencent_ai_lab_chinese_embedding_light_mirror_mvp,0.70353106,0.71748239,0.68260407,订婚,婚恋,0.69033694,5,171
172,谈个,谈个,2,tencent_ai_lab_chinese_embedding_light_mirror_mvp,0.70330007,0.7409569,0.64681482,恋爱,恋爱核心,0.62511373,5,172
173,男方,男方,2,tencent_ai_lab_chinese_embedding_light_mirror_mvp,0.70248148,0.71228528,0.68777579,结婚,婚恋,0.77074319,5,173
174,嫁给,嫁给,2,tencent_ai_lab_chinese_embedding_light_mirror_mvp,0.7018809,0.72303039,0.67015666,结婚,婚恋,0.74790013,5,174
175,男同事,男同事,3,tencent_ai_lab_chinese_embedding_light_mirror_mvp,0.7013739,0.71335739,0.68339866,男朋友,对象关系,0.61866724,5,175
176,夫妻关系,夫妻关系,4,tencent_ai_lab_chinese_embedding_light_mirror_mvp,0.70130181,0.73267448,0.65424281,亲密关系,婚恋,0.58633769,5,176
177,两个人,两个人,3,tencent_ai_lab_chinese_embedding_light_mirror_mvp,0.70116472,0.72126734,0.67101079,情侣,对象关系,0.72582662,5,177
178,亲情,亲情,2,tencent_ai_lab_chinese_embedding_light_mirror_mvp,0.70112779,0.73592293,0.64893508,爱情,恋爱核心,0.64572001,5,178
179,蓝颜知己,蓝颜知己,4,tencent_ai_lab_chinese_embedding_light_mirror_mvp,0.69930061,0.71733779,0.67224485,恋人,对象关系,0.73449242,5,179
180,爱过,爱过,2,tencent_ai_lab_chinese_embedding_light_mirror_mvp,0.69900537,0.71683395,0.67226249,初恋,恋爱核心,0.709059,5,180
181,白头到老,白头到老,4,tencent_ai_lab_chinese_embedding_light_mirror_mvp,0.698395,0.70944995,0.68181258,结婚,恋爱核心,0.7068367,5,181
182,婚前,婚前,2,tencent_ai_lab_chinese_embedding_light_mirror_mvp,0.6981555,0.70938873,0.68130565,结婚,婚恋,0.73955864,5,182
183,班主任,班主任,3,tencent_ai_lab_chinese_embedding_light_mirror_mvp,0.6974983,0.74307358,0.62913537,同桌,校园恋爱,0.76153332,5,183
184,小学同学,小学同学,4,tencent_ai_lab_chinese_embedding_light_mirror_mvp,0.69724236,0.71460056,0.67120504,同桌,校园恋爱,0.66934526,5,184
185,宿友,宿友,2,tencent_ai_lab_chinese_embedding_light_mirror_mvp,0.69656186,0.70675552,0.68127137,同桌,校园恋爱,0.64311182,5,185
186,舍友,舍友,2,tencent_ai_lab_chinese_embedding_light_mirror_mvp,0.69649909,0.70867968,0.6782282,同桌,校园恋爱,0.65136242,5,186
187,家人,家人,2,tencent_ai_lab_chinese_embedding_light_mirror_mvp,0.69566932,0.71122062,0.67234236,妻子,婚恋,0.68048352,5,187
188,新娘,新娘,2,tencent_ai_lab_chinese_embedding_light_mirror_mvp,0.6944351,0.73194563,0.63816929,婚礼,婚恋,0.6776737,5,188
189,情史,情史,2,tencent_ai_lab_chinese_embedding_light_mirror_mvp,0.69418873,0.71894735,0.65705079,恋情,恋爱历史,0.67554498,5,189
190,娇妻,娇妻,2,tencent_ai_lab_chinese_embedding_light_mirror_mvp,0.69398932,0.70706761,0.6743719,妻子,婚恋,0.69431663,5,190
191,独身,独身,2,tencent_ai_lab_chinese_embedding_light_mirror_mvp,0.69367273,0.73095787,0.63774502,单身,单身与脱单,0.63730443,5,191
192,我哥,我哥,2,tencent_ai_lab_chinese_embedding_light_mirror_mvp,0.69348589,0.70324856,0.67884189,老婆,婚恋,0.61779153,5,192
193,一见钟情,一见钟情,4,tencent_ai_lab_chinese_embedding_light_mirror_mvp,0.6934756,0.70587492,0.67487663,初恋,恋爱核心,0.74101919,5,193
194,喜结连理,喜结连理,4,tencent_ai_lab_chinese_embedding_light_mirror_mvp,0.69327899,0.71088856,0.66686463,结婚,婚恋,0.68997765,5,194
195,爱一个人,爱一个人,4,tencent_ai_lab_chinese_embedding_light_mirror_mvp,0.69310763,0.71861601,0.65484506,爱情,恋爱核心,0.69849849,5,195
196,婚纱照,婚纱照,3,tencent_ai_lab_chinese_embedding_light_mirror_mvp,0.69296768,0.72538447,0.64434248,婚礼,婚恋,0.63975513,5,196
197,高中时代,高中时代,4,tencent_ai_lab_chinese_embedding_light_mirror_mvp,0.69278365,0.69988078,0.68213797,初恋,校园恋爱,0.7380619,5,197
198,娘家,娘家,2,tencent_ai_lab_chinese_embedding_light_mirror_mvp,0.69202937,0.69882232,0.68183994,老公,婚恋,0.71059859,5,198
199,晚恋,晚恋,2,tencent_ai_lab_chinese_embedding_light_mirror_mvp,0.69159751,0.74477303,0.61183423,早恋,校园恋爱,0.56001735,5,199
200,热吻,热吻,2,tencent_ai_lab_chinese_embedding_light_mirror_mvp,0.69131339,0.72480345,0.64107829,接吻,亲密行为,0.72121549,5,200
201,女婿,女婿,2,tencent_ai_lab_chinese_embedding_light_mirror_mvp,0.69112598,0.70283729,0.67355901,老婆,婚恋,0.69328105,5,201
202,出嫁,出嫁,2,tencent_ai_lab_chinese_embedding_light_mirror_mvp,0.69069301,0.71210021,0.65858221,订婚,婚恋,0.67787588,5,202
203,感情破裂,感情破裂,4,tencent_ai_lab_chinese_embedding_light_mirror_mvp,0.6903126,0.70061862,0.67485356,结婚,恋爱核心,0.70792556,5,203
204,女孩,女孩,2,tencent_ai_lab_chinese_embedding_light_mirror_mvp,0.69003351,0.69737303,0.67902422,女朋友,对象关系,0.70397377,5,204
205,彼此,彼此,2,tencent_ai_lab_chinese_embedding_light_mirror_mvp,0.68976644,0.70342833,0.66927361,恋人,亲密行为,0.70942378,5,205
206,我姐,我姐,2,tencent_ai_lab_chinese_embedding_light_mirror_mvp,0.68957847,0.70385367,0.66816568,老公,婚恋,0.61117518,5,206
207,女网友,女网友,3,tencent_ai_lab_chinese_embedding_light_mirror_mvp,0.68956544,0.70125639,0.67202902,女朋友,对象关系,0.63008291,5,207
208,其妻,其妻,2,tencent_ai_lab_chinese_embedding_light_mirror_mvp,0.68857204,0.71836907,0.64387649,妻子,婚恋,0.56173623,5,208
209,成家,成家,2,tencent_ai_lab_chinese_embedding_light_mirror_mvp,0.68856878,0.71636212,0.64687878,结婚,婚恋,0.6338768,5,209
210,我爱你,我爱你,3,tencent_ai_lab_chinese_embedding_light_mirror_mvp,0.68822995,0.70295125,0.66614801,表白,表白与追求,0.68060315,5,210
211,女同事,女同事,3,tencent_ai_lab_chinese_embedding_light_mirror_mvp,0.6881322,0.69254714,0.68150979,男朋友,对象关系,0.59692121,5,211
212,婚约,婚约,2,tencent_ai_lab_chinese_embedding_light_mirror_mvp,0.68799474,0.72910976,0.62632221,订婚,婚恋,0.60343349,5,212
213,她说,她说,2,tencent_ai_lab_chinese_embedding_light_mirror_mvp,0.68788543,0.69263196,0.68076563,男朋友,婚恋,0.67289919,5,213
214,逛街,逛街,2,tencent_ai_lab_chinese_embedding_light_mirror_mvp,0.68754514,0.71169132,0.65132588,约会,约会,0.76721466,5,214
215,相处,相处,2,tencent_ai_lab_chinese_embedding_light_mirror_mvp,0.686412,0.70424926,0.65965611,亲密关系,亲密行为,0.68540096,5,215
216,爱意,爱意,2,tencent_ai_lab_chinese_embedding_light_mirror_mvp,0.68624909,0.69490981,0.67325801,恋人,恋爱核心,0.70579481,5,216
217,我爸,我爸,2,tencent_ai_lab_chinese_embedding_light_mirror_mvp,0.68611729,0.69798315,0.66831851,老公,婚恋,0.60299444,5,217
218,人际关系,人际关系,4,tencent_ai_lab_chinese_embedding_light_mirror_mvp,0.68549869,0.7208755,0.63243347,亲密关系,恋爱核心,0.54834044,5,218
219,白头偕老,白头偕老,4,tencent_ai_lab_chinese_embedding_light_mirror_mvp,0.68521934,0.69139588,0.67595452,结婚,恋爱核心,0.69775569,5,219
220,女方,女方,2,tencent_ai_lab_chinese_embedding_light_mirror_mvp,0.68504164,0.69428658,0.67117423,结婚,婚恋,0.76474905,5,220
221,调情,调情,2,tencent_ai_lab_chinese_embedding_light_mirror_mvp,0.68480523,0.69438195,0.67044014,接吻,亲密行为,0.71388692,5,221
222,开房,开房,2,tencent_ai_lab_chinese_embedding_light_mirror_mvp,0.68448012,0.6973002,0.66525,约会,约会,0.66094851,5,222
223,幸福,幸福,2,tencent_ai_lab_chinese_embedding_light_mirror_mvp,0.68443031,0.7115308,0.64377958,爱情,恋爱核心,0.69169021,5,223
224,妻儿,妻儿,2,tencent_ai_lab_chinese_embedding_light_mirror_mvp,0.683325,0.7138108,0.63759631,妻子,婚恋,0.61176479,5,224
225,学妹,学妹,2,tencent_ai_lab_chinese_embedding_light_mirror_mvp,0.68299128,0.6931935,0.66768795,男朋友,校园恋爱,0.68379629,5,225
226,婚龄,婚龄,2,tencent_ai_lab_chinese_embedding_light_mirror_mvp,0.68191717,0.70594907,0.64586931,结婚,单身与脱单,0.59460014,5,226
227,发小,发小,2,tencent_ai_lab_chinese_embedding_light_mirror_mvp,0.68127007,0.68602455,0.67413837,同桌,恋爱历史,0.65857232,5,227
228,表哥,表哥,2,tencent_ai_lab_chinese_embedding_light_mirror_mvp,0.68104382,0.69035923,0.66707069,老婆,婚恋,0.6552043,5,228
229,暧昧,暧昧,2,tencent_ai_lab_chinese_embedding_light_mirror_mvp,0.68073964,0.68674362,0.67173368,亲密,亲密行为,0.71691364,5,229
230,忘不掉,忘不掉,3,tencent_ai_lab_chinese_embedding_light_mirror_mvp,0.68006501,0.71106982,0.6335578,初恋,恋爱历史,0.68681085,5,230
231,男孩子,男孩子,3,tencent_ai_lab_chinese_embedding_light_mirror_mvp,0.67996802,0.69544542,0.65675193,女朋友,校园恋爱,0.69285214,5,231
232,网恋,网恋,2,tencent_ai_lab_chinese_embedding_light_mirror_mvp,0.67928072,0.71270281,0.62914759,恋爱,恋爱核心,0.67927873,5,232
233,绯闻,绯闻,2,tencent_ai_lab_chinese_embedding_light_mirror_mvp,0.67904179,0.71974683,0.61798424,恋情,恋爱历史,0.58792806,5,233
234,婚纱,婚纱,2,tencent_ai_lab_chinese_embedding_light_mirror_mvp,0.67898103,0.71755475,0.62112045,婚礼,婚恋,0.61289698,5,234
235,找对象,找对象,3,tencent_ai_lab_chinese_embedding_light_mirror_mvp,0.67877604,0.68432218,0.67045683,脱单,单身与脱单,0.72084033,5,235
236,妹子,妹子,2,tencent_ai_lab_chinese_embedding_light_mirror_mvp,0.67862806,0.69811237,0.64940161,女朋友,对象关系,0.65206116,5,236
237,漫步,漫步,2,tencent_ai_lab_chinese_embedding_light_mirror_mvp,0.67811642,0.7296437,0.60082549,散步,约会,0.62721997,5,237
238,二女儿,二女儿,3,tencent_ai_lab_chinese_embedding_light_mirror_mvp,0.67791278,0.69271064,0.655716,丈夫,婚恋,0.64465487,5,238
239,同班同学,同班同学,4,tencent_ai_lab_chinese_embedding_light_mirror_mvp,0.67767509,0.69809359,0.64704734,同桌,校园恋爱,0.69692564,5,239
240,相拥,相拥,2,tencent_ai_lab_chinese_embedding_light_mirror_mvp,0.67677717,0.69698107,0.64647132,拥抱,亲密行为,0.7111578,5,240
241,全班同学,全班同学,4,tencent_ai_lab_chinese_embedding_light_mirror_mvp,0.67659793,0.73603666,0.58743984,同桌,校园恋爱,0.69086444,5,241
242,相亲,相亲,2,tencent_ai_lab_chinese_embedding_light_mirror_mvp,0.67639074,0.68113029,0.66928142,恋爱,单身与脱单,0.6709311,5,242
243,交往,交往,2,tencent_ai_lab_chinese_embedding_light_mirror_mvp,0.67615905,0.68271613,0.66632342,恋爱,亲密行为,0.69080591,5,243
244,激吻,激吻,2,tencent_ai_lab_chinese_embedding_light_mirror_mvp,0.67599968,0.70632309,0.63051456,接吻,亲密行为,0.65798992,5,244
245,有妇之夫,有妇之夫,4,tencent_ai_lab_chinese_embedding_light_mirror_mvp,0.67585098,0.68728906,0.65869385,前女友,恋爱历史,0.69988716,5,245
246,单身男女,单身男女,4,tencent_ai_lab_chinese_embedding_light_mirror_mvp,0.6757159,0.68418586,0.66301095,单身,单身与脱单,0.71708822,5,246
247,刻骨铭心,刻骨铭心,4,tencent_ai_lab_chinese_embedding_light_mirror_mvp,0.67496643,0.7008332,0.63616627,初恋,恋爱核心,0.66610342,5,247
248,夫妻之间,夫妻之间,4,tencent_ai_lab_chinese_embedding_light_mirror_mvp,0.67471198,0.67981333,0.66705996,伴侣,对象关系,0.63679981,5,248
249,舅妈,舅妈,2,tencent_ai_lab_chinese_embedding_light_mirror_mvp,0.67432245,0.68978423,0.65112978,老公,婚恋,0.65048677,5,249
250,变心,变心,2,tencent_ai_lab_chinese_embedding_light_mirror_mvp,0.67420912,0.68376076,0.65988165,恋人,恋爱核心,0.72364509,5,250
251,情书,情书,2,tencent_ai_lab_chinese_embedding_light_mirror_mvp,0.6740629,0.69737113,0.63910055,告白,表白与追求,0.66414112,5,251
252,儿女,儿女,2,tencent_ai_lab_chinese_embedding_light_mirror_mvp,0.67221289,0.68433297,0.65403277,妻子,婚恋,0.62660789,5,252
253,父母,父母,2,tencent_ai_lab_chinese_embedding_light_mirror_mvp,0.67218623,0.68071973,0.65938598,丈夫,婚恋,0.66946906,5,253
254,情侣装,情侣装,3,tencent_ai_lab_chinese_embedding_light_mirror_mvp,0.67202193,0.69762307,0.6336202,情侣,对象关系,0.61138058,5,254
255,夫妻间,夫妻间,3,tencent_ai_lab_chinese_embedding_light_mirror_mvp,0.67167759,0.67678428,0.66401756,亲密关系,对象关系,0.61868894,5,255
256,浪漫,浪漫,2,tencent_ai_lab_chinese_embedding_light_mirror_mvp,0.67157977,0.69683456,0.63369757,爱情,恋爱核心,0.66556096,5,256
257,怀孕,怀孕,2,tencent_ai_lab_chinese_embedding_light_mirror_mvp,0.67157183,0.68705881,0.64834136,结婚,婚恋,0.70501983,5,257
258,炮友,炮友,2,tencent_ai_lab_chinese_embedding_light_mirror_mvp,0.67111255,0.67823559,0.66042799,前女友,对象关系,0.69776416,5,258
259,夫妇俩,夫妇俩,3,tencent_ai_lab_chinese_embedding_light_mirror_mvp,0.67081454,0.68691587,0.64666253,妻子,婚恋,0.6394428,5,259
260,甜蜜,甜蜜,2,tencent_ai_lab_chinese_embedding_light_mirror_mvp,0.67044239,0.67364872,0.6656329,情侣,恋爱核心,0.74419218,5,260
261,对像,对像,2,tencent_ai_lab_chinese_embedding_light_mirror_mvp,0.67041606,0.74356645,0.56069046,对象,对象关系,0.59096766,5,261
262,生了,生了,2,tencent_ai_lab_chinese_embedding_light_mirror_mvp,0.66982119,0.67645109,0.65987635,老婆,婚恋,0.70371485,5,262
263,融洽,融洽,2,tencent_ai_lab_chinese_embedding_light_mirror_mvp,0.66959642,0.71653706,0.59918547,亲密,亲密行为,0.60957778,5,263
264,亲热,亲热,2,tencent_ai_lab_chinese_embedding_light_mirror_mvp,0.66915519,0.7123313,0.60439104,亲密,亲密行为,0.6643213,5,264
265,桃花运,桃花运,3,tencent_ai_lab_chinese_embedding_light_mirror_mvp,0.6686533,0.67591417,0.65776199,单身,单身与脱单,0.70353854,5,265
266,性爱,性爱,2,tencent_ai_lab_chinese_embedding_light_mirror_mvp,0.66851885,0.66899526,0.66780424,亲密关系,亲密行为,0.67587304,5,266
267,失恋,失恋,2,tencent_ai_lab_chinese_embedding_light_mirror_mvp,0.66848935,0.67427343,0.65981323,恋爱,恋爱核心,0.71130753,5,267
268,回娘家,回娘家,3,tencent_ai_lab_chinese_embedding_light_mirror_mvp,0.66812336,0.67702532,0.65477043,老公,婚恋,0.69798487,5,268
269,人生,人生,2,tencent_ai_lab_chinese_embedding_light_mirror_mvp,0.66811081,0.68925327,0.63639712,爱情,恋爱核心,0.63035035,5,269
270,夫妇,夫妇,2,tencent_ai_lab_chinese_embedding_light_mirror_mvp,0.66810884,0.69053471,0.63447005,妻子,婚恋,0.64665163,5,270
271,老伴,老伴,2,tencent_ai_lab_chinese_embedding_light_mirror_mvp,0.66793532,0.67776,0.6531983,妻子,婚恋,0.60244572,5,271
272,提亲,提亲,2,tencent_ai_lab_chinese_embedding_light_mirror_mvp,0.66791592,0.69077742,0.63362366,订婚,婚恋,0.60011268,5,272
273,双鱼座,双鱼座,3,tencent_ai_lab_chinese_embedding_light_mirror_mvp,0.66787806,0.68249762,0.64594871,爱情,恋爱核心,0.6723932,5,273
274,爱着,爱着,2,tencent_ai_lab_chinese_embedding_light_mirror_mvp,0.66770388,0.67582697,0.65551925,初恋,恋爱核心,0.68803012,5,274
275,伴娘,伴娘,2,tencent_ai_lab_chinese_embedding_light_mirror_mvp,0.66732881,0.69800615,0.6213128,婚礼,婚恋,0.65054405,5,275
276,婚外恋,婚外恋,3,tencent_ai_lab_chinese_embedding_light_mirror_mvp,0.66650461,0.67769772,0.64971495,恋爱,恋爱核心,0.71431184,5,276
277,手拉手,手拉手,3,tencent_ai_lab_chinese_embedding_light_mirror_mvp,0.66641004,0.70058942,0.61514097,牵手,亲密行为,0.67694116,5,277
278,数学老师,数学老师,4,tencent_ai_lab_chinese_embedding_light_mirror_mvp,0.66605968,0.72712696,0.57445878,同桌,校园恋爱,0.70354402,5,278
279,婚变,婚变,2,tencent_ai_lab_chinese_embedding_light_mirror_mvp,0.66481867,0.68926299,0.62815219,恋情,婚恋,0.63587892,5,279
280,遛狗,遛狗,2,tencent_ai_lab_chinese_embedding_light_mirror_mvp,0.6646764,0.73929465,0.55274904,散步,约会,0.63487273,5,280
281,爱是,爱是,2,tencent_ai_lab_chinese_embedding_light_mirror_mvp,0.66417972,0.70210367,0.60729378,爱情,恋爱核心,0.62579024,5,281
282,表弟,表弟,2,tencent_ai_lab_chinese_embedding_light_mirror_mvp,0.66414268,0.67790735,0.64349568,女朋友,婚恋,0.61230636,5,282
283,婚外情,婚外情,3,tencent_ai_lab_chinese_embedding_light_mirror_mvp,0.66396165,0.66594005,0.66099405,爱情,恋爱核心,0.7240001,5,283
284,虐狗,虐狗,2,tencent_ai_lab_chinese_embedding_light_mirror_mvp,0.66362565,0.69760442,0.61265749,情侣,对象关系,0.59664524,5,284
285,其他同学,其他同学,4,tencent_ai_lab_chinese_embedding_light_mirror_mvp,0.66328065,0.70102787,0.60665983,同桌,校园恋爱,0.6845634,5,285
286,离异,离异,2,tencent_ai_lab_chinese_embedding_light_mirror_mvp,0.66322119,0.66907096,0.65444654,结婚,婚恋,0.64489782,5,286
287,我妈妈,我妈妈,3,tencent_ai_lab_chinese_embedding_light_mirror_mvp,0.66321386,0.68092674,0.63664454,老公,婚恋,0.59170794,5,287
288,姑姐,姑姐,2,tencent_ai_lab_chinese_embedding_light_mirror_mvp,0.66275887,0.68509805,0.62925011,老公,婚恋,0.6071412,5,288
289,情敌,情敌,2,tencent_ai_lab_chinese_embedding_light_mirror_mvp,0.66260226,0.66499567,0.65901214,前男友,恋爱历史,0.69840264,5,289
290,这婚,这婚,2,tencent_ai_lab_chinese_embedding_light_mirror_mvp,0.66243449,0.67093855,0.64967841,订婚,婚恋,0.67939228,5,290
291,婚外,婚外,2,tencent_ai_lab_chinese_embedding_light_mirror_mvp,0.66203493,0.67285591,0.64580345,伴侣,恋爱核心,0.67527378,5,291
292,情投意合,情投意合,4,tencent_ai_lab_chinese_embedding_light_mirror_mvp,0.66197703,0.66641331,0.65532261,结婚,恋爱核心,0.69035542,5,292
293,好朋友,好朋友,3,tencent_ai_lab_chinese_embedding_light_mirror_mvp,0.66197598,0.66786563,0.6531415,女朋友,对象关系,0.71089393,5,293
294,如果爱,如果爱,3,tencent_ai_lab_chinese_embedding_light_mirror_mvp,0.66176485,0.67678803,0.63923007,爱情,恋爱核心,0.69706893,5,294
295,形同陌路,形同陌路,4,tencent_ai_lab_chinese_embedding_light_mirror_mvp,0.66154119,0.68098909,0.63236934,恋人,恋爱核心,0.66527885,5,295
296,搭讪,搭讪,2,tencent_ai_lab_chinese_embedding_light_mirror_mvp,0.66153435,0.67840284,0.6362316,约会,约会,0.66241795,5,296
297,如胶似漆,如胶似漆,4,tencent_ai_lab_chinese_embedding_light_mirror_mvp,0.66148274,0.66611278,0.65453768,情侣,恋爱核心,0.7019617,5,297
298,娘家人,娘家人,3,tencent_ai_lab_chinese_embedding_light_mirror_mvp,0.66145738,0.66540617,0.65553421,老公,婚恋,0.68853176,5,298
299,婚车,婚车,2,tencent_ai_lab_chinese_embedding_light_mirror_mvp,0.6613095,0.71203792,0.58521688,婚礼,婚恋,0.57312202,5,299
300,改嫁,改嫁,2,tencent_ai_lab_chinese_embedding_light_mirror_mvp,0.65991609,0.67439866,0.63819224,丈夫,婚恋,0.66729617,5,300
301,女人说,女人说,3,tencent_ai_lab_chinese_embedding_light_mirror_mvp,0.65956095,0.67079276,0.64271325,老婆,婚恋,0.60582954,5,301
302,姑妈,姑妈,2,tencent_ai_lab_chinese_embedding_light_mirror_mvp,0.65948179,0.66597033,0.64974898,丈夫,婚恋,0.66961575,5,302
303,爱了,爱了,2,tencent_ai_lab_chinese_embedding_light_mirror_mvp,0.65935317,0.67283756,0.6391266,初恋,恋爱核心,0.69594586,5,303
304,强吻,强吻,2,tencent_ai_lab_chinese_embedding_light_mirror_mvp,0.65914725,0.66990441,0.64301151,接吻,表白与追求,0.61930656,5,304
305,大龄,大龄,2,tencent_ai_lab_chinese_embedding_light_mirror_mvp,0.6587954,0.69325554,0.6071052,单身,单身与脱单,0.66598576,5,305
306,山盟海誓,山盟海誓,4,tencent_ai_lab_chinese_embedding_light_mirror_mvp,0.6587435,0.6693083,0.64289629,爱情,恋爱核心,0.67713416,5,306
307,幽会,幽会,2,tencent_ai_lab_chinese_embedding_light_mirror_mvp,0.65868849,0.69891506,0.59834862,约会,约会,0.67596769,5,307
308,同事,同事,2,tencent_ai_lab_chinese_embedding_light_mirror_mvp,0.6586858,0.66169596,0.65417057,老公,对象关系,0.63632047,5,308
309,聚会,聚会,2,tencent_ai_lab_chinese_embedding_light_mirror_mvp,0.65794725,0.68048108,0.62414652,约会,约会,0.6753844,5,309
310,钻戒,钻戒,2,tencent_ai_lab_chinese_embedding_light_mirror_mvp,0.65767236,0.67272103,0.63509935,求婚,婚恋,0.64696217,5,310
311,性伴侣,性伴侣,3,tencent_ai_lab_chinese_embedding_light_mirror_mvp,0.65756438,0.69401228,0.60289252,伴侣,对象关系,0.61107308,5,311
312,结婚证,结婚证,3,tencent_ai_lab_chinese_embedding_light_mirror_mvp,0.65743037,0.67249364,0.63483548,结婚,婚恋,0.65268195,5,312
313,亲妈,亲妈,2,tencent_ai_lab_chinese_embedding_light_mirror_mvp,0.65741258,0.67878568,0.62535292,老公,婚恋,0.57631469,5,313
314,课间,课间,2,tencent_ai_lab_chinese_embedding_light_mirror_mvp,0.65733598,0.71580309,0.56963533,同桌,校园恋爱,0.70281357,5,314
315,爱她,爱她,2,tencent_ai_lab_chinese_embedding_light_mirror_mvp,0.65698714,0.66392815,0.64657563,初恋,恋爱核心,0.68702716,5,315
316,人际交往,人际交往,4,tencent_ai_lab_chinese_embedding_light_mirror_mvp,0.6567014,0.69075346,0.6056233,亲密关系,恋爱核心,0.5172326,5,316
317,夫人,夫人,2,tencent_ai_lab_chinese_embedding_light_mirror_mvp,0.65668381,0.67279989,0.63250971,妻子,婚恋,0.64299786,5,317
318,老娘,老娘,2,tencent_ai_lab_chinese_embedding_light_mirror_mvp,0.65667164,0.68417645,0.61541444,老婆,婚恋,0.56697655,5,318
319,生下,生下,2,tencent_ai_lab_chinese_embedding_light_mirror_mvp,0.65663723,0.66623634,0.64223856,结婚,婚恋,0.68903232,5,319
320,父母亲,父母亲,3,tencent_ai_lab_chinese_embedding_light_mirror_mvp,0.65625561,0.6671049,0.63998169,丈夫,婚恋,0.64489162,5,320
321,美好,美好,2,tencent_ai_lab_chinese_embedding_light_mirror_mvp,0.65589387,0.66406465,0.64363772,青春,恋爱核心,0.63782728,5,321
322,接亲,接亲,2,tencent_ai_lab_chinese_embedding_light_mirror_mvp,0.65580742,0.70163989,0.58705872,婚礼,婚恋,0.55796492,5,322
323,手挽手,手挽手,3,tencent_ai_lab_chinese_embedding_light_mirror_mvp,0.65552738,0.67822623,0.62147909,牵手,亲密行为,0.64309436,5,323
324,喜结良缘,喜结良缘,4,tencent_ai_lab_chinese_embedding_light_mirror_mvp,0.65548551,0.66839623,0.63611943,结婚,婚恋,0.64255631,5,324
325,移情别恋,移情别恋,4,tencent_ai_lab_chinese_embedding_light_mirror_mvp,0.65526867,0.65644288,0.65350735,前女友,恋爱历史,0.72786945,5,325
326,姑娘,姑娘,2,tencent_ai_lab_chinese_embedding_light_mirror_mvp,0.65511308,0.66752386,0.6364969,男朋友,对象关系,0.66422749,5,326
327,去爱,去爱,2,tencent_ai_lab_chinese_embedding_light_mirror_mvp,0.65507677,0.67931032,0.61872643,爱情,表白与追求,0.66231066,5,327
328,大嫂,大嫂,2,tencent_ai_lab_chinese_embedding_light_mirror_mvp,0.655064,0.67339545,0.62756681,老婆,婚恋,0.6237064,5,328
329,三角恋,三角恋,3,tencent_ai_lab_chinese_embedding_light_mirror_mvp,0.65465434,0.66193819,0.64372855,恋情,恋爱核心,0.6913833,5,329
330,哥们,哥们,2,tencent_ai_lab_chinese_embedding_light_mirror_mvp,0.65459459,0.66962624,0.63204712,女朋友,对象关系,0.58013928,5,330
331,爱妻,爱妻,2,tencent_ai_lab_chinese_embedding_light_mirror_mvp,0.65449057,0.68631434,0.6067549,妻子,婚恋,0.63929832,5,331
332,娶亲,娶亲,2,tencent_ai_lab_chinese_embedding_light_mirror_mvp,0.65444069,0.65913832,0.64739424,订婚,婚恋,0.63067788,5,332
333,校园爱情,校园爱情,4,tencent_ai_lab_chinese_embedding_light_mirror_mvp,0.65422907,0.65813482,0.64837044,初恋,恋爱核心,0.69716823,5,333
334,分分合合,分分合合,4,tencent_ai_lab_chinese_embedding_light_mirror_mvp,0.65418618,0.66016138,0.64522338,恋情,恋爱核心,0.6990521,5,334
335,两人,两人,2,tencent_ai_lab_chinese_embedding_light_mirror_mvp,0.65401685,0.66975379,0.63041145,情侣,对象关系,0.62393177,5,335
336,两任,两任,2,tencent_ai_lab_chinese_embedding_light_mirror_mvp,0.65397557,0.71454233,0.56312543,前任,恋爱历史,0.59132355,5,336
337,还说,还说,2,tencent_ai_lab_chinese_embedding_light_mirror_mvp,0.65361688,0.66553962,0.63573277,老婆,婚恋,0.63166642,5,337
338,为了爱,为了爱,3,tencent_ai_lab_chinese_embedding_light_mirror_mvp,0.65349427,0.68236595,0.61018676,爱情,恋爱核心,0.65639275,5,338
339,母女俩,母女俩,3,tencent_ai_lab_chinese_embedding_light_mirror_mvp,0.65338674,0.66944289,0.6293025,丈夫,婚恋,0.61045563,5,339
340,坠入情网,坠入情网,4,tencent_ai_lab_chinese_embedding_light_mirror_mvp,0.65335233,0.65821946,0.64605165,恋人,恋爱核心,0.72477645,5,340
341,爱得,爱得,2,tencent_ai_lab_chinese_embedding_light_mirror_mvp,0.65302703,0.66626894,0.63316417,爱情,恋爱核心,0.69079208,5,341
342,插足,插足,2,tencent_ai_lab_chinese_embedding_light_mirror_mvp,0.65288692,0.67610967,0.61805278,恋情,恋爱历史,0.6222055,5,342
343,婚照,婚照,2,tencent_ai_lab_chinese_embedding_light_mirror_mvp,0.65283352,0.6891641,0.59833765,婚礼,婚恋,0.56849003,5,343
344,一家人,一家人,3,tencent_ai_lab_chinese_embedding_light_mirror_mvp,0.65274678,0.65648919,0.64713317,妻子,婚恋,0.67089224,5,344
345,生儿育女,生儿育女,4,tencent_ai_lab_chinese_embedding_light_mirror_mvp,0.65272558,0.67339897,0.62171549,结婚,婚恋,0.64329779,5,345
346,大姐,大姐,2,tencent_ai_lab_chinese_embedding_light_mirror_mvp,0.65253592,0.6604265,0.64070004,老婆,婚恋,0.6233654,5,346
347,男女之间,男女之间,4,tencent_ai_lab_chinese_embedding_light_mirror_mvp,0.65218077,0.66395056,0.63452607,爱情,恋爱核心,0.65587932,5,347
348,情愫,情愫,2,tencent_ai_lab_chinese_embedding_light_mirror_mvp,0.65206375,0.66048646,0.63942969,初恋,恋爱核心,0.68186712,5,348
349,约炮,约炮,2,tencent_ai_lab_chinese_embedding_light_mirror_mvp,0.65177693,0.66003728,0.63938642,恋爱,单身与脱单,0.62165022,5,349
350,老班,老班,2,tencent_ai_lab_chinese_embedding_light_mirror_mvp,0.65172461,0.71152788,0.56201971,同桌,校园恋爱,0.67462242,5,350
351,爹妈,爹妈,2,tencent_ai_lab_chinese_embedding_light_mirror_mvp,0.65170966,0.66397101,0.63331765,老婆,婚恋,0.60908031,5,351
352,新婚夫妇,新婚夫妇,4,tencent_ai_lab_chinese_embedding_light_mirror_mvp,0.65165139,0.66342098,0.63399702,情侣,婚恋,0.63776135,5,352
353,伴郎,伴郎,2,tencent_ai_lab_chinese_embedding_light_mirror_mvp,0.65154061,0.67363346,0.61840135,婚礼,婚恋,0.64526796,5,353
354,表妹,表妹,2,tencent_ai_lab_chinese_embedding_light_mirror_mvp,0.65136675,0.65791661,0.64154196,女朋友,婚恋,0.65846378,5,354
355,葬礼,葬礼,2,tencent_ai_lab_chinese_embedding_light_mirror_mvp,0.65058537,0.70222092,0.57313204,婚礼,婚恋,0.5421769,5,355
356,爱妻子,爱妻子,3,tencent_ai_lab_chinese_embedding_light_mirror_mvp,0.65006082,0.66068196,0.63412911,妻子,婚恋,0.62626505,5,356
357,学生时代,学生时代,4,tencent_ai_lab_chinese_embedding_light_mirror_mvp,0.64949152,0.66227615,0.63031459,初恋,校园恋爱,0.71094501,5,357
358,二胎,二胎,2,tencent_ai_lab_chinese_embedding_light_mirror_mvp,0.64922781,0.66359103,0.62768298,老公,婚恋,0.62632322,5,358
359,绝交,绝交,2,tencent_ai_lab_chinese_embedding_light_mirror_mvp,0.64892991,0.65796149,0.63538253,前男友,恋爱历史,0.65425009,5,359
360,其夫,其夫,2,tencent_ai_lab_chinese_embedding_light_mirror_mvp,0.64892613,0.67059785,0.61641854,丈夫,婚恋,0.5593577,5,360
361,现任,现任,2,tencent_ai_lab_chinese_embedding_light_mirror_mvp,0.64890416,0.71880853,0.54404759,前任,恋爱历史,0.54197741,5,361
362,上学时,上学时,3,tencent_ai_lab_chinese_embedding_light_mirror_mvp,0.64863635,0.67985266,0.60181189,同桌,校园恋爱,0.72463489,5,362
363,几岁,几岁,2,tencent_ai_lab_chinese_embedding_light_mirror_mvp,0.64858423,0.70439655,0.56486577,同龄人,社会比较与人生进度,0.58632028,5,363
364,圈外人,圈外人,3,tencent_ai_lab_chinese_embedding_light_mirror_mvp,0.6485446,0.65299058,0.64187562,结婚,婚恋,0.6771841,5,364
365,男神,男神,2,tencent_ai_lab_chinese_embedding_light_mirror_mvp,0.64782685,0.65263289,0.64061779,女朋友,表白与追求,0.65401345,5,365
366,年纪,年纪,2,tencent_ai_lab_chinese_embedding_light_mirror_mvp,0.647103,0.69116545,0.58100933,同龄人,社会比较与人生进度,0.64566386,5,366
367,心上人,心上人,3,tencent_ai_lab_chinese_embedding_light_mirror_mvp,0.64630094,0.66068506,0.62472475,恋人,对象关系,0.6691277,5,367
368,从一而终,从一而终,4,tencent_ai_lab_chinese_embedding_light_mirror_mvp,0.64627452,0.6683315,0.61318904,爱情,恋爱核心,0.65514553,5,368
369,青春期,青春期,3,tencent_ai_lab_chinese_embedding_light_mirror_mvp,0.64601886,0.67615509,0.60081452,早恋,校园恋爱,0.60809344,5,369
370,贤惠,贤惠,2,tencent_ai_lab_chinese_embedding_light_mirror_mvp,0.64523687,0.65363359,0.63264179,老婆,婚恋,0.63724476,5,370
371,度蜜月,度蜜月,3,tencent_ai_lab_chinese_embedding_light_mirror_mvp,0.64521506,0.65082324,0.63680279,婚礼,婚恋,0.66097641,5,371
372,时光,时光,2,tencent_ai_lab_chinese_embedding_light_mirror_mvp,0.64511734,0.69244176,0.57413071,青春,社会比较与人生进度,0.59511644,5,372
373,蜜月,蜜月,2,tencent_ai_lab_chinese_embedding_light_mirror_mvp,0.64449985,0.65786314,0.62445492,婚礼,婚恋,0.62621784,5,373
374,吵架,吵架,2,tencent_ai_lab_chinese_embedding_light_mirror_mvp,0.64396958,0.6485821,0.63705081,老公,婚恋,0.66428018,5,374
375,我弟,我弟,2,tencent_ai_lab_chinese_embedding_light_mirror_mvp,0.64383578,0.64770234,0.63803595,老婆,校园恋爱,0.57560039,5,375
376,再娶,再娶,2,tencent_ai_lab_chinese_embedding_light_mirror_mvp,0.64353306,0.64715743,0.63809651,结婚,婚恋,0.68530011,5,376
377,一往情深,一往情深,4,tencent_ai_lab_chinese_embedding_light_mirror_mvp,0.64349928,0.65576231,0.62510473,初恋,恋爱核心,0.64468634,5,377
378,十几岁,十几岁,3,tencent_ai_lab_chinese_embedding_light_mirror_mvp,0.64344193,0.69074899,0.57248133,同龄人,社会比较与人生进度,0.61499661,5,378
379,岁月,岁月,2,tencent_ai_lab_chinese_embedding_light_mirror_mvp,0.64343716,0.69507259,0.56598401,青春,社会比较与人生进度,0.59755254,5,379
380,好男人,好男人,3,tencent_ai_lab_chinese_embedding_light_mirror_mvp,0.64333797,0.65554512,0.62502724,老婆,对象关系,0.6505872,5,380
381,性关系,性关系,3,tencent_ai_lab_chinese_embedding_light_mirror_mvp,0.64324536,0.67078054,0.6019426,亲密关系,亲密行为,0.60190886,5,381
382,婚内,婚内,2,tencent_ai_lab_chinese_embedding_light_mirror_mvp,0.6430069,0.64774692,0.63589686,恋情,婚恋,0.65208942,5,382
383,结婚纪念日,结婚纪念日,5,tencent_ai_lab_chinese_embedding_light_mirror_mvp,0.64279559,0.64747763,0.63577253,结婚,婚恋,0.71005273,5,383
384,好丈夫,好丈夫,3,tencent_ai_lab_chinese_embedding_light_mirror_mvp,0.64277837,0.65359104,0.62655938,妻子,婚恋,0.62578523,5,384
385,彩礼,彩礼,2,tencent_ai_lab_chinese_embedding_light_mirror_mvp,0.64269395,0.65479887,0.62453657,结婚,婚恋,0.64992899,5,385
386,美好的,美好的,3,tencent_ai_lab_chinese_embedding_light_mirror_mvp,0.64267319,0.64935535,0.63264996,青春,恋爱核心,0.63466203,5,386
387,聘礼,聘礼,2,tencent_ai_lab_chinese_embedding_light_mirror_mvp,0.64243698,0.66748679,0.60486227,订婚,婚恋,0.58853978,5,387
388,英语老师,英语老师,4,tencent_ai_lab_chinese_embedding_light_mirror_mvp,0.64224042,0.69342536,0.56546301,同桌,校园恋爱,0.6856162,5,388
389,理想,理想,2,tencent_ai_lab_chinese_embedding_light_mirror_mvp,0.64183614,0.6962862,0.56016105,追求,社会比较与人生进度,0.55032599,5,389
390,晚宴,晚宴,2,tencent_ai_lab_chinese_embedding_light_mirror_mvp,0.64170625,0.68305445,0.57968396,婚礼,约会,0.52876484,5,390
391,上课时,上课时,3,tencent_ai_lab_chinese_embedding_light_mirror_mvp,0.64157591,0.69379961,0.56324035,同桌,校园恋爱,0.69492358,5,391
392,领先,领先,2,tencent_ai_lab_chinese_embedding_light_mirror_mvp,0.64120706,0.75917792,0.46425077,落后,社会比较与人生进度,0.57336503,5,392
393,忠贞不渝,忠贞不渝,4,tencent_ai_lab_chinese_embedding_light_mirror_mvp,0.64067903,0.65694559,0.61627918,爱情,恋爱核心,0.61699605,5,393
394,小侄女,小侄女,3,tencent_ai_lab_chinese_embedding_light_mirror_mvp,0.64060106,0.64920282,0.62769842,老公,婚恋,0.58205724,5,394
395,删光,删光,2,tencent_ai_lab_chinese_embedding_light_mirror_mvp,0.64033115,0.66065502,0.60984534,前女友,恋爱历史,0.63083404,5,395
396,朋友,朋友,2,tencent_ai_lab_chinese_embedding_light_mirror_mvp,0.6399883,0.65771699,0.61339527,女朋友,对象关系,0.67100656,5,396
397,妻子儿女,妻子儿女,4,tencent_ai_lab_chinese_embedding_light_mirror_mvp,0.63975946,0.6653195,0.60141939,妻子,婚恋,0.55607414,5,397
398,堂姐,堂姐,2,tencent_ai_lab_chinese_embedding_light_mirror_mvp,0.63951898,0.64069939,0.63774836,男朋友,婚恋,0.64408934,5,398
399,酒席,酒席,2,tencent_ai_lab_chinese_embedding_light_mirror_mvp,0.63935288,0.6842187,0.57205415,婚礼,婚恋,0.5586884,5,399
400,无话不谈,无话不谈,4,tencent_ai_lab_chinese_embedding_light_mirror_mvp,0.63910867,0.6522494,0.61939758,恋人,对象关系,0.63933659,5,400
401,我谈,我谈,2,tencent_ai_lab_chinese_embedding_light_mirror_mvp,0.63900721,0.6589247,0.60913098,恋爱,对象关系,0.52917278,5,401
402,文科班,文科班,3,tencent_ai_lab_chinese_embedding_light_mirror_mvp,0.63898261,0.68150568,0.57519799,同桌,校园恋爱,0.67776561,5,402
403,同性,同性,2,tencent_ai_lab_chinese_embedding_light_mirror_mvp,0.63897107,0.64308476,0.63280052,接吻,对象关系,0.66756058,5,403
404,嫌弃,嫌弃,2,tencent_ai_lab_chinese_embedding_light_mirror_mvp,0.6386152,0.64629805,0.62709093,老婆,婚恋,0.60836941,5,404
405,二姐,二姐,2,tencent_ai_lab_chinese_embedding_light_mirror_mvp,0.63837315,0.6481232,0.62374806,老婆,婚恋,0.63990223,5,405
406,爱上她,爱上她,3,tencent_ai_lab_chinese_embedding_light_mirror_mvp,0.63836215,0.6562829,0.61148101,初恋,恋爱核心,0.65346491,5,406
407,婚庆,婚庆,2,tencent_ai_lab_chinese_embedding_light_mirror_mvp,0.63832455,0.68199861,0.57281345,婚礼,婚恋,0.53032553,5,407
408,婚恋,婚恋,2,tencent_ai_lab_chinese_embedding_light_mirror_mvp,0.63831922,0.64195257,0.63286918,恋爱,单身与脱单,0.64164042,5,408
409,死党,死党,2,tencent_ai_lab_chinese_embedding_light_mirror_mvp,0.63826888,0.65417099,0.61441571,同桌,对象关系,0.62188256,5,409
410,家庭主妇,家庭主妇,4,tencent_ai_lab_chinese_embedding_light_mirror_mvp,0.63811727,0.64999878,0.62029499,丈夫,婚恋,0.59910887,5,410
411,送花,送花,2,tencent_ai_lab_chinese_embedding_light_mirror_mvp,0.63804543,0.64927721,0.62119776,求婚,表白与追求,0.63223088,5,411
412,小萱,小萱,2,tencent_ai_lab_chinese_embedding_light_mirror_mvp,0.63794348,0.64585316,0.62607896,男朋友,婚恋,0.61041832,5,412
413,床照,床照,2,tencent_ai_lab_chinese_embedding_light_mirror_mvp,0.63791376,0.65878111,0.60661274,前女友,恋爱历史,0.59766036,5,413
414,全班,全班,2,tencent_ai_lab_chinese_embedding_light_mirror_mvp,0.63782036,0.6993345,0.54554915,同桌,校园恋爱,0.64949042,5,414
415,婚房,婚房,2,tencent_ai_lab_chinese_embedding_light_mirror_mvp,0.63780369,0.64814228,0.6222958,结婚,婚恋,0.65933371,5,415
416,年龄,年龄,2,tencent_ai_lab_chinese_embedding_light_mirror_mvp,0.63760512,0.67885351,0.57573253,同龄人,社会比较与人生进度,0.60164773,5,416
417,过日子,过日子,3,tencent_ai_lab_chinese_embedding_light_mirror_mvp,0.63760371,0.65225279,0.61563009,结婚,婚恋,0.63114864,5,417
418,追你,追你,2,tencent_ai_lab_chinese_embedding_light_mirror_mvp,0.63735831,0.64249623,0.62965143,表白,表白与追求,0.68737888,5,418
419,带孩子,带孩子,3,tencent_ai_lab_chinese_embedding_light_mirror_mvp,0.63735267,0.65559202,0.60999364,老公,婚恋,0.56954551,5,419
420,媒人,媒人,2,tencent_ai_lab_chinese_embedding_light_mirror_mvp,0.63725812,0.64908588,0.61951649,订婚,婚恋,0.65612042,5,420
421,朋友说,朋友说,3,tencent_ai_lab_chinese_embedding_light_mirror_mvp,0.6371936,0.64277667,0.62881899,女朋友,对象关系,0.58253604,5,421
422,孩子,孩子,2,tencent_ai_lab_chinese_embedding_light_mirror_mvp,0.63711443,0.64467895,0.62576765,丈夫,婚恋,0.59256393,5,422
423,他俩,他俩,2,tencent_ai_lab_chinese_embedding_light_mirror_mvp,0.63705524,0.65704674,0.607068,情侣,婚恋,0.63667673,5,423
424,抢婚,抢婚,2,tencent_ai_lab_chinese_embedding_light_mirror_mvp,0.63705093,0.64047796,0.63191038,求婚,婚恋,0.5777933,5,424
425,外遇,外遇,2,tencent_ai_lab_chinese_embedding_light_mirror_mvp,0.63693476,0.64112365,0.63065141,丈夫,婚恋,0.67862731,5,425
426,配偶,配偶,2,tencent_ai_lab_chinese_embedding_light_mirror_mvp,0.63685342,0.67510468,0.57947654,伴侣,对象关系,0.56581801,5,426
427,删微博,删微博,3,tencent_ai_lab_chinese_embedding_light_mirror_mvp,0.6368219,0.65748447,0.60582805,前女友,恋爱历史,0.5971002,5,427
428,催婚,催婚,2,tencent_ai_lab_chinese_embedding_light_mirror_mvp,0.63659472,0.6448561,0.62420267,单身,单身与脱单,0.6394999,5,428
429,育有,育有,2,tencent_ai_lab_chinese_embedding_light_mirror_mvp,0.63614221,0.6443814,0.62378341,妻子,婚恋,0.63199997,5,429
430,纯真,纯真,2,tencent_ai_lab_chinese_embedding_light_mirror_mvp,0.63590279,0.64418745,0.62347579,青春,社会比较与人生进度,0.60120529,5,430
431,鼓起勇气,鼓起勇气,4,tencent_ai_lab_chinese_embedding_light_mirror_mvp,0.63575437,0.64534497,0.62136847,告白,表白与追求,0.66415489,5,431
432,家暴,家暴,2,tencent_ai_lab_chinese_embedding_light_mirror_mvp,0.63519067,0.64781982,0.61624694,丈夫,婚恋,0.63092571,5,432
433,刻意追求,刻意追求,4,tencent_ai_lab_chinese_embedding_light_mirror_mvp,0.63512079,0.71686107,0.51251036,追求,表白与追求,0.45082307,5,433
434,天秤座,天秤座,3,tencent_ai_lab_chinese_embedding_light_mirror_mvp,0.63465958,0.6381129,0.62947959,爱情,恋爱核心,0.64397562,5,434
435,当妈,当妈,2,tencent_ai_lab_chinese_embedding_light_mirror_mvp,0.63446957,0.65461451,0.60425216,老公,婚恋,0.59419417,5,435
436,巨蟹座,巨蟹座,3,tencent_ai_lab_chinese_embedding_light_mirror_mvp,0.63445163,0.637182,0.63035607,爱情,恋爱核心,0.64025211,5,436
437,你妈,你妈,2,tencent_ai_lab_chinese_embedding_light_mirror_mvp,0.63430068,0.65289688,0.60640639,老婆,婚恋,0.54365253,5,437
438,丧偶,丧偶,2,tencent_ai_lab_chinese_embedding_light_mirror_mvp,0.63421932,0.64894396,0.61213237,单身,婚恋,0.5996989,5,438
439,夫妻生活,夫妻生活,4,tencent_ai_lab_chinese_embedding_light_mirror_mvp,0.63396424,0.63870603,0.62685156,伴侣,婚恋,0.62967467,5,439
440,女老师,女老师,3,tencent_ai_lab_chinese_embedding_light_mirror_mvp,0.63364189,0.66385734,0.58831871,同桌,校园恋爱,0.71720064,5,440
441,美满,美满,2,tencent_ai_lab_chinese_embedding_light_mirror_mvp,0.63359051,0.64493191,0.6165784,爱情,恋爱核心,0.64319956,5,441
442,心心相印,心心相印,4,tencent_ai_lab_chinese_embedding_light_mirror_mvp,0.6330391,0.64801854,0.61056995,恋人,亲密行为,0.61895442,5,442
443,纯爱,纯爱,2,tencent_ai_lab_chinese_embedding_light_mirror_mvp,0.63297991,0.64212435,0.61926323,爱情,恋爱核心,0.65759647,5,443
444,第三者,第三者,3,tencent_ai_lab_chinese_embedding_light_mirror_mvp,0.63291773,0.63586658,0.62849444,恋人,对象关系,0.66153169,5,444
445,婚姻大事,婚姻大事,4,tencent_ai_lab_chinese_embedding_light_mirror_mvp,0.63274004,0.64355958,0.61651075,结婚,婚恋,0.60279971,5,445
446,舞会,舞会,2,tencent_ai_lab_chinese_embedding_light_mirror_mvp,0.6324796,0.66036725,0.59064811,婚礼,约会,0.55756402,5,446
447,姑父,姑父,2,tencent_ai_lab_chinese_embedding_light_mirror_mvp,0.63218346,0.63736904,0.62440509,老婆,婚恋,0.63616681,5,447
448,向往,向往,2,tencent_ai_lab_chinese_embedding_light_mirror_mvp,0.63204747,0.67142731,0.57297772,追求,表白与追求,0.54487193,5,448
449,百依百顺,百依百顺,4,tencent_ai_lab_chinese_embedding_light_mirror_mvp,0.63202024,0.64097559,0.6185872,老婆,对象关系,0.62915444,5,449
450,贤妻良母,贤妻良母,4,tencent_ai_lab_chinese_embedding_light_mirror_mvp,0.63191962,0.64049184,0.61906129,老公,婚恋,0.62113166,5,450
451,同校,同校,2,tencent_ai_lab_chinese_embedding_light_mirror_mvp,0.63187937,0.64614254,0.6104846,同桌,校园恋爱,0.67563498,5,451
452,现实生活,现实生活,4,tencent_ai_lab_chinese_embedding_light_mirror_mvp,0.63176284,0.65518796,0.59662515,爱情,恋爱核心,0.61049414,5,452
453,一夜情,一夜情,3,tencent_ai_lab_chinese_embedding_light_mirror_mvp,0.63169724,0.64210111,0.61609143,约会,恋爱核心,0.62597299,5,453
454,老父,老父,2,tencent_ai_lab_chinese_embedding_light_mirror_mvp,0.63166255,0.65049535,0.60341334,妻子,婚恋,0.54120046,5,454
455,晨练,晨练,2,tencent_ai_lab_chinese_embedding_light_mirror_mvp,0.63157891,0.72128803,0.49701524,散步,约会,0.56182301,5,455
456,孩他,孩他,2,tencent_ai_lab_chinese_embedding_light_mirror_mvp,0.63154569,0.65036595,0.60331529,老婆,婚恋,0.56583035,5,456
457,全家人,全家人,3,tencent_ai_lab_chinese_embedding_light_mirror_mvp,0.63151083,0.63944852,0.61960429,老公,婚恋,0.62204504,5,457
458,学长,学长,2,tencent_ai_lab_chinese_embedding_light_mirror_mvp,0.63146273,0.63626939,0.62425274,女朋友,表白与追求,0.63141495,5,458
459,谈上,谈上,2,tencent_ai_lab_chinese_embedding_light_mirror_mvp,0.63123448,0.65684974,0.59281158,恋爱,恋爱核心,0.57737637,5,459
460,亲过,亲过,2,tencent_ai_lab_chinese_embedding_light_mirror_mvp,0.63123221,0.66907847,0.57446283,接吻,亲密行为,0.60184371,5,460
461,夫妻感情,夫妻感情,4,tencent_ai_lab_chinese_embedding_light_mirror_mvp,0.63120258,0.63599539,0.62401336,丈夫,婚恋,0.62341249,5,461
462,谈过,谈过,2,tencent_ai_lab_chinese_embedding_light_mirror_mvp,0.63116207,0.65812302,0.59072065,恋爱,恋爱核心,0.57374316,5,462
463,自我,自我,2,tencent_ai_lab_chinese_embedding_light_mirror_mvp,0.630951,0.64403236,0.61132896,追求,社会比较与人生进度,0.57012278,5,463
464,情话,情话,2,tencent_ai_lab_chinese_embedding_light_mirror_mvp,0.63076524,0.63987178,0.61710542,告白,恋爱核心,0.6416831,5,464
465,女主人,女主人,3,tencent_ai_lab_chinese_embedding_light_mirror_mvp,0.63053527,0.63967884,0.61681992,丈夫,婚恋,0.60954893,5,465
466,性生活,性生活,3,tencent_ai_lab_chinese_embedding_light_mirror_mvp,0.6297911,0.64052862,0.61368483,伴侣,亲密行为,0.58448964,5,466
467,脚踏两只船,脚踏两只船,5,tencent_ai_lab_chinese_embedding_light_mirror_mvp,0.62967291,0.64155638,0.6118477,前女友,恋爱历史,0.66511738,5,467
468,贤内助,贤内助,3,tencent_ai_lab_chinese_embedding_light_mirror_mvp,0.62964094,0.63420486,0.62279505,老婆,婚恋,0.62251568,5,468
469,天蝎座,天蝎座,3,tencent_ai_lab_chinese_embedding_light_mirror_mvp,0.62939513,0.64115775,0.6117512,爱情,恋爱核心,0.63493621,5,469
470,处女座,处女座,3,tencent_ai_lab_chinese_embedding_light_mirror_mvp,0.62932428,0.63606852,0.61920792,爱情,恋爱核心,0.63948083,5,470
471,成家立业,成家立业,4,tencent_ai_lab_chinese_embedding_light_mirror_mvp,0.62924151,0.65544021,0.58994347,结婚,婚恋,0.57439363,5,471
472,痴情,痴情,2,tencent_ai_lab_chinese_embedding_light_mirror_mvp,0.62917279,0.63189524,0.62508911,爱情,恋爱核心,0.64089406,5,472
473,家庭生活,家庭生活,4,tencent_ai_lab_chinese_embedding_light_mirror_mvp,0.6291554,0.63303351,0.62333822,亲密关系,婚恋,0.61290801,5,473
474,疏远,疏远,2,tencent_ai_lab_chinese_embedding_light_mirror_mvp,0.62910746,0.64657801,0.60290164,亲密,对象关系,0.56840926,5,474
475,满月酒,满月酒,3,tencent_ai_lab_chinese_embedding_light_mirror_mvp,0.62909514,0.66267961,0.57871842,婚礼,婚恋,0.55166465,5,475
476,甜言蜜语,甜言蜜语,4,tencent_ai_lab_chinese_embedding_light_mirror_mvp,0.62908814,0.63577926,0.61905146,爱情,恋爱核心,0.65471756,5,476
477,生女,生女,2,tencent_ai_lab_chinese_embedding_light_mirror_mvp,0.62891073,0.65497971,0.58980727,结婚,婚恋,0.64435387,5,477
478,和她,和她,2,tencent_ai_lab_chinese_embedding_light_mirror_mvp,0.62885847,0.62999558,0.6271528,丈夫,婚恋,0.66573977,5,478
479,母子俩,母子俩,3,tencent_ai_lab_chinese_embedding_light_mirror_mvp,0.62880495,0.63905215,0.61343414,丈夫,婚恋,0.59033471,5,479
480,激情,激情,2,tencent_ai_lab_chinese_embedding_light_mirror_mvp,0.62818123,0.65695888,0.58501476,青春,社会比较与人生进度,0.59415787,5,480
481,亲爹,亲爹,2,tencent_ai_lab_chinese_embedding_light_mirror_mvp,0.62786334,0.65361691,0.58923298,老婆,婚恋,0.54603052,5,481
482,我妹,我妹,2,tencent_ai_lab_chinese_embedding_light_mirror_mvp,0.62782025,0.63350463,0.61929369,男朋友,校园恋爱,0.55729043,5,482
483,吃软饭,吃软饭,3,tencent_ai_lab_chinese_embedding_light_mirror_mvp,0.62712648,0.64464378,0.60085052,老婆,婚恋,0.58896244,5,483
484,太作,太作,2,tencent_ai_lab_chinese_embedding_light_mirror_mvp,0.62686174,0.64132047,0.60517365,男朋友,恋爱历史,0.60585165,5,484
485,盆友,盆友,2,tencent_ai_lab_chinese_embedding_light_mirror_mvp,0.6267213,0.64386779,0.60100156,男朋友,对象关系,0.60866368,5,485
486,姻缘,姻缘,2,tencent_ai_lab_chinese_embedding_light_mirror_mvp,0.62642916,0.63826686,0.60867262,爱情,恋爱核心,0.65973425,5,486
487,在家,在家,2,tencent_ai_lab_chinese_embedding_light_mirror_mvp,0.62635771,0.63053781,0.62008756,老公,婚恋,0.58697897,5,487
488,家室,家室,2,tencent_ai_lab_chinese_embedding_light_mirror_mvp,0.62613449,0.63881481,0.60711402,单身,婚恋,0.62708896,5,488
489,男主人,男主人,3,tencent_ai_lab_chinese_embedding_light_mirror_mvp,0.62605591,0.63033807,0.61963266,丈夫,婚恋,0.57354879,5,489
490,带娃,带娃,2,tencent_ai_lab_chinese_embedding_light_mirror_mvp,0.62602189,0.64879465,0.59186274,老公,婚恋,0.56232184,5,490
491,挚友,挚友,2,tencent_ai_lab_chinese_embedding_light_mirror_mvp,0.62601726,0.64675021,0.59491783,恋人,对象关系,0.60910892,5,491
492,慢跑,慢跑,2,tencent_ai_lab_chinese_embedding_light_mirror_mvp,0.62595243,0.72210526,0.48172319,散步,约会,0.55696225,5,492
493,一子一女,一子一女,4,tencent_ai_lab_chinese_embedding_light_mirror_mvp,0.62592809,0.63344288,0.61465591,妻子,婚恋,0.62414134,5,493
494,迎亲,迎亲,2,tencent_ai_lab_chinese_embedding_light_mirror_mvp,0.62545696,0.66053432,0.57284093,婚礼,婚恋,0.50685287,5,494
495,证领,证领,2,tencent_ai_lab_chinese_embedding_light_mirror_mvp,0.62520206,0.64410281,0.59685093,订婚,婚恋,0.60458523,5,495
496,早婚,早婚,2,tencent_ai_lab_chinese_embedding_light_mirror_mvp,0.62499077,0.63497031,0.61002147,结婚,单身与脱单,0.54580104,5,496
497,事业有成,事业有成,4,tencent_ai_lab_chinese_embedding_light_mirror_mvp,0.62495083,0.64026684,0.60197681,单身,单身与脱单,0.60772991,5,497
498,基友,基友,2,tencent_ai_lab_chinese_embedding_light_mirror_mvp,0.62491391,0.63274622,0.61316544,女朋友,对象关系,0.63858294,5,498
499,宴会,宴会,2,tencent_ai_lab_chinese_embedding_light_mirror_mvp,0.62466564,0.66210783,0.56850237,婚礼,约会,0.52263027,5,499
500,大姨,大姨,2,tencent_ai_lab_chinese_embedding_light_mirror_mvp,0.62459353,0.6406607,0.60049278,老公,婚恋,0.58078694,5,500
501,婚史,婚史,2,tencent_ai_lab_chinese_embedding_light_mirror_mvp,0.62458072,0.62939489,0.61735946,结婚,恋爱核心,0.60445809,4,501
502,深情,深情,2,tencent_ai_lab_chinese_embedding_light_mirror_mvp,0.62446616,0.62870932,0.61810142,爱情,恋爱核心,0.64859104,4,502
503,坦诚相待,坦诚相待,4,tencent_ai_lab_chinese_embedding_light_mirror_mvp,0.62444595,0.62814087,0.61890358,恋人,亲密行为,0.65808702,4,503
504,相识,相识,2,tencent_ai_lab_chinese_embedding_light_mirror_mvp,0.62442307,0.63014686,0.6158374,结婚,恋爱核心,0.65612888,4,504
505,寡妇,寡妇,2,tencent_ai_lab_chinese_embedding_light_mirror_mvp,0.62402472,0.63564575,0.60659319,丈夫,婚恋,0.60228175,4,505
506,理想主义,理想主义,4,tencent_ai_lab_chinese_embedding_light_mirror_mvp,0.62395878,0.64321172,0.59507936,爱情,恋爱核心,0.55318791,4,506
507,同辈,同辈,2,tencent_ai_lab_chinese_embedding_light_mirror_mvp,0.62373124,0.68564254,0.5308643,同龄人,社会比较与人生进度,0.52589941,4,507
508,密友,密友,2,tencent_ai_lab_chinese_embedding_light_mirror_mvp,0.62364085,0.63399279,0.60811293,恋人,对象关系,0.62884015,4,508
509,女性朋友,女性朋友,4,tencent_ai_lab_chinese_embedding_light_mirror_mvp,0.62349389,0.63050056,0.61298388,男朋友,对象关系,0.65766448,4,509
510,出柜,出柜,2,tencent_ai_lab_chinese_embedding_light_mirror_mvp,0.62349259,0.62421983,0.62240171,恋情,恋爱核心,0.60564613,4,510
511,互动,互动,2,tencent_ai_lab_chinese_embedding_light_mirror_mvp,0.62320046,0.65140307,0.58089656,亲密,亲密行为,0.689179,4,511
512,老同学,老同学,3,tencent_ai_lab_chinese_embedding_light_mirror_mvp,0.62256809,0.62569231,0.61788177,女朋友,恋爱历史,0.61754137,4,512
513,男女,男女,2,tencent_ai_lab_chinese_embedding_light_mirror_mvp,0.62250764,0.64978051,0.58159834,情侣,对象关系,0.60045135,4,513
514,典礼,典礼,2,tencent_ai_lab_chinese_embedding_light_mirror_mvp,0.62236295,0.65939891,0.566809,婚礼,婚恋,0.47893685,4,514
515,花样年华,花样年华,4,tencent_ai_lab_chinese_embedding_light_mirror_mvp,0.62203979,0.64412892,0.58890611,青春,恋爱核心,0.53981996,4,515
516,梦想,梦想,2,tencent_ai_lab_chinese_embedding_light_mirror_mvp,0.62201173,0.63920557,0.59622097,追求,表白与追求,0.56683093,4,516
517,婚姻恋爱,婚姻恋爱,4,tencent_ai_lab_chinese_embedding_light_mirror_mvp,0.62192273,0.62534463,0.61678988,爱情,恋爱核心,0.60203516,4,517
518,射手座,射手座,3,tencent_ai_lab_chinese_embedding_light_mirror_mvp,0.62184514,0.62966484,0.61011559,爱情,恋爱核心,0.62520033,4,518
519,定情,定情,2,tencent_ai_lab_chinese_embedding_light_mirror_mvp,0.62175961,0.62455714,0.61756331,情侣,恋爱核心,0.61679798,4,519
520,拜金女,拜金女,3,tencent_ai_lab_chinese_embedding_light_mirror_mvp,0.62174585,0.62353492,0.61906224,前女友,恋爱历史,0.61781132,4,520
521,怨偶,怨偶,2,tencent_ai_lab_chinese_embedding_light_mirror_mvp,0.62162948,0.64259219,0.5901854,恋人,恋爱核心,0.59250081,4,521
522,命中注定,命中注定,4,tencent_ai_lab_chinese_embedding_light_mirror_mvp,0.62162787,0.64322799,0.58922768,爱情,恋爱核心,0.61080408,4,522
523,晚自习,晚自习,3,tencent_ai_lab_chinese_embedding_light_mirror_mvp,0.62154589,0.66387105,0.55805814,同桌,校园恋爱,0.68250424,4,523
524,邻桌,邻桌,2,tencent_ai_lab_chinese_embedding_light_mirror_mvp,0.62154057,0.6840148,0.52782923,同桌,校园恋爱,0.55712599,4,524
525,办喜事,办喜事,3,tencent_ai_lab_chinese_embedding_light_mirror_mvp,0.62114501,0.62790787,0.61100072,订婚,婚恋,0.57798302,4,525
526,寻找幸福,寻找幸福,4,tencent_ai_lab_chinese_embedding_light_mirror_mvp,0.62086636,0.64237398,0.58860493,爱情,恋爱核心,0.60002565,4,526
527,青涩,青涩,2,tencent_ai_lab_chinese_embedding_light_mirror_mvp,0.62080952,0.63517565,0.59926033,初恋,社会比较与人生进度,0.62523019,4,527
528,情人节,情人节,3,tencent_ai_lab_chinese_embedding_light_mirror_mvp,0.62073083,0.62979567,0.60713357,约会,对象关系,0.63488448,4,528
529,外甥女,外甥女,3,tencent_ai_lab_chinese_embedding_light_mirror_mvp,0.62072527,0.62661433,0.61189169,老婆,婚恋,0.62869042,4,529
530,知己,知己,2,tencent_ai_lab_chinese_embedding_light_mirror_mvp,0.62071989,0.63736272,0.59575564,恋人,对象关系,0.62455827,4,530
531,追逐,追逐,2,tencent_ai_lab_chinese_embedding_light_mirror_mvp,0.62048604,0.67316508,0.54146749,追求,表白与追求,0.50338519,4,531
532,两性,两性,2,tencent_ai_lab_chinese_embedding_light_mirror_mvp,0.62032833,0.63378799,0.60013884,亲密关系,恋爱核心,0.54535508,4,532
533,爱你,爱你,2,tencent_ai_lab_chinese_embedding_light_mirror_mvp,0.6202553,0.62671387,0.61056745,表白,表白与追求,0.62980926,4,533
534,小表妹,小表妹,3,tencent_ai_lab_chinese_embedding_light_mirror_mvp,0.62023981,0.62449455,0.61385769,女朋友,对象关系,0.56241339,4,534
535,聊天,聊天,2,tencent_ai_lab_chinese_embedding_light_mirror_mvp,0.61989033,0.63974535,0.5901078,约会,约会,0.66776818,4,535
536,苛求,苛求,2,tencent_ai_lab_chinese_embedding_light_mirror_mvp,0.61976228,0.68255591,0.52557182,追求,社会比较与人生进度,0.49992827,4,536
537,真情,真情,2,tencent_ai_lab_chinese_embedding_light_mirror_mvp,0.61971211,0.64393449,0.58337855,爱情,恋爱核心,0.59687185,4,537
538,水瓶座,水瓶座,3,tencent_ai_lab_chinese_embedding_light_mirror_mvp,0.61957383,0.62781084,0.60721833,爱情,恋爱核心,0.62652797,4,538
539,我爸爸,我爸爸,3,tencent_ai_lab_chinese_embedding_light_mirror_mvp,0.61950631,0.63210189,0.60061294,老婆,婚恋,0.56479245,4,539
540,班级,班级,2,tencent_ai_lab_chinese_embedding_light_mirror_mvp,0.6192991,0.65981436,0.55852622,同桌,校园恋爱,0.68910718,4,540
541,郊游,郊游,2,tencent_ai_lab_chinese_embedding_light_mirror_mvp,0.61903238,0.64397657,0.5816161,散步,约会,0.68510151,4,541
542,老两口,老两口,3,tencent_ai_lab_chinese_embedding_light_mirror_mvp,0.61897666,0.62940955,0.60332733,丈夫,婚恋,0.5870955,4,542
543,想生,想生,2,tencent_ai_lab_chinese_embedding_light_mirror_mvp,0.61897579,0.64124328,0.58557457,结婚,婚恋,0.58272541,4,543
544,晚婚,晚婚,2,tencent_ai_lab_chinese_embedding_light_mirror_mvp,0.61885488,0.62573135,0.60854018,结婚,单身与脱单,0.59303451,4,544
545,可是,可是,2,tencent_ai_lab_chinese_embedding_light_mirror_mvp,0.61885169,0.62730408,0.6061731,老婆,婚恋,0.63370591,4,545
546,初中,初中,2,tencent_ai_lab_chinese_embedding_light_mirror_mvp,0.61872418,0.63251078,0.59804428,同桌,校园恋爱,0.72979027,4,546
547,虐恋,虐恋,2,tencent_ai_lab_chinese_embedding_light_mirror_mvp,0.61814384,0.6213758,0.61329591,恋情,恋爱核心,0.67548716,4,547
548,一儿,一儿,2,tencent_ai_lab_chinese_embedding_light_mirror_mvp,0.61796398,0.62608147,0.60578775,结婚,婚恋,0.61990708,4,548
549,母女,母女,2,tencent_ai_lab_chinese_embedding_light_mirror_mvp,0.61795568,0.63145447,0.59770751,丈夫,婚恋,0.61339074,4,549
550,亲家,亲家,2,tencent_ai_lab_chinese_embedding_light_mirror_mvp,0.61749833,0.62481999,0.60651582,老婆,婚恋,0.66995275,4,550
551,删掉,删掉,2,tencent_ai_lab_chinese_embedding_light_mirror_mvp,0.61718795,0.63559604,0.58957583,前女友,恋爱历史,0.62539637,4,551
552,衣服,衣服,2,tencent_ai_lab_chinese_embedding_light_mirror_mvp,0.61718073,0.67163181,0.5355041,校服,校园恋爱,0.51147854,4,552
553,相亲相爱,相亲相爱,4,tencent_ai_lab_chinese_embedding_light_mirror_mvp,0.61674385,0.62061298,0.61094016,情侣,亲密行为,0.63228083,4,553
554,初识,初识,2,tencent_ai_lab_chinese_embedding_light_mirror_mvp,0.61666062,0.65029728,0.56620562,初恋,恋爱核心,0.59403962,4,554
555,压马路,压马路,3,tencent_ai_lab_chinese_embedding_light_mirror_mvp,0.61651503,0.62981731,0.59656161,散步,约会,0.70270622,4,555
556,回到家,回到家,3,tencent_ai_lab_chinese_embedding_light_mirror_mvp,0.61640937,0.62427616,0.60460919,老婆,婚恋,0.57768559,4,556
557,课桌,课桌,2,tencent_ai_lab_chinese_embedding_light_mirror_mvp,0.61634841,0.67160618,0.53346175,同桌,校园恋爱,0.65818274,4,557
558,十多岁,十多岁,3,tencent_ai_lab_chinese_embedding_light_mirror_mvp,0.61632529,0.67731196,0.5248453,同龄人,社会比较与人生进度,0.56560588,4,558
559,渴望,渴望,2,tencent_ai_lab_chinese_embedding_light_mirror_mvp,0.61619971,0.64554214,0.57218605,追求,表白与追求,0.56761324,4,559
560,一见倾心,一见倾心,4,tencent_ai_lab_chinese_embedding_light_mirror_mvp,0.61611323,0.64303529,0.57573014,初恋,表白与追求,0.61573368,4,560
561,女子,女子,2,tencent_ai_lab_chinese_embedding_light_mirror_mvp,0.61580069,0.64117217,0.57774347,丈夫,婚恋,0.55193841,4,561
562,跟他,跟他,2,tencent_ai_lab_chinese_embedding_light_mirror_mvp,0.61569673,0.6321165,0.59106708,女朋友,对象关系,0.58412141,4,562
563,娶你,娶你,2,tencent_ai_lab_chinese_embedding_light_mirror_mvp,0.61537602,0.61822021,0.61110973,老婆,婚恋,0.64185691,4,563
564,个人成长,个人成长,4,tencent_ai_lab_chinese_embedding_light_mirror_mvp,0.61524239,0.6465565,0.56827122,亲密关系,恋爱核心,0.50368899,4,564
565,性教育,性教育,3,tencent_ai_lab_chinese_embedding_light_mirror_mvp,0.61519651,0.65056658,0.56214142,早恋,校园恋爱,0.57651353,4,565
566,挚爱,挚爱,2,tencent_ai_lab_chinese_embedding_light_mirror_mvp,0.61506902,0.62409025,0.60153717,初恋,恋爱核心,0.60969752,4,566
567,因为她,因为她,3,tencent_ai_lab_chinese_embedding_light_mirror_mvp,0.61482437,0.62268496,0.60303348,丈夫,婚恋,0.61780405,4,567
568,她想,她想,2,tencent_ai_lab_chinese_embedding_light_mirror_mvp,0.61469642,0.62201887,0.60371274,丈夫,婚恋,0.62835705,4,568
569,有娃,有娃,2,tencent_ai_lab_chinese_embedding_light_mirror_mvp,0.61444601,0.61791414,0.60924381,老公,婚恋,0.59077203,4,569
570,情怀,情怀,2,tencent_ai_lab_chinese_embedding_light_mirror_mvp,0.61440752,0.64110792,0.57435691,青春,社会比较与人生进度,0.5420655,4,570
571,非你不可,非你不可,4,tencent_ai_lab_chinese_embedding_light_mirror_mvp,0.61406124,0.63446748,0.58345187,爱情,恋爱核心,0.6212846,4,571
572,生气,生气,2,tencent_ai_lab_chinese_embedding_light_mirror_mvp,0.6140415,0.61992049,0.605223,老婆,婚恋,0.58002412,4,572
573,毕业典礼,毕业典礼,4,tencent_ai_lab_chinese_embedding_light_mirror_mvp,0.61373501,0.64004028,0.5742771,婚礼,校园恋爱,0.56631196,4,573
574,派对,派对,2,tencent_ai_lab_chinese_embedding_light_mirror_mvp,0.61326634,0.63584596,0.5793969,婚礼,约会,0.56472445,4,574
575,相夫教子,相夫教子,4,tencent_ai_lab_chinese_embedding_light_mirror_mvp,0.61319232,0.62430096,0.59652936,丈夫,婚恋,0.62129724,4,575
576,穿着,穿着,2,tencent_ai_lab_chinese_embedding_light_mirror_mvp,0.61315731,0.67100018,0.526393,校服,校园恋爱,0.49088132,4,576
577,女老板,女老板,3,tencent_ai_lab_chinese_embedding_light_mirror_mvp,0.61313558,0.61485898,0.61055046,老婆,婚恋,0.59124833,4,577
578,亲人,亲人,2,tencent_ai_lab_chinese_embedding_light_mirror_mvp,0.61307216,0.62149012,0.60044521,恋人,对象关系,0.62289256,4,578
579,偶遇,偶遇,2,tencent_ai_lab_chinese_embedding_light_mirror_mvp,0.61298323,0.62285173,0.59818047,约会,约会,0.64097053,4,579
580,嫁女,嫁女,2,tencent_ai_lab_chinese_embedding_light_mirror_mvp,0.61273104,0.62566525,0.59332973,订婚,婚恋,0.59159076,4,580
581,撩汉,撩汉,2,tencent_ai_lab_chinese_embedding_light_mirror_mvp,0.61266072,0.62278652,0.59747201,脱单,单身与脱单,0.61647344,4,581
582,忠贞,忠贞,2,tencent_ai_lab_chinese_embedding_light_mirror_mvp,0.61256015,0.63011885,0.58622211,爱情,恋爱核心,0.5720427,4,582
583,军恋,军恋,2,tencent_ai_lab_chinese_embedding_light_mirror_mvp,0.61237643,0.62653077,0.59114492,恋爱,恋爱核心,0.62951231,4,583
584,感性,感性,2,tencent_ai_lab_chinese_embedding_light_mirror_mvp,0.61225398,0.64327717,0.56571919,爱情,恋爱核心,0.58818543,4,584
585,侄女,侄女,2,tencent_ai_lab_chinese_embedding_light_mirror_mvp,0.61212821,0.61265695,0.6113351,妻子,婚恋,0.62902629,4,585
586,已婚女人,已婚女人,4,tencent_ai_lab_chinese_embedding_light_mirror_mvp,0.61200726,0.61400199,0.60901517,老公,对象关系,0.63567847,4,586
587,般配,般配,2,tencent_ai_lab_chinese_embedding_light_mirror_mvp,0.61158673,0.61510593,0.60630792,恋情,恋爱核心,0.6258238,4,587
588,大哥,大哥,2,tencent_ai_lab_chinese_embedding_light_mirror_mvp,0.61154013,0.6336385,0.57839257,老婆,婚恋,0.53356802,4,588
589,携手,携手,2,tencent_ai_lab_chinese_embedding_light_mirror_mvp,0.61148038,0.67209363,0.5205605,牵手,亲密行为,0.53463495,4,589
590,dating,dating,6,tencent_ai_lab_chinese_embedding_light_mirror_mvp,0.61139489,0.63494712,0.57606655,约会,约会,0.61379015,4,590
591,良缘,良缘,2,tencent_ai_lab_chinese_embedding_light_mirror_mvp,0.61127343,0.61884427,0.59991717,爱情,恋爱核心,0.62784147,4,591
592,花心,花心,2,tencent_ai_lab_chinese_embedding_light_mirror_mvp,0.61124462,0.61261815,0.60918432,爱情,恋爱核心,0.68012106,4,592
593,你说,你说,2,tencent_ai_lab_chinese_embedding_light_mirror_mvp,0.61108985,0.62622058,0.58839375,女朋友,对象关系,0.58151424,4,593
594,潜意识,潜意识,3,tencent_ai_lab_chinese_embedding_light_mirror_mvp,0.61106923,0.65575778,0.54403639,亲密关系,亲密行为,0.50848228,4,594
595,学姐,学姐,2,tencent_ai_lab_chinese_embedding_light_mirror_mvp,0.61090533,0.62108082,0.59564209,男朋友,校园恋爱,0.5872165,4,595
596,外孙,外孙,2,tencent_ai_lab_chinese_embedding_light_mirror_mvp,0.61072673,0.61964077,0.59735566,妻子,婚恋,0.59582746,4,596
597,聊天记录,聊天记录,4,tencent_ai_lab_chinese_embedding_light_mirror_mvp,0.61072252,0.63069904,0.58075774,前女友,恋爱历史,0.6028598,4,597
598,天秤,天秤,2,tencent_ai_lab_chinese_embedding_light_mirror_mvp,0.61035399,0.61895049,0.59745926,恋人,恋爱核心,0.61897099,4,598
599,爱自己,爱自己,3,tencent_ai_lab_chinese_embedding_light_mirror_mvp,0.61017418,0.6183356,0.59793204,爱情,恋爱核心,0.61184108,4,599
600,网聊,网聊,2,tencent_ai_lab_chinese_embedding_light_mirror_mvp,0.61010308,0.61859453,0.59736592,约会,对象关系,0.60067523,4,600
601,陌路,陌路,2,tencent_ai_lab_chinese_embedding_light_mirror_mvp,0.61010118,0.63180244,0.57754928,恋人,恋爱核心,0.59097749,4,601
602,相守,相守,2,tencent_ai_lab_chinese_embedding_light_mirror_mvp,0.60999382,0.6108011,0.60878289,爱情,恋爱核心,0.64871848,4,602
603,姨夫,姨夫,2,tencent_ai_lab_chinese_embedding_light_mirror_mvp,0.60991403,0.61420637,0.60347551,老婆,婚恋,0.60758257,4,603
604,人际,人际,2,tencent_ai_lab_chinese_embedding_light_mirror_mvp,0.60976765,0.63712168,0.56873661,亲密关系,恋爱核心,0.48878741,4,604
605,彼此之间,彼此之间,4,tencent_ai_lab_chinese_embedding_light_mirror_mvp,0.6097019,0.62363148,0.58880752,亲密关系,亲密行为,0.57869828,4,605
606,断绝关系,断绝关系,4,tencent_ai_lab_chinese_embedding_light_mirror_mvp,0.6096999,0.61947757,0.59503341,订婚,婚恋,0.6439088,4,606
607,自己,自己,2,tencent_ai_lab_chinese_embedding_light_mirror_mvp,0.6096792,0.61873007,0.59610289,妻子,对象关系,0.6110481,4,607
608,嫁过来,嫁过来,3,tencent_ai_lab_chinese_embedding_light_mirror_mvp,0.60966097,0.6158461,0.60038328,结婚,婚恋,0.64066601,4,608
609,情感交流,情感交流,4,tencent_ai_lab_chinese_embedding_light_mirror_mvp,0.60954596,0.62722665,0.58302492,亲密关系,亲密行为,0.61949515,4,609
610,军装,军装,2,tencent_ai_lab_chinese_embedding_light_mirror_mvp,0.60954037,0.67861712,0.50592524,校服,校园恋爱,0.54847002,4,610
611,摩羯座,摩羯座,3,tencent_ai_lab_chinese_embedding_light_mirror_mvp,0.60947442,0.62044919,0.59301227,爱情,恋爱核心,0.6096831,4,611
612,身孕,身孕,2,tencent_ai_lab_chinese_embedding_light_mirror_mvp,0.60938262,0.61948484,0.59422928,妻子,婚恋,0.64195436,4,612
613,所爱,所爱,2,tencent_ai_lab_chinese_embedding_light_mirror_mvp,0.6093375,0.61509967,0.60069424,爱情,表白与追求,0.64046878,4,613
614,班长,班长,2,tencent_ai_lab_chinese_embedding_light_mirror_mvp,0.6092845,0.64286661,0.55891132,同桌,校园恋爱,0.5882858,4,614
615,情妇,情妇,2,tencent_ai_lab_chinese_embedding_light_mirror_mvp,0.60926539,0.61401886,0.60213518,妻子,婚恋,0.60496521,4,615
616,花季,花季,2,tencent_ai_lab_chinese_embedding_light_mirror_mvp,0.60921346,0.62905079,0.57945746,青春,社会比较与人生进度,0.56595409,4,616
617,无悔,无悔,2,tencent_ai_lab_chinese_embedding_light_mirror_mvp,0.6091603,0.65925276,0.53402162,青春,社会比较与人生进度,0.50954747,4,617
618,她要,她要,2,tencent_ai_lab_chinese_embedding_light_mirror_mvp,0.60913897,0.61008155,0.60772508,男朋友,婚恋,0.63867551,4,618
619,晒太阳,晒太阳,3,tencent_ai_lab_chinese_embedding_light_mirror_mvp,0.60909865,0.69392812,0.48185444,散步,约会,0.53366876,4,619
620,心仪,心仪,2,tencent_ai_lab_chinese_embedding_light_mirror_mvp,0.60899289,0.62909126,0.57884532,脱单,单身与脱单,0.62051743,4,620
621,当爸,当爸,2,tencent_ai_lab_chinese_embedding_light_mirror_mvp,0.6087492,0.61265886,0.60288471,老公,婚恋,0.63291728,4,621
622,社交圈,社交圈,3,tencent_ai_lab_chinese_embedding_light_mirror_mvp,0.60871732,0.63345861,0.57160538,亲密关系,对象关系,0.55271226,4,622
623,过生日,过生日,3,tencent_ai_lab_chinese_embedding_light_mirror_mvp,0.60869527,0.61172938,0.6041441,婚礼,婚恋,0.64221418,4,623
624,家庭妇女,家庭妇女,4,tencent_ai_lab_chinese_embedding_light_mirror_mvp,0.60863088,0.62792069,0.57969618,丈夫,婚恋,0.54517579,4,624
625,锻炼身体,锻炼身体,4,tencent_ai_lab_chinese_embedding_light_mirror_mvp,0.60830604,0.68668902,0.49073157,散步,约会,0.52167761,4,625
626,念念不忘,念念不忘,4,tencent_ai_lab_chinese_embedding_light_mirror_mvp,0.60799916,0.62847877,0.57727975,初恋,恋爱历史,0.62198091,4,626
627,二奶,二奶,2,tencent_ai_lab_chinese_embedding_light_mirror_mvp,0.60798174,0.63426763,0.56855291,老婆,婚恋,0.55548656,4,627
628,强子,强子,2,tencent_ai_lab_chinese_embedding_light_mirror_mvp,0.60783234,0.61987412,0.58976966,老婆,婚恋,0.57081354,4,628
629,闹别扭,闹别扭,3,tencent_ai_lab_chinese_embedding_light_mirror_mvp,0.60761318,0.61172771,0.60144138,女朋友,对象关系,0.63322651,4,629
630,校草,校草,2,tencent_ai_lab_chinese_embedding_light_mirror_mvp,0.60749691,0.60968769,0.60421073,暗恋,校园恋爱,0.6978718,4,630
631,双亲,双亲,2,tencent_ai_lab_chinese_embedding_light_mirror_mvp,0.60741529,0.6184392,0.59087944,妻子,婚恋,0.57631356,4,631
632,见面,见面,2,tencent_ai_lab_chinese_embedding_light_mirror_mvp,0.60732236,0.63062406,0.57236981,约会,约会,0.60542238,4,632
633,子女,子女,2,tencent_ai_lab_chinese_embedding_light_mirror_mvp,0.60721858,0.61423659,0.59669155,丈夫,婚恋,0.57129109,4,633
634,哥们儿,哥们儿,3,tencent_ai_lab_chinese_embedding_light_mirror_mvp,0.60719889,0.61555988,0.59465742,女朋友,恋爱历史,0.55173087,4,634
635,爱女,爱女,2,tencent_ai_lab_chinese_embedding_light_mirror_mvp,0.60717146,0.62696934,0.57747465,妻子,婚恋,0.61767083,4,635
636,婚姻观,婚姻观,3,tencent_ai_lab_chinese_embedding_light_mirror_mvp,0.60709178,0.61780035,0.59102893,爱情,恋爱核心,0.60932779,4,636
637,聚餐,聚餐,2,tencent_ai_lab_chinese_embedding_light_mirror_mvp,0.6069592,0.62736547,0.57634979,约会,约会,0.65756553,4,637
638,男孩,男孩,2,tencent_ai_lab_chinese_embedding_light_mirror_mvp,0.606888,0.6219762,0.5842557,女朋友,对象关系,0.59761143,4,638
639,大学毕业,大学毕业,4,tencent_ai_lab_chinese_embedding_light_mirror_mvp,0.60681932,0.6229763,0.58258384,结婚,婚恋,0.56407034,4,639
640,结婚登记,结婚登记,4,tencent_ai_lab_chinese_embedding_light_mirror_mvp,0.60681353,0.62283087,0.58278751,结婚,婚恋,0.56046963,4,640
641,铭心刻骨,铭心刻骨,4,tencent_ai_lab_chinese_embedding_light_mirror_mvp,0.60679569,0.62422931,0.58064526,初恋,恋爱核心,0.58117038,4,641
642,家里,家里,2,tencent_ai_lab_chinese_embedding_light_mirror_mvp,0.60679438,0.6189183,0.5886085,老婆,婚恋,0.60253072,4,642
643,孝顺,孝顺,2,tencent_ai_lab_chinese_embedding_light_mirror_mvp,0.60676897,0.61098194,0.6004495,老婆,婚恋,0.62578702,4,643
644,逛商场,逛商场,3,tencent_ai_lab_chinese_embedding_light_mirror_mvp,0.60668317,0.6219371,0.58380228,约会,约会,0.68078083,4,644
645,没房,没房,2,tencent_ai_lab_chinese_embedding_light_mirror_mvp,0.60637734,0.61829281,0.58850414,结婚,单身与脱单,0.56154871,4,645
646,亲姐,亲姐,2,tencent_ai_lab_chinese_embedding_light_mirror_mvp,0.60624571,0.60969388,0.60107344,老公,婚恋,0.57064456,4,646
647,爱到深处,爱到深处,4,tencent_ai_lab_chinese_embedding_light_mirror_mvp,0.6062218,0.61392498,0.59466702,爱情,恋爱核心,0.64201361,4,647
648,花前月下,花前月下,4,tencent_ai_lab_chinese_embedding_light_mirror_mvp,0.60621114,0.61029446,0.60008615,恋人,恋爱核心,0.63143295,4,648
649,相知,相知,2,tencent_ai_lab_chinese_embedding_light_mirror_mvp,0.60603249,0.61710835,0.58941871,恋人,恋爱核心,0.63630384,4,649
650,告诉她,告诉她,3,tencent_ai_lab_chinese_embedding_light_mirror_mvp,0.60591366,0.61329269,0.59484512,男朋友,婚恋,0.60921305,4,650
651,亲事,亲事,2,tencent_ai_lab_chinese_embedding_light_mirror_mvp,0.60590557,0.63176268,0.5671199,订婚,婚恋,0.56027389,4,651
652,作业本,作业本,3,tencent_ai_lab_chinese_embedding_light_mirror_mvp,0.60579497,0.64565021,0.5460121,同桌,校园恋爱,0.67366743,4,652
653,跑步,跑步,2,tencent_ai_lab_chinese_embedding_light_mirror_mvp,0.60577979,0.67185414,0.50666827,散步,约会,0.57548231,4,653
654,她家,她家,2,tencent_ai_lab_chinese_embedding_light_mirror_mvp,0.6057781,0.61939466,0.58535326,老公,婚恋,0.60069668,4,654
655,朝气,朝气,2,tencent_ai_lab_chinese_embedding_light_mirror_mvp,0.60572407,0.65846395,0.52661425,青春,社会比较与人生进度,0.638156,4,655
656,校徽,校徽,2,tencent_ai_lab_chinese_embedding_light_mirror_mvp,0.60569938,0.67456299,0.50240397,校服,校园恋爱,0.60405552,4,656
657,一个女孩,一个女孩,4,tencent_ai_lab_chinese_embedding_light_mirror_mvp,0.60567081,0.62099779,0.58268034,女朋友,对象关系,0.59168714,4,657
658,柴米油盐,柴米油盐,4,tencent_ai_lab_chinese_embedding_light_mirror_mvp,0.60558101,0.63212258,0.56576866,爱情,恋爱核心,0.5776341,4,658
659,偷情,偷情,2,tencent_ai_lab_chinese_embedding_light_mirror_mvp,0.60552766,0.61005688,0.59873384,老婆,婚恋,0.62672001,4,659
660,两岁,两岁,2,tencent_ai_lab_chinese_embedding_light_mirror_mvp,0.60550556,0.63581502,0.56004137,同龄人,婚恋,0.56459689,4,660
661,后爹,后爹,2,tencent_ai_lab_chinese_embedding_light_mirror_mvp,0.60548506,0.62923396,0.56986171,老婆,婚恋,0.55995715,4,661
662,性幻想,性幻想,3,tencent_ai_lab_chinese_embedding_light_mirror_mvp,0.60534116,0.61377722,0.59268707,接吻,对象关系,0.59549826,4,662
663,出去玩,出去玩,3,tencent_ai_lab_chinese_embedding_light_mirror_mvp,0.60534074,0.60792148,0.60146964,女朋友,约会,0.64965951,4,663
664,贫贱夫妻百事哀,贫贱夫妻百事哀,7,tencent_ai_lab_chinese_embedding_light_mirror_mvp,0.60533921,0.62295908,0.5789094,爱情,恋爱核心,0.57613242,4,664
665,高富帅,高富帅,3,tencent_ai_lab_chinese_embedding_light_mirror_mvp,0.60527228,0.61125499,0.59629822,女朋友,恋爱历史,0.60798836,4,665
666,外甥,外甥,2,tencent_ai_lab_chinese_embedding_light_mirror_mvp,0.60483856,0.62331665,0.57712144,老婆,婚恋,0.56311768,4,666
667,共同生活,共同生活,4,tencent_ai_lab_chinese_embedding_light_mirror_mvp,0.60478742,0.61240911,0.59335488,结婚,婚恋,0.56766105,4,667
668,妹纸,妹纸,2,tencent_ai_lab_chinese_embedding_light_mirror_mvp,0.60472267,0.62052429,0.58102024,男朋友,对象关系,0.56666863,4,668
669,我气,我气,2,tencent_ai_lab_chinese_embedding_light_mirror_mvp,0.60413477,0.61616087,0.58609563,老婆,婚恋,0.5287984,4,669
670,师生关系,师生关系,4,tencent_ai_lab_chinese_embedding_light_mirror_mvp,0.60396234,0.62985867,0.56511784,亲密关系,校园恋爱,0.57306659,4,670
671,执着,执着,2,tencent_ai_lab_chinese_embedding_light_mirror_mvp,0.60375652,0.62706745,0.56879014,追求,表白与追求,0.56027287,4,671
672,留级,留级,2,tencent_ai_lab_chinese_embedding_light_mirror_mvp,0.60372367,0.6447047,0.54225212,早恋,校园恋爱,0.62226826,4,672
673,双鱼,双鱼,2,tencent_ai_lab_chinese_embedding_light_mirror_mvp,0.60364109,0.6105414,0.59329063,恋人,恋爱核心,0.62355471,4,673
674,同窗,同窗,2,tencent_ai_lab_chinese_embedding_light_mirror_mvp,0.60363311,0.63025683,0.56369752,同桌,校园恋爱,0.60026109,4,674
675,地爱,地爱,2,tencent_ai_lab_chinese_embedding_light_mirror_mvp,0.60347775,0.61010474,0.59353727,爱情,表白与追求,0.64518189,4,675
676,但她,但她,2,tencent_ai_lab_chinese_embedding_light_mirror_mvp,0.60338416,0.62289083,0.57412416,丈夫,婚恋,0.5759331,4,676
677,娱乐圈,娱乐圈,3,tencent_ai_lab_chinese_embedding_light_mirror_mvp,0.60332587,0.6326586,0.55932677,恋情,恋爱核心,0.56562054,4,677
678,小张,小张,2,tencent_ai_lab_chinese_embedding_light_mirror_mvp,0.60310253,0.60640532,0.59814835,老公,婚恋,0.59199631,4,678
679,物质生活,物质生活,4,tencent_ai_lab_chinese_embedding_light_mirror_mvp,0.60296805,0.62945366,0.56323963,追求,社会比较与人生进度,0.50264239,4,679
680,搂抱,搂抱,2,tencent_ai_lab_chinese_embedding_light_mirror_mvp,0.6028736,0.61165756,0.58969766,接吻,亲密行为,0.68011534,4,680
681,美女,美女,2,tencent_ai_lab_chinese_embedding_light_mirror_mvp,0.60280623,0.61085117,0.59073883,女朋友,对象关系,0.58583999,4,681
682,生个,生个,2,tencent_ai_lab_chinese_embedding_light_mirror_mvp,0.60277205,0.61190784,0.58906835,结婚,婚恋,0.59942234,4,682
683,好聚好散,好聚好散,4,tencent_ai_lab_chinese_embedding_light_mirror_mvp,0.60270144,0.61008197,0.59163064,恋人,恋爱核心,0.65747595,4,683
684,艳照,艳照,2,tencent_ai_lab_chinese_embedding_light_mirror_mvp,0.60250037,0.62076163,0.57510847,前女友,恋爱历史,0.5741415,4,684
685,回老家,回老家,3,tencent_ai_lab_chinese_embedding_light_mirror_mvp,0.60243275,0.60521996,0.59825194,老公,婚恋,0.63318145,4,685
686,追寻,追寻,2,tencent_ai_lab_chinese_embedding_light_mirror_mvp,0.60235088,0.64496922,0.53842336,追求,表白与追求,0.54080725,4,686
687,爱时,爱时,2,tencent_ai_lab_chinese_embedding_light_mirror_mvp,0.6022352,0.6171664,0.5798384,爱情,恋爱核心,0.61683947,4,687
688,年少,年少,2,tencent_ai_lab_chinese_embedding_light_mirror_mvp,0.60223143,0.62402678,0.56953841,青春,社会比较与人生进度,0.61007458,4,688
689,嫁不出去,嫁不出去,4,tencent_ai_lab_chinese_embedding_light_mirror_mvp,0.60208371,0.61513102,0.58251274,单身,单身与脱单,0.58150423,4,689
690,高中,高中,2,tencent_ai_lab_chinese_embedding_light_mirror_mvp,0.60207632,0.6145066,0.58343089,同桌,校园恋爱,0.71075821,4,690
691,争吵,争吵,2,tencent_ai_lab_chinese_embedding_light_mirror_mvp,0.60201277,0.60770851,0.59346914,恋人,恋爱核心,0.59974223,4,691
692,妈咪,妈咪,2,tencent_ai_lab_chinese_embedding_light_mirror_mvp,0.60196962,0.63075161,0.55879664,老公,婚恋,0.54172015,4,692
693,生育,生育,2,tencent_ai_lab_chinese_embedding_light_mirror_mvp,0.6017935,0.62285328,0.57020384,结婚,婚恋,0.55043137,4,693
694,老纪,老纪,2,tencent_ai_lab_chinese_embedding_light_mirror_mvp,0.60171959,0.6091615,0.59055674,女朋友,婚恋,0.59157813,4,694
695,那个人,那个人,3,tencent_ai_lab_chinese_embedding_light_mirror_mvp,0.60147902,0.60381681,0.59797233,恋人,对象关系,0.66124231,4,695
696,说亲,说亲,2,tencent_ai_lab_chinese_embedding_light_mirror_mvp,0.60141585,0.62900805,0.56002754,订婚,婚恋,0.52830195,4,696
697,嫁进,嫁进,2,tencent_ai_lab_chinese_embedding_light_mirror_mvp,0.60128278,0.61578363,0.57953149,订婚,婚恋,0.62187922,4,697
698,主婚,主婚,2,tencent_ai_lab_chinese_embedding_light_mirror_mvp,0.6011535,0.61087805,0.58656669,婚礼,婚恋,0.56958896,4,698
699,专一,专一,2,tencent_ai_lab_chinese_embedding_light_mirror_mvp,0.60115345,0.60820532,0.59057564,爱情,恋爱核心,0.63009512,4,699
700,婆媳关系,婆媳关系,4,tencent_ai_lab_chinese_embedding_light_mirror_mvp,0.60084779,0.60847652,0.5894047,亲密关系,婚恋,0.57743573,4,700
701,一代人,一代人,3,tencent_ai_lab_chinese_embedding_light_mirror_mvp,0.60080388,0.64417815,0.53574246,青春,社会比较与人生进度,0.6081202,4,701
702,相互依赖,相互依赖,4,tencent_ai_lab_chinese_embedding_light_mirror_mvp,0.60075625,0.61942273,0.57275653,亲密关系,亲密行为,0.59481651,4,702
703,散心,散心,2,tencent_ai_lab_chinese_embedding_light_mirror_mvp,0.60060936,0.64225441,0.53814179,散步,约会,0.62716079,4,703
704,十岁,十岁,2,tencent_ai_lab_chinese_embedding_light_mirror_mvp,0.60044203,0.65472901,0.51901156,同龄人,社会比较与人生进度,0.54440522,4,704
705,她在,她在,2,tencent_ai_lab_chinese_embedding_light_mirror_mvp,0.60026904,0.61141616,0.58354837,丈夫,婚恋,0.58713502,4,705
706,久别重逢,久别重逢,4,tencent_ai_lab_chinese_embedding_light_mirror_mvp,0.60015472,0.60721129,0.58956987,初恋,恋爱核心,0.6089102,4,706
707,骑单车,骑单车,3,tencent_ai_lab_chinese_embedding_light_mirror_mvp,0.60010259,0.65423226,0.51890808,散步,约会,0.59046185,4,707
708,渴求,渴求,2,tencent_ai_lab_chinese_embedding_light_mirror_mvp,0.60007138,0.63927615,0.54126424,追求,亲密行为,0.50871658,4,708
709,打游戏,打游戏,3,tencent_ai_lab_chinese_embedding_light_mirror_mvp,0.60005391,0.61903858,0.57157689,女朋友,对象关系,0.55826569,4,709
710,人家,人家,2,tencent_ai_lab_chinese_embedding_light_mirror_mvp,0.59988101,0.61661339,0.57478243,老婆,婚恋,0.55229449,4,710
711,光阴,光阴,2,tencent_ai_lab_chinese_embedding_light_mirror_mvp,0.59983011,0.64385647,0.53379059,青春,社会比较与人生进度,0.57504052,4,711
712,之爱,之爱,2,tencent_ai_lab_chinese_embedding_light_mirror_mvp,0.59975357,0.61489749,0.57703769,爱情,恋爱核心,0.56804001,4,712
713,玩耍,玩耍,2,tencent_ai_lab_chinese_embedding_light_mirror_mvp,0.59965079,0.64121115,0.53731024,散步,约会,0.59500122,4,713
714,豆蔻年华,豆蔻年华,4,tencent_ai_lab_chinese_embedding_light_mirror_mvp,0.59963506,0.61281937,0.5798586,初恋,恋爱核心,0.564937,4,714
715,买房子,买房子,3,tencent_ai_lab_chinese_embedding_light_mirror_mvp,0.5995551,0.63105959,0.55229837,结婚,婚恋,0.57067627,4,715
716,知心朋友,知心朋友,4,tencent_ai_lab_chinese_embedding_light_mirror_mvp,0.59954762,0.61271799,0.57979208,恋人,对象关系,0.63434207,4,716
717,家庭,家庭,2,tencent_ai_lab_chinese_embedding_light_mirror_mvp,0.5994514,0.60603178,0.58958083,丈夫,婚恋,0.59699225,4,717
718,体贴,体贴,2,tencent_ai_lab_chinese_embedding_light_mirror_mvp,0.59942279,0.59991133,0.59868997,伴侣,对象关系,0.64443684,4,718
719,是男人,是男人,3,tencent_ai_lab_chinese_embedding_light_mirror_mvp,0.59941785,0.60765386,0.58706385,老婆,对象关系,0.59654772,4,719
720,做爱时,做爱时,3,tencent_ai_lab_chinese_embedding_light_mirror_mvp,0.59933202,0.62821627,0.55600566,接吻,亲密行为,0.53028619,4,720
721,第二任,第二任,3,tencent_ai_lab_chinese_embedding_light_mirror_mvp,0.59904009,0.62110215,0.565947,前任,恋爱历史,0.57204652,4,721
722,怦然心动,怦然心动,4,tencent_ai_lab_chinese_embedding_light_mirror_mvp,0.5989486,0.61485958,0.57508212,初恋,表白与追求,0.58235621,4,722
723,她却,她却,2,tencent_ai_lab_chinese_embedding_light_mirror_mvp,0.59884162,0.60954416,0.58278781,丈夫,婚恋,0.61309135,4,723
724,任课老师,任课老师,4,tencent_ai_lab_chinese_embedding_light_mirror_mvp,0.59878857,0.63616467,0.54272443,同桌,校园恋爱,0.66127306,4,724
725,老板娘,老板娘,3,tencent_ai_lab_chinese_embedding_light_mirror_mvp,0.59866841,0.60819173,0.58438343,老婆,婚恋,0.56327623,4,725
726,妯娌,妯娌,2,tencent_ai_lab_chinese_embedding_light_mirror_mvp,0.59849219,0.60582662,0.58749056,老公,婚恋,0.58721173,4,726
727,互相关心,互相关心,4,tencent_ai_lab_chinese_embedding_light_mirror_mvp,0.59833348,0.60543513,0.587681,恋人,亲密行为,0.61677945,4,727
728,忘不了,忘不了,3,tencent_ai_lab_chinese_embedding_light_mirror_mvp,0.59825869,0.63061821,0.54971939,初恋,恋爱历史,0.60561764,4,728
729,爬山,爬山,2,tencent_ai_lab_chinese_embedding_light_mirror_mvp,0.59825726,0.65397847,0.51467544,散步,约会,0.60625029,4,729
730,独处,独处,2,tencent_ai_lab_chinese_embedding_light_mirror_mvp,0.59823296,0.60841763,0.58295596,亲密关系,亲密行为,0.60808349,4,730
731,妈去,妈去,2,tencent_ai_lab_chinese_embedding_light_mirror_mvp,0.59814975,0.61135411,0.57834321,老公,婚恋,0.54049784,4,731
732,旅伴,旅伴,2,tencent_ai_lab_chinese_embedding_light_mirror_mvp,0.59809825,0.62603021,0.55620033,伴侣,对象关系,0.59154958,4,732
733,关系,关系,2,tencent_ai_lab_chinese_embedding_light_mirror_mvp,0.59806373,0.6125803,0.57628888,亲密关系,亲密行为,0.59404987,4,733
734,打胎,打胎,2,tencent_ai_lab_chinese_embedding_light_mirror_mvp,0.59802942,0.6034466,0.58990365,前女友,婚恋,0.60788339,4,734
735,某女,某女,2,tencent_ai_lab_chinese_embedding_light_mirror_mvp,0.59801273,0.60543096,0.58688539,前女友,恋爱历史,0.59296513,4,735
736,互动关系,互动关系,4,tencent_ai_lab_chinese_embedding_light_mirror_mvp,0.59794502,0.64797366,0.52290207,亲密关系,亲密行为,0.51888776,4,736
737,奋起直追,奋起直追,4,tencent_ai_lab_chinese_embedding_light_mirror_mvp,0.59793092,0.66920751,0.49101603,落后,社会比较与人生进度,0.5849154,4,737
738,好女孩,好女孩,3,tencent_ai_lab_chinese_embedding_light_mirror_mvp,0.59787357,0.60478926,0.58750004,男朋友,对象关系,0.62015182,4,738
739,童年,童年,2,tencent_ai_lab_chinese_embedding_light_mirror_mvp,0.59786075,0.61040598,0.57904291,青春,社会比较与人生进度,0.60658008,4,739
740,养女,养女,2,tencent_ai_lab_chinese_embedding_light_mirror_mvp,0.59783447,0.60868299,0.58156168,丈夫,婚恋,0.61421341,4,740
741,背叛,背叛,2,tencent_ai_lab_chinese_embedding_light_mirror_mvp,0.59781681,0.59944183,0.59537929,恋人,恋爱历史,0.60433614,4,741
742,旷课,旷课,2,tencent_ai_lab_chinese_embedding_light_mirror_mvp,0.59765997,0.62753785,0.55284315,早恋,校园恋爱,0.65324318,4,742
743,这段,这段,2,tencent_ai_lab_chinese_embedding_light_mirror_mvp,0.59755262,0.61659735,0.56898552,恋情,恋爱核心,0.61129183,4,743
744,狮子座,狮子座,3,tencent_ai_lab_chinese_embedding_light_mirror_mvp,0.59739248,0.60324341,0.58861607,爱情,恋爱核心,0.59968805,4,744
745,生父,生父,2,tencent_ai_lab_chinese_embedding_light_mirror_mvp,0.59728035,0.6191135,0.56453061,妻子,婚恋,0.5756411,4,745
746,温柔,温柔,2,tencent_ai_lab_chinese_embedding_light_mirror_mvp,0.59722078,0.60214281,0.58983773,恋人,恋爱核心,0.60625815,4,746
747,内心世界,内心世界,4,tencent_ai_lab_chinese_embedding_light_mirror_mvp,0.59720297,0.61712086,0.56732613,亲密关系,表白与追求,0.55138057,4,747
748,东子,东子,2,tencent_ai_lab_chinese_embedding_light_mirror_mvp,0.59717636,0.60867965,0.57992142,女朋友,婚恋,0.55130798,4,748
749,合照,合照,2,tencent_ai_lab_chinese_embedding_light_mirror_mvp,0.59697285,0.60406387,0.58633631,亲密,亲密行为,0.60667771,4,749
750,闹洞房,闹洞房,3,tencent_ai_lab_chinese_embedding_light_mirror_mvp,0.59694781,0.62715364,0.55163908,婚礼,婚恋,0.51041108,4,750
751,爱河,爱河,2,tencent_ai_lab_chinese_embedding_light_mirror_mvp,0.59688402,0.60037571,0.59164649,恋人,恋爱核心,0.66009384,4,751
752,亲生,亲生,2,tencent_ai_lab_chinese_embedding_light_mirror_mvp,0.59683774,0.60855317,0.57926458,老婆,婚恋,0.58885694,4,752
753,宁缺毋滥,宁缺毋滥,4,tencent_ai_lab_chinese_embedding_light_mirror_mvp,0.59683681,0.6100055,0.57708377,单身,单身与脱单,0.61038142,4,753
754,魔羯座,魔羯座,3,tencent_ai_lab_chinese_embedding_light_mirror_mvp,0.59670556,0.60092354,0.59037858,恋人,恋爱核心,0.60325551,4,754
755,上大学,上大学,3,tencent_ai_lab_chinese_embedding_light_mirror_mvp,0.59646775,0.59992129,0.59128743,早恋,校园恋爱,0.65090191,4,755
756,父母之命,父母之命,4,tencent_ai_lab_chinese_embedding_light_mirror_mvp,0.59632769,0.6060276,0.58177781,订婚,婚恋,0.5660705,4,756
757,她也,她也,2,tencent_ai_lab_chinese_embedding_light_mirror_mvp,0.59630766,0.60075045,0.58964348,丈夫,婚恋,0.60640502,4,757
758,数学课,数学课,3,tencent_ai_lab_chinese_embedding_light_mirror_mvp,0.59629271,0.64551425,0.5224604,同桌,校园恋爱,0.62064755,4,758
759,爱与恨,爱与恨,3,tencent_ai_lab_chinese_embedding_light_mirror_mvp,0.596278,0.62637234,0.55113649,爱情,恋爱核心,0.5612278,4,759
760,生活,生活,2,tencent_ai_lab_chinese_embedding_light_mirror_mvp,0.59620287,0.61118412,0.57373101,爱情,恋爱核心,0.57775307,4,760
761,理想情人,理想情人,4,tencent_ai_lab_chinese_embedding_light_mirror_mvp,0.59610879,0.61230409,0.57181585,恋人,对象关系,0.60927212,4,761
762,不帅,不帅,2,tencent_ai_lab_chinese_embedding_light_mirror_mvp,0.59587694,0.61705214,0.56411415,女朋友,单身与脱单,0.53999352,4,762
763,兄弟,兄弟,2,tencent_ai_lab_chinese_embedding_light_mirror_mvp,0.59583409,0.60272431,0.58549875,老婆,对象关系,0.5869447,4,763
764,退亲,退亲,2,tencent_ai_lab_chinese_embedding_light_mirror_mvp,0.59583232,0.62763858,0.54812294,订婚,婚恋,0.55623764,4,764
765,一起回家,一起回家,4,tencent_ai_lab_chinese_embedding_light_mirror_mvp,0.59569573,0.6036104,0.58382374,女朋友,约会,0.62860894,4,765
766,爱上,爱上,2,tencent_ai_lab_chinese_embedding_light_mirror_mvp,0.59569118,0.60584998,0.58045298,初恋,表白与追求,0.61295974,4,766
767,自由,自由,2,tencent_ai_lab_chinese_embedding_light_mirror_mvp,0.59565855,0.62588578,0.5503177,追求,社会比较与人生进度,0.50071317,4,767
768,学弟,学弟,2,tencent_ai_lab_chinese_embedding_light_mirror_mvp,0.59536455,0.60377812,0.58274418,女朋友,校园恋爱,0.58519912,4,768
769,美好时光,美好时光,4,tencent_ai_lab_chinese_embedding_light_mirror_mvp,0.59533732,0.61386561,0.56754488,青春,亲密行为,0.55982226,4,769
770,无性,无性,2,tencent_ai_lab_chinese_embedding_light_mirror_mvp,0.59533412,0.6044631,0.58164066,伴侣,恋爱核心,0.56630659,4,770
771,男女生,男女生,3,tencent_ai_lab_chinese_embedding_light_mirror_mvp,0.59528587,0.60531044,0.58024901,情侣,校园恋爱,0.68164706,4,771
772,校园生活,校园生活,4,tencent_ai_lab_chinese_embedding_light_mirror_mvp,0.59516861,0.60793209,0.5760234,青春,校园恋爱,0.62878382,4,772
773,酒会,酒会,2,tencent_ai_lab_chinese_embedding_light_mirror_mvp,0.5951599,0.62238675,0.55431962,婚礼,约会,0.54535651,4,773
774,好学生,好学生,3,tencent_ai_lab_chinese_embedding_light_mirror_mvp,0.59497663,0.61176604,0.56979251,同桌,校园恋爱,0.70300758,4,774
775,追梦,追梦,2,tencent_ai_lab_chinese_embedding_light_mirror_mvp,0.59491874,0.63010472,0.54213977,青春,社会比较与人生进度,0.54690111,4,775
776,在一起,在一起,3,tencent_ai_lab_chinese_embedding_light_mirror_mvp,0.59487259,0.60387754,0.58136517,结婚,对象关系,0.64290655,4,776
777,怀抱,怀抱,2,tencent_ai_lab_chinese_embedding_light_mirror_mvp,0.5948702,0.64149791,0.52492863,拥抱,亲密行为,0.56625986,4,777
778,男女双方,男女双方,4,tencent_ai_lab_chinese_embedding_light_mirror_mvp,0.59456389,0.60220492,0.58310235,结婚,对象关系,0.57408535,4,778
779,友人,友人,2,tencent_ai_lab_chinese_embedding_light_mirror_mvp,0.59444162,0.60096723,0.5846532,恋人,对象关系,0.60268283,4,779
780,幻想,幻想,2,tencent_ai_lab_chinese_embedding_light_mirror_mvp,0.59437683,0.60392451,0.5800553,追求,表白与追求,0.59854579,4,780
781,堂哥,堂哥,2,tencent_ai_lab_chinese_embedding_light_mirror_mvp,0.59435866,0.60254836,0.58207411,女朋友,婚恋,0.57451928,4,781
782,有情人终成眷属,有情人终成眷属,7,tencent_ai_lab_chinese_embedding_light_mirror_mvp,0.59427924,0.59936035,0.58665758,爱情,恋爱核心,0.64300281,4,782
783,喜哥,喜哥,2,tencent_ai_lab_chinese_embedding_light_mirror_mvp,0.59422085,0.61584425,0.56178576,前女友,恋爱历史,0.54176265,4,783
784,发微信,发微信,3,tencent_ai_lab_chinese_embedding_light_mirror_mvp,0.59397724,0.59753656,0.58863825,前男友,恋爱历史,0.54365748,4,784
785,害羞,害羞,2,tencent_ai_lab_chinese_embedding_light_mirror_mvp,0.59385952,0.5966453,0.58968085,表白,亲密行为,0.62710166,4,785
786,休掉,休掉,2,tencent_ai_lab_chinese_embedding_light_mirror_mvp,0.59382024,0.59875703,0.58641505,丈夫,婚恋,0.62676537,4,786
787,妻弟,妻弟,2,tencent_ai_lab_chinese_embedding_light_mirror_mvp,0.59381177,0.61177719,0.56686366,妻子,婚恋,0.52282083,4,787
788,损友,损友,2,tencent_ai_lab_chinese_embedding_light_mirror_mvp,0.59377675,0.60152137,0.58215982,女朋友,对象关系,0.61963904,4,788
789,小姑,小姑,2,tencent_ai_lab_chinese_embedding_light_mirror_mvp,0.59359112,0.60312045,0.57929713,老公,婚恋,0.57138026,4,789
790,迷恋,迷恋,2,tencent_ai_lab_chinese_embedding_light_mirror_mvp,0.59336994,0.60857093,0.57056844,追求,表白与追求,0.60610813,4,790
791,价值观,价值观,3,tencent_ai_lab_chinese_embedding_light_mirror_mvp,0.59336878,0.60735565,0.57238847,亲密关系,亲密行为,0.49430048,4,791
792,金牛座,金牛座,3,tencent_ai_lab_chinese_embedding_light_mirror_mvp,0.59331846,0.60118794,0.58151424,爱情,恋爱核心,0.58864176,4,792
793,他说,他说,2,tencent_ai_lab_chinese_embedding_light_mirror_mvp,0.59330443,0.60366517,0.57776332,女朋友,婚恋,0.55043203,4,793
794,女孩儿,女孩儿,3,tencent_ai_lab_chinese_embedding_light_mirror_mvp,0.59292977,0.60379004,0.57663935,男朋友,对象关系,0.61455572,4,794
795,小夏,小夏,2,tencent_ai_lab_chinese_embedding_light_mirror_mvp,0.59261035,0.60171241,0.57895726,女朋友,婚恋,0.55542797,4,795
796,一对,一对,2,tencent_ai_lab_chinese_embedding_light_mirror_mvp,0.59240866,0.62496936,0.5435676,情侣,对象关系,0.55205387,4,796
797,生活品质,生活品质,4,tencent_ai_lab_chinese_embedding_light_mirror_mvp,0.59235355,0.64271039,0.51681828,追求,单身与脱单,0.44537824,4,797
798,游玩,游玩,2,tencent_ai_lab_chinese_embedding_light_mirror_mvp,0.59234257,0.62204552,0.54778814,散步,约会,0.61277151,4,798
799,地久天长,地久天长,4,tencent_ai_lab_chinese_embedding_light_mirror_mvp,0.5923154,0.61274296,0.56167406,爱情,恋爱核心,0.55420244,4,799
800,邻居,邻居,2,tencent_ai_lab_chinese_embedding_light_mirror_mvp,0.59229933,0.59832484,0.58326107,丈夫,婚恋,0.56423676,4,800
801,二货,二货,2,tencent_ai_lab_chinese_embedding_light_mirror_mvp,0.59224756,0.60546911,0.57241523,老婆,对象关系,0.48797482,4,801
802,复合,复合,2,tencent_ai_lab_chinese_embedding_light_mirror_mvp,0.59224246,0.60146928,0.57840222,前男友,恋爱历史,0.60911041,4,802
803,去世,去世,2,tencent_ai_lab_chinese_embedding_light_mirror_mvp,0.59203243,0.61292279,0.5606969,妻子,婚恋,0.57897794,4,803
804,送礼物,送礼物,3,tencent_ai_lab_chinese_embedding_light_mirror_mvp,0.59177924,0.59668368,0.58442259,求婚,对象关系,0.58753085,4,804
805,纯粹,纯粹,2,tencent_ai_lab_chinese_embedding_light_mirror_mvp,0.59177411,0.63697147,0.52397805,追求,社会比较与人生进度,0.49401119,4,805
806,他妈,他妈,2,tencent_ai_lab_chinese_embedding_light_mirror_mvp,0.59159245,0.61442697,0.55734068,老婆,婚恋,0.50031519,4,806
807,对方,对方,2,tencent_ai_lab_chinese_embedding_light_mirror_mvp,0.5915704,0.60644054,0.56926519,恋人,对象关系,0.64486539,4,807
808,朝气蓬勃,朝气蓬勃,4,tencent_ai_lab_chinese_embedding_light_mirror_mvp,0.59156293,0.64534181,0.5108946,青春,社会比较与人生进度,0.60710478,4,808
809,因为寂寞,因为寂寞,4,tencent_ai_lab_chinese_embedding_light_mirror_mvp,0.59155209,0.5939045,0.58802348,恋爱,恋爱核心,0.62203634,4,809
810,性事,性事,2,tencent_ai_lab_chinese_embedding_light_mirror_mvp,0.59154369,0.59886676,0.58055907,亲密关系,亲密行为,0.57352853,4,810
811,生完,生完,2,tencent_ai_lab_chinese_embedding_light_mirror_mvp,0.59150934,0.61260903,0.55985981,老公,婚恋,0.56786823,4,811
812,女伴,女伴,2,tencent_ai_lab_chinese_embedding_light_mirror_mvp,0.59148477,0.59759086,0.58232564,女朋友,对象关系,0.61714435,4,812
813,面基,面基,2,tencent_ai_lab_chinese_embedding_light_mirror_mvp,0.59141061,0.59786975,0.5817219,约会,约会,0.58692873,4,813
814,母子,母子,2,tencent_ai_lab_chinese_embedding_light_mirror_mvp,0.59128652,0.60038841,0.57763368,妻子,婚恋,0.57951164,4,814
815,精神境界,精神境界,4,tencent_ai_lab_chinese_embedding_light_mirror_mvp,0.59127818,0.64135748,0.51615924,追求,表白与追求,0.44901025,4,815
816,同学聚会,同学聚会,4,tencent_ai_lab_chinese_embedding_light_mirror_mvp,0.59127711,0.59467858,0.58617491,约会,校园恋爱,0.60064399,4,816
817,依偎,依偎,2,tencent_ai_lab_chinese_embedding_light_mirror_mvp,0.5910754,0.60014164,0.57747602,拥抱,亲密行为,0.65566647,4,817
818,男人女人,男人女人,4,tencent_ai_lab_chinese_embedding_light_mirror_mvp,0.5910552,0.60461831,0.57071054,爱情,恋爱核心,0.56683075,4,818
819,老板,老板,2,tencent_ai_lab_chinese_embedding_light_mirror_mvp,0.59101199,0.60067981,0.57651025,老婆,婚恋,0.539774,4,819
820,问她,问她,2,tencent_ai_lab_chinese_embedding_light_mirror_mvp,0.59099604,0.59687334,0.58218008,男朋友,婚恋,0.55294633,4,820
821,家务活,家务活,3,tencent_ai_lab_chinese_embedding_light_mirror_mvp,0.59095063,0.59623802,0.58301955,老公,婚恋,0.53694671,4,821
822,大操大办,大操大办,4,tencent_ai_lab_chinese_embedding_light_mirror_mvp,0.59092674,0.6148994,0.55496776,婚礼,婚恋,0.53420115,4,822
823,超友谊,超友谊,3,tencent_ai_lab_chinese_embedding_light_mirror_mvp,0.59063351,0.60768175,0.56506115,亲密,亲密行为,0.60582083,4,823
824,好伴侣,好伴侣,3,tencent_ai_lab_chinese_embedding_light_mirror_mvp,0.5906112,0.63505113,0.52395129,伴侣,对象关系,0.55903918,4,824
825,同性爱,同性爱,3,tencent_ai_lab_chinese_embedding_light_mirror_mvp,0.59054801,0.59774733,0.57974905,亲密关系,恋爱核心,0.59733951,4,825
826,女神,女神,2,tencent_ai_lab_chinese_embedding_light_mirror_mvp,0.59038397,0.5937137,0.58538938,初恋,对象关系,0.62399971,4,826
827,好友,好友,2,tencent_ai_lab_chinese_embedding_light_mirror_mvp,0.590117,0.59105992,0.58870262,女朋友,对象关系,0.64133823,4,827
828,握手,握手,2,tencent_ai_lab_chinese_embedding_light_mirror_mvp,0.58999155,0.6283884,0.53239626,拥抱,亲密行为,0.58776492,4,828
829,马苏,马苏,2,tencent_ai_lab_chinese_embedding_light_mirror_mvp,0.58998696,0.59543806,0.5818103,前女友,恋爱历史,0.55657887,4,829
830,邂逅,邂逅,2,tencent_ai_lab_chinese_embedding_light_mirror_mvp,0.58986843,0.59261632,0.58574659,约会,恋爱核心,0.61935723,4,830
831,敢爱敢恨,敢爱敢恨,4,tencent_ai_lab_chinese_embedding_light_mirror_mvp,0.589814,0.59672558,0.57944661,爱情,恋爱核心,0.60705233,4,831
832,还小,还小,2,tencent_ai_lab_chinese_embedding_light_mirror_mvp,0.5898041,0.61650157,0.5497579,同龄人,社会比较与人生进度,0.56128311,4,832
833,财礼,财礼,2,tencent_ai_lab_chinese_embedding_light_mirror_mvp,0.58971254,0.61385232,0.55350286,订婚,婚恋,0.56322455,4,833
834,年迈,年迈,2,tencent_ai_lab_chinese_embedding_light_mirror_mvp,0.58963418,0.61314642,0.55436581,妻子,婚恋,0.51063484,4,834
835,我生,我生,2,tencent_ai_lab_chinese_embedding_light_mirror_mvp,0.58956686,0.6028114,0.56970006,老公,婚恋,0.58076644,4,835
836,撩妹,撩妹,2,tencent_ai_lab_chinese_embedding_light_mirror_mvp,0.58949699,0.59150422,0.58648616,脱单,单身与脱单,0.60170156,4,836
837,有次,有次,2,tencent_ai_lab_chinese_embedding_light_mirror_mvp,0.58947331,0.60264105,0.5697217,同桌,校园恋爱,0.51482272,4,837
838,礼金,礼金,2,tencent_ai_lab_chinese_embedding_light_mirror_mvp,0.58944827,0.59491318,0.58125091,婚礼,婚恋,0.57456958,4,838
839,一女,一女,2,tencent_ai_lab_chinese_embedding_light_mirror_mvp,0.58941443,0.59053016,0.58774084,妻子,婚恋,0.60749131,4,839
840,入赘,入赘,2,tencent_ai_lab_chinese_embedding_light_mirror_mvp,0.58922384,0.60339403,0.56796855,订婚,婚恋,0.59399128,4,840
841,外套,外套,2,tencent_ai_lab_chinese_embedding_light_mirror_mvp,0.5891381,0.65003842,0.49778762,校服,校园恋爱,0.48395842,4,841
842,没删,没删,2,tencent_ai_lab_chinese_embedding_light_mirror_mvp,0.58906958,0.61308265,0.55304998,前女友,恋爱历史,0.59464931,4,842
843,第二胎,第二胎,3,tencent_ai_lab_chinese_embedding_light_mirror_mvp,0.58904392,0.60383433,0.56685829,结婚,婚恋,0.61407608,4,843
844,分居,分居,2,tencent_ai_lab_chinese_embedding_light_mirror_mvp,0.58899716,0.60410494,0.5663355,结婚,婚恋,0.5846867,4,844
845,老师,老师,2,tencent_ai_lab_chinese_embedding_light_mirror_mvp,0.58893774,0.61739779,0.54624766,同桌,校园恋爱,0.6380676,4,845
846,家务,家务,2,tencent_ai_lab_chinese_embedding_light_mirror_mvp,0.58889421,0.59253997,0.58342558,丈夫,婚恋,0.55619717,4,846
847,邻座,邻座,2,tencent_ai_lab_chinese_embedding_light_mirror_mvp,0.58885472,0.63830245,0.51468313,同桌,校园恋爱,0.53079295,4,847
848,性体验,性体验,3,tencent_ai_lab_chinese_embedding_light_mirror_mvp,0.58885362,0.60602379,0.56309837,亲密关系,亲密行为,0.58302462,4,848
849,嫁到,嫁到,2,tencent_ai_lab_chinese_embedding_light_mirror_mvp,0.58867905,0.59187913,0.58387893,结婚,婚恋,0.6393134,4,849
850,为情所困,为情所困,4,tencent_ai_lab_chinese_embedding_light_mirror_mvp,0.58867197,0.59104538,0.58511186,爱情,恋爱核心,0.600339,4,850
851,情深,情深,2,tencent_ai_lab_chinese_embedding_light_mirror_mvp,0.58866168,0.60295361,0.56722379,爱情,恋爱核心,0.58222014,4,851
852,意中人,意中人,3,tencent_ai_lab_chinese_embedding_light_mirror_mvp,0.58864769,0.59353536,0.58131617,单身,对象关系,0.63545066,4,852
853,情欲,情欲,2,tencent_ai_lab_chinese_embedding_light_mirror_mvp,0.58847113,0.61056364,0.55533236,爱情,恋爱核心,0.5637815,4,853
854,第一胎,第一胎,3,tencent_ai_lab_chinese_embedding_light_mirror_mvp,0.58839562,0.6020205,0.5679583,结婚,婚恋,0.59848499,4,854
855,晚婚晚育,晚婚晚育,4,tencent_ai_lab_chinese_embedding_light_mirror_mvp,0.58838093,0.59825826,0.57356495,结婚,单身与脱单,0.49212068,4,855
856,发微博,发微博,3,tencent_ai_lab_chinese_embedding_light_mirror_mvp,0.58835038,0.60176247,0.56823224,前女友,恋爱历史,0.55375051,4,856
857,衬衫,衬衫,2,tencent_ai_lab_chinese_embedding_light_mirror_mvp,0.58827627,0.65412587,0.48950186,校服,校园恋爱,0.51158857,4,857
858,有说有笑,有说有笑,4,tencent_ai_lab_chinese_embedding_light_mirror_mvp,0.58810494,0.61421919,0.54893357,亲密,约会,0.56865716,4,858
859,双宋,双宋,2,tencent_ai_lab_chinese_embedding_light_mirror_mvp,0.58802049,0.59373271,0.57945216,恋情,婚恋,0.52463627,4,859
860,死缠烂打,死缠烂打,4,tencent_ai_lab_chinese_embedding_light_mirror_mvp,0.58787928,0.59469831,0.57765073,前男友,表白与追求,0.64801323,4,860
861,礼服,礼服,2,tencent_ai_lab_chinese_embedding_light_mirror_mvp,0.58783929,0.61161423,0.55217689,校服,婚恋,0.47658917,4,861
862,门当户对,门当户对,4,tencent_ai_lab_chinese_embedding_light_mirror_mvp,0.58765459,0.59153712,0.5818308,结婚,恋爱核心,0.58407235,4,862
863,性冲动,性冲动,3,tencent_ai_lab_chinese_embedding_light_mirror_mvp,0.58764222,0.59351838,0.57882798,接吻,亲密行为,0.56003416,4,863
864,和他,和他,2,tencent_ai_lab_chinese_embedding_light_mirror_mvp,0.58760157,0.59210145,0.58085173,女朋友,对象关系,0.60089397,4,864
865,好吗,好吗,2,tencent_ai_lab_chinese_embedding_light_mirror_mvp,0.58747542,0.59807944,0.57156938,女朋友,对象关系,0.56844914,4,865
866,骑车,骑车,2,tencent_ai_lab_chinese_embedding_light_mirror_mvp,0.58733257,0.65218925,0.49004754,散步,约会,0.57048082,4,866
867,顾家,顾家,2,tencent_ai_lab_chinese_embedding_light_mirror_mvp,0.58732189,0.59402281,0.57727051,老婆,婚恋,0.59774661,4,867
868,上课,上课,2,tencent_ai_lab_chinese_embedding_light_mirror_mvp,0.58721654,0.61584651,0.54427159,同桌,校园恋爱,0.67151994,4,868
869,一男,一男,2,tencent_ai_lab_chinese_embedding_light_mirror_mvp,0.58707714,0.59504735,0.57512182,女朋友,对象关系,0.54182434,4,869
870,贤妻,贤妻,2,tencent_ai_lab_chinese_embedding_light_mirror_mvp,0.58706398,0.59016812,0.58240777,老婆,婚恋,0.58049607,4,870
871,形影不离,形影不离,4,tencent_ai_lab_chinese_embedding_light_mirror_mvp,0.58702474,0.60312259,0.56287795,亲密,对象关系,0.57039028,4,871
872,疼爱,疼爱,2,tencent_ai_lab_chinese_embedding_light_mirror_mvp,0.58695056,0.59393191,0.57647854,老婆,婚恋,0.61156231,4,872
873,男孩儿,男孩儿,3,tencent_ai_lab_chinese_embedding_light_mirror_mvp,0.58689725,0.59542382,0.57410741,女朋友,校园恋爱,0.60213035,4,873
874,发糖,发糖,2,tencent_ai_lab_chinese_embedding_light_mirror_mvp,0.58677356,0.59608197,0.57281095,恋情,恋爱核心,0.56779826,4,874
875,爱有,爱有,2,tencent_ai_lab_chinese_embedding_light_mirror_mvp,0.58660405,0.61384368,0.5457446,爱情,恋爱核心,0.58608836,4,875
876,衬衣,衬衣,2,tencent_ai_lab_chinese_embedding_light_mirror_mvp,0.58656784,0.66626418,0.46702334,校服,校园恋爱,0.51705855,4,876
877,她们,她们,2,tencent_ai_lab_chinese_embedding_light_mirror_mvp,0.58654993,0.59578645,0.57269514,丈夫,对象关系,0.63511622,4,877
878,桃色新闻,桃色新闻,4,tencent_ai_lab_chinese_embedding_light_mirror_mvp,0.58635925,0.60444325,0.55923325,恋情,恋爱历史,0.56714332,4,878
879,陪她,陪她,2,tencent_ai_lab_chinese_embedding_light_mirror_mvp,0.58625118,0.58901817,0.58210069,老公,婚恋,0.59991014,4,879
880,金钱,金钱,2,tencent_ai_lab_chinese_embedding_light_mirror_mvp,0.58612061,0.60111427,0.5636301,爱情,恋爱核心,0.51748276,4,880
881,陌生人,陌生人,3,tencent_ai_lab_chinese_embedding_light_mirror_mvp,0.58607345,0.5969969,0.56968826,恋人,对象关系,0.63056368,4,881
882,姐妹,姐妹,2,tencent_ai_lab_chinese_embedding_light_mirror_mvp,0.58602757,0.59108067,0.57844794,丈夫,对象关系,0.63237035,4,882
883,独生女,独生女,3,tencent_ai_lab_chinese_embedding_light_mirror_mvp,0.58586822,0.5958426,0.57090664,老公,婚恋,0.62485474,4,883
884,年长,年长,2,tencent_ai_lab_chinese_embedding_light_mirror_mvp,0.58584638,0.62341428,0.52949452,同龄人,社会比较与人生进度,0.54726869,4,884
885,相互理解,相互理解,4,tencent_ai_lab_chinese_embedding_light_mirror_mvp,0.58584151,0.59240592,0.57599491,亲密关系,亲密行为,0.59542114,4,885
886,那你,那你,2,tencent_ai_lab_chinese_embedding_light_mirror_mvp,0.58581216,0.60036361,0.56398499,女朋友,对象关系,0.5564304,4,886
887,性行为,性行为,3,tencent_ai_lab_chinese_embedding_light_mirror_mvp,0.58574589,0.59555656,0.5710299,接吻,亲密行为,0.57784045,4,887
888,湖边,湖边,2,tencent_ai_lab_chinese_embedding_light_mirror_mvp,0.58568871,0.65000099,0.48922029,散步,约会,0.55995166,4,888
889,答应,答应,2,tencent_ai_lab_chinese_embedding_light_mirror_mvp,0.58564795,0.58706123,0.58352804,女朋友,婚恋,0.64324582,4,889
890,爷爷奶奶,爷爷奶奶,4,tencent_ai_lab_chinese_embedding_light_mirror_mvp,0.58561875,0.60067707,0.56303126,老公,婚恋,0.54776311,4,890
891,外婆,外婆,2,tencent_ai_lab_chinese_embedding_light_mirror_mvp,0.58560038,0.5959847,0.57002389,老公,婚恋,0.54381585,4,891
892,出月子,出月子,3,tencent_ai_lab_chinese_embedding_light_mirror_mvp,0.58536576,0.60556024,0.55507404,老公,婚恋,0.57808,4,892
893,名利,名利,2,tencent_ai_lab_chinese_embedding_light_mirror_mvp,0.5852036,0.60504687,0.5554387,爱情,恋爱核心,0.53860402,4,893
894,年轻漂亮,年轻漂亮,4,tencent_ai_lab_chinese_embedding_light_mirror_mvp,0.58504268,0.58973807,0.57799959,老婆,婚恋,0.60371101,4,894
895,互相理解,互相理解,4,tencent_ai_lab_chinese_embedding_light_mirror_mvp,0.58501697,0.58932912,0.57854873,亲密关系,亲密行为,0.59436452,4,895
896,志趣相投,志趣相投,4,tencent_ai_lab_chinese_embedding_light_mirror_mvp,0.58497767,0.60070419,0.5613879,伴侣,对象关系,0.58962607,4,896
897,照顾,照顾,2,tencent_ai_lab_chinese_embedding_light_mirror_mvp,0.58494644,0.58700299,0.58186162,妻子,婚恋,0.59341931,4,897
898,少年,少年,2,tencent_ai_lab_chinese_embedding_light_mirror_mvp,0.58493373,0.60933328,0.54833442,青春,社会比较与人生进度,0.61979896,4,898
899,教室,教室,2,tencent_ai_lab_chinese_embedding_light_mirror_mvp,0.58482605,0.62157434,0.52970362,同桌,校园恋爱,0.65354604,4,899
900,青少年时期,青少年时期,5,tencent_ai_lab_chinese_embedding_light_mirror_mvp,0.58478118,0.61531144,0.53898579,同龄人,社会比较与人生进度,0.5814563,4,900
901,体育课,体育课,3,tencent_ai_lab_chinese_embedding_light_mirror_mvp,0.58477147,0.61443686,0.54027337,同桌,校园恋爱,0.66658694,4,901
902,懵懂,懵懂,2,tencent_ai_lab_chinese_embedding_light_mirror_mvp,0.58469615,0.59318364,0.57196492,初恋,社会比较与人生进度,0.57136154,4,902
903,亲戚,亲戚,2,tencent_ai_lab_chinese_embedding_light_mirror_mvp,0.58469267,0.58850443,0.57897502,老婆,婚恋,0.62858117,4,903
904,生命,生命,2,tencent_ai_lab_chinese_embedding_light_mirror_mvp,0.58465492,0.59731585,0.56566352,青春,社会比较与人生进度,0.5493741,4,904
905,嫁妆,嫁妆,2,tencent_ai_lab_chinese_embedding_light_mirror_mvp,0.5845657,0.59545332,0.56823426,订婚,婚恋,0.6027208,4,905
906,裙子,裙子,2,tencent_ai_lab_chinese_embedding_light_mirror_mvp,0.58454511,0.63661587,0.50643897,校服,校园恋爱,0.5157811,4,906
907,良人,良人,2,tencent_ai_lab_chinese_embedding_light_mirror_mvp,0.58445652,0.58817935,0.57887226,爱情,恋爱核心,0.61017144,4,907
908,处女,处女,2,tencent_ai_lab_chinese_embedding_light_mirror_mvp,0.5844547,0.58912694,0.57744634,伴侣,恋爱核心,0.59954882,4,908
909,张馨予,张馨予,3,tencent_ai_lab_chinese_embedding_light_mirror_mvp,0.58444769,0.59161901,0.57369071,恋情,恋爱历史,0.53879923,4,909
910,男模,男模,2,tencent_ai_lab_chinese_embedding_light_mirror_mvp,0.58417534,0.59481245,0.56821966,前女友,恋爱历史,0.56617832,4,910
911,侄子,侄子,2,tencent_ai_lab_chinese_embedding_light_mirror_mvp,0.58416395,0.5932709,0.57050353,老婆,婚恋,0.53972787,4,911
912,她有,她有,2,tencent_ai_lab_chinese_embedding_light_mirror_mvp,0.58415797,0.5923661,0.57184577,男朋友,婚恋,0.58179843,4,912
913,吃饭,吃饭,2,tencent_ai_lab_chinese_embedding_light_mirror_mvp,0.58412927,0.59477633,0.56815869,约会,约会,0.65396786,4,913
914,没钱,没钱,2,tencent_ai_lab_chinese_embedding_light_mirror_mvp,0.58400388,0.59312093,0.5703283,老婆,婚恋,0.56002402,4,914
915,理想化,理想化,3,tencent_ai_lab_chinese_embedding_light_mirror_mvp,0.58391089,0.60343707,0.55462164,追求,恋爱核心,0.51158857,4,915
916,共处一室,共处一室,4,tencent_ai_lab_chinese_embedding_light_mirror_mvp,0.5838956,0.58737391,0.57867813,约会,亲密行为,0.60734713,4,916
917,相伴,相伴,2,tencent_ai_lab_chinese_embedding_light_mirror_mvp,0.58383534,0.59051633,0.57381386,牵手,亲密行为,0.57782221,4,917
918,干爹,干爹,2,tencent_ai_lab_chinese_embedding_light_mirror_mvp,0.58379993,0.60655296,0.5496704,老婆,婚恋,0.56230783,4,918
919,热血,热血,2,tencent_ai_lab_chinese_embedding_light_mirror_mvp,0.58362556,0.63516796,0.50631195,青春,社会比较与人生进度,0.52881432,4,919
920,逢场作戏,逢场作戏,4,tencent_ai_lab_chinese_embedding_light_mirror_mvp,0.58340864,0.58992422,0.57363528,爱情,恋爱核心,0.61326194,4,920
921,就生,就生,2,tencent_ai_lab_chinese_embedding_light_mirror_mvp,0.58333236,0.5940972,0.5671851,结婚,婚恋,0.60332745,4,921
922,同框,同框,2,tencent_ai_lab_chinese_embedding_light_mirror_mvp,0.58318419,0.59517395,0.56519955,恋情,亲密行为,0.5630582,4,922
923,风华正茂,风华正茂,4,tencent_ai_lab_chinese_embedding_light_mirror_mvp,0.58315086,0.60490978,0.55051249,青春,社会比较与人生进度,0.63001192,4,923
924,我们家,我们家,3,tencent_ai_lab_chinese_embedding_light_mirror_mvp,0.58313882,0.59443212,0.56619889,老婆,婚恋,0.58050632,4,924
925,情谊,情谊,2,tencent_ai_lab_chinese_embedding_light_mirror_mvp,0.58312011,0.59787142,0.56099313,亲密,亲密行为,0.58752143,4,925
926,桃花,桃花,2,tencent_ai_lab_chinese_embedding_light_mirror_mvp,0.58310361,0.58696067,0.57731801,爱情,单身与脱单,0.60404736,4,926
927,摊牌,摊牌,2,tencent_ai_lab_chinese_embedding_light_mirror_mvp,0.58305328,0.59763789,0.56117636,订婚,婚恋,0.58622861,4,927
928,真挚,真挚,2,tencent_ai_lab_chinese_embedding_light_mirror_mvp,0.58292611,0.59354568,0.56699675,爱情,表白与追求,0.58429313,4,928
929,帽衫,帽衫,2,tencent_ai_lab_chinese_embedding_light_mirror_mvp,0.58288885,0.65147734,0.48000613,校服,校园恋爱,0.47318432,4,929
930,取关,取关,2,tencent_ai_lab_chinese_embedding_light_mirror_mvp,0.58284583,0.60012364,0.55692911,前女友,恋爱历史,0.57596558,4,930
931,拉手,拉手,2,tencent_ai_lab_chinese_embedding_light_mirror_mvp,0.58274879,0.59713066,0.561176,牵手,亲密行为,0.61809289,4,931
932,傧相,傧相,2,tencent_ai_lab_chinese_embedding_light_mirror_mvp,0.58272063,0.61765879,0.53031337,婚礼,婚恋,0.50888515,4,932
933,我俩,我俩,2,tencent_ai_lab_chinese_embedding_light_mirror_mvp,0.58265889,0.58383858,0.58088934,同桌,对象关系,0.57579082,4,933
934,腻歪,腻歪,2,tencent_ai_lab_chinese_embedding_light_mirror_mvp,0.5826355,0.58837354,0.57402843,情侣,对象关系,0.59815466,4,934
935,亮哥,亮哥,2,tencent_ai_lab_chinese_embedding_light_mirror_mvp,0.58261337,0.59376431,0.56588697,老婆,婚恋,0.51817882,4,935
936,华哥,华哥,2,tencent_ai_lab_chinese_embedding_light_mirror_mvp,0.58255571,0.59054297,0.57057482,老公,婚恋,0.54696405,4,936
937,备胎,备胎,2,tencent_ai_lab_chinese_embedding_light_mirror_mvp,0.58251857,0.59080869,0.57008338,前女友,恋爱历史,0.62106651,4,937
938,宴席,宴席,2,tencent_ai_lab_chinese_embedding_light_mirror_mvp,0.58219273,0.6347599,0.50334197,婚礼,婚恋,0.44929516,4,938
939,私生活,私生活,3,tencent_ai_lab_chinese_embedding_light_mirror_mvp,0.58212764,0.6039561,0.54938495,恋情,恋爱核心,0.55661213,4,939
940,做饭,做饭,2,tencent_ai_lab_chinese_embedding_light_mirror_mvp,0.58209023,0.5960021,0.56122243,老婆,婚恋,0.54351026,4,940
941,撒娇,撒娇,2,tencent_ai_lab_chinese_embedding_light_mirror_mvp,0.58202391,0.59318662,0.56527984,男朋友,对象关系,0.57598126,4,941
942,父女,父女,2,tencent_ai_lab_chinese_embedding_light_mirror_mvp,0.58198825,0.59114605,0.56825155,情侣,亲密行为,0.56683993,4,942
943,双子,双子,2,tencent_ai_lab_chinese_embedding_light_mirror_mvp,0.58198709,0.59088707,0.56863713,恋人,恋爱核心,0.58351839,4,943
944,观念,观念,2,tencent_ai_lab_chinese_embedding_light_mirror_mvp,0.58187524,0.60144395,0.55252218,追求,社会比较与人生进度,0.51763183,4,944
945,传宗接代,传宗接代,4,tencent_ai_lab_chinese_embedding_light_mirror_mvp,0.58173308,0.60832894,0.5418393,结婚,婚恋,0.56875718,4,945
946,患得患失,患得患失,4,tencent_ai_lab_chinese_embedding_light_mirror_mvp,0.58167131,0.58479989,0.57697845,爱情,恋爱核心,0.59441471,4,946
947,思恋,思恋,2,tencent_ai_lab_chinese_embedding_light_mirror_mvp,0.58163525,0.58684856,0.57381529,恋人,恋爱核心,0.57439238,4,947
948,西服,西服,2,tencent_ai_lab_chinese_embedding_light_mirror_mvp,0.58162762,0.63825119,0.49669227,校服,校园恋爱,0.46541479,4,948
949,心理学家,心理学家,4,tencent_ai_lab_chinese_embedding_light_mirror_mvp,0.58160844,0.61653793,0.5292142,亲密关系,对象关系,0.46981239,4,949
950,结为,结为,2,tencent_ai_lab_chinese_embedding_light_mirror_mvp,0.5815852,0.59349996,0.56371307,结婚,婚恋,0.55644745,4,950
951,怀恋,怀恋,2,tencent_ai_lab_chinese_embedding_light_mirror_mvp,0.58153181,0.59456432,0.56198305,初恋,社会比较与人生进度,0.53569496,4,951
952,反超,反超,2,tencent_ai_lab_chinese_embedding_light_mirror_mvp,0.58146994,0.67655402,0.43884382,落后,社会比较与人生进度,0.5111323,4,952
953,初夜,初夜,2,tencent_ai_lab_chinese_embedding_light_mirror_mvp,0.58140652,0.58502984,0.57597154,初恋,恋爱历史,0.57666981,4,953
954,愧疚,愧疚,2,tencent_ai_lab_chinese_embedding_light_mirror_mvp,0.58140426,0.59810698,0.55635017,妻子,婚恋,0.5613938,4,954
955,每对,每对,2,tencent_ai_lab_chinese_embedding_light_mirror_mvp,0.58138393,0.59607512,0.55934715,情侣,对象关系,0.52979076,4,955
956,离家出走,离家出走,4,tencent_ai_lab_chinese_embedding_light_mirror_mvp,0.58129461,0.5898385,0.56847876,丈夫,婚恋,0.60663205,4,956
957,睡衣,睡衣,2,tencent_ai_lab_chinese_embedding_light_mirror_mvp,0.58121413,0.62399846,0.51703763,校服,校园恋爱,0.50144541,4,957
958,红杏出墙,红杏出墙,4,tencent_ai_lab_chinese_embedding_light_mirror_mvp,0.58118411,0.59501106,0.5604437,老婆,婚恋,0.59952486,4,958
959,初心,初心,2,tencent_ai_lab_chinese_embedding_light_mirror_mvp,0.58111081,0.60349643,0.54753238,青春,社会比较与人生进度,0.49068645,4,959
960,坐月子,坐月子,3,tencent_ai_lab_chinese_embedding_light_mirror_mvp,0.58104557,0.60128504,0.55068636,老公,婚恋,0.56975389,4,960
961,爱不爱,爱不爱,3,tencent_ai_lab_chinese_embedding_light_mirror_mvp,0.58098626,0.58442533,0.57582766,爱情,恋爱核心,0.6123814,4,961
962,说要,说要,2,tencent_ai_lab_chinese_embedding_light_mirror_mvp,0.58095936,0.58989733,0.56755239,女朋友,婚恋,0.56532586,4,962
963,饭后,饭后,2,tencent_ai_lab_chinese_embedding_light_mirror_mvp,0.58072522,0.62929225,0.50787467,散步,约会,0.59823948,4,963
964,放弃,放弃,2,tencent_ai_lab_chinese_embedding_light_mirror_mvp,0.58063815,0.62337399,0.51653439,追求,社会比较与人生进度,0.56175041,4,964
965,受委屈,受委屈,3,tencent_ai_lab_chinese_embedding_light_mirror_mvp,0.58061477,0.59331423,0.56156558,老婆,婚恋,0.58578682,4,965
966,扒出,扒出,2,tencent_ai_lab_chinese_embedding_light_mirror_mvp,0.58057976,0.59508884,0.55881613,前女友,恋爱历史,0.52428132,4,966
967,五岁,五岁,2,tencent_ai_lab_chinese_embedding_light_mirror_mvp,0.58057144,0.62062848,0.52048588,同龄人,婚恋,0.51372409,4,967
968,喜糖,喜糖,2,tencent_ai_lab_chinese_embedding_light_mirror_mvp,0.58044801,0.60393989,0.54521018,婚礼,婚恋,0.50599414,4,968
969,女主,女主,2,tencent_ai_lab_chinese_embedding_light_mirror_mvp,0.58032376,0.58175033,0.57818389,男朋友,恋爱历史,0.6111021,4,969
970,光棍,光棍,2,tencent_ai_lab_chinese_embedding_light_mirror_mvp,0.58027663,0.61209905,0.532543,单身,单身与脱单,0.57905853,4,970
971,你们,你们,2,tencent_ai_lab_chinese_embedding_light_mirror_mvp,0.58022935,0.59048975,0.56483877,女朋友,对象关系,0.62766355,4,971
972,不在家,不在家,3,tencent_ai_lab_chinese_embedding_light_mirror_mvp,0.58018513,0.59410989,0.55929798,老婆,婚恋,0.53509879,4,972
973,坦诚,坦诚,2,tencent_ai_lab_chinese_embedding_light_mirror_mvp,0.58014474,0.59558046,0.55699116,亲密关系,亲密行为,0.61672181,4,973
974,上床,上床,2,tencent_ai_lab_chinese_embedding_light_mirror_mvp,0.58011396,0.58943939,0.56612581,接吻,约会,0.58739537,4,974
975,丧事,丧事,2,tencent_ai_lab_chinese_embedding_light_mirror_mvp,0.58010902,0.61445236,0.52859402,婚礼,婚恋,0.53243375,4,975
976,内心,内心,2,tencent_ai_lab_chinese_embedding_light_mirror_mvp,0.58003784,0.59110028,0.5634442,爱情,表白与追求,0.6111095,4,976
977,相互信任,相互信任,4,tencent_ai_lab_chinese_embedding_light_mirror_mvp,0.57997792,0.60376263,0.54430085,亲密关系,亲密行为,0.57360184,4,977
978,私房钱,私房钱,3,tencent_ai_lab_chinese_embedding_light_mirror_mvp,0.57992759,0.60383999,0.54405898,老婆,婚恋,0.55147904,4,978
979,幸福的人,幸福的人,4,tencent_ai_lab_chinese_embedding_light_mirror_mvp,0.5797787,0.58553135,0.57114971,爱情,恋爱核心,0.57449949,4,979
980,风花雪月,风花雪月,4,tencent_ai_lab_chinese_embedding_light_mirror_mvp,0.57975324,0.59980482,0.54967588,爱情,恋爱核心,0.56209803,4,980
981,社会关系,社会关系,4,tencent_ai_lab_chinese_embedding_light_mirror_mvp,0.57970086,0.62880009,0.50605202,亲密关系,对象关系,0.44301945,4,981
982,七夕节,七夕节,3,tencent_ai_lab_chinese_embedding_light_mirror_mvp,0.57967396,0.58201015,0.57616967,订婚,对象关系,0.56989408,4,982
983,互相照顾,互相照顾,4,tencent_ai_lab_chinese_embedding_light_mirror_mvp,0.57950617,0.58370572,0.57320684,情侣,对象关系,0.58442569,4,983
984,婚姻状况,婚姻状况,4,tencent_ai_lab_chinese_embedding_light_mirror_mvp,0.57946298,0.58818603,0.56637841,结婚,婚恋,0.53610569,4,984
985,同性恋,同性恋,3,tencent_ai_lab_chinese_embedding_light_mirror_mvp,0.5794435,0.58717608,0.56784463,早恋,对象关系,0.61227024,4,985
986,借位,借位,2,tencent_ai_lab_chinese_embedding_light_mirror_mvp,0.57937524,0.61673737,0.52333206,接吻,亲密行为,0.51269859,4,986
987,人性,人性,2,tencent_ai_lab_chinese_embedding_light_mirror_mvp,0.57936053,0.60155213,0.54607314,爱情,恋爱核心,0.46988782,4,987
988,少男少女,少男少女,4,tencent_ai_lab_chinese_embedding_light_mirror_mvp,0.57935541,0.5911243,0.56170207,情侣,校园恋爱,0.57404345,4,988
989,风衣,风衣,2,tencent_ai_lab_chinese_embedding_light_mirror_mvp,0.57931535,0.64431798,0.4818114,校服,校园恋爱,0.44895157,4,989
990,爱是个,爱是个,3,tencent_ai_lab_chinese_embedding_light_mirror_mvp,0.57926177,0.60180455,0.54544759,爱情,恋爱核心,0.55977499,4,990
991,英子,英子,2,tencent_ai_lab_chinese_embedding_light_mirror_mvp,0.5792598,0.58348095,0.57292807,丈夫,婚恋,0.57341117,4,991
992,男主,男主,2,tencent_ai_lab_chinese_embedding_light_mirror_mvp,0.57924156,0.58400106,0.57210231,女朋友,对象关系,0.60972679,4,992
993,家庭教育,家庭教育,4,tencent_ai_lab_chinese_embedding_light_mirror_mvp,0.57923281,0.60469079,0.54104584,亲密关系,校园恋爱,0.47032782,4,993
994,人到中年,人到中年,4,tencent_ai_lab_chinese_embedding_light_mirror_mvp,0.57918437,0.58449948,0.5712117,爱情,社会比较与人生进度,0.59922254,4,994
995,走路,走路,2,tencent_ai_lab_chinese_embedding_light_mirror_mvp,0.57915893,0.64078647,0.48671761,散步,约会,0.54255271,4,995
996,事业,事业,2,tencent_ai_lab_chinese_embedding_light_mirror_mvp,0.57907628,0.59456414,0.55584449,爱情,恋爱核心,0.57425928,4,996
997,西装,西装,2,tencent_ai_lab_chinese_embedding_light_mirror_mvp,0.57905777,0.62707579,0.50703073,校服,校园恋爱,0.47053909,4,997
998,二十多岁,二十多岁,4,tencent_ai_lab_chinese_embedding_light_mirror_mvp,0.57899748,0.62791914,0.505615,同龄人,社会比较与人生进度,0.54798472,4,998
999,外在,外在,2,tencent_ai_lab_chinese_embedding_light_mirror_mvp,0.57887598,0.60152096,0.54490852,追求,表白与追求,0.46282786,4,999
1000,回家,回家,2,tencent_ai_lab_chinese_embedding_light_mirror_mvp,0.5788218,0.58570707,0.5684939,老婆,婚恋,0.5803203,4,1000
1001,刻骨,刻骨,2,tencent_ai_lab_chinese_embedding_light_mirror_mvp,0.5786891,0.59695923,0.5512839,初恋,恋爱核心,0.56063104,4,1001
1002,也许,也许,2,tencent_ai_lab_chinese_embedding_light_mirror_mvp,0.57866445,0.58895934,0.56322211,爱情,社会比较与人生进度,0.63316035,4,1002
1003,生日礼物,生日礼物,4,tencent_ai_lab_chinese_embedding_light_mirror_mvp,0.57855982,0.58590215,0.56754631,求婚,婚恋,0.54950881,4,1003
1004,心如,心如,2,tencent_ai_lab_chinese_embedding_light_mirror_mvp,0.57833593,0.59254253,0.55702603,恋情,恋爱核心,0.58488679,4,1004
1005,回忆,回忆,2,tencent_ai_lab_chinese_embedding_light_mirror_mvp,0.57830842,0.60049593,0.54502714,青春,恋爱核心,0.53468776,4,1005
1006,遗孀,遗孀,2,tencent_ai_lab_chinese_embedding_light_mirror_mvp,0.57817314,0.60245073,0.54175675,妻子,婚恋,0.53847671,4,1006
1007,细水长流,细水长流,4,tencent_ai_lab_chinese_embedding_light_mirror_mvp,0.5781652,0.59742439,0.54927641,爱情,恋爱核心,0.58032572,4,1007
1008,买房,买房,2,tencent_ai_lab_chinese_embedding_light_mirror_mvp,0.57812932,0.60604739,0.5362522,结婚,单身与脱单,0.53048337,4,1008
1009,书包,书包,2,tencent_ai_lab_chinese_embedding_light_mirror_mvp,0.57804842,0.62393892,0.50921267,校服,校园恋爱,0.62826437,4,1009
1010,美好回忆,美好回忆,4,tencent_ai_lab_chinese_embedding_light_mirror_mvp,0.57801859,0.59627867,0.55062848,初恋,恋爱核心,0.54800415,4,1010
1011,幸福生活,幸福生活,4,tencent_ai_lab_chinese_embedding_light_mirror_mvp,0.57791173,0.58946753,0.56057805,爱情,恋爱核心,0.56829536,4,1011
1012,亲切,亲切,2,tencent_ai_lab_chinese_embedding_light_mirror_mvp,0.5779084,0.62565398,0.50629002,亲密,亲密行为,0.52621263,4,1012
1013,幼子,幼子,2,tencent_ai_lab_chinese_embedding_light_mirror_mvp,0.57788804,0.60646129,0.53502816,妻子,婚恋,0.50737977,4,1013
1014,心爱,心爱,2,tencent_ai_lab_chinese_embedding_light_mirror_mvp,0.57786138,0.58019161,0.57436603,恋人,恋爱核心,0.58160424,4,1014
1015,老舅,老舅,2,tencent_ai_lab_chinese_embedding_light_mirror_mvp,0.57775931,0.59225643,0.55601364,老婆,婚恋,0.52298868,4,1015
1016,倾心,倾心,2,tencent_ai_lab_chinese_embedding_light_mirror_mvp,0.57775424,0.58454835,0.56756306,初恋,表白与追求,0.62688458,4,1016
1017,她俩,她俩,2,tencent_ai_lab_chinese_embedding_light_mirror_mvp,0.57771554,0.58421886,0.56796056,情侣,对象关系,0.58021188,4,1017
1018,多情,多情,2,tencent_ai_lab_chinese_embedding_light_mirror_mvp,0.57771049,0.58490777,0.56691456,爱情,恋爱核心,0.5770784,4,1018
1019,进网吧,进网吧,3,tencent_ai_lab_chinese_embedding_light_mirror_mvp,0.57751836,0.63278031,0.49462542,早恋,校园恋爱,0.60432374,4,1019
1020,短裙,短裙,2,tencent_ai_lab_chinese_embedding_light_mirror_mvp,0.57749013,0.63883853,0.48546752,校服,校园恋爱,0.49891502,4,1020
1021,亲如,亲如,2,tencent_ai_lab_chinese_embedding_light_mirror_mvp,0.57741342,0.60673535,0.53343052,亲密,亲密行为,0.51753908,4,1021
1022,少女,少女,2,tencent_ai_lab_chinese_embedding_light_mirror_mvp,0.57739229,0.58387864,0.56766278,初恋,社会比较与人生进度,0.59211028,4,1022
1023,小西,小西,2,tencent_ai_lab_chinese_embedding_light_mirror_mvp,0.57733138,0.58246756,0.56962711,男朋友,婚恋,0.55381173,4,1023
1024,六岁,六岁,2,tencent_ai_lab_chinese_embedding_light_mirror_mvp,0.57715845,0.61877322,0.51473629,同龄人,社会比较与人生进度,0.49718928,4,1024
1025,进班,进班,2,tencent_ai_lab_chinese_embedding_light_mirror_mvp,0.57714767,0.61495268,0.52044016,同桌,校园恋爱,0.64211679,4,1025
1026,她又,她又,2,tencent_ai_lab_chinese_embedding_light_mirror_mvp,0.57706094,0.58075452,0.57152057,丈夫,婚恋,0.58670795,4,1026
1027,你俩,你俩,2,tencent_ai_lab_chinese_embedding_light_mirror_mvp,0.57704898,0.58509082,0.56498623,老婆,对象关系,0.56932366,4,1027
1028,青春活力,青春活力,4,tencent_ai_lab_chinese_embedding_light_mirror_mvp,0.57702014,0.61317754,0.52278405,青春,社会比较与人生进度,0.55606842,4,1028
1029,坚贞,坚贞,2,tencent_ai_lab_chinese_embedding_light_mirror_mvp,0.57699982,0.6027711,0.53834289,爱情,恋爱核心,0.54146302,4,1029
1030,短裤,短裤,2,tencent_ai_lab_chinese_embedding_light_mirror_mvp,0.57699168,0.6509527,0.46605015,校服,校园恋爱,0.49653864,4,1030
1031,互爱,互爱,2,tencent_ai_lab_chinese_embedding_light_mirror_mvp,0.57698345,0.58209074,0.56932253,亲密关系,亲密行为,0.61566353,4,1031
1032,早熟,早熟,2,tencent_ai_lab_chinese_embedding_light_mirror_mvp,0.5768404,0.59932983,0.54310626,早恋,社会比较与人生进度,0.53543139,4,1032
1033,未孕,未孕,2,tencent_ai_lab_chinese_embedding_light_mirror_mvp,0.5767931,0.59241712,0.55335706,结婚,婚恋,0.53991807,4,1033
1034,考大学,考大学,3,tencent_ai_lab_chinese_embedding_light_mirror_mvp,0.57676784,0.60227138,0.53851253,早恋,校园恋爱,0.57655054,4,1034
1035,情场,情场,2,tencent_ai_lab_chinese_embedding_light_mirror_mvp,0.57671481,0.59016448,0.55654031,爱情,恋爱核心,0.58552122,4,1035
1036,直男癌,直男癌,3,tencent_ai_lab_chinese_embedding_light_mirror_mvp,0.57648007,0.58486706,0.56389958,男朋友,对象关系,0.57026845,4,1036
1037,狂撒,狂撒,2,tencent_ai_lab_chinese_embedding_light_mirror_mvp,0.57607679,0.58900452,0.55668521,情侣,亲密行为,0.54062438,4,1037
1038,其母,其母,2,tencent_ai_lab_chinese_embedding_light_mirror_mvp,0.57604215,0.60028827,0.53967297,丈夫,婚恋,0.47396332,4,1038
1039,亲戚朋友,亲戚朋友,4,tencent_ai_lab_chinese_embedding_light_mirror_mvp,0.57597562,0.58770436,0.55838251,老公,婚恋,0.60020918,4,1039
1040,生日,生日,2,tencent_ai_lab_chinese_embedding_light_mirror_mvp,0.57594454,0.57899034,0.57137585,婚礼,婚恋,0.60115129,4,1040
1041,真心,真心,2,tencent_ai_lab_chinese_embedding_light_mirror_mvp,0.575823,0.58551335,0.56128746,爱情,对象关系,0.60398781,4,1041
1042,和好,和好,2,tencent_ai_lab_chinese_embedding_light_mirror_mvp,0.57579069,0.57870352,0.57142144,前男友,恋爱历史,0.61326337,4,1042
1043,永远,永远,2,tencent_ai_lab_chinese_embedding_light_mirror_mvp,0.5757127,0.58976066,0.55464077,青春,社会比较与人生进度,0.61428148,4,1043
1044,上班,上班,2,tencent_ai_lab_chinese_embedding_light_mirror_mvp,0.5755573,0.5955056,0.54563487,老公,婚恋,0.54287893,4,1044
1045,小欧,小欧,2,tencent_ai_lab_chinese_embedding_light_mirror_mvp,0.57551785,0.57858992,0.57090974,老公,婚恋,0.59574854,4,1045
1046,待产,待产,2,tencent_ai_lab_chinese_embedding_light_mirror_mvp,0.5754838,0.58919179,0.55492181,老公,婚恋,0.60806537,4,1046
1047,蹉跎岁月,蹉跎岁月,4,tencent_ai_lab_chinese_embedding_light_mirror_mvp,0.57536812,0.61604512,0.51435262,青春,社会比较与人生进度,0.59285241,4,1047
1048,欲望,欲望,2,tencent_ai_lab_chinese_embedding_light_mirror_mvp,0.57528011,0.5994671,0.53899962,追求,恋爱核心,0.45663494,4,1048
1049,大姑,大姑,2,tencent_ai_lab_chinese_embedding_light_mirror_mvp,0.57523961,0.58529842,0.5601514,老公,婚恋,0.542382,4,1049
1050,女士,女士,2,tencent_ai_lab_chinese_embedding_light_mirror_mvp,0.57510009,0.59725142,0.5418731,丈夫,婚恋,0.54234034,4,1050
1051,社会交往,社会交往,4,tencent_ai_lab_chinese_embedding_light_mirror_mvp,0.57507488,0.61726004,0.51179713,亲密关系,亲密行为,0.45924067,4,1051
1052,去找,去找,2,tencent_ai_lab_chinese_embedding_light_mirror_mvp,0.57501497,0.59245229,0.548859,女朋友,对象关系,0.54072958,4,1052
1053,逝去,逝去,2,tencent_ai_lab_chinese_embedding_light_mirror_mvp,0.57497443,0.6104812,0.52171427,青春,社会比较与人生进度,0.56160229,4,1053
1054,执著,执著,2,tencent_ai_lab_chinese_embedding_light_mirror_mvp,0.57493711,0.59848654,0.53961295,追求,表白与追求,0.51159787,4,1054
1055,相约,相约,2,tencent_ai_lab_chinese_embedding_light_mirror_mvp,0.57479789,0.58332396,0.5620088,约会,约会,0.57985616,4,1055
1056,执手,执手,2,tencent_ai_lab_chinese_embedding_light_mirror_mvp,0.57475179,0.61103433,0.52032799,牵手,亲密行为,0.54312432,4,1056
1057,探求,探求,2,tencent_ai_lab_chinese_embedding_light_mirror_mvp,0.57471322,0.62576652,0.49813327,追求,表白与追求,0.47001633,4,1057
1058,恋父,恋父,2,tencent_ai_lab_chinese_embedding_light_mirror_mvp,0.57470846,0.58863842,0.55381352,亲密关系,恋爱核心,0.53886658,4,1058
1059,上司,上司,2,tencent_ai_lab_chinese_embedding_light_mirror_mvp,0.57469287,0.58968651,0.5522024,前任,对象关系,0.57088947,4,1059
1060,尖子生,尖子生,3,tencent_ai_lab_chinese_embedding_light_mirror_mvp,0.5746061,0.5941928,0.54522604,同桌,校园恋爱,0.66314411,4,1060
1061,全校,全校,2,tencent_ai_lab_chinese_embedding_light_mirror_mvp,0.57458578,0.60582119,0.52773267,同桌,校园恋爱,0.65111423,4,1061
1062,二十岁,二十岁,3,tencent_ai_lab_chinese_embedding_light_mirror_mvp,0.57449665,0.6111871,0.51946098,同龄人,社会比较与人生进度,0.54370236,4,1062
1063,漂亮女人,漂亮女人,4,tencent_ai_lab_chinese_embedding_light_mirror_mvp,0.57443593,0.59090877,0.54972667,老婆,对象关系,0.54274577,4,1063
1064,天各一方,天各一方,4,tencent_ai_lab_chinese_embedding_light_mirror_mvp,0.57433953,0.58758998,0.55446386,恋人,恋爱核心,0.58297539,4,1064
1065,男士,男士,2,tencent_ai_lab_chinese_embedding_light_mirror_mvp,0.57425516,0.58262467,0.56170088,伴侣,对象关系,0.61525255,4,1065
1066,一辈子,一辈子,3,tencent_ai_lab_chinese_embedding_light_mirror_mvp,0.57424558,0.58037394,0.56505305,结婚,恋爱核心,0.58236516,4,1066
1067,抛弃,抛弃,2,tencent_ai_lab_chinese_embedding_light_mirror_mvp,0.57420129,0.59850186,0.53775042,追求,对象关系,0.53686452,4,1067
1068,不信任,不信任,3,tencent_ai_lab_chinese_embedding_light_mirror_mvp,0.57416556,0.60527825,0.52749652,亲密关系,亲密行为,0.48556429,4,1068
1069,芳华,芳华,2,tencent_ai_lab_chinese_embedding_light_mirror_mvp,0.57411945,0.6170212,0.50976682,青春,社会比较与人生进度,0.51236224,4,1069
1070,长子,长子,2,tencent_ai_lab_chinese_embedding_light_mirror_mvp,0.57401516,0.60032606,0.53454882,妻子,婚恋,0.54113251,4,1070
1071,护士服,护士服,3,tencent_ai_lab_chinese_embedding_light_mirror_mvp,0.57398118,0.64070487,0.47389564,校服,校园恋爱,0.4788014,4,1071
1072,别人,别人,2,tencent_ai_lab_chinese_embedding_light_mirror_mvp,0.5738152,0.57604396,0.57047206,老婆,对象关系,0.61983937,4,1072
1073,一生,一生,2,tencent_ai_lab_chinese_embedding_light_mirror_mvp,0.57368782,0.59211826,0.54604214,爱情,恋爱核心,0.56088823,4,1073
1074,亲亲的,亲亲的,3,tencent_ai_lab_chinese_embedding_light_mirror_mvp,0.57367728,0.59516597,0.54144424,接吻,亲密行为,0.59290636,4,1074
1075,开心,开心,2,tencent_ai_lab_chinese_embedding_light_mirror_mvp,0.57366036,0.5902341,0.54879975,女朋友,对象关系,0.57873166,4,1075
1076,纯美,纯美,2,tencent_ai_lab_chinese_embedding_light_mirror_mvp,0.57360427,0.58554339,0.55569559,青春,恋爱核心,0.52734709,4,1076
1077,对她说,对她说,3,tencent_ai_lab_chinese_embedding_light_mirror_mvp,0.57359576,0.57596695,0.57003897,老婆,婚恋,0.60775673,4,1077
1078,三任,三任,2,tencent_ai_lab_chinese_embedding_light_mirror_mvp,0.57343855,0.62411237,0.49742782,前任,恋爱历史,0.51888239,4,1078
1079,倒插门,倒插门,3,tencent_ai_lab_chinese_embedding_light_mirror_mvp,0.57335899,0.58144307,0.56123286,老婆,婚恋,0.59669936,4,1079
1080,学霸,学霸,2,tencent_ai_lab_chinese_embedding_light_mirror_mvp,0.57333701,0.59117377,0.54658186,同桌,校园恋爱,0.64937103,4,1080
1081,同年级,同年级,3,tencent_ai_lab_chinese_embedding_light_mirror_mvp,0.57314134,0.598961,0.53441185,同桌,校园恋爱,0.62772298,4,1081
1082,倾慕,倾慕,2,tencent_ai_lab_chinese_embedding_light_mirror_mvp,0.57313379,0.58996195,0.54789156,暗恋,表白与追求,0.62637442,4,1082
1083,孤独,孤独,2,tencent_ai_lab_chinese_embedding_light_mirror_mvp,0.57289922,0.58750165,0.55099559,爱情,恋爱核心,0.5443809,4,1083
1084,遇见,遇见,2,tencent_ai_lab_chinese_embedding_light_mirror_mvp,0.57288072,0.57717109,0.56644517,爱情,表白与追求,0.6076507,4,1084
1085,正当关系,正当关系,4,tencent_ai_lab_chinese_embedding_light_mirror_mvp,0.57283232,0.58205485,0.55899853,前女友,婚恋,0.55918431,4,1085
1086,第一任,第一任,3,tencent_ai_lab_chinese_embedding_light_mirror_mvp,0.57275689,0.62356597,0.49654326,前任,恋爱历史,0.492643,4,1086
1087,打闹,打闹,2,tencent_ai_lab_chinese_embedding_light_mirror_mvp,0.57273133,0.5817163,0.55925387,亲密,亲密行为,0.58207381,4,1087
1088,介绍人,介绍人,3,tencent_ai_lab_chinese_embedding_light_mirror_mvp,0.57249832,0.5771488,0.56552261,男朋友,对象关系,0.57305914,4,1088
1089,人生态度,人生态度,4,tencent_ai_lab_chinese_embedding_light_mirror_mvp,0.57248201,0.59028161,0.54578263,追求,社会比较与人生进度,0.50460804,4,1089
1090,互相,互相,2,tencent_ai_lab_chinese_embedding_light_mirror_mvp,0.57247297,0.58327109,0.55627578,亲密,亲密行为,0.62083322,4,1090
1091,大办,大办,2,tencent_ai_lab_chinese_embedding_light_mirror_mvp,0.5723612,0.59117085,0.54414672,婚礼,婚恋,0.51334047,4,1091
1092,下班后,下班后,3,tencent_ai_lab_chinese_embedding_light_mirror_mvp,0.57234696,0.58240765,0.55725592,散步,约会,0.6376428,4,1092
1093,年轻,年轻,2,tencent_ai_lab_chinese_embedding_light_mirror_mvp,0.57229919,0.58917081,0.54699177,同龄人,社会比较与人生进度,0.69332862,4,1093
1094,知心,知心,2,tencent_ai_lab_chinese_embedding_light_mirror_mvp,0.57229551,0.58417326,0.55447888,恋人,对象关系,0.59740394,4,1094
1095,爱我,爱我,2,tencent_ai_lab_chinese_embedding_light_mirror_mvp,0.57226146,0.57309252,0.57101488,男朋友,恋爱核心,0.58813322,4,1095
1096,老张,老张,2,tencent_ai_lab_chinese_embedding_light_mirror_mvp,0.57207444,0.59322858,0.54034323,老婆,婚恋,0.49119109,4,1096
1097,很爱很爱你,很爱很爱你,5,tencent_ai_lab_chinese_embedding_light_mirror_mvp,0.57199359,0.57784963,0.56320953,爱情,表白与追求,0.5832383,4,1097
1098,打电话,打电话,3,tencent_ai_lab_chinese_embedding_light_mirror_mvp,0.57193499,0.58112204,0.5581544,女朋友,婚恋,0.55434358,4,1098
1099,贤慧,贤慧,2,tencent_ai_lab_chinese_embedding_light_mirror_mvp,0.57188032,0.58358824,0.55431843,丈夫,婚恋,0.56247979,4,1099
1100,性无能,性无能,3,tencent_ai_lab_chinese_embedding_light_mirror_mvp,0.57186545,0.57988578,0.55983496,老婆,恋爱历史,0.56980014,4,1100
1101,铁哥们,铁哥们,3,tencent_ai_lab_chinese_embedding_light_mirror_mvp,0.57180964,0.5790754,0.560911,同桌,对象关系,0.55066341,4,1101
1102,期望,期望,2,tencent_ai_lab_chinese_embedding_light_mirror_mvp,0.57169627,0.60901207,0.51572257,追求,社会比较与人生进度,0.47092837,4,1102
1103,寝室,寝室,2,tencent_ai_lab_chinese_embedding_light_mirror_mvp,0.571684,0.60014176,0.52899736,同桌,校园恋爱,0.60211432,4,1103
1104,依恋,依恋,2,tencent_ai_lab_chinese_embedding_light_mirror_mvp,0.57159528,0.574907,0.56662768,亲密关系,亲密行为,0.59970486,4,1104
1105,老家,老家,2,tencent_ai_lab_chinese_embedding_light_mirror_mvp,0.5715719,0.5783391,0.5614211,妻子,婚恋,0.59636736,4,1105
1106,裤子,裤子,2,tencent_ai_lab_chinese_embedding_light_mirror_mvp,0.57156383,0.62749338,0.4876695,校服,校园恋爱,0.52246612,4,1106
1107,持家,持家,2,tencent_ai_lab_chinese_embedding_light_mirror_mvp,0.57149642,0.57703459,0.56318915,老婆,婚恋,0.57108277,4,1107
1108,辣妹,辣妹,2,tencent_ai_lab_chinese_embedding_light_mirror_mvp,0.57149475,0.57404327,0.56767195,约会,对象关系,0.53746486,4,1108
1109,信仰,信仰,2,tencent_ai_lab_chinese_embedding_light_mirror_mvp,0.57147636,0.59316909,0.53893727,追求,表白与追求,0.49505639,4,1109
1110,偷腥,偷腥,2,tencent_ai_lab_chinese_embedding_light_mirror_mvp,0.57143011,0.58148575,0.55634665,老婆,恋爱历史,0.57608658,4,1110
1111,舍弃,舍弃,2,tencent_ai_lab_chinese_embedding_light_mirror_mvp,0.57120132,0.61733067,0.50200731,追求,表白与追求,0.4549205,4,1111
1112,追星,追星,2,tencent_ai_lab_chinese_embedding_light_mirror_mvp,0.57111354,0.57787991,0.56096399,恋爱,恋爱核心,0.58073479,4,1112
1113,新任,新任,2,tencent_ai_lab_chinese_embedding_light_mirror_mvp,0.57106184,0.65089154,0.45131728,前任,恋爱历史,0.39411014,4,1113
1114,越轨行为,越轨行为,4,tencent_ai_lab_chinese_embedding_light_mirror_mvp,0.57100568,0.59128368,0.54058868,亲密关系,亲密行为,0.52698684,4,1114
1115,游泳,游泳,2,tencent_ai_lab_chinese_embedding_light_mirror_mvp,0.57089468,0.63115644,0.48050204,散步,约会,0.53981131,4,1115
1116,升华,升华,2,tencent_ai_lab_chinese_embedding_light_mirror_mvp,0.57077372,0.59761858,0.53050643,追求,表白与追求,0.52026975,4,1116
1117,许愿,许愿,2,tencent_ai_lab_chinese_embedding_light_mirror_mvp,0.57064931,0.58489156,0.54928595,求婚,表白与追求,0.52494252,4,1117
1118,世俗,世俗,2,tencent_ai_lab_chinese_embedding_light_mirror_mvp,0.5705894,0.58016407,0.55622739,爱情,恋爱核心,0.51540852,4,1118
1119,捉奸,捉奸,2,tencent_ai_lab_chinese_embedding_light_mirror_mvp,0.57049351,0.57559657,0.56283891,前女友,婚恋,0.57722998,4,1119
1120,邀约,邀约,2,tencent_ai_lab_chinese_embedding_light_mirror_mvp,0.57048727,0.6023106,0.52275229,约会,约会,0.54609114,4,1120
1121,牵着,牵着,2,tencent_ai_lab_chinese_embedding_light_mirror_mvp,0.57035352,0.59247905,0.53716522,散步,约会,0.56124115,4,1121
1122,悲伤,悲伤,2,tencent_ai_lab_chinese_embedding_light_mirror_mvp,0.57034409,0.58513796,0.54815328,爱情,恋爱核心,0.57735449,4,1122
1123,有孩,有孩,2,tencent_ai_lab_chinese_embedding_light_mirror_mvp,0.57032623,0.58467698,0.54880011,单身,单身与脱单,0.53699857,4,1123
1124,庆生,庆生,2,tencent_ai_lab_chinese_embedding_light_mirror_mvp,0.57030587,0.58085728,0.55447876,婚礼,婚恋,0.57775134,4,1124
1125,大肚婆,大肚婆,3,tencent_ai_lab_chinese_embedding_light_mirror_mvp,0.57022717,0.58758855,0.5441851,老婆,婚恋,0.50773096,4,1125
1126,懂事,懂事,2,tencent_ai_lab_chinese_embedding_light_mirror_mvp,0.57017064,0.5731343,0.56572515,老公,婚恋,0.56615627,4,1126
1127,自卑,自卑,2,tencent_ai_lab_chinese_embedding_light_mirror_mvp,0.57016431,0.58092803,0.55401874,暗恋,社会比较与人生进度,0.55846727,4,1127
1128,犯贱,犯贱,2,tencent_ai_lab_chinese_embedding_light_mirror_mvp,0.57006813,0.57307857,0.56555247,前男友,恋爱历史,0.60204726,4,1128
1129,圈内人,圈内人,3,tencent_ai_lab_chinese_embedding_light_mirror_mvp,0.57003632,0.59454739,0.5332697,恋情,婚恋,0.51317269,4,1129
1130,选择对象,选择对象,4,tencent_ai_lab_chinese_embedding_light_mirror_mvp,0.56994607,0.59877849,0.52669746,对象,对象关系,0.53453851,4,1130
1131,生母,生母,2,tencent_ai_lab_chinese_embedding_light_mirror_mvp,0.56973026,0.58807683,0.5422104,丈夫,婚恋,0.54111725,4,1131
1132,微博秀,微博秀,3,tencent_ai_lab_chinese_embedding_light_mirror_mvp,0.56970925,0.57299829,0.56477571,恋情,婚恋,0.5503186,4,1132
1133,功利,功利,2,tencent_ai_lab_chinese_embedding_light_mirror_mvp,0.56969315,0.59443504,0.53258032,追求,社会比较与人生进度,0.50966001,4,1133
1134,烂漫,烂漫,2,tencent_ai_lab_chinese_embedding_light_mirror_mvp,0.56954843,0.59154302,0.53655654,青春,恋爱核心,0.50815123,4,1134
1135,温存,温存,2,tencent_ai_lab_chinese_embedding_light_mirror_mvp,0.5695145,0.57417363,0.56252581,恋人,亲密行为,0.62694573,4,1135
1136,人格障碍,人格障碍,4,tencent_ai_lab_chinese_embedding_light_mirror_mvp,0.56950383,0.60919905,0.50996101,亲密关系,对象关系,0.46153435,4,1136
1137,回去,回去,2,tencent_ai_lab_chinese_embedding_light_mirror_mvp,0.56938791,0.5777328,0.55687058,老婆,婚恋,0.56564343,4,1137
1138,生活态度,生活态度,4,tencent_ai_lab_chinese_embedding_light_mirror_mvp,0.56938105,0.59080732,0.53724164,追求,表白与追求,0.50568449,4,1138
1139,性高潮,性高潮,3,tencent_ai_lab_chinese_embedding_light_mirror_mvp,0.56937957,0.58150041,0.5511983,接吻,亲密行为,0.54282057,4,1139
1140,心灵,心灵,2,tencent_ai_lab_chinese_embedding_light_mirror_mvp,0.56935819,0.57852989,0.55560064,爱情,恋爱核心,0.52804226,4,1140
1141,私定,私定,2,tencent_ai_lab_chinese_embedding_light_mirror_mvp,0.56929394,0.59066421,0.53723854,订婚,婚恋,0.53043711,4,1141
1142,倾诉,倾诉,2,tencent_ai_lab_chinese_embedding_light_mirror_mvp,0.56918119,0.57779115,0.55626625,告白,表白与追求,0.58835757,4,1142
1143,心疼,心疼,2,tencent_ai_lab_chinese_embedding_light_mirror_mvp,0.56914214,0.5766961,0.5578112,老婆,婚恋,0.56144828,4,1143
1144,热爱,热爱,2,tencent_ai_lab_chinese_embedding_light_mirror_mvp,0.56909168,0.58670497,0.54267174,追求,社会比较与人生进度,0.53413725,4,1144
1145,友好,友好,2,tencent_ai_lab_chinese_embedding_light_mirror_mvp,0.56906958,0.61090684,0.50631368,亲密,亲密行为,0.55354238,4,1145
1146,善良,善良,2,tencent_ai_lab_chinese_embedding_light_mirror_mvp,0.5688584,0.59316665,0.53239602,爱情,恋爱核心,0.54189897,4,1146
1147,某班,某班,2,tencent_ai_lab_chinese_embedding_light_mirror_mvp,0.56876171,0.61306906,0.50230068,同桌,校园恋爱,0.61973643,4,1147
1148,在乎,在乎,2,tencent_ai_lab_chinese_embedding_light_mirror_mvp,0.56874065,0.595891,0.52801514,追求,对象关系,0.52894819,4,1148
1149,裸照,裸照,2,tencent_ai_lab_chinese_embedding_light_mirror_mvp,0.5686904,0.57879651,0.55353123,前女友,恋爱历史,0.5219816,4,1149
1150,操场上,操场上,3,tencent_ai_lab_chinese_embedding_light_mirror_mvp,0.56862808,0.58357698,0.54620475,同桌,校园恋爱,0.62220335,4,1150
1151,家庭事务,家庭事务,4,tencent_ai_lab_chinese_embedding_light_mirror_mvp,0.56856091,0.57409286,0.56026298,亲密关系,婚恋,0.53791618,4,1151
1152,野餐,野餐,2,tencent_ai_lab_chinese_embedding_light_mirror_mvp,0.56853824,0.58931947,0.53736639,散步,约会,0.63297856,4,1152
1153,得子,得子,2,tencent_ai_lab_chinese_embedding_light_mirror_mvp,0.56849079,0.58621395,0.54190606,结婚,婚恋,0.59860635,4,1153
1154,岁数,岁数,2,tencent_ai_lab_chinese_embedding_light_mirror_mvp,0.56844579,0.61021584,0.50579071,同龄人,社会比较与人生进度,0.49888051,4,1154
1155,忘年,忘年,2,tencent_ai_lab_chinese_embedding_light_mirror_mvp,0.56835625,0.57858515,0.55301291,恋人,恋爱核心,0.59134257,4,1155
1156,浪漫的事,浪漫的事,4,tencent_ai_lab_chinese_embedding_light_mirror_mvp,0.56832553,0.57228833,0.56238133,恋人,恋爱核心,0.5600813,4,1156
1157,庆典,庆典,2,tencent_ai_lab_chinese_embedding_light_mirror_mvp,0.56832074,0.60716969,0.51004732,婚礼,婚恋,0.41471353,4,1157
1158,傍晚,傍晚,2,tencent_ai_lab_chinese_embedding_light_mirror_mvp,0.56822814,0.62703538,0.48001727,散步,约会,0.5416835,4,1158
1159,媒妁之言,媒妁之言,4,tencent_ai_lab_chinese_embedding_light_mirror_mvp,0.56818836,0.57636309,0.55592626,订婚,恋爱核心,0.52371109,4,1159
1160,当初,当初,2,tencent_ai_lab_chinese_embedding_light_mirror_mvp,0.56812433,0.57575434,0.55667931,前任,恋爱历史,0.60147548,4,1160
1161,叛逆,叛逆,2,tencent_ai_lab_chinese_embedding_light_mirror_mvp,0.56808189,0.59463662,0.5282498,早恋,校园恋爱,0.58628738,4,1161
1162,精神世界,精神世界,4,tencent_ai_lab_chinese_embedding_light_mirror_mvp,0.56804539,0.57970816,0.55055124,亲密关系,社会比较与人生进度,0.47501478,4,1162
1163,珍惜,珍惜,2,tencent_ai_lab_chinese_embedding_light_mirror_mvp,0.56804345,0.57832718,0.55261785,爱情,恋爱核心,0.57997197,4,1163
1164,来访者,来访者,3,tencent_ai_lab_chinese_embedding_light_mirror_mvp,0.56801968,0.59870899,0.52198571,亲密关系,对象关系,0.48660827,4,1164
1165,虚荣,虚荣,2,tencent_ai_lab_chinese_embedding_light_mirror_mvp,0.56800164,0.58639473,0.54041201,追求,表白与追求,0.53761125,4,1165
1166,女性,女性,2,tencent_ai_lab_chinese_embedding_light_mirror_mvp,0.56795752,0.58189249,0.54705507,伴侣,对象关系,0.54160196,4,1166
1167,自我意识,自我意识,4,tencent_ai_lab_chinese_embedding_light_mirror_mvp,0.56795141,0.59823734,0.52252251,亲密关系,亲密行为,0.44504386,4,1167
1168,婆媳,婆媳,2,tencent_ai_lab_chinese_embedding_light_mirror_mvp,0.56791086,0.57352293,0.55949277,老公,婚恋,0.56135273,4,1168
1169,爱神,爱神,2,tencent_ai_lab_chinese_embedding_light_mirror_mvp,0.5678823,0.58402288,0.54367143,爱情,恋爱核心,0.54528105,4,1169
1170,后半生,后半生,3,tencent_ai_lab_chinese_embedding_light_mirror_mvp,0.56773546,0.58035028,0.54881322,爱情,恋爱核心,0.53169793,4,1170
1171,佳妮,佳妮,2,tencent_ai_lab_chinese_embedding_light_mirror_mvp,0.56768072,0.57880211,0.55099863,老公,婚恋,0.57826996,4,1171
1172,全家,全家,2,tencent_ai_lab_chinese_embedding_light_mirror_mvp,0.56760805,0.57143855,0.56186229,妻子,婚恋,0.56682825,4,1172
1173,独白,独白,2,tencent_ai_lab_chinese_embedding_light_mirror_mvp,0.56759418,0.58189577,0.5461418,告白,表白与追求,0.58159482,4,1173
1174,一气之下,一气之下,4,tencent_ai_lab_chinese_embedding_light_mirror_mvp,0.56757421,0.56910038,0.56528497,老婆,婚恋,0.54548496,4,1174
1175,外孙子,外孙子,3,tencent_ai_lab_chinese_embedding_light_mirror_mvp,0.56757417,0.57921064,0.55011946,老婆,婚恋,0.53921354,4,1175
1176,执念,执念,2,tencent_ai_lab_chinese_embedding_light_mirror_mvp,0.56751803,0.58042926,0.5481512,追求,表白与追求,0.54680896,4,1176
1177,性欲,性欲,2,tencent_ai_lab_chinese_embedding_light_mirror_mvp,0.56745286,0.57583535,0.55487913,伴侣,恋爱核心,0.528216,4,1177
1178,男星,男星,2,tencent_ai_lab_chinese_embedding_light_mirror_mvp,0.56742747,0.57537162,0.55551124,前女友,恋爱历史,0.55063969,4,1178
1179,隆重,隆重,2,tencent_ai_lab_chinese_embedding_light_mirror_mvp,0.56740533,0.60288531,0.51418537,婚礼,婚恋,0.45127463,4,1179
1180,霸凌,霸凌,2,tencent_ai_lab_chinese_embedding_light_mirror_mvp,0.56727962,0.58818018,0.53592879,早恋,校园恋爱,0.6008569,4,1180
1181,私下,私下,2,tencent_ai_lab_chinese_embedding_light_mirror_mvp,0.56722411,0.58425039,0.54168469,亲密,对象关系,0.54194325,4,1181
1182,体贴入微,体贴入微,4,tencent_ai_lab_chinese_embedding_light_mirror_mvp,0.56714121,0.56846887,0.56514972,恋人,对象关系,0.59457868,4,1182
1183,甜蜜蜜,甜蜜蜜,3,tencent_ai_lab_chinese_embedding_light_mirror_mvp,0.56711576,0.57326865,0.55788642,初恋,恋爱核心,0.5727644,4,1183
1184,海枯石烂,海枯石烂,4,tencent_ai_lab_chinese_embedding_light_mirror_mvp,0.56708815,0.58336449,0.54267365,爱情,恋爱核心,0.55778348,4,1184
1185,年少无知,年少无知,4,tencent_ai_lab_chinese_embedding_light_mirror_mvp,0.56700928,0.57590401,0.55366719,初恋,校园恋爱,0.56024349,4,1185
1186,自慰,自慰,2,tencent_ai_lab_chinese_embedding_light_mirror_mvp,0.56697642,0.59674209,0.5223279,接吻,亲密行为,0.51125741,4,1186
1187,发消息,发消息,3,tencent_ai_lab_chinese_embedding_light_mirror_mvp,0.56697094,0.56833053,0.56493157,男朋友,恋爱历史,0.55584848,4,1187
1188,毛衣,毛衣,2,tencent_ai_lab_chinese_embedding_light_mirror_mvp,0.56690022,0.6282711,0.47484389,校服,校园恋爱,0.47767752,4,1188
1189,出差,出差,2,tencent_ai_lab_chinese_embedding_light_mirror_mvp,0.56689568,0.56824088,0.56487787,老公,约会,0.55560386,4,1189
1190,出车祸,出车祸,3,tencent_ai_lab_chinese_embedding_light_mirror_mvp,0.56683048,0.57126325,0.56018132,前男友,婚恋,0.59183317,4,1190
1191,生活方式,生活方式,4,tencent_ai_lab_chinese_embedding_light_mirror_mvp,0.56674826,0.60150647,0.51461095,追求,社会比较与人生进度,0.49563202,4,1191
1192,想亲,想亲,2,tencent_ai_lab_chinese_embedding_light_mirror_mvp,0.56670308,0.59568369,0.52323216,接吻,亲密行为,0.53131235,4,1192
1193,痴心,痴心,2,tencent_ai_lab_chinese_embedding_light_mirror_mvp,0.56668894,0.57057619,0.56085807,爱情,恋爱核心,0.573484,4,1193
1194,注重,注重,2,tencent_ai_lab_chinese_embedding_light_mirror_mvp,0.56665078,0.62880707,0.47341636,追求,社会比较与人生进度,0.43288228,4,1194
1195,没生,没生,2,tencent_ai_lab_chinese_embedding_light_mirror_mvp,0.56655132,0.57407242,0.55526966,老公,婚恋,0.54965675,4,1195
1196,自私,自私,2,tencent_ai_lab_chinese_embedding_light_mirror_mvp,0.56649699,0.57277191,0.55708462,爱情,恋爱核心,0.53778231,4,1196
1197,牛仔裤,牛仔裤,3,tencent_ai_lab_chinese_embedding_light_mirror_mvp,0.56645167,0.63027871,0.47071111,校服,校园恋爱,0.47541794,4,1197
1198,女强人,女强人,3,tencent_ai_lab_chinese_embedding_light_mirror_mvp,0.56644572,0.57568711,0.55258363,老公,婚恋,0.53840446,4,1198
1199,父子关系,父子关系,4,tencent_ai_lab_chinese_embedding_light_mirror_mvp,0.56637446,0.58197051,0.54298037,亲密关系,婚恋,0.50634885,4,1199
1200,父子俩,父子俩,3,tencent_ai_lab_chinese_embedding_light_mirror_mvp,0.56636527,0.57916796,0.54716122,妻子,婚恋,0.52071083,4,1200
1201,婚纱店,婚纱店,3,tencent_ai_lab_chinese_embedding_light_mirror_mvp,0.56636077,0.58603078,0.53685576,婚礼,婚恋,0.55360866,4,1201
1202,说真的,说真的,3,tencent_ai_lab_chinese_embedding_light_mirror_mvp,0.56630896,0.57921487,0.5469501,女朋友,对象关系,0.54848087,4,1202
1203,家庭中,家庭中,3,tencent_ai_lab_chinese_embedding_light_mirror_mvp,0.56629684,0.57402456,0.55470526,伴侣,对象关系,0.50445223,4,1203
1204,晚饭,晚饭,2,tencent_ai_lab_chinese_embedding_light_mirror_mvp,0.566271,0.59195781,0.52774078,散步,约会,0.62164032,4,1204
1205,缠绵悱恻,缠绵悱恻,4,tencent_ai_lab_chinese_embedding_light_mirror_mvp,0.56626477,0.57267988,0.55664212,爱情,恋爱核心,0.58548659,4,1205
1206,人世间,人世间,3,tencent_ai_lab_chinese_embedding_light_mirror_mvp,0.566216,0.60192209,0.51265687,爱情,恋爱核心,0.50634527,4,1206
1207,阅历,阅历,2,tencent_ai_lab_chinese_embedding_light_mirror_mvp,0.56617311,0.60480291,0.50822842,同龄人,社会比较与人生进度,0.55282998,4,1207
1208,游逛,游逛,2,tencent_ai_lab_chinese_embedding_light_mirror_mvp,0.56614245,0.62314683,0.48063588,散步,约会,0.56615412,4,1208
1209,自尊,自尊,2,tencent_ai_lab_chinese_embedding_light_mirror_mvp,0.56606704,0.58666569,0.53516906,亲密关系,表白与追求,0.50811362,4,1209
1210,思念,思念,2,tencent_ai_lab_chinese_embedding_light_mirror_mvp,0.56600325,0.57862163,0.54707569,恋人,恋爱核心,0.54675269,4,1210
1211,星座,星座,2,tencent_ai_lab_chinese_embedding_light_mirror_mvp,0.56598115,0.56994927,0.56002897,爱情,单身与脱单,0.58731842,4,1211
1212,陈妍希,陈妍希,3,tencent_ai_lab_chinese_embedding_light_mirror_mvp,0.56589555,0.58641082,0.53512263,恋情,恋爱核心,0.54361928,4,1212
1213,自我表现,自我表现,4,tencent_ai_lab_chinese_embedding_light_mirror_mvp,0.56581131,0.59396607,0.52357918,追求,表白与追求,0.49403512,4,1213
1214,河边,河边,2,tencent_ai_lab_chinese_embedding_light_mirror_mvp,0.56575228,0.62721962,0.47355127,散步,约会,0.54417431,4,1214
1215,交心,交心,2,tencent_ai_lab_chinese_embedding_light_mirror_mvp,0.56574144,0.56898582,0.56087488,恋人,亲密行为,0.5852685,4,1215
1216,浪漫主义,浪漫主义,4,tencent_ai_lab_chinese_embedding_light_mirror_mvp,0.56570238,0.58926839,0.53035337,爱情,恋爱核心,0.51190817,4,1216
1217,说媒,说媒,2,tencent_ai_lab_chinese_embedding_light_mirror_mvp,0.56568022,0.58259237,0.54031199,订婚,婚恋,0.53942347,4,1217
1218,悲观主义,悲观主义,4,tencent_ai_lab_chinese_embedding_light_mirror_mvp,0.56567769,0.59341693,0.52406883,爱情,恋爱核心,0.50899225,4,1218
1219,一味,一味,2,tencent_ai_lab_chinese_embedding_light_mirror_mvp,0.56563703,0.62020457,0.48378572,追求,社会比较与人生进度,0.44358319,4,1219
1220,三十岁,三十岁,3,tencent_ai_lab_chinese_embedding_light_mirror_mvp,0.56560295,0.58228493,0.54057997,同龄人,社会比较与人生进度,0.50843793,4,1220
1221,年轻时,年轻时,3,tencent_ai_lab_chinese_embedding_light_mirror_mvp,0.56559796,0.596434,0.51934391,同龄人,社会比较与人生进度,0.60116887,4,1221
1222,女主角,女主角,3,tencent_ai_lab_chinese_embedding_light_mirror_mvp,0.56554644,0.57089424,0.55752474,恋情,恋爱核心,0.60702449,4,1222
1223,媒妁,媒妁,2,tencent_ai_lab_chinese_embedding_light_mirror_mvp,0.56545868,0.58067119,0.54263991,订婚,婚恋,0.50821459,4,1223
1224,大吵大闹,大吵大闹,4,tencent_ai_lab_chinese_embedding_light_mirror_mvp,0.56544397,0.57132149,0.55662769,丈夫,婚恋,0.58923775,4,1224
1225,追女,追女,2,tencent_ai_lab_chinese_embedding_light_mirror_mvp,0.56538515,0.57674086,0.54835159,告白,表白与追求,0.56895882,4,1225
1226,快乐,快乐,2,tencent_ai_lab_chinese_embedding_light_mirror_mvp,0.5652794,0.57832593,0.54570961,爱情,恋爱核心,0.55590367,4,1226
1227,连生,连生,2,tencent_ai_lab_chinese_embedding_light_mirror_mvp,0.56512734,0.56606287,0.56372404,老婆,婚恋,0.5899542,4,1227
1228,偷欢,偷欢,2,tencent_ai_lab_chinese_embedding_light_mirror_mvp,0.56510189,0.57900786,0.54424292,约会,约会,0.56570661,4,1228
1229,狗血,狗血,2,tencent_ai_lab_chinese_embedding_light_mirror_mvp,0.56505127,0.56722462,0.56179124,前女友,恋爱历史,0.60161078,4,1229
1230,老实人,老实人,3,tencent_ai_lab_chinese_embedding_light_mirror_mvp,0.56500756,0.5845142,0.53574759,老婆,对象关系,0.53835344,4,1230
1231,自我中心,自我中心,4,tencent_ai_lab_chinese_embedding_light_mirror_mvp,0.56496894,0.59016263,0.52717841,亲密关系,恋爱核心,0.47969198,4,1231
1232,宋喆,宋喆,2,tencent_ai_lab_chinese_embedding_light_mirror_mvp,0.56480527,0.5761075,0.54785192,前女友,恋爱历史,0.53267813,4,1232
1233,就说,就说,2,tencent_ai_lab_chinese_embedding_light_mirror_mvp,0.56479447,0.57612371,0.5478006,老婆,婚恋,0.52694529,4,1233
1234,父爱,父爱,2,tencent_ai_lab_chinese_embedding_light_mirror_mvp,0.56471281,0.5768714,0.54647493,爱情,恋爱核心,0.58005714,4,1234
1235,怀念,怀念,2,tencent_ai_lab_chinese_embedding_light_mirror_mvp,0.56468217,0.58282864,0.53746247,青春,社会比较与人生进度,0.52985024,4,1235
1236,爱情神话,爱情神话,4,tencent_ai_lab_chinese_embedding_light_mirror_mvp,0.56466912,0.58996886,0.52671951,爱情,恋爱核心,0.56384975,4,1236
1237,真命天子,真命天子,4,tencent_ai_lab_chinese_embedding_light_mirror_mvp,0.56465044,0.5707978,0.5554294,单身,恋爱核心,0.60073829,4,1237
1238,夜店,夜店,2,tencent_ai_lab_chinese_embedding_light_mirror_mvp,0.56457788,0.58544225,0.53328133,约会,约会,0.57543921,4,1238
1239,现实,现实,2,tencent_ai_lab_chinese_embedding_light_mirror_mvp,0.56447332,0.57514417,0.54846704,爱情,恋爱核心,0.53324282,4,1239
1240,初三,初三,2,tencent_ai_lab_chinese_embedding_light_mirror_mvp,0.56442525,0.5796051,0.54165548,同桌,校园恋爱,0.64043713,4,1240
1241,离世,离世,2,tencent_ai_lab_chinese_embedding_light_mirror_mvp,0.56425289,0.58936316,0.52658749,妻子,婚恋,0.53595066,4,1241
1242,缘分,缘分,2,tencent_ai_lab_chinese_embedding_light_mirror_mvp,0.56423705,0.57329941,0.5506435,爱情,恋爱核心,0.60205102,4,1242
1243,难忘,难忘,2,tencent_ai_lab_chinese_embedding_light_mirror_mvp,0.56423023,0.58725297,0.52969611,初恋,社会比较与人生进度,0.50238413,4,1243
1244,欢笑,欢笑,2,tencent_ai_lab_chinese_embedding_light_mirror_mvp,0.56422598,0.58947122,0.52635813,青春,社会比较与人生进度,0.5198338,4,1244
1245,情商,情商,2,tencent_ai_lab_chinese_embedding_light_mirror_mvp,0.56411538,0.59349072,0.52005237,亲密关系,恋爱核心,0.50733882,4,1245
1246,善解人意,善解人意,4,tencent_ai_lab_chinese_embedding_light_mirror_mvp,0.56403372,0.5701381,0.55487716,恋人,对象关系,0.59191883,4,1246
1247,却说,却说,2,tencent_ai_lab_chinese_embedding_light_mirror_mvp,0.56399724,0.57735038,0.54396755,老婆,婚恋,0.56355047,4,1247
1248,见异思迁,见异思迁,4,tencent_ai_lab_chinese_embedding_light_mirror_mvp,0.563957,0.56694865,0.55946952,伴侣,恋爱核心,0.5822739,4,1248
1249,枕边人,枕边人,3,tencent_ai_lab_chinese_embedding_light_mirror_mvp,0.56394155,0.56748331,0.55862892,伴侣,对象关系,0.56287348,4,1249
1250,奔跑,奔跑,2,tencent_ai_lab_chinese_embedding_light_mirror_mvp,0.56394012,0.5852766,0.53193539,散步,社会比较与人生进度,0.53545678,4,1250
1251,初二,初二,2,tencent_ai_lab_chinese_embedding_light_mirror_mvp,0.56385654,0.59089774,0.52329475,同桌,校园恋爱,0.62704062,4,1251
1252,兵哥哥,兵哥哥,3,tencent_ai_lab_chinese_embedding_light_mirror_mvp,0.56379735,0.57214546,0.55127519,女朋友,对象关系,0.56542629,4,1252
1253,同性恋者,同性恋者,4,tencent_ai_lab_chinese_embedding_light_mirror_mvp,0.56372185,0.57535684,0.54626936,伴侣,对象关系,0.57102597,4,1253
1254,校规,校规,2,tencent_ai_lab_chinese_embedding_light_mirror_mvp,0.56368403,0.58111691,0.53753471,早恋,校园恋爱,0.66320801,4,1254
1255,有性,有性,2,tencent_ai_lab_chinese_embedding_light_mirror_mvp,0.56366484,0.57175601,0.5515281,伴侣,亲密行为,0.53658879,4,1255
1256,还生,还生,2,tencent_ai_lab_chinese_embedding_light_mirror_mvp,0.56365862,0.5661695,0.5598923,结婚,婚恋,0.59709156,4,1256
1257,的人,的人,2,tencent_ai_lab_chinese_embedding_light_mirror_mvp,0.56363382,0.57632887,0.54459125,伴侣,对象关系,0.60208786,4,1257
1258,老去,老去,2,tencent_ai_lab_chinese_embedding_light_mirror_mvp,0.56362358,0.59454042,0.51724833,青春,社会比较与人生进度,0.62521636,4,1258
1259,还发,还发,2,tencent_ai_lab_chinese_embedding_light_mirror_mvp,0.56356316,0.57623804,0.54455084,前女友,恋爱历史,0.52400625,4,1259
1260,温情,温情,2,tencent_ai_lab_chinese_embedding_light_mirror_mvp,0.56355361,0.57086498,0.55258656,爱情,亲密行为,0.58848846,4,1260
1261,出道,出道,2,tencent_ai_lab_chinese_embedding_light_mirror_mvp,0.5634496,0.58646965,0.52891952,恋情,社会比较与人生进度,0.5189693,4,1261
1262,走在,走在,2,tencent_ai_lab_chinese_embedding_light_mirror_mvp,0.56344347,0.58326519,0.5337109,牵手,约会,0.51309836,4,1262
1263,愚人节,愚人节,3,tencent_ai_lab_chinese_embedding_light_mirror_mvp,0.56341367,0.590958,0.52209717,告白,表白与追求,0.53158534,4,1263
1264,四岁,四岁,2,tencent_ai_lab_chinese_embedding_light_mirror_mvp,0.56330464,0.60287404,0.50395054,同龄人,社会比较与人生进度,0.50106597,4,1264
1265,看她,看她,2,tencent_ai_lab_chinese_embedding_light_mirror_mvp,0.56325696,0.57030702,0.55268186,老公,婚恋,0.53910351,4,1265
1266,觉得,觉得,2,tencent_ai_lab_chinese_embedding_light_mirror_mvp,0.56312687,0.56861758,0.55489081,女朋友,对象关系,0.60227001,4,1266
1267,夹克,夹克,2,tencent_ai_lab_chinese_embedding_light_mirror_mvp,0.56310911,0.63142323,0.46063793,校服,校园恋爱,0.43436867,4,1267
1268,忧伤,忧伤,2,tencent_ai_lab_chinese_embedding_light_mirror_mvp,0.56310574,0.57082266,0.55153036,爱情,恋爱核心,0.5330714,4,1268
1269,上衣,上衣,2,tencent_ai_lab_chinese_embedding_light_mirror_mvp,0.56306959,0.63967896,0.44815555,校服,校园恋爱,0.47234821,4,1269
1270,棉服,棉服,2,tencent_ai_lab_chinese_embedding_light_mirror_mvp,0.56298681,0.64242029,0.4438366,校服,校园恋爱,0.43994802,4,1270
1271,有房,有房,2,tencent_ai_lab_chinese_embedding_light_mirror_mvp,0.56291652,0.57856619,0.539442,单身,单身与脱单,0.5557937,4,1271
1272,农妇,农妇,2,tencent_ai_lab_chinese_embedding_light_mirror_mvp,0.56290574,0.58133256,0.53526551,丈夫,婚恋,0.46693769,4,1272
1273,没出息,没出息,3,tencent_ai_lab_chinese_embedding_light_mirror_mvp,0.56282041,0.58579779,0.52835435,老婆,婚恋,0.49242115,4,1273
1274,我爹,我爹,2,tencent_ai_lab_chinese_embedding_light_mirror_mvp,0.56280041,0.59094489,0.52058369,老婆,婚恋,0.48869377,4,1274
1275,新鲜感,新鲜感,3,tencent_ai_lab_chinese_embedding_light_mirror_mvp,0.56274426,0.5744307,0.54521459,爱情,恋爱核心,0.59159863,4,1275
1276,删博,删博,2,tencent_ai_lab_chinese_embedding_light_mirror_mvp,0.5626375,0.57562244,0.54316008,前女友,恋爱历史,0.52628076,4,1276
1277,信任,信任,2,tencent_ai_lab_chinese_embedding_light_mirror_mvp,0.56263235,0.58000684,0.53657061,亲密关系,亲密行为,0.53407282,4,1277
1278,不删,不删,2,tencent_ai_lab_chinese_embedding_light_mirror_mvp,0.56256912,0.58153045,0.53412712,前女友,恋爱历史,0.56704485,4,1278
1279,情义,情义,2,tencent_ai_lab_chinese_embedding_light_mirror_mvp,0.56255302,0.57857513,0.53851986,爱情,恋爱核心,0.55368334,4,1279
1280,中学生,中学生,3,tencent_ai_lab_chinese_embedding_light_mirror_mvp,0.56252425,0.56775463,0.55467868,校服,校园恋爱,0.65737683,4,1280
1281,交际,交际,2,tencent_ai_lab_chinese_embedding_light_mirror_mvp,0.56244195,0.57340252,0.54600108,亲密关系,约会,0.53726375,4,1281
1282,亲生父母,亲生父母,4,tencent_ai_lab_chinese_embedding_light_mirror_mvp,0.56242561,0.56876194,0.55292112,丈夫,婚恋,0.57802272,4,1282
1283,性交,性交,2,tencent_ai_lab_chinese_embedding_light_mirror_mvp,0.56241908,0.59973812,0.50644052,接吻,亲密行为,0.51624042,4,1283
1284,夜跑,夜跑,2,tencent_ai_lab_chinese_embedding_light_mirror_mvp,0.56241543,0.60971272,0.4914695,散步,约会,0.5753845,4,1284
1285,抚养,抚养,2,tencent_ai_lab_chinese_embedding_light_mirror_mvp,0.56235771,0.57185495,0.54811186,丈夫,婚恋,0.54676747,4,1285
1286,合影,合影,2,tencent_ai_lab_chinese_embedding_light_mirror_mvp,0.56224113,0.57959104,0.53621626,亲密,亲密行为,0.57914144,4,1286
1287,爱前,爱前,2,tencent_ai_lab_chinese_embedding_light_mirror_mvp,0.56223561,0.57396156,0.54464668,前女友,恋爱历史,0.59654546,4,1287
1288,见过面,见过面,3,tencent_ai_lab_chinese_embedding_light_mirror_mvp,0.56222486,0.58257782,0.53169543,订婚,亲密行为,0.53190565,4,1288
1289,课间操,课间操,3,tencent_ai_lab_chinese_embedding_light_mirror_mvp,0.56206419,0.57877374,0.53699988,同桌,校园恋爱,0.66254818,4,1289
1290,迷彩服,迷彩服,3,tencent_ai_lab_chinese_embedding_light_mirror_mvp,0.56200939,0.64311069,0.44035745,校服,校园恋爱,0.46818367,4,1290
1291,若即若离,若即若离,4,tencent_ai_lab_chinese_embedding_light_mirror_mvp,0.56194768,0.57098126,0.5483973,恋人,恋爱核心,0.5836848,4,1291
1292,冷暴力,冷暴力,3,tencent_ai_lab_chinese_embedding_light_mirror_mvp,0.56173464,0.56404907,0.558263,前男友,恋爱历史,0.60695958,4,1292
1293,坦白,坦白,2,tencent_ai_lab_chinese_embedding_light_mirror_mvp,0.56172208,0.56738871,0.55322212,求婚,表白与追求,0.5892598,4,1293
1294,女家,女家,2,tencent_ai_lab_chinese_embedding_light_mirror_mvp,0.56169708,0.58224499,0.53087521,订婚,婚恋,0.55738056,4,1294
1295,小李,小李,2,tencent_ai_lab_chinese_embedding_light_mirror_mvp,0.56169229,0.56336653,0.55918092,女朋友,婚恋,0.5388636,4,1295
1296,情意,情意,2,tencent_ai_lab_chinese_embedding_light_mirror_mvp,0.56152744,0.57330954,0.5438543,恋人,恋爱核心,0.57136309,4,1296
1297,百年好合,百年好合,4,tencent_ai_lab_chinese_embedding_light_mirror_mvp,0.56150173,0.56400031,0.55775386,婚礼,婚恋,0.54684323,4,1297
1298,嫁错,嫁错,2,tencent_ai_lab_chinese_embedding_light_mirror_mvp,0.56131729,0.56887907,0.54997462,结婚,婚恋,0.56053638,4,1298
1299,人与人之间,人与人之间,5,tencent_ai_lab_chinese_embedding_light_mirror_mvp,0.56113458,0.57063425,0.54688507,亲密关系,亲密行为,0.53989303,4,1299
1300,要生,要生,2,tencent_ai_lab_chinese_embedding_light_mirror_mvp,0.56112933,0.56309819,0.55817604,结婚,婚恋,0.58993977,4,1300
1301,乖乖女,乖乖女,3,tencent_ai_lab_chinese_embedding_light_mirror_mvp,0.56108184,0.57342601,0.54256558,男朋友,校园恋爱,0.58659875,4,1301
1302,探班,探班,2,tencent_ai_lab_chinese_embedding_light_mirror_mvp,0.56105955,0.57325697,0.54276341,约会,婚恋,0.55269194,4,1302
1303,举行仪式,举行仪式,4,tencent_ai_lab_chinese_embedding_light_mirror_mvp,0.56101613,0.57259738,0.54364425,婚礼,婚恋,0.48193949,4,1303
1304,同年龄,同年龄,3,tencent_ai_lab_chinese_embedding_light_mirror_mvp,0.56096863,0.62365675,0.46693644,同龄人,社会比较与人生进度,0.52968705,4,1304
1305,乱搞,乱搞,2,tencent_ai_lab_chinese_embedding_light_mirror_mvp,0.56094507,0.57478493,0.54018527,老婆,婚恋,0.50020552,4,1305
1306,午宴,午宴,2,tencent_ai_lab_chinese_embedding_light_mirror_mvp,0.56091189,0.59654939,0.50745565,婚礼,约会,0.45941466,4,1306
1307,少女情怀总是诗,少女情怀总是诗,7,tencent_ai_lab_chinese_embedding_light_mirror_mvp,0.56090168,0.56956965,0.54789972,初恋,恋爱核心,0.5614512,4,1307
1308,羞涩,羞涩,2,tencent_ai_lab_chinese_embedding_light_mirror_mvp,0.56087912,0.56618088,0.55292648,暗恋,表白与追求,0.5817076,4,1308
1309,绿帽子,绿帽子,3,tencent_ai_lab_chinese_embedding_light_mirror_mvp,0.56087074,0.57321942,0.54234773,老婆,婚恋,0.55165386,4,1309
1310,柔情,柔情,2,tencent_ai_lab_chinese_embedding_light_mirror_mvp,0.56086779,0.57438719,0.54058868,爱情,恋爱核心,0.53898954,4,1310
1311,英语课,英语课,3,tencent_ai_lab_chinese_embedding_light_mirror_mvp,0.56072904,0.60061997,0.50089264,同桌,校园恋爱,0.61245549,4,1311
1312,进产房,进产房,3,tencent_ai_lab_chinese_embedding_light_mirror_mvp,0.56072001,0.57936919,0.53274626,老公,婚恋,0.5712235,4,1312
1313,度假,度假,2,tencent_ai_lab_chinese_embedding_light_mirror_mvp,0.56065795,0.57294118,0.54223311,约会,约会,0.58772075,4,1313
1314,一辈,一辈,2,tencent_ai_lab_chinese_embedding_light_mirror_mvp,0.56064075,0.6284743,0.45889044,同龄人,社会比较与人生进度,0.53106618,4,1314
1315,亲友们,亲友们,3,tencent_ai_lab_chinese_embedding_light_mirror_mvp,0.56058354,0.56542706,0.55331826,婚礼,婚恋,0.60976315,4,1315
1316,家中,家中,2,tencent_ai_lab_chinese_embedding_light_mirror_mvp,0.56056457,0.57576394,0.5377655,妻子,婚恋,0.5303241,4,1316
1317,玩闹,玩闹,2,tencent_ai_lab_chinese_embedding_light_mirror_mvp,0.56051748,0.57591987,0.5374139,亲密,亲密行为,0.55798656,4,1317
1318,走着,走着,2,tencent_ai_lab_chinese_embedding_light_mirror_mvp,0.56041858,0.60693634,0.49064195,散步,约会,0.53654212,4,1318
1319,家宴,家宴,2,tencent_ai_lab_chinese_embedding_light_mirror_mvp,0.56041844,0.5972923,0.50510764,婚礼,婚恋,0.47195634,4,1319
1320,要房,要房,2,tencent_ai_lab_chinese_embedding_light_mirror_mvp,0.56038897,0.5795877,0.53159088,结婚,婚恋,0.54783219,4,1320
1321,离别,离别,2,tencent_ai_lab_chinese_embedding_light_mirror_mvp,0.56036036,0.56096697,0.55945045,初恋,恋爱核心,0.5791356,4,1321
1322,谈心,谈心,2,tencent_ai_lab_chinese_embedding_light_mirror_mvp,0.56018953,0.56781805,0.54874676,约会,约会,0.62670839,4,1322
1323,穿上,穿上,2,tencent_ai_lab_chinese_embedding_light_mirror_mvp,0.56017835,0.61269391,0.48140502,校服,社会比较与人生进度,0.45948297,4,1323
1324,羞耻感,羞耻感,3,tencent_ai_lab_chinese_embedding_light_mirror_mvp,0.56016493,0.59292853,0.51101953,亲密关系,亲密行为,0.52408946,4,1324
1325,法定年龄,法定年龄,4,tencent_ai_lab_chinese_embedding_light_mirror_mvp,0.56015301,0.58296299,0.52593803,结婚,婚恋,0.46908596,4,1325
1326,奋斗,奋斗,2,tencent_ai_lab_chinese_embedding_light_mirror_mvp,0.5599292,0.57076716,0.54367226,青春,社会比较与人生进度,0.58957565,4,1326
1327,实用主义,实用主义,4,tencent_ai_lab_chinese_embedding_light_mirror_mvp,0.55992154,0.61247766,0.48108736,追求,社会比较与人生进度,0.41168088,4,1327
1328,观礼,观礼,2,tencent_ai_lab_chinese_embedding_light_mirror_mvp,0.55986557,0.59424555,0.5082956,婚礼,婚恋,0.38409767,4,1328
1329,内在,内在,2,tencent_ai_lab_chinese_embedding_light_mirror_mvp,0.55980679,0.57134753,0.54249567,追求,社会比较与人生进度,0.46025324,4,1329
1330,花天酒地,花天酒地,4,tencent_ai_lab_chinese_embedding_light_mirror_mvp,0.55980067,0.57400584,0.53849292,老婆,婚恋,0.53546822,4,1330
1331,说不出口,说不出口,4,tencent_ai_lab_chinese_embedding_light_mirror_mvp,0.55961342,0.56298327,0.55455863,表白,表白与追求,0.57419276,4,1331
1332,蹉跎,蹉跎,2,tencent_ai_lab_chinese_embedding_light_mirror_mvp,0.55945461,0.58467317,0.52162677,青春,社会比较与人生进度,0.576231,4,1332
1333,步行,步行,2,tencent_ai_lab_chinese_embedding_light_mirror_mvp,0.55941269,0.63557094,0.44517532,散步,约会,0.52354681,4,1333
1334,小表弟,小表弟,3,tencent_ai_lab_chinese_embedding_light_mirror_mvp,0.55934569,0.57180768,0.54065269,女朋友,婚恋,0.49532732,4,1334
1335,二哥,二哥,2,tencent_ai_lab_chinese_embedding_light_mirror_mvp,0.55934005,0.57537246,0.53529143,老婆,婚恋,0.52240264,4,1335
1336,行走,行走,2,tencent_ai_lab_chinese_embedding_light_mirror_mvp,0.5593291,0.6100651,0.48322511,散步,约会,0.47194153,4,1336
1337,高磊鑫,高磊鑫,3,tencent_ai_lab_chinese_embedding_light_mirror_mvp,0.5593102,0.56846297,0.54558104,前女友,恋爱历史,0.54151964,4,1337
1338,无理取闹,无理取闹,4,tencent_ai_lab_chinese_embedding_light_mirror_mvp,0.55917218,0.56903267,0.54438144,男朋友,对象关系,0.5799191,4,1338
1339,问我,问我,2,tencent_ai_lab_chinese_embedding_light_mirror_mvp,0.55911586,0.57129812,0.54084247,女朋友,对象关系,0.49972552,4,1339
1340,网友,网友,2,tencent_ai_lab_chinese_embedding_light_mirror_mvp,0.55909239,0.56267649,0.55371624,前女友,对象关系,0.53957242,4,1340
1341,娃生,娃生,2,tencent_ai_lab_chinese_embedding_light_mirror_mvp,0.55902936,0.56958902,0.54318988,老公,婚恋,0.53330064,4,1341
1342,朋友家,朋友家,3,tencent_ai_lab_chinese_embedding_light_mirror_mvp,0.55896244,0.56080496,0.55619866,女朋友,婚恋,0.54205465,4,1342
1343,了吧,了吧,2,tencent_ai_lab_chinese_embedding_light_mirror_mvp,0.55886682,0.56976193,0.54252416,女朋友,对象关系,0.55487084,4,1343
1344,泡吧,泡吧,2,tencent_ai_lab_chinese_embedding_light_mirror_mvp,0.55885683,0.57853395,0.52934116,约会,约会,0.60854053,4,1344
1345,让他,让他,2,tencent_ai_lab_chinese_embedding_light_mirror_mvp,0.55885123,0.56781274,0.54540896,妻子,婚恋,0.51202172,4,1345
1346,其他人,其他人,3,tencent_ai_lab_chinese_embedding_light_mirror_mvp,0.55882502,0.57045734,0.54137653,同龄人,对象关系,0.5828917,4,1346
1347,所以,所以,2,tencent_ai_lab_chinese_embedding_light_mirror_mvp,0.558768,0.57706553,0.5313217,追求,对象关系,0.54632896,4,1347
1348,重逢,重逢,2,tencent_ai_lab_chinese_embedding_light_mirror_mvp,0.55871845,0.5647921,0.54960799,拥抱,亲密行为,0.56959224,4,1348
1349,恋母,恋母,2,tencent_ai_lab_chinese_embedding_light_mirror_mvp,0.55864213,0.5722568,0.53822011,亲密关系,恋爱核心,0.54136884,4,1349
1350,操场,操场,2,tencent_ai_lab_chinese_embedding_light_mirror_mvp,0.5586418,0.56238979,0.55301982,散步,校园恋爱,0.60290694,4,1350
1351,回心转意,回心转意,4,tencent_ai_lab_chinese_embedding_light_mirror_mvp,0.55858554,0.57313222,0.53676552,前任,恋爱历史,0.57005024,4,1351
1352,拍戏,拍戏,2,tencent_ai_lab_chinese_embedding_light_mirror_mvp,0.55856135,0.56756973,0.54504877,老公,婚恋,0.55730838,4,1352
1353,第三胎,第三胎,3,tencent_ai_lab_chinese_embedding_light_mirror_mvp,0.55854473,0.56542277,0.54822767,结婚,婚恋,0.60863185,4,1353
1354,患难与共,患难与共,4,tencent_ai_lab_chinese_embedding_light_mirror_mvp,0.55848517,0.56295693,0.55177754,亲密,亲密行为,0.57462823,4,1354
1355,学校,学校,2,tencent_ai_lab_chinese_embedding_light_mirror_mvp,0.5584614,0.57820249,0.52884978,校服,校园恋爱,0.65249246,4,1355
1356,仇人,仇人,2,tencent_ai_lab_chinese_embedding_light_mirror_mvp,0.55842111,0.57018507,0.54077518,恋人,恋爱历史,0.5820418,4,1356
1357,短袖,短袖,2,tencent_ai_lab_chinese_embedding_light_mirror_mvp,0.55838389,0.62672025,0.45587936,校服,校园恋爱,0.46891853,4,1357
1358,筹办,筹办,2,tencent_ai_lab_chinese_embedding_light_mirror_mvp,0.55834186,0.58645272,0.51617557,婚礼,婚恋,0.51135886,4,1358
1359,正当年,正当年,3,tencent_ai_lab_chinese_embedding_light_mirror_mvp,0.5583281,0.58336031,0.52077979,同龄人,社会比较与人生进度,0.6112569,4,1359
1360,年轻人,年轻人,3,tencent_ai_lab_chinese_embedding_light_mirror_mvp,0.55831741,0.58596045,0.51685286,同龄人,社会比较与人生进度,0.64060271,4,1360
1361,要是,要是,2,tencent_ai_lab_chinese_embedding_light_mirror_mvp,0.55828633,0.56845295,0.5430364,老婆,对象关系,0.53510487,4,1361
1362,钟情,钟情,2,tencent_ai_lab_chinese_embedding_light_mirror_mvp,0.55826455,0.5658167,0.54693633,追求,表白与追求,0.58941799,4,1362
1363,过分,过分,2,tencent_ai_lab_chinese_embedding_light_mirror_mvp,0.55823584,0.57967675,0.52607447,追求,社会比较与人生进度,0.51743996,4,1363
1364,公园,公园,2,tencent_ai_lab_chinese_embedding_light_mirror_mvp,0.55823008,0.6168853,0.47024724,散步,约会,0.53776544,4,1364
1365,消极情绪,消极情绪,4,tencent_ai_lab_chinese_embedding_light_mirror_mvp,0.55822558,0.59244668,0.50689393,亲密关系,恋爱核心,0.45536578,4,1365
1366,考研,考研,2,tencent_ai_lab_chinese_embedding_light_mirror_mvp,0.55817745,0.57891035,0.52707809,脱单,单身与脱单,0.57714581,4,1366
1367,那种,那种,2,tencent_ai_lab_chinese_embedding_light_mirror_mvp,0.55815806,0.57895911,0.5269565,追求,表白与追求,0.55799305,4,1367
1368,行房,行房,2,tencent_ai_lab_chinese_embedding_light_mirror_mvp,0.55811884,0.57837915,0.52772838,接吻,亲密行为,0.52357078,4,1368
1369,羽绒服,羽绒服,3,tencent_ai_lab_chinese_embedding_light_mirror_mvp,0.55810862,0.62877101,0.45211503,校服,校园恋爱,0.44814497,4,1369
1370,男士们,男士们,3,tencent_ai_lab_chinese_embedding_light_mirror_mvp,0.55807967,0.56471336,0.54812914,约会,对象关系,0.58145612,4,1370
1371,性快感,性快感,3,tencent_ai_lab_chinese_embedding_light_mirror_mvp,0.55805222,0.57076508,0.53898293,亲密关系,亲密行为,0.4993155,4,1371
1372,上学,上学,2,tencent_ai_lab_chinese_embedding_light_mirror_mvp,0.55793617,0.56642246,0.54520673,早恋,校园恋爱,0.65350014,4,1372
1373,没想到,没想到,3,tencent_ai_lab_chinese_embedding_light_mirror_mvp,0.55792866,0.56377614,0.54915744,老婆,婚恋,0.56064832,4,1373
1374,团支书,团支书,3,tencent_ai_lab_chinese_embedding_light_mirror_mvp,0.55778689,0.57697129,0.5290103,同桌,校园恋爱,0.54349256,4,1374
1375,感动,感动,2,tencent_ai_lab_chinese_embedding_light_mirror_mvp,0.55776633,0.56639129,0.54482889,告白,表白与追求,0.58105344,4,1375
1376,十七岁,十七岁,3,tencent_ai_lab_chinese_embedding_light_mirror_mvp,0.55774364,0.58096826,0.52290672,同龄人,社会比较与人生进度,0.54207367,4,1376
1377,中山装,中山装,3,tencent_ai_lab_chinese_embedding_light_mirror_mvp,0.55766954,0.64026737,0.4337728,校服,校园恋爱,0.49022424,4,1377
1378,许配,许配,2,tencent_ai_lab_chinese_embedding_light_mirror_mvp,0.55765285,0.58429539,0.51768905,订婚,婚恋,0.51067173,4,1378
1379,父子,父子,2,tencent_ai_lab_chinese_embedding_light_mirror_mvp,0.55757728,0.58092964,0.52254874,妻子,婚恋,0.50695056,4,1379
1380,重来,重来,2,tencent_ai_lab_chinese_embedding_light_mirror_mvp,0.55756432,0.59748793,0.49767891,青春,社会比较与人生进度,0.51106298,4,1380
1381,挣钱,挣钱,2,tencent_ai_lab_chinese_embedding_light_mirror_mvp,0.55750378,0.56822473,0.54142237,老婆,婚恋,0.53403342,4,1381
1382,鼓足勇气,鼓足勇气,4,tencent_ai_lab_chinese_embedding_light_mirror_mvp,0.55747764,0.56817698,0.54142863,告白,表白与追求,0.58176351,4,1382
1383,不结,不结,2,tencent_ai_lab_chinese_embedding_light_mirror_mvp,0.55746838,0.57448715,0.53194022,结婚,婚恋,0.51644015,4,1383
1384,大衣,大衣,2,tencent_ai_lab_chinese_embedding_light_mirror_mvp,0.55744673,0.61449397,0.47187588,校服,校园恋爱,0.43599334,4,1384
1385,俊哥,俊哥,2,tencent_ai_lab_chinese_embedding_light_mirror_mvp,0.55743794,0.56335413,0.54856366,老婆,婚恋,0.51035172,4,1385
1386,期许,期许,2,tencent_ai_lab_chinese_embedding_light_mirror_mvp,0.55742884,0.57867754,0.52555579,追求,表白与追求,0.5417701,4,1386
1387,男艺人,男艺人,3,tencent_ai_lab_chinese_embedding_light_mirror_mvp,0.55738997,0.56410301,0.54732043,前女友,恋爱历史,0.53085625,4,1387
1388,心理疾病,心理疾病,4,tencent_ai_lab_chinese_embedding_light_mirror_mvp,0.55737833,0.58768505,0.51191825,亲密关系,对象关系,0.46072653,4,1388
1389,宿舍,宿舍,2,tencent_ai_lab_chinese_embedding_light_mirror_mvp,0.55735224,0.57219678,0.53508544,同桌,校园恋爱,0.5997082,4,1389
1390,过世,过世,2,tencent_ai_lab_chinese_embedding_light_mirror_mvp,0.55717478,0.5733906,0.53285104,妻子,婚恋,0.55060327,4,1390
1391,荏苒,荏苒,2,tencent_ai_lab_chinese_embedding_light_mirror_mvp,0.55715218,0.59892839,0.49448785,青春,社会比较与人生进度,0.49606317,4,1391
1392,泡妞,泡妞,2,tencent_ai_lab_chinese_embedding_light_mirror_mvp,0.55715026,0.56368428,0.54734921,约会,约会,0.55584407,4,1392
1393,我家,我家,2,tencent_ai_lab_chinese_embedding_light_mirror_mvp,0.55704119,0.5699904,0.53761739,老婆,婚恋,0.5141843,4,1393
1394,咖啡厅,咖啡厅,3,tencent_ai_lab_chinese_embedding_light_mirror_mvp,0.55699158,0.57958853,0.52309614,约会,约会,0.61616933,4,1394
1395,男同胞,男同胞,3,tencent_ai_lab_chinese_embedding_light_mirror_mvp,0.55695474,0.56009042,0.55225122,男朋友,对象关系,0.59066266,4,1395
1396,开玩笑,开玩笑,3,tencent_ai_lab_chinese_embedding_light_mirror_mvp,0.55693592,0.56977803,0.53767276,女朋友,对象关系,0.52835178,4,1396
1397,单纯,单纯,2,tencent_ai_lab_chinese_embedding_light_mirror_mvp,0.55693345,0.58698404,0.51185757,追求,社会比较与人生进度,0.53580201,4,1397
1398,服装,服装,2,tencent_ai_lab_chinese_embedding_light_mirror_mvp,0.55672059,0.60608596,0.48267254,校服,社会比较与人生进度,0.41299671,4,1398
1399,单位领导,单位领导,4,tencent_ai_lab_chinese_embedding_light_mirror_mvp,0.55667125,0.56872958,0.53858376,老公,婚恋,0.53061527,4,1399
1400,长辈,长辈,2,tencent_ai_lab_chinese_embedding_light_mirror_mvp,0.55665853,0.5611527,0.54991728,伴侣,对象关系,0.59312856,4,1400
1401,流言蜚语,流言蜚语,4,tencent_ai_lab_chinese_embedding_light_mirror_mvp,0.55665834,0.5761292,0.52745205,恋情,恋爱核心,0.55483717,4,1401
1402,怀旧,怀旧,2,tencent_ai_lab_chinese_embedding_light_mirror_mvp,0.55663723,0.57884473,0.52332598,青春,社会比较与人生进度,0.51403141,4,1402
1403,婚配,婚配,2,tencent_ai_lab_chinese_embedding_light_mirror_mvp,0.55656831,0.55961823,0.55199343,伴侣,单身与脱单,0.52431083,4,1403
1404,一家老小,一家老小,4,tencent_ai_lab_chinese_embedding_light_mirror_mvp,0.55650045,0.55962878,0.55180794,妻子,婚恋,0.5342173,4,1404
1405,养子,养子,2,tencent_ai_lab_chinese_embedding_light_mirror_mvp,0.55645455,0.57305092,0.53156,妻子,婚恋,0.51381069,4,1405
1406,粉丝,粉丝,2,tencent_ai_lab_chinese_embedding_light_mirror_mvp,0.55640336,0.5635168,0.54573321,前女友,对象关系,0.54470146,4,1406
1407,曝出,曝出,2,tencent_ai_lab_chinese_embedding_light_mirror_mvp,0.55638373,0.57083499,0.53470683,恋情,恋爱历史,0.51121002,4,1407
1408,剧外,剧外,2,tencent_ai_lab_chinese_embedding_light_mirror_mvp,0.55624335,0.56600356,0.54160303,恋情,恋爱核心,0.57589126,4,1408
1409,年龄段,年龄段,3,tencent_ai_lab_chinese_embedding_light_mirror_mvp,0.55622054,0.60717881,0.47978315,同龄人,社会比较与人生进度,0.56320262,4,1409
1410,辍学,辍学,2,tencent_ai_lab_chinese_embedding_light_mirror_mvp,0.55621586,0.57100022,0.53403932,早恋,校园恋爱,0.54584593,4,1410
1411,三岁,三岁,2,tencent_ai_lab_chinese_embedding_light_mirror_mvp,0.55596647,0.58631778,0.51043952,同龄人,婚恋,0.51321924,4,1411
1412,再见面,再见面,3,tencent_ai_lab_chinese_embedding_light_mirror_mvp,0.55590343,0.55890119,0.5514068,初恋,恋爱核心,0.57465827,4,1412
1413,明媚,明媚,2,tencent_ai_lab_chinese_embedding_light_mirror_mvp,0.55582844,0.58644301,0.50990659,青春,社会比较与人生进度,0.46916956,4,1413
1414,滥交,滥交,2,tencent_ai_lab_chinese_embedding_light_mirror_mvp,0.55582757,0.55944645,0.55039924,恋爱,对象关系,0.55141544,4,1414
1415,性格内向,性格内向,4,tencent_ai_lab_chinese_embedding_light_mirror_mvp,0.55578012,0.56876862,0.53629738,同龄人,对象关系,0.50568217,4,1415
1416,奔四,奔四,2,tencent_ai_lab_chinese_embedding_light_mirror_mvp,0.55575255,0.56365043,0.54390574,单身,社会比较与人生进度,0.53211057,4,1416
1417,逐梦,逐梦,2,tencent_ai_lab_chinese_embedding_light_mirror_mvp,0.55573395,0.59941351,0.49021462,青春,社会比较与人生进度,0.48317528,4,1417
1418,征婚,征婚,2,tencent_ai_lab_chinese_embedding_light_mirror_mvp,0.5557013,0.56109655,0.54760844,单身,单身与脱单,0.59112287,4,1418
1419,体育老师,体育老师,4,tencent_ai_lab_chinese_embedding_light_mirror_mvp,0.55563161,0.58146071,0.51688796,同桌,校园恋爱,0.63773412,4,1419
1420,打工,打工,2,tencent_ai_lab_chinese_embedding_light_mirror_mvp,0.55561973,0.56152087,0.54676801,丈夫,婚恋,0.55248833,4,1420
1421,装扮,装扮,2,tencent_ai_lab_chinese_embedding_light_mirror_mvp,0.5555501,0.58692181,0.50849253,校服,约会,0.46231675,4,1421
1422,矢志不渝,矢志不渝,4,tencent_ai_lab_chinese_embedding_light_mirror_mvp,0.55553293,0.57319367,0.52904183,追求,表白与追求,0.52319676,4,1422
1423,社交活动,社交活动,4,tencent_ai_lab_chinese_embedding_light_mirror_mvp,0.55546598,0.56099796,0.54716802,约会,约会,0.55618304,4,1423
1424,说别,说别,2,tencent_ai_lab_chinese_embedding_light_mirror_mvp,0.5554009,0.56026983,0.54809749,老婆,婚恋,0.52172673,4,1424
1425,动人,动人,2,tencent_ai_lab_chinese_embedding_light_mirror_mvp,0.55538597,0.5816083,0.51605248,青春,社会比较与人生进度,0.52293646,4,1425
1426,诉求,诉求,2,tencent_ai_lab_chinese_embedding_light_mirror_mvp,0.55538195,0.59510219,0.4958016,追求,对象关系,0.38058674,4,1426
1427,小伙,小伙,2,tencent_ai_lab_chinese_embedding_light_mirror_mvp,0.55535054,0.56813562,0.53617293,女朋友,婚恋,0.51205355,4,1427
1428,杀妻,杀妻,2,tencent_ai_lab_chinese_embedding_light_mirror_mvp,0.5553146,0.5820089,0.51527315,妻子,婚恋,0.51341164,4,1428
1429,认同,认同,2,tencent_ai_lab_chinese_embedding_light_mirror_mvp,0.5552614,0.57255721,0.52931768,追求,亲密行为,0.49550909,4,1429
1430,挽留,挽留,2,tencent_ai_lab_chinese_embedding_light_mirror_mvp,0.55523465,0.57703388,0.5225358,前任,表白与追求,0.5345872,4,1430
1431,男性,男性,2,tencent_ai_lab_chinese_embedding_light_mirror_mvp,0.55521239,0.57159466,0.53063899,伴侣,对象关系,0.55974656,4,1431
1432,内弟,内弟,2,tencent_ai_lab_chinese_embedding_light_mirror_mvp,0.55506531,0.5713219,0.53068042,妻子,婚恋,0.50183177,4,1432
1433,那种心跳的感觉,那种心跳的感觉,7,tencent_ai_lab_chinese_embedding_light_mirror_mvp,0.55505564,0.57979298,0.51794964,初恋,恋爱核心,0.53837734,4,1433
1434,高调,高调,2,tencent_ai_lab_chinese_embedding_light_mirror_mvp,0.55504667,0.56490999,0.54025167,牵手,婚恋,0.52708685,4,1434
1435,相携,相携,2,tencent_ai_lab_chinese_embedding_light_mirror_mvp,0.55499523,0.58083153,0.51624078,牵手,亲密行为,0.537588,4,1435
1436,同房,同房,2,tencent_ai_lab_chinese_embedding_light_mirror_mvp,0.55499119,0.56442314,0.54084325,结婚,婚恋,0.58122188,4,1436
1437,亲个,亲个,2,tencent_ai_lab_chinese_embedding_light_mirror_mvp,0.55495183,0.59302413,0.49784338,接吻,亲密行为,0.54255426,4,1437
1438,相互尊重,相互尊重,4,tencent_ai_lab_chinese_embedding_light_mirror_mvp,0.55484858,0.58357787,0.51175463,亲密关系,亲密行为,0.55457431,4,1438
1439,婚生,婚生,2,tencent_ai_lab_chinese_embedding_light_mirror_mvp,0.55483288,0.57599348,0.52309197,结婚,婚恋,0.53188133,4,1439
1440,共处,共处,2,tencent_ai_lab_chinese_embedding_light_mirror_mvp,0.55482903,0.56363809,0.54161543,亲密,亲密行为,0.6192733,4,1440
1441,大肚子,大肚子,3,tencent_ai_lab_chinese_embedding_light_mirror_mvp,0.5548172,0.56539583,0.53894925,老婆,婚恋,0.55593896,4,1441
1442,村里人,村里人,3,tencent_ai_lab_chinese_embedding_light_mirror_mvp,0.55479517,0.56504667,0.53941792,老婆,婚恋,0.54717433,4,1442
1443,说好,说好,2,tencent_ai_lab_chinese_embedding_light_mirror_mvp,0.55469449,0.56172526,0.54414833,女朋友,婚恋,0.54277116,4,1443
1444,认识,认识,2,tencent_ai_lab_chinese_embedding_light_mirror_mvp,0.55466733,0.56567919,0.53814954,女朋友,对象关系,0.57427698,4,1444
1445,小孩,小孩,2,tencent_ai_lab_chinese_embedding_light_mirror_mvp,0.55460455,0.56182671,0.54377133,老婆,婚恋,0.53186285,4,1445
1446,娜姐,娜姐,2,tencent_ai_lab_chinese_embedding_light_mirror_mvp,0.55460305,0.58026373,0.51611203,老公,婚恋,0.51831079,4,1446
1447,语文课,语文课,3,tencent_ai_lab_chinese_embedding_light_mirror_mvp,0.55458106,0.59191072,0.49858657,同桌,校园恋爱,0.6062243,4,1447
1448,受不了,受不了,3,tencent_ai_lab_chinese_embedding_light_mirror_mvp,0.55455285,0.56257349,0.54252189,老婆,对象关系,0.51152325,4,1448
1449,退学,退学,2,tencent_ai_lab_chinese_embedding_light_mirror_mvp,0.55454375,0.59351194,0.49609146,早恋,校园恋爱,0.55063975,4,1449
1450,貌合神离,貌合神离,4,tencent_ai_lab_chinese_embedding_light_mirror_mvp,0.55449435,0.56398803,0.54025382,亲密关系,亲密行为,0.53470129,4,1450
1451,其父,其父,2,tencent_ai_lab_chinese_embedding_light_mirror_mvp,0.55446718,0.58479857,0.50897008,妻子,婚恋,0.46292716,4,1451
1452,家庭成员,家庭成员,4,tencent_ai_lab_chinese_embedding_light_mirror_mvp,0.55446677,0.57803738,0.51911086,伴侣,对象关系,0.51585078,4,1452
1453,伤感,伤感,2,tencent_ai_lab_chinese_embedding_light_mirror_mvp,0.55443127,0.56094193,0.54466528,青春,恋爱核心,0.56522864,4,1453
1454,下课时间,下课时间,4,tencent_ai_lab_chinese_embedding_light_mirror_mvp,0.55433396,0.58111984,0.51415515,同桌,校园恋爱,0.63436234,4,1454
1455,想要,想要,2,tencent_ai_lab_chinese_embedding_light_mirror_mvp,0.55432864,0.56981474,0.5310995,追求,对象关系,0.54406202,4,1455
1456,发博,发博,2,tencent_ai_lab_chinese_embedding_light_mirror_mvp,0.55430645,0.56410939,0.53960204,前女友,恋爱历史,0.51854157,4,1456
1457,宴请,宴请,2,tencent_ai_lab_chinese_embedding_light_mirror_mvp,0.55428431,0.58346522,0.51051295,婚礼,约会,0.48017469,4,1457
1458,卷子,卷子,2,tencent_ai_lab_chinese_embedding_light_mirror_mvp,0.55426553,0.60742736,0.4745228,同桌,校园恋爱,0.58546412,4,1458
1459,我想,我想,2,tencent_ai_lab_chinese_embedding_light_mirror_mvp,0.55425541,0.56122231,0.54380506,女朋友,表白与追求,0.58485734,4,1459
1460,共度,共度,2,tencent_ai_lab_chinese_embedding_light_mirror_mvp,0.55423114,0.56093526,0.54417497,牵手,亲密行为,0.60685349,4,1460
1461,分道扬镳,分道扬镳,4,tencent_ai_lab_chinese_embedding_light_mirror_mvp,0.55419452,0.55574942,0.55186218,恋人,恋爱核心,0.57478631,4,1461
1462,寻求,寻求,2,tencent_ai_lab_chinese_embedding_light_mirror_mvp,0.55416844,0.58866513,0.50242341,追求,亲密行为,0.44276685,4,1462
1463,幼稚,幼稚,2,tencent_ai_lab_chinese_embedding_light_mirror_mvp,0.55416117,0.55704165,0.54984045,爱情,社会比较与人生进度,0.59240079,4,1463
1464,当然,当然,2,tencent_ai_lab_chinese_embedding_light_mirror_mvp,0.55409405,0.57413077,0.52403897,追求,对象关系,0.53849709,4,1464
1465,虚度,虚度,2,tencent_ai_lab_chinese_embedding_light_mirror_mvp,0.55408871,0.58894467,0.50180477,青春,社会比较与人生进度,0.56135255,4,1465
1466,世间,世间,2,tencent_ai_lab_chinese_embedding_light_mirror_mvp,0.55406089,0.58463252,0.50820345,爱情,恋爱核心,0.50697649,4,1466
1467,本班,本班,2,tencent_ai_lab_chinese_embedding_light_mirror_mvp,0.55404078,0.59360743,0.49469081,同桌,校园恋爱,0.61034739,4,1467
1468,接纳,接纳,2,tencent_ai_lab_chinese_embedding_light_mirror_mvp,0.55401038,0.56663555,0.53507262,亲密关系,亲密行为,0.53751379,4,1468
1469,妥协,妥协,2,tencent_ai_lab_chinese_embedding_light_mirror_mvp,0.55400476,0.58539259,0.50692302,追求,表白与追求,0.50650835,4,1469
1470,这个世界,这个世界,4,tencent_ai_lab_chinese_embedding_light_mirror_mvp,0.55397087,0.57174069,0.52731615,爱情,社会比较与人生进度,0.55172658,4,1470
1471,勇敢,勇敢,2,tencent_ai_lab_chinese_embedding_light_mirror_mvp,0.55395414,0.56055325,0.54405546,爱情,表白与追求,0.58337802,4,1471
1472,走过,走过,2,tencent_ai_lab_chinese_embedding_light_mirror_mvp,0.55391724,0.5750128,0.5222739,牵手,亲密行为,0.51779062,4,1472
1473,那货,那货,2,tencent_ai_lab_chinese_embedding_light_mirror_mvp,0.55390108,0.55886436,0.54645616,老婆,恋爱历史,0.52645612,4,1473
1474,泡澡,泡澡,2,tencent_ai_lab_chinese_embedding_light_mirror_mvp,0.55388967,0.58281571,0.51050061,散步,约会,0.57134205,4,1474
1475,请客,请客,2,tencent_ai_lab_chinese_embedding_light_mirror_mvp,0.55377648,0.5651226,0.53675729,第一次约会,约会,0.57482076,4,1475
1476,喝醉,喝醉,2,tencent_ai_lab_chinese_embedding_light_mirror_mvp,0.55376706,0.56451678,0.53764248,女朋友,约会,0.54602444,4,1476
1477,矛盾,矛盾,2,tencent_ai_lab_chinese_embedding_light_mirror_mvp,0.55372344,0.58674401,0.50419259,亲密关系,亲密行为,0.48663732,4,1477
1478,阳光男孩,阳光男孩,4,tencent_ai_lab_chinese_embedding_light_mirror_mvp,0.55371954,0.56058896,0.54341543,初恋,校园恋爱,0.56847429,4,1478
1479,认识了,认识了,3,tencent_ai_lab_chinese_embedding_light_mirror_mvp,0.55371282,0.56411862,0.53810412,女朋友,婚恋,0.56194806,4,1479
1480,送亲,送亲,2,tencent_ai_lab_chinese_embedding_light_mirror_mvp,0.55371124,0.58229095,0.51084167,婚礼,婚恋,0.46258643,4,1480
1481,校花,校花,2,tencent_ai_lab_chinese_embedding_light_mirror_mvp,0.55362177,0.55461967,0.55212492,同桌,校园恋爱,0.62753415,4,1481
1482,辞职,辞职,2,tencent_ai_lab_chinese_embedding_light_mirror_mvp,0.55356522,0.5637387,0.53830498,前任,婚恋,0.57204551,4,1482
1483,比我,比我,2,tencent_ai_lab_chinese_embedding_light_mirror_mvp,0.55356433,0.58351958,0.50863147,同龄人,社会比较与人生进度,0.46917564,4,1483
1484,嫁个,嫁个,2,tencent_ai_lab_chinese_embedding_light_mirror_mvp,0.55353166,0.56557482,0.53546691,结婚,婚恋,0.56910402,4,1484
1485,约见,约见,2,tencent_ai_lab_chinese_embedding_light_mirror_mvp,0.55348461,0.58063841,0.5127539,约会,约会,0.55852944,4,1485
1486,情绪,情绪,2,tencent_ai_lab_chinese_embedding_light_mirror_mvp,0.5534658,0.57995856,0.51372665,亲密关系,亲密行为,0.50517738,4,1486
1487,在意,在意,2,tencent_ai_lab_chinese_embedding_light_mirror_mvp,0.5533848,0.58084726,0.51219112,追求,对象关系,0.51095533,4,1487
1488,清纯,清纯,2,tencent_ai_lab_chinese_embedding_light_mirror_mvp,0.55335982,0.56232941,0.53990543,初恋,恋爱核心,0.51832116,4,1488
1489,交谈,交谈,2,tencent_ai_lab_chinese_embedding_light_mirror_mvp,0.55334452,0.56939524,0.52926844,亲密,亲密行为,0.59528732,4,1489
1490,老师上课,老师上课,4,tencent_ai_lab_chinese_embedding_light_mirror_mvp,0.55328773,0.58953583,0.49891558,同桌,校园恋爱,0.61034518,4,1490
1491,彩排,彩排,2,tencent_ai_lab_chinese_embedding_light_mirror_mvp,0.55325958,0.58031851,0.51267117,婚礼,婚恋,0.47796443,4,1491
1492,羁绊,羁绊,2,tencent_ai_lab_chinese_embedding_light_mirror_mvp,0.55317519,0.55694985,0.54751319,恋人,恋爱核心,0.55245775,4,1492
1493,自卑心理,自卑心理,4,tencent_ai_lab_chinese_embedding_light_mirror_mvp,0.55311172,0.57331157,0.52281195,亲密关系,表白与追求,0.48518938,4,1493
1494,下跪,下跪,2,tencent_ai_lab_chinese_embedding_light_mirror_mvp,0.55307423,0.58714277,0.50197142,求婚,婚恋,0.50689304,4,1494
1495,相见,相见,2,tencent_ai_lab_chinese_embedding_light_mirror_mvp,0.55303764,0.56301153,0.53807682,恋人,亲密行为,0.57698727,4,1495
1496,老友,老友,2,tencent_ai_lab_chinese_embedding_light_mirror_mvp,0.55303171,0.56268346,0.53855407,恋人,恋爱历史,0.54994315,4,1496
1497,管钱,管钱,2,tencent_ai_lab_chinese_embedding_light_mirror_mvp,0.55289698,0.56906796,0.52864051,老婆,婚恋,0.53076553,4,1497
1498,交朋友,交朋友,3,tencent_ai_lab_chinese_embedding_light_mirror_mvp,0.552858,0.5544821,0.55042183,恋爱,对象关系,0.58708656,4,1498
1499,谈崩,谈崩,2,tencent_ai_lab_chinese_embedding_light_mirror_mvp,0.55285361,0.57616413,0.51788783,订婚,婚恋,0.5104363,4,1499
1500,貌美如花,貌美如花,4,tencent_ai_lab_chinese_embedding_light_mirror_mvp,0.55277537,0.56159705,0.53954285,老婆,婚恋,0.54617286,4,1500
1501,爹娘,爹娘,2,tencent_ai_lab_chinese_embedding_light_mirror_mvp,0.55276656,0.5674907,0.53068036,老婆,婚恋,0.53590494,3,1501
1502,礼物,礼物,2,tencent_ai_lab_chinese_embedding_light_mirror_mvp,0.55269473,0.55700254,0.546233,求婚,对象关系,0.56334758,3,1502
1503,回首往事,回首往事,4,tencent_ai_lab_chinese_embedding_light_mirror_mvp,0.55268219,0.58111978,0.5100258,青春,社会比较与人生进度,0.52315229,3,1503
1504,少年时期,少年时期,4,tencent_ai_lab_chinese_embedding_light_mirror_mvp,0.5526317,0.57191616,0.52370501,同龄人,社会比较与人生进度,0.54997933,3,1504
1505,强调,强调,2,tencent_ai_lab_chinese_embedding_light_mirror_mvp,0.55261358,0.6045444,0.47471735,追求,社会比较与人生进度,0.39348829,3,1505
1506,悲痛欲绝,悲痛欲绝,4,tencent_ai_lab_chinese_embedding_light_mirror_mvp,0.55260072,0.57507193,0.5188939,妻子,婚恋,0.53222609,3,1506
1507,见个面,见个面,3,tencent_ai_lab_chinese_embedding_light_mirror_mvp,0.55252573,0.55956805,0.54196227,约会,约会,0.57562464,3,1507
1508,同学们,同学们,3,tencent_ai_lab_chinese_embedding_light_mirror_mvp,0.55244405,0.58284521,0.50684232,同桌,校园恋爱,0.61041641,3,1508
1509,买包,买包,2,tencent_ai_lab_chinese_embedding_light_mirror_mvp,0.55242269,0.55806291,0.54396236,老婆,婚恋,0.51203561,3,1509
1510,请客吃饭,请客吃饭,4,tencent_ai_lab_chinese_embedding_light_mirror_mvp,0.55234472,0.55873853,0.54275399,约会,约会,0.56635118,3,1510
1511,男子,男子,2,tencent_ai_lab_chinese_embedding_light_mirror_mvp,0.55233999,0.55793148,0.54395276,妻子,婚恋,0.50258577,3,1511
1512,干嘛,干嘛,2,tencent_ai_lab_chinese_embedding_light_mirror_mvp,0.55229627,0.56535751,0.53270441,女朋友,对象关系,0.4777317,3,1512
1513,女博士,女博士,3,tencent_ai_lab_chinese_embedding_light_mirror_mvp,0.5522866,0.55725014,0.54484129,男朋友,单身与脱单,0.54871207,3,1513
1514,闲聊,闲聊,2,tencent_ai_lab_chinese_embedding_light_mirror_mvp,0.55226352,0.56714714,0.5299381,散步,约会,0.59082097,3,1514
1515,虚情假意,虚情假意,4,tencent_ai_lab_chinese_embedding_light_mirror_mvp,0.55223658,0.56052637,0.5398019,恋人,恋爱核心,0.55847627,3,1515
1516,亲友,亲友,2,tencent_ai_lab_chinese_embedding_light_mirror_mvp,0.55223598,0.55847025,0.54288459,妻子,婚恋,0.57511234,3,1516
1517,交友,交友,2,tencent_ai_lab_chinese_embedding_light_mirror_mvp,0.55217309,0.56337857,0.53536487,恋爱,单身与脱单,0.5376209,3,1517
1518,做媒,做媒,2,tencent_ai_lab_chinese_embedding_light_mirror_mvp,0.55216293,0.56216097,0.53716588,订婚,婚恋,0.55731094,3,1518
1519,十八岁,十八岁,3,tencent_ai_lab_chinese_embedding_light_mirror_mvp,0.55194001,0.57526648,0.51695031,同龄人,社会比较与人生进度,0.53049648,3,1519
1520,心碎,心碎,2,tencent_ai_lab_chinese_embedding_light_mirror_mvp,0.55190639,0.56566918,0.53126222,初恋,恋爱历史,0.56186557,3,1520
1521,脑残粉,脑残粉,3,tencent_ai_lab_chinese_embedding_light_mirror_mvp,0.5518867,0.56672275,0.52963263,前女友,恋爱历史,0.54852831,3,1521
1522,不高兴,不高兴,3,tencent_ai_lab_chinese_embedding_light_mirror_mvp,0.55188315,0.56284213,0.53544468,老婆,婚恋,0.52021611,3,1522
1523,相遇,相遇,2,tencent_ai_lab_chinese_embedding_light_mirror_mvp,0.55179796,0.55684841,0.5442223,初恋,恋爱核心,0.57820207,3,1523
1524,吃东西,吃东西,3,tencent_ai_lab_chinese_embedding_light_mirror_mvp,0.55175726,0.56248713,0.53566247,散步,约会,0.60752225,3,1524
1525,学习成绩,学习成绩,4,tencent_ai_lab_chinese_embedding_light_mirror_mvp,0.55170711,0.55648226,0.5445444,同龄人,校园恋爱,0.60871333,3,1525
1526,成年人,成年人,3,tencent_ai_lab_chinese_embedding_light_mirror_mvp,0.5515739,0.57906115,0.51034302,同龄人,社会比较与人生进度,0.52939385,3,1526
1527,大比分,大比分,3,tencent_ai_lab_chinese_embedding_light_mirror_mvp,0.55150137,0.64351845,0.41347575,落后,社会比较与人生进度,0.53280878,3,1527
1528,大壮,大壮,2,tencent_ai_lab_chinese_embedding_light_mirror_mvp,0.55149473,0.56028742,0.5383057,老婆,婚恋,0.53697884,3,1528
1529,共同语言,共同语言,4,tencent_ai_lab_chinese_embedding_light_mirror_mvp,0.5514805,0.56377155,0.53304392,伴侣,对象关系,0.5811767,3,1529
1530,出门,出门,2,tencent_ai_lab_chinese_embedding_light_mirror_mvp,0.55142946,0.56368208,0.53305054,散步,约会,0.58906555,3,1530
1531,主义,主义,2,tencent_ai_lab_chinese_embedding_light_mirror_mvp,0.55142252,0.59629494,0.4841139,追求,表白与追求,0.41423857,3,1531
1532,自控力,自控力,3,tencent_ai_lab_chinese_embedding_light_mirror_mvp,0.55139711,0.58516848,0.50074005,亲密关系,恋爱核心,0.4373638,3,1532
1533,长大,长大,2,tencent_ai_lab_chinese_embedding_light_mirror_mvp,0.55138876,0.58015013,0.50824672,同龄人,社会比较与人生进度,0.58385682,3,1533
1534,离婚案,离婚案,3,tencent_ai_lab_chinese_embedding_light_mirror_mvp,0.55134301,0.56531274,0.53038841,恋情,婚恋,0.56445897,3,1534
1535,老大,老大,2,tencent_ai_lab_chinese_embedding_light_mirror_mvp,0.55124606,0.57401031,0.51709968,老婆,婚恋,0.49180976,3,1535
1536,有钱,有钱,2,tencent_ai_lab_chinese_embedding_light_mirror_mvp,0.55124364,0.56281829,0.53388166,老婆,婚恋,0.53848743,3,1536
1537,昆凌,昆凌,2,tencent_ai_lab_chinese_embedding_light_mirror_mvp,0.55119181,0.56049454,0.5372377,老公,婚恋,0.55754489,3,1537
1538,离任,离任,2,tencent_ai_lab_chinese_embedding_light_mirror_mvp,0.55117966,0.62328053,0.44302836,前任,恋爱历史,0.41208732,3,1538
1539,早逝,早逝,2,tencent_ai_lab_chinese_embedding_light_mirror_mvp,0.55116987,0.56089365,0.5365842,妻子,婚恋,0.50793666,3,1539
1540,我要,我要,2,tencent_ai_lab_chinese_embedding_light_mirror_mvp,0.55115014,0.55763036,0.54142982,女朋友,对象关系,0.51649117,3,1540
1541,性意识,性意识,3,tencent_ai_lab_chinese_embedding_light_mirror_mvp,0.55112557,0.56211817,0.53463668,早恋,亲密行为,0.51755136,3,1541
1542,喜欢,喜欢,2,tencent_ai_lab_chinese_embedding_light_mirror_mvp,0.55109677,0.55832863,0.54024899,追求,表白与追求,0.63582683,3,1542
1543,老太,老太,2,tencent_ai_lab_chinese_embedding_light_mirror_mvp,0.55109179,0.5689559,0.52429563,丈夫,婚恋,0.50482064,3,1543
1544,冷漠,冷漠,2,tencent_ai_lab_chinese_embedding_light_mirror_mvp,0.5509464,0.56375909,0.53172737,恋人,恋爱核心,0.53863263,3,1544
1545,个人主义,个人主义,4,tencent_ai_lab_chinese_embedding_light_mirror_mvp,0.55081222,0.57579517,0.51333779,追求,社会比较与人生进度,0.45661461,3,1545
1546,老人,老人,2,tencent_ai_lab_chinese_embedding_light_mirror_mvp,0.55080147,0.56694531,0.5265857,妻子,婚恋,0.48042175,3,1546
1547,放学,放学,2,tencent_ai_lab_chinese_embedding_light_mirror_mvp,0.55079939,0.56096148,0.53555626,同桌,校园恋爱,0.65661836,3,1547
1548,天生一对,天生一对,4,tencent_ai_lab_chinese_embedding_light_mirror_mvp,0.55074949,0.56787884,0.52505547,情侣,恋爱核心,0.55139899,3,1548
1549,不爱,不爱,2,tencent_ai_lab_chinese_embedding_light_mirror_mvp,0.55074896,0.55772072,0.54029131,爱情,恋爱核心,0.57749879,3,1549
1550,只在乎,只在乎,3,tencent_ai_lab_chinese_embedding_light_mirror_mvp,0.5507426,0.5839256,0.5009681,追求,恋爱核心,0.45608422,3,1550
1551,忘怀,忘怀,2,tencent_ai_lab_chinese_embedding_light_mirror_mvp,0.55071485,0.57867932,0.50876814,初恋,恋爱核心,0.51934683,3,1551
1552,憧憬,憧憬,2,tencent_ai_lab_chinese_embedding_light_mirror_mvp,0.5505873,0.55755055,0.54014242,追求,表白与追求,0.55157304,3,1552
1553,信念,信念,2,tencent_ai_lab_chinese_embedding_light_mirror_mvp,0.5505681,0.5668174,0.52619416,追求,社会比较与人生进度,0.48398763,3,1553
1554,速配,速配,2,tencent_ai_lab_chinese_embedding_light_mirror_mvp,0.55054218,0.56467789,0.5293386,脱单,单身与脱单,0.56759357,3,1554
1555,标榜,标榜,2,tencent_ai_lab_chinese_embedding_light_mirror_mvp,0.55053252,0.61993277,0.44643214,追求,社会比较与人生进度,0.44600624,3,1555
1556,血缘,血缘,2,tencent_ai_lab_chinese_embedding_light_mirror_mvp,0.5505273,0.57587343,0.51250809,亲密关系,亲密行为,0.47201753,3,1556
1557,惦念,惦念,2,tencent_ai_lab_chinese_embedding_light_mirror_mvp,0.55051627,0.55929005,0.5373556,恋人,恋爱核心,0.54446101,3,1557
1558,有儿,有儿,2,tencent_ai_lab_chinese_embedding_light_mirror_mvp,0.55050756,0.55301625,0.54674453,老婆,婚恋,0.56884491,3,1558
1559,骗财骗色,骗财骗色,4,tencent_ai_lab_chinese_embedding_light_mirror_mvp,0.55049105,0.55742323,0.54009277,前女友,恋爱历史,0.56767762,3,1559
1560,去逝,去逝,2,tencent_ai_lab_chinese_embedding_light_mirror_mvp,0.55041577,0.55590016,0.54218918,订婚,婚恋,0.56920201,3,1560
1561,东哥,东哥,2,tencent_ai_lab_chinese_embedding_light_mirror_mvp,0.55035322,0.56743431,0.52473158,老婆,婚恋,0.55169547,3,1561
1562,做操,做操,2,tencent_ai_lab_chinese_embedding_light_mirror_mvp,0.55024427,0.58630121,0.49615887,散步,校园恋爱,0.52039516,3,1562
1563,没娃,没娃,2,tencent_ai_lab_chinese_embedding_light_mirror_mvp,0.55012759,0.56224984,0.53194422,单身,单身与脱单,0.52876484,3,1563
1564,告诉我,告诉我,3,tencent_ai_lab_chinese_embedding_light_mirror_mvp,0.55001843,0.56541038,0.52693051,女朋友,对象关系,0.5098896,3,1564
1565,纠葛,纠葛,2,tencent_ai_lab_chinese_embedding_light_mirror_mvp,0.5499788,0.55620039,0.54064643,亲密关系,恋爱核心,0.5585534,3,1565
1566,黄父,黄父,2,tencent_ai_lab_chinese_embedding_light_mirror_mvp,0.54995608,0.56574512,0.52627254,妻子,婚恋,0.50670016,3,1566
1567,告别,告别,2,tencent_ai_lab_chinese_embedding_light_mirror_mvp,0.54995058,0.57333267,0.51487744,拥抱,社会比较与人生进度,0.5197736,3,1567
1568,兜风,兜风,2,tencent_ai_lab_chinese_embedding_light_mirror_mvp,0.54994655,0.57335484,0.51483411,散步,约会,0.60643715,3,1568
1569,灵魂,灵魂,2,tencent_ai_lab_chinese_embedding_light_mirror_mvp,0.54992759,0.55445147,0.54314178,青春,社会比较与人生进度,0.52048802,3,1569
1570,美丽,美丽,2,tencent_ai_lab_chinese_embedding_light_mirror_mvp,0.54991727,0.56891453,0.52142137,青春,社会比较与人生进度,0.52045119,3,1570
1571,说生,说生,2,tencent_ai_lab_chinese_embedding_light_mirror_mvp,0.54989357,0.55678499,0.53955644,老公,婚恋,0.54751503,3,1571
1572,过得,过得,2,tencent_ai_lab_chinese_embedding_light_mirror_mvp,0.54987309,0.55838883,0.53709948,单身,婚恋,0.54988146,3,1572
1573,物质条件,物质条件,4,tencent_ai_lab_chinese_embedding_light_mirror_mvp,0.54986846,0.55508947,0.54203695,追求,对象关系,0.51485264,3,1573
1574,记忆,记忆,2,tencent_ai_lab_chinese_embedding_light_mirror_mvp,0.54986086,0.57066119,0.51866037,青春,社会比较与人生进度,0.5353896,3,1574
1575,又帅,又帅,2,tencent_ai_lab_chinese_embedding_light_mirror_mvp,0.54978325,0.56683218,0.52420986,女朋友,恋爱历史,0.48922393,3,1575
1576,问候,问候,2,tencent_ai_lab_chinese_embedding_light_mirror_mvp,0.54975737,0.58088773,0.50306183,拥抱,亲密行为,0.52644354,3,1576
1577,半袖,半袖,2,tencent_ai_lab_chinese_embedding_light_mirror_mvp,0.54971263,0.62387741,0.43846548,校服,校园恋爱,0.45636046,3,1577
1578,往事,往事,2,tencent_ai_lab_chinese_embedding_light_mirror_mvp,0.54970492,0.56533176,0.52626467,初恋,恋爱核心,0.5407176,3,1578
1579,领先于,领先于,3,tencent_ai_lab_chinese_embedding_light_mirror_mvp,0.54969326,0.6291194,0.43055406,落后,社会比较与人生进度,0.47486955,3,1579
1580,处男,处男,2,tencent_ai_lab_chinese_embedding_light_mirror_mvp,0.54968069,0.55790138,0.53734964,单身,恋爱历史,0.53092098,3,1580
1581,心理,心理,2,tencent_ai_lab_chinese_embedding_light_mirror_mvp,0.5495803,0.57910198,0.50529778,亲密关系,社会比较与人生进度,0.45462447,3,1581
1582,预产期,预产期,3,tencent_ai_lab_chinese_embedding_light_mirror_mvp,0.54951817,0.55843097,0.53614897,结婚,婚恋,0.57275862,3,1582
1583,相聚,相聚,2,tencent_ai_lab_chinese_embedding_light_mirror_mvp,0.54950137,0.55623055,0.53940761,恋人,亲密行为,0.58443236,3,1583
1584,今生,今生,2,tencent_ai_lab_chinese_embedding_light_mirror_mvp,0.54949915,0.55446875,0.54204476,爱情,恋爱核心,0.54712361,3,1584
1585,九岁,九岁,2,tencent_ai_lab_chinese_embedding_light_mirror_mvp,0.54934342,0.5842728,0.49694934,同龄人,社会比较与人生进度,0.49392003,3,1585
1586,认知,认知,2,tencent_ai_lab_chinese_embedding_light_mirror_mvp,0.54932024,0.56294584,0.52888185,追求,社会比较与人生进度,0.5125643,3,1586
1587,护士,护士,2,tencent_ai_lab_chinese_embedding_light_mirror_mvp,0.54930789,0.55790269,0.5364157,丈夫,婚恋,0.51094043,3,1587
1588,普通人,普通人,3,tencent_ai_lab_chinese_embedding_light_mirror_mvp,0.54929397,0.57888234,0.50491142,同龄人,社会比较与人生进度,0.56375313,3,1588
1589,高考,高考,2,tencent_ai_lab_chinese_embedding_light_mirror_mvp,0.54921043,0.57194388,0.51511025,早恋,校园恋爱,0.62758636,3,1589
1590,挥手告别,挥手告别,4,tencent_ai_lab_chinese_embedding_light_mirror_mvp,0.54917027,0.57971436,0.50335413,拥抱,亲密行为,0.5101791,3,1590
1591,邻居们,邻居们,3,tencent_ai_lab_chinese_embedding_light_mirror_mvp,0.54916303,0.55825138,0.53553051,丈夫,婚恋,0.51287645,3,1591
1592,理念,理念,2,tencent_ai_lab_chinese_embedding_light_mirror_mvp,0.54914484,0.61675268,0.44773307,追求,社会比较与人生进度,0.4410274,3,1592
1593,人渣,人渣,2,tencent_ai_lab_chinese_embedding_light_mirror_mvp,0.5491017,0.5528031,0.5435496,前男友,恋爱历史,0.59923089,3,1593
1594,请帖,请帖,2,tencent_ai_lab_chinese_embedding_light_mirror_mvp,0.5490418,0.56435215,0.52607626,婚礼,婚恋,0.44374233,3,1594
1595,看重,看重,2,tencent_ai_lab_chinese_embedding_light_mirror_mvp,0.54901801,0.58770764,0.49098358,追求,社会比较与人生进度,0.41347706,3,1595
1596,看我,看我,2,tencent_ai_lab_chinese_embedding_light_mirror_mvp,0.54898887,0.55892038,0.53409159,老婆,校园恋爱,0.46514475,3,1596
1597,问他,问他,2,tencent_ai_lab_chinese_embedding_light_mirror_mvp,0.54896789,0.56678939,0.52223563,女朋友,婚恋,0.47153771,3,1597
1598,辅导员,辅导员,3,tencent_ai_lab_chinese_embedding_light_mirror_mvp,0.54890457,0.55979866,0.53256345,同桌,校园恋爱,0.60485685,3,1598
1599,讲求,讲求,2,tencent_ai_lab_chinese_embedding_light_mirror_mvp,0.54890375,0.63471437,0.42018783,追求,社会比较与人生进度,0.3227219,3,1599
1600,黑粉,黑粉,2,tencent_ai_lab_chinese_embedding_light_mirror_mvp,0.54889326,0.56468737,0.5252021,前女友,恋爱历史,0.50286156,3,1600
1601,迎合,迎合,2,tencent_ai_lab_chinese_embedding_light_mirror_mvp,0.5488811,0.60516769,0.46445122,追求,表白与追求,0.44788462,3,1601
1602,大款,大款,2,tencent_ai_lab_chinese_embedding_light_mirror_mvp,0.54885753,0.55926853,0.53324103,老婆,婚恋,0.50981426,3,1602
1603,踏入社会,踏入社会,4,tencent_ai_lab_chinese_embedding_light_mirror_mvp,0.54883165,0.55678082,0.53690791,同龄人,社会比较与人生进度,0.56739247,3,1603
1604,基情,基情,2,tencent_ai_lab_chinese_embedding_light_mirror_mvp,0.54880846,0.55783963,0.53526169,爱情,恋爱核心,0.57537401,3,1604
1605,常人,常人,2,tencent_ai_lab_chinese_embedding_light_mirror_mvp,0.54874831,0.60314655,0.46715096,同龄人,社会比较与人生进度,0.50448161,3,1605
1606,女艺人,女艺人,3,tencent_ai_lab_chinese_embedding_light_mirror_mvp,0.54871843,0.56040788,0.53118426,恋情,恋爱历史,0.49662155,3,1606
1607,跑跑步,跑跑步,3,tencent_ai_lab_chinese_embedding_light_mirror_mvp,0.54869961,0.61647606,0.44703493,散步,约会,0.49906498,3,1607
1608,悠闲,悠闲,2,tencent_ai_lab_chinese_embedding_light_mirror_mvp,0.54869286,0.59405899,0.48064366,散步,约会,0.51067615,3,1608
1609,嫁于,嫁于,2,tencent_ai_lab_chinese_embedding_light_mirror_mvp,0.54868343,0.5627147,0.52763653,订婚,婚恋,0.551,3,1609
1610,堕胎,堕胎,2,tencent_ai_lab_chinese_embedding_light_mirror_mvp,0.54860258,0.55386627,0.54070705,早恋,恋爱历史,0.54104316,3,1610
1611,狗男女,狗男女,3,tencent_ai_lab_chinese_embedding_light_mirror_mvp,0.54860127,0.56537557,0.52343982,情侣,对象关系,0.51723897,3,1611
1612,心理学,心理学,3,tencent_ai_lab_chinese_embedding_light_mirror_mvp,0.54855328,0.59012896,0.48618975,亲密关系,亲密行为,0.42425311,3,1612
1613,饭局,饭局,2,tencent_ai_lab_chinese_embedding_light_mirror_mvp,0.54855255,0.56712395,0.52069545,婚礼,约会,0.50690186,3,1613
1614,嬉戏,嬉戏,2,tencent_ai_lab_chinese_embedding_light_mirror_mvp,0.5484625,0.58404076,0.4950951,散步,约会,0.50353038,3,1614
1615,嘴贱,嘴贱,2,tencent_ai_lab_chinese_embedding_light_mirror_mvp,0.54846206,0.55550504,0.53789759,前女友,恋爱历史,0.55529982,3,1615
1616,辞掉,辞掉,2,tencent_ai_lab_chinese_embedding_light_mirror_mvp,0.54844724,0.55103642,0.54456347,丈夫,婚恋,0.56034458,3,1616
1617,八班,八班,2,tencent_ai_lab_chinese_embedding_light_mirror_mvp,0.54840182,0.59652126,0.47622266,同桌,校园恋爱,0.5705483,3,1617
1618,取悦,取悦,2,tencent_ai_lab_chinese_embedding_light_mirror_mvp,0.54834045,0.56177825,0.52818376,追求,表白与追求,0.53315705,3,1618
1619,与人,与人,2,tencent_ai_lab_chinese_embedding_light_mirror_mvp,0.54831139,0.55341059,0.54066259,亲密关系,亲密行为,0.54492712,3,1619
1620,姥爷,姥爷,2,tencent_ai_lab_chinese_embedding_light_mirror_mvp,0.54830234,0.55376804,0.54010379,老婆,婚恋,0.51808441,3,1620
1621,诗意,诗意,2,tencent_ai_lab_chinese_embedding_light_mirror_mvp,0.54829259,0.56303823,0.52617413,青春,恋爱核心,0.49100471,3,1621
1622,出殡,出殡,2,tencent_ai_lab_chinese_embedding_light_mirror_mvp,0.54827058,0.57309628,0.51103204,婚礼,婚恋,0.48276636,3,1622
1623,一岁,一岁,2,tencent_ai_lab_chinese_embedding_light_mirror_mvp,0.54823966,0.57903028,0.50205374,同龄人,婚恋,0.49366942,3,1623
1624,知道,知道,2,tencent_ai_lab_chinese_embedding_light_mirror_mvp,0.54817396,0.55945534,0.53125191,女朋友,对象关系,0.54332781,3,1624
1625,公开,公开,2,tencent_ai_lab_chinese_embedding_light_mirror_mvp,0.54814005,0.56422269,0.52401608,恋情,亲密行为,0.51383871,3,1625
1626,联姻,联姻,2,tencent_ai_lab_chinese_embedding_light_mirror_mvp,0.5481235,0.57460535,0.50840074,订婚,亲密行为,0.50465906,3,1626
1627,道别,道别,2,tencent_ai_lab_chinese_embedding_light_mirror_mvp,0.54809878,0.5702126,0.51492804,拥抱,亲密行为,0.54553139,3,1627
1628,年级,年级,2,tencent_ai_lab_chinese_embedding_light_mirror_mvp,0.54805659,0.55698091,0.53467011,同桌,校园恋爱,0.63105381,3,1628
1629,赤子之心,赤子之心,4,tencent_ai_lab_chinese_embedding_light_mirror_mvp,0.54805053,0.5700615,0.51503408,青春,社会比较与人生进度,0.49734229,3,1629
1630,中年妇女,中年妇女,4,tencent_ai_lab_chinese_embedding_light_mirror_mvp,0.54804246,0.55419278,0.53881699,丈夫,婚恋,0.4858914,3,1630
1631,大学,大学,2,tencent_ai_lab_chinese_embedding_light_mirror_mvp,0.54799199,0.55572283,0.53639573,恋爱,校园恋爱,0.61800039,3,1631
1632,薄情,薄情,2,tencent_ai_lab_chinese_embedding_light_mirror_mvp,0.54798031,0.56240225,0.5263474,爱情,恋爱核心,0.54983246,3,1632
1633,拼搏,拼搏,2,tencent_ai_lab_chinese_embedding_light_mirror_mvp,0.54792944,0.57016212,0.51458043,青春,社会比较与人生进度,0.59672403,3,1633
1634,死别,死别,2,tencent_ai_lab_chinese_embedding_light_mirror_mvp,0.54788663,0.55051875,0.54393846,恋人,恋爱核心,0.55781621,3,1634
1635,高学历,高学历,3,tencent_ai_lab_chinese_embedding_light_mirror_mvp,0.54781473,0.56166971,0.52703226,单身,单身与脱单,0.53344178,3,1635
1636,满足,满足,2,tencent_ai_lab_chinese_embedding_light_mirror_mvp,0.5478011,0.60247689,0.46578741,追求,表白与追求,0.39545643,3,1636
1637,婚育,婚育,2,tencent_ai_lab_chinese_embedding_light_mirror_mvp,0.54776751,0.56210405,0.5262627,结婚,单身与脱单,0.50360477,3,1637
1638,吻别,吻别,2,tencent_ai_lab_chinese_embedding_light_mirror_mvp,0.5477522,0.55490226,0.53702712,牵手,亲密行为,0.57522666,3,1638
1639,社交,社交,2,tencent_ai_lab_chinese_embedding_light_mirror_mvp,0.54774355,0.5670138,0.51883817,亲密关系,亲密行为,0.53809047,3,1639
1640,高年级,高年级,3,tencent_ai_lab_chinese_embedding_light_mirror_mvp,0.54772263,0.56238163,0.52573413,同桌,校园恋爱,0.6486485,3,1640
1641,合拍,合拍,2,tencent_ai_lab_chinese_embedding_light_mirror_mvp,0.54770849,0.55409694,0.53812581,情侣,亲密行为,0.56790495,3,1641
1642,女明星,女明星,3,tencent_ai_lab_chinese_embedding_light_mirror_mvp,0.54766841,0.55209529,0.54102808,恋情,对象关系,0.52115464,3,1642
1643,心理障碍,心理障碍,4,tencent_ai_lab_chinese_embedding_light_mirror_mvp,0.54766257,0.58143526,0.49700353,亲密关系,亲密行为,0.48869392,3,1643
1644,反感,反感,2,tencent_ai_lab_chinese_embedding_light_mirror_mvp,0.5476558,0.56089711,0.52779382,亲密,亲密行为,0.51906735,3,1644
1645,同床,同床,2,tencent_ai_lab_chinese_embedding_light_mirror_mvp,0.5476522,0.55499315,0.53664076,亲密,亲密行为,0.5873903,3,1645
1646,精神生活,精神生活,4,tencent_ai_lab_chinese_embedding_light_mirror_mvp,0.54763921,0.56702274,0.51856393,追求,社会比较与人生进度,0.450986,3,1646
1647,做自己,做自己,3,tencent_ai_lab_chinese_embedding_light_mirror_mvp,0.54752438,0.56996799,0.51385897,追求,表白与追求,0.54519594,3,1647
1648,小乐,小乐,2,tencent_ai_lab_chinese_embedding_light_mirror_mvp,0.54749995,0.5646612,0.52175808,女朋友,校园恋爱,0.49385065,3,1648
1649,归宿,归宿,2,tencent_ai_lab_chinese_embedding_light_mirror_mvp,0.547498,0.56035811,0.52820784,伴侣,对象关系,0.54772258,3,1649
1650,棉袄,棉袄,2,tencent_ai_lab_chinese_embedding_light_mirror_mvp,0.54748812,0.61442447,0.44708359,校服,校园恋爱,0.45630693,3,1650
1651,身边,身边,2,tencent_ai_lab_chinese_embedding_light_mirror_mvp,0.54740713,0.55064535,0.54254979,单身,对象关系,0.61067533,3,1651
1652,十一岁,十一岁,3,tencent_ai_lab_chinese_embedding_light_mirror_mvp,0.54740258,0.57812876,0.50131333,同龄人,社会比较与人生进度,0.46875143,3,1652
1653,讲真,讲真,2,tencent_ai_lab_chinese_embedding_light_mirror_mvp,0.54737226,0.55069607,0.54238653,女朋友,对象关系,0.54774022,3,1653
1654,亲到,亲到,2,tencent_ai_lab_chinese_embedding_light_mirror_mvp,0.54734714,0.57712018,0.50268757,接吻,亲密行为,0.52645332,3,1654
1655,可我,可我,2,tencent_ai_lab_chinese_embedding_light_mirror_mvp,0.54733975,0.5516181,0.54092222,老婆,表白与追求,0.54502261,3,1655
1656,煽情,煽情,2,tencent_ai_lab_chinese_embedding_light_mirror_mvp,0.54730741,0.56466264,0.52127457,告白,表白与追求,0.52808404,3,1656
1657,拥入,拥入,2,tencent_ai_lab_chinese_embedding_light_mirror_mvp,0.54725622,0.59666538,0.47314247,拥抱,亲密行为,0.52597439,3,1657
1658,校园,校园,2,tencent_ai_lab_chinese_embedding_light_mirror_mvp,0.54719404,0.56598717,0.51900434,校服,校园恋爱,0.58918858,3,1658
1659,演艺圈,演艺圈,3,tencent_ai_lab_chinese_embedding_light_mirror_mvp,0.54718546,0.56998008,0.51299351,恋情,恋爱核心,0.52790052,3,1659
1660,相依为命,相依为命,4,tencent_ai_lab_chinese_embedding_light_mirror_mvp,0.54716587,0.55810368,0.53075916,丈夫,婚恋,0.52875185,3,1660
1661,男娃,男娃,2,tencent_ai_lab_chinese_embedding_light_mirror_mvp,0.54710854,0.55701298,0.53225189,老婆,婚恋,0.51456845,3,1661
1662,性道德,性道德,3,tencent_ai_lab_chinese_embedding_light_mirror_mvp,0.54709872,0.57401925,0.50671792,亲密关系,亲密行为,0.459059,3,1662
1663,晚餐,晚餐,2,tencent_ai_lab_chinese_embedding_light_mirror_mvp,0.54709815,0.56255418,0.5239141,散步,约会,0.61713266,3,1663
1664,走心,走心,2,tencent_ai_lab_chinese_embedding_light_mirror_mvp,0.5470915,0.54798895,0.54574531,告白,表白与追求,0.55472034,3,1664
1665,伺候,伺候,2,tencent_ai_lab_chinese_embedding_light_mirror_mvp,0.54705489,0.56518161,0.5198648,老婆,婚恋,0.51864141,3,1665
1666,并肩,并肩,2,tencent_ai_lab_chinese_embedding_light_mirror_mvp,0.54701552,0.56149518,0.52529603,牵手,亲密行为,0.56393754,3,1666
1667,文艺,文艺,2,tencent_ai_lab_chinese_embedding_light_mirror_mvp,0.54701346,0.56561404,0.51911259,青春,社会比较与人生进度,0.49648404,3,1667
1668,运动鞋,运动鞋,3,tencent_ai_lab_chinese_embedding_light_mirror_mvp,0.54700727,0.61567354,0.44400787,校服,校园恋爱,0.46107268,3,1668
1669,放在心里,放在心里,4,tencent_ai_lab_chinese_embedding_light_mirror_mvp,0.54683558,0.56384856,0.52131611,暗恋,表白与追求,0.55207807,3,1669
1670,相会,相会,2,tencent_ai_lab_chinese_embedding_light_mirror_mvp,0.54675629,0.56076813,0.52573854,约会,约会,0.5640651,3,1670
1671,红地毯,红地毯,3,tencent_ai_lab_chinese_embedding_light_mirror_mvp,0.54674835,0.57083893,0.51061249,婚礼,亲密行为,0.45044953,3,1671
1672,凄美,凄美,2,tencent_ai_lab_chinese_embedding_light_mirror_mvp,0.54669214,0.55839914,0.52913165,爱情,恋爱核心,0.51634145,3,1672
1673,拍档,拍档,2,tencent_ai_lab_chinese_embedding_light_mirror_mvp,0.54666623,0.54696447,0.54621887,情侣,对象关系,0.57546377,3,1673
1674,公共场合,公共场合,4,tencent_ai_lab_chinese_embedding_light_mirror_mvp,0.54662999,0.56001216,0.52655673,接吻,亲密行为,0.57767701,3,1674
1675,自卑感,自卑感,3,tencent_ai_lab_chinese_embedding_light_mirror_mvp,0.54662035,0.56828403,0.51412481,亲密关系,社会比较与人生进度,0.48867422,3,1675
1676,五年级,五年级,3,tencent_ai_lab_chinese_embedding_light_mirror_mvp,0.54661477,0.57033706,0.51103133,同桌,校园恋爱,0.62576938,3,1676
1677,合作关系,合作关系,4,tencent_ai_lab_chinese_embedding_light_mirror_mvp,0.54655657,0.57714021,0.5006811,亲密关系,亲密行为,0.51955122,3,1677
1678,难以相处,难以相处,4,tencent_ai_lab_chinese_embedding_light_mirror_mvp,0.54652848,0.55830455,0.52886438,亲密关系,对象关系,0.50192434,3,1678
1679,我哥哥,我哥哥,3,tencent_ai_lab_chinese_embedding_light_mirror_mvp,0.54642656,0.55561304,0.53264683,老婆,婚恋,0.53779811,3,1679
1680,私底下,私底下,3,tencent_ai_lab_chinese_embedding_light_mirror_mvp,0.54634602,0.56067574,0.52485144,亲密,对象关系,0.52742529,3,1680
1681,发他,发他,2,tencent_ai_lab_chinese_embedding_light_mirror_mvp,0.54625437,0.55148947,0.53840172,前女友,恋爱历史,0.51798284,3,1681
1682,他生,他生,2,tencent_ai_lab_chinese_embedding_light_mirror_mvp,0.54623818,0.55454087,0.53378415,妻子,婚恋,0.54142809,3,1682
1683,金牛,金牛,2,tencent_ai_lab_chinese_embedding_light_mirror_mvp,0.5460326,0.55053806,0.53927439,恋人,单身与脱单,0.54492259,3,1683
1684,反正,反正,2,tencent_ai_lab_chinese_embedding_light_mirror_mvp,0.54600129,0.55809462,0.5278613,女朋友,对象关系,0.50142515,3,1684
1685,动手动脚,动手动脚,4,tencent_ai_lab_chinese_embedding_light_mirror_mvp,0.54593667,0.55128163,0.53791922,接吻,亲密行为,0.55154645,3,1685
1686,奶爸,奶爸,2,tencent_ai_lab_chinese_embedding_light_mirror_mvp,0.54590222,0.55606216,0.5306623,老公,婚恋,0.49925455,3,1686
1687,学前班,学前班,3,tencent_ai_lab_chinese_embedding_light_mirror_mvp,0.54590173,0.55809999,0.52760434,早恋,校园恋爱,0.63905907,3,1687
1688,诞下,诞下,2,tencent_ai_lab_chinese_embedding_light_mirror_mvp,0.54586772,0.55430287,0.53321499,结婚,婚恋,0.58784938,3,1688
1689,平等,平等,2,tencent_ai_lab_chinese_embedding_light_mirror_mvp,0.54585365,0.56835836,0.51209658,亲密关系,亲密行为,0.51864195,3,1689
1690,小董,小董,2,tencent_ai_lab_chinese_embedding_light_mirror_mvp,0.54582543,0.55533659,0.53155869,老婆,婚恋,0.49241978,3,1690
1691,内心深处,内心深处,4,tencent_ai_lab_chinese_embedding_light_mirror_mvp,0.54574682,0.55225855,0.53597921,亲密关系,表白与追求,0.57142574,3,1691
1692,宠溺,宠溺,2,tencent_ai_lab_chinese_embedding_light_mirror_mvp,0.54569027,0.55330014,0.53427547,亲密,亲密行为,0.55036372,3,1692
1693,结个,结个,2,tencent_ai_lab_chinese_embedding_light_mirror_mvp,0.54565791,0.55524653,0.53127497,结婚,婚恋,0.5103054,3,1693
1694,亲娘,亲娘,2,tencent_ai_lab_chinese_embedding_light_mirror_mvp,0.54564821,0.56302315,0.51958579,老婆,婚恋,0.51270968,3,1694
1695,女星,女星,2,tencent_ai_lab_chinese_embedding_light_mirror_mvp,0.54561911,0.55059278,0.5381586,恋情,恋爱历史,0.5082882,3,1695
1696,维系,维系,2,tencent_ai_lab_chinese_embedding_light_mirror_mvp,0.54560149,0.57705557,0.49842036,亲密关系,亲密行为,0.48836049,3,1696
1697,配对,配对,2,tencent_ai_lab_chinese_embedding_light_mirror_mvp,0.54559691,0.57515132,0.50126529,伴侣,对象关系,0.50646234,3,1697
1698,理想境界,理想境界,4,tencent_ai_lab_chinese_embedding_light_mirror_mvp,0.54556119,0.60840613,0.4512938,追求,表白与追求,0.37429178,3,1698
1699,离职,离职,2,tencent_ai_lab_chinese_embedding_light_mirror_mvp,0.54554574,0.58123237,0.49201581,前任,恋爱历史,0.48801577,3,1699
1700,八万块,八万块,3,tencent_ai_lab_chinese_embedding_light_mirror_mvp,0.54551756,0.54994977,0.53886926,老公,婚恋,0.5596292,3,1700
1701,互相支持,互相支持,4,tencent_ai_lab_chinese_embedding_light_mirror_mvp,0.54549226,0.55288774,0.53439903,亲密关系,亲密行为,0.59338623,3,1701
1702,告吹,告吹,2,tencent_ai_lab_chinese_embedding_light_mirror_mvp,0.54548162,0.56047386,0.52299327,订婚,婚恋,0.52436298,3,1702
1703,超短裙,超短裙,3,tencent_ai_lab_chinese_embedding_light_mirror_mvp,0.54547299,0.60056627,0.46283308,校服,校园恋爱,0.49337825,3,1703
1704,共同兴趣,共同兴趣,4,tencent_ai_lab_chinese_embedding_light_mirror_mvp,0.54545302,0.55631256,0.52916372,伴侣,对象关系,0.55893552,3,1704
1705,吃饭时,吃饭时,3,tencent_ai_lab_chinese_embedding_light_mirror_mvp,0.54542961,0.55033839,0.53806645,同桌,约会,0.61056191,3,1705
1706,埋怨,埋怨,2,tencent_ai_lab_chinese_embedding_light_mirror_mvp,0.54538312,0.5556711,0.52995116,老婆,婚恋,0.5437609,3,1706
1707,新衣服,新衣服,3,tencent_ai_lab_chinese_embedding_light_mirror_mvp,0.54520764,0.57188308,0.50519449,校服,校园恋爱,0.49038258,3,1707
1708,没要,没要,2,tencent_ai_lab_chinese_embedding_light_mirror_mvp,0.5451975,0.55464953,0.53101945,老婆,婚恋,0.5353539,3,1708
1709,迎头赶上,迎头赶上,4,tencent_ai_lab_chinese_embedding_light_mirror_mvp,0.54515922,0.61293799,0.44349107,落后,社会比较与人生进度,0.54050219,3,1709
1710,真诚,真诚,2,tencent_ai_lab_chinese_embedding_light_mirror_mvp,0.54514537,0.55923951,0.52400416,爱情,亲密行为,0.55370706,3,1710
1711,个班,个班,2,tencent_ai_lab_chinese_embedding_light_mirror_mvp,0.5451185,0.58994305,0.47788167,同桌,校园恋爱,0.58412063,3,1711
1712,今年过年,今年过年,4,tencent_ai_lab_chinese_embedding_light_mirror_mvp,0.54511286,0.54557234,0.54442364,订婚,婚恋,0.58063138,3,1712
1713,女粉,女粉,2,tencent_ai_lab_chinese_embedding_light_mirror_mvp,0.54510601,0.55019665,0.53747004,前女友,恋爱历史,0.54966354,3,1713
1714,男主角,男主角,3,tencent_ai_lab_chinese_embedding_light_mirror_mvp,0.54510007,0.54817331,0.54049021,初恋,恋爱核心,0.58373749,3,1714
1715,大叔,大叔,2,tencent_ai_lab_chinese_embedding_light_mirror_mvp,0.5450886,0.55371523,0.53214866,老婆,对象关系,0.52814364,3,1715
1716,海边,海边,2,tencent_ai_lab_chinese_embedding_light_mirror_mvp,0.54500828,0.58249974,0.48877108,散步,约会,0.55234253,3,1716
1717,陪伴,陪伴,2,tencent_ai_lab_chinese_embedding_light_mirror_mvp,0.54493828,0.55068338,0.53632063,伴侣,亲密行为,0.58495653,3,1717
1718,很帅,很帅,2,tencent_ai_lab_chinese_embedding_light_mirror_mvp,0.5449355,0.56351906,0.51706016,女朋友,校园恋爱,0.51480305,3,1718
1719,恋曲,恋曲,2,tencent_ai_lab_chinese_embedding_light_mirror_mvp,0.54489359,0.54682738,0.5419929,初恋,恋爱核心,0.59099269,3,1719
1720,人生路,人生路,3,tencent_ai_lab_chinese_embedding_light_mirror_mvp,0.54487088,0.55723333,0.52632719,爱情,恋爱核心,0.55145335,3,1720
1721,性经验,性经验,3,tencent_ai_lab_chinese_embedding_light_mirror_mvp,0.54472101,0.55016613,0.53655332,亲密关系,亲密行为,0.52992231,3,1721
1722,或许,或许,2,tencent_ai_lab_chinese_embedding_light_mirror_mvp,0.54471117,0.54623705,0.54242235,爱情,社会比较与人生进度,0.61234081,3,1722
1723,他们,他们,2,tencent_ai_lab_chinese_embedding_light_mirror_mvp,0.54468108,0.54968601,0.53717369,伴侣,社会比较与人生进度,0.62722564,3,1723
1724,发脾气,发脾气,3,tencent_ai_lab_chinese_embedding_light_mirror_mvp,0.54466671,0.54817146,0.53940958,老公,对象关系,0.54569429,3,1724
1725,辣妈,辣妈,2,tencent_ai_lab_chinese_embedding_light_mirror_mvp,0.54464678,0.5735175,0.50134069,老公,婚恋,0.49262875,3,1725
1726,生理反应,生理反应,4,tencent_ai_lab_chinese_embedding_light_mirror_mvp,0.54463553,0.57495767,0.49915233,接吻,亲密行为,0.5278126,3,1726
1727,长裤,长裤,2,tencent_ai_lab_chinese_embedding_light_mirror_mvp,0.54460815,0.61595047,0.43759468,校服,校园恋爱,0.45125958,3,1727
1728,完亲,完亲,2,tencent_ai_lab_chinese_embedding_light_mirror_mvp,0.54460719,0.57320297,0.50171351,订婚,婚恋,0.51220262,3,1728
1729,踏青,踏青,2,tencent_ai_lab_chinese_embedding_light_mirror_mvp,0.54460196,0.58675605,0.48137084,散步,约会,0.56701988,3,1729
1730,生离死别,生离死别,4,tencent_ai_lab_chinese_embedding_light_mirror_mvp,0.54453809,0.55201042,0.53332961,爱情,恋爱核心,0.55684453,3,1730
1731,俩宝,俩宝,2,tencent_ai_lab_chinese_embedding_light_mirror_mvp,0.54452862,0.57438803,0.4997395,老公,婚恋,0.45837024,3,1731
1732,自爱,自爱,2,tencent_ai_lab_chinese_embedding_light_mirror_mvp,0.54444336,0.55118579,0.53432971,爱情,恋爱核心,0.52502763,3,1732
1733,念书,念书,2,tencent_ai_lab_chinese_embedding_light_mirror_mvp,0.5443917,0.55620575,0.52667063,早恋,校园恋爱,0.60022819,3,1733
1734,单亲,单亲,2,tencent_ai_lab_chinese_embedding_light_mirror_mvp,0.54429688,0.54793346,0.53884202,早恋,对象关系,0.54294878,3,1734
1735,大表哥,大表哥,3,tencent_ai_lab_chinese_embedding_light_mirror_mvp,0.54428179,0.55236745,0.53215331,女朋友,婚恋,0.51044774,3,1735
1736,本身,本身,2,tencent_ai_lab_chinese_embedding_light_mirror_mvp,0.54426584,0.5798741,0.49085346,追求,社会比较与人生进度,0.47436339,3,1736
1737,月子,月子,2,tencent_ai_lab_chinese_embedding_light_mirror_mvp,0.5442634,0.56389827,0.5148111,老公,婚恋,0.50313044,3,1737
1738,兄妹,兄妹,2,tencent_ai_lab_chinese_embedding_light_mirror_mvp,0.54426107,0.55169261,0.53311378,情侣,对象关系,0.54737037,3,1738
1739,从小,从小,2,tencent_ai_lab_chinese_embedding_light_mirror_mvp,0.54423648,0.57585114,0.49681449,同龄人,社会比较与人生进度,0.52247626,3,1739
1740,婚书,婚书,2,tencent_ai_lab_chinese_embedding_light_mirror_mvp,0.54420226,0.56106699,0.51890516,订婚,婚恋,0.50138474,3,1740
1741,难舍难分,难舍难分,4,tencent_ai_lab_chinese_embedding_light_mirror_mvp,0.54418659,0.54735553,0.53943318,情侣,亲密行为,0.58050603,3,1741
1742,携手并肩,携手并肩,4,tencent_ai_lab_chinese_embedding_light_mirror_mvp,0.54409119,0.57539362,0.49713755,牵手,亲密行为,0.54730576,3,1742
1743,赔钱货,赔钱货,3,tencent_ai_lab_chinese_embedding_light_mirror_mvp,0.54407177,0.55912828,0.521487,老婆,婚恋,0.49393719,3,1743
1744,哲学,哲学,2,tencent_ai_lab_chinese_embedding_light_mirror_mvp,0.54406629,0.56840169,0.50756317,追求,社会比较与人生进度,0.4665764,3,1744
1745,血缘关系,血缘关系,4,tencent_ai_lab_chinese_embedding_light_mirror_mvp,0.54405805,0.55316812,0.53039294,亲密关系,亲密行为,0.52010643,3,1745
1746,女佣,女佣,2,tencent_ai_lab_chinese_embedding_light_mirror_mvp,0.54403186,0.55892015,0.52169943,丈夫,婚恋,0.52405131,3,1746
1747,水瓶,水瓶,2,tencent_ai_lab_chinese_embedding_light_mirror_mvp,0.54397931,0.55180264,0.53224432,恋人,恋爱核心,0.54706728,3,1747
1748,真的,真的,2,tencent_ai_lab_chinese_embedding_light_mirror_mvp,0.54394959,0.5509004,0.53352338,女朋友,对象关系,0.59286988,3,1748
1749,经济关系,经济关系,4,tencent_ai_lab_chinese_embedding_light_mirror_mvp,0.54392136,0.58960128,0.47540149,亲密关系,亲密行为,0.42305475,3,1749
1750,平平淡淡,平平淡淡,4,tencent_ai_lab_chinese_embedding_light_mirror_mvp,0.54391174,0.55355823,0.52944201,爱情,恋爱核心,0.56971723,3,1750
1751,包养,包养,2,tencent_ai_lab_chinese_embedding_light_mirror_mvp,0.54388804,0.54654193,0.53990722,老婆,婚恋,0.53418469,3,1751
1752,你生,你生,2,tencent_ai_lab_chinese_embedding_light_mirror_mvp,0.54384764,0.55970126,0.52006721,老婆,婚恋,0.52817452,3,1752
1753,胖妞,胖妞,2,tencent_ai_lab_chinese_embedding_light_mirror_mvp,0.54381331,0.55963224,0.52008492,男朋友,对象关系,0.5155791,3,1753
1754,微信里,微信里,3,tencent_ai_lab_chinese_embedding_light_mirror_mvp,0.54380977,0.55096197,0.53308147,男朋友,对象关系,0.51855117,3,1754
1755,当众,当众,2,tencent_ai_lab_chinese_embedding_light_mirror_mvp,0.54380305,0.55993807,0.51960051,求婚,亲密行为,0.54068476,3,1755
1756,愿望,愿望,2,tencent_ai_lab_chinese_embedding_light_mirror_mvp,0.54378808,0.5719564,0.50153559,追求,表白与追求,0.50225198,3,1756
1757,安慰,安慰,2,tencent_ai_lab_chinese_embedding_light_mirror_mvp,0.5437604,0.56200349,0.51639575,拥抱,对象关系,0.5395593,3,1757
1758,不是,不是,2,tencent_ai_lab_chinese_embedding_light_mirror_mvp,0.5437319,0.56416118,0.51308799,追求,对象关系,0.53753114,3,1758
1759,强哥,强哥,2,tencent_ai_lab_chinese_embedding_light_mirror_mvp,0.54368551,0.56022334,0.51887876,老婆,婚恋,0.45060563,3,1759
1760,父辈,父辈,2,tencent_ai_lab_chinese_embedding_light_mirror_mvp,0.5436729,0.58884549,0.475914,同龄人,社会比较与人生进度,0.58803236,3,1760
1761,思想,思想,2,tencent_ai_lab_chinese_embedding_light_mirror_mvp,0.54365273,0.56322694,0.51429141,追求,社会比较与人生进度,0.53326261,3,1761
1762,好好学习,好好学习,4,tencent_ai_lab_chinese_embedding_light_mirror_mvp,0.54361835,0.56834018,0.50653559,早恋,校园恋爱,0.56033838,3,1762
1763,温暖,温暖,2,tencent_ai_lab_chinese_embedding_light_mirror_mvp,0.54361634,0.55008066,0.53391987,青春,亲密行为,0.51433903,3,1763
1764,目标,目标,2,tencent_ai_lab_chinese_embedding_light_mirror_mvp,0.54354119,0.57238996,0.50026804,追求,对象关系,0.41399902,3,1764
1765,死心,死心,2,tencent_ai_lab_chinese_embedding_light_mirror_mvp,0.54347953,0.55739135,0.5226118,前任,恋爱历史,0.58082485,3,1765
1766,忽略,忽略,2,tencent_ai_lab_chinese_embedding_light_mirror_mvp,0.54347602,0.57660878,0.49377689,追求,对象关系,0.4706465,3,1766
1767,交情,交情,2,tencent_ai_lab_chinese_embedding_light_mirror_mvp,0.54345156,0.55955631,0.51929444,亲密,亲密行为,0.49984941,3,1767
1768,为情所伤,为情所伤,4,tencent_ai_lab_chinese_embedding_light_mirror_mvp,0.54339756,0.54643506,0.53884131,暗恋,恋爱核心,0.58426547,3,1768
1769,过亲,过亲,2,tencent_ai_lab_chinese_embedding_light_mirror_mvp,0.54338911,0.56802475,0.50643563,订婚,婚恋,0.48606813,3,1769
1770,抱紧,抱紧,2,tencent_ai_lab_chinese_embedding_light_mirror_mvp,0.54337314,0.5792377,0.48957631,拥抱,亲密行为,0.52706051,3,1770
1771,同床异梦,同床异梦,4,tencent_ai_lab_chinese_embedding_light_mirror_mvp,0.54335766,0.5554806,0.52517325,恋人,亲密行为,0.51502812,3,1771
1772,好不好,好不好,3,tencent_ai_lab_chinese_embedding_light_mirror_mvp,0.54329995,0.54962486,0.53381258,女朋友,对象关系,0.502352,3,1772
1773,胖子,胖子,2,tencent_ai_lab_chinese_embedding_light_mirror_mvp,0.54328249,0.55658448,0.5233295,女朋友,对象关系,0.49102369,3,1773
1774,一家子,一家子,3,tencent_ai_lab_chinese_embedding_light_mirror_mvp,0.54326352,0.55407554,0.52704549,老婆,婚恋,0.55596554,3,1774
1775,手淫,手淫,2,tencent_ai_lab_chinese_embedding_light_mirror_mvp,0.543223,0.56747258,0.50684863,接吻,校园恋爱,0.47813711,3,1775
1776,审美,审美,2,tencent_ai_lab_chinese_embedding_light_mirror_mvp,0.54310869,0.58990288,0.47291741,追求,社会比较与人生进度,0.47398716,3,1776
1777,年轻貌美,年轻貌美,4,tencent_ai_lab_chinese_embedding_light_mirror_mvp,0.54307733,0.5511086,0.53103042,丈夫,婚恋,0.55953932,3,1777
1778,而立之年,而立之年,4,tencent_ai_lab_chinese_embedding_light_mirror_mvp,0.54305265,0.55975699,0.51799613,同龄人,社会比较与人生进度,0.59139889,3,1778
1779,哭了,哭了,2,tencent_ai_lab_chinese_embedding_light_mirror_mvp,0.5430508,0.54725045,0.53675133,老婆,婚恋,0.54363751,3,1779
1780,坏脾气,坏脾气,3,tencent_ai_lab_chinese_embedding_light_mirror_mvp,0.54303114,0.54985261,0.53279895,伴侣,对象关系,0.54418391,3,1780
1781,这样的人,这样的人,4,tencent_ai_lab_chinese_embedding_light_mirror_mvp,0.54296539,0.54831004,0.53494841,伴侣,对象关系,0.5879246,3,1781
1782,心底,心底,2,tencent_ai_lab_chinese_embedding_light_mirror_mvp,0.54293184,0.54684305,0.53706503,初恋,恋爱核心,0.54126787,3,1782
1783,合适,合适,2,tencent_ai_lab_chinese_embedding_light_mirror_mvp,0.54288172,0.56580871,0.50849122,对象,对象关系,0.52435648,3,1783
1784,人设,人设,2,tencent_ai_lab_chinese_embedding_light_mirror_mvp,0.54281709,0.55335617,0.52700847,恋情,恋爱核心,0.56924522,3,1784
1785,想着,想着,2,tencent_ai_lab_chinese_embedding_light_mirror_mvp,0.54274457,0.54932213,0.53287822,老婆,对象关系,0.52854562,3,1785
1786,缠绵,缠绵,2,tencent_ai_lab_chinese_embedding_light_mirror_mvp,0.54273057,0.54690325,0.53647155,恋人,恋爱核心,0.56196237,3,1786
1787,辣鸡,辣鸡,2,tencent_ai_lab_chinese_embedding_light_mirror_mvp,0.54272017,0.56891108,0.50343382,表白,表白与追求,0.49778229,3,1787
1788,给他,给他,2,tencent_ai_lab_chinese_embedding_light_mirror_mvp,0.54271065,0.5475834,0.53540152,老婆,婚恋,0.51891637,3,1788
1789,唠叨,唠叨,2,tencent_ai_lab_chinese_embedding_light_mirror_mvp,0.54270804,0.55289364,0.52742964,老婆,婚恋,0.53120577,3,1789
1790,浓情,浓情,2,tencent_ai_lab_chinese_embedding_light_mirror_mvp,0.54270048,0.55351794,0.5264743,爱情,恋爱核心,0.52972847,3,1790
1791,败家,败家,2,tencent_ai_lab_chinese_embedding_light_mirror_mvp,0.54268403,0.56499112,0.5092234,老婆,婚恋,0.51290315,3,1791
1792,留校察看,留校察看,4,tencent_ai_lab_chinese_embedding_light_mirror_mvp,0.54262656,0.57304943,0.49699226,早恋,校园恋爱,0.57775617,3,1792
1793,年岁,年岁,2,tencent_ai_lab_chinese_embedding_light_mirror_mvp,0.5426174,0.58802372,0.47450793,同龄人,社会比较与人生进度,0.55175686,3,1793
1794,老四,老四,2,tencent_ai_lab_chinese_embedding_light_mirror_mvp,0.54261026,0.56470823,0.50946331,老婆,婚恋,0.49746805,3,1794
1795,小葵,小葵,2,tencent_ai_lab_chinese_embedding_light_mirror_mvp,0.54258326,0.5478043,0.53475171,男朋友,对象关系,0.51889706,3,1795
1796,整天,整天,2,tencent_ai_lab_chinese_embedding_light_mirror_mvp,0.54256682,0.55279863,0.52721912,老婆,对象关系,0.50011086,3,1796
1797,想念,想念,2,tencent_ai_lab_chinese_embedding_light_mirror_mvp,0.54252795,0.5532586,0.52643198,初恋,恋爱历史,0.53703928,3,1797
1798,高一,高一,2,tencent_ai_lab_chinese_embedding_light_mirror_mvp,0.54252146,0.56258768,0.51242214,同桌,校园恋爱,0.58713472,3,1798
1799,交集,交集,2,tencent_ai_lab_chinese_embedding_light_mirror_mvp,0.54250593,0.56316662,0.5115149,亲密,亲密行为,0.58111602,3,1799
1800,教养,教养,2,tencent_ai_lab_chinese_embedding_light_mirror_mvp,0.54249784,0.57591593,0.49237069,亲密关系,亲密行为,0.47181672,3,1800
1801,三观,三观,2,tencent_ai_lab_chinese_embedding_light_mirror_mvp,0.54246062,0.54713219,0.53545326,亲密关系,恋爱核心,0.55245167,3,1801
1802,演唱会,演唱会,3,tencent_ai_lab_chinese_embedding_light_mirror_mvp,0.54238198,0.56558239,0.50758135,婚礼,婚恋,0.47714615,3,1802
1803,要钱,要钱,2,tencent_ai_lab_chinese_embedding_light_mirror_mvp,0.54237775,0.5532406,0.52608347,老婆,婚恋,0.53953123,3,1803
1804,学生,学生,2,tencent_ai_lab_chinese_embedding_light_mirror_mvp,0.54237218,0.54975569,0.53129691,校服,校园恋爱,0.65551186,3,1804
1805,年轮,年轮,2,tencent_ai_lab_chinese_embedding_light_mirror_mvp,0.54236873,0.59001052,0.47090605,青春,社会比较与人生进度,0.50359726,3,1805
1806,自习,自习,2,tencent_ai_lab_chinese_embedding_light_mirror_mvp,0.54227039,0.55975109,0.51604933,同桌,校园恋爱,0.60404468,3,1806
1807,爱要,爱要,2,tencent_ai_lab_chinese_embedding_light_mirror_mvp,0.54225526,0.55156672,0.52828807,爱情,表白与追求,0.56946909,3,1807
1808,独自,独自,2,tencent_ai_lab_chinese_embedding_light_mirror_mvp,0.54225354,0.55207145,0.52752668,散步,约会,0.52599168,3,1808
1809,情圣,情圣,2,tencent_ai_lab_chinese_embedding_light_mirror_mvp,0.54222538,0.55175781,0.52792674,脱单,单身与脱单,0.55139983,3,1809
1810,没本事,没本事,3,tencent_ai_lab_chinese_embedding_light_mirror_mvp,0.5421134,0.56666982,0.50527877,老婆,婚恋,0.45296144,3,1810
1811,境界,境界,2,tencent_ai_lab_chinese_embedding_light_mirror_mvp,0.5420812,0.59177053,0.46754721,追求,社会比较与人生进度,0.4459272,3,1811
1812,不愉快,不愉快,3,tencent_ai_lab_chinese_embedding_light_mirror_mvp,0.54200444,0.5453428,0.5369969,前任,恋爱历史,0.53626049,3,1812
1813,对不起,对不起,3,tencent_ai_lab_chinese_embedding_light_mirror_mvp,0.54198401,0.55020559,0.52965164,女朋友,婚恋,0.53763914,3,1813
1814,热衷,热衷,2,tencent_ai_lab_chinese_embedding_light_mirror_mvp,0.54194609,0.58112597,0.48317626,追求,社会比较与人生进度,0.44944519,3,1814
1815,长久,长久,2,tencent_ai_lab_chinese_embedding_light_mirror_mvp,0.54194398,0.54756522,0.53351212,亲密关系,亲密行为,0.54618537,3,1815
1816,四年级,四年级,3,tencent_ai_lab_chinese_embedding_light_mirror_mvp,0.54193714,0.56658745,0.50496167,同桌,校园恋爱,0.61281359,3,1816
1817,坎坷,坎坷,2,tencent_ai_lab_chinese_embedding_light_mirror_mvp,0.54192271,0.56340015,0.50970656,爱情,恋爱核心,0.54286963,3,1817
1818,百般,百般,2,tencent_ai_lab_chinese_embedding_light_mirror_mvp,0.54189129,0.55302346,0.52519304,妻子,婚恋,0.55664629,3,1818
1819,做孕检,做孕检,3,tencent_ai_lab_chinese_embedding_light_mirror_mvp,0.54181356,0.55429161,0.5230965,老公,婚恋,0.56801558,3,1819
1820,卧床不起,卧床不起,4,tencent_ai_lab_chinese_embedding_light_mirror_mvp,0.54180007,0.56114995,0.51277524,丈夫,婚恋,0.49366981,3,1820
1821,小伙子,小伙子,3,tencent_ai_lab_chinese_embedding_light_mirror_mvp,0.54176044,0.55151832,0.52712363,女朋友,婚恋,0.50695789,3,1821
1822,中考,中考,2,tencent_ai_lab_chinese_embedding_light_mirror_mvp,0.5417408,0.56976515,0.49970427,早恋,校园恋爱,0.61653304,3,1822
1823,搂着,搂着,2,tencent_ai_lab_chinese_embedding_light_mirror_mvp,0.54172006,0.54838789,0.53171831,老婆,亲密行为,0.57217014,3,1823
1824,因为,因为,2,tencent_ai_lab_chinese_embedding_light_mirror_mvp,0.54171002,0.55183434,0.52652353,追求,对象关系,0.55219066,3,1824
1825,活力,活力,2,tencent_ai_lab_chinese_embedding_light_mirror_mvp,0.54164362,0.59077549,0.46794581,青春,社会比较与人生进度,0.56138885,3,1825
1826,享受性,享受性,3,tencent_ai_lab_chinese_embedding_light_mirror_mvp,0.54161448,0.55060875,0.52812308,伴侣,亲密行为,0.49124485,3,1826
1827,吃完饭,吃完饭,3,tencent_ai_lab_chinese_embedding_light_mirror_mvp,0.54155874,0.56173551,0.51129359,散步,约会,0.59055597,3,1827
1828,绝情,绝情,2,tencent_ai_lab_chinese_embedding_light_mirror_mvp,0.54155229,0.54789919,0.53203195,恋人,恋爱历史,0.57769334,3,1828
1829,大美女,大美女,3,tencent_ai_lab_chinese_embedding_light_mirror_mvp,0.54153414,0.54407549,0.53772211,女朋友,恋爱历史,0.52646291,3,1829
1830,多金,多金,2,tencent_ai_lab_chinese_embedding_light_mirror_mvp,0.54151425,0.55669737,0.51873958,单身,单身与脱单,0.55384147,3,1830
1831,上进心,上进心,3,tencent_ai_lab_chinese_embedding_light_mirror_mvp,0.54143252,0.5446645,0.53658456,女朋友,对象关系,0.55817354,3,1831
1832,盛大,盛大,2,tencent_ai_lab_chinese_embedding_light_mirror_mvp,0.5414305,0.57092559,0.49718785,婚礼,婚恋,0.42969498,3,1832
1833,校纪,校纪,2,tencent_ai_lab_chinese_embedding_light_mirror_mvp,0.54139849,0.56965661,0.49901131,早恋,校园恋爱,0.61567801,3,1833
1834,配不上,配不上,3,tencent_ai_lab_chinese_embedding_light_mirror_mvp,0.54139295,0.54490566,0.53612387,女朋友,恋爱历史,0.57290447,3,1834
1835,长跑,长跑,2,tencent_ai_lab_chinese_embedding_light_mirror_mvp,0.54132617,0.55127168,0.5264079,恋爱,恋爱核心,0.56070399,3,1835
1836,相好,相好,2,tencent_ai_lab_chinese_embedding_light_mirror_mvp,0.54131444,0.55741978,0.51715642,老婆,婚恋,0.53530788,3,1836
1837,没车,没车,2,tencent_ai_lab_chinese_embedding_light_mirror_mvp,0.54125311,0.54281306,0.53891319,女朋友,婚恋,0.52046525,3,1837
1838,太抠,太抠,2,tencent_ai_lab_chinese_embedding_light_mirror_mvp,0.54125021,0.54776645,0.53147584,老婆,婚恋,0.48103142,3,1838
1839,永恒,永恒,2,tencent_ai_lab_chinese_embedding_light_mirror_mvp,0.54120461,0.54674619,0.53289223,爱情,表白与追求,0.49662134,3,1839
1840,真正,真正,2,tencent_ai_lab_chinese_embedding_light_mirror_mvp,0.54116195,0.572712,0.49383688,追求,亲密行为,0.4810465,3,1840
1841,多爱,多爱,2,tencent_ai_lab_chinese_embedding_light_mirror_mvp,0.54111394,0.54589909,0.5339362,男朋友,恋爱核心,0.56094122,3,1841
1842,重婚,重婚,2,tencent_ai_lab_chinese_embedding_light_mirror_mvp,0.54104726,0.5597651,0.51297051,结婚,婚恋,0.54395926,3,1842
1843,校霸,校霸,2,tencent_ai_lab_chinese_embedding_light_mirror_mvp,0.54104658,0.5546065,0.52070671,同桌,校园恋爱,0.62723076,3,1843
1844,私人关系,私人关系,4,tencent_ai_lab_chinese_embedding_light_mirror_mvp,0.54104548,0.55114174,0.52590108,亲密关系,亲密行为,0.47128719,3,1844
1845,零花钱,零花钱,3,tencent_ai_lab_chinese_embedding_light_mirror_mvp,0.54096254,0.5442223,0.53607291,女朋友,校园恋爱,0.54200339,3,1845
1846,拍到,拍到,2,tencent_ai_lab_chinese_embedding_light_mirror_mvp,0.54095514,0.54124248,0.54052413,约会,约会,0.54268169,3,1846
1847,互相爱护,互相爱护,4,tencent_ai_lab_chinese_embedding_light_mirror_mvp,0.5409438,0.54500622,0.53485018,亲密关系,亲密行为,0.55255461,3,1847
1848,完美男人,完美男人,4,tencent_ai_lab_chinese_embedding_light_mirror_mvp,0.54091862,0.54264778,0.53832489,初恋,对象关系,0.57101059,3,1848
1849,找他,找他,2,tencent_ai_lab_chinese_embedding_light_mirror_mvp,0.54089483,0.55406147,0.52114487,女朋友,恋爱历史,0.52219141,3,1849
1850,当下,当下,2,tencent_ai_lab_chinese_embedding_light_mirror_mvp,0.54087198,0.56699252,0.50169116,追求,社会比较与人生进度,0.54246211,3,1850
1851,新戏,新戏,2,tencent_ai_lab_chinese_embedding_light_mirror_mvp,0.540869,0.56983835,0.49741498,恋情,恋爱核心,0.48033965,3,1851
1852,三四岁,三四岁,3,tencent_ai_lab_chinese_embedding_light_mirror_mvp,0.54082907,0.5855453,0.47375473,同龄人,校园恋爱,0.48063785,3,1852
1853,相互了解,相互了解,4,tencent_ai_lab_chinese_embedding_light_mirror_mvp,0.54072571,0.56112421,0.51012796,亲密关系,亲密行为,0.58173478,3,1853
1854,下班,下班,2,tencent_ai_lab_chinese_embedding_light_mirror_mvp,0.54069872,0.54770136,0.53019476,老公,约会,0.57593179,3,1854
1855,心里,心里,2,tencent_ai_lab_chinese_embedding_light_mirror_mvp,0.54067717,0.54317081,0.5369367,初恋,表白与追求,0.55621815,3,1855
1856,委曲求全,委曲求全,4,tencent_ai_lab_chinese_embedding_light_mirror_mvp,0.54053051,0.5442276,0.53498489,爱情,表白与追求,0.53752077,3,1856
1857,没良心,没良心,3,tencent_ai_lab_chinese_embedding_light_mirror_mvp,0.54051975,0.56035572,0.51076579,老婆,婚恋,0.47223049,3,1857
1858,猜疑,猜疑,2,tencent_ai_lab_chinese_embedding_light_mirror_mvp,0.54047775,0.55010033,0.52604389,亲密关系,亲密行为,0.49659356,3,1858
1859,妻儿老小,妻儿老小,4,tencent_ai_lab_chinese_embedding_light_mirror_mvp,0.54044939,0.55600411,0.51711732,妻子,婚恋,0.47066015,3,1859
1860,奋斗不息,奋斗不息,4,tencent_ai_lab_chinese_embedding_light_mirror_mvp,0.54044006,0.55484736,0.51882911,青春,社会比较与人生进度,0.5313893,3,1860
1861,不喜欢,不喜欢,3,tencent_ai_lab_chinese_embedding_light_mirror_mvp,0.54035935,0.54605305,0.53181881,女朋友,表白与追求,0.58617079,3,1861
1862,如花,如花,2,tencent_ai_lab_chinese_embedding_light_mirror_mvp,0.54035606,0.55296934,0.52143615,青春,恋爱核心,0.47728118,3,1862
1863,妈家,妈家,2,tencent_ai_lab_chinese_embedding_light_mirror_mvp,0.54033625,0.56035829,0.5103032,老公,婚恋,0.47062874,3,1863
1864,屌丝,屌丝,2,tencent_ai_lab_chinese_embedding_light_mirror_mvp,0.54032922,0.54889715,0.52747732,女朋友,对象关系,0.53309798,3,1864
1865,唯美,唯美,2,tencent_ai_lab_chinese_embedding_light_mirror_mvp,0.54031878,0.55577219,0.51713866,青春,表白与追求,0.50186974,3,1865
1866,成年,成年,2,tencent_ai_lab_chinese_embedding_light_mirror_mvp,0.54031337,0.56349963,0.50553399,同龄人,社会比较与人生进度,0.5268333,3,1866
1867,道歉,道歉,2,tencent_ai_lab_chinese_embedding_light_mirror_mvp,0.54025954,0.55600053,0.51664805,求婚,婚恋,0.51893765,3,1867
1868,汉服,汉服,2,tencent_ai_lab_chinese_embedding_light_mirror_mvp,0.54024588,0.59676445,0.45546803,校服,校园恋爱,0.43257201,3,1868
1869,痴情女,痴情女,3,tencent_ai_lab_chinese_embedding_light_mirror_mvp,0.54020119,0.54132426,0.53851658,爱情,恋爱核心,0.58166265,3,1869
1870,工作服,工作服,3,tencent_ai_lab_chinese_embedding_light_mirror_mvp,0.5400576,0.61518252,0.42737022,校服,校园恋爱,0.42962098,3,1870
1871,心想,心想,2,tencent_ai_lab_chinese_embedding_light_mirror_mvp,0.5400503,0.55890924,0.5117619,老婆,婚恋,0.48987362,3,1871
1872,重点对象,重点对象,4,tencent_ai_lab_chinese_embedding_light_mirror_mvp,0.54004725,0.63697541,0.39465502,对象,对象关系,0.34703532,3,1872
1873,罚站,罚站,2,tencent_ai_lab_chinese_embedding_light_mirror_mvp,0.54003633,0.56449133,0.50335383,同桌,校园恋爱,0.6210357,3,1873
1874,假装,假装,2,tencent_ai_lab_chinese_embedding_light_mirror_mvp,0.54002215,0.54501671,0.53253031,女朋友,对象关系,0.56460404,3,1874
1875,矫情,矫情,2,tencent_ai_lab_chinese_embedding_light_mirror_mvp,0.53997622,0.54791152,0.52807325,爱情,表白与追求,0.56266159,3,1875
1876,内疚,内疚,2,tencent_ai_lab_chinese_embedding_light_mirror_mvp,0.53997332,0.55133635,0.52292877,妻子,婚恋,0.52206695,3,1876
1877,永驻,永驻,2,tencent_ai_lab_chinese_embedding_light_mirror_mvp,0.53994946,0.58007169,0.47976613,青春,社会比较与人生进度,0.462026,3,1877
1878,都说,都说,2,tencent_ai_lab_chinese_embedding_light_mirror_mvp,0.53994926,0.54999131,0.52488619,老婆,对象关系,0.53905898,3,1878
1879,楼主,楼主,2,tencent_ai_lab_chinese_embedding_light_mirror_mvp,0.53987473,0.54503316,0.5321371,女朋友,对象关系,0.48169792,3,1879
1880,女学霸,女学霸,3,tencent_ai_lab_chinese_embedding_light_mirror_mvp,0.53984358,0.54488659,0.53227907,男朋友,校园恋爱,0.58567238,3,1880
1881,买菜,买菜,2,tencent_ai_lab_chinese_embedding_light_mirror_mvp,0.53980616,0.54712754,0.52882409,散步,约会,0.54233181,3,1881
1882,你会,你会,2,tencent_ai_lab_chinese_embedding_light_mirror_mvp,0.53978775,0.54447889,0.53275102,伴侣,对象关系,0.57307804,3,1882
1883,付账,付账,2,tencent_ai_lab_chinese_embedding_light_mirror_mvp,0.53978004,0.55605519,0.51536733,第一次约会,约会,0.5489794,3,1883
1884,小新,小新,2,tencent_ai_lab_chinese_embedding_light_mirror_mvp,0.53975694,0.55504465,0.51682538,女朋友,校园恋爱,0.54381311,3,1884
1885,游戏人生,游戏人生,4,tencent_ai_lab_chinese_embedding_light_mirror_mvp,0.53974192,0.54552388,0.53106898,爱情,恋爱核心,0.54140431,3,1885
1886,宿命,宿命,2,tencent_ai_lab_chinese_embedding_light_mirror_mvp,0.53966641,0.55958366,0.50979054,爱情,恋爱核心,0.52462965,3,1886
1887,做月子,做月子,3,tencent_ai_lab_chinese_embedding_light_mirror_mvp,0.53965784,0.55607826,0.51502723,老公,婚恋,0.52765799,3,1887
1888,价值观念,价值观念,4,tencent_ai_lab_chinese_embedding_light_mirror_mvp,0.53964933,0.55390137,0.51827127,亲密关系,社会比较与人生进度,0.45493764,3,1888
1889,所谓,所谓,2,tencent_ai_lab_chinese_embedding_light_mirror_mvp,0.53963319,0.57868832,0.48105049,追求,对象关系,0.41664973,3,1889
1890,努力,努力,2,tencent_ai_lab_chinese_embedding_light_mirror_mvp,0.53960934,0.56307065,0.50441736,追求,社会比较与人生进度,0.57727748,3,1890
1891,推心置腹,推心置腹,4,tencent_ai_lab_chinese_embedding_light_mirror_mvp,0.53954738,0.54984921,0.52409464,亲密,亲密行为,0.53698099,3,1891
1892,避嫌,避嫌,2,tencent_ai_lab_chinese_embedding_light_mirror_mvp,0.53951521,0.57228285,0.49036375,亲密,亲密行为,0.51572579,3,1892
1893,懂得,懂得,2,tencent_ai_lab_chinese_embedding_light_mirror_mvp,0.53946257,0.54685211,0.52837825,爱情,社会比较与人生进度,0.52688611,3,1893
1894,旭哥,旭哥,2,tencent_ai_lab_chinese_embedding_light_mirror_mvp,0.53939788,0.5539372,0.51758891,女朋友,校园恋爱,0.46505791,3,1894
1895,老母,老母,2,tencent_ai_lab_chinese_embedding_light_mirror_mvp,0.53938106,0.55132836,0.52146012,妻子,婚恋,0.47409314,3,1895
1896,对了,对了,2,tencent_ai_lab_chinese_embedding_light_mirror_mvp,0.53935199,0.56005871,0.5082919,女朋友,对象关系,0.52075934,3,1896
1897,热衷于,热衷于,3,tencent_ai_lab_chinese_embedding_light_mirror_mvp,0.53934895,0.57401621,0.48734805,追求,社会比较与人生进度,0.48387951,3,1897
1898,民政局,民政局,3,tencent_ai_lab_chinese_embedding_light_mirror_mvp,0.53932729,0.55714631,0.51259875,结婚,婚恋,0.5584783,3,1898
1899,诀别,诀别,2,tencent_ai_lab_chinese_embedding_light_mirror_mvp,0.53929464,0.54301172,0.533719,恋人,恋爱核心,0.5230009,3,1899
1900,觉察,觉察,2,tencent_ai_lab_chinese_embedding_light_mirror_mvp,0.53924687,0.57945246,0.47893849,亲密关系,亲密行为,0.48541194,3,1900
1901,愉快,愉快,2,tencent_ai_lab_chinese_embedding_light_mirror_mvp,0.53922393,0.55566323,0.51456499,亲密,约会,0.55079663,3,1901
1902,红毯,红毯,2,tencent_ai_lab_chinese_embedding_light_mirror_mvp,0.53920441,0.55882347,0.50977582,婚礼,亲密行为,0.45989355,3,1902
1903,西餐厅,西餐厅,3,tencent_ai_lab_chinese_embedding_light_mirror_mvp,0.5392009,0.55413651,0.51679748,第一次约会,约会,0.57806247,3,1903
1904,蜜语,蜜语,2,tencent_ai_lab_chinese_embedding_light_mirror_mvp,0.53917543,0.54446083,0.53124732,爱情,恋爱核心,0.55988157,3,1904
1905,阳光灿烂的日子,阳光灿烂的日子,7,tencent_ai_lab_chinese_embedding_light_mirror_mvp,0.53912543,0.54772323,0.52622873,青春,社会比较与人生进度,0.49395937,3,1905
1906,相反,相反,2,tencent_ai_lab_chinese_embedding_light_mirror_mvp,0.53908715,0.56172717,0.50512713,追求,社会比较与人生进度,0.49469972,3,1906
1907,怎么,怎么,2,tencent_ai_lab_chinese_embedding_light_mirror_mvp,0.53907355,0.54897064,0.52422792,女朋友,对象关系,0.5158186,3,1907
1908,勇往直前,勇往直前,4,tencent_ai_lab_chinese_embedding_light_mirror_mvp,0.53902417,0.55954415,0.50824422,青春,社会比较与人生进度,0.52518302,3,1908
1909,逆反心理,逆反心理,4,tencent_ai_lab_chinese_embedding_light_mirror_mvp,0.53901749,0.56453097,0.50074726,早恋,校园恋爱,0.47265971,3,1909
1910,一个人,一个人,3,tencent_ai_lab_chinese_embedding_light_mirror_mvp,0.53893559,0.54210186,0.53418618,老婆,对象关系,0.58620536,3,1910
1911,出游,出游,2,tencent_ai_lab_chinese_embedding_light_mirror_mvp,0.53890812,0.56464982,0.50029558,约会,约会,0.55455571,3,1911
1912,旅行,旅行,2,tencent_ai_lab_chinese_embedding_light_mirror_mvp,0.53890188,0.55231857,0.51877683,约会,约会,0.56178939,3,1912
1913,密会,密会,2,tencent_ai_lab_chinese_embedding_light_mirror_mvp,0.5388586,0.55577886,0.51347822,约会,约会,0.52287155,3,1913
1914,理智,理智,2,tencent_ai_lab_chinese_embedding_light_mirror_mvp,0.53877244,0.54521286,0.5291118,爱情,恋爱核心,0.5310967,3,1914
1915,说出,说出,2,tencent_ai_lab_chinese_embedding_light_mirror_mvp,0.53877101,0.55003989,0.52186769,告白,表白与追求,0.56532192,3,1915
1916,有染,有染,2,tencent_ai_lab_chinese_embedding_light_mirror_mvp,0.53874564,0.54947579,0.52265042,妻子,恋爱历史,0.53930199,3,1916
1917,我娘,我娘,2,tencent_ai_lab_chinese_embedding_light_mirror_mvp,0.53872899,0.55334991,0.5167976,老婆,婚恋,0.50352728,3,1917
1918,不知道,不知道,3,tencent_ai_lab_chinese_embedding_light_mirror_mvp,0.53871551,0.55754161,0.51047635,女朋友,对象关系,0.54218471,3,1918
1919,有理想,有理想,3,tencent_ai_lab_chinese_embedding_light_mirror_mvp,0.53871299,0.55998403,0.50680643,追求,社会比较与人生进度,0.4912979,3,1919
1920,回来,回来,2,tencent_ai_lab_chinese_embedding_light_mirror_mvp,0.53866777,0.54844463,0.52400249,老婆,婚恋,0.53034067,3,1920
1921,联结,联结,2,tencent_ai_lab_chinese_embedding_light_mirror_mvp,0.53864052,0.55793381,0.5097006,亲密关系,亲密行为,0.54664022,3,1921
1922,触摸,触摸,2,tencent_ai_lab_chinese_embedding_light_mirror_mvp,0.5386349,0.57192218,0.48870397,拥抱,亲密行为,0.54763222,3,1922
1923,想找,想找,2,tencent_ai_lab_chinese_embedding_light_mirror_mvp,0.53855721,0.54702049,0.52586228,单身,对象关系,0.54593587,3,1923
1924,悲欢离合,悲欢离合,4,tencent_ai_lab_chinese_embedding_light_mirror_mvp,0.53853612,0.56031847,0.50586259,爱情,恋爱核心,0.48611599,3,1924
1925,六年级,六年级,3,tencent_ai_lab_chinese_embedding_light_mirror_mvp,0.53853273,0.55323482,0.51647961,同桌,校园恋爱,0.63723028,3,1925
1926,欢乐,欢乐,2,tencent_ai_lab_chinese_embedding_light_mirror_mvp,0.53851147,0.56134367,0.50426316,青春,社会比较与人生进度,0.51294971,3,1926
1927,军服,军服,2,tencent_ai_lab_chinese_embedding_light_mirror_mvp,0.5384322,0.62293959,0.41167113,校服,校园恋爱,0.40799212,3,1927
1928,晚安,晚安,2,tencent_ai_lab_chinese_embedding_light_mirror_mvp,0.53839083,0.54970062,0.52142614,表白,表白与追求,0.54003346,3,1928
1929,临盆,临盆,2,tencent_ai_lab_chinese_embedding_light_mirror_mvp,0.53833787,0.55228972,0.5174101,妻子,婚恋,0.5638783,3,1929
1930,而言,而言,2,tencent_ai_lab_chinese_embedding_light_mirror_mvp,0.53832761,0.57347226,0.48561063,追求,社会比较与人生进度,0.52872241,3,1930
1931,志趣,志趣,2,tencent_ai_lab_chinese_embedding_light_mirror_mvp,0.53830829,0.5477103,0.52420527,追求,恋爱核心,0.49528313,3,1931
1932,熟识,熟识,2,tencent_ai_lab_chinese_embedding_light_mirror_mvp,0.53829477,0.57911074,0.47707081,亲密,亲密行为,0.51098394,3,1932
1933,仪式,仪式,2,tencent_ai_lab_chinese_embedding_light_mirror_mvp,0.53826815,0.5771873,0.47988942,婚礼,亲密行为,0.43133509,3,1933
1934,病重,病重,2,tencent_ai_lab_chinese_embedding_light_mirror_mvp,0.5382331,0.55954915,0.50625902,妻子,婚恋,0.52676749,3,1934
1935,心扉,心扉,2,tencent_ai_lab_chinese_embedding_light_mirror_mvp,0.53820784,0.55168772,0.51798803,初恋,恋爱核心,0.52237463,3,1935
1936,毕业,毕业,2,tencent_ai_lab_chinese_embedding_light_mirror_mvp,0.53816516,0.55720329,0.50960797,结婚,社会比较与人生进度,0.51987284,3,1936
1937,晚会,晚会,2,tencent_ai_lab_chinese_embedding_light_mirror_mvp,0.53815829,0.58007801,0.47527871,婚礼,社会比较与人生进度,0.44295794,3,1937
1938,追忆,追忆,2,tencent_ai_lab_chinese_embedding_light_mirror_mvp,0.53814118,0.56568253,0.49682915,青春,社会比较与人生进度,0.49869481,3,1938
1939,情感障碍,情感障碍,4,tencent_ai_lab_chinese_embedding_light_mirror_mvp,0.53813956,0.57820737,0.47803783,亲密关系,亲密行为,0.41686711,3,1939
1940,亲朋好友,亲朋好友,4,tencent_ai_lab_chinese_embedding_light_mirror_mvp,0.53810899,0.54559779,0.52687579,婚礼,婚恋,0.586344,3,1940
1941,偏爱,偏爱,2,tencent_ai_lab_chinese_embedding_light_mirror_mvp,0.53809714,0.58137423,0.47318152,追求,表白与追求,0.48943245,3,1941
1942,我知道,我知道,3,tencent_ai_lab_chinese_embedding_light_mirror_mvp,0.53806264,0.5468154,0.52493352,女朋友,社会比较与人生进度,0.54523426,3,1942
1943,没事,没事,2,tencent_ai_lab_chinese_embedding_light_mirror_mvp,0.5380433,0.54435474,0.52857614,老婆,对象关系,0.46772414,3,1943
1944,生疏,生疏,2,tencent_ai_lab_chinese_embedding_light_mirror_mvp,0.53801718,0.58705997,0.46445298,亲密,亲密行为,0.49196628,3,1944
1945,如果说,如果说,3,tencent_ai_lab_chinese_embedding_light_mirror_mvp,0.5379949,0.56868804,0.49195519,追求,社会比较与人生进度,0.55909204,3,1945
1946,棉衣,棉衣,2,tencent_ai_lab_chinese_embedding_light_mirror_mvp,0.5379158,0.61525911,0.42190084,校服,校园恋爱,0.41656178,3,1946
1947,草坪,草坪,2,tencent_ai_lab_chinese_embedding_light_mirror_mvp,0.53789331,0.59339809,0.45463613,散步,约会,0.49538565,3,1947
1948,女患者,女患者,3,tencent_ai_lab_chinese_embedding_light_mirror_mvp,0.5378396,0.5538981,0.51375186,丈夫,婚恋,0.4730531,3,1948
1949,女经理,女经理,3,tencent_ai_lab_chinese_embedding_light_mirror_mvp,0.53783453,0.5449357,0.52718276,老公,婚恋,0.4922263,3,1949
1950,卸任,卸任,2,tencent_ai_lab_chinese_embedding_light_mirror_mvp,0.53782904,0.59461939,0.45264351,前任,恋爱历史,0.39505965,3,1950
1951,平庸,平庸,2,tencent_ai_lab_chinese_embedding_light_mirror_mvp,0.5377933,0.55351079,0.51421708,追求,社会比较与人生进度,0.63309121,3,1951
1952,自恋,自恋,2,tencent_ai_lab_chinese_embedding_light_mirror_mvp,0.53778998,0.54943782,0.52031821,暗恋,表白与追求,0.56830406,3,1952
1953,比分,比分,2,tencent_ai_lab_chinese_embedding_light_mirror_mvp,0.53777041,0.62140965,0.41231155,落后,社会比较与人生进度,0.49374795,3,1953
1954,一段,一段,2,tencent_ai_lab_chinese_embedding_light_mirror_mvp,0.53775078,0.54342371,0.52924138,恋情,恋爱核心,0.57268727,3,1954
1955,吵着,吵着,2,tencent_ai_lab_chinese_embedding_light_mirror_mvp,0.53772153,0.54735845,0.52326614,老婆,婚恋,0.54009324,3,1955
1956,打麻将,打麻将,3,tencent_ai_lab_chinese_embedding_light_mirror_mvp,0.53767283,0.55345714,0.51399636,老婆,约会,0.50897765,3,1956
1957,他养,他养,2,tencent_ai_lab_chinese_embedding_light_mirror_mvp,0.53764992,0.5461694,0.52487069,老婆,婚恋,0.50873733,3,1957
1958,重男轻女,重男轻女,4,tencent_ai_lab_chinese_embedding_light_mirror_mvp,0.53764107,0.54261303,0.53018314,老公,婚恋,0.54830146,3,1958
1959,许下,许下,2,tencent_ai_lab_chinese_embedding_light_mirror_mvp,0.53758558,0.55138665,0.51688397,求婚,表白与追求,0.51063228,3,1959
1960,养家,养家,2,tencent_ai_lab_chinese_embedding_light_mirror_mvp,0.53757675,0.54210496,0.53078443,丈夫,婚恋,0.52497315,3,1960
1961,抠门,抠门,2,tencent_ai_lab_chinese_embedding_light_mirror_mvp,0.53757265,0.5502851,0.51850396,老婆,婚恋,0.50578725,3,1961
1962,进校,进校,2,tencent_ai_lab_chinese_embedding_light_mirror_mvp,0.53753992,0.55443317,0.51220006,早恋,校园恋爱,0.63195014,3,1962
1963,孝子,孝子,2,tencent_ai_lab_chinese_embedding_light_mirror_mvp,0.53752588,0.54929155,0.51987737,妻子,婚恋,0.51536232,3,1963
1964,低年级,低年级,3,tencent_ai_lab_chinese_embedding_light_mirror_mvp,0.53750275,0.54858619,0.5208776,早恋,校园恋爱,0.63997382,3,1964
1965,勾搭,勾搭,2,tencent_ai_lab_chinese_embedding_light_mirror_mvp,0.53749012,0.54268759,0.5296939,约会,单身与脱单,0.54543203,3,1965
1966,病故,病故,2,tencent_ai_lab_chinese_embedding_light_mirror_mvp,0.53741286,0.55816722,0.50628132,妻子,婚恋,0.50272876,3,1966
1967,路人,路人,2,tencent_ai_lab_chinese_embedding_light_mirror_mvp,0.53738955,0.56282294,0.49923947,情侣,对象关系,0.52884591,3,1967
1968,买醉,买醉,2,tencent_ai_lab_chinese_embedding_light_mirror_mvp,0.5373552,0.55016381,0.51814228,约会,约会,0.55277449,3,1968
1969,随遇而安,随遇而安,4,tencent_ai_lab_chinese_embedding_light_mirror_mvp,0.53731625,0.55434871,0.51176757,爱情,恋爱核心,0.51068962,3,1969
1970,下厨,下厨,2,tencent_ai_lab_chinese_embedding_light_mirror_mvp,0.53731486,0.54535908,0.52524853,老婆,婚恋,0.54312891,3,1970
1971,家要,家要,2,tencent_ai_lab_chinese_embedding_light_mirror_mvp,0.53728001,0.54722619,0.52236074,订婚,婚恋,0.56044084,3,1971
1972,结伴,结伴,2,tencent_ai_lab_chinese_embedding_light_mirror_mvp,0.53722086,0.54914701,0.51933163,散步,约会,0.56758893,3,1972
1973,戴套,戴套,2,tencent_ai_lab_chinese_embedding_light_mirror_mvp,0.53721709,0.55130732,0.51608175,接吻,约会,0.49101183,3,1973
1974,家庭暴力,家庭暴力,4,tencent_ai_lab_chinese_embedding_light_mirror_mvp,0.53719735,0.55269694,0.51394796,亲密关系,对象关系,0.49190027,3,1974
1975,心意,心意,2,tencent_ai_lab_chinese_embedding_light_mirror_mvp,0.53718946,0.54157805,0.53060657,告白,表白与追求,0.58091342,3,1975
1976,宴客,宴客,2,tencent_ai_lab_chinese_embedding_light_mirror_mvp,0.53715512,0.55734998,0.50686282,婚礼,约会,0.47945854,3,1976
1977,庸俗,庸俗,2,tencent_ai_lab_chinese_embedding_light_mirror_mvp,0.53715143,0.55306756,0.51327723,追求,社会比较与人生进度,0.50163543,3,1977
1978,长大成人,长大成人,4,tencent_ai_lab_chinese_embedding_light_mirror_mvp,0.53714931,0.54604614,0.52380407,结婚,婚恋,0.53480113,3,1978
1979,拘谨,拘谨,2,tencent_ai_lab_chinese_embedding_light_mirror_mvp,0.53714702,0.56127405,0.50095648,亲密,亲密行为,0.51666617,3,1979
1980,欢愉,欢愉,2,tencent_ai_lab_chinese_embedding_light_mirror_mvp,0.53712113,0.54704499,0.52223533,爱情,亲密行为,0.56722701,3,1980
1981,付出,付出,2,tencent_ai_lab_chinese_embedding_light_mirror_mvp,0.53709018,0.55009127,0.51758856,追求,表白与追求,0.52825183,3,1981
1982,孤单,孤单,2,tencent_ai_lab_chinese_embedding_light_mirror_mvp,0.53706944,0.53895676,0.53423846,恋人,对象关系,0.5211733,3,1982
1983,家境,家境,2,tencent_ai_lab_chinese_embedding_light_mirror_mvp,0.53704743,0.54323828,0.52776116,同龄人,婚恋,0.54700142,3,1983
1984,狗子,狗子,2,tencent_ai_lab_chinese_embedding_light_mirror_mvp,0.5369117,0.54281712,0.52805358,老婆,对象关系,0.49802661,3,1984
1985,学生妹,学生妹,3,tencent_ai_lab_chinese_embedding_light_mirror_mvp,0.53684815,0.54953569,0.51781684,校服,校园恋爱,0.57244056,3,1985
1986,想我,想我,2,tencent_ai_lab_chinese_embedding_light_mirror_mvp,0.53681128,0.54059732,0.53113222,女朋友,恋爱历史,0.50414467,3,1986
1987,艺术,艺术,2,tencent_ai_lab_chinese_embedding_light_mirror_mvp,0.53664143,0.55810881,0.50444037,追求,社会比较与人生进度,0.47732359,3,1987
1988,忘掉,忘掉,2,tencent_ai_lab_chinese_embedding_light_mirror_mvp,0.53663249,0.54218602,0.52830219,前任,恋爱核心,0.55357456,3,1988
1989,小学老师,小学老师,4,tencent_ai_lab_chinese_embedding_light_mirror_mvp,0.53661293,0.54488033,0.52421182,同桌,校园恋爱,0.60304588,3,1989
1990,得知,得知,2,tencent_ai_lab_chinese_embedding_light_mirror_mvp,0.53657941,0.55890888,0.5030852,妻子,婚恋,0.50868219,3,1990
1991,性知识,性知识,3,tencent_ai_lab_chinese_embedding_light_mirror_mvp,0.53654959,0.55746293,0.50517958,早恋,校园恋爱,0.46883637,3,1991
1992,那么,那么,2,tencent_ai_lab_chinese_embedding_light_mirror_mvp,0.53652527,0.55081344,0.51509303,追求,对象关系,0.55845416,3,1992
1993,偷拍,偷拍,2,tencent_ai_lab_chinese_embedding_light_mirror_mvp,0.53645825,0.53806722,0.5340448,接吻,约会,0.52635986,3,1993
1994,课室,课室,2,tencent_ai_lab_chinese_embedding_light_mirror_mvp,0.5364271,0.56336629,0.49601832,同桌,校园恋爱,0.61198527,3,1994
1995,超哥,超哥,2,tencent_ai_lab_chinese_embedding_light_mirror_mvp,0.53630844,0.54331833,0.52579361,老婆,婚恋,0.48501933,3,1995
1996,妇人,妇人,2,tencent_ai_lab_chinese_embedding_light_mirror_mvp,0.53626617,0.55732077,0.50468427,丈夫,婚恋,0.46791691,3,1996
1997,他家,他家,2,tencent_ai_lab_chinese_embedding_light_mirror_mvp,0.53625796,0.54804969,0.51857036,老婆,婚恋,0.52186853,3,1997
1998,小哥,小哥,2,tencent_ai_lab_chinese_embedding_light_mirror_mvp,0.53620987,0.55474043,0.50841403,女朋友,对象关系,0.49771225,3,1998
1999,人缘,人缘,2,tencent_ai_lab_chinese_embedding_light_mirror_mvp,0.5361876,0.54488254,0.5231452,单身,单身与脱单,0.52536058,3,1999
2000,吵起来,吵起来,3,tencent_ai_lab_chinese_embedding_light_mirror_mvp,0.53611205,0.54282343,0.52604496,老婆,婚恋,0.54650092,3,2000
2001,全校同学,全校同学,4,tencent_ai_lab_chinese_embedding_light_mirror_mvp,0.53610634,0.55737776,0.50419921,同桌,校园恋爱,0.58752048,3,2001
2002,留任,留任,2,tencent_ai_lab_chinese_embedding_light_mirror_mvp,0.53605658,0.60706878,0.42953828,前任,恋爱历史,0.40379998,3,2002
2003,心心念念,心心念念,4,tencent_ai_lab_chinese_embedding_light_mirror_mvp,0.53603647,0.55553281,0.50679195,初恋,表白与追求,0.5448854,3,2003
2004,男男女女,男男女女,4,tencent_ai_lab_chinese_embedding_light_mirror_mvp,0.53593253,0.56255901,0.49599281,情侣,对象关系,0.49965692,3,2004
2005,婚姻自由,婚姻自由,4,tencent_ai_lab_chinese_embedding_light_mirror_mvp,0.53587132,0.54095399,0.5282473,结婚,婚恋,0.49078506,3,2005
2006,好像,好像,2,tencent_ai_lab_chinese_embedding_light_mirror_mvp,0.53586327,0.54140216,0.52755493,男朋友,对象关系,0.57372904,3,2006
2007,性福,性福,2,tencent_ai_lab_chinese_embedding_light_mirror_mvp,0.53585664,0.53857523,0.53177875,伴侣,单身与脱单,0.55907959,3,2007
2008,两位数,两位数,3,tencent_ai_lab_chinese_embedding_light_mirror_mvp,0.535841,0.61061203,0.42368445,落后,社会比较与人生进度,0.49565947,3,2008
2009,再说,再说,2,tencent_ai_lab_chinese_embedding_light_mirror_mvp,0.53577127,0.54353273,0.52412909,老婆,婚恋,0.50495207,3,2009
2010,汗衫,汗衫,2,tencent_ai_lab_chinese_embedding_light_mirror_mvp,0.53577033,0.60781598,0.42770186,校服,校园恋爱,0.4652915,3,2010
2011,不切实际,不切实际,4,tencent_ai_lab_chinese_embedding_light_mirror_mvp,0.53576277,0.56720912,0.48859325,追求,表白与追求,0.47847182,3,2011
2012,落幕,落幕,2,tencent_ai_lab_chinese_embedding_light_mirror_mvp,0.53572673,0.57467651,0.47730204,青春,社会比较与人生进度,0.5508455,3,2012
2013,共事,共事,2,tencent_ai_lab_chinese_embedding_light_mirror_mvp,0.53571794,0.55251408,0.51052374,前任,亲密行为,0.50028998,3,2013
2014,戏中,戏中,2,tencent_ai_lab_chinese_embedding_light_mirror_mvp,0.53569136,0.54110754,0.52756709,恋情,恋爱核心,0.57463229,3,2014
2015,天真烂漫,天真烂漫,4,tencent_ai_lab_chinese_embedding_light_mirror_mvp,0.53568797,0.54580522,0.5205121,初恋,社会比较与人生进度,0.54605329,3,2015
2016,吵嘴,吵嘴,2,tencent_ai_lab_chinese_embedding_light_mirror_mvp,0.53555088,0.54026318,0.52848244,恋人,婚恋,0.55352634,3,2016
2017,轰轰烈烈,轰轰烈烈,4,tencent_ai_lab_chinese_embedding_light_mirror_mvp,0.53549843,0.54549873,0.52049798,恋爱,恋爱核心,0.56185329,3,2017
2018,洒脱,洒脱,2,tencent_ai_lab_chinese_embedding_light_mirror_mvp,0.53549122,0.53956836,0.52937549,青春,恋爱核心,0.54273725,3,2018
2019,睡觉,睡觉,2,tencent_ai_lab_chinese_embedding_light_mirror_mvp,0.53546934,0.54349411,0.5234322,老婆,约会,0.54133022,3,2019
2020,对立,对立,2,tencent_ai_lab_chinese_embedding_light_mirror_mvp,0.53542446,0.56581509,0.48983851,亲密关系,亲密行为,0.48467046,3,2020
2021,腼腆,腼腆,2,tencent_ai_lab_chinese_embedding_light_mirror_mvp,0.5354233,0.5430429,0.52399391,暗恋,表白与追求,0.55539811,3,2021
2022,健身,健身,2,tencent_ai_lab_chinese_embedding_light_mirror_mvp,0.53541574,0.55350614,0.50828016,散步,约会,0.55916929,3,2022
2023,泳衣,泳衣,2,tencent_ai_lab_chinese_embedding_light_mirror_mvp,0.53538896,0.58121407,0.46665129,校服,约会,0.4596175,3,2023
2024,心伤,心伤,2,tencent_ai_lab_chinese_embedding_light_mirror_mvp,0.53532898,0.54390478,0.52246529,初恋,恋爱核心,0.54933649,3,2024
2025,六叔,六叔,2,tencent_ai_lab_chinese_embedding_light_mirror_mvp,0.53531961,0.54390562,0.52244061,恋情,婚恋,0.55703974,3,2025
2026,知心人,知心人,3,tencent_ai_lab_chinese_embedding_light_mirror_mvp,0.53524635,0.544245,0.52174836,伴侣,对象关系,0.55437517,3,2026
2027,补课,补课,2,tencent_ai_lab_chinese_embedding_light_mirror_mvp,0.53521404,0.57039791,0.48243824,早恋,校园恋爱,0.59523022,3,2027
2028,刚出道,刚出道,3,tencent_ai_lab_chinese_embedding_light_mirror_mvp,0.53520851,0.53966856,0.52851844,恋情,社会比较与人生进度,0.51403761,3,2028
2029,抚养权,抚养权,3,tencent_ai_lab_chinese_embedding_light_mirror_mvp,0.53519883,0.54240239,0.5243935,结婚,婚恋,0.58259463,3,2029
2030,开业典礼,开业典礼,4,tencent_ai_lab_chinese_embedding_light_mirror_mvp,0.53517359,0.56833392,0.4854331,婚礼,婚恋,0.4380146,3,2030
2031,家长,家长,2,tencent_ai_lab_chinese_embedding_light_mirror_mvp,0.53515251,0.5622772,0.49446547,早恋,校园恋爱,0.58741212,3,2031
2032,这货,这货,2,tencent_ai_lab_chinese_embedding_light_mirror_mvp,0.53511144,0.55454522,0.50596076,老婆,恋爱历史,0.45508415,3,2032
2033,高龄产妇,高龄产妇,4,tencent_ai_lab_chinese_embedding_light_mirror_mvp,0.53509393,0.54959476,0.51334268,结婚,婚恋,0.53050834,3,2033
2034,劣势,劣势,2,tencent_ai_lab_chinese_embedding_light_mirror_mvp,0.53502504,0.59799832,0.44056511,落后,社会比较与人生进度,0.52520382,3,2034
2035,搞好学习,搞好学习,4,tencent_ai_lab_chinese_embedding_light_mirror_mvp,0.53496207,0.56192505,0.49451759,早恋,校园恋爱,0.53672945,3,2035
2036,情事,情事,2,tencent_ai_lab_chinese_embedding_light_mirror_mvp,0.53495041,0.54012591,0.52718717,爱情,恋爱核心,0.58579195,3,2036
2037,复读,复读,2,tencent_ai_lab_chinese_embedding_light_mirror_mvp,0.53493541,0.55860829,0.4994261,早恋,校园恋爱,0.55478466,3,2037
2038,私密,私密,2,tencent_ai_lab_chinese_embedding_light_mirror_mvp,0.53488424,0.55181396,0.50948966,亲密,亲密行为,0.5388366,3,2038
2039,气不过,气不过,3,tencent_ai_lab_chinese_embedding_light_mirror_mvp,0.53487873,0.54168844,0.52466416,老婆,恋爱历史,0.50249994,3,2039
2040,说实话,说实话,3,tencent_ai_lab_chinese_embedding_light_mirror_mvp,0.53478347,0.54683167,0.51671118,女朋友,社会比较与人生进度,0.52246749,3,2040
2041,高冷,高冷,2,tencent_ai_lab_chinese_embedding_light_mirror_mvp,0.53474817,0.53672969,0.53177589,暗恋,表白与追求,0.57512438,3,2041
2042,同学会,同学会,3,tencent_ai_lab_chinese_embedding_light_mirror_mvp,0.53474383,0.53746092,0.5306682,男朋友,校园恋爱,0.57881325,3,2042
2043,打招呼,打招呼,3,tencent_ai_lab_chinese_embedding_light_mirror_mvp,0.53470356,0.55130708,0.50979829,拥抱,亲密行为,0.54686511,3,2043
2044,两对,两对,2,tencent_ai_lab_chinese_embedding_light_mirror_mvp,0.53469661,0.56901598,0.48321757,情侣,对象关系,0.47286469,3,2044
2045,小倪,小倪,2,tencent_ai_lab_chinese_embedding_light_mirror_mvp,0.53469597,0.54458863,0.51985699,丈夫,婚恋,0.49954504,3,2045
2046,完美主义,完美主义,4,tencent_ai_lab_chinese_embedding_light_mirror_mvp,0.53467151,0.55102831,0.51013631,追求,恋爱核心,0.48803312,3,2046
2047,怎么样,怎么样,3,tencent_ai_lab_chinese_embedding_light_mirror_mvp,0.53465712,0.55503488,0.50409049,女朋友,对象关系,0.51356828,3,2047
2048,合作,合作,2,tencent_ai_lab_chinese_embedding_light_mirror_mvp,0.53465149,0.55743194,0.50048083,牵手,亲密行为,0.56352508,3,2048
2049,可人,可人,2,tencent_ai_lab_chinese_embedding_light_mirror_mvp,0.53462797,0.5384379,0.52891308,男朋友,对象关系,0.54339314,3,2049
2050,闹僵,闹僵,2,tencent_ai_lab_chinese_embedding_light_mirror_mvp,0.53459916,0.54021859,0.52617002,前任,恋爱历史,0.53535223,3,2050
2051,性感受,性感受,3,tencent_ai_lab_chinese_embedding_light_mirror_mvp,0.53457566,0.55228478,0.508012,伴侣,亲密行为,0.47710395,3,2051
2052,倾向,倾向,2,tencent_ai_lab_chinese_embedding_light_mirror_mvp,0.53450953,0.55304772,0.50670224,追求,社会比较与人生进度,0.38060886,3,2052
2053,嫖娼,嫖娼,2,tencent_ai_lab_chinese_embedding_light_mirror_mvp,0.53449697,0.54006636,0.5261429,老婆,婚恋,0.54353243,3,2053
2054,友善,友善,2,tencent_ai_lab_chinese_embedding_light_mirror_mvp,0.53447108,0.5573231,0.50019306,亲密,亲密行为,0.51701248,3,2054
2055,刷牙,刷牙,2,tencent_ai_lab_chinese_embedding_light_mirror_mvp,0.53445793,0.57271039,0.47707924,接吻,约会,0.48355469,3,2055
2056,生理,生理,2,tencent_ai_lab_chinese_embedding_light_mirror_mvp,0.53443451,0.56290936,0.49172223,亲密关系,亲密行为,0.44290513,3,2056
2057,射精,射精,2,tencent_ai_lab_chinese_embedding_light_mirror_mvp,0.5344294,0.57459414,0.47418228,接吻,亲密行为,0.45833164,3,2057
2058,这身,这身,2,tencent_ai_lab_chinese_embedding_light_mirror_mvp,0.53440886,0.58102983,0.46447739,校服,社会比较与人生进度,0.42709118,3,2058
2059,自我完善,自我完善,4,tencent_ai_lab_chinese_embedding_light_mirror_mvp,0.53434504,0.5567233,0.50077766,追求,亲密行为,0.42674226,3,2059
2060,成功人士,成功人士,4,tencent_ai_lab_chinese_embedding_light_mirror_mvp,0.53433541,0.54556006,0.51749843,同龄人,对象关系,0.5015595,3,2060
2061,一心,一心,2,tencent_ai_lab_chinese_embedding_light_mirror_mvp,0.53429196,0.56644428,0.48606348,追求,婚恋,0.44153029,3,2061
2062,女人一生,女人一生,4,tencent_ai_lab_chinese_embedding_light_mirror_mvp,0.53423551,0.5459711,0.51663214,爱情,恋爱核心,0.51338321,3,2062
2063,转学,转学,2,tencent_ai_lab_chinese_embedding_light_mirror_mvp,0.53423077,0.54881471,0.51235485,早恋,校园恋爱,0.60726631,3,2063
2064,你好,你好,2,tencent_ai_lab_chinese_embedding_light_mirror_mvp,0.53420533,0.54682273,0.51527923,女朋友,表白与追求,0.50355417,3,2064
2065,玩乐,玩乐,2,tencent_ai_lab_chinese_embedding_light_mirror_mvp,0.53419983,0.55834258,0.49798572,约会,约会,0.559551,3,2065
2066,兄弟般,兄弟般,3,tencent_ai_lab_chinese_embedding_light_mirror_mvp,0.53419802,0.56468427,0.48846865,亲密,亲密行为,0.54092389,3,2066
2067,在你,在你,2,tencent_ai_lab_chinese_embedding_light_mirror_mvp,0.53418941,0.55108607,0.50884444,伴侣,对象关系,0.52893555,3,2067
2068,胖小子,胖小子,3,tencent_ai_lab_chinese_embedding_light_mirror_mvp,0.53412514,0.55254614,0.50649363,老婆,婚恋,0.51356745,3,2068
2069,离婚率,离婚率,3,tencent_ai_lab_chinese_embedding_light_mirror_mvp,0.53410438,0.54352492,0.51997358,结婚,单身与脱单,0.51720333,3,2069
2070,当家人,当家人,3,tencent_ai_lab_chinese_embedding_light_mirror_mvp,0.53405476,0.54942238,0.51100332,前任,婚恋,0.50545496,3,2070
2071,懦弱,懦弱,2,tencent_ai_lab_chinese_embedding_light_mirror_mvp,0.53404658,0.54319,0.52033144,暗恋,表白与追求,0.54087621,3,2071
2072,聊聊天,聊聊天,3,tencent_ai_lab_chinese_embedding_light_mirror_mvp,0.5340433,0.56182075,0.49237713,散步,约会,0.56211179,3,2072
2073,晚上,晚上,2,tencent_ai_lab_chinese_embedding_light_mirror_mvp,0.53404191,0.54372263,0.51952082,散步,约会,0.57540083,3,2073
2074,定义,定义,2,tencent_ai_lab_chinese_embedding_light_mirror_mvp,0.53401212,0.55906427,0.49643388,追求,社会比较与人生进度,0.41408774,3,2074
2075,衷情,衷情,2,tencent_ai_lab_chinese_embedding_light_mirror_mvp,0.53385507,0.54201871,0.5216096,恋人,表白与追求,0.56524104,3,2075
2076,走红,走红,2,tencent_ai_lab_chinese_embedding_light_mirror_mvp,0.53384792,0.55762827,0.49817738,恋情,恋爱核心,0.49759457,3,2076
2077,公主,公主,2,tencent_ai_lab_chinese_embedding_light_mirror_mvp,0.53384018,0.53950632,0.52534097,求婚,婚恋,0.59370339,3,2077
2078,出国留学,出国留学,4,tencent_ai_lab_chinese_embedding_light_mirror_mvp,0.53380651,0.53872073,0.5264352,早恋,校园恋爱,0.50788665,3,2078
2079,心塞,心塞,2,tencent_ai_lab_chinese_embedding_light_mirror_mvp,0.53380345,0.53923875,0.5256505,男朋友,恋爱历史,0.53553349,3,2079
2080,小小年纪,小小年纪,4,tencent_ai_lab_chinese_embedding_light_mirror_mvp,0.53379931,0.58192897,0.46160483,同龄人,社会比较与人生进度,0.47528762,3,2080
2081,包容,包容,2,tencent_ai_lab_chinese_embedding_light_mirror_mvp,0.53377938,0.54644287,0.51478416,拥抱,亲密行为,0.54650557,3,2081
2082,生日蛋糕,生日蛋糕,4,tencent_ai_lab_chinese_embedding_light_mirror_mvp,0.53375586,0.55357474,0.50402755,婚礼,婚恋,0.51304245,3,2082
2083,老郑,老郑,2,tencent_ai_lab_chinese_embedding_light_mirror_mvp,0.53374509,0.54972333,0.50977772,老婆,婚恋,0.47707814,3,2083
2084,工友,工友,2,tencent_ai_lab_chinese_embedding_light_mirror_mvp,0.5337003,0.54452825,0.51745838,妻子,婚恋,0.45774499,3,2084
2085,出生,出生,2,tencent_ai_lab_chinese_embedding_light_mirror_mvp,0.53369099,0.54726166,0.51333499,结婚,婚恋,0.4964664,3,2085
2086,充满希望,充满希望,4,tencent_ai_lab_chinese_embedding_light_mirror_mvp,0.53368218,0.54984128,0.50944352,青春,社会比较与人生进度,0.51936662,3,2086
2087,亲属,亲属,2,tencent_ai_lab_chinese_embedding_light_mirror_mvp,0.53368024,0.54772526,0.5126127,妻子,婚恋,0.49817714,3,2087
2088,受伤害,受伤害,3,tencent_ai_lab_chinese_embedding_light_mirror_mvp,0.53367368,0.54197186,0.52122641,亲密关系,恋爱核心,0.537242,3,2088
2089,曾经,曾经,2,tencent_ai_lab_chinese_embedding_light_mirror_mvp,0.53366957,0.55985695,0.49438849,前任,恋爱历史,0.54102623,3,2089
2090,推崇,推崇,2,tencent_ai_lab_chinese_embedding_light_mirror_mvp,0.53366098,0.5984568,0.43646726,追求,表白与追求,0.36226639,3,2090
2091,飙泪,飙泪,2,tencent_ai_lab_chinese_embedding_light_mirror_mvp,0.53364625,0.5462786,0.51469773,告白,表白与追求,0.49782306,3,2091
2092,放风筝,放风筝,3,tencent_ai_lab_chinese_embedding_light_mirror_mvp,0.5336427,0.58841366,0.45148626,散步,约会,0.52245069,3,2092
2093,说分,说分,2,tencent_ai_lab_chinese_embedding_light_mirror_mvp,0.53354983,0.53478563,0.53169614,前女友,恋爱历史,0.57426977,3,2093
2094,其女,其女,2,tencent_ai_lab_chinese_embedding_light_mirror_mvp,0.53352368,0.54697633,0.51334471,妻子,婚恋,0.50328135,3,2094
2095,肩并肩,肩并肩,3,tencent_ai_lab_chinese_embedding_light_mirror_mvp,0.53345621,0.55484366,0.50137502,牵手,亲密行为,0.538095,3,2095
2096,共赴,共赴,2,tencent_ai_lab_chinese_embedding_light_mirror_mvp,0.53345258,0.55637676,0.49906632,牵手,亲密行为,0.54385525,3,2096
2097,十六岁,十六岁,3,tencent_ai_lab_chinese_embedding_light_mirror_mvp,0.53345006,0.55180728,0.50591421,同龄人,社会比较与人生进度,0.4725357,3,2097
2098,挑逗,挑逗,2,tencent_ai_lab_chinese_embedding_light_mirror_mvp,0.53340139,0.54395437,0.51757193,接吻,亲密行为,0.55857986,3,2098
2099,快乐的,快乐的,3,tencent_ai_lab_chinese_embedding_light_mirror_mvp,0.5333616,0.53971231,0.52383554,爱情,亲密行为,0.55490911,3,2099
2100,居然,居然,2,tencent_ai_lab_chinese_embedding_light_mirror_mvp,0.53334777,0.54535317,0.51533967,老婆,婚恋,0.48892635,3,2100
2101,喝酒,喝酒,2,tencent_ai_lab_chinese_embedding_light_mirror_mvp,0.53332794,0.53714252,0.52760607,约会,约会,0.60108441,3,2101
2102,长裙,长裙,2,tencent_ai_lab_chinese_embedding_light_mirror_mvp,0.53331047,0.57781196,0.46655825,校服,校园恋爱,0.41745466,3,2102
2103,情深意长,情深意长,4,tencent_ai_lab_chinese_embedding_light_mirror_mvp,0.53328979,0.54246128,0.51953256,爱情,恋爱核心,0.52422464,3,2103
2104,同舍,同舍,2,tencent_ai_lab_chinese_embedding_light_mirror_mvp,0.53326222,0.57854068,0.46534452,同桌,校园恋爱,0.49322554,3,2104
2105,结局,结局,2,tencent_ai_lab_chinese_embedding_light_mirror_mvp,0.53320869,0.53868252,0.52499795,爱情,恋爱核心,0.55789679,3,2105
2106,甜如,甜如,2,tencent_ai_lab_chinese_embedding_light_mirror_mvp,0.53316259,0.55601841,0.49887887,初恋,恋爱核心,0.53363723,3,2106
2107,中年,中年,2,tencent_ai_lab_chinese_embedding_light_mirror_mvp,0.53314157,0.55249858,0.50410604,单身,社会比较与人生进度,0.52235043,3,2107
2108,情绪化,情绪化,3,tencent_ai_lab_chinese_embedding_light_mirror_mvp,0.53308215,0.55063891,0.50674701,亲密关系,恋爱核心,0.48631772,3,2108
2109,不辞而别,不辞而别,4,tencent_ai_lab_chinese_embedding_light_mirror_mvp,0.53306944,0.54393005,0.51677853,妻子,恋爱历史,0.55626774,3,2109
2110,宠爱,宠爱,2,tencent_ai_lab_chinese_embedding_light_mirror_mvp,0.53305491,0.5346579,0.53065044,老婆,婚恋,0.55860829,3,2110
2111,挥别,挥别,2,tencent_ai_lab_chinese_embedding_light_mirror_mvp,0.53303614,0.54450059,0.51583946,拥抱,恋爱核心,0.48882258,3,2111
2112,职场,职场,2,tencent_ai_lab_chinese_embedding_light_mirror_mvp,0.53291286,0.53922278,0.52344799,爱情,单身与脱单,0.53257847,3,2112
2113,诠释,诠释,2,tencent_ai_lab_chinese_embedding_light_mirror_mvp,0.53287979,0.55000979,0.5071848,追求,表白与追求,0.48573363,3,2113
2114,百般挑剔,百般挑剔,4,tencent_ai_lab_chinese_embedding_light_mirror_mvp,0.53286757,0.53893232,0.52377045,老公,对象关系,0.52794003,3,2114
2115,童话般,童话般,3,tencent_ai_lab_chinese_embedding_light_mirror_mvp,0.53283263,0.53772706,0.525491,初恋,恋爱核心,0.54202002,3,2115
2116,关心,关心,2,tencent_ai_lab_chinese_embedding_light_mirror_mvp,0.53279091,0.54349428,0.51673585,拥抱,亲密行为,0.52648163,3,2116
2117,勇敢的人,勇敢的人,4,tencent_ai_lab_chinese_embedding_light_mirror_mvp,0.53276762,0.54838139,0.50934696,爱情,表白与追求,0.54350603,3,2117
2118,护工,护工,2,tencent_ai_lab_chinese_embedding_light_mirror_mvp,0.53274186,0.54472733,0.51476365,丈夫,婚恋,0.46393538,3,2118
2119,中学老师,中学老师,4,tencent_ai_lab_chinese_embedding_light_mirror_mvp,0.53271691,0.53981537,0.52206922,同桌,校园恋爱,0.59207386,3,2119
2120,物质财富,物质财富,4,tencent_ai_lab_chinese_embedding_light_mirror_mvp,0.53265612,0.56574732,0.48301932,追求,社会比较与人生进度,0.48559141,3,2120
2121,人生在世,人生在世,4,tencent_ai_lab_chinese_embedding_light_mirror_mvp,0.53259606,0.56266004,0.4875001,爱情,恋爱核心,0.49091375,3,2121
2122,反目,反目,2,tencent_ai_lab_chinese_embedding_light_mirror_mvp,0.53258283,0.54557276,0.51309794,亲密,亲密行为,0.51078999,3,2122
2123,重点高中,重点高中,4,tencent_ai_lab_chinese_embedding_light_mirror_mvp,0.53256693,0.54824197,0.50905436,早恋,校园恋爱,0.6280691,3,2123
2124,性格开朗,性格开朗,4,tencent_ai_lab_chinese_embedding_light_mirror_mvp,0.53256048,0.54817718,0.50913543,同龄人,对象关系,0.49118456,3,2124
2125,街心公园,街心公园,4,tencent_ai_lab_chinese_embedding_light_mirror_mvp,0.53254819,0.59298879,0.44188729,散步,约会,0.51298785,3,2125
2126,而有,而有,2,tencent_ai_lab_chinese_embedding_light_mirror_mvp,0.53253469,0.57889944,0.46298757,追求,社会比较与人生进度,0.47576809,3,2126
2127,大爷,大爷,2,tencent_ai_lab_chinese_embedding_light_mirror_mvp,0.53253131,0.54976094,0.50668687,老婆,婚恋,0.46510231,3,2127
2128,个性,个性,2,tencent_ai_lab_chinese_embedding_light_mirror_mvp,0.53251834,0.55039811,0.50569868,追求,社会比较与人生进度,0.55708706,3,2128
2129,事物,事物,2,tencent_ai_lab_chinese_embedding_light_mirror_mvp,0.53251653,0.53910589,0.52263248,亲密关系,亲密行为,0.47168207,3,2129
2130,课堂纪律,课堂纪律,4,tencent_ai_lab_chinese_embedding_light_mirror_mvp,0.53250505,0.55780196,0.49455968,同桌,校园恋爱,0.61018562,3,2130
2131,态度,态度,2,tencent_ai_lab_chinese_embedding_light_mirror_mvp,0.53249725,0.55521297,0.49842367,追求,对象关系,0.48615608,3,2131
2132,阿江,阿江,2,tencent_ai_lab_chinese_embedding_light_mirror_mvp,0.53244785,0.53734642,0.52509999,妻子,婚恋,0.51577234,3,2132
2133,成就,成就,2,tencent_ai_lab_chinese_embedding_light_mirror_mvp,0.53243886,0.57261914,0.47216845,追求,社会比较与人生进度,0.50541109,3,2133
2134,总说,总说,2,tencent_ai_lab_chinese_embedding_light_mirror_mvp,0.53243603,0.53476626,0.52894068,男朋友,社会比较与人生进度,0.53807408,3,2134
2135,主义者,主义者,3,tencent_ai_lab_chinese_embedding_light_mirror_mvp,0.53241525,0.56548762,0.48280668,追求,表白与追求,0.42218071,3,2135
2136,喝茶,喝茶,2,tencent_ai_lab_chinese_embedding_light_mirror_mvp,0.53241421,0.5731644,0.47128892,散步,约会,0.5356828,3,2136
2137,才是,才是,2,tencent_ai_lab_chinese_embedding_light_mirror_mvp,0.532374,0.56195539,0.48800191,追求,社会比较与人生进度,0.46648344,3,2137
2138,男粉,男粉,2,tencent_ai_lab_chinese_embedding_light_mirror_mvp,0.53235823,0.53492254,0.52851176,前女友,对象关系,0.52698994,3,2138
2139,秀禾服,秀禾服,3,tencent_ai_lab_chinese_embedding_light_mirror_mvp,0.53234764,0.56844389,0.47820327,婚礼,婚恋,0.44178307,3,2139
2140,抚摸,抚摸,2,tencent_ai_lab_chinese_embedding_light_mirror_mvp,0.53233372,0.55324823,0.50096196,拥抱,亲密行为,0.57293868,3,2140
2141,不淡定,不淡定,3,tencent_ai_lab_chinese_embedding_light_mirror_mvp,0.53231814,0.54039931,0.52019638,前女友,恋爱历史,0.5325613,3,2141
2142,忍让,忍让,2,tencent_ai_lab_chinese_embedding_light_mirror_mvp,0.53231584,0.54066831,0.51978713,亲密关系,恋爱核心,0.50115216,3,2142
2143,大伯,大伯,2,tencent_ai_lab_chinese_embedding_light_mirror_mvp,0.5322286,0.53797871,0.52360344,老婆,婚恋,0.51101893,3,2143
2144,青春片,青春片,3,tencent_ai_lab_chinese_embedding_light_mirror_mvp,0.53221347,0.53720343,0.52472854,青春,校园恋爱,0.5332216,3,2144
2145,骚货,骚货,2,tencent_ai_lab_chinese_embedding_light_mirror_mvp,0.53218009,0.54103565,0.51889676,老婆,恋爱历史,0.48879629,3,2145
2146,房祖名,房祖名,3,tencent_ai_lab_chinese_embedding_light_mirror_mvp,0.53216503,0.53412509,0.52922493,前女友,恋爱历史,0.51634097,3,2146
2147,七夕,七夕,2,tencent_ai_lab_chinese_embedding_light_mirror_mvp,0.53213363,0.54206336,0.51723903,告白,单身与脱单,0.5341574,3,2147
2148,就算,就算,2,tencent_ai_lab_chinese_embedding_light_mirror_mvp,0.53201783,0.53869557,0.52200121,女朋友,对象关系,0.56711298,3,2148
2149,女演员,女演员,3,tencent_ai_lab_chinese_embedding_light_mirror_mvp,0.53198957,0.54230928,0.51651001,恋情,婚恋,0.51312417,3,2149
2150,结过,结过,2,tencent_ai_lab_chinese_embedding_light_mirror_mvp,0.53197917,0.54500276,0.51244378,结婚,婚恋,0.54745114,3,2150
2151,十二岁,十二岁,3,tencent_ai_lab_chinese_embedding_light_mirror_mvp,0.53197647,0.56095695,0.48850575,同龄人,社会比较与人生进度,0.45951635,3,2151
2152,某件事,某件事,3,tencent_ai_lab_chinese_embedding_light_mirror_mvp,0.53195405,0.53568244,0.52636147,亲密关系,表白与追求,0.50457215,3,2152
2153,让爱,让爱,2,tencent_ai_lab_chinese_embedding_light_mirror_mvp,0.531935,0.54078841,0.51865488,爱情,恋爱核心,0.50351131,3,2153
2154,讲台,讲台,2,tencent_ai_lab_chinese_embedding_light_mirror_mvp,0.53192735,0.58142042,0.45768774,同桌,校园恋爱,0.55900288,3,2154
2155,陪着,陪着,2,tencent_ai_lab_chinese_embedding_light_mirror_mvp,0.53191545,0.54220414,0.51648241,散步,婚恋,0.53191167,3,2155
2156,献花,献花,2,tencent_ai_lab_chinese_embedding_light_mirror_mvp,0.53189782,0.54572529,0.51115662,求婚,约会,0.46071097,3,2156
2157,暖心,暖心,2,tencent_ai_lab_chinese_embedding_light_mirror_mvp,0.5318723,0.54739904,0.50858217,告白,亲密行为,0.5122695,3,2157
2158,动情,动情,2,tencent_ai_lab_chinese_embedding_light_mirror_mvp,0.53183086,0.53345001,0.52940214,爱情,亲密行为,0.58273703,3,2158
2159,曾经沧海,曾经沧海,4,tencent_ai_lab_chinese_embedding_light_mirror_mvp,0.53183059,0.53922528,0.52073854,爱情,恋爱核心,0.5196445,3,2159
2160,各奔东西,各奔东西,4,tencent_ai_lab_chinese_embedding_light_mirror_mvp,0.53182745,0.53885114,0.52129191,初恋,恋爱核心,0.55182254,3,2160
2161,谁知,谁知,2,tencent_ai_lab_chinese_embedding_light_mirror_mvp,0.53181462,0.53965461,0.52005464,老婆,婚恋,0.54129446,3,2161
2162,口是心非,口是心非,4,tencent_ai_lab_chinese_embedding_light_mirror_mvp,0.53177395,0.53614652,0.52521509,暗恋,表白与追求,0.55966198,3,2162
2163,逛一逛,逛一逛,3,tencent_ai_lab_chinese_embedding_light_mirror_mvp,0.53176026,0.56628299,0.47997618,散步,约会,0.56537712,3,2163
2164,八岁,八岁,2,tencent_ai_lab_chinese_embedding_light_mirror_mvp,0.53176012,0.56717777,0.47863364,同龄人,社会比较与人生进度,0.47009414,3,2164
2165,永远爱你,永远爱你,4,tencent_ai_lab_chinese_embedding_light_mirror_mvp,0.53173549,0.54560328,0.51093382,表白,表白与追求,0.52935219,3,2165
2166,社会中,社会中,3,tencent_ai_lab_chinese_embedding_light_mirror_mvp,0.53171434,0.54543626,0.51113147,亲密关系,社会比较与人生进度,0.47197142,3,2166
2167,泡温泉,泡温泉,3,tencent_ai_lab_chinese_embedding_light_mirror_mvp,0.53167624,0.55028844,0.50375795,散步,约会,0.59339023,3,2167
2168,卑微,卑微,2,tencent_ai_lab_chinese_embedding_light_mirror_mvp,0.53165166,0.54857183,0.50627142,爱情,表白与追求,0.51344252,3,2168
2169,冷淡,冷淡,2,tencent_ai_lab_chinese_embedding_light_mirror_mvp,0.53160944,0.53804016,0.52196336,亲密,对象关系,0.54969352,3,2169
2170,事业心,事业心,3,tencent_ai_lab_chinese_embedding_light_mirror_mvp,0.53159046,0.53513587,0.52627236,老公,恋爱核心,0.52215958,3,2170
2171,购物,购物,2,tencent_ai_lab_chinese_embedding_light_mirror_mvp,0.53156945,0.56117332,0.48716363,约会,约会,0.57054675,3,2171
2172,极致,极致,2,tencent_ai_lab_chinese_embedding_light_mirror_mvp,0.5315449,0.59323299,0.43901277,追求,表白与追求,0.42307958,3,2172
2173,对于,对于,2,tencent_ai_lab_chinese_embedding_light_mirror_mvp,0.53153125,0.55012161,0.50364572,追求,社会比较与人生进度,0.51672822,3,2173
2174,老了,老了,2,tencent_ai_lab_chinese_embedding_light_mirror_mvp,0.53152853,0.53850752,0.52106005,同龄人,社会比较与人生进度,0.61292171,3,2174
2175,大妈,大妈,2,tencent_ai_lab_chinese_embedding_light_mirror_mvp,0.53151982,0.53745723,0.5226137,老婆,婚恋,0.49939376,3,2175
2176,走动,走动,2,tencent_ai_lab_chinese_embedding_light_mirror_mvp,0.53148357,0.58085597,0.45742497,散步,约会,0.44878787,3,2176
2177,叫她,叫她,2,tencent_ai_lab_chinese_embedding_light_mirror_mvp,0.5314665,0.53431588,0.52719241,老公,婚恋,0.53579116,3,2177
2178,坚信,坚信,2,tencent_ai_lab_chinese_embedding_light_mirror_mvp,0.53140634,0.56772673,0.47692576,追求,社会比较与人生进度,0.47370946,3,2178
2179,学业,学业,2,tencent_ai_lab_chinese_embedding_light_mirror_mvp,0.53138227,0.53758419,0.52207941,恋爱,社会比较与人生进度,0.5292114,3,2179
2180,冬装,冬装,2,tencent_ai_lab_chinese_embedding_light_mirror_mvp,0.53137532,0.60005593,0.42835441,校服,校园恋爱,0.38414997,3,2180
2181,体贴人,体贴人,3,tencent_ai_lab_chinese_embedding_light_mirror_mvp,0.53137333,0.53784525,0.52166545,老婆,婚恋,0.51900959,3,2181
2182,佣人,佣人,2,tencent_ai_lab_chinese_embedding_light_mirror_mvp,0.53134745,0.53543609,0.52521449,丈夫,婚恋,0.53539366,3,2182
2183,香港媒体,香港媒体,4,tencent_ai_lab_chinese_embedding_light_mirror_mvp,0.53134719,0.55068523,0.50234014,恋情,婚恋,0.49757844,3,2183
2184,赡养费,赡养费,3,tencent_ai_lab_chinese_embedding_light_mirror_mvp,0.53130798,0.53525186,0.52539217,丈夫,婚恋,0.56637317,3,2184
2185,当你,当你,2,tencent_ai_lab_chinese_embedding_light_mirror_mvp,0.53130689,0.54723346,0.50741702,伴侣,对象关系,0.53382182,3,2185
2186,话说,话说,2,tencent_ai_lab_chinese_embedding_light_mirror_mvp,0.531294,0.54266077,0.51424384,女朋友,婚恋,0.51688784,3,2186
2187,伉俪,伉俪,2,tencent_ai_lab_chinese_embedding_light_mirror_mvp,0.5312638,0.53882909,0.51991588,情侣,婚恋,0.53216183,3,2187
2188,理解,理解,2,tencent_ai_lab_chinese_embedding_light_mirror_mvp,0.53115356,0.5424943,0.51414245,追求,亲密行为,0.50129992,3,2188
2189,下半场,下半场,3,tencent_ai_lab_chinese_embedding_light_mirror_mvp,0.53113368,0.60027039,0.4274286,落后,社会比较与人生进度,0.53291404,3,2189
2190,他对,他对,2,tencent_ai_lab_chinese_embedding_light_mirror_mvp,0.53110836,0.54146755,0.51556957,妻子,对象关系,0.49261874,3,2190
2191,而对,而对,2,tencent_ai_lab_chinese_embedding_light_mirror_mvp,0.5310986,0.54770362,0.50619107,追求,社会比较与人生进度,0.47196659,3,2191
2192,才生,才生,2,tencent_ai_lab_chinese_embedding_light_mirror_mvp,0.53108302,0.53394288,0.52679324,结婚,婚恋,0.54903585,3,2192
2193,朝三暮四,朝三暮四,4,tencent_ai_lab_chinese_embedding_light_mirror_mvp,0.53108013,0.53547359,0.52448994,爱情,对象关系,0.54850245,3,2193
2194,内涵,内涵,2,tencent_ai_lab_chinese_embedding_light_mirror_mvp,0.53105773,0.56323326,0.48279443,追求,社会比较与人生进度,0.50076228,3,2194
2195,外公,外公,2,tencent_ai_lab_chinese_embedding_light_mirror_mvp,0.53105304,0.53175807,0.5299955,老公,婚恋,0.52896106,3,2195
2196,然而,然而,2,tencent_ai_lab_chinese_embedding_light_mirror_mvp,0.53105218,0.54496348,0.51018524,追求,社会比较与人生进度,0.5999366,3,2196
2197,少女时代,少女时代,4,tencent_ai_lab_chinese_embedding_light_mirror_mvp,0.53102582,0.54016411,0.51731837,初恋,恋爱核心,0.54420841,3,2197
2198,知冷知热,知冷知热,4,tencent_ai_lab_chinese_embedding_light_mirror_mvp,0.53097696,0.55092967,0.50104791,伴侣,对象关系,0.52380908,3,2198
2199,稚气,稚气,2,tencent_ai_lab_chinese_embedding_light_mirror_mvp,0.5309351,0.54265821,0.51335043,同龄人,社会比较与人生进度,0.56357622,3,2199
2200,女病人,女病人,3,tencent_ai_lab_chinese_embedding_light_mirror_mvp,0.53091851,0.54534966,0.5092718,丈夫,婚恋,0.48530102,3,2200
2201,美学,美学,2,tencent_ai_lab_chinese_embedding_light_mirror_mvp,0.53090173,0.56843543,0.47460118,追求,社会比较与人生进度,0.42618549,3,2201
2202,神补刀,神补刀,3,tencent_ai_lab_chinese_embedding_light_mirror_mvp,0.53088493,0.54178298,0.51453787,前女友,恋爱历史,0.51148427,3,2202
2203,纯洁,纯洁,2,tencent_ai_lab_chinese_embedding_light_mirror_mvp,0.53079673,0.53842169,0.51935929,爱情,恋爱核心,0.52316105,3,2203
2204,励志,励志,2,tencent_ai_lab_chinese_embedding_light_mirror_mvp,0.5307704,0.54930508,0.50296837,青春,社会比较与人生进度,0.53078496,3,2204
2205,妹纸们,妹纸们,3,tencent_ai_lab_chinese_embedding_light_mirror_mvp,0.53075449,0.53862798,0.51894426,男朋友,单身与脱单,0.52803576,3,2205
2206,总是,总是,2,tencent_ai_lab_chinese_embedding_light_mirror_mvp,0.53071158,0.54401135,0.51076192,爱情,社会比较与人生进度,0.57327616,3,2206
2207,面对现实,面对现实,4,tencent_ai_lab_chinese_embedding_light_mirror_mvp,0.53070505,0.54365718,0.51127684,爱情,恋爱核心,0.52999324,3,2207
2208,性趣,性趣,2,tencent_ai_lab_chinese_embedding_light_mirror_mvp,0.53066465,0.53755242,0.52033299,伴侣,对象关系,0.54824793,3,2208
2209,校领导,校领导,3,tencent_ai_lab_chinese_embedding_light_mirror_mvp,0.53059945,0.55581498,0.49277616,同桌,校园恋爱,0.60798502,3,2209
2210,取舍,取舍,2,tencent_ai_lab_chinese_embedding_light_mirror_mvp,0.53057415,0.56867778,0.47341871,追求,表白与追求,0.36949557,3,2210
2211,理由,理由,2,tencent_ai_lab_chinese_embedding_light_mirror_mvp,0.53055837,0.5408653,0.51509798,对象,对象关系,0.53779912,3,2211
2212,结缘,结缘,2,tencent_ai_lab_chinese_embedding_light_mirror_mvp,0.53055377,0.54096329,0.51493949,牵手,恋爱核心,0.53457105,3,2212
2213,升学,升学,2,tencent_ai_lab_chinese_embedding_light_mirror_mvp,0.53054508,0.5575186,0.4900848,早恋,校园恋爱,0.54526651,3,2213
2214,一见如故,一见如故,4,tencent_ai_lab_chinese_embedding_light_mirror_mvp,0.53051602,0.53707975,0.52067041,亲密,恋爱核心,0.53724968,3,2214
2215,变老,变老,2,tencent_ai_lab_chinese_embedding_light_mirror_mvp,0.5304984,0.54436237,0.50970244,青春,社会比较与人生进度,0.56391793,3,2215
2216,侄儿,侄儿,2,tencent_ai_lab_chinese_embedding_light_mirror_mvp,0.53043468,0.54032922,0.51559287,妻子,婚恋,0.49997234,3,2216
2217,差距,差距,2,tencent_ai_lab_chinese_embedding_light_mirror_mvp,0.53038067,0.56482083,0.47872043,落后,社会比较与人生进度,0.55105007,3,2217
2218,重病,重病,2,tencent_ai_lab_chinese_embedding_light_mirror_mvp,0.5303332,0.55136538,0.49878493,妻子,婚恋,0.51893222,3,2218
2219,重点,重点,2,tencent_ai_lab_chinese_embedding_light_mirror_mvp,0.53029534,0.59067142,0.43973121,对象,对象关系,0.3854394,3,2219
2220,在他,在他,2,tencent_ai_lab_chinese_embedding_light_mirror_mvp,0.53026646,0.55089903,0.49931762,妻子,社会比较与人生进度,0.51740485,3,2220
2221,林爸,林爸,2,tencent_ai_lab_chinese_embedding_light_mirror_mvp,0.53022742,0.54115593,0.51383466,老公,婚恋,0.5114001,3,2221
2222,而他,而他,2,tencent_ai_lab_chinese_embedding_light_mirror_mvp,0.53019956,0.55323321,0.4956491,妻子,对象关系,0.47904789,3,2222
2223,流产,流产,2,tencent_ai_lab_chinese_embedding_light_mirror_mvp,0.53017361,0.53675807,0.52029693,结婚,婚恋,0.56864548,3,2223
2224,七岁,七岁,2,tencent_ai_lab_chinese_embedding_light_mirror_mvp,0.53009611,0.55849278,0.48750111,同龄人,校园恋爱,0.4755103,3,2224
2225,让我,让我,2,tencent_ai_lab_chinese_embedding_light_mirror_mvp,0.53001721,0.53494751,0.52262175,老公,婚恋,0.51570952,3,2225
2226,喝醉酒,喝醉酒,3,tencent_ai_lab_chinese_embedding_light_mirror_mvp,0.52998364,0.53891015,0.51659387,女朋友,约会,0.52874899,3,2226
2227,脾气好,脾气好,3,tencent_ai_lab_chinese_embedding_light_mirror_mvp,0.52997311,0.53575116,0.52130604,老婆,对象关系,0.52110207,3,2227
2228,俗套,俗套,2,tencent_ai_lab_chinese_embedding_light_mirror_mvp,0.5299708,0.55095875,0.49848887,爱情,表白与追求,0.52070343,3,2228
2229,情歌,情歌,2,tencent_ai_lab_chinese_embedding_light_mirror_mvp,0.52996882,0.53533715,0.52191633,告白,恋爱核心,0.54673511,3,2229
2230,戒指,戒指,2,tencent_ai_lab_chinese_embedding_light_mirror_mvp,0.52995969,0.54306477,0.51030207,求婚,婚恋,0.51532507,3,2230
2231,新剧,新剧,2,tencent_ai_lab_chinese_embedding_light_mirror_mvp,0.52993919,0.56041157,0.48423061,恋情,恋爱核心,0.48333105,3,2231
2232,嘘寒问暖,嘘寒问暖,4,tencent_ai_lab_chinese_embedding_light_mirror_mvp,0.52992709,0.53593373,0.52091712,恋人,对象关系,0.5747869,3,2232
2233,就是这样,就是这样,4,tencent_ai_lab_chinese_embedding_light_mirror_mvp,0.52989783,0.5456928,0.50620538,追求,社会比较与人生进度,0.57529783,3,2233
2234,死了,死了,2,tencent_ai_lab_chinese_embedding_light_mirror_mvp,0.52988143,0.53974402,0.51508754,老婆,婚恋,0.53638208,3,2234
2235,一年级,一年级,3,tencent_ai_lab_chinese_embedding_light_mirror_mvp,0.5298144,0.53340536,0.52442795,早恋,校园恋爱,0.63830686,3,2235
2236,私生子,私生子,3,tencent_ai_lab_chinese_embedding_light_mirror_mvp,0.52977285,0.53587496,0.52061969,妻子,婚恋,0.55228209,3,2236
2237,嫌烦,嫌烦,2,tencent_ai_lab_chinese_embedding_light_mirror_mvp,0.52976401,0.53914618,0.51569074,男朋友,对象关系,0.53527045,3,2237
2238,红衣服,红衣服,3,tencent_ai_lab_chinese_embedding_light_mirror_mvp,0.52974862,0.57741976,0.45824191,校服,校园恋爱,0.5027889,3,2238
2239,自尊心,自尊心,3,tencent_ai_lab_chinese_embedding_light_mirror_mvp,0.52974492,0.55021036,0.49904677,亲密关系,表白与追求,0.50032371,3,2239
2240,擦肩,擦肩,2,tencent_ai_lab_chinese_embedding_light_mirror_mvp,0.52974389,0.53795576,0.51742607,牵手,恋爱核心,0.50954127,3,2240
2241,美好生活,美好生活,4,tencent_ai_lab_chinese_embedding_light_mirror_mvp,0.52971613,0.55198187,0.49631754,追求,亲密行为,0.45343971,3,2241
2242,住校,住校,2,tencent_ai_lab_chinese_embedding_light_mirror_mvp,0.52967368,0.54159361,0.51179379,早恋,校园恋爱,0.6287207,3,2242
2243,同伴,同伴,2,tencent_ai_lab_chinese_embedding_light_mirror_mvp,0.52966466,0.54180646,0.51145196,伴侣,对象关系,0.56969339,3,2243
2244,浮华,浮华,2,tencent_ai_lab_chinese_embedding_light_mirror_mvp,0.5296423,0.53318918,0.52432197,青春,社会比较与人生进度,0.50785452,3,2244
2245,眷恋,眷恋,2,tencent_ai_lab_chinese_embedding_light_mirror_mvp,0.52964197,0.53261596,0.525181,青春,恋爱核心,0.50668794,3,2245
2246,优秀生,优秀生,3,tencent_ai_lab_chinese_embedding_light_mirror_mvp,0.5296335,0.5394119,0.51496589,同桌,校园恋爱,0.63536263,3,2246
2247,妇女,妇女,2,tencent_ai_lab_chinese_embedding_light_mirror_mvp,0.52962515,0.55817807,0.48679578,丈夫,婚恋,0.45555127,3,2247
2248,骗色,骗色,2,tencent_ai_lab_chinese_embedding_light_mirror_mvp,0.52961773,0.53494257,0.52163047,前女友,恋爱历史,0.54340065,3,2248
2249,那天,那天,2,tencent_ai_lab_chinese_embedding_light_mirror_mvp,0.52960541,0.53129613,0.52706933,婚礼,婚恋,0.58714241,3,2249
2250,女权主义,女权主义,4,tencent_ai_lab_chinese_embedding_light_mirror_mvp,0.52955377,0.53731573,0.51791084,爱情,恋爱核心,0.49715042,3,2250
2251,说前,说前,2,tencent_ai_lab_chinese_embedding_light_mirror_mvp,0.52954155,0.53580362,0.52014846,前女友,恋爱历史,0.53211945,3,2251
2252,追赶,追赶,2,tencent_ai_lab_chinese_embedding_light_mirror_mvp,0.52952811,0.55858994,0.48593536,落后,社会比较与人生进度,0.54017758,3,2252
2253,有一天,有一天,3,tencent_ai_lab_chinese_embedding_light_mirror_mvp,0.52951719,0.53857726,0.51592708,老婆,婚恋,0.52217501,3,2253
2254,赡养父母,赡养父母,4,tencent_ai_lab_chinese_embedding_light_mirror_mvp,0.52951299,0.5401929,0.51349312,结婚,婚恋,0.52827626,3,2254
2255,亲朋,亲朋,2,tencent_ai_lab_chinese_embedding_light_mirror_mvp,0.52944374,0.538288,0.51617736,婚礼,婚恋,0.54408866,3,2255
2256,执迷,执迷,2,tencent_ai_lab_chinese_embedding_light_mirror_mvp,0.52940645,0.55991602,0.4836421,追求,社会比较与人生进度,0.50486577,3,2256
2257,心累,心累,2,tencent_ai_lab_chinese_embedding_light_mirror_mvp,0.52940044,0.53158319,0.52612633,恋爱,对象关系,0.52474189,3,2257
2258,享乐,享乐,2,tencent_ai_lab_chinese_embedding_light_mirror_mvp,0.52939887,0.5590632,0.48490238,追求,社会比较与人生进度,0.44470078,3,2258
2259,不期而遇,不期而遇,4,tencent_ai_lab_chinese_embedding_light_mirror_mvp,0.52939454,0.53464562,0.52151793,初恋,亲密行为,0.5345487,3,2259
2260,大学老师,大学老师,4,tencent_ai_lab_chinese_embedding_light_mirror_mvp,0.52938262,0.53267771,0.52443999,老公,校园恋爱,0.56178176,3,2260
2261,但是,但是,2,tencent_ai_lab_chinese_embedding_light_mirror_mvp,0.52936053,0.54493284,0.50600207,追求,社会比较与人生进度,0.5956645,3,2261
2262,别离,别离,2,tencent_ai_lab_chinese_embedding_light_mirror_mvp,0.52936025,0.5307771,0.52723497,恋人,恋爱核心,0.53442681,3,2262
2263,太累,太累,2,tencent_ai_lab_chinese_embedding_light_mirror_mvp,0.52923586,0.53440249,0.52148592,老婆,婚恋,0.50894761,3,2263
2264,双胞胎,双胞胎,3,tencent_ai_lab_chinese_embedding_light_mirror_mvp,0.52922269,0.53359848,0.522659,妻子,婚恋,0.57781702,3,2264
2265,借钱,借钱,2,tencent_ai_lab_chinese_embedding_light_mirror_mvp,0.52919221,0.53446257,0.52128667,女朋友,婚恋,0.55387247,3,2265
2266,饭桌,饭桌,2,tencent_ai_lab_chinese_embedding_light_mirror_mvp,0.5291806,0.54675353,0.50282121,同桌,婚恋,0.4966315,3,2266
2267,胖妹,胖妹,2,tencent_ai_lab_chinese_embedding_light_mirror_mvp,0.52918015,0.5390538,0.51436967,男朋友,表白与追求,0.53095829,3,2267
2268,招待会,招待会,3,tencent_ai_lab_chinese_embedding_light_mirror_mvp,0.52917922,0.56046426,0.48225164,婚礼,婚恋,0.42682141,3,2268
2269,焦虑,焦虑,2,tencent_ai_lab_chinese_embedding_light_mirror_mvp,0.52915248,0.5570941,0.48724005,亲密关系,社会比较与人生进度,0.4938046,3,2269
2270,打动,打动,2,tencent_ai_lab_chinese_embedding_light_mirror_mvp,0.52912577,0.54162663,0.51037449,追求,表白与追求,0.57574797,3,2270
2271,我骗,我骗,2,tencent_ai_lab_chinese_embedding_light_mirror_mvp,0.52910548,0.54209059,0.50962782,女朋友,婚恋,0.44552594,3,2271
2272,诚然,诚然,2,tencent_ai_lab_chinese_embedding_light_mirror_mvp,0.5290818,0.54988182,0.49788177,追求,社会比较与人生进度,0.54969227,3,2272
2273,心理治疗,心理治疗,4,tencent_ai_lab_chinese_embedding_light_mirror_mvp,0.52902991,0.56629705,0.47312918,亲密关系,亲密行为,0.40739805,3,2273
2274,剖腹产,剖腹产,3,tencent_ai_lab_chinese_embedding_light_mirror_mvp,0.52901889,0.53707618,0.51693296,老公,婚恋,0.55663764,3,2274
2275,床上运动,床上运动,4,tencent_ai_lab_chinese_embedding_light_mirror_mvp,0.52891901,0.54290783,0.50793576,接吻,约会,0.55917108,3,2275
2276,追悼会,追悼会,3,tencent_ai_lab_chinese_embedding_light_mirror_mvp,0.52885134,0.56999856,0.46713051,婚礼,婚恋,0.47128552,3,2276
2277,对唱,对唱,2,tencent_ai_lab_chinese_embedding_light_mirror_mvp,0.52881066,0.5424028,0.50842243,情侣,亲密行为,0.52228177,3,2277
2278,旁人,旁人,2,tencent_ai_lab_chinese_embedding_light_mirror_mvp,0.52880781,0.53356218,0.52167624,同龄人,对象关系,0.55632776,3,2278
2279,出狱,出狱,2,tencent_ai_lab_chinese_embedding_light_mirror_mvp,0.52878973,0.54273307,0.50787473,妻子,婚恋,0.53856909,3,2279
2280,女装,女装,2,tencent_ai_lab_chinese_embedding_light_mirror_mvp,0.52869648,0.56724262,0.47087726,校服,对象关系,0.41552842,3,2280
2281,品质,品质,2,tencent_ai_lab_chinese_embedding_light_mirror_mvp,0.52868413,0.57656491,0.45686296,追求,社会比较与人生进度,0.43708971,3,2281
2282,平凡,平凡,2,tencent_ai_lab_chinese_embedding_light_mirror_mvp,0.52866378,0.53400481,0.52065223,青春,社会比较与人生进度,0.56997716,3,2282
2283,倾向于,倾向于,3,tencent_ai_lab_chinese_embedding_light_mirror_mvp,0.5286294,0.56193018,0.47867823,追求,社会比较与人生进度,0.41071135,3,2283
2284,喜不喜欢,喜不喜欢,4,tencent_ai_lab_chinese_embedding_light_mirror_mvp,0.52860677,0.53306246,0.52192324,女朋友,表白与追求,0.57720137,3,2284
2285,亲爱的,亲爱的,3,tencent_ai_lab_chinese_embedding_light_mirror_mvp,0.52859672,0.53260154,0.5225895,拥抱,表白与追求,0.53675276,3,2285
2286,无所不谈,无所不谈,4,tencent_ai_lab_chinese_embedding_light_mirror_mvp,0.5285894,0.54639846,0.50187582,亲密,亲密行为,0.51729387,3,2286
2287,筵席,筵席,2,tencent_ai_lab_chinese_embedding_light_mirror_mvp,0.52857808,0.57387114,0.46063849,婚礼,婚恋,0.42006454,3,2287
2288,街坊邻居,街坊邻居,4,tencent_ai_lab_chinese_embedding_light_mirror_mvp,0.5285737,0.53036249,0.52589053,老公,婚恋,0.53288209,3,2288
2289,心灰意冷,心灰意冷,4,tencent_ai_lab_chinese_embedding_light_mirror_mvp,0.52856187,0.53535837,0.51836711,妻子,婚恋,0.51755369,3,2289
2290,平淡,平淡,2,tencent_ai_lab_chinese_embedding_light_mirror_mvp,0.52856123,0.53953457,0.51210123,爱情,恋爱核心,0.53802419,3,2290
2291,告诉他,告诉他,3,tencent_ai_lab_chinese_embedding_light_mirror_mvp,0.52853016,0.54152256,0.50904155,女朋友,婚恋,0.50016773,3,2291
2292,甜炸,甜炸,2,tencent_ai_lab_chinese_embedding_light_mirror_mvp,0.52852602,0.54498041,0.50384444,情侣,亲密行为,0.49261016,3,2292
2293,祖父,祖父,2,tencent_ai_lab_chinese_embedding_light_mirror_mvp,0.52851553,0.5555222,0.48800552,妻子,婚恋,0.48959738,3,2293
2294,功成名就,功成名就,4,tencent_ai_lab_chinese_embedding_light_mirror_mvp,0.52845469,0.53230894,0.52267331,追求,社会比较与人生进度,0.54732656,3,2294
2295,不行,不行,2,tencent_ai_lab_chinese_embedding_light_mirror_mvp,0.52845254,0.53651297,0.51636189,老婆,婚恋,0.46177593,3,2295
2296,洗澡,洗澡,2,tencent_ai_lab_chinese_embedding_light_mirror_mvp,0.52841636,0.54336661,0.50599098,散步,约会,0.5950802,3,2296
2297,游山玩水,游山玩水,4,tencent_ai_lab_chinese_embedding_light_mirror_mvp,0.5284058,0.56328034,0.47609398,散步,约会,0.51329315,3,2297
2298,只爱,只爱,2,tencent_ai_lab_chinese_embedding_light_mirror_mvp,0.52840521,0.53020167,0.52571052,爱情,表白与追求,0.5705471,3,2298
2299,结束时,结束时,3,tencent_ai_lab_chinese_embedding_light_mirror_mvp,0.52837883,0.58905208,0.43736896,落后,社会比较与人生进度,0.50011641,3,2299
2300,文静,文静,2,tencent_ai_lab_chinese_embedding_light_mirror_mvp,0.52837806,0.53071463,0.5248732,同桌,校园恋爱,0.55861354,3,2300
2301,稚嫩,稚嫩,2,tencent_ai_lab_chinese_embedding_light_mirror_mvp,0.52832059,0.55653006,0.48600638,同龄人,社会比较与人生进度,0.62346113,3,2301
2302,呵护,呵护,2,tencent_ai_lab_chinese_embedding_light_mirror_mvp,0.52830144,0.53656965,0.51589912,拥抱,亲密行为,0.56572443,3,2302
2303,碧池,碧池,2,tencent_ai_lab_chinese_embedding_light_mirror_mvp,0.52828131,0.53602326,0.51666838,前女友,恋爱历史,0.54468626,3,2303
2304,过门,过门,2,tencent_ai_lab_chinese_embedding_light_mirror_mvp,0.52827973,0.54138815,0.5086171,订婚,婚恋,0.55765313,3,2304
2305,缘浅,缘浅,2,tencent_ai_lab_chinese_embedding_light_mirror_mvp,0.52818067,0.52901947,0.52692246,爱情,恋爱核心,0.55083144,3,2305
2306,男宝,男宝,2,tencent_ai_lab_chinese_embedding_light_mirror_mvp,0.52816594,0.55428255,0.48899102,老公,婚恋,0.47428769,3,2306
2307,顺其自然,顺其自然,4,tencent_ai_lab_chinese_embedding_light_mirror_mvp,0.52814598,0.53229737,0.52191889,爱情,恋爱核心,0.54085374,3,2307
2308,小学,小学,2,tencent_ai_lab_chinese_embedding_light_mirror_mvp,0.52814486,0.5374893,0.51412821,校服,校园恋爱,0.63432914,3,2308
2309,针织衫,针织衫,3,tencent_ai_lab_chinese_embedding_light_mirror_mvp,0.52814467,0.58274162,0.44624925,校服,校园恋爱,0.41558897,3,2309
2310,不来电,不来电,3,tencent_ai_lab_chinese_embedding_light_mirror_mvp,0.52813492,0.53137565,0.52327383,初恋,恋爱核心,0.57869518,3,2310
2311,体罚,体罚,2,tencent_ai_lab_chinese_embedding_light_mirror_mvp,0.52809547,0.57319653,0.46044388,早恋,校园恋爱,0.55242097,3,2311
2312,看书,看书,2,tencent_ai_lab_chinese_embedding_light_mirror_mvp,0.52808683,0.55004418,0.4951508,散步,约会,0.53240156,3,2312
2313,生穿,生穿,2,tencent_ai_lab_chinese_embedding_light_mirror_mvp,0.52803108,0.61044991,0.40440282,校服,校园恋爱,0.49895045,3,2313
2314,剧终,剧终,2,tencent_ai_lab_chinese_embedding_light_mirror_mvp,0.52802969,0.53509337,0.51743418,初恋,恋爱核心,0.5545373,3,2314
2315,女护士,女护士,3,tencent_ai_lab_chinese_embedding_light_mirror_mvp,0.52799168,0.53935778,0.51094252,丈夫,婚恋,0.49707073,3,2315
2316,短发,短发,2,tencent_ai_lab_chinese_embedding_light_mirror_mvp,0.52796813,0.56028712,0.47948965,校服,校园恋爱,0.49934331,3,2316
2317,是不是,是不是,3,tencent_ai_lab_chinese_embedding_light_mirror_mvp,0.52790568,0.54131114,0.50779748,女朋友,对象关系,0.54230821,3,2317
2318,信任度,信任度,3,tencent_ai_lab_chinese_embedding_light_mirror_mvp,0.52783327,0.55758196,0.48321024,亲密关系,亲密行为,0.46750528,3,2318
2319,人生观,人生观,3,tencent_ai_lab_chinese_embedding_light_mirror_mvp,0.5277303,0.53470039,0.51727515,爱情,恋爱核心,0.50273907,3,2319
2320,吊带裙,吊带裙,3,tencent_ai_lab_chinese_embedding_light_mirror_mvp,0.52771435,0.5776,0.45288587,校服,校园恋爱,0.43991923,3,2320
2321,好想,好想,2,tencent_ai_lab_chinese_embedding_light_mirror_mvp,0.52769371,0.53753906,0.51292568,男朋友,对象关系,0.49935573,3,2321
2322,遥遥领先,遥遥领先,4,tencent_ai_lab_chinese_embedding_light_mirror_mvp,0.52767329,0.59416366,0.42793775,落后,社会比较与人生进度,0.51726168,3,2322
2323,回首,回首,2,tencent_ai_lab_chinese_embedding_light_mirror_mvp,0.5276485,0.54717678,0.49835607,青春,社会比较与人生进度,0.48263007,3,2323
2324,潜在,潜在,2,tencent_ai_lab_chinese_embedding_light_mirror_mvp,0.52762107,0.55556166,0.48571017,对象,对象关系,0.39387667,3,2324
2325,刷碗,刷碗,2,tencent_ai_lab_chinese_embedding_light_mirror_mvp,0.52761257,0.53990889,0.50916809,老公,约会,0.49667633,3,2325
2326,花轿,花轿,2,tencent_ai_lab_chinese_embedding_light_mirror_mvp,0.52760729,0.5639739,0.47305736,婚礼,婚恋,0.43434685,3,2326
2327,匿名,匿名,2,tencent_ai_lab_chinese_embedding_light_mirror_mvp,0.52760476,0.54595321,0.50008208,表白,表白与追求,0.5462355,3,2327
2328,体现,体现,2,tencent_ai_lab_chinese_embedding_light_mirror_mvp,0.52757301,0.58462787,0.44199073,追求,社会比较与人生进度,0.43298867,3,2328
2329,演艺界,演艺界,3,tencent_ai_lab_chinese_embedding_light_mirror_mvp,0.52753174,0.54547513,0.50061667,恋情,恋爱核心,0.50904906,3,2329
2330,女医生,女医生,3,tencent_ai_lab_chinese_embedding_light_mirror_mvp,0.52736144,0.53995097,0.50847715,丈夫,婚恋,0.48634583,3,2330
2331,知足常乐,知足常乐,4,tencent_ai_lab_chinese_embedding_light_mirror_mvp,0.52733459,0.53589475,0.51449436,爱情,社会比较与人生进度,0.4754464,3,2331
2332,勤俭持家,勤俭持家,4,tencent_ai_lab_chinese_embedding_light_mirror_mvp,0.52732618,0.5323987,0.5197174,老婆,婚恋,0.52832854,3,2332
2333,始终如一,始终如一,4,tencent_ai_lab_chinese_embedding_light_mirror_mvp,0.52731447,0.55919933,0.47948718,追求,表白与追求,0.46468407,3,2333
2334,大老板,大老板,3,tencent_ai_lab_chinese_embedding_light_mirror_mvp,0.52729942,0.54144174,0.50608593,老婆,婚恋,0.49619889,3,2334
2335,带给,带给,2,tencent_ai_lab_chinese_embedding_light_mirror_mvp,0.52727435,0.5396471,0.50871521,追求,社会比较与人生进度,0.5294013,3,2335
2336,这事,这事,2,tencent_ai_lab_chinese_embedding_light_mirror_mvp,0.52725646,0.53487098,0.51583469,老婆,婚恋,0.5631839,3,2336
2337,花钱,花钱,2,tencent_ai_lab_chinese_embedding_light_mirror_mvp,0.52721742,0.5385105,0.51027781,老婆,婚恋,0.50823539,3,2337
2338,其实,其实,2,tencent_ai_lab_chinese_embedding_light_mirror_mvp,0.52721519,0.54061782,0.50711125,追求,对象关系,0.55682737,3,2338
2339,拉大,拉大,2,tencent_ai_lab_chinese_embedding_light_mirror_mvp,0.52720058,0.60020316,0.41769671,落后,社会比较与人生进度,0.45067167,3,2339
2340,炎亚纶,炎亚纶,3,tencent_ai_lab_chinese_embedding_light_mirror_mvp,0.52719288,0.53447616,0.51626796,恋情,恋爱历史,0.47962099,3,2340
2341,郁郁寡欢,郁郁寡欢,4,tencent_ai_lab_chinese_embedding_light_mirror_mvp,0.52714827,0.53752232,0.5115872,丈夫,恋爱核心,0.49497703,3,2341
2342,看电视,看电视,3,tencent_ai_lab_chinese_embedding_light_mirror_mvp,0.52714745,0.54166061,0.50537771,散步,约会,0.5421102,3,2342
2343,年幼,年幼,2,tencent_ai_lab_chinese_embedding_light_mirror_mvp,0.52713364,0.52942687,0.5236938,妻子,社会比较与人生进度,0.50603235,3,2343
2344,负面新闻,负面新闻,4,tencent_ai_lab_chinese_embedding_light_mirror_mvp,0.5271194,0.53946137,0.50860643,恋情,恋爱历史,0.51013941,3,2344
2345,防御机制,防御机制,4,tencent_ai_lab_chinese_embedding_light_mirror_mvp,0.5270955,0.58276498,0.44359127,亲密关系,亲密行为,0.39963835,3,2345
2346,耍大牌,耍大牌,3,tencent_ai_lab_chinese_embedding_light_mirror_mvp,0.52705929,0.5383389,0.51013988,前女友,恋爱历史,0.49687618,3,2346
2347,受孕,受孕,2,tencent_ai_lab_chinese_embedding_light_mirror_mvp,0.52702236,0.54303312,0.50300622,伴侣,婚恋,0.46919441,3,2347
2348,热望,热望,2,tencent_ai_lab_chinese_embedding_light_mirror_mvp,0.52700155,0.53687429,0.51219243,爱情,社会比较与人生进度,0.45258355,3,2348
2349,年轻美貌,年轻美貌,4,tencent_ai_lab_chinese_embedding_light_mirror_mvp,0.52698424,0.54402173,0.50142801,丈夫,婚恋,0.51951605,3,2349
2350,贱人,贱人,2,tencent_ai_lab_chinese_embedding_light_mirror_mvp,0.52698406,0.5317027,0.5199061,前女友,恋爱历史,0.54016024,3,2350
2351,这么,这么,2,tencent_ai_lab_chinese_embedding_light_mirror_mvp,0.52695385,0.5367344,0.51228303,女朋友,婚恋,0.5030396,3,2351
2352,芬芳,芬芳,2,tencent_ai_lab_chinese_embedding_light_mirror_mvp,0.52694073,0.56733125,0.46635494,青春,社会比较与人生进度,0.41115403,3,2352
2353,帮我,帮我,2,tencent_ai_lab_chinese_embedding_light_mirror_mvp,0.52682786,0.53343952,0.51691037,女朋友,婚恋,0.46114641,3,2353
2354,发型,发型,2,tencent_ai_lab_chinese_embedding_light_mirror_mvp,0.52675463,0.56528175,0.46896395,校服,校园恋爱,0.4938302,3,2354
2355,难过,难过,2,tencent_ai_lab_chinese_embedding_light_mirror_mvp,0.52675179,0.52900869,0.52336645,男朋友,恋爱历史,0.56365204,3,2355
2356,微妙,微妙,2,tencent_ai_lab_chinese_embedding_light_mirror_mvp,0.52672675,0.55146348,0.48962164,亲密,亲密行为,0.50212771,3,2356
2357,病倒,病倒,2,tencent_ai_lab_chinese_embedding_light_mirror_mvp,0.52667153,0.54192054,0.50379801,妻子,婚恋,0.51881278,3,2357
2358,娇羞,娇羞,2,tencent_ai_lab_chinese_embedding_light_mirror_mvp,0.52667027,0.53140438,0.5195691,初恋,表白与追求,0.52897263,3,2358
2359,帅气,帅气,2,tencent_ai_lab_chinese_embedding_light_mirror_mvp,0.52666444,0.53714937,0.51093704,校服,校园恋爱,0.49620968,3,2359
2360,下晚,下晚,2,tencent_ai_lab_chinese_embedding_light_mirror_mvp,0.52657638,0.55094355,0.49002561,同桌,校园恋爱,0.59359151,3,2360
2361,特么,特么,2,tencent_ai_lab_chinese_embedding_light_mirror_mvp,0.52657316,0.52851903,0.52365434,老婆,恋爱历史,0.50740361,3,2361
2362,玩游戏,玩游戏,3,tencent_ai_lab_chinese_embedding_light_mirror_mvp,0.52656937,0.53882301,0.5081889,女朋友,约会,0.53630215,3,2362
2363,决裂,决裂,2,tencent_ai_lab_chinese_embedding_light_mirror_mvp,0.52652385,0.5311774,0.51954353,亲密,亲密行为,0.53271198,3,2363
2364,生日快乐,生日快乐,4,tencent_ai_lab_chinese_embedding_light_mirror_mvp,0.52650827,0.53965515,0.50678796,表白,表白与追求,0.51685399,3,2364
2365,泪目,泪目,2,tencent_ai_lab_chinese_embedding_light_mirror_mvp,0.52638849,0.53546733,0.51277024,告白,表白与追求,0.50852746,3,2365
2366,坐车,坐车,2,tencent_ai_lab_chinese_embedding_light_mirror_mvp,0.52630323,0.5461266,0.49656817,散步,约会,0.58276075,3,2366
2367,老爷们儿,老爷们儿,4,tencent_ai_lab_chinese_embedding_light_mirror_mvp,0.52628934,0.53166664,0.5182234,老婆,对象关系,0.47172427,3,2367
2368,反观,反观,2,tencent_ai_lab_chinese_embedding_light_mirror_mvp,0.52627004,0.55710232,0.48002163,落后,社会比较与人生进度,0.57667029,3,2368
2369,群体,群体,2,tencent_ai_lab_chinese_embedding_light_mirror_mvp,0.52626258,0.54754651,0.49433669,对象,社会比较与人生进度,0.46456772,3,2369
2370,拒绝,拒绝,2,tencent_ai_lab_chinese_embedding_light_mirror_mvp,0.52626157,0.536183,0.51137942,追求,表白与追求,0.5615201,3,2370
2371,陪你,陪你,2,tencent_ai_lab_chinese_embedding_light_mirror_mvp,0.52625742,0.54220402,0.50233752,青春,约会,0.50390422,3,2371
2372,自我牺牲,自我牺牲,4,tencent_ai_lab_chinese_embedding_light_mirror_mvp,0.52625734,0.53728372,0.50971776,亲密关系,表白与追求,0.47319221,3,2372
2373,点名册,点名册,3,tencent_ai_lab_chinese_embedding_light_mirror_mvp,0.52620307,0.57533658,0.45250282,同桌,校园恋爱,0.54810005,3,2373
2374,备孕,备孕,2,tencent_ai_lab_chinese_embedding_light_mirror_mvp,0.52618759,0.53189361,0.51762855,结婚,单身与脱单,0.51437652,3,2374
2375,嫉妒心,嫉妒心,3,tencent_ai_lab_chinese_embedding_light_mirror_mvp,0.52617363,0.53268689,0.51640373,亲密关系,恋爱核心,0.5252316,3,2375
2376,相逢,相逢,2,tencent_ai_lab_chinese_embedding_light_mirror_mvp,0.52609948,0.53057379,0.51938802,恋人,恋爱核心,0.53470349,3,2376
2377,需求,需求,2,tencent_ai_lab_chinese_embedding_light_mirror_mvp,0.52606863,0.55758721,0.47879076,追求,对象关系,0.38546461,3,2377
2378,实锤,实锤,2,tencent_ai_lab_chinese_embedding_light_mirror_mvp,0.52595658,0.53819335,0.50760144,恋情,恋爱历史,0.46955875,3,2378
2379,志同道合,志同道合,4,tencent_ai_lab_chinese_embedding_light_mirror_mvp,0.52593172,0.54412091,0.49864793,伴侣,对象关系,0.50601715,3,2379
2380,最重要的,最重要的,4,tencent_ai_lab_chinese_embedding_light_mirror_mvp,0.52591881,0.54681927,0.49456811,追求,对象关系,0.46069813,3,2380
2381,待业,待业,2,tencent_ai_lab_chinese_embedding_light_mirror_mvp,0.52590318,0.56749368,0.46351743,单身,单身与脱单,0.50421196,3,2381
2382,感情用事,感情用事,4,tencent_ai_lab_chinese_embedding_light_mirror_mvp,0.52589451,0.53232807,0.51624417,爱情,恋爱核心,0.51680589,3,2382
2383,生育能力,生育能力,4,tencent_ai_lab_chinese_embedding_light_mirror_mvp,0.52575805,0.53536475,0.51134801,伴侣,婚恋,0.48995286,3,2383
2384,开花结果,开花结果,4,tencent_ai_lab_chinese_embedding_light_mirror_mvp,0.5257561,0.5272994,0.52344114,爱情,恋爱核心,0.55882019,3,2384
2385,恶语相向,恶语相向,4,tencent_ai_lab_chinese_embedding_light_mirror_mvp,0.5257489,0.53098989,0.51788741,恋人,对象关系,0.55894166,3,2385
2386,抚养费,抚养费,3,tencent_ai_lab_chinese_embedding_light_mirror_mvp,0.52574376,0.53813773,0.5071528,结婚,婚恋,0.54727542,3,2386
2387,总之,总之,2,tencent_ai_lab_chinese_embedding_light_mirror_mvp,0.52566364,0.53395307,0.51322949,追求,对象关系,0.55311483,3,2387
2388,话题,话题,2,tencent_ai_lab_chinese_embedding_light_mirror_mvp,0.52565225,0.53759593,0.50773674,对象,对象关系,0.5495674,3,2388
2389,我亲,我亲,2,tencent_ai_lab_chinese_embedding_light_mirror_mvp,0.5256016,0.53031242,0.51853538,老婆,婚恋,0.48243523,3,2389
2390,隔壁,隔壁,2,tencent_ai_lab_chinese_embedding_light_mirror_mvp,0.5255499,0.53140324,0.51676989,老婆,婚恋,0.47555396,3,2390
2391,年过半百,年过半百,4,tencent_ai_lab_chinese_embedding_light_mirror_mvp,0.52554007,0.52737248,0.52279145,同龄人,社会比较与人生进度,0.53848392,3,2391
2392,大吵,大吵,2,tencent_ai_lab_chinese_embedding_light_mirror_mvp,0.52550167,0.53366607,0.51325506,老公,婚恋,0.57326114,3,2392
2393,致敬,致敬,2,tencent_ai_lab_chinese_embedding_light_mirror_mvp,0.52548807,0.55039996,0.48812023,青春,表白与追求,0.46533275,3,2393
2394,小冯,小冯,2,tencent_ai_lab_chinese_embedding_light_mirror_mvp,0.52547946,0.52869344,0.52065849,老婆,婚恋,0.49897239,3,2394
2395,主妇,主妇,2,tencent_ai_lab_chinese_embedding_light_mirror_mvp,0.5254714,0.54454088,0.49686718,丈夫,婚恋,0.48360378,3,2395
2396,临产,临产,2,tencent_ai_lab_chinese_embedding_light_mirror_mvp,0.52546819,0.53487784,0.51135373,妻子,婚恋,0.55323184,3,2396
2397,怀胎,怀胎,2,tencent_ai_lab_chinese_embedding_light_mirror_mvp,0.52543302,0.53117049,0.51682681,结婚,婚恋,0.55795527,3,2397
2398,多岁,多岁,2,tencent_ai_lab_chinese_embedding_light_mirror_mvp,0.52537047,0.55460787,0.48151436,同龄人,社会比较与人生进度,0.4886592,3,2398
2399,看球赛,看球赛,3,tencent_ai_lab_chinese_embedding_light_mirror_mvp,0.52536066,0.53988242,0.50357801,约会,约会,0.59317833,3,2399
2400,皇后,皇后,2,tencent_ai_lab_chinese_embedding_light_mirror_mvp,0.52535167,0.54056907,0.50252557,丈夫,婚恋,0.53153384,3,2400
2401,迁就,迁就,2,tencent_ai_lab_chinese_embedding_light_mirror_mvp,0.5253163,0.52770239,0.52173716,伴侣,对象关系,0.54823864,3,2401
2402,赡养,赡养,2,tencent_ai_lab_chinese_embedding_light_mirror_mvp,0.52528317,0.53102851,0.51666516,丈夫,婚恋,0.50853997,3,2402
2403,不满足,不满足,3,tencent_ai_lab_chinese_embedding_light_mirror_mvp,0.52519226,0.56756169,0.46163812,追求,社会比较与人生进度,0.451397,3,2403
2404,多好,多好,2,tencent_ai_lab_chinese_embedding_light_mirror_mvp,0.52517679,0.53455758,0.5111056,女朋友,对象关系,0.54138923,3,2404
2405,中学校园,中学校园,4,tencent_ai_lab_chinese_embedding_light_mirror_mvp,0.52515196,0.54043764,0.50222343,校服,校园恋爱,0.59220505,3,2405
2406,身穿,身穿,2,tencent_ai_lab_chinese_embedding_light_mirror_mvp,0.52512945,0.57522583,0.44998488,校服,校园恋爱,0.39088821,3,2406
2407,他人,他人,2,tencent_ai_lab_chinese_embedding_light_mirror_mvp,0.52507734,0.53894699,0.50427288,伴侣,对象关系,0.51684058,3,2407
2408,贪玩,贪玩,2,tencent_ai_lab_chinese_embedding_light_mirror_mvp,0.52507343,0.54997784,0.48771682,早恋,校园恋爱,0.53992409,3,2408
2409,职业女性,职业女性,4,tencent_ai_lab_chinese_embedding_light_mirror_mvp,0.5250333,0.535721,0.50900173,丈夫,婚恋,0.4789677,3,2409
2410,姐弟俩,姐弟俩,3,tencent_ai_lab_chinese_embedding_light_mirror_mvp,0.5250139,0.53202236,0.51450121,丈夫,婚恋,0.51014036,3,2410
2411,情调,情调,2,tencent_ai_lab_chinese_embedding_light_mirror_mvp,0.52500796,0.53735983,0.50648016,约会,约会,0.56134683,3,2411
2412,商量,商量,2,tencent_ai_lab_chinese_embedding_light_mirror_mvp,0.52493879,0.53131658,0.5153721,订婚,婚恋,0.56045771,3,2412
2413,大老爷们,大老爷们,4,tencent_ai_lab_chinese_embedding_light_mirror_mvp,0.52488632,0.53139639,0.51512122,老婆,对象关系,0.47715381,3,2413
2414,表亲,表亲,2,tencent_ai_lab_chinese_embedding_light_mirror_mvp,0.52484688,0.54470658,0.49505731,订婚,婚恋,0.51255244,3,2414
2415,人和事,人和事,3,tencent_ai_lab_chinese_embedding_light_mirror_mvp,0.52483208,0.53917778,0.50331354,爱情,恋爱核心,0.53632563,3,2415
2416,不说,不说,2,tencent_ai_lab_chinese_embedding_light_mirror_mvp,0.52482882,0.53260291,0.51316768,女朋友,对象关系,0.50151038,3,2416
2417,为情,为情,2,tencent_ai_lab_chinese_embedding_light_mirror_mvp,0.52482431,0.53430831,0.5105983,爱情,恋爱核心,0.55026805,3,2417
2418,务实,务实,2,tencent_ai_lab_chinese_embedding_light_mirror_mvp,0.52481154,0.56805784,0.4599421,追求,社会比较与人生进度,0.45338607,3,2418
2419,风华,风华,2,tencent_ai_lab_chinese_embedding_light_mirror_mvp,0.52479854,0.56989598,0.45715237,青春,社会比较与人生进度,0.49740461,3,2419
2420,政教处,政教处,3,tencent_ai_lab_chinese_embedding_light_mirror_mvp,0.52477385,0.54052502,0.50114709,同桌,校园恋爱,0.61831313,3,2420
2421,堂客,堂客,2,tencent_ai_lab_chinese_embedding_light_mirror_mvp,0.52473594,0.55243033,0.48319435,老婆,婚恋,0.46543348,3,2421
2422,划船,划船,2,tencent_ai_lab_chinese_embedding_light_mirror_mvp,0.52472816,0.58358932,0.43643641,散步,约会,0.49554208,3,2422
2423,故事,故事,2,tencent_ai_lab_chinese_embedding_light_mirror_mvp,0.52471322,0.53461236,0.50986451,爱情,恋爱核心,0.52542591,3,2423
2424,外面,外面,2,tencent_ai_lab_chinese_embedding_light_mirror_mvp,0.52470632,0.53520858,0.50895292,老婆,婚恋,0.49174619,3,2424
2425,游乐场,游乐场,3,tencent_ai_lab_chinese_embedding_light_mirror_mvp,0.52467155,0.54514271,0.49396482,散步,约会,0.58185464,3,2425
2426,超脱,超脱,2,tencent_ai_lab_chinese_embedding_light_mirror_mvp,0.52465719,0.55690992,0.4762781,追求,社会比较与人生进度,0.47063804,3,2426
2427,微博,微博,2,tencent_ai_lab_chinese_embedding_light_mirror_mvp,0.52459321,0.54040825,0.50087065,前女友,恋爱历史,0.49145398,3,2427
2428,给我,给我,2,tencent_ai_lab_chinese_embedding_light_mirror_mvp,0.52457385,0.52665019,0.52145934,男朋友,婚恋,0.487268,3,2428
2429,苦难,苦难,2,tencent_ai_lab_chinese_embedding_light_mirror_mvp,0.52453322,0.55307031,0.4817276,爱情,社会比较与人生进度,0.51054305,3,2429
2430,徒步,徒步,2,tencent_ai_lab_chinese_embedding_light_mirror_mvp,0.52452309,0.57836002,0.4437677,散步,约会,0.5052526,3,2430
2431,干活,干活,2,tencent_ai_lab_chinese_embedding_light_mirror_mvp,0.52446706,0.5386188,0.50323945,老婆,婚恋,0.47499949,3,2431
2432,成长,成长,2,tencent_ai_lab_chinese_embedding_light_mirror_mvp,0.52444519,0.53153998,0.51380301,青春,社会比较与人生进度,0.59689051,3,2432
2433,他妹,他妹,2,tencent_ai_lab_chinese_embedding_light_mirror_mvp,0.52443936,0.5255779,0.52273154,女朋友,恋爱历史,0.50835192,3,2433
2434,举止,举止,2,tencent_ai_lab_chinese_embedding_light_mirror_mvp,0.52434286,0.5444923,0.49411869,亲密,亲密行为,0.52310264,3,2434
2435,本质,本质,2,tencent_ai_lab_chinese_embedding_light_mirror_mvp,0.52434199,0.55479944,0.47865582,追求,社会比较与人生进度,0.40826818,3,2435
2436,悉心照料,悉心照料,4,tencent_ai_lab_chinese_embedding_light_mirror_mvp,0.52433866,0.53743976,0.50468701,妻子,婚恋,0.48128396,3,2436
2437,放不下,放不下,3,tencent_ai_lab_chinese_embedding_light_mirror_mvp,0.52429318,0.52551246,0.52246428,初恋,恋爱历史,0.58063471,3,2437
2438,这下,这下,2,tencent_ai_lab_chinese_embedding_light_mirror_mvp,0.52426534,0.54265904,0.49667478,老婆,婚恋,0.4854503,3,2438
2439,领头羊,领头羊,3,tencent_ai_lab_chinese_embedding_light_mirror_mvp,0.52424649,0.59264231,0.42165276,落后,社会比较与人生进度,0.49901143,3,2439
2440,患难之交,患难之交,4,tencent_ai_lab_chinese_embedding_light_mirror_mvp,0.52421293,0.5421114,0.49736524,亲密,亲密行为,0.51283741,3,2440
2441,苦痛,苦痛,2,tencent_ai_lab_chinese_embedding_light_mirror_mvp,0.52416655,0.54156065,0.4980754,爱情,恋爱核心,0.50996602,3,2441
2442,上街,上街,2,tencent_ai_lab_chinese_embedding_light_mirror_mvp,0.52407644,0.5425874,0.49631,散步,约会,0.54978877,3,2442
2443,二嫁,二嫁,2,tencent_ai_lab_chinese_embedding_light_mirror_mvp,0.52407156,0.53075975,0.51403928,订婚,婚恋,0.56417811,3,2443
2444,乱伦,乱伦,2,tencent_ai_lab_chinese_embedding_light_mirror_mvp,0.52401779,0.52952743,0.51575333,早恋,亲密行为,0.48819369,3,2444
2445,友爱,友爱,2,tencent_ai_lab_chinese_embedding_light_mirror_mvp,0.5239567,0.55206239,0.48179817,亲密,亲密行为,0.51823592,3,2445
2446,忧郁,忧郁,2,tencent_ai_lab_chinese_embedding_light_mirror_mvp,0.52388833,0.53368497,0.50919336,暗恋,恋爱核心,0.51719618,3,2446
2447,心动,心动,2,tencent_ai_lab_chinese_embedding_light_mirror_mvp,0.52388494,0.52574348,0.52109712,初恋,表白与追求,0.60055369,3,2447
2448,上下班,上下班,3,tencent_ai_lab_chinese_embedding_light_mirror_mvp,0.52383282,0.55014741,0.48436093,散步,约会,0.54471421,3,2448
2449,笑场,笑场,2,tencent_ai_lab_chinese_embedding_light_mirror_mvp,0.52380927,0.53914428,0.50080675,接吻,表白与追求,0.48714587,3,2449
2450,前提,前提,2,tencent_ai_lab_chinese_embedding_light_mirror_mvp,0.52379909,0.53917539,0.50073463,追求,对象关系,0.43897551,3,2450
2451,代人,代人,2,tencent_ai_lab_chinese_embedding_light_mirror_mvp,0.52379183,0.55276233,0.48033607,青春,社会比较与人生进度,0.57329559,3,2451
2452,过夜,过夜,2,tencent_ai_lab_chinese_embedding_light_mirror_mvp,0.52377526,0.55447567,0.47772464,约会,约会,0.5562768,3,2452
2453,童话,童话,2,tencent_ai_lab_chinese_embedding_light_mirror_mvp,0.52373354,0.5382421,0.50197071,爱情,恋爱核心,0.49823502,3,2453
2454,孤老,孤老,2,tencent_ai_lab_chinese_embedding_light_mirror_mvp,0.52363287,0.54792547,0.48719397,单身,单身与脱单,0.52549541,3,2454
2455,兄弟姐妹,兄弟姐妹,4,tencent_ai_lab_chinese_embedding_light_mirror_mvp,0.52362716,0.52904415,0.51550168,同龄人,对象关系,0.53705674,3,2455
2456,清心寡欲,清心寡欲,4,tencent_ai_lab_chinese_embedding_light_mirror_mvp,0.52354584,0.53272545,0.50977641,追求,单身与脱单,0.4827289,3,2456
2457,公开场合,公开场合,4,tencent_ai_lab_chinese_embedding_light_mirror_mvp,0.52352936,0.53510857,0.50616056,亲密,亲密行为,0.57305694,3,2457
2458,当红,当红,2,tencent_ai_lab_chinese_embedding_light_mirror_mvp,0.52352511,0.53959405,0.49942169,恋情,社会比较与人生进度,0.50552988,3,2458
2459,拮据,拮据,2,tencent_ai_lab_chinese_embedding_light_mirror_mvp,0.52351506,0.53834677,0.50126749,丈夫,婚恋,0.49280971,3,2459
2460,自拍照,自拍照,3,tencent_ai_lab_chinese_embedding_light_mirror_mvp,0.52351091,0.53755105,0.5024507,前女友,恋爱历史,0.48984697,3,2460
2461,新鲜期,新鲜期,3,tencent_ai_lab_chinese_embedding_light_mirror_mvp,0.52350073,0.53515279,0.50602263,恋爱,恋爱核心,0.55069852,3,2461
2462,死皮赖脸,死皮赖脸,4,tencent_ai_lab_chinese_embedding_light_mirror_mvp,0.5234998,0.52876782,0.51559776,前男友,恋爱历史,0.53836417,3,2462
2463,没亲,没亲,2,tencent_ai_lab_chinese_embedding_light_mirror_mvp,0.52349395,0.5562346,0.47438297,接吻,亲密行为,0.50652397,3,2463
2464,改变自己,改变自己,4,tencent_ai_lab_chinese_embedding_light_mirror_mvp,0.52344865,0.5446198,0.49169192,追求,表白与追求,0.50900912,3,2464
2465,此生,此生,2,tencent_ai_lab_chinese_embedding_light_mirror_mvp,0.52343985,0.52597421,0.5196383,爱情,恋爱核心,0.52803898,3,2465
2466,隽永,隽永,2,tencent_ai_lab_chinese_embedding_light_mirror_mvp,0.52338961,0.53960657,0.49906418,青春,社会比较与人生进度,0.45966232,3,2466
2467,走到,走到,2,tencent_ai_lab_chinese_embedding_light_mirror_mvp,0.52334211,0.5422191,0.49502662,牵手,亲密行为,0.51608527,3,2467
2468,陪床,陪床,2,tencent_ai_lab_chinese_embedding_light_mirror_mvp,0.52333398,0.52817237,0.51607639,老公,婚恋,0.50228572,3,2468
2469,还好,还好,2,tencent_ai_lab_chinese_embedding_light_mirror_mvp,0.52329303,0.52541417,0.52011132,老婆,社会比较与人生进度,0.52911782,3,2469
2470,打扮,打扮,2,tencent_ai_lab_chinese_embedding_light_mirror_mvp,0.52326599,0.54302835,0.49362245,校服,婚恋,0.49265686,3,2470
2471,羞于,羞于,2,tencent_ai_lab_chinese_embedding_light_mirror_mvp,0.52325624,0.54037547,0.4975774,暗恋,表白与追求,0.55723923,3,2471
2472,属鸡,属鸡,2,tencent_ai_lab_chinese_embedding_light_mirror_mvp,0.52322047,0.53189325,0.51021129,单身,单身与脱单,0.53816307,3,2472
2473,暴脾气,暴脾气,3,tencent_ai_lab_chinese_embedding_light_mirror_mvp,0.52315451,0.53652745,0.50309509,老婆,恋爱历史,0.50293231,3,2473
2474,职务,职务,2,tencent_ai_lab_chinese_embedding_light_mirror_mvp,0.52309504,0.58358431,0.43236113,前任,恋爱历史,0.37419319,3,2474
2475,礼堂,礼堂,2,tencent_ai_lab_chinese_embedding_light_mirror_mvp,0.52308706,0.56531537,0.4597446,婚礼,约会,0.45137435,3,2475
2476,不惑之年,不惑之年,4,tencent_ai_lab_chinese_embedding_light_mirror_mvp,0.52306005,0.5410769,0.49603477,同龄人,社会比较与人生进度,0.55777109,3,2476
2477,没办法,没办法,3,tencent_ai_lab_chinese_embedding_light_mirror_mvp,0.52301533,0.52966809,0.51303619,老婆,婚恋,0.48633063,3,2477
2478,后来居上,后来居上,4,tencent_ai_lab_chinese_embedding_light_mirror_mvp,0.52283082,0.57811421,0.43990573,落后,社会比较与人生进度,0.50313771,3,2478
2479,信任危机,信任危机,4,tencent_ai_lab_chinese_embedding_light_mirror_mvp,0.52280329,0.54327464,0.49209628,亲密关系,恋爱历史,0.45788509,3,2479
2480,冲突,冲突,2,tencent_ai_lab_chinese_embedding_light_mirror_mvp,0.52275418,0.54984748,0.48211423,亲密关系,亲密行为,0.50957584,3,2480
2481,受虐,受虐,2,tencent_ai_lab_chinese_embedding_light_mirror_mvp,0.5227244,0.5337227,0.50622696,暗恋,表白与追求,0.50426018,3,2481
2482,跳舞,跳舞,2,tencent_ai_lab_chinese_embedding_light_mirror_mvp,0.52269375,0.54638714,0.48715368,散步,约会,0.54469645,3,2482
2483,私交,私交,2,tencent_ai_lab_chinese_embedding_light_mirror_mvp,0.52264271,0.53524077,0.50374562,亲密,亲密行为,0.46036521,3,2483
2484,表现出,表现出,3,tencent_ai_lab_chinese_embedding_light_mirror_mvp,0.52262355,0.55795878,0.4696207,追求,社会比较与人生进度,0.46746701,3,2484
2485,赏花,赏花,2,tencent_ai_lab_chinese_embedding_light_mirror_mvp,0.52259673,0.55460632,0.47458234,散步,约会,0.53390598,3,2485
2486,失约,失约,2,tencent_ai_lab_chinese_embedding_light_mirror_mvp,0.52258955,0.54449058,0.48973802,约会,约会,0.52932447,3,2486
2487,半场,半场,2,tencent_ai_lab_chinese_embedding_light_mirror_mvp,0.52257365,0.59456801,0.4145821,落后,社会比较与人生进度,0.50182056,3,2487
2488,请柬,请柬,2,tencent_ai_lab_chinese_embedding_light_mirror_mvp,0.5225722,0.54336166,0.49138799,婚礼,婚恋,0.41277069,3,2488
2489,互怼,互怼,2,tencent_ai_lab_chinese_embedding_light_mirror_mvp,0.52255051,0.53154981,0.50905156,情侣,亲密行为,0.5290556,3,2489
2490,医生,医生,2,tencent_ai_lab_chinese_embedding_light_mirror_mvp,0.52254961,0.53055942,0.51053488,丈夫,婚恋,0.48823366,3,2490
2491,休息,休息,2,tencent_ai_lab_chinese_embedding_light_mirror_mvp,0.5225284,0.56748825,0.45508862,散步,约会,0.4802804,3,2491
2492,愿景,愿景,2,tencent_ai_lab_chinese_embedding_light_mirror_mvp,0.52252017,0.54997742,0.4813343,追求,亲密行为,0.44649938,3,2492
2493,脱裤子,脱裤子,3,tencent_ai_lab_chinese_embedding_light_mirror_mvp,0.52249264,0.54478866,0.4890486,接吻,校园恋爱,0.49653983,3,2493
2494,这就,这就,2,tencent_ai_lab_chinese_embedding_light_mirror_mvp,0.52247146,0.54726899,0.48527518,追求,对象关系,0.48173773,3,2494
2495,甜美,甜美,2,tencent_ai_lab_chinese_embedding_light_mirror_mvp,0.52245842,0.53510326,0.50349116,初恋,恋爱核心,0.52914679,3,2495
2496,袜子,袜子,2,tencent_ai_lab_chinese_embedding_light_mirror_mvp,0.52244455,0.57384133,0.44534937,校服,校园恋爱,0.47164753,3,2496
2497,碰头,碰头,2,tencent_ai_lab_chinese_embedding_light_mirror_mvp,0.52244277,0.53907079,0.49750075,约会,约会,0.57056105,3,2497
2498,拿钱,拿钱,2,tencent_ai_lab_chinese_embedding_light_mirror_mvp,0.52243482,0.53930748,0.49712583,老婆,婚恋,0.5068624,3,2498
2499,私生女,私生女,3,tencent_ai_lab_chinese_embedding_light_mirror_mvp,0.52238963,0.52387762,0.52015764,前女友,婚恋,0.57169557,3,2499
2500,坚持,坚持,2,tencent_ai_lab_chinese_embedding_light_mirror_mvp,0.5223754,0.5600096,0.46592411,追求,社会比较与人生进度,0.49758911,3,2500
2501,自拍,自拍,2,tencent_ai_lab_chinese_embedding_light_mirror_mvp,0.52231236,0.53412521,0.50459307,接吻,亲密行为,0.54293787,3,2501
2502,警服,警服,2,tencent_ai_lab_chinese_embedding_light_mirror_mvp,0.52227587,0.57295775,0.44625303,校服,校园恋爱,0.46774301,3,2502
2503,四十岁,四十岁,3,tencent_ai_lab_chinese_embedding_light_mirror_mvp,0.52225984,0.5434624,0.49045601,同龄人,社会比较与人生进度,0.48066738,3,2503
2504,隔阂,隔阂,2,tencent_ai_lab_chinese_embedding_light_mirror_mvp,0.52222162,0.54654306,0.48573947,亲密关系,亲密行为,0.50694126,3,2504
2505,哭泣,哭泣,2,tencent_ai_lab_chinese_embedding_light_mirror_mvp,0.52219088,0.5406968,0.494432,拥抱,亲密行为,0.53651595,3,2505
2506,人本主义,人本主义,4,tencent_ai_lab_chinese_embedding_light_mirror_mvp,0.52217988,0.55102813,0.4789075,亲密关系,亲密行为,0.36887777,3,2506
2507,十四岁,十四岁,3,tencent_ai_lab_chinese_embedding_light_mirror_mvp,0.52206438,0.5438239,0.48942509,同龄人,社会比较与人生进度,0.47206926,3,2507
2508,姐弟,姐弟,2,tencent_ai_lab_chinese_embedding_light_mirror_mvp,0.52205348,0.52769756,0.51358736,情侣,对象关系,0.52625215,3,2508
2509,接任,接任,2,tencent_ai_lab_chinese_embedding_light_mirror_mvp,0.52203811,0.58625656,0.42571044,前任,恋爱历史,0.346407,3,2509
2510,毕业班,毕业班,3,tencent_ai_lab_chinese_embedding_light_mirror_mvp,0.52200744,0.53490508,0.50266099,早恋,校园恋爱,0.61530638,3,2510
2511,辈子,辈子,2,tencent_ai_lab_chinese_embedding_light_mirror_mvp,0.52198069,0.53098047,0.50848103,老婆,婚恋,0.53077328,3,2511
2512,离不开你,离不开你,4,tencent_ai_lab_chinese_embedding_light_mirror_mvp,0.52194507,0.52432609,0.51837355,表白,对象关系,0.53407604,3,2512
2513,相对无言,相对无言,4,tencent_ai_lab_chinese_embedding_light_mirror_mvp,0.52183392,0.53448868,0.50285178,恋人,亲密行为,0.53179002,3,2513
2514,女宝,女宝,2,tencent_ai_lab_chinese_embedding_light_mirror_mvp,0.52181895,0.54727685,0.48363209,老公,婚恋,0.47203267,3,2514
2515,勾引,勾引,2,tencent_ai_lab_chinese_embedding_light_mirror_mvp,0.5217948,0.52955806,0.5101499,约会,表白与追求,0.54026133,3,2515
2516,坐着,坐着,2,tencent_ai_lab_chinese_embedding_light_mirror_mvp,0.52178136,0.55055499,0.47862092,散步,约会,0.51138681,3,2516
2517,母校,母校,2,tencent_ai_lab_chinese_embedding_light_mirror_mvp,0.52172446,0.53706622,0.49871182,青春,校园恋爱,0.53691912,3,2517
2518,结尾,结尾,2,tencent_ai_lab_chinese_embedding_light_mirror_mvp,0.52172301,0.5268693,0.51400357,告白,表白与追求,0.53197318,3,2518
2519,大发雷霆,大发雷霆,4,tencent_ai_lab_chinese_embedding_light_mirror_mvp,0.52170566,0.5266462,0.51429486,老婆,婚恋,0.53007603,3,2519
2520,追随,追随,2,tencent_ai_lab_chinese_embedding_light_mirror_mvp,0.52168742,0.55209845,0.47607088,追求,表白与追求,0.47100466,3,2520
2521,宽容,宽容,2,tencent_ai_lab_chinese_embedding_light_mirror_mvp,0.5216647,0.5318231,0.50642711,亲密关系,亲密行为,0.53172588,3,2521
2522,排座位,排座位,3,tencent_ai_lab_chinese_embedding_light_mirror_mvp,0.52165891,0.57673216,0.43904904,同桌,校园恋爱,0.54169679,3,2522
2523,挽回,挽回,2,tencent_ai_lab_chinese_embedding_light_mirror_mvp,0.52165024,0.54029542,0.49368247,前任,恋爱历史,0.52127224,3,2523
2524,减肥,减肥,2,tencent_ai_lab_chinese_embedding_light_mirror_mvp,0.52163301,0.53219521,0.5057897,脱单,单身与脱单,0.54255778,3,2524
2525,见面会,见面会,3,tencent_ai_lab_chinese_embedding_light_mirror_mvp,0.52162983,0.52547622,0.51586026,约会,亲密行为,0.53995574,3,2525
2526,女青年,女青年,3,tencent_ai_lab_chinese_embedding_light_mirror_mvp,0.52158848,0.53550297,0.50071675,单身,单身与脱单,0.54579163,3,2526
2527,假如,假如,2,tencent_ai_lab_chinese_embedding_light_mirror_mvp,0.52147515,0.53973907,0.49407926,伴侣,对象关系,0.53763103,3,2527
2528,不好意思,不好意思,4,tencent_ai_lab_chinese_embedding_light_mirror_mvp,0.52147269,0.52996671,0.50873166,女朋友,婚恋,0.46730202,3,2528
2529,小女孩,小女孩,3,tencent_ai_lab_chinese_embedding_light_mirror_mvp,0.52147191,0.52779388,0.51198894,丈夫,校园恋爱,0.52674168,3,2529
2530,只是,只是,2,tencent_ai_lab_chinese_embedding_light_mirror_mvp,0.5214126,0.53668165,0.49850902,追求,社会比较与人生进度,0.55501354,3,2530
2531,紧身,紧身,2,tencent_ai_lab_chinese_embedding_light_mirror_mvp,0.52141236,0.58905029,0.41995546,校服,校园恋爱,0.42337808,3,2531
2532,钱全,钱全,2,tencent_ai_lab_chinese_embedding_light_mirror_mvp,0.52141187,0.53806275,0.49643555,老婆,婚恋,0.4710317,3,2532
2533,旗袍,旗袍,2,tencent_ai_lab_chinese_embedding_light_mirror_mvp,0.52139612,0.54602951,0.48444605,校服,社会比较与人生进度,0.44039446,3,2533
2534,见见面,见见面,3,tencent_ai_lab_chinese_embedding_light_mirror_mvp,0.52137182,0.53565657,0.49994469,订婚,约会,0.5231958,3,2534
2535,真谛,真谛,2,tencent_ai_lab_chinese_embedding_light_mirror_mvp,0.52136759,0.5569874,0.46793786,追求,社会比较与人生进度,0.4386839,3,2535
2536,房子,房子,2,tencent_ai_lab_chinese_embedding_light_mirror_mvp,0.52135229,0.54077125,0.49222386,结婚,婚恋,0.51244664,3,2536
2537,不论男女,不论男女,4,tencent_ai_lab_chinese_embedding_light_mirror_mvp,0.52130903,0.53877068,0.49511656,伴侣,对象关系,0.50162512,3,2537
2538,病逝,病逝,2,tencent_ai_lab_chinese_embedding_light_mirror_mvp,0.52130045,0.5476976,0.48170471,妻子,婚恋,0.48324761,3,2538
2539,新妈,新妈,2,tencent_ai_lab_chinese_embedding_light_mirror_mvp,0.52126259,0.54011583,0.49298272,老公,婚恋,0.46652761,3,2539
2540,如果你,如果你,3,tencent_ai_lab_chinese_embedding_light_mirror_mvp,0.52123137,0.54090834,0.49171591,伴侣,对象关系,0.52817631,3,2540
2541,超甜,超甜,2,tencent_ai_lab_chinese_embedding_light_mirror_mvp,0.52121993,0.52788621,0.51122051,情侣,恋爱核心,0.50211537,3,2541
2542,呢大衣,呢大衣,3,tencent_ai_lab_chinese_embedding_light_mirror_mvp,0.52118416,0.57576853,0.4393076,校服,校园恋爱,0.40822256,3,2542
2543,而是,而是,2,tencent_ai_lab_chinese_embedding_light_mirror_mvp,0.52117134,0.54912138,0.47924629,追求,社会比较与人生进度,0.4549005,3,2543
2544,不懂事,不懂事,3,tencent_ai_lab_chinese_embedding_light_mirror_mvp,0.52113709,0.53805208,0.49576461,早恋,校园恋爱,0.53149748,3,2544
2545,娘子,娘子,2,tencent_ai_lab_chinese_embedding_light_mirror_mvp,0.52108443,0.54327238,0.48780251,老婆,婚恋,0.51488352,3,2545
2546,未成年,未成年,3,tencent_ai_lab_chinese_embedding_light_mirror_mvp,0.52106498,0.54071772,0.49158588,早恋,校园恋爱,0.48282176,3,2546
2547,那段,那段,2,tencent_ai_lab_chinese_embedding_light_mirror_mvp,0.52106295,0.52518749,0.51487613,青春,恋爱核心,0.51896477,3,2547
2548,恋旧,恋旧,2,tencent_ai_lab_chinese_embedding_light_mirror_mvp,0.52104748,0.52257329,0.51875877,单身,恋爱历史,0.54502809,3,2548
2549,家属,家属,2,tencent_ai_lab_chinese_embedding_light_mirror_mvp,0.52102109,0.53835505,0.49502015,妻子,婚恋,0.4938553,3,2549
2550,找了,找了,2,tencent_ai_lab_chinese_embedding_light_mirror_mvp,0.52097872,0.53137988,0.50537699,女朋友,婚恋,0.49793467,3,2550
2551,翻脸,翻脸,2,tencent_ai_lab_chinese_embedding_light_mirror_mvp,0.52097256,0.53170168,0.50487888,前任,婚恋,0.50278676,3,2551
2552,性格,性格,2,tencent_ai_lab_chinese_embedding_light_mirror_mvp,0.52094009,0.52380598,0.51664126,亲密关系,恋爱核心,0.5412792,3,2552
2553,同屋,同屋,2,tencent_ai_lab_chinese_embedding_light_mirror_mvp,0.52093884,0.54363966,0.4868876,同桌,对象关系,0.45703834,3,2553
2554,传闻,传闻,2,tencent_ai_lab_chinese_embedding_light_mirror_mvp,0.52090099,0.53570521,0.49869466,恋情,恋爱历史,0.46364087,3,2554
2555,逃避现实,逃避现实,4,tencent_ai_lab_chinese_embedding_light_mirror_mvp,0.52088166,0.5309059,0.50584531,爱情,恋爱核心,0.51205242,3,2555
2556,性压抑,性压抑,3,tencent_ai_lab_chinese_embedding_light_mirror_mvp,0.52087355,0.52923453,0.50833207,亲密关系,亲密行为,0.46687055,3,2556
2557,讨好,讨好,2,tencent_ai_lab_chinese_embedding_light_mirror_mvp,0.52084861,0.52972543,0.50753337,追求,表白与追求,0.51121199,3,2557
2558,敌对,敌对,2,tencent_ai_lab_chinese_embedding_light_mirror_mvp,0.52084783,0.53788364,0.49529412,亲密,亲密行为,0.4895938,3,2558
2559,同台,同台,2,tencent_ai_lab_chinese_embedding_light_mirror_mvp,0.52079066,0.52434772,0.51545507,牵手,亲密行为,0.51798677,3,2559
2560,丝袜,丝袜,2,tencent_ai_lab_chinese_embedding_light_mirror_mvp,0.5207872,0.55479729,0.46977207,校服,校园恋爱,0.46143049,3,2560
2561,质问,质问,2,tencent_ai_lab_chinese_embedding_light_mirror_mvp,0.52075374,0.52858186,0.50901157,女朋友,婚恋,0.52170312,3,2561
2562,爱情片,爱情片,3,tencent_ai_lab_chinese_embedding_light_mirror_mvp,0.52074476,0.54013336,0.49166188,爱情,恋爱核心,0.51479089,3,2562
2563,说了,说了,2,tencent_ai_lab_chinese_embedding_light_mirror_mvp,0.52070668,0.52882695,0.50852627,老婆,婚恋,0.51132065,3,2563
2564,互称,互称,2,tencent_ai_lab_chinese_embedding_light_mirror_mvp,0.52069422,0.55427527,0.47032264,亲密,亲密行为,0.49196178,3,2564
2565,拜金,拜金,2,tencent_ai_lab_chinese_embedding_light_mirror_mvp,0.52068603,0.52540278,0.5136109,恋爱,婚恋,0.5265758,3,2565
2566,二十一岁,二十一岁,4,tencent_ai_lab_chinese_embedding_light_mirror_mvp,0.52067847,0.54405612,0.485612,同龄人,社会比较与人生进度,0.47031397,3,2566
2567,一生中,一生中,3,tencent_ai_lab_chinese_embedding_light_mirror_mvp,0.52066704,0.53520811,0.49885544,伴侣,恋爱核心,0.49019995,3,2567
2568,必然,必然,2,tencent_ai_lab_chinese_embedding_light_mirror_mvp,0.52059698,0.54849863,0.47874451,追求,社会比较与人生进度,0.45024621,3,2568
2569,私下里,私下里,3,tencent_ai_lab_chinese_embedding_light_mirror_mvp,0.52059416,0.53848463,0.49375844,亲密,对象关系,0.49297792,3,2569
2570,牵挂,牵挂,2,tencent_ai_lab_chinese_embedding_light_mirror_mvp,0.52058997,0.53407931,0.50035596,恋人,恋爱核心,0.50732601,3,2570
2571,摒弃,摒弃,2,tencent_ai_lab_chinese_embedding_light_mirror_mvp,0.5205542,0.58420599,0.42507651,追求,社会比较与人生进度,0.40852815,3,2571
2572,为了,为了,2,tencent_ai_lab_chinese_embedding_light_mirror_mvp,0.52051798,0.54732525,0.48030707,追求,婚恋,0.44386354,3,2572
2573,人格,人格,2,tencent_ai_lab_chinese_embedding_light_mirror_mvp,0.52049799,0.54418945,0.48496079,亲密关系,表白与追求,0.45739138,3,2573
2574,伦理,伦理,2,tencent_ai_lab_chinese_embedding_light_mirror_mvp,0.52048953,0.53395343,0.50029367,亲密关系,亲密行为,0.45690796,3,2574
2575,农村妇女,农村妇女,4,tencent_ai_lab_chinese_embedding_light_mirror_mvp,0.52045439,0.54158092,0.48876461,丈夫,婚恋,0.43970963,3,2575
2576,含辛茹苦,含辛茹苦,4,tencent_ai_lab_chinese_embedding_light_mirror_mvp,0.52044547,0.53131533,0.50414068,丈夫,婚恋,0.47394389,3,2576
2577,难舍,难舍,2,tencent_ai_lab_chinese_embedding_light_mirror_mvp,0.52044244,0.52113473,0.51940399,初恋,恋爱核心,0.50819403,3,2577
2578,外出,外出,2,tencent_ai_lab_chinese_embedding_light_mirror_mvp,0.52043761,0.5346778,0.49907732,散步,约会,0.52723688,3,2578
2579,演戏,演戏,2,tencent_ai_lab_chinese_embedding_light_mirror_mvp,0.5204012,0.52372175,0.51542038,恋爱,恋爱核心,0.54478037,3,2579
2580,束缚,束缚,2,tencent_ai_lab_chinese_embedding_light_mirror_mvp,0.52037404,0.54300767,0.48642358,追求,社会比较与人生进度,0.46167225,3,2580
2581,独生子女,独生子女,4,tencent_ai_lab_chinese_embedding_light_mirror_mvp,0.52036463,0.52602822,0.51186925,早恋,对象关系,0.52918184,3,2581
2582,真情流露,真情流露,4,tencent_ai_lab_chinese_embedding_light_mirror_mvp,0.52035503,0.53348434,0.50066108,亲密,亲密行为,0.54822916,3,2582
2583,富商,富商,2,tencent_ai_lab_chinese_embedding_light_mirror_mvp,0.52031351,0.52174622,0.51816446,妻子,婚恋,0.59081471,3,2583
2584,因车祸,因车祸,3,tencent_ai_lab_chinese_embedding_light_mirror_mvp,0.52026933,0.53918225,0.49189997,妻子,婚恋,0.49466226,3,2584
2585,孕照,孕照,2,tencent_ai_lab_chinese_embedding_light_mirror_mvp,0.52022874,0.52464247,0.51360816,恋情,婚恋,0.54221153,3,2585
2586,最亲,最亲,2,tencent_ai_lab_chinese_embedding_light_mirror_mvp,0.52021959,0.53524464,0.49768201,亲密,对象关系,0.50977641,3,2586
2587,抑郁,抑郁,2,tencent_ai_lab_chinese_embedding_light_mirror_mvp,0.52016277,0.53256536,0.5015589,亲密关系,恋爱核心,0.49367306,3,2587
2588,性兴奋,性兴奋,3,tencent_ai_lab_chinese_embedding_light_mirror_mvp,0.52012957,0.5341152,0.49915114,接吻,亲密行为,0.4965716,3,2588
2589,眼瞎,眼瞎,2,tencent_ai_lab_chinese_embedding_light_mirror_mvp,0.52011354,0.5241816,0.51401144,女朋友,恋爱历史,0.5071159,3,2589
2590,老奶奶,老奶奶,3,tencent_ai_lab_chinese_embedding_light_mirror_mvp,0.52009089,0.52255607,0.51639313,丈夫,婚恋,0.49921009,3,2590
2591,互为,互为,2,tencent_ai_lab_chinese_embedding_light_mirror_mvp,0.520042,0.54598904,0.48112145,亲密,亲密行为,0.51250923,3,2591
2592,醋意,醋意,2,tencent_ai_lab_chinese_embedding_light_mirror_mvp,0.52002513,0.52406251,0.51396906,女朋友,恋爱核心,0.54754174,3,2592
2593,无怨无悔,无怨无悔,4,tencent_ai_lab_chinese_embedding_light_mirror_mvp,0.52001969,0.52692491,0.50966185,爱情,恋爱核心,0.49948937,3,2593
2594,少妇,少妇,2,tencent_ai_lab_chinese_embedding_light_mirror_mvp,0.52000487,0.52591157,0.51114482,丈夫,婚恋,0.51093841,3,2594
2595,着装,着装,2,tencent_ai_lab_chinese_embedding_light_mirror_mvp,0.51999089,0.53840965,0.49236274,校服,约会,0.43374959,3,2595
2596,甜得,甜得,2,tencent_ai_lab_chinese_embedding_light_mirror_mvp,0.51998674,0.54461169,0.4830493,初恋,恋爱核心,0.50567126,3,2596
2597,委屈,委屈,2,tencent_ai_lab_chinese_embedding_light_mirror_mvp,0.51990602,0.525262,0.51187205,老婆,对象关系,0.50900054,3,2597
2598,入校,入校,2,tencent_ai_lab_chinese_embedding_light_mirror_mvp,0.5198602,0.53398383,0.49867475,早恋,校园恋爱,0.61526275,3,2598
2599,心中,心中,2,tencent_ai_lab_chinese_embedding_light_mirror_mvp,0.51985929,0.52445245,0.51296955,初恋,表白与追求,0.54630923,3,2599
2600,男同志,男同志,3,tencent_ai_lab_chinese_embedding_light_mirror_mvp,0.51984054,0.52247542,0.51588821,女朋友,对象关系,0.54873002,3,2600
2601,好运,好运,2,tencent_ai_lab_chinese_embedding_light_mirror_mvp,0.51983286,0.53020245,0.50427848,脱单,单身与脱单,0.55584747,3,2601
2602,一心一意,一心一意,4,tencent_ai_lab_chinese_embedding_light_mirror_mvp,0.51980343,0.52261472,0.5155865,追求,对象关系,0.54213762,3,2602
2603,很烦,很烦,2,tencent_ai_lab_chinese_embedding_light_mirror_mvp,0.51977211,0.52500337,0.51192522,男朋友,恋爱历史,0.50506514,3,2603
2604,闲暇,闲暇,2,tencent_ai_lab_chinese_embedding_light_mirror_mvp,0.5197662,0.56140506,0.4573079,散步,约会,0.49383724,3,2604
2605,小白鞋,小白鞋,3,tencent_ai_lab_chinese_embedding_light_mirror_mvp,0.51975656,0.5752961,0.43644723,校服,校园恋爱,0.44291595,3,2605
2606,退行,退行,2,tencent_ai_lab_chinese_embedding_light_mirror_mvp,0.51974195,0.55674434,0.46423838,亲密关系,亲密行为,0.38831604,3,2606
2607,想法,想法,2,tencent_ai_lab_chinese_embedding_light_mirror_mvp,0.51973287,0.53549552,0.49608889,追求,对象关系,0.52922893,3,2607
2608,神经症,神经症,3,tencent_ai_lab_chinese_embedding_light_mirror_mvp,0.51972345,0.56274986,0.45518383,亲密关系,恋爱核心,0.38027588,3,2608
2609,这钱,这钱,2,tencent_ai_lab_chinese_embedding_light_mirror_mvp,0.51971967,0.5365755,0.49443594,老婆,婚恋,0.51169389,3,2609
2610,不来往,不来往,3,tencent_ai_lab_chinese_embedding_light_mirror_mvp,0.51965266,0.52280301,0.51492715,结婚,婚恋,0.51008773,3,2610
2611,往事如烟,往事如烟,4,tencent_ai_lab_chinese_embedding_light_mirror_mvp,0.51963173,0.53335702,0.49904379,青春,恋爱核心,0.45401576,3,2611
2612,成全,成全,2,tencent_ai_lab_chinese_embedding_light_mirror_mvp,0.51961544,0.52613187,0.50984079,追求,表白与追求,0.58385509,3,2612
2613,这娃,这娃,2,tencent_ai_lab_chinese_embedding_light_mirror_mvp,0.51961216,0.53559172,0.49564281,老婆,校园恋爱,0.46585107,3,2613
2614,冷落,冷落,2,tencent_ai_lab_chinese_embedding_light_mirror_mvp,0.51960878,0.52665913,0.50903326,恋人,对象关系,0.53801417,3,2614
2615,太贱,太贱,2,tencent_ai_lab_chinese_embedding_light_mirror_mvp,0.51960492,0.53144002,0.50185227,前女友,恋爱历史,0.53310841,3,2615
2616,现代女性,现代女性,4,tencent_ai_lab_chinese_embedding_light_mirror_mvp,0.51959462,0.52414,0.51277655,丈夫,对象关系,0.47818217,3,2616
2617,愉悦,愉悦,2,tencent_ai_lab_chinese_embedding_light_mirror_mvp,0.51956114,0.52473789,0.511796,追求,亲密行为,0.54327565,3,2617
2618,挑剔,挑剔,2,tencent_ai_lab_chinese_embedding_light_mirror_mvp,0.51954517,0.54483843,0.48160529,追求,对象关系,0.48243719,3,2618
2619,念旧,念旧,2,tencent_ai_lab_chinese_embedding_light_mirror_mvp,0.51953692,0.53340769,0.49873078,前任,恋爱历史,0.50409961,3,2619
2620,升学考试,升学考试,4,tencent_ai_lab_chinese_embedding_light_mirror_mvp,0.51952509,0.55708158,0.46319035,早恋,校园恋爱,0.56305468,3,2620
2621,午睡,午睡,2,tencent_ai_lab_chinese_embedding_light_mirror_mvp,0.51951119,0.55227041,0.47037235,散步,约会,0.51770341,3,2621
2622,谈笑风生,谈笑风生,4,tencent_ai_lab_chinese_embedding_light_mirror_mvp,0.51951045,0.5362674,0.49437502,亲密,亲密行为,0.53514183,3,2622
2623,变胖,变胖,2,tencent_ai_lab_chinese_embedding_light_mirror_mvp,0.51950973,0.53354168,0.49846181,单身,单身与脱单,0.52988088,3,2623
2624,只不过,只不过,3,tencent_ai_lab_chinese_embedding_light_mirror_mvp,0.51949832,0.53013039,0.50355023,追求,社会比较与人生进度,0.52836615,3,2624
2625,那女,那女,2,tencent_ai_lab_chinese_embedding_light_mirror_mvp,0.51949403,0.52082419,0.51749879,前女友,恋爱历史,0.51967275,3,2625
2626,殿堂,殿堂,2,tencent_ai_lab_chinese_embedding_light_mirror_mvp,0.51947396,0.52761745,0.50725871,婚礼,恋爱核心,0.51397401,3,2626
2627,美感,美感,2,tencent_ai_lab_chinese_embedding_light_mirror_mvp,0.51947044,0.54703796,0.47811916,追求,社会比较与人生进度,0.48795903,3,2627
2628,期中考试,期中考试,4,tencent_ai_lab_chinese_embedding_light_mirror_mvp,0.51946383,0.54621416,0.47933832,同桌,校园恋爱,0.58154678,3,2628
2629,网络红人,网络红人,4,tencent_ai_lab_chinese_embedding_light_mirror_mvp,0.51946189,0.53584248,0.49489102,前女友,恋爱历史,0.47948301,3,2629
2630,到来,到来,2,tencent_ai_lab_chinese_embedding_light_mirror_mvp,0.51941496,0.55692065,0.46315643,拥抱,社会比较与人生进度,0.48601428,3,2630
2631,同路人,同路人,3,tencent_ai_lab_chinese_embedding_light_mirror_mvp,0.51941277,0.52815753,0.50629562,伴侣,对象关系,0.52393758,3,2631
2632,二十四岁,二十四岁,4,tencent_ai_lab_chinese_embedding_light_mirror_mvp,0.51937318,0.53476119,0.49629116,同龄人,社会比较与人生进度,0.45703238,3,2632
2633,丹哥,丹哥,2,tencent_ai_lab_chinese_embedding_light_mirror_mvp,0.51936544,0.53633082,0.49391738,老婆,婚恋,0.48211741,3,2633
2634,相互支持,相互支持,4,tencent_ai_lab_chinese_embedding_light_mirror_mvp,0.51930326,0.5363003,0.4938077,亲密关系,亲密行为,0.55511427,3,2634
2635,小妹,小妹,2,tencent_ai_lab_chinese_embedding_light_mirror_mvp,0.51929126,0.52465832,0.51124066,女朋友,对象关系,0.50044149,3,2635
2636,爱好,爱好,2,tencent_ai_lab_chinese_embedding_light_mirror_mvp,0.51926867,0.54168391,0.4856458,追求,对象关系,0.50314832,3,2636
2637,热烈,热烈,2,tencent_ai_lab_chinese_embedding_light_mirror_mvp,0.51926434,0.52937579,0.50409716,拥抱,亲密行为,0.52833796,3,2637
2638,失身,失身,2,tencent_ai_lab_chinese_embedding_light_mirror_mvp,0.51922219,0.52236772,0.5145039,第一次约会,表白与追求,0.52671564,3,2638
2639,历久弥新,历久弥新,4,tencent_ai_lab_chinese_embedding_light_mirror_mvp,0.51919664,0.54030704,0.48753104,青春,社会比较与人生进度,0.47399676,3,2639
2640,闹婚,闹婚,2,tencent_ai_lab_chinese_embedding_light_mirror_mvp,0.51919632,0.55517381,0.46523008,婚礼,婚恋,0.44988862,3,2640
2641,肚子,肚子,2,tencent_ai_lab_chinese_embedding_light_mirror_mvp,0.51915317,0.53095305,0.50145334,老婆,婚恋,0.47495455,3,2641
2642,钓鱼,钓鱼,2,tencent_ai_lab_chinese_embedding_light_mirror_mvp,0.51911778,0.5548684,0.46549186,散步,约会,0.54831564,3,2642
2643,四五岁,四五岁,3,tencent_ai_lab_chinese_embedding_light_mirror_mvp,0.51907251,0.56320673,0.45287117,同龄人,校园恋爱,0.47330374,3,2643
2644,亲上,亲上,2,tencent_ai_lab_chinese_embedding_light_mirror_mvp,0.51906703,0.5468424,0.47740397,接吻,亲密行为,0.52830762,3,2644
2645,三哥,三哥,2,tencent_ai_lab_chinese_embedding_light_mirror_mvp,0.5190467,0.54289412,0.48327556,老婆,婚恋,0.48333585,3,2645
2646,过节,过节,2,tencent_ai_lab_chinese_embedding_light_mirror_mvp,0.51904552,0.52929866,0.5036658,订婚,约会,0.5257138,3,2646
2647,言行,言行,2,tencent_ai_lab_chinese_embedding_light_mirror_mvp,0.51903569,0.54488653,0.48025942,亲密关系,亲密行为,0.46670103,3,2647
2648,素芳,素芳,2,tencent_ai_lab_chinese_embedding_light_mirror_mvp,0.51903567,0.53849345,0.489849,丈夫,婚恋,0.4746989,3,2648
2649,回了,回了,2,tencent_ai_lab_chinese_embedding_light_mirror_mvp,0.51900275,0.52916944,0.50375271,老婆,婚恋,0.51863664,3,2649
2650,相互,相互,2,tencent_ai_lab_chinese_embedding_light_mirror_mvp,0.5189925,0.52290499,0.51312375,亲密,亲密行为,0.56501448,3,2650
2651,后来,后来,2,tencent_ai_lab_chinese_embedding_light_mirror_mvp,0.51898537,0.52265513,0.51348072,老婆,婚恋,0.53478652,3,2651
2652,求职,求职,2,tencent_ai_lab_chinese_embedding_light_mirror_mvp,0.51897036,0.5308761,0.50111175,脱单,单身与脱单,0.54308987,3,2652
2653,孤僻,孤僻,2,tencent_ai_lab_chinese_embedding_light_mirror_mvp,0.51892257,0.53057599,0.50144243,同龄人,社会比较与人生进度,0.48307389,3,2653
2654,肉麻,肉麻,2,tencent_ai_lab_chinese_embedding_light_mirror_mvp,0.51882868,0.52662683,0.50713146,亲密,亲密行为,0.51491594,3,2654
2655,通奸,通奸,2,tencent_ai_lab_chinese_embedding_light_mirror_mvp,0.51881967,0.52377439,0.51138759,妻子,婚恋,0.54322386,3,2655
2656,认干,认干,2,tencent_ai_lab_chinese_embedding_light_mirror_mvp,0.51877644,0.53127909,0.50002247,老婆,婚恋,0.52163833,3,2656
2657,衡量标准,衡量标准,4,tencent_ai_lab_chinese_embedding_light_mirror_mvp,0.51877456,0.56021005,0.45662132,追求,社会比较与人生进度,0.38149941,3,2657
2658,衣裙,衣裙,2,tencent_ai_lab_chinese_embedding_light_mirror_mvp,0.51876246,0.57152796,0.43961421,校服,校园恋爱,0.42205775,3,2658
2659,时代,时代,2,tencent_ai_lab_chinese_embedding_light_mirror_mvp,0.51870582,0.53498805,0.49428248,追求,社会比较与人生进度,0.59029353,3,2659
2660,真心话,真心话,3,tencent_ai_lab_chinese_embedding_light_mirror_mvp,0.51864116,0.52679157,0.50641555,告白,表白与追求,0.53159249,3,2660
2661,死心塌地,死心塌地,4,tencent_ai_lab_chinese_embedding_light_mirror_mvp,0.51860981,0.53004754,0.50145322,前任,恋爱历史,0.52560216,3,2661
2662,如初,如初,2,tencent_ai_lab_chinese_embedding_light_mirror_mvp,0.5185665,0.53614831,0.49219379,初恋,恋爱核心,0.51420504,3,2662
2663,理性,理性,2,tencent_ai_lab_chinese_embedding_light_mirror_mvp,0.51851964,0.53245878,0.49761093,追求,社会比较与人生进度,0.43978018,3,2663
2664,乐观主义,乐观主义,4,tencent_ai_lab_chinese_embedding_light_mirror_mvp,0.51850197,0.5346812,0.49423313,爱情,社会比较与人生进度,0.47584456,3,2664
2665,心情不好,心情不好,4,tencent_ai_lab_chinese_embedding_light_mirror_mvp,0.51849788,0.52084893,0.51497132,女朋友,约会,0.51013565,3,2665
2666,情境,情境,2,tencent_ai_lab_chinese_embedding_light_mirror_mvp,0.51848572,0.5536207,0.46578327,亲密关系,亲密行为,0.48724133,3,2666
2667,应试教育,应试教育,4,tencent_ai_lab_chinese_embedding_light_mirror_mvp,0.51844965,0.55017662,0.4708592,早恋,校园恋爱,0.56546772,3,2667
2668,舍不得,舍不得,3,tencent_ai_lab_chinese_embedding_light_mirror_mvp,0.51841002,0.53340715,0.49591431,老婆,婚恋,0.49388111,3,2668
2669,抱住,抱住,2,tencent_ai_lab_chinese_embedding_light_mirror_mvp,0.51840609,0.5514673,0.46881428,拥抱,亲密行为,0.48981366,3,2669
2670,物欲横流,物欲横流,4,tencent_ai_lab_chinese_embedding_light_mirror_mvp,0.51836408,0.53879082,0.48772398,爱情,社会比较与人生进度,0.47556683,3,2670
2671,七大姑八大姨,七大姑八大姨,6,tencent_ai_lab_chinese_embedding_light_mirror_mvp,0.51833615,0.52888858,0.50250751,男朋友,对象关系,0.51675189,3,2671
2672,没分,没分,2,tencent_ai_lab_chinese_embedding_light_mirror_mvp,0.5183201,0.52675217,0.50567198,前女友,恋爱历史,0.53390157,3,2672
2673,拖鞋,拖鞋,2,tencent_ai_lab_chinese_embedding_light_mirror_mvp,0.51831851,0.55095935,0.46935725,校服,校园恋爱,0.47611573,3,2673
2674,熟稔,熟稔,2,tencent_ai_lab_chinese_embedding_light_mirror_mvp,0.51825789,0.57542354,0.43250942,亲密,亲密行为,0.46825555,3,2674
2675,动心,动心,2,tencent_ai_lab_chinese_embedding_light_mirror_mvp,0.51825781,0.52079058,0.51445866,追求,表白与追求,0.58393192,3,2675
2676,等我,等我,2,tencent_ai_lab_chinese_embedding_light_mirror_mvp,0.5182111,0.52118242,0.51375413,老婆,婚恋,0.49788529,3,2676
2677,肤浅,肤浅,2,tencent_ai_lab_chinese_embedding_light_mirror_mvp,0.51820958,0.52667546,0.50551075,追求,社会比较与人生进度,0.5542655,3,2677
2678,个体,个体,2,tencent_ai_lab_chinese_embedding_light_mirror_mvp,0.5181958,0.52836752,0.50293821,亲密关系,社会比较与人生进度,0.49094453,3,2678
2679,关爱,关爱,2,tencent_ai_lab_chinese_embedding_light_mirror_mvp,0.51819394,0.52726626,0.50458544,亲密关系,亲密行为,0.54692131,3,2679
2680,你想,你想,2,tencent_ai_lab_chinese_embedding_light_mirror_mvp,0.51817572,0.53199071,0.49745324,女朋友,对象关系,0.55005747,3,2680
2681,爹要,爹要,2,tencent_ai_lab_chinese_embedding_light_mirror_mvp,0.51816531,0.54533356,0.47741294,老婆,婚恋,0.48075828,3,2681
2682,点点滴滴,点点滴滴,4,tencent_ai_lab_chinese_embedding_light_mirror_mvp,0.51816519,0.53278232,0.49623951,初恋,恋爱核心,0.50617313,3,2682
2683,开豪车,开豪车,3,tencent_ai_lab_chinese_embedding_light_mirror_mvp,0.51812744,0.52465451,0.50833684,老婆,婚恋,0.50294232,3,2683
2684,衣裤,衣裤,2,tencent_ai_lab_chinese_embedding_light_mirror_mvp,0.51808884,0.58539832,0.41712463,校服,校园恋爱,0.43918383,3,2684
2685,换亲,换亲,2,tencent_ai_lab_chinese_embedding_light_mirror_mvp,0.51807822,0.52984089,0.50043422,订婚,婚恋,0.50963068,3,2685
2686,听说,听说,2,tencent_ai_lab_chinese_embedding_light_mirror_mvp,0.51799676,0.52747035,0.50378639,女朋友,婚恋,0.52747643,3,2686
2687,伤感情,伤感情,3,tencent_ai_lab_chinese_embedding_light_mirror_mvp,0.51792629,0.52230191,0.51136285,恋爱,对象关系,0.54270077,3,2687
2688,三好学生,三好学生,4,tencent_ai_lab_chinese_embedding_light_mirror_mvp,0.51791134,0.53152275,0.49749422,同桌,校园恋爱,0.61380619,3,2688
2689,抱娃,抱娃,2,tencent_ai_lab_chinese_embedding_light_mirror_mvp,0.51789805,0.53426647,0.49334541,老公,婚恋,0.48209161,3,2689
2690,慰藉,慰藉,2,tencent_ai_lab_chinese_embedding_light_mirror_mvp,0.51789482,0.52407455,0.50862521,爱情,恋爱核心,0.48556244,3,2690
2691,永远是,永远是,3,tencent_ai_lab_chinese_embedding_light_mirror_mvp,0.51786191,0.52758646,0.5032751,追求,社会比较与人生进度,0.52230191,3,2691
2692,经纪人,经纪人,3,tencent_ai_lab_chinese_embedding_light_mirror_mvp,0.51781417,0.52810115,0.50238371,前女友,婚恋,0.51724166,3,2692
2693,降低要求,降低要求,4,tencent_ai_lab_chinese_embedding_light_mirror_mvp,0.51776218,0.52139866,0.51230747,追求,单身与脱单,0.53726304,3,2693
2694,师徒,师徒,2,tencent_ai_lab_chinese_embedding_light_mirror_mvp,0.51773109,0.53136498,0.49728027,情侣,亲密行为,0.48252612,3,2694
2695,能干,能干,2,tencent_ai_lab_chinese_embedding_light_mirror_mvp,0.5177034,0.53407705,0.49314293,老婆,婚恋,0.472408,3,2695
2696,昊然,昊然,2,tencent_ai_lab_chinese_embedding_light_mirror_mvp,0.51768718,0.53277475,0.49505582,女朋友,校园恋爱,0.48790398,3,2696
2697,喝多,喝多,2,tencent_ai_lab_chinese_embedding_light_mirror_mvp,0.51765736,0.5250017,0.50664085,女朋友,约会,0.5154503,3,2697
2698,参加工作,参加工作,4,tencent_ai_lab_chinese_embedding_light_mirror_mvp,0.51764799,0.53850168,0.48636746,结婚,社会比较与人生进度,0.46243423,3,2698
2699,永垂不朽,永垂不朽,4,tencent_ai_lab_chinese_embedding_light_mirror_mvp,0.51763898,0.54605889,0.47500911,青春,社会比较与人生进度,0.47432432,3,2699
2700,高兴,高兴,2,tencent_ai_lab_chinese_embedding_light_mirror_mvp,0.51761359,0.52669877,0.50398582,老婆,婚恋,0.52958506,3,2700
2701,去了,去了,2,tencent_ai_lab_chinese_embedding_light_mirror_mvp,0.51758611,0.5225457,0.51014674,老婆,婚恋,0.53065413,3,2701
2702,耳语,耳语,2,tencent_ai_lab_chinese_embedding_light_mirror_mvp,0.5175843,0.53041422,0.49833941,亲密,亲密行为,0.56711411,3,2702
2703,宅女,宅女,2,tencent_ai_lab_chinese_embedding_light_mirror_mvp,0.51757767,0.53681833,0.48871669,单身,单身与脱单,0.50808489,3,2703
2704,天真,天真,2,tencent_ai_lab_chinese_embedding_light_mirror_mvp,0.51755881,0.52389419,0.50805575,青春,社会比较与人生进度,0.56038904,3,2704
2705,校长,校长,2,tencent_ai_lab_chinese_embedding_light_mirror_mvp,0.51755133,0.5300715,0.49877107,同桌,校园恋爱,0.61538154,3,2705
2706,微信发,微信发,3,tencent_ai_lab_chinese_embedding_light_mirror_mvp,0.51752203,0.51987147,0.51399785,男朋友,恋爱历史,0.47940809,3,2706
2707,被宠,被宠,2,tencent_ai_lab_chinese_embedding_light_mirror_mvp,0.51751535,0.52335262,0.50875944,老公,恋爱核心,0.54879493,3,2707
2708,徒步走,徒步走,3,tencent_ai_lab_chinese_embedding_light_mirror_mvp,0.5175069,0.56798124,0.44179538,散步,约会,0.52040291,3,2708
2709,久别,久别,2,tencent_ai_lab_chinese_embedding_light_mirror_mvp,0.51743803,0.52289546,0.50925189,初恋,亲密行为,0.50865328,3,2709
2710,圈内,圈内,2,tencent_ai_lab_chinese_embedding_light_mirror_mvp,0.51742314,0.53505456,0.49097601,恋情,对象关系,0.47824317,3,2710
2711,不羁,不羁,2,tencent_ai_lab_chinese_embedding_light_mirror_mvp,0.51742274,0.54533613,0.47555265,青春,社会比较与人生进度,0.50143462,3,2711
2712,打骂,打骂,2,tencent_ai_lab_chinese_embedding_light_mirror_mvp,0.51741252,0.52504385,0.50596553,丈夫,校园恋爱,0.47812814,3,2712
2713,悲欢,悲欢,2,tencent_ai_lab_chinese_embedding_light_mirror_mvp,0.51740861,0.536493,0.48878202,爱情,恋爱核心,0.45128286,3,2713
2714,法官,法官,2,tencent_ai_lab_chinese_embedding_light_mirror_mvp,0.51737275,0.53831023,0.48596653,丈夫,婚恋,0.50091934,3,2714
2715,说什么,说什么,3,tencent_ai_lab_chinese_embedding_light_mirror_mvp,0.51734397,0.52744353,0.50219464,女朋友,婚恋,0.52876168,3,2715
2716,童年时,童年时,3,tencent_ai_lab_chinese_embedding_light_mirror_mvp,0.51727391,0.53066933,0.49718079,初恋,校园恋爱,0.50523227,3,2716
2717,活成,活成,2,tencent_ai_lab_chinese_embedding_light_mirror_mvp,0.51720139,0.53608412,0.4888773,爱情,表白与追求,0.50956619,3,2717
2718,外貌,外貌,2,tencent_ai_lab_chinese_embedding_light_mirror_mvp,0.51719145,0.53203595,0.49492469,同龄人,对象关系,0.50618613,3,2718
2719,扒姐,扒姐,2,tencent_ai_lab_chinese_embedding_light_mirror_mvp,0.51717708,0.52506649,0.50534296,前女友,恋爱历史,0.50514954,3,2719
2720,怎么想,怎么想,3,tencent_ai_lab_chinese_embedding_light_mirror_mvp,0.51716344,0.53179872,0.49521053,前任,恋爱历史,0.48259467,3,2720
2721,热忱,热忱,2,tencent_ai_lab_chinese_embedding_light_mirror_mvp,0.5171543,0.52149147,0.51064855,追求,社会比较与人生进度,0.48528159,3,2721
2722,这种,这种,2,tencent_ai_lab_chinese_embedding_light_mirror_mvp,0.51711003,0.53700006,0.48727497,追求,对象关系,0.48280925,3,2722
2723,心智,心智,2,tencent_ai_lab_chinese_embedding_light_mirror_mvp,0.51710768,0.53115827,0.49603179,亲密关系,社会比较与人生进度,0.50010669,3,2723
2724,天真无邪,天真无邪,4,tencent_ai_lab_chinese_embedding_light_mirror_mvp,0.51709912,0.52957833,0.4983803,初恋,校园恋爱,0.54455787,3,2724
2725,换位思考,换位思考,4,tencent_ai_lab_chinese_embedding_light_mirror_mvp,0.51709168,0.53626627,0.4883298,亲密关系,亲密行为,0.49995005,3,2725
2726,聊起来,聊起来,3,tencent_ai_lab_chinese_embedding_light_mirror_mvp,0.51708853,0.52067852,0.51170355,同桌,约会,0.52935368,3,2726
2727,捉弄,捉弄,2,tencent_ai_lab_chinese_embedding_light_mirror_mvp,0.51708665,0.53601295,0.4886972,暗恋,表白与追求,0.51429605,3,2727
2728,小孩子,小孩子,3,tencent_ai_lab_chinese_embedding_light_mirror_mvp,0.51708163,0.52992177,0.49782142,同龄人,校园恋爱,0.53948939,3,2728
2729,事过境迁,事过境迁,4,tencent_ai_lab_chinese_embedding_light_mirror_mvp,0.51704003,0.52623922,0.50324124,初恋,恋爱核心,0.53837466,3,2729
2730,一事无成,一事无成,4,tencent_ai_lab_chinese_embedding_light_mirror_mvp,0.51703761,0.53279197,0.49340606,单身,社会比较与人生进度,0.54308206,3,2730
2731,当今社会,当今社会,4,tencent_ai_lab_chinese_embedding_light_mirror_mvp,0.51703151,0.53903109,0.48403215,追求,社会比较与人生进度,0.47507519,3,2731
2732,拉近,拉近,2,tencent_ai_lab_chinese_embedding_light_mirror_mvp,0.51700411,0.54842257,0.46987641,亲密,亲密行为,0.53926426,3,2732
2733,一路领先,一路领先,4,tencent_ai_lab_chinese_embedding_light_mirror_mvp,0.51696838,0.59049952,0.40667167,落后,社会比较与人生进度,0.50218779,3,2733
2734,竟然,竟然,2,tencent_ai_lab_chinese_embedding_light_mirror_mvp,0.51693181,0.52592927,0.50343561,老婆,婚恋,0.49056432,3,2734
2735,主奴,主奴,2,tencent_ai_lab_chinese_embedding_light_mirror_mvp,0.51692569,0.54368293,0.47678983,亲密关系,对象关系,0.43912441,3,2735
2736,开学,开学,2,tencent_ai_lab_chinese_embedding_light_mirror_mvp,0.51692328,0.52691031,0.50194275,早恋,校园恋爱,0.61929482,3,2736
2737,家教,家教,2,tencent_ai_lab_chinese_embedding_light_mirror_mvp,0.51692196,0.54054445,0.48148823,早恋,校园恋爱,0.55400229,3,2737
2738,逆转,逆转,2,tencent_ai_lab_chinese_embedding_light_mirror_mvp,0.51690359,0.58496928,0.41480505,落后,社会比较与人生进度,0.50483304,3,2738
2739,和谈,和谈,2,tencent_ai_lab_chinese_embedding_light_mirror_mvp,0.51685134,0.53095973,0.49568877,订婚,约会,0.44831824,3,2739
2740,年轻一代,年轻一代,4,tencent_ai_lab_chinese_embedding_light_mirror_mvp,0.51684902,0.54296321,0.47767773,同龄人,社会比较与人生进度,0.53780735,3,2740
2741,缔结,缔结,2,tencent_ai_lab_chinese_embedding_light_mirror_mvp,0.51680511,0.5306564,0.49602818,订婚,亲密行为,0.51137376,3,2741
2742,代沟,代沟,2,tencent_ai_lab_chinese_embedding_light_mirror_mvp,0.51678978,0.52693981,0.50156474,同龄人,社会比较与人生进度,0.48672679,3,2742
2743,时候,时候,2,tencent_ai_lab_chinese_embedding_light_mirror_mvp,0.51667782,0.51912385,0.51300877,老婆,对象关系,0.55533653,3,2743
2744,随和,随和,2,tencent_ai_lab_chinese_embedding_light_mirror_mvp,0.51666837,0.53733569,0.48566738,亲密,亲密行为,0.45067281,3,2744
2745,洋娃娃,洋娃娃,3,tencent_ai_lab_chinese_embedding_light_mirror_mvp,0.51666499,0.52628618,0.50223321,男朋友,校园恋爱,0.51814944,3,2745
2746,健身运动,健身运动,4,tencent_ai_lab_chinese_embedding_light_mirror_mvp,0.51660098,0.55774152,0.45489016,散步,约会,0.51233888,3,2746
2747,将爱,将爱,2,tencent_ai_lab_chinese_embedding_light_mirror_mvp,0.516571,0.53234833,0.49290499,爱情,恋爱核心,0.50482833,3,2747
2748,吊带装,吊带装,3,tencent_ai_lab_chinese_embedding_light_mirror_mvp,0.51656632,0.57112956,0.43472147,校服,校园恋爱,0.43126279,3,2748
2749,聊出,聊出,2,tencent_ai_lab_chinese_embedding_light_mirror_mvp,0.51655173,0.52513921,0.50367051,恋爱,恋爱核心,0.49373472,3,2749
2750,鼓励,鼓励,2,tencent_ai_lab_chinese_embedding_light_mirror_mvp,0.51653814,0.55492359,0.45895997,拥抱,亲密行为,0.44709149,3,2750
2751,努力工作,努力工作,4,tencent_ai_lab_chinese_embedding_light_mirror_mvp,0.51653371,0.53786916,0.48453054,追求,社会比较与人生进度,0.47911808,3,2751
2752,紧身裤,紧身裤,3,tencent_ai_lab_chinese_embedding_light_mirror_mvp,0.51649928,0.56601715,0.44222248,校服,校园恋爱,0.4318251,3,2752
2753,出去,出去,2,tencent_ai_lab_chinese_embedding_light_mirror_mvp,0.51646261,0.52308047,0.50653583,老婆,婚恋,0.48676747,3,2753
2754,碰面,碰面,2,tencent_ai_lab_chinese_embedding_light_mirror_mvp,0.51643149,0.53573859,0.48747084,约会,约会,0.5280242,3,2754
2755,我娃,我娃,2,tencent_ai_lab_chinese_embedding_light_mirror_mvp,0.51642104,0.53058648,0.49517289,老公,校园恋爱,0.47523797,3,2755
2756,狗仔队,狗仔队,3,tencent_ai_lab_chinese_embedding_light_mirror_mvp,0.5163987,0.51965123,0.51151991,恋情,恋爱历史,0.47770092,3,2756
2757,兴趣爱好,兴趣爱好,4,tencent_ai_lab_chinese_embedding_light_mirror_mvp,0.51639642,0.52669948,0.50094181,伴侣,对象关系,0.5593453,3,2757
2758,对话,对话,2,tencent_ai_lab_chinese_embedding_light_mirror_mvp,0.51634768,0.52897716,0.49740347,亲密关系,亲密行为,0.56655574,3,2758
2759,审美标准,审美标准,4,tencent_ai_lab_chinese_embedding_light_mirror_mvp,0.51632054,0.56829107,0.43836474,追求,社会比较与人生进度,0.42138237,3,2759
2760,徒弟,徒弟,2,tencent_ai_lab_chinese_embedding_light_mirror_mvp,0.51631367,0.52675641,0.50064957,老婆,婚恋,0.46621224,3,2760
2761,女同胞,女同胞,3,tencent_ai_lab_chinese_embedding_light_mirror_mvp,0.51629126,0.51943588,0.51157433,男朋友,对象关系,0.54767442,3,2761
2762,开怀大笑,开怀大笑,4,tencent_ai_lab_chinese_embedding_light_mirror_mvp,0.51628145,0.53763974,0.48424402,亲密,亲密行为,0.56100184,3,2762
2763,不敌,不敌,2,tencent_ai_lab_chinese_embedding_light_mirror_mvp,0.51627412,0.59212953,0.402491,落后,社会比较与人生进度,0.49936292,3,2763
2764,那个,那个,2,tencent_ai_lab_chinese_embedding_light_mirror_mvp,0.51623633,0.51745105,0.51441425,初恋,表白与追求,0.54927778,3,2764
2765,赏月,赏月,2,tencent_ai_lab_chinese_embedding_light_mirror_mvp,0.51618854,0.55441642,0.45884672,散步,约会,0.54042917,3,2765
2766,操劳,操劳,2,tencent_ai_lab_chinese_embedding_light_mirror_mvp,0.51618352,0.52483904,0.50320023,妻子,婚恋,0.49623019,3,2766
2767,工服,工服,2,tencent_ai_lab_chinese_embedding_light_mirror_mvp,0.51613196,0.58827078,0.40792373,校服,校园恋爱,0.40846574,3,2767
2768,小家,小家,2,tencent_ai_lab_chinese_embedding_light_mirror_mvp,0.51609416,0.5229634,0.50579029,老公,婚恋,0.53347421,3,2768
2769,小朱,小朱,2,tencent_ai_lab_chinese_embedding_light_mirror_mvp,0.51609356,0.51863551,0.51228064,女朋友,婚恋,0.48793149,3,2769
2770,密切,密切,2,tencent_ai_lab_chinese_embedding_light_mirror_mvp,0.51608047,0.55501646,0.4576765,亲密,亲密行为,0.44420421,3,2770
2771,先亲,先亲,2,tencent_ai_lab_chinese_embedding_light_mirror_mvp,0.51606835,0.54387879,0.47435269,接吻,亲密行为,0.4960053,3,2771
2772,羡慕,羡慕,2,tencent_ai_lab_chinese_embedding_light_mirror_mvp,0.51606307,0.5197227,0.51057363,单身,对象关系,0.55877358,3,2772
2773,托付,托付,2,tencent_ai_lab_chinese_embedding_light_mirror_mvp,0.51603817,0.53261095,0.49117899,伴侣,对象关系,0.49325341,3,2773
2774,性能力,性能力,3,tencent_ai_lab_chinese_embedding_light_mirror_mvp,0.51598254,0.52736771,0.49890479,伴侣,对象关系,0.47037756,3,2774
2775,发财,发财,2,tencent_ai_lab_chinese_embedding_light_mirror_mvp,0.51594322,0.53575528,0.48622513,脱单,单身与脱单,0.5414896,3,2775
2776,进餐,进餐,2,tencent_ai_lab_chinese_embedding_light_mirror_mvp,0.51593066,0.54568189,0.47130382,散步,约会,0.55494046,3,2776
2777,心死,心死,2,tencent_ai_lab_chinese_embedding_light_mirror_mvp,0.51590593,0.51939666,0.51066983,初恋,恋爱核心,0.54440993,3,2777
2778,一万块,一万块,3,tencent_ai_lab_chinese_embedding_light_mirror_mvp,0.5158978,0.52029717,0.50929874,女朋友,婚恋,0.49918348,3,2778
2779,同住,同住,2,tencent_ai_lab_chinese_embedding_light_mirror_mvp,0.51589026,0.51674116,0.51461393,丈夫,婚恋,0.54569995,3,2779
2780,大二,大二,2,tencent_ai_lab_chinese_embedding_light_mirror_mvp,0.51588579,0.52085859,0.50842661,早恋,校园恋爱,0.55927545,3,2780
2781,忘年交,忘年交,3,tencent_ai_lab_chinese_embedding_light_mirror_mvp,0.51588253,0.52983719,0.49495053,亲密,对象关系,0.50111341,3,2781
2782,性早熟,性早熟,3,tencent_ai_lab_chinese_embedding_light_mirror_mvp,0.51586249,0.55562055,0.4562254,早恋,校园恋爱,0.43172663,3,2782
2783,自我挫败,自我挫败,4,tencent_ai_lab_chinese_embedding_light_mirror_mvp,0.51585943,0.54695094,0.46922216,亲密关系,对象关系,0.38597324,3,2783
2784,撕书,撕书,2,tencent_ai_lab_chinese_embedding_light_mirror_mvp,0.51581472,0.53557968,0.48616728,早恋,校园恋爱,0.59983104,3,2784
2785,黑裤,黑裤,2,tencent_ai_lab_chinese_embedding_light_mirror_mvp,0.5157689,0.58005202,0.41934422,校服,校园恋爱,0.39688843,3,2785
2786,说话,说话,2,tencent_ai_lab_chinese_embedding_light_mirror_mvp,0.51576509,0.52208722,0.50628191,女朋友,亲密行为,0.55401027,3,2786
2787,反击,反击,2,tencent_ai_lab_chinese_embedding_light_mirror_mvp,0.51575903,0.56615365,0.4401671,落后,社会比较与人生进度,0.48421031,3,2787
2788,充满活力,充满活力,4,tencent_ai_lab_chinese_embedding_light_mirror_mvp,0.51575551,0.55179507,0.46169618,青春,社会比较与人生进度,0.52482188,3,2788
2789,临终前,临终前,3,tencent_ai_lab_chinese_embedding_light_mirror_mvp,0.51571668,0.53939342,0.48020157,妻子,婚恋,0.46099329,3,2789
2790,因爱而生,因爱而生,4,tencent_ai_lab_chinese_embedding_light_mirror_mvp,0.51569961,0.53659821,0.48435172,爱情,恋爱核心,0.49069339,3,2790
2791,大三,大三,2,tencent_ai_lab_chinese_embedding_light_mirror_mvp,0.51568561,0.51811302,0.51204449,早恋,校园恋爱,0.53300798,3,2791
2792,入狱,入狱,2,tencent_ai_lab_chinese_embedding_light_mirror_mvp,0.5156845,0.53463531,0.48725829,妻子,婚恋,0.50565958,3,2792
2793,课上,课上,2,tencent_ai_lab_chinese_embedding_light_mirror_mvp,0.51567981,0.55368382,0.4586738,同桌,校园恋爱,0.53719795,3,2793
2794,过生,过生,2,tencent_ai_lab_chinese_embedding_light_mirror_mvp,0.51562963,0.52144158,0.5069117,订婚,婚恋,0.52783519,3,2794
2795,校门口,校门口,3,tencent_ai_lab_chinese_embedding_light_mirror_mvp,0.5156112,0.53152138,0.49174592,校服,校园恋爱,0.60671389,3,2795
2796,我交,我交,2,tencent_ai_lab_chinese_embedding_light_mirror_mvp,0.51560918,0.52678287,0.49884865,女朋友,校园恋爱,0.42228514,3,2796
2797,港媒,港媒,2,tencent_ai_lab_chinese_embedding_light_mirror_mvp,0.51556972,0.52751923,0.49764547,恋情,婚恋,0.505862,3,2797
2798,伤心,伤心,2,tencent_ai_lab_chinese_embedding_light_mirror_mvp,0.5155561,0.51764119,0.51242846,恋人,恋爱历史,0.55161947,3,2798
2799,五桌,五桌,2,tencent_ai_lab_chinese_embedding_light_mirror_mvp,0.51554455,0.5538373,0.45810542,婚礼,婚恋,0.4367457,3,2799
2800,三年级,三年级,3,tencent_ai_lab_chinese_embedding_light_mirror_mvp,0.51549813,0.52033275,0.50824618,早恋,校园恋爱,0.58024704,3,2800
2801,租房子,租房子,3,tencent_ai_lab_chinese_embedding_light_mirror_mvp,0.51547487,0.52107882,0.50706893,结婚,婚恋,0.51222014,3,2801
2802,欢乐时光,欢乐时光,4,tencent_ai_lab_chinese_embedding_light_mirror_mvp,0.51547157,0.53096861,0.492226,青春,亲密行为,0.5072639,3,2802
2803,时过境迁,时过境迁,4,tencent_ai_lab_chinese_embedding_light_mirror_mvp,0.51545361,0.52617788,0.49936721,初恋,社会比较与人生进度,0.55258918,3,2803
2804,露骨,露骨,2,tencent_ai_lab_chinese_embedding_light_mirror_mvp,0.51545287,0.53985775,0.47884557,亲密,亲密行为,0.50538129,3,2804
2805,戏剧,戏剧,2,tencent_ai_lab_chinese_embedding_light_mirror_mvp,0.51540942,0.53444189,0.48686072,爱情,恋爱核心,0.48610732,3,2805
2806,婚姻介绍所,婚姻介绍所,5,tencent_ai_lab_chinese_embedding_light_mirror_mvp,0.5153891,0.52724612,0.49760357,结婚,单身与脱单,0.49399549,3,2806
2807,惦记,惦记,2,tencent_ai_lab_chinese_embedding_light_mirror_mvp,0.51535759,0.52910066,0.49474299,前任,恋爱历史,0.5142836,3,2807
2808,赶超,赶超,2,tencent_ai_lab_chinese_embedding_light_mirror_mvp,0.51535054,0.54086089,0.47708502,落后,社会比较与人生进度,0.55079949,3,2808
2809,划清界限,划清界限,4,tencent_ai_lab_chinese_embedding_light_mirror_mvp,0.5153476,0.5231899,0.50358415,前任,恋爱历史,0.52575308,3,2809
2810,身患,身患,2,tencent_ai_lab_chinese_embedding_light_mirror_mvp,0.51534649,0.53530204,0.48541316,妻子,婚恋,0.43737775,3,2810
2811,选择,选择,2,tencent_ai_lab_chinese_embedding_light_mirror_mvp,0.51533741,0.54295635,0.47390899,追求,社会比较与人生进度,0.4648864,3,2811
2812,简爱,简爱,2,tencent_ai_lab_chinese_embedding_light_mirror_mvp,0.51531446,0.53055817,0.4924489,爱情,表白与追求,0.50320548,3,2812
2813,主动,主动,2,tencent_ai_lab_chinese_embedding_light_mirror_mvp,0.51529175,0.52746499,0.4970319,对象,亲密行为,0.53756505,3,2813
2814,懂你,懂你,2,tencent_ai_lab_chinese_embedding_light_mirror_mvp,0.51523376,0.51828587,0.51065558,爱情,表白与追求,0.55319256,3,2814
2815,深夜,深夜,2,tencent_ai_lab_chinese_embedding_light_mirror_mvp,0.51517595,0.52606916,0.49883613,约会,约会,0.54351604,3,2815
2816,暴力行为,暴力行为,4,tencent_ai_lab_chinese_embedding_light_mirror_mvp,0.51515054,0.5416882,0.47534403,亲密关系,亲密行为,0.46493804,3,2816
2817,误会,误会,2,tencent_ai_lab_chinese_embedding_light_mirror_mvp,0.51513333,0.51739991,0.51173347,亲密关系,对象关系,0.55355954,3,2817
2818,意义,意义,2,tencent_ai_lab_chinese_embedding_light_mirror_mvp,0.51511817,0.54187655,0.47498059,追求,社会比较与人生进度,0.51625615,3,2818
2819,聊微信,聊微信,3,tencent_ai_lab_chinese_embedding_light_mirror_mvp,0.51510006,0.52252299,0.50396568,约会,约会,0.54096675,3,2819
2820,同父异母,同父异母,4,tencent_ai_lab_chinese_embedding_light_mirror_mvp,0.51505849,0.52100039,0.50614566,妻子,婚恋,0.53517234,3,2820
2821,希望,希望,2,tencent_ai_lab_chinese_embedding_light_mirror_mvp,0.51504351,0.53146642,0.49040914,追求,社会比较与人生进度,0.49177167,3,2821
2822,英雄主义,英雄主义,4,tencent_ai_lab_chinese_embedding_light_mirror_mvp,0.51502632,0.52704287,0.4970015,爱情,社会比较与人生进度,0.47969455,3,2822
2823,通情达理,通情达理,4,tencent_ai_lab_chinese_embedding_light_mirror_mvp,0.5150262,0.51544744,0.51439434,老婆,婚恋,0.5559088,3,2823
2824,那时,那时,2,tencent_ai_lab_chinese_embedding_light_mirror_mvp,0.51501043,0.52600926,0.49851218,同龄人,社会比较与人生进度,0.61686015,3,2824
2825,长发,长发,2,tencent_ai_lab_chinese_embedding_light_mirror_mvp,0.51494759,0.54841959,0.46473959,校服,校园恋爱,0.47380662,3,2825
2826,剧组,剧组,2,tencent_ai_lab_chinese_embedding_light_mirror_mvp,0.5149253,0.5280844,0.49518666,婚礼,婚恋,0.52056932,3,2826
2827,酒吧,酒吧,2,tencent_ai_lab_chinese_embedding_light_mirror_mvp,0.51492236,0.53294241,0.48789227,约会,约会,0.55232906,3,2827
2828,自身,自身,2,tencent_ai_lab_chinese_embedding_light_mirror_mvp,0.51492114,0.54223609,0.47394872,追求,社会比较与人生进度,0.47272718,3,2828
2829,事实上,事实上,3,tencent_ai_lab_chinese_embedding_light_mirror_mvp,0.5149197,0.52997541,0.49233612,追求,社会比较与人生进度,0.54731393,3,2829
2830,开衫,开衫,2,tencent_ai_lab_chinese_embedding_light_mirror_mvp,0.51491532,0.57864976,0.41931367,校服,校园恋爱,0.40513027,3,2830
2831,褂子,褂子,2,tencent_ai_lab_chinese_embedding_light_mirror_mvp,0.51490608,0.58404863,0.41119227,校服,校园恋爱,0.44455919,3,2831
2832,安心工作,安心工作,4,tencent_ai_lab_chinese_embedding_light_mirror_mvp,0.51488837,0.52476388,0.5000751,老公,婚恋,0.48065346,3,2832
2833,厌烦,厌烦,2,tencent_ai_lab_chinese_embedding_light_mirror_mvp,0.51487204,0.51754004,0.51087004,恋人,对象关系,0.53281164,3,2833
2834,后半辈子,后半辈子,4,tencent_ai_lab_chinese_embedding_light_mirror_mvp,0.51485119,0.51751435,0.51085645,老婆,婚恋,0.53390682,3,2834
2835,过年,过年,2,tencent_ai_lab_chinese_embedding_light_mirror_mvp,0.51483979,0.52179539,0.50440639,结婚,婚恋,0.53591102,3,2835
2836,三毛,三毛,2,tencent_ai_lab_chinese_embedding_light_mirror_mvp,0.51483911,0.52854258,0.49428391,爱情,恋爱核心,0.49196693,3,2836
2837,吃喝嫖赌,吃喝嫖赌,4,tencent_ai_lab_chinese_embedding_light_mirror_mvp,0.51483455,0.54196423,0.47414002,老婆,婚恋,0.45242268,3,2837
2838,世事,世事,2,tencent_ai_lab_chinese_embedding_light_mirror_mvp,0.51483397,0.53955585,0.47775117,爱情,社会比较与人生进度,0.49308163,3,2838
2839,就像,就像,2,tencent_ai_lab_chinese_embedding_light_mirror_mvp,0.51483397,0.51717782,0.51131821,爱情,恋爱核心,0.52121508,3,2839
2840,复习功课,复习功课,4,tencent_ai_lab_chinese_embedding_light_mirror_mvp,0.51483147,0.52550757,0.49881732,同桌,校园恋爱,0.56475878,3,2840
2841,一亲,一亲,2,tencent_ai_lab_chinese_embedding_light_mirror_mvp,0.5148029,0.54705179,0.46642956,接吻,亲密行为,0.51962668,3,2841
2842,无妻,无妻,2,tencent_ai_lab_chinese_embedding_light_mirror_mvp,0.51479416,0.54041266,0.4763664,单身,单身与脱单,0.47618324,3,2842
2843,猫爸,猫爸,2,tencent_ai_lab_chinese_embedding_light_mirror_mvp,0.51475865,0.53703618,0.48134235,老公,婚恋,0.42923677,3,2843
2844,产检,产检,2,tencent_ai_lab_chinese_embedding_light_mirror_mvp,0.51473073,0.5351361,0.48412266,老公,婚恋,0.51431549,3,2844
2845,给钱,给钱,2,tencent_ai_lab_chinese_embedding_light_mirror_mvp,0.514723,0.52872884,0.49371424,老婆,婚恋,0.5087744,3,2845
2846,几段,几段,2,tencent_ai_lab_chinese_embedding_light_mirror_mvp,0.51470604,0.5367592,0.4816263,恋情,恋爱核心,0.52038801,3,2846
2847,就是,就是,2,tencent_ai_lab_chinese_embedding_light_mirror_mvp,0.51463969,0.53031719,0.49112344,追求,对象关系,0.50980353,3,2847
2848,喜庆,喜庆,2,tencent_ai_lab_chinese_embedding_light_mirror_mvp,0.51463183,0.5519197,0.45870003,婚礼,婚恋,0.44608086,3,2848
2849,特质,特质,2,tencent_ai_lab_chinese_embedding_light_mirror_mvp,0.51453165,0.53729922,0.4803803,追求,社会比较与人生进度,0.46896791,3,2849
2850,志向,志向,2,tencent_ai_lab_chinese_embedding_light_mirror_mvp,0.51451782,0.54621947,0.46696535,追求,社会比较与人生进度,0.47837493,3,2850
2851,认为,认为,2,tencent_ai_lab_chinese_embedding_light_mirror_mvp,0.51449349,0.53819972,0.47893414,追求,社会比较与人生进度,0.48751247,3,2851
2852,本来,本来,2,tencent_ai_lab_chinese_embedding_light_mirror_mvp,0.51448994,0.52241361,0.50260442,老婆,婚恋,0.54360676,3,2852
2853,反悔,反悔,2,tencent_ai_lab_chinese_embedding_light_mirror_mvp,0.5144733,0.53192395,0.48829731,订婚,婚恋,0.476174,3,2853
2854,暴富,暴富,2,tencent_ai_lab_chinese_embedding_light_mirror_mvp,0.51446027,0.53508174,0.48352805,脱单,单身与脱单,0.53509849,3,2854
2855,鞋子,鞋子,2,tencent_ai_lab_chinese_embedding_light_mirror_mvp,0.51442821,0.55618441,0.45179391,校服,校园恋爱,0.43619359,3,2855
2856,超前,超前,2,tencent_ai_lab_chinese_embedding_light_mirror_mvp,0.51438855,0.54142094,0.47383997,落后,社会比较与人生进度,0.57754332,3,2856
2857,用餐,用餐,2,tencent_ai_lab_chinese_embedding_light_mirror_mvp,0.51438043,0.53160536,0.48854303,约会,约会,0.56998467,3,2857
2858,婚生子,婚生子,3,tencent_ai_lab_chinese_embedding_light_mirror_mvp,0.51435306,0.52246475,0.50218552,恋情,婚恋,0.49188334,3,2858
2859,肉体,肉体,2,tencent_ai_lab_chinese_embedding_light_mirror_mvp,0.51435118,0.51540291,0.51277357,亲密关系,亲密行为,0.48776966,3,2859
2860,十年前,十年前,3,tencent_ai_lab_chinese_embedding_light_mirror_mvp,0.51431366,0.53848648,0.47805443,同龄人,社会比较与人生进度,0.59293735,3,2860
2861,卧谈,卧谈,2,tencent_ai_lab_chinese_embedding_light_mirror_mvp,0.514299,0.5231064,0.5010879,约会,校园恋爱,0.53018516,3,2861
2862,有多爱,有多爱,3,tencent_ai_lab_chinese_embedding_light_mirror_mvp,0.51428056,0.51517892,0.51293302,前女友,恋爱核心,0.57091296,3,2862
2863,这部,这部,2,tencent_ai_lab_chinese_embedding_light_mirror_mvp,0.51427237,0.52950996,0.49141598,爱情,恋爱核心,0.51850313,3,2863
2864,责任心,责任心,3,tencent_ai_lab_chinese_embedding_light_mirror_mvp,0.5142663,0.52959925,0.49126688,伴侣,对象关系,0.49771169,3,2864
2865,合租,合租,2,tencent_ai_lab_chinese_embedding_light_mirror_mvp,0.51425979,0.51847732,0.5079335,女朋友,对象关系,0.53092474,3,2865
2866,同甘共苦,同甘共苦,4,tencent_ai_lab_chinese_embedding_light_mirror_mvp,0.51425862,0.51632297,0.5111621,亲密,亲密行为,0.56087762,3,2866
2867,裸身,裸身,2,tencent_ai_lab_chinese_embedding_light_mirror_mvp,0.51425712,0.53979027,0.47595739,接吻,亲密行为,0.50197953,3,2867
2868,大宝,大宝,2,tencent_ai_lab_chinese_embedding_light_mirror_mvp,0.51422958,0.52925116,0.49169722,老公,婚恋,0.44291094,3,2868
2869,精益求精,精益求精,4,tencent_ai_lab_chinese_embedding_light_mirror_mvp,0.51419178,0.5781908,0.41819325,追求,社会比较与人生进度,0.40241018,3,2869
2870,活好,活好,2,tencent_ai_lab_chinese_embedding_light_mirror_mvp,0.51417058,0.52494746,0.49800524,女朋友,对象关系,0.49013621,3,2870
2871,吃宵夜,吃宵夜,3,tencent_ai_lab_chinese_embedding_light_mirror_mvp,0.51416372,0.51964229,0.50594586,散步,约会,0.59596741,3,2871
2872,多妈,多妈,2,tencent_ai_lab_chinese_embedding_light_mirror_mvp,0.51415906,0.54132032,0.47341716,老公,婚恋,0.4777762,3,2872
2873,社会群体,社会群体,4,tencent_ai_lab_chinese_embedding_light_mirror_mvp,0.51412807,0.53117394,0.48855925,亲密关系,对象关系,0.41155088,3,2873
2874,哎呀,哎呀,2,tencent_ai_lab_chinese_embedding_light_mirror_mvp,0.51412488,0.52917409,0.49155107,老婆,婚恋,0.44427118,3,2874
2875,吃火锅,吃火锅,3,tencent_ai_lab_chinese_embedding_light_mirror_mvp,0.51411105,0.52857274,0.49241853,约会,约会,0.57673806,3,2875
2876,痛哭流涕,痛哭流涕,4,tencent_ai_lab_chinese_embedding_light_mirror_mvp,0.51409135,0.51933086,0.50623208,求婚,婚恋,0.53263032,3,2876
2877,一厢情愿,一厢情愿,4,tencent_ai_lab_chinese_embedding_light_mirror_mvp,0.51405144,0.51861417,0.50720733,暗恋,表白与追求,0.56469917,3,2877
2878,一夫一妻制,一夫一妻制,5,tencent_ai_lab_chinese_embedding_light_mirror_mvp,0.5139709,0.51997232,0.50496876,伴侣,婚恋,0.49234679,3,2878
2879,七八岁,七八岁,3,tencent_ai_lab_chinese_embedding_light_mirror_mvp,0.51394345,0.56618011,0.43558845,同龄人,社会比较与人生进度,0.46572459,3,2879
2880,梦中,梦中,2,tencent_ai_lab_chinese_embedding_light_mirror_mvp,0.5139295,0.52709258,0.49418488,初恋,恋爱核心,0.46882159,3,2880
2881,深挚,深挚,2,tencent_ai_lab_chinese_embedding_light_mirror_mvp,0.51390283,0.52381605,0.499033,爱情,恋爱核心,0.50361598,3,2881
2882,痴迷,痴迷,2,tencent_ai_lab_chinese_embedding_light_mirror_mvp,0.51388811,0.55627304,0.45031071,追求,表白与追求,0.45114991,3,2882
2883,对等,对等,2,tencent_ai_lab_chinese_embedding_light_mirror_mvp,0.51388068,0.53310156,0.48504937,亲密关系,亲密行为,0.47680986,3,2883
2884,空姐,空姐,2,tencent_ai_lab_chinese_embedding_light_mirror_mvp,0.51385894,0.51793611,0.50774318,男朋友,对象关系,0.52147144,3,2884
2885,心事,心事,2,tencent_ai_lab_chinese_embedding_light_mirror_mvp,0.51384809,0.52289057,0.50028437,暗恋,恋爱核心,0.51867163,3,2885
2886,溺爱,溺爱,2,tencent_ai_lab_chinese_embedding_light_mirror_mvp,0.51384106,0.52428913,0.49816895,早恋,对象关系,0.45670044,3,2886
2887,小海,小海,2,tencent_ai_lab_chinese_embedding_light_mirror_mvp,0.51381788,0.52155781,0.50220799,女朋友,婚恋,0.50562859,3,2887
2888,俗世,俗世,2,tencent_ai_lab_chinese_embedding_light_mirror_mvp,0.51379913,0.53519356,0.48170748,爱情,恋爱核心,0.46719298,3,2888
2889,羞怯,羞怯,2,tencent_ai_lab_chinese_embedding_light_mirror_mvp,0.51378652,0.52571106,0.49589971,暗恋,亲密行为,0.54148555,3,2889
2890,少儿不宜,少儿不宜,4,tencent_ai_lab_chinese_embedding_light_mirror_mvp,0.51377422,0.52150923,0.5021717,早恋,校园恋爱,0.50004685,3,2890
2891,责任感,责任感,3,tencent_ai_lab_chinese_embedding_light_mirror_mvp,0.5137733,0.51873934,0.50632423,亲密关系,恋爱核心,0.48094916,3,2891
2892,了吗,了吗,2,tencent_ai_lab_chinese_embedding_light_mirror_mvp,0.5137692,0.52433425,0.49792162,女朋友,对象关系,0.51429808,3,2892
2893,每个人,每个人,3,tencent_ai_lab_chinese_embedding_light_mirror_mvp,0.51374941,0.5189712,0.50591671,爱情,社会比较与人生进度,0.52653646,3,2893
2894,喝一杯,喝一杯,3,tencent_ai_lab_chinese_embedding_light_mirror_mvp,0.51372498,0.53994322,0.47439763,散步,约会,0.54484999,3,2894
2895,辛苦工作,辛苦工作,4,tencent_ai_lab_chinese_embedding_light_mirror_mvp,0.51366618,0.51753163,0.50786799,老公,婚恋,0.49918872,3,2895
2896,在梦里,在梦里,3,tencent_ai_lab_chinese_embedding_light_mirror_mvp,0.51365283,0.5205493,0.50330812,初恋,亲密行为,0.5089494,3,2896
2897,订好,订好,2,tencent_ai_lab_chinese_embedding_light_mirror_mvp,0.51364555,0.52881294,0.49089447,订婚,约会,0.478176,3,2897
2898,珍视,珍视,2,tencent_ai_lab_chinese_embedding_light_mirror_mvp,0.51362605,0.51531196,0.51109719,亲密,亲密行为,0.51111948,3,2898
2899,这桩,这桩,2,tencent_ai_lab_chinese_embedding_light_mirror_mvp,0.51362469,0.52937663,0.48999679,订婚,婚恋,0.49305731,3,2899
2900,小军,小军,2,tencent_ai_lab_chinese_embedding_light_mirror_mvp,0.51361593,0.51839012,0.50645465,老公,婚恋,0.50332564,3,2900
2901,绽放,绽放,2,tencent_ai_lab_chinese_embedding_light_mirror_mvp,0.51360422,0.54811901,0.46183205,青春,社会比较与人生进度,0.47908786,3,2901
2902,下午茶,下午茶,3,tencent_ai_lab_chinese_embedding_light_mirror_mvp,0.51359384,0.52646512,0.49428692,约会,约会,0.56091356,3,2902
2903,心理专家,心理专家,4,tencent_ai_lab_chinese_embedding_light_mirror_mvp,0.51359298,0.53989559,0.47413906,亲密关系,对象关系,0.4410423,3,2903
2904,远大理想,远大理想,4,tencent_ai_lab_chinese_embedding_light_mirror_mvp,0.51357834,0.5515117,0.4566783,追求,社会比较与人生进度,0.4519344,3,2904
2905,跑了,跑了,2,tencent_ai_lab_chinese_embedding_light_mirror_mvp,0.5135643,0.52720165,0.49310827,老婆,婚恋,0.47646195,3,2905
2906,尊重,尊重,2,tencent_ai_lab_chinese_embedding_light_mirror_mvp,0.51356087,0.5223217,0.50041962,追求,亲密行为,0.51256013,3,2906
2907,甜馨,甜馨,2,tencent_ai_lab_chinese_embedding_light_mirror_mvp,0.51355579,0.53055781,0.48805276,老公,婚恋,0.4717156,3,2907
2908,来句,来句,2,tencent_ai_lab_chinese_embedding_light_mirror_mvp,0.51354368,0.51673865,0.50875121,女朋友,表白与追求,0.47235006,3,2908
2909,诱奸,诱奸,2,tencent_ai_lab_chinese_embedding_light_mirror_mvp,0.51353167,0.52077109,0.50267255,早恋,恋爱历史,0.49431479,3,2909
2910,白裙,白裙,2,tencent_ai_lab_chinese_embedding_light_mirror_mvp,0.51352634,0.54809958,0.46166649,校服,校园恋爱,0.43308154,3,2910
2911,三奶,三奶,2,tencent_ai_lab_chinese_embedding_light_mirror_mvp,0.51350058,0.53297293,0.48429206,老婆,婚恋,0.49481976,3,2911
2912,吐露,吐露,2,tencent_ai_lab_chinese_embedding_light_mirror_mvp,0.51347461,0.52580768,0.494975,告白,表白与追求,0.55257118,3,2912
2913,甚笃,甚笃,2,tencent_ai_lab_chinese_embedding_light_mirror_mvp,0.51346912,0.54998374,0.4586972,亲密,亲密行为,0.47713238,3,2913
2914,诉说,诉说,2,tencent_ai_lab_chinese_embedding_light_mirror_mvp,0.51345143,0.52593327,0.49472868,告白,表白与追求,0.53679979,3,2914
2915,内裤,内裤,2,tencent_ai_lab_chinese_embedding_light_mirror_mvp,0.51343915,0.5441848,0.46732068,校服,校园恋爱,0.47604463,3,2915
2916,期末考试,期末考试,4,tencent_ai_lab_chinese_embedding_light_mirror_mvp,0.51340842,0.52123058,0.50167519,早恋,校园恋爱,0.57894504,3,2916
2917,片场,片场,2,tencent_ai_lab_chinese_embedding_light_mirror_mvp,0.51340169,0.52864003,0.49054417,约会,约会,0.50814235,3,2917
2918,恋童,恋童,2,tencent_ai_lab_chinese_embedding_light_mirror_mvp,0.5133662,0.53504908,0.48084188,早恋,校园恋爱,0.46765462,3,2918
2919,名牌,名牌,2,tencent_ai_lab_chinese_embedding_light_mirror_mvp,0.51336174,0.54858202,0.46053132,校服,校园恋爱,0.46248838,3,2919
2920,芳心,芳心,2,tencent_ai_lab_chinese_embedding_light_mirror_mvp,0.5133307,0.51910543,0.50466859,初恋,表白与追求,0.56220788,3,2920
2921,倔强,倔强,2,tencent_ai_lab_chinese_embedding_light_mirror_mvp,0.51332989,0.53282785,0.48408294,青春,社会比较与人生进度,0.53802061,3,2921
2922,曝光,曝光,2,tencent_ai_lab_chinese_embedding_light_mirror_mvp,0.51329883,0.53757125,0.47689021,恋情,婚恋,0.44634777,3,2922
2923,换衣服,换衣服,3,tencent_ai_lab_chinese_embedding_light_mirror_mvp,0.51326679,0.52980614,0.48845777,约会,约会,0.57536775,3,2923
2924,世上,世上,2,tencent_ai_lab_chinese_embedding_light_mirror_mvp,0.51326265,0.53243709,0.484501,爱情,社会比较与人生进度,0.45859751,3,2924
2925,在外,在外,2,tencent_ai_lab_chinese_embedding_light_mirror_mvp,0.51325979,0.52355218,0.49782121,妻子,婚恋,0.47583455,3,2925
2926,超越,超越,2,tencent_ai_lab_chinese_embedding_light_mirror_mvp,0.51325328,0.53104365,0.48656774,追求,社会比较与人生进度,0.53782117,3,2926
2927,当了,当了,2,tencent_ai_lab_chinese_embedding_light_mirror_mvp,0.51324596,0.5280171,0.49108925,老婆,婚恋,0.51355934,3,2927
2928,我前,我前,2,tencent_ai_lab_chinese_embedding_light_mirror_mvp,0.5132055,0.52041197,0.50239581,前女友,恋爱历史,0.53234243,3,2928
2929,样子,样子,2,tencent_ai_lab_chinese_embedding_light_mirror_mvp,0.51319304,0.51750863,0.50671965,女朋友,对象关系,0.54876173,3,2929
2930,隔壁邻居,隔壁邻居,4,tencent_ai_lab_chinese_embedding_light_mirror_mvp,0.51312821,0.51870286,0.50476623,老婆,婚恋,0.48564476,3,2930
2931,离开,离开,2,tencent_ai_lab_chinese_embedding_light_mirror_mvp,0.51311046,0.52194679,0.49985597,妻子,婚恋,0.51516545,3,2931
2932,共感,共感,2,tencent_ai_lab_chinese_embedding_light_mirror_mvp,0.51310005,0.52832228,0.49026671,亲密关系,亲密行为,0.48702043,3,2932
2933,老实巴交,老实巴交,4,tencent_ai_lab_chinese_embedding_light_mirror_mvp,0.51304015,0.52748275,0.49137625,老婆,婚恋,0.47339398,3,2933
2934,留恋,留恋,2,tencent_ai_lab_chinese_embedding_light_mirror_mvp,0.51302722,0.51674318,0.50745326,青春,恋爱核心,0.50915098,3,2934
2935,对我说,对我说,3,tencent_ai_lab_chinese_embedding_light_mirror_mvp,0.51302582,0.51644117,0.5079028,老婆,婚恋,0.49412942,3,2935
2936,邻居家,邻居家,3,tencent_ai_lab_chinese_embedding_light_mirror_mvp,0.51301186,0.51979959,0.50283027,老婆,婚恋,0.48047897,3,2936
2937,一男一女,一男一女,4,tencent_ai_lab_chinese_embedding_light_mirror_mvp,0.51300219,0.5430094,0.46799138,情侣,对象关系,0.45219636,3,2937
2938,莫名其妙,莫名其妙,4,tencent_ai_lab_chinese_embedding_light_mirror_mvp,0.51299317,0.52207768,0.4993664,女朋友,恋爱历史,0.51079178,3,2938
2939,过上,过上,2,tencent_ai_lab_chinese_embedding_light_mirror_mvp,0.51298659,0.51529241,0.50952786,结婚,婚恋,0.51928055,3,2939
2940,优势,优势,2,tencent_ai_lab_chinese_embedding_light_mirror_mvp,0.51298492,0.55869454,0.44442049,落后,社会比较与人生进度,0.53521705,3,2940
2941,绅士,绅士,2,tencent_ai_lab_chinese_embedding_light_mirror_mvp,0.51297271,0.52068901,0.50139827,约会,约会,0.52743477,3,2941
2942,这女,这女,2,tencent_ai_lab_chinese_embedding_light_mirror_mvp,0.51295271,0.51593757,0.50847542,前女友,恋爱历史,0.51168424,3,2942
2943,偷吃,偷吃,2,tencent_ai_lab_chinese_embedding_light_mirror_mvp,0.51294174,0.53115892,0.48561597,老婆,婚恋,0.45154509,3,2943
2944,赴宴,赴宴,2,tencent_ai_lab_chinese_embedding_light_mirror_mvp,0.51293025,0.51691556,0.50695229,婚礼,约会,0.52866042,3,2944
2945,没心没肺,没心没肺,4,tencent_ai_lab_chinese_embedding_light_mirror_mvp,0.51292862,0.52210057,0.49917069,暗恋,恋爱核心,0.50869751,3,2945
2946,闲谈,闲谈,2,tencent_ai_lab_chinese_embedding_light_mirror_mvp,0.51291192,0.52675021,0.49215448,散步,约会,0.53313142,3,2946
2947,要个,要个,2,tencent_ai_lab_chinese_embedding_light_mirror_mvp,0.51289873,0.52098596,0.50076789,女朋友,婚恋,0.50120056,3,2947
2948,抚慰,抚慰,2,tencent_ai_lab_chinese_embedding_light_mirror_mvp,0.51288582,0.54258013,0.46834436,拥抱,亲密行为,0.49857053,3,2948
2949,午休,午休,2,tencent_ai_lab_chinese_embedding_light_mirror_mvp,0.51288271,0.53871655,0.47413194,散步,约会,0.50996971,3,2949
2950,产生矛盾,产生矛盾,4,tencent_ai_lab_chinese_embedding_light_mirror_mvp,0.51287858,0.52581012,0.49348128,亲密关系,对象关系,0.48362499,3,2950
2951,综艺节目,综艺节目,4,tencent_ai_lab_chinese_embedding_light_mirror_mvp,0.51286434,0.53156817,0.48480859,恋情,恋爱核心,0.48062998,3,2951
2952,信条,信条,2,tencent_ai_lab_chinese_embedding_light_mirror_mvp,0.51279089,0.5519942,0.45398593,追求,表白与追求,0.3684535,3,2952
2953,被人,被人,2,tencent_ai_lab_chinese_embedding_light_mirror_mvp,0.51278623,0.52553898,0.49365711,对象,对象关系,0.52986658,3,2953
2954,踢足球,踢足球,3,tencent_ai_lab_chinese_embedding_light_mirror_mvp,0.51277763,0.52716064,0.4912031,散步,校园恋爱,0.56185925,3,2954
2955,想起,想起,2,tencent_ai_lab_chinese_embedding_light_mirror_mvp,0.51276667,0.52817649,0.48965195,初恋,恋爱历史,0.50969976,3,2955
2956,梦境,梦境,2,tencent_ai_lab_chinese_embedding_light_mirror_mvp,0.51275413,0.51754868,0.50556231,爱情,恋爱核心,0.5199343,3,2956
2957,领跑,领跑,2,tencent_ai_lab_chinese_embedding_light_mirror_mvp,0.51275271,0.56820941,0.42956766,落后,社会比较与人生进度,0.47866651,3,2957
2958,喜好,喜好,2,tencent_ai_lab_chinese_embedding_light_mirror_mvp,0.51275266,0.53821331,0.47456169,追求,对象关系,0.42725581,3,2958
2959,表达方式,表达方式,4,tencent_ai_lab_chinese_embedding_light_mirror_mvp,0.51273401,0.51592803,0.50794297,亲密关系,表白与追求,0.53615928,3,2959
2960,奋进,奋进,2,tencent_ai_lab_chinese_embedding_light_mirror_mvp,0.51271025,0.53952289,0.47249129,青春,社会比较与人生进度,0.51292986,3,2960
2961,又说,又说,2,tencent_ai_lab_chinese_embedding_light_mirror_mvp,0.51264557,0.5207178,0.50053722,老婆,婚恋,0.48489743,3,2961
2962,感受,感受,2,tencent_ai_lab_chinese_embedding_light_mirror_mvp,0.51263427,0.52866989,0.48858082,拥抱,亲密行为,0.55189991,3,2962
2963,庸人自扰,庸人自扰,4,tencent_ai_lab_chinese_embedding_light_mirror_mvp,0.51261379,0.52373123,0.49593762,爱情,恋爱核心,0.50476062,3,2963
2964,孤独感,孤独感,3,tencent_ai_lab_chinese_embedding_light_mirror_mvp,0.51258274,0.52143884,0.4992986,亲密关系,对象关系,0.48360866,3,2964
2965,伙伴,伙伴,2,tencent_ai_lab_chinese_embedding_light_mirror_mvp,0.51257222,0.52184743,0.4986594,伴侣,对象关系,0.53730667,3,2965
2966,外祖母,外祖母,3,tencent_ai_lab_chinese_embedding_light_mirror_mvp,0.51252915,0.52976882,0.48666963,丈夫,婚恋,0.48636264,3,2966
2967,郊外,郊外,2,tencent_ai_lab_chinese_embedding_light_mirror_mvp,0.51252377,0.55754524,0.44499156,散步,约会,0.52085215,3,2967
2968,而又,而又,2,tencent_ai_lab_chinese_embedding_light_mirror_mvp,0.51247129,0.53739983,0.47507849,追求,社会比较与人生进度,0.51301581,3,2968
2969,沐浴,沐浴,2,tencent_ai_lab_chinese_embedding_light_mirror_mvp,0.51245577,0.541233,0.46928993,散步,约会,0.50281715,3,2969
2970,大老爷们儿,大老爷们儿,5,tencent_ai_lab_chinese_embedding_light_mirror_mvp,0.51243756,0.52250707,0.49733329,老婆,对象关系,0.46899402,3,2970
2971,戏水,戏水,2,tencent_ai_lab_chinese_embedding_light_mirror_mvp,0.51242731,0.53387415,0.48025703,散步,约会,0.52215397,3,2971
2972,终将,终将,2,tencent_ai_lab_chinese_embedding_light_mirror_mvp,0.51240296,0.51881552,0.50278413,青春,社会比较与人生进度,0.50457406,3,2972
2973,迷彩,迷彩,2,tencent_ai_lab_chinese_embedding_light_mirror_mvp,0.51237209,0.55226004,0.45254016,校服,社会比较与人生进度,0.40664929,3,2973
2974,锻炼,锻炼,2,tencent_ai_lab_chinese_embedding_light_mirror_mvp,0.5123701,0.55117822,0.45415792,散步,社会比较与人生进度,0.43491584,3,2974
2975,现实性,现实性,3,tencent_ai_lab_chinese_embedding_light_mirror_mvp,0.51236753,0.52804112,0.48885715,追求,恋爱核心,0.39589125,3,2975
2976,天性,天性,2,tencent_ai_lab_chinese_embedding_light_mirror_mvp,0.51236544,0.51806128,0.50382167,亲密关系,社会比较与人生进度,0.48710245,3,2976
2977,浪子,浪子,2,tencent_ai_lab_chinese_embedding_light_mirror_mvp,0.51234797,0.51904911,0.50229627,恋人,恋爱核心,0.53756964,3,2977
2978,后辈,后辈,2,tencent_ai_lab_chinese_embedding_light_mirror_mvp,0.51231252,0.54079461,0.46958938,同龄人,社会比较与人生进度,0.523332,3,2978
2979,大学校园,大学校园,4,tencent_ai_lab_chinese_embedding_light_mirror_mvp,0.5122304,0.52121234,0.49875748,校服,校园恋爱,0.5805555,3,2979
2980,心理分析,心理分析,4,tencent_ai_lab_chinese_embedding_light_mirror_mvp,0.51222538,0.55543554,0.44741014,亲密关系,亲密行为,0.40167332,3,2980
2981,事情,事情,2,tencent_ai_lab_chinese_embedding_light_mirror_mvp,0.51222434,0.51482356,0.50832552,女朋友,对象关系,0.57158887,3,2981
2982,坐在,坐在,2,tencent_ai_lab_chinese_embedding_light_mirror_mvp,0.51217582,0.52755845,0.48910189,同桌,约会,0.51032019,3,2982
2983,共同理想,共同理想,4,tencent_ai_lab_chinese_embedding_light_mirror_mvp,0.5121689,0.5256657,0.49192369,追求,对象关系,0.47741988,3,2983
2984,讨厌,讨厌,2,tencent_ai_lab_chinese_embedding_light_mirror_mvp,0.51214738,0.51749027,0.50413305,女朋友,对象关系,0.5479182,3,2984
2985,擦肩而过,擦肩而过,4,tencent_ai_lab_chinese_embedding_light_mirror_mvp,0.51214405,0.5196889,0.50082678,牵手,亲密行为,0.49897668,3,2985
2986,性交时,性交时,3,tencent_ai_lab_chinese_embedding_light_mirror_mvp,0.51212375,0.53293025,0.480914,接吻,亲密行为,0.4682923,3,2986
2987,班集体,班集体,3,tencent_ai_lab_chinese_embedding_light_mirror_mvp,0.51209496,0.53812099,0.47305593,同桌,校园恋爱,0.58365428,3,2987
2988,大典,大典,2,tencent_ai_lab_chinese_embedding_light_mirror_mvp,0.51209165,0.53760505,0.47382155,婚礼,婚恋,0.36996174,3,2988
2989,丫头,丫头,2,tencent_ai_lab_chinese_embedding_light_mirror_mvp,0.5120563,0.52547026,0.49193537,老婆,婚恋,0.48809341,3,2989
2990,什么,什么,2,tencent_ai_lab_chinese_embedding_light_mirror_mvp,0.5119589,0.52130306,0.49794266,女朋友,对象关系,0.52871978,3,2990
2991,履行诺言,履行诺言,4,tencent_ai_lab_chinese_embedding_light_mirror_mvp,0.5119001,0.52518886,0.49196696,求婚,婚恋,0.51984769,3,2991
2992,自责,自责,2,tencent_ai_lab_chinese_embedding_light_mirror_mvp,0.51189874,0.52829969,0.48729733,妻子,婚恋,0.48705226,3,2992
2993,失声痛哭,失声痛哭,4,tencent_ai_lab_chinese_embedding_light_mirror_mvp,0.5118802,0.53111434,0.48302898,妻子,婚恋,0.48893261,3,2993
2994,生前,生前,2,tencent_ai_lab_chinese_embedding_light_mirror_mvp,0.51187679,0.53283966,0.48043248,妻子,婚恋,0.43526435,3,2994
2995,滞后,滞后,2,tencent_ai_lab_chinese_embedding_light_mirror_mvp,0.51187425,0.5922327,0.39133656,落后,社会比较与人生进度,0.48806667,3,2995
2996,七年级,七年级,3,tencent_ai_lab_chinese_embedding_light_mirror_mvp,0.51184812,0.52576113,0.4909786,同桌,校园恋爱,0.60576725,3,2996
2997,现在,现在,2,tencent_ai_lab_chinese_embedding_light_mirror_mvp,0.5118066,0.51454562,0.50769806,女朋友,社会比较与人生进度,0.60293955,3,2997
2998,开场白,开场白,3,tencent_ai_lab_chinese_embedding_light_mirror_mvp,0.51176871,0.52345109,0.49424514,告白,表白与追求,0.48771101,3,2998
2999,陪我,陪我,2,tencent_ai_lab_chinese_embedding_light_mirror_mvp,0.5117597,0.52407348,0.49328902,散步,约会,0.54162806,3,2999
3000,女警察,女警察,3,tencent_ai_lab_chinese_embedding_light_mirror_mvp,0.51174693,0.5217225,0.49678358,丈夫,婚恋,0.48191303,3,3000
3001,妒火中烧,妒火中烧,4,tencent_ai_lab_chinese_embedding_light_mirror_mvp,0.51174197,0.51599491,0.50536257,丈夫,婚恋,0.51505369,2,3001
3002,那位,那位,2,tencent_ai_lab_chinese_embedding_light_mirror_mvp,0.51169643,0.51848233,0.50151759,前任,婚恋,0.50239182,2,3002
3003,称心,称心,2,tencent_ai_lab_chinese_embedding_light_mirror_mvp,0.51166261,0.53676677,0.47400638,伴侣,对象关系,0.50786746,2,3003
3004,物是人非,物是人非,4,tencent_ai_lab_chinese_embedding_light_mirror_mvp,0.51164786,0.52572477,0.49053249,青春,社会比较与人生进度,0.51659238,2,3004
3005,内衣,内衣,2,tencent_ai_lab_chinese_embedding_light_mirror_mvp,0.51162975,0.55934113,0.44006267,校服,校园恋爱,0.42997134,2,3005
3006,患难,患难,2,tencent_ai_lab_chinese_embedding_light_mirror_mvp,0.51162784,0.51559138,0.50568253,亲密关系,亲密行为,0.53554279,2,3006
3007,一任,一任,2,tencent_ai_lab_chinese_embedding_light_mirror_mvp,0.51161636,0.57367003,0.41853586,前任,恋爱历史,0.40519851,2,3007
3008,教学楼,教学楼,3,tencent_ai_lab_chinese_embedding_light_mirror_mvp,0.51161119,0.54314435,0.46431145,校服,校园恋爱,0.5497148,2,3008
3009,厌倦,厌倦,2,tencent_ai_lab_chinese_embedding_light_mirror_mvp,0.5116106,0.51260984,0.51011175,追求,对象关系,0.52057022,2,3009
3010,重婚罪,重婚罪,3,tencent_ai_lab_chinese_embedding_light_mirror_mvp,0.51159292,0.52358139,0.49361023,结婚,婚恋,0.5297271,2,3010
3011,之人,之人,2,tencent_ai_lab_chinese_embedding_light_mirror_mvp,0.5115703,0.53039789,0.48332891,伴侣,对象关系,0.49681526,2,3011
3012,利益冲突,利益冲突,4,tencent_ai_lab_chinese_embedding_light_mirror_mvp,0.51156191,0.54066455,0.46790794,亲密关系,亲密行为,0.44474125,2,3012
3013,茫茫人海,茫茫人海,4,tencent_ai_lab_chinese_embedding_light_mirror_mvp,0.51154689,0.51848119,0.50114542,爱情,恋爱核心,0.51919538,2,3013
3014,长不大,长不大,3,tencent_ai_lab_chinese_embedding_light_mirror_mvp,0.51152534,0.52092719,0.49742258,初恋,恋爱核心,0.51435608,2,3014
3015,考虑,考虑,2,tencent_ai_lab_chinese_embedding_light_mirror_mvp,0.51150833,0.53636783,0.47421908,追求,对象关系,0.41419214,2,3015
3016,座位表,座位表,3,tencent_ai_lab_chinese_embedding_light_mirror_mvp,0.51150566,0.55680096,0.44356272,同桌,校园恋爱,0.52134871,2,3016
3017,没人,没人,2,tencent_ai_lab_chinese_embedding_light_mirror_mvp,0.511501,0.52297288,0.49429318,老婆,对象关系,0.4831956,2,3017
3018,老同事,老同事,3,tencent_ai_lab_chinese_embedding_light_mirror_mvp,0.51148832,0.51509786,0.50607401,前任,恋爱历史,0.52015567,2,3018
3019,带回家,带回家,3,tencent_ai_lab_chinese_embedding_light_mirror_mvp,0.51147606,0.51740384,0.5025844,女朋友,对象关系,0.53165042,2,3019
3020,男医生,男医生,3,tencent_ai_lab_chinese_embedding_light_mirror_mvp,0.51141887,0.51957399,0.49918619,老公,对象关系,0.46609706,2,3020
3021,一直以来,一直以来,4,tencent_ai_lab_chinese_embedding_light_mirror_mvp,0.51139216,0.53490394,0.4761245,追求,社会比较与人生进度,0.47504926,2,3021
3022,小朋友,小朋友,3,tencent_ai_lab_chinese_embedding_light_mirror_mvp,0.51136193,0.51614416,0.5041886,同桌,校园恋爱,0.56632614,2,3022
3023,喝了酒,喝了酒,3,tencent_ai_lab_chinese_embedding_light_mirror_mvp,0.51135457,0.51878119,0.50021464,女朋友,约会,0.52140534,2,3023
3024,逗狗,逗狗,2,tencent_ai_lab_chinese_embedding_light_mirror_mvp,0.51134789,0.54413599,0.46216574,散步,约会,0.48012561,2,3024
3025,忽视,忽视,2,tencent_ai_lab_chinese_embedding_light_mirror_mvp,0.51131263,0.54576254,0.45963776,追求,社会比较与人生进度,0.4679096,2,3025
3026,特别的人,特别的人,4,tencent_ai_lab_chinese_embedding_light_mirror_mvp,0.51121545,0.51448023,0.50631827,表白,表白与追求,0.53252429,2,3026
3027,情同手足,情同手足,4,tencent_ai_lab_chinese_embedding_light_mirror_mvp,0.51120774,0.52546728,0.48981842,亲密,亲密行为,0.46564054,2,3027
3028,狠话,狠话,2,tencent_ai_lab_chinese_embedding_light_mirror_mvp,0.51117629,0.53280818,0.47872844,前任,恋爱历史,0.50391495,2,3028
3029,思考,思考,2,tencent_ai_lab_chinese_embedding_light_mirror_mvp,0.51114404,0.52944934,0.48368609,追求,社会比较与人生进度,0.47956559,2,3029
3030,礼貌,礼貌,2,tencent_ai_lab_chinese_embedding_light_mirror_mvp,0.51113952,0.52709252,0.48721004,亲密,亲密行为,0.52160764,2,3030
3031,完美的女人,完美的女人,5,tencent_ai_lab_chinese_embedding_light_mirror_mvp,0.51113673,0.51575834,0.50420433,老婆,婚恋,0.52061796,2,3031
3032,混圈,混圈,2,tencent_ai_lab_chinese_embedding_light_mirror_mvp,0.51113064,0.52397788,0.49185979,单身,单身与脱单,0.52753377,2,3032
3033,紧密,紧密,2,tencent_ai_lab_chinese_embedding_light_mirror_mvp,0.51112355,0.55726796,0.44190693,亲密,亲密行为,0.45921311,2,3033
3034,家长会,家长会,3,tencent_ai_lab_chinese_embedding_light_mirror_mvp,0.51112158,0.52891338,0.48443389,早恋,校园恋爱,0.57808644,2,3034
3035,打算,打算,2,tencent_ai_lab_chinese_embedding_light_mirror_mvp,0.51110573,0.51773906,0.50115573,女朋友,婚恋,0.54364663,2,3035
3036,称心如意,称心如意,4,tencent_ai_lab_chinese_embedding_light_mirror_mvp,0.51108849,0.51541054,0.50460541,伴侣,单身与脱单,0.52820671,2,3036
3037,八婆,八婆,2,tencent_ai_lab_chinese_embedding_light_mirror_mvp,0.51108053,0.51201856,0.50967348,前女友,恋爱历史,0.50553602,2,3037
3038,外人,外人,2,tencent_ai_lab_chinese_embedding_light_mirror_mvp,0.51104256,0.51483017,0.50536114,亲密,对象关系,0.53090143,2,3038
3039,开车,开车,2,tencent_ai_lab_chinese_embedding_light_mirror_mvp,0.51102369,0.51570165,0.50400674,散步,约会,0.5649935,2,3039
3040,长微博,长微博,3,tencent_ai_lab_chinese_embedding_light_mirror_mvp,0.51102327,0.52378559,0.49187979,前女友,恋爱历史,0.49610394,2,3040
3041,演技,演技,2,tencent_ai_lab_chinese_embedding_light_mirror_mvp,0.51102057,0.52805954,0.4854621,恋情,恋爱核心,0.50944865,2,3041
3042,比你,比你,2,tencent_ai_lab_chinese_embedding_light_mirror_mvp,0.51099105,0.54297346,0.46301743,同龄人,社会比较与人生进度,0.461694,2,3042
3043,无止境,无止境,3,tencent_ai_lab_chinese_embedding_light_mirror_mvp,0.51098404,0.54479504,0.46026754,追求,表白与追求,0.44108266,2,3043
3044,神经病,神经病,3,tencent_ai_lab_chinese_embedding_light_mirror_mvp,0.5109768,0.51835722,0.49990618,前女友,恋爱历史,0.49312609,2,3044
3045,很累,很累,2,tencent_ai_lab_chinese_embedding_light_mirror_mvp,0.5109741,0.52127683,0.49552,老公,对象关系,0.47913593,2,3045
3046,清晨,清晨,2,tencent_ai_lab_chinese_embedding_light_mirror_mvp,0.51092604,0.55303168,0.44776759,散步,约会,0.46524408,2,3046
3047,大方,大方,2,tencent_ai_lab_chinese_embedding_light_mirror_mvp,0.5108459,0.51290548,0.50775653,亲密,婚恋,0.53984272,2,3047
3048,很气,很气,2,tencent_ai_lab_chinese_embedding_light_mirror_mvp,0.51082311,0.51460183,0.50515503,女朋友,恋爱历史,0.48164627,2,3048
3049,对戏,对戏,2,tencent_ai_lab_chinese_embedding_light_mirror_mvp,0.51082057,0.52135611,0.49501726,恋情,恋爱核心,0.50257206,2,3049
3050,才会,才会,2,tencent_ai_lab_chinese_embedding_light_mirror_mvp,0.51080155,0.51878244,0.49883023,追求,亲密行为,0.48342115,2,3050
3051,休憩,休憩,2,tencent_ai_lab_chinese_embedding_light_mirror_mvp,0.51079931,0.56162614,0.43455908,散步,约会,0.46192339,2,3051
3052,精神,精神,2,tencent_ai_lab_chinese_embedding_light_mirror_mvp,0.51079394,0.53470039,0.47493425,追求,社会比较与人生进度,0.52570152,2,3052
3053,其次,其次,2,tencent_ai_lab_chinese_embedding_light_mirror_mvp,0.51078459,0.52394438,0.49104491,对象,对象关系,0.41050816,2,3053
3054,眷念,眷念,2,tencent_ai_lab_chinese_embedding_light_mirror_mvp,0.51078167,0.51378036,0.50628364,青春,恋爱核心,0.4868075,2,3054
3055,骑行,骑行,2,tencent_ai_lab_chinese_embedding_light_mirror_mvp,0.51076528,0.55975127,0.43728629,散步,约会,0.48312753,2,3055
3056,变美变,变美变,3,tencent_ai_lab_chinese_embedding_light_mirror_mvp,0.51075758,0.54155397,0.46456298,脱单,单身与脱单,0.5141781,2,3056
3057,老实,老实,2,tencent_ai_lab_chinese_embedding_light_mirror_mvp,0.51072652,0.52893317,0.48341656,老婆,婚恋,0.4790321,2,3057
3058,身高,身高,2,tencent_ai_lab_chinese_embedding_light_mirror_mvp,0.51068608,0.54569459,0.4581733,同龄人,社会比较与人生进度,0.48478284,2,3058
3059,有时候,有时候,3,tencent_ai_lab_chinese_embedding_light_mirror_mvp,0.51064523,0.52023137,0.49626604,爱情,对象关系,0.52912992,2,3059
3060,无欲无求,无欲无求,4,tencent_ai_lab_chinese_embedding_light_mirror_mvp,0.51062723,0.53677273,0.47140899,追求,社会比较与人生进度,0.45174032,2,3060
3061,自律,自律,2,tencent_ai_lab_chinese_embedding_light_mirror_mvp,0.51059924,0.52663732,0.48654214,追求,社会比较与人生进度,0.47312233,2,3061
3062,管教,管教,2,tencent_ai_lab_chinese_embedding_light_mirror_mvp,0.51059546,0.53239483,0.47789642,早恋,校园恋爱,0.49968874,2,3062
3063,游览,游览,2,tencent_ai_lab_chinese_embedding_light_mirror_mvp,0.51058223,0.55446923,0.44475174,散步,约会,0.51614881,2,3063
3064,标新立异,标新立异,4,tencent_ai_lab_chinese_embedding_light_mirror_mvp,0.51056406,0.56010157,0.43625781,追求,社会比较与人生进度,0.46645883,2,3064
3065,亲口,亲口,2,tencent_ai_lab_chinese_embedding_light_mirror_mvp,0.51053799,0.5229646,0.49189809,求婚,婚恋,0.48043808,2,3065
3066,服务员,服务员,3,tencent_ai_lab_chinese_embedding_light_mirror_mvp,0.51053469,0.5155524,0.50300813,女朋友,对象关系,0.47702894,2,3066
3067,出类拔萃,出类拔萃,4,tencent_ai_lab_chinese_embedding_light_mirror_mvp,0.51052979,0.55685717,0.44103873,同龄人,社会比较与人生进度,0.48848444,2,3067
3068,揩油,揩油,2,tencent_ai_lab_chinese_embedding_light_mirror_mvp,0.51050633,0.52451658,0.48949096,接吻,亲密行为,0.50918555,2,3068
3069,婚姻自主,婚姻自主,4,tencent_ai_lab_chinese_embedding_light_mirror_mvp,0.51049297,0.51168823,0.50870007,爱情,恋爱核心,0.47542757,2,3069
3070,刚生,刚生,2,tencent_ai_lab_chinese_embedding_light_mirror_mvp,0.51048127,0.51941383,0.49708244,老公,婚恋,0.51951987,2,3070
3071,完美女人,完美女人,4,tencent_ai_lab_chinese_embedding_light_mirror_mvp,0.51045476,0.51290148,0.50678468,老公,对象关系,0.52121389,2,3071
3072,睡午觉,睡午觉,3,tencent_ai_lab_chinese_embedding_light_mirror_mvp,0.51044989,0.53085399,0.47984374,散步,约会,0.52007747,2,3072
3073,私生,私生,2,tencent_ai_lab_chinese_embedding_light_mirror_mvp,0.51042541,0.52077943,0.49489439,前女友,婚恋,0.4803879,2,3073
3074,人帅,人帅,2,tencent_ai_lab_chinese_embedding_light_mirror_mvp,0.51041297,0.52696997,0.48557746,女朋友,恋爱历史,0.44555464,2,3074
3075,私情,私情,2,tencent_ai_lab_chinese_embedding_light_mirror_mvp,0.51038069,0.51302248,0.50641799,妻子,婚恋,0.52465391,2,3075
3076,条件,条件,2,tencent_ai_lab_chinese_embedding_light_mirror_mvp,0.51037878,0.55346072,0.44575587,对象,对象关系,0.43273759,2,3076
3077,答谢宴会,答谢宴会,4,tencent_ai_lab_chinese_embedding_light_mirror_mvp,0.51034008,0.54919183,0.45206246,婚礼,婚恋,0.44021714,2,3077
3078,长文,长文,2,tencent_ai_lab_chinese_embedding_light_mirror_mvp,0.51033533,0.51574457,0.50222147,恋情,恋爱历史,0.49885482,2,3078
3079,工作狂,工作狂,3,tencent_ai_lab_chinese_embedding_light_mirror_mvp,0.51030512,0.51553702,0.50245726,单身,对象关系,0.51402384,2,3079
3080,淘气,淘气,2,tencent_ai_lab_chinese_embedding_light_mirror_mvp,0.51030256,0.52226704,0.49235582,早恋,校园恋爱,0.57719266,2,3080
3081,已逝,已逝,2,tencent_ai_lab_chinese_embedding_light_mirror_mvp,0.51028936,0.53605855,0.47163558,青春,社会比较与人生进度,0.45653343,2,3081
3082,要求,要求,2,tencent_ai_lab_chinese_embedding_light_mirror_mvp,0.51028465,0.54392815,0.45981941,追求,对象关系,0.38255447,2,3082
3083,没了,没了,2,tencent_ai_lab_chinese_embedding_light_mirror_mvp,0.51023593,0.52605009,0.48651469,老婆,婚恋,0.4840287,2,3083
3084,注定,注定,2,tencent_ai_lab_chinese_embedding_light_mirror_mvp,0.51023102,0.52310228,0.49092412,爱情,社会比较与人生进度,0.50351346,2,3084
3085,太丑,太丑,2,tencent_ai_lab_chinese_embedding_light_mirror_mvp,0.51023033,0.51633656,0.50107098,女朋友,恋爱历史,0.48351699,2,3085
3086,体弱多病,体弱多病,4,tencent_ai_lab_chinese_embedding_light_mirror_mvp,0.51022542,0.52062315,0.49462882,丈夫,婚恋,0.44739527,2,3086
3087,金钱至上,金钱至上,4,tencent_ai_lab_chinese_embedding_light_mirror_mvp,0.51021645,0.52841133,0.48292413,爱情,社会比较与人生进度,0.46211293,2,3087
3088,我们,我们,2,tencent_ai_lab_chinese_embedding_light_mirror_mvp,0.51020823,0.51217902,0.50725204,追求,社会比较与人生进度,0.60352337,2,3088
3089,考上,考上,2,tencent_ai_lab_chinese_embedding_light_mirror_mvp,0.51020766,0.51491195,0.50315124,结婚,校园恋爱,0.56581765,2,3089
3090,身着,身着,2,tencent_ai_lab_chinese_embedding_light_mirror_mvp,0.51019609,0.5500924,0.45035163,校服,社会比较与人生进度,0.39032063,2,3090
3091,做产,做产,2,tencent_ai_lab_chinese_embedding_light_mirror_mvp,0.51017798,0.52933055,0.48144913,老公,婚恋,0.51689535,2,3091
3092,流年,流年,2,tencent_ai_lab_chinese_embedding_light_mirror_mvp,0.51015722,0.52371806,0.48981595,爱情,恋爱核心,0.49690783,2,3092
3093,悠闲地,悠闲地,3,tencent_ai_lab_chinese_embedding_light_mirror_mvp,0.51014029,0.58025849,0.40496299,散步,约会,0.44444489,2,3093
3094,患病,患病,2,tencent_ai_lab_chinese_embedding_light_mirror_mvp,0.51010964,0.52524602,0.48740506,妻子,婚恋,0.45043421,2,3094
3095,一桌,一桌,2,tencent_ai_lab_chinese_embedding_light_mirror_mvp,0.510101,0.52823806,0.4828954,同桌,婚恋,0.44554859,2,3095
3096,偏见,偏见,2,tencent_ai_lab_chinese_embedding_light_mirror_mvp,0.51007499,0.51855564,0.497354,亲密关系,社会比较与人生进度,0.48087263,2,3096
3097,草地,草地,2,tencent_ai_lab_chinese_embedding_light_mirror_mvp,0.51004857,0.55693126,0.43972453,散步,约会,0.45873982,2,3097
3098,学历,学历,2,tencent_ai_lab_chinese_embedding_light_mirror_mvp,0.51003963,0.52220654,0.49178925,同龄人,单身与脱单,0.45620924,2,3098
3099,心理医生,心理医生,4,tencent_ai_lab_chinese_embedding_light_mirror_mvp,0.51001494,0.52656972,0.48518276,亲密关系,恋爱历史,0.48535466,2,3099
3100,不欢而散,不欢而散,4,tencent_ai_lab_chinese_embedding_light_mirror_mvp,0.51001173,0.51342863,0.50488639,订婚,婚恋,0.53888154,2,3100
3101,小孩儿,小孩儿,3,tencent_ai_lab_chinese_embedding_light_mirror_mvp,0.50999925,0.53265768,0.4760116,同龄人,校园恋爱,0.51295638,2,3101
3102,二班,二班,2,tencent_ai_lab_chinese_embedding_light_mirror_mvp,0.50995989,0.53825545,0.46751654,同桌,校园恋爱,0.49121097,2,3102
3103,更进一步,更进一步,4,tencent_ai_lab_chinese_embedding_light_mirror_mvp,0.50995882,0.53486425,0.47260067,追求,亲密行为,0.46463719,2,3103
3104,开学典礼,开学典礼,4,tencent_ai_lab_chinese_embedding_light_mirror_mvp,0.50995518,0.52101898,0.49335948,婚礼,校园恋爱,0.55476868,2,3104
3105,再见,再见,2,tencent_ai_lab_chinese_embedding_light_mirror_mvp,0.50993993,0.51666367,0.49985433,拥抱,表白与追求,0.47529083,2,3105
3106,提倡,提倡,2,tencent_ai_lab_chinese_embedding_light_mirror_mvp,0.50990161,0.56794864,0.42283106,追求,社会比较与人生进度,0.38109195,2,3106
3107,黏人,黏人,2,tencent_ai_lab_chinese_embedding_light_mirror_mvp,0.50986711,0.51361245,0.5042491,男朋友,对象关系,0.5348928,2,3107
3108,工头,工头,2,tencent_ai_lab_chinese_embedding_light_mirror_mvp,0.5098408,0.52519137,0.48681495,老婆,婚恋,0.46367621,2,3108
3109,秘密情感,秘密情感,4,tencent_ai_lab_chinese_embedding_light_mirror_mvp,0.50982894,0.52208591,0.49144349,亲密关系,恋爱核心,0.49163884,2,3109
3110,冲动,冲动,2,tencent_ai_lab_chinese_embedding_light_mirror_mvp,0.50981493,0.51256883,0.50568408,恋爱,恋爱核心,0.54237556,2,3110
3111,价值体系,价值体系,4,tencent_ai_lab_chinese_embedding_light_mirror_mvp,0.50978811,0.52573782,0.48586354,亲密关系,社会比较与人生进度,0.4378922,2,3111
3112,老说,老说,2,tencent_ai_lab_chinese_embedding_light_mirror_mvp,0.50978615,0.51763994,0.49800548,女朋友,恋爱历史,0.44384843,2,3112
3113,不孕,不孕,2,tencent_ai_lab_chinese_embedding_light_mirror_mvp,0.50975596,0.51719439,0.49859831,结婚,婚恋,0.50615585,2,3113
3114,发声明,发声明,3,tencent_ai_lab_chinese_embedding_light_mirror_mvp,0.50975436,0.52498555,0.48690757,恋情,婚恋,0.44717106,2,3114
3115,输给,输给,2,tencent_ai_lab_chinese_embedding_light_mirror_mvp,0.50973898,0.56154859,0.43202457,落后,社会比较与人生进度,0.53324485,2,3115
3116,排场,排场,2,tencent_ai_lab_chinese_embedding_light_mirror_mvp,0.50970507,0.55542129,0.44113073,婚礼,婚恋,0.43808705,2,3116
3117,午饭,午饭,2,tencent_ai_lab_chinese_embedding_light_mirror_mvp,0.50968736,0.52858788,0.48133659,散步,约会,0.56697953,2,3117
3118,买豪车,买豪车,3,tencent_ai_lab_chinese_embedding_light_mirror_mvp,0.50967236,0.51978248,0.49450716,老婆,婚恋,0.50814116,2,3118
3119,电影,电影,2,tencent_ai_lab_chinese_embedding_light_mirror_mvp,0.50967008,0.5261929,0.48488584,爱情,恋爱核心,0.50030303,2,3119
3120,我后,我后,2,tencent_ai_lab_chinese_embedding_light_mirror_mvp,0.50966601,0.51482284,0.50193077,同桌,恋爱历史,0.47958875,2,3120
3121,不想,不想,2,tencent_ai_lab_chinese_embedding_light_mirror_mvp,0.50964143,0.5147047,0.50204653,女朋友,对象关系,0.52823162,2,3121
3122,心理活动,心理活动,4,tencent_ai_lab_chinese_embedding_light_mirror_mvp,0.50961591,0.53773272,0.46744069,亲密关系,亲密行为,0.4736864,2,3122
3123,人母,人母,2,tencent_ai_lab_chinese_embedding_light_mirror_mvp,0.50961504,0.51074493,0.50792021,丈夫,婚恋,0.54743677,2,3123
3124,新衣,新衣,2,tencent_ai_lab_chinese_embedding_light_mirror_mvp,0.50961459,0.54890472,0.45067939,校服,校园恋爱,0.42168507,2,3124
3125,生病,生病,2,tencent_ai_lab_chinese_embedding_light_mirror_mvp,0.50960829,0.51604402,0.4999547,妻子,婚恋,0.5098455,2,3125
3126,爆出,爆出,2,tencent_ai_lab_chinese_embedding_light_mirror_mvp,0.50959698,0.53034163,0.47848001,恋情,恋爱历史,0.45840925,2,3126
3127,年仅,年仅,2,tencent_ai_lab_chinese_embedding_light_mirror_mvp,0.50958761,0.53012282,0.4787848,同龄人,社会比较与人生进度,0.48675078,2,3127
3128,打拳,打拳,2,tencent_ai_lab_chinese_embedding_light_mirror_mvp,0.50958501,0.56070536,0.43290448,散步,约会,0.44794261,2,3128
3129,命运,命运,2,tencent_ai_lab_chinese_embedding_light_mirror_mvp,0.50958457,0.52888179,0.48063874,爱情,社会比较与人生进度,0.53755116,2,3129
3130,伙伴关系,伙伴关系,4,tencent_ai_lab_chinese_embedding_light_mirror_mvp,0.50957612,0.53367829,0.47342286,亲密关系,亲密行为,0.50802201,2,3130
3131,活着,活着,2,tencent_ai_lab_chinese_embedding_light_mirror_mvp,0.50955826,0.51758718,0.49751487,爱情,社会比较与人生进度,0.5021593,2,3131
3132,无所畏惧,无所畏惧,4,tencent_ai_lab_chinese_embedding_light_mirror_mvp,0.50954967,0.53124458,0.4770073,青春,社会比较与人生进度,0.52281874,2,3132
3133,你我,你我,2,tencent_ai_lab_chinese_embedding_light_mirror_mvp,0.50952119,0.52021992,0.49347308,青春,亲密行为,0.52915311,2,3133
3134,忍不住,忍不住,3,tencent_ai_lab_chinese_embedding_light_mirror_mvp,0.50949526,0.51382577,0.50299948,女朋友,对象关系,0.50037897,2,3134
3135,光阴似箭,光阴似箭,4,tencent_ai_lab_chinese_embedding_light_mirror_mvp,0.50948114,0.53668779,0.46867117,青春,社会比较与人生进度,0.48150122,2,3135
3136,却又,却又,2,tencent_ai_lab_chinese_embedding_light_mirror_mvp,0.5094775,0.51125813,0.50680655,爱情,表白与追求,0.54489118,2,3136
3137,肯定,肯定,2,tencent_ai_lab_chinese_embedding_light_mirror_mvp,0.50946412,0.51064694,0.50768989,女朋友,对象关系,0.51278001,2,3137
3138,社会压力,社会压力,4,tencent_ai_lab_chinese_embedding_light_mirror_mvp,0.50945814,0.52092558,0.49225697,亲密关系,社会比较与人生进度,0.44327813,2,3138
3139,爱在,爱在,2,tencent_ai_lab_chinese_embedding_light_mirror_mvp,0.50945271,0.51460904,0.50171822,爱情,亲密行为,0.48529404,2,3139
3140,难道,难道,2,tencent_ai_lab_chinese_embedding_light_mirror_mvp,0.509403,0.5187006,0.49545661,女朋友,对象关系,0.51534146,2,3140
3141,心里话,心里话,3,tencent_ai_lab_chinese_embedding_light_mirror_mvp,0.50938781,0.51854092,0.49565816,告白,表白与追求,0.52454233,2,3141
3142,吃糖,吃糖,2,tencent_ai_lab_chinese_embedding_light_mirror_mvp,0.50938696,0.52808523,0.48133954,接吻,校园恋爱,0.49393401,2,3142
3143,荧屏,荧屏,2,tencent_ai_lab_chinese_embedding_light_mirror_mvp,0.50935478,0.52559,0.48500195,恋情,恋爱核心,0.51395595,2,3143
3144,很甜,很甜,2,tencent_ai_lab_chinese_embedding_light_mirror_mvp,0.50934784,0.5196777,0.49385306,初恋,恋爱核心,0.51637971,2,3144
3145,忠诚,忠诚,2,tencent_ai_lab_chinese_embedding_light_mirror_mvp,0.50934492,0.51819706,0.49606672,伴侣,亲密行为,0.46717727,2,3145
3146,偷看,偷看,2,tencent_ai_lab_chinese_embedding_light_mirror_mvp,0.50933945,0.5156377,0.49989209,暗恋,校园恋爱,0.52249426,2,3146
3147,确定,确定,2,tencent_ai_lab_chinese_embedding_light_mirror_mvp,0.50930126,0.5582096,0.43593875,对象,对象关系,0.40907055,2,3147
3148,补习,补习,2,tencent_ai_lab_chinese_embedding_light_mirror_mvp,0.50927356,0.53001249,0.47816518,早恋,校园恋爱,0.58177125,2,3148
3149,招妓,招妓,2,tencent_ai_lab_chinese_embedding_light_mirror_mvp,0.5092386,0.51077068,0.50694048,老婆,婚恋,0.52350605,2,3149
3150,出席,出席,2,tencent_ai_lab_chinese_embedding_light_mirror_mvp,0.50920148,0.53691316,0.46763396,婚礼,婚恋,0.44744238,2,3150
3151,好了,好了,2,tencent_ai_lab_chinese_embedding_light_mirror_mvp,0.50918916,0.51943398,0.49382195,女朋友,对象关系,0.47447503,2,3151
3152,胖了,胖了,2,tencent_ai_lab_chinese_embedding_light_mirror_mvp,0.50914241,0.51450223,0.50110269,男朋友,恋爱历史,0.48272696,2,3152
3153,一切,一切,2,tencent_ai_lab_chinese_embedding_light_mirror_mvp,0.5091291,0.52170449,0.490266,爱情,恋爱核心,0.49740449,2,3153
3154,代孕,代孕,2,tencent_ai_lab_chinese_embedding_light_mirror_mvp,0.50912535,0.53376114,0.47217166,结婚,婚恋,0.50881195,2,3154
3155,哲思,哲思,2,tencent_ai_lab_chinese_embedding_light_mirror_mvp,0.50912095,0.52333307,0.48780277,爱情,社会比较与人生进度,0.47022864,2,3155
3156,一脸,一脸,2,tencent_ai_lab_chinese_embedding_light_mirror_mvp,0.50911984,0.51747411,0.49658844,老婆,婚恋,0.49181491,2,3156
3157,现实主义,现实主义,4,tencent_ai_lab_chinese_embedding_light_mirror_mvp,0.5090878,0.52785754,0.48093319,爱情,恋爱核心,0.44317129,2,3157
3158,勇气,勇气,2,tencent_ai_lab_chinese_embedding_light_mirror_mvp,0.50907921,0.52081496,0.49147558,爱情,表白与追求,0.51939517,2,3158
3159,而非,而非,2,tencent_ai_lab_chinese_embedding_light_mirror_mvp,0.50902504,0.53200388,0.47455677,追求,亲密行为,0.36732346,2,3159
3160,见面礼,见面礼,3,tencent_ai_lab_chinese_embedding_light_mirror_mvp,0.50900799,0.52745384,0.48133922,订婚,婚恋,0.44607922,2,3160
3161,餐馆老板,餐馆老板,4,tencent_ai_lab_chinese_embedding_light_mirror_mvp,0.50897821,0.51631176,0.49797788,丈夫,婚恋,0.45853743,2,3161
3162,身心,身心,2,tencent_ai_lab_chinese_embedding_light_mirror_mvp,0.50895526,0.51492381,0.50000244,伴侣,亲密行为,0.4582288,2,3162
3163,装傻,装傻,2,tencent_ai_lab_chinese_embedding_light_mirror_mvp,0.50892441,0.5224036,0.48870564,暗恋,表白与追求,0.51211292,2,3163
3164,之女,之女,2,tencent_ai_lab_chinese_embedding_light_mirror_mvp,0.50891179,0.51589805,0.4984324,妻子,婚恋,0.50672597,2,3164
3165,成名成家,成名成家,4,tencent_ai_lab_chinese_embedding_light_mirror_mvp,0.508899,0.52229965,0.48879802,追求,社会比较与人生进度,0.47468892,2,3165
3166,因此,因此,2,tencent_ai_lab_chinese_embedding_light_mirror_mvp,0.50886829,0.51881546,0.49394754,对象,社会比较与人生进度,0.45496455,2,3166
3167,毒舌,毒舌,2,tencent_ai_lab_chinese_embedding_light_mirror_mvp,0.50883747,0.51406664,0.50099373,前女友,恋爱历史,0.53813183,2,3167
3168,倒贴,倒贴,2,tencent_ai_lab_chinese_embedding_light_mirror_mvp,0.50877466,0.51375592,0.50130278,老婆,婚恋,0.50162101,2,3168
3169,独自一人,独自一人,4,tencent_ai_lab_chinese_embedding_light_mirror_mvp,0.50877222,0.51948172,0.49270797,散步,约会,0.50466406,2,3169
3170,很暖心,很暖心,3,tencent_ai_lab_chinese_embedding_light_mirror_mvp,0.50874015,0.51417738,0.5005843,情侣,对象关系,0.49627262,2,3170
3171,他们的,他们的,3,tencent_ai_lab_chinese_embedding_light_mirror_mvp,0.50871825,0.51225746,0.50340945,同龄人,社会比较与人生进度,0.58259213,2,3171
3172,人好,人好,2,tencent_ai_lab_chinese_embedding_light_mirror_mvp,0.50870504,0.51575089,0.49813628,女朋友,对象关系,0.4981657,2,3172
3173,说说笑笑,说说笑笑,4,tencent_ai_lab_chinese_embedding_light_mirror_mvp,0.50867996,0.51193666,0.50379491,散步,约会,0.54758012,2,3173
3174,背道而驰,背道而驰,4,tencent_ai_lab_chinese_embedding_light_mirror_mvp,0.50864438,0.5576328,0.43516174,追求,社会比较与人生进度,0.42808425,2,3174
3175,然哥,然哥,2,tencent_ai_lab_chinese_embedding_light_mirror_mvp,0.50862409,0.5144527,0.49988118,老公,婚恋,0.46255136,2,3175
3176,伤痛,伤痛,2,tencent_ai_lab_chinese_embedding_light_mirror_mvp,0.50861712,0.51526302,0.49864826,爱情,恋爱核心,0.5180155,2,3176
3177,三心二意,三心二意,4,tencent_ai_lab_chinese_embedding_light_mirror_mvp,0.50860189,0.52049208,0.49076661,伴侣,对象关系,0.50299847,2,3177
3178,强求,强求,2,tencent_ai_lab_chinese_embedding_light_mirror_mvp,0.5085892,0.52530515,0.48351526,追求,表白与追求,0.47671592,2,3178
3179,被删,被删,2,tencent_ai_lab_chinese_embedding_light_mirror_mvp,0.5085842,0.52763867,0.48000249,前女友,恋爱历史,0.48732311,2,3179
3180,半生,半生,2,tencent_ai_lab_chinese_embedding_light_mirror_mvp,0.50856521,0.51935297,0.49238357,青春,社会比较与人生进度,0.48870376,2,3180
3181,该生,该生,2,tencent_ai_lab_chinese_embedding_light_mirror_mvp,0.50855805,0.52714622,0.48067579,早恋,校园恋爱,0.5365414,2,3181
3182,产下,产下,2,tencent_ai_lab_chinese_embedding_light_mirror_mvp,0.50851169,0.51374578,0.50066054,结婚,婚恋,0.55253929,2,3182
3183,谈好,谈好,2,tencent_ai_lab_chinese_embedding_light_mirror_mvp,0.50850989,0.53362697,0.47083426,订婚,婚恋,0.45844817,2,3183
3184,共同财产,共同财产,4,tencent_ai_lab_chinese_embedding_light_mirror_mvp,0.50849257,0.52305984,0.48664165,结婚,婚恋,0.53399438,2,3184
3185,长头发,长头发,3,tencent_ai_lab_chinese_embedding_light_mirror_mvp,0.5084558,0.52131575,0.48916587,校服,校园恋爱,0.55164194,2,3185
3186,赌气,赌气,2,tencent_ai_lab_chinese_embedding_light_mirror_mvp,0.50845397,0.51247406,0.50242382,老婆,婚恋,0.54039973,2,3186
3187,所作所为,所作所为,4,tencent_ai_lab_chinese_embedding_light_mirror_mvp,0.50843282,0.52423525,0.48472917,前任,恋爱历史,0.46209902,2,3187
3188,老头子,老头子,3,tencent_ai_lab_chinese_embedding_light_mirror_mvp,0.50840368,0.52971786,0.47643241,老婆,婚恋,0.47622681,2,3188
3189,不丑,不丑,2,tencent_ai_lab_chinese_embedding_light_mirror_mvp,0.50840147,0.51354086,0.50069237,女朋友,单身与脱单,0.46999496,2,3189
3190,育儿,育儿,2,tencent_ai_lab_chinese_embedding_light_mirror_mvp,0.5083607,0.52276725,0.48675087,亲密关系,婚恋,0.42842299,2,3190
3191,会面,会面,2,tencent_ai_lab_chinese_embedding_light_mirror_mvp,0.50835327,0.52934563,0.47686473,约会,约会,0.52101564,2,3191
3192,影视圈,影视圈,3,tencent_ai_lab_chinese_embedding_light_mirror_mvp,0.5083439,0.52712834,0.48016724,恋情,恋爱核心,0.49370015,2,3192
3193,挺个,挺个,2,tencent_ai_lab_chinese_embedding_light_mirror_mvp,0.50831691,0.52476335,0.48364726,老婆,婚恋,0.47921997,2,3193
3194,裸睡,裸睡,2,tencent_ai_lab_chinese_embedding_light_mirror_mvp,0.5083146,0.54244912,0.45711282,接吻,亲密行为,0.46536779,2,3194
3195,下铺,下铺,2,tencent_ai_lab_chinese_embedding_light_mirror_mvp,0.50828592,0.54410768,0.45455328,同桌,校园恋爱,0.45557028,2,3195
3196,友好关系,友好关系,4,tencent_ai_lab_chinese_embedding_light_mirror_mvp,0.50827718,0.53203773,0.47263634,亲密关系,亲密行为,0.46524987,2,3196
3197,喜怒哀乐,喜怒哀乐,4,tencent_ai_lab_chinese_embedding_light_mirror_mvp,0.5082732,0.51841038,0.49306741,爱情,恋爱核心,0.50629056,2,3197
3198,咖啡店,咖啡店,3,tencent_ai_lab_chinese_embedding_light_mirror_mvp,0.50827001,0.5215621,0.48833188,约会,约会,0.54755253,2,3198
3199,下楼,下楼,2,tencent_ai_lab_chinese_embedding_light_mirror_mvp,0.50825197,0.53853953,0.46282062,散步,约会,0.52927899,2,3199
3200,相称,相称,2,tencent_ai_lab_chinese_embedding_light_mirror_mvp,0.50820628,0.54836386,0.44796991,亲密,亲密行为,0.45930779,2,3200
3201,跑操,跑操,2,tencent_ai_lab_chinese_embedding_light_mirror_mvp,0.50820169,0.51910663,0.4918443,校服,校园恋爱,0.60683537,2,3201
3202,迷惘,迷惘,2,tencent_ai_lab_chinese_embedding_light_mirror_mvp,0.50819075,0.52369338,0.4849368,爱情,恋爱核心,0.50549436,2,3202
3203,止境,止境,2,tencent_ai_lab_chinese_embedding_light_mirror_mvp,0.50812262,0.54820907,0.44799295,追求,社会比较与人生进度,0.43569323,2,3203
3204,是谁,是谁,2,tencent_ai_lab_chinese_embedding_light_mirror_mvp,0.5081214,0.51801485,0.49328122,前任,对象关系,0.49867141,2,3204
3205,心间,心间,2,tencent_ai_lab_chinese_embedding_light_mirror_mvp,0.50810874,0.51711738,0.49459577,初恋,恋爱核心,0.46657667,2,3205
3206,分掉,分掉,2,tencent_ai_lab_chinese_embedding_light_mirror_mvp,0.50810333,0.51890731,0.49189737,前任,恋爱历史,0.53685582,2,3206
3207,无法自拔,无法自拔,4,tencent_ai_lab_chinese_embedding_light_mirror_mvp,0.50809655,0.51014221,0.50502807,暗恋,恋爱核心,0.54627186,2,3207
3208,应该,应该,2,tencent_ai_lab_chinese_embedding_light_mirror_mvp,0.50807753,0.51690823,0.49483147,追求,社会比较与人生进度,0.53410697,2,3208
3209,待在家里,待在家里,4,tencent_ai_lab_chinese_embedding_light_mirror_mvp,0.50805786,0.51271737,0.50106859,散步,约会,0.49150991,2,3209
3210,学龄,学龄,2,tencent_ai_lab_chinese_embedding_light_mirror_mvp,0.50805482,0.52869391,0.47709617,早恋,校园恋爱,0.51273197,2,3210
3211,毕竟,毕竟,2,tencent_ai_lab_chinese_embedding_light_mirror_mvp,0.50804895,0.52083778,0.4888657,追求,社会比较与人生进度,0.58660972,2,3211
3212,请别,请别,2,tencent_ai_lab_chinese_embedding_light_mirror_mvp,0.50803802,0.51921165,0.49127758,爱情,恋爱核心,0.49546751,2,3212
3213,互惠,互惠,2,tencent_ai_lab_chinese_embedding_light_mirror_mvp,0.50802641,0.54022354,0.45973071,亲密关系,亲密行为,0.48660809,2,3213
3214,风雨同舟,风雨同舟,4,tencent_ai_lab_chinese_embedding_light_mirror_mvp,0.50801209,0.5257411,0.48141858,牵手,亲密行为,0.51215184,2,3214
3215,老人家,老人家,3,tencent_ai_lab_chinese_embedding_light_mirror_mvp,0.50800403,0.51981235,0.49029157,老婆,婚恋,0.47704172,2,3215
3216,满足感,满足感,3,tencent_ai_lab_chinese_embedding_light_mirror_mvp,0.50795031,0.51985884,0.49008751,追求,亲密行为,0.44350427,2,3216
3217,课堂,课堂,2,tencent_ai_lab_chinese_embedding_light_mirror_mvp,0.50786157,0.53688407,0.46432781,同桌,校园恋爱,0.57288557,2,3217
3218,床上,床上,2,tencent_ai_lab_chinese_embedding_light_mirror_mvp,0.50785538,0.52418876,0.48335531,老婆,婚恋,0.47520128,2,3218
3219,那些,那些,2,tencent_ai_lab_chinese_embedding_light_mirror_mvp,0.50782322,0.51720381,0.49375233,追求,社会比较与人生进度,0.56710678,2,3219
3220,往昔,往昔,2,tencent_ai_lab_chinese_embedding_light_mirror_mvp,0.50782195,0.53392386,0.46866909,青春,社会比较与人生进度,0.51736921,2,3220
3221,膝下,膝下,2,tencent_ai_lab_chinese_embedding_light_mirror_mvp,0.50775529,0.51804847,0.49231553,妻子,婚恋,0.50122422,2,3221
3222,模样,模样,2,tencent_ai_lab_chinese_embedding_light_mirror_mvp,0.50772218,0.52016532,0.48905745,初恋,对象关系,0.50718915,2,3222
3223,来说,来说,2,tencent_ai_lab_chinese_embedding_light_mirror_mvp,0.50771474,0.5347991,0.46708819,追求,社会比较与人生进度,0.52151132,2,3223
3224,或是,或是,2,tencent_ai_lab_chinese_embedding_light_mirror_mvp,0.50770791,0.52605814,0.48018256,伴侣,对象关系,0.50593704,2,3224
3225,舅舅家,舅舅家,3,tencent_ai_lab_chinese_embedding_light_mirror_mvp,0.50766848,0.51335001,0.49914619,老婆,婚恋,0.52814472,2,3225
3226,至爱,至爱,2,tencent_ai_lab_chinese_embedding_light_mirror_mvp,0.50761597,0.51001143,0.50402278,初恋,恋爱核心,0.48582649,2,3226
3227,坚守,坚守,2,tencent_ai_lab_chinese_embedding_light_mirror_mvp,0.50757862,0.5446353,0.45199361,追求,社会比较与人生进度,0.45783305,2,3227
3228,方式,方式,2,tencent_ai_lab_chinese_embedding_light_mirror_mvp,0.50757418,0.54140145,0.45683327,对象,亲密行为,0.41229394,2,3228
3229,聪明能干,聪明能干,4,tencent_ai_lab_chinese_embedding_light_mirror_mvp,0.50748659,0.51317501,0.49895397,丈夫,婚恋,0.50628579,2,3229
3230,很想,很想,2,tencent_ai_lab_chinese_embedding_light_mirror_mvp,0.50745867,0.51914454,0.48992988,女朋友,对象关系,0.52298373,2,3230
3231,炫富,炫富,2,tencent_ai_lab_chinese_embedding_light_mirror_mvp,0.50744374,0.51999986,0.48860955,前女友,婚恋,0.47573388,2,3231
3232,相忘,相忘,2,tencent_ai_lab_chinese_embedding_light_mirror_mvp,0.50744125,0.51426768,0.49720159,恋人,恋爱核心,0.50882787,2,3232
3233,洗衣服,洗衣服,3,tencent_ai_lab_chinese_embedding_light_mirror_mvp,0.50743843,0.50943667,0.50444108,老婆,约会,0.51543057,2,3233
3234,穿着打扮,穿着打扮,4,tencent_ai_lab_chinese_embedding_light_mirror_mvp,0.50743481,0.52271426,0.48451564,校服,校园恋爱,0.47154966,2,3234
3235,生活费,生活费,3,tencent_ai_lab_chinese_embedding_light_mirror_mvp,0.50741034,0.51249415,0.49978462,女朋友,婚恋,0.50610685,2,3235
3236,缺乏自信,缺乏自信,4,tencent_ai_lab_chinese_embedding_light_mirror_mvp,0.50740892,0.52542603,0.48038325,亲密关系,社会比较与人生进度,0.48411286,2,3236
3237,排斥,排斥,2,tencent_ai_lab_chinese_embedding_light_mirror_mvp,0.50739388,0.51470876,0.49642158,亲密关系,亲密行为,0.49641764,2,3237
3238,写作文,写作文,3,tencent_ai_lab_chinese_embedding_light_mirror_mvp,0.50738351,0.52773482,0.47685656,早恋,校园恋爱,0.57122993,2,3238
3239,家务事,家务事,3,tencent_ai_lab_chinese_embedding_light_mirror_mvp,0.50737973,0.51144809,0.50127721,丈夫,婚恋,0.5266602,2,3239
3240,助理,助理,2,tencent_ai_lab_chinese_embedding_light_mirror_mvp,0.5073784,0.51327825,0.49852863,老公,婚恋,0.50224024,2,3240
3241,被他,被他,2,tencent_ai_lab_chinese_embedding_light_mirror_mvp,0.50734305,0.51898021,0.48988733,女朋友,恋爱历史,0.50264269,2,3241
3242,前几天,前几天,3,tencent_ai_lab_chinese_embedding_light_mirror_mvp,0.50729291,0.51419228,0.49694386,女朋友,恋爱历史,0.50483263,2,3242
3243,游乐园,游乐园,3,tencent_ai_lab_chinese_embedding_light_mirror_mvp,0.50729032,0.52566099,0.4797343,约会,约会,0.56315649,2,3243
3244,奢望,奢望,2,tencent_ai_lab_chinese_embedding_light_mirror_mvp,0.50727762,0.53214085,0.46998277,追求,亲密行为,0.46217626,2,3244
3245,当作,当作,2,tencent_ai_lab_chinese_embedding_light_mirror_mvp,0.50724223,0.52980697,0.47339511,对象,对象关系,0.47784087,2,3245
3246,落泪,落泪,2,tencent_ai_lab_chinese_embedding_light_mirror_mvp,0.50724179,0.51208365,0.49997899,告白,婚恋,0.4930903,2,3246
3247,心肝宝贝,心肝宝贝,4,tencent_ai_lab_chinese_embedding_light_mirror_mvp,0.5072263,0.52387917,0.48224699,老婆,婚恋,0.48373291,2,3247
3248,快走,快走,2,tencent_ai_lab_chinese_embedding_light_mirror_mvp,0.50719966,0.57308704,0.40836859,散步,约会,0.46537793,2,3248
3249,佳话,佳话,2,tencent_ai_lab_chinese_embedding_light_mirror_mvp,0.50718795,0.52584815,0.47919765,恋情,恋爱核心,0.49193382,2,3249
3250,酗酒,酗酒,2,tencent_ai_lab_chinese_embedding_light_mirror_mvp,0.50716927,0.5194003,0.48882273,妻子,婚恋,0.47913831,2,3250
3251,涵哥,涵哥,2,tencent_ai_lab_chinese_embedding_light_mirror_mvp,0.50715928,0.52186394,0.4851023,老公,婚恋,0.4428165,2,3251
3252,避孕,避孕,2,tencent_ai_lab_chinese_embedding_light_mirror_mvp,0.50715389,0.5166288,0.49294153,接吻,婚恋,0.45615622,2,3252
3253,制服,制服,2,tencent_ai_lab_chinese_embedding_light_mirror_mvp,0.50713807,0.56845164,0.41516772,校服,校园恋爱,0.42900407,2,3253
3254,磨难,磨难,2,tencent_ai_lab_chinese_embedding_light_mirror_mvp,0.50713021,0.53580534,0.4641175,爱情,社会比较与人生进度,0.49178684,2,3254
3255,寻梦,寻梦,2,tencent_ai_lab_chinese_embedding_light_mirror_mvp,0.50712297,0.53331202,0.46783939,青春,恋爱核心,0.41957235,2,3255
3256,性别差异,性别差异,4,tencent_ai_lab_chinese_embedding_light_mirror_mvp,0.50711339,0.51124394,0.50091755,亲密关系,社会比较与人生进度,0.45801532,2,3256
3257,辛苦,辛苦,2,tencent_ai_lab_chinese_embedding_light_mirror_mvp,0.50710627,0.51237106,0.49920908,老公,婚恋,0.48709196,2,3257
3258,小盆友,小盆友,3,tencent_ai_lab_chinese_embedding_light_mirror_mvp,0.50707704,0.52011597,0.48751864,早恋,校园恋爱,0.56394994,2,3258
3259,纪念日,纪念日,3,tencent_ai_lab_chinese_embedding_light_mirror_mvp,0.50706195,0.50818998,0.5053699,结婚,婚恋,0.50805724,2,3259
3260,春暖花开,春暖花开,4,tencent_ai_lab_chinese_embedding_light_mirror_mvp,0.50704937,0.52226734,0.48422241,青春,恋爱核心,0.46462777,2,3260
3261,有些人,有些人,3,tencent_ai_lab_chinese_embedding_light_mirror_mvp,0.50704544,0.51144922,0.50043976,爱情,对象关系,0.53634381,2,3261
3262,说家,说家,2,tencent_ai_lab_chinese_embedding_light_mirror_mvp,0.50703751,0.51214755,0.49937245,老婆,婚恋,0.51784885,2,3262
3263,以诚相待,以诚相待,4,tencent_ai_lab_chinese_embedding_light_mirror_mvp,0.50701472,0.51249731,0.49879083,恋人,亲密行为,0.51137584,2,3263
3264,副总,副总,2,tencent_ai_lab_chinese_embedding_light_mirror_mvp,0.50699085,0.53940153,0.45837483,前任,恋爱历史,0.42411974,2,3264
3265,真渣,真渣,2,tencent_ai_lab_chinese_embedding_light_mirror_mvp,0.50697132,0.52089906,0.48607972,前女友,恋爱历史,0.53397846,2,3265
3266,军训教官,军训教官,4,tencent_ai_lab_chinese_embedding_light_mirror_mvp,0.50696615,0.52426863,0.48101243,同桌,校园恋爱,0.59347099,2,3266
3267,场合,场合,2,tencent_ai_lab_chinese_embedding_light_mirror_mvp,0.50690395,0.520347,0.48673937,约会,约会,0.50298119,2,3267
3268,宝爸,宝爸,2,tencent_ai_lab_chinese_embedding_light_mirror_mvp,0.50686427,0.53069329,0.47112074,老公,婚恋,0.4173649,2,3268
3269,婚否,婚否,2,tencent_ai_lab_chinese_embedding_light_mirror_mvp,0.5068621,0.52097827,0.48568785,单身,单身与脱单,0.47880852,2,3269
3270,天人永隔,天人永隔,4,tencent_ai_lab_chinese_embedding_light_mirror_mvp,0.50685128,0.51325405,0.49724713,恋人,恋爱核心,0.4954859,2,3270
3271,过度,过度,2,tencent_ai_lab_chinese_embedding_light_mirror_mvp,0.50684136,0.53564817,0.46363115,追求,社会比较与人生进度,0.42951679,2,3271
3272,撇下,撇下,2,tencent_ai_lab_chinese_embedding_light_mirror_mvp,0.50683396,0.51217353,0.4988246,老婆,婚恋,0.53182101,2,3272
3273,践行,践行,2,tencent_ai_lab_chinese_embedding_light_mirror_mvp,0.50683088,0.54175144,0.45445004,追求,社会比较与人生进度,0.42050231,2,3273
3274,可能,可能,2,tencent_ai_lab_chinese_embedding_light_mirror_mvp,0.50683026,0.51067317,0.50106591,追求,社会比较与人生进度,0.5245893,2,3274
3275,第三节,第三节,3,tencent_ai_lab_chinese_embedding_light_mirror_mvp,0.50682467,0.59284288,0.37779737,落后,社会比较与人生进度,0.46060091,2,3275
3276,一顿,一顿,2,tencent_ai_lab_chinese_embedding_light_mirror_mvp,0.50681425,0.52209508,0.48389301,老婆,婚恋,0.46220928,2,3276
3277,你就,你就,2,tencent_ai_lab_chinese_embedding_light_mirror_mvp,0.50675972,0.51270258,0.49784541,女朋友,对象关系,0.50434822,2,3277
3278,就好,就好,2,tencent_ai_lab_chinese_embedding_light_mirror_mvp,0.50674061,0.51534855,0.49382868,女朋友,对象关系,0.52557009,2,3278
3279,产妇,产妇,2,tencent_ai_lab_chinese_embedding_light_mirror_mvp,0.50673926,0.51409858,0.49570027,老公,婚恋,0.46687591,2,3279
3280,我发,我发,2,tencent_ai_lab_chinese_embedding_light_mirror_mvp,0.50672216,0.51146364,0.49960995,男朋友,恋爱历史,0.4509027,2,3280
3281,碎花,碎花,2,tencent_ai_lab_chinese_embedding_light_mirror_mvp,0.50671661,0.55154335,0.43947649,校服,校园恋爱,0.4472214,2,3281
3282,肥婆,肥婆,2,tencent_ai_lab_chinese_embedding_light_mirror_mvp,0.50670555,0.52509362,0.47912344,老婆,恋爱历史,0.43277061,2,3282
3283,解约,解约,2,tencent_ai_lab_chinese_embedding_light_mirror_mvp,0.50670285,0.52129674,0.48481202,恋情,恋爱历史,0.47088099,2,3283
3284,生儿,生儿,2,tencent_ai_lab_chinese_embedding_light_mirror_mvp,0.50669532,0.53019935,0.47143927,结婚,婚恋,0.47586018,2,3284
3285,奋斗目标,奋斗目标,4,tencent_ai_lab_chinese_embedding_light_mirror_mvp,0.50666741,0.55097139,0.44021145,追求,社会比较与人生进度,0.42816502,2,3285
3286,产房,产房,2,tencent_ai_lab_chinese_embedding_light_mirror_mvp,0.50665121,0.52748293,0.47540364,老公,婚恋,0.49795884,2,3286
3287,玫瑰花,玫瑰花,3,tencent_ai_lab_chinese_embedding_light_mirror_mvp,0.50663459,0.52008742,0.48645535,求婚,婚恋,0.47555086,2,3287
3288,吊带,吊带,2,tencent_ai_lab_chinese_embedding_light_mirror_mvp,0.50660663,0.56517154,0.41875926,校服,校园恋爱,0.43487132,2,3288
3289,长款,长款,2,tencent_ai_lab_chinese_embedding_light_mirror_mvp,0.50658926,0.56385815,0.42068592,校服,校园恋爱,0.39131698,2,3289
3290,养大,养大,2,tencent_ai_lab_chinese_embedding_light_mirror_mvp,0.50657804,0.5120098,0.4984304,老婆,婚恋,0.50858498,2,3290
3291,说声,说声,2,tencent_ai_lab_chinese_embedding_light_mirror_mvp,0.50657636,0.52509713,0.4787952,拥抱,亲密行为,0.45101139,2,3291
3292,迷弟,迷弟,2,tencent_ai_lab_chinese_embedding_light_mirror_mvp,0.50654573,0.50869584,0.50332057,女朋友,对象关系,0.51967883,2,3292
3293,自杀,自杀,2,tencent_ai_lab_chinese_embedding_light_mirror_mvp,0.50649267,0.51893139,0.4878346,妻子,婚恋,0.50608242,2,3293
3294,偏好,偏好,2,tencent_ai_lab_chinese_embedding_light_mirror_mvp,0.50648483,0.53273511,0.46710941,追求,对象关系,0.36807728,2,3294
3295,动机,动机,2,tencent_ai_lab_chinese_embedding_light_mirror_mvp,0.50646447,0.51391149,0.49529395,亲密关系,对象关系,0.43495309,2,3295
3296,魂牵梦绕,魂牵梦绕,4,tencent_ai_lab_chinese_embedding_light_mirror_mvp,0.50645162,0.5307225,0.4700453,初恋,恋爱核心,0.43536505,2,3296
3297,灰姑娘,灰姑娘,3,tencent_ai_lab_chinese_embedding_light_mirror_mvp,0.50636324,0.51482493,0.4936707,求婚,婚恋,0.51074231,2,3297
3298,不堪回首,不堪回首,4,tencent_ai_lab_chinese_embedding_light_mirror_mvp,0.506352,0.52083331,0.48463002,初恋,恋爱历史,0.49329463,2,3298
3299,更爱,更爱,2,tencent_ai_lab_chinese_embedding_light_mirror_mvp,0.50632218,0.5076068,0.50439525,伴侣,对象关系,0.52444518,2,3299
3300,手足之情,手足之情,4,tencent_ai_lab_chinese_embedding_light_mirror_mvp,0.50628812,0.51250231,0.49696684,恋人,恋爱核心,0.48018771,2,3300
3301,挂念,挂念,2,tencent_ai_lab_chinese_embedding_light_mirror_mvp,0.50628538,0.51869482,0.48767123,恋人,恋爱核心,0.48035556,2,3301
3302,卧床,卧床,2,tencent_ai_lab_chinese_embedding_light_mirror_mvp,0.50627694,0.51744723,0.4895215,丈夫,婚恋,0.47358489,2,3302
3303,总以为,总以为,3,tencent_ai_lab_chinese_embedding_light_mirror_mvp,0.5062546,0.52176487,0.48298919,爱情,社会比较与人生进度,0.53629816,2,3303
3304,情感淡漠,情感淡漠,4,tencent_ai_lab_chinese_embedding_light_mirror_mvp,0.50623876,0.51900548,0.48708868,亲密关系,对象关系,0.42099899,2,3304
3305,从来,从来,2,tencent_ai_lab_chinese_embedding_light_mirror_mvp,0.50623192,0.51531702,0.49260426,追求,对象关系,0.49216443,2,3305
3306,抽烟,抽烟,2,tencent_ai_lab_chinese_embedding_light_mirror_mvp,0.50622562,0.51934487,0.48654675,接吻,校园恋爱,0.5133779,2,3306
3307,兄长,兄长,2,tencent_ai_lab_chinese_embedding_light_mirror_mvp,0.50620406,0.52398598,0.47953117,妻子,婚恋,0.47901112,2,3307
3308,调皮,调皮,2,tencent_ai_lab_chinese_embedding_light_mirror_mvp,0.50620298,0.51964283,0.48604321,同桌,校园恋爱,0.57708812,2,3308
3309,早读课,早读课,3,tencent_ai_lab_chinese_embedding_light_mirror_mvp,0.50619435,0.54603505,0.44643331,同桌,校园恋爱,0.55080748,2,3309
3310,应酬,应酬,2,tencent_ai_lab_chinese_embedding_light_mirror_mvp,0.50618892,0.51791829,0.48859486,约会,约会,0.51631975,2,3310
3311,没关系,没关系,3,tencent_ai_lab_chinese_embedding_light_mirror_mvp,0.50618773,0.51691002,0.49010429,女朋友,对象关系,0.49693096,2,3311
3312,女工,女工,2,tencent_ai_lab_chinese_embedding_light_mirror_mvp,0.50617409,0.52948433,0.47120872,丈夫,婚恋,0.42085308,2,3312
3313,阴暗面,阴暗面,3,tencent_ai_lab_chinese_embedding_light_mirror_mvp,0.50615965,0.53004551,0.47033086,亲密关系,恋爱核心,0.44731218,2,3313
3314,潮流,潮流,2,tencent_ai_lab_chinese_embedding_light_mirror_mvp,0.5061018,0.52392054,0.47937369,追求,社会比较与人生进度,0.53664863,2,3314
3315,另一方,另一方,3,tencent_ai_lab_chinese_embedding_light_mirror_mvp,0.50609683,0.51622987,0.49089727,伴侣,对象关系,0.49482164,2,3315
3316,走下去,走下去,3,tencent_ai_lab_chinese_embedding_light_mirror_mvp,0.5060697,0.51088953,0.49883994,爱情,恋爱核心,0.53376937,2,3316
3317,咱家,咱家,2,tencent_ai_lab_chinese_embedding_light_mirror_mvp,0.50604548,0.53487873,0.46279562,老婆,婚恋,0.45165122,2,3317
3318,相比,相比,2,tencent_ai_lab_chinese_embedding_light_mirror_mvp,0.50604166,0.52779663,0.47340921,同龄人,社会比较与人生进度,0.55918217,2,3318
3319,不可能,不可能,3,tencent_ai_lab_chinese_embedding_light_mirror_mvp,0.50602106,0.52355886,0.47971436,追求,对象关系,0.47850013,2,3319
3320,豁达,豁达,2,tencent_ai_lab_chinese_embedding_light_mirror_mvp,0.5059902,0.52360356,0.47957015,爱情,社会比较与人生进度,0.49248374,2,3320
3321,使你,使你,2,tencent_ai_lab_chinese_embedding_light_mirror_mvp,0.50597882,0.53138947,0.46786284,伴侣,对象关系,0.39752382,2,3321
3322,很穷,很穷,2,tencent_ai_lab_chinese_embedding_light_mirror_mvp,0.50596718,0.51448715,0.49318722,老婆,婚恋,0.50516522,2,3322
3323,猛料,猛料,2,tencent_ai_lab_chinese_embedding_light_mirror_mvp,0.50596552,0.5199461,0.48499465,恋情,恋爱历史,0.46574372,2,3323
3324,下订,下订,2,tencent_ai_lab_chinese_embedding_light_mirror_mvp,0.50595921,0.530572,0.46904004,订婚,婚恋,0.44688237,2,3324
3325,肚子疼,肚子疼,3,tencent_ai_lab_chinese_embedding_light_mirror_mvp,0.50594254,0.51309276,0.4952172,老婆,婚恋,0.44809929,2,3325
3326,生殖器,生殖器,3,tencent_ai_lab_chinese_embedding_light_mirror_mvp,0.50592595,0.53676939,0.4596608,接吻,亲密行为,0.47374597,2,3326
3327,男女性,男女性,3,tencent_ai_lab_chinese_embedding_light_mirror_mvp,0.50591394,0.52393889,0.4788765,伴侣,对象关系,0.45940778,2,3327
3328,孕期,孕期,2,tencent_ai_lab_chinese_embedding_light_mirror_mvp,0.50586842,0.51917297,0.48591161,老公,婚恋,0.48137838,2,3328
3329,妈蛋,妈蛋,2,tencent_ai_lab_chinese_embedding_light_mirror_mvp,0.50585181,0.51065373,0.49864891,男朋友,恋爱历史,0.47625017,2,3329
3330,死乞白赖,死乞白赖,4,tencent_ai_lab_chinese_embedding_light_mirror_mvp,0.50578679,0.51032579,0.49897829,前男友,恋爱历史,0.51011556,2,3330
3331,好感,好感,2,tencent_ai_lab_chinese_embedding_light_mirror_mvp,0.50577288,0.50633085,0.50493592,前任,对象关系,0.55095452,2,3331
3332,不在乎,不在乎,3,tencent_ai_lab_chinese_embedding_light_mirror_mvp,0.50572957,0.52589774,0.47547731,追求,对象关系,0.4842501,2,3332
3333,于是,于是,2,tencent_ai_lab_chinese_embedding_light_mirror_mvp,0.50572619,0.50767255,0.50280666,妻子,婚恋,0.50315285,2,3333
3334,男青年,男青年,3,tencent_ai_lab_chinese_embedding_light_mirror_mvp,0.50565025,0.51344514,0.49395791,女朋友,对象关系,0.53153431,2,3334
3335,来宾,来宾,2,tencent_ai_lab_chinese_embedding_light_mirror_mvp,0.50564228,0.53977007,0.45445061,婚礼,婚恋,0.40636519,2,3335
3336,骑马,骑马,2,tencent_ai_lab_chinese_embedding_light_mirror_mvp,0.50561912,0.54996216,0.43910456,散步,约会,0.50106859,2,3336
3337,可贵,可贵,2,tencent_ai_lab_chinese_embedding_light_mirror_mvp,0.5056057,0.52679533,0.47382125,追求,社会比较与人生进度,0.54536146,2,3337
3338,不分彼此,不分彼此,4,tencent_ai_lab_chinese_embedding_light_mirror_mvp,0.50560306,0.53842163,0.45637521,亲密,亲密行为,0.49812499,2,3338
3339,很喜欢,很喜欢,3,tencent_ai_lab_chinese_embedding_light_mirror_mvp,0.5055865,0.51411361,0.49279585,女朋友,表白与追求,0.54855621,2,3339
3340,婚检,婚检,2,tencent_ai_lab_chinese_embedding_light_mirror_mvp,0.50553901,0.52027404,0.48343647,结婚,婚恋,0.49680218,2,3340
3341,某校,某校,2,tencent_ai_lab_chinese_embedding_light_mirror_mvp,0.50548515,0.52458423,0.47683653,同桌,校园恋爱,0.58831882,2,3341
3342,坏话,坏话,2,tencent_ai_lab_chinese_embedding_light_mirror_mvp,0.50547498,0.51539016,0.49060223,前任,恋爱历史,0.50041622,2,3342
3343,自省,自省,2,tencent_ai_lab_chinese_embedding_light_mirror_mvp,0.50545144,0.53233123,0.46513176,亲密关系,表白与追求,0.44042763,2,3343
3344,比较忙,比较忙,3,tencent_ai_lab_chinese_embedding_light_mirror_mvp,0.50543402,0.51952887,0.48429176,老公,婚恋,0.47033417,2,3344
3345,三个人,三个人,3,tencent_ai_lab_chinese_embedding_light_mirror_mvp,0.50538591,0.51173639,0.49586019,情侣,对象关系,0.51368201,2,3345
3346,小流氓,小流氓,3,tencent_ai_lab_chinese_embedding_light_mirror_mvp,0.50537949,0.50820196,0.50114578,前男友,校园恋爱,0.54180348,2,3346
3347,上下级,上下级,3,tencent_ai_lab_chinese_embedding_light_mirror_mvp,0.50536287,0.52613175,0.47420955,亲密关系,亲密行为,0.45553121,2,3347
3348,挫折感,挫折感,3,tencent_ai_lab_chinese_embedding_light_mirror_mvp,0.50534127,0.53415835,0.46211565,亲密关系,恋爱核心,0.40676838,2,3348
3349,勃起,勃起,2,tencent_ai_lab_chinese_embedding_light_mirror_mvp,0.50529298,0.54056108,0.45239082,接吻,亲密行为,0.46807674,2,3349
3350,容忍,容忍,2,tencent_ai_lab_chinese_embedding_light_mirror_mvp,0.50526874,0.51971877,0.4835937,亲密关系,亲密行为,0.45052719,2,3350
3351,年纪轻轻,年纪轻轻,4,tencent_ai_lab_chinese_embedding_light_mirror_mvp,0.50525205,0.54634112,0.44361845,同龄人,社会比较与人生进度,0.46221346,2,3351
3352,不幸遭遇,不幸遭遇,4,tencent_ai_lab_chinese_embedding_light_mirror_mvp,0.50523783,0.52726215,0.47220135,妻子,婚恋,0.4472124,2,3352
3353,拉着,拉着,2,tencent_ai_lab_chinese_embedding_light_mirror_mvp,0.50523559,0.51344132,0.49292699,散步,约会,0.50799561,2,3353
3354,是的,是的,2,tencent_ai_lab_chinese_embedding_light_mirror_mvp,0.50519711,0.51159394,0.49560186,女朋友,对象关系,0.52899164,2,3354
3355,进步,进步,2,tencent_ai_lab_chinese_embedding_light_mirror_mvp,0.50518762,0.51154196,0.4956561,追求,社会比较与人生进度,0.59420681,2,3355
3356,欢迎仪式,欢迎仪式,4,tencent_ai_lab_chinese_embedding_light_mirror_mvp,0.50513881,0.53951049,0.4535813,婚礼,约会,0.39272749,2,3356
3357,办了,办了,2,tencent_ai_lab_chinese_embedding_light_mirror_mvp,0.50509995,0.51741779,0.4866232,婚礼,婚恋,0.52284896,2,3357
3358,怄气,怄气,2,tencent_ai_lab_chinese_embedding_light_mirror_mvp,0.50504891,0.50920486,0.49881497,老婆,婚恋,0.5200901,2,3358
3359,回校,回校,2,tencent_ai_lab_chinese_embedding_light_mirror_mvp,0.50503818,0.51721692,0.48677006,同桌,校园恋爱,0.59317946,2,3359
3360,调适,调适,2,tencent_ai_lab_chinese_embedding_light_mirror_mvp,0.50502406,0.53406787,0.46145836,亲密关系,亲密行为,0.40316969,2,3360
3361,长相,长相,2,tencent_ai_lab_chinese_embedding_light_mirror_mvp,0.50501646,0.51675379,0.48741046,同龄人,对象关系,0.50915802,2,3361
3362,此刻,此刻,2,tencent_ai_lab_chinese_embedding_light_mirror_mvp,0.50501348,0.50955021,0.49820837,拥抱,社会比较与人生进度,0.54481924,2,3362
3363,弟妹们,弟妹们,3,tencent_ai_lab_chinese_embedding_light_mirror_mvp,0.50500379,0.50946742,0.49830833,丈夫,婚恋,0.49978748,2,3363
3364,正因如此,正因如此,4,tencent_ai_lab_chinese_embedding_light_mirror_mvp,0.50499181,0.53808773,0.45534793,追求,社会比较与人生进度,0.46728066,2,3364
3365,沟通,沟通,2,tencent_ai_lab_chinese_embedding_light_mirror_mvp,0.50497383,0.52095228,0.48100615,亲密关系,亲密行为,0.52808112,2,3365
3366,会谈,会谈,2,tencent_ai_lab_chinese_embedding_light_mirror_mvp,0.5049351,0.52311146,0.47767055,约会,约会,0.49788508,2,3366
3367,回报,回报,2,tencent_ai_lab_chinese_embedding_light_mirror_mvp,0.50493273,0.52978623,0.46765247,追求,表白与追求,0.46649832,2,3367
3368,老朋友,老朋友,3,tencent_ai_lab_chinese_embedding_light_mirror_mvp,0.50493188,0.51602334,0.48829469,前任,对象关系,0.4955256,2,3368
3369,强奸犯,强奸犯,3,tencent_ai_lab_chinese_embedding_light_mirror_mvp,0.50492843,0.51683712,0.4870654,前男友,恋爱历史,0.51072073,2,3369
3370,泪奔,泪奔,2,tencent_ai_lab_chinese_embedding_light_mirror_mvp,0.50491201,0.51771808,0.4857029,告白,表白与追求,0.4967351,2,3370
3371,春天,春天,2,tencent_ai_lab_chinese_embedding_light_mirror_mvp,0.50490924,0.52653873,0.47246501,青春,社会比较与人生进度,0.46741337,2,3371
3372,亡故,亡故,2,tencent_ai_lab_chinese_embedding_light_mirror_mvp,0.50490903,0.50755328,0.50094265,订婚,婚恋,0.49343255,2,3372
3373,挫折,挫折,2,tencent_ai_lab_chinese_embedding_light_mirror_mvp,0.50490699,0.51512212,0.4895843,爱情,恋爱核心,0.50496137,2,3373
3374,甜甜的,甜甜的,3,tencent_ai_lab_chinese_embedding_light_mirror_mvp,0.50489756,0.52408075,0.47612277,初恋,表白与追求,0.48538655,2,3374
3375,一身,一身,2,tencent_ai_lab_chinese_embedding_light_mirror_mvp,0.50487739,0.53279984,0.46299371,校服,社会比较与人生进度,0.45410949,2,3375
3376,帮忙,帮忙,2,tencent_ai_lab_chinese_embedding_light_mirror_mvp,0.50487708,0.50788218,0.50036943,老婆,婚恋,0.52481663,2,3376
3377,迎接,迎接,2,tencent_ai_lab_chinese_embedding_light_mirror_mvp,0.50486497,0.5420785,0.44904467,拥抱,亲密行为,0.4470349,2,3377
3378,花车,花车,2,tencent_ai_lab_chinese_embedding_light_mirror_mvp,0.50482767,0.54693711,0.4416635,婚礼,婚恋,0.39158434,2,3378
3379,想过,想过,2,tencent_ai_lab_chinese_embedding_light_mirror_mvp,0.50481693,0.51313937,0.49233326,女朋友,对象关系,0.52973527,2,3379
3380,虚荣心,虚荣心,3,tencent_ai_lab_chinese_embedding_light_mirror_mvp,0.50478643,0.52132797,0.47997412,追求,表白与追求,0.49278468,2,3380
3381,对手,对手,2,tencent_ai_lab_chinese_embedding_light_mirror_mvp,0.50476015,0.55547774,0.42868376,落后,社会比较与人生进度,0.51980329,2,3381
3382,扳平,扳平,2,tencent_ai_lab_chinese_embedding_light_mirror_mvp,0.50475533,0.56049097,0.42115188,落后,社会比较与人生进度,0.47870359,2,3382
3383,相待,相待,2,tencent_ai_lab_chinese_embedding_light_mirror_mvp,0.50475471,0.51358682,0.49150655,恋人,亲密行为,0.53685451,2,3383
3384,爱憎分明,爱憎分明,4,tencent_ai_lab_chinese_embedding_light_mirror_mvp,0.50473614,0.51804632,0.48477086,爱情,表白与追求,0.50847554,2,3384
3385,前段时间,前段时间,4,tencent_ai_lab_chinese_embedding_light_mirror_mvp,0.50470884,0.50600958,0.50275773,前任,恋爱历史,0.51798975,2,3385
3386,看望,看望,2,tencent_ai_lab_chinese_embedding_light_mirror_mvp,0.50470468,0.5221014,0.47860959,妻子,婚恋,0.51668328,2,3386
3387,痞帅,痞帅,2,tencent_ai_lab_chinese_embedding_light_mirror_mvp,0.50469657,0.51783198,0.48499346,初恋,恋爱历史,0.48922062,2,3387
3388,错失,错失,2,tencent_ai_lab_chinese_embedding_light_mirror_mvp,0.50457321,0.53737998,0.45536307,落后,社会比较与人生进度,0.56724387,2,3388
3389,偏执,偏执,2,tencent_ai_lab_chinese_embedding_light_mirror_mvp,0.50455296,0.52836031,0.46884194,追求,社会比较与人生进度,0.50504649,2,3389
3390,合唱,合唱,2,tencent_ai_lab_chinese_embedding_light_mirror_mvp,0.50444916,0.51045877,0.49543476,告白,亲密行为,0.52261639,2,3390
3391,小气,小气,2,tencent_ai_lab_chinese_embedding_light_mirror_mvp,0.50444797,0.51541054,0.48800412,老婆,婚恋,0.47536096,2,3391
3392,阿水,阿水,2,tencent_ai_lab_chinese_embedding_light_mirror_mvp,0.50441898,0.51690871,0.48568439,女朋友,婚恋,0.4876948,2,3392
3393,散场,散场,2,tencent_ai_lab_chinese_embedding_light_mirror_mvp,0.50441211,0.52251017,0.47726503,青春,约会,0.5086838,2,3393
3394,老乡,老乡,2,tencent_ai_lab_chinese_embedding_light_mirror_mvp,0.50440357,0.50759429,0.49961749,妻子,婚恋,0.47924313,2,3394
3395,衷肠,衷肠,2,tencent_ai_lab_chinese_embedding_light_mirror_mvp,0.5042961,0.51172578,0.49315158,告白,表白与追求,0.4996081,2,3395
3396,开开心心,开开心心,4,tencent_ai_lab_chinese_embedding_light_mirror_mvp,0.50426815,0.51305974,0.49108076,女朋友,对象关系,0.50897276,2,3396
3397,咱俩,咱俩,2,tencent_ai_lab_chinese_embedding_light_mirror_mvp,0.50425735,0.51331663,0.49066842,老婆,对象关系,0.4591859,2,3397
3398,长痛不如短痛,长痛不如短痛,6,tencent_ai_lab_chinese_embedding_light_mirror_mvp,0.50425708,0.5082804,0.49822211,初恋,恋爱历史,0.55364192,2,3398
3399,一夫一妻,一夫一妻,4,tencent_ai_lab_chinese_embedding_light_mirror_mvp,0.50421575,0.50860202,0.49763635,结婚,婚恋,0.49504423,2,3399
3400,生活空间,生活空间,4,tencent_ai_lab_chinese_embedding_light_mirror_mvp,0.50415646,0.52005684,0.48030588,追求,亲密行为,0.41432092,2,3400
3401,下地干活,下地干活,4,tencent_ai_lab_chinese_embedding_light_mirror_mvp,0.50413947,0.50837684,0.49778342,老婆,婚恋,0.47805521,2,3401
3402,花开,花开,2,tencent_ai_lab_chinese_embedding_light_mirror_mvp,0.50413777,0.53002834,0.4653019,青春,恋爱核心,0.42635739,2,3402
3403,自闭,自闭,2,tencent_ai_lab_chinese_embedding_light_mirror_mvp,0.50410283,0.50949556,0.49601373,亲密关系,恋爱核心,0.43835261,2,3403
3404,小伙伴,小伙伴,3,tencent_ai_lab_chinese_embedding_light_mirror_mvp,0.50410044,0.50821698,0.49792564,女朋友,对象关系,0.51599908,2,3404
3405,十年后,十年后,3,tencent_ai_lab_chinese_embedding_light_mirror_mvp,0.50408746,0.51130247,0.49326494,初恋,社会比较与人生进度,0.55031139,2,3405
3406,日常生活,日常生活,4,tencent_ai_lab_chinese_embedding_light_mirror_mvp,0.50405544,0.51574993,0.4865137,亲密关系,亲密行为,0.46931985,2,3406
3407,完美,完美,2,tencent_ai_lab_chinese_embedding_light_mirror_mvp,0.50405172,0.53453052,0.45833352,追求,社会比较与人生进度,0.48590696,2,3407
3408,防闺蜜,防闺蜜,3,tencent_ai_lab_chinese_embedding_light_mirror_mvp,0.5040334,0.50952637,0.49579394,男朋友,恋爱历史,0.51837069,2,3408
3409,痛哭,痛哭,2,tencent_ai_lab_chinese_embedding_light_mirror_mvp,0.50403103,0.51704311,0.4845129,妻子,婚恋,0.50558972,2,3409
3410,取向,取向,2,tencent_ai_lab_chinese_embedding_light_mirror_mvp,0.50402923,0.53051472,0.46430099,追求,对象关系,0.40873742,2,3410
3411,绚烂,绚烂,2,tencent_ai_lab_chinese_embedding_light_mirror_mvp,0.504021,0.53442538,0.45841444,青春,社会比较与人生进度,0.46320167,2,3411
3412,运动量,运动量,3,tencent_ai_lab_chinese_embedding_light_mirror_mvp,0.50401962,0.55599314,0.42605934,散步,约会,0.46326727,2,3412
3413,着迷,着迷,2,tencent_ai_lab_chinese_embedding_light_mirror_mvp,0.50401332,0.51343244,0.48988464,追求,表白与追求,0.50494355,2,3413
3414,五十岁,五十岁,3,tencent_ai_lab_chinese_embedding_light_mirror_mvp,0.50400978,0.53302193,0.46049157,同龄人,社会比较与人生进度,0.45047966,2,3414
3415,活在,活在,2,tencent_ai_lab_chinese_embedding_light_mirror_mvp,0.50400878,0.51097858,0.49355409,爱情,恋爱核心,0.52069926,2,3415
3416,金毛,金毛,2,tencent_ai_lab_chinese_embedding_light_mirror_mvp,0.50400693,0.51308358,0.49039197,老婆,对象关系,0.42941272,2,3416
3417,致意,致意,2,tencent_ai_lab_chinese_embedding_light_mirror_mvp,0.50398549,0.52558404,0.47158766,拥抱,亲密行为,0.48820728,2,3417
3418,累了,累了,2,tencent_ai_lab_chinese_embedding_light_mirror_mvp,0.50395617,0.52871114,0.46682373,散步,约会,0.46651664,2,3418
3419,家产,家产,2,tencent_ai_lab_chinese_embedding_light_mirror_mvp,0.50394704,0.51069039,0.49383202,老婆,婚恋,0.52479941,2,3419
3420,出众,出众,2,tencent_ai_lab_chinese_embedding_light_mirror_mvp,0.50393773,0.52789772,0.46799776,同龄人,社会比较与人生进度,0.54776108,2,3420
3421,积极向上,积极向上,4,tencent_ai_lab_chinese_embedding_light_mirror_mvp,0.50392581,0.51621556,0.48549119,青春,社会比较与人生进度,0.5184294,2,3421
3422,新人,新人,2,tencent_ai_lab_chinese_embedding_light_mirror_mvp,0.50385427,0.5202226,0.47930178,婚礼,对象关系,0.492737,2,3422
3423,平衡,平衡,2,tencent_ai_lab_chinese_embedding_light_mirror_mvp,0.50384271,0.52944863,0.46543384,追求,亲密行为,0.38891673,2,3423
3424,围巾,围巾,2,tencent_ai_lab_chinese_embedding_light_mirror_mvp,0.5038361,0.54825652,0.43720546,校服,校园恋爱,0.43832079,2,3424
3425,没面子,没面子,3,tencent_ai_lab_chinese_embedding_light_mirror_mvp,0.50383264,0.51533413,0.4865804,老婆,婚恋,0.46400934,2,3425
3426,上位,上位,2,tencent_ai_lab_chinese_embedding_light_mirror_mvp,0.50381746,0.53145623,0.46235931,前任,亲密行为,0.45431736,2,3426
3427,事后,事后,2,tencent_ai_lab_chinese_embedding_light_mirror_mvp,0.50376853,0.50811553,0.49724802,妻子,婚恋,0.51591808,2,3427
3428,爆红,爆红,2,tencent_ai_lab_chinese_embedding_light_mirror_mvp,0.50376226,0.51681972,0.48417607,恋情,恋爱核心,0.48926157,2,3428
3429,乘凉,乘凉,2,tencent_ai_lab_chinese_embedding_light_mirror_mvp,0.50373243,0.56673723,0.40922523,散步,约会,0.44031149,2,3429
3430,人老珠黄,人老珠黄,4,tencent_ai_lab_chinese_embedding_light_mirror_mvp,0.50372306,0.50600034,0.50030714,单身,婚恋,0.49666551,2,3430
3431,吃吃喝喝,吃吃喝喝,4,tencent_ai_lab_chinese_embedding_light_mirror_mvp,0.50371453,0.51017565,0.49402285,约会,约会,0.55781543,2,3431
3432,全体同学,全体同学,4,tencent_ai_lab_chinese_embedding_light_mirror_mvp,0.50369177,0.52333826,0.47422203,同桌,校园恋爱,0.52916873,2,3432
3433,一起,一起,2,tencent_ai_lab_chinese_embedding_light_mirror_mvp,0.50368911,0.51394749,0.48830155,牵手,亲密行为,0.53009361,2,3433
3434,社群,社群,2,tencent_ai_lab_chinese_embedding_light_mirror_mvp,0.50365106,0.53143883,0.46196941,亲密关系,亲密行为,0.42664498,2,3434
3435,扎心,扎心,2,tencent_ai_lab_chinese_embedding_light_mirror_mvp,0.50361675,0.51266599,0.4900429,女朋友,对象关系,0.5061233,2,3435
3436,牵线,牵线,2,tencent_ai_lab_chinese_embedding_light_mirror_mvp,0.50360668,0.52192897,0.47612324,牵手,亲密行为,0.45117772,2,3436
3437,欠债,欠债,2,tencent_ai_lab_chinese_embedding_light_mirror_mvp,0.50358354,0.50945401,0.49477783,妻子,婚恋,0.53506756,2,3437
3438,抱负,抱负,2,tencent_ai_lab_chinese_embedding_light_mirror_mvp,0.50355583,0.53436732,0.4573386,追求,社会比较与人生进度,0.47703624,2,3438
3439,江边,江边,2,tencent_ai_lab_chinese_embedding_light_mirror_mvp,0.50351955,0.55629683,0.42435363,散步,约会,0.46432221,2,3439
3440,衣橱,衣橱,2,tencent_ai_lab_chinese_embedding_light_mirror_mvp,0.50350435,0.52908289,0.46513653,校服,校园恋爱,0.43096405,2,3440
3441,爬楼梯,爬楼梯,3,tencent_ai_lab_chinese_embedding_light_mirror_mvp,0.50349388,0.57129532,0.40179172,散步,约会,0.43269229,2,3441
3442,有前,有前,2,tencent_ai_lab_chinese_embedding_light_mirror_mvp,0.50349226,0.53103352,0.46218038,前任,恋爱历史,0.4798615,2,3442
3443,陌生,陌生,2,tencent_ai_lab_chinese_embedding_light_mirror_mvp,0.50348313,0.52545828,0.47052041,亲密,亲密行为,0.48719361,2,3443
3444,翔子,翔子,2,tencent_ai_lab_chinese_embedding_light_mirror_mvp,0.50347022,0.52187419,0.47586426,女朋友,婚恋,0.45095569,2,3444
3445,读研,读研,2,tencent_ai_lab_chinese_embedding_light_mirror_mvp,0.50346656,0.50380468,0.50295937,单身,单身与脱单,0.51535714,2,3445
3446,阿坤,阿坤,2,tencent_ai_lab_chinese_embedding_light_mirror_mvp,0.50346345,0.51117456,0.49189678,老婆,婚恋,0.47980493,2,3446
3447,花园,花园,2,tencent_ai_lab_chinese_embedding_light_mirror_mvp,0.50343795,0.55389285,0.42775559,散步,约会,0.4470906,2,3447
3448,人间,人间,2,tencent_ai_lab_chinese_embedding_light_mirror_mvp,0.5033981,0.51841438,0.48087367,爱情,恋爱核心,0.46105382,2,3448
3449,异国,异国,2,tencent_ai_lab_chinese_embedding_light_mirror_mvp,0.50337182,0.51566243,0.48493591,恋人,恋爱核心,0.51857919,2,3449
3450,刚上,刚上,2,tencent_ai_lab_chinese_embedding_light_mirror_mvp,0.50333925,0.51802719,0.48130736,同桌,校园恋爱,0.54583895,2,3450
3451,无微不至,无微不至,4,tencent_ai_lab_chinese_embedding_light_mirror_mvp,0.50330607,0.50965524,0.49378231,老公,对象关系,0.50315034,2,3451
3452,喇叭裤,喇叭裤,3,tencent_ai_lab_chinese_embedding_light_mirror_mvp,0.50328058,0.56035852,0.41766366,校服,校园恋爱,0.45861533,2,3452
3453,领导,领导,2,tencent_ai_lab_chinese_embedding_light_mirror_mvp,0.50327916,0.51593852,0.48429012,前任,婚恋,0.45488471,2,3453
3454,省吃俭用,省吃俭用,4,tencent_ai_lab_chinese_embedding_light_mirror_mvp,0.50325245,0.50727803,0.49721408,老婆,婚恋,0.51428485,2,3454
3455,安度晚年,安度晚年,4,tencent_ai_lab_chinese_embedding_light_mirror_mvp,0.50323678,0.5077405,0.49648121,结婚,婚恋,0.50027323,2,3455
3456,自我发展,自我发展,4,tencent_ai_lab_chinese_embedding_light_mirror_mvp,0.50322568,0.52271783,0.47398746,亲密关系,社会比较与人生进度,0.44338521,2,3456
3457,在生,在生,2,tencent_ai_lab_chinese_embedding_light_mirror_mvp,0.50322174,0.51058424,0.49217799,老公,婚恋,0.51543665,2,3457
3458,男装,男装,2,tencent_ai_lab_chinese_embedding_light_mirror_mvp,0.50321432,0.55330032,0.42808533,校服,校园恋爱,0.4056586,2,3458
3459,换尿布,换尿布,3,tencent_ai_lab_chinese_embedding_light_mirror_mvp,0.50321306,0.51513058,0.48533678,老公,婚恋,0.46247894,2,3459
3460,以前,以前,2,tencent_ai_lab_chinese_embedding_light_mirror_mvp,0.50319846,0.50768369,0.4964706,同龄人,社会比较与人生进度,0.58371598,2,3460
3461,早年,早年,2,tencent_ai_lab_chinese_embedding_light_mirror_mvp,0.50319688,0.52745384,0.46681145,同龄人,社会比较与人生进度,0.4794772,2,3461
3462,开诚布公,开诚布公,4,tencent_ai_lab_chinese_embedding_light_mirror_mvp,0.50319345,0.52986062,0.4631927,亲密关系,亲密行为,0.48248398,2,3462
3463,相互指责,相互指责,4,tencent_ai_lab_chinese_embedding_light_mirror_mvp,0.50318995,0.51983285,0.47822559,亲密关系,亲密行为,0.4762066,2,3463
3464,歌迷,歌迷,2,tencent_ai_lab_chinese_embedding_light_mirror_mvp,0.50317231,0.50854719,0.49511001,恋情,恋爱核心,0.49539512,2,3464
3465,那样,那样,2,tencent_ai_lab_chinese_embedding_light_mirror_mvp,0.50316831,0.51532567,0.48493227,追求,社会比较与人生进度,0.54002142,2,3465
3466,顶嘴,顶嘴,2,tencent_ai_lab_chinese_embedding_light_mirror_mvp,0.50315748,0.50841165,0.49527624,早恋,校园恋爱,0.50038636,2,3466
3467,啥事,啥事,2,tencent_ai_lab_chinese_embedding_light_mirror_mvp,0.50315374,0.51804543,0.48081622,老婆,婚恋,0.45649382,2,3467
3468,象牙塔,象牙塔,3,tencent_ai_lab_chinese_embedding_light_mirror_mvp,0.50314095,0.50522447,0.50001568,青春,社会比较与人生进度,0.54788309,2,3468
3469,感人肺腑,感人肺腑,4,tencent_ai_lab_chinese_embedding_light_mirror_mvp,0.50307026,0.51112628,0.49098623,爱情,恋爱核心,0.48610705,2,3469
3470,宠物,宠物,2,tencent_ai_lab_chinese_embedding_light_mirror_mvp,0.50305611,0.52187586,0.47482648,伴侣,对象关系,0.53100377,2,3470
3471,恣意,恣意,2,tencent_ai_lab_chinese_embedding_light_mirror_mvp,0.50304235,0.54417253,0.44134709,青春,社会比较与人生进度,0.49984363,2,3471
3472,活得,活得,2,tencent_ai_lab_chinese_embedding_light_mirror_mvp,0.50297658,0.50714749,0.49672022,单身,社会比较与人生进度,0.535079,2,3472
3473,杀夫,杀夫,2,tencent_ai_lab_chinese_embedding_light_mirror_mvp,0.50294461,0.52112341,0.47567642,丈夫,婚恋,0.47011137,2,3473
3474,一胎,一胎,2,tencent_ai_lab_chinese_embedding_light_mirror_mvp,0.50294459,0.51936686,0.47831118,结婚,婚恋,0.49431235,2,3474
3475,灿烂,灿烂,2,tencent_ai_lab_chinese_embedding_light_mirror_mvp,0.50291657,0.5297544,0.46265984,青春,社会比较与人生进度,0.47071201,2,3475
3476,亲娃,亲娃,2,tencent_ai_lab_chinese_embedding_light_mirror_mvp,0.502888,0.52447963,0.47050056,老婆,婚恋,0.433146,2,3476
3477,黑哥,黑哥,2,tencent_ai_lab_chinese_embedding_light_mirror_mvp,0.50288343,0.50961304,0.49278903,老婆,婚恋,0.42358762,2,3477
3478,买了,买了,2,tencent_ai_lab_chinese_embedding_light_mirror_mvp,0.50286771,0.50662065,0.49723831,女朋友,婚恋,0.49145335,2,3478
3479,相思,相思,2,tencent_ai_lab_chinese_embedding_light_mirror_mvp,0.50285389,0.50496846,0.49968204,爱情,恋爱核心,0.50346822,2,3479
3480,爆料,爆料,2,tencent_ai_lab_chinese_embedding_light_mirror_mvp,0.50283891,0.51461428,0.48517585,恋情,恋爱历史,0.4571985,2,3480
3481,聊得,聊得,2,tencent_ai_lab_chinese_embedding_light_mirror_mvp,0.50283153,0.50431895,0.5006004,同桌,约会,0.51212347,2,3481
3482,回家路上,回家路上,4,tencent_ai_lab_chinese_embedding_light_mirror_mvp,0.50282741,0.51025599,0.49168453,散步,约会,0.55869538,2,3482
3483,有过,有过,2,tencent_ai_lab_chinese_embedding_light_mirror_mvp,0.50281512,0.51174688,0.48941746,前任,亲密行为,0.54333067,2,3483
3484,独居,独居,2,tencent_ai_lab_chinese_embedding_light_mirror_mvp,0.50280182,0.52706188,0.46641174,单身,单身与脱单,0.45005661,2,3484
3485,逆袭,逆袭,2,tencent_ai_lab_chinese_embedding_light_mirror_mvp,0.50279253,0.53210557,0.45882297,脱单,社会比较与人生进度,0.51362264,2,3485
3486,志军,志军,2,tencent_ai_lab_chinese_embedding_light_mirror_mvp,0.50276259,0.5087688,0.49375328,妻子,婚恋,0.50076985,2,3486
3487,没错,没错,2,tencent_ai_lab_chinese_embedding_light_mirror_mvp,0.50276196,0.51936996,0.47784996,女朋友,对象关系,0.48738259,2,3487
3488,马路上,马路上,3,tencent_ai_lab_chinese_embedding_light_mirror_mvp,0.50275846,0.5389688,0.44844294,散步,约会,0.47867936,2,3488
3489,时装周,时装周,3,tencent_ai_lab_chinese_embedding_light_mirror_mvp,0.50275598,0.52708173,0.46626735,婚礼,社会比较与人生进度,0.40282568,2,3489
3490,真是,真是,2,tencent_ai_lab_chinese_embedding_light_mirror_mvp,0.50275196,0.51506758,0.48427853,老婆,婚恋,0.47513959,2,3490
3491,家庭治疗,家庭治疗,4,tencent_ai_lab_chinese_embedding_light_mirror_mvp,0.50271128,0.55364549,0.42630997,亲密关系,亲密行为,0.35200363,2,3491
3492,哭诉,哭诉,2,tencent_ai_lab_chinese_embedding_light_mirror_mvp,0.50270156,0.50638783,0.49717215,男朋友,婚恋,0.51691198,2,3492
3493,自杀未遂,自杀未遂,4,tencent_ai_lab_chinese_embedding_light_mirror_mvp,0.50269837,0.51228017,0.48832569,前男友,恋爱历史,0.5207898,2,3493
3494,病母,病母,2,tencent_ai_lab_chinese_embedding_light_mirror_mvp,0.50266924,0.51890969,0.47830856,丈夫,婚恋,0.40138823,2,3494
3495,作文课,作文课,3,tencent_ai_lab_chinese_embedding_light_mirror_mvp,0.50266056,0.53894567,0.44823289,同桌,校园恋爱,0.53704834,2,3495
3496,红娘,红娘,2,tencent_ai_lab_chinese_embedding_light_mirror_mvp,0.50264302,0.50496364,0.49916211,脱单,单身与脱单,0.53170544,2,3496
3497,一穿,一穿,2,tencent_ai_lab_chinese_embedding_light_mirror_mvp,0.50263515,0.56350321,0.41133305,校服,校园恋爱,0.4396351,2,3497
3498,来场,来场,2,tencent_ai_lab_chinese_embedding_light_mirror_mvp,0.50263351,0.51527393,0.48367289,约会,约会,0.5243969,2,3498
3499,好要,好要,2,tencent_ai_lab_chinese_embedding_light_mirror_mvp,0.50253284,0.50732917,0.49533835,约会,约会,0.51837939,2,3499
3500,解雇,解雇,2,tencent_ai_lab_chinese_embedding_light_mirror_mvp,0.50253093,0.54369795,0.4407804,前任,恋爱历史,0.43478709,2,3500
3501,考好,考好,2,tencent_ai_lab_chinese_embedding_light_mirror_mvp,0.50248296,0.52114505,0.47448984,早恋,校园恋爱,0.5368197,2,3501
3502,私欲,私欲,2,tencent_ai_lab_chinese_embedding_light_mirror_mvp,0.50246638,0.51337653,0.48610115,追求,恋爱核心,0.40168318,2,3502
3503,裤衩,裤衩,2,tencent_ai_lab_chinese_embedding_light_mirror_mvp,0.50244389,0.53731436,0.45013818,校服,校园恋爱,0.46221834,2,3503
3504,户外,户外,2,tencent_ai_lab_chinese_embedding_light_mirror_mvp,0.50244193,0.53030276,0.46065068,散步,约会,0.49252969,2,3504
3505,陪送,陪送,2,tencent_ai_lab_chinese_embedding_light_mirror_mvp,0.50244116,0.51020825,0.49079052,订婚,婚恋,0.52270168,2,3505
3506,师父,师父,2,tencent_ai_lab_chinese_embedding_light_mirror_mvp,0.50243071,0.51762855,0.47963396,老婆,婚恋,0.47997534,2,3506
3507,同行,同行,2,tencent_ai_lab_chinese_embedding_light_mirror_mvp,0.50242935,0.51057708,0.49020776,亲密,亲密行为,0.53966451,2,3507
3508,出国,出国,2,tencent_ai_lab_chinese_embedding_light_mirror_mvp,0.50242389,0.51012188,0.49087691,结婚,婚恋,0.52636492,2,3508
3509,上任,上任,2,tencent_ai_lab_chinese_embedding_light_mirror_mvp,0.50241375,0.56455159,0.40920699,前任,恋爱历史,0.35000163,2,3509
3510,他会,他会,2,tencent_ai_lab_chinese_embedding_light_mirror_mvp,0.50241076,0.50910807,0.49236479,女朋友,对象关系,0.52020609,2,3510
3511,比起,比起,2,tencent_ai_lab_chinese_embedding_light_mirror_mvp,0.50238765,0.52340943,0.470855,同龄人,社会比较与人生进度,0.55989659,2,3511
3512,童话故事,童话故事,4,tencent_ai_lab_chinese_embedding_light_mirror_mvp,0.50235686,0.51744223,0.47972882,爱情,恋爱核心,0.48732179,2,3512
3513,挣得,挣得,2,tencent_ai_lab_chinese_embedding_light_mirror_mvp,0.5023473,0.50896972,0.49241367,老婆,婚恋,0.4604032,2,3513
3514,神魂颠倒,神魂颠倒,4,tencent_ai_lab_chinese_embedding_light_mirror_mvp,0.50232359,0.51575375,0.48217836,初恋,恋爱核心,0.48940551,2,3514
3515,没吵,没吵,2,tencent_ai_lab_chinese_embedding_light_mirror_mvp,0.50231113,0.50782257,0.49404398,老公,婚恋,0.49814746,2,3515
3516,彷徨,彷徨,2,tencent_ai_lab_chinese_embedding_light_mirror_mvp,0.50230585,0.51091504,0.48939207,爱情,恋爱核心,0.48879552,2,3516
3517,听了,听了,2,tencent_ai_lab_chinese_embedding_light_mirror_mvp,0.50229928,0.51569188,0.4822104,老婆,婚恋,0.50326836,2,3517
3518,女家长,女家长,3,tencent_ai_lab_chinese_embedding_light_mirror_mvp,0.50225608,0.51774234,0.47902671,丈夫,校园恋爱,0.53224194,2,3518
3519,没领,没领,2,tencent_ai_lab_chinese_embedding_light_mirror_mvp,0.50225176,0.51322019,0.4857991,结婚,婚恋,0.50605583,2,3519
3520,惆怅,惆怅,2,tencent_ai_lab_chinese_embedding_light_mirror_mvp,0.50224093,0.51173711,0.48799667,青春,恋爱核心,0.47689989,2,3520
3521,风雨兼程,风雨兼程,4,tencent_ai_lab_chinese_embedding_light_mirror_mvp,0.5022369,0.5293622,0.46154895,青春,社会比较与人生进度,0.45054036,2,3521
3522,难堪,难堪,2,tencent_ai_lab_chinese_embedding_light_mirror_mvp,0.50222628,0.51292288,0.48618138,前任,恋爱历史,0.48889452,2,3522
3523,点钱,点钱,2,tencent_ai_lab_chinese_embedding_light_mirror_mvp,0.50221807,0.51360548,0.48513696,老婆,婚恋,0.4695245,2,3523
3524,冷战,冷战,2,tencent_ai_lab_chinese_embedding_light_mirror_mvp,0.5021023,0.50959384,0.49086499,恋人,恋爱核心,0.49148399,2,3524
3525,下棋,下棋,2,tencent_ai_lab_chinese_embedding_light_mirror_mvp,0.5020983,0.54714358,0.43453038,散步,约会,0.48367307,2,3525
3526,并肩作战,并肩作战,4,tencent_ai_lab_chinese_embedding_light_mirror_mvp,0.5020974,0.51945579,0.47605982,亲密,亲密行为,0.53269982,2,3526
3527,耍酒疯,耍酒疯,3,tencent_ai_lab_chinese_embedding_light_mirror_mvp,0.5020784,0.5087018,0.4921433,老婆,婚恋,0.46800798,2,3527
3528,惬意,惬意,2,tencent_ai_lab_chinese_embedding_light_mirror_mvp,0.50206074,0.53086889,0.45884851,散步,约会,0.46644384,2,3528
3529,豪哥,豪哥,2,tencent_ai_lab_chinese_embedding_light_mirror_mvp,0.50204022,0.51328915,0.48516682,老婆,婚恋,0.44633734,2,3529
3530,走走停停,走走停停,4,tencent_ai_lab_chinese_embedding_light_mirror_mvp,0.50201924,0.54553205,0.43675002,散步,约会,0.47747701,2,3530
3531,恐惧,恐惧,2,tencent_ai_lab_chinese_embedding_light_mirror_mvp,0.50200343,0.52370137,0.46945652,亲密关系,亲密行为,0.47990537,2,3531
3532,放荡,放荡,2,tencent_ai_lab_chinese_embedding_light_mirror_mvp,0.50197653,0.50938094,0.49086991,暗恋,恋爱核心,0.52001917,2,3532
3533,沧桑,沧桑,2,tencent_ai_lab_chinese_embedding_light_mirror_mvp,0.5019756,0.53255165,0.45611152,青春,社会比较与人生进度,0.5140934,2,3533
3534,无畏,无畏,2,tencent_ai_lab_chinese_embedding_light_mirror_mvp,0.50196955,0.53167641,0.45740926,青春,社会比较与人生进度,0.48130569,2,3534
3535,谈话,谈话,2,tencent_ai_lab_chinese_embedding_light_mirror_mvp,0.50195903,0.51415122,0.48367074,约会,约会,0.50844663,2,3535
3536,脚踏实地,脚踏实地,4,tencent_ai_lab_chinese_embedding_light_mirror_mvp,0.50195459,0.52970994,0.46032158,追求,社会比较与人生进度,0.47624901,2,3536
3537,背债,背债,2,tencent_ai_lab_chinese_embedding_light_mirror_mvp,0.50194633,0.51765549,0.47838259,结婚,婚恋,0.50435042,2,3537
3538,婚姻法,婚姻法,3,tencent_ai_lab_chinese_embedding_light_mirror_mvp,0.50193707,0.5243029,0.46838832,结婚,婚恋,0.48788616,2,3538
3539,还债,还债,2,tencent_ai_lab_chinese_embedding_light_mirror_mvp,0.50193111,0.50841916,0.49219903,妻子,婚恋,0.54002821,2,3539
3540,搞怪,搞怪,2,tencent_ai_lab_chinese_embedding_light_mirror_mvp,0.50191588,0.51606011,0.48069954,亲密,亲密行为,0.4812814,2,3540
3541,人选,人选,2,tencent_ai_lab_chinese_embedding_light_mirror_mvp,0.50187503,0.52302092,0.47015619,前任,对象关系,0.40683115,2,3541
3542,雌性,雌性,2,tencent_ai_lab_chinese_embedding_light_mirror_mvp,0.50186151,0.53499496,0.45216134,伴侣,对象关系,0.46309543,2,3542
3543,丽萨,丽萨,2,tencent_ai_lab_chinese_embedding_light_mirror_mvp,0.50185183,0.51161706,0.48720399,丈夫,婚恋,0.52363348,2,3543
3544,讲究,讲究,2,tencent_ai_lab_chinese_embedding_light_mirror_mvp,0.50182451,0.55957997,0.41519132,追求,社会比较与人生进度,0.34160835,2,3544
3545,相合,相合,2,tencent_ai_lab_chinese_embedding_light_mirror_mvp,0.50180283,0.53567314,0.45099735,伴侣,对象关系,0.42585048,2,3545
3546,他发,他发,2,tencent_ai_lab_chinese_embedding_light_mirror_mvp,0.50178285,0.50639123,0.49487028,女朋友,恋爱历史,0.4773151,2,3546
3547,开局,开局,2,tencent_ai_lab_chinese_embedding_light_mirror_mvp,0.5017481,0.56175339,0.41174015,落后,社会比较与人生进度,0.46756572,2,3547
3548,富有,富有,2,tencent_ai_lab_chinese_embedding_light_mirror_mvp,0.50171111,0.54816848,0.43202505,追求,社会比较与人生进度,0.4850803,2,3548
3549,负债累累,负债累累,4,tencent_ai_lab_chinese_embedding_light_mirror_mvp,0.50170555,0.50720793,0.49345198,妻子,婚恋,0.51633751,2,3549
3550,真帅,真帅,2,tencent_ai_lab_chinese_embedding_light_mirror_mvp,0.50170474,0.51172477,0.4866747,女朋友,校园恋爱,0.49146205,2,3550
3551,忘我,忘我,2,tencent_ai_lab_chinese_embedding_light_mirror_mvp,0.50169591,0.52019417,0.47394851,追求,亲密行为,0.47536162,2,3551
3552,而去,而去,2,tencent_ai_lab_chinese_embedding_light_mirror_mvp,0.50168895,0.52780771,0.46251079,追求,社会比较与人生进度,0.44719657,2,3552
3553,故乡,故乡,2,tencent_ai_lab_chinese_embedding_light_mirror_mvp,0.50168812,0.50669134,0.4941833,初恋,恋爱核心,0.46836597,2,3553
3554,悲痛,悲痛,2,tencent_ai_lab_chinese_embedding_light_mirror_mvp,0.50167605,0.52036726,0.47363922,妻子,婚恋,0.46745297,2,3554
3555,当做,当做,2,tencent_ai_lab_chinese_embedding_light_mirror_mvp,0.50167197,0.52760863,0.46276698,对象,对象关系,0.48260987,2,3555
3556,忍耐,忍耐,2,tencent_ai_lab_chinese_embedding_light_mirror_mvp,0.50164237,0.50903898,0.49054745,亲密关系,亲密行为,0.46868601,2,3556
3557,学识,学识,2,tencent_ai_lab_chinese_embedding_light_mirror_mvp,0.50164074,0.51718044,0.47833118,同龄人,社会比较与人生进度,0.4952727,2,3557
3558,同村,同村,2,tencent_ai_lab_chinese_embedding_light_mirror_mvp,0.50161994,0.50715655,0.49331501,丈夫,婚恋,0.50270134,2,3558
3559,云淡风轻,云淡风轻,4,tencent_ai_lab_chinese_embedding_light_mirror_mvp,0.50161146,0.51019955,0.48872933,爱情,恋爱核心,0.51497006,2,3559
3560,课后,课后,2,tencent_ai_lab_chinese_embedding_light_mirror_mvp,0.50161104,0.53547961,0.4508082,同桌,校园恋爱,0.54175091,2,3560
3561,感人,感人,2,tencent_ai_lab_chinese_embedding_light_mirror_mvp,0.50160133,0.51519465,0.48121133,告白,表白与追求,0.48449603,2,3561
3562,初中部,初中部,3,tencent_ai_lab_chinese_embedding_light_mirror_mvp,0.50159088,0.51786375,0.47718158,校服,校园恋爱,0.58874452,2,3562
3563,痛苦,痛苦,2,tencent_ai_lab_chinese_embedding_light_mirror_mvp,0.50157181,0.5042125,0.49761078,爱情,恋爱核心,0.51540792,2,3563
3564,优雅,优雅,2,tencent_ai_lab_chinese_embedding_light_mirror_mvp,0.50144898,0.51839423,0.47603109,青春,社会比较与人生进度,0.51555145,2,3564
3565,忽冷忽热,忽冷忽热,4,tencent_ai_lab_chinese_embedding_light_mirror_mvp,0.50144696,0.51234984,0.48509264,恋人,恋爱核心,0.52584207,2,3565
3566,气质,气质,2,tencent_ai_lab_chinese_embedding_light_mirror_mvp,0.50144441,0.51639378,0.47902036,青春,社会比较与人生进度,0.55303544,2,3566
3567,性冷淡,性冷淡,3,tencent_ai_lab_chinese_embedding_light_mirror_mvp,0.50144154,0.51105249,0.48702511,恋爱,对象关系,0.5084129,2,3567
3568,倾吐,倾吐,2,tencent_ai_lab_chinese_embedding_light_mirror_mvp,0.50143682,0.50439453,0.49700025,告白,表白与追求,0.52380574,2,3568
3569,开朗,开朗,2,tencent_ai_lab_chinese_embedding_light_mirror_mvp,0.5014282,0.51230824,0.48510814,同龄人,恋爱核心,0.50161004,2,3569
3570,不仅仅,不仅仅,3,tencent_ai_lab_chinese_embedding_light_mirror_mvp,0.50142554,0.53406602,0.45246482,追求,社会比较与人生进度,0.45635185,2,3570
3571,好意思,好意思,3,tencent_ai_lab_chinese_embedding_light_mirror_mvp,0.50141976,0.50740856,0.49243656,老婆,婚恋,0.46076545,2,3571
3572,告别仪式,告别仪式,4,tencent_ai_lab_chinese_embedding_light_mirror_mvp,0.50137155,0.53666979,0.44842419,婚礼,婚恋,0.39420301,2,3572
3573,颁奖礼,颁奖礼,3,tencent_ai_lab_chinese_embedding_light_mirror_mvp,0.50136484,0.51961237,0.47399354,婚礼,婚恋,0.46350029,2,3573
3574,怀里,怀里,2,tencent_ai_lab_chinese_embedding_light_mirror_mvp,0.50134286,0.51339018,0.48327187,拥抱,亲密行为,0.50400221,2,3574
3575,难为情,难为情,3,tencent_ai_lab_chinese_embedding_light_mirror_mvp,0.50132742,0.51331139,0.48335147,第一次约会,婚恋,0.47531372,2,3575
3576,尽孝,尽孝,2,tencent_ai_lab_chinese_embedding_light_mirror_mvp,0.50131102,0.50771761,0.49170113,妻子,婚恋,0.51094031,2,3576
3577,八十多岁,八十多岁,4,tencent_ai_lab_chinese_embedding_light_mirror_mvp,0.50129004,0.51369041,0.48268947,妻子,婚恋,0.44762862,2,3577
3578,享福,享福,2,tencent_ai_lab_chinese_embedding_light_mirror_mvp,0.50127378,0.50672746,0.49309325,老婆,婚恋,0.50726652,2,3578
3579,出演,出演,2,tencent_ai_lab_chinese_embedding_light_mirror_mvp,0.5012552,0.5269531,0.46270835,恋情,恋爱核心,0.47778946,2,3579
3580,总笑,总笑,2,tencent_ai_lab_chinese_embedding_light_mirror_mvp,0.50122067,0.52285635,0.46876714,同桌,校园恋爱,0.47207636,2,3580
3581,任何事情,任何事情,4,tencent_ai_lab_chinese_embedding_light_mirror_mvp,0.50121918,0.51464295,0.48108351,亲密关系,对象关系,0.45973462,2,3581
3582,休学,休学,2,tencent_ai_lab_chinese_embedding_light_mirror_mvp,0.50119185,0.52028537,0.47255158,早恋,校园恋爱,0.4819057,2,3582
3583,冷暖自知,冷暖自知,4,tencent_ai_lab_chinese_embedding_light_mirror_mvp,0.5011669,0.51704192,0.47735438,爱情,恋爱核心,0.51374453,2,3583
3584,值日,值日,2,tencent_ai_lab_chinese_embedding_light_mirror_mvp,0.50115303,0.55187416,0.42507133,同桌,校园恋爱,0.52445114,2,3584
3585,高妹,高妹,2,tencent_ai_lab_chinese_embedding_light_mirror_mvp,0.50113438,0.50476539,0.49568787,单身,单身与脱单,0.52162695,2,3585
3586,其他,其他,2,tencent_ai_lab_chinese_embedding_light_mirror_mvp,0.50110941,0.52241373,0.46915293,对象,社会比较与人生进度,0.50156808,2,3586
3587,献唱,献唱,2,tencent_ai_lab_chinese_embedding_light_mirror_mvp,0.50103935,0.50690567,0.49223986,求婚,婚恋,0.45714551,2,3587
3588,沉醉于,沉醉于,3,tencent_ai_lab_chinese_embedding_light_mirror_mvp,0.50103436,0.52750725,0.46132502,追求,社会比较与人生进度,0.47499281,2,3588
3589,发火,发火,2,tencent_ai_lab_chinese_embedding_light_mirror_mvp,0.5010179,0.50772315,0.49096003,老婆,婚恋,0.49112493,2,3589
3590,至于,至于,2,tencent_ai_lab_chinese_embedding_light_mirror_mvp,0.50096723,0.51230943,0.48395392,追求,对象关系,0.45843214,2,3590
3591,停滞不前,停滞不前,4,tencent_ai_lab_chinese_embedding_light_mirror_mvp,0.50096339,0.5210169,0.47088313,落后,社会比较与人生进度,0.52953982,2,3591
3592,一袭,一袭,2,tencent_ai_lab_chinese_embedding_light_mirror_mvp,0.50094811,0.52954555,0.45805195,校服,社会比较与人生进度,0.39466077,2,3592
3593,单方面,单方面,3,tencent_ai_lab_chinese_embedding_light_mirror_mvp,0.50094154,0.51517206,0.47959575,亲密关系,亲密行为,0.51330054,2,3593
3594,心理咨询,心理咨询,4,tencent_ai_lab_chinese_embedding_light_mirror_mvp,0.50091634,0.53216434,0.45404434,亲密关系,恋爱核心,0.38707995,2,3594
3595,喝水,喝水,2,tencent_ai_lab_chinese_embedding_light_mirror_mvp,0.50089883,0.52267051,0.4682413,散步,约会,0.50991607,2,3595
3596,刻意,刻意,2,tencent_ai_lab_chinese_embedding_light_mirror_mvp,0.50089811,0.52197814,0.46927807,追求,亲密行为,0.47557235,2,3596
3597,言情,言情,2,tencent_ai_lab_chinese_embedding_light_mirror_mvp,0.50087873,0.51734203,0.47618377,爱情,恋爱核心,0.48997581,2,3597
3598,一同,一同,2,tencent_ai_lab_chinese_embedding_light_mirror_mvp,0.50087501,0.51212072,0.48400643,亲密,亲密行为,0.51239407,2,3598
3599,正常人,正常人,3,tencent_ai_lab_chinese_embedding_light_mirror_mvp,0.50085651,0.53279328,0.45295134,同龄人,社会比较与人生进度,0.45384434,2,3599
3600,依靠,依靠,2,tencent_ai_lab_chinese_embedding_light_mirror_mvp,0.50085014,0.52696252,0.46168157,落后,社会比较与人生进度,0.46032381,2,3600
3601,好散,好散,2,tencent_ai_lab_chinese_embedding_light_mirror_mvp,0.50084708,0.50385654,0.49633288,结婚,恋爱核心,0.53079826,2,3601
3602,勇敢地,勇敢地,3,tencent_ai_lab_chinese_embedding_light_mirror_mvp,0.50084668,0.50661486,0.49219441,拥抱,表白与追求,0.5268414,2,3602
3603,情仇,情仇,2,tencent_ai_lab_chinese_embedding_light_mirror_mvp,0.50084528,0.5148555,0.47982994,爱情,恋爱核心,0.50810003,2,3603
3604,敌意,敌意,2,tencent_ai_lab_chinese_embedding_light_mirror_mvp,0.500843,0.51968557,0.47257915,亲密关系,亲密行为,0.49898642,2,3604
3605,坚持不懈,坚持不懈,4,tencent_ai_lab_chinese_embedding_light_mirror_mvp,0.50083709,0.54684138,0.43183064,追求,表白与追求,0.47228533,2,3605
3606,青年人,青年人,3,tencent_ai_lab_chinese_embedding_light_mirror_mvp,0.50080606,0.53274989,0.45289031,同龄人,社会比较与人生进度,0.53579235,2,3606
3607,还给,还给,2,tencent_ai_lab_chinese_embedding_light_mirror_mvp,0.50080153,0.50967789,0.48748699,老婆,婚恋,0.4952113,2,3607
3608,再办,再办,2,tencent_ai_lab_chinese_embedding_light_mirror_mvp,0.50078994,0.50936913,0.48792115,婚礼,婚恋,0.46629006,2,3608
3609,现实问题,现实问题,4,tencent_ai_lab_chinese_embedding_light_mirror_mvp,0.50077132,0.51417375,0.48066768,亲密关系,对象关系,0.48621553,2,3609
3610,小然,小然,2,tencent_ai_lab_chinese_embedding_light_mirror_mvp,0.50076395,0.50951672,0.48763481,女朋友,校园恋爱,0.48160994,2,3610
3611,也许是,也许是,3,tencent_ai_lab_chinese_embedding_light_mirror_mvp,0.5007471,0.50298822,0.49738541,恋人,对象关系,0.53777176,2,3611
3612,仙女们,仙女们,3,tencent_ai_lab_chinese_embedding_light_mirror_mvp,0.50069832,0.51391602,0.48087177,脱单,单身与脱单,0.49642697,2,3612
3613,几万块,几万块,3,tencent_ai_lab_chinese_embedding_light_mirror_mvp,0.50069405,0.50343275,0.49658599,老公,婚恋,0.47774151,2,3613
3614,但他,但他,2,tencent_ai_lab_chinese_embedding_light_mirror_mvp,0.50068842,0.5151279,0.47902921,妻子,社会比较与人生进度,0.55287653,2,3614
3615,听音乐,听音乐,3,tencent_ai_lab_chinese_embedding_light_mirror_mvp,0.50068839,0.53966653,0.44222116,散步,约会,0.51393807,2,3615
3616,上吊自杀,上吊自杀,4,tencent_ai_lab_chinese_embedding_light_mirror_mvp,0.50068761,0.51308084,0.48209777,妻子,婚恋,0.49369067,2,3616
3617,校门,校门,2,tencent_ai_lab_chinese_embedding_light_mirror_mvp,0.50067914,0.52341282,0.4665786,校服,校园恋爱,0.57566261,2,3617
3618,落伍,落伍,2,tencent_ai_lab_chinese_embedding_light_mirror_mvp,0.50066329,0.521613,0.46923873,落后,社会比较与人生进度,0.60102421,2,3618
3619,尼坤,尼坤,2,tencent_ai_lab_chinese_embedding_light_mirror_mvp,0.50064557,0.5113073,0.48465297,前女友,恋爱历史,0.47435969,2,3619
3620,拍摄结束后,拍摄结束后,5,tencent_ai_lab_chinese_embedding_light_mirror_mvp,0.50059439,0.50453496,0.49468353,情侣,约会,0.50821072,2,3620
3621,回家吧,回家吧,3,tencent_ai_lab_chinese_embedding_light_mirror_mvp,0.50057858,0.50702393,0.49091056,老婆,婚恋,0.49378672,2,3621
3622,社会地位,社会地位,4,tencent_ai_lab_chinese_embedding_light_mirror_mvp,0.5005491,0.50587761,0.49255633,亲密关系,对象关系,0.43258017,2,3622
3623,大多数人,大多数人,4,tencent_ai_lab_chinese_embedding_light_mirror_mvp,0.50054711,0.51715779,0.47563109,追求,社会比较与人生进度,0.52957582,2,3623
3624,圣诞节,圣诞节,3,tencent_ai_lab_chinese_embedding_light_mirror_mvp,0.50053321,0.50372708,0.49574241,约会,约会,0.49513268,2,3624
3625,半夜,半夜,2,tencent_ai_lab_chinese_embedding_light_mirror_mvp,0.5005268,0.51114213,0.48460379,老婆,约会,0.4997561,2,3625
3626,献身,献身,2,tencent_ai_lab_chinese_embedding_light_mirror_mvp,0.50050246,0.5160265,0.47721639,追求,表白与追求,0.53784138,2,3626
3627,附中,附中,2,tencent_ai_lab_chinese_embedding_light_mirror_mvp,0.50050199,0.52115881,0.46951675,校服,校园恋爱,0.57928765,2,3627
3628,叫他,叫他,2,tencent_ai_lab_chinese_embedding_light_mirror_mvp,0.5005005,0.51288223,0.4819279,老婆,婚恋,0.44797596,2,3628
3629,杰爸,杰爸,2,tencent_ai_lab_chinese_embedding_light_mirror_mvp,0.50046682,0.51873708,0.47306144,老公,婚恋,0.47324064,2,3629
3630,粉色,粉色,2,tencent_ai_lab_chinese_embedding_light_mirror_mvp,0.50045408,0.52164996,0.46866027,校服,校园恋爱,0.45313123,2,3630
3631,趋向,趋向,2,tencent_ai_lab_chinese_embedding_light_mirror_mvp,0.50043927,0.5408057,0.43988964,追求,社会比较与人生进度,0.3874701,2,3631
3632,口臭,口臭,2,tencent_ai_lab_chinese_embedding_light_mirror_mvp,0.50043838,0.53345597,0.450912,接吻,亲密行为,0.43637341,2,3632
3633,气死,气死,2,tencent_ai_lab_chinese_embedding_light_mirror_mvp,0.50043584,0.51895022,0.47266427,老婆,恋爱历史,0.44828916,2,3633
3634,很配,很配,2,tencent_ai_lab_chinese_embedding_light_mirror_mvp,0.50043509,0.51196092,0.48314634,情侣,对象关系,0.51243639,2,3634
3635,如果,如果,2,tencent_ai_lab_chinese_embedding_light_mirror_mvp,0.50043428,0.50782311,0.48935103,伴侣,对象关系,0.51074708,2,3635
3636,幽默感,幽默感,3,tencent_ai_lab_chinese_embedding_light_mirror_mvp,0.50041581,0.50785553,0.48925623,亲密关系,恋爱核心,0.49686331,2,3636
3637,自信,自信,2,tencent_ai_lab_chinese_embedding_light_mirror_mvp,0.50040967,0.50742733,0.48988318,追求,社会比较与人生进度,0.59641141,2,3637
3638,比较落后,比较落后,4,tencent_ai_lab_chinese_embedding_light_mirror_mvp,0.50034511,0.56963861,0.39640486,落后,社会比较与人生进度,0.48131579,2,3638
3639,桌子,桌子,2,tencent_ai_lab_chinese_embedding_light_mirror_mvp,0.50033191,0.52822614,0.45849058,同桌,校园恋爱,0.42901367,2,3639
3640,庆祝,庆祝,2,tencent_ai_lab_chinese_embedding_light_mirror_mvp,0.50032119,0.50551593,0.49252906,拥抱,亲密行为,0.49513549,2,3640
3641,顺从,顺从,2,tencent_ai_lab_chinese_embedding_light_mirror_mvp,0.50031683,0.5079326,0.48889318,伴侣,亲密行为,0.49578351,2,3641
3642,想说,想说,2,tencent_ai_lab_chinese_embedding_light_mirror_mvp,0.50031227,0.50976813,0.48612848,女朋友,表白与追求,0.51671398,2,3642
3643,职位,职位,2,tencent_ai_lab_chinese_embedding_light_mirror_mvp,0.50030217,0.54178637,0.43807587,前任,对象关系,0.33686519,2,3643
3644,颁奖典礼,颁奖典礼,4,tencent_ai_lab_chinese_embedding_light_mirror_mvp,0.50027169,0.52078277,0.46950507,婚礼,婚恋,0.45999321,2,3644
3645,过心,过心,2,tencent_ai_lab_chinese_embedding_light_mirror_mvp,0.50023452,0.51409912,0.47943762,恋爱,恋爱核心,0.49125278,2,3645
3646,老头,老头,2,tencent_ai_lab_chinese_embedding_light_mirror_mvp,0.50021678,0.51309556,0.48089862,老婆,婚恋,0.45203024,2,3646
3647,蹦蹦跳跳,蹦蹦跳跳,4,tencent_ai_lab_chinese_embedding_light_mirror_mvp,0.500211,0.54440188,0.43392467,散步,约会,0.47922853,2,3647
3648,寻找,寻找,2,tencent_ai_lab_chinese_embedding_light_mirror_mvp,0.50020101,0.5082714,0.48809543,对象,对象关系,0.44004035,2,3648
3649,喝杯,喝杯,2,tencent_ai_lab_chinese_embedding_light_mirror_mvp,0.50019296,0.52865136,0.45750538,散步,约会,0.53890806,2,3649
3650,嫖妓,嫖妓,2,tencent_ai_lab_chinese_embedding_light_mirror_mvp,0.50018498,0.51018232,0.48518896,老婆,约会,0.49434984,2,3650
3651,老是,老是,2,tencent_ai_lab_chinese_embedding_light_mirror_mvp,0.50015059,0.50743008,0.48923135,女朋友,对象关系,0.49633735,2,3651
3652,本科毕业,本科毕业,4,tencent_ai_lab_chinese_embedding_light_mirror_mvp,0.50014446,0.51123863,0.48350319,结婚,社会比较与人生进度,0.44050536,2,3652
3653,菅纫姿,菅纫姿,3,tencent_ai_lab_chinese_embedding_light_mirror_mvp,0.50013072,0.51725066,0.47445083,恋情,恋爱核心,0.50666368,2,3653
3654,气坏,气坏,2,tencent_ai_lab_chinese_embedding_light_mirror_mvp,0.50013046,0.52661473,0.46040407,老婆,婚恋,0.44702923,2,3654
3655,极简,极简,2,tencent_ai_lab_chinese_embedding_light_mirror_mvp,0.50007803,0.54399049,0.43420935,追求,表白与追求,0.38991129,2,3655
3656,情色,情色,2,tencent_ai_lab_chinese_embedding_light_mirror_mvp,0.50007654,0.50896877,0.4867382,接吻,亲密行为,0.47959265,2,3656
3657,在台,在台,2,tencent_ai_lab_chinese_embedding_light_mirror_mvp,0.50005778,0.5192852,0.47121665,婚礼,亲密行为,0.46627748,2,3657
3658,说完,说完,2,tencent_ai_lab_chinese_embedding_light_mirror_mvp,0.50005648,0.51227987,0.4817214,女朋友,婚恋,0.47472793,2,3658
3659,母性,母性,2,tencent_ai_lab_chinese_embedding_light_mirror_mvp,0.50004412,0.50853622,0.48730597,爱情,恋爱核心,0.47487399,2,3659
3660,情真意切,情真意切,4,tencent_ai_lab_chinese_embedding_light_mirror_mvp,0.50003214,0.50945425,0.48589897,告白,表白与追求,0.49365708,2,3660
3661,成人,成人,2,tencent_ai_lab_chinese_embedding_light_mirror_mvp,0.50002253,0.52618539,0.46077824,同龄人,社会比较与人生进度,0.48573738,2,3661
3662,买个,买个,2,tencent_ai_lab_chinese_embedding_light_mirror_mvp,0.49998345,0.51210117,0.48180687,老婆,婚恋,0.44615653,2,3662
3663,初见,初见,2,tencent_ai_lab_chinese_embedding_light_mirror_mvp,0.49996729,0.51953125,0.47062135,初恋,亲密行为,0.4687832,2,3663
3664,一天,一天,2,tencent_ai_lab_chinese_embedding_light_mirror_mvp,0.49993111,0.51493013,0.47743258,散步,约会,0.4995566,2,3664
3665,帽子,帽子,2,tencent_ai_lab_chinese_embedding_light_mirror_mvp,0.49988333,0.54250711,0.43594766,校服,校园恋爱,0.4456557,2,3665
3666,观众们,观众们,3,tencent_ai_lab_chinese_embedding_light_mirror_mvp,0.4998302,0.50819534,0.48728248,恋情,恋爱核心,0.49248308,2,3666
3667,迷奸,迷奸,2,tencent_ai_lab_chinese_embedding_light_mirror_mvp,0.49980769,0.5112803,0.48259878,前男友,恋爱历史,0.49252391,2,3667
3668,新生代,新生代,3,tencent_ai_lab_chinese_embedding_light_mirror_mvp,0.49980751,0.53254795,0.45069686,同龄人,社会比较与人生进度,0.55750346,2,3668
3669,大好形势,大好形势,4,tencent_ai_lab_chinese_embedding_light_mirror_mvp,0.49976174,0.57629454,0.38496253,落后,社会比较与人生进度,0.48230094,2,3669
3670,我忍,我忍,2,tencent_ai_lab_chinese_embedding_light_mirror_mvp,0.49975491,0.50521278,0.49156809,老婆,婚恋,0.45369798,2,3670
3671,仿佛,仿佛,2,tencent_ai_lab_chinese_embedding_light_mirror_mvp,0.4997472,0.50866777,0.48636636,青春,社会比较与人生进度,0.51910508,2,3671
3672,心境,心境,2,tencent_ai_lab_chinese_embedding_light_mirror_mvp,0.49971696,0.50924933,0.48541841,追求,社会比较与人生进度,0.48805755,2,3672
3673,不求,不求,2,tencent_ai_lab_chinese_embedding_light_mirror_mvp,0.49967959,0.5508498,0.42292428,追求,表白与追求,0.39366373,2,3673
3674,要去,要去,2,tencent_ai_lab_chinese_embedding_light_mirror_mvp,0.4996787,0.51315767,0.47946024,女朋友,约会,0.49669537,2,3674
3675,可岚,可岚,2,tencent_ai_lab_chinese_embedding_light_mirror_mvp,0.49964139,0.50553906,0.4907949,老公,婚恋,0.48650491,2,3675
3676,赋予,赋予,2,tencent_ai_lab_chinese_embedding_light_mirror_mvp,0.49962924,0.5296796,0.45455369,追求,社会比较与人生进度,0.42231458,2,3676
3677,奇装异服,奇装异服,4,tencent_ai_lab_chinese_embedding_light_mirror_mvp,0.49960352,0.54117131,0.43725184,校服,校园恋爱,0.46033242,2,3677
3678,女儿身,女儿身,3,tencent_ai_lab_chinese_embedding_light_mirror_mvp,0.49960257,0.50492239,0.49162284,丈夫,婚恋,0.51839566,2,3678
3679,婚介,婚介,2,tencent_ai_lab_chinese_embedding_light_mirror_mvp,0.49960091,0.50431573,0.49252868,单身,单身与脱单,0.52541429,2,3679
3680,扣子,扣子,2,tencent_ai_lab_chinese_embedding_light_mirror_mvp,0.49960065,0.54482102,0.43177009,校服,校园恋爱,0.50186992,2,3680
3681,特征,特征,2,tencent_ai_lab_chinese_embedding_light_mirror_mvp,0.49959649,0.53108919,0.45235744,对象,对象关系,0.35615286,2,3681
3682,复联,复联,2,tencent_ai_lab_chinese_embedding_light_mirror_mvp,0.49957074,0.50878525,0.48574898,前任,恋爱历史,0.53617108,2,3682
3683,偶像,偶像,2,tencent_ai_lab_chinese_embedding_light_mirror_mvp,0.4995701,0.5006088,0.49801204,同龄人,社会比较与人生进度,0.56838721,2,3683
3684,不乐意,不乐意,3,tencent_ai_lab_chinese_embedding_light_mirror_mvp,0.49955447,0.51601487,0.47486386,老婆,婚恋,0.47112784,2,3684
3685,发酒疯,发酒疯,3,tencent_ai_lab_chinese_embedding_light_mirror_mvp,0.4995109,0.50403416,0.492726,女朋友,恋爱历史,0.48474374,2,3685
3686,以后,以后,2,tencent_ai_lab_chinese_embedding_light_mirror_mvp,0.49948251,0.50683725,0.48845041,老婆,对象关系,0.49565667,2,3686
3687,年龄层,年龄层,3,tencent_ai_lab_chinese_embedding_light_mirror_mvp,0.49946418,0.53695315,0.44323072,同龄人,社会比较与人生进度,0.47096053,2,3687
3688,顺产,顺产,2,tencent_ai_lab_chinese_embedding_light_mirror_mvp,0.49945238,0.51448685,0.47690067,老公,婚恋,0.49514487,2,3688
3689,下台,下台,2,tencent_ai_lab_chinese_embedding_light_mirror_mvp,0.49943626,0.52856672,0.45574057,前任,婚恋,0.44022727,2,3689
3690,性健康,性健康,3,tencent_ai_lab_chinese_embedding_light_mirror_mvp,0.49941359,0.5188536,0.47025356,亲密关系,亲密行为,0.45148405,2,3690
3691,就去,就去,2,tencent_ai_lab_chinese_embedding_light_mirror_mvp,0.49940474,0.5061118,0.48934415,老婆,婚恋,0.48857152,2,3691
3692,对事,对事,2,tencent_ai_lab_chinese_embedding_light_mirror_mvp,0.49939342,0.50676328,0.48833862,爱情,恋爱核心,0.50262356,2,3692
3693,轻吻,轻吻,2,tencent_ai_lab_chinese_embedding_light_mirror_mvp,0.49937948,0.51075196,0.48232076,拥抱,亲密行为,0.51302069,2,3693
3694,晚饭时间,晚饭时间,4,tencent_ai_lab_chinese_embedding_light_mirror_mvp,0.49934844,0.51784688,0.47160077,散步,约会,0.55551142,2,3694
3695,后悔,后悔,2,tencent_ai_lab_chinese_embedding_light_mirror_mvp,0.49933674,0.50118965,0.49655738,女朋友,婚恋,0.53422189,2,3695
3696,教会,教会,2,tencent_ai_lab_chinese_embedding_light_mirror_mvp,0.49933511,0.52397174,0.46238017,亲密关系,亲密行为,0.47740152,2,3696
3697,爱豆,爱豆,2,tencent_ai_lab_chinese_embedding_light_mirror_mvp,0.49931494,0.50089264,0.49694839,女朋友,对象关系,0.53252316,2,3697
3698,警察,警察,2,tencent_ai_lab_chinese_embedding_light_mirror_mvp,0.49930152,0.50350451,0.49299702,妻子,婚恋,0.49389404,2,3698
3699,贪图安逸,贪图安逸,4,tencent_ai_lab_chinese_embedding_light_mirror_mvp,0.49928101,0.52632982,0.45870781,追求,社会比较与人生进度,0.51496732,2,3699
3700,性生理,性生理,3,tencent_ai_lab_chinese_embedding_light_mirror_mvp,0.49928037,0.5185585,0.47036317,亲密关系,亲密行为,0.42157257,2,3700
3701,属性,属性,2,tencent_ai_lab_chinese_embedding_light_mirror_mvp,0.4992417,0.53084558,0.45183587,对象,对象关系,0.40782136,2,3701
3702,所累,所累,2,tencent_ai_lab_chinese_embedding_light_mirror_mvp,0.49921542,0.54034448,0.43752185,追求,社会比较与人生进度,0.41629663,2,3702
3703,演员,演员,2,tencent_ai_lab_chinese_embedding_light_mirror_mvp,0.49917092,0.50837415,0.48536608,恋情,恋爱核心,0.50361633,2,3703
3704,婉拒,婉拒,2,tencent_ai_lab_chinese_embedding_light_mirror_mvp,0.49916958,0.50634724,0.48840308,求婚,表白与追求,0.50473022,2,3704
3705,逗比,逗比,2,tencent_ai_lab_chinese_embedding_light_mirror_mvp,0.4991641,0.50265974,0.49392065,单身,对象关系,0.50074011,2,3705
3706,恰恰相反,恰恰相反,4,tencent_ai_lab_chinese_embedding_light_mirror_mvp,0.49907675,0.52354664,0.46237192,追求,社会比较与人生进度,0.47500712,2,3706
3707,孕妈,孕妈,2,tencent_ai_lab_chinese_embedding_light_mirror_mvp,0.49907504,0.51737046,0.47163191,老公,婚恋,0.43517166,2,3707
3708,人类,人类,2,tencent_ai_lab_chinese_embedding_light_mirror_mvp,0.49907267,0.52468646,0.46065199,伴侣,社会比较与人生进度,0.47024983,2,3708
3709,静坐,静坐,2,tencent_ai_lab_chinese_embedding_light_mirror_mvp,0.49905237,0.56009161,0.4074935,散步,约会,0.44048393,2,3709
3710,长兄,长兄,2,tencent_ai_lab_chinese_embedding_light_mirror_mvp,0.49903328,0.51764804,0.47111115,妻子,婚恋,0.46775216,2,3710
3711,兴趣,兴趣,2,tencent_ai_lab_chinese_embedding_light_mirror_mvp,0.49901716,0.51693904,0.47213432,追求,对象关系,0.44841644,2,3711
3712,阿爸,阿爸,2,tencent_ai_lab_chinese_embedding_light_mirror_mvp,0.49901168,0.51692855,0.47213638,老婆,婚恋,0.46486625,2,3712
3713,经常,经常,2,tencent_ai_lab_chinese_embedding_light_mirror_mvp,0.4990015,0.50319606,0.49270967,老婆,对象关系,0.52324623,2,3713
3714,冤家,冤家,2,tencent_ai_lab_chinese_embedding_light_mirror_mvp,0.4989773,0.506172,0.48818526,情侣,对象关系,0.49813873,2,3714
3715,保研,保研,2,tencent_ai_lab_chinese_embedding_light_mirror_mvp,0.49895524,0.5142014,0.47608599,脱单,单身与脱单,0.507312,2,3715
3716,相熟,相熟,2,tencent_ai_lab_chinese_embedding_light_mirror_mvp,0.49895152,0.5253098,0.45941409,亲密,亲密行为,0.47066289,2,3716
3717,类型,类型,2,tencent_ai_lab_chinese_embedding_light_mirror_mvp,0.49894841,0.53604543,0.44330287,对象,对象关系,0.42513466,2,3717
3718,恒久,恒久,2,tencent_ai_lab_chinese_embedding_light_mirror_mvp,0.49894495,0.5065642,0.48751608,追求,恋爱核心,0.42231995,2,3718
3719,世故,世故,2,tencent_ai_lab_chinese_embedding_light_mirror_mvp,0.49893831,0.51778746,0.47066459,爱情,社会比较与人生进度,0.48793182,2,3719
3720,愿意,愿意,2,tencent_ai_lab_chinese_embedding_light_mirror_mvp,0.4989035,0.50396585,0.49130997,伴侣,亲密行为,0.53708738,2,3720
3721,送祝福,送祝福,3,tencent_ai_lab_chinese_embedding_light_mirror_mvp,0.49889673,0.49981123,0.49752498,求婚,亲密行为,0.48765308,2,3721
3722,女娃,女娃,2,tencent_ai_lab_chinese_embedding_light_mirror_mvp,0.49887779,0.50844872,0.48452139,老婆,婚恋,0.47172493,2,3722
3723,艺术创作,艺术创作,4,tencent_ai_lab_chinese_embedding_light_mirror_mvp,0.49886895,0.51792455,0.47028556,追求,恋爱核心,0.41605818,2,3723
3724,奋不顾身,奋不顾身,4,tencent_ai_lab_chinese_embedding_light_mirror_mvp,0.49885166,0.51576382,0.47348341,爱情,表白与追求,0.50715685,2,3724
3725,上半场,上半场,3,tencent_ai_lab_chinese_embedding_light_mirror_mvp,0.49882153,0.56951153,0.39278653,落后,社会比较与人生进度,0.47546208,2,3725
3726,买车,买车,2,tencent_ai_lab_chinese_embedding_light_mirror_mvp,0.49880246,0.51795328,0.47007623,结婚,单身与脱单,0.47205848,2,3726
3727,踢毽子,踢毽子,3,tencent_ai_lab_chinese_embedding_light_mirror_mvp,0.49875525,0.52922249,0.4530544,散步,校园恋爱,0.48806936,2,3727
3728,文学,文学,2,tencent_ai_lab_chinese_embedding_light_mirror_mvp,0.49875288,0.51425266,0.47550321,爱情,表白与追求,0.45592052,2,3728
3729,共性,共性,2,tencent_ai_lab_chinese_embedding_light_mirror_mvp,0.49870692,0.51369572,0.47622374,追求,社会比较与人生进度,0.43655291,2,3729
3730,拒接,拒接,2,tencent_ai_lab_chinese_embedding_light_mirror_mvp,0.4986905,0.50765455,0.48524442,告白,表白与追求,0.52153236,2,3730
3731,虚伪,虚伪,2,tencent_ai_lab_chinese_embedding_light_mirror_mvp,0.49868159,0.50390261,0.49085006,亲密关系,亲密行为,0.49284714,2,3731
3732,看他,看他,2,tencent_ai_lab_chinese_embedding_light_mirror_mvp,0.49866563,0.50850558,0.4839057,老婆,对象关系,0.46499169,2,3732
3733,运动,运动,2,tencent_ai_lab_chinese_embedding_light_mirror_mvp,0.49864466,0.53192723,0.44872081,散步,社会比较与人生进度,0.46795422,2,3733
3734,歌词,歌词,2,tencent_ai_lab_chinese_embedding_light_mirror_mvp,0.49861093,0.50604177,0.48746467,爱情,恋爱核心,0.49934033,2,3734
3735,鲜活,鲜活,2,tencent_ai_lab_chinese_embedding_light_mirror_mvp,0.4985826,0.53532869,0.44346347,青春,社会比较与人生进度,0.44813496,2,3735
3736,缅怀,缅怀,2,tencent_ai_lab_chinese_embedding_light_mirror_mvp,0.49857039,0.52432179,0.45994329,青春,社会比较与人生进度,0.48187727,2,3736
3737,三角裤,三角裤,3,tencent_ai_lab_chinese_embedding_light_mirror_mvp,0.49856143,0.53303766,0.44684708,校服,校园恋爱,0.46537161,2,3737
3738,心软,心软,2,tencent_ai_lab_chinese_embedding_light_mirror_mvp,0.49855928,0.50370461,0.4908413,恋人,恋爱历史,0.53614998,2,3738
3739,高考落榜,高考落榜,4,tencent_ai_lab_chinese_embedding_light_mirror_mvp,0.4985587,0.51069474,0.48035464,早恋,校园恋爱,0.48133531,2,3739
3740,天菜,天菜,2,tencent_ai_lab_chinese_embedding_light_mirror_mvp,0.49855044,0.50280851,0.49216333,前女友,恋爱历史,0.50536108,2,3740
3741,主人,主人,2,tencent_ai_lab_chinese_embedding_light_mirror_mvp,0.49852523,0.51060307,0.48040846,老婆,对象关系,0.50167602,2,3741
3742,诱惑,诱惑,2,tencent_ai_lab_chinese_embedding_light_mirror_mvp,0.49848528,0.52215248,0.46298447,追求,表白与追求,0.48237893,2,3742
3743,退休,退休,2,tencent_ai_lab_chinese_embedding_light_mirror_mvp,0.49847142,0.51422542,0.4748404,结婚,婚恋,0.47404635,2,3743
3744,丑闻,丑闻,2,tencent_ai_lab_chinese_embedding_light_mirror_mvp,0.49846509,0.51168978,0.47862804,恋情,恋爱历史,0.47142723,2,3744
3745,脱光,脱光,2,tencent_ai_lab_chinese_embedding_light_mirror_mvp,0.49845221,0.51414102,0.47491899,接吻,约会,0.45386723,2,3745
3746,七十多岁,七十多岁,4,tencent_ai_lab_chinese_embedding_light_mirror_mvp,0.49843298,0.50784397,0.4843165,妻子,婚恋,0.43402231,2,3746
3747,夏日,夏日,2,tencent_ai_lab_chinese_embedding_light_mirror_mvp,0.49839801,0.5278306,0.45424911,青春,约会,0.44584382,2,3747
3748,敌视,敌视,2,tencent_ai_lab_chinese_embedding_light_mirror_mvp,0.49839606,0.51255345,0.47715998,亲密关系,亲密行为,0.47228506,2,3748
3749,爱才,爱才,2,tencent_ai_lab_chinese_embedding_light_mirror_mvp,0.49838836,0.50452167,0.4891884,爱情,亲密行为,0.51197708,2,3749
3750,家门,家门,2,tencent_ai_lab_chinese_embedding_light_mirror_mvp,0.49836558,0.50478852,0.48873118,丈夫,婚恋,0.50697029,2,3750
3751,搭伙,搭伙,2,tencent_ai_lab_chinese_embedding_light_mirror_mvp,0.49833758,0.50059235,0.49495542,结婚,对象关系,0.52278978,2,3751
3752,脱发,脱发,2,tencent_ai_lab_chinese_embedding_light_mirror_mvp,0.49831632,0.50801742,0.48376468,脱单,单身与脱单,0.52848583,2,3752
3753,自然,自然,2,tencent_ai_lab_chinese_embedding_light_mirror_mvp,0.49831332,0.52501559,0.45825991,追求,社会比较与人生进度,0.46111512,2,3753
3754,利益,利益,2,tencent_ai_lab_chinese_embedding_light_mirror_mvp,0.49830381,0.51138747,0.47867832,追求,亲密行为,0.41316664,2,3754
3755,缩小,缩小,2,tencent_ai_lab_chinese_embedding_light_mirror_mvp,0.49829686,0.56376421,0.40009582,落后,社会比较与人生进度,0.42552572,2,3755
3756,晚育,晚育,2,tencent_ai_lab_chinese_embedding_light_mirror_mvp,0.49827445,0.51284581,0.47641739,结婚,婚恋,0.4482545,2,3756
3757,说会,说会,2,tencent_ai_lab_chinese_embedding_light_mirror_mvp,0.49825102,0.50787616,0.48381332,前任,恋爱历史,0.51353025,2,3757
3758,付钱,付钱,2,tencent_ai_lab_chinese_embedding_light_mirror_mvp,0.49823912,0.50028002,0.49517778,第一次约会,约会,0.52122784,2,3758
3759,息影,息影,2,tencent_ai_lab_chinese_embedding_light_mirror_mvp,0.49823185,0.50744623,0.48441029,恋情,婚恋,0.49765262,2,3759
3760,代名词,代名词,3,tencent_ai_lab_chinese_embedding_light_mirror_mvp,0.4982236,0.53807569,0.43844548,追求,社会比较与人生进度,0.48680693,2,3760
3761,履历,履历,2,tencent_ai_lab_chinese_embedding_light_mirror_mvp,0.49821464,0.53255808,0.44669947,前任,恋爱历史,0.41232878,2,3761
3762,辞世,辞世,2,tencent_ai_lab_chinese_embedding_light_mirror_mvp,0.49821447,0.52433431,0.45903471,妻子,婚恋,0.46308091,2,3762
3763,走极端,走极端,3,tencent_ai_lab_chinese_embedding_light_mirror_mvp,0.49818544,0.50892544,0.48207545,追求,表白与追求,0.45622748,2,3763
3764,现代人,现代人,3,tencent_ai_lab_chinese_embedding_light_mirror_mvp,0.49818084,0.52071154,0.46438479,追求,社会比较与人生进度,0.45785868,2,3764
3765,品学兼优,品学兼优,4,tencent_ai_lab_chinese_embedding_light_mirror_mvp,0.49817916,0.50487345,0.48813772,同桌,校园恋爱,0.59338534,2,3765
3766,另一个,另一个,3,tencent_ai_lab_chinese_embedding_light_mirror_mvp,0.49817263,0.51428223,0.47400823,对象,对象关系,0.48947221,2,3766
3767,即使,即使,2,tencent_ai_lab_chinese_embedding_light_mirror_mvp,0.49816469,0.50592482,0.48652449,伴侣,社会比较与人生进度,0.55042726,2,3767
3768,误解,误解,2,tencent_ai_lab_chinese_embedding_light_mirror_mvp,0.4981486,0.50508827,0.48773909,亲密关系,对象关系,0.48791581,2,3768
3769,总而言之,总而言之,4,tencent_ai_lab_chinese_embedding_light_mirror_mvp,0.4981447,0.50768912,0.48382807,追求,对象关系,0.464863,2,3769
3770,对人,对人,2,tencent_ai_lab_chinese_embedding_light_mirror_mvp,0.49813719,0.5147019,0.47329012,伴侣,对象关系,0.44596472,2,3770
3771,孩童,孩童,2,tencent_ai_lab_chinese_embedding_light_mirror_mvp,0.49806362,0.53100872,0.44864598,同龄人,社会比较与人生进度,0.53541374,2,3771
3772,超帅,超帅,2,tencent_ai_lab_chinese_embedding_light_mirror_mvp,0.49806011,0.51694459,0.46973339,女朋友,校园恋爱,0.45415568,2,3772
3773,主人公,主人公,3,tencent_ai_lab_chinese_embedding_light_mirror_mvp,0.49804787,0.49974117,0.49550793,恋人,恋爱核心,0.51035625,2,3773
3774,和谐,和谐,2,tencent_ai_lab_chinese_embedding_light_mirror_mvp,0.49803021,0.51166284,0.47758126,亲密,亲密行为,0.51279044,2,3774
3775,婚闹,婚闹,2,tencent_ai_lab_chinese_embedding_light_mirror_mvp,0.49801911,0.5243777,0.45848122,婚礼,婚恋,0.44636363,2,3775
3776,谈天说地,谈天说地,4,tencent_ai_lab_chinese_embedding_light_mirror_mvp,0.4980143,0.5004316,0.49438834,约会,约会,0.55006045,2,3776
3777,筹备,筹备,2,tencent_ai_lab_chinese_embedding_light_mirror_mvp,0.49800997,0.51162195,0.47759199,婚礼,婚恋,0.45542675,2,3777
3778,该有,该有,2,tencent_ai_lab_chinese_embedding_light_mirror_mvp,0.49797975,0.51841092,0.46733299,追求,社会比较与人生进度,0.51579356,2,3778
3779,关键词,关键词,3,tencent_ai_lab_chinese_embedding_light_mirror_mvp,0.49796706,0.52095294,0.46348825,对象,对象关系,0.45837304,2,3779
3780,尿床,尿床,2,tencent_ai_lab_chinese_embedding_light_mirror_mvp,0.49795865,0.52205926,0.46180773,早恋,校园恋爱,0.50727439,2,3780
3781,缘来,缘来,2,tencent_ai_lab_chinese_embedding_light_mirror_mvp,0.49795454,0.50904739,0.48131526,爱情,恋爱核心,0.50355995,2,3781
3782,峥嵘岁月,峥嵘岁月,4,tencent_ai_lab_chinese_embedding_light_mirror_mvp,0.49795442,0.55081111,0.41866937,青春,社会比较与人生进度,0.46708718,2,3782
3783,不育,不育,2,tencent_ai_lab_chinese_embedding_light_mirror_mvp,0.49794602,0.50405741,0.48877895,伴侣,婚恋,0.47389194,2,3783
3784,实现目标,实现目标,4,tencent_ai_lab_chinese_embedding_light_mirror_mvp,0.49793483,0.52377021,0.45918176,追求,单身与脱单,0.42685348,2,3784
3785,在任,在任,2,tencent_ai_lab_chinese_embedding_light_mirror_mvp,0.49791566,0.5465256,0.42500076,前任,恋爱历史,0.37544113,2,3785
3786,某一方面,某一方面,4,tencent_ai_lab_chinese_embedding_light_mirror_mvp,0.49790695,0.51214582,0.47654864,追求,社会比较与人生进度,0.42633456,2,3786
3787,一点,一点,2,tencent_ai_lab_chinese_embedding_light_mirror_mvp,0.49788803,0.50745249,0.48354134,追求,社会比较与人生进度,0.54881525,2,3787
3788,情思,情思,2,tencent_ai_lab_chinese_embedding_light_mirror_mvp,0.49787021,0.50221854,0.4913477,青春,恋爱核心,0.4785077,2,3788
3789,贞节,贞节,2,tencent_ai_lab_chinese_embedding_light_mirror_mvp,0.4978588,0.51986057,0.46485615,爱情,恋爱核心,0.47203422,2,3789
3790,整容,整容,2,tencent_ai_lab_chinese_embedding_light_mirror_mvp,0.49785721,0.50568086,0.48612174,前女友,恋爱历史,0.48932844,2,3790
3791,只会,只会,2,tencent_ai_lab_chinese_embedding_light_mirror_mvp,0.49782263,0.50883102,0.48131004,追求,社会比较与人生进度,0.51144558,2,3791
3792,离个,离个,2,tencent_ai_lab_chinese_embedding_light_mirror_mvp,0.49781172,0.50742424,0.48339295,结婚,婚恋,0.506441,2,3792
3793,蹦迪,蹦迪,2,tencent_ai_lab_chinese_embedding_light_mirror_mvp,0.49779652,0.50549877,0.48624316,约会,约会,0.53437138,2,3793
3794,经济落后,经济落后,4,tencent_ai_lab_chinese_embedding_light_mirror_mvp,0.49779094,0.5758782,0.38066006,落后,社会比较与人生进度,0.47863382,2,3794
3795,做错事,做错事,3,tencent_ai_lab_chinese_embedding_light_mirror_mvp,0.49778669,0.51208413,0.47634053,早恋,校园恋爱,0.49706,2,3795
3796,沉迷,沉迷,2,tencent_ai_lab_chinese_embedding_light_mirror_mvp,0.49778574,0.5051375,0.48675808,恋爱,恋爱核心,0.49283117,2,3796
3797,戒不掉,戒不掉,3,tencent_ai_lab_chinese_embedding_light_mirror_mvp,0.49772985,0.50758404,0.48294857,初恋,恋爱核心,0.49620074,2,3797
3798,大强,大强,2,tencent_ai_lab_chinese_embedding_light_mirror_mvp,0.49772762,0.50826085,0.48192778,老婆,婚恋,0.4413127,2,3798
3799,午餐,午餐,2,tencent_ai_lab_chinese_embedding_light_mirror_mvp,0.49771724,0.51236987,0.47573829,散步,约会,0.56038511,2,3799
3800,小时候,小时候,3,tencent_ai_lab_chinese_embedding_light_mirror_mvp,0.49771111,0.50222248,0.49094406,同龄人,校园恋爱,0.56275189,2,3800
3801,坚定,坚定,2,tencent_ai_lab_chinese_embedding_light_mirror_mvp,0.49770902,0.5284735,0.45156232,追求,表白与追求,0.44667792,2,3801
3802,当成,当成,2,tencent_ai_lab_chinese_embedding_light_mirror_mvp,0.49770558,0.51946968,0.46505943,对象,对象关系,0.50750124,2,3802
3803,家狗,家狗,2,tencent_ai_lab_chinese_embedding_light_mirror_mvp,0.49770052,0.50394213,0.48833811,女朋友,对象关系,0.43559238,2,3803
3804,时尚,时尚,2,tencent_ai_lab_chinese_embedding_light_mirror_mvp,0.49769936,0.51345223,0.47407004,青春,社会比较与人生进度,0.52435541,2,3804
3805,从小到大,从小到大,4,tencent_ai_lab_chinese_embedding_light_mirror_mvp,0.49768583,0.50346208,0.48902145,同桌,校园恋爱,0.54405081,2,3805
3806,非议,非议,2,tencent_ai_lab_chinese_embedding_light_mirror_mvp,0.49767931,0.52485615,0.45691404,恋情,社会比较与人生进度,0.47422558,2,3806
3807,吃零食,吃零食,3,tencent_ai_lab_chinese_embedding_light_mirror_mvp,0.49766775,0.50522482,0.48633215,散步,约会,0.53968906,2,3807
3808,坐牢,坐牢,2,tencent_ai_lab_chinese_embedding_light_mirror_mvp,0.49765333,0.50344515,0.4889656,老婆,婚恋,0.5148474,2,3808
3809,姨妈,姨妈,2,tencent_ai_lab_chinese_embedding_light_mirror_mvp,0.49763554,0.50571573,0.48551527,老公,婚恋,0.50096452,2,3809
3810,闲庭信步,闲庭信步,4,tencent_ai_lab_chinese_embedding_light_mirror_mvp,0.49763514,0.55621946,0.40975866,散步,社会比较与人生进度,0.42010331,2,3810
3811,说过,说过,2,tencent_ai_lab_chinese_embedding_light_mirror_mvp,0.49762813,0.5058347,0.48531827,追求,表白与追求,0.48726183,2,3811
3812,一样的人,一样的人,4,tencent_ai_lab_chinese_embedding_light_mirror_mvp,0.49761173,0.50837755,0.48146299,同龄人,对象关系,0.52317172,2,3812
3813,阵子,阵子,2,tencent_ai_lab_chinese_embedding_light_mirror_mvp,0.49760785,0.51312184,0.47433686,前任,恋爱历史,0.48918784,2,3813
3814,旧账,旧账,2,tencent_ai_lab_chinese_embedding_light_mirror_mvp,0.49757428,0.52915353,0.45020542,前任,恋爱历史,0.4783088,2,3814
3815,路过,路过,2,tencent_ai_lab_chinese_embedding_light_mirror_mvp,0.49756497,0.52978134,0.44924042,散步,约会,0.5090692,2,3815
3816,超凡脱俗,超凡脱俗,4,tencent_ai_lab_chinese_embedding_light_mirror_mvp,0.49752249,0.52613115,0.45460948,追求,社会比较与人生进度,0.47825891,2,3816
3817,诉苦,诉苦,2,tencent_ai_lab_chinese_embedding_light_mirror_mvp,0.49749805,0.5041424,0.48753151,老婆,婚恋,0.50535721,2,3817
3818,不然,不然,2,tencent_ai_lab_chinese_embedding_light_mirror_mvp,0.49746525,0.50467145,0.48665595,老婆,对象关系,0.49723375,2,3818
3819,交个,交个,2,tencent_ai_lab_chinese_embedding_light_mirror_mvp,0.49744685,0.51545984,0.47042736,女朋友,对象关系,0.46045706,2,3819
3820,去做,去做,2,tencent_ai_lab_chinese_embedding_light_mirror_mvp,0.49740322,0.51997221,0.46354973,追求,社会比较与人生进度,0.48745739,2,3820
3821,性丑闻,性丑闻,3,tencent_ai_lab_chinese_embedding_light_mirror_mvp,0.49736853,0.50744158,0.48225895,恋情,恋爱历史,0.47409913,2,3821
3822,合体,合体,2,tencent_ai_lab_chinese_embedding_light_mirror_mvp,0.49735352,0.50201124,0.49036694,情侣,亲密行为,0.53086704,2,3822
3823,怅惘,怅惘,2,tencent_ai_lab_chinese_embedding_light_mirror_mvp,0.49733665,0.50328594,0.48841271,青春,恋爱核心,0.46824643,2,3823
3824,人情世故,人情世故,4,tencent_ai_lab_chinese_embedding_light_mirror_mvp,0.49731121,0.5034495,0.48810378,爱情,社会比较与人生进度,0.47708148,2,3824
3825,笔袋,笔袋,2,tencent_ai_lab_chinese_embedding_light_mirror_mvp,0.49728489,0.52896363,0.44976678,校服,校园恋爱,0.5368557,2,3825
3826,长得,长得,2,tencent_ai_lab_chinese_embedding_light_mirror_mvp,0.49725728,0.50058651,0.49226344,老婆,对象关系,0.47250304,2,3826
3827,我爽,我爽,2,tencent_ai_lab_chinese_embedding_light_mirror_mvp,0.49725289,0.50481349,0.485912,女朋友,恋爱历史,0.41897291,2,3827
3828,宣誓,宣誓,2,tencent_ai_lab_chinese_embedding_light_mirror_mvp,0.49723964,0.51594043,0.46918845,求婚,亲密行为,0.45036304,2,3828
3829,热血男儿,热血男儿,4,tencent_ai_lab_chinese_embedding_light_mirror_mvp,0.49718225,0.53493631,0.44055116,青春,社会比较与人生进度,0.46501681,2,3829
3830,搂住,搂住,2,tencent_ai_lab_chinese_embedding_light_mirror_mvp,0.49715881,0.51841968,0.46526751,拥抱,亲密行为,0.51671231,2,3830
3831,席间,席间,2,tencent_ai_lab_chinese_embedding_light_mirror_mvp,0.49712911,0.5052399,0.48496291,同桌,约会,0.50190681,2,3831
3832,涨粉,涨粉,2,tencent_ai_lab_chinese_embedding_light_mirror_mvp,0.49712701,0.51621884,0.46848926,脱单,单身与脱单,0.50005251,2,3832
3833,节日,节日,2,tencent_ai_lab_chinese_embedding_light_mirror_mvp,0.49712456,0.51374388,0.4721956,婚礼,约会,0.46141931,2,3833
3834,仇敌,仇敌,2,tencent_ai_lab_chinese_embedding_light_mirror_mvp,0.4970852,0.5073216,0.48173061,恋人,亲密行为,0.48585317,2,3834
3835,大手大脚,大手大脚,4,tencent_ai_lab_chinese_embedding_light_mirror_mvp,0.49704636,0.50528371,0.48469034,老婆,婚恋,0.50166732,2,3835
3836,我儿,我儿,2,tencent_ai_lab_chinese_embedding_light_mirror_mvp,0.49702909,0.50928199,0.47864974,老婆,婚恋,0.47740543,2,3836
3837,情趣,情趣,2,tencent_ai_lab_chinese_embedding_light_mirror_mvp,0.49700489,0.50104856,0.49093938,追求,约会,0.50037384,2,3837
3838,不同意,不同意,3,tencent_ai_lab_chinese_embedding_light_mirror_mvp,0.49696902,0.50768501,0.48089504,订婚,婚恋,0.53561282,2,3838
3839,绝地反击,绝地反击,4,tencent_ai_lab_chinese_embedding_light_mirror_mvp,0.49692777,0.53937614,0.43325523,落后,社会比较与人生进度,0.459185,2,3839
3840,课桌椅,课桌椅,3,tencent_ai_lab_chinese_embedding_light_mirror_mvp,0.49692706,0.54336286,0.42727336,校服,校园恋爱,0.52716798,2,3840
3841,胸罩,胸罩,2,tencent_ai_lab_chinese_embedding_light_mirror_mvp,0.49692603,0.5316267,0.44487503,校服,校园恋爱,0.47881746,2,3841
3842,发短信,发短信,3,tencent_ai_lab_chinese_embedding_light_mirror_mvp,0.49691775,0.50640547,0.48268616,前男友,恋爱历史,0.51544017,2,3842
3843,报复,报复,2,tencent_ai_lab_chinese_embedding_light_mirror_mvp,0.49690297,0.50619066,0.48297143,前任,恋爱历史,0.52495217,2,3843
3844,这一点,这一点,3,tencent_ai_lab_chinese_embedding_light_mirror_mvp,0.49689912,0.51298797,0.47276583,追求,社会比较与人生进度,0.48646876,2,3844
3845,娃儿,娃儿,2,tencent_ai_lab_chinese_embedding_light_mirror_mvp,0.49689274,0.50872707,0.47914124,老婆,校园恋爱,0.48806974,2,3845
3846,品味,品味,2,tencent_ai_lab_chinese_embedding_light_mirror_mvp,0.49687639,0.51274025,0.47308061,追求,社会比较与人生进度,0.46905553,2,3846
3847,给你,给你,2,tencent_ai_lab_chinese_embedding_light_mirror_mvp,0.49686844,0.50030881,0.49170789,女朋友,对象关系,0.48620704,2,3847
3848,闹情绪,闹情绪,3,tencent_ai_lab_chinese_embedding_light_mirror_mvp,0.49685749,0.50117064,0.49038777,女朋友,对象关系,0.52485657,2,3848
3849,拍过,拍过,2,tencent_ai_lab_chinese_embedding_light_mirror_mvp,0.49685366,0.50298828,0.48765174,恋情,恋爱历史,0.47870851,2,3849
3850,品格,品格,2,tencent_ai_lab_chinese_embedding_light_mirror_mvp,0.4968491,0.51855814,0.46428552,追求,社会比较与人生进度,0.45185965,2,3850
3851,很丑,很丑,2,tencent_ai_lab_chinese_embedding_light_mirror_mvp,0.49683771,0.50227261,0.48868537,男朋友,恋爱历史,0.47465986,2,3851
3852,男演员,男演员,3,tencent_ai_lab_chinese_embedding_light_mirror_mvp,0.49683682,0.50284719,0.48782125,恋情,恋爱核心,0.48263994,2,3852
3853,心情愉快,心情愉快,4,tencent_ai_lab_chinese_embedding_light_mirror_mvp,0.49680523,0.52612102,0.45283154,散步,约会,0.51138741,2,3853
3854,姨妈家,姨妈家,3,tencent_ai_lab_chinese_embedding_light_mirror_mvp,0.4967887,0.50126696,0.49007133,老公,婚恋,0.52021801,2,3854
3855,一方面,一方面,3,tencent_ai_lab_chinese_embedding_light_mirror_mvp,0.49677299,0.51065528,0.47594956,对象,社会比较与人生进度,0.42523903,2,3855
3856,立领,立领,2,tencent_ai_lab_chinese_embedding_light_mirror_mvp,0.49677297,0.56014794,0.40171051,校服,校园恋爱,0.40445027,2,3856
3857,校园内,校园内,3,tencent_ai_lab_chinese_embedding_light_mirror_mvp,0.49677203,0.52121341,0.46010995,校服,校园恋爱,0.5467881,2,3857
3858,户外运动,户外运动,4,tencent_ai_lab_chinese_embedding_light_mirror_mvp,0.49677107,0.54102367,0.43039218,散步,约会,0.48623282,2,3858
3859,新买,新买,2,tencent_ai_lab_chinese_embedding_light_mirror_mvp,0.49676286,0.50560546,0.48349896,老婆,婚恋,0.46043313,2,3859
3860,财产关系,财产关系,4,tencent_ai_lab_chinese_embedding_light_mirror_mvp,0.49675545,0.5403443,0.43137217,亲密关系,对象关系,0.37743503,2,3860
3861,好色,好色,2,tencent_ai_lab_chinese_embedding_light_mirror_mvp,0.49675025,0.51625228,0.4674972,老婆,对象关系,0.45144713,2,3861
3862,喜事,喜事,2,tencent_ai_lab_chinese_embedding_light_mirror_mvp,0.4967272,0.50221765,0.48849154,婚礼,婚恋,0.50628537,2,3862
3863,社会,社会,2,tencent_ai_lab_chinese_embedding_light_mirror_mvp,0.49671059,0.50071913,0.49069777,追求,社会比较与人生进度,0.55403423,2,3863
3864,来日方长,来日方长,4,tencent_ai_lab_chinese_embedding_light_mirror_mvp,0.49667099,0.5042215,0.48534521,青春,恋爱核心,0.49420053,2,3864
3865,契合,契合,2,tencent_ai_lab_chinese_embedding_light_mirror_mvp,0.49664304,0.52042991,0.46096274,追求,亲密行为,0.45644534,2,3865
3866,过于,过于,2,tencent_ai_lab_chinese_embedding_light_mirror_mvp,0.49660136,0.52765501,0.45002088,追求,社会比较与人生进度,0.4981218,2,3866
3867,一度,一度,2,tencent_ai_lab_chinese_embedding_light_mirror_mvp,0.49659501,0.5395366,0.43218264,落后,社会比较与人生进度,0.48094785,2,3867
3868,政治关系,政治关系,4,tencent_ai_lab_chinese_embedding_light_mirror_mvp,0.49658426,0.53948402,0.43223462,亲密关系,亲密行为,0.38743269,2,3868
3869,热情,热情,2,tencent_ai_lab_chinese_embedding_light_mirror_mvp,0.49658335,0.50154829,0.48913595,拥抱,社会比较与人生进度,0.51559055,2,3869
3870,上身,上身,2,tencent_ai_lab_chinese_embedding_light_mirror_mvp,0.49656245,0.54019845,0.43110844,校服,社会比较与人生进度,0.43047151,2,3870
3871,楼下,楼下,2,tencent_ai_lab_chinese_embedding_light_mirror_mvp,0.49655707,0.50688946,0.48105848,散步,约会,0.50381917,2,3871
3872,貌似,貌似,2,tencent_ai_lab_chinese_embedding_light_mirror_mvp,0.49654264,0.50806236,0.47926307,女朋友,对象关系,0.53136444,2,3872
3873,监考,监考,2,tencent_ai_lab_chinese_embedding_light_mirror_mvp,0.49653744,0.53264022,0.44238326,同桌,校园恋爱,0.54581052,2,3873
3874,一忍再忍,一忍再忍,4,tencent_ai_lab_chinese_embedding_light_mirror_mvp,0.49653686,0.5001846,0.49106526,老婆,婚恋,0.48135844,2,3874
3875,春光,春光,2,tencent_ai_lab_chinese_embedding_light_mirror_mvp,0.49653679,0.53237689,0.44277665,青春,社会比较与人生进度,0.39575636,2,3875
3876,期待,期待,2,tencent_ai_lab_chinese_embedding_light_mirror_mvp,0.49653522,0.50375354,0.48570773,拥抱,亲密行为,0.51237279,2,3876
3877,有天,有天,2,tencent_ai_lab_chinese_embedding_light_mirror_mvp,0.49653424,0.50177222,0.48867726,老公,约会,0.47180688,2,3877
3878,调侃,调侃,2,tencent_ai_lab_chinese_embedding_light_mirror_mvp,0.49649857,0.50379217,0.48555818,女朋友,对象关系,0.49302584,2,3878
3879,我特,我特,2,tencent_ai_lab_chinese_embedding_light_mirror_mvp,0.49647631,0.49842086,0.49355948,老婆,恋爱历史,0.48057047,2,3879
3880,发呆,发呆,2,tencent_ai_lab_chinese_embedding_light_mirror_mvp,0.49646823,0.52382582,0.45543185,散步,约会,0.51915753,2,3880
3881,湖畔,湖畔,2,tencent_ai_lab_chinese_embedding_light_mirror_mvp,0.49643556,0.53523791,0.43823203,散步,约会,0.46197107,2,3881
3882,水到渠成,水到渠成,4,tencent_ai_lab_chinese_embedding_light_mirror_mvp,0.49641966,0.5196858,0.46152043,牵手,亲密行为,0.51062083,2,3882
3883,豪情,豪情,2,tencent_ai_lab_chinese_embedding_light_mirror_mvp,0.4964076,0.52101326,0.45949912,青春,社会比较与人生进度,0.43504387,2,3883
3884,魅力,魅力,2,tencent_ai_lab_chinese_embedding_light_mirror_mvp,0.49639972,0.50695884,0.48056105,青春,社会比较与人生进度,0.52412003,2,3884
3885,体现出,体现出,3,tencent_ai_lab_chinese_embedding_light_mirror_mvp,0.49639853,0.55718982,0.4052116,追求,社会比较与人生进度,0.41083565,2,3885
3886,睡懒觉,睡懒觉,3,tencent_ai_lab_chinese_embedding_light_mirror_mvp,0.49638134,0.50750864,0.4796904,散步,约会,0.50575966,2,3886
3887,包他,包他,2,tencent_ai_lab_chinese_embedding_light_mirror_mvp,0.49636868,0.51316863,0.47116876,老婆,婚恋,0.41545999,2,3887
3888,至尊宝,至尊宝,3,tencent_ai_lab_chinese_embedding_light_mirror_mvp,0.49633315,0.50574332,0.48221788,初恋,表白与追求,0.47960728,2,3888
3889,共同利益,共同利益,4,tencent_ai_lab_chinese_embedding_light_mirror_mvp,0.49632277,0.53627992,0.43638706,亲密关系,亲密行为,0.42204222,2,3889
3890,无袖,无袖,2,tencent_ai_lab_chinese_embedding_light_mirror_mvp,0.4962992,0.56076902,0.39959446,校服,校园恋爱,0.41368601,2,3890
3891,村妇,村妇,2,tencent_ai_lab_chinese_embedding_light_mirror_mvp,0.49628636,0.5129652,0.47126809,丈夫,婚恋,0.44497591,2,3891
3892,气愤,气愤,2,tencent_ai_lab_chinese_embedding_light_mirror_mvp,0.49627746,0.504264,0.48429766,妻子,婚恋,0.47943878,2,3892
3893,找工作,找工作,3,tencent_ai_lab_chinese_embedding_light_mirror_mvp,0.49626672,0.50267923,0.48664796,单身,单身与脱单,0.52547359,2,3893
3894,满城风雨,满城风雨,4,tencent_ai_lab_chinese_embedding_light_mirror_mvp,0.4962606,0.50701761,0.48012507,恋情,恋爱历史,0.48633844,2,3894
3895,乖孩子,乖孩子,3,tencent_ai_lab_chinese_embedding_light_mirror_mvp,0.49625645,0.5108242,0.47440481,早恋,校园恋爱,0.52944756,2,3895
3896,信步,信步,2,tencent_ai_lab_chinese_embedding_light_mirror_mvp,0.49623502,0.5419395,0.42767832,散步,约会,0.46608025,2,3896
3897,传出,传出,2,tencent_ai_lab_chinese_embedding_light_mirror_mvp,0.49622709,0.51916564,0.46181926,恋情,婚恋,0.42542449,2,3897
3898,爷们,爷们,2,tencent_ai_lab_chinese_embedding_light_mirror_mvp,0.49622456,0.51628566,0.46613291,老婆,婚恋,0.43893316,2,3898
3899,好事多磨,好事多磨,4,tencent_ai_lab_chinese_embedding_light_mirror_mvp,0.49621121,0.50529146,0.48259082,爱情,恋爱核心,0.51171863,2,3899
3900,身心健康,身心健康,4,tencent_ai_lab_chinese_embedding_light_mirror_mvp,0.49620411,0.50962621,0.47607097,亲密关系,对象关系,0.41204214,2,3900
3901,上厕所,上厕所,3,tencent_ai_lab_chinese_embedding_light_mirror_mvp,0.49619488,0.49677083,0.49533096,散步,约会,0.56235403,2,3901
3902,跪地,跪地,2,tencent_ai_lab_chinese_embedding_light_mirror_mvp,0.49619439,0.52856767,0.44763446,求婚,婚恋,0.43866676,2,3902
3903,白头,白头,2,tencent_ai_lab_chinese_embedding_light_mirror_mvp,0.49619154,0.51036084,0.47493759,牵手,恋爱核心,0.46868083,2,3903
3904,情真,情真,2,tencent_ai_lab_chinese_embedding_light_mirror_mvp,0.49618562,0.51227784,0.4720473,爱情,恋爱核心,0.49618733,2,3904
3905,忙里偷闲,忙里偷闲,4,tencent_ai_lab_chinese_embedding_light_mirror_mvp,0.49614649,0.52729553,0.44942293,散步,约会,0.49095565,2,3905
3906,纸们,纸们,2,tencent_ai_lab_chinese_embedding_light_mirror_mvp,0.49614545,0.49812984,0.49316886,第一次约会,校园恋爱,0.49136159,2,3906
3907,互相帮助,互相帮助,4,tencent_ai_lab_chinese_embedding_light_mirror_mvp,0.4961136,0.50039649,0.48968926,亲密,亲密行为,0.51646471,2,3907
3908,脱下来,脱下来,3,tencent_ai_lab_chinese_embedding_light_mirror_mvp,0.49610578,0.52871817,0.44718719,校服,校园恋爱,0.44925204,2,3908
3909,无业游民,无业游民,4,tencent_ai_lab_chinese_embedding_light_mirror_mvp,0.4961036,0.51274389,0.47114316,单身,对象关系,0.45593092,2,3909
3910,压在心底,压在心底,4,tencent_ai_lab_chinese_embedding_light_mirror_mvp,0.49609821,0.52003348,0.4601953,暗恋,表白与追求,0.46244264,2,3910
3911,来临,来临,2,tencent_ai_lab_chinese_embedding_light_mirror_mvp,0.496065,0.52944517,0.44599473,拥抱,社会比较与人生进度,0.45114493,2,3911
3912,沉默,沉默,2,tencent_ai_lab_chinese_embedding_light_mirror_mvp,0.49606082,0.49703038,0.49460649,暗恋,表白与追求,0.53028178,2,3912
3913,很久,很久,2,tencent_ai_lab_chinese_embedding_light_mirror_mvp,0.49606074,0.50932264,0.47616789,女朋友,对象关系,0.51282954,2,3913
3914,玩水,玩水,2,tencent_ai_lab_chinese_embedding_light_mirror_mvp,0.49602463,0.52639997,0.45046163,散步,约会,0.52007079,2,3914
3915,艺人,艺人,2,tencent_ai_lab_chinese_embedding_light_mirror_mvp,0.49601545,0.50858301,0.47716412,恋情,恋爱核心,0.46870962,2,3915
3916,辜负,辜负,2,tencent_ai_lab_chinese_embedding_light_mirror_mvp,0.49600675,0.49893025,0.49162149,追求,表白与追求,0.54936981,2,3916
3917,旧衣服,旧衣服,3,tencent_ai_lab_chinese_embedding_light_mirror_mvp,0.49597543,0.56559527,0.39154568,校服,校园恋爱,0.43002653,2,3917
3918,走好运,走好运,3,tencent_ai_lab_chinese_embedding_light_mirror_mvp,0.49597408,0.50788164,0.47811273,脱单,单身与脱单,0.53372937,2,3918
3919,当年,当年,2,tencent_ai_lab_chinese_embedding_light_mirror_mvp,0.49597396,0.50104189,0.48837206,初恋,社会比较与人生进度,0.56547362,2,3919
3920,忧愁,忧愁,2,tencent_ai_lab_chinese_embedding_light_mirror_mvp,0.49596354,0.50150049,0.48765811,爱情,恋爱核心,0.49568796,2,3920
3921,哭闹,哭闹,2,tencent_ai_lab_chinese_embedding_light_mirror_mvp,0.49594147,0.50578058,0.48118281,老公,婚恋,0.45986819,2,3921
3922,设宴,设宴,2,tencent_ai_lab_chinese_embedding_light_mirror_mvp,0.49591086,0.5110997,0.4731276,婚礼,婚恋,0.43535975,2,3922
3923,化妆,化妆,2,tencent_ai_lab_chinese_embedding_light_mirror_mvp,0.49590311,0.51585108,0.46598116,约会,约会,0.49286091,2,3923
3924,某人,某人,2,tencent_ai_lab_chinese_embedding_light_mirror_mvp,0.49587604,0.50008911,0.48955643,前任,对象关系,0.5462575,2,3924
3925,财主,财主,2,tencent_ai_lab_chinese_embedding_light_mirror_mvp,0.49586091,0.51094311,0.4732376,老婆,婚恋,0.48870945,2,3925
3926,物质,物质,2,tencent_ai_lab_chinese_embedding_light_mirror_mvp,0.49580003,0.50229573,0.48605648,追求,对象关系,0.42205131,2,3926
3927,哥有,哥有,2,tencent_ai_lab_chinese_embedding_light_mirror_mvp,0.49579451,0.50647444,0.47977462,女朋友,对象关系,0.43301177,2,3927
3928,早读,早读,2,tencent_ai_lab_chinese_embedding_light_mirror_mvp,0.49578428,0.52724695,0.44859028,同桌,校园恋爱,0.5534687,2,3928
3929,怎么了,怎么了,3,tencent_ai_lab_chinese_embedding_light_mirror_mvp,0.49573768,0.50411093,0.48317781,女朋友,婚恋,0.43364519,2,3929
3930,夜会,夜会,2,tencent_ai_lab_chinese_embedding_light_mirror_mvp,0.49573393,0.50519139,0.48154774,约会,约会,0.47947764,2,3930
3931,野心,野心,2,tencent_ai_lab_chinese_embedding_light_mirror_mvp,0.49569219,0.52454853,0.45240769,追求,社会比较与人生进度,0.45373818,2,3931
3932,考学,考学,2,tencent_ai_lab_chinese_embedding_light_mirror_mvp,0.49568946,0.50594819,0.48030138,早恋,校园恋爱,0.47222576,2,3932
3933,小万,小万,2,tencent_ai_lab_chinese_embedding_light_mirror_mvp,0.49568388,0.50817406,0.47694862,女朋友,单身与脱单,0.46748346,2,3933
3934,多疑,多疑,2,tencent_ai_lab_chinese_embedding_light_mirror_mvp,0.49568263,0.51182187,0.47147378,亲密关系,恋爱核心,0.42524207,2,3934
3935,剧中,剧中,2,tencent_ai_lab_chinese_embedding_light_mirror_mvp,0.49562587,0.5030992,0.48441586,初恋,恋爱核心,0.52095854,2,3935
3936,暖化,暖化,2,tencent_ai_lab_chinese_embedding_light_mirror_mvp,0.49560715,0.50905603,0.47543383,告白,亲密行为,0.47661632,2,3936
3937,更帅,更帅,2,tencent_ai_lab_chinese_embedding_light_mirror_mvp,0.49560009,0.51471138,0.46693316,女朋友,恋爱历史,0.47167331,2,3937
3938,孝心,孝心,2,tencent_ai_lab_chinese_embedding_light_mirror_mvp,0.49558992,0.50139284,0.48688555,妻子,婚恋,0.52169263,2,3938
3939,教育制度,教育制度,4,tencent_ai_lab_chinese_embedding_light_mirror_mvp,0.49555598,0.52700019,0.44838968,早恋,校园恋爱,0.53084993,2,3939
3940,放手,放手,2,tencent_ai_lab_chinese_embedding_light_mirror_mvp,0.49554407,0.49621299,0.49454069,拥抱,亲密行为,0.54508936,2,3940
3941,阶层,阶层,2,tencent_ai_lab_chinese_embedding_light_mirror_mvp,0.49554178,0.51037574,0.47329083,追求,社会比较与人生进度,0.45664799,2,3941
3942,微博号,微博号,3,tencent_ai_lab_chinese_embedding_light_mirror_mvp,0.4955356,0.5124231,0.47020435,前女友,恋爱历史,0.46209553,2,3942
3943,教导处,教导处,3,tencent_ai_lab_chinese_embedding_light_mirror_mvp,0.4955315,0.50634849,0.47930601,同桌,校园恋爱,0.59136569,2,3943
3944,尽善尽美,尽善尽美,4,tencent_ai_lab_chinese_embedding_light_mirror_mvp,0.49552947,0.54109347,0.42718348,追求,表白与追求,0.37294754,2,3944
3945,固然,固然,2,tencent_ai_lab_chinese_embedding_light_mirror_mvp,0.49551945,0.52542663,0.45065868,追求,社会比较与人生进度,0.45452347,2,3945
3946,养宠物,养宠物,3,tencent_ai_lab_chinese_embedding_light_mirror_mvp,0.49550838,0.5033071,0.48381031,单身,对象关系,0.50452554,2,3946
3947,并非,并非,2,tencent_ai_lab_chinese_embedding_light_mirror_mvp,0.49550686,0.51868051,0.46074638,追求,对象关系,0.3922866,2,3947
3948,难能可贵,难能可贵,4,tencent_ai_lab_chinese_embedding_light_mirror_mvp,0.4954895,0.52524447,0.45085704,追求,社会比较与人生进度,0.52647251,2,3948
3949,春装,春装,2,tencent_ai_lab_chinese_embedding_light_mirror_mvp,0.49548804,0.54756534,0.41737208,校服,校园恋爱,0.38494658,2,3949
3950,宵夜,宵夜,2,tencent_ai_lab_chinese_embedding_light_mirror_mvp,0.49548556,0.50118828,0.48693147,散步,约会,0.57356989,2,3950
3951,期末考,期末考,3,tencent_ai_lab_chinese_embedding_light_mirror_mvp,0.49542348,0.50218546,0.48528051,早恋,校园恋爱,0.55892378,2,3951
3952,男权,男权,2,tencent_ai_lab_chinese_embedding_light_mirror_mvp,0.49541869,0.50480324,0.48134187,爱情,社会比较与人生进度,0.43700108,2,3952
3953,哪怕,哪怕,2,tencent_ai_lab_chinese_embedding_light_mirror_mvp,0.4954075,0.50148189,0.48629591,追求,社会比较与人生进度,0.55252695,2,3953
3954,不务正业,不务正业,4,tencent_ai_lab_chinese_embedding_light_mirror_mvp,0.49540511,0.50809014,0.47637758,老婆,社会比较与人生进度,0.46539432,2,3954
3955,坦荡,坦荡,2,tencent_ai_lab_chinese_embedding_light_mirror_mvp,0.49538162,0.50955164,0.47412658,爱情,恋爱核心,0.50438958,2,3955
3956,成瘾者,成瘾者,3,tencent_ai_lab_chinese_embedding_light_mirror_mvp,0.49535675,0.51258224,0.46951851,伴侣,对象关系,0.43080232,2,3956
3957,平底鞋,平底鞋,3,tencent_ai_lab_chinese_embedding_light_mirror_mvp,0.49535186,0.53247589,0.43966582,校服,约会,0.44164711,2,3957
3958,好多好多,好多好多,4,tencent_ai_lab_chinese_embedding_light_mirror_mvp,0.49532497,0.50495827,0.48087502,女朋友,表白与追求,0.45641252,2,3958
3959,父兄,父兄,2,tencent_ai_lab_chinese_embedding_light_mirror_mvp,0.49528553,0.51292545,0.46882567,丈夫,婚恋,0.45683768,2,3959
3960,债主,债主,2,tencent_ai_lab_chinese_embedding_light_mirror_mvp,0.49526227,0.49883872,0.48989758,老婆,婚恋,0.49787948,2,3960
3961,亏欠,亏欠,2,tencent_ai_lab_chinese_embedding_light_mirror_mvp,0.49522434,0.50102031,0.48653039,妻子,婚恋,0.51746494,2,3961
3962,课本,课本,2,tencent_ai_lab_chinese_embedding_light_mirror_mvp,0.49520397,0.51074052,0.47189915,校服,校园恋爱,0.58222711,2,3962
3963,共同性,共同性,3,tencent_ai_lab_chinese_embedding_light_mirror_mvp,0.49518664,0.50882328,0.47473168,亲密关系,对象关系,0.40611899,2,3963
3964,早起,早起,2,tencent_ai_lab_chinese_embedding_light_mirror_mvp,0.49515823,0.53088146,0.44157338,散步,约会,0.49417683,2,3964
3965,归根结底,归根结底,4,tencent_ai_lab_chinese_embedding_light_mirror_mvp,0.49512879,0.52853048,0.44502625,追求,社会比较与人生进度,0.3997795,2,3965
3966,调戏,调戏,2,tencent_ai_lab_chinese_embedding_light_mirror_mvp,0.4950907,0.4978618,0.49093404,暗恋,表白与追求,0.52232635,2,3966
3967,简而言之,简而言之,4,tencent_ai_lab_chinese_embedding_light_mirror_mvp,0.49507333,0.51562226,0.46424994,追求,对象关系,0.35067123,2,3967
3968,高管,高管,2,tencent_ai_lab_chinese_embedding_light_mirror_mvp,0.49506794,0.53570223,0.43411651,前任,恋爱历史,0.43889141,2,3968
3969,出息,出息,2,tencent_ai_lab_chinese_embedding_light_mirror_mvp,0.49506437,0.51247567,0.46894741,老婆,婚恋,0.45807365,2,3969
3970,面对面,面对面,3,tencent_ai_lab_chinese_embedding_light_mirror_mvp,0.49504963,0.5063777,0.47805753,亲密,亲密行为,0.57077229,2,3970
3971,四五十岁,四五十岁,4,tencent_ai_lab_chinese_embedding_light_mirror_mvp,0.49504887,0.52796352,0.44567689,同龄人,社会比较与人生进度,0.45687649,2,3971
3972,试管婴儿,试管婴儿,4,tencent_ai_lab_chinese_embedding_light_mirror_mvp,0.49503392,0.51494205,0.46517172,结婚,婚恋,0.49694762,2,3972
3973,城里,城里,2,tencent_ai_lab_chinese_embedding_light_mirror_mvp,0.49503292,0.5009402,0.48617199,老婆,婚恋,0.53621078,2,3973
3974,不可否认,不可否认,4,tencent_ai_lab_chinese_embedding_light_mirror_mvp,0.49502848,0.52225828,0.45418379,追求,社会比较与人生进度,0.52249408,2,3974
3975,儿童期,儿童期,3,tencent_ai_lab_chinese_embedding_light_mirror_mvp,0.49502512,0.50011396,0.48739186,亲密关系,社会比较与人生进度,0.45982268,2,3975
3976,一职,一职,2,tencent_ai_lab_chinese_embedding_light_mirror_mvp,0.49500849,0.5610708,0.39591503,前任,恋爱历史,0.32643753,2,3976
3977,自闭症,自闭症,3,tencent_ai_lab_chinese_embedding_light_mirror_mvp,0.49498608,0.50393713,0.48155951,亲密关系,亲密行为,0.44030169,2,3977
3978,特别,特别,2,tencent_ai_lab_chinese_embedding_light_mirror_mvp,0.49497962,0.50672847,0.47735634,对象,对象关系,0.50246435,2,3978
3979,跳楼自杀,跳楼自杀,4,tencent_ai_lab_chinese_embedding_light_mirror_mvp,0.49497483,0.49984962,0.48766264,前男友,恋爱历史,0.48789468,2,3979
3980,娘们,娘们,2,tencent_ai_lab_chinese_embedding_light_mirror_mvp,0.4949716,0.52149212,0.45519081,老婆,婚恋,0.3914988,2,3980
3981,粘人,粘人,2,tencent_ai_lab_chinese_embedding_light_mirror_mvp,0.49495568,0.49975806,0.48775211,男朋友,对象关系,0.51593471,2,3981
3982,狮子,狮子,2,tencent_ai_lab_chinese_embedding_light_mirror_mvp,0.49495374,0.51180398,0.46967837,恋人,对象关系,0.4854911,2,3982
3983,展现出,展现出,3,tencent_ai_lab_chinese_embedding_light_mirror_mvp,0.49494929,0.52050465,0.45661625,追求,社会比较与人生进度,0.55725849,2,3983
3984,到家,到家,2,tencent_ai_lab_chinese_embedding_light_mirror_mvp,0.49494703,0.50654989,0.47754273,老婆,婚恋,0.47628736,2,3984
3985,陈奕迅,陈奕迅,3,tencent_ai_lab_chinese_embedding_light_mirror_mvp,0.49494225,0.50127733,0.48543963,前女友,恋爱历史,0.5069285,2,3985
3986,撒谎,撒谎,2,tencent_ai_lab_chinese_embedding_light_mirror_mvp,0.49493667,0.50185007,0.48456657,亲密关系,婚恋,0.4930698,2,3986
3987,推着,推着,2,tencent_ai_lab_chinese_embedding_light_mirror_mvp,0.49491863,0.53456974,0.43544197,散步,约会,0.40623853,2,3987
3988,本性,本性,2,tencent_ai_lab_chinese_embedding_light_mirror_mvp,0.49491072,0.5055514,0.4789497,追求,社会比较与人生进度,0.44743592,2,3988
3989,抗拒,抗拒,2,tencent_ai_lab_chinese_embedding_light_mirror_mvp,0.4949013,0.50216669,0.48400322,亲密关系,亲密行为,0.54489309,2,3989
3990,不过,不过,2,tencent_ai_lab_chinese_embedding_light_mirror_mvp,0.49489533,0.49703205,0.49169025,追求,社会比较与人生进度,0.58481443,2,3990
3991,活动量,活动量,3,tencent_ai_lab_chinese_embedding_light_mirror_mvp,0.49488832,0.54410285,0.42106652,散步,约会,0.42661959,2,3991
3992,经济基础,经济基础,4,tencent_ai_lab_chinese_embedding_light_mirror_mvp,0.49487944,0.4995504,0.48787299,亲密关系,对象关系,0.47026017,2,3992
3993,浪迹天涯,浪迹天涯,4,tencent_ai_lab_chinese_embedding_light_mirror_mvp,0.49486064,0.49899709,0.48865595,爱情,恋爱核心,0.50605553,2,3993
3994,言听计从,言听计从,4,tencent_ai_lab_chinese_embedding_light_mirror_mvp,0.49485601,0.50537026,0.47908464,老婆,婚恋,0.48964053,2,3994
3995,心甘情愿,心甘情愿,4,tencent_ai_lab_chinese_embedding_light_mirror_mvp,0.49485288,0.50028485,0.48670492,伴侣,对象关系,0.52173197,2,3995
3996,美华,美华,2,tencent_ai_lab_chinese_embedding_light_mirror_mvp,0.49484679,0.50308692,0.48248658,丈夫,婚恋,0.47980237,2,3996
3997,亡母,亡母,2,tencent_ai_lab_chinese_embedding_light_mirror_mvp,0.49482759,0.51406121,0.46597716,妻子,婚恋,0.4728452,2,3997
3998,某位,某位,2,tencent_ai_lab_chinese_embedding_light_mirror_mvp,0.49480978,0.52617407,0.44776335,前任,恋爱历史,0.41261369,2,3998
3999,永不,永不,2,tencent_ai_lab_chinese_embedding_light_mirror_mvp,0.49479774,0.52432084,0.45051309,青春,社会比较与人生进度,0.40576488,2,3999
4000,来了,来了,2,tencent_ai_lab_chinese_embedding_light_mirror_mvp,0.49478539,0.50321817,0.48213622,女朋友,婚恋,0.48796955,2,4000
4001,热爱生活,热爱生活,4,tencent_ai_lab_chinese_embedding_light_mirror_mvp,0.49478041,0.50024784,0.48657927,追求,表白与追求,0.48626807,2,4001
4002,帮你,帮你,2,tencent_ai_lab_chinese_embedding_light_mirror_mvp,0.49477849,0.51901859,0.45841834,脱单,单身与脱单,0.49655309,2,4002
4003,餐后,餐后,2,tencent_ai_lab_chinese_embedding_light_mirror_mvp,0.4947548,0.51964533,0.45741901,散步,约会,0.53880638,2,4003
4004,存钱,存钱,2,tencent_ai_lab_chinese_embedding_light_mirror_mvp,0.49473962,0.50473195,0.47975111,结婚,婚恋,0.50928032,2,4004
4005,政治课,政治课,3,tencent_ai_lab_chinese_embedding_light_mirror_mvp,0.49473629,0.51603436,0.46278918,同桌,校园恋爱,0.57098728,2,4005
4006,在于,在于,2,tencent_ai_lab_chinese_embedding_light_mirror_mvp,0.49468712,0.52926683,0.44281754,追求,社会比较与人生进度,0.44251391,2,4006
4007,失误,失误,2,tencent_ai_lab_chinese_embedding_light_mirror_mvp,0.4946866,0.5587948,0.39852431,落后,社会比较与人生进度,0.50559628,2,4007
4008,大学生,大学生,3,tencent_ai_lab_chinese_embedding_light_mirror_mvp,0.49465774,0.50463545,0.47969118,同龄人,社会比较与人生进度,0.53402555,2,4008
4009,倡导,倡导,2,tencent_ai_lab_chinese_embedding_light_mirror_mvp,0.49463843,0.54876661,0.41344616,追求,社会比较与人生进度,0.36305708,2,4009
4010,攻击行为,攻击行为,4,tencent_ai_lab_chinese_embedding_light_mirror_mvp,0.49463686,0.52542168,0.44845963,亲密关系,亲密行为,0.42868912,2,4010
4011,和解,和解,2,tencent_ai_lab_chinese_embedding_light_mirror_mvp,0.49462535,0.50975096,0.47193694,亲密关系,亲密行为,0.52124554,2,4011
4012,战友,战友,2,tencent_ai_lab_chinese_embedding_light_mirror_mvp,0.49461662,0.50015509,0.4863089,妻子,对象关系,0.52149689,2,4012
4013,你老,你老,2,tencent_ai_lab_chinese_embedding_light_mirror_mvp,0.49460337,0.51403838,0.46545085,老婆,婚恋,0.41665077,2,4013
4014,房费,房费,2,tencent_ai_lab_chinese_embedding_light_mirror_mvp,0.49458922,0.49990883,0.48660979,约会,约会,0.48423958,2,4014
4015,那一刻,那一刻,3,tencent_ai_lab_chinese_embedding_light_mirror_mvp,0.49457967,0.49858159,0.4885768,初恋,表白与追求,0.50466233,2,4015
4016,不理,不理,2,tencent_ai_lab_chinese_embedding_light_mirror_mvp,0.49457744,0.49513909,0.49373496,女朋友,恋爱历史,0.48982733,2,4016
4017,宴会厅,宴会厅,3,tencent_ai_lab_chinese_embedding_light_mirror_mvp,0.49453019,0.53391719,0.43544969,婚礼,约会,0.40543523,2,4017
4018,大娘,大娘,2,tencent_ai_lab_chinese_embedding_light_mirror_mvp,0.4945182,0.50078368,0.48511997,老婆,婚恋,0.47023013,2,4018
4019,比心,比心,2,tencent_ai_lab_chinese_embedding_light_mirror_mvp,0.49451021,0.50874674,0.47315541,表白,表白与追求,0.46930587,2,4019
4020,情到,情到,2,tencent_ai_lab_chinese_embedding_light_mirror_mvp,0.49450604,0.50885892,0.47297671,爱情,恋爱核心,0.49808756,2,4020
4021,不料,不料,2,tencent_ai_lab_chinese_embedding_light_mirror_mvp,0.49449117,0.50305563,0.48164448,妻子,婚恋,0.49064645,2,4021
4022,那份,那份,2,tencent_ai_lab_chinese_embedding_light_mirror_mvp,0.49448079,0.49693811,0.49079481,追求,恋爱核心,0.49023414,2,4022
4023,谋求,谋求,2,tencent_ai_lab_chinese_embedding_light_mirror_mvp,0.49446677,0.53427052,0.43476114,追求,亲密行为,0.3772307,2,4023
4024,照片,照片,2,tencent_ai_lab_chinese_embedding_light_mirror_mvp,0.49445757,0.50032353,0.48565862,前女友,亲密行为,0.49179825,2,4024
4025,家去,家去,2,tencent_ai_lab_chinese_embedding_light_mirror_mvp,0.49443785,0.50095642,0.48466,老婆,婚恋,0.52607727,2,4025
4026,真可怜,真可怜,3,tencent_ai_lab_chinese_embedding_light_mirror_mvp,0.49441569,0.50730067,0.47508821,老婆,对象关系,0.44728976,2,4026
4027,再帅,再帅,2,tencent_ai_lab_chinese_embedding_light_mirror_mvp,0.49440845,0.50611138,0.47685406,女朋友,对象关系,0.46077478,2,4027
4028,太忙,太忙,2,tencent_ai_lab_chinese_embedding_light_mirror_mvp,0.49440099,0.49769515,0.48945975,老公,婚恋,0.50070035,2,4028
4029,初一学生,初一学生,4,tencent_ai_lab_chinese_embedding_light_mirror_mvp,0.49439533,0.500835,0.48473582,早恋,校园恋爱,0.59765589,2,4029
4030,多病,多病,2,tencent_ai_lab_chinese_embedding_light_mirror_mvp,0.49436188,0.51370621,0.46534538,丈夫,婚恋,0.39558068,2,4030
4031,带狗,带狗,2,tencent_ai_lab_chinese_embedding_light_mirror_mvp,0.49435844,0.5383423,0.42838266,散步,约会,0.48439455,2,4031
4032,与富,与富,2,tencent_ai_lab_chinese_embedding_light_mirror_mvp,0.49433622,0.51267189,0.46683273,恋情,恋爱历史,0.44161838,2,4032
4033,安年,安年,2,tencent_ai_lab_chinese_embedding_light_mirror_mvp,0.49428005,0.50216621,0.48245081,同桌,表白与追求,0.46838135,2,4033
4034,军衣,军衣,2,tencent_ai_lab_chinese_embedding_light_mirror_mvp,0.49427916,0.56502676,0.38815776,校服,校园恋爱,0.39257073,2,4034
4035,另一方面,另一方面,4,tencent_ai_lab_chinese_embedding_light_mirror_mvp,0.49420849,0.5111419,0.46880838,对象,社会比较与人生进度,0.44127801,2,4035
4036,发了,发了,2,tencent_ai_lab_chinese_embedding_light_mirror_mvp,0.49420435,0.4971031,0.48985624,前女友,婚恋,0.4832924,2,4036
4037,暗示,暗示,2,tencent_ai_lab_chinese_embedding_light_mirror_mvp,0.49420303,0.49682871,0.49026451,前任,亲密行为,0.52370906,2,4037
4038,随波逐流,随波逐流,4,tencent_ai_lab_chinese_embedding_light_mirror_mvp,0.49419194,0.52335405,0.45044878,追求,社会比较与人生进度,0.45889044,2,4038
4039,似乎,似乎,2,tencent_ai_lab_chinese_embedding_light_mirror_mvp,0.49419013,0.49867448,0.48746359,追求,社会比较与人生进度,0.56380534,2,4039
4040,上进,上进,2,tencent_ai_lab_chinese_embedding_light_mirror_mvp,0.49415414,0.50347292,0.48017597,追求,社会比较与人生进度,0.54290813,2,4040
4041,太多,太多,2,tencent_ai_lab_chinese_embedding_light_mirror_mvp,0.49414657,0.50099188,0.48387861,追求,社会比较与人生进度,0.57240081,2,4041
4042,迈向,迈向,2,tencent_ai_lab_chinese_embedding_light_mirror_mvp,0.49408086,0.49928734,0.48627114,追求,亲密行为,0.46206376,2,4042
4043,插刀,插刀,2,tencent_ai_lab_chinese_embedding_light_mirror_mvp,0.49405314,0.50197005,0.48217776,前女友,恋爱历史,0.49367166,2,4043
4044,猜测,猜测,2,tencent_ai_lab_chinese_embedding_light_mirror_mvp,0.4940336,0.51344192,0.46492112,恋情,对象关系,0.44743735,2,4044
4045,有车,有车,2,tencent_ai_lab_chinese_embedding_light_mirror_mvp,0.49402213,0.49999791,0.48505846,单身,单身与脱单,0.47454917,2,4045
4046,马路,马路,2,tencent_ai_lab_chinese_embedding_light_mirror_mvp,0.49400483,0.5295316,0.44071469,散步,约会,0.45672312,2,4046
4047,孤苦伶仃,孤苦伶仃,4,tencent_ai_lab_chinese_embedding_light_mirror_mvp,0.49399312,0.50062829,0.48404035,丈夫,婚恋,0.47573173,2,4047
4048,追到,追到,2,tencent_ai_lab_chinese_embedding_light_mirror_mvp,0.49398745,0.49760011,0.48856845,表白,表白与追求,0.52885354,2,4048
4049,无忧无虑,无忧无虑,4,tencent_ai_lab_chinese_embedding_light_mirror_mvp,0.49398261,0.49545449,0.4917748,青春,社会比较与人生进度,0.53969967,2,4049
4050,亲如一家,亲如一家,4,tencent_ai_lab_chinese_embedding_light_mirror_mvp,0.49398251,0.53488201,0.43263325,亲密,亲密行为,0.47052187,2,4050
4051,谈论,谈论,2,tencent_ai_lab_chinese_embedding_light_mirror_mvp,0.49397138,0.49746615,0.48872924,亲密,亲密行为,0.51779556,2,4051
4052,通电话,通电话,3,tencent_ai_lab_chinese_embedding_light_mirror_mvp,0.49395885,0.50380564,0.47918868,约会,约会,0.51219368,2,4052
4053,初衷,初衷,2,tencent_ai_lab_chinese_embedding_light_mirror_mvp,0.4939558,0.52672982,0.44479477,追求,社会比较与人生进度,0.41506952,2,4053
4054,日子,日子,2,tencent_ai_lab_chinese_embedding_light_mirror_mvp,0.4939548,0.49882451,0.48665023,妻子,婚恋,0.52283156,2,4054
4055,发自内心,发自内心,4,tencent_ai_lab_chinese_embedding_light_mirror_mvp,0.49395469,0.50449967,0.47813722,拥抱,亲密行为,0.51280522,2,4055
4056,聊着,聊着,2,tencent_ai_lab_chinese_embedding_light_mirror_mvp,0.49395392,0.50514972,0.47716022,同桌,约会,0.51256108,2,4056
4057,平常,平常,2,tencent_ai_lab_chinese_embedding_light_mirror_mvp,0.49394,0.49923933,0.485991,散步,约会,0.5144611,2,4057
4058,房事,房事,2,tencent_ai_lab_chinese_embedding_light_mirror_mvp,0.49393588,0.49819994,0.4875398,接吻,亲密行为,0.49390715,2,4058
4059,嘻嘻哈哈,嘻嘻哈哈,4,tencent_ai_lab_chinese_embedding_light_mirror_mvp,0.49392837,0.49843827,0.48716351,同桌,约会,0.48422623,2,4059
4060,富足,富足,2,tencent_ai_lab_chinese_embedding_light_mirror_mvp,0.49392788,0.51065481,0.4688375,追求,社会比较与人生进度,0.48553813,2,4060
4061,人和,人和,2,tencent_ai_lab_chinese_embedding_light_mirror_mvp,0.49392611,0.50837243,0.47225663,对象,亲密行为,0.44601336,2,4061
4062,飞吻,飞吻,2,tencent_ai_lab_chinese_embedding_light_mirror_mvp,0.49390807,0.50125533,0.48288718,求婚,亲密行为,0.44295126,2,4062
4063,败光,败光,2,tencent_ai_lab_chinese_embedding_light_mirror_mvp,0.49390241,0.50863278,0.47180685,老婆,婚恋,0.48489648,2,4063
4064,打屁股,打屁股,3,tencent_ai_lab_chinese_embedding_light_mirror_mvp,0.49389127,0.52148724,0.45249733,早恋,校园恋爱,0.51410544,2,4064
4065,伊一,伊一,2,tencent_ai_lab_chinese_embedding_light_mirror_mvp,0.49388971,0.49996209,0.48478115,恋情,恋爱历史,0.5072574,2,4065
4066,爷们儿,爷们儿,3,tencent_ai_lab_chinese_embedding_light_mirror_mvp,0.49385539,0.49726894,0.48873505,老婆,对象关系,0.45102334,2,4066
4067,有缘人,有缘人,3,tencent_ai_lab_chinese_embedding_light_mirror_mvp,0.49382272,0.49742523,0.48841897,伴侣,单身与脱单,0.51203156,2,4067
4068,首付,首付,2,tencent_ai_lab_chinese_embedding_light_mirror_mvp,0.49379596,0.5187043,0.45643345,结婚,婚恋,0.46734351,2,4068
4069,炫耀,炫耀,2,tencent_ai_lab_chinese_embedding_light_mirror_mvp,0.49378955,0.50235623,0.48093954,追求,表白与追求,0.50498641,2,4069
4070,过客,过客,2,tencent_ai_lab_chinese_embedding_light_mirror_mvp,0.49378942,0.49681994,0.48924363,初恋,恋爱核心,0.49583197,2,4070
4071,夕阳,夕阳,2,tencent_ai_lab_chinese_embedding_light_mirror_mvp,0.4937777,0.49821731,0.48711827,青春,社会比较与人生进度,0.4475801,2,4071
4072,升职,升职,2,tencent_ai_lab_chinese_embedding_light_mirror_mvp,0.49376734,0.49652958,0.48962399,前任,婚恋,0.51113641,2,4072
4073,重视,重视,2,tencent_ai_lab_chinese_embedding_light_mirror_mvp,0.49376417,0.52078104,0.45323887,追求,社会比较与人生进度,0.42388761,2,4073
4074,自小,自小,2,tencent_ai_lab_chinese_embedding_light_mirror_mvp,0.49374279,0.5232296,0.44951257,同龄人,社会比较与人生进度,0.42542019,2,4074
4075,向你,向你,2,tencent_ai_lab_chinese_embedding_light_mirror_mvp,0.49373802,0.50227368,0.48093453,求婚,表白与追求,0.49076924,2,4075
4076,赌王,赌王,2,tencent_ai_lab_chinese_embedding_light_mirror_mvp,0.49372967,0.496887,0.48899367,老婆,婚恋,0.53862286,2,4076
4077,黑衣服,黑衣服,3,tencent_ai_lab_chinese_embedding_light_mirror_mvp,0.49368066,0.53460181,0.43229893,校服,校园恋爱,0.466878,2,4077
4078,亲爱,亲爱,2,tencent_ai_lab_chinese_embedding_light_mirror_mvp,0.49367326,0.49812275,0.48699903,爱情,表白与追求,0.5080663,2,4078
4079,聊到,聊到,2,tencent_ai_lab_chinese_embedding_light_mirror_mvp,0.49366957,0.50038713,0.48359323,女朋友,约会,0.50815123,2,4079
4080,拍照片,拍照片,3,tencent_ai_lab_chinese_embedding_light_mirror_mvp,0.49365923,0.49626487,0.48975077,约会,约会,0.57553518,2,4080
4081,快亲,快亲,2,tencent_ai_lab_chinese_embedding_light_mirror_mvp,0.49363213,0.53179353,0.43639001,接吻,亲密行为,0.42138511,2,4081
4082,出任,出任,2,tencent_ai_lab_chinese_embedding_light_mirror_mvp,0.49362108,0.54545236,0.41587415,前任,恋爱历史,0.33781707,2,4082
4083,人儿,人儿,2,tencent_ai_lab_chinese_embedding_light_mirror_mvp,0.49361299,0.5014537,0.48185194,恋人,对象关系,0.52583778,2,4083
4084,要强,要强,2,tencent_ai_lab_chinese_embedding_light_mirror_mvp,0.49360892,0.52944696,0.43985185,同龄人,社会比较与人生进度,0.49434626,2,4084
4085,传统观念,传统观念,4,tencent_ai_lab_chinese_embedding_light_mirror_mvp,0.49359804,0.51182312,0.46626043,追求,社会比较与人生进度,0.46569586,2,4085
4086,心目中,心目中,3,tencent_ai_lab_chinese_embedding_light_mirror_mvp,0.49356464,0.51135254,0.4668828,追求,表白与追求,0.49950603,2,4086
4087,酒店,酒店,2,tencent_ai_lab_chinese_embedding_light_mirror_mvp,0.49350439,0.5120219,0.46572813,约会,约会,0.52869695,2,4087
4088,分开,分开,2,tencent_ai_lab_chinese_embedding_light_mirror_mvp,0.49349394,0.49499017,0.49124959,情侣,亲密行为,0.54720551,2,4088
4089,不良情绪,不良情绪,4,tencent_ai_lab_chinese_embedding_light_mirror_mvp,0.49348437,0.51394075,0.46279979,亲密关系,对象关系,0.40594101,2,4089
4090,你家,你家,2,tencent_ai_lab_chinese_embedding_light_mirror_mvp,0.49344826,0.50620079,0.47431946,老婆,婚恋,0.42361411,2,4090
4091,贵人,贵人,2,tencent_ai_lab_chinese_embedding_light_mirror_mvp,0.4934464,0.5017001,0.48106584,伴侣,单身与脱单,0.49566895,2,4091
4092,人格分裂,人格分裂,4,tencent_ai_lab_chinese_embedding_light_mirror_mvp,0.49342959,0.4993332,0.48457417,暗恋,恋爱核心,0.48476166,2,4092
4093,喂奶,喂奶,2,tencent_ai_lab_chinese_embedding_light_mirror_mvp,0.49341865,0.504574,0.47668561,老公,婚恋,0.45535171,2,4093
4094,固有,固有,2,tencent_ai_lab_chinese_embedding_light_mirror_mvp,0.49340857,0.5293622,0.43947813,追求,社会比较与人生进度,0.46892869,2,4094
4095,相谈,相谈,2,tencent_ai_lab_chinese_embedding_light_mirror_mvp,0.49339776,0.50445956,0.47680506,亲密,约会,0.51498115,2,4095
4096,得了,得了,2,tencent_ai_lab_chinese_embedding_light_mirror_mvp,0.49335855,0.50307995,0.47877645,老婆,婚恋,0.48035672,2,4096
4097,周末,周末,2,tencent_ai_lab_chinese_embedding_light_mirror_mvp,0.49333919,0.51168644,0.46581832,约会,约会,0.53832132,2,4097
4098,对不对,对不对,3,tencent_ai_lab_chinese_embedding_light_mirror_mvp,0.49331816,0.5067094,0.47323132,女朋友,对象关系,0.49358875,2,4098
4099,自个,自个,2,tencent_ai_lab_chinese_embedding_light_mirror_mvp,0.49329892,0.51873744,0.45514116,老婆,婚恋,0.44362026,2,4099
4100,勇敢面对,勇敢面对,4,tencent_ai_lab_chinese_embedding_light_mirror_mvp,0.4932932,0.50564098,0.47477153,爱情,恋爱核心,0.48134148,2,4100
4101,我相信,我相信,3,tencent_ai_lab_chinese_embedding_light_mirror_mvp,0.49325517,0.50945258,0.46895906,追求,社会比较与人生进度,0.52513838,2,4101
4102,初出茅庐,初出茅庐,4,tencent_ai_lab_chinese_embedding_light_mirror_mvp,0.4932539,0.5190596,0.45454535,同龄人,社会比较与人生进度,0.55017459,2,4102
4103,尊严,尊严,2,tencent_ai_lab_chinese_embedding_light_mirror_mvp,0.49324521,0.51242447,0.46447632,追求,社会比较与人生进度,0.4847903,2,4103
4104,试卷,试卷,2,tencent_ai_lab_chinese_embedding_light_mirror_mvp,0.49321586,0.52171361,0.45046923,同桌,校园恋爱,0.55578703,2,4104
4105,昔日,昔日,2,tencent_ai_lab_chinese_embedding_light_mirror_mvp,0.49320549,0.52187467,0.45020172,前任,社会比较与人生进度,0.45157838,2,4105
4106,相比较,相比较,3,tencent_ai_lab_chinese_embedding_light_mirror_mvp,0.49319634,0.51556015,0.45965064,同龄人,社会比较与人生进度,0.523902,2,4106
4107,程序员,程序员,3,tencent_ai_lab_chinese_embedding_light_mirror_mvp,0.49318573,0.49792904,0.48607078,女朋友,对象关系,0.5184108,2,4107
4108,循规蹈矩,循规蹈矩,4,tencent_ai_lab_chinese_embedding_light_mirror_mvp,0.49317703,0.51391459,0.4620707,追求,社会比较与人生进度,0.50988936,2,4108
4109,好工作,好工作,3,tencent_ai_lab_chinese_embedding_light_mirror_mvp,0.49317447,0.49876833,0.48478368,单身,单身与脱单,0.5253796,2,4109
4110,痛苦万分,痛苦万分,4,tencent_ai_lab_chinese_embedding_light_mirror_mvp,0.49315399,0.50730097,0.47193351,丈夫,婚恋,0.46161181,2,4110
4111,高于一切,高于一切,4,tencent_ai_lab_chinese_embedding_light_mirror_mvp,0.4931493,0.53419888,0.43157494,追求,社会比较与人生进度,0.37692463,2,4111
4112,淋雨,淋雨,2,tencent_ai_lab_chinese_embedding_light_mirror_mvp,0.49314637,0.52659339,0.44297585,散步,约会,0.51434112,2,4112
4113,补拍,补拍,2,tencent_ai_lab_chinese_embedding_light_mirror_mvp,0.49308873,0.51182377,0.46498618,婚礼,婚恋,0.49657577,2,4113
4114,就订,就订,2,tencent_ai_lab_chinese_embedding_light_mirror_mvp,0.49308867,0.516747,0.45760119,订婚,婚恋,0.44720423,2,4114
4115,戳心,戳心,2,tencent_ai_lab_chinese_embedding_light_mirror_mvp,0.49307052,0.50341189,0.47755846,告白,恋爱核心,0.47673726,2,4115
4116,玻璃心,玻璃心,3,tencent_ai_lab_chinese_embedding_light_mirror_mvp,0.49306054,0.49569675,0.48910621,前女友,恋爱历史,0.5312531,2,4116
4117,片面追求,片面追求,4,tencent_ai_lab_chinese_embedding_light_mirror_mvp,0.49305309,0.55833542,0.39512959,追求,社会比较与人生进度,0.37395012,2,4117
4118,瞎了眼,瞎了眼,3,tencent_ai_lab_chinese_embedding_light_mirror_mvp,0.49301002,0.5088554,0.46924195,老婆,恋爱历史,0.49272397,2,4118
4119,否定,否定,2,tencent_ai_lab_chinese_embedding_light_mirror_mvp,0.49300107,0.51336801,0.46245065,追求,表白与追求,0.44242638,2,4119
4120,很忙,很忙,2,tencent_ai_lab_chinese_embedding_light_mirror_mvp,0.49298376,0.49768206,0.48593631,女朋友,婚恋,0.47934446,2,4120
4121,固步自封,固步自封,4,tencent_ai_lab_chinese_embedding_light_mirror_mvp,0.49292718,0.50826252,0.46992418,追求,社会比较与人生进度,0.54840326,2,4121
4122,一怒之下,一怒之下,4,tencent_ai_lab_chinese_embedding_light_mirror_mvp,0.49292105,0.50229669,0.47885761,妻子,婚恋,0.45489934,2,4122
4123,俊男,俊男,2,tencent_ai_lab_chinese_embedding_light_mirror_mvp,0.49291723,0.50575596,0.47365913,情侣,对象关系,0.50871485,2,4123
4124,微笑,微笑,2,tencent_ai_lab_chinese_embedding_light_mirror_mvp,0.49288486,0.50874865,0.46908918,拥抱,亲密行为,0.52761984,2,4124
4125,替儿,替儿,2,tencent_ai_lab_chinese_embedding_light_mirror_mvp,0.49286062,0.5063051,0.47269389,妻子,婚恋,0.43128783,2,4125
4126,为啥,为啥,2,tencent_ai_lab_chinese_embedding_light_mirror_mvp,0.49285774,0.50625104,0.4727678,老婆,婚恋,0.41446906,2,4126
4127,正如,正如,2,tencent_ai_lab_chinese_embedding_light_mirror_mvp,0.49285649,0.51181036,0.46442568,追求,社会比较与人生进度,0.45088798,2,4127
4128,联谊,联谊,2,tencent_ai_lab_chinese_embedding_light_mirror_mvp,0.49283485,0.49730533,0.48612913,约会,单身与脱单,0.50314462,2,4128
4129,认错,认错,2,tencent_ai_lab_chinese_embedding_light_mirror_mvp,0.49283057,0.49926051,0.48318565,求婚,恋爱历史,0.49133885,2,4129
4130,爱玩,爱玩,2,tencent_ai_lab_chinese_embedding_light_mirror_mvp,0.4928175,0.49814036,0.48483321,女朋友,对象关系,0.50200242,2,4130
4131,胞弟,胞弟,2,tencent_ai_lab_chinese_embedding_light_mirror_mvp,0.4928073,0.52181172,0.44930068,妻子,婚恋,0.43299246,2,4131
4132,飞哥,飞哥,2,tencent_ai_lab_chinese_embedding_light_mirror_mvp,0.49278615,0.50064212,0.48100218,女朋友,对象关系,0.43729672,2,4132
4133,非要,非要,2,tencent_ai_lab_chinese_embedding_light_mirror_mvp,0.49278461,0.49978998,0.48227656,老婆,对象关系,0.49068293,2,4133
4134,晚年,晚年,2,tencent_ai_lab_chinese_embedding_light_mirror_mvp,0.49278381,0.50534761,0.47393811,妻子,婚恋,0.44403827,2,4134
4135,自杀身亡,自杀身亡,4,tencent_ai_lab_chinese_embedding_light_mirror_mvp,0.49277602,0.51076531,0.46579209,妻子,婚恋,0.43898979,2,4135
4136,衣裳,衣裳,2,tencent_ai_lab_chinese_embedding_light_mirror_mvp,0.49276657,0.54528189,0.4139936,校服,校园恋爱,0.3978329,2,4136
4137,替父,替父,2,tencent_ai_lab_chinese_embedding_light_mirror_mvp,0.4927582,0.5090915,0.46825826,妻子,婚恋,0.48477924,2,4137
4138,挂科,挂科,2,tencent_ai_lab_chinese_embedding_light_mirror_mvp,0.49271845,0.51832652,0.45430633,早恋,校园恋爱,0.49288821,2,4138
4139,回答,回答,2,tencent_ai_lab_chinese_embedding_light_mirror_mvp,0.49270953,0.5078721,0.46996567,女朋友,对象关系,0.48051676,2,4139
4140,这位,这位,2,tencent_ai_lab_chinese_embedding_light_mirror_mvp,0.49270824,0.50340402,0.47666457,妻子,婚恋,0.45299828,2,4140
4141,演了,演了,2,tencent_ai_lab_chinese_embedding_light_mirror_mvp,0.49269814,0.50425643,0.47536072,恋情,恋爱核心,0.49546686,2,4141
4142,影片,影片,2,tencent_ai_lab_chinese_embedding_light_mirror_mvp,0.49269675,0.51508129,0.45911995,爱情,恋爱核心,0.46903268,2,4142
4143,身为,身为,2,tencent_ai_lab_chinese_embedding_light_mirror_mvp,0.49268039,0.51499748,0.45920476,前任,社会比较与人生进度,0.45468339,2,4143
4144,倘若,倘若,2,tencent_ai_lab_chinese_embedding_light_mirror_mvp,0.49267055,0.50884455,0.46840954,伴侣,对象关系,0.46175033,2,4144
4145,局面,局面,2,tencent_ai_lab_chinese_embedding_light_mirror_mvp,0.4926221,0.54232097,0.4180738,落后,社会比较与人生进度,0.43755993,2,4145
4146,含蓄,含蓄,2,tencent_ai_lab_chinese_embedding_light_mirror_mvp,0.4926155,0.50188506,0.47871116,告白,表白与追求,0.55850589,2,4146
4147,大聚会,大聚会,3,tencent_ai_lab_chinese_embedding_light_mirror_mvp,0.49259427,0.53136438,0.43443909,婚礼,约会,0.40506303,2,4147
4148,女权,女权,2,tencent_ai_lab_chinese_embedding_light_mirror_mvp,0.49258935,0.4999215,0.48159114,爱情,恋爱核心,0.45907551,2,4148
4149,前世,前世,2,tencent_ai_lab_chinese_embedding_light_mirror_mvp,0.49258159,0.50425828,0.47506657,初恋,恋爱核心,0.48237425,2,4149
4150,不幸,不幸,2,tencent_ai_lab_chinese_embedding_light_mirror_mvp,0.49257905,0.50856274,0.46860352,妻子,婚恋,0.45913789,2,4150
4151,不老,不老,2,tencent_ai_lab_chinese_embedding_light_mirror_mvp,0.49256862,0.518345,0.45390406,青春,社会比较与人生进度,0.48057795,2,4151
4152,感天动地,感天动地,4,tencent_ai_lab_chinese_embedding_light_mirror_mvp,0.49256463,0.50691199,0.47104359,爱情,恋爱核心,0.47956175,2,4152
4153,宾馆,宾馆,2,tencent_ai_lab_chinese_embedding_light_mirror_mvp,0.49256096,0.50235611,0.47786823,约会,约会,0.5215435,2,4153
4154,千金,千金,2,tencent_ai_lab_chinese_embedding_light_mirror_mvp,0.49255019,0.50176162,0.47873306,订婚,婚恋,0.54460871,2,4154
4155,男女平等,男女平等,4,tencent_ai_lab_chinese_embedding_light_mirror_mvp,0.4925393,0.49457914,0.48947954,恋爱,婚恋,0.48459354,2,4155
4156,人生哲学,人生哲学,4,tencent_ai_lab_chinese_embedding_light_mirror_mvp,0.49251734,0.49897999,0.48282337,追求,表白与追求,0.47008315,2,4156
4157,表达,表达,2,tencent_ai_lab_chinese_embedding_light_mirror_mvp,0.49242095,0.49335408,0.49102125,拥抱,表白与追求,0.52628446,2,4157
4158,我想说,我想说,3,tencent_ai_lab_chinese_embedding_light_mirror_mvp,0.49237452,0.49349684,0.49069104,青春,表白与追求,0.54901034,2,4158
4159,停学,停学,2,tencent_ai_lab_chinese_embedding_light_mirror_mvp,0.4923743,0.53032053,0.43545496,早恋,校园恋爱,0.52356428,2,4159
4160,肝胆相照,肝胆相照,4,tencent_ai_lab_chinese_embedding_light_mirror_mvp,0.49236534,0.49882084,0.48268208,恋人,亲密行为,0.48240665,2,4160
4161,自然地,自然地,3,tencent_ai_lab_chinese_embedding_light_mirror_mvp,0.49236095,0.51089609,0.46455824,亲密,亲密行为,0.51798689,2,4161
4162,老一辈,老一辈,3,tencent_ai_lab_chinese_embedding_light_mirror_mvp,0.49234527,0.52876997,0.43770823,同龄人,社会比较与人生进度,0.54384375,2,4162
4163,天分,天分,2,tencent_ai_lab_chinese_embedding_light_mirror_mvp,0.49233017,0.51701158,0.45530805,同龄人,社会比较与人生进度,0.4956724,2,4163
4164,闲下来,闲下来,3,tencent_ai_lab_chinese_embedding_light_mirror_mvp,0.49231149,0.50682801,0.47053671,散步,社会比较与人生进度,0.50111425,2,4164
4165,一句,一句,2,tencent_ai_lab_chinese_embedding_light_mirror_mvp,0.49229947,0.49813402,0.48354766,老婆,对象关系,0.490619,2,4165
4166,不如意,不如意,3,tencent_ai_lab_chinese_embedding_light_mirror_mvp,0.4922942,0.50524235,0.47287199,爱情,恋爱核心,0.4961054,2,4166
4167,团聚,团聚,2,tencent_ai_lab_chinese_embedding_light_mirror_mvp,0.49229317,0.49488235,0.4884094,婚礼,婚恋,0.53214616,2,4167
4168,反而,反而,2,tencent_ai_lab_chinese_embedding_light_mirror_mvp,0.49228677,0.51526928,0.45781299,追求,社会比较与人生进度,0.54359359,2,4168
4169,联欢会,联欢会,3,tencent_ai_lab_chinese_embedding_light_mirror_mvp,0.49228219,0.52417028,0.44445005,婚礼,校园恋爱,0.42644829,2,4169
4170,剧情,剧情,2,tencent_ai_lab_chinese_embedding_light_mirror_mvp,0.49227242,0.50868964,0.4676466,爱情,恋爱核心,0.5099321,2,4170
4171,黯然神伤,黯然神伤,4,tencent_ai_lab_chinese_embedding_light_mirror_mvp,0.49227045,0.50605309,0.47159648,恋人,恋爱历史,0.47007388,2,4171
4172,总有,总有,2,tencent_ai_lab_chinese_embedding_light_mirror_mvp,0.49223325,0.50383747,0.47482693,爱情,社会比较与人生进度,0.4983964,2,4172
4173,拳脚相加,拳脚相加,4,tencent_ai_lab_chinese_embedding_light_mirror_mvp,0.4922177,0.50163531,0.47809127,丈夫,婚恋,0.4610835,2,4173
4174,沉默寡言,沉默寡言,4,tencent_ai_lab_chinese_embedding_light_mirror_mvp,0.49220868,0.5022012,0.47721991,同龄人,社会比较与人生进度,0.46127629,2,4174
4175,不求上进,不求上进,4,tencent_ai_lab_chinese_embedding_light_mirror_mvp,0.49218324,0.49788943,0.48362395,单身,社会比较与人生进度,0.49085665,2,4175
4176,避孕措施,避孕措施,4,tencent_ai_lab_chinese_embedding_light_mirror_mvp,0.49216226,0.50700122,0.46990383,结婚,婚恋,0.45319366,2,4176
4177,轻浮,轻浮,2,tencent_ai_lab_chinese_embedding_light_mirror_mvp,0.49213543,0.49542993,0.48719367,爱情,恋爱核心,0.51683575,2,4177
4178,抠门儿,抠门儿,3,tencent_ai_lab_chinese_embedding_light_mirror_mvp,0.49210055,0.51132196,0.46326843,老婆,婚恋,0.45882106,2,4178
4179,情结,情结,2,tencent_ai_lab_chinese_embedding_light_mirror_mvp,0.49209983,0.49665248,0.48527086,初恋,恋爱核心,0.47523212,2,4179
4180,软弱,软弱,2,tencent_ai_lab_chinese_embedding_light_mirror_mvp,0.49209617,0.50640488,0.47063312,亲密关系,社会比较与人生进度,0.49459654,2,4180
4181,现阶段,现阶段,3,tencent_ai_lab_chinese_embedding_light_mirror_mvp,0.4920781,0.50354981,0.47487053,追求,社会比较与人生进度,0.46889028,2,4181
4182,催着,催着,2,tencent_ai_lab_chinese_embedding_light_mirror_mvp,0.49204521,0.49862185,0.48218024,结婚,婚恋,0.50406772,2,4182
4183,大林,大林,2,tencent_ai_lab_chinese_embedding_light_mirror_mvp,0.49203538,0.49357429,0.48972702,妻子,婚恋,0.49617565,2,4183
4184,盲从,盲从,2,tencent_ai_lab_chinese_embedding_light_mirror_mvp,0.49203433,0.53229177,0.43164816,追求,社会比较与人生进度,0.4698377,2,4184
4185,共进,共进,2,tencent_ai_lab_chinese_embedding_light_mirror_mvp,0.49199859,0.49875587,0.48186266,牵手,亲密行为,0.52066928,2,4185
4186,大女,大女,2,tencent_ai_lab_chinese_embedding_light_mirror_mvp,0.49199843,0.5002268,0.47965589,结婚,婚恋,0.51693654,2,4186
4187,下手,下手,2,tencent_ai_lab_chinese_embedding_light_mirror_mvp,0.49199836,0.52279967,0.4457964,对象,对象关系,0.45435515,2,4187
4188,强烈,强烈,2,tencent_ai_lab_chinese_embedding_light_mirror_mvp,0.49197937,0.5218634,0.44715333,追求,社会比较与人生进度,0.43287811,2,4188
4189,相投,相投,2,tencent_ai_lab_chinese_embedding_light_mirror_mvp,0.49195334,0.50512016,0.47220311,伴侣,对象关系,0.48362988,2,4189
4190,收心,收心,2,tencent_ai_lab_chinese_embedding_light_mirror_mvp,0.49195012,0.50283062,0.47562936,恋爱,单身与脱单,0.48595703,2,4190
4191,军训,军训,2,tencent_ai_lab_chinese_embedding_light_mirror_mvp,0.49191623,0.49622369,0.48545504,校服,校园恋爱,0.58165848,2,4191
4192,目的性,目的性,3,tencent_ai_lab_chinese_embedding_light_mirror_mvp,0.4919136,0.50526881,0.47188079,追求,对象关系,0.45936233,2,4192
4193,将心比心,将心比心,4,tencent_ai_lab_chinese_embedding_light_mirror_mvp,0.49191074,0.49446821,0.48807454,亲密关系,亲密行为,0.49199295,2,4193
4194,好啊,好啊,2,tencent_ai_lab_chinese_embedding_light_mirror_mvp,0.49190755,0.50489354,0.47242856,老婆,婚恋,0.44033074,2,4194
4195,塑造,塑造,2,tencent_ai_lab_chinese_embedding_light_mirror_mvp,0.49190565,0.52643728,0.44010821,追求,表白与追求,0.42574358,2,4195
4196,迷茫,迷茫,2,tencent_ai_lab_chinese_embedding_light_mirror_mvp,0.49189444,0.50092465,0.47834912,爱情,恋爱核心,0.50251418,2,4196
4197,忘了,忘了,2,tencent_ai_lab_chinese_embedding_light_mirror_mvp,0.49185458,0.50102973,0.47809187,女朋友,对象关系,0.50781691,2,4197
4198,剪彩,剪彩,2,tencent_ai_lab_chinese_embedding_light_mirror_mvp,0.49183424,0.51029599,0.46414161,婚礼,婚恋,0.40740615,2,4198
4199,天赋,天赋,2,tencent_ai_lab_chinese_embedding_light_mirror_mvp,0.49181308,0.51900601,0.45102367,同龄人,社会比较与人生进度,0.55676031,2,4199
4200,太穷,太穷,2,tencent_ai_lab_chinese_embedding_light_mirror_mvp,0.4918071,0.50346839,0.47431517,老婆,婚恋,0.48992598,2,4200
4201,层次,层次,2,tencent_ai_lab_chinese_embedding_light_mirror_mvp,0.49180326,0.52519631,0.44171369,追求,社会比较与人生进度,0.42085922,2,4201
4202,固执,固执,2,tencent_ai_lab_chinese_embedding_light_mirror_mvp,0.49179272,0.49223772,0.49112523,爱情,社会比较与人生进度,0.5303247,2,4202
4203,领带,领带,2,tencent_ai_lab_chinese_embedding_light_mirror_mvp,0.49176383,0.52833635,0.43690506,校服,校园恋爱,0.45443809,2,4203
4204,最终目标,最终目标,4,tencent_ai_lab_chinese_embedding_light_mirror_mvp,0.49174659,0.53324473,0.42949939,追求,亲密行为,0.31523275,2,4204
4205,别扭,别扭,2,tencent_ai_lab_chinese_embedding_light_mirror_mvp,0.49174526,0.51142991,0.46221828,亲密,亲密行为,0.46880966,2,4205
4206,朋友们,朋友们,3,tencent_ai_lab_chinese_embedding_light_mirror_mvp,0.49171374,0.50634855,0.46976152,女朋友,对象关系,0.53325868,2,4206
4207,够意思,够意思,3,tencent_ai_lab_chinese_embedding_light_mirror_mvp,0.49171057,0.50935769,0.46523988,老婆,婚恋,0.45398152,2,4207
4208,喜讯,喜讯,2,tencent_ai_lab_chinese_embedding_light_mirror_mvp,0.49168798,0.50104725,0.47764906,恋情,婚恋,0.50945163,2,4208
4209,谈妥,谈妥,2,tencent_ai_lab_chinese_embedding_light_mirror_mvp,0.49168446,0.52639323,0.4396213,订婚,婚恋,0.41834474,2,4209
4210,找个,找个,2,tencent_ai_lab_chinese_embedding_light_mirror_mvp,0.49166392,0.49469405,0.48711872,单身,对象关系,0.52330184,2,4210
4211,抱有,抱有,2,tencent_ai_lab_chinese_embedding_light_mirror_mvp,0.49165072,0.5269897,0.43864226,追求,表白与追求,0.41939157,2,4211
4212,结束,结束,2,tencent_ai_lab_chinese_embedding_light_mirror_mvp,0.49164227,0.5187701,0.45095053,落后,社会比较与人生进度,0.54902077,2,4212
4213,寿诞,寿诞,2,tencent_ai_lab_chinese_embedding_light_mirror_mvp,0.491599,0.51053441,0.46319589,婚礼,婚恋,0.39635152,2,4213
4214,跳槽,跳槽,2,tencent_ai_lab_chinese_embedding_light_mirror_mvp,0.49159399,0.50439155,0.47239766,单身,单身与脱单,0.48938861,2,4214
4215,拘泥于,拘泥于,3,tencent_ai_lab_chinese_embedding_light_mirror_mvp,0.49157596,0.54721808,0.40811276,追求,社会比较与人生进度,0.41815829,2,4215
4216,和服,和服,2,tencent_ai_lab_chinese_embedding_light_mirror_mvp,0.49153532,0.54583478,0.41008613,校服,约会,0.36460418,2,4216
4217,算了吧,算了吧,3,tencent_ai_lab_chinese_embedding_light_mirror_mvp,0.49151092,0.49952626,0.4794879,女朋友,恋爱历史,0.48188096,2,4217
4218,爱理不理,爱理不理,4,tencent_ai_lab_chinese_embedding_light_mirror_mvp,0.49150282,0.49528816,0.48582479,女朋友,恋爱历史,0.51178145,2,4218
4219,与众不同,与众不同,4,tencent_ai_lab_chinese_embedding_light_mirror_mvp,0.49149567,0.50760233,0.46733567,追求,社会比较与人生进度,0.54003763,2,4219
4220,正装,正装,2,tencent_ai_lab_chinese_embedding_light_mirror_mvp,0.49149491,0.5201596,0.44849786,校服,约会,0.42553127,2,4220
4221,感觉,感觉,2,tencent_ai_lab_chinese_embedding_light_mirror_mvp,0.49146898,0.49425036,0.48729691,青春,社会比较与人生进度,0.55943179,2,4221
4222,女中学生,女中学生,4,tencent_ai_lab_chinese_embedding_light_mirror_mvp,0.49144933,0.51590639,0.45476374,校服,校园恋爱,0.55822635,2,4222
4223,仙女,仙女,2,tencent_ai_lab_chinese_embedding_light_mirror_mvp,0.49144898,0.49751315,0.48235273,男朋友,对象关系,0.51711309,2,4223
4224,昂扬,昂扬,2,tencent_ai_lab_chinese_embedding_light_mirror_mvp,0.49144765,0.53343666,0.42846414,青春,社会比较与人生进度,0.49949485,2,4224
4225,交配,交配,2,tencent_ai_lab_chinese_embedding_light_mirror_mvp,0.49142799,0.50546408,0.47037387,伴侣,亲密行为,0.45094675,2,4225
4226,喂食,喂食,2,tencent_ai_lab_chinese_embedding_light_mirror_mvp,0.49142402,0.51213467,0.46035805,散步,约会,0.47700158,2,4226
4227,说养,说养,2,tencent_ai_lab_chinese_embedding_light_mirror_mvp,0.49142324,0.50283253,0.4743093,老婆,婚恋,0.48079401,2,4227
4228,框照,框照,2,tencent_ai_lab_chinese_embedding_light_mirror_mvp,0.49140688,0.49832049,0.48103645,恋情,亲密行为,0.46030775,2,4228
4229,主治医生,主治医生,4,tencent_ai_lab_chinese_embedding_light_mirror_mvp,0.49139898,0.49727839,0.48257986,丈夫,婚恋,0.49318182,2,4229
4230,遗憾,遗憾,2,tencent_ai_lab_chinese_embedding_light_mirror_mvp,0.49135436,0.50650334,0.46863088,青春,社会比较与人生进度,0.5853653,2,4230
4231,潇洒,潇洒,2,tencent_ai_lab_chinese_embedding_light_mirror_mvp,0.49135119,0.50442553,0.47173968,青春,社会比较与人生进度,0.49680239,2,4231
4232,人生道路,人生道路,4,tencent_ai_lab_chinese_embedding_light_mirror_mvp,0.49131877,0.50017226,0.47803855,爱情,社会比较与人生进度,0.48817337,2,4232
4233,真好,真好,2,tencent_ai_lab_chinese_embedding_light_mirror_mvp,0.49127616,0.49558854,0.48480758,女朋友,对象关系,0.47728416,2,4233
4234,风波,风波,2,tencent_ai_lab_chinese_embedding_light_mirror_mvp,0.49127407,0.51922083,0.44935393,恋情,恋爱历史,0.42180297,2,4234
4235,看不顺眼,看不顺眼,4,tencent_ai_lab_chinese_embedding_light_mirror_mvp,0.49127132,0.50609338,0.46903822,前任,对象关系,0.4956992,2,4235
4236,寄托,寄托,2,tencent_ai_lab_chinese_embedding_light_mirror_mvp,0.49126053,0.51229137,0.45971426,追求,社会比较与人生进度,0.42872113,2,4236
4237,黄觉,黄觉,2,tencent_ai_lab_chinese_embedding_light_mirror_mvp,0.49125012,0.49399692,0.48712993,恋情,恋爱历史,0.51347244,2,4237
4238,游手好闲,游手好闲,4,tencent_ai_lab_chinese_embedding_light_mirror_mvp,0.49122205,0.49942794,0.47891322,老婆,婚恋,0.4496873,2,4238
4239,出发点,出发点,3,tencent_ai_lab_chinese_embedding_light_mirror_mvp,0.4912177,0.51576024,0.45440388,追求,对象关系,0.40879801,2,4239
4240,王室,王室,2,tencent_ai_lab_chinese_embedding_light_mirror_mvp,0.49113743,0.49872345,0.47975841,订婚,婚恋,0.47087538,2,4240
4241,分差,分差,2,tencent_ai_lab_chinese_embedding_light_mirror_mvp,0.49113652,0.58182466,0.3551043,落后,社会比较与人生进度,0.47503215,2,4241
4242,性感,性感,2,tencent_ai_lab_chinese_embedding_light_mirror_mvp,0.49113352,0.4998109,0.47811744,青春,社会比较与人生进度,0.47972003,2,4242
4243,黄昏,黄昏,2,tencent_ai_lab_chinese_embedding_light_mirror_mvp,0.49112339,0.51478195,0.45563555,散步,约会,0.47600394,2,4243
4244,异乡,异乡,2,tencent_ai_lab_chinese_embedding_light_mirror_mvp,0.49112123,0.51060063,0.46190214,恋人,对象关系,0.46776757,2,4244
4245,装束,装束,2,tencent_ai_lab_chinese_embedding_light_mirror_mvp,0.49112035,0.54538071,0.40972981,校服,校园恋爱,0.37660736,2,4245
4246,性情,性情,2,tencent_ai_lab_chinese_embedding_light_mirror_mvp,0.49110479,0.4966577,0.48277542,亲密关系,恋爱核心,0.48214406,2,4246
4247,看来,看来,2,tencent_ai_lab_chinese_embedding_light_mirror_mvp,0.49110259,0.50522947,0.46991226,追求,社会比较与人生进度,0.53232837,2,4247
4248,军哥,军哥,2,tencent_ai_lab_chinese_embedding_light_mirror_mvp,0.49108918,0.49555379,0.48439226,女朋友,婚恋,0.44179928,2,4248
4249,他开,他开,2,tencent_ai_lab_chinese_embedding_light_mirror_mvp,0.49108055,0.49909508,0.47905874,女朋友,婚恋,0.45671657,2,4249
4250,意气风发,意气风发,4,tencent_ai_lab_chinese_embedding_light_mirror_mvp,0.49106851,0.51261711,0.4587456,青春,社会比较与人生进度,0.56511182,2,4250
4251,这代,这代,2,tencent_ai_lab_chinese_embedding_light_mirror_mvp,0.49102826,0.49828902,0.48013711,同龄人,社会比较与人生进度,0.57701921,2,4251
4252,守护星,守护星,3,tencent_ai_lab_chinese_embedding_light_mirror_mvp,0.49101914,0.49967128,0.47804093,伴侣,恋爱核心,0.45215863,2,4252
4253,属相,属相,2,tencent_ai_lab_chinese_embedding_light_mirror_mvp,0.49101397,0.49804449,0.48046818,伴侣,单身与脱单,0.48776233,2,4253
4254,当上,当上,2,tencent_ai_lab_chinese_embedding_light_mirror_mvp,0.49097121,0.51206982,0.45932329,前任,婚恋,0.47213042,2,4254
4255,大四,大四,2,tencent_ai_lab_chinese_embedding_light_mirror_mvp,0.49095557,0.49249113,0.48865223,早恋,单身与脱单,0.51407099,2,4255
4256,强暴,强暴,2,tencent_ai_lab_chinese_embedding_light_mirror_mvp,0.49095147,0.50113118,0.4756819,接吻,婚恋,0.48353127,2,4256
4257,聊过,聊过,2,tencent_ai_lab_chinese_embedding_light_mirror_mvp,0.49095113,0.49631757,0.48290148,前任,恋爱历史,0.50890791,2,4257
4258,年青,年青,2,tencent_ai_lab_chinese_embedding_light_mirror_mvp,0.49094449,0.51711386,0.45169044,同龄人,社会比较与人生进度,0.53106189,2,4258
4259,一姐,一姐,2,tencent_ai_lab_chinese_embedding_light_mirror_mvp,0.49094257,0.49726924,0.48145255,前女友,恋爱历史,0.49588546,2,4259
4260,积极进取,积极进取,4,tencent_ai_lab_chinese_embedding_light_mirror_mvp,0.49092815,0.51800406,0.45031428,追求,社会比较与人生进度,0.51422232,2,4260
4261,失望透顶,失望透顶,4,tencent_ai_lab_chinese_embedding_light_mirror_mvp,0.49088887,0.49408275,0.48609805,前任,婚恋,0.49981046,2,4261
4262,读书,读书,2,tencent_ai_lab_chinese_embedding_light_mirror_mvp,0.49086955,0.49471739,0.4850978,同龄人,校园恋爱,0.53350329,2,4262
4263,成熟,成熟,2,tencent_ai_lab_chinese_embedding_light_mirror_mvp,0.49086492,0.51346594,0.45696339,同龄人,社会比较与人生进度,0.58312845,2,4263
4264,人间烟火,人间烟火,4,tencent_ai_lab_chinese_embedding_light_mirror_mvp,0.49086304,0.50800085,0.46515632,爱情,恋爱核心,0.46020475,2,4264
4265,定下,定下,2,tencent_ai_lab_chinese_embedding_light_mirror_mvp,0.49086263,0.50885195,0.46387866,订婚,婚恋,0.4381021,2,4265
4266,漂亮,漂亮,2,tencent_ai_lab_chinese_embedding_light_mirror_mvp,0.49084753,0.49964911,0.47764516,女朋友,社会比较与人生进度,0.51296389,2,4266
4267,小五,小五,2,tencent_ai_lab_chinese_embedding_light_mirror_mvp,0.490845,0.49400151,0.48611024,女朋友,婚恋,0.48555395,2,4267
4268,迈进,迈进,2,tencent_ai_lab_chinese_embedding_light_mirror_mvp,0.49082204,0.50677657,0.46689025,追求,社会比较与人生进度,0.40792567,2,4268
4269,和平共处,和平共处,4,tencent_ai_lab_chinese_embedding_light_mirror_mvp,0.49081997,0.50411016,0.47088468,亲密关系,亲密行为,0.49895588,2,4269
4270,白大褂,白大褂,3,tencent_ai_lab_chinese_embedding_light_mirror_mvp,0.49081481,0.54536086,0.40899572,校服,校园恋爱,0.45377806,2,4270
4271,不要脸,不要脸,3,tencent_ai_lab_chinese_embedding_light_mirror_mvp,0.49080285,0.50158358,0.47463176,老婆,恋爱历史,0.45980269,2,4271
4272,生活习惯,生活习惯,4,tencent_ai_lab_chinese_embedding_light_mirror_mvp,0.49079882,0.50540006,0.46889696,伴侣,对象关系,0.45047867,2,4272
4273,得过且过,得过且过,4,tencent_ai_lab_chinese_embedding_light_mirror_mvp,0.49078249,0.50363934,0.47149721,追求,社会比较与人生进度,0.47866419,2,4273
4274,非主流,非主流,3,tencent_ai_lab_chinese_embedding_light_mirror_mvp,0.49076432,0.501719,0.4743323,校服,校园恋爱,0.54827678,2,4274
4275,澄清,澄清,2,tencent_ai_lab_chinese_embedding_light_mirror_mvp,0.49074514,0.50439107,0.47027624,恋情,亲密行为,0.47157082,2,4275
4276,怨恨,怨恨,2,tencent_ai_lab_chinese_embedding_light_mirror_mvp,0.49072999,0.49397007,0.48586988,妻子,婚恋,0.46652228,2,4276
4277,老好人,老好人,3,tencent_ai_lab_chinese_embedding_light_mirror_mvp,0.49065973,0.50669992,0.46659943,前任,对象关系,0.45740303,2,4277
4278,炒作,炒作,2,tencent_ai_lab_chinese_embedding_light_mirror_mvp,0.49065413,0.51408267,0.45551133,恋情,恋爱核心,0.44056702,2,4278
4279,牌友,牌友,2,tencent_ai_lab_chinese_embedding_light_mirror_mvp,0.49064424,0.49520385,0.48380482,老婆,对象关系,0.47272968,2,4279
4280,卧槽,卧槽,2,tencent_ai_lab_chinese_embedding_light_mirror_mvp,0.49064232,0.49515235,0.48387727,女朋友,恋爱历史,0.44440633,2,4280
4281,没说,没说,2,tencent_ai_lab_chinese_embedding_light_mirror_mvp,0.49063922,0.50221699,0.47327256,女朋友,婚恋,0.45654076,2,4281
4282,身体语言,身体语言,4,tencent_ai_lab_chinese_embedding_light_mirror_mvp,0.49061946,0.50249696,0.47280321,亲密关系,亲密行为,0.54864633,2,4282
4283,誓词,誓词,2,tencent_ai_lab_chinese_embedding_light_mirror_mvp,0.4906146,0.50805879,0.46444833,婚礼,婚恋,0.4326092,2,4283
4284,下属,下属,2,tencent_ai_lab_chinese_embedding_light_mirror_mvp,0.49061216,0.52262646,0.44259071,前任,对象关系,0.40006226,2,4284
4285,表达出来,表达出来,4,tencent_ai_lab_chinese_embedding_light_mirror_mvp,0.4905862,0.49437055,0.48490968,告白,表白与追求,0.55855703,2,4285
4286,这样,这样,2,tencent_ai_lab_chinese_embedding_light_mirror_mvp,0.49058195,0.49811888,0.47927657,追求,对象关系,0.52851701,2,4286
4287,无拘无束,无拘无束,4,tencent_ai_lab_chinese_embedding_light_mirror_mvp,0.4905736,0.50219774,0.47313738,追求,社会比较与人生进度,0.48361272,2,4287
4288,民族服装,民族服装,4,tencent_ai_lab_chinese_embedding_light_mirror_mvp,0.49051287,0.5376429,0.41981784,校服,社会比较与人生进度,0.3682121,2,4288
4289,争风吃醋,争风吃醋,4,tencent_ai_lab_chinese_embedding_light_mirror_mvp,0.49050171,0.49128848,0.48932156,暗恋,婚恋,0.51256514,2,4289
4290,有的人,有的人,3,tencent_ai_lab_chinese_embedding_light_mirror_mvp,0.49048804,0.49679637,0.48102555,爱情,社会比较与人生进度,0.50343275,2,4290
4291,学校食堂,学校食堂,4,tencent_ai_lab_chinese_embedding_light_mirror_mvp,0.49048151,0.50523949,0.46834454,同桌,校园恋爱,0.57749867,2,4291
4292,继任者,继任者,3,tencent_ai_lab_chinese_embedding_light_mirror_mvp,0.49042355,0.55065244,0.4000802,前任,恋爱历史,0.35059309,2,4292
4293,加班,加班,2,tencent_ai_lab_chinese_embedding_light_mirror_mvp,0.49041771,0.50251013,0.47227907,老公,对象关系,0.45596838,2,4293
4294,乏味,乏味,2,tencent_ai_lab_chinese_embedding_light_mirror_mvp,0.49040922,0.49219871,0.48772499,追求,社会比较与人生进度,0.53272849,2,4294
4295,自我暗示,自我暗示,4,tencent_ai_lab_chinese_embedding_light_mirror_mvp,0.49040303,0.51557612,0.45264339,亲密关系,表白与追求,0.44905722,2,4295
4296,过来,过来,2,tencent_ai_lab_chinese_embedding_light_mirror_mvp,0.49037648,0.49501717,0.48341545,老婆,婚恋,0.47181189,2,4296
4297,等他,等他,2,tencent_ai_lab_chinese_embedding_light_mirror_mvp,0.49036875,0.49712771,0.4802303,老婆,婚恋,0.47869083,2,4297
4298,亲子,亲子,2,tencent_ai_lab_chinese_embedding_light_mirror_mvp,0.49035751,0.50837201,0.46333575,亲密关系,亲密行为,0.46402943,2,4298
4299,视为,视为,2,tencent_ai_lab_chinese_embedding_light_mirror_mvp,0.49035542,0.51791632,0.44901407,对象,社会比较与人生进度,0.37186503,2,4299
4300,踱步,踱步,2,tencent_ai_lab_chinese_embedding_light_mirror_mvp,0.49035107,0.55711508,0.39020506,散步,约会,0.43450248,2,4300
4301,自私自利,自私自利,4,tencent_ai_lab_chinese_embedding_light_mirror_mvp,0.4903283,0.49632549,0.48133251,亲密关系,对象关系,0.44622347,2,4301
4302,裸体,裸体,2,tencent_ai_lab_chinese_embedding_light_mirror_mvp,0.49031953,0.51801956,0.44876948,接吻,亲密行为,0.47888064,2,4302
4303,网上,网上,2,tencent_ai_lab_chinese_embedding_light_mirror_mvp,0.49030517,0.49398437,0.48478636,前女友,对象关系,0.50976878,2,4303
4304,持久,持久,2,tencent_ai_lab_chinese_embedding_light_mirror_mvp,0.49030133,0.50331491,0.47078097,追求,亲密行为,0.40906531,2,4304
4305,发福,发福,2,tencent_ai_lab_chinese_embedding_light_mirror_mvp,0.49029377,0.51308018,0.45611414,单身,单身与脱单,0.48156971,2,4305
4306,时装,时装,2,tencent_ai_lab_chinese_embedding_light_mirror_mvp,0.49024616,0.51849079,0.44787923,校服,社会比较与人生进度,0.39463446,2,4306
4307,蛮帅,蛮帅,2,tencent_ai_lab_chinese_embedding_light_mirror_mvp,0.4902229,0.50261772,0.47163066,女朋友,恋爱历史,0.47460219,2,4307
4308,直言,直言,2,tencent_ai_lab_chinese_embedding_light_mirror_mvp,0.49021568,0.49880308,0.47733459,前任,婚恋,0.48860371,2,4308
4309,跳绳,跳绳,2,tencent_ai_lab_chinese_embedding_light_mirror_mvp,0.49016745,0.53396064,0.42447767,散步,约会,0.44328868,2,4309
4310,痛过,痛过,2,tencent_ai_lab_chinese_embedding_light_mirror_mvp,0.49015772,0.49703395,0.47984338,初恋,恋爱核心,0.47930187,2,4310
4311,睡着,睡着,2,tencent_ai_lab_chinese_embedding_light_mirror_mvp,0.49010981,0.49655926,0.48043564,老婆,亲密行为,0.49643219,2,4311
4312,亲得,亲得,2,tencent_ai_lab_chinese_embedding_light_mirror_mvp,0.49010319,0.51554835,0.45193544,接吻,亲密行为,0.49764425,2,4312
4313,抑郁症,抑郁症,3,tencent_ai_lab_chinese_embedding_light_mirror_mvp,0.4901011,0.49886161,0.47696033,单身,恋爱核心,0.49277139,2,4313
4314,脆弱,脆弱,2,tencent_ai_lab_chinese_embedding_light_mirror_mvp,0.4901008,0.49807501,0.47813949,亲密关系,亲密行为,0.48441929,2,4314
4315,自个儿,自个儿,3,tencent_ai_lab_chinese_embedding_light_mirror_mvp,0.49007792,0.51136762,0.45814338,老婆,婚恋,0.43208212,2,4315
4316,中学,中学,2,tencent_ai_lab_chinese_embedding_light_mirror_mvp,0.49007047,0.49721336,0.47935614,校服,校园恋爱,0.58561039,2,4316
4317,大房子,大房子,3,tencent_ai_lab_chinese_embedding_light_mirror_mvp,0.49004667,0.49566811,0.4816145,老婆,婚恋,0.51271254,2,4317
4318,沸沸扬扬,沸沸扬扬,4,tencent_ai_lab_chinese_embedding_light_mirror_mvp,0.49003977,0.51235682,0.45656419,恋情,恋爱历史,0.43658179,2,4318
4319,全裸,全裸,2,tencent_ai_lab_chinese_embedding_light_mirror_mvp,0.49002749,0.51638579,0.45049003,接吻,亲密行为,0.43800959,2,4319
4320,新生活,新生活,3,tencent_ai_lab_chinese_embedding_light_mirror_mvp,0.49002427,0.49372566,0.48447219,爱情,恋爱核心,0.5095346,2,4320
4321,村长,村长,2,tencent_ai_lab_chinese_embedding_light_mirror_mvp,0.49000775,0.51108599,0.45839038,老婆,婚恋,0.48064965,2,4321
4322,失忆,失忆,2,tencent_ai_lab_chinese_embedding_light_mirror_mvp,0.4900015,0.49660897,0.48009029,初恋,恋爱历史,0.52880293,2,4322
4323,充满,充满,2,tencent_ai_lab_chinese_embedding_light_mirror_mvp,0.48998011,0.49345401,0.48476925,追求,社会比较与人生进度,0.5073505,2,4323
4324,眷属,眷属,2,tencent_ai_lab_chinese_embedding_light_mirror_mvp,0.48996029,0.50417513,0.46863803,恋人,对象关系,0.45292148,2,4324
4325,失业,失业,2,tencent_ai_lab_chinese_embedding_light_mirror_mvp,0.48994621,0.51874316,0.44675079,单身,单身与脱单,0.46507812,2,4325
4326,并不,并不,2,tencent_ai_lab_chinese_embedding_light_mirror_mvp,0.4899455,0.50849372,0.46212316,追求,社会比较与人生进度,0.4654668,2,4326
4327,但我,但我,2,tencent_ai_lab_chinese_embedding_light_mirror_mvp,0.48994141,0.49214318,0.48663875,女朋友,社会比较与人生进度,0.56469321,2,4327
4328,追捧,追捧,2,tencent_ai_lab_chinese_embedding_light_mirror_mvp,0.48992742,0.52318227,0.44004515,追求,表白与追求,0.42717588,2,4328
4329,权力,权力,2,tencent_ai_lab_chinese_embedding_light_mirror_mvp,0.4899274,0.50366068,0.46932748,亲密关系,亲密行为,0.38528591,2,4329
4330,庆功会,庆功会,3,tencent_ai_lab_chinese_embedding_light_mirror_mvp,0.48992363,0.51232123,0.45632723,婚礼,婚恋,0.41613561,2,4330
4331,牙医,牙医,2,tencent_ai_lab_chinese_embedding_light_mirror_mvp,0.48990293,0.50213319,0.47155753,初恋,恋爱历史,0.51120031,2,4331
4332,天生,天生,2,tencent_ai_lab_chinese_embedding_light_mirror_mvp,0.48989733,0.49322522,0.48490551,伴侣,社会比较与人生进度,0.47314742,2,4332
4333,灯芯绒,灯芯绒,3,tencent_ai_lab_chinese_embedding_light_mirror_mvp,0.48988611,0.5463804,0.40514466,校服,校园恋爱,0.43635851,2,4333
4334,好久,好久,2,tencent_ai_lab_chinese_embedding_light_mirror_mvp,0.48988515,0.50201809,0.47168574,女朋友,约会,0.46777618,2,4334
4335,现身,现身,2,tencent_ai_lab_chinese_embedding_light_mirror_mvp,0.48987932,0.50756764,0.46334684,牵手,亲密行为,0.4483515,2,4335
4336,锻练,锻练,2,tencent_ai_lab_chinese_embedding_light_mirror_mvp,0.48986567,0.53536403,0.42161813,散步,约会,0.4258092,2,4336
4337,挂牵,挂牵,2,tencent_ai_lab_chinese_embedding_light_mirror_mvp,0.48985884,0.5068453,0.46437916,恋人,恋爱核心,0.46459761,2,4337
4338,儿时,儿时,2,tencent_ai_lab_chinese_embedding_light_mirror_mvp,0.48981802,0.4998129,0.47482571,初恋,社会比较与人生进度,0.50688946,2,4338
4339,风波不断,风波不断,4,tencent_ai_lab_chinese_embedding_light_mirror_mvp,0.48980032,0.51353955,0.45419148,恋情,恋爱历史,0.43183532,2,4339
4340,生人,生人,2,tencent_ai_lab_chinese_embedding_light_mirror_mvp,0.48979604,0.51514727,0.4517692,同龄人,社会比较与人生进度,0.44616932,2,4340
4341,空巢,空巢,2,tencent_ai_lab_chinese_embedding_light_mirror_mvp,0.48977156,0.51807886,0.4473106,单身,单身与脱单,0.4863469,2,4341
4342,东西,东西,2,tencent_ai_lab_chinese_embedding_light_mirror_mvp,0.48976446,0.49732661,0.47842124,追求,对象关系,0.47801906,2,4342
4343,欢迎会,欢迎会,3,tencent_ai_lab_chinese_embedding_light_mirror_mvp,0.489757,0.5245176,0.43761611,婚礼,约会,0.40040115,2,4343
4344,她表,她表,2,tencent_ai_lab_chinese_embedding_light_mirror_mvp,0.489737,0.49201071,0.48632643,告白,表白与追求,0.52524537,2,4344
4345,诚实,诚实,2,tencent_ai_lab_chinese_embedding_light_mirror_mvp,0.4897252,0.49678555,0.47913468,伴侣,亲密行为,0.48004985,2,4345
4346,性困惑,性困惑,3,tencent_ai_lab_chinese_embedding_light_mirror_mvp,0.48972188,0.49797988,0.47733489,亲密关系,对象关系,0.43012732,2,4346
4347,装嫩,装嫩,2,tencent_ai_lab_chinese_embedding_light_mirror_mvp,0.48972098,0.49622488,0.47996512,早恋,校园恋爱,0.5020982,2,4347
4348,户外活动,户外活动,4,tencent_ai_lab_chinese_embedding_light_mirror_mvp,0.48972077,0.53132701,0.42731142,散步,约会,0.4736625,2,4348
4349,离家,离家,2,tencent_ai_lab_chinese_embedding_light_mirror_mvp,0.48967148,0.49963093,0.47473231,丈夫,婚恋,0.49173662,2,4349
4350,抹胸,抹胸,2,tencent_ai_lab_chinese_embedding_light_mirror_mvp,0.48966542,0.53072143,0.42808142,校服,校园恋爱,0.41098082,2,4350
4351,亲儿子,亲儿子,3,tencent_ai_lab_chinese_embedding_light_mirror_mvp,0.48965269,0.50939989,0.4600319,老婆,婚恋,0.4344328,2,4351
4352,巴厘岛,巴厘岛,3,tencent_ai_lab_chinese_embedding_light_mirror_mvp,0.48965247,0.51818836,0.44684863,婚礼,婚恋,0.45674759,2,4352
4353,秀场,秀场,2,tencent_ai_lab_chinese_embedding_light_mirror_mvp,0.48963735,0.51120156,0.45729104,婚礼,社会比较与人生进度,0.46076554,2,4353
4354,双目失明,双目失明,4,tencent_ai_lab_chinese_embedding_light_mirror_mvp,0.48962256,0.51106298,0.45746192,妻子,婚恋,0.40445077,2,4354
4355,送行,送行,2,tencent_ai_lab_chinese_embedding_light_mirror_mvp,0.48961618,0.50350338,0.46878538,婚礼,婚恋,0.41743004,2,4355
4356,教育,教育,2,tencent_ai_lab_chinese_embedding_light_mirror_mvp,0.48961114,0.50343466,0.46887586,早恋,社会比较与人生进度,0.50313759,2,4356
4357,病情恶化,病情恶化,4,tencent_ai_lab_chinese_embedding_light_mirror_mvp,0.4895821,0.50614774,0.46473363,妻子,婚恋,0.47071826,2,4357
4358,一直,一直,2,tencent_ai_lab_chinese_embedding_light_mirror_mvp,0.48957969,0.49359143,0.48356208,对象,对象关系,0.50981438,2,4358
4359,上心,上心,2,tencent_ai_lab_chinese_embedding_light_mirror_mvp,0.48956827,0.5000025,0.47391692,亲密,对象关系,0.46305522,2,4359
4360,挨揍,挨揍,2,tencent_ai_lab_chinese_embedding_light_mirror_mvp,0.48956748,0.50517523,0.46615586,老婆,校园恋爱,0.48986384,2,4360
4361,只想,只想,2,tencent_ai_lab_chinese_embedding_light_mirror_mvp,0.48955718,0.49317855,0.48412514,追求,对象关系,0.50599849,2,4361
4362,瘦下来,瘦下来,3,tencent_ai_lab_chinese_embedding_light_mirror_mvp,0.48952243,0.49729645,0.4778614,脱单,单身与脱单,0.51218283,2,4362
4363,定居,定居,2,tencent_ai_lab_chinese_embedding_light_mirror_mvp,0.48951393,0.51110667,0.45712483,结婚,婚恋,0.45997572,2,4363
4364,短信内容,短信内容,4,tencent_ai_lab_chinese_embedding_light_mirror_mvp,0.48951291,0.49627623,0.47936794,前女友,恋爱历史,0.4924475,2,4364
4365,六十多岁,六十多岁,4,tencent_ai_lab_chinese_embedding_light_mirror_mvp,0.48951108,0.4955343,0.48047626,同龄人,婚恋,0.43588859,2,4365
4366,演出,演出,2,tencent_ai_lab_chinese_embedding_light_mirror_mvp,0.48950257,0.51416272,0.45251235,婚礼,社会比较与人生进度,0.43680996,2,4366
4367,今世,今世,2,tencent_ai_lab_chinese_embedding_light_mirror_mvp,0.48949965,0.49757263,0.47739017,爱情,恋爱核心,0.48926091,2,4367
4368,什么事,什么事,3,tencent_ai_lab_chinese_embedding_light_mirror_mvp,0.48948511,0.49762905,0.4772692,老婆,婚恋,0.4826299,2,4368
4369,助手,助手,2,tencent_ai_lab_chinese_embedding_light_mirror_mvp,0.48943137,0.52190948,0.44071421,前任,对象关系,0.38940355,2,4369
4370,好想你,好想你,3,tencent_ai_lab_chinese_embedding_light_mirror_mvp,0.48939402,0.50242245,0.46985137,表白,表白与追求,0.47353858,2,4370
4371,成见,成见,2,tencent_ai_lab_chinese_embedding_light_mirror_mvp,0.48937079,0.51570785,0.44986519,亲密关系,亲密行为,0.44055706,2,4371
4372,二是,二是,2,tencent_ai_lab_chinese_embedding_light_mirror_mvp,0.48934604,0.52131665,0.44139013,对象,对象关系,0.34435123,2,4372
4373,催泪,催泪,2,tencent_ai_lab_chinese_embedding_light_mirror_mvp,0.48934535,0.50948298,0.4591389,告白,恋爱核心,0.44887641,2,4373
4374,妈亲,妈亲,2,tencent_ai_lab_chinese_embedding_light_mirror_mvp,0.489337,0.4998472,0.47357169,老公,婚恋,0.43759346,2,4374
4375,打牌,打牌,2,tencent_ai_lab_chinese_embedding_light_mirror_mvp,0.48927449,0.49607646,0.47907153,散步,约会,0.51700157,2,4375
4376,花儿,花儿,2,tencent_ai_lab_chinese_embedding_light_mirror_mvp,0.48927119,0.50552475,0.46489084,青春,社会比较与人生进度,0.44386375,2,4376
4377,淑女,淑女,2,tencent_ai_lab_chinese_embedding_light_mirror_mvp,0.48926154,0.49715877,0.47741571,约会,约会,0.50881112,2,4377
4378,反思,反思,2,tencent_ai_lab_chinese_embedding_light_mirror_mvp,0.48924937,0.50601965,0.46409395,亲密关系,社会比较与人生进度,0.49034193,2,4378
4379,大逆转,大逆转,3,tencent_ai_lab_chinese_embedding_light_mirror_mvp,0.48924743,0.53562587,0.41967976,落后,社会比较与人生进度,0.43835169,2,4379
4380,相离,相离,2,tencent_ai_lab_chinese_embedding_light_mirror_mvp,0.48923815,0.49873853,0.4749876,恋人,恋爱核心,0.49992165,2,4380
4381,清华北大,清华北大,4,tencent_ai_lab_chinese_embedding_light_mirror_mvp,0.48922528,0.50469899,0.46601471,早恋,校园恋爱,0.54733407,2,4381
4382,离经叛道,离经叛道,4,tencent_ai_lab_chinese_embedding_light_mirror_mvp,0.48922361,0.50280368,0.4688535,追求,社会比较与人生进度,0.49768186,2,4382
4383,我应该,我应该,3,tencent_ai_lab_chinese_embedding_light_mirror_mvp,0.48921881,0.49738503,0.47696948,女朋友,对象关系,0.49573267,2,4383
4384,茶会,茶会,2,tencent_ai_lab_chinese_embedding_light_mirror_mvp,0.48921213,0.52300191,0.43852746,婚礼,约会,0.42201698,2,4384
4385,直面,直面,2,tencent_ai_lab_chinese_embedding_light_mirror_mvp,0.48920717,0.50901657,0.45949307,拥抱,亲密行为,0.49314794,2,4385
4386,平时,平时,2,tencent_ai_lab_chinese_embedding_light_mirror_mvp,0.489189,0.49123859,0.48611462,同龄人,约会,0.48168224,2,4386
4387,孜孜不倦,孜孜不倦,4,tencent_ai_lab_chinese_embedding_light_mirror_mvp,0.48916868,0.54616761,0.40367028,追求,表白与追求,0.40988606,2,4387
4388,从前,从前,2,tencent_ai_lab_chinese_embedding_light_mirror_mvp,0.48914472,0.50067246,0.47185311,前任,社会比较与人生进度,0.53381324,2,4388
4389,继任,继任,2,tencent_ai_lab_chinese_embedding_light_mirror_mvp,0.48914108,0.54153734,0.41054669,前任,恋爱历史,0.34385157,2,4389
4390,隔三差五,隔三差五,4,tencent_ai_lab_chinese_embedding_light_mirror_mvp,0.48913758,0.49278966,0.48365948,老婆,婚恋,0.47503549,2,4390
4391,贪恋,贪恋,2,tencent_ai_lab_chinese_embedding_light_mirror_mvp,0.48912987,0.50589526,0.46398178,追求,表白与追求,0.44569653,2,4391
4392,当代,当代,2,tencent_ai_lab_chinese_embedding_light_mirror_mvp,0.48911968,0.51836681,0.44524899,追求,社会比较与人生进度,0.47005224,2,4392
4393,更是如此,更是如此,4,tencent_ai_lab_chinese_embedding_light_mirror_mvp,0.4890654,0.51466477,0.45066634,追求,社会比较与人生进度,0.45891491,2,4393
4394,介意,介意,2,tencent_ai_lab_chinese_embedding_light_mirror_mvp,0.48905451,0.49254316,0.48382154,亲密,对象关系,0.51067024,2,4394
4395,春梦,春梦,2,tencent_ai_lab_chinese_embedding_light_mirror_mvp,0.48901942,0.49241474,0.48392645,初恋,恋爱核心,0.47118247,2,4395
4396,社会心理,社会心理,4,tencent_ai_lab_chinese_embedding_light_mirror_mvp,0.48901609,0.53152263,0.42525628,亲密关系,社会比较与人生进度,0.3724153,2,4396
4397,被性,被性,2,tencent_ai_lab_chinese_embedding_light_mirror_mvp,0.48901254,0.4936949,0.481989,早恋,校园恋爱,0.47509307,2,4397
4398,停下来,停下来,3,tencent_ai_lab_chinese_embedding_light_mirror_mvp,0.48897799,0.52157748,0.44007877,散步,约会,0.48838198,2,4398
4399,他爷,他爷,2,tencent_ai_lab_chinese_embedding_light_mirror_mvp,0.48897052,0.51353884,0.45211804,老婆,婚恋,0.42415029,2,4399
4400,发力,发力,2,tencent_ai_lab_chinese_embedding_light_mirror_mvp,0.48893079,0.51257312,0.45346728,落后,社会比较与人生进度,0.4278771,2,4400
4401,第二节,第二节,3,tencent_ai_lab_chinese_embedding_light_mirror_mvp,0.48893005,0.56580353,0.37361982,落后,社会比较与人生进度,0.45224369,2,4401
4402,到老,到老,2,tencent_ai_lab_chinese_embedding_light_mirror_mvp,0.48892809,0.49015415,0.48708901,牵手,亲密行为,0.48051968,2,4402
4403,动物性,动物性,3,tencent_ai_lab_chinese_embedding_light_mirror_mvp,0.48892583,0.50219011,0.4690294,亲密关系,亲密行为,0.35775757,2,4403
4404,街访,街访,2,tencent_ai_lab_chinese_embedding_light_mirror_mvp,0.48891922,0.49428344,0.4808729,情侣,单身与脱单,0.48986942,2,4404
4405,饭前,饭前,2,tencent_ai_lab_chinese_embedding_light_mirror_mvp,0.48891734,0.50672817,0.46220109,散步,约会,0.52719307,2,4405
4406,远走他乡,远走他乡,4,tencent_ai_lab_chinese_embedding_light_mirror_mvp,0.48890848,0.49464557,0.48030284,妻子,婚恋,0.4964487,2,4406
4407,之前,之前,2,tencent_ai_lab_chinese_embedding_light_mirror_mvp,0.48889635,0.49494493,0.47982347,对象,社会比较与人生进度,0.49440959,2,4407
4408,主见,主见,2,tencent_ai_lab_chinese_embedding_light_mirror_mvp,0.48888459,0.49521089,0.47939515,伴侣,对象关系,0.47728372,2,4408
4409,取悦于,取悦于,3,tencent_ai_lab_chinese_embedding_light_mirror_mvp,0.4888828,0.5223133,0.43873706,追求,表白与追求,0.41426003,2,4409
4410,却会,却会,2,tencent_ai_lab_chinese_embedding_light_mirror_mvp,0.48884256,0.50647753,0.46239009,伴侣,对象关系,0.45161813,2,4410
4411,并不等于,并不等于,4,tencent_ai_lab_chinese_embedding_light_mirror_mvp,0.48881083,0.52629179,0.43258938,追求,社会比较与人生进度,0.38207266,2,4411
4412,养眼,养眼,2,tencent_ai_lab_chinese_embedding_light_mirror_mvp,0.48881029,0.50381899,0.46629724,情侣,约会,0.44886452,2,4412
4413,面子,面子,2,tencent_ai_lab_chinese_embedding_light_mirror_mvp,0.48879468,0.49259713,0.483091,老婆,婚恋,0.49013206,2,4413
4414,左邻右舍,左邻右舍,4,tencent_ai_lab_chinese_embedding_light_mirror_mvp,0.48879064,0.48913088,0.48828027,丈夫,婚恋,0.4955484,2,4414
4415,感受性,感受性,3,tencent_ai_lab_chinese_embedding_light_mirror_mvp,0.48875352,0.50686812,0.46158162,亲密关系,亲密行为,0.39915922,2,4415
4416,作弄,作弄,2,tencent_ai_lab_chinese_embedding_light_mirror_mvp,0.48874928,0.50854683,0.45905295,暗恋,表白与追求,0.46686587,2,4416
4417,有意思,有意思,3,tencent_ai_lab_chinese_embedding_light_mirror_mvp,0.48874328,0.50514001,0.46414819,亲密,亲密行为,0.47381824,2,4417
4418,待人接物,待人接物,4,tencent_ai_lab_chinese_embedding_light_mirror_mvp,0.48873675,0.49777025,0.4751865,同龄人,社会比较与人生进度,0.43907198,2,4418
4419,到最后,到最后,3,tencent_ai_lab_chinese_embedding_light_mirror_mvp,0.48872758,0.49399078,0.48083279,爱情,恋爱核心,0.51623541,2,4419
4420,反扑,反扑,2,tencent_ai_lab_chinese_embedding_light_mirror_mvp,0.48872733,0.54315257,0.40708947,落后,社会比较与人生进度,0.43858159,2,4420
4421,玩世不恭,玩世不恭,4,tencent_ai_lab_chinese_embedding_light_mirror_mvp,0.4887073,0.49167609,0.48425412,初恋,恋爱核心,0.50227463,2,4421
4422,无感,无感,2,tencent_ai_lab_chinese_embedding_light_mirror_mvp,0.4887044,0.49718517,0.47598323,初恋,表白与追求,0.51437283,2,4422
4423,占座,占座,2,tencent_ai_lab_chinese_embedding_light_mirror_mvp,0.48869352,0.5010469,0.47016346,同桌,校园恋爱,0.52262199,2,4423
4424,钱要,钱要,2,tencent_ai_lab_chinese_embedding_light_mirror_mvp,0.48867834,0.49729112,0.47575918,老婆,婚恋,0.46353027,2,4424
4425,棉裤,棉裤,2,tencent_ai_lab_chinese_embedding_light_mirror_mvp,0.4886652,0.54278082,0.40749177,校服,校园恋爱,0.40979451,2,4425
4426,听课,听课,2,tencent_ai_lab_chinese_embedding_light_mirror_mvp,0.48864402,0.51569128,0.44807312,同桌,校园恋爱,0.52847952,2,4426
4427,考量,考量,2,tencent_ai_lab_chinese_embedding_light_mirror_mvp,0.48863415,0.52626479,0.43218818,追求,亲密行为,0.33511347,2,4427
4428,结就,结就,2,tencent_ai_lab_chinese_embedding_light_mirror_mvp,0.48860698,0.49991012,0.47165227,结婚,婚恋,0.43229684,2,4428
4429,发带,发带,2,tencent_ai_lab_chinese_embedding_light_mirror_mvp,0.48858705,0.54407483,0.40535536,校服,校园恋爱,0.42701283,2,4429
4430,服饰,服饰,2,tencent_ai_lab_chinese_embedding_light_mirror_mvp,0.48858297,0.52949345,0.42721725,校服,亲密行为,0.37017068,2,4430
4431,纠缠,纠缠,2,tencent_ai_lab_chinese_embedding_light_mirror_mvp,0.4885744,0.49102718,0.48489523,恋人,亲密行为,0.5317688,2,4431
4432,排在,排在,2,tencent_ai_lab_chinese_embedding_light_mirror_mvp,0.48854626,0.54422224,0.40503231,落后,社会比较与人生进度,0.46769968,2,4432
4433,转变,转变,2,tencent_ai_lab_chinese_embedding_light_mirror_mvp,0.48852693,0.51757157,0.44495997,追求,社会比较与人生进度,0.39030927,2,4433
4434,但也,但也,2,tencent_ai_lab_chinese_embedding_light_mirror_mvp,0.48852577,0.50762409,0.4598783,追求,社会比较与人生进度,0.54233438,2,4434
4435,人父,人父,2,tencent_ai_lab_chinese_embedding_light_mirror_mvp,0.48851129,0.49238461,0.4827013,妻子,婚恋,0.52992642,2,4435
4436,狱中,狱中,2,tencent_ai_lab_chinese_embedding_light_mirror_mvp,0.48850725,0.51361006,0.45085302,妻子,婚恋,0.43208221,2,4436
4437,想象,想象,2,tencent_ai_lab_chinese_embedding_light_mirror_mvp,0.48846911,0.49791336,0.47430274,追求,社会比较与人生进度,0.52567405,2,4437
4438,虚无缥缈,虚无缥缈,4,tencent_ai_lab_chinese_embedding_light_mirror_mvp,0.48844635,0.50509489,0.46347356,追求,恋爱核心,0.43107378,2,4438
4439,胞兄,胞兄,2,tencent_ai_lab_chinese_embedding_light_mirror_mvp,0.48843149,0.51878935,0.4428947,妻子,婚恋,0.41561842,2,4439
4440,并肩战斗,并肩战斗,4,tencent_ai_lab_chinese_embedding_light_mirror_mvp,0.48842387,0.50612283,0.46187544,亲密,亲密行为,0.50761962,2,4440
4441,保有,保有,2,tencent_ai_lab_chinese_embedding_light_mirror_mvp,0.48841757,0.52714407,0.4303278,追求,社会比较与人生进度,0.44269231,2,4441
4442,凳子,凳子,2,tencent_ai_lab_chinese_embedding_light_mirror_mvp,0.48839172,0.52434742,0.43445817,同桌,校园恋爱,0.45602864,2,4442
4443,低调,低调,2,tencent_ai_lab_chinese_embedding_light_mirror_mvp,0.48836623,0.49488238,0.47859201,婚礼,社会比较与人生进度,0.49570319,2,4443
4444,差太多,差太多,3,tencent_ai_lab_chinese_embedding_light_mirror_mvp,0.48832283,0.51869673,0.44276199,同龄人,社会比较与人生进度,0.49315989,2,4444
4445,摆脱,摆脱,2,tencent_ai_lab_chinese_embedding_light_mirror_mvp,0.48832076,0.50375003,0.46517685,追求,单身与脱单,0.47179666,2,4445
4446,施虐,施虐,2,tencent_ai_lab_chinese_embedding_light_mirror_mvp,0.4883058,0.51119232,0.45397601,亲密关系,亲密行为,0.47090369,2,4446
4447,婶儿,婶儿,2,tencent_ai_lab_chinese_embedding_light_mirror_mvp,0.48830475,0.49002033,0.48573136,男朋友,婚恋,0.46952793,2,4447
4448,能让,能让,2,tencent_ai_lab_chinese_embedding_light_mirror_mvp,0.48830051,0.50803757,0.45869493,追求,社会比较与人生进度,0.44500047,2,4448
4449,偷着乐,偷着乐,3,tencent_ai_lab_chinese_embedding_light_mirror_mvp,0.48829803,0.50392842,0.46485245,老婆,单身与脱单,0.43779123,2,4449
4450,就把,就把,2,tencent_ai_lab_chinese_embedding_light_mirror_mvp,0.48828157,0.50455046,0.46387824,老婆,婚恋,0.4627946,2,4450
4451,始终,始终,2,tencent_ai_lab_chinese_embedding_light_mirror_mvp,0.48827621,0.50895089,0.45726418,追求,社会比较与人生进度,0.50603902,2,4451
4452,心如刀割,心如刀割,4,tencent_ai_lab_chinese_embedding_light_mirror_mvp,0.48827156,0.49304634,0.48110938,妻子,婚恋,0.4816466,2,4452
4453,受气,受气,2,tencent_ai_lab_chinese_embedding_light_mirror_mvp,0.48827062,0.50077963,0.4695071,老婆,婚恋,0.43989676,2,4453
4454,那会儿,那会儿,3,tencent_ai_lab_chinese_embedding_light_mirror_mvp,0.48826384,0.49574098,0.47704813,同桌,校园恋爱,0.52670175,2,4454
4455,爆光,爆光,2,tencent_ai_lab_chinese_embedding_light_mirror_mvp,0.48825039,0.50685906,0.46033737,恋情,恋爱历史,0.4181616,2,4455
4456,前不久,前不久,3,tencent_ai_lab_chinese_embedding_light_mirror_mvp,0.48824379,0.50242072,0.4669784,前任,婚恋,0.47119579,2,4456
4457,三姑,三姑,2,tencent_ai_lab_chinese_embedding_light_mirror_mvp,0.48820811,0.49426898,0.4791168,老公,婚恋,0.49372652,2,4457
4458,一无所有,一无所有,4,tencent_ai_lab_chinese_embedding_light_mirror_mvp,0.48819448,0.49155152,0.48315892,爱情,社会比较与人生进度,0.55328763,2,4458
4459,礼仪,礼仪,2,tencent_ai_lab_chinese_embedding_light_mirror_mvp,0.48819417,0.51171958,0.45290604,婚礼,亲密行为,0.43083259,2,4459
4460,换了,换了,2,tencent_ai_lab_chinese_embedding_light_mirror_mvp,0.488179,0.49963939,0.47098842,前任,恋爱历史,0.46430171,2,4460
4461,人财两空,人财两空,4,tencent_ai_lab_chinese_embedding_light_mirror_mvp,0.4881667,0.49248964,0.4816823,老婆,婚恋,0.52250671,2,4461
4462,性别,性别,2,tencent_ai_lab_chinese_embedding_light_mirror_mvp,0.48816626,0.50533324,0.46241578,伴侣,对象关系,0.47252494,2,4462
4463,双亡,双亡,2,tencent_ai_lab_chinese_embedding_light_mirror_mvp,0.48815143,0.49367604,0.47986451,丈夫,婚恋,0.48399022,2,4463
4464,最爱,最爱,2,tencent_ai_lab_chinese_embedding_light_mirror_mvp,0.48814349,0.50103086,0.46881244,初恋,对象关系,0.50862974,2,4464
4465,不和,不和,2,tencent_ai_lab_chinese_embedding_light_mirror_mvp,0.48813195,0.49385768,0.47954336,亲密,对象关系,0.48772585,2,4465
4466,那是,那是,2,tencent_ai_lab_chinese_embedding_light_mirror_mvp,0.48810061,0.49929744,0.47130537,青春,社会比较与人生进度,0.55769789,2,4466
4467,看上,看上,2,tencent_ai_lab_chinese_embedding_light_mirror_mvp,0.48808889,0.49087355,0.4839119,对象,婚恋,0.4766956,2,4467
4468,青春偶像,青春偶像,4,tencent_ai_lab_chinese_embedding_light_mirror_mvp,0.48807641,0.48970425,0.48563465,青春,恋爱核心,0.51459849,2,4468
4469,补习班,补习班,3,tencent_ai_lab_chinese_embedding_light_mirror_mvp,0.48807076,0.51687086,0.44487062,早恋,校园恋爱,0.54234391,2,4469
4470,这不,这不,2,tencent_ai_lab_chinese_embedding_light_mirror_mvp,0.48806672,0.48957497,0.48580435,女朋友,对象关系,0.50474811,2,4470
4471,劝和,劝和,2,tencent_ai_lab_chinese_embedding_light_mirror_mvp,0.48804096,0.49647862,0.47538447,结婚,婚恋,0.51538897,2,4471
4472,窝囊废,窝囊废,3,tencent_ai_lab_chinese_embedding_light_mirror_mvp,0.48803411,0.51612759,0.44589388,老婆,婚恋,0.43038416,2,4472
4473,只求,只求,2,tencent_ai_lab_chinese_embedding_light_mirror_mvp,0.48803039,0.53589606,0.41623187,追求,表白与追求,0.39323029,2,4473
4474,妩媚,妩媚,2,tencent_ai_lab_chinese_embedding_light_mirror_mvp,0.48801234,0.50419277,0.46374169,青春,社会比较与人生进度,0.45663574,2,4474
4475,女生宿舍,女生宿舍,4,tencent_ai_lab_chinese_embedding_light_mirror_mvp,0.48800989,0.4904789,0.48430637,校服,校园恋爱,0.59038317,2,4475
4476,这天,这天,2,tencent_ai_lab_chinese_embedding_light_mirror_mvp,0.48798062,0.49951738,0.47067547,散步,婚恋,0.51976585,2,4476
4477,病痛,病痛,2,tencent_ai_lab_chinese_embedding_light_mirror_mvp,0.48797457,0.49785751,0.47315016,丈夫,社会比较与人生进度,0.44330722,2,4477
4478,打成一片,打成一片,4,tencent_ai_lab_chinese_embedding_light_mirror_mvp,0.48795952,0.50795043,0.45797315,亲密,亲密行为,0.49003541,2,4478
4479,芙蓉姐姐,芙蓉姐姐,4,tencent_ai_lab_chinese_embedding_light_mirror_mvp,0.4879481,0.49863335,0.47192022,前女友,恋爱历史,0.46068513,2,4479
4480,美丽动人,美丽动人,4,tencent_ai_lab_chinese_embedding_light_mirror_mvp,0.48791636,0.49300063,0.48028997,初恋,恋爱核心,0.50076276,2,4480
4481,小路,小路,2,tencent_ai_lab_chinese_embedding_light_mirror_mvp,0.48789893,0.52868569,0.4267188,散步,约会,0.42740577,2,4481
4482,降生,降生,2,tencent_ai_lab_chinese_embedding_light_mirror_mvp,0.48789754,0.49176627,0.48209444,结婚,婚恋,0.52609932,2,4482
4483,性饥渴,性饥渴,3,tencent_ai_lab_chinese_embedding_light_mirror_mvp,0.48787736,0.49728835,0.47376087,单身,对象关系,0.47311202,2,4483
4484,责骂,责骂,2,tencent_ai_lab_chinese_embedding_light_mirror_mvp,0.48787627,0.48945355,0.48551035,早恋,校园恋爱,0.48452109,2,4484
4485,无限,无限,2,tencent_ai_lab_chinese_embedding_light_mirror_mvp,0.4878653,0.50022006,0.46933317,追求,社会比较与人生进度,0.49117148,2,4485
4486,露背,露背,2,tencent_ai_lab_chinese_embedding_light_mirror_mvp,0.48785483,0.51480192,0.44743419,校服,约会,0.40794855,2,4486
4487,职高,职高,2,tencent_ai_lab_chinese_embedding_light_mirror_mvp,0.48783684,0.51263958,0.45063272,早恋,校园恋爱,0.5406214,2,4487
4488,立业,立业,2,tencent_ai_lab_chinese_embedding_light_mirror_mvp,0.48782996,0.50433189,0.46307707,结婚,单身与脱单,0.45465136,2,4488
4489,死者,死者,2,tencent_ai_lab_chinese_embedding_light_mirror_mvp,0.48782141,0.51120502,0.452746,妻子,婚恋,0.43849626,2,4489
4490,旧照,旧照,2,tencent_ai_lab_chinese_embedding_light_mirror_mvp,0.48780144,0.5002712,0.46909681,恋情,校园恋爱,0.45409706,2,4490
4491,死讯,死讯,2,tencent_ai_lab_chinese_embedding_light_mirror_mvp,0.48779944,0.4922021,0.48119545,订婚,婚恋,0.48396415,2,4491
4492,另个,另个,2,tencent_ai_lab_chinese_embedding_light_mirror_mvp,0.4877955,0.49405795,0.47840181,女朋友,对象关系,0.503555,2,4492
4493,巨额财产,巨额财产,4,tencent_ai_lab_chinese_embedding_light_mirror_mvp,0.48778634,0.49984914,0.46969214,丈夫,婚恋,0.48786366,2,4493
4494,留电话,留电话,3,tencent_ai_lab_chinese_embedding_light_mirror_mvp,0.48778583,0.49411532,0.4782916,表白,表白与追求,0.47518182,2,4494
4495,电视剧,电视剧,3,tencent_ai_lab_chinese_embedding_light_mirror_mvp,0.4877818,0.49377409,0.47879338,恋情,恋爱核心,0.51109749,2,4495
4496,面试官,面试官,3,tencent_ai_lab_chinese_embedding_light_mirror_mvp,0.4877678,0.49554613,0.4761003,男朋友,对象关系,0.48394042,2,4496
4497,认真工作,认真工作,4,tencent_ai_lab_chinese_embedding_light_mirror_mvp,0.48776078,0.49385381,0.47862124,单身,单身与脱单,0.49013698,2,4497
4498,履新,履新,2,tencent_ai_lab_chinese_embedding_light_mirror_mvp,0.48775615,0.5407058,0.40833166,前任,恋爱历史,0.36296827,2,4498
4499,避忌,避忌,2,tencent_ai_lab_chinese_embedding_light_mirror_mvp,0.48774563,0.52062976,0.43841943,亲密,亲密行为,0.49366626,2,4499
4500,病态,病态,2,tencent_ai_lab_chinese_embedding_light_mirror_mvp,0.48774499,0.5059365,0.46045771,亲密关系,社会比较与人生进度,0.45400509,2,4500
4501,实现,实现,2,tencent_ai_lab_chinese_embedding_light_mirror_mvp,0.48771867,0.51045382,0.45361593,追求,社会比较与人生进度,0.40667063,1,4501
4502,主旋律,主旋律,3,tencent_ai_lab_chinese_embedding_light_mirror_mvp,0.48769767,0.50177419,0.46658289,追求,社会比较与人生进度,0.48608819,1,4502
4503,完满,完满,2,tencent_ai_lab_chinese_embedding_light_mirror_mvp,0.48768846,0.49292916,0.4798274,爱情,恋爱核心,0.47365317,1,4503
4504,迫近,迫近,2,tencent_ai_lab_chinese_embedding_light_mirror_mvp,0.48762723,0.56955242,0.36473945,落后,社会比较与人生进度,0.43113232,1,4504
4505,孤寂,孤寂,2,tencent_ai_lab_chinese_embedding_light_mirror_mvp,0.48762606,0.49161077,0.48164901,爱情,恋爱核心,0.46528429,1,4505
4506,狠心,狠心,2,tencent_ai_lab_chinese_embedding_light_mirror_mvp,0.48762336,0.48915154,0.48533109,丈夫,恋爱历史,0.52596021,1,4506
4507,自认,自认,2,tencent_ai_lab_chinese_embedding_light_mirror_mvp,0.4876228,0.51396078,0.44811583,同龄人,社会比较与人生进度,0.46663231,1,4507
4508,嫉妒,嫉妒,2,tencent_ai_lab_chinese_embedding_light_mirror_mvp,0.48761282,0.49198699,0.48105156,暗恋,对象关系,0.52417314,1,4508
4509,要不是,要不是,3,tencent_ai_lab_chinese_embedding_light_mirror_mvp,0.48761131,0.50128579,0.46709958,老婆,婚恋,0.46670851,1,4509
4510,责备,责备,2,tencent_ai_lab_chinese_embedding_light_mirror_mvp,0.48756735,0.49659121,0.47403157,妻子,婚恋,0.48049673,1,4510
4511,质朴,质朴,2,tencent_ai_lab_chinese_embedding_light_mirror_mvp,0.48754635,0.50114542,0.46714774,追求,社会比较与人生进度,0.4779281,1,4511
4512,感同身受,感同身受,4,tencent_ai_lab_chinese_embedding_light_mirror_mvp,0.48753527,0.49376619,0.4781889,爱情,恋爱核心,0.50833428,1,4512
4513,品位,品位,2,tencent_ai_lab_chinese_embedding_light_mirror_mvp,0.48753463,0.52500987,0.43132177,追求,社会比较与人生进度,0.41083139,1,4513
4514,更高,更高,2,tencent_ai_lab_chinese_embedding_light_mirror_mvp,0.48753269,0.53240508,0.4202241,追求,社会比较与人生进度,0.42740765,1,4514
4515,随心所欲,随心所欲,4,tencent_ai_lab_chinese_embedding_light_mirror_mvp,0.48752147,0.52583623,0.43004933,追求,约会,0.39272189,1,4515
4516,疑心病,疑心病,3,tencent_ai_lab_chinese_embedding_light_mirror_mvp,0.48748306,0.49508321,0.47608283,亲密关系,对象关系,0.46660563,1,4516
4517,护士长,护士长,3,tencent_ai_lab_chinese_embedding_light_mirror_mvp,0.48746681,0.49709487,0.47302473,丈夫,婚恋,0.43662068,1,4517
4518,不合适,不合适,3,tencent_ai_lab_chinese_embedding_light_mirror_mvp,0.48745877,0.4902091,0.48333326,女朋友,对象关系,0.5550012,1,4518
4519,谈起,谈起,2,tencent_ai_lab_chinese_embedding_light_mirror_mvp,0.48745534,0.48938525,0.48456049,亲密,亲密行为,0.51959068,1,4519
4520,永别,永别,2,tencent_ai_lab_chinese_embedding_light_mirror_mvp,0.48743104,0.48965859,0.4840897,初恋,亲密行为,0.48543322,1,4520
4521,优柔寡断,优柔寡断,4,tencent_ai_lab_chinese_embedding_light_mirror_mvp,0.48741717,0.48886463,0.48524597,恋人,表白与追求,0.48739141,1,4521
4522,热巴,热巴,2,tencent_ai_lab_chinese_embedding_light_mirror_mvp,0.48740932,0.50123787,0.46666649,恋情,恋爱核心,0.44269198,1,4522
4523,入伍,入伍,2,tencent_ai_lab_chinese_embedding_light_mirror_mvp,0.48740444,0.50344038,0.46335053,结婚,婚恋,0.45110655,1,4523
4524,幸福地,幸福地,3,tencent_ai_lab_chinese_embedding_light_mirror_mvp,0.48736691,0.49371681,0.47784206,拥抱,亲密行为,0.54671389,1,4524
4525,闹意见,闹意见,3,tencent_ai_lab_chinese_embedding_light_mirror_mvp,0.48736671,0.4996928,0.46887758,老婆,婚恋,0.4889825,1,4525
4526,品行,品行,2,tencent_ai_lab_chinese_embedding_light_mirror_mvp,0.48735702,0.50907856,0.45477471,亲密关系,恋爱核心,0.42566228,1,4526
4527,有传,有传,2,tencent_ai_lab_chinese_embedding_light_mirror_mvp,0.4873457,0.50993782,0.4534575,恋情,婚恋,0.45679379,1,4527
4528,许多人,许多人,3,tencent_ai_lab_chinese_embedding_light_mirror_mvp,0.48733841,0.49608168,0.47422349,追求,社会比较与人生进度,0.53452909,1,4528
4529,想得到,想得到,3,tencent_ai_lab_chinese_embedding_light_mirror_mvp,0.4873161,0.50908601,0.45466122,追求,表白与追求,0.45900074,1,4529
4530,一节课,一节课,3,tencent_ai_lab_chinese_embedding_light_mirror_mvp,0.48730004,0.51827681,0.44083488,同桌,校园恋爱,0.54390013,1,4530
4531,春游,春游,2,tencent_ai_lab_chinese_embedding_light_mirror_mvp,0.48729478,0.49392915,0.47734323,约会,约会,0.56227571,1,4531
4532,无非,无非,2,tencent_ai_lab_chinese_embedding_light_mirror_mvp,0.48726065,0.50902063,0.45462069,追求,对象关系,0.41117263,1,4532
4533,互相间,互相间,3,tencent_ai_lab_chinese_embedding_light_mirror_mvp,0.48723657,0.50954974,0.45376682,亲密,亲密行为,0.46621639,1,4533
4534,五五开,五五开,3,tencent_ai_lab_chinese_embedding_light_mirror_mvp,0.48719559,0.50550175,0.45973635,前女友,恋爱历史,0.43461728,1,4534
4535,道德败坏,道德败坏,4,tencent_ai_lab_chinese_embedding_light_mirror_mvp,0.48717924,0.50497997,0.46047816,早恋,校园恋爱,0.46363169,1,4535
4536,洋溢,洋溢,2,tencent_ai_lab_chinese_embedding_light_mirror_mvp,0.48717715,0.51872104,0.4398613,青春,社会比较与人生进度,0.47507316,1,4536
4537,置办,置办,2,tencent_ai_lab_chinese_embedding_light_mirror_mvp,0.48716865,0.49454102,0.4761101,订婚,婚恋,0.4953928,1,4537
4538,坚强,坚强,2,tencent_ai_lab_chinese_embedding_light_mirror_mvp,0.48716377,0.49676543,0.47276127,爱情,社会比较与人生进度,0.50054377,1,4538
4539,几桌,几桌,2,tencent_ai_lab_chinese_embedding_light_mirror_mvp,0.48715658,0.51488119,0.44556966,婚礼,婚恋,0.4381009,1,4539
4540,一些人,一些人,3,tencent_ai_lab_chinese_embedding_light_mirror_mvp,0.48715601,0.50313067,0.46319401,伴侣,对象关系,0.50699544,1,4540
4541,梦寐以求,梦寐以求,4,tencent_ai_lab_chinese_embedding_light_mirror_mvp,0.48715531,0.53067744,0.42187211,追求,表白与追求,0.42935842,1,4541
4542,分了,分了,2,tencent_ai_lab_chinese_embedding_light_mirror_mvp,0.48715158,0.48895392,0.48444808,前女友,恋爱历史,0.5126785,1,4542
4543,棉袜,棉袜,2,tencent_ai_lab_chinese_embedding_light_mirror_mvp,0.48714235,0.54453743,0.40104973,校服,校园恋爱,0.39411193,1,4543
4544,这回,这回,2,tencent_ai_lab_chinese_embedding_light_mirror_mvp,0.48713928,0.50480592,0.46063933,老婆,婚恋,0.46673679,1,4544
4545,触景生情,触景生情,4,tencent_ai_lab_chinese_embedding_light_mirror_mvp,0.48712864,0.50291872,0.46344352,恋人,约会,0.48867157,1,4545
4546,孩妈,孩妈,2,tencent_ai_lab_chinese_embedding_light_mirror_mvp,0.48710148,0.50867742,0.45473757,老公,校园恋爱,0.44953054,1,4546
4547,聊上,聊上,2,tencent_ai_lab_chinese_embedding_light_mirror_mvp,0.48708048,0.50295013,0.463276,约会,约会,0.53440619,1,4547
4548,这人,这人,2,tencent_ai_lab_chinese_embedding_light_mirror_mvp,0.48706086,0.49008453,0.48252535,老婆,恋爱历史,0.45163,1,4548
4549,杀人犯,杀人犯,3,tencent_ai_lab_chinese_embedding_light_mirror_mvp,0.48703383,0.48888159,0.4842622,前男友,恋爱历史,0.50345814,1,4549
4550,嬉笑,嬉笑,2,tencent_ai_lab_chinese_embedding_light_mirror_mvp,0.48703136,0.49647766,0.47286192,亲密,亲密行为,0.48930284,1,4550
4551,美貌,美貌,2,tencent_ai_lab_chinese_embedding_light_mirror_mvp,0.48702493,0.49289733,0.47821632,爱情,恋爱核心,0.51386875,1,4551
4552,光彩,光彩,2,tencent_ai_lab_chinese_embedding_light_mirror_mvp,0.4870245,0.52332067,0.43258023,青春,社会比较与人生进度,0.48968017,1,4552
4553,自欺欺人,自欺欺人,4,tencent_ai_lab_chinese_embedding_light_mirror_mvp,0.48702088,0.4916679,0.48005036,爱情,表白与追求,0.51552749,1,4553
4554,心灵鸡汤,心灵鸡汤,4,tencent_ai_lab_chinese_embedding_light_mirror_mvp,0.48701758,0.50139546,0.46545076,爱情,恋爱核心,0.46555462,1,4554
4555,共同体,共同体,3,tencent_ai_lab_chinese_embedding_light_mirror_mvp,0.48699694,0.52523899,0.42963386,亲密关系,亲密行为,0.43146181,1,4555
4556,植物人,植物人,3,tencent_ai_lab_chinese_embedding_light_mirror_mvp,0.48699652,0.49576783,0.47383955,妻子,婚恋,0.47146648,1,4556
4557,一成不变,一成不变,4,tencent_ai_lab_chinese_embedding_light_mirror_mvp,0.4869898,0.53439415,0.41588327,追求,社会比较与人生进度,0.43368018,1,4557
4558,尘世,尘世,2,tencent_ai_lab_chinese_embedding_light_mirror_mvp,0.48696605,0.50519007,0.45963001,爱情,恋爱核心,0.45092678,1,4558
4559,崩盘,崩盘,2,tencent_ai_lab_chinese_embedding_light_mirror_mvp,0.48695359,0.53781718,0.41065821,落后,社会比较与人生进度,0.45015919,1,4559
4560,那个时候,那个时候,4,tencent_ai_lab_chinese_embedding_light_mirror_mvp,0.48693658,0.50990653,0.45248166,同龄人,社会比较与人生进度,0.57294244,1,4560
4561,不一定,不一定,3,tencent_ai_lab_chinese_embedding_light_mirror_mvp,0.48690906,0.50581914,0.45854393,追求,对象关系,0.45550904,1,4561
4562,太过,太过,2,tencent_ai_lab_chinese_embedding_light_mirror_mvp,0.48690248,0.51468343,0.44523105,追求,社会比较与人生进度,0.50831294,1,4562
4563,目的,目的,2,tencent_ai_lab_chinese_embedding_light_mirror_mvp,0.48689892,0.51033014,0.4517521,对象,对象关系,0.36971515,1,4563
4564,偷窥,偷窥,2,tencent_ai_lab_chinese_embedding_light_mirror_mvp,0.48688912,0.49171185,0.47965503,接吻,约会,0.49168757,1,4564
4565,铺张浪费,铺张浪费,4,tencent_ai_lab_chinese_embedding_light_mirror_mvp,0.48688412,0.51047564,0.45149684,婚礼,婚恋,0.47415158,1,4565
4566,见了,见了,2,tencent_ai_lab_chinese_embedding_light_mirror_mvp,0.48687756,0.50254023,0.46338356,老婆,婚恋,0.51035786,1,4566
4567,这也,这也,2,tencent_ai_lab_chinese_embedding_light_mirror_mvp,0.48686094,0.50261873,0.46322426,追求,社会比较与人生进度,0.52048129,1,4567
4568,过去,过去,2,tencent_ai_lab_chinese_embedding_light_mirror_mvp,0.4868524,0.50439095,0.46054456,拥抱,社会比较与人生进度,0.52201676,1,4568
4569,负气,负气,2,tencent_ai_lab_chinese_embedding_light_mirror_mvp,0.48684131,0.49527305,0.47419369,丈夫,婚恋,0.48068422,1,4569
4570,一听,一听,2,tencent_ai_lab_chinese_embedding_light_mirror_mvp,0.48682865,0.50868797,0.45403966,老婆,婚恋,0.45426142,1,4570
4571,早上,早上,2,tencent_ai_lab_chinese_embedding_light_mirror_mvp,0.48681226,0.51578999,0.44334567,散步,约会,0.50148207,1,4571
4572,带套,带套,2,tencent_ai_lab_chinese_embedding_light_mirror_mvp,0.48679515,0.4927398,0.47787818,接吻,约会,0.44791469,1,4572
4573,感动不已,感动不已,4,tencent_ai_lab_chinese_embedding_light_mirror_mvp,0.48678374,0.49612734,0.47276834,求婚,婚恋,0.48936254,1,4573
4574,脾气,脾气,2,tencent_ai_lab_chinese_embedding_light_mirror_mvp,0.48676629,0.49211758,0.47873935,前任,对象关系,0.47190982,1,4574
4575,鉴赏力,鉴赏力,3,tencent_ai_lab_chinese_embedding_light_mirror_mvp,0.48676592,0.5070138,0.45639411,追求,社会比较与人生进度,0.40164989,1,4575
4576,醉心,醉心,2,tencent_ai_lab_chinese_embedding_light_mirror_mvp,0.48674957,0.51912379,0.43818823,追求,表白与追求,0.45061505,1,4576
4577,美妞,美妞,2,tencent_ai_lab_chinese_embedding_light_mirror_mvp,0.48672156,0.49704215,0.47124067,男朋友,单身与脱单,0.44273314,1,4577
4578,假日,假日,2,tencent_ai_lab_chinese_embedding_light_mirror_mvp,0.48670217,0.50667763,0.45673898,约会,约会,0.51976371,1,4578
4579,人性尊严,人性尊严,4,tencent_ai_lab_chinese_embedding_light_mirror_mvp,0.48670197,0.49405378,0.47567424,亲密关系,社会比较与人生进度,0.38002509,1,4579
4580,饭卡,饭卡,2,tencent_ai_lab_chinese_embedding_light_mirror_mvp,0.48669258,0.5007329,0.46563211,同桌,校园恋爱,0.5407905,1,4580
4581,有空,有空,2,tencent_ai_lab_chinese_embedding_light_mirror_mvp,0.48667387,0.49996698,0.4667342,散步,约会,0.52128649,1,4581
4582,唤醒,唤醒,2,tencent_ai_lab_chinese_embedding_light_mirror_mvp,0.48667171,0.51445407,0.44499817,拥抱,亲密行为,0.45694971,1,4582
4583,点餐,点餐,2,tencent_ai_lab_chinese_embedding_light_mirror_mvp,0.48665805,0.50917602,0.4528811,约会,约会,0.51186615,1,4583
4584,大庭广众,大庭广众,4,tencent_ai_lab_chinese_embedding_light_mirror_mvp,0.48664492,0.50030309,0.46615767,接吻,亲密行为,0.51099813,1,4584
4585,尽管,尽管,2,tencent_ai_lab_chinese_embedding_light_mirror_mvp,0.48664026,0.50096536,0.46515262,落后,社会比较与人生进度,0.59479421,1,4585
4586,言谈举止,言谈举止,4,tencent_ai_lab_chinese_embedding_light_mirror_mvp,0.48663995,0.49655205,0.47177181,同龄人,亲密行为,0.43217462,1,4586
4587,笑着,笑着,2,tencent_ai_lab_chinese_embedding_light_mirror_mvp,0.48663735,0.49256736,0.47774234,女朋友,婚恋,0.47092122,1,4587
4588,偷偷地,偷偷地,3,tencent_ai_lab_chinese_embedding_light_mirror_mvp,0.4865705,0.49814719,0.46920547,暗恋,校园恋爱,0.48006055,1,4588
4589,街上,街上,2,tencent_ai_lab_chinese_embedding_light_mirror_mvp,0.48654467,0.51847696,0.43864623,散步,约会,0.4949685,1,4589
4590,幸运,幸运,2,tencent_ai_lab_chinese_embedding_light_mirror_mvp,0.48652237,0.49062827,0.48036352,爱情,对象关系,0.49182349,1,4590
4591,就这样,就这样,3,tencent_ai_lab_chinese_embedding_light_mirror_mvp,0.48650903,0.4876762,0.48475826,女朋友,婚恋,0.53517115,1,4591
4592,这话,这话,2,tencent_ai_lab_chinese_embedding_light_mirror_mvp,0.486493,0.4992981,0.46728536,老婆,婚恋,0.48890847,1,4592
4593,剧本,剧本,2,tencent_ai_lab_chinese_embedding_light_mirror_mvp,0.48648171,0.50760859,0.4547914,爱情,恋爱核心,0.48331121,1,4593
4594,至上,至上,2,tencent_ai_lab_chinese_embedding_light_mirror_mvp,0.4864575,0.5462172,0.39681795,追求,社会比较与人生进度,0.34084269,1,4594
4595,上纲上线,上纲上线,4,tencent_ai_lab_chinese_embedding_light_mirror_mvp,0.48644421,0.50406635,0.46001101,早恋,校园恋爱,0.4642565,1,4595
4596,生育权,生育权,3,tencent_ai_lab_chinese_embedding_light_mirror_mvp,0.48644372,0.49191749,0.47823307,伴侣,婚恋,0.45434728,1,4596
4597,两子,两子,2,tencent_ai_lab_chinese_embedding_light_mirror_mvp,0.48644028,0.49315113,0.476374,妻子,婚恋,0.48584557,1,4597
4598,来讲,来讲,2,tencent_ai_lab_chinese_embedding_light_mirror_mvp,0.48643625,0.51915324,0.43736076,追求,社会比较与人生进度,0.47927073,1,4598
4599,好看,好看,2,tencent_ai_lab_chinese_embedding_light_mirror_mvp,0.48642626,0.49026817,0.48066339,女朋友,社会比较与人生进度,0.50294095,1,4599
4600,健康,健康,2,tencent_ai_lab_chinese_embedding_light_mirror_mvp,0.48642566,0.49954307,0.46674955,追求,社会比较与人生进度,0.45303607,1,4600
4601,表象,表象,2,tencent_ai_lab_chinese_embedding_light_mirror_mvp,0.48642195,0.50635183,0.45652714,追求,社会比较与人生进度,0.40526152,1,4601
4602,下一个,下一个,3,tencent_ai_lab_chinese_embedding_light_mirror_mvp,0.4864199,0.50388205,0.46022668,对象,社会比较与人生进度,0.44198269,1,4602
4603,朝九晚五,朝九晚五,4,tencent_ai_lab_chinese_embedding_light_mirror_mvp,0.48641313,0.50320101,0.46123132,单身,单身与脱单,0.44528371,1,4603
4604,互赠,互赠,2,tencent_ai_lab_chinese_embedding_light_mirror_mvp,0.4864054,0.48844731,0.48334253,恋人,亲密行为,0.50938755,1,4604
4605,成名,成名,2,tencent_ai_lab_chinese_embedding_light_mirror_mvp,0.48640127,0.49803266,0.46895418,同龄人,社会比较与人生进度,0.52729219,1,4605
4606,深信,深信,2,tencent_ai_lab_chinese_embedding_light_mirror_mvp,0.4863929,0.49784601,0.46921325,追求,亲密行为,0.42965358,1,4606
4607,消食,消食,2,tencent_ai_lab_chinese_embedding_light_mirror_mvp,0.48637153,0.55845511,0.37824616,散步,约会,0.43297565,1,4607
4608,说是,说是,2,tencent_ai_lab_chinese_embedding_light_mirror_mvp,0.48635831,0.49355537,0.47556272,老婆,婚恋,0.50174719,1,4608
4609,两百块,两百块,3,tencent_ai_lab_chinese_embedding_light_mirror_mvp,0.48635556,0.493,0.4763889,女朋友,校园恋爱,0.40852028,1,4609
4610,而且,而且,2,tencent_ai_lab_chinese_embedding_light_mirror_mvp,0.48631411,0.49748898,0.4695518,追求,社会比较与人生进度,0.49289373,1,4610
4611,穿衣,穿衣,2,tencent_ai_lab_chinese_embedding_light_mirror_mvp,0.48631095,0.50564992,0.45730248,校服,约会,0.46489224,1,4611
4612,女主播,女主播,3,tencent_ai_lab_chinese_embedding_light_mirror_mvp,0.48630351,0.48917544,0.48199561,前女友,恋爱历史,0.45866531,1,4612
4613,没送,没送,2,tencent_ai_lab_chinese_embedding_light_mirror_mvp,0.48625872,0.48935297,0.48161733,男朋友,婚恋,0.45310092,1,4613
4614,保持联系,保持联系,4,tencent_ai_lab_chinese_embedding_light_mirror_mvp,0.4862583,0.48692966,0.48525128,亲密关系,恋爱历史,0.52132273,1,4614
4615,创新,创新,2,tencent_ai_lab_chinese_embedding_light_mirror_mvp,0.48625413,0.51558518,0.44225755,追求,社会比较与人生进度,0.48755318,1,4615
4616,做生意,做生意,3,tencent_ai_lab_chinese_embedding_light_mirror_mvp,0.4862235,0.49522382,0.47272301,老婆,婚恋,0.5033223,1,4616
4617,接近,接近,2,tencent_ai_lab_chinese_embedding_light_mirror_mvp,0.48620161,0.50783736,0.45374799,追求,社会比较与人生进度,0.47458804,1,4617
4618,如果可以,如果可以,4,tencent_ai_lab_chinese_embedding_light_mirror_mvp,0.4861995,0.51005924,0.45040989,伴侣,对象关系,0.47745684,1,4618
4619,傻子,傻子,2,tencent_ai_lab_chinese_embedding_light_mirror_mvp,0.48619453,0.49815959,0.46824694,老婆,对象关系,0.45953771,1,4619
4620,厌恶,厌恶,2,tencent_ai_lab_chinese_embedding_light_mirror_mvp,0.48619196,0.48821962,0.48315048,亲密关系,对象关系,0.46682468,1,4620
4621,首映,首映,2,tencent_ai_lab_chinese_embedding_light_mirror_mvp,0.48618937,0.49721241,0.4696548,婚礼,约会,0.44406605,1,4621
4622,泪流满面,泪流满面,4,tencent_ai_lab_chinese_embedding_light_mirror_mvp,0.48617137,0.48745587,0.48424461,告白,表白与追求,0.49712783,1,4622
4623,每一刻,每一刻,3,tencent_ai_lab_chinese_embedding_light_mirror_mvp,0.48616645,0.49653441,0.47061452,青春,亲密行为,0.50642294,1,4623
4624,小坏,小坏,2,tencent_ai_lab_chinese_embedding_light_mirror_mvp,0.48616125,0.49098715,0.4789224,女朋友,校园恋爱,0.50276959,1,4624
4625,挨批,挨批,2,tencent_ai_lab_chinese_embedding_light_mirror_mvp,0.48613251,0.4966324,0.47038269,早恋,校园恋爱,0.54676586,1,4625
4626,养个,养个,2,tencent_ai_lab_chinese_embedding_light_mirror_mvp,0.48611175,0.50263047,0.46133366,老婆,婚恋,0.4506231,1,4626
4627,被领导者,被领导者,4,tencent_ai_lab_chinese_embedding_light_mirror_mvp,0.48609066,0.51324296,0.44536221,亲密关系,亲密行为,0.40423828,1,4627
4628,泪点,泪点,2,tencent_ai_lab_chinese_embedding_light_mirror_mvp,0.48606658,0.4946,0.47326645,告白,恋爱核心,0.47476315,1,4628
4629,思维,思维,2,tencent_ai_lab_chinese_embedding_light_mirror_mvp,0.48605027,0.50167346,0.46261549,追求,社会比较与人生进度,0.49358767,1,4629
4630,远在他乡,远在他乡,4,tencent_ai_lab_chinese_embedding_light_mirror_mvp,0.48603032,0.49679896,0.46987736,恋人,对象关系,0.4907389,1,4630
4631,养家糊口,养家糊口,4,tencent_ai_lab_chinese_embedding_light_mirror_mvp,0.486029,0.49131069,0.47810647,妻子,婚恋,0.46326968,1,4631
4632,私通,私通,2,tencent_ai_lab_chinese_embedding_light_mirror_mvp,0.48600705,0.49139878,0.47791946,妻子,婚恋,0.47047865,1,4632
4633,心灵深处,心灵深处,4,tencent_ai_lab_chinese_embedding_light_mirror_mvp,0.48599521,0.48959279,0.48059884,爱情,恋爱核心,0.47335494,1,4633
4634,主观,主观,2,tencent_ai_lab_chinese_embedding_light_mirror_mvp,0.48598666,0.50880766,0.45175517,追求,社会比较与人生进度,0.38961732,1,4634
4635,电影院,电影院,3,tencent_ai_lab_chinese_embedding_light_mirror_mvp,0.48598437,0.49965459,0.46547905,第一次约会,约会,0.51571947,1,4635
4636,妞儿,妞儿,2,tencent_ai_lab_chinese_embedding_light_mirror_mvp,0.48597897,0.48671633,0.48487294,女朋友,对象关系,0.44722068,1,4636
4637,臭味相投,臭味相投,4,tencent_ai_lab_chinese_embedding_light_mirror_mvp,0.4859359,0.48798189,0.48286691,亲密,对象关系,0.51835233,1,4637
4638,指责,指责,2,tencent_ai_lab_chinese_embedding_light_mirror_mvp,0.48592846,0.49027112,0.47941446,妻子,婚恋,0.48875916,1,4638
4639,录制,录制,2,tencent_ai_lab_chinese_embedding_light_mirror_mvp,0.48592671,0.49706584,0.46921802,婚礼,婚恋,0.46810561,1,4639
4640,舆论,舆论,2,tencent_ai_lab_chinese_embedding_light_mirror_mvp,0.48592288,0.50202286,0.46177292,恋情,恋爱历史,0.436838,1,4640
4641,新房,新房,2,tencent_ai_lab_chinese_embedding_light_mirror_mvp,0.48590783,0.49713951,0.4690603,结婚,婚恋,0.48834795,1,4641
4642,喝奶,喝奶,2,tencent_ai_lab_chinese_embedding_light_mirror_mvp,0.48590437,0.51664507,0.43979332,接吻,亲密行为,0.45617026,1,4642
4643,纠结,纠结,2,tencent_ai_lab_chinese_embedding_light_mirror_mvp,0.48590312,0.49739742,0.46866167,追求,表白与追求,0.48147807,1,4643
4644,生死,生死,2,tencent_ai_lab_chinese_embedding_light_mirror_mvp,0.48589168,0.5041011,0.45857754,爱情,恋爱核心,0.45742413,1,4644
4645,姊妹俩,姊妹俩,3,tencent_ai_lab_chinese_embedding_light_mirror_mvp,0.48587929,0.50382841,0.45895562,丈夫,婚恋,0.48251811,1,4645
4646,有了,有了,2,tencent_ai_lab_chinese_embedding_light_mirror_mvp,0.48587368,0.49863583,0.46673045,追求,对象关系,0.49294931,1,4646
4647,恶评,恶评,2,tencent_ai_lab_chinese_embedding_light_mirror_mvp,0.48586766,0.49506792,0.47206727,恋情,恋爱历史,0.48303083,1,4647
4648,画面,画面,2,tencent_ai_lab_chinese_embedding_light_mirror_mvp,0.48585325,0.49618161,0.47036073,亲密,亲密行为,0.52132797,1,4648
4649,憎恨,憎恨,2,tencent_ai_lab_chinese_embedding_light_mirror_mvp,0.48582487,0.49057126,0.47870529,恋人,恋爱历史,0.46396464,1,4649
4650,有意识,有意识,3,tencent_ai_lab_chinese_embedding_light_mirror_mvp,0.48582439,0.50687504,0.45424843,亲密关系,亲密行为,0.48169741,1,4650
4651,反过来,反过来,3,tencent_ai_lab_chinese_embedding_light_mirror_mvp,0.48581647,0.51765418,0.4380599,对象,对象关系,0.44521624,1,4651
4652,人格解体,人格解体,4,tencent_ai_lab_chinese_embedding_light_mirror_mvp,0.48581229,0.51364005,0.44407067,亲密关系,亲密行为,0.37790096,1,4652
4653,好虐,好虐,2,tencent_ai_lab_chinese_embedding_light_mirror_mvp,0.48580322,0.49468622,0.47247872,告白,恋爱历史,0.49305195,1,4653
4654,骄傲,骄傲,2,tencent_ai_lab_chinese_embedding_light_mirror_mvp,0.48579108,0.50453901,0.45766917,青春,社会比较与人生进度,0.59319043,1,4654
4655,保鲜剂,保鲜剂,3,tencent_ai_lab_chinese_embedding_light_mirror_mvp,0.48578533,0.49580818,0.47075105,爱情,恋爱核心,0.49268562,1,4655
4656,再美,再美,2,tencent_ai_lab_chinese_embedding_light_mirror_mvp,0.48578398,0.5005101,0.46369481,青春,社会比较与人生进度,0.45634136,1,4656
4657,出格,出格,2,tencent_ai_lab_chinese_embedding_light_mirror_mvp,0.48576039,0.5084554,0.45171788,亲密,亲密行为,0.46866125,1,4657
4658,长衣,长衣,2,tencent_ai_lab_chinese_embedding_light_mirror_mvp,0.48575768,0.54804921,0.39232039,校服,校园恋爱,0.37320918,1,4658
4659,婚事新办,婚事新办,4,tencent_ai_lab_chinese_embedding_light_mirror_mvp,0.48574667,0.51027679,0.44895148,婚礼,婚恋,0.40051922,1,4659
4660,食堂,食堂,2,tencent_ai_lab_chinese_embedding_light_mirror_mvp,0.48574576,0.50353694,0.459059,同桌,校园恋爱,0.52381265,1,4660
4661,坚持下去,坚持下去,4,tencent_ai_lab_chinese_embedding_light_mirror_mvp,0.48573306,0.49453574,0.47252902,追求,表白与追求,0.50158018,1,4661
4662,经历,经历,2,tencent_ai_lab_chinese_embedding_light_mirror_mvp,0.48572286,0.49302816,0.47476491,恋爱,社会比较与人生进度,0.54483986,1,4662
4663,男爱,男爱,2,tencent_ai_lab_chinese_embedding_light_mirror_mvp,0.4856882,0.48706481,0.4836233,恋情,恋爱核心,0.52499413,1,4663
4664,困惑,困惑,2,tencent_ai_lab_chinese_embedding_light_mirror_mvp,0.48566837,0.50211471,0.46099886,亲密关系,对象关系,0.43056744,1,4664
4665,私语,私语,2,tencent_ai_lab_chinese_embedding_light_mirror_mvp,0.48565704,0.48827553,0.4817293,恋人,亲密行为,0.54567814,1,4665
4666,不好,不好,2,tencent_ai_lab_chinese_embedding_light_mirror_mvp,0.48565189,0.49186492,0.47633234,老婆,对象关系,0.47290862,1,4666
4667,一世,一世,2,tencent_ai_lab_chinese_embedding_light_mirror_mvp,0.4856271,0.4909232,0.47768295,爱情,恋爱核心,0.4788,1,4667
4668,长胖,长胖,2,tencent_ai_lab_chinese_embedding_light_mirror_mvp,0.48560014,0.49300838,0.47448778,单身,单身与脱单,0.50549161,1,4668
4669,要有,要有,2,tencent_ai_lab_chinese_embedding_light_mirror_mvp,0.4855926,0.51928544,0.43505335,追求,对象关系,0.37856093,1,4669
4670,仍然,仍然,2,tencent_ai_lab_chinese_embedding_light_mirror_mvp,0.48558846,0.50337219,0.45891285,落后,社会比较与人生进度,0.54256809,1,4670
4671,视作,视作,2,tencent_ai_lab_chinese_embedding_light_mirror_mvp,0.48558662,0.50735444,0.45293489,对象,社会比较与人生进度,0.39224005,1,4671
4672,一整天,一整天,3,tencent_ai_lab_chinese_embedding_light_mirror_mvp,0.48555926,0.50198567,0.46091965,散步,约会,0.54292989,1,4672
4673,但生,但生,2,tencent_ai_lab_chinese_embedding_light_mirror_mvp,0.48553125,0.49951625,0.46455374,结婚,婚恋,0.49100819,1,4673
4674,拼命,拼命,2,tencent_ai_lab_chinese_embedding_light_mirror_mvp,0.48552301,0.49981838,0.46407995,追求,社会比较与人生进度,0.53206009,1,4674
4675,誓言,誓言,2,tencent_ai_lab_chinese_embedding_light_mirror_mvp,0.48548604,0.49050748,0.47795388,求婚,亲密行为,0.49355215,1,4675
4676,如诗,如诗,2,tencent_ai_lab_chinese_embedding_light_mirror_mvp,0.4854797,0.50349402,0.45845821,青春,表白与追求,0.43860811,1,4676
4677,仰慕,仰慕,2,tencent_ai_lab_chinese_embedding_light_mirror_mvp,0.48545542,0.49521717,0.4708128,暗恋,表白与追求,0.54034019,1,4677
4678,不懈,不懈,2,tencent_ai_lab_chinese_embedding_light_mirror_mvp,0.48545132,0.53305298,0.41404882,追求,社会比较与人生进度,0.43503821,1,4678
4679,李玟,李玟,2,tencent_ai_lab_chinese_embedding_light_mirror_mvp,0.48544298,0.48624802,0.48423544,前女友,婚恋,0.50490189,1,4679
4680,两岁半,两岁半,3,tencent_ai_lab_chinese_embedding_light_mirror_mvp,0.48543525,0.49267745,0.47457194,同龄人,婚恋,0.488417,1,4680
4681,心态,心态,2,tencent_ai_lab_chinese_embedding_light_mirror_mvp,0.48542345,0.50165951,0.46106935,追求,社会比较与人生进度,0.50490761,1,4681
4682,虐到,虐到,2,tencent_ai_lab_chinese_embedding_light_mirror_mvp,0.48542082,0.48985755,0.47876573,告白,表白与追求,0.49953824,1,4682
4683,我想要,我想要,3,tencent_ai_lab_chinese_embedding_light_mirror_mvp,0.48540435,0.49189323,0.47567102,女朋友,对象关系,0.49352002,1,4683
4684,琐事,琐事,2,tencent_ai_lab_chinese_embedding_light_mirror_mvp,0.48537537,0.48716539,0.48269033,妻子,婚恋,0.4898093,1,4684
4685,圣诞快乐,圣诞快乐,4,tencent_ai_lab_chinese_embedding_light_mirror_mvp,0.48537025,0.49467131,0.47141865,拥抱,表白与追求,0.45477569,1,4685
4686,淡忘,淡忘,2,tencent_ai_lab_chinese_embedding_light_mirror_mvp,0.48535683,0.49524063,0.47053114,初恋,社会比较与人生进度,0.50369716,1,4686
4687,票圈,票圈,2,tencent_ai_lab_chinese_embedding_light_mirror_mvp,0.48535377,0.4949578,0.47094771,脱单,单身与脱单,0.47252795,1,4687
4688,自在,自在,2,tencent_ai_lab_chinese_embedding_light_mirror_mvp,0.48533821,0.49721155,0.46752819,追求,社会比较与人生进度,0.46794945,1,4688
4689,连帽,连帽,2,tencent_ai_lab_chinese_embedding_light_mirror_mvp,0.48533421,0.54984546,0.38856733,校服,校园恋爱,0.38280356,1,4689
4690,撒尿,撒尿,2,tencent_ai_lab_chinese_embedding_light_mirror_mvp,0.4853143,0.50345242,0.45810711,接吻,约会,0.45159769,1,4690
4691,潜力股,潜力股,3,tencent_ai_lab_chinese_embedding_light_mirror_mvp,0.48530385,0.49389118,0.47242287,单身,单身与脱单,0.49897897,1,4691
4692,旁若无人,旁若无人,4,tencent_ai_lab_chinese_embedding_light_mirror_mvp,0.48530002,0.49311137,0.47358298,亲密,亲密行为,0.49347645,1,4692
4693,住校生,住校生,3,tencent_ai_lab_chinese_embedding_light_mirror_mvp,0.48529499,0.49432409,0.47175133,校服,校园恋爱,0.58204472,1,4693
4694,客观现实,客观现实,4,tencent_ai_lab_chinese_embedding_light_mirror_mvp,0.4852834,0.50748056,0.45198765,追求,社会比较与人生进度,0.42235118,1,4694
4695,自我感觉良好,自我感觉良好,6,tencent_ai_lab_chinese_embedding_light_mirror_mvp,0.48527622,0.48952261,0.47890663,单身,社会比较与人生进度,0.52273363,1,4695
4696,出人头地,出人头地,4,tencent_ai_lab_chinese_embedding_light_mirror_mvp,0.4852703,0.49964079,0.46371457,同龄人,社会比较与人生进度,0.50185877,1,4696
4697,冻卵,冻卵,2,tencent_ai_lab_chinese_embedding_light_mirror_mvp,0.48526685,0.49581105,0.46945056,结婚,单身与脱单,0.45185447,1,4697
4698,过学,过学,2,tencent_ai_lab_chinese_embedding_light_mirror_mvp,0.48526145,0.51956815,0.43380141,同龄人,社会比较与人生进度,0.47090197,1,4698
4699,不正经,不正经,3,tencent_ai_lab_chinese_embedding_light_mirror_mvp,0.48524751,0.48712215,0.48243555,恋爱,单身与脱单,0.48013544,1,4699
4700,日记本,日记本,3,tencent_ai_lab_chinese_embedding_light_mirror_mvp,0.4852449,0.49163732,0.47565627,暗恋,校园恋爱,0.54783869,1,4700
4701,更多,更多,2,tencent_ai_lab_chinese_embedding_light_mirror_mvp,0.48522613,0.50683922,0.4528065,追求,社会比较与人生进度,0.48154467,1,4701
4702,试着,试着,2,tencent_ai_lab_chinese_embedding_light_mirror_mvp,0.48521707,0.49797636,0.46607813,伴侣,对象关系,0.47905672,1,4702
4703,老爷子,老爷子,3,tencent_ai_lab_chinese_embedding_light_mirror_mvp,0.48521281,0.49545121,0.46985522,老婆,婚恋,0.49054876,1,4703
4704,很乖,很乖,2,tencent_ai_lab_chinese_embedding_light_mirror_mvp,0.4852124,0.48607928,0.48391208,老婆,校园恋爱,0.50328052,1,4704
4705,秋日,秋日,2,tencent_ai_lab_chinese_embedding_light_mirror_mvp,0.48519018,0.5049637,0.4555299,青春,约会,0.42676753,1,4705
4706,独立性,独立性,3,tencent_ai_lab_chinese_embedding_light_mirror_mvp,0.48516188,0.51060486,0.4469974,亲密关系,亲密行为,0.39477336,1,4706
4707,花袄,花袄,2,tencent_ai_lab_chinese_embedding_light_mirror_mvp,0.48515295,0.52872568,0.41979384,校服,校园恋爱,0.39406109,1,4707
4708,花完,花完,2,tencent_ai_lab_chinese_embedding_light_mirror_mvp,0.48514359,0.49261504,0.47393641,老婆,婚恋,0.49306795,1,4708
4709,好了吧,好了吧,3,tencent_ai_lab_chinese_embedding_light_mirror_mvp,0.4851272,0.49179399,0.47512701,女朋友,校园恋爱,0.44080925,1,4709
4710,心田,心田,2,tencent_ai_lab_chinese_embedding_light_mirror_mvp,0.48512446,0.50562185,0.45437837,青春,恋爱核心,0.39919841,1,4710
4711,泥萌,泥萌,2,tencent_ai_lab_chinese_embedding_light_mirror_mvp,0.48510503,0.49119031,0.47597709,男朋友,单身与脱单,0.45797098,1,4711
4712,太渣,太渣,2,tencent_ai_lab_chinese_embedding_light_mirror_mvp,0.48509017,0.49006867,0.47762242,前女友,恋爱历史,0.52075058,1,4712
4713,抓住,抓住,2,tencent_ai_lab_chinese_embedding_light_mirror_mvp,0.48508897,0.5089348,0.44932023,拥抱,社会比较与人生进度,0.434304,1,4713
4714,家养,家养,2,tencent_ai_lab_chinese_embedding_light_mirror_mvp,0.48508837,0.49984151,0.46295866,老婆,婚恋,0.46594256,1,4714
4715,小井,小井,2,tencent_ai_lab_chinese_embedding_light_mirror_mvp,0.4850823,0.49442714,0.47106504,恋情,恋爱核心,0.45390087,1,4715
4716,服毒自杀,服毒自杀,4,tencent_ai_lab_chinese_embedding_light_mirror_mvp,0.48505222,0.4974162,0.46650624,妻子,婚恋,0.46669984,1,4716
4717,晨起,晨起,2,tencent_ai_lab_chinese_embedding_light_mirror_mvp,0.48504497,0.53494042,0.41020179,散步,约会,0.43703359,1,4717
4718,率先,率先,2,tencent_ai_lab_chinese_embedding_light_mirror_mvp,0.48504448,0.53108692,0.41598082,落后,社会比较与人生进度,0.39784223,1,4718
4719,没找,没找,2,tencent_ai_lab_chinese_embedding_light_mirror_mvp,0.48503947,0.49375048,0.47197294,女朋友,恋爱历史,0.47708523,1,4719
4720,社会性,社会性,3,tencent_ai_lab_chinese_embedding_light_mirror_mvp,0.48502047,0.50918454,0.44877437,亲密关系,亲密行为,0.39739823,1,4720
4721,忍无可忍,忍无可忍,4,tencent_ai_lab_chinese_embedding_light_mirror_mvp,0.48501425,0.49178496,0.47485819,老婆,婚恋,0.47848797,1,4721
4722,本能,本能,2,tencent_ai_lab_chinese_embedding_light_mirror_mvp,0.48500828,0.50026137,0.46212864,亲密关系,亲密行为,0.48617768,1,4722
4723,沉醉,沉醉,2,tencent_ai_lab_chinese_embedding_light_mirror_mvp,0.48500147,0.48860598,0.47959471,爱情,亲密行为,0.5141151,1,4723
4724,放松,放松,2,tencent_ai_lab_chinese_embedding_light_mirror_mvp,0.4849998,0.49327487,0.4725872,散步,亲密行为,0.47233653,1,4724
4725,他特,他特,2,tencent_ai_lab_chinese_embedding_light_mirror_mvp,0.48498892,0.493736,0.47186831,女朋友,恋爱历史,0.46931124,1,4725
4726,阶段,阶段,2,tencent_ai_lab_chinese_embedding_light_mirror_mvp,0.48498626,0.49918097,0.46369419,对象,社会比较与人生进度,0.51605916,1,4726
4727,避讳,避讳,2,tencent_ai_lab_chinese_embedding_light_mirror_mvp,0.48498387,0.51329833,0.44251218,亲密,亲密行为,0.47643775,1,4727
4728,并不矛盾,并不矛盾,4,tencent_ai_lab_chinese_embedding_light_mirror_mvp,0.48496827,0.51876193,0.43427777,追求,社会比较与人生进度,0.35790974,1,4728
4729,知性,知性,2,tencent_ai_lab_chinese_embedding_light_mirror_mvp,0.4849633,0.494003,0.47140375,青春,恋爱核心,0.48587543,1,4729
4730,一种,一种,2,tencent_ai_lab_chinese_embedding_light_mirror_mvp,0.48490835,0.50398296,0.45629644,追求,对象关系,0.43336034,1,4730
4731,焦虑症,焦虑症,3,tencent_ai_lab_chinese_embedding_light_mirror_mvp,0.48490527,0.4965525,0.46743444,亲密关系,单身与脱单,0.45131916,1,4731
4732,多数人,多数人,3,tencent_ai_lab_chinese_embedding_light_mirror_mvp,0.48485767,0.50539804,0.45404711,追求,社会比较与人生进度,0.49782985,1,4732
4733,琐碎,琐碎,2,tencent_ai_lab_chinese_embedding_light_mirror_mvp,0.48483,0.49916321,0.46333018,爱情,恋爱核心,0.45532548,1,4733
4734,欲念,欲念,2,tencent_ai_lab_chinese_embedding_light_mirror_mvp,0.4848277,0.49462804,0.4701272,爱情,恋爱核心,0.45371479,1,4734
4735,苦闷,苦闷,2,tencent_ai_lab_chinese_embedding_light_mirror_mvp,0.484817,0.4926154,0.47311941,暗恋,恋爱核心,0.47099221,1,4735
4736,总在,总在,2,tencent_ai_lab_chinese_embedding_light_mirror_mvp,0.48481422,0.48952928,0.47774163,爱情,社会比较与人生进度,0.5157913,1,4736
4737,著名演员,著名演员,4,tencent_ai_lab_chinese_embedding_light_mirror_mvp,0.48479913,0.50100565,0.46048936,妻子,婚恋,0.49672109,1,4737
4738,自由主义,自由主义,4,tencent_ai_lab_chinese_embedding_light_mirror_mvp,0.48479289,0.49277198,0.47282425,亲密关系,社会比较与人生进度,0.40836596,1,4738
4739,认同感,认同感,3,tencent_ai_lab_chinese_embedding_light_mirror_mvp,0.48479219,0.49661484,0.46705821,亲密关系,亲密行为,0.41965258,1,4739
4740,喜剧,喜剧,2,tencent_ai_lab_chinese_embedding_light_mirror_mvp,0.48478917,0.51101291,0.44545355,爱情,恋爱核心,0.43741369,1,4740
4741,谎言,谎言,2,tencent_ai_lab_chinese_embedding_light_mirror_mvp,0.48478262,0.49170336,0.4744015,爱情,恋爱核心,0.488235,1,4741
4742,二十四五岁,二十四五岁,5,tencent_ai_lab_chinese_embedding_light_mirror_mvp,0.48474528,0.5182215,0.43453094,同龄人,社会比较与人生进度,0.46145681,1,4742
4743,妓女,妓女,2,tencent_ai_lab_chinese_embedding_light_mirror_mvp,0.48473859,0.4918519,0.47406864,丈夫,对象关系,0.47289419,1,4743
4744,回母校,回母校,3,tencent_ai_lab_chinese_embedding_light_mirror_mvp,0.48473629,0.49465466,0.46985874,同桌,校园恋爱,0.54097331,1,4744
4745,吐槽,吐槽,2,tencent_ai_lab_chinese_embedding_light_mirror_mvp,0.48472847,0.48587498,0.48300871,老公,表白与追求,0.50234348,1,4745
4746,精神性,精神性,3,tencent_ai_lab_chinese_embedding_light_mirror_mvp,0.48470211,0.507034,0.45120427,追求,亲密行为,0.36500672,1,4746
4747,排解,排解,2,tencent_ai_lab_chinese_embedding_light_mirror_mvp,0.48470194,0.49226564,0.4733564,亲密关系,对象关系,0.44509372,1,4747
4748,下家,下家,2,tencent_ai_lab_chinese_embedding_light_mirror_mvp,0.48470082,0.49649686,0.46700677,对象,对象关系,0.45833144,1,4748
4749,咖啡馆,咖啡馆,3,tencent_ai_lab_chinese_embedding_light_mirror_mvp,0.48469552,0.49458447,0.4698621,约会,约会,0.54746127,1,4749
4750,引产,引产,2,tencent_ai_lab_chinese_embedding_light_mirror_mvp,0.48469099,0.49156323,0.47438264,结婚,婚恋,0.50400764,1,4750
4751,酱紫,酱紫,2,tencent_ai_lab_chinese_embedding_light_mirror_mvp,0.48469028,0.49434924,0.47020185,男朋友,对象关系,0.47077012,1,4751
4752,共患难,共患难,3,tencent_ai_lab_chinese_embedding_light_mirror_mvp,0.48468734,0.48954523,0.47740051,恋人,亲密行为,0.51168334,1,4752
4753,病危,病危,2,tencent_ai_lab_chinese_embedding_light_mirror_mvp,0.48466563,0.50083476,0.46041194,妻子,婚恋,0.48811519,1,4753
4754,诗情画意,诗情画意,4,tencent_ai_lab_chinese_embedding_light_mirror_mvp,0.48465779,0.49837291,0.4640851,爱情,恋爱核心,0.45999509,1,4754
4755,海滩,海滩,2,tencent_ai_lab_chinese_embedding_light_mirror_mvp,0.48465168,0.50798166,0.44965672,散步,约会,0.50703257,1,4755
4756,男婴,男婴,2,tencent_ai_lab_chinese_embedding_light_mirror_mvp,0.48462507,0.50013846,0.46135497,丈夫,婚恋,0.46499196,1,4756
4757,出事,出事,2,tencent_ai_lab_chinese_embedding_light_mirror_mvp,0.4846016,0.49231642,0.47302938,妻子,婚恋,0.51680785,1,4757
4758,空想,空想,2,tencent_ai_lab_chinese_embedding_light_mirror_mvp,0.48459632,0.50785547,0.4497076,追求,表白与追求,0.43246564,1,4758
4759,粉丝团,粉丝团,3,tencent_ai_lab_chinese_embedding_light_mirror_mvp,0.48458233,0.49136442,0.47440919,前女友,恋爱历史,0.45026919,1,4759
4760,亮相,亮相,2,tencent_ai_lab_chinese_embedding_light_mirror_mvp,0.48458025,0.50712007,0.45077053,牵手,社会比较与人生进度,0.42730832,1,4760
4761,铁石心肠,铁石心肠,4,tencent_ai_lab_chinese_embedding_light_mirror_mvp,0.48458004,0.48767656,0.47993526,恋人,恋爱核心,0.46602988,1,4761
4762,就任,就任,2,tencent_ai_lab_chinese_embedding_light_mirror_mvp,0.48457322,0.52723002,0.42058802,前任,婚恋,0.377792,1,4762
4763,无可取代,无可取代,4,tencent_ai_lab_chinese_embedding_light_mirror_mvp,0.48454478,0.48985898,0.47657347,追求,表白与追求,0.51550084,1,4763
4764,失落,失落,2,tencent_ai_lab_chinese_embedding_light_mirror_mvp,0.48454478,0.48673642,0.48125732,恋人,恋爱核心,0.51422954,1,4764
4765,正经,正经,2,tencent_ai_lab_chinese_embedding_light_mirror_mvp,0.4845352,0.49555561,0.46800458,女朋友,对象关系,0.44819736,1,4765
4766,互敬,互敬,2,tencent_ai_lab_chinese_embedding_light_mirror_mvp,0.48452227,0.49504006,0.46874559,亲密,亲密行为,0.54300249,1,4766
4767,花花世界,花花世界,4,tencent_ai_lab_chinese_embedding_light_mirror_mvp,0.4845009,0.50054729,0.46043131,爱情,恋爱核心,0.47094944,1,4767
4768,忘却,忘却,2,tencent_ai_lab_chinese_embedding_light_mirror_mvp,0.48449009,0.48469427,0.48418382,初恋,恋爱核心,0.4934749,1,4768
4769,显然,显然,2,tencent_ai_lab_chinese_embedding_light_mirror_mvp,0.48447422,0.49180833,0.47347307,对象,社会比较与人生进度,0.50541341,1,4769
4770,无可厚非,无可厚非,4,tencent_ai_lab_chinese_embedding_light_mirror_mvp,0.48447014,0.51362503,0.44073781,追求,社会比较与人生进度,0.44269896,1,4770
4771,脸红,脸红,2,tencent_ai_lab_chinese_embedding_light_mirror_mvp,0.4844524,0.48594189,0.48221818,女朋友,亲密行为,0.49312544,1,4771
4772,现代,现代,2,tencent_ai_lab_chinese_embedding_light_mirror_mvp,0.48444225,0.51976991,0.43145075,追求,社会比较与人生进度,0.47096711,1,4772
4773,发生争执,发生争执,4,tencent_ai_lab_chinese_embedding_light_mirror_mvp,0.48443367,0.49277765,0.47191772,妻子,婚恋,0.47341561,1,4773
4774,鸡毛蒜皮,鸡毛蒜皮,4,tencent_ai_lab_chinese_embedding_light_mirror_mvp,0.48441843,0.49030805,0.475584,爱情,恋爱核心,0.49183595,1,4774
4775,换言之,换言之,3,tencent_ai_lab_chinese_embedding_light_mirror_mvp,0.4844128,0.49393564,0.47012854,追求,亲密行为,0.40009433,1,4775
4776,迟到,迟到,2,tencent_ai_lab_chinese_embedding_light_mirror_mvp,0.48440166,0.49731469,0.4650321,约会,校园恋爱,0.51122701,1,4776
4777,你心,你心,2,tencent_ai_lab_chinese_embedding_light_mirror_mvp,0.48437849,0.49305147,0.47136903,爱情,表白与追求,0.49040461,1,4777
4778,成天,成天,2,tencent_ai_lab_chinese_embedding_light_mirror_mvp,0.48437487,0.49573267,0.46733817,老婆,对象关系,0.45661747,1,4778
4779,别难过,别难过,3,tencent_ai_lab_chinese_embedding_light_mirror_mvp,0.48436657,0.49166515,0.47341868,女朋友,对象关系,0.48844603,1,4779
4780,合作伙伴,合作伙伴,4,tencent_ai_lab_chinese_embedding_light_mirror_mvp,0.48436652,0.49327707,0.4710007,牵手,亲密行为,0.50988615,1,4780
4781,异类,异类,2,tencent_ai_lab_chinese_embedding_light_mirror_mvp,0.48435622,0.50094283,0.45947632,同龄人,社会比较与人生进度,0.48317936,1,4781
4782,文工团,文工团,3,tencent_ai_lab_chinese_embedding_light_mirror_mvp,0.4843545,0.50553703,0.45258069,青春,社会比较与人生进度,0.44861454,1,4782
4783,点菜,点菜,2,tencent_ai_lab_chinese_embedding_light_mirror_mvp,0.48434337,0.49291694,0.47148302,第一次约会,约会,0.52924579,1,4783
4784,身份,身份,2,tencent_ai_lab_chinese_embedding_light_mirror_mvp,0.48433858,0.50363129,0.45539951,对象,对象关系,0.4320924,1,4784
4785,如此,如此,2,tencent_ai_lab_chinese_embedding_light_mirror_mvp,0.484329,0.51039529,0.44522956,追求,社会比较与人生进度,0.51542878,1,4785
4786,天伦之乐,天伦之乐,4,tencent_ai_lab_chinese_embedding_light_mirror_mvp,0.48430753,0.49024981,0.4753941,妻子,婚恋,0.50251877,1,4786
4787,再亲,再亲,2,tencent_ai_lab_chinese_embedding_light_mirror_mvp,0.48430483,0.49340051,0.47066131,接吻,亲密行为,0.5357458,1,4787
4788,更加,更加,2,tencent_ai_lab_chinese_embedding_light_mirror_mvp,0.48429151,0.51651263,0.43595982,追求,社会比较与人生进度,0.48422647,1,4788
4789,攀比,攀比,2,tencent_ai_lab_chinese_embedding_light_mirror_mvp,0.48428982,0.49732712,0.46473387,追求,社会比较与人生进度,0.47620186,1,4789
4790,太想,太想,2,tencent_ai_lab_chinese_embedding_light_mirror_mvp,0.48425863,0.49241942,0.47201744,女朋友,社会比较与人生进度,0.50787389,1,4790
4791,风景,风景,2,tencent_ai_lab_chinese_embedding_light_mirror_mvp,0.48424745,0.49537486,0.46755633,青春,社会比较与人生进度,0.47826937,1,4791
4792,将来,将来,2,tencent_ai_lab_chinese_embedding_light_mirror_mvp,0.48423587,0.49372929,0.46999574,对象,社会比较与人生进度,0.47927821,1,4792
4793,入学,入学,2,tencent_ai_lab_chinese_embedding_light_mirror_mvp,0.48421219,0.49060562,0.47462204,早恋,校园恋爱,0.55160093,1,4793
4794,谈会,谈会,2,tencent_ai_lab_chinese_embedding_light_mirror_mvp,0.48420797,0.49338731,0.47043896,恋爱,约会,0.4525618,1,4794
4795,自恋狂,自恋狂,3,tencent_ai_lab_chinese_embedding_light_mirror_mvp,0.48417884,0.49574295,0.46683267,女朋友,恋爱历史,0.4498485,1,4795
4796,口口声声,口口声声,4,tencent_ai_lab_chinese_embedding_light_mirror_mvp,0.48417752,0.48994488,0.47552648,前任,恋爱历史,0.49742579,1,4796
4797,牢狱之灾,牢狱之灾,4,tencent_ai_lab_chinese_embedding_light_mirror_mvp,0.48416109,0.50169992,0.45785284,妻子,婚恋,0.47353649,1,4797
4798,入睡,入睡,2,tencent_ai_lab_chinese_embedding_light_mirror_mvp,0.48415745,0.49834254,0.46287981,散步,亲密行为,0.51226389,1,4798
4799,南湖公园,南湖公园,4,tencent_ai_lab_chinese_embedding_light_mirror_mvp,0.48415153,0.53808248,0.40325511,散步,约会,0.46355671,1,4799
4800,早操,早操,2,tencent_ai_lab_chinese_embedding_light_mirror_mvp,0.48415108,0.49097404,0.47391665,校服,校园恋爱,0.57354546,1,4800
4801,其弟,其弟,2,tencent_ai_lab_chinese_embedding_light_mirror_mvp,0.48412387,0.51628888,0.43587637,妻子,婚恋,0.39184678,1,4801
4802,创造出,创造出,3,tencent_ai_lab_chinese_embedding_light_mirror_mvp,0.48411641,0.52349901,0.42504251,追求,社会比较与人生进度,0.37465334,1,4802
4803,房贷,房贷,2,tencent_ai_lab_chinese_embedding_light_mirror_mvp,0.48406754,0.49443731,0.46851289,结婚,婚恋,0.46349084,1,4803
4804,动因,动因,2,tencent_ai_lab_chinese_embedding_light_mirror_mvp,0.48403234,0.49673492,0.46497849,追求,亲密行为,0.38385147,1,4804
4805,倾听,倾听,2,tencent_ai_lab_chinese_embedding_light_mirror_mvp,0.48400229,0.49232435,0.4715192,拥抱,亲密行为,0.50267375,1,4805
4806,消逝,消逝,2,tencent_ai_lab_chinese_embedding_light_mirror_mvp,0.48398707,0.50873369,0.44686714,青春,社会比较与人生进度,0.51272398,1,4806
4807,玩一玩,玩一玩,3,tencent_ai_lab_chinese_embedding_light_mirror_mvp,0.48398139,0.48924306,0.47608888,散步,约会,0.52936983,1,4807
4808,场景,场景,2,tencent_ai_lab_chinese_embedding_light_mirror_mvp,0.48397489,0.49471313,0.46786752,拥抱,亲密行为,0.52463663,1,4808
4809,人们,人们,2,tencent_ai_lab_chinese_embedding_light_mirror_mvp,0.48396176,0.50131261,0.45793548,追求,社会比较与人生进度,0.50415647,1,4809
4810,原地踏步,原地踏步,4,tencent_ai_lab_chinese_embedding_light_mirror_mvp,0.48392836,0.49129003,0.47288585,单身,社会比较与人生进度,0.54375571,1,4810
4811,酸甜苦辣,酸甜苦辣,4,tencent_ai_lab_chinese_embedding_light_mirror_mvp,0.48392435,0.49123386,0.47296008,爱情,恋爱核心,0.46864843,1,4811
4812,纽扣,纽扣,2,tencent_ai_lab_chinese_embedding_light_mirror_mvp,0.48391767,0.53836602,0.40224513,校服,校园恋爱,0.4736613,1,4812
4813,反社会行为,反社会行为,5,tencent_ai_lab_chinese_embedding_light_mirror_mvp,0.48391206,0.50149381,0.45753944,亲密关系,校园恋爱,0.36950353,1,4813
4814,儿们,儿们,2,tencent_ai_lab_chinese_embedding_light_mirror_mvp,0.48390795,0.51119685,0.4429746,脱单,单身与脱单,0.50355721,1,4814
4815,赶紧,赶紧,2,tencent_ai_lab_chinese_embedding_light_mirror_mvp,0.48390783,0.49115711,0.47303391,老婆,婚恋,0.45438963,1,4815
4816,结交,结交,2,tencent_ai_lab_chinese_embedding_light_mirror_mvp,0.48389965,0.49011791,0.47457227,亲密,对象关系,0.50017619,1,4816
4817,值得,值得,2,tencent_ai_lab_chinese_embedding_light_mirror_mvp,0.48389825,0.49831304,0.46227607,追求,社会比较与人生进度,0.50932825,1,4817
4818,大姑娘,大姑娘,3,tencent_ai_lab_chinese_embedding_light_mirror_mvp,0.48387401,0.49251139,0.47091794,老婆,婚恋,0.49659818,1,4818
4819,妃子,妃子,2,tencent_ai_lab_chinese_embedding_light_mirror_mvp,0.48384561,0.49058875,0.47373089,老婆,婚恋,0.47309178,1,4819
4820,登山,登山,2,tencent_ai_lab_chinese_embedding_light_mirror_mvp,0.48383518,0.52655458,0.41975608,散步,约会,0.48482168,1,4820
4821,现代生活,现代生活,4,tencent_ai_lab_chinese_embedding_light_mirror_mvp,0.48382312,0.51538622,0.43647847,追求,社会比较与人生进度,0.42603302,1,4821
4822,幽默,幽默,2,tencent_ai_lab_chinese_embedding_light_mirror_mvp,0.48380299,0.48938122,0.47543564,告白,表白与追求,0.50162834,1,4822
4823,奢华,奢华,2,tencent_ai_lab_chinese_embedding_light_mirror_mvp,0.4837943,0.50892431,0.44609928,婚礼,婚恋,0.40898243,1,4823
4824,技术落后,技术落后,4,tencent_ai_lab_chinese_embedding_light_mirror_mvp,0.48377484,0.56283283,0.36518785,落后,社会比较与人生进度,0.46109623,1,4824
4825,首要条件,首要条件,4,tencent_ai_lab_chinese_embedding_light_mirror_mvp,0.48375767,0.50614595,0.45017526,追求,对象关系,0.37027341,1,4825
4826,平均年龄,平均年龄,4,tencent_ai_lab_chinese_embedding_light_mirror_mvp,0.48373677,0.5335753,0.40897897,同龄人,社会比较与人生进度,0.51398122,1,4826
4827,一样,一样,2,tencent_ai_lab_chinese_embedding_light_mirror_mvp,0.48373542,0.48484412,0.48207238,对象,社会比较与人生进度,0.53475749,1,4827
4828,探望,探望,2,tencent_ai_lab_chinese_embedding_light_mirror_mvp,0.48370892,0.49480915,0.46705857,妻子,婚恋,0.49510971,1,4828
4829,遇到,遇到,2,tencent_ai_lab_chinese_embedding_light_mirror_mvp,0.48370676,0.48748773,0.4780353,伴侣,对象关系,0.53166378,1,4829
4830,旧病复发,旧病复发,4,tencent_ai_lab_chinese_embedding_light_mirror_mvp,0.48369389,0.49724394,0.4633688,妻子,婚恋,0.46109405,1,4830
4831,半辈子,半辈子,3,tencent_ai_lab_chinese_embedding_light_mirror_mvp,0.48360994,0.49414265,0.46781087,老婆,婚恋,0.48831797,1,4831
4832,高领,高领,2,tencent_ai_lab_chinese_embedding_light_mirror_mvp,0.48360559,0.53889096,0.40067753,校服,校园恋爱,0.38631552,1,4832
4833,正确引导,正确引导,4,tencent_ai_lab_chinese_embedding_light_mirror_mvp,0.48359436,0.510584,0.4431099,早恋,社会比较与人生进度,0.42285126,1,4833
4834,四奶,四奶,2,tencent_ai_lab_chinese_embedding_light_mirror_mvp,0.48359414,0.50382423,0.45324901,老婆,婚恋,0.45132715,1,4834
4835,人时,人时,2,tencent_ai_lab_chinese_embedding_light_mirror_mvp,0.48358825,0.49892646,0.46058095,对象,对象关系,0.45986739,1,4835
4836,外界,外界,2,tencent_ai_lab_chinese_embedding_light_mirror_mvp,0.48358064,0.50341314,0.45383188,恋情,社会比较与人生进度,0.44945496,1,4836
4837,性自慰,性自慰,3,tencent_ai_lab_chinese_embedding_light_mirror_mvp,0.48356698,0.4927271,0.46982679,亲密关系,对象关系,0.45735186,1,4837
4838,爱学习,爱学习,3,tencent_ai_lab_chinese_embedding_light_mirror_mvp,0.48355527,0.49328834,0.46895567,早恋,校园恋爱,0.53777826,1,4838
4839,一抱,一抱,2,tencent_ai_lab_chinese_embedding_light_mirror_mvp,0.48354833,0.50591761,0.44999442,拥抱,亲密行为,0.51453263,1,4839
4840,教育体制,教育体制,4,tencent_ai_lab_chinese_embedding_light_mirror_mvp,0.48352951,0.50010115,0.45867205,早恋,校园恋爱,0.51992428,1,4840
4841,不孕不育,不孕不育,4,tencent_ai_lab_chinese_embedding_light_mirror_mvp,0.48351609,0.49078357,0.47261485,结婚,单身与脱单,0.47891253,1,4841
4842,好孩子,好孩子,3,tencent_ai_lab_chinese_embedding_light_mirror_mvp,0.4835111,0.49439713,0.46718204,早恋,校园恋爱,0.50974619,1,4842
4843,网管,网管,2,tencent_ai_lab_chinese_embedding_light_mirror_mvp,0.48350645,0.49863666,0.46081114,女朋友,校园恋爱,0.44049084,1,4843
4844,美人,美人,2,tencent_ai_lab_chinese_embedding_light_mirror_mvp,0.48350551,0.48625386,0.47938299,恋人,对象关系,0.51469743,1,4844
4845,深厚感情,深厚感情,4,tencent_ai_lab_chinese_embedding_light_mirror_mvp,0.48349831,0.48840556,0.47613743,亲密,亲密行为,0.48957294,1,4845
4846,千言万语,千言万语,4,tencent_ai_lab_chinese_embedding_light_mirror_mvp,0.48347569,0.49237984,0.47011945,拥抱,恋爱核心,0.45905399,1,4846
4847,风尘,风尘,2,tencent_ai_lab_chinese_embedding_light_mirror_mvp,0.48346304,0.51011729,0.44348165,青春,社会比较与人生进度,0.44378757,1,4847
4848,用心,用心,2,tencent_ai_lab_chinese_embedding_light_mirror_mvp,0.48346266,0.48989183,0.4738189,追求,表白与追求,0.48837313,1,4848
4849,理直气壮,理直气壮,4,tencent_ai_lab_chinese_embedding_light_mirror_mvp,0.48345811,0.49037394,0.47308436,老婆,对象关系,0.44792101,1,4849
4850,烧饭,烧饭,2,tencent_ai_lab_chinese_embedding_light_mirror_mvp,0.48343618,0.49448478,0.46686327,老婆,约会,0.44892713,1,4850
4851,压哨,压哨,2,tencent_ai_lab_chinese_embedding_light_mirror_mvp,0.48342774,0.55444676,0.37689921,落后,社会比较与人生进度,0.44505411,1,4851
4852,批判,批判,2,tencent_ai_lab_chinese_embedding_light_mirror_mvp,0.48342119,0.49543369,0.46540245,追求,社会比较与人生进度,0.4783538,1,4852
4853,闹得,闹得,2,tencent_ai_lab_chinese_embedding_light_mirror_mvp,0.4834181,0.4869822,0.47807196,恋情,婚恋,0.47522655,1,4853
4854,之梦,之梦,2,tencent_ai_lab_chinese_embedding_light_mirror_mvp,0.48341534,0.51731527,0.43256545,追求,社会比较与人生进度,0.40843523,1,4854
4855,告诉你,告诉你,3,tencent_ai_lab_chinese_embedding_light_mirror_mvp,0.48340555,0.49624527,0.46414599,女朋友,表白与追求,0.48383313,1,4855
4856,尤其,尤其,2,tencent_ai_lab_chinese_embedding_light_mirror_mvp,0.48340192,0.49799299,0.46151531,对象,社会比较与人生进度,0.46706969,1,4856
4857,感受到,感受到,3,tencent_ai_lab_chinese_embedding_light_mirror_mvp,0.48338575,0.50398737,0.45248333,拥抱,亲密行为,0.49278229,1,4857
4858,很多很多,很多很多,4,tencent_ai_lab_chinese_embedding_light_mirror_mvp,0.48337256,0.49282071,0.46920034,女朋友,对象关系,0.49993223,1,4858
4859,弃学,弃学,2,tencent_ai_lab_chinese_embedding_light_mirror_mvp,0.48336636,0.51093864,0.44200793,早恋,校园恋爱,0.46542585,1,4859
4860,版型,版型,2,tencent_ai_lab_chinese_embedding_light_mirror_mvp,0.48335589,0.54313731,0.39368376,校服,校园恋爱,0.38247415,1,4860
4861,走了,走了,2,tencent_ai_lab_chinese_embedding_light_mirror_mvp,0.48331596,0.49781418,0.46156862,散步,社会比较与人生进度,0.46918815,1,4861
4862,睡着了,睡着了,3,tencent_ai_lab_chinese_embedding_light_mirror_mvp,0.48331184,0.49466515,0.46628189,老婆,约会,0.44021663,1,4862
4863,照曝光,照曝光,3,tencent_ai_lab_chinese_embedding_light_mirror_mvp,0.48330278,0.50432205,0.45177388,恋情,亲密行为,0.42950615,1,4863
4864,洗脚,洗脚,2,tencent_ai_lab_chinese_embedding_light_mirror_mvp,0.48327442,0.49201047,0.47017035,散步,约会,0.49228865,1,4864
4865,这一天,这一天,3,tencent_ai_lab_chinese_embedding_light_mirror_mvp,0.48322212,0.50101447,0.45653358,婚礼,婚恋,0.48887241,1,4865
4866,亲同,亲同,2,tencent_ai_lab_chinese_embedding_light_mirror_mvp,0.48321867,0.50832868,0.44555366,亲密,亲密行为,0.47915363,1,4866
4867,对待,对待,2,tencent_ai_lab_chinese_embedding_light_mirror_mvp,0.48319926,0.48641557,0.47837481,对象,对象关系,0.49789551,1,4867
4868,英语书,英语书,3,tencent_ai_lab_chinese_embedding_light_mirror_mvp,0.48319685,0.5108546,0.44171023,同桌,校园恋爱,0.54498017,1,4868
4869,经典,经典,2,tencent_ai_lab_chinese_embedding_light_mirror_mvp,0.48319541,0.50859404,0.44509748,青春,社会比较与人生进度,0.49428648,1,4869
4870,举行,举行,2,tencent_ai_lab_chinese_embedding_light_mirror_mvp,0.48318089,0.5090034,0.44444713,婚礼,婚恋,0.40142238,1,4870
4871,没多久,没多久,3,tencent_ai_lab_chinese_embedding_light_mirror_mvp,0.48314945,0.48833787,0.4753668,老婆,婚恋,0.50792015,1,4871
4872,爱笑,爱笑,2,tencent_ai_lab_chinese_embedding_light_mirror_mvp,0.48314386,0.48876634,0.47471014,初恋,社会比较与人生进度,0.46646255,1,4872
4873,身材,身材,2,tencent_ai_lab_chinese_embedding_light_mirror_mvp,0.48313544,0.48574084,0.47922733,校服,社会比较与人生进度,0.51741213,1,4873
4874,无病呻吟,无病呻吟,4,tencent_ai_lab_chinese_embedding_light_mirror_mvp,0.48312157,0.49498034,0.46533343,爱情,社会比较与人生进度,0.50976062,1,4874
4875,敬重,敬重,2,tencent_ai_lab_chinese_embedding_light_mirror_mvp,0.48309178,0.51377565,0.43706599,亲密,亲密行为,0.41789943,1,4875
4876,走进,走进,2,tencent_ai_lab_chinese_embedding_light_mirror_mvp,0.48308382,0.50294727,0.45328864,牵手,亲密行为,0.47545725,1,4876
4877,那年,那年,2,tencent_ai_lab_chinese_embedding_light_mirror_mvp,0.48306627,0.48988241,0.47284207,初恋,社会比较与人生进度,0.50978887,1,4877
4878,带着,带着,2,tencent_ai_lab_chinese_embedding_light_mirror_mvp,0.48302014,0.49490601,0.46519133,妻子,婚恋,0.47586808,1,4878
4879,进取,进取,2,tencent_ai_lab_chinese_embedding_light_mirror_mvp,0.48301927,0.50630248,0.44809446,追求,社会比较与人生进度,0.50885308,1,4879
4880,生活作风,生活作风,4,tencent_ai_lab_chinese_embedding_light_mirror_mvp,0.48297582,0.48779172,0.47575197,老婆,婚恋,0.48869115,1,4880
4881,真理,真理,2,tencent_ai_lab_chinese_embedding_light_mirror_mvp,0.48296535,0.48903245,0.4738647,追求,表白与追求,0.43480349,1,4881
4882,撑伞,撑伞,2,tencent_ai_lab_chinese_embedding_light_mirror_mvp,0.48296031,0.49297965,0.4679313,牵手,约会,0.4917295,1,4882
4883,尸骨未寒,尸骨未寒,4,tencent_ai_lab_chinese_embedding_light_mirror_mvp,0.4829456,0.48667949,0.47734475,订婚,婚恋,0.51417154,1,4883
4884,瘸子,瘸子,2,tencent_ai_lab_chinese_embedding_light_mirror_mvp,0.48294394,0.49837011,0.45980468,老婆,婚恋,0.44448954,1,4884
4885,认真对待,认真对待,4,tencent_ai_lab_chinese_embedding_light_mirror_mvp,0.48293747,0.49698973,0.46185908,追求,表白与追求,0.47484344,1,4885
4886,活该,活该,2,tencent_ai_lab_chinese_embedding_light_mirror_mvp,0.4829138,0.49311706,0.4676089,老婆,对象关系,0.4476217,1,4886
4887,风格,风格,2,tencent_ai_lab_chinese_embedding_light_mirror_mvp,0.48291241,0.51674306,0.43216643,追求,社会比较与人生进度,0.46431327,1,4887
4888,绝缘体,绝缘体,3,tencent_ai_lab_chinese_embedding_light_mirror_mvp,0.48290973,0.49432454,0.46578753,恋爱,对象关系,0.51163459,1,4888
4889,回复,回复,2,tencent_ai_lab_chinese_embedding_light_mirror_mvp,0.48290256,0.49298245,0.46778274,表白,单身与脱单,0.4734149,1,4889
4890,习俗,习俗,2,tencent_ai_lab_chinese_embedding_light_mirror_mvp,0.48289475,0.49473453,0.4651351,婚礼,婚恋,0.44063348,1,4890
4891,张先生,张先生,3,tencent_ai_lab_chinese_embedding_light_mirror_mvp,0.48285061,0.49258131,0.46825457,妻子,婚恋,0.47184336,1,4891
4892,咋啦,咋啦,2,tencent_ai_lab_chinese_embedding_light_mirror_mvp,0.48281765,0.49552488,0.4637568,老婆,校园恋爱,0.42490011,1,4892
4893,自白,自白,2,tencent_ai_lab_chinese_embedding_light_mirror_mvp,0.48280408,0.49603909,0.46295157,告白,表白与追求,0.48598266,1,4893
4894,热泪盈眶,热泪盈眶,4,tencent_ai_lab_chinese_embedding_light_mirror_mvp,0.48280042,0.48995817,0.47206381,拥抱,社会比较与人生进度,0.46470085,1,4894
4895,吃苦,吃苦,2,tencent_ai_lab_chinese_embedding_light_mirror_mvp,0.48279286,0.48619828,0.47768474,老婆,社会比较与人生进度,0.49609819,1,4895
4896,放肆,放肆,2,tencent_ai_lab_chinese_embedding_light_mirror_mvp,0.48278587,0.50339335,0.45187464,亲密,亲密行为,0.49783748,1,4896
4897,实际上,实际上,3,tencent_ai_lab_chinese_embedding_light_mirror_mvp,0.48277168,0.49797875,0.45996109,追求,社会比较与人生进度,0.48394573,1,4897
4898,真心实意,真心实意,4,tencent_ai_lab_chinese_embedding_light_mirror_mvp,0.48277075,0.48753625,0.4756225,伴侣,对象关系,0.53452063,1,4898
4899,一天到晚,一天到晚,4,tencent_ai_lab_chinese_embedding_light_mirror_mvp,0.48276977,0.49876341,0.45877931,老婆,对象关系,0.41565335,1,4899
4900,误入歧途,误入歧途,4,tencent_ai_lab_chinese_embedding_light_mirror_mvp,0.48276893,0.50615299,0.44769284,早恋,社会比较与人生进度,0.46885085,1,4900
4901,受罪,受罪,2,tencent_ai_lab_chinese_embedding_light_mirror_mvp,0.482754,0.49226087,0.4684937,老婆,婚恋,0.46004003,1,4901
4902,看作,看作,2,tencent_ai_lab_chinese_embedding_light_mirror_mvp,0.48275218,0.49856359,0.45903507,对象,社会比较与人生进度,0.41848513,1,4902
4903,还俗,还俗,2,tencent_ai_lab_chinese_embedding_light_mirror_mvp,0.48272901,0.49434718,0.46530175,结婚,婚恋,0.47633418,1,4903
4904,你长,你长,2,tencent_ai_lab_chinese_embedding_light_mirror_mvp,0.48272536,0.49344361,0.46664798,女朋友,校园恋爱,0.45263386,1,4904
4905,亲自,亲自,2,tencent_ai_lab_chinese_embedding_light_mirror_mvp,0.48271211,0.50398839,0.45079771,妻子,婚恋,0.4743216,1,4905
4906,在校,在校,2,tencent_ai_lab_chinese_embedding_light_mirror_mvp,0.48270942,0.49540746,0.46366236,校服,校园恋爱,0.57206464,1,4906
4907,怯懦,怯懦,2,tencent_ai_lab_chinese_embedding_light_mirror_mvp,0.48270851,0.48831552,0.474298,暗恋,社会比较与人生进度,0.52857459,1,4907
4908,大吐苦水,大吐苦水,4,tencent_ai_lab_chinese_embedding_light_mirror_mvp,0.48270804,0.48795956,0.47483075,老公,婚恋,0.48407987,1,4908
4909,计划生育,计划生育,4,tencent_ai_lab_chinese_embedding_light_mirror_mvp,0.48270116,0.49912238,0.45806932,早恋,婚恋,0.40990365,1,4909
4910,年年岁岁,年年岁岁,4,tencent_ai_lab_chinese_embedding_light_mirror_mvp,0.48269188,0.51285738,0.43744364,青春,社会比较与人生进度,0.39768857,1,4910
4911,梳着,梳着,2,tencent_ai_lab_chinese_embedding_light_mirror_mvp,0.48269016,0.52568376,0.41819975,校服,校园恋爱,0.46609211,1,4911
4912,出镜,出镜,2,tencent_ai_lab_chinese_embedding_light_mirror_mvp,0.48268938,0.4847073,0.47966251,婚礼,亲密行为,0.48880973,1,4912
4913,潸然泪下,潸然泪下,4,tencent_ai_lab_chinese_embedding_light_mirror_mvp,0.48268844,0.48679975,0.47652149,青春,恋爱核心,0.46115321,1,4913
4914,层面,层面,2,tencent_ai_lab_chinese_embedding_light_mirror_mvp,0.48268752,0.50310439,0.45206222,追求,社会比较与人生进度,0.45667222,1,4914
4915,无原则,无原则,3,tencent_ai_lab_chinese_embedding_light_mirror_mvp,0.48266967,0.4989638,0.45822847,亲密关系,对象关系,0.43539613,1,4915
4916,弄假成真,弄假成真,4,tencent_ai_lab_chinese_embedding_light_mirror_mvp,0.48263022,0.48428178,0.48015288,恋人,恋爱核心,0.49951509,1,4916
4917,坐地铁,坐地铁,3,tencent_ai_lab_chinese_embedding_light_mirror_mvp,0.48259882,0.49179021,0.46881175,约会,约会,0.54297352,1,4917
4918,来世,来世,2,tencent_ai_lab_chinese_embedding_light_mirror_mvp,0.48257549,0.4911522,0.46971044,爱情,恋爱核心,0.45682484,1,4918
4919,哭过,哭过,2,tencent_ai_lab_chinese_embedding_light_mirror_mvp,0.4825063,0.48391286,0.48039648,暗恋,恋爱核心,0.47149044,1,4919
4920,学习障碍,学习障碍,4,tencent_ai_lab_chinese_embedding_light_mirror_mvp,0.48248787,0.49826425,0.45882329,亲密关系,校园恋爱,0.40630946,1,4920
4921,用爱,用爱,2,tencent_ai_lab_chinese_embedding_light_mirror_mvp,0.48245287,0.48929924,0.47218332,青春,亲密行为,0.46144849,1,4921
4922,作为,作为,2,tencent_ai_lab_chinese_embedding_light_mirror_mvp,0.48245236,0.50712872,0.44543782,对象,社会比较与人生进度,0.45514238,1,4922
4923,情分,情分,2,tencent_ai_lab_chinese_embedding_light_mirror_mvp,0.48244687,0.48865765,0.4731307,恋人,恋爱核心,0.45874029,1,4923
4924,扎小辫,扎小辫,3,tencent_ai_lab_chinese_embedding_light_mirror_mvp,0.48243655,0.50579023,0.44740602,校服,校园恋爱,0.52397186,1,4924
4925,争执,争执,2,tencent_ai_lab_chinese_embedding_light_mirror_mvp,0.48243027,0.4894132,0.47195587,亲密关系,婚恋,0.48305163,1,4925
4926,有加,有加,2,tencent_ai_lab_chinese_embedding_light_mirror_mvp,0.48242521,0.48549658,0.47781816,亲密,婚恋,0.45002812,1,4926
4927,穿成,穿成,2,tencent_ai_lab_chinese_embedding_light_mirror_mvp,0.4824222,0.51072645,0.43996581,校服,校园恋爱,0.43493265,1,4927
4928,借口,借口,2,tencent_ai_lab_chinese_embedding_light_mirror_mvp,0.4824106,0.48751658,0.47475162,对象,对象关系,0.49972445,1,4928
4929,适龄,适龄,2,tencent_ai_lab_chinese_embedding_light_mirror_mvp,0.48239512,0.49860781,0.45807609,对象,单身与脱单,0.43203533,1,4929
4930,生意,生意,2,tencent_ai_lab_chinese_embedding_light_mirror_mvp,0.48238707,0.48465723,0.47898182,老婆,婚恋,0.4932839,1,4930
4931,笑话,笑话,2,tencent_ai_lab_chinese_embedding_light_mirror_mvp,0.48237791,0.49174553,0.46832648,老婆,对象关系,0.48312387,1,4931
4932,辞去,辞去,2,tencent_ai_lab_chinese_embedding_light_mirror_mvp,0.48236877,0.49489176,0.46358427,前任,婚恋,0.45679513,1,4932
4933,单衣,单衣,2,tencent_ai_lab_chinese_embedding_light_mirror_mvp,0.482354,0.54222244,0.39255133,校服,校园恋爱,0.35408148,1,4933
4934,胖哥,胖哥,2,tencent_ai_lab_chinese_embedding_light_mirror_mvp,0.48234212,0.49444443,0.46418867,老婆,单身与脱单,0.38996857,1,4934
4935,欠债人,欠债人,3,tencent_ai_lab_chinese_embedding_light_mirror_mvp,0.48233094,0.48824197,0.4734644,妻子,婚恋,0.47603747,1,4935
4936,电影圈,电影圈,3,tencent_ai_lab_chinese_embedding_light_mirror_mvp,0.48228549,0.49577329,0.46205381,恋情,恋爱核心,0.46463567,1,4936
4937,心地善良,心地善良,4,tencent_ai_lab_chinese_embedding_light_mirror_mvp,0.48227625,0.48333138,0.48069355,丈夫,婚恋,0.49081194,1,4937
4938,大器晚成,大器晚成,4,tencent_ai_lab_chinese_embedding_light_mirror_mvp,0.48224694,0.50430101,0.44916582,同龄人,社会比较与人生进度,0.48077905,1,4938
4939,善意,善意,2,tencent_ai_lab_chinese_embedding_light_mirror_mvp,0.48222795,0.49141222,0.46845153,亲密关系,亲密行为,0.50802445,1,4939
4940,女人帮,女人帮,3,tencent_ai_lab_chinese_embedding_light_mirror_mvp,0.48220454,0.48644662,0.47584143,老婆,婚恋,0.45024055,1,4940
4941,苦苦哀求,苦苦哀求,4,tencent_ai_lab_chinese_embedding_light_mirror_mvp,0.48219504,0.48656273,0.47564352,妻子,婚恋,0.5116573,1,4941
4942,形单影只,形单影只,4,tencent_ai_lab_chinese_embedding_light_mirror_mvp,0.48217708,0.48594779,0.47652102,牵手,对象关系,0.4770276,1,4942
4943,上帝,上帝,2,tencent_ai_lab_chinese_embedding_light_mirror_mvp,0.48216038,0.49769658,0.45885608,爱情,对象关系,0.43830681,1,4943
4944,女流氓,女流氓,3,tencent_ai_lab_chinese_embedding_light_mirror_mvp,0.48215677,0.48408327,0.47926703,男朋友,校园恋爱,0.49436048,1,4944
4945,要和,要和,2,tencent_ai_lab_chinese_embedding_light_mirror_mvp,0.48214825,0.48754579,0.47405195,女朋友,对象关系,0.50268978,1,4945
4946,偏执狂,偏执狂,3,tencent_ai_lab_chinese_embedding_light_mirror_mvp,0.48212996,0.4993504,0.4562993,追求,表白与追求,0.45970413,1,4946
4947,心理变态,心理变态,4,tencent_ai_lab_chinese_embedding_light_mirror_mvp,0.48211889,0.48422581,0.47895852,亲密关系,恋爱历史,0.49857193,1,4947
4948,风雨,风雨,2,tencent_ai_lab_chinese_embedding_light_mirror_mvp,0.48211273,0.49371731,0.46470585,爱情,恋爱核心,0.44943339,1,4948
4949,道喜,道喜,2,tencent_ai_lab_chinese_embedding_light_mirror_mvp,0.48208965,0.48576736,0.47657308,求婚,婚恋,0.4688977,1,4949
4950,哥姐,哥姐,2,tencent_ai_lab_chinese_embedding_light_mirror_mvp,0.48206592,0.49099845,0.46866712,老公,校园恋爱,0.4746494,1,4950
4951,就定,就定,2,tencent_ai_lab_chinese_embedding_light_mirror_mvp,0.48206561,0.50574076,0.44655287,订婚,婚恋,0.4062376,1,4951
4952,不断前进,不断前进,4,tencent_ai_lab_chinese_embedding_light_mirror_mvp,0.48205093,0.51839119,0.42754054,追求,社会比较与人生进度,0.4720369,1,4952
4953,研究生,研究生,3,tencent_ai_lab_chinese_embedding_light_mirror_mvp,0.48204776,0.48376536,0.47947136,单身,校园恋爱,0.49096024,1,4953
4954,妹儿,妹儿,2,tencent_ai_lab_chinese_embedding_light_mirror_mvp,0.48203289,0.48463783,0.47812548,女朋友,单身与脱单,0.48081148,1,4954
4955,媒体,媒体,2,tencent_ai_lab_chinese_embedding_light_mirror_mvp,0.48199537,0.48792368,0.4731029,恋情,亲密行为,0.47579408,1,4955
4956,冷场,冷场,2,tencent_ai_lab_chinese_embedding_light_mirror_mvp,0.48199458,0.48524451,0.47711968,第一次约会,约会,0.47064275,1,4956
4957,表兄弟,表兄弟,3,tencent_ai_lab_chinese_embedding_light_mirror_mvp,0.48198963,0.48252094,0.48119268,订婚,婚恋,0.50098526,1,4957
4958,没话,没话,2,tencent_ai_lab_chinese_embedding_light_mirror_mvp,0.4819635,0.48973936,0.47029972,女朋友,对象关系,0.48354661,1,4958
4959,创造,创造,2,tencent_ai_lab_chinese_embedding_light_mirror_mvp,0.48195107,0.51696599,0.4294287,追求,社会比较与人生进度,0.43608972,1,4959
4960,在读,在读,2,tencent_ai_lab_chinese_embedding_light_mirror_mvp,0.48193545,0.49733925,0.45882976,同龄人,校园恋爱,0.4806942,1,4960
4961,买套,买套,2,tencent_ai_lab_chinese_embedding_light_mirror_mvp,0.481911,0.49252379,0.46599182,结婚,婚恋,0.4832806,1,4961
4962,存款,存款,2,tencent_ai_lab_chinese_embedding_light_mirror_mvp,0.4819046,0.48577315,0.47610179,结婚,婚恋,0.48282492,1,4962
4963,教育者,教育者,3,tencent_ai_lab_chinese_embedding_light_mirror_mvp,0.48189895,0.49370253,0.46419358,亲密关系,校园恋爱,0.46136135,1,4963
4964,保镖,保镖,2,tencent_ai_lab_chinese_embedding_light_mirror_mvp,0.48189763,0.49048516,0.46901634,老婆,婚恋,0.47262204,1,4964
4965,夜晚,夜晚,2,tencent_ai_lab_chinese_embedding_light_mirror_mvp,0.48187658,0.50561857,0.44626358,散步,约会,0.4836092,1,4965
4966,毕生,毕生,2,tencent_ai_lab_chinese_embedding_light_mirror_mvp,0.48183707,0.51557732,0.4312267,追求,社会比较与人生进度,0.41767073,1,4966
4967,自主性,自主性,3,tencent_ai_lab_chinese_embedding_light_mirror_mvp,0.48183276,0.4977155,0.45800865,亲密关系,社会比较与人生进度,0.39225975,1,4967
4968,男式,男式,2,tencent_ai_lab_chinese_embedding_light_mirror_mvp,0.4818167,0.51909721,0.42589593,校服,校园恋爱,0.39964098,1,4968
4969,鱼与熊掌,鱼与熊掌,4,tencent_ai_lab_chinese_embedding_light_mirror_mvp,0.48180662,0.51139903,0.43741801,追求,对象关系,0.39291683,1,4969
4970,语文,语文,2,tencent_ai_lab_chinese_embedding_light_mirror_mvp,0.48180437,0.50319052,0.44972515,同桌,校园恋爱,0.55486894,1,4970
4971,私处,私处,2,tencent_ai_lab_chinese_embedding_light_mirror_mvp,0.48178869,0.50549698,0.44622627,接吻,亲密行为,0.46999955,1,4971
4972,任性,任性,2,tencent_ai_lab_chinese_embedding_light_mirror_mvp,0.48178298,0.48403823,0.47840011,男朋友,社会比较与人生进度,0.51150572,1,4972
4973,女性美,女性美,3,tencent_ai_lab_chinese_embedding_light_mirror_mvp,0.48177626,0.48480839,0.47722808,追求,恋爱核心,0.45487797,1,4973
4974,娃子,娃子,2,tencent_ai_lab_chinese_embedding_light_mirror_mvp,0.48177223,0.50425667,0.44804558,老婆,校园恋爱,0.46121514,1,4974
4975,浪荡,浪荡,2,tencent_ai_lab_chinese_embedding_light_mirror_mvp,0.48177217,0.48854882,0.47160721,单身,恋爱核心,0.49260062,1,4975
4976,早安,早安,2,tencent_ai_lab_chinese_embedding_light_mirror_mvp,0.48177087,0.48547995,0.47620726,告白,亲密行为,0.47693026,1,4976
4977,嬉皮笑脸,嬉皮笑脸,4,tencent_ai_lab_chinese_embedding_light_mirror_mvp,0.48177001,0.48617113,0.47516835,老婆,校园恋爱,0.44355386,1,4977
4978,变丑,变丑,2,tencent_ai_lab_chinese_embedding_light_mirror_mvp,0.48176666,0.48261398,0.48049569,女朋友,恋爱历史,0.46860087,1,4978
4979,捣蛋,捣蛋,2,tencent_ai_lab_chinese_embedding_light_mirror_mvp,0.48176633,0.50327218,0.44950756,早恋,校园恋爱,0.52482265,1,4979
4980,疑神疑鬼,疑神疑鬼,4,tencent_ai_lab_chinese_embedding_light_mirror_mvp,0.48176078,0.48663783,0.47444519,亲密关系,对象关系,0.48197785,1,4980
4981,心形,心形,2,tencent_ai_lab_chinese_embedding_light_mirror_mvp,0.48175684,0.4990747,0.45578006,求婚,对象关系,0.42576632,1,4981
4982,接机,接机,2,tencent_ai_lab_chinese_embedding_light_mirror_mvp,0.48173486,0.48718226,0.47356376,约会,约会,0.47185886,1,4982
4983,界限,界限,2,tencent_ai_lab_chinese_embedding_light_mirror_mvp,0.48172943,0.48619601,0.47502956,亲密关系,亲密行为,0.48179978,1,4983
4984,晃悠,晃悠,2,tencent_ai_lab_chinese_embedding_light_mirror_mvp,0.48172771,0.53812695,0.39712885,散步,约会,0.45474106,1,4984
4985,受害者,受害者,3,tencent_ai_lab_chinese_embedding_light_mirror_mvp,0.48168977,0.48697808,0.4737573,对象,对象关系,0.49874151,1,4985
4986,树林,树林,2,tencent_ai_lab_chinese_embedding_light_mirror_mvp,0.48168657,0.52670354,0.41416112,散步,约会,0.4536218,1,4986
4987,陪护,陪护,2,tencent_ai_lab_chinese_embedding_light_mirror_mvp,0.48167996,0.49033999,0.46868992,妻子,婚恋,0.45452571,1,4987
4988,修理工,修理工,3,tencent_ai_lab_chinese_embedding_light_mirror_mvp,0.48167583,0.48411286,0.47802028,妻子,婚恋,0.41757655,1,4988
4989,相互之间,相互之间,4,tencent_ai_lab_chinese_embedding_light_mirror_mvp,0.48166689,0.5028019,0.44996437,亲密,亲密行为,0.45166254,1,4989
4990,那就是,那就是,3,tencent_ai_lab_chinese_embedding_light_mirror_mvp,0.48166473,0.49737269,0.45810279,追求,对象关系,0.48818317,1,4990
4991,进取心,进取心,3,tencent_ai_lab_chinese_embedding_light_mirror_mvp,0.48165005,0.49868834,0.45609263,追求,社会比较与人生进度,0.50913674,1,4991
4992,凭什么,凭什么,3,tencent_ai_lab_chinese_embedding_light_mirror_mvp,0.48164444,0.49065787,0.4681243,女朋友,对象关系,0.42465404,1,4992
4993,不上,不上,2,tencent_ai_lab_chinese_embedding_light_mirror_mvp,0.48164206,0.49435425,0.46257377,同龄人,社会比较与人生进度,0.57024384,1,4993
4994,和睦相处,和睦相处,4,tencent_ai_lab_chinese_embedding_light_mirror_mvp,0.48162634,0.48294055,0.47965503,亲密,亲密行为,0.48299211,1,4994
4995,立马,立马,2,tencent_ai_lab_chinese_embedding_light_mirror_mvp,0.48161693,0.49164563,0.46657386,老婆,婚恋,0.44763747,1,4995
4996,车祸,车祸,2,tencent_ai_lab_chinese_embedding_light_mirror_mvp,0.4816134,0.49202615,0.46599427,妻子,婚恋,0.49868819,1,4996
4997,终身,终身,2,tencent_ai_lab_chinese_embedding_light_mirror_mvp,0.48160311,0.50138307,0.45193318,伴侣,恋爱核心,0.43387878,1,4997
4998,音乐会,音乐会,3,tencent_ai_lab_chinese_embedding_light_mirror_mvp,0.48159035,0.51135242,0.43694726,婚礼,约会,0.43491936,1,4998
4999,美眉,美眉,2,tencent_ai_lab_chinese_embedding_light_mirror_mvp,0.48158031,0.49556199,0.4606078,约会,约会,0.48724204,1,4999
5000,拉开,拉开,2,tencent_ai_lab_chinese_embedding_light_mirror_mvp,0.48155047,0.51740015,0.42777595,落后,社会比较与人生进度,0.47582605,1,5000
