source_id,source_term,source_length,action,result_term,result_length,note
1,早恋,2,kept,早恋,2,原词符合长度与短语规则
2,刘海,2,kept,刘海,2,原词符合长度与短语规则
3,小纸条,3,kept,小纸条,3,原词符合长度与短语规则
4,靠窗座位,4,kept,靠窗座位,4,原词符合长度与短语规则
5,借笔记,3,kept,借笔记,3,原词符合长度与短语规则
6,蝉鸣,2,kept,蝉鸣,2,原词符合长度与短语规则
7,毕业照,3,kept,毕业照,3,原词符合长度与短语规则
8,恋爱,2,kept,恋爱,2,原词符合长度与短语规则
9,女朋友,3,kept,女朋友,3,原词符合长度与短语规则
10,表白,2,kept,表白,2,原词符合长度与短语规则
11,约会,2,kept,约会,2,原词符合长度与短语规则
12,牵手,2,kept,牵手,2,原词符合长度与短语规则
13,初恋,2,kept,初恋,2,原词符合长度与短语规则
14,18岁还没谈过恋爱,9,kept,18岁还没谈过恋爱,9,原词符合长度与短语规则
15,别人都有对象,6,kept,别人都有对象,6,原词符合长度与短语规则
16,被女生拒绝,5,kept,被女生拒绝,5,原词符合长度与短语规则
17,颜值,2,kept,颜值,2,原词符合长度与短语规则
18,结婚,2,kept,结婚,2,原词符合长度与短语规则
19,情人节,3,kept,情人节,3,原词符合长度与短语规则
20,CP,2,kept,CP,2,原词符合长度与短语规则
21,谈过恋爱吗,5,kept,谈过恋爱吗,5,原词符合长度与短语规则
22,电影院最后一排,7,kept,电影院最后一排,7,原词符合长度与短语规则
23,人生进度,4,kept,人生进度,4,原词符合长度与短语规则
24,面向对象编程,6,kept,面向对象编程,6,原词符合长度与短语规则
25,高中谈恋爱,5,kept,高中谈恋爱,5,原词符合长度与短语规则
26,校服,2,kept,校服,2,原词符合长度与短语规则
27,情书,2,kept,情书,2,原词符合长度与短语规则
28,教室走廊,4,kept,教室走廊,4,原词符合长度与短语规则
29,讲题,2,kept,讲题,2,原词符合长度与短语规则
30,下课铃,3,kept,下课铃,3,原词符合长度与短语规则
31,毕业快乐,4,kept,毕业快乐,4,原词符合长度与短语规则
32,谈恋爱,3,kept,谈恋爱,3,原词符合长度与短语规则
33,男朋友,3,kept,男朋友,3,原词符合长度与短语规则
34,告白,2,kept,告白,2,原词符合长度与短语规则
35,第一次约会,5,kept,第一次约会,5,原词符合长度与短语规则
36,十指相扣,4,kept,十指相扣,4,原词符合长度与短语规则
37,第一次喜欢上别人,8,kept,第一次喜欢上别人,8,原词符合长度与短语规则
38,20岁第一次心动,8,kept,20岁第一次心动,8,原词符合长度与短语规则
39,同龄人都谈过恋爱,8,kept,同龄人都谈过恋爱,8,原词符合长度与短语规则
40,表白失败,4,kept,表白失败,4,原词符合长度与短语规则
41,长得够不够好看,7,kept,长得够不够好看,7,原词符合长度与短语规则
42,订婚,2,kept,订婚,2,原词符合长度与短语规则
43,七夕,2,kept,七夕,2,原词符合长度与短语规则
44,磕CP,3,kept,磕CP,3,原词符合长度与短语规则
45,谈过几个,4,kept,谈过几个,4,原词符合长度与短语规则
46,双人座,3,kept,双人座,3,原词符合长度与短语规则
47,感情进度落后,6,kept,感情进度落后,6,原词符合长度与短语规则
48,对象存储,4,kept,对象存储,4,原词符合长度与短语规则
49,高中就有对象,6,kept,高中就有对象,6,原词符合长度与短语规则
50,小皮筋,3,kept,小皮筋,3,原词符合长度与短语规则
51,便利贴,3,kept,便利贴,3,原词符合长度与短语规则
52,楼梯转角,4,kept,楼梯转角,4,原词符合长度与短语规则
53,一起值日,4,kept,一起值日,4,原词符合长度与短语规则
54,晚霞,2,kept,晚霞,2,原词符合长度与短语规则
55,散伙饭,3,kept,散伙饭,3,原词符合长度与短语规则
56,正在恋爱中,5,kept,正在恋爱中,5,原词符合长度与短语规则
57,恋爱对象,4,kept,恋爱对象,4,原词符合长度与短语规则
58,说我喜欢你,5,kept,说我喜欢你,5,原词符合长度与短语规则
59,周末约会,4,kept,周末约会,4,原词符合长度与短语规则
60,拥抱,2,kept,拥抱,2,原词符合长度与短语规则
61,第一段恋爱,5,kept,第一段恋爱,5,原词符合长度与短语规则
62,21岁依然没有对象,9,kept,21岁依然没有对象,9,原词符合长度与短语规则
63,朋友一个接一个脱单,9,kept,朋友一个接一个脱单,9,原词符合长度与短语规则
64,对方说不喜欢我,7,kept,对方说不喜欢我,7,原词符合长度与短语规则
65,穿搭会影响异性缘吗,9,kept,穿搭会影响异性缘吗,9,原词符合长度与短语规则
66,求婚,2,kept,求婚,2,原词符合长度与短语规则
67,520,3,kept,520,3,原词符合长度与短语规则
68,官宣,2,kept,官宣,2,原词符合长度与短语规则
69,有过女朋友吗,6,kept,有过女朋友吗,6,原词符合长度与短语规则
70,摩天轮最高点,6,kept,摩天轮最高点,6,原词符合长度与短语规则
71,同龄人的人生阶段,8,kept,同龄人的人生阶段,8,原词符合长度与短语规则
72,对象数据库,5,kept,对象数据库,5,原词符合长度与短语规则
73,放学一起回家,6,kept,放学一起回家,6,原词符合长度与短语规则
74,白衬衫,3,kept,白衬衫,3,原词符合长度与短语规则
75,同学录,3,kept,同学录,3,原词符合长度与短语规则
76,操场看台,4,kept,操场看台,4,原词符合长度与短语规则
77,帮忙留座,4,kept,帮忙留座,4,原词符合长度与短语规则
78,晨光,2,kept,晨光,2,原词符合长度与短语规则
79,最后一课,4,kept,最后一课,4,原词符合长度与短语规则
80,进入一段关系,6,kept,进入一段关系,6,原词符合长度与短语规则
81,另一半,3,kept,另一半,3,原词符合长度与短语规则
82,坦白自己的心意,7,kept,坦白自己的心意,7,原词符合长度与短语规则
83,单独约对方出来,7,kept,单独约对方出来,7,原词符合长度与短语规则
84,靠在肩膀上,5,kept,靠在肩膀上,5,原词符合长度与短语规则
85,初恋发生在什么时候,9,kept,初恋发生在什么时候,9,原词符合长度与短语规则
86,22岁还没谈过恋爱,9,kept,22岁还没谈过恋爱,9,原词符合长度与短语规则
87,身边的人都有女朋友,9,kept,身边的人都有女朋友,9,原词符合长度与短语规则
88,追求没有被接受,7,kept,追求没有被接受,7,原词符合长度与短语规则
89,认真打理发型,6,kept,认真打理发型,6,原词符合长度与短语规则
90,举办婚礼,4,kept,举办婚礼,4,原词符合长度与短语规则
91,521,3,kept,521,3,原词符合长度与短语规则
92,恋爱脑,3,kept,恋爱脑,3,原词符合长度与短语规则
93,第一次恋爱几岁,7,kept,第一次恋爱几岁,7,原词符合长度与短语规则
94,游乐园夜场,5,kept,游乐园夜场,5,原词符合长度与短语规则
95,人生体验不完整,7,kept,人生体验不完整,7,原词符合长度与短语规则
96,对象生命周期,6,kept,对象生命周期,6,原词符合长度与短语规则
97,给同桌写情书,6,kept,给同桌写情书,6,原词符合长度与短语规则
98,马尾,2,kept,马尾,2,原词符合长度与短语规则
99,毕业册,3,kept,毕业册,3,原词符合长度与短语规则
100,学校天台,4,kept,学校天台,4,原词符合长度与短语规则
101,递一瓶水,4,kept,递一瓶水,4,原词符合长度与短语规则
102,雨后跑道,4,kept,雨后跑道,4,原词符合长度与短语规则
103,毕业签名,4,kept,毕业签名,4,原词符合长度与短语规则
104,确定恋爱关系,6,kept,确定恋爱关系,6,原词符合长度与短语规则
105,伴侣,2,kept,伴侣,2,原词符合长度与短语规则
106,当面表达好感,6,kept,当面表达好感,6,原词符合长度与短语规则
107,邀请喜欢的人吃饭,8,kept,邀请喜欢的人吃饭,8,原词符合长度与短语规则
108,挽着胳膊走路,6,kept,挽着胳膊走路,6,原词符合长度与短语规则
109,学生时代的初恋,7,kept,学生时代的初恋,7,原词符合长度与短语规则
110,23岁仍是母胎单身,9,kept,23岁仍是母胎单身,9,原词符合长度与短语规则
111,大家好像都有恋爱经历,10,kept,大家好像都有恋爱经历,10,原词符合长度与短语规则
112,告白后收到拒绝,7,kept,告白后收到拒绝,7,原词符合长度与短语规则
113,见喜欢的人前护肤,8,kept,见喜欢的人前护肤,8,原词符合长度与短语规则
114,领结婚证,4,kept,领结婚证,4,原词符合长度与短语规则
115,白色情人节,5,kept,白色情人节,5,原词符合长度与短语规则
116,暧昧期,3,kept,暧昧期,3,原词符合长度与短语规则
117,最长恋爱谈了多久,8,kept,最长恋爱谈了多久,8,原词符合长度与短语规则
118,公园长椅,4,kept,公园长椅,4,原词符合长度与短语规则
119,感情履历还是空白,8,kept,感情履历还是空白,8,原词符合长度与短语规则
120,创建一个新对象,7,kept,创建一个新对象,7,原词符合长度与短语规则
121,课间偷偷看喜欢的人,9,kept,课间偷偷看喜欢的人,9,原词符合长度与短语规则
122,发卡,2,kept,发卡,2,原词符合长度与短语规则
123,书签,2,kept,书签,2,原词符合长度与短语规则
124,图书馆书架,5,kept,图书馆书架,5,原词符合长度与短语规则
125,分享耳机,4,kept,分享耳机,4,原词符合长度与短语规则
126,风扇声,3,kept,风扇声,3,原词符合长度与短语规则
127,离校广播,4,kept,离校广播,4,原词符合长度与短语规则
128,从单身变成恋爱状态,9,kept,从单身变成恋爱状态,9,原词符合长度与短语规则
129,有对象的人,5,kept,有对象的人,5,原词符合长度与短语规则
130,写信告白,4,kept,写信告白,4,原词符合长度与短语规则
131,约她看电影,5,kept,约她看电影,5,原词符合长度与短语规则
132,轻轻摸头,4,kept,轻轻摸头,4,原词符合长度与短语规则
133,一直记得初恋,6,kept,一直记得初恋,6,原词符合长度与短语规则
134,25岁没有恋爱经历,9,kept,25岁没有恋爱经历,9,原词符合长度与短语规则
135,朋友圈突然全是官宣,9,kept,朋友圈突然全是官宣,9,原词符合长度与短语规则
136,她明确说不想恋爱,8,kept,她明确说不想恋爱,8,原词符合长度与短语规则
137,担心身高不够有吸引力,10,kept,担心身高不够有吸引力,10,原词符合长度与短语规则
138,交换婚戒,4,kept,交换婚戒,4,原词符合长度与短语规则
139,圣诞约会,4,kept,圣诞约会,4,原词符合长度与短语规则
140,crush,5,kept,crush,5,原词符合长度与短语规则
141,有过初恋吗,5,kept,有过初恋吗,5,原词符合长度与短语规则
142,江边步道,4,kept,江边步道,4,原词符合长度与短语规则
143,别人进入下一阶段,8,kept,别人进入下一阶段,8,原词符合长度与短语规则
144,研究对象发生变化,8,kept,研究对象发生变化,8,原词符合长度与短语规则
145,运动会给喜欢的人送水,10,kept,运动会给喜欢的人送水,10,原词符合长度与短语规则
146,校服衣角,4,kept,校服衣角,4,原词符合长度与短语规则
147,第二颗纽扣,5,kept,第二颗纽扣,5,原词符合长度与短语规则
148,校园小卖部,5,kept,校园小卖部,5,原词符合长度与短语规则
149,替对方带饭,5,kept,替对方带饭,5,原词符合长度与短语规则
150,粉笔灰,3,kept,粉笔灰,3,原词符合长度与短语规则
151,高考结束,4,kept,高考结束,4,原词符合长度与短语规则
152,第一次拥有恋爱关系,9,kept,第一次拥有恋爱关系,9,原词符合长度与短语规则
153,未来对象,4,kept,未来对象,4,原词符合长度与短语规则
154,认真说出喜欢,6,kept,认真说出喜欢,6,原词符合长度与短语规则
155,问对方有没有空见面,9,kept,问对方有没有空见面,9,原词符合长度与短语规则
156,见面时抱一下,6,kept,见面时抱一下,6,原词符合长度与短语规则
157,和初恋重逢,5,kept,和初恋重逢,5,原词符合长度与短语规则
158,同龄人已经恋爱多年,9,kept,同龄人已经恋爱多年,9,原词符合长度与短语规则
159,同学已经开始谈婚论嫁,10,kept,同学已经开始谈婚论嫁,10,原词符合长度与短语规则
160,邀请约会被拒绝,7,kept,邀请约会被拒绝,7,原词符合长度与短语规则
161,拍照时缺乏自信,7,kept,拍照时缺乏自信,7,原词符合长度与短语规则
162,婚礼上的誓言,6,kept,婚礼上的誓言,6,原词符合长度与短语规则
163,恋爱纪念日,5,kept,恋爱纪念日,5,原词符合长度与短语规则
164,situationship,13,deleted,,0,模板变体、超长表达或配额外的同概念近似项
165,有没有追过别人,7,kept,有没有追过别人,7,原词符合长度与短语规则
166,咖啡店靠窗座位,7,kept,咖啡店靠窗座位,7,原词符合长度与短语规则
167,关系经验没有增长,8,kept,关系经验没有增长,8,原词符合长度与短语规则
168,目标对象不存在,7,kept,目标对象不存在,7,原词符合长度与短语规则
169,毕业前鼓起勇气告白,9,kept,毕业前鼓起勇气告白,9,原词符合长度与短语规则
170,帆布鞋,3,kept,帆布鞋,3,原词符合长度与短语规则
171,借书卡,3,kept,借书卡,3,原词符合长度与短语规则
172,放学路,3,kept,放学路,3,原词符合长度与短语规则
173,课间聊天,4,kept,课间聊天,4,原词符合长度与短语规则
174,新书油墨味,5,kept,新书油墨味,5,原词符合长度与短语规则
175,录取通知书,5,kept,录取通知书,5,原词符合长度与短语规则
176,公开恋爱状态,6,kept,公开恋爱状态,6,原词符合长度与短语规则
177,理想伴侣,4,kept,理想伴侣,4,原词符合长度与短语规则
178,告诉对方心动了,7,kept,告诉对方心动了,7,原词符合长度与短语规则
179,下班后一起走走,7,kept,下班后一起走走,7,原词符合长度与短语规则
180,分别前的拥抱,6,kept,分别前的拥抱,6,原词符合长度与短语规则
181,初恋留下的回忆,7,kept,初恋留下的回忆,7,原词符合长度与短语规则
182,生日愿望是今年脱单,9,kept,生日愿望是今年脱单,9,原词符合长度与短语规则
183,同龄人的感情进度,8,kept,同龄人的感情进度,8,原词符合长度与短语规则
184,对方不愿意进一步发展,10,kept,对方不愿意进一步发展,10,原词符合长度与短语规则
185,觉得自己不符合审美,9,kept,觉得自己不符合审美,9,原词符合长度与短语规则
186,收到朋友的喜帖,7,kept,收到朋友的喜帖,7,原词符合长度与短语规则
187,情侣周年,4,kept,情侣周年,4,原词符合长度与短语规则
188,dating,6,kept,dating,6,原词符合长度与短语规则
189,被人表白过吗,6,kept,被人表白过吗,6,原词符合长度与短语规则
190,校园操场看台,6,kept,校园操场看台,6,原词符合长度与短语规则
191,像是错过了一门必修课,10,kept,像是错过了一门必修课,10,原词符合长度与短语规则
192,对象引用为空,6,kept,对象引用为空,6,原词符合长度与短语规则
193,校服时期的恋爱,7,kept,校服时期的恋爱,7,原词符合长度与短语规则
194,黑框眼镜,4,kept,黑框眼镜,4,原词符合长度与短语规则
195,草稿纸,3,kept,草稿纸,3,原词符合长度与短语规则
196,校门口,3,kept,校门口,3,原词符合长度与短语规则
197,互相对答案,5,kept,互相对答案,5,原词符合长度与短语规则
198,洗衣粉香,4,kept,洗衣粉香,4,原词符合长度与短语规则
199,各奔东西,4,kept,各奔东西,4,原词符合长度与短语规则
200,认真谈一场恋爱,7,kept,认真谈一场恋爱,7,原词符合长度与短语规则
201,身边的那个人,6,kept,身边的那个人,6,原词符合长度与短语规则
202,向喜欢的人表明态度,9,kept,向喜欢的人表明态度,9,原词符合长度与短语规则
203,约在咖啡店见,6,kept,约在咖啡店见,6,原词符合长度与短语规则
204,在人群里牵住对方,8,kept,在人群里牵住对方,8,原词符合长度与短语规则
205,从初恋学会相处,7,kept,从初恋学会相处,7,原词符合长度与短语规则
206,年龄增长恋爱经历没增长,11,kept,年龄增长恋爱经历没增长,11,原词符合长度与短语规则
207,聚会里只有自己单身,9,kept,聚会里只有自己单身,9,原词符合长度与短语规则
208,喜欢的人选择了别人,9,kept,喜欢的人选择了别人,9,原词符合长度与短语规则
209,为了约会重新选衣服,9,kept,为了约会重新选衣服,9,原词符合长度与短语规则
210,参加同学婚礼,6,kept,参加同学婚礼,6,原词符合长度与短语规则
211,第一次见面纪念日,8,kept,第一次见面纪念日,8,原词符合长度与短语规则
212,双向奔赴,4,kept,双向奔赴,4,原词符合长度与短语规则
213,牵过喜欢的人的手吗,9,kept,牵过喜欢的人的手吗,9,原词符合长度与短语规则
214,商场里的情侣餐厅,8,kept,商场里的情侣餐厅,8,原词符合长度与短语规则
215,被时间表推着往前走,9,kept,被时间表推着往前走,9,原词符合长度与短语规则
216,选择操作对象,6,kept,选择操作对象,6,原词符合长度与短语规则
217,高中情侣一起上大学,9,kept,高中情侣一起上大学,9,原词符合长度与短语规则
218,运动服,3,kept,运动服,3,原词符合长度与短语规则
219,课程表,3,kept,课程表,3,原词符合长度与短语规则
220,公交站,3,kept,公交站,3,原词符合长度与短语规则
221,一起搬书,4,kept,一起搬书,4,原词符合长度与短语规则
222,冬日热水杯,5,kept,冬日热水杯,5,原词符合长度与短语规则
223,重回母校,4,kept,重回母校,4,原词符合长度与短语规则
224,恋爱关系成立,6,kept,恋爱关系成立,6,原词符合长度与短语规则
225,可以相互陪伴的人,8,kept,可以相互陪伴的人,8,原词符合长度与短语规则
226,把暗恋说出口,6,kept,把暗恋说出口,6,原词符合长度与短语规则
227,计划两个人的行程,8,kept,计划两个人的行程,8,原词符合长度与短语规则
228,依偎在一起,5,kept,依偎在一起,5,原词符合长度与短语规则
229,没有经历过初恋,7,kept,没有经历过初恋,7,原词符合长度与短语规则
230,下一个生日还会单身吗,10,kept,下一个生日还会单身吗,10,原词符合长度与短语规则
231,别人恋爱像是很容易,9,kept,别人恋爱像是很容易,9,原词符合长度与短语规则
232,关系只能停在这里,8,kept,关系只能停在这里,8,原词符合长度与短语规则
233,外貌焦虑影响主动社交,10,kept,外貌焦虑影响主动社交,10,原词符合长度与短语规则
234,计划什么时候结婚,8,kept,计划什么时候结婚,8,原词符合长度与短语规则
235,生日和对象一起过,8,kept,生日和对象一起过,8,原词符合长度与短语规则
236,纯爱战神,4,kept,纯爱战神,4,原词符合长度与短语规则
237,为什么没有恋爱经历,9,kept,为什么没有恋爱经历,9,原词符合长度与短语规则
238,适合约会的展览,7,kept,适合约会的展览,7,原词符合长度与短语规则
239,把脱单当成人生里程碑,10,kept,把脱单当成人生里程碑,10,原词符合长度与短语规则
240,序列化对象,5,kept,序列化对象,5,原词符合长度与短语规则
241,大学恋爱,4,kept,大学恋爱,4,原词符合长度与短语规则
242,早读晨光里风吹起她额前的刘海,14,compressed,风吹起她额前的刘海,9,移除时间、地点、人物或关系模板，归并到核心概念
243,早读晨光里递来一张折好的小纸条,15,compressed,递来一张折好的小纸条,10,移除时间、地点、人物或关系模板，归并到核心概念
244,早读晨光里在靠窗的座位等她出现,15,compressed,在靠窗的座位等她出现,10,移除时间、地点、人物或关系模板，归并到核心概念
245,早读晨光里把课堂笔记借给喜欢的人,16,compressed,把课堂笔记借给喜欢的人,11,移除时间、地点、人物或关系模板，归并到核心概念
246,早读晨光里听见窗外一阵很长的蝉鸣,16,compressed,听见窗外一阵很长的蝉鸣,11,移除时间、地点、人物或关系模板，归并到核心概念
247,早读晨光里在毕业册上写下一句祝福,16,compressed,在毕业册上写下一句祝福,11,移除时间、地点、人物或关系模板，归并到核心概念
248,恋爱的感觉,5,kept,恋爱的感觉,5,原词符合长度与短语规则
249,脱单,2,kept,脱单,2,原词符合长度与短语规则
250,暗恋,2,kept,暗恋,2,原词符合长度与短语规则
251,两个人吃晚饭,6,kept,两个人吃晚饭,6,原词符合长度与短语规则
252,接吻,2,kept,接吻,2,原词符合长度与短语规则
253,前任,2,kept,前任,2,原词符合长度与短语规则
254,高中毕业还没恋爱过,9,kept,高中毕业还没恋爱过,9,原词符合长度与短语规则
255,室友脱单了,5,kept,室友脱单了,5,原词符合长度与短语规则
256,收到好人卡,5,kept,收到好人卡,5,原词符合长度与短语规则
257,情商,2,kept,情商,2,原词符合长度与短语规则
258,老婆,2,kept,老婆,2,原词符合长度与短语规则
259,情人节送玫瑰,6,kept,情人节送玫瑰,6,原词符合长度与短语规则
260,换情侣头像,5,kept,换情侣头像,5,原词符合长度与短语规则
261,现在有对象吗,6,kept,现在有对象吗,6,原词符合长度与短语规则
262,玫瑰花,3,kept,玫瑰花,3,原词符合长度与短语规则
263,青春遗憾,4,kept,青春遗憾,4,原词符合长度与短语规则
264,表白墙需要重新粉刷,9,kept,表白墙需要重新粉刷,9,原词符合长度与短语规则
265,大一就脱单,5,kept,大一就脱单,5,原词符合长度与短语规则
266,早读晨光里看见她把刘海别到耳后,15,compressed,看见她把刘海别到耳后,10,移除时间、地点、人物或关系模板，归并到核心概念
267,早读晨光里在纸条背面写下回复,14,compressed,在纸条背面写下回复,9,移除时间、地点、人物或关系模板，归并到核心概念
268,早读晨光里经过对方班级的教室门口,16,compressed,经过对方班级的教室门口,11,移除时间、地点、人物或关系模板，归并到核心概念
269,早读晨光里耐心讲一道做错的题,14,compressed,耐心讲一道做错的题,9,移除时间、地点、人物或关系模板，归并到核心概念
270,早读晨光里听见下课铃盖过没说完的话,17,compressed,听见下课铃盖过没说完的话,12,移除时间、地点、人物或关系模板，归并到核心概念
271,早读晨光里把同学录最后一页留给她,16,compressed,把同学录最后一页留给她,11,移除时间、地点、人物或关系模板，归并到核心概念
272,恋爱是什么体验,7,kept,恋爱是什么体验,7,原词符合长度与短语规则
273,成功脱单,4,kept,成功脱单,4,原词符合长度与短语规则
274,偷偷喜欢一个人,7,kept,偷偷喜欢一个人,7,原词符合长度与短语规则
275,一起看电影,5,kept,一起看电影,5,原词符合长度与短语规则
276,初吻,2,kept,初吻,2,原词符合长度与短语规则
277,前女友,3,kept,前女友,3,原词符合长度与短语规则
278,大学毕业还没对象,8,kept,大学毕业还没对象,8,原词符合长度与短语规则
279,室友和对象打视频,8,kept,室友和对象打视频,8,原词符合长度与短语规则
280,我只把你当朋友,7,kept,我只把你当朋友,7,原词符合长度与短语规则
281,会不会聊天,5,kept,会不会聊天,5,原词符合长度与短语规则
282,妻子,2,kept,妻子,2,原词符合长度与短语规则
283,七夕一起看电影,7,kept,七夕一起看电影,7,原词符合长度与短语规则
284,设置恋爱状态,6,kept,设置恋爱状态,6,原词符合长度与短语规则
285,为什么还单身,6,kept,为什么还单身,6,原词符合长度与短语规则
286,情侣装,3,kept,情侣装,3,原词符合长度与短语规则
287,错过青春,4,kept,错过青春,4,原词符合长度与短语规则
288,白色背景上的表达式,9,kept,白色背景上的表达式,9,原词符合长度与短语规则
289,大学里认识女朋友,8,kept,大学里认识女朋友,8,原词符合长度与短语规则
290,早读晨光里注意到阳光落在她的发梢,16,compressed,注意到阳光落在她的发梢,11,移除时间、地点、人物或关系模板，归并到核心概念
291,早读晨光里把没送出的情书夹进书里,16,compressed,把没送出的情书夹进书里,11,移除时间、地点、人物或关系模板，归并到核心概念
292,早读晨光里在空教室里多停留一会儿,16,compressed,在空教室里多停留一会儿,11,移除时间、地点、人物或关系模板，归并到核心概念
293,早读晨光里一起背诵第二天要抽查的课文,18,deleted,,0,模板变体、超长表达或配额外的同概念近似项
294,早读晨光里记住篮球落地的回声,14,compressed,记住篮球落地的回声,9,移除时间、地点、人物或关系模板，归并到核心概念
295,早读晨光里在毕业照里悄悄站得更近,16,compressed,在毕业照里悄悄站得更近,11,移除时间、地点、人物或关系模板，归并到核心概念
296,体验一次恋爱,6,kept,体验一次恋爱,6,原词符合长度与短语规则
297,结束单身,4,kept,结束单身,4,原词符合长度与短语规则
298,藏在心里的喜欢,7,kept,藏在心里的喜欢,7,原词符合长度与短语规则
299,并肩散步,4,kept,并肩散步,4,原词符合长度与短语规则
300,亲额头,3,kept,亲额头,3,原词符合长度与短语规则
301,前男友,3,kept,前男友,3,原词符合长度与短语规则
302,研究生毕业仍然单身,9,kept,研究生毕业仍然单身,9,原词符合长度与短语规则
303,同桌收到情书,6,kept,同桌收到情书,6,原词符合长度与短语规则
304,你人很好但是不合适,9,kept,你人很好但是不合适,9,原词符合长度与短语规则
305,不知道怎么和女生相处,10,kept,不知道怎么和女生相处,10,原词符合长度与短语规则
306,丈夫,2,kept,丈夫,2,原词符合长度与短语规则
307,520发红包,6,kept,520发红包,6,原词符合长度与短语规则
308,朋友圈官宣文案,7,kept,朋友圈官宣文案,7,原词符合长度与短语规则
309,有没有喜欢的人,7,kept,有没有喜欢的人,7,原词符合长度与短语规则
310,情侣头像,4,kept,情侣头像,4,原词符合长度与短语规则
311,没有经历过校园恋爱,9,kept,没有经历过校园恋爱,9,原词符合长度与短语规则
312,告白气球只是气球,8,kept,告白气球只是气球,8,原词符合长度与短语规则
313,和同专业的人谈恋爱,9,kept,和同专业的人谈恋爱,9,原词符合长度与短语规则
314,早读晨光里记住她低头笑时的酒窝,15,compressed,记住她低头笑时的酒窝,10,移除时间、地点、人物或关系模板，归并到核心概念
315,早读晨光里收到一封没有署名的情书,16,compressed,收到一封没有署名的情书,11,移除时间、地点、人物或关系模板，归并到核心概念
316,早读晨光里从教学楼走廊远远看见她,16,compressed,从教学楼走廊远远看见她,11,移除时间、地点、人物或关系模板，归并到核心概念
317,早读晨光里互相检查听写答案,13,compressed,互相检查听写答案,8,移除时间、地点、人物或关系模板，归并到核心概念
318,早读晨光里听见广播里放过的那首歌,16,compressed,听见广播里放过的那首歌,11,移除时间、地点、人物或关系模板，归并到核心概念
319,早读晨光里在校服背面签下名字,14,compressed,在校服背面签下名字,9,移除时间、地点、人物或关系模板，归并到核心概念
320,两个人互相喜欢,7,kept,两个人互相喜欢,7,原词符合长度与短语规则
321,不再是单身,5,kept,不再是单身,5,原词符合长度与短语规则
322,不敢说出的好感,7,kept,不敢说出的好感,7,原词符合长度与短语规则
323,逛游乐园,4,kept,逛游乐园,4,原词符合长度与短语规则
324,亲脸颊,3,kept,亲脸颊,3,原词符合长度与短语规则
325,上一段关系,5,kept,上一段关系,5,原词符合长度与短语规则
326,毕业前没有谈过恋爱,9,kept,毕业前没有谈过恋爱,9,原词符合长度与短语规则
327,同学谈恋爱了,6,kept,同学谈恋爱了,6,原词符合长度与短语规则
328,我们还是做朋友吧,8,kept,我们还是做朋友吧,8,原词符合长度与短语规则
329,聊天总是冷场,6,kept,聊天总是冷场,6,原词符合长度与短语规则
330,未婚妻,3,kept,未婚妻,3,原词符合长度与短语规则
331,节日收到告白,6,kept,节日收到告白,6,原词符合长度与短语规则
332,在评论区秀恩爱,7,kept,在评论区秀恩爱,7,原词符合长度与短语规则
333,最近在谈恋爱吗,7,kept,最近在谈恋爱吗,7,原词符合长度与短语规则
334,双人份奶茶,5,kept,双人份奶茶,5,原词符合长度与短语规则
335,青春里缺了一段故事,9,kept,青春里缺了一段故事,9,原词符合长度与短语规则
336,恋爱脑神经网络,7,kept,恋爱脑神经网络,7,原词符合长度与短语规则
337,社团活动遇见喜欢的人,10,kept,社团活动遇见喜欢的人,10,原词符合长度与短语规则
338,早读晨光里发现她见面前认真扎好头发,17,compressed,发现她见面前认真扎好头发,12,移除时间、地点、人物或关系模板，归并到核心概念
339,早读晨光里在便利贴上画一颗小心心,16,compressed,在便利贴上画一颗小心心,11,移除时间、地点、人物或关系模板，归并到核心概念
340,早读晨光里在楼梯转角意外遇见喜欢的人,18,deleted,,0,模板变体、超长表达或配额外的同概念近似项
341,早读晨光里替对方保管暂时没收的手机,17,compressed,替对方保管暂时没收的手机,12,移除时间、地点、人物或关系模板，归并到核心概念
342,早读晨光里看见晨光落在她的课桌上,16,compressed,看见晨光落在她的课桌上,11,移除时间、地点、人物或关系模板，归并到核心概念
343,早读晨光里把没送出的情书带回家,15,compressed,把没送出的情书带回家,10,移除时间、地点、人物或关系模板，归并到核心概念
344,喜欢得到回应,6,kept,喜欢得到回应,6,原词符合长度与短语规则
345,终于有对象了,6,kept,终于有对象了,6,原词符合长度与短语规则
346,默默关注喜欢的人,8,kept,默默关注喜欢的人,8,原词符合长度与短语规则
347,去公园野餐,5,kept,去公园野餐,5,原词符合长度与短语规则
348,第一次接吻,5,kept,第一次接吻,5,原词符合长度与短语规则
349,和前任分手,5,kept,和前任分手,5,原词符合长度与短语规则
350,离开校园才发现没谈过,10,deleted,,0,模板变体、超长表达或配额外的同概念近似项
351,舍友周末都去约会,8,kept,舍友周末都去约会,8,原词符合长度与短语规则
352,现在不考虑谈恋爱,8,kept,现在不考虑谈恋爱,8,原词符合长度与短语规则
353,不敢主动开启话题,8,kept,不敢主动开启话题,8,原词符合长度与短语规则
354,未婚夫,3,kept,未婚夫,3,原词符合长度与短语规则
355,为恋人准备礼物,7,kept,为恋人准备礼物,7,原词符合长度与短语规则
356,互相艾特看情侣挑战,9,kept,互相艾特看情侣挑战,9,原词符合长度与短语规则
357,身边有合适的人吗,8,kept,身边有合适的人吗,8,原词符合长度与短语规则
358,电影票根,4,kept,电影票根,4,原词符合长度与短语规则
359,回忆里没有恋爱片段,9,kept,回忆里没有恋爱片段,9,原词符合长度与短语规则
360,脱单线程任务,6,kept,脱单线程任务,6,原词符合长度与短语规则
361,图书馆情侣座,6,kept,图书馆情侣座,6,原词符合长度与短语规则
362,早读晨光里看见她穿着宽大的校服外套,17,compressed,看见她穿着宽大的校服外套,12,移除时间、地点、人物或关系模板，归并到核心概念
363,早读晨光里把名字写在同一张草稿纸上,17,compressed,把名字写在同一张草稿纸上,12,移除时间、地点、人物或关系模板，归并到核心概念
364,早读晨光里绕路经过她常去的饮水机,16,compressed,绕路经过她常去的饮水机,11,移除时间、地点、人物或关系模板，归并到核心概念
365,早读晨光里给趴在桌上的人留一盒牛奶,17,compressed,给趴在桌上的人留一盒牛奶,12,移除时间、地点、人物或关系模板，归并到核心概念
366,早读晨光里看见晚霞穿过教学楼窗户,16,compressed,看见晚霞穿过教学楼窗户,11,移除时间、地点、人物或关系模板，归并到核心概念
367,早读晨光里错过毕业前最后一次告白,16,compressed,错过毕业前最后一次告白,11,移除时间、地点、人物或关系模板，归并到核心概念
368,有人分享日常,6,kept,有人分享日常,6,原词符合长度与短语规则
369,单身状态结束,6,kept,单身状态结束,6,原词符合长度与短语规则
370,暗恋很久,4,kept,暗恋很久,4,原词符合长度与短语规则
371,一起做手工,5,kept,一起做手工,5,原词符合长度与短语规则
372,恋人之间的亲吻,7,kept,恋人之间的亲吻,7,原词符合长度与短语规则
373,偶然提起前任,6,kept,偶然提起前任,6,原词符合长度与短语规则
374,学生时代没有恋爱故事,10,deleted,,0,模板变体、超长表达或配额外的同概念近似项
375,寝室只剩一个单身的人,10,kept,寝室只剩一个单身的人,10,原词符合长度与短语规则
376,我对你没有那种感觉,9,kept,我对你没有那种感觉,9,原词符合长度与短语规则
377,读不懂好感信号,7,kept,读不懂好感信号,7,原词符合长度与短语规则
378,成为合法伴侣,6,kept,成为合法伴侣,6,原词符合长度与短语规则
379,预订双人晚餐,6,kept,预订双人晚餐,6,原词符合长度与短语规则
380,连麦到深夜,5,kept,连麦到深夜,5,原词符合长度与短语规则
381,和谁聊天这么开心,8,kept,和谁聊天这么开心,8,原词符合长度与短语规则
382,手写情书,4,kept,手写情书,4,原词符合长度与短语规则
383,年轻时没敢说喜欢,8,kept,年轻时没敢说喜欢,8,原词符合长度与短语规则
384,牵手成功的握手协议,9,kept,牵手成功的握手协议,9,原词符合长度与短语规则
385,一起上选修课的恋人,9,kept,一起上选修课的恋人,9,原词符合长度与短语规则
386,早读晨光里认出人群里熟悉的校服衣角,17,compressed,认出人群里熟悉的校服衣角,12,移除时间、地点、人物或关系模板，归并到核心概念
387,早读晨光里交换一根代表好感的小皮筋,17,compressed,交换一根代表好感的小皮筋,12,移除时间、地点、人物或关系模板，归并到核心概念
388,早读晨光里在图书馆同一排书架重逢,16,compressed,在图书馆同一排书架重逢,11,移除时间、地点、人物或关系模板，归并到核心概念
389,早读晨光里提醒喜欢的人带伞,13,compressed,提醒喜欢的人带伞,8,移除时间、地点、人物或关系模板，归并到核心概念
390,早读晨光里记住树影在校服上轻轻晃动,17,compressed,记住树影在校服上轻轻晃动,12,移除时间、地点、人物或关系模板，归并到核心概念
391,早读晨光里把喜欢藏进高考结束的夏天,17,compressed,把喜欢藏进高考结束的夏天,12,移除时间、地点、人物或关系模板，归并到核心概念
392,被人惦记的感觉,7,kept,被人惦记的感觉,7,原词符合长度与短语规则
393,从母胎单身毕业,7,kept,从母胎单身毕业,7,原词符合长度与短语规则
394,单方面心动,5,kept,单方面心动,5,原词符合长度与短语规则
395,看完展览去喝咖啡,8,kept,看完展览去喝咖啡,8,原词符合长度与短语规则
396,告别吻,3,kept,告别吻,3,原词符合长度与短语规则
397,保留前任的照片,7,kept,保留前任的照片,7,原词符合长度与短语规则
398,毕业照里没有喜欢的人,10,deleted,,0,模板变体、超长表达或配额外的同概念近似项
399,室友分享恋爱日常,8,kept,室友分享恋爱日常,8,原词符合长度与短语规则
400,你会遇到更好的人,8,kept,你会遇到更好的人,8,原词符合长度与短语规则
401,担心自己太无趣,7,kept,担心自己太无趣,7,原词符合长度与短语规则
402,介绍这是我的爱人,8,kept,介绍这是我的爱人,8,原词符合长度与短语规则
403,交换手写贺卡,6,kept,交换手写贺卡,6,原词符合长度与短语规则
404,每天分享短视频,7,kept,每天分享短视频,7,原词符合长度与短语规则
405,是不是快脱单了,7,kept,是不是快脱单了,7,原词符合长度与短语规则
406,成对的钥匙扣,6,kept,成对的钥匙扣,6,原词符合长度与短语规则
407,毕业后才想起那次心动,10,kept,毕业后才想起那次心动,10,原词符合长度与短语规则
408,初吻数据初始化,7,kept,初吻数据初始化,7,原词符合长度与短语规则
409,毕业季校园情侣,7,kept,毕业季校园情侣,7,原词符合长度与短语规则
410,早读晨光里替对方整理歪掉的校服领口,17,compressed,替对方整理歪掉的校服领口,12,移除时间、地点、人物或关系模板，归并到核心概念
411,早读晨光里把校服第二颗纽扣留作纪念,17,compressed,把校服第二颗纽扣留作纪念,12,移除时间、地点、人物或关系模板，归并到核心概念
412,早读晨光里在自习室替对方留一个座位,17,compressed,在自习室替对方留一个座位,12,移除时间、地点、人物或关系模板，归并到核心概念
413,早读晨光里把自己的外套借给对方,15,compressed,把自己的外套借给对方,10,移除时间、地点、人物或关系模板，归并到核心概念
414,早读晨光里看见雨水沿着教室玻璃滑下,17,compressed,看见雨水沿着教室玻璃滑下,12,移除时间、地点、人物或关系模板，归并到核心概念
415,早读晨光里约定收到录取通知后再见,16,compressed,约定收到录取通知后再见,11,移除时间、地点、人物或关系模板，归并到核心概念
416,恋爱中的安全感,7,kept,恋爱中的安全感,7,原词符合长度与短语规则
417,找到女朋友,5,kept,找到女朋友,5,原词符合长度与短语规则
418,远远看着喜欢的人,8,kept,远远看着喜欢的人,8,原词符合长度与短语规则
419,夜里沿河散步,6,kept,夜里沿河散步,6,原词符合长度与短语规则
420,得到同意后的亲吻,8,kept,得到同意后的亲吻,8,原词符合长度与短语规则
421,删除前任联系方式,8,kept,删除前任联系方式,8,原词符合长度与短语规则
422,工作了才开始学约会,9,deleted,,0,模板变体、超长表达或配额外的同概念近似项
423,同班同学官宣对象,8,kept,同班同学官宣对象,8,原词符合长度与短语规则
424,最近比较忙没有时间见面,11,deleted,,0,模板变体、超长表达或配额外的同概念近似项
425,不会表达真实感受,8,kept,不会表达真实感受,8,原词符合长度与短语规则
426,带另一半回家见父母,9,kept,带另一半回家见父母,9,原词符合长度与短语规则
427,零点发送纪念日祝福,9,kept,零点发送纪念日祝福,9,原词符合长度与短语规则
428,给对方朋友圈点赞,8,kept,给对方朋友圈点赞,8,原词符合长度与短语规则
429,家里有没有催着找对象,10,kept,家里有没有催着找对象,10,原词符合长度与短语规则
430,共享耳机,4,kept,共享耳机,4,原词符合长度与短语规则
431,没留下两个人的合照,9,kept,没留下两个人的合照,9,原词符合长度与短语规则
432,前任变量已被覆盖,8,kept,前任变量已被覆盖,8,原词符合长度与短语规则
433,大学四年都有对象,8,kept,大学四年都有对象,8,原词符合长度与短语规则
434,早读晨光里注意到校服袖口写着名字,16,compressed,注意到校服袖口写着名字,11,移除时间、地点、人物或关系模板，归并到核心概念
435,早读晨光里送出成对的钥匙扣,13,compressed,送出成对的钥匙扣,8,移除时间、地点、人物或关系模板，归并到核心概念
436,早读晨光里在小卖部门口假装偶遇,15,compressed,在小卖部门口假装偶遇,10,移除时间、地点、人物或关系模板，归并到核心概念
437,早读晨光里记住她不吃的食堂菜,14,compressed,记住她不吃的食堂菜,9,移除时间、地点、人物或关系模板，归并到核心概念
438,早读晨光里闻到新课本混着油墨的气味,17,compressed,闻到新课本混着油墨的气味,12,移除时间、地点、人物或关系模板，归并到核心概念
439,早读晨光里在散伙饭上忍住没说的话,16,compressed,在散伙饭上忍住没说的话,11,移除时间、地点、人物或关系模板，归并到核心概念
440,共同经营感情,6,kept,共同经营感情,6,原词符合长度与短语规则
441,拥有稳定对象,6,kept,拥有稳定对象,6,原词符合长度与短语规则
442,把喜欢写进日记,7,kept,把喜欢写进日记,7,原词符合长度与短语规则
443,周末去郊外玩,6,kept,周末去郊外玩,6,原词符合长度与短语规则
444,亲吻前确认意愿,7,kept,亲吻前确认意愿,7,原词符合长度与短语规则
445,与前任彻底告别,7,kept,与前任彻底告别,7,原词符合长度与短语规则
446,校园生活结束仍无感情经历,12,deleted,,0,模板变体、超长表达或配额外的同概念近似项
447,朋友带伴侣来聚餐,8,deleted,,0,模板变体、超长表达或配额外的同概念近似项
448,回复越来越礼貌疏远,9,deleted,,0,模板变体、超长表达或配额外的同概念近似项
449,面对喜欢的人变得紧张,10,kept,面对喜欢的人变得紧张,10,原词符合长度与短语规则
450,从恋人变成家人,7,kept,从恋人变成家人,7,原词符合长度与短语规则
451,节日朋友圈官宣,7,kept,节日朋友圈官宣,7,原词符合长度与短语规则
452,把聊天置顶,5,kept,把聊天置顶,5,原词符合长度与短语规则
453,你们两个是什么关系,9,kept,你们两个是什么关系,9,原词符合长度与短语规则
454,戒指尺寸,4,kept,戒指尺寸,4,原词符合长度与短语规则
455,错过最想一起看晚霞的人,11,deleted,,0,模板变体、超长表达或配额外的同概念近似项
456,爱情公寓的房屋租赁,9,kept,爱情公寓的房屋租赁,9,原词符合长度与短语规则
457,大学毕业前谈一场恋爱,10,kept,大学毕业前谈一场恋爱,10,原词符合长度与短语规则
458,早读晨光里看见白衬衫被晚霞染成金色,17,compressed,看见白衬衫被晚霞染成金色,12,移除时间、地点、人物或关系模板，归并到核心概念
459,早读晨光里互换写着祝福的书签,14,compressed,互换写着祝福的书签,9,移除时间、地点、人物或关系模板，归并到核心概念
460,早读晨光里在食堂排队时站到她身后,16,compressed,在食堂排队时站到她身后,11,移除时间、地点、人物或关系模板，归并到核心概念
461,早读晨光里替迟到的人悄悄留门,14,compressed,替迟到的人悄悄留门,9,移除时间、地点、人物或关系模板，归并到核心概念
462,早读晨光里记住雨后塑胶跑道的气味,16,compressed,记住雨后塑胶跑道的气味,11,移除时间、地点、人物或关系模板，归并到核心概念
463,早读晨光里听完最后一次校园广播,15,compressed,听完最后一次校园广播,10,移除时间、地点、人物或关系模板，归并到核心概念
464,拥有双向的感情,7,kept,拥有双向的感情,7,原词符合长度与短语规则
465,恋爱名额已占用,7,kept,恋爱名额已占用,7,原词符合长度与短语规则
466,只有朋友知道的暗恋,9,kept,只有朋友知道的暗恋,9,原词符合长度与短语规则
467,在书店待一下午,7,kept,在书店待一下午,7,原词符合长度与短语规则
468,双方主动靠近,6,kept,双方主动靠近,6,原词符合长度与短语规则
469,听见对方谈前任,7,kept,听见对方谈前任,7,原词符合长度与短语规则
470,毕业季别人忙合照我忙答辩,12,deleted,,0,模板变体、超长表达或配额外的同概念近似项
471,宿舍夜谈都在聊前任,9,deleted,,0,模板变体、超长表达或配额外的同概念近似项
472,每次邀约都说下次再看,10,deleted,,0,模板变体、超长表达或配额外的同概念近似项
473,学习如何尊重地追求别人,11,kept,学习如何尊重地追求别人,11,原词符合长度与短语规则
474,共同组建家庭,6,kept,共同组建家庭,6,原词符合长度与短语规则
475,一起跨年倒数,6,kept,一起跨年倒数,6,原词符合长度与短语规则
476,共享社交账号日常,8,kept,共享社交账号日常,8,原词符合长度与短语规则
477,她是你女朋友吗,7,kept,她是你女朋友吗,7,原词符合长度与短语规则
478,合照相框,4,kept,合照相框,4,原词符合长度与短语规则
479,有些心意来不及表达,9,deleted,,0,模板变体、超长表达或配额外的同概念近似项
480,玫瑰图不是玫瑰花,8,kept,玫瑰图不是玫瑰花,8,原词符合长度与短语规则
481,喜欢上同桌,5,kept,喜欢上同桌,5,原词符合长度与短语规则
482,早读晨光里发现手腕上多了一根小皮筋,17,compressed,发现手腕上多了一根小皮筋,12,移除时间、地点、人物或关系模板，归并到核心概念
483,早读晨光里借出一支舍不得收回的笔,16,compressed,借出一支舍不得收回的笔,11,移除时间、地点、人物或关系模板，归并到核心概念
484,早读晨光里在校园广播站等一首点歌,16,compressed,在校园广播站等一首点歌,11,移除时间、地点、人物或关系模板，归并到核心概念
485,早读晨光里在值日时一起擦黑板,14,compressed,在值日时一起擦黑板,9,移除时间、地点、人物或关系模板，归并到核心概念
486,早读晨光里感到共用雨伞时靠近的温度,17,compressed,感到共用雨伞时靠近的温度,12,移除时间、地点、人物或关系模板，归并到核心概念
487,早读晨光里收拾课桌时找到旧纸条,15,compressed,收拾课桌时找到旧纸条,10,移除时间、地点、人物或关系模板，归并到核心概念
488,从认识到恋爱,6,kept,从认识到恋爱,6,原词符合长度与短语规则
489,找对象,3,kept,找对象,3,原词符合长度与短语规则
490,追女生,3,kept,追女生,3,原词符合长度与短语规则
491,精心挑选见面穿搭,8,kept,精心挑选见面穿搭,8,原词符合长度与短语规则
492,尊重亲密边界,6,kept,尊重亲密边界,6,原词符合长度与短语规则
493,感情史,3,kept,感情史,3,原词符合长度与短语规则
494,年轻的时候没有恋爱,9,deleted,,0,模板变体、超长表达或配额外的同概念近似项
495,刷到情侣合照,6,kept,刷到情侣合照,6,原词符合长度与短语规则
496,反复回想表白现场,8,deleted,,0,模板变体、超长表达或配额外的同概念近似项
497,异性缘,3,kept,异性缘,3,原词符合长度与短语规则
498,成家,2,kept,成家,2,原词符合长度与短语规则
499,一个人过情人节,7,kept,一个人过情人节,7,原词符合长度与短语规则
500,秒回算不算喜欢,7,kept,秒回算不算喜欢,7,原词符合长度与短语规则
501,什么时候脱单,6,kept,什么时候脱单,6,原词符合长度与短语规则
502,夜晚散步,4,kept,夜晚散步,4,原词符合长度与短语规则
503,被坚定选择,5,kept,被坚定选择,5,原词符合长度与短语规则
504,有理数也想变得感性,9,kept,有理数也想变得感性,9,原词符合长度与短语规则
505,学姐主动加微信,7,kept,学姐主动加微信,7,原词符合长度与短语规则
506,早读晨光里把对方送的小皮筋戴在手腕,17,compressed,把对方送的小皮筋戴在手腕,12,移除时间、地点、人物或关系模板，归并到核心概念
507,早读晨光里在橡皮上刻下对方的缩写,16,compressed,在橡皮上刻下对方的缩写,11,移除时间、地点、人物或关系模板，归并到核心概念
508,早读晨光里在礼堂散场后寻找对方,15,compressed,在礼堂散场后寻找对方,10,移除时间、地点、人物或关系模板，归并到核心概念
509,早读晨光里一起搬运动会用的桌椅,15,compressed,一起搬运动会用的桌椅,10,移除时间、地点、人物或关系模板，归并到核心概念
510,早读晨光里记住冬天热水杯传来的暖意,17,compressed,记住冬天热水杯传来的暖意,12,移除时间、地点、人物或关系模板，归并到核心概念
511,早读晨光里离校前再走一遍熟悉的操场,17,compressed,离校前再走一遍熟悉的操场,12,移除时间、地点、人物或关系模板，归并到核心概念
512,从朋友变成恋人,7,kept,从朋友变成恋人,7,原词符合长度与短语规则
513,想找女朋友,5,kept,想找女朋友,5,原词符合长度与短语规则
514,主动追求喜欢的人,8,kept,主动追求喜欢的人,8,原词符合长度与短语规则
515,提前到约会地点,7,kept,提前到约会地点,7,原词符合长度与短语规则
516,先询问可不可以牵手,9,kept,先询问可不可以牵手,9,原词符合长度与短语规则
517,恋爱经历,4,kept,恋爱经历,4,原词符合长度与短语规则
518,青春快结束了,6,kept,青春快结束了,6,原词符合长度与短语规则
519,看到别人晒纪念日,8,deleted,,0,模板变体、超长表达或配额外的同概念近似项
520,不知道自己哪里做错了,10,deleted,,0,模板变体、超长表达或配额外的同概念近似项
521,桃花运,3,kept,桃花运,3,原词符合长度与短语规则
522,考虑长期关系,6,kept,考虑长期关系,6,原词符合长度与短语规则
523,七夕朋友圈静音,7,kept,七夕朋友圈静音,7,原词符合长度与短语规则
524,不主动就是不喜欢吗,9,kept,不主动就是不喜欢吗,9,原词符合长度与短语规则
525,今年能谈上恋爱吗,8,kept,今年能谈上恋爱吗,8,原词符合长度与短语规则
526,晚风和路灯,5,kept,晚风和路灯,5,原词符合长度与短语规则
527,在另一个人的未来里,9,deleted,,0,模板变体、超长表达或配额外的同概念近似项
528,偶数天生适合成双,8,kept,偶数天生适合成双,8,原词符合长度与短语规则
529,学妹约我吃饭,6,kept,学妹约我吃饭,6,原词符合长度与短语规则
530,早读晨光里认出书包上新挂的钥匙扣,16,compressed,认出书包上新挂的钥匙扣,11,移除时间、地点、人物或关系模板，归并到核心概念
531,早读晨光里把复习资料装订得整整齐齐,17,compressed,把复习资料装订得整整齐齐,12,移除时间、地点、人物或关系模板，归并到核心概念
532,早读晨光里沿着操场跑道陪她慢慢走,16,compressed,沿着操场跑道陪她慢慢走,11,移除时间、地点、人物或关系模板，归并到核心概念
533,早读晨光里在社团排练后帮忙收器材,16,compressed,在社团排练后帮忙收器材,11,移除时间、地点、人物或关系模板，归并到核心概念
534,早读晨光里等春天樱花落在她肩上,15,compressed,等春天樱花落在她肩上,10,移除时间、地点、人物或关系模板，归并到核心概念
535,早读晨光里在校门口说出以后常联系,16,compressed,在校门口说出以后常联系,11,移除时间、地点、人物或关系模板，归并到核心概念
536,关系更进一步,6,kept,关系更进一步,6,原词符合长度与短语规则
537,认识合适的人,6,kept,认识合适的人,6,原词符合长度与短语规则
538,制造见面机会,6,kept,制造见面机会,6,原词符合长度与短语规则
539,见面前反复照镜子,8,kept,见面前反复照镜子,8,原词符合长度与短语规则
540,确认对方是否舒服,8,kept,确认对方是否舒服,8,原词符合长度与短语规则
541,过去谈过几次,6,kept,过去谈过几次,6,原词符合长度与短语规则
542,错过最适合恋爱的年纪,10,deleted,,0,模板变体、超长表达或配额外的同概念近似项
543,朋友收到一大束花,8,deleted,,0,模板变体、超长表达或配额外的同概念近似项
544,拒绝后不再打扰,7,deleted,,0,模板变体、超长表达或配额外的同概念近似项
545,有没有人喜欢我,7,deleted,,0,模板变体、超长表达或配额外的同概念近似项
546,讨论婚后生活,6,kept,讨论婚后生活,6,原词符合长度与短语规则
547,双十一不只是购物节,9,kept,双十一不只是购物节,9,原词符合长度与短语规则
548,暧昧期多久算正常,8,kept,暧昧期多久算正常,8,原词符合长度与短语规则
549,打算什么时候找对象,9,deleted,,0,模板变体、超长表达或配额外的同概念近似项
550,副驾驶有人坐,6,kept,副驾驶有人坐,6,原词符合长度与短语规则
551,有人愿意了解完整的自己,11,deleted,,0,模板变体、超长表达或配额外的同概念近似项
552,单例模式拒绝脱单,8,deleted,,0,模板变体、超长表达或配额外的同概念近似项
553,隔壁班的女生,6,kept,隔壁班的女生,6,原词符合长度与短语规则
554,早读晨光里留意她每天更换的发卡,15,compressed,留意她每天更换的发卡,10,移除时间、地点、人物或关系模板，归并到核心概念
555,早读晨光里在错题本角落留下鼓励,15,compressed,在错题本角落留下鼓励,10,移除时间、地点、人物或关系模板，归并到核心概念
556,早读晨光里在篮球场边递上一瓶水,15,compressed,在篮球场边递上一瓶水,10,移除时间、地点、人物或关系模板，归并到核心概念
557,早读晨光里为对方的比赛偷偷加油,15,compressed,为对方的比赛偷偷加油,10,移除时间、地点、人物或关系模板，归并到核心概念
558,早读晨光里在盛夏风扇声里偷偷心动,16,compressed,在盛夏风扇声里偷偷心动,11,移除时间、地点、人物或关系模板，归并到核心概念
559,早读晨光里目送对方坐上不同方向的车,17,compressed,目送对方坐上不同方向的车,12,移除时间、地点、人物或关系模板，归并到核心概念
560,确认彼此心意,6,kept,确认彼此心意,6,原词符合长度与短语规则
561,寻找恋爱对象,6,kept,寻找恋爱对象,6,原词符合长度与短语规则
562,试着拉近距离,6,kept,试着拉近距离,6,原词符合长度与短语规则
563,餐桌上的短暂冷场,8,kept,餐桌上的短暂冷场,8,原词符合长度与短语规则
564,拒绝后立即停止,7,kept,拒绝后立即停止,7,原词符合长度与短语规则
565,最长的一段恋爱,7,kept,最长的一段恋爱,7,原词符合长度与短语规则
566,二十岁出头的恋爱空白,10,deleted,,0,模板变体、超长表达或配额外的同概念近似项
567,群聊里讨论约会地点,9,deleted,,0,模板变体、超长表达或配额外的同概念近似项
568,接受关系无法继续,8,deleted,,0,模板变体、超长表达或配额外的同概念近似项
569,会有人主动追我吗,8,deleted,,0,模板变体、超长表达或配额外的同概念近似项
570,一起规划未来,6,kept,一起规划未来,6,原词符合长度与短语规则
571,圣诞夜没有约会,7,kept,圣诞夜没有约会,7,原词符合长度与短语规则
572,聊天频率代表好感吗,9,kept,聊天频率代表好感吗,9,原词符合长度与短语规则
573,准备单身到什么时候,9,deleted,,0,模板变体、超长表达或配额外的同概念近似项
574,两个人的购物车,7,kept,两个人的购物车,7,原词符合长度与短语规则
575,成为某个人的例外,8,deleted,,0,模板变体、超长表达或配额外的同概念近似项
576,配对算法正在相亲,8,deleted,,0,模板变体、超长表达或配额外的同概念近似项
577,社团里的心动对象,8,kept,社团里的心动对象,8,原词符合长度与短语规则
578,早读晨光里记住帆布鞋踩过积水的声音,17,deleted,,0,模板变体、超长表达或配额外的同概念近似项
579,早读晨光里用同一本练习册对答案,15,deleted,,0,模板变体、超长表达或配额外的同概念近似项
580,早读晨光里在看台最高一排并肩坐着,16,compressed,在看台最高一排并肩坐着,11,移除时间、地点、人物或关系模板，归并到核心概念
581,早读晨光里在班级合唱时站到她旁边,16,compressed,在班级合唱时站到她旁边,11,移除时间、地点、人物或关系模板，归并到核心概念
582,早读晨光里看秋叶堆满放学的小路,15,deleted,,0,模板变体、超长表达或配额外的同概念近似项
583,早读晨光里发现最后一句聊天停在毕业快乐,19,deleted,,0,模板变体、超长表达或配额外的同概念近似项
584,开始认真交往,6,kept,开始认真交往,6,原词符合长度与短语规则
585,朋友介绍对象,6,kept,朋友介绍对象,6,原词符合长度与短语规则
586,约喜欢的人单独见面,9,kept,约喜欢的人单独见面,9,原词符合长度与短语规则
587,分别后回味聊天内容,9,kept,分别后回味聊天内容,9,原词符合长度与短语规则
588,不把沉默当成同意,8,kept,不把沉默当成同意,8,原词符合长度与短语规则
589,上一段恋爱多久,7,kept,上一段恋爱多久,7,原词符合长度与短语规则
590,还来得及体验青春恋爱吗,11,deleted,,0,模板变体、超长表达或配额外的同概念近似项
591,朋友圈里的牵手照,8,deleted,,0,模板变体、超长表达或配额外的同概念近似项
592,删除写了一半的告白,9,deleted,,0,模板变体、超长表达或配额外的同概念近似项
593,为什么从来没人表白,9,deleted,,0,模板变体、超长表达或配额外的同概念近似项
594,见双方父母,5,kept,见双方父母,5,原词符合长度与短语规则
595,节日被问有没有对象,9,kept,节日被问有没有对象,9,原词符合长度与短语规则
596,断联后还要不要联系,9,kept,断联后还要不要联系,9,原词符合长度与短语规则
597,下一段恋爱会在何时,9,deleted,,0,模板变体、超长表达或配额外的同概念近似项
598,下雨天共用一把伞,8,kept,下雨天共用一把伞,8,原词符合长度与短语规则
599,获得稳定的情感回应,9,deleted,,0,模板变体、超长表达或配额外的同概念近似项
600,关系型数据库很会处理关系,12,deleted,,0,模板变体、超长表达或配额外的同概念近似项
601,实验课搭档变恋人,8,deleted,,0,模板变体、超长表达或配额外的同概念近似项
602,早读晨光里看见运动服背后的班级号码,17,deleted,,0,模板变体、超长表达或配额外的同概念近似项
603,早读晨光里把借书卡藏进喜欢的书里,16,deleted,,0,模板变体、超长表达或配额外的同概念近似项
604,早读晨光里在体育馆门口等训练结束,16,deleted,,0,模板变体、超长表达或配额外的同概念近似项
605,早读晨光里假装随口询问周末安排,15,deleted,,0,模板变体、超长表达或配额外的同概念近似项
606,早读晨光里在初雪那天想和她一起走,16,deleted,,0,模板变体、超长表达或配额外的同概念近似项
607,早读晨光里因为去往不同城市慢慢失联,17,deleted,,0,模板变体、超长表达或配额外的同概念近似项
608,建立稳定关系,6,kept,建立稳定关系,6,原词符合长度与短语规则
609,相亲认识对象,6,kept,相亲认识对象,6,原词符合长度与短语规则
610,给心上人准备礼物,8,kept,给心上人准备礼物,8,原词符合长度与短语规则
611,期待下一次见面,7,kept,期待下一次见面,7,原词符合长度与短语规则
612,关系亲密也需要同意,9,kept,关系亲密也需要同意,9,原词符合长度与短语规则
613,有没有被认真爱过,8,kept,有没有被认真爱过,8,原词符合长度与短语规则
614,一年又一年没有心动,9,deleted,,0,模板变体、超长表达或配额外的同概念近似项
615,短视频推送甜蜜情侣,9,deleted,,0,模板变体、超长表达或配额外的同概念近似项
616,朋友安慰表白失败,8,deleted,,0,模板变体、超长表达或配额外的同概念近似项
617,自己值得被喜欢吗,8,deleted,,0,模板变体、超长表达或配额外的同概念近似项
618,商量在哪座城市生活,9,kept,商量在哪座城市生活,9,原词符合长度与短语规则
619,情侣节日独自加班,8,kept,情侣节日独自加班,8,原词符合长度与短语规则
620,朋友圈可见范围的暗示,10,kept,朋友圈可见范围的暗示,10,原词符合长度与短语规则
621,毕业前能不能脱单,8,deleted,,0,模板变体、超长表达或配额外的同概念近似项
622,冬天口袋里牵手,7,kept,冬天口袋里牵手,7,原词符合长度与短语规则
623,不再独自消化情绪,8,deleted,,0,模板变体、超长表达或配额外的同概念近似项
624,红线标注不是月老牵线,10,deleted,,0,模板变体、超长表达或配额外的同概念近似项
625,学生会认识的情侣,8,deleted,,0,模板变体、超长表达或配额外的同概念近似项
626,早读晨光里注意到对方紧张时攥住衣角,17,deleted,,0,模板变体、超长表达或配额外的同概念近似项
627,早读晨光里用值日表制造一起留下的机会,18,deleted,,0,模板变体、超长表达或配额外的同概念近似项
628,早读晨光里沿林荫道推着自行车同行,16,deleted,,0,模板变体、超长表达或配额外的同概念近似项
629,早读晨光里把好笑的事情第一个告诉她,17,deleted,,0,模板变体、超长表达或配额外的同概念近似项
630,早读晨光里记住六月毕业季的闷热,15,deleted,,0,模板变体、超长表达或配额外的同概念近似项
631,早读晨光里多年后翻到泛黄的毕业照,16,deleted,,0,模板变体、超长表达或配额外的同概念近似项
632,感情逐渐升温,6,kept,感情逐渐升温,6,原词符合长度与短语规则
633,扩大异性社交圈,7,kept,扩大异性社交圈,7,原词符合长度与短语规则
634,持续释放好感信号,8,kept,持续释放好感信号,8,原词符合长度与短语规则
635,约会结束舍不得走,8,kept,约会结束舍不得走,8,原词符合长度与短语规则
636,注意对方的退缩信号,9,kept,注意对方的退缩信号,9,原词符合长度与短语规则
637,曾经喜欢过什么样的人,10,kept,曾经喜欢过什么样的人,10,原词符合长度与短语规则
638,看着年龄数字不断增加,10,deleted,,0,模板变体、超长表达或配额外的同概念近似项
639,朋友婚礼上独自坐一桌,10,deleted,,0,模板变体、超长表达或配额外的同概念近似项
640,听见拒绝后故作轻松,9,deleted,,0,模板变体、超长表达或配额外的同概念近似项
641,别人眼中的我有魅力吗,10,deleted,,0,模板变体、超长表达或配额外的同概念近似项
642,共同承担家庭责任,8,kept,共同承担家庭责任,8,原词符合长度与短语规则
643,看见街上到处卖花,8,kept,看见街上到处卖花,8,原词符合长度与短语规则
644,网络认识的人能否奔现,10,kept,网络认识的人能否奔现,10,原词符合长度与短语规则
645,多久会遇见喜欢的人,9,deleted,,0,模板变体、超长表达或配额外的同概念近似项
646,等一句到家了吗,7,kept,等一句到家了吗,7,原词符合长度与短语规则
647,和一个人建立深刻连接,10,deleted,,0,模板变体、超长表达或配额外的同概念近似项
648,心跳监测仪擅长识别心动,11,deleted,,0,模板变体、超长表达或配额外的同概念近似项
649,校园墙上的匿名表白,9,deleted,,0,模板变体、超长表达或配额外的同概念近似项
650,早读晨光里记住少年骑车时鼓起的衣摆,17,deleted,,0,模板变体、超长表达或配额外的同概念近似项
651,早读晨光里在课程表上圈出共同的空课,17,deleted,,0,模板变体、超长表达或配额外的同概念近似项
652,早读晨光里在校门口犹豫要不要告别,16,deleted,,0,模板变体、超长表达或配额外的同概念近似项
653,早读晨光里聊天时等对方收拾完书包,16,deleted,,0,模板变体、超长表达或配额外的同概念近似项
654,早读晨光里在傍晚风里听见校服摩擦声,17,deleted,,0,模板变体、超长表达或配额外的同概念近似项
655,早读晨光里重回母校时寻找当年的座位,17,deleted,,0,模板变体、超长表达或配额外的同概念近似项
656,关系进入新阶段,7,kept,关系进入新阶段,7,原词符合长度与短语规则
657,遇见互相喜欢的人,8,kept,遇见互相喜欢的人,8,原词符合长度与短语规则
658,被人认真追求,6,kept,被人认真追求,6,原词符合长度与短语规则
659,收到安全到家的消息,9,deleted,,0,模板变体、超长表达或配额外的同概念近似项
660,给彼此留出安全距离,9,kept,给彼此留出安全距离,9,原词符合长度与短语规则
661,过去的关系模式,7,deleted,,0,模板变体、超长表达或配额外的同概念近似项
662,担心以后更难遇见喜欢的人,12,deleted,,0,模板变体、超长表达或配额外的同概念近似项
663,情侣头像成双出现,8,deleted,,0,模板变体、超长表达或配额外的同概念近似项
664,重新建立被拒后的边界,10,deleted,,0,模板变体、超长表达或配额外的同概念近似项
665,怎样知道对方有好感,9,deleted,,0,模板变体、超长表达或配额外的同概念近似项
666,朋友开始催婚,6,kept,朋友开始催婚,6,原词符合长度与短语规则
667,收到商家的情侣套餐推送,11,kept,收到商家的情侣套餐推送,11,原词符合长度与短语规则
668,只聊天不见面是什么关系,11,kept,只聊天不见面是什么关系,11,原词符合长度与短语规则
669,什么时候带对象见朋友,10,deleted,,0,模板变体、超长表达或配额外的同概念近似项
670,有人记得饮料口味,8,kept,有人记得饮料口味,8,原词符合长度与短语规则
671,相信自己值得被爱,8,deleted,,0,模板变体、超长表达或配额外的同概念近似项
672,朋友圈在图论里是一个环,11,deleted,,0,模板变体、超长表达或配额外的同概念近似项
673,室友帮忙递情书,7,deleted,,0,模板变体、超长表达或配额外的同概念近似项
674,早读晨光里发现镜片后躲闪的目光,15,deleted,,0,模板变体、超长表达或配额外的同概念近似项
675,早读晨光里用广播点歌传递含蓄心意,16,deleted,,0,模板变体、超长表达或配额外的同概念近似项
676,早读晨光里在公交站陪对方等车,14,deleted,,0,模板变体、超长表达或配额外的同概念近似项
677,早读晨光里看见她睡着后压低说话声音,17,deleted,,0,模板变体、超长表达或配额外的同概念近似项
678,早读晨光里尝到小卖部冰汽水的甜味,16,deleted,,0,模板变体、超长表达或配额外的同概念近似项
679,早读晨光里听见校歌突然想起喜欢的人,17,deleted,,0,模板变体、超长表达或配额外的同概念近似项
680,从好感走向确定,7,kept,从好感走向确定,7,原词符合长度与短语规则
681,等一个合适的人,7,kept,等一个合适的人,7,原词符合长度与短语规则
682,判断对方是否接受追求,10,deleted,,0,模板变体、超长表达或配额外的同概念近似项
683,两个人共享一把伞,8,deleted,,0,模板变体、超长表达或配额外的同概念近似项
684,为越界行为真诚道歉,9,kept,为越界行为真诚道歉,9,原词符合长度与短语规则
685,空白的恋爱履历,7,deleted,,0,模板变体、超长表达或配额外的同概念近似项
686,青春故事里缺少感情线,10,deleted,,0,模板变体、超长表达或配额外的同概念近似项
687,聚餐时大家都带家属,9,deleted,,0,模板变体、超长表达或配额外的同概念近似项
688,停止寻找对方拒绝的借口,11,deleted,,0,模板变体、超长表达或配额外的同概念近似项
689,怀疑自己缺少吸引力,9,deleted,,0,模板变体、超长表达或配额外的同概念近似项
690,家人问什么时候结婚,9,kept,家人问什么时候结婚,9,原词符合长度与短语规则
691,纪念日与自己无关,8,deleted,,0,模板变体、超长表达或配额外的同概念近似项
692,撤回的消息是不是告白,10,deleted,,0,模板变体、超长表达或配额外的同概念近似项
693,恋爱进度到哪一步了,9,deleted,,0,模板变体、超长表达或配额外的同概念近似项
694,手机里多了一张合照,9,kept,手机里多了一张合照,9,原词符合长度与短语规则
695,找到亲密关系中的归属感,11,deleted,,0,模板变体、超长表达或配额外的同概念近似项
696,双人成行是一款合作游戏,11,deleted,,0,模板变体、超长表达或配额外的同概念近似项
697,毕业照站在喜欢的人旁边,11,deleted,,0,模板变体、超长表达或配额外的同概念近似项
698,早读晨光里在人群中认出那双熟悉的球鞋,18,deleted,,0,模板变体、超长表达或配额外的同概念近似项
699,早读晨光里约定用窗台上的水杯当暗号,17,deleted,,0,模板变体、超长表达或配额外的同概念近似项
700,早读晨光里绕远路走过两个人常走的小巷,18,deleted,,0,模板变体、超长表达或配额外的同概念近似项
701,早读晨光里把最后一颗糖留给喜欢的人,17,deleted,,0,模板变体、超长表达或配额外的同概念近似项
702,早读晨光里记住她经过时淡淡的洗衣粉香,18,deleted,,0,模板变体、超长表达或配额外的同概念近似项
703,早读晨光里意识到那次挥手已经是最后一面,19,deleted,,0,模板变体、超长表达或配额外的同概念近似项
704,把暧昧变成恋爱,7,kept,把暧昧变成恋爱,7,原词符合长度与短语规则
705,寻找长期伴侣,6,kept,寻找长期伴侣,6,原词符合长度与短语规则
706,从追求走向确定关系,9,deleted,,0,模板变体、超长表达或配额外的同概念近似项
707,为见面认真做攻略,8,deleted,,0,模板变体、超长表达或配额外的同概念近似项
708,接受对方不想继续接触,10,kept,接受对方不想继续接触,10,原词符合长度与短语规则
709,从没进入过恋爱关系,9,deleted,,0,模板变体、超长表达或配额外的同概念近似项
710,时间过去关系没有进展,10,deleted,,0,模板变体、超长表达或配额外的同概念近似项
711,评论区都在艾特对象,9,deleted,,0,模板变体、超长表达或配额外的同概念近似项
712,把没有回应也当作答案,10,deleted,,0,模板变体、超长表达或配额外的同概念近似项
713,期待有人坚定地选择我,10,deleted,,0,模板变体、超长表达或配额外的同概念近似项
714,还没有对象就被问婚期,10,kept,还没有对象就被问婚期,10,原词符合长度与短语规则
715,跨年时身边没有喜欢的人,11,deleted,,0,模板变体、超长表达或配额外的同概念近似项
716,把对方当电子宠物式陪伴,11,deleted,,0,模板变体、超长表达或配额外的同概念近似项
717,明年还会一个人吗,8,deleted,,0,模板变体、超长表达或配额外的同概念近似项
718,周末行程不再空白,8,kept,周末行程不再空白,8,原词符合长度与短语规则
719,允许关系按自己的节奏发生,12,deleted,,0,模板变体、超长表达或配额外的同概念近似项
720,对象捕获失败请检查作用域,12,deleted,,0,模板变体、超长表达或配额外的同概念近似项
721,早读晨光里和喜欢的人隔着课桌对视,16,deleted,,0,模板变体、超长表达或配额外的同概念近似项
722,课间走廊上风吹起她额前的刘海,14,compressed,风吹起她额前的刘海,9,移除时间、地点、人物或关系模板，归并到核心概念
723,课间走廊上递来一张折好的小纸条,15,compressed,递来一张折好的小纸条,10,移除时间、地点、人物或关系模板，归并到核心概念
724,课间走廊上在靠窗的座位等她出现,15,compressed,在靠窗的座位等她出现,10,移除时间、地点、人物或关系模板，归并到核心概念
725,课间走廊上把课堂笔记借给喜欢的人,16,compressed,把课堂笔记借给喜欢的人,11,移除时间、地点、人物或关系模板，归并到核心概念
726,课间走廊上听见窗外一阵很长的蝉鸣,16,compressed,听见窗外一阵很长的蝉鸣,11,移除时间、地点、人物或关系模板，归并到核心概念
727,课间走廊上在毕业册上写下一句祝福,16,compressed,在毕业册上写下一句祝福,11,移除时间、地点、人物或关系模板，归并到核心概念
728,初次认识时第一次确认恋爱关系,14,compressed,第一次确认恋爱关系,9,移除时间、地点、人物或关系模板，归并到核心概念
729,初次认识时终于有了稳定对象,13,compressed,终于有了稳定对象,8,移除时间、地点、人物或关系模板，归并到核心概念
730,初次认识时鼓起勇气说出喜欢,13,deleted,,0,模板变体、超长表达或配额外的同概念近似项
731,初次认识时计划第一次正式约会,14,deleted,,0,模板变体、超长表达或配额外的同概念近似项
732,初次认识时第一次牵住喜欢的人的手,16,compressed,第一次牵住喜欢的人的手,11,移除时间、地点、人物或关系模板，归并到核心概念
733,初次认识时回忆自己的第一次心动,15,deleted,,0,模板变体、超长表达或配额外的同概念近似项
734,初次认识时发现又长一岁仍然单身,15,deleted,,0,模板变体、超长表达或配额外的同概念近似项
735,初次认识时看到室友突然宣布脱单,15,deleted,,0,模板变体、超长表达或配额外的同概念近似项
736,初次认识时告白后收到明确拒绝,14,deleted,,0,模板变体、超长表达或配额外的同概念近似项
737,初次认识时担心自己的外貌没有吸引力,17,deleted,,0,模板变体、超长表达或配额外的同概念近似项
738,初次认识时收到朋友发来的婚礼请柬,16,compressed,收到朋友发来的婚礼请柬,11,移除时间、地点、人物或关系模板，归并到核心概念
739,初次认识时在情人节准备一束玫瑰,15,deleted,,0,模板变体、超长表达或配额外的同概念近似项
740,初次认识时把心动对象称作crush,17,deleted,,0,模板变体、超长表达或配额外的同概念近似项
741,初次认识时被问以前谈过几个对象,15,deleted,,0,模板变体、超长表达或配额外的同概念近似项
742,初次认识时看见电影院里的双人座,15,compressed,看见电影院里的双人座,10,移除时间、地点、人物或关系模板，归并到核心概念
743,初次认识时把恋爱视作人生进度,14,deleted,,0,模板变体、超长表达或配额外的同概念近似项
744,初次认识时面向对象时找不到对象,15,deleted,,0,模板变体、超长表达或配额外的同概念近似项
745,早读晨光里发现同桌悄悄看向自己,15,deleted,,0,模板变体、超长表达或配额外的同概念近似项
746,课间走廊上看见她把刘海别到耳后,15,compressed,看见她把刘海别到耳后,10,移除时间、地点、人物或关系模板，归并到核心概念
747,课间走廊上在纸条背面写下回复,14,compressed,在纸条背面写下回复,9,移除时间、地点、人物或关系模板，归并到核心概念
748,课间走廊上经过对方班级的教室门口,16,compressed,经过对方班级的教室门口,11,移除时间、地点、人物或关系模板，归并到核心概念
749,课间走廊上耐心讲一道做错的题,14,compressed,耐心讲一道做错的题,9,移除时间、地点、人物或关系模板，归并到核心概念
750,课间走廊上听见下课铃盖过没说完的话,17,compressed,听见下课铃盖过没说完的话,12,移除时间、地点、人物或关系模板，归并到核心概念
751,课间走廊上把同学录最后一页留给她,16,compressed,把同学录最后一页留给她,11,移除时间、地点、人物或关系模板，归并到核心概念
752,初次认识时感受到双向喜欢,12,compressed,感受到双向喜欢,7,移除时间、地点、人物或关系模板，归并到核心概念
753,初次认识时介绍身边的人是另一半,15,compressed,介绍身边的人是另一半,10,移除时间、地点、人物或关系模板，归并到核心概念
754,初次认识时把暗恋写进一封信,13,deleted,,0,模板变体、超长表达或配额外的同概念近似项
755,初次认识时邀请喜欢的人一起吃饭,15,deleted,,0,模板变体、超长表达或配额外的同概念近似项
756,初次认识时得到同意后拥抱对方,14,compressed,得到同意后拥抱对方,9,移除时间、地点、人物或关系模板，归并到核心概念
757,初次认识时谈起已经结束的上一段关系,17,deleted,,0,模板变体、超长表达或配额外的同概念近似项
758,初次认识时担心毕业前没有恋爱经历,16,deleted,,0,模板变体、超长表达或配额外的同概念近似项
759,初次认识时发现聚会里只有自己单身,16,deleted,,0,模板变体、超长表达或配额外的同概念近似项
760,初次认识时听见我们还是做朋友吧,15,deleted,,0,模板变体、超长表达或配额外的同概念近似项
761,初次认识时见喜欢的人前认真整理头发,17,deleted,,0,模板变体、超长表达或配额外的同概念近似项
762,初次认识时看见恋人交换订婚戒指,15,compressed,看见恋人交换订婚戒指,10,移除时间、地点、人物或关系模板，归并到核心概念
763,初次认识时七夕预订双人晚餐,13,deleted,,0,模板变体、超长表达或配额外的同概念近似项
764,初次认识时在朋友圈正式官宣关系,15,deleted,,0,模板变体、超长表达或配额外的同概念近似项
765,初次认识时回答自己有没有恋爱经历,16,deleted,,0,模板变体、超长表达或配额外的同概念近似项
766,初次认识时路过摆满玫瑰的花店,14,compressed,路过摆满玫瑰的花店,9,移除时间、地点、人物或关系模板，归并到核心概念
767,初次认识时担心青春缺少重要体验,15,deleted,,0,模板变体、超长表达或配额外的同概念近似项
768,初次认识时对象存储突然容量不足,15,deleted,,0,模板变体、超长表达或配额外的同概念近似项
769,早读晨光里把喜欢藏在课堂笔记里,15,deleted,,0,模板变体、超长表达或配额外的同概念近似项
770,课间走廊上注意到阳光落在她的发梢,16,compressed,注意到阳光落在她的发梢,11,移除时间、地点、人物或关系模板，归并到核心概念
771,课间走廊上把没送出的情书夹进书里,16,compressed,把没送出的情书夹进书里,11,移除时间、地点、人物或关系模板，归并到核心概念
772,课间走廊上在空教室里多停留一会儿,16,compressed,在空教室里多停留一会儿,11,移除时间、地点、人物或关系模板，归并到核心概念
773,课间走廊上一起背诵第二天要抽查的课文,18,deleted,,0,模板变体、超长表达或配额外的同概念近似项
774,课间走廊上记住篮球落地的回声,14,compressed,记住篮球落地的回声,9,移除时间、地点、人物或关系模板，归并到核心概念
775,课间走廊上在毕业照里悄悄站得更近,16,compressed,在毕业照里悄悄站得更近,11,移除时间、地点、人物或关系模板，归并到核心概念
776,初次认识时学会经营一段感情,13,deleted,,0,模板变体、超长表达或配额外的同概念近似项
777,初次认识时从单身状态顺利毕业,14,compressed,从单身状态顺利毕业,9,移除时间、地点、人物或关系模板，归并到核心概念
778,初次认识时试探对方是否也有好感,15,deleted,,0,模板变体、超长表达或配额外的同概念近似项
779,初次认识时挑选适合聊天的咖啡店,15,deleted,,0,模板变体、超长表达或配额外的同概念近似项
780,初次认识时在靠近前先询问意愿,14,deleted,,0,模板变体、超长表达或配额外的同概念近似项
781,初次认识时被问到过去有几次恋爱,15,deleted,,0,模板变体、超长表达或配额外的同概念近似项
782,初次认识时看着同龄人进入稳定关系,16,deleted,,0,模板变体、超长表达或配额外的同概念近似项
783,初次认识时刷到朋友晒情侣合照,14,deleted,,0,模板变体、超长表达或配额外的同概念近似项
784,初次认识时邀约连续几次没有回应,15,deleted,,0,模板变体、超长表达或配额外的同概念近似项
785,初次认识时怀疑自己不擅长聊天,14,deleted,,0,模板变体、超长表达或配额外的同概念近似项
786,初次认识时讨论以后在哪座城市生活,16,compressed,讨论以后在哪座城市生活,11,移除时间、地点、人物或关系模板，归并到核心概念
787,初次认识时在520发出含蓄告白,15,deleted,,0,模板变体、超长表达或配额外的同概念近似项
788,初次认识时和朋友一起磕一对CP,15,deleted,,0,模板变体、超长表达或配额外的同概念近似项
789,初次认识时被追问为什么一直单身,15,deleted,,0,模板变体、超长表达或配额外的同概念近似项
790,初次认识时发现饮品店推出情侣套餐,16,compressed,发现饮品店推出情侣套餐,11,移除时间、地点、人物或关系模板，归并到核心概念
791,初次认识时觉得自己落后于同龄人,15,deleted,,0,模板变体、超长表达或配额外的同概念近似项
792,初次认识时单例模式坚持保持单身,15,deleted,,0,模板变体、超长表达或配额外的同概念近似项
793,早读晨光里借讲题的机会坐得更近,15,deleted,,0,模板变体、超长表达或配额外的同概念近似项
794,课间走廊上记住她低头笑时的酒窝,15,compressed,记住她低头笑时的酒窝,10,移除时间、地点、人物或关系模板，归并到核心概念
795,课间走廊上收到一封没有署名的情书,16,compressed,收到一封没有署名的情书,11,移除时间、地点、人物或关系模板，归并到核心概念
796,课间走廊上从教学楼走廊远远看见她,16,compressed,从教学楼走廊远远看见她,11,移除时间、地点、人物或关系模板，归并到核心概念
797,课间走廊上互相检查听写答案,13,compressed,互相检查听写答案,8,移除时间、地点、人物或关系模板，归并到核心概念
798,课间走廊上听见广播里放过的那首歌,16,compressed,听见广播里放过的那首歌,11,移除时间、地点、人物或关系模板，归并到核心概念
799,课间走廊上在校服背面签下名字,14,compressed,在校服背面签下名字,9,移除时间、地点、人物或关系模板，归并到核心概念
800,初次认识时拥有可以分享日常的人,15,deleted,,0,模板变体、超长表达或配额外的同概念近似项
801,初次认识时朋友介绍了合适的人,14,compressed,朋友介绍了合适的人,9,移除时间、地点、人物或关系模板，归并到核心概念
802,初次认识时主动创造单独见面的机会,16,deleted,,0,模板变体、超长表达或配额外的同概念近似项
803,初次认识时一起看期待很久的电影,15,deleted,,0,模板变体、超长表达或配额外的同概念近似项
804,初次认识时注意到对方不舒服的信号,16,deleted,,0,模板变体、超长表达或配额外的同概念近似项
805,初次认识时发现恋爱履历仍然空白,15,deleted,,0,模板变体、超长表达或配额外的同概念近似项
806,初次认识时把生日变成脱单倒计时,15,deleted,,0,模板变体、超长表达或配额外的同概念近似项
807,初次认识时听同学讨论各自的前任,15,deleted,,0,模板变体、超长表达或配额外的同概念近似项
808,初次认识时发现对方正在逐渐疏远,15,deleted,,0,模板变体、超长表达或配额外的同概念近似项
809,初次认识时面对心动对象突然紧张,15,deleted,,0,模板变体、超长表达或配额外的同概念近似项
810,初次认识时考虑要不要带对象见父母,16,compressed,考虑要不要带对象见父母,11,移除时间、地点、人物或关系模板，归并到核心概念
811,初次认识时圣诞夜邀请喜欢的人见面,16,deleted,,0,模板变体、超长表达或配额外的同概念近似项
812,初次认识时判断彼此是否处于暧昧期,16,deleted,,0,模板变体、超长表达或配额外的同概念近似项
813,初次认识时听见什么时候脱单的问题,16,deleted,,0,模板变体、超长表达或配额外的同概念近似项
814,初次认识时看见两件并排挂着的外套,16,deleted,,0,模板变体、超长表达或配额外的同概念近似项
815,初次认识时害怕永远错过亲密关系,15,deleted,,0,模板变体、超长表达或配额外的同概念近似项
816,初次认识时配对算法开始安排相亲,15,deleted,,0,模板变体、超长表达或配额外的同概念近似项
817,早读晨光里在走廊等喜欢的人经过,15,deleted,,0,模板变体、超长表达或配额外的同概念近似项
818,课间走廊上发现她见面前认真扎好头发,17,compressed,发现她见面前认真扎好头发,12,移除时间、地点、人物或关系模板，归并到核心概念
819,课间走廊上在便利贴上画一颗小心心,16,compressed,在便利贴上画一颗小心心,11,移除时间、地点、人物或关系模板，归并到核心概念
820,课间走廊上在楼梯转角意外遇见喜欢的人,18,deleted,,0,模板变体、超长表达或配额外的同概念近似项
821,课间走廊上替对方保管暂时没收的手机,17,compressed,替对方保管暂时没收的手机,12,移除时间、地点、人物或关系模板，归并到核心概念
822,课间走廊上看见晨光落在她的课桌上,16,compressed,看见晨光落在她的课桌上,11,移除时间、地点、人物或关系模板，归并到核心概念
823,课间走廊上把没送出的情书带回家,15,compressed,把没送出的情书带回家,10,移除时间、地点、人物或关系模板，归并到核心概念
824,初次认识时期待稳定的情感回应,14,deleted,,0,模板变体、超长表达或配额外的同概念近似项
825,初次认识时认真思考理想伴侣,13,compressed,认真思考理想伴侣,8,移除时间、地点、人物或关系模板，归并到核心概念
826,初次认识时收到别人认真的告白,14,deleted,,0,模板变体、超长表达或配额外的同概念近似项
827,初次认识时沿着安静的小路散步,14,deleted,,0,模板变体、超长表达或配额外的同概念近似项
828,初次认识时明确拒绝后立即停止,14,deleted,,0,模板变体、超长表达或配额外的同概念近似项
829,初次认识时听对方说起难忘的初恋,15,deleted,,0,模板变体、超长表达或配额外的同概念近似项
830,初次认识时害怕错过年轻时的恋爱,15,deleted,,0,模板变体、超长表达或配额外的同概念近似项
831,初次认识时参加婚礼时被问有没有对象,17,deleted,,0,模板变体、超长表达或配额外的同概念近似项
832,初次认识时接受喜欢没有得到回应,15,deleted,,0,模板变体、超长表达或配额外的同概念近似项
833,初次认识时读不懂别人释放的好感,15,deleted,,0,模板变体、超长表达或配额外的同概念近似项
834,初次认识时从恋爱走向共同生活,14,compressed,从恋爱走向共同生活,9,移除时间、地点、人物或关系模板，归并到核心概念
835,初次认识时为恋爱纪念日挑选礼物,15,deleted,,0,模板变体、超长表达或配额外的同概念近似项
836,初次认识时讨论situationship算什么关系,25,deleted,,0,模板变体、超长表达或配额外的同概念近似项
837,初次认识时解释目前有没有喜欢的人,16,deleted,,0,模板变体、超长表达或配额外的同概念近似项
838,初次认识时注意到共享耳机的两个人,16,deleted,,0,模板变体、超长表达或配额外的同概念近似项
839,初次认识时希望成为某个人的例外,15,deleted,,0,模板变体、超长表达或配额外的同概念近似项
840,初次认识时关系数据库认真维护关系,16,deleted,,0,模板变体、超长表达或配额外的同概念近似项
841,早读晨光里课间绕路去隔壁班门口,15,deleted,,0,模板变体、超长表达或配额外的同概念近似项
842,课间走廊上看见她穿着宽大的校服外套,17,compressed,看见她穿着宽大的校服外套,12,移除时间、地点、人物或关系模板，归并到核心概念
843,课间走廊上把名字写在同一张草稿纸上,17,compressed,把名字写在同一张草稿纸上,12,移除时间、地点、人物或关系模板，归并到核心概念
844,课间走廊上绕路经过她常去的饮水机,16,compressed,绕路经过她常去的饮水机,11,移除时间、地点、人物或关系模板，归并到核心概念
845,课间走廊上给趴在桌上的人留一盒牛奶,17,compressed,给趴在桌上的人留一盒牛奶,12,移除时间、地点、人物或关系模板，归并到核心概念
846,课间走廊上看见晚霞穿过教学楼窗户,16,compressed,看见晚霞穿过教学楼窗户,11,移除时间、地点、人物或关系模板，归并到核心概念
847,课间走廊上错过毕业前最后一次告白,16,compressed,错过毕业前最后一次告白,11,移除时间、地点、人物或关系模板，归并到核心概念
848,初次认识时从朋友走向恋人,12,deleted,,0,模板变体、超长表达或配额外的同概念近似项
849,初次认识时遇到愿意互相陪伴的人,15,compressed,遇到愿意互相陪伴的人,10,移除时间、地点、人物或关系模板，归并到核心概念
850,初次认识时准备一份有意义的礼物,15,deleted,,0,模板变体、超长表达或配额外的同概念近似项
851,初次认识时为两个人安排周末行程,15,deleted,,0,模板变体、超长表达或配额外的同概念近似项
852,初次认识时不把沉默误认为同意,14,deleted,,0,模板变体、超长表达或配额外的同概念近似项
853,初次认识时整理前任留下的旧物,14,deleted,,0,模板变体、超长表达或配额外的同概念近似项
854,初次认识时觉得感情进度落后别人,15,deleted,,0,模板变体、超长表达或配额外的同概念近似项
855,初次认识时看别人收到纪念日礼物,15,deleted,,0,模板变体、超长表达或配额外的同概念近似项
856,初次认识时停止追问拒绝的具体理由,16,deleted,,0,模板变体、超长表达或配额外的同概念近似项
857,初次认识时想知道有没有人喜欢自己,16,deleted,,0,模板变体、超长表达或配额外的同概念近似项
858,初次认识时规划两个人的长期未来,15,deleted,,0,模板变体、超长表达或配额外的同概念近似项
859,初次认识时零点发送周年祝福,13,deleted,,0,模板变体、超长表达或配额外的同概念近似项
860,初次认识时换上成套的情侣头像,14,deleted,,0,模板变体、超长表达或配额外的同概念近似项
861,初次认识时回答第一次恋爱是在几岁,16,deleted,,0,模板变体、超长表达或配额外的同概念近似项
862,初次认识时经过夜晚亮灯的摩天轮,15,deleted,,0,模板变体、超长表达或配额外的同概念近似项
863,初次认识时渴望获得稳定情感回应,15,deleted,,0,模板变体、超长表达或配额外的同概念近似项
864,初次认识时握手协议负责成功牵手,15,deleted,,0,模板变体、超长表达或配额外的同概念近似项
865,早读晨光里替心动对象去小卖部带饮料,17,deleted,,0,模板变体、超长表达或配额外的同概念近似项
866,课间走廊上认出人群里熟悉的校服衣角,17,compressed,认出人群里熟悉的校服衣角,12,移除时间、地点、人物或关系模板，归并到核心概念
867,课间走廊上交换一根代表好感的小皮筋,17,compressed,交换一根代表好感的小皮筋,12,移除时间、地点、人物或关系模板，归并到核心概念
868,课间走廊上在图书馆同一排书架重逢,16,compressed,在图书馆同一排书架重逢,11,移除时间、地点、人物或关系模板，归并到核心概念
869,课间走廊上提醒喜欢的人带伞,13,compressed,提醒喜欢的人带伞,8,移除时间、地点、人物或关系模板，归并到核心概念
870,课间走廊上记住树影在校服上轻轻晃动,17,compressed,记住树影在校服上轻轻晃动,12,移除时间、地点、人物或关系模板，归并到核心概念
871,课间走廊上把喜欢藏进高考结束的夏天,17,compressed,把喜欢藏进高考结束的夏天,12,移除时间、地点、人物或关系模板，归并到核心概念
872,初次认识时认真讨论彼此的需要,14,deleted,,0,模板变体、超长表达或配额外的同概念近似项
873,初次认识时开始主动扩大社交圈,14,compressed,开始主动扩大社交圈,9,移除时间、地点、人物或关系模板，归并到核心概念
874,初次认识时请朋友帮忙判断好感信号,16,deleted,,0,模板变体、超长表达或配额外的同概念近似项
875,初次认识时见面前认真选择穿搭,14,deleted,,0,模板变体、超长表达或配额外的同概念近似项
876,初次认识时共同商量可以接受的边界,16,deleted,,0,模板变体、超长表达或配额外的同概念近似项
877,初次认识时思考过去关系里的问题,15,deleted,,0,模板变体、超长表达或配额外的同概念近似项
878,初次认识时工作以后才开始学习约会,16,deleted,,0,模板变体、超长表达或配额外的同概念近似项
879,初次认识时发现朋友周末都去约会,15,deleted,,0,模板变体、超长表达或配额外的同概念近似项
880,初次认识时被拒绝后不再继续打扰,15,deleted,,0,模板变体、超长表达或配额外的同概念近似项
881,初次认识时把异性缘归因于颜值,14,deleted,,0,模板变体、超长表达或配额外的同概念近似项
882,初次认识时被家人追问什么时候结婚,16,deleted,,0,模板变体、超长表达或配额外的同概念近似项
883,初次认识时看见街边摆满情侣商品,15,deleted,,0,模板变体、超长表达或配额外的同概念近似项
884,初次认识时每天给对方分享短视频,15,deleted,,0,模板变体、超长表达或配额外的同概念近似项
885,初次认识时被问最长一段关系多久,15,deleted,,0,模板变体、超长表达或配额外的同概念近似项
886,初次认识时看到桌上放着两张电影票,16,deleted,,0,模板变体、超长表达或配额外的同概念近似项
887,初次认识时学习不靠伴侣定义完整,15,deleted,,0,模板变体、超长表达或配额外的同概念近似项
888,初次认识时线程脱单后进入双线程,15,deleted,,0,模板变体、超长表达或配额外的同概念近似项
889,早读晨光里在人群中寻找熟悉的校服背影,18,deleted,,0,模板变体、超长表达或配额外的同概念近似项
890,课间走廊上替对方整理歪掉的校服领口,17,compressed,替对方整理歪掉的校服领口,12,移除时间、地点、人物或关系模板，归并到核心概念
891,课间走廊上把校服第二颗纽扣留作纪念,17,compressed,把校服第二颗纽扣留作纪念,12,移除时间、地点、人物或关系模板，归并到核心概念
892,课间走廊上在自习室替对方留一个座位,17,compressed,在自习室替对方留一个座位,12,移除时间、地点、人物或关系模板，归并到核心概念
893,课间走廊上把自己的外套借给对方,15,compressed,把自己的外套借给对方,10,移除时间、地点、人物或关系模板，归并到核心概念
894,课间走廊上看见雨水沿着教室玻璃滑下,17,compressed,看见雨水沿着教室玻璃滑下,12,移除时间、地点、人物或关系模板，归并到核心概念
895,课间走廊上约定收到录取通知后再见,16,compressed,约定收到录取通知后再见,11,移除时间、地点、人物或关系模板，归并到核心概念
896,初次认识时发现关系正在升温,13,deleted,,0,模板变体、超长表达或配额外的同概念近似项
897,初次认识时期待有人一起规划周末,15,compressed,期待有人一起规划周末,10,移除时间、地点、人物或关系模板，归并到核心概念
898,初次认识时决定不再隐藏真实心意,15,deleted,,0,模板变体、超长表达或配额外的同概念近似项
899,初次认识时约会结束后舍不得分别,15,deleted,,0,模板变体、超长表达或配额外的同概念近似项
900,初次认识时为越界接触认真道歉,14,deleted,,0,模板变体、超长表达或配额外的同概念近似项
901,初次认识时接受曾经喜欢的人已走远,16,deleted,,0,模板变体、超长表达或配额外的同概念近似项
902,初次认识时怀疑现在恋爱是否太晚,15,deleted,,0,模板变体、超长表达或配额外的同概念近似项
903,初次认识时听见同龄人开始谈婚论嫁,16,deleted,,0,模板变体、超长表达或配额外的同概念近似项
904,初次认识时重新建立交往边界,13,deleted,,0,模板变体、超长表达或配额外的同概念近似项
905,初次认识时学习更坦诚地表达感受,15,deleted,,0,模板变体、超长表达或配额外的同概念近似项
906,初次认识时参加同学婚礼独自坐一桌,16,deleted,,0,模板变体、超长表达或配额外的同概念近似项
907,初次认识时独自度过恋爱主题节日,15,deleted,,0,模板变体、超长表达或配额外的同概念近似项
908,初次认识时把重要聊天设置为置顶,15,deleted,,0,模板变体、超长表达或配额外的同概念近似项
909,初次认识时猜测今年是否能够脱单,15,deleted,,0,模板变体、超长表达或配额外的同概念近似项
910,初次认识时发现相册里只有单人照片,16,deleted,,0,模板变体、超长表达或配额外的同概念近似项
911,初次认识时接受每个人节奏不同,14,deleted,,0,模板变体、超长表达或配额外的同概念近似项
912,初次认识时空对象拒绝返回女朋友,15,deleted,,0,模板变体、超长表达或配额外的同概念近似项
913,早读晨光里放学后并肩走出校门,14,deleted,,0,模板变体、超长表达或配额外的同概念近似项
914,课间走廊上注意到校服袖口写着名字,16,compressed,注意到校服袖口写着名字,11,移除时间、地点、人物或关系模板，归并到核心概念
915,课间走廊上送出成对的钥匙扣,13,compressed,送出成对的钥匙扣,8,移除时间、地点、人物或关系模板，归并到核心概念
916,课间走廊上在小卖部门口假装偶遇,15,compressed,在小卖部门口假装偶遇,10,移除时间、地点、人物或关系模板，归并到核心概念
917,课间走廊上记住她不吃的食堂菜,14,compressed,记住她不吃的食堂菜,9,移除时间、地点、人物或关系模板，归并到核心概念
918,课间走廊上闻到新课本混着油墨的气味,17,compressed,闻到新课本混着油墨的气味,12,移除时间、地点、人物或关系模板，归并到核心概念
919,课间走廊上在散伙饭上忍住没说的话,16,compressed,在散伙饭上忍住没说的话,11,移除时间、地点、人物或关系模板，归并到核心概念
920,初次认识时体验被人惦记的感觉,14,deleted,,0,模板变体、超长表达或配额外的同概念近似项
921,初次认识时不再独自参加朋友聚会,15,deleted,,0,模板变体、超长表达或配额外的同概念近似项
922,初次认识时尊重对方对追求的回应,15,deleted,,0,模板变体、超长表达或配额外的同概念近似项
923,初次认识时等待对方发来安全到家,15,deleted,,0,模板变体、超长表达或配额外的同概念近似项
924,初次认识时尊重对方改变主意,13,deleted,,0,模板变体、超长表达或配额外的同概念近似项
925,初次认识时意识到自己从没被表白,15,deleted,,0,模板变体、超长表达或配额外的同概念近似项
926,初次认识时计算自己单身了多少年,15,deleted,,0,模板变体、超长表达或配额外的同概念近似项
927,初次认识时把自己的经历和别人比较,16,deleted,,0,模板变体、超长表达或配额外的同概念近似项
928,初次认识时删除没有发出的解释消息,16,deleted,,0,模板变体、超长表达或配额外的同概念近似项
929,初次认识时不再靠恋爱证明个人价值,16,deleted,,0,模板变体、超长表达或配额外的同概念近似项
930,初次认识时听见别人叫彼此老公老婆,16,deleted,,0,模板变体、超长表达或配额外的同概念近似项
931,初次认识时收到平台推送的情侣套餐,16,deleted,,0,模板变体、超长表达或配额外的同概念近似项
932,初次认识时从线上聊天走到线下见面,16,deleted,,0,模板变体、超长表达或配额外的同概念近似项
933,初次认识时面对她是不是你女朋友的追问,18,deleted,,0,模板变体、超长表达或配额外的同概念近似项
934,初次认识时收到适合约会的地点推荐,16,deleted,,0,模板变体、超长表达或配额外的同概念近似项
935,初次认识时允许遗憾留在过去,13,deleted,,0,模板变体、超长表达或配额外的同概念近似项
936,初次认识时恋爱脑被当作神经网络,15,deleted,,0,模板变体、超长表达或配额外的同概念近似项
937,早读晨光里推着自行车陪对方慢慢走,16,deleted,,0,模板变体、超长表达或配额外的同概念近似项
938,课间走廊上看见白衬衫被晚霞染成金色,17,compressed,看见白衬衫被晚霞染成金色,12,移除时间、地点、人物或关系模板，归并到核心概念
939,课间走廊上互换写着祝福的书签,14,compressed,互换写着祝福的书签,9,移除时间、地点、人物或关系模板，归并到核心概念
940,课间走廊上在食堂排队时站到她身后,16,compressed,在食堂排队时站到她身后,11,移除时间、地点、人物或关系模板，归并到核心概念
941,课间走廊上替迟到的人悄悄留门,14,compressed,替迟到的人悄悄留门,9,移除时间、地点、人物或关系模板，归并到核心概念
942,课间走廊上记住雨后塑胶跑道的气味,16,compressed,记住雨后塑胶跑道的气味,11,移除时间、地点、人物或关系模板，归并到核心概念
943,课间走廊上听完最后一次校园广播,15,compressed,听完最后一次校园广播,10,移除时间、地点、人物或关系模板，归并到核心概念
944,初次认识时允许恋爱自然发生,13,deleted,,0,模板变体、超长表达或配额外的同概念近似项
945,初次认识时寻找能够长期相处的人,15,deleted,,0,模板变体、超长表达或配额外的同概念近似项
946,初次认识时把模糊关系说清楚,13,deleted,,0,模板变体、超长表达或配额外的同概念近似项
947,初次认识时期待下一次单独见面,14,deleted,,0,模板变体、超长表达或配额外的同概念近似项
948,初次认识时在安全感中逐渐靠近,14,deleted,,0,模板变体、超长表达或配额外的同概念近似项
949,初次认识时不再用经历数量评价自己,16,deleted,,0,模板变体、超长表达或配额外的同概念近似项
950,初次认识时提醒自己没有统一人生时钟,17,deleted,,0,模板变体、超长表达或配额外的同概念近似项
951,初次认识时提醒自己不必追赶他人进度,17,deleted,,0,模板变体、超长表达或配额外的同概念近似项
952,初次认识时把没有回复也视作答案,15,deleted,,0,模板变体、超长表达或配额外的同概念近似项
953,初次认识时相信自己也值得被选择,15,deleted,,0,模板变体、超长表达或配额外的同概念近似项
954,初次认识时还没有对象就开始被催婚,16,deleted,,0,模板变体、超长表达或配额外的同概念近似项
955,初次认识时跨年倒数时想起喜欢的人,16,deleted,,0,模板变体、超长表达或配额外的同概念近似项
956,初次认识时因为断联猜测关系是否结束,17,deleted,,0,模板变体、超长表达或配额外的同概念近似项
957,初次认识时拒绝回答过度私人的感情问题,18,deleted,,0,模板变体、超长表达或配额外的同概念近似项
958,初次认识时看见副驾驶放着一束花,15,deleted,,0,模板变体、超长表达或配额外的同概念近似项
959,初次认识时相信未来仍会建立连接,15,deleted,,0,模板变体、超长表达或配额外的同概念近似项
960,初次认识时朋友圈在图论里形成闭环,16,deleted,,0,模板变体、超长表达或配额外的同概念近似项
961,早读晨光里一起等最后一班公交车,15,deleted,,0,模板变体、超长表达或配额外的同概念近似项
962,课间走廊上发现手腕上多了一根小皮筋,17,compressed,发现手腕上多了一根小皮筋,12,移除时间、地点、人物或关系模板，归并到核心概念
963,课间走廊上借出一支舍不得收回的笔,16,compressed,借出一支舍不得收回的笔,11,移除时间、地点、人物或关系模板，归并到核心概念
964,课间走廊上在校园广播站等一首点歌,16,compressed,在校园广播站等一首点歌,11,移除时间、地点、人物或关系模板，归并到核心概念
965,课间走廊上在值日时一起擦黑板,14,compressed,在值日时一起擦黑板,9,移除时间、地点、人物或关系模板，归并到核心概念
966,课间走廊上感到共用雨伞时靠近的温度,17,compressed,感到共用雨伞时靠近的温度,12,移除时间、地点、人物或关系模板，归并到核心概念
967,课间走廊上收拾课桌时找到旧纸条,15,compressed,收拾课桌时找到旧纸条,10,移除时间、地点、人物或关系模板，归并到核心概念
968,关系升温后第一次确认恋爱关系,14,compressed,第一次确认恋爱关系,9,移除时间、地点、人物或关系模板，归并到核心概念
969,关系升温后终于有了稳定对象,13,compressed,终于有了稳定对象,8,移除时间、地点、人物或关系模板，归并到核心概念
970,关系升温后鼓起勇气说出喜欢,13,deleted,,0,模板变体、超长表达或配额外的同概念近似项
971,关系升温后计划第一次正式约会,14,deleted,,0,模板变体、超长表达或配额外的同概念近似项
972,关系升温后第一次牵住喜欢的人的手,16,compressed,第一次牵住喜欢的人的手,11,移除时间、地点、人物或关系模板，归并到核心概念
973,关系升温后回忆自己的第一次心动,15,deleted,,0,模板变体、超长表达或配额外的同概念近似项
974,关系升温后发现又长一岁仍然单身,15,deleted,,0,模板变体、超长表达或配额外的同概念近似项
975,关系升温后看到室友突然宣布脱单,15,deleted,,0,模板变体、超长表达或配额外的同概念近似项
976,关系升温后告白后收到明确拒绝,14,deleted,,0,模板变体、超长表达或配额外的同概念近似项
977,关系升温后担心自己的外貌没有吸引力,17,deleted,,0,模板变体、超长表达或配额外的同概念近似项
978,关系升温后收到朋友发来的婚礼请柬,16,compressed,收到朋友发来的婚礼请柬,11,移除时间、地点、人物或关系模板，归并到核心概念
979,关系升温后在情人节准备一束玫瑰,15,deleted,,0,模板变体、超长表达或配额外的同概念近似项
980,关系升温后把心动对象称作crush,17,deleted,,0,模板变体、超长表达或配额外的同概念近似项
981,关系升温后被问以前谈过几个对象,15,deleted,,0,模板变体、超长表达或配额外的同概念近似项
982,关系升温后看见电影院里的双人座,15,compressed,看见电影院里的双人座,10,移除时间、地点、人物或关系模板，归并到核心概念
983,关系升温后把恋爱视作人生进度,14,deleted,,0,模板变体、超长表达或配额外的同概念近似项
984,关系升温后面向对象时找不到对象,15,deleted,,0,模板变体、超长表达或配额外的同概念近似项
985,早读晨光里约好第二天在校门口见,15,deleted,,0,模板变体、超长表达或配额外的同概念近似项
986,课间走廊上把对方送的小皮筋戴在手腕,17,compressed,把对方送的小皮筋戴在手腕,12,移除时间、地点、人物或关系模板，归并到核心概念
987,课间走廊上在橡皮上刻下对方的缩写,16,compressed,在橡皮上刻下对方的缩写,11,移除时间、地点、人物或关系模板，归并到核心概念
988,课间走廊上在礼堂散场后寻找对方,15,compressed,在礼堂散场后寻找对方,10,移除时间、地点、人物或关系模板，归并到核心概念
989,课间走廊上一起搬运动会用的桌椅,15,compressed,一起搬运动会用的桌椅,10,移除时间、地点、人物或关系模板，归并到核心概念
990,课间走廊上记住冬天热水杯传来的暖意,17,compressed,记住冬天热水杯传来的暖意,12,移除时间、地点、人物或关系模板，归并到核心概念
991,课间走廊上离校前再走一遍熟悉的操场,17,compressed,离校前再走一遍熟悉的操场,12,移除时间、地点、人物或关系模板，归并到核心概念
992,关系升温后感受到双向喜欢,12,compressed,感受到双向喜欢,7,移除时间、地点、人物或关系模板，归并到核心概念
993,关系升温后介绍身边的人是另一半,15,compressed,介绍身边的人是另一半,10,移除时间、地点、人物或关系模板，归并到核心概念
994,关系升温后把暗恋写进一封信,13,deleted,,0,模板变体、超长表达或配额外的同概念近似项
995,关系升温后邀请喜欢的人一起吃饭,15,deleted,,0,模板变体、超长表达或配额外的同概念近似项
996,关系升温后得到同意后拥抱对方,14,compressed,得到同意后拥抱对方,9,移除时间、地点、人物或关系模板，归并到核心概念
997,关系升温后谈起已经结束的上一段关系,17,deleted,,0,模板变体、超长表达或配额外的同概念近似项
998,关系升温后担心毕业前没有恋爱经历,16,deleted,,0,模板变体、超长表达或配额外的同概念近似项
999,关系升温后发现聚会里只有自己单身,16,deleted,,0,模板变体、超长表达或配额外的同概念近似项
1000,关系升温后听见我们还是做朋友吧,15,deleted,,0,模板变体、超长表达或配额外的同概念近似项
1001,关系升温后见喜欢的人前认真整理头发,17,deleted,,0,模板变体、超长表达或配额外的同概念近似项
1002,关系升温后看见恋人交换订婚戒指,15,compressed,看见恋人交换订婚戒指,10,移除时间、地点、人物或关系模板，归并到核心概念
1003,关系升温后七夕预订双人晚餐,13,deleted,,0,模板变体、超长表达或配额外的同概念近似项
1004,关系升温后在朋友圈正式官宣关系,15,deleted,,0,模板变体、超长表达或配额外的同概念近似项
1005,关系升温后回答自己有没有恋爱经历,16,deleted,,0,模板变体、超长表达或配额外的同概念近似项
1006,关系升温后路过摆满玫瑰的花店,14,compressed,路过摆满玫瑰的花店,9,移除时间、地点、人物或关系模板，归并到核心概念
1007,关系升温后担心青春缺少重要体验,15,deleted,,0,模板变体、超长表达或配额外的同概念近似项
1008,关系升温后对象存储突然容量不足,15,deleted,,0,模板变体、超长表达或配额外的同概念近似项
1009,早读晨光里在操场看台说出喜欢,14,deleted,,0,模板变体、超长表达或配额外的同概念近似项
1010,课间走廊上认出书包上新挂的钥匙扣,16,compressed,认出书包上新挂的钥匙扣,11,移除时间、地点、人物或关系模板，归并到核心概念
1011,课间走廊上把复习资料装订得整整齐齐,17,compressed,把复习资料装订得整整齐齐,12,移除时间、地点、人物或关系模板，归并到核心概念
1012,课间走廊上沿着操场跑道陪她慢慢走,16,compressed,沿着操场跑道陪她慢慢走,11,移除时间、地点、人物或关系模板，归并到核心概念
1013,课间走廊上在社团排练后帮忙收器材,16,compressed,在社团排练后帮忙收器材,11,移除时间、地点、人物或关系模板，归并到核心概念
1014,课间走廊上等春天樱花落在她肩上,15,compressed,等春天樱花落在她肩上,10,移除时间、地点、人物或关系模板，归并到核心概念
1015,课间走廊上在校门口说出以后常联系,16,compressed,在校门口说出以后常联系,11,移除时间、地点、人物或关系模板，归并到核心概念
1016,关系升温后学会经营一段感情,13,deleted,,0,模板变体、超长表达或配额外的同概念近似项
1017,关系升温后从单身状态顺利毕业,14,compressed,从单身状态顺利毕业,9,移除时间、地点、人物或关系模板，归并到核心概念
1018,关系升温后试探对方是否也有好感,15,deleted,,0,模板变体、超长表达或配额外的同概念近似项
1019,关系升温后挑选适合聊天的咖啡店,15,deleted,,0,模板变体、超长表达或配额外的同概念近似项
1020,关系升温后在靠近前先询问意愿,14,deleted,,0,模板变体、超长表达或配额外的同概念近似项
1021,关系升温后被问到过去有几次恋爱,15,deleted,,0,模板变体、超长表达或配额外的同概念近似项
1022,关系升温后看着同龄人进入稳定关系,16,deleted,,0,模板变体、超长表达或配额外的同概念近似项
1023,关系升温后刷到朋友晒情侣合照,14,deleted,,0,模板变体、超长表达或配额外的同概念近似项
1024,关系升温后邀约连续几次没有回应,15,deleted,,0,模板变体、超长表达或配额外的同概念近似项
1025,关系升温后怀疑自己不擅长聊天,14,deleted,,0,模板变体、超长表达或配额外的同概念近似项
1026,关系升温后讨论以后在哪座城市生活,16,compressed,讨论以后在哪座城市生活,11,移除时间、地点、人物或关系模板，归并到核心概念
1027,关系升温后在520发出含蓄告白,15,deleted,,0,模板变体、超长表达或配额外的同概念近似项
1028,关系升温后和朋友一起磕一对CP,15,deleted,,0,模板变体、超长表达或配额外的同概念近似项
1029,关系升温后被追问为什么一直单身,15,deleted,,0,模板变体、超长表达或配额外的同概念近似项
1030,关系升温后发现饮品店推出情侣套餐,16,compressed,发现饮品店推出情侣套餐,11,移除时间、地点、人物或关系模板，归并到核心概念
1031,关系升温后觉得自己落后于同龄人,15,deleted,,0,模板变体、超长表达或配额外的同概念近似项
1032,关系升温后单例模式坚持保持单身,15,deleted,,0,模板变体、超长表达或配额外的同概念近似项
1033,早读晨光里把暗恋告诉最信任的同学,16,deleted,,0,模板变体、超长表达或配额外的同概念近似项
1034,课间走廊上留意她每天更换的发卡,15,compressed,留意她每天更换的发卡,10,移除时间、地点、人物或关系模板，归并到核心概念
1035,课间走廊上在错题本角落留下鼓励,15,compressed,在错题本角落留下鼓励,10,移除时间、地点、人物或关系模板，归并到核心概念
1036,课间走廊上在篮球场边递上一瓶水,15,compressed,在篮球场边递上一瓶水,10,移除时间、地点、人物或关系模板，归并到核心概念
1037,课间走廊上为对方的比赛偷偷加油,15,compressed,为对方的比赛偷偷加油,10,移除时间、地点、人物或关系模板，归并到核心概念
1038,课间走廊上在盛夏风扇声里偷偷心动,16,compressed,在盛夏风扇声里偷偷心动,11,移除时间、地点、人物或关系模板，归并到核心概念
1039,课间走廊上目送对方坐上不同方向的车,17,compressed,目送对方坐上不同方向的车,12,移除时间、地点、人物或关系模板，归并到核心概念
1040,关系升温后拥有可以分享日常的人,15,deleted,,0,模板变体、超长表达或配额外的同概念近似项
1041,关系升温后朋友介绍了合适的人,14,compressed,朋友介绍了合适的人,9,移除时间、地点、人物或关系模板，归并到核心概念
1042,关系升温后主动创造单独见面的机会,16,deleted,,0,模板变体、超长表达或配额外的同概念近似项
1043,关系升温后一起看期待很久的电影,15,deleted,,0,模板变体、超长表达或配额外的同概念近似项
1044,关系升温后注意到对方不舒服的信号,16,deleted,,0,模板变体、超长表达或配额外的同概念近似项
1045,关系升温后发现恋爱履历仍然空白,15,deleted,,0,模板变体、超长表达或配额外的同概念近似项
1046,关系升温后把生日变成脱单倒计时,15,deleted,,0,模板变体、超长表达或配额外的同概念近似项
1047,关系升温后听同学讨论各自的前任,15,deleted,,0,模板变体、超长表达或配额外的同概念近似项
1048,关系升温后发现对方正在逐渐疏远,15,deleted,,0,模板变体、超长表达或配额外的同概念近似项
1049,关系升温后面对心动对象突然紧张,15,deleted,,0,模板变体、超长表达或配额外的同概念近似项
1050,关系升温后考虑要不要带对象见父母,16,compressed,考虑要不要带对象见父母,11,移除时间、地点、人物或关系模板，归并到核心概念
1051,关系升温后圣诞夜邀请喜欢的人见面,16,deleted,,0,模板变体、超长表达或配额外的同概念近似项
1052,关系升温后判断彼此是否处于暧昧期,16,deleted,,0,模板变体、超长表达或配额外的同概念近似项
1053,关系升温后听见什么时候脱单的问题,16,deleted,,0,模板变体、超长表达或配额外的同概念近似项
1054,关系升温后看见两件并排挂着的外套,16,deleted,,0,模板变体、超长表达或配额外的同概念近似项
1055,关系升温后害怕永远错过亲密关系,15,deleted,,0,模板变体、超长表达或配额外的同概念近似项
1056,关系升温后配对算法开始安排相亲,15,deleted,,0,模板变体、超长表达或配额外的同概念近似项
1057,早读晨光里收到对方认真回应的好感,16,deleted,,0,模板变体、超长表达或配额外的同概念近似项
1058,课间走廊上记住帆布鞋踩过积水的声音,17,deleted,,0,模板变体、超长表达或配额外的同概念近似项
1059,课间走廊上用同一本练习册对答案,15,deleted,,0,模板变体、超长表达或配额外的同概念近似项
1060,课间走廊上在看台最高一排并肩坐着,16,compressed,在看台最高一排并肩坐着,11,移除时间、地点、人物或关系模板，归并到核心概念
1061,课间走廊上在班级合唱时站到她旁边,16,compressed,在班级合唱时站到她旁边,11,移除时间、地点、人物或关系模板，归并到核心概念
1062,课间走廊上看秋叶堆满放学的小路,15,deleted,,0,模板变体、超长表达或配额外的同概念近似项
1063,课间走廊上发现最后一句聊天停在毕业快乐,19,deleted,,0,模板变体、超长表达或配额外的同概念近似项
1064,关系升温后期待稳定的情感回应,14,deleted,,0,模板变体、超长表达或配额外的同概念近似项
1065,关系升温后认真思考理想伴侣,13,compressed,认真思考理想伴侣,8,移除时间、地点、人物或关系模板，归并到核心概念
1066,关系升温后收到别人认真的告白,14,deleted,,0,模板变体、超长表达或配额外的同概念近似项
1067,关系升温后沿着安静的小路散步,14,deleted,,0,模板变体、超长表达或配额外的同概念近似项
1068,关系升温后明确拒绝后立即停止,14,deleted,,0,模板变体、超长表达或配额外的同概念近似项
1069,关系升温后听对方说起难忘的初恋,15,deleted,,0,模板变体、超长表达或配额外的同概念近似项
1070,关系升温后害怕错过年轻时的恋爱,15,deleted,,0,模板变体、超长表达或配额外的同概念近似项
1071,关系升温后参加婚礼时被问有没有对象,17,deleted,,0,模板变体、超长表达或配额外的同概念近似项
1072,关系升温后接受喜欢没有得到回应,15,deleted,,0,模板变体、超长表达或配额外的同概念近似项
1073,关系升温后读不懂别人释放的好感,15,deleted,,0,模板变体、超长表达或配额外的同概念近似项
1074,关系升温后从恋爱走向共同生活,14,compressed,从恋爱走向共同生活,9,移除时间、地点、人物或关系模板，归并到核心概念
1075,关系升温后为恋爱纪念日挑选礼物,15,deleted,,0,模板变体、超长表达或配额外的同概念近似项
1076,关系升温后讨论situationship算什么关系,25,deleted,,0,模板变体、超长表达或配额外的同概念近似项
1077,关系升温后解释目前有没有喜欢的人,16,deleted,,0,模板变体、超长表达或配额外的同概念近似项
1078,关系升温后注意到共享耳机的两个人,16,deleted,,0,模板变体、超长表达或配额外的同概念近似项
1079,关系升温后希望成为某个人的例外,15,deleted,,0,模板变体、超长表达或配额外的同概念近似项
1080,关系升温后关系数据库认真维护关系,16,deleted,,0,模板变体、超长表达或配额外的同概念近似项
1081,早读晨光里从同桌变成互相喜欢的人,16,deleted,,0,模板变体、超长表达或配额外的同概念近似项
1082,课间走廊上看见运动服背后的班级号码,17,deleted,,0,模板变体、超长表达或配额外的同概念近似项
1083,课间走廊上把借书卡藏进喜欢的书里,16,deleted,,0,模板变体、超长表达或配额外的同概念近似项
1084,课间走廊上在体育馆门口等训练结束,16,deleted,,0,模板变体、超长表达或配额外的同概念近似项
1085,课间走廊上假装随口询问周末安排,15,deleted,,0,模板变体、超长表达或配额外的同概念近似项
1086,课间走廊上在初雪那天想和她一起走,16,deleted,,0,模板变体、超长表达或配额外的同概念近似项
1087,课间走廊上因为去往不同城市慢慢失联,17,deleted,,0,模板变体、超长表达或配额外的同概念近似项
1088,关系升温后从朋友走向恋人,12,deleted,,0,模板变体、超长表达或配额外的同概念近似项
1089,关系升温后遇到愿意互相陪伴的人,15,compressed,遇到愿意互相陪伴的人,10,移除时间、地点、人物或关系模板，归并到核心概念
1090,关系升温后准备一份有意义的礼物,15,deleted,,0,模板变体、超长表达或配额外的同概念近似项
1091,关系升温后为两个人安排周末行程,15,deleted,,0,模板变体、超长表达或配额外的同概念近似项
1092,关系升温后不把沉默误认为同意,14,deleted,,0,模板变体、超长表达或配额外的同概念近似项
1093,关系升温后整理前任留下的旧物,14,deleted,,0,模板变体、超长表达或配额外的同概念近似项
1094,关系升温后觉得感情进度落后别人,15,deleted,,0,模板变体、超长表达或配额外的同概念近似项
1095,关系升温后看别人收到纪念日礼物,15,deleted,,0,模板变体、超长表达或配额外的同概念近似项
1096,关系升温后停止追问拒绝的具体理由,16,deleted,,0,模板变体、超长表达或配额外的同概念近似项
1097,关系升温后想知道有没有人喜欢自己,16,deleted,,0,模板变体、超长表达或配额外的同概念近似项
1098,关系升温后规划两个人的长期未来,15,deleted,,0,模板变体、超长表达或配额外的同概念近似项
1099,关系升温后零点发送周年祝福,13,deleted,,0,模板变体、超长表达或配额外的同概念近似项
1100,关系升温后换上成套的情侣头像,14,deleted,,0,模板变体、超长表达或配额外的同概念近似项
1101,关系升温后回答第一次恋爱是在几岁,16,deleted,,0,模板变体、超长表达或配额外的同概念近似项
1102,关系升温后经过夜晚亮灯的摩天轮,15,deleted,,0,模板变体、超长表达或配额外的同概念近似项
1103,关系升温后渴望获得稳定情感回应,15,deleted,,0,模板变体、超长表达或配额外的同概念近似项
1104,关系升温后握手协议负责成功牵手,15,deleted,,0,模板变体、超长表达或配额外的同概念近似项
1105,早读晨光里在班级起哄中偷偷脸红,15,deleted,,0,模板变体、超长表达或配额外的同概念近似项
1106,课间走廊上注意到对方紧张时攥住衣角,17,deleted,,0,模板变体、超长表达或配额外的同概念近似项
1107,课间走廊上用值日表制造一起留下的机会,18,deleted,,0,模板变体、超长表达或配额外的同概念近似项
1108,课间走廊上沿林荫道推着自行车同行,16,deleted,,0,模板变体、超长表达或配额外的同概念近似项
1109,课间走廊上把好笑的事情第一个告诉她,17,deleted,,0,模板变体、超长表达或配额外的同概念近似项
1110,课间走廊上记住六月毕业季的闷热,15,deleted,,0,模板变体、超长表达或配额外的同概念近似项
1111,课间走廊上多年后翻到泛黄的毕业照,16,deleted,,0,模板变体、超长表达或配额外的同概念近似项
1112,关系升温后认真讨论彼此的需要,14,deleted,,0,模板变体、超长表达或配额外的同概念近似项
1113,关系升温后开始主动扩大社交圈,14,compressed,开始主动扩大社交圈,9,移除时间、地点、人物或关系模板，归并到核心概念
1114,关系升温后请朋友帮忙判断好感信号,16,deleted,,0,模板变体、超长表达或配额外的同概念近似项
1115,关系升温后见面前认真选择穿搭,14,deleted,,0,模板变体、超长表达或配额外的同概念近似项
1116,关系升温后共同商量可以接受的边界,16,deleted,,0,模板变体、超长表达或配额外的同概念近似项
1117,关系升温后思考过去关系里的问题,15,deleted,,0,模板变体、超长表达或配额外的同概念近似项
1118,关系升温后工作以后才开始学习约会,16,deleted,,0,模板变体、超长表达或配额外的同概念近似项
1119,关系升温后发现朋友周末都去约会,15,deleted,,0,模板变体、超长表达或配额外的同概念近似项
1120,关系升温后被拒绝后不再继续打扰,15,deleted,,0,模板变体、超长表达或配额外的同概念近似项
1121,关系升温后把异性缘归因于颜值,14,deleted,,0,模板变体、超长表达或配额外的同概念近似项
1122,关系升温后被家人追问什么时候结婚,16,deleted,,0,模板变体、超长表达或配额外的同概念近似项
1123,关系升温后看见街边摆满情侣商品,15,deleted,,0,模板变体、超长表达或配额外的同概念近似项
1124,关系升温后每天给对方分享短视频,15,deleted,,0,模板变体、超长表达或配额外的同概念近似项
1125,关系升温后被问最长一段关系多久,15,deleted,,0,模板变体、超长表达或配额外的同概念近似项
1126,关系升温后看到桌上放着两张电影票,16,deleted,,0,模板变体、超长表达或配额外的同概念近似项
1127,关系升温后学习不靠伴侣定义完整,15,deleted,,0,模板变体、超长表达或配额外的同概念近似项
1128,关系升温后线程脱单后进入双线程,15,deleted,,0,模板变体、超长表达或配额外的同概念近似项
1129,早读晨光里交换只有两个人懂的暗号,16,deleted,,0,模板变体、超长表达或配额外的同概念近似项
1130,课间走廊上记住少年骑车时鼓起的衣摆,17,deleted,,0,模板变体、超长表达或配额外的同概念近似项
1131,课间走廊上在课程表上圈出共同的空课,17,deleted,,0,模板变体、超长表达或配额外的同概念近似项
1132,课间走廊上在校门口犹豫要不要告别,16,deleted,,0,模板变体、超长表达或配额外的同概念近似项
1133,课间走廊上聊天时等对方收拾完书包,16,deleted,,0,模板变体、超长表达或配额外的同概念近似项
1134,课间走廊上在傍晚风里听见校服摩擦声,17,deleted,,0,模板变体、超长表达或配额外的同概念近似项
1135,课间走廊上重回母校时寻找当年的座位,17,deleted,,0,模板变体、超长表达或配额外的同概念近似项
1136,关系升温后发现关系正在升温,13,deleted,,0,模板变体、超长表达或配额外的同概念近似项
1137,关系升温后期待有人一起规划周末,15,compressed,期待有人一起规划周末,10,移除时间、地点、人物或关系模板，归并到核心概念
1138,关系升温后决定不再隐藏真实心意,15,deleted,,0,模板变体、超长表达或配额外的同概念近似项
1139,关系升温后约会结束后舍不得分别,15,deleted,,0,模板变体、超长表达或配额外的同概念近似项
1140,关系升温后为越界接触认真道歉,14,deleted,,0,模板变体、超长表达或配额外的同概念近似项
1141,关系升温后接受曾经喜欢的人已走远,16,deleted,,0,模板变体、超长表达或配额外的同概念近似项
1142,关系升温后怀疑现在恋爱是否太晚,15,deleted,,0,模板变体、超长表达或配额外的同概念近似项
1143,关系升温后听见同龄人开始谈婚论嫁,16,deleted,,0,模板变体、超长表达或配额外的同概念近似项
1144,关系升温后重新建立交往边界,13,deleted,,0,模板变体、超长表达或配额外的同概念近似项
1145,关系升温后学习更坦诚地表达感受,15,deleted,,0,模板变体、超长表达或配额外的同概念近似项
1146,关系升温后参加同学婚礼独自坐一桌,16,deleted,,0,模板变体、超长表达或配额外的同概念近似项
1147,关系升温后独自度过恋爱主题节日,15,deleted,,0,模板变体、超长表达或配额外的同概念近似项
1148,关系升温后把重要聊天设置为置顶,15,deleted,,0,模板变体、超长表达或配额外的同概念近似项
1149,关系升温后猜测今年是否能够脱单,15,deleted,,0,模板变体、超长表达或配额外的同概念近似项
1150,关系升温后发现相册里只有单人照片,16,deleted,,0,模板变体、超长表达或配额外的同概念近似项
1151,关系升温后接受每个人节奏不同,14,deleted,,0,模板变体、超长表达或配额外的同概念近似项
1152,关系升温后空对象拒绝返回女朋友,15,deleted,,0,模板变体、超长表达或配额外的同概念近似项
1153,早读晨光里第一次用恋人的身份说晚安,17,deleted,,0,模板变体、超长表达或配额外的同概念近似项
1154,课间走廊上发现镜片后躲闪的目光,15,deleted,,0,模板变体、超长表达或配额外的同概念近似项
1155,课间走廊上用广播点歌传递含蓄心意,16,deleted,,0,模板变体、超长表达或配额外的同概念近似项
1156,课间走廊上在公交站陪对方等车,14,deleted,,0,模板变体、超长表达或配额外的同概念近似项
1157,课间走廊上看见她睡着后压低说话声音,17,deleted,,0,模板变体、超长表达或配额外的同概念近似项
1158,课间走廊上尝到小卖部冰汽水的甜味,16,deleted,,0,模板变体、超长表达或配额外的同概念近似项
1159,课间走廊上听见校歌突然想起喜欢的人,17,deleted,,0,模板变体、超长表达或配额外的同概念近似项
1160,关系升温后体验被人惦记的感觉,14,deleted,,0,模板变体、超长表达或配额外的同概念近似项
1161,关系升温后不再独自参加朋友聚会,15,deleted,,0,模板变体、超长表达或配额外的同概念近似项
1162,关系升温后尊重对方对追求的回应,15,deleted,,0,模板变体、超长表达或配额外的同概念近似项
1163,关系升温后等待对方发来安全到家,15,deleted,,0,模板变体、超长表达或配额外的同概念近似项
1164,关系升温后尊重对方改变主意,13,deleted,,0,模板变体、超长表达或配额外的同概念近似项
1165,关系升温后意识到自己从没被表白,15,deleted,,0,模板变体、超长表达或配额外的同概念近似项
1166,关系升温后计算自己单身了多少年,15,deleted,,0,模板变体、超长表达或配额外的同概念近似项
1167,关系升温后把自己的经历和别人比较,16,deleted,,0,模板变体、超长表达或配额外的同概念近似项
1168,关系升温后删除没有发出的解释消息,16,deleted,,0,模板变体、超长表达或配额外的同概念近似项
1169,关系升温后不再靠恋爱证明个人价值,16,deleted,,0,模板变体、超长表达或配额外的同概念近似项
1170,关系升温后听见别人叫彼此老公老婆,16,deleted,,0,模板变体、超长表达或配额外的同概念近似项
1171,关系升温后收到平台推送的情侣套餐,16,deleted,,0,模板变体、超长表达或配额外的同概念近似项
1172,关系升温后从线上聊天走到线下见面,16,deleted,,0,模板变体、超长表达或配额外的同概念近似项
1173,关系升温后面对她是不是你女朋友的追问,18,deleted,,0,模板变体、超长表达或配额外的同概念近似项
1174,关系升温后收到适合约会的地点推荐,16,deleted,,0,模板变体、超长表达或配额外的同概念近似项
1175,关系升温后允许遗憾留在过去,13,deleted,,0,模板变体、超长表达或配额外的同概念近似项
1176,关系升温后恋爱脑被当作神经网络,15,deleted,,0,模板变体、超长表达或配额外的同概念近似项
1177,早读晨光里约定毕业以后也继续联系,16,deleted,,0,模板变体、超长表达或配额外的同概念近似项
1178,课间走廊上在人群中认出那双熟悉的球鞋,18,deleted,,0,模板变体、超长表达或配额外的同概念近似项
1179,课间走廊上约定用窗台上的水杯当暗号,17,deleted,,0,模板变体、超长表达或配额外的同概念近似项
1180,课间走廊上绕远路走过两个人常走的小巷,18,deleted,,0,模板变体、超长表达或配额外的同概念近似项
1181,课间走廊上把最后一颗糖留给喜欢的人,17,deleted,,0,模板变体、超长表达或配额外的同概念近似项
1182,课间走廊上记住她经过时淡淡的洗衣粉香,18,deleted,,0,模板变体、超长表达或配额外的同概念近似项
1183,课间走廊上意识到那次挥手已经是最后一面,19,deleted,,0,模板变体、超长表达或配额外的同概念近似项
1184,关系升温后允许恋爱自然发生,13,deleted,,0,模板变体、超长表达或配额外的同概念近似项
1185,关系升温后寻找能够长期相处的人,15,deleted,,0,模板变体、超长表达或配额外的同概念近似项
1186,关系升温后把模糊关系说清楚,13,deleted,,0,模板变体、超长表达或配额外的同概念近似项
1187,关系升温后期待下一次单独见面,14,deleted,,0,模板变体、超长表达或配额外的同概念近似项
1188,关系升温后在安全感中逐渐靠近,14,deleted,,0,模板变体、超长表达或配额外的同概念近似项
1189,关系升温后不再用经历数量评价自己,16,deleted,,0,模板变体、超长表达或配额外的同概念近似项
1190,关系升温后提醒自己没有统一人生时钟,17,deleted,,0,模板变体、超长表达或配额外的同概念近似项
1191,关系升温后提醒自己不必追赶他人进度,17,deleted,,0,模板变体、超长表达或配额外的同概念近似项
1192,关系升温后把没有回复也视作答案,15,deleted,,0,模板变体、超长表达或配额外的同概念近似项
1193,关系升温后相信自己也值得被选择,15,deleted,,0,模板变体、超长表达或配额外的同概念近似项
1194,关系升温后还没有对象就开始被催婚,16,deleted,,0,模板变体、超长表达或配额外的同概念近似项
1195,关系升温后跨年倒数时想起喜欢的人,16,deleted,,0,模板变体、超长表达或配额外的同概念近似项
1196,关系升温后因为断联猜测关系是否结束,17,deleted,,0,模板变体、超长表达或配额外的同概念近似项
1197,关系升温后拒绝回答过度私人的感情问题,18,deleted,,0,模板变体、超长表达或配额外的同概念近似项
1198,关系升温后看见副驾驶放着一束花,15,deleted,,0,模板变体、超长表达或配额外的同概念近似项
1199,关系升温后相信未来仍会建立连接,15,deleted,,0,模板变体、超长表达或配额外的同概念近似项
1200,关系升温后朋友圈在图论里形成闭环,16,deleted,,0,模板变体、超长表达或配额外的同概念近似项
1201,课间走廊上和喜欢的人隔着课桌对视,16,deleted,,0,模板变体、超长表达或配额外的同概念近似项
1202,午休醒来后风吹起她额前的刘海,14,compressed,风吹起她额前的刘海,9,移除时间、地点、人物或关系模板，归并到核心概念
1203,午休醒来后递来一张折好的小纸条,15,compressed,递来一张折好的小纸条,10,移除时间、地点、人物或关系模板，归并到核心概念
1204,午休醒来后在靠窗的座位等她出现,15,compressed,在靠窗的座位等她出现,10,移除时间、地点、人物或关系模板，归并到核心概念
1205,午休醒来后把课堂笔记借给喜欢的人,16,compressed,把课堂笔记借给喜欢的人,11,移除时间、地点、人物或关系模板，归并到核心概念
1206,午休醒来后听见窗外一阵很长的蝉鸣,16,compressed,听见窗外一阵很长的蝉鸣,11,移除时间、地点、人物或关系模板，归并到核心概念
1207,午休醒来后在毕业册上写下一句祝福,16,compressed,在毕业册上写下一句祝福,11,移除时间、地点、人物或关系模板，归并到核心概念
1208,朋友突然问起时第一次确认恋爱关系,16,compressed,第一次确认恋爱关系,9,移除时间、地点、人物或关系模板，归并到核心概念
1209,朋友突然问起时终于有了稳定对象,15,compressed,终于有了稳定对象,8,移除时间、地点、人物或关系模板，归并到核心概念
1210,朋友突然问起时鼓起勇气说出喜欢,15,deleted,,0,模板变体、超长表达或配额外的同概念近似项
1211,朋友突然问起时计划第一次正式约会,16,deleted,,0,模板变体、超长表达或配额外的同概念近似项
1212,朋友突然问起时第一次牵住喜欢的人的手,18,compressed,第一次牵住喜欢的人的手,11,移除时间、地点、人物或关系模板，归并到核心概念
1213,朋友突然问起时回忆自己的第一次心动,17,deleted,,0,模板变体、超长表达或配额外的同概念近似项
1214,朋友突然问起时发现又长一岁仍然单身,17,deleted,,0,模板变体、超长表达或配额外的同概念近似项
1215,朋友突然问起时看到室友突然宣布脱单,17,deleted,,0,模板变体、超长表达或配额外的同概念近似项
1216,朋友突然问起时告白后收到明确拒绝,16,deleted,,0,模板变体、超长表达或配额外的同概念近似项
1217,朋友突然问起时担心自己的外貌没有吸引力,19,deleted,,0,模板变体、超长表达或配额外的同概念近似项
1218,朋友突然问起时收到朋友发来的婚礼请柬,18,compressed,收到朋友发来的婚礼请柬,11,移除时间、地点、人物或关系模板，归并到核心概念
1219,朋友突然问起时在情人节准备一束玫瑰,17,deleted,,0,模板变体、超长表达或配额外的同概念近似项
1220,朋友突然问起时把心动对象称作crush,19,deleted,,0,模板变体、超长表达或配额外的同概念近似项
1221,朋友突然问起时被问以前谈过几个对象,17,deleted,,0,模板变体、超长表达或配额外的同概念近似项
1222,朋友突然问起时看见电影院里的双人座,17,compressed,看见电影院里的双人座,10,移除时间、地点、人物或关系模板，归并到核心概念
1223,朋友突然问起时把恋爱视作人生进度,16,deleted,,0,模板变体、超长表达或配额外的同概念近似项
1224,朋友突然问起时面向对象时找不到对象,17,deleted,,0,模板变体、超长表达或配额外的同概念近似项
1225,课间走廊上发现同桌悄悄看向自己,15,deleted,,0,模板变体、超长表达或配额外的同概念近似项
1226,午休醒来后看见她把刘海别到耳后,15,compressed,看见她把刘海别到耳后,10,移除时间、地点、人物或关系模板，归并到核心概念
1227,午休醒来后在纸条背面写下回复,14,compressed,在纸条背面写下回复,9,移除时间、地点、人物或关系模板，归并到核心概念
1228,午休醒来后经过对方班级的教室门口,16,compressed,经过对方班级的教室门口,11,移除时间、地点、人物或关系模板，归并到核心概念
1229,午休醒来后耐心讲一道做错的题,14,compressed,耐心讲一道做错的题,9,移除时间、地点、人物或关系模板，归并到核心概念
1230,午休醒来后听见下课铃盖过没说完的话,17,compressed,听见下课铃盖过没说完的话,12,移除时间、地点、人物或关系模板，归并到核心概念
1231,午休醒来后把同学录最后一页留给她,16,compressed,把同学录最后一页留给她,11,移除时间、地点、人物或关系模板，归并到核心概念
1232,朋友突然问起时感受到双向喜欢,14,compressed,感受到双向喜欢,7,移除时间、地点、人物或关系模板，归并到核心概念
1233,朋友突然问起时介绍身边的人是另一半,17,compressed,介绍身边的人是另一半,10,移除时间、地点、人物或关系模板，归并到核心概念
1234,朋友突然问起时把暗恋写进一封信,15,deleted,,0,模板变体、超长表达或配额外的同概念近似项
1235,朋友突然问起时邀请喜欢的人一起吃饭,17,deleted,,0,模板变体、超长表达或配额外的同概念近似项
1236,朋友突然问起时得到同意后拥抱对方,16,compressed,得到同意后拥抱对方,9,移除时间、地点、人物或关系模板，归并到核心概念
1237,朋友突然问起时谈起已经结束的上一段关系,19,deleted,,0,模板变体、超长表达或配额外的同概念近似项
1238,朋友突然问起时担心毕业前没有恋爱经历,18,deleted,,0,模板变体、超长表达或配额外的同概念近似项
1239,朋友突然问起时发现聚会里只有自己单身,18,deleted,,0,模板变体、超长表达或配额外的同概念近似项
1240,朋友突然问起时听见我们还是做朋友吧,17,deleted,,0,模板变体、超长表达或配额外的同概念近似项
1241,朋友突然问起时见喜欢的人前认真整理头发,19,deleted,,0,模板变体、超长表达或配额外的同概念近似项
1242,朋友突然问起时看见恋人交换订婚戒指,17,compressed,看见恋人交换订婚戒指,10,移除时间、地点、人物或关系模板，归并到核心概念
1243,朋友突然问起时七夕预订双人晚餐,15,deleted,,0,模板变体、超长表达或配额外的同概念近似项
1244,朋友突然问起时在朋友圈正式官宣关系,17,deleted,,0,模板变体、超长表达或配额外的同概念近似项
1245,朋友突然问起时回答自己有没有恋爱经历,18,deleted,,0,模板变体、超长表达或配额外的同概念近似项
1246,朋友突然问起时路过摆满玫瑰的花店,16,compressed,路过摆满玫瑰的花店,9,移除时间、地点、人物或关系模板，归并到核心概念
1247,朋友突然问起时担心青春缺少重要体验,17,deleted,,0,模板变体、超长表达或配额外的同概念近似项
1248,朋友突然问起时对象存储突然容量不足,17,deleted,,0,模板变体、超长表达或配额外的同概念近似项
1249,课间走廊上把喜欢藏在课堂笔记里,15,deleted,,0,模板变体、超长表达或配额外的同概念近似项
1250,午休醒来后注意到阳光落在她的发梢,16,compressed,注意到阳光落在她的发梢,11,移除时间、地点、人物或关系模板，归并到核心概念
1251,午休醒来后把没送出的情书夹进书里,16,compressed,把没送出的情书夹进书里,11,移除时间、地点、人物或关系模板，归并到核心概念
1252,午休醒来后在空教室里多停留一会儿,16,compressed,在空教室里多停留一会儿,11,移除时间、地点、人物或关系模板，归并到核心概念
1253,午休醒来后一起背诵第二天要抽查的课文,18,deleted,,0,模板变体、超长表达或配额外的同概念近似项
1254,午休醒来后记住篮球落地的回声,14,compressed,记住篮球落地的回声,9,移除时间、地点、人物或关系模板，归并到核心概念
1255,午休醒来后在毕业照里悄悄站得更近,16,compressed,在毕业照里悄悄站得更近,11,移除时间、地点、人物或关系模板，归并到核心概念
1256,朋友突然问起时学会经营一段感情,15,deleted,,0,模板变体、超长表达或配额外的同概念近似项
1257,朋友突然问起时从单身状态顺利毕业,16,compressed,从单身状态顺利毕业,9,移除时间、地点、人物或关系模板，归并到核心概念
1258,朋友突然问起时试探对方是否也有好感,17,deleted,,0,模板变体、超长表达或配额外的同概念近似项
1259,朋友突然问起时挑选适合聊天的咖啡店,17,deleted,,0,模板变体、超长表达或配额外的同概念近似项
1260,朋友突然问起时在靠近前先询问意愿,16,deleted,,0,模板变体、超长表达或配额外的同概念近似项
1261,朋友突然问起时被问到过去有几次恋爱,17,deleted,,0,模板变体、超长表达或配额外的同概念近似项
1262,朋友突然问起时看着同龄人进入稳定关系,18,deleted,,0,模板变体、超长表达或配额外的同概念近似项
1263,朋友突然问起时刷到朋友晒情侣合照,16,deleted,,0,模板变体、超长表达或配额外的同概念近似项
1264,朋友突然问起时邀约连续几次没有回应,17,deleted,,0,模板变体、超长表达或配额外的同概念近似项
1265,朋友突然问起时怀疑自己不擅长聊天,16,deleted,,0,模板变体、超长表达或配额外的同概念近似项
1266,朋友突然问起时讨论以后在哪座城市生活,18,compressed,讨论以后在哪座城市生活,11,移除时间、地点、人物或关系模板，归并到核心概念
1267,朋友突然问起时在520发出含蓄告白,17,deleted,,0,模板变体、超长表达或配额外的同概念近似项
1268,朋友突然问起时和朋友一起磕一对CP,17,deleted,,0,模板变体、超长表达或配额外的同概念近似项
1269,朋友突然问起时被追问为什么一直单身,17,deleted,,0,模板变体、超长表达或配额外的同概念近似项
1270,朋友突然问起时发现饮品店推出情侣套餐,18,compressed,发现饮品店推出情侣套餐,11,移除时间、地点、人物或关系模板，归并到核心概念
1271,朋友突然问起时觉得自己落后于同龄人,17,deleted,,0,模板变体、超长表达或配额外的同概念近似项
1272,朋友突然问起时单例模式坚持保持单身,17,deleted,,0,模板变体、超长表达或配额外的同概念近似项
1273,课间走廊上借讲题的机会坐得更近,15,deleted,,0,模板变体、超长表达或配额外的同概念近似项
1274,午休醒来后记住她低头笑时的酒窝,15,compressed,记住她低头笑时的酒窝,10,移除时间、地点、人物或关系模板，归并到核心概念
1275,午休醒来后收到一封没有署名的情书,16,compressed,收到一封没有署名的情书,11,移除时间、地点、人物或关系模板，归并到核心概念
1276,午休醒来后从教学楼走廊远远看见她,16,compressed,从教学楼走廊远远看见她,11,移除时间、地点、人物或关系模板，归并到核心概念
1277,午休醒来后互相检查听写答案,13,compressed,互相检查听写答案,8,移除时间、地点、人物或关系模板，归并到核心概念
1278,午休醒来后听见广播里放过的那首歌,16,compressed,听见广播里放过的那首歌,11,移除时间、地点、人物或关系模板，归并到核心概念
1279,午休醒来后在校服背面签下名字,14,compressed,在校服背面签下名字,9,移除时间、地点、人物或关系模板，归并到核心概念
1280,朋友突然问起时拥有可以分享日常的人,17,deleted,,0,模板变体、超长表达或配额外的同概念近似项
1281,朋友突然问起时朋友介绍了合适的人,16,compressed,朋友介绍了合适的人,9,移除时间、地点、人物或关系模板，归并到核心概念
1282,朋友突然问起时主动创造单独见面的机会,18,deleted,,0,模板变体、超长表达或配额外的同概念近似项
1283,朋友突然问起时一起看期待很久的电影,17,deleted,,0,模板变体、超长表达或配额外的同概念近似项
1284,朋友突然问起时注意到对方不舒服的信号,18,deleted,,0,模板变体、超长表达或配额外的同概念近似项
1285,朋友突然问起时发现恋爱履历仍然空白,17,deleted,,0,模板变体、超长表达或配额外的同概念近似项
1286,朋友突然问起时把生日变成脱单倒计时,17,deleted,,0,模板变体、超长表达或配额外的同概念近似项
1287,朋友突然问起时听同学讨论各自的前任,17,deleted,,0,模板变体、超长表达或配额外的同概念近似项
1288,朋友突然问起时发现对方正在逐渐疏远,17,deleted,,0,模板变体、超长表达或配额外的同概念近似项
1289,朋友突然问起时面对心动对象突然紧张,17,deleted,,0,模板变体、超长表达或配额外的同概念近似项
1290,朋友突然问起时考虑要不要带对象见父母,18,compressed,考虑要不要带对象见父母,11,移除时间、地点、人物或关系模板，归并到核心概念
1291,朋友突然问起时圣诞夜邀请喜欢的人见面,18,deleted,,0,模板变体、超长表达或配额外的同概念近似项
1292,朋友突然问起时判断彼此是否处于暧昧期,18,deleted,,0,模板变体、超长表达或配额外的同概念近似项
1293,朋友突然问起时听见什么时候脱单的问题,18,deleted,,0,模板变体、超长表达或配额外的同概念近似项
1294,朋友突然问起时看见两件并排挂着的外套,18,deleted,,0,模板变体、超长表达或配额外的同概念近似项
1295,朋友突然问起时害怕永远错过亲密关系,17,deleted,,0,模板变体、超长表达或配额外的同概念近似项
1296,朋友突然问起时配对算法开始安排相亲,17,deleted,,0,模板变体、超长表达或配额外的同概念近似项
1297,课间走廊上在走廊等喜欢的人经过,15,deleted,,0,模板变体、超长表达或配额外的同概念近似项
1298,午休醒来后发现她见面前认真扎好头发,17,compressed,发现她见面前认真扎好头发,12,移除时间、地点、人物或关系模板，归并到核心概念
1299,午休醒来后在便利贴上画一颗小心心,16,compressed,在便利贴上画一颗小心心,11,移除时间、地点、人物或关系模板，归并到核心概念
1300,午休醒来后在楼梯转角意外遇见喜欢的人,18,deleted,,0,模板变体、超长表达或配额外的同概念近似项
1301,午休醒来后替对方保管暂时没收的手机,17,compressed,替对方保管暂时没收的手机,12,移除时间、地点、人物或关系模板，归并到核心概念
1302,午休醒来后看见晨光落在她的课桌上,16,compressed,看见晨光落在她的课桌上,11,移除时间、地点、人物或关系模板，归并到核心概念
1303,午休醒来后把没送出的情书带回家,15,compressed,把没送出的情书带回家,10,移除时间、地点、人物或关系模板，归并到核心概念
1304,朋友突然问起时期待稳定的情感回应,16,deleted,,0,模板变体、超长表达或配额外的同概念近似项
1305,朋友突然问起时认真思考理想伴侣,15,compressed,认真思考理想伴侣,8,移除时间、地点、人物或关系模板，归并到核心概念
1306,朋友突然问起时收到别人认真的告白,16,deleted,,0,模板变体、超长表达或配额外的同概念近似项
1307,朋友突然问起时沿着安静的小路散步,16,deleted,,0,模板变体、超长表达或配额外的同概念近似项
1308,朋友突然问起时明确拒绝后立即停止,16,deleted,,0,模板变体、超长表达或配额外的同概念近似项
1309,朋友突然问起时听对方说起难忘的初恋,17,deleted,,0,模板变体、超长表达或配额外的同概念近似项
1310,朋友突然问起时害怕错过年轻时的恋爱,17,deleted,,0,模板变体、超长表达或配额外的同概念近似项
1311,朋友突然问起时参加婚礼时被问有没有对象,19,deleted,,0,模板变体、超长表达或配额外的同概念近似项
1312,朋友突然问起时接受喜欢没有得到回应,17,deleted,,0,模板变体、超长表达或配额外的同概念近似项
1313,朋友突然问起时读不懂别人释放的好感,17,deleted,,0,模板变体、超长表达或配额外的同概念近似项
1314,朋友突然问起时从恋爱走向共同生活,16,compressed,从恋爱走向共同生活,9,移除时间、地点、人物或关系模板，归并到核心概念
1315,朋友突然问起时为恋爱纪念日挑选礼物,17,deleted,,0,模板变体、超长表达或配额外的同概念近似项
1316,朋友突然问起时讨论situationship算什么关系,27,deleted,,0,模板变体、超长表达或配额外的同概念近似项
1317,朋友突然问起时解释目前有没有喜欢的人,18,deleted,,0,模板变体、超长表达或配额外的同概念近似项
1318,朋友突然问起时注意到共享耳机的两个人,18,deleted,,0,模板变体、超长表达或配额外的同概念近似项
1319,朋友突然问起时希望成为某个人的例外,17,deleted,,0,模板变体、超长表达或配额外的同概念近似项
1320,朋友突然问起时关系数据库认真维护关系,18,deleted,,0,模板变体、超长表达或配额外的同概念近似项
1321,课间走廊上课间绕路去隔壁班门口,15,deleted,,0,模板变体、超长表达或配额外的同概念近似项
1322,午休醒来后看见她穿着宽大的校服外套,17,compressed,看见她穿着宽大的校服外套,12,移除时间、地点、人物或关系模板，归并到核心概念
1323,午休醒来后把名字写在同一张草稿纸上,17,compressed,把名字写在同一张草稿纸上,12,移除时间、地点、人物或关系模板，归并到核心概念
1324,午休醒来后绕路经过她常去的饮水机,16,compressed,绕路经过她常去的饮水机,11,移除时间、地点、人物或关系模板，归并到核心概念
1325,午休醒来后给趴在桌上的人留一盒牛奶,17,compressed,给趴在桌上的人留一盒牛奶,12,移除时间、地点、人物或关系模板，归并到核心概念
1326,午休醒来后看见晚霞穿过教学楼窗户,16,compressed,看见晚霞穿过教学楼窗户,11,移除时间、地点、人物或关系模板，归并到核心概念
1327,午休醒来后错过毕业前最后一次告白,16,compressed,错过毕业前最后一次告白,11,移除时间、地点、人物或关系模板，归并到核心概念
1328,朋友突然问起时从朋友走向恋人,14,deleted,,0,模板变体、超长表达或配额外的同概念近似项
1329,朋友突然问起时遇到愿意互相陪伴的人,17,compressed,遇到愿意互相陪伴的人,10,移除时间、地点、人物或关系模板，归并到核心概念
1330,朋友突然问起时准备一份有意义的礼物,17,deleted,,0,模板变体、超长表达或配额外的同概念近似项
1331,朋友突然问起时为两个人安排周末行程,17,deleted,,0,模板变体、超长表达或配额外的同概念近似项
1332,朋友突然问起时不把沉默误认为同意,16,deleted,,0,模板变体、超长表达或配额外的同概念近似项
1333,朋友突然问起时整理前任留下的旧物,16,deleted,,0,模板变体、超长表达或配额外的同概念近似项
1334,朋友突然问起时觉得感情进度落后别人,17,deleted,,0,模板变体、超长表达或配额外的同概念近似项
1335,朋友突然问起时看别人收到纪念日礼物,17,deleted,,0,模板变体、超长表达或配额外的同概念近似项
1336,朋友突然问起时停止追问拒绝的具体理由,18,deleted,,0,模板变体、超长表达或配额外的同概念近似项
1337,朋友突然问起时想知道有没有人喜欢自己,18,deleted,,0,模板变体、超长表达或配额外的同概念近似项
1338,朋友突然问起时规划两个人的长期未来,17,deleted,,0,模板变体、超长表达或配额外的同概念近似项
1339,朋友突然问起时零点发送周年祝福,15,deleted,,0,模板变体、超长表达或配额外的同概念近似项
1340,朋友突然问起时换上成套的情侣头像,16,deleted,,0,模板变体、超长表达或配额外的同概念近似项
1341,朋友突然问起时回答第一次恋爱是在几岁,18,deleted,,0,模板变体、超长表达或配额外的同概念近似项
1342,朋友突然问起时经过夜晚亮灯的摩天轮,17,deleted,,0,模板变体、超长表达或配额外的同概念近似项
1343,朋友突然问起时渴望获得稳定情感回应,17,deleted,,0,模板变体、超长表达或配额外的同概念近似项
1344,朋友突然问起时握手协议负责成功牵手,17,deleted,,0,模板变体、超长表达或配额外的同概念近似项
1345,课间走廊上替心动对象去小卖部带饮料,17,deleted,,0,模板变体、超长表达或配额外的同概念近似项
1346,午休醒来后认出人群里熟悉的校服衣角,17,compressed,认出人群里熟悉的校服衣角,12,移除时间、地点、人物或关系模板，归并到核心概念
1347,午休醒来后交换一根代表好感的小皮筋,17,compressed,交换一根代表好感的小皮筋,12,移除时间、地点、人物或关系模板，归并到核心概念
1348,午休醒来后在图书馆同一排书架重逢,16,compressed,在图书馆同一排书架重逢,11,移除时间、地点、人物或关系模板，归并到核心概念
1349,午休醒来后提醒喜欢的人带伞,13,compressed,提醒喜欢的人带伞,8,移除时间、地点、人物或关系模板，归并到核心概念
1350,午休醒来后记住树影在校服上轻轻晃动,17,compressed,记住树影在校服上轻轻晃动,12,移除时间、地点、人物或关系模板，归并到核心概念
1351,午休醒来后把喜欢藏进高考结束的夏天,17,compressed,把喜欢藏进高考结束的夏天,12,移除时间、地点、人物或关系模板，归并到核心概念
1352,朋友突然问起时认真讨论彼此的需要,16,deleted,,0,模板变体、超长表达或配额外的同概念近似项
1353,朋友突然问起时开始主动扩大社交圈,16,compressed,开始主动扩大社交圈,9,移除时间、地点、人物或关系模板，归并到核心概念
1354,朋友突然问起时请朋友帮忙判断好感信号,18,deleted,,0,模板变体、超长表达或配额外的同概念近似项
1355,朋友突然问起时见面前认真选择穿搭,16,deleted,,0,模板变体、超长表达或配额外的同概念近似项
1356,朋友突然问起时共同商量可以接受的边界,18,deleted,,0,模板变体、超长表达或配额外的同概念近似项
1357,朋友突然问起时思考过去关系里的问题,17,deleted,,0,模板变体、超长表达或配额外的同概念近似项
1358,朋友突然问起时工作以后才开始学习约会,18,deleted,,0,模板变体、超长表达或配额外的同概念近似项
1359,朋友突然问起时发现朋友周末都去约会,17,deleted,,0,模板变体、超长表达或配额外的同概念近似项
1360,朋友突然问起时被拒绝后不再继续打扰,17,deleted,,0,模板变体、超长表达或配额外的同概念近似项
1361,朋友突然问起时把异性缘归因于颜值,16,deleted,,0,模板变体、超长表达或配额外的同概念近似项
1362,朋友突然问起时被家人追问什么时候结婚,18,deleted,,0,模板变体、超长表达或配额外的同概念近似项
1363,朋友突然问起时看见街边摆满情侣商品,17,deleted,,0,模板变体、超长表达或配额外的同概念近似项
1364,朋友突然问起时每天给对方分享短视频,17,deleted,,0,模板变体、超长表达或配额外的同概念近似项
1365,朋友突然问起时被问最长一段关系多久,17,deleted,,0,模板变体、超长表达或配额外的同概念近似项
1366,朋友突然问起时看到桌上放着两张电影票,18,deleted,,0,模板变体、超长表达或配额外的同概念近似项
1367,朋友突然问起时学习不靠伴侣定义完整,17,deleted,,0,模板变体、超长表达或配额外的同概念近似项
1368,朋友突然问起时线程脱单后进入双线程,17,deleted,,0,模板变体、超长表达或配额外的同概念近似项
1369,课间走廊上在人群中寻找熟悉的校服背影,18,deleted,,0,模板变体、超长表达或配额外的同概念近似项
1370,午休醒来后替对方整理歪掉的校服领口,17,compressed,替对方整理歪掉的校服领口,12,移除时间、地点、人物或关系模板，归并到核心概念
1371,午休醒来后把校服第二颗纽扣留作纪念,17,compressed,把校服第二颗纽扣留作纪念,12,移除时间、地点、人物或关系模板，归并到核心概念
1372,午休醒来后在自习室替对方留一个座位,17,compressed,在自习室替对方留一个座位,12,移除时间、地点、人物或关系模板，归并到核心概念
1373,午休醒来后把自己的外套借给对方,15,compressed,把自己的外套借给对方,10,移除时间、地点、人物或关系模板，归并到核心概念
1374,午休醒来后看见雨水沿着教室玻璃滑下,17,compressed,看见雨水沿着教室玻璃滑下,12,移除时间、地点、人物或关系模板，归并到核心概念
1375,午休醒来后约定收到录取通知后再见,16,compressed,约定收到录取通知后再见,11,移除时间、地点、人物或关系模板，归并到核心概念
1376,朋友突然问起时发现关系正在升温,15,deleted,,0,模板变体、超长表达或配额外的同概念近似项
1377,朋友突然问起时期待有人一起规划周末,17,compressed,期待有人一起规划周末,10,移除时间、地点、人物或关系模板，归并到核心概念
1378,朋友突然问起时决定不再隐藏真实心意,17,deleted,,0,模板变体、超长表达或配额外的同概念近似项
1379,朋友突然问起时约会结束后舍不得分别,17,deleted,,0,模板变体、超长表达或配额外的同概念近似项
1380,朋友突然问起时为越界接触认真道歉,16,deleted,,0,模板变体、超长表达或配额外的同概念近似项
1381,朋友突然问起时接受曾经喜欢的人已走远,18,deleted,,0,模板变体、超长表达或配额外的同概念近似项
1382,朋友突然问起时怀疑现在恋爱是否太晚,17,deleted,,0,模板变体、超长表达或配额外的同概念近似项
1383,朋友突然问起时听见同龄人开始谈婚论嫁,18,deleted,,0,模板变体、超长表达或配额外的同概念近似项
1384,朋友突然问起时重新建立交往边界,15,deleted,,0,模板变体、超长表达或配额外的同概念近似项
1385,朋友突然问起时学习更坦诚地表达感受,17,deleted,,0,模板变体、超长表达或配额外的同概念近似项
1386,朋友突然问起时参加同学婚礼独自坐一桌,18,deleted,,0,模板变体、超长表达或配额外的同概念近似项
1387,朋友突然问起时独自度过恋爱主题节日,17,deleted,,0,模板变体、超长表达或配额外的同概念近似项
1388,朋友突然问起时把重要聊天设置为置顶,17,deleted,,0,模板变体、超长表达或配额外的同概念近似项
1389,朋友突然问起时猜测今年是否能够脱单,17,deleted,,0,模板变体、超长表达或配额外的同概念近似项
1390,朋友突然问起时发现相册里只有单人照片,18,deleted,,0,模板变体、超长表达或配额外的同概念近似项
1391,朋友突然问起时接受每个人节奏不同,16,deleted,,0,模板变体、超长表达或配额外的同概念近似项
1392,朋友突然问起时空对象拒绝返回女朋友,17,deleted,,0,模板变体、超长表达或配额外的同概念近似项
1393,课间走廊上放学后并肩走出校门,14,deleted,,0,模板变体、超长表达或配额外的同概念近似项
1394,午休醒来后注意到校服袖口写着名字,16,compressed,注意到校服袖口写着名字,11,移除时间、地点、人物或关系模板，归并到核心概念
1395,午休醒来后送出成对的钥匙扣,13,compressed,送出成对的钥匙扣,8,移除时间、地点、人物或关系模板，归并到核心概念
1396,午休醒来后在小卖部门口假装偶遇,15,compressed,在小卖部门口假装偶遇,10,移除时间、地点、人物或关系模板，归并到核心概念
1397,午休醒来后记住她不吃的食堂菜,14,compressed,记住她不吃的食堂菜,9,移除时间、地点、人物或关系模板，归并到核心概念
1398,午休醒来后闻到新课本混着油墨的气味,17,compressed,闻到新课本混着油墨的气味,12,移除时间、地点、人物或关系模板，归并到核心概念
1399,午休醒来后在散伙饭上忍住没说的话,16,compressed,在散伙饭上忍住没说的话,11,移除时间、地点、人物或关系模板，归并到核心概念
1400,朋友突然问起时体验被人惦记的感觉,16,deleted,,0,模板变体、超长表达或配额外的同概念近似项
1401,朋友突然问起时不再独自参加朋友聚会,17,deleted,,0,模板变体、超长表达或配额外的同概念近似项
1402,朋友突然问起时尊重对方对追求的回应,17,deleted,,0,模板变体、超长表达或配额外的同概念近似项
1403,朋友突然问起时等待对方发来安全到家,17,deleted,,0,模板变体、超长表达或配额外的同概念近似项
1404,朋友突然问起时尊重对方改变主意,15,deleted,,0,模板变体、超长表达或配额外的同概念近似项
1405,朋友突然问起时意识到自己从没被表白,17,deleted,,0,模板变体、超长表达或配额外的同概念近似项
1406,朋友突然问起时计算自己单身了多少年,17,deleted,,0,模板变体、超长表达或配额外的同概念近似项
1407,朋友突然问起时把自己的经历和别人比较,18,deleted,,0,模板变体、超长表达或配额外的同概念近似项
1408,朋友突然问起时删除没有发出的解释消息,18,deleted,,0,模板变体、超长表达或配额外的同概念近似项
1409,朋友突然问起时不再靠恋爱证明个人价值,18,deleted,,0,模板变体、超长表达或配额外的同概念近似项
1410,朋友突然问起时听见别人叫彼此老公老婆,18,deleted,,0,模板变体、超长表达或配额外的同概念近似项
1411,朋友突然问起时收到平台推送的情侣套餐,18,deleted,,0,模板变体、超长表达或配额外的同概念近似项
1412,朋友突然问起时从线上聊天走到线下见面,18,deleted,,0,模板变体、超长表达或配额外的同概念近似项
1413,朋友突然问起时面对她是不是你女朋友的追问,20,deleted,,0,模板变体、超长表达或配额外的同概念近似项
1414,朋友突然问起时收到适合约会的地点推荐,18,deleted,,0,模板变体、超长表达或配额外的同概念近似项
1415,朋友突然问起时允许遗憾留在过去,15,deleted,,0,模板变体、超长表达或配额外的同概念近似项
1416,朋友突然问起时恋爱脑被当作神经网络,17,deleted,,0,模板变体、超长表达或配额外的同概念近似项
1417,课间走廊上推着自行车陪对方慢慢走,16,deleted,,0,模板变体、超长表达或配额外的同概念近似项
1418,午休醒来后看见白衬衫被晚霞染成金色,17,compressed,看见白衬衫被晚霞染成金色,12,移除时间、地点、人物或关系模板，归并到核心概念
1419,午休醒来后互换写着祝福的书签,14,compressed,互换写着祝福的书签,9,移除时间、地点、人物或关系模板，归并到核心概念
1420,午休醒来后在食堂排队时站到她身后,16,compressed,在食堂排队时站到她身后,11,移除时间、地点、人物或关系模板，归并到核心概念
1421,午休醒来后替迟到的人悄悄留门,14,compressed,替迟到的人悄悄留门,9,移除时间、地点、人物或关系模板，归并到核心概念
1422,午休醒来后记住雨后塑胶跑道的气味,16,compressed,记住雨后塑胶跑道的气味,11,移除时间、地点、人物或关系模板，归并到核心概念
1423,午休醒来后听完最后一次校园广播,15,compressed,听完最后一次校园广播,10,移除时间、地点、人物或关系模板，归并到核心概念
1424,朋友突然问起时允许恋爱自然发生,15,deleted,,0,模板变体、超长表达或配额外的同概念近似项
1425,朋友突然问起时寻找能够长期相处的人,17,deleted,,0,模板变体、超长表达或配额外的同概念近似项
1426,朋友突然问起时把模糊关系说清楚,15,deleted,,0,模板变体、超长表达或配额外的同概念近似项
1427,朋友突然问起时期待下一次单独见面,16,deleted,,0,模板变体、超长表达或配额外的同概念近似项
1428,朋友突然问起时在安全感中逐渐靠近,16,deleted,,0,模板变体、超长表达或配额外的同概念近似项
1429,朋友突然问起时不再用经历数量评价自己,18,deleted,,0,模板变体、超长表达或配额外的同概念近似项
1430,朋友突然问起时提醒自己没有统一人生时钟,19,deleted,,0,模板变体、超长表达或配额外的同概念近似项
1431,朋友突然问起时提醒自己不必追赶他人进度,19,deleted,,0,模板变体、超长表达或配额外的同概念近似项
1432,朋友突然问起时把没有回复也视作答案,17,deleted,,0,模板变体、超长表达或配额外的同概念近似项
1433,朋友突然问起时相信自己也值得被选择,17,deleted,,0,模板变体、超长表达或配额外的同概念近似项
1434,朋友突然问起时还没有对象就开始被催婚,18,deleted,,0,模板变体、超长表达或配额外的同概念近似项
1435,朋友突然问起时跨年倒数时想起喜欢的人,18,deleted,,0,模板变体、超长表达或配额外的同概念近似项
1436,朋友突然问起时因为断联猜测关系是否结束,19,deleted,,0,模板变体、超长表达或配额外的同概念近似项
1437,朋友突然问起时拒绝回答过度私人的感情问题,20,deleted,,0,模板变体、超长表达或配额外的同概念近似项
1438,朋友突然问起时看见副驾驶放着一束花,17,deleted,,0,模板变体、超长表达或配额外的同概念近似项
1439,朋友突然问起时相信未来仍会建立连接,17,deleted,,0,模板变体、超长表达或配额外的同概念近似项
1440,朋友突然问起时朋友圈在图论里形成闭环,18,deleted,,0,模板变体、超长表达或配额外的同概念近似项
1441,课间走廊上一起等最后一班公交车,15,deleted,,0,模板变体、超长表达或配额外的同概念近似项
1442,午休醒来后发现手腕上多了一根小皮筋,17,compressed,发现手腕上多了一根小皮筋,12,移除时间、地点、人物或关系模板，归并到核心概念
1443,午休醒来后借出一支舍不得收回的笔,16,compressed,借出一支舍不得收回的笔,11,移除时间、地点、人物或关系模板，归并到核心概念
1444,午休醒来后在校园广播站等一首点歌,16,compressed,在校园广播站等一首点歌,11,移除时间、地点、人物或关系模板，归并到核心概念
1445,午休醒来后在值日时一起擦黑板,14,compressed,在值日时一起擦黑板,9,移除时间、地点、人物或关系模板，归并到核心概念
1446,午休醒来后感到共用雨伞时靠近的温度,17,compressed,感到共用雨伞时靠近的温度,12,移除时间、地点、人物或关系模板，归并到核心概念
1447,午休醒来后收拾课桌时找到旧纸条,15,compressed,收拾课桌时找到旧纸条,10,移除时间、地点、人物或关系模板，归并到核心概念
1448,一个人失眠时第一次确认恋爱关系,15,compressed,第一次确认恋爱关系,9,移除时间、地点、人物或关系模板，归并到核心概念
1449,一个人失眠时终于有了稳定对象,14,compressed,终于有了稳定对象,8,移除时间、地点、人物或关系模板，归并到核心概念
1450,一个人失眠时鼓起勇气说出喜欢,14,deleted,,0,模板变体、超长表达或配额外的同概念近似项
1451,一个人失眠时计划第一次正式约会,15,deleted,,0,模板变体、超长表达或配额外的同概念近似项
1452,一个人失眠时第一次牵住喜欢的人的手,17,compressed,第一次牵住喜欢的人的手,11,移除时间、地点、人物或关系模板，归并到核心概念
1453,一个人失眠时回忆自己的第一次心动,16,deleted,,0,模板变体、超长表达或配额外的同概念近似项
1454,一个人失眠时发现又长一岁仍然单身,16,deleted,,0,模板变体、超长表达或配额外的同概念近似项
1455,一个人失眠时看到室友突然宣布脱单,16,deleted,,0,模板变体、超长表达或配额外的同概念近似项
1456,一个人失眠时告白后收到明确拒绝,15,deleted,,0,模板变体、超长表达或配额外的同概念近似项
1457,一个人失眠时担心自己的外貌没有吸引力,18,deleted,,0,模板变体、超长表达或配额外的同概念近似项
1458,一个人失眠时收到朋友发来的婚礼请柬,17,compressed,收到朋友发来的婚礼请柬,11,移除时间、地点、人物或关系模板，归并到核心概念
1459,一个人失眠时在情人节准备一束玫瑰,16,deleted,,0,模板变体、超长表达或配额外的同概念近似项
1460,一个人失眠时把心动对象称作crush,18,deleted,,0,模板变体、超长表达或配额外的同概念近似项
1461,一个人失眠时被问以前谈过几个对象,16,deleted,,0,模板变体、超长表达或配额外的同概念近似项
1462,一个人失眠时看见电影院里的双人座,16,compressed,看见电影院里的双人座,10,移除时间、地点、人物或关系模板，归并到核心概念
1463,一个人失眠时把恋爱视作人生进度,15,deleted,,0,模板变体、超长表达或配额外的同概念近似项
1464,一个人失眠时面向对象时找不到对象,16,deleted,,0,模板变体、超长表达或配额外的同概念近似项
1465,课间走廊上约好第二天在校门口见,15,deleted,,0,模板变体、超长表达或配额外的同概念近似项
1466,午休醒来后把对方送的小皮筋戴在手腕,17,compressed,把对方送的小皮筋戴在手腕,12,移除时间、地点、人物或关系模板，归并到核心概念
1467,午休醒来后在橡皮上刻下对方的缩写,16,compressed,在橡皮上刻下对方的缩写,11,移除时间、地点、人物或关系模板，归并到核心概念
1468,午休醒来后在礼堂散场后寻找对方,15,compressed,在礼堂散场后寻找对方,10,移除时间、地点、人物或关系模板，归并到核心概念
1469,午休醒来后一起搬运动会用的桌椅,15,compressed,一起搬运动会用的桌椅,10,移除时间、地点、人物或关系模板，归并到核心概念
1470,午休醒来后记住冬天热水杯传来的暖意,17,compressed,记住冬天热水杯传来的暖意,12,移除时间、地点、人物或关系模板，归并到核心概念
1471,午休醒来后离校前再走一遍熟悉的操场,17,compressed,离校前再走一遍熟悉的操场,12,移除时间、地点、人物或关系模板，归并到核心概念
1472,一个人失眠时感受到双向喜欢,13,compressed,感受到双向喜欢,7,移除时间、地点、人物或关系模板，归并到核心概念
1473,一个人失眠时介绍身边的人是另一半,16,compressed,介绍身边的人是另一半,10,移除时间、地点、人物或关系模板，归并到核心概念
1474,一个人失眠时把暗恋写进一封信,14,deleted,,0,模板变体、超长表达或配额外的同概念近似项
1475,一个人失眠时邀请喜欢的人一起吃饭,16,deleted,,0,模板变体、超长表达或配额外的同概念近似项
1476,一个人失眠时得到同意后拥抱对方,15,compressed,得到同意后拥抱对方,9,移除时间、地点、人物或关系模板，归并到核心概念
1477,一个人失眠时谈起已经结束的上一段关系,18,deleted,,0,模板变体、超长表达或配额外的同概念近似项
1478,一个人失眠时担心毕业前没有恋爱经历,17,deleted,,0,模板变体、超长表达或配额外的同概念近似项
1479,一个人失眠时发现聚会里只有自己单身,17,deleted,,0,模板变体、超长表达或配额外的同概念近似项
1480,一个人失眠时听见我们还是做朋友吧,16,deleted,,0,模板变体、超长表达或配额外的同概念近似项
1481,一个人失眠时见喜欢的人前认真整理头发,18,deleted,,0,模板变体、超长表达或配额外的同概念近似项
1482,一个人失眠时看见恋人交换订婚戒指,16,compressed,看见恋人交换订婚戒指,10,移除时间、地点、人物或关系模板，归并到核心概念
1483,一个人失眠时七夕预订双人晚餐,14,deleted,,0,模板变体、超长表达或配额外的同概念近似项
1484,一个人失眠时在朋友圈正式官宣关系,16,deleted,,0,模板变体、超长表达或配额外的同概念近似项
1485,一个人失眠时回答自己有没有恋爱经历,17,deleted,,0,模板变体、超长表达或配额外的同概念近似项
1486,一个人失眠时路过摆满玫瑰的花店,15,compressed,路过摆满玫瑰的花店,9,移除时间、地点、人物或关系模板，归并到核心概念
1487,一个人失眠时担心青春缺少重要体验,16,deleted,,0,模板变体、超长表达或配额外的同概念近似项
1488,一个人失眠时对象存储突然容量不足,16,deleted,,0,模板变体、超长表达或配额外的同概念近似项
1489,课间走廊上在操场看台说出喜欢,14,deleted,,0,模板变体、超长表达或配额外的同概念近似项
1490,午休醒来后认出书包上新挂的钥匙扣,16,compressed,认出书包上新挂的钥匙扣,11,移除时间、地点、人物或关系模板，归并到核心概念
1491,午休醒来后把复习资料装订得整整齐齐,17,compressed,把复习资料装订得整整齐齐,12,移除时间、地点、人物或关系模板，归并到核心概念
1492,午休醒来后沿着操场跑道陪她慢慢走,16,compressed,沿着操场跑道陪她慢慢走,11,移除时间、地点、人物或关系模板，归并到核心概念
1493,午休醒来后在社团排练后帮忙收器材,16,compressed,在社团排练后帮忙收器材,11,移除时间、地点、人物或关系模板，归并到核心概念
1494,午休醒来后等春天樱花落在她肩上,15,compressed,等春天樱花落在她肩上,10,移除时间、地点、人物或关系模板，归并到核心概念
1495,午休醒来后在校门口说出以后常联系,16,compressed,在校门口说出以后常联系,11,移除时间、地点、人物或关系模板，归并到核心概念
1496,一个人失眠时学会经营一段感情,14,deleted,,0,模板变体、超长表达或配额外的同概念近似项
1497,一个人失眠时从单身状态顺利毕业,15,compressed,从单身状态顺利毕业,9,移除时间、地点、人物或关系模板，归并到核心概念
1498,一个人失眠时试探对方是否也有好感,16,deleted,,0,模板变体、超长表达或配额外的同概念近似项
1499,一个人失眠时挑选适合聊天的咖啡店,16,deleted,,0,模板变体、超长表达或配额外的同概念近似项
1500,一个人失眠时在靠近前先询问意愿,15,deleted,,0,模板变体、超长表达或配额外的同概念近似项
1501,一个人失眠时被问到过去有几次恋爱,16,deleted,,0,模板变体、超长表达或配额外的同概念近似项
1502,一个人失眠时看着同龄人进入稳定关系,17,deleted,,0,模板变体、超长表达或配额外的同概念近似项
1503,一个人失眠时刷到朋友晒情侣合照,15,deleted,,0,模板变体、超长表达或配额外的同概念近似项
1504,一个人失眠时邀约连续几次没有回应,16,deleted,,0,模板变体、超长表达或配额外的同概念近似项
1505,一个人失眠时怀疑自己不擅长聊天,15,deleted,,0,模板变体、超长表达或配额外的同概念近似项
1506,一个人失眠时讨论以后在哪座城市生活,17,compressed,讨论以后在哪座城市生活,11,移除时间、地点、人物或关系模板，归并到核心概念
1507,一个人失眠时在520发出含蓄告白,16,deleted,,0,模板变体、超长表达或配额外的同概念近似项
1508,一个人失眠时和朋友一起磕一对CP,16,deleted,,0,模板变体、超长表达或配额外的同概念近似项
1509,一个人失眠时被追问为什么一直单身,16,deleted,,0,模板变体、超长表达或配额外的同概念近似项
1510,一个人失眠时发现饮品店推出情侣套餐,17,compressed,发现饮品店推出情侣套餐,11,移除时间、地点、人物或关系模板，归并到核心概念
1511,一个人失眠时觉得自己落后于同龄人,16,deleted,,0,模板变体、超长表达或配额外的同概念近似项
1512,一个人失眠时单例模式坚持保持单身,16,deleted,,0,模板变体、超长表达或配额外的同概念近似项
1513,课间走廊上把暗恋告诉最信任的同学,16,deleted,,0,模板变体、超长表达或配额外的同概念近似项
1514,午休醒来后留意她每天更换的发卡,15,compressed,留意她每天更换的发卡,10,移除时间、地点、人物或关系模板，归并到核心概念
1515,午休醒来后在错题本角落留下鼓励,15,compressed,在错题本角落留下鼓励,10,移除时间、地点、人物或关系模板，归并到核心概念
1516,午休醒来后在篮球场边递上一瓶水,15,compressed,在篮球场边递上一瓶水,10,移除时间、地点、人物或关系模板，归并到核心概念
1517,午休醒来后为对方的比赛偷偷加油,15,compressed,为对方的比赛偷偷加油,10,移除时间、地点、人物或关系模板，归并到核心概念
1518,午休醒来后在盛夏风扇声里偷偷心动,16,compressed,在盛夏风扇声里偷偷心动,11,移除时间、地点、人物或关系模板，归并到核心概念
1519,午休醒来后目送对方坐上不同方向的车,17,compressed,目送对方坐上不同方向的车,12,移除时间、地点、人物或关系模板，归并到核心概念
1520,一个人失眠时拥有可以分享日常的人,16,deleted,,0,模板变体、超长表达或配额外的同概念近似项
1521,一个人失眠时朋友介绍了合适的人,15,compressed,朋友介绍了合适的人,9,移除时间、地点、人物或关系模板，归并到核心概念
1522,一个人失眠时主动创造单独见面的机会,17,deleted,,0,模板变体、超长表达或配额外的同概念近似项
1523,一个人失眠时一起看期待很久的电影,16,deleted,,0,模板变体、超长表达或配额外的同概念近似项
1524,一个人失眠时注意到对方不舒服的信号,17,deleted,,0,模板变体、超长表达或配额外的同概念近似项
1525,一个人失眠时发现恋爱履历仍然空白,16,deleted,,0,模板变体、超长表达或配额外的同概念近似项
1526,一个人失眠时把生日变成脱单倒计时,16,deleted,,0,模板变体、超长表达或配额外的同概念近似项
1527,一个人失眠时听同学讨论各自的前任,16,deleted,,0,模板变体、超长表达或配额外的同概念近似项
1528,一个人失眠时发现对方正在逐渐疏远,16,deleted,,0,模板变体、超长表达或配额外的同概念近似项
1529,一个人失眠时面对心动对象突然紧张,16,deleted,,0,模板变体、超长表达或配额外的同概念近似项
1530,一个人失眠时考虑要不要带对象见父母,17,compressed,考虑要不要带对象见父母,11,移除时间、地点、人物或关系模板，归并到核心概念
1531,一个人失眠时圣诞夜邀请喜欢的人见面,17,deleted,,0,模板变体、超长表达或配额外的同概念近似项
1532,一个人失眠时判断彼此是否处于暧昧期,17,deleted,,0,模板变体、超长表达或配额外的同概念近似项
1533,一个人失眠时听见什么时候脱单的问题,17,deleted,,0,模板变体、超长表达或配额外的同概念近似项
1534,一个人失眠时看见两件并排挂着的外套,17,deleted,,0,模板变体、超长表达或配额外的同概念近似项
1535,一个人失眠时害怕永远错过亲密关系,16,deleted,,0,模板变体、超长表达或配额外的同概念近似项
1536,一个人失眠时配对算法开始安排相亲,16,deleted,,0,模板变体、超长表达或配额外的同概念近似项
1537,课间走廊上收到对方认真回应的好感,16,deleted,,0,模板变体、超长表达或配额外的同概念近似项
1538,午休醒来后记住帆布鞋踩过积水的声音,17,deleted,,0,模板变体、超长表达或配额外的同概念近似项
1539,午休醒来后用同一本练习册对答案,15,deleted,,0,模板变体、超长表达或配额外的同概念近似项
1540,午休醒来后在看台最高一排并肩坐着,16,compressed,在看台最高一排并肩坐着,11,移除时间、地点、人物或关系模板，归并到核心概念
1541,午休醒来后在班级合唱时站到她旁边,16,compressed,在班级合唱时站到她旁边,11,移除时间、地点、人物或关系模板，归并到核心概念
1542,午休醒来后看秋叶堆满放学的小路,15,deleted,,0,模板变体、超长表达或配额外的同概念近似项
1543,午休醒来后发现最后一句聊天停在毕业快乐,19,deleted,,0,模板变体、超长表达或配额外的同概念近似项
1544,一个人失眠时期待稳定的情感回应,15,deleted,,0,模板变体、超长表达或配额外的同概念近似项
1545,一个人失眠时认真思考理想伴侣,14,compressed,认真思考理想伴侣,8,移除时间、地点、人物或关系模板，归并到核心概念
1546,一个人失眠时收到别人认真的告白,15,deleted,,0,模板变体、超长表达或配额外的同概念近似项
1547,一个人失眠时沿着安静的小路散步,15,deleted,,0,模板变体、超长表达或配额外的同概念近似项
1548,一个人失眠时明确拒绝后立即停止,15,deleted,,0,模板变体、超长表达或配额外的同概念近似项
1549,一个人失眠时听对方说起难忘的初恋,16,deleted,,0,模板变体、超长表达或配额外的同概念近似项
1550,一个人失眠时害怕错过年轻时的恋爱,16,deleted,,0,模板变体、超长表达或配额外的同概念近似项
1551,一个人失眠时参加婚礼时被问有没有对象,18,deleted,,0,模板变体、超长表达或配额外的同概念近似项
1552,一个人失眠时接受喜欢没有得到回应,16,deleted,,0,模板变体、超长表达或配额外的同概念近似项
1553,一个人失眠时读不懂别人释放的好感,16,deleted,,0,模板变体、超长表达或配额外的同概念近似项
1554,一个人失眠时从恋爱走向共同生活,15,compressed,从恋爱走向共同生活,9,移除时间、地点、人物或关系模板，归并到核心概念
1555,一个人失眠时为恋爱纪念日挑选礼物,16,deleted,,0,模板变体、超长表达或配额外的同概念近似项
1556,一个人失眠时讨论situationship算什么关系,26,deleted,,0,模板变体、超长表达或配额外的同概念近似项
1557,一个人失眠时解释目前有没有喜欢的人,17,deleted,,0,模板变体、超长表达或配额外的同概念近似项
1558,一个人失眠时注意到共享耳机的两个人,17,deleted,,0,模板变体、超长表达或配额外的同概念近似项
1559,一个人失眠时希望成为某个人的例外,16,deleted,,0,模板变体、超长表达或配额外的同概念近似项
1560,一个人失眠时关系数据库认真维护关系,17,deleted,,0,模板变体、超长表达或配额外的同概念近似项
1561,课间走廊上从同桌变成互相喜欢的人,16,deleted,,0,模板变体、超长表达或配额外的同概念近似项
1562,午休醒来后看见运动服背后的班级号码,17,deleted,,0,模板变体、超长表达或配额外的同概念近似项
1563,午休醒来后把借书卡藏进喜欢的书里,16,deleted,,0,模板变体、超长表达或配额外的同概念近似项
1564,午休醒来后在体育馆门口等训练结束,16,deleted,,0,模板变体、超长表达或配额外的同概念近似项
1565,午休醒来后假装随口询问周末安排,15,deleted,,0,模板变体、超长表达或配额外的同概念近似项
1566,午休醒来后在初雪那天想和她一起走,16,deleted,,0,模板变体、超长表达或配额外的同概念近似项
1567,午休醒来后因为去往不同城市慢慢失联,17,deleted,,0,模板变体、超长表达或配额外的同概念近似项
1568,一个人失眠时从朋友走向恋人,13,deleted,,0,模板变体、超长表达或配额外的同概念近似项
1569,一个人失眠时遇到愿意互相陪伴的人,16,compressed,遇到愿意互相陪伴的人,10,移除时间、地点、人物或关系模板，归并到核心概念
1570,一个人失眠时准备一份有意义的礼物,16,deleted,,0,模板变体、超长表达或配额外的同概念近似项
1571,一个人失眠时为两个人安排周末行程,16,deleted,,0,模板变体、超长表达或配额外的同概念近似项
1572,一个人失眠时不把沉默误认为同意,15,deleted,,0,模板变体、超长表达或配额外的同概念近似项
1573,一个人失眠时整理前任留下的旧物,15,deleted,,0,模板变体、超长表达或配额外的同概念近似项
1574,一个人失眠时觉得感情进度落后别人,16,deleted,,0,模板变体、超长表达或配额外的同概念近似项
1575,一个人失眠时看别人收到纪念日礼物,16,deleted,,0,模板变体、超长表达或配额外的同概念近似项
1576,一个人失眠时停止追问拒绝的具体理由,17,deleted,,0,模板变体、超长表达或配额外的同概念近似项
1577,一个人失眠时想知道有没有人喜欢自己,17,deleted,,0,模板变体、超长表达或配额外的同概念近似项
1578,一个人失眠时规划两个人的长期未来,16,deleted,,0,模板变体、超长表达或配额外的同概念近似项
1579,一个人失眠时零点发送周年祝福,14,deleted,,0,模板变体、超长表达或配额外的同概念近似项
1580,一个人失眠时换上成套的情侣头像,15,deleted,,0,模板变体、超长表达或配额外的同概念近似项
1581,一个人失眠时回答第一次恋爱是在几岁,17,deleted,,0,模板变体、超长表达或配额外的同概念近似项
1582,一个人失眠时经过夜晚亮灯的摩天轮,16,deleted,,0,模板变体、超长表达或配额外的同概念近似项
1583,一个人失眠时渴望获得稳定情感回应,16,deleted,,0,模板变体、超长表达或配额外的同概念近似项
1584,一个人失眠时握手协议负责成功牵手,16,deleted,,0,模板变体、超长表达或配额外的同概念近似项
1585,课间走廊上在班级起哄中偷偷脸红,15,deleted,,0,模板变体、超长表达或配额外的同概念近似项
1586,午休醒来后注意到对方紧张时攥住衣角,17,deleted,,0,模板变体、超长表达或配额外的同概念近似项
1587,午休醒来后用值日表制造一起留下的机会,18,deleted,,0,模板变体、超长表达或配额外的同概念近似项
1588,午休醒来后沿林荫道推着自行车同行,16,deleted,,0,模板变体、超长表达或配额外的同概念近似项
1589,午休醒来后把好笑的事情第一个告诉她,17,deleted,,0,模板变体、超长表达或配额外的同概念近似项
1590,午休醒来后记住六月毕业季的闷热,15,deleted,,0,模板变体、超长表达或配额外的同概念近似项
1591,午休醒来后多年后翻到泛黄的毕业照,16,deleted,,0,模板变体、超长表达或配额外的同概念近似项
1592,一个人失眠时认真讨论彼此的需要,15,deleted,,0,模板变体、超长表达或配额外的同概念近似项
1593,一个人失眠时开始主动扩大社交圈,15,compressed,开始主动扩大社交圈,9,移除时间、地点、人物或关系模板，归并到核心概念
1594,一个人失眠时请朋友帮忙判断好感信号,17,deleted,,0,模板变体、超长表达或配额外的同概念近似项
1595,一个人失眠时见面前认真选择穿搭,15,deleted,,0,模板变体、超长表达或配额外的同概念近似项
1596,一个人失眠时共同商量可以接受的边界,17,deleted,,0,模板变体、超长表达或配额外的同概念近似项
1597,一个人失眠时思考过去关系里的问题,16,deleted,,0,模板变体、超长表达或配额外的同概念近似项
1598,一个人失眠时工作以后才开始学习约会,17,deleted,,0,模板变体、超长表达或配额外的同概念近似项
1599,一个人失眠时发现朋友周末都去约会,16,deleted,,0,模板变体、超长表达或配额外的同概念近似项
1600,一个人失眠时被拒绝后不再继续打扰,16,deleted,,0,模板变体、超长表达或配额外的同概念近似项
1601,一个人失眠时把异性缘归因于颜值,15,deleted,,0,模板变体、超长表达或配额外的同概念近似项
1602,一个人失眠时被家人追问什么时候结婚,17,deleted,,0,模板变体、超长表达或配额外的同概念近似项
1603,一个人失眠时看见街边摆满情侣商品,16,deleted,,0,模板变体、超长表达或配额外的同概念近似项
1604,一个人失眠时每天给对方分享短视频,16,deleted,,0,模板变体、超长表达或配额外的同概念近似项
1605,一个人失眠时被问最长一段关系多久,16,deleted,,0,模板变体、超长表达或配额外的同概念近似项
1606,一个人失眠时看到桌上放着两张电影票,17,deleted,,0,模板变体、超长表达或配额外的同概念近似项
1607,一个人失眠时学习不靠伴侣定义完整,16,deleted,,0,模板变体、超长表达或配额外的同概念近似项
1608,一个人失眠时线程脱单后进入双线程,16,deleted,,0,模板变体、超长表达或配额外的同概念近似项
1609,课间走廊上交换只有两个人懂的暗号,16,deleted,,0,模板变体、超长表达或配额外的同概念近似项
1610,午休醒来后记住少年骑车时鼓起的衣摆,17,deleted,,0,模板变体、超长表达或配额外的同概念近似项
1611,午休醒来后在课程表上圈出共同的空课,17,deleted,,0,模板变体、超长表达或配额外的同概念近似项
1612,午休醒来后在校门口犹豫要不要告别,16,deleted,,0,模板变体、超长表达或配额外的同概念近似项
1613,午休醒来后聊天时等对方收拾完书包,16,deleted,,0,模板变体、超长表达或配额外的同概念近似项
1614,午休醒来后在傍晚风里听见校服摩擦声,17,deleted,,0,模板变体、超长表达或配额外的同概念近似项
1615,午休醒来后重回母校时寻找当年的座位,17,deleted,,0,模板变体、超长表达或配额外的同概念近似项
1616,一个人失眠时发现关系正在升温,14,deleted,,0,模板变体、超长表达或配额外的同概念近似项
1617,一个人失眠时期待有人一起规划周末,16,compressed,期待有人一起规划周末,10,移除时间、地点、人物或关系模板，归并到核心概念
1618,一个人失眠时决定不再隐藏真实心意,16,deleted,,0,模板变体、超长表达或配额外的同概念近似项
1619,一个人失眠时约会结束后舍不得分别,16,deleted,,0,模板变体、超长表达或配额外的同概念近似项
1620,一个人失眠时为越界接触认真道歉,15,deleted,,0,模板变体、超长表达或配额外的同概念近似项
1621,一个人失眠时接受曾经喜欢的人已走远,17,deleted,,0,模板变体、超长表达或配额外的同概念近似项
1622,一个人失眠时怀疑现在恋爱是否太晚,16,deleted,,0,模板变体、超长表达或配额外的同概念近似项
1623,一个人失眠时听见同龄人开始谈婚论嫁,17,deleted,,0,模板变体、超长表达或配额外的同概念近似项
1624,一个人失眠时重新建立交往边界,14,deleted,,0,模板变体、超长表达或配额外的同概念近似项
1625,一个人失眠时学习更坦诚地表达感受,16,deleted,,0,模板变体、超长表达或配额外的同概念近似项
1626,一个人失眠时参加同学婚礼独自坐一桌,17,deleted,,0,模板变体、超长表达或配额外的同概念近似项
1627,一个人失眠时独自度过恋爱主题节日,16,deleted,,0,模板变体、超长表达或配额外的同概念近似项
1628,一个人失眠时把重要聊天设置为置顶,16,deleted,,0,模板变体、超长表达或配额外的同概念近似项
1629,一个人失眠时猜测今年是否能够脱单,16,deleted,,0,模板变体、超长表达或配额外的同概念近似项
1630,一个人失眠时发现相册里只有单人照片,17,deleted,,0,模板变体、超长表达或配额外的同概念近似项
1631,一个人失眠时接受每个人节奏不同,15,deleted,,0,模板变体、超长表达或配额外的同概念近似项
1632,一个人失眠时空对象拒绝返回女朋友,16,deleted,,0,模板变体、超长表达或配额外的同概念近似项
1633,课间走廊上第一次用恋人的身份说晚安,17,deleted,,0,模板变体、超长表达或配额外的同概念近似项
1634,午休醒来后发现镜片后躲闪的目光,15,deleted,,0,模板变体、超长表达或配额外的同概念近似项
1635,午休醒来后用广播点歌传递含蓄心意,16,deleted,,0,模板变体、超长表达或配额外的同概念近似项
1636,午休醒来后在公交站陪对方等车,14,deleted,,0,模板变体、超长表达或配额外的同概念近似项
1637,午休醒来后看见她睡着后压低说话声音,17,deleted,,0,模板变体、超长表达或配额外的同概念近似项
1638,午休醒来后尝到小卖部冰汽水的甜味,16,deleted,,0,模板变体、超长表达或配额外的同概念近似项
1639,午休醒来后听见校歌突然想起喜欢的人,17,deleted,,0,模板变体、超长表达或配额外的同概念近似项
1640,一个人失眠时体验被人惦记的感觉,15,deleted,,0,模板变体、超长表达或配额外的同概念近似项
1641,一个人失眠时不再独自参加朋友聚会,16,deleted,,0,模板变体、超长表达或配额外的同概念近似项
1642,一个人失眠时尊重对方对追求的回应,16,deleted,,0,模板变体、超长表达或配额外的同概念近似项
1643,一个人失眠时等待对方发来安全到家,16,deleted,,0,模板变体、超长表达或配额外的同概念近似项
1644,一个人失眠时尊重对方改变主意,14,deleted,,0,模板变体、超长表达或配额外的同概念近似项
1645,一个人失眠时意识到自己从没被表白,16,deleted,,0,模板变体、超长表达或配额外的同概念近似项
1646,一个人失眠时计算自己单身了多少年,16,deleted,,0,模板变体、超长表达或配额外的同概念近似项
1647,一个人失眠时把自己的经历和别人比较,17,deleted,,0,模板变体、超长表达或配额外的同概念近似项
1648,一个人失眠时删除没有发出的解释消息,17,deleted,,0,模板变体、超长表达或配额外的同概念近似项
1649,一个人失眠时不再靠恋爱证明个人价值,17,deleted,,0,模板变体、超长表达或配额外的同概念近似项
1650,一个人失眠时听见别人叫彼此老公老婆,17,deleted,,0,模板变体、超长表达或配额外的同概念近似项
1651,一个人失眠时收到平台推送的情侣套餐,17,deleted,,0,模板变体、超长表达或配额外的同概念近似项
1652,一个人失眠时从线上聊天走到线下见面,17,deleted,,0,模板变体、超长表达或配额外的同概念近似项
1653,一个人失眠时面对她是不是你女朋友的追问,19,deleted,,0,模板变体、超长表达或配额外的同概念近似项
1654,一个人失眠时收到适合约会的地点推荐,17,deleted,,0,模板变体、超长表达或配额外的同概念近似项
1655,一个人失眠时允许遗憾留在过去,14,deleted,,0,模板变体、超长表达或配额外的同概念近似项
1656,一个人失眠时恋爱脑被当作神经网络,16,deleted,,0,模板变体、超长表达或配额外的同概念近似项
1657,课间走廊上约定毕业以后也继续联系,16,deleted,,0,模板变体、超长表达或配额外的同概念近似项
1658,午休醒来后在人群中认出那双熟悉的球鞋,18,deleted,,0,模板变体、超长表达或配额外的同概念近似项
1659,午休醒来后约定用窗台上的水杯当暗号,17,deleted,,0,模板变体、超长表达或配额外的同概念近似项
1660,午休醒来后绕远路走过两个人常走的小巷,18,deleted,,0,模板变体、超长表达或配额外的同概念近似项
1661,午休醒来后把最后一颗糖留给喜欢的人,17,deleted,,0,模板变体、超长表达或配额外的同概念近似项
1662,午休醒来后记住她经过时淡淡的洗衣粉香,18,deleted,,0,模板变体、超长表达或配额外的同概念近似项
1663,午休醒来后意识到那次挥手已经是最后一面,19,deleted,,0,模板变体、超长表达或配额外的同概念近似项
1664,一个人失眠时允许恋爱自然发生,14,deleted,,0,模板变体、超长表达或配额外的同概念近似项
1665,一个人失眠时寻找能够长期相处的人,16,deleted,,0,模板变体、超长表达或配额外的同概念近似项
1666,一个人失眠时把模糊关系说清楚,14,deleted,,0,模板变体、超长表达或配额外的同概念近似项
1667,一个人失眠时期待下一次单独见面,15,deleted,,0,模板变体、超长表达或配额外的同概念近似项
1668,一个人失眠时在安全感中逐渐靠近,15,deleted,,0,模板变体、超长表达或配额外的同概念近似项
1669,一个人失眠时不再用经历数量评价自己,17,deleted,,0,模板变体、超长表达或配额外的同概念近似项
1670,一个人失眠时提醒自己没有统一人生时钟,18,deleted,,0,模板变体、超长表达或配额外的同概念近似项
1671,一个人失眠时提醒自己不必追赶他人进度,18,deleted,,0,模板变体、超长表达或配额外的同概念近似项
1672,一个人失眠时把没有回复也视作答案,16,deleted,,0,模板变体、超长表达或配额外的同概念近似项
1673,一个人失眠时相信自己也值得被选择,16,deleted,,0,模板变体、超长表达或配额外的同概念近似项
1674,一个人失眠时还没有对象就开始被催婚,17,deleted,,0,模板变体、超长表达或配额外的同概念近似项
1675,一个人失眠时跨年倒数时想起喜欢的人,17,deleted,,0,模板变体、超长表达或配额外的同概念近似项
1676,一个人失眠时因为断联猜测关系是否结束,18,deleted,,0,模板变体、超长表达或配额外的同概念近似项
1677,一个人失眠时拒绝回答过度私人的感情问题,19,deleted,,0,模板变体、超长表达或配额外的同概念近似项
1678,一个人失眠时看见副驾驶放着一束花,16,deleted,,0,模板变体、超长表达或配额外的同概念近似项
1679,一个人失眠时相信未来仍会建立连接,16,deleted,,0,模板变体、超长表达或配额外的同概念近似项
1680,一个人失眠时朋友圈在图论里形成闭环,17,deleted,,0,模板变体、超长表达或配额外的同概念近似项
1681,午休醒来后和喜欢的人隔着课桌对视,16,deleted,,0,模板变体、超长表达或配额外的同概念近似项
1682,体育课自由活动时风吹起她额前的刘海,17,compressed,风吹起她额前的刘海,9,移除时间、地点、人物或关系模板，归并到核心概念
1683,体育课自由活动时递来一张折好的小纸条,18,compressed,递来一张折好的小纸条,10,移除时间、地点、人物或关系模板，归并到核心概念
1684,体育课自由活动时在靠窗的座位等她出现,18,compressed,在靠窗的座位等她出现,10,移除时间、地点、人物或关系模板，归并到核心概念
1685,体育课自由活动时把课堂笔记借给喜欢的人,19,compressed,把课堂笔记借给喜欢的人,11,移除时间、地点、人物或关系模板，归并到核心概念
1686,体育课自由活动时听见窗外一阵很长的蝉鸣,19,compressed,听见窗外一阵很长的蝉鸣,11,移除时间、地点、人物或关系模板，归并到核心概念
1687,体育课自由活动时在毕业册上写下一句祝福,19,compressed,在毕业册上写下一句祝福,11,移除时间、地点、人物或关系模板，归并到核心概念
1688,周末单独见面时第一次确认恋爱关系,16,compressed,第一次确认恋爱关系,9,移除时间、地点、人物或关系模板，归并到核心概念
1689,周末单独见面时终于有了稳定对象,15,compressed,终于有了稳定对象,8,移除时间、地点、人物或关系模板，归并到核心概念
1690,周末单独见面时鼓起勇气说出喜欢,15,deleted,,0,模板变体、超长表达或配额外的同概念近似项
1691,周末单独见面时计划第一次正式约会,16,deleted,,0,模板变体、超长表达或配额外的同概念近似项
1692,周末单独见面时第一次牵住喜欢的人的手,18,compressed,第一次牵住喜欢的人的手,11,移除时间、地点、人物或关系模板，归并到核心概念
1693,周末单独见面时回忆自己的第一次心动,17,deleted,,0,模板变体、超长表达或配额外的同概念近似项
1694,周末单独见面时发现又长一岁仍然单身,17,deleted,,0,模板变体、超长表达或配额外的同概念近似项
1695,周末单独见面时看到室友突然宣布脱单,17,deleted,,0,模板变体、超长表达或配额外的同概念近似项
1696,周末单独见面时告白后收到明确拒绝,16,deleted,,0,模板变体、超长表达或配额外的同概念近似项
1697,周末单独见面时担心自己的外貌没有吸引力,19,deleted,,0,模板变体、超长表达或配额外的同概念近似项
1698,周末单独见面时收到朋友发来的婚礼请柬,18,compressed,收到朋友发来的婚礼请柬,11,移除时间、地点、人物或关系模板，归并到核心概念
1699,周末单独见面时在情人节准备一束玫瑰,17,deleted,,0,模板变体、超长表达或配额外的同概念近似项
1700,周末单独见面时把心动对象称作crush,19,deleted,,0,模板变体、超长表达或配额外的同概念近似项
1701,周末单独见面时被问以前谈过几个对象,17,deleted,,0,模板变体、超长表达或配额外的同概念近似项
1702,周末单独见面时看见电影院里的双人座,17,compressed,看见电影院里的双人座,10,移除时间、地点、人物或关系模板，归并到核心概念
1703,周末单独见面时把恋爱视作人生进度,16,deleted,,0,模板变体、超长表达或配额外的同概念近似项
1704,周末单独见面时面向对象时找不到对象,17,deleted,,0,模板变体、超长表达或配额外的同概念近似项
1705,午休醒来后发现同桌悄悄看向自己,15,deleted,,0,模板变体、超长表达或配额外的同概念近似项
1706,体育课自由活动时看见她把刘海别到耳后,18,compressed,看见她把刘海别到耳后,10,移除时间、地点、人物或关系模板，归并到核心概念
1707,体育课自由活动时在纸条背面写下回复,17,compressed,在纸条背面写下回复,9,移除时间、地点、人物或关系模板，归并到核心概念
1708,体育课自由活动时经过对方班级的教室门口,19,compressed,经过对方班级的教室门口,11,移除时间、地点、人物或关系模板，归并到核心概念
1709,体育课自由活动时耐心讲一道做错的题,17,compressed,耐心讲一道做错的题,9,移除时间、地点、人物或关系模板，归并到核心概念
1710,体育课自由活动时听见下课铃盖过没说完的话,20,compressed,听见下课铃盖过没说完的话,12,移除时间、地点、人物或关系模板，归并到核心概念
1711,体育课自由活动时把同学录最后一页留给她,19,compressed,把同学录最后一页留给她,11,移除时间、地点、人物或关系模板，归并到核心概念
1712,周末单独见面时感受到双向喜欢,14,compressed,感受到双向喜欢,7,移除时间、地点、人物或关系模板，归并到核心概念
1713,周末单独见面时介绍身边的人是另一半,17,compressed,介绍身边的人是另一半,10,移除时间、地点、人物或关系模板，归并到核心概念
1714,周末单独见面时把暗恋写进一封信,15,deleted,,0,模板变体、超长表达或配额外的同概念近似项
1715,周末单独见面时邀请喜欢的人一起吃饭,17,deleted,,0,模板变体、超长表达或配额外的同概念近似项
1716,周末单独见面时得到同意后拥抱对方,16,compressed,得到同意后拥抱对方,9,移除时间、地点、人物或关系模板，归并到核心概念
1717,周末单独见面时谈起已经结束的上一段关系,19,deleted,,0,模板变体、超长表达或配额外的同概念近似项
1718,周末单独见面时担心毕业前没有恋爱经历,18,deleted,,0,模板变体、超长表达或配额外的同概念近似项
1719,周末单独见面时发现聚会里只有自己单身,18,deleted,,0,模板变体、超长表达或配额外的同概念近似项
1720,周末单独见面时听见我们还是做朋友吧,17,deleted,,0,模板变体、超长表达或配额外的同概念近似项
1721,周末单独见面时见喜欢的人前认真整理头发,19,deleted,,0,模板变体、超长表达或配额外的同概念近似项
1722,周末单独见面时看见恋人交换订婚戒指,17,compressed,看见恋人交换订婚戒指,10,移除时间、地点、人物或关系模板，归并到核心概念
1723,周末单独见面时七夕预订双人晚餐,15,deleted,,0,模板变体、超长表达或配额外的同概念近似项
1724,周末单独见面时在朋友圈正式官宣关系,17,deleted,,0,模板变体、超长表达或配额外的同概念近似项
1725,周末单独见面时回答自己有没有恋爱经历,18,deleted,,0,模板变体、超长表达或配额外的同概念近似项
1726,周末单独见面时路过摆满玫瑰的花店,16,compressed,路过摆满玫瑰的花店,9,移除时间、地点、人物或关系模板，归并到核心概念
1727,周末单独见面时担心青春缺少重要体验,17,deleted,,0,模板变体、超长表达或配额外的同概念近似项
1728,周末单独见面时对象存储突然容量不足,17,deleted,,0,模板变体、超长表达或配额外的同概念近似项
1729,午休醒来后把喜欢藏在课堂笔记里,15,deleted,,0,模板变体、超长表达或配额外的同概念近似项
1730,体育课自由活动时注意到阳光落在她的发梢,19,compressed,注意到阳光落在她的发梢,11,移除时间、地点、人物或关系模板，归并到核心概念
1731,体育课自由活动时把没送出的情书夹进书里,19,compressed,把没送出的情书夹进书里,11,移除时间、地点、人物或关系模板，归并到核心概念
1732,体育课自由活动时在空教室里多停留一会儿,19,compressed,在空教室里多停留一会儿,11,移除时间、地点、人物或关系模板，归并到核心概念
1733,体育课自由活动时一起背诵第二天要抽查的课文,21,deleted,,0,模板变体、超长表达或配额外的同概念近似项
1734,体育课自由活动时记住篮球落地的回声,17,compressed,记住篮球落地的回声,9,移除时间、地点、人物或关系模板，归并到核心概念
1735,体育课自由活动时在毕业照里悄悄站得更近,19,compressed,在毕业照里悄悄站得更近,11,移除时间、地点、人物或关系模板，归并到核心概念
1736,周末单独见面时学会经营一段感情,15,deleted,,0,模板变体、超长表达或配额外的同概念近似项
1737,周末单独见面时从单身状态顺利毕业,16,compressed,从单身状态顺利毕业,9,移除时间、地点、人物或关系模板，归并到核心概念
1738,周末单独见面时试探对方是否也有好感,17,deleted,,0,模板变体、超长表达或配额外的同概念近似项
1739,周末单独见面时挑选适合聊天的咖啡店,17,deleted,,0,模板变体、超长表达或配额外的同概念近似项
1740,周末单独见面时在靠近前先询问意愿,16,deleted,,0,模板变体、超长表达或配额外的同概念近似项
1741,周末单独见面时被问到过去有几次恋爱,17,deleted,,0,模板变体、超长表达或配额外的同概念近似项
1742,周末单独见面时看着同龄人进入稳定关系,18,deleted,,0,模板变体、超长表达或配额外的同概念近似项
1743,周末单独见面时刷到朋友晒情侣合照,16,deleted,,0,模板变体、超长表达或配额外的同概念近似项
1744,周末单独见面时邀约连续几次没有回应,17,deleted,,0,模板变体、超长表达或配额外的同概念近似项
1745,周末单独见面时怀疑自己不擅长聊天,16,deleted,,0,模板变体、超长表达或配额外的同概念近似项
1746,周末单独见面时讨论以后在哪座城市生活,18,compressed,讨论以后在哪座城市生活,11,移除时间、地点、人物或关系模板，归并到核心概念
1747,周末单独见面时在520发出含蓄告白,17,deleted,,0,模板变体、超长表达或配额外的同概念近似项
1748,周末单独见面时和朋友一起磕一对CP,17,deleted,,0,模板变体、超长表达或配额外的同概念近似项
1749,周末单独见面时被追问为什么一直单身,17,deleted,,0,模板变体、超长表达或配额外的同概念近似项
1750,周末单独见面时发现饮品店推出情侣套餐,18,compressed,发现饮品店推出情侣套餐,11,移除时间、地点、人物或关系模板，归并到核心概念
1751,周末单独见面时觉得自己落后于同龄人,17,deleted,,0,模板变体、超长表达或配额外的同概念近似项
1752,周末单独见面时单例模式坚持保持单身,17,deleted,,0,模板变体、超长表达或配额外的同概念近似项
1753,午休醒来后借讲题的机会坐得更近,15,deleted,,0,模板变体、超长表达或配额外的同概念近似项
1754,体育课自由活动时记住她低头笑时的酒窝,18,compressed,记住她低头笑时的酒窝,10,移除时间、地点、人物或关系模板，归并到核心概念
1755,体育课自由活动时收到一封没有署名的情书,19,compressed,收到一封没有署名的情书,11,移除时间、地点、人物或关系模板，归并到核心概念
1756,体育课自由活动时从教学楼走廊远远看见她,19,compressed,从教学楼走廊远远看见她,11,移除时间、地点、人物或关系模板，归并到核心概念
1757,体育课自由活动时互相检查听写答案,16,compressed,互相检查听写答案,8,移除时间、地点、人物或关系模板，归并到核心概念
1758,体育课自由活动时听见广播里放过的那首歌,19,compressed,听见广播里放过的那首歌,11,移除时间、地点、人物或关系模板，归并到核心概念
1759,体育课自由活动时在校服背面签下名字,17,compressed,在校服背面签下名字,9,移除时间、地点、人物或关系模板，归并到核心概念
1760,周末单独见面时拥有可以分享日常的人,17,deleted,,0,模板变体、超长表达或配额外的同概念近似项
1761,周末单独见面时朋友介绍了合适的人,16,compressed,朋友介绍了合适的人,9,移除时间、地点、人物或关系模板，归并到核心概念
1762,周末单独见面时主动创造单独见面的机会,18,deleted,,0,模板变体、超长表达或配额外的同概念近似项
1763,周末单独见面时一起看期待很久的电影,17,deleted,,0,模板变体、超长表达或配额外的同概念近似项
1764,周末单独见面时注意到对方不舒服的信号,18,deleted,,0,模板变体、超长表达或配额外的同概念近似项
1765,周末单独见面时发现恋爱履历仍然空白,17,deleted,,0,模板变体、超长表达或配额外的同概念近似项
1766,周末单独见面时把生日变成脱单倒计时,17,deleted,,0,模板变体、超长表达或配额外的同概念近似项
1767,周末单独见面时听同学讨论各自的前任,17,deleted,,0,模板变体、超长表达或配额外的同概念近似项
1768,周末单独见面时发现对方正在逐渐疏远,17,deleted,,0,模板变体、超长表达或配额外的同概念近似项
1769,周末单独见面时面对心动对象突然紧张,17,deleted,,0,模板变体、超长表达或配额外的同概念近似项
1770,周末单独见面时考虑要不要带对象见父母,18,compressed,考虑要不要带对象见父母,11,移除时间、地点、人物或关系模板，归并到核心概念
1771,周末单独见面时圣诞夜邀请喜欢的人见面,18,deleted,,0,模板变体、超长表达或配额外的同概念近似项
1772,周末单独见面时判断彼此是否处于暧昧期,18,deleted,,0,模板变体、超长表达或配额外的同概念近似项
1773,周末单独见面时听见什么时候脱单的问题,18,deleted,,0,模板变体、超长表达或配额外的同概念近似项
1774,周末单独见面时看见两件并排挂着的外套,18,deleted,,0,模板变体、超长表达或配额外的同概念近似项
1775,周末单独见面时害怕永远错过亲密关系,17,deleted,,0,模板变体、超长表达或配额外的同概念近似项
1776,周末单独见面时配对算法开始安排相亲,17,deleted,,0,模板变体、超长表达或配额外的同概念近似项
1777,午休醒来后在走廊等喜欢的人经过,15,deleted,,0,模板变体、超长表达或配额外的同概念近似项
1778,体育课自由活动时发现她见面前认真扎好头发,20,compressed,发现她见面前认真扎好头发,12,移除时间、地点、人物或关系模板，归并到核心概念
1779,体育课自由活动时在便利贴上画一颗小心心,19,compressed,在便利贴上画一颗小心心,11,移除时间、地点、人物或关系模板，归并到核心概念
1780,体育课自由活动时在楼梯转角意外遇见喜欢的人,21,deleted,,0,模板变体、超长表达或配额外的同概念近似项
1781,体育课自由活动时替对方保管暂时没收的手机,20,compressed,替对方保管暂时没收的手机,12,移除时间、地点、人物或关系模板，归并到核心概念
1782,体育课自由活动时看见晨光落在她的课桌上,19,compressed,看见晨光落在她的课桌上,11,移除时间、地点、人物或关系模板，归并到核心概念
1783,体育课自由活动时把没送出的情书带回家,18,compressed,把没送出的情书带回家,10,移除时间、地点、人物或关系模板，归并到核心概念
1784,周末单独见面时期待稳定的情感回应,16,deleted,,0,模板变体、超长表达或配额外的同概念近似项
1785,周末单独见面时认真思考理想伴侣,15,compressed,认真思考理想伴侣,8,移除时间、地点、人物或关系模板，归并到核心概念
1786,周末单独见面时收到别人认真的告白,16,deleted,,0,模板变体、超长表达或配额外的同概念近似项
1787,周末单独见面时沿着安静的小路散步,16,deleted,,0,模板变体、超长表达或配额外的同概念近似项
1788,周末单独见面时明确拒绝后立即停止,16,deleted,,0,模板变体、超长表达或配额外的同概念近似项
1789,周末单独见面时听对方说起难忘的初恋,17,deleted,,0,模板变体、超长表达或配额外的同概念近似项
1790,周末单独见面时害怕错过年轻时的恋爱,17,deleted,,0,模板变体、超长表达或配额外的同概念近似项
1791,周末单独见面时参加婚礼时被问有没有对象,19,deleted,,0,模板变体、超长表达或配额外的同概念近似项
1792,周末单独见面时接受喜欢没有得到回应,17,deleted,,0,模板变体、超长表达或配额外的同概念近似项
1793,周末单独见面时读不懂别人释放的好感,17,deleted,,0,模板变体、超长表达或配额外的同概念近似项
1794,周末单独见面时从恋爱走向共同生活,16,compressed,从恋爱走向共同生活,9,移除时间、地点、人物或关系模板，归并到核心概念
1795,周末单独见面时为恋爱纪念日挑选礼物,17,deleted,,0,模板变体、超长表达或配额外的同概念近似项
1796,周末单独见面时讨论situationship算什么关系,27,deleted,,0,模板变体、超长表达或配额外的同概念近似项
1797,周末单独见面时解释目前有没有喜欢的人,18,deleted,,0,模板变体、超长表达或配额外的同概念近似项
1798,周末单独见面时注意到共享耳机的两个人,18,deleted,,0,模板变体、超长表达或配额外的同概念近似项
1799,周末单独见面时希望成为某个人的例外,17,deleted,,0,模板变体、超长表达或配额外的同概念近似项
1800,周末单独见面时关系数据库认真维护关系,18,deleted,,0,模板变体、超长表达或配额外的同概念近似项
1801,午休醒来后课间绕路去隔壁班门口,15,deleted,,0,模板变体、超长表达或配额外的同概念近似项
1802,体育课自由活动时看见她穿着宽大的校服外套,20,compressed,看见她穿着宽大的校服外套,12,移除时间、地点、人物或关系模板，归并到核心概念
1803,体育课自由活动时把名字写在同一张草稿纸上,20,compressed,把名字写在同一张草稿纸上,12,移除时间、地点、人物或关系模板，归并到核心概念
1804,体育课自由活动时绕路经过她常去的饮水机,19,compressed,绕路经过她常去的饮水机,11,移除时间、地点、人物或关系模板，归并到核心概念
1805,体育课自由活动时给趴在桌上的人留一盒牛奶,20,compressed,给趴在桌上的人留一盒牛奶,12,移除时间、地点、人物或关系模板，归并到核心概念
1806,体育课自由活动时看见晚霞穿过教学楼窗户,19,compressed,看见晚霞穿过教学楼窗户,11,移除时间、地点、人物或关系模板，归并到核心概念
1807,体育课自由活动时错过毕业前最后一次告白,19,compressed,错过毕业前最后一次告白,11,移除时间、地点、人物或关系模板，归并到核心概念
1808,周末单独见面时从朋友走向恋人,14,deleted,,0,模板变体、超长表达或配额外的同概念近似项
1809,周末单独见面时遇到愿意互相陪伴的人,17,compressed,遇到愿意互相陪伴的人,10,移除时间、地点、人物或关系模板，归并到核心概念
1810,周末单独见面时准备一份有意义的礼物,17,deleted,,0,模板变体、超长表达或配额外的同概念近似项
1811,周末单独见面时为两个人安排周末行程,17,deleted,,0,模板变体、超长表达或配额外的同概念近似项
1812,周末单独见面时不把沉默误认为同意,16,deleted,,0,模板变体、超长表达或配额外的同概念近似项
1813,周末单独见面时整理前任留下的旧物,16,deleted,,0,模板变体、超长表达或配额外的同概念近似项
1814,周末单独见面时觉得感情进度落后别人,17,deleted,,0,模板变体、超长表达或配额外的同概念近似项
1815,周末单独见面时看别人收到纪念日礼物,17,deleted,,0,模板变体、超长表达或配额外的同概念近似项
1816,周末单独见面时停止追问拒绝的具体理由,18,deleted,,0,模板变体、超长表达或配额外的同概念近似项
1817,周末单独见面时想知道有没有人喜欢自己,18,deleted,,0,模板变体、超长表达或配额外的同概念近似项
1818,周末单独见面时规划两个人的长期未来,17,deleted,,0,模板变体、超长表达或配额外的同概念近似项
1819,周末单独见面时零点发送周年祝福,15,deleted,,0,模板变体、超长表达或配额外的同概念近似项
1820,周末单独见面时换上成套的情侣头像,16,deleted,,0,模板变体、超长表达或配额外的同概念近似项
1821,周末单独见面时回答第一次恋爱是在几岁,18,deleted,,0,模板变体、超长表达或配额外的同概念近似项
1822,周末单独见面时经过夜晚亮灯的摩天轮,17,deleted,,0,模板变体、超长表达或配额外的同概念近似项
1823,周末单独见面时渴望获得稳定情感回应,17,deleted,,0,模板变体、超长表达或配额外的同概念近似项
1824,周末单独见面时握手协议负责成功牵手,17,deleted,,0,模板变体、超长表达或配额外的同概念近似项
1825,午休醒来后替心动对象去小卖部带饮料,17,deleted,,0,模板变体、超长表达或配额外的同概念近似项
1826,体育课自由活动时认出人群里熟悉的校服衣角,20,compressed,认出人群里熟悉的校服衣角,12,移除时间、地点、人物或关系模板，归并到核心概念
1827,体育课自由活动时交换一根代表好感的小皮筋,20,compressed,交换一根代表好感的小皮筋,12,移除时间、地点、人物或关系模板，归并到核心概念
1828,体育课自由活动时在图书馆同一排书架重逢,19,compressed,在图书馆同一排书架重逢,11,移除时间、地点、人物或关系模板，归并到核心概念
1829,体育课自由活动时提醒喜欢的人带伞,16,compressed,提醒喜欢的人带伞,8,移除时间、地点、人物或关系模板，归并到核心概念
1830,体育课自由活动时记住树影在校服上轻轻晃动,20,compressed,记住树影在校服上轻轻晃动,12,移除时间、地点、人物或关系模板，归并到核心概念
1831,体育课自由活动时把喜欢藏进高考结束的夏天,20,compressed,把喜欢藏进高考结束的夏天,12,移除时间、地点、人物或关系模板，归并到核心概念
1832,周末单独见面时认真讨论彼此的需要,16,deleted,,0,模板变体、超长表达或配额外的同概念近似项
1833,周末单独见面时开始主动扩大社交圈,16,compressed,开始主动扩大社交圈,9,移除时间、地点、人物或关系模板，归并到核心概念
1834,周末单独见面时请朋友帮忙判断好感信号,18,deleted,,0,模板变体、超长表达或配额外的同概念近似项
1835,周末单独见面时见面前认真选择穿搭,16,deleted,,0,模板变体、超长表达或配额外的同概念近似项
1836,周末单独见面时共同商量可以接受的边界,18,deleted,,0,模板变体、超长表达或配额外的同概念近似项
1837,周末单独见面时思考过去关系里的问题,17,deleted,,0,模板变体、超长表达或配额外的同概念近似项
1838,周末单独见面时工作以后才开始学习约会,18,deleted,,0,模板变体、超长表达或配额外的同概念近似项
1839,周末单独见面时发现朋友周末都去约会,17,deleted,,0,模板变体、超长表达或配额外的同概念近似项
1840,周末单独见面时被拒绝后不再继续打扰,17,deleted,,0,模板变体、超长表达或配额外的同概念近似项
1841,周末单独见面时把异性缘归因于颜值,16,deleted,,0,模板变体、超长表达或配额外的同概念近似项
1842,周末单独见面时被家人追问什么时候结婚,18,deleted,,0,模板变体、超长表达或配额外的同概念近似项
1843,周末单独见面时看见街边摆满情侣商品,17,deleted,,0,模板变体、超长表达或配额外的同概念近似项
1844,周末单独见面时每天给对方分享短视频,17,deleted,,0,模板变体、超长表达或配额外的同概念近似项
1845,周末单独见面时被问最长一段关系多久,17,deleted,,0,模板变体、超长表达或配额外的同概念近似项
1846,周末单独见面时看到桌上放着两张电影票,18,deleted,,0,模板变体、超长表达或配额外的同概念近似项
1847,周末单独见面时学习不靠伴侣定义完整,17,deleted,,0,模板变体、超长表达或配额外的同概念近似项
1848,周末单独见面时线程脱单后进入双线程,17,deleted,,0,模板变体、超长表达或配额外的同概念近似项
1849,午休醒来后在人群中寻找熟悉的校服背影,18,deleted,,0,模板变体、超长表达或配额外的同概念近似项
1850,体育课自由活动时替对方整理歪掉的校服领口,20,compressed,替对方整理歪掉的校服领口,12,移除时间、地点、人物或关系模板，归并到核心概念
1851,体育课自由活动时把校服第二颗纽扣留作纪念,20,compressed,把校服第二颗纽扣留作纪念,12,移除时间、地点、人物或关系模板，归并到核心概念
1852,体育课自由活动时在自习室替对方留一个座位,20,compressed,在自习室替对方留一个座位,12,移除时间、地点、人物或关系模板，归并到核心概念
1853,体育课自由活动时把自己的外套借给对方,18,compressed,把自己的外套借给对方,10,移除时间、地点、人物或关系模板，归并到核心概念
1854,体育课自由活动时看见雨水沿着教室玻璃滑下,20,compressed,看见雨水沿着教室玻璃滑下,12,移除时间、地点、人物或关系模板，归并到核心概念
1855,体育课自由活动时约定收到录取通知后再见,19,compressed,约定收到录取通知后再见,11,移除时间、地点、人物或关系模板，归并到核心概念
1856,周末单独见面时发现关系正在升温,15,deleted,,0,模板变体、超长表达或配额外的同概念近似项
1857,周末单独见面时期待有人一起规划周末,17,compressed,期待有人一起规划周末,10,移除时间、地点、人物或关系模板，归并到核心概念
1858,周末单独见面时决定不再隐藏真实心意,17,deleted,,0,模板变体、超长表达或配额外的同概念近似项
1859,周末单独见面时约会结束后舍不得分别,17,deleted,,0,模板变体、超长表达或配额外的同概念近似项
1860,周末单独见面时为越界接触认真道歉,16,deleted,,0,模板变体、超长表达或配额外的同概念近似项
1861,周末单独见面时接受曾经喜欢的人已走远,18,deleted,,0,模板变体、超长表达或配额外的同概念近似项
1862,周末单独见面时怀疑现在恋爱是否太晚,17,deleted,,0,模板变体、超长表达或配额外的同概念近似项
1863,周末单独见面时听见同龄人开始谈婚论嫁,18,deleted,,0,模板变体、超长表达或配额外的同概念近似项
1864,周末单独见面时重新建立交往边界,15,deleted,,0,模板变体、超长表达或配额外的同概念近似项
1865,周末单独见面时学习更坦诚地表达感受,17,deleted,,0,模板变体、超长表达或配额外的同概念近似项
1866,周末单独见面时参加同学婚礼独自坐一桌,18,deleted,,0,模板变体、超长表达或配额外的同概念近似项
1867,周末单独见面时独自度过恋爱主题节日,17,deleted,,0,模板变体、超长表达或配额外的同概念近似项
1868,周末单独见面时把重要聊天设置为置顶,17,deleted,,0,模板变体、超长表达或配额外的同概念近似项
1869,周末单独见面时猜测今年是否能够脱单,17,deleted,,0,模板变体、超长表达或配额外的同概念近似项
1870,周末单独见面时发现相册里只有单人照片,18,deleted,,0,模板变体、超长表达或配额外的同概念近似项
1871,周末单独见面时接受每个人节奏不同,16,deleted,,0,模板变体、超长表达或配额外的同概念近似项
1872,周末单独见面时空对象拒绝返回女朋友,17,deleted,,0,模板变体、超长表达或配额外的同概念近似项
1873,午休醒来后放学后并肩走出校门,14,deleted,,0,模板变体、超长表达或配额外的同概念近似项
1874,体育课自由活动时注意到校服袖口写着名字,19,compressed,注意到校服袖口写着名字,11,移除时间、地点、人物或关系模板，归并到核心概念
1875,体育课自由活动时送出成对的钥匙扣,16,compressed,送出成对的钥匙扣,8,移除时间、地点、人物或关系模板，归并到核心概念
1876,体育课自由活动时在小卖部门口假装偶遇,18,compressed,在小卖部门口假装偶遇,10,移除时间、地点、人物或关系模板，归并到核心概念
1877,体育课自由活动时记住她不吃的食堂菜,17,compressed,记住她不吃的食堂菜,9,移除时间、地点、人物或关系模板，归并到核心概念
1878,体育课自由活动时闻到新课本混着油墨的气味,20,compressed,闻到新课本混着油墨的气味,12,移除时间、地点、人物或关系模板，归并到核心概念
1879,体育课自由活动时在散伙饭上忍住没说的话,19,compressed,在散伙饭上忍住没说的话,11,移除时间、地点、人物或关系模板，归并到核心概念
1880,周末单独见面时体验被人惦记的感觉,16,deleted,,0,模板变体、超长表达或配额外的同概念近似项
1881,周末单独见面时不再独自参加朋友聚会,17,deleted,,0,模板变体、超长表达或配额外的同概念近似项
1882,周末单独见面时尊重对方对追求的回应,17,deleted,,0,模板变体、超长表达或配额外的同概念近似项
1883,周末单独见面时等待对方发来安全到家,17,deleted,,0,模板变体、超长表达或配额外的同概念近似项
1884,周末单独见面时尊重对方改变主意,15,deleted,,0,模板变体、超长表达或配额外的同概念近似项
1885,周末单独见面时意识到自己从没被表白,17,deleted,,0,模板变体、超长表达或配额外的同概念近似项
1886,周末单独见面时计算自己单身了多少年,17,deleted,,0,模板变体、超长表达或配额外的同概念近似项
1887,周末单独见面时把自己的经历和别人比较,18,deleted,,0,模板变体、超长表达或配额外的同概念近似项
1888,周末单独见面时删除没有发出的解释消息,18,deleted,,0,模板变体、超长表达或配额外的同概念近似项
1889,周末单独见面时不再靠恋爱证明个人价值,18,deleted,,0,模板变体、超长表达或配额外的同概念近似项
1890,周末单独见面时听见别人叫彼此老公老婆,18,deleted,,0,模板变体、超长表达或配额外的同概念近似项
1891,周末单独见面时收到平台推送的情侣套餐,18,deleted,,0,模板变体、超长表达或配额外的同概念近似项
1892,周末单独见面时从线上聊天走到线下见面,18,deleted,,0,模板变体、超长表达或配额外的同概念近似项
1893,周末单独见面时面对她是不是你女朋友的追问,20,deleted,,0,模板变体、超长表达或配额外的同概念近似项
1894,周末单独见面时收到适合约会的地点推荐,18,deleted,,0,模板变体、超长表达或配额外的同概念近似项
1895,周末单独见面时允许遗憾留在过去,15,deleted,,0,模板变体、超长表达或配额外的同概念近似项
1896,周末单独见面时恋爱脑被当作神经网络,17,deleted,,0,模板变体、超长表达或配额外的同概念近似项
1897,午休醒来后推着自行车陪对方慢慢走,16,deleted,,0,模板变体、超长表达或配额外的同概念近似项
1898,体育课自由活动时看见白衬衫被晚霞染成金色,20,compressed,看见白衬衫被晚霞染成金色,12,移除时间、地点、人物或关系模板，归并到核心概念
1899,体育课自由活动时互换写着祝福的书签,17,compressed,互换写着祝福的书签,9,移除时间、地点、人物或关系模板，归并到核心概念
1900,体育课自由活动时在食堂排队时站到她身后,19,compressed,在食堂排队时站到她身后,11,移除时间、地点、人物或关系模板，归并到核心概念
1901,体育课自由活动时替迟到的人悄悄留门,17,compressed,替迟到的人悄悄留门,9,移除时间、地点、人物或关系模板，归并到核心概念
1902,体育课自由活动时记住雨后塑胶跑道的气味,19,compressed,记住雨后塑胶跑道的气味,11,移除时间、地点、人物或关系模板，归并到核心概念
1903,体育课自由活动时听完最后一次校园广播,18,compressed,听完最后一次校园广播,10,移除时间、地点、人物或关系模板，归并到核心概念
1904,周末单独见面时允许恋爱自然发生,15,deleted,,0,模板变体、超长表达或配额外的同概念近似项
1905,周末单独见面时寻找能够长期相处的人,17,deleted,,0,模板变体、超长表达或配额外的同概念近似项
1906,周末单独见面时把模糊关系说清楚,15,deleted,,0,模板变体、超长表达或配额外的同概念近似项
1907,周末单独见面时期待下一次单独见面,16,deleted,,0,模板变体、超长表达或配额外的同概念近似项
1908,周末单独见面时在安全感中逐渐靠近,16,deleted,,0,模板变体、超长表达或配额外的同概念近似项
1909,周末单独见面时不再用经历数量评价自己,18,deleted,,0,模板变体、超长表达或配额外的同概念近似项
1910,周末单独见面时提醒自己没有统一人生时钟,19,deleted,,0,模板变体、超长表达或配额外的同概念近似项
1911,周末单独见面时提醒自己不必追赶他人进度,19,deleted,,0,模板变体、超长表达或配额外的同概念近似项
1912,周末单独见面时把没有回复也视作答案,17,deleted,,0,模板变体、超长表达或配额外的同概念近似项
1913,周末单独见面时相信自己也值得被选择,17,deleted,,0,模板变体、超长表达或配额外的同概念近似项
1914,周末单独见面时还没有对象就开始被催婚,18,deleted,,0,模板变体、超长表达或配额外的同概念近似项
1915,周末单独见面时跨年倒数时想起喜欢的人,18,deleted,,0,模板变体、超长表达或配额外的同概念近似项
1916,周末单独见面时因为断联猜测关系是否结束,19,deleted,,0,模板变体、超长表达或配额外的同概念近似项
1917,周末单独见面时拒绝回答过度私人的感情问题,20,deleted,,0,模板变体、超长表达或配额外的同概念近似项
1918,周末单独见面时看见副驾驶放着一束花,17,deleted,,0,模板变体、超长表达或配额外的同概念近似项
1919,周末单独见面时相信未来仍会建立连接,17,deleted,,0,模板变体、超长表达或配额外的同概念近似项
1920,周末单独见面时朋友圈在图论里形成闭环,18,deleted,,0,模板变体、超长表达或配额外的同概念近似项
1921,午休醒来后一起等最后一班公交车,15,deleted,,0,模板变体、超长表达或配额外的同概念近似项
1922,体育课自由活动时发现手腕上多了一根小皮筋,20,compressed,发现手腕上多了一根小皮筋,12,移除时间、地点、人物或关系模板，归并到核心概念
1923,体育课自由活动时借出一支舍不得收回的笔,19,compressed,借出一支舍不得收回的笔,11,移除时间、地点、人物或关系模板，归并到核心概念
1924,体育课自由活动时在校园广播站等一首点歌,19,compressed,在校园广播站等一首点歌,11,移除时间、地点、人物或关系模板，归并到核心概念
1925,体育课自由活动时在值日时一起擦黑板,17,compressed,在值日时一起擦黑板,9,移除时间、地点、人物或关系模板，归并到核心概念
1926,体育课自由活动时感到共用雨伞时靠近的温度,20,compressed,感到共用雨伞时靠近的温度,12,移除时间、地点、人物或关系模板，归并到核心概念
1927,体育课自由活动时收拾课桌时找到旧纸条,18,compressed,收拾课桌时找到旧纸条,10,移除时间、地点、人物或关系模板，归并到核心概念
1928,刷到相似故事时第一次确认恋爱关系,16,compressed,第一次确认恋爱关系,9,移除时间、地点、人物或关系模板，归并到核心概念
1929,刷到相似故事时终于有了稳定对象,15,compressed,终于有了稳定对象,8,移除时间、地点、人物或关系模板，归并到核心概念
1930,刷到相似故事时鼓起勇气说出喜欢,15,deleted,,0,模板变体、超长表达或配额外的同概念近似项
1931,刷到相似故事时计划第一次正式约会,16,deleted,,0,模板变体、超长表达或配额外的同概念近似项
1932,刷到相似故事时第一次牵住喜欢的人的手,18,compressed,第一次牵住喜欢的人的手,11,移除时间、地点、人物或关系模板，归并到核心概念
1933,刷到相似故事时回忆自己的第一次心动,17,deleted,,0,模板变体、超长表达或配额外的同概念近似项
1934,刷到相似故事时发现又长一岁仍然单身,17,deleted,,0,模板变体、超长表达或配额外的同概念近似项
1935,刷到相似故事时看到室友突然宣布脱单,17,deleted,,0,模板变体、超长表达或配额外的同概念近似项
1936,刷到相似故事时告白后收到明确拒绝,16,deleted,,0,模板变体、超长表达或配额外的同概念近似项
1937,刷到相似故事时担心自己的外貌没有吸引力,19,deleted,,0,模板变体、超长表达或配额外的同概念近似项
1938,刷到相似故事时收到朋友发来的婚礼请柬,18,compressed,收到朋友发来的婚礼请柬,11,移除时间、地点、人物或关系模板，归并到核心概念
1939,刷到相似故事时在情人节准备一束玫瑰,17,deleted,,0,模板变体、超长表达或配额外的同概念近似项
1940,刷到相似故事时把心动对象称作crush,19,deleted,,0,模板变体、超长表达或配额外的同概念近似项
1941,刷到相似故事时被问以前谈过几个对象,17,deleted,,0,模板变体、超长表达或配额外的同概念近似项
1942,刷到相似故事时看见电影院里的双人座,17,compressed,看见电影院里的双人座,10,移除时间、地点、人物或关系模板，归并到核心概念
1943,刷到相似故事时把恋爱视作人生进度,16,deleted,,0,模板变体、超长表达或配额外的同概念近似项
1944,刷到相似故事时面向对象时找不到对象,17,deleted,,0,模板变体、超长表达或配额外的同概念近似项
1945,午休醒来后约好第二天在校门口见,15,deleted,,0,模板变体、超长表达或配额外的同概念近似项
1946,体育课自由活动时把对方送的小皮筋戴在手腕,20,compressed,把对方送的小皮筋戴在手腕,12,移除时间、地点、人物或关系模板，归并到核心概念
1947,体育课自由活动时在橡皮上刻下对方的缩写,19,compressed,在橡皮上刻下对方的缩写,11,移除时间、地点、人物或关系模板，归并到核心概念
1948,体育课自由活动时在礼堂散场后寻找对方,18,compressed,在礼堂散场后寻找对方,10,移除时间、地点、人物或关系模板，归并到核心概念
1949,体育课自由活动时一起搬运动会用的桌椅,18,compressed,一起搬运动会用的桌椅,10,移除时间、地点、人物或关系模板，归并到核心概念
1950,体育课自由活动时记住冬天热水杯传来的暖意,20,compressed,记住冬天热水杯传来的暖意,12,移除时间、地点、人物或关系模板，归并到核心概念
1951,体育课自由活动时离校前再走一遍熟悉的操场,20,compressed,离校前再走一遍熟悉的操场,12,移除时间、地点、人物或关系模板，归并到核心概念
1952,刷到相似故事时感受到双向喜欢,14,compressed,感受到双向喜欢,7,移除时间、地点、人物或关系模板，归并到核心概念
1953,刷到相似故事时介绍身边的人是另一半,17,compressed,介绍身边的人是另一半,10,移除时间、地点、人物或关系模板，归并到核心概念
1954,刷到相似故事时把暗恋写进一封信,15,deleted,,0,模板变体、超长表达或配额外的同概念近似项
1955,刷到相似故事时邀请喜欢的人一起吃饭,17,deleted,,0,模板变体、超长表达或配额外的同概念近似项
1956,刷到相似故事时得到同意后拥抱对方,16,compressed,得到同意后拥抱对方,9,移除时间、地点、人物或关系模板，归并到核心概念
1957,刷到相似故事时谈起已经结束的上一段关系,19,deleted,,0,模板变体、超长表达或配额外的同概念近似项
1958,刷到相似故事时担心毕业前没有恋爱经历,18,deleted,,0,模板变体、超长表达或配额外的同概念近似项
1959,刷到相似故事时发现聚会里只有自己单身,18,deleted,,0,模板变体、超长表达或配额外的同概念近似项
1960,刷到相似故事时听见我们还是做朋友吧,17,deleted,,0,模板变体、超长表达或配额外的同概念近似项
1961,刷到相似故事时见喜欢的人前认真整理头发,19,deleted,,0,模板变体、超长表达或配额外的同概念近似项
1962,刷到相似故事时看见恋人交换订婚戒指,17,compressed,看见恋人交换订婚戒指,10,移除时间、地点、人物或关系模板，归并到核心概念
1963,刷到相似故事时七夕预订双人晚餐,15,deleted,,0,模板变体、超长表达或配额外的同概念近似项
1964,刷到相似故事时在朋友圈正式官宣关系,17,deleted,,0,模板变体、超长表达或配额外的同概念近似项
1965,刷到相似故事时回答自己有没有恋爱经历,18,deleted,,0,模板变体、超长表达或配额外的同概念近似项
1966,刷到相似故事时路过摆满玫瑰的花店,16,compressed,路过摆满玫瑰的花店,9,移除时间、地点、人物或关系模板，归并到核心概念
1967,刷到相似故事时担心青春缺少重要体验,17,deleted,,0,模板变体、超长表达或配额外的同概念近似项
1968,刷到相似故事时对象存储突然容量不足,17,deleted,,0,模板变体、超长表达或配额外的同概念近似项
1969,午休醒来后在操场看台说出喜欢,14,deleted,,0,模板变体、超长表达或配额外的同概念近似项
1970,体育课自由活动时认出书包上新挂的钥匙扣,19,compressed,认出书包上新挂的钥匙扣,11,移除时间、地点、人物或关系模板，归并到核心概念
1971,体育课自由活动时把复习资料装订得整整齐齐,20,compressed,把复习资料装订得整整齐齐,12,移除时间、地点、人物或关系模板，归并到核心概念
1972,体育课自由活动时沿着操场跑道陪她慢慢走,19,compressed,沿着操场跑道陪她慢慢走,11,移除时间、地点、人物或关系模板，归并到核心概念
1973,体育课自由活动时在社团排练后帮忙收器材,19,compressed,在社团排练后帮忙收器材,11,移除时间、地点、人物或关系模板，归并到核心概念
1974,体育课自由活动时等春天樱花落在她肩上,18,compressed,等春天樱花落在她肩上,10,移除时间、地点、人物或关系模板，归并到核心概念
1975,体育课自由活动时在校门口说出以后常联系,19,compressed,在校门口说出以后常联系,11,移除时间、地点、人物或关系模板，归并到核心概念
1976,刷到相似故事时学会经营一段感情,15,deleted,,0,模板变体、超长表达或配额外的同概念近似项
1977,刷到相似故事时从单身状态顺利毕业,16,compressed,从单身状态顺利毕业,9,移除时间、地点、人物或关系模板，归并到核心概念
1978,刷到相似故事时试探对方是否也有好感,17,deleted,,0,模板变体、超长表达或配额外的同概念近似项
1979,刷到相似故事时挑选适合聊天的咖啡店,17,deleted,,0,模板变体、超长表达或配额外的同概念近似项
1980,刷到相似故事时在靠近前先询问意愿,16,deleted,,0,模板变体、超长表达或配额外的同概念近似项
1981,刷到相似故事时被问到过去有几次恋爱,17,deleted,,0,模板变体、超长表达或配额外的同概念近似项
1982,刷到相似故事时看着同龄人进入稳定关系,18,deleted,,0,模板变体、超长表达或配额外的同概念近似项
1983,刷到相似故事时刷到朋友晒情侣合照,16,deleted,,0,模板变体、超长表达或配额外的同概念近似项
1984,刷到相似故事时邀约连续几次没有回应,17,deleted,,0,模板变体、超长表达或配额外的同概念近似项
1985,刷到相似故事时怀疑自己不擅长聊天,16,deleted,,0,模板变体、超长表达或配额外的同概念近似项
1986,刷到相似故事时讨论以后在哪座城市生活,18,compressed,讨论以后在哪座城市生活,11,移除时间、地点、人物或关系模板，归并到核心概念
1987,刷到相似故事时在520发出含蓄告白,17,deleted,,0,模板变体、超长表达或配额外的同概念近似项
1988,刷到相似故事时和朋友一起磕一对CP,17,deleted,,0,模板变体、超长表达或配额外的同概念近似项
1989,刷到相似故事时被追问为什么一直单身,17,deleted,,0,模板变体、超长表达或配额外的同概念近似项
1990,刷到相似故事时发现饮品店推出情侣套餐,18,compressed,发现饮品店推出情侣套餐,11,移除时间、地点、人物或关系模板，归并到核心概念
1991,刷到相似故事时觉得自己落后于同龄人,17,deleted,,0,模板变体、超长表达或配额外的同概念近似项
1992,刷到相似故事时单例模式坚持保持单身,17,deleted,,0,模板变体、超长表达或配额外的同概念近似项
1993,午休醒来后把暗恋告诉最信任的同学,16,deleted,,0,模板变体、超长表达或配额外的同概念近似项
1994,体育课自由活动时留意她每天更换的发卡,18,compressed,留意她每天更换的发卡,10,移除时间、地点、人物或关系模板，归并到核心概念
1995,体育课自由活动时在错题本角落留下鼓励,18,compressed,在错题本角落留下鼓励,10,移除时间、地点、人物或关系模板，归并到核心概念
1996,体育课自由活动时在篮球场边递上一瓶水,18,compressed,在篮球场边递上一瓶水,10,移除时间、地点、人物或关系模板，归并到核心概念
1997,体育课自由活动时为对方的比赛偷偷加油,18,compressed,为对方的比赛偷偷加油,10,移除时间、地点、人物或关系模板，归并到核心概念
1998,体育课自由活动时在盛夏风扇声里偷偷心动,19,compressed,在盛夏风扇声里偷偷心动,11,移除时间、地点、人物或关系模板，归并到核心概念
1999,体育课自由活动时目送对方坐上不同方向的车,20,compressed,目送对方坐上不同方向的车,12,移除时间、地点、人物或关系模板，归并到核心概念
2000,刷到相似故事时拥有可以分享日常的人,17,deleted,,0,模板变体、超长表达或配额外的同概念近似项
2001,刷到相似故事时朋友介绍了合适的人,16,compressed,朋友介绍了合适的人,9,移除时间、地点、人物或关系模板，归并到核心概念
2002,刷到相似故事时主动创造单独见面的机会,18,deleted,,0,模板变体、超长表达或配额外的同概念近似项
2003,刷到相似故事时一起看期待很久的电影,17,deleted,,0,模板变体、超长表达或配额外的同概念近似项
2004,刷到相似故事时注意到对方不舒服的信号,18,deleted,,0,模板变体、超长表达或配额外的同概念近似项
2005,刷到相似故事时发现恋爱履历仍然空白,17,deleted,,0,模板变体、超长表达或配额外的同概念近似项
2006,刷到相似故事时把生日变成脱单倒计时,17,deleted,,0,模板变体、超长表达或配额外的同概念近似项
2007,刷到相似故事时听同学讨论各自的前任,17,deleted,,0,模板变体、超长表达或配额外的同概念近似项
2008,刷到相似故事时发现对方正在逐渐疏远,17,deleted,,0,模板变体、超长表达或配额外的同概念近似项
2009,刷到相似故事时面对心动对象突然紧张,17,deleted,,0,模板变体、超长表达或配额外的同概念近似项
2010,刷到相似故事时考虑要不要带对象见父母,18,compressed,考虑要不要带对象见父母,11,移除时间、地点、人物或关系模板，归并到核心概念
2011,刷到相似故事时圣诞夜邀请喜欢的人见面,18,deleted,,0,模板变体、超长表达或配额外的同概念近似项
2012,刷到相似故事时判断彼此是否处于暧昧期,18,deleted,,0,模板变体、超长表达或配额外的同概念近似项
2013,刷到相似故事时听见什么时候脱单的问题,18,deleted,,0,模板变体、超长表达或配额外的同概念近似项
2014,刷到相似故事时看见两件并排挂着的外套,18,deleted,,0,模板变体、超长表达或配额外的同概念近似项
2015,刷到相似故事时害怕永远错过亲密关系,17,deleted,,0,模板变体、超长表达或配额外的同概念近似项
2016,刷到相似故事时配对算法开始安排相亲,17,deleted,,0,模板变体、超长表达或配额外的同概念近似项
2017,午休醒来后收到对方认真回应的好感,16,deleted,,0,模板变体、超长表达或配额外的同概念近似项
2018,体育课自由活动时记住帆布鞋踩过积水的声音,20,deleted,,0,模板变体、超长表达或配额外的同概念近似项
2019,体育课自由活动时用同一本练习册对答案,18,deleted,,0,模板变体、超长表达或配额外的同概念近似项
2020,体育课自由活动时在看台最高一排并肩坐着,19,compressed,在看台最高一排并肩坐着,11,移除时间、地点、人物或关系模板，归并到核心概念
2021,体育课自由活动时在班级合唱时站到她旁边,19,compressed,在班级合唱时站到她旁边,11,移除时间、地点、人物或关系模板，归并到核心概念
2022,体育课自由活动时看秋叶堆满放学的小路,18,deleted,,0,模板变体、超长表达或配额外的同概念近似项
2023,体育课自由活动时发现最后一句聊天停在毕业快乐,22,deleted,,0,模板变体、超长表达或配额外的同概念近似项
2024,刷到相似故事时期待稳定的情感回应,16,deleted,,0,模板变体、超长表达或配额外的同概念近似项
2025,刷到相似故事时认真思考理想伴侣,15,compressed,认真思考理想伴侣,8,移除时间、地点、人物或关系模板，归并到核心概念
2026,刷到相似故事时收到别人认真的告白,16,deleted,,0,模板变体、超长表达或配额外的同概念近似项
2027,刷到相似故事时沿着安静的小路散步,16,deleted,,0,模板变体、超长表达或配额外的同概念近似项
2028,刷到相似故事时明确拒绝后立即停止,16,deleted,,0,模板变体、超长表达或配额外的同概念近似项
2029,刷到相似故事时听对方说起难忘的初恋,17,deleted,,0,模板变体、超长表达或配额外的同概念近似项
2030,刷到相似故事时害怕错过年轻时的恋爱,17,deleted,,0,模板变体、超长表达或配额外的同概念近似项
2031,刷到相似故事时参加婚礼时被问有没有对象,19,deleted,,0,模板变体、超长表达或配额外的同概念近似项
2032,刷到相似故事时接受喜欢没有得到回应,17,deleted,,0,模板变体、超长表达或配额外的同概念近似项
2033,刷到相似故事时读不懂别人释放的好感,17,deleted,,0,模板变体、超长表达或配额外的同概念近似项
2034,刷到相似故事时从恋爱走向共同生活,16,compressed,从恋爱走向共同生活,9,移除时间、地点、人物或关系模板，归并到核心概念
2035,刷到相似故事时为恋爱纪念日挑选礼物,17,deleted,,0,模板变体、超长表达或配额外的同概念近似项
2036,刷到相似故事时讨论situationship算什么关系,27,deleted,,0,模板变体、超长表达或配额外的同概念近似项
2037,刷到相似故事时解释目前有没有喜欢的人,18,deleted,,0,模板变体、超长表达或配额外的同概念近似项
2038,刷到相似故事时注意到共享耳机的两个人,18,deleted,,0,模板变体、超长表达或配额外的同概念近似项
2039,刷到相似故事时希望成为某个人的例外,17,deleted,,0,模板变体、超长表达或配额外的同概念近似项
2040,刷到相似故事时关系数据库认真维护关系,18,deleted,,0,模板变体、超长表达或配额外的同概念近似项
2041,午休醒来后从同桌变成互相喜欢的人,16,deleted,,0,模板变体、超长表达或配额外的同概念近似项
2042,体育课自由活动时看见运动服背后的班级号码,20,deleted,,0,模板变体、超长表达或配额外的同概念近似项
2043,体育课自由活动时把借书卡藏进喜欢的书里,19,deleted,,0,模板变体、超长表达或配额外的同概念近似项
2044,体育课自由活动时在体育馆门口等训练结束,19,deleted,,0,模板变体、超长表达或配额外的同概念近似项
2045,体育课自由活动时假装随口询问周末安排,18,deleted,,0,模板变体、超长表达或配额外的同概念近似项
2046,体育课自由活动时在初雪那天想和她一起走,19,deleted,,0,模板变体、超长表达或配额外的同概念近似项
2047,体育课自由活动时因为去往不同城市慢慢失联,20,deleted,,0,模板变体、超长表达或配额外的同概念近似项
2048,刷到相似故事时从朋友走向恋人,14,deleted,,0,模板变体、超长表达或配额外的同概念近似项
2049,刷到相似故事时遇到愿意互相陪伴的人,17,compressed,遇到愿意互相陪伴的人,10,移除时间、地点、人物或关系模板，归并到核心概念
2050,刷到相似故事时准备一份有意义的礼物,17,deleted,,0,模板变体、超长表达或配额外的同概念近似项
2051,刷到相似故事时为两个人安排周末行程,17,deleted,,0,模板变体、超长表达或配额外的同概念近似项
2052,刷到相似故事时不把沉默误认为同意,16,deleted,,0,模板变体、超长表达或配额外的同概念近似项
2053,刷到相似故事时整理前任留下的旧物,16,deleted,,0,模板变体、超长表达或配额外的同概念近似项
2054,刷到相似故事时觉得感情进度落后别人,17,deleted,,0,模板变体、超长表达或配额外的同概念近似项
2055,刷到相似故事时看别人收到纪念日礼物,17,deleted,,0,模板变体、超长表达或配额外的同概念近似项
2056,刷到相似故事时停止追问拒绝的具体理由,18,deleted,,0,模板变体、超长表达或配额外的同概念近似项
2057,刷到相似故事时想知道有没有人喜欢自己,18,deleted,,0,模板变体、超长表达或配额外的同概念近似项
2058,刷到相似故事时规划两个人的长期未来,17,deleted,,0,模板变体、超长表达或配额外的同概念近似项
2059,刷到相似故事时零点发送周年祝福,15,deleted,,0,模板变体、超长表达或配额外的同概念近似项
2060,刷到相似故事时换上成套的情侣头像,16,deleted,,0,模板变体、超长表达或配额外的同概念近似项
2061,刷到相似故事时回答第一次恋爱是在几岁,18,deleted,,0,模板变体、超长表达或配额外的同概念近似项
2062,刷到相似故事时经过夜晚亮灯的摩天轮,17,deleted,,0,模板变体、超长表达或配额外的同概念近似项
2063,刷到相似故事时渴望获得稳定情感回应,17,deleted,,0,模板变体、超长表达或配额外的同概念近似项
2064,刷到相似故事时握手协议负责成功牵手,17,deleted,,0,模板变体、超长表达或配额外的同概念近似项
2065,午休醒来后在班级起哄中偷偷脸红,15,deleted,,0,模板变体、超长表达或配额外的同概念近似项
2066,体育课自由活动时注意到对方紧张时攥住衣角,20,deleted,,0,模板变体、超长表达或配额外的同概念近似项
2067,体育课自由活动时用值日表制造一起留下的机会,21,deleted,,0,模板变体、超长表达或配额外的同概念近似项
2068,体育课自由活动时沿林荫道推着自行车同行,19,deleted,,0,模板变体、超长表达或配额外的同概念近似项
2069,体育课自由活动时把好笑的事情第一个告诉她,20,deleted,,0,模板变体、超长表达或配额外的同概念近似项
2070,体育课自由活动时记住六月毕业季的闷热,18,deleted,,0,模板变体、超长表达或配额外的同概念近似项
2071,体育课自由活动时多年后翻到泛黄的毕业照,19,deleted,,0,模板变体、超长表达或配额外的同概念近似项
2072,刷到相似故事时认真讨论彼此的需要,16,deleted,,0,模板变体、超长表达或配额外的同概念近似项
2073,刷到相似故事时开始主动扩大社交圈,16,compressed,开始主动扩大社交圈,9,移除时间、地点、人物或关系模板，归并到核心概念
2074,刷到相似故事时请朋友帮忙判断好感信号,18,deleted,,0,模板变体、超长表达或配额外的同概念近似项
2075,刷到相似故事时见面前认真选择穿搭,16,deleted,,0,模板变体、超长表达或配额外的同概念近似项
2076,刷到相似故事时共同商量可以接受的边界,18,deleted,,0,模板变体、超长表达或配额外的同概念近似项
2077,刷到相似故事时思考过去关系里的问题,17,deleted,,0,模板变体、超长表达或配额外的同概念近似项
2078,刷到相似故事时工作以后才开始学习约会,18,deleted,,0,模板变体、超长表达或配额外的同概念近似项
2079,刷到相似故事时发现朋友周末都去约会,17,deleted,,0,模板变体、超长表达或配额外的同概念近似项
2080,刷到相似故事时被拒绝后不再继续打扰,17,deleted,,0,模板变体、超长表达或配额外的同概念近似项
2081,刷到相似故事时把异性缘归因于颜值,16,deleted,,0,模板变体、超长表达或配额外的同概念近似项
2082,刷到相似故事时被家人追问什么时候结婚,18,deleted,,0,模板变体、超长表达或配额外的同概念近似项
2083,刷到相似故事时看见街边摆满情侣商品,17,deleted,,0,模板变体、超长表达或配额外的同概念近似项
2084,刷到相似故事时每天给对方分享短视频,17,deleted,,0,模板变体、超长表达或配额外的同概念近似项
2085,刷到相似故事时被问最长一段关系多久,17,deleted,,0,模板变体、超长表达或配额外的同概念近似项
2086,刷到相似故事时看到桌上放着两张电影票,18,deleted,,0,模板变体、超长表达或配额外的同概念近似项
2087,刷到相似故事时学习不靠伴侣定义完整,17,deleted,,0,模板变体、超长表达或配额外的同概念近似项
2088,刷到相似故事时线程脱单后进入双线程,17,deleted,,0,模板变体、超长表达或配额外的同概念近似项
2089,午休醒来后交换只有两个人懂的暗号,16,deleted,,0,模板变体、超长表达或配额外的同概念近似项
2090,体育课自由活动时记住少年骑车时鼓起的衣摆,20,deleted,,0,模板变体、超长表达或配额外的同概念近似项
2091,体育课自由活动时在课程表上圈出共同的空课,20,deleted,,0,模板变体、超长表达或配额外的同概念近似项
2092,体育课自由活动时在校门口犹豫要不要告别,19,deleted,,0,模板变体、超长表达或配额外的同概念近似项
2093,体育课自由活动时聊天时等对方收拾完书包,19,deleted,,0,模板变体、超长表达或配额外的同概念近似项
2094,体育课自由活动时在傍晚风里听见校服摩擦声,20,deleted,,0,模板变体、超长表达或配额外的同概念近似项
2095,体育课自由活动时重回母校时寻找当年的座位,20,deleted,,0,模板变体、超长表达或配额外的同概念近似项
2096,刷到相似故事时发现关系正在升温,15,deleted,,0,模板变体、超长表达或配额外的同概念近似项
2097,刷到相似故事时期待有人一起规划周末,17,compressed,期待有人一起规划周末,10,移除时间、地点、人物或关系模板，归并到核心概念
2098,刷到相似故事时决定不再隐藏真实心意,17,deleted,,0,模板变体、超长表达或配额外的同概念近似项
2099,刷到相似故事时约会结束后舍不得分别,17,deleted,,0,模板变体、超长表达或配额外的同概念近似项
2100,刷到相似故事时为越界接触认真道歉,16,deleted,,0,模板变体、超长表达或配额外的同概念近似项
2101,刷到相似故事时接受曾经喜欢的人已走远,18,deleted,,0,模板变体、超长表达或配额外的同概念近似项
2102,刷到相似故事时怀疑现在恋爱是否太晚,17,deleted,,0,模板变体、超长表达或配额外的同概念近似项
2103,刷到相似故事时听见同龄人开始谈婚论嫁,18,deleted,,0,模板变体、超长表达或配额外的同概念近似项
2104,刷到相似故事时重新建立交往边界,15,deleted,,0,模板变体、超长表达或配额外的同概念近似项
2105,刷到相似故事时学习更坦诚地表达感受,17,deleted,,0,模板变体、超长表达或配额外的同概念近似项
2106,刷到相似故事时参加同学婚礼独自坐一桌,18,deleted,,0,模板变体、超长表达或配额外的同概念近似项
2107,刷到相似故事时独自度过恋爱主题节日,17,deleted,,0,模板变体、超长表达或配额外的同概念近似项
2108,刷到相似故事时把重要聊天设置为置顶,17,deleted,,0,模板变体、超长表达或配额外的同概念近似项
2109,刷到相似故事时猜测今年是否能够脱单,17,deleted,,0,模板变体、超长表达或配额外的同概念近似项
2110,刷到相似故事时发现相册里只有单人照片,18,deleted,,0,模板变体、超长表达或配额外的同概念近似项
2111,刷到相似故事时接受每个人节奏不同,16,deleted,,0,模板变体、超长表达或配额外的同概念近似项
2112,刷到相似故事时空对象拒绝返回女朋友,17,deleted,,0,模板变体、超长表达或配额外的同概念近似项
2113,午休醒来后第一次用恋人的身份说晚安,17,deleted,,0,模板变体、超长表达或配额外的同概念近似项
2114,体育课自由活动时发现镜片后躲闪的目光,18,deleted,,0,模板变体、超长表达或配额外的同概念近似项
2115,体育课自由活动时用广播点歌传递含蓄心意,19,deleted,,0,模板变体、超长表达或配额外的同概念近似项
2116,体育课自由活动时在公交站陪对方等车,17,deleted,,0,模板变体、超长表达或配额外的同概念近似项
2117,体育课自由活动时看见她睡着后压低说话声音,20,deleted,,0,模板变体、超长表达或配额外的同概念近似项
2118,体育课自由活动时尝到小卖部冰汽水的甜味,19,deleted,,0,模板变体、超长表达或配额外的同概念近似项
2119,体育课自由活动时听见校歌突然想起喜欢的人,20,deleted,,0,模板变体、超长表达或配额外的同概念近似项
2120,刷到相似故事时体验被人惦记的感觉,16,deleted,,0,模板变体、超长表达或配额外的同概念近似项
2121,刷到相似故事时不再独自参加朋友聚会,17,deleted,,0,模板变体、超长表达或配额外的同概念近似项
2122,刷到相似故事时尊重对方对追求的回应,17,deleted,,0,模板变体、超长表达或配额外的同概念近似项
2123,刷到相似故事时等待对方发来安全到家,17,deleted,,0,模板变体、超长表达或配额外的同概念近似项
2124,刷到相似故事时尊重对方改变主意,15,deleted,,0,模板变体、超长表达或配额外的同概念近似项
2125,刷到相似故事时意识到自己从没被表白,17,deleted,,0,模板变体、超长表达或配额外的同概念近似项
2126,刷到相似故事时计算自己单身了多少年,17,deleted,,0,模板变体、超长表达或配额外的同概念近似项
2127,刷到相似故事时把自己的经历和别人比较,18,deleted,,0,模板变体、超长表达或配额外的同概念近似项
2128,刷到相似故事时删除没有发出的解释消息,18,deleted,,0,模板变体、超长表达或配额外的同概念近似项
2129,刷到相似故事时不再靠恋爱证明个人价值,18,deleted,,0,模板变体、超长表达或配额外的同概念近似项
2130,刷到相似故事时听见别人叫彼此老公老婆,18,deleted,,0,模板变体、超长表达或配额外的同概念近似项
2131,刷到相似故事时收到平台推送的情侣套餐,18,deleted,,0,模板变体、超长表达或配额外的同概念近似项
2132,刷到相似故事时从线上聊天走到线下见面,18,deleted,,0,模板变体、超长表达或配额外的同概念近似项
2133,刷到相似故事时面对她是不是你女朋友的追问,20,deleted,,0,模板变体、超长表达或配额外的同概念近似项
2134,刷到相似故事时收到适合约会的地点推荐,18,deleted,,0,模板变体、超长表达或配额外的同概念近似项
2135,刷到相似故事时允许遗憾留在过去,15,deleted,,0,模板变体、超长表达或配额外的同概念近似项
2136,刷到相似故事时恋爱脑被当作神经网络,17,deleted,,0,模板变体、超长表达或配额外的同概念近似项
2137,午休醒来后约定毕业以后也继续联系,16,deleted,,0,模板变体、超长表达或配额外的同概念近似项
2138,体育课自由活动时在人群中认出那双熟悉的球鞋,21,deleted,,0,模板变体、超长表达或配额外的同概念近似项
2139,体育课自由活动时约定用窗台上的水杯当暗号,20,deleted,,0,模板变体、超长表达或配额外的同概念近似项
2140,体育课自由活动时绕远路走过两个人常走的小巷,21,deleted,,0,模板变体、超长表达或配额外的同概念近似项
2141,体育课自由活动时把最后一颗糖留给喜欢的人,20,deleted,,0,模板变体、超长表达或配额外的同概念近似项
2142,体育课自由活动时记住她经过时淡淡的洗衣粉香,21,deleted,,0,模板变体、超长表达或配额外的同概念近似项
2143,体育课自由活动时意识到那次挥手已经是最后一面,22,deleted,,0,模板变体、超长表达或配额外的同概念近似项
2144,刷到相似故事时允许恋爱自然发生,15,deleted,,0,模板变体、超长表达或配额外的同概念近似项
2145,刷到相似故事时寻找能够长期相处的人,17,deleted,,0,模板变体、超长表达或配额外的同概念近似项
2146,刷到相似故事时把模糊关系说清楚,15,deleted,,0,模板变体、超长表达或配额外的同概念近似项
2147,刷到相似故事时期待下一次单独见面,16,deleted,,0,模板变体、超长表达或配额外的同概念近似项
2148,刷到相似故事时在安全感中逐渐靠近,16,deleted,,0,模板变体、超长表达或配额外的同概念近似项
2149,刷到相似故事时不再用经历数量评价自己,18,deleted,,0,模板变体、超长表达或配额外的同概念近似项
2150,刷到相似故事时提醒自己没有统一人生时钟,19,deleted,,0,模板变体、超长表达或配额外的同概念近似项
2151,刷到相似故事时提醒自己不必追赶他人进度,19,deleted,,0,模板变体、超长表达或配额外的同概念近似项
2152,刷到相似故事时把没有回复也视作答案,17,deleted,,0,模板变体、超长表达或配额外的同概念近似项
2153,刷到相似故事时相信自己也值得被选择,17,deleted,,0,模板变体、超长表达或配额外的同概念近似项
2154,刷到相似故事时还没有对象就开始被催婚,18,deleted,,0,模板变体、超长表达或配额外的同概念近似项
2155,刷到相似故事时跨年倒数时想起喜欢的人,18,deleted,,0,模板变体、超长表达或配额外的同概念近似项
2156,刷到相似故事时因为断联猜测关系是否结束,19,deleted,,0,模板变体、超长表达或配额外的同概念近似项
2157,刷到相似故事时拒绝回答过度私人的感情问题,20,deleted,,0,模板变体、超长表达或配额外的同概念近似项
2158,刷到相似故事时看见副驾驶放着一束花,17,deleted,,0,模板变体、超长表达或配额外的同概念近似项
2159,刷到相似故事时相信未来仍会建立连接,17,deleted,,0,模板变体、超长表达或配额外的同概念近似项
2160,刷到相似故事时朋友圈在图论里形成闭环,18,deleted,,0,模板变体、超长表达或配额外的同概念近似项
2161,体育课自由活动时和喜欢的人隔着课桌对视,19,deleted,,0,模板变体、超长表达或配额外的同概念近似项
2162,晚自习散场后风吹起她额前的刘海,15,compressed,风吹起她额前的刘海,9,移除时间、地点、人物或关系模板，归并到核心概念
2163,晚自习散场后递来一张折好的小纸条,16,compressed,递来一张折好的小纸条,10,移除时间、地点、人物或关系模板，归并到核心概念
2164,晚自习散场后在靠窗的座位等她出现,16,compressed,在靠窗的座位等她出现,10,移除时间、地点、人物或关系模板，归并到核心概念
2165,晚自习散场后把课堂笔记借给喜欢的人,17,compressed,把课堂笔记借给喜欢的人,11,移除时间、地点、人物或关系模板，归并到核心概念
2166,晚自习散场后听见窗外一阵很长的蝉鸣,17,compressed,听见窗外一阵很长的蝉鸣,11,移除时间、地点、人物或关系模板，归并到核心概念
2167,晚自习散场后在毕业册上写下一句祝福,17,compressed,在毕业册上写下一句祝福,11,移除时间、地点、人物或关系模板，归并到核心概念
2168,多年后重新想起时第一次确认恋爱关系,17,compressed,第一次确认恋爱关系,9,移除时间、地点、人物或关系模板，归并到核心概念
2169,多年后重新想起时终于有了稳定对象,16,compressed,终于有了稳定对象,8,移除时间、地点、人物或关系模板，归并到核心概念
2170,多年后重新想起时鼓起勇气说出喜欢,16,deleted,,0,模板变体、超长表达或配额外的同概念近似项
2171,多年后重新想起时计划第一次正式约会,17,deleted,,0,模板变体、超长表达或配额外的同概念近似项
2172,多年后重新想起时第一次牵住喜欢的人的手,19,compressed,第一次牵住喜欢的人的手,11,移除时间、地点、人物或关系模板，归并到核心概念
2173,多年后重新想起时回忆自己的第一次心动,18,deleted,,0,模板变体、超长表达或配额外的同概念近似项
2174,多年后重新想起时发现又长一岁仍然单身,18,deleted,,0,模板变体、超长表达或配额外的同概念近似项
2175,多年后重新想起时看到室友突然宣布脱单,18,deleted,,0,模板变体、超长表达或配额外的同概念近似项
2176,多年后重新想起时告白后收到明确拒绝,17,deleted,,0,模板变体、超长表达或配额外的同概念近似项
2177,多年后重新想起时担心自己的外貌没有吸引力,20,deleted,,0,模板变体、超长表达或配额外的同概念近似项
2178,多年后重新想起时收到朋友发来的婚礼请柬,19,compressed,收到朋友发来的婚礼请柬,11,移除时间、地点、人物或关系模板，归并到核心概念
2179,多年后重新想起时在情人节准备一束玫瑰,18,deleted,,0,模板变体、超长表达或配额外的同概念近似项
2180,多年后重新想起时把心动对象称作crush,20,deleted,,0,模板变体、超长表达或配额外的同概念近似项
2181,多年后重新想起时被问以前谈过几个对象,18,deleted,,0,模板变体、超长表达或配额外的同概念近似项
2182,多年后重新想起时看见电影院里的双人座,18,compressed,看见电影院里的双人座,10,移除时间、地点、人物或关系模板，归并到核心概念
2183,多年后重新想起时把恋爱视作人生进度,17,deleted,,0,模板变体、超长表达或配额外的同概念近似项
2184,多年后重新想起时面向对象时找不到对象,18,deleted,,0,模板变体、超长表达或配额外的同概念近似项
2185,体育课自由活动时发现同桌悄悄看向自己,18,deleted,,0,模板变体、超长表达或配额外的同概念近似项
2186,晚自习散场后看见她把刘海别到耳后,16,compressed,看见她把刘海别到耳后,10,移除时间、地点、人物或关系模板，归并到核心概念
2187,晚自习散场后在纸条背面写下回复,15,compressed,在纸条背面写下回复,9,移除时间、地点、人物或关系模板，归并到核心概念
2188,晚自习散场后经过对方班级的教室门口,17,compressed,经过对方班级的教室门口,11,移除时间、地点、人物或关系模板，归并到核心概念
2189,晚自习散场后耐心讲一道做错的题,15,compressed,耐心讲一道做错的题,9,移除时间、地点、人物或关系模板，归并到核心概念
2190,晚自习散场后听见下课铃盖过没说完的话,18,compressed,听见下课铃盖过没说完的话,12,移除时间、地点、人物或关系模板，归并到核心概念
2191,晚自习散场后把同学录最后一页留给她,17,compressed,把同学录最后一页留给她,11,移除时间、地点、人物或关系模板，归并到核心概念
2192,多年后重新想起时感受到双向喜欢,15,compressed,感受到双向喜欢,7,移除时间、地点、人物或关系模板，归并到核心概念
2193,多年后重新想起时介绍身边的人是另一半,18,compressed,介绍身边的人是另一半,10,移除时间、地点、人物或关系模板，归并到核心概念
2194,多年后重新想起时把暗恋写进一封信,16,deleted,,0,模板变体、超长表达或配额外的同概念近似项
2195,多年后重新想起时邀请喜欢的人一起吃饭,18,deleted,,0,模板变体、超长表达或配额外的同概念近似项
2196,多年后重新想起时得到同意后拥抱对方,17,compressed,得到同意后拥抱对方,9,移除时间、地点、人物或关系模板，归并到核心概念
2197,多年后重新想起时谈起已经结束的上一段关系,20,deleted,,0,模板变体、超长表达或配额外的同概念近似项
2198,多年后重新想起时担心毕业前没有恋爱经历,19,deleted,,0,模板变体、超长表达或配额外的同概念近似项
2199,多年后重新想起时发现聚会里只有自己单身,19,deleted,,0,模板变体、超长表达或配额外的同概念近似项
2200,多年后重新想起时听见我们还是做朋友吧,18,deleted,,0,模板变体、超长表达或配额外的同概念近似项
2201,多年后重新想起时见喜欢的人前认真整理头发,20,deleted,,0,模板变体、超长表达或配额外的同概念近似项
2202,多年后重新想起时看见恋人交换订婚戒指,18,compressed,看见恋人交换订婚戒指,10,移除时间、地点、人物或关系模板，归并到核心概念
2203,多年后重新想起时七夕预订双人晚餐,16,deleted,,0,模板变体、超长表达或配额外的同概念近似项
2204,多年后重新想起时在朋友圈正式官宣关系,18,deleted,,0,模板变体、超长表达或配额外的同概念近似项
2205,多年后重新想起时回答自己有没有恋爱经历,19,deleted,,0,模板变体、超长表达或配额外的同概念近似项
2206,多年后重新想起时路过摆满玫瑰的花店,17,compressed,路过摆满玫瑰的花店,9,移除时间、地点、人物或关系模板，归并到核心概念
2207,多年后重新想起时担心青春缺少重要体验,18,deleted,,0,模板变体、超长表达或配额外的同概念近似项
2208,多年后重新想起时对象存储突然容量不足,18,deleted,,0,模板变体、超长表达或配额外的同概念近似项
2209,体育课自由活动时把喜欢藏在课堂笔记里,18,deleted,,0,模板变体、超长表达或配额外的同概念近似项
2210,晚自习散场后注意到阳光落在她的发梢,17,compressed,注意到阳光落在她的发梢,11,移除时间、地点、人物或关系模板，归并到核心概念
2211,晚自习散场后把没送出的情书夹进书里,17,compressed,把没送出的情书夹进书里,11,移除时间、地点、人物或关系模板，归并到核心概念
2212,晚自习散场后在空教室里多停留一会儿,17,compressed,在空教室里多停留一会儿,11,移除时间、地点、人物或关系模板，归并到核心概念
2213,晚自习散场后一起背诵第二天要抽查的课文,19,deleted,,0,模板变体、超长表达或配额外的同概念近似项
2214,晚自习散场后记住篮球落地的回声,15,compressed,记住篮球落地的回声,9,移除时间、地点、人物或关系模板，归并到核心概念
2215,晚自习散场后在毕业照里悄悄站得更近,17,compressed,在毕业照里悄悄站得更近,11,移除时间、地点、人物或关系模板，归并到核心概念
2216,多年后重新想起时学会经营一段感情,16,deleted,,0,模板变体、超长表达或配额外的同概念近似项
2217,多年后重新想起时从单身状态顺利毕业,17,compressed,从单身状态顺利毕业,9,移除时间、地点、人物或关系模板，归并到核心概念
2218,多年后重新想起时试探对方是否也有好感,18,deleted,,0,模板变体、超长表达或配额外的同概念近似项
2219,多年后重新想起时挑选适合聊天的咖啡店,18,deleted,,0,模板变体、超长表达或配额外的同概念近似项
2220,多年后重新想起时在靠近前先询问意愿,17,deleted,,0,模板变体、超长表达或配额外的同概念近似项
2221,多年后重新想起时被问到过去有几次恋爱,18,deleted,,0,模板变体、超长表达或配额外的同概念近似项
2222,多年后重新想起时看着同龄人进入稳定关系,19,deleted,,0,模板变体、超长表达或配额外的同概念近似项
2223,多年后重新想起时刷到朋友晒情侣合照,17,deleted,,0,模板变体、超长表达或配额外的同概念近似项
2224,多年后重新想起时邀约连续几次没有回应,18,deleted,,0,模板变体、超长表达或配额外的同概念近似项
2225,多年后重新想起时怀疑自己不擅长聊天,17,deleted,,0,模板变体、超长表达或配额外的同概念近似项
2226,多年后重新想起时讨论以后在哪座城市生活,19,compressed,讨论以后在哪座城市生活,11,移除时间、地点、人物或关系模板，归并到核心概念
2227,多年后重新想起时在520发出含蓄告白,18,deleted,,0,模板变体、超长表达或配额外的同概念近似项
2228,多年后重新想起时和朋友一起磕一对CP,18,deleted,,0,模板变体、超长表达或配额外的同概念近似项
2229,多年后重新想起时被追问为什么一直单身,18,deleted,,0,模板变体、超长表达或配额外的同概念近似项
2230,多年后重新想起时发现饮品店推出情侣套餐,19,compressed,发现饮品店推出情侣套餐,11,移除时间、地点、人物或关系模板，归并到核心概念
2231,多年后重新想起时觉得自己落后于同龄人,18,deleted,,0,模板变体、超长表达或配额外的同概念近似项
2232,多年后重新想起时单例模式坚持保持单身,18,deleted,,0,模板变体、超长表达或配额外的同概念近似项
2233,体育课自由活动时借讲题的机会坐得更近,18,deleted,,0,模板变体、超长表达或配额外的同概念近似项
2234,晚自习散场后记住她低头笑时的酒窝,16,compressed,记住她低头笑时的酒窝,10,移除时间、地点、人物或关系模板，归并到核心概念
2235,晚自习散场后收到一封没有署名的情书,17,compressed,收到一封没有署名的情书,11,移除时间、地点、人物或关系模板，归并到核心概念
2236,晚自习散场后从教学楼走廊远远看见她,17,compressed,从教学楼走廊远远看见她,11,移除时间、地点、人物或关系模板，归并到核心概念
2237,晚自习散场后互相检查听写答案,14,compressed,互相检查听写答案,8,移除时间、地点、人物或关系模板，归并到核心概念
2238,晚自习散场后听见广播里放过的那首歌,17,compressed,听见广播里放过的那首歌,11,移除时间、地点、人物或关系模板，归并到核心概念
2239,晚自习散场后在校服背面签下名字,15,compressed,在校服背面签下名字,9,移除时间、地点、人物或关系模板，归并到核心概念
2240,多年后重新想起时拥有可以分享日常的人,18,deleted,,0,模板变体、超长表达或配额外的同概念近似项
2241,多年后重新想起时朋友介绍了合适的人,17,compressed,朋友介绍了合适的人,9,移除时间、地点、人物或关系模板，归并到核心概念
2242,多年后重新想起时主动创造单独见面的机会,19,deleted,,0,模板变体、超长表达或配额外的同概念近似项
2243,多年后重新想起时一起看期待很久的电影,18,deleted,,0,模板变体、超长表达或配额外的同概念近似项
2244,多年后重新想起时注意到对方不舒服的信号,19,deleted,,0,模板变体、超长表达或配额外的同概念近似项
2245,多年后重新想起时发现恋爱履历仍然空白,18,deleted,,0,模板变体、超长表达或配额外的同概念近似项
2246,多年后重新想起时把生日变成脱单倒计时,18,deleted,,0,模板变体、超长表达或配额外的同概念近似项
2247,多年后重新想起时听同学讨论各自的前任,18,deleted,,0,模板变体、超长表达或配额外的同概念近似项
2248,多年后重新想起时发现对方正在逐渐疏远,18,deleted,,0,模板变体、超长表达或配额外的同概念近似项
2249,多年后重新想起时面对心动对象突然紧张,18,deleted,,0,模板变体、超长表达或配额外的同概念近似项
2250,多年后重新想起时考虑要不要带对象见父母,19,compressed,考虑要不要带对象见父母,11,移除时间、地点、人物或关系模板，归并到核心概念
2251,多年后重新想起时圣诞夜邀请喜欢的人见面,19,deleted,,0,模板变体、超长表达或配额外的同概念近似项
2252,多年后重新想起时判断彼此是否处于暧昧期,19,deleted,,0,模板变体、超长表达或配额外的同概念近似项
2253,多年后重新想起时听见什么时候脱单的问题,19,deleted,,0,模板变体、超长表达或配额外的同概念近似项
2254,多年后重新想起时看见两件并排挂着的外套,19,deleted,,0,模板变体、超长表达或配额外的同概念近似项
2255,多年后重新想起时害怕永远错过亲密关系,18,deleted,,0,模板变体、超长表达或配额外的同概念近似项
2256,多年后重新想起时配对算法开始安排相亲,18,deleted,,0,模板变体、超长表达或配额外的同概念近似项
2257,体育课自由活动时在走廊等喜欢的人经过,18,deleted,,0,模板变体、超长表达或配额外的同概念近似项
2258,晚自习散场后发现她见面前认真扎好头发,18,compressed,发现她见面前认真扎好头发,12,移除时间、地点、人物或关系模板，归并到核心概念
2259,晚自习散场后在便利贴上画一颗小心心,17,compressed,在便利贴上画一颗小心心,11,移除时间、地点、人物或关系模板，归并到核心概念
2260,晚自习散场后在楼梯转角意外遇见喜欢的人,19,deleted,,0,模板变体、超长表达或配额外的同概念近似项
2261,晚自习散场后替对方保管暂时没收的手机,18,compressed,替对方保管暂时没收的手机,12,移除时间、地点、人物或关系模板，归并到核心概念
2262,晚自习散场后看见晨光落在她的课桌上,17,compressed,看见晨光落在她的课桌上,11,移除时间、地点、人物或关系模板，归并到核心概念
2263,晚自习散场后把没送出的情书带回家,16,compressed,把没送出的情书带回家,10,移除时间、地点、人物或关系模板，归并到核心概念
2264,多年后重新想起时期待稳定的情感回应,17,deleted,,0,模板变体、超长表达或配额外的同概念近似项
2265,多年后重新想起时认真思考理想伴侣,16,compressed,认真思考理想伴侣,8,移除时间、地点、人物或关系模板，归并到核心概念
2266,多年后重新想起时收到别人认真的告白,17,deleted,,0,模板变体、超长表达或配额外的同概念近似项
2267,多年后重新想起时沿着安静的小路散步,17,deleted,,0,模板变体、超长表达或配额外的同概念近似项
2268,多年后重新想起时明确拒绝后立即停止,17,deleted,,0,模板变体、超长表达或配额外的同概念近似项
2269,多年后重新想起时听对方说起难忘的初恋,18,deleted,,0,模板变体、超长表达或配额外的同概念近似项
2270,多年后重新想起时害怕错过年轻时的恋爱,18,deleted,,0,模板变体、超长表达或配额外的同概念近似项
2271,多年后重新想起时参加婚礼时被问有没有对象,20,deleted,,0,模板变体、超长表达或配额外的同概念近似项
2272,多年后重新想起时接受喜欢没有得到回应,18,deleted,,0,模板变体、超长表达或配额外的同概念近似项
2273,多年后重新想起时读不懂别人释放的好感,18,deleted,,0,模板变体、超长表达或配额外的同概念近似项
2274,多年后重新想起时从恋爱走向共同生活,17,compressed,从恋爱走向共同生活,9,移除时间、地点、人物或关系模板，归并到核心概念
2275,多年后重新想起时为恋爱纪念日挑选礼物,18,deleted,,0,模板变体、超长表达或配额外的同概念近似项
2276,多年后重新想起时讨论situationship算什么关系,28,deleted,,0,模板变体、超长表达或配额外的同概念近似项
2277,多年后重新想起时解释目前有没有喜欢的人,19,deleted,,0,模板变体、超长表达或配额外的同概念近似项
2278,多年后重新想起时注意到共享耳机的两个人,19,deleted,,0,模板变体、超长表达或配额外的同概念近似项
2279,多年后重新想起时希望成为某个人的例外,18,deleted,,0,模板变体、超长表达或配额外的同概念近似项
2280,多年后重新想起时关系数据库认真维护关系,19,deleted,,0,模板变体、超长表达或配额外的同概念近似项
2281,体育课自由活动时课间绕路去隔壁班门口,18,deleted,,0,模板变体、超长表达或配额外的同概念近似项
2282,晚自习散场后看见她穿着宽大的校服外套,18,compressed,看见她穿着宽大的校服外套,12,移除时间、地点、人物或关系模板，归并到核心概念
2283,晚自习散场后把名字写在同一张草稿纸上,18,compressed,把名字写在同一张草稿纸上,12,移除时间、地点、人物或关系模板，归并到核心概念
2284,晚自习散场后绕路经过她常去的饮水机,17,compressed,绕路经过她常去的饮水机,11,移除时间、地点、人物或关系模板，归并到核心概念
2285,晚自习散场后给趴在桌上的人留一盒牛奶,18,compressed,给趴在桌上的人留一盒牛奶,12,移除时间、地点、人物或关系模板，归并到核心概念
2286,晚自习散场后看见晚霞穿过教学楼窗户,17,compressed,看见晚霞穿过教学楼窗户,11,移除时间、地点、人物或关系模板，归并到核心概念
2287,晚自习散场后错过毕业前最后一次告白,17,compressed,错过毕业前最后一次告白,11,移除时间、地点、人物或关系模板，归并到核心概念
2288,多年后重新想起时从朋友走向恋人,15,deleted,,0,模板变体、超长表达或配额外的同概念近似项
2289,多年后重新想起时遇到愿意互相陪伴的人,18,compressed,遇到愿意互相陪伴的人,10,移除时间、地点、人物或关系模板，归并到核心概念
2290,多年后重新想起时准备一份有意义的礼物,18,deleted,,0,模板变体、超长表达或配额外的同概念近似项
2291,多年后重新想起时为两个人安排周末行程,18,deleted,,0,模板变体、超长表达或配额外的同概念近似项
2292,多年后重新想起时不把沉默误认为同意,17,deleted,,0,模板变体、超长表达或配额外的同概念近似项
2293,多年后重新想起时整理前任留下的旧物,17,deleted,,0,模板变体、超长表达或配额外的同概念近似项
2294,多年后重新想起时觉得感情进度落后别人,18,deleted,,0,模板变体、超长表达或配额外的同概念近似项
2295,多年后重新想起时看别人收到纪念日礼物,18,deleted,,0,模板变体、超长表达或配额外的同概念近似项
2296,多年后重新想起时停止追问拒绝的具体理由,19,deleted,,0,模板变体、超长表达或配额外的同概念近似项
2297,多年后重新想起时想知道有没有人喜欢自己,19,deleted,,0,模板变体、超长表达或配额外的同概念近似项
2298,多年后重新想起时规划两个人的长期未来,18,deleted,,0,模板变体、超长表达或配额外的同概念近似项
2299,多年后重新想起时零点发送周年祝福,16,deleted,,0,模板变体、超长表达或配额外的同概念近似项
2300,多年后重新想起时换上成套的情侣头像,17,deleted,,0,模板变体、超长表达或配额外的同概念近似项
2301,多年后重新想起时回答第一次恋爱是在几岁,19,deleted,,0,模板变体、超长表达或配额外的同概念近似项
2302,多年后重新想起时经过夜晚亮灯的摩天轮,18,deleted,,0,模板变体、超长表达或配额外的同概念近似项
2303,多年后重新想起时渴望获得稳定情感回应,18,deleted,,0,模板变体、超长表达或配额外的同概念近似项
2304,多年后重新想起时握手协议负责成功牵手,18,deleted,,0,模板变体、超长表达或配额外的同概念近似项
2305,体育课自由活动时替心动对象去小卖部带饮料,20,deleted,,0,模板变体、超长表达或配额外的同概念近似项
2306,晚自习散场后认出人群里熟悉的校服衣角,18,compressed,认出人群里熟悉的校服衣角,12,移除时间、地点、人物或关系模板，归并到核心概念
2307,晚自习散场后交换一根代表好感的小皮筋,18,compressed,交换一根代表好感的小皮筋,12,移除时间、地点、人物或关系模板，归并到核心概念
2308,晚自习散场后在图书馆同一排书架重逢,17,compressed,在图书馆同一排书架重逢,11,移除时间、地点、人物或关系模板，归并到核心概念
2309,晚自习散场后提醒喜欢的人带伞,14,compressed,提醒喜欢的人带伞,8,移除时间、地点、人物或关系模板，归并到核心概念
2310,晚自习散场后记住树影在校服上轻轻晃动,18,compressed,记住树影在校服上轻轻晃动,12,移除时间、地点、人物或关系模板，归并到核心概念
2311,晚自习散场后把喜欢藏进高考结束的夏天,18,compressed,把喜欢藏进高考结束的夏天,12,移除时间、地点、人物或关系模板，归并到核心概念
2312,多年后重新想起时认真讨论彼此的需要,17,deleted,,0,模板变体、超长表达或配额外的同概念近似项
2313,多年后重新想起时开始主动扩大社交圈,17,compressed,开始主动扩大社交圈,9,移除时间、地点、人物或关系模板，归并到核心概念
2314,多年后重新想起时请朋友帮忙判断好感信号,19,deleted,,0,模板变体、超长表达或配额外的同概念近似项
2315,多年后重新想起时见面前认真选择穿搭,17,deleted,,0,模板变体、超长表达或配额外的同概念近似项
2316,多年后重新想起时共同商量可以接受的边界,19,deleted,,0,模板变体、超长表达或配额外的同概念近似项
2317,多年后重新想起时思考过去关系里的问题,18,deleted,,0,模板变体、超长表达或配额外的同概念近似项
2318,多年后重新想起时工作以后才开始学习约会,19,deleted,,0,模板变体、超长表达或配额外的同概念近似项
2319,多年后重新想起时发现朋友周末都去约会,18,deleted,,0,模板变体、超长表达或配额外的同概念近似项
2320,多年后重新想起时被拒绝后不再继续打扰,18,deleted,,0,模板变体、超长表达或配额外的同概念近似项
2321,多年后重新想起时把异性缘归因于颜值,17,deleted,,0,模板变体、超长表达或配额外的同概念近似项
2322,多年后重新想起时被家人追问什么时候结婚,19,deleted,,0,模板变体、超长表达或配额外的同概念近似项
2323,多年后重新想起时看见街边摆满情侣商品,18,deleted,,0,模板变体、超长表达或配额外的同概念近似项
2324,多年后重新想起时每天给对方分享短视频,18,deleted,,0,模板变体、超长表达或配额外的同概念近似项
2325,多年后重新想起时被问最长一段关系多久,18,deleted,,0,模板变体、超长表达或配额外的同概念近似项
2326,多年后重新想起时看到桌上放着两张电影票,19,deleted,,0,模板变体、超长表达或配额外的同概念近似项
2327,多年后重新想起时学习不靠伴侣定义完整,18,deleted,,0,模板变体、超长表达或配额外的同概念近似项
2328,多年后重新想起时线程脱单后进入双线程,18,deleted,,0,模板变体、超长表达或配额外的同概念近似项
2329,体育课自由活动时在人群中寻找熟悉的校服背影,21,deleted,,0,模板变体、超长表达或配额外的同概念近似项
2330,晚自习散场后替对方整理歪掉的校服领口,18,compressed,替对方整理歪掉的校服领口,12,移除时间、地点、人物或关系模板，归并到核心概念
2331,晚自习散场后把校服第二颗纽扣留作纪念,18,compressed,把校服第二颗纽扣留作纪念,12,移除时间、地点、人物或关系模板，归并到核心概念
2332,晚自习散场后在自习室替对方留一个座位,18,compressed,在自习室替对方留一个座位,12,移除时间、地点、人物或关系模板，归并到核心概念
2333,晚自习散场后把自己的外套借给对方,16,compressed,把自己的外套借给对方,10,移除时间、地点、人物或关系模板，归并到核心概念
2334,晚自习散场后看见雨水沿着教室玻璃滑下,18,compressed,看见雨水沿着教室玻璃滑下,12,移除时间、地点、人物或关系模板，归并到核心概念
2335,晚自习散场后约定收到录取通知后再见,17,compressed,约定收到录取通知后再见,11,移除时间、地点、人物或关系模板，归并到核心概念
2336,多年后重新想起时发现关系正在升温,16,deleted,,0,模板变体、超长表达或配额外的同概念近似项
2337,多年后重新想起时期待有人一起规划周末,18,compressed,期待有人一起规划周末,10,移除时间、地点、人物或关系模板，归并到核心概念
2338,多年后重新想起时决定不再隐藏真实心意,18,deleted,,0,模板变体、超长表达或配额外的同概念近似项
2339,多年后重新想起时约会结束后舍不得分别,18,deleted,,0,模板变体、超长表达或配额外的同概念近似项
2340,多年后重新想起时为越界接触认真道歉,17,deleted,,0,模板变体、超长表达或配额外的同概念近似项
2341,多年后重新想起时接受曾经喜欢的人已走远,19,deleted,,0,模板变体、超长表达或配额外的同概念近似项
2342,多年后重新想起时怀疑现在恋爱是否太晚,18,deleted,,0,模板变体、超长表达或配额外的同概念近似项
2343,多年后重新想起时听见同龄人开始谈婚论嫁,19,deleted,,0,模板变体、超长表达或配额外的同概念近似项
2344,多年后重新想起时重新建立交往边界,16,deleted,,0,模板变体、超长表达或配额外的同概念近似项
2345,多年后重新想起时学习更坦诚地表达感受,18,deleted,,0,模板变体、超长表达或配额外的同概念近似项
2346,多年后重新想起时参加同学婚礼独自坐一桌,19,deleted,,0,模板变体、超长表达或配额外的同概念近似项
2347,多年后重新想起时独自度过恋爱主题节日,18,deleted,,0,模板变体、超长表达或配额外的同概念近似项
2348,多年后重新想起时把重要聊天设置为置顶,18,deleted,,0,模板变体、超长表达或配额外的同概念近似项
2349,多年后重新想起时猜测今年是否能够脱单,18,deleted,,0,模板变体、超长表达或配额外的同概念近似项
2350,多年后重新想起时发现相册里只有单人照片,19,deleted,,0,模板变体、超长表达或配额外的同概念近似项
2351,多年后重新想起时接受每个人节奏不同,17,deleted,,0,模板变体、超长表达或配额外的同概念近似项
2352,多年后重新想起时空对象拒绝返回女朋友,18,deleted,,0,模板变体、超长表达或配额外的同概念近似项
2353,体育课自由活动时放学后并肩走出校门,17,deleted,,0,模板变体、超长表达或配额外的同概念近似项
2354,晚自习散场后注意到校服袖口写着名字,17,compressed,注意到校服袖口写着名字,11,移除时间、地点、人物或关系模板，归并到核心概念
2355,晚自习散场后送出成对的钥匙扣,14,compressed,送出成对的钥匙扣,8,移除时间、地点、人物或关系模板，归并到核心概念
2356,晚自习散场后在小卖部门口假装偶遇,16,compressed,在小卖部门口假装偶遇,10,移除时间、地点、人物或关系模板，归并到核心概念
2357,晚自习散场后记住她不吃的食堂菜,15,compressed,记住她不吃的食堂菜,9,移除时间、地点、人物或关系模板，归并到核心概念
2358,晚自习散场后闻到新课本混着油墨的气味,18,compressed,闻到新课本混着油墨的气味,12,移除时间、地点、人物或关系模板，归并到核心概念
2359,晚自习散场后在散伙饭上忍住没说的话,17,compressed,在散伙饭上忍住没说的话,11,移除时间、地点、人物或关系模板，归并到核心概念
2360,多年后重新想起时体验被人惦记的感觉,17,deleted,,0,模板变体、超长表达或配额外的同概念近似项
2361,多年后重新想起时不再独自参加朋友聚会,18,deleted,,0,模板变体、超长表达或配额外的同概念近似项
2362,多年后重新想起时尊重对方对追求的回应,18,deleted,,0,模板变体、超长表达或配额外的同概念近似项
2363,多年后重新想起时等待对方发来安全到家,18,deleted,,0,模板变体、超长表达或配额外的同概念近似项
2364,多年后重新想起时尊重对方改变主意,16,deleted,,0,模板变体、超长表达或配额外的同概念近似项
2365,多年后重新想起时意识到自己从没被表白,18,deleted,,0,模板变体、超长表达或配额外的同概念近似项
2366,多年后重新想起时计算自己单身了多少年,18,deleted,,0,模板变体、超长表达或配额外的同概念近似项
2367,多年后重新想起时把自己的经历和别人比较,19,deleted,,0,模板变体、超长表达或配额外的同概念近似项
2368,多年后重新想起时删除没有发出的解释消息,19,deleted,,0,模板变体、超长表达或配额外的同概念近似项
2369,多年后重新想起时不再靠恋爱证明个人价值,19,deleted,,0,模板变体、超长表达或配额外的同概念近似项
2370,多年后重新想起时听见别人叫彼此老公老婆,19,deleted,,0,模板变体、超长表达或配额外的同概念近似项
2371,多年后重新想起时收到平台推送的情侣套餐,19,deleted,,0,模板变体、超长表达或配额外的同概念近似项
2372,多年后重新想起时从线上聊天走到线下见面,19,deleted,,0,模板变体、超长表达或配额外的同概念近似项
2373,多年后重新想起时面对她是不是你女朋友的追问,21,deleted,,0,模板变体、超长表达或配额外的同概念近似项
2374,多年后重新想起时收到适合约会的地点推荐,19,deleted,,0,模板变体、超长表达或配额外的同概念近似项
2375,多年后重新想起时允许遗憾留在过去,16,deleted,,0,模板变体、超长表达或配额外的同概念近似项
2376,多年后重新想起时恋爱脑被当作神经网络,18,deleted,,0,模板变体、超长表达或配额外的同概念近似项
2377,体育课自由活动时推着自行车陪对方慢慢走,19,deleted,,0,模板变体、超长表达或配额外的同概念近似项
2378,晚自习散场后看见白衬衫被晚霞染成金色,18,compressed,看见白衬衫被晚霞染成金色,12,移除时间、地点、人物或关系模板，归并到核心概念
2379,晚自习散场后互换写着祝福的书签,15,compressed,互换写着祝福的书签,9,移除时间、地点、人物或关系模板，归并到核心概念
2380,晚自习散场后在食堂排队时站到她身后,17,compressed,在食堂排队时站到她身后,11,移除时间、地点、人物或关系模板，归并到核心概念
2381,晚自习散场后替迟到的人悄悄留门,15,compressed,替迟到的人悄悄留门,9,移除时间、地点、人物或关系模板，归并到核心概念
2382,晚自习散场后记住雨后塑胶跑道的气味,17,compressed,记住雨后塑胶跑道的气味,11,移除时间、地点、人物或关系模板，归并到核心概念
2383,晚自习散场后听完最后一次校园广播,16,compressed,听完最后一次校园广播,10,移除时间、地点、人物或关系模板，归并到核心概念
2384,多年后重新想起时允许恋爱自然发生,16,deleted,,0,模板变体、超长表达或配额外的同概念近似项
2385,多年后重新想起时寻找能够长期相处的人,18,deleted,,0,模板变体、超长表达或配额外的同概念近似项
2386,多年后重新想起时把模糊关系说清楚,16,deleted,,0,模板变体、超长表达或配额外的同概念近似项
2387,多年后重新想起时期待下一次单独见面,17,deleted,,0,模板变体、超长表达或配额外的同概念近似项
2388,多年后重新想起时在安全感中逐渐靠近,17,deleted,,0,模板变体、超长表达或配额外的同概念近似项
2389,多年后重新想起时不再用经历数量评价自己,19,deleted,,0,模板变体、超长表达或配额外的同概念近似项
2390,多年后重新想起时提醒自己没有统一人生时钟,20,deleted,,0,模板变体、超长表达或配额外的同概念近似项
2391,多年后重新想起时提醒自己不必追赶他人进度,20,deleted,,0,模板变体、超长表达或配额外的同概念近似项
2392,多年后重新想起时把没有回复也视作答案,18,deleted,,0,模板变体、超长表达或配额外的同概念近似项
2393,多年后重新想起时相信自己也值得被选择,18,deleted,,0,模板变体、超长表达或配额外的同概念近似项
2394,多年后重新想起时还没有对象就开始被催婚,19,deleted,,0,模板变体、超长表达或配额外的同概念近似项
2395,多年后重新想起时跨年倒数时想起喜欢的人,19,deleted,,0,模板变体、超长表达或配额外的同概念近似项
2396,多年后重新想起时因为断联猜测关系是否结束,20,deleted,,0,模板变体、超长表达或配额外的同概念近似项
2397,多年后重新想起时拒绝回答过度私人的感情问题,21,deleted,,0,模板变体、超长表达或配额外的同概念近似项
2398,多年后重新想起时看见副驾驶放着一束花,18,deleted,,0,模板变体、超长表达或配额外的同概念近似项
2399,多年后重新想起时相信未来仍会建立连接,18,deleted,,0,模板变体、超长表达或配额外的同概念近似项
2400,多年后重新想起时朋友圈在图论里形成闭环,19,deleted,,0,模板变体、超长表达或配额外的同概念近似项
2401,体育课自由活动时一起等最后一班公交车,18,deleted,,0,模板变体、超长表达或配额外的同概念近似项
2402,晚自习散场后发现手腕上多了一根小皮筋,18,compressed,发现手腕上多了一根小皮筋,12,移除时间、地点、人物或关系模板，归并到核心概念
2403,晚自习散场后借出一支舍不得收回的笔,17,compressed,借出一支舍不得收回的笔,11,移除时间、地点、人物或关系模板，归并到核心概念
2404,晚自习散场后在校园广播站等一首点歌,17,compressed,在校园广播站等一首点歌,11,移除时间、地点、人物或关系模板，归并到核心概念
2405,晚自习散场后在值日时一起擦黑板,15,compressed,在值日时一起擦黑板,9,移除时间、地点、人物或关系模板，归并到核心概念
2406,晚自习散场后感到共用雨伞时靠近的温度,18,compressed,感到共用雨伞时靠近的温度,12,移除时间、地点、人物或关系模板，归并到核心概念
2407,晚自习散场后收拾课桌时找到旧纸条,16,compressed,收拾课桌时找到旧纸条,10,移除时间、地点、人物或关系模板，归并到核心概念
2408,初次认识时第一次确认恋爱关系，后来常被想起,21,compressed,第一次确认恋爱关系,9,移除时间、地点、人物或关系模板，归并到核心概念
2409,初次认识时终于有了稳定对象，后来常被想起,20,compressed,终于有了稳定对象,8,移除时间、地点、人物或关系模板，归并到核心概念
2410,初次认识时鼓起勇气说出喜欢，后来常被想起,20,deleted,,0,模板变体、超长表达或配额外的同概念近似项
2411,初次认识时计划第一次正式约会，后来常被想起,21,deleted,,0,模板变体、超长表达或配额外的同概念近似项
2412,初次认识时第一次牵住喜欢的人的手，后来常被想起,23,compressed,第一次牵住喜欢的人的手,11,移除时间、地点、人物或关系模板，归并到核心概念
2413,初次认识时回忆自己的第一次心动，后来常被想起,22,deleted,,0,模板变体、超长表达或配额外的同概念近似项
2414,初次认识时发现又长一岁仍然单身，后来常被想起,22,deleted,,0,模板变体、超长表达或配额外的同概念近似项
2415,初次认识时看到室友突然宣布脱单，后来常被想起,22,deleted,,0,模板变体、超长表达或配额外的同概念近似项
2416,初次认识时告白后收到明确拒绝，后来常被想起,21,deleted,,0,模板变体、超长表达或配额外的同概念近似项
2417,初次认识时担心自己的外貌没有吸引力，后来常被想起,24,deleted,,0,模板变体、超长表达或配额外的同概念近似项
2418,初次认识时收到朋友发来的婚礼请柬，后来常被想起,23,compressed,收到朋友发来的婚礼请柬,11,移除时间、地点、人物或关系模板，归并到核心概念
2419,初次认识时在情人节准备一束玫瑰，后来常被想起,22,deleted,,0,模板变体、超长表达或配额外的同概念近似项
2420,初次认识时把心动对象称作crush，后来常被想起,24,deleted,,0,模板变体、超长表达或配额外的同概念近似项
2421,初次认识时被问以前谈过几个对象，后来常被想起,22,deleted,,0,模板变体、超长表达或配额外的同概念近似项
2422,初次认识时看见电影院里的双人座，后来常被想起,22,compressed,看见电影院里的双人座,10,移除时间、地点、人物或关系模板，归并到核心概念
2423,初次认识时把恋爱视作人生进度，后来常被想起,21,deleted,,0,模板变体、超长表达或配额外的同概念近似项
2424,初次认识时面向对象时找不到对象，后来常被想起,22,deleted,,0,模板变体、超长表达或配额外的同概念近似项
2425,体育课自由活动时约好第二天在校门口见,18,deleted,,0,模板变体、超长表达或配额外的同概念近似项
2426,晚自习散场后把对方送的小皮筋戴在手腕,18,compressed,把对方送的小皮筋戴在手腕,12,移除时间、地点、人物或关系模板，归并到核心概念
2427,晚自习散场后在橡皮上刻下对方的缩写,17,compressed,在橡皮上刻下对方的缩写,11,移除时间、地点、人物或关系模板，归并到核心概念
2428,晚自习散场后在礼堂散场后寻找对方,16,compressed,在礼堂散场后寻找对方,10,移除时间、地点、人物或关系模板，归并到核心概念
2429,晚自习散场后一起搬运动会用的桌椅,16,compressed,一起搬运动会用的桌椅,10,移除时间、地点、人物或关系模板，归并到核心概念
2430,晚自习散场后记住冬天热水杯传来的暖意,18,compressed,记住冬天热水杯传来的暖意,12,移除时间、地点、人物或关系模板，归并到核心概念
2431,晚自习散场后离校前再走一遍熟悉的操场,18,compressed,离校前再走一遍熟悉的操场,12,移除时间、地点、人物或关系模板，归并到核心概念
2432,初次认识时感受到双向喜欢，后来常被想起,19,compressed,感受到双向喜欢,7,移除时间、地点、人物或关系模板，归并到核心概念
2433,初次认识时介绍身边的人是另一半，后来常被想起,22,compressed,介绍身边的人是另一半,10,移除时间、地点、人物或关系模板，归并到核心概念
2434,初次认识时把暗恋写进一封信，后来常被想起,20,deleted,,0,模板变体、超长表达或配额外的同概念近似项
2435,初次认识时邀请喜欢的人一起吃饭，后来常被想起,22,deleted,,0,模板变体、超长表达或配额外的同概念近似项
2436,初次认识时得到同意后拥抱对方，后来常被想起,21,compressed,得到同意后拥抱对方,9,移除时间、地点、人物或关系模板，归并到核心概念
2437,初次认识时谈起已经结束的上一段关系，后来常被想起,24,deleted,,0,模板变体、超长表达或配额外的同概念近似项
2438,初次认识时担心毕业前没有恋爱经历，后来常被想起,23,deleted,,0,模板变体、超长表达或配额外的同概念近似项
2439,初次认识时发现聚会里只有自己单身，后来常被想起,23,deleted,,0,模板变体、超长表达或配额外的同概念近似项
2440,初次认识时听见我们还是做朋友吧，后来常被想起,22,deleted,,0,模板变体、超长表达或配额外的同概念近似项
2441,初次认识时见喜欢的人前认真整理头发，后来常被想起,24,deleted,,0,模板变体、超长表达或配额外的同概念近似项
2442,初次认识时看见恋人交换订婚戒指，后来常被想起,22,compressed,看见恋人交换订婚戒指,10,移除时间、地点、人物或关系模板，归并到核心概念
2443,初次认识时七夕预订双人晚餐，后来常被想起,20,deleted,,0,模板变体、超长表达或配额外的同概念近似项
2444,初次认识时在朋友圈正式官宣关系，后来常被想起,22,deleted,,0,模板变体、超长表达或配额外的同概念近似项
2445,初次认识时回答自己有没有恋爱经历，后来常被想起,23,deleted,,0,模板变体、超长表达或配额外的同概念近似项
2446,初次认识时路过摆满玫瑰的花店，后来常被想起,21,compressed,路过摆满玫瑰的花店,9,移除时间、地点、人物或关系模板，归并到核心概念
2447,初次认识时担心青春缺少重要体验，后来常被想起,22,deleted,,0,模板变体、超长表达或配额外的同概念近似项
2448,初次认识时对象存储突然容量不足，后来常被想起,22,deleted,,0,模板变体、超长表达或配额外的同概念近似项
2449,体育课自由活动时在操场看台说出喜欢,17,deleted,,0,模板变体、超长表达或配额外的同概念近似项
2450,晚自习散场后认出书包上新挂的钥匙扣,17,compressed,认出书包上新挂的钥匙扣,11,移除时间、地点、人物或关系模板，归并到核心概念
2451,晚自习散场后把复习资料装订得整整齐齐,18,compressed,把复习资料装订得整整齐齐,12,移除时间、地点、人物或关系模板，归并到核心概念
2452,晚自习散场后沿着操场跑道陪她慢慢走,17,compressed,沿着操场跑道陪她慢慢走,11,移除时间、地点、人物或关系模板，归并到核心概念
2453,晚自习散场后在社团排练后帮忙收器材,17,compressed,在社团排练后帮忙收器材,11,移除时间、地点、人物或关系模板，归并到核心概念
2454,晚自习散场后等春天樱花落在她肩上,16,compressed,等春天樱花落在她肩上,10,移除时间、地点、人物或关系模板，归并到核心概念
2455,晚自习散场后在校门口说出以后常联系,17,compressed,在校门口说出以后常联系,11,移除时间、地点、人物或关系模板，归并到核心概念
2456,初次认识时学会经营一段感情，后来常被想起,20,deleted,,0,模板变体、超长表达或配额外的同概念近似项
2457,初次认识时从单身状态顺利毕业，后来常被想起,21,compressed,从单身状态顺利毕业,9,移除时间、地点、人物或关系模板，归并到核心概念
2458,初次认识时试探对方是否也有好感，后来常被想起,22,deleted,,0,模板变体、超长表达或配额外的同概念近似项
2459,初次认识时挑选适合聊天的咖啡店，后来常被想起,22,deleted,,0,模板变体、超长表达或配额外的同概念近似项
2460,初次认识时在靠近前先询问意愿，后来常被想起,21,deleted,,0,模板变体、超长表达或配额外的同概念近似项
2461,初次认识时被问到过去有几次恋爱，后来常被想起,22,deleted,,0,模板变体、超长表达或配额外的同概念近似项
2462,初次认识时看着同龄人进入稳定关系，后来常被想起,23,deleted,,0,模板变体、超长表达或配额外的同概念近似项
2463,初次认识时刷到朋友晒情侣合照，后来常被想起,21,deleted,,0,模板变体、超长表达或配额外的同概念近似项
2464,初次认识时邀约连续几次没有回应，后来常被想起,22,deleted,,0,模板变体、超长表达或配额外的同概念近似项
2465,初次认识时怀疑自己不擅长聊天，后来常被想起,21,deleted,,0,模板变体、超长表达或配额外的同概念近似项
2466,初次认识时讨论以后在哪座城市生活，后来常被想起,23,compressed,讨论以后在哪座城市生活,11,移除时间、地点、人物或关系模板，归并到核心概念
2467,初次认识时在520发出含蓄告白，后来常被想起,22,deleted,,0,模板变体、超长表达或配额外的同概念近似项
2468,初次认识时和朋友一起磕一对CP，后来常被想起,22,deleted,,0,模板变体、超长表达或配额外的同概念近似项
2469,初次认识时被追问为什么一直单身，后来常被想起,22,deleted,,0,模板变体、超长表达或配额外的同概念近似项
2470,初次认识时发现饮品店推出情侣套餐，后来常被想起,23,compressed,发现饮品店推出情侣套餐,11,移除时间、地点、人物或关系模板，归并到核心概念
2471,初次认识时觉得自己落后于同龄人，后来常被想起,22,deleted,,0,模板变体、超长表达或配额外的同概念近似项
2472,初次认识时单例模式坚持保持单身，后来常被想起,22,deleted,,0,模板变体、超长表达或配额外的同概念近似项
2473,体育课自由活动时把暗恋告诉最信任的同学,19,deleted,,0,模板变体、超长表达或配额外的同概念近似项
2474,晚自习散场后留意她每天更换的发卡,16,compressed,留意她每天更换的发卡,10,移除时间、地点、人物或关系模板，归并到核心概念
2475,晚自习散场后在错题本角落留下鼓励,16,compressed,在错题本角落留下鼓励,10,移除时间、地点、人物或关系模板，归并到核心概念
2476,晚自习散场后在篮球场边递上一瓶水,16,compressed,在篮球场边递上一瓶水,10,移除时间、地点、人物或关系模板，归并到核心概念
2477,晚自习散场后为对方的比赛偷偷加油,16,compressed,为对方的比赛偷偷加油,10,移除时间、地点、人物或关系模板，归并到核心概念
2478,晚自习散场后在盛夏风扇声里偷偷心动,17,compressed,在盛夏风扇声里偷偷心动,11,移除时间、地点、人物或关系模板，归并到核心概念
2479,晚自习散场后目送对方坐上不同方向的车,18,compressed,目送对方坐上不同方向的车,12,移除时间、地点、人物或关系模板，归并到核心概念
2480,初次认识时拥有可以分享日常的人，后来常被想起,22,deleted,,0,模板变体、超长表达或配额外的同概念近似项
2481,初次认识时朋友介绍了合适的人，后来常被想起,21,compressed,朋友介绍了合适的人,9,移除时间、地点、人物或关系模板，归并到核心概念
2482,初次认识时主动创造单独见面的机会，后来常被想起,23,deleted,,0,模板变体、超长表达或配额外的同概念近似项
2483,初次认识时一起看期待很久的电影，后来常被想起,22,deleted,,0,模板变体、超长表达或配额外的同概念近似项
2484,初次认识时注意到对方不舒服的信号，后来常被想起,23,deleted,,0,模板变体、超长表达或配额外的同概念近似项
2485,初次认识时发现恋爱履历仍然空白，后来常被想起,22,deleted,,0,模板变体、超长表达或配额外的同概念近似项
2486,初次认识时把生日变成脱单倒计时，后来常被想起,22,deleted,,0,模板变体、超长表达或配额外的同概念近似项
2487,初次认识时听同学讨论各自的前任，后来常被想起,22,deleted,,0,模板变体、超长表达或配额外的同概念近似项
2488,初次认识时发现对方正在逐渐疏远，后来常被想起,22,deleted,,0,模板变体、超长表达或配额外的同概念近似项
2489,初次认识时面对心动对象突然紧张，后来常被想起,22,deleted,,0,模板变体、超长表达或配额外的同概念近似项
2490,初次认识时考虑要不要带对象见父母，后来常被想起,23,compressed,考虑要不要带对象见父母,11,移除时间、地点、人物或关系模板，归并到核心概念
2491,初次认识时圣诞夜邀请喜欢的人见面，后来常被想起,23,deleted,,0,模板变体、超长表达或配额外的同概念近似项
2492,初次认识时判断彼此是否处于暧昧期，后来常被想起,23,deleted,,0,模板变体、超长表达或配额外的同概念近似项
2493,初次认识时听见什么时候脱单的问题，后来常被想起,23,deleted,,0,模板变体、超长表达或配额外的同概念近似项
2494,初次认识时看见两件并排挂着的外套，后来常被想起,23,deleted,,0,模板变体、超长表达或配额外的同概念近似项
2495,初次认识时害怕永远错过亲密关系，后来常被想起,22,deleted,,0,模板变体、超长表达或配额外的同概念近似项
2496,初次认识时配对算法开始安排相亲，后来常被想起,22,deleted,,0,模板变体、超长表达或配额外的同概念近似项
2497,体育课自由活动时收到对方认真回应的好感,19,deleted,,0,模板变体、超长表达或配额外的同概念近似项
2498,晚自习散场后记住帆布鞋踩过积水的声音,18,deleted,,0,模板变体、超长表达或配额外的同概念近似项
2499,晚自习散场后用同一本练习册对答案,16,deleted,,0,模板变体、超长表达或配额外的同概念近似项
2500,晚自习散场后在看台最高一排并肩坐着,17,compressed,在看台最高一排并肩坐着,11,移除时间、地点、人物或关系模板，归并到核心概念
2501,晚自习散场后在班级合唱时站到她旁边,17,compressed,在班级合唱时站到她旁边,11,移除时间、地点、人物或关系模板，归并到核心概念
2502,晚自习散场后看秋叶堆满放学的小路,16,deleted,,0,模板变体、超长表达或配额外的同概念近似项
2503,晚自习散场后发现最后一句聊天停在毕业快乐,20,deleted,,0,模板变体、超长表达或配额外的同概念近似项
2504,初次认识时期待稳定的情感回应，后来常被想起,21,deleted,,0,模板变体、超长表达或配额外的同概念近似项
2505,初次认识时认真思考理想伴侣，后来常被想起,20,compressed,认真思考理想伴侣,8,移除时间、地点、人物或关系模板，归并到核心概念
2506,初次认识时收到别人认真的告白，后来常被想起,21,deleted,,0,模板变体、超长表达或配额外的同概念近似项
2507,初次认识时沿着安静的小路散步，后来常被想起,21,deleted,,0,模板变体、超长表达或配额外的同概念近似项
2508,初次认识时明确拒绝后立即停止，后来常被想起,21,deleted,,0,模板变体、超长表达或配额外的同概念近似项
2509,初次认识时听对方说起难忘的初恋，后来常被想起,22,deleted,,0,模板变体、超长表达或配额外的同概念近似项
2510,初次认识时害怕错过年轻时的恋爱，后来常被想起,22,deleted,,0,模板变体、超长表达或配额外的同概念近似项
2511,初次认识时参加婚礼时被问有没有对象，后来常被想起,24,deleted,,0,模板变体、超长表达或配额外的同概念近似项
2512,初次认识时接受喜欢没有得到回应，后来常被想起,22,deleted,,0,模板变体、超长表达或配额外的同概念近似项
2513,初次认识时读不懂别人释放的好感，后来常被想起,22,deleted,,0,模板变体、超长表达或配额外的同概念近似项
2514,初次认识时从恋爱走向共同生活，后来常被想起,21,compressed,从恋爱走向共同生活,9,移除时间、地点、人物或关系模板，归并到核心概念
2515,初次认识时为恋爱纪念日挑选礼物，后来常被想起,22,deleted,,0,模板变体、超长表达或配额外的同概念近似项
2516,初次认识时讨论situationship算什么关系，后来常被想起,32,deleted,,0,模板变体、超长表达或配额外的同概念近似项
2517,初次认识时解释目前有没有喜欢的人，后来常被想起,23,deleted,,0,模板变体、超长表达或配额外的同概念近似项
2518,初次认识时注意到共享耳机的两个人，后来常被想起,23,deleted,,0,模板变体、超长表达或配额外的同概念近似项
2519,初次认识时希望成为某个人的例外，后来常被想起,22,deleted,,0,模板变体、超长表达或配额外的同概念近似项
2520,初次认识时关系数据库认真维护关系，后来常被想起,23,deleted,,0,模板变体、超长表达或配额外的同概念近似项
2521,体育课自由活动时从同桌变成互相喜欢的人,19,deleted,,0,模板变体、超长表达或配额外的同概念近似项
2522,晚自习散场后看见运动服背后的班级号码,18,deleted,,0,模板变体、超长表达或配额外的同概念近似项
2523,晚自习散场后把借书卡藏进喜欢的书里,17,deleted,,0,模板变体、超长表达或配额外的同概念近似项
2524,晚自习散场后在体育馆门口等训练结束,17,deleted,,0,模板变体、超长表达或配额外的同概念近似项
2525,晚自习散场后假装随口询问周末安排,16,deleted,,0,模板变体、超长表达或配额外的同概念近似项
2526,晚自习散场后在初雪那天想和她一起走,17,deleted,,0,模板变体、超长表达或配额外的同概念近似项
2527,晚自习散场后因为去往不同城市慢慢失联,18,deleted,,0,模板变体、超长表达或配额外的同概念近似项
2528,初次认识时从朋友走向恋人，后来常被想起,19,deleted,,0,模板变体、超长表达或配额外的同概念近似项
2529,初次认识时遇到愿意互相陪伴的人，后来常被想起,22,compressed,遇到愿意互相陪伴的人,10,移除时间、地点、人物或关系模板，归并到核心概念
2530,初次认识时准备一份有意义的礼物，后来常被想起,22,deleted,,0,模板变体、超长表达或配额外的同概念近似项
2531,初次认识时为两个人安排周末行程，后来常被想起,22,deleted,,0,模板变体、超长表达或配额外的同概念近似项
2532,初次认识时不把沉默误认为同意，后来常被想起,21,deleted,,0,模板变体、超长表达或配额外的同概念近似项
2533,初次认识时整理前任留下的旧物，后来常被想起,21,deleted,,0,模板变体、超长表达或配额外的同概念近似项
2534,初次认识时觉得感情进度落后别人，后来常被想起,22,deleted,,0,模板变体、超长表达或配额外的同概念近似项
2535,初次认识时看别人收到纪念日礼物，后来常被想起,22,deleted,,0,模板变体、超长表达或配额外的同概念近似项
2536,初次认识时停止追问拒绝的具体理由，后来常被想起,23,deleted,,0,模板变体、超长表达或配额外的同概念近似项
2537,初次认识时想知道有没有人喜欢自己，后来常被想起,23,deleted,,0,模板变体、超长表达或配额外的同概念近似项
2538,初次认识时规划两个人的长期未来，后来常被想起,22,deleted,,0,模板变体、超长表达或配额外的同概念近似项
2539,初次认识时零点发送周年祝福，后来常被想起,20,deleted,,0,模板变体、超长表达或配额外的同概念近似项
2540,初次认识时换上成套的情侣头像，后来常被想起,21,deleted,,0,模板变体、超长表达或配额外的同概念近似项
2541,初次认识时回答第一次恋爱是在几岁，后来常被想起,23,deleted,,0,模板变体、超长表达或配额外的同概念近似项
2542,初次认识时经过夜晚亮灯的摩天轮，后来常被想起,22,deleted,,0,模板变体、超长表达或配额外的同概念近似项
2543,初次认识时渴望获得稳定情感回应，后来常被想起,22,deleted,,0,模板变体、超长表达或配额外的同概念近似项
2544,初次认识时握手协议负责成功牵手，后来常被想起,22,deleted,,0,模板变体、超长表达或配额外的同概念近似项
2545,体育课自由活动时在班级起哄中偷偷脸红,18,deleted,,0,模板变体、超长表达或配额外的同概念近似项
2546,晚自习散场后注意到对方紧张时攥住衣角,18,deleted,,0,模板变体、超长表达或配额外的同概念近似项
2547,晚自习散场后用值日表制造一起留下的机会,19,deleted,,0,模板变体、超长表达或配额外的同概念近似项
2548,晚自习散场后沿林荫道推着自行车同行,17,deleted,,0,模板变体、超长表达或配额外的同概念近似项
2549,晚自习散场后把好笑的事情第一个告诉她,18,deleted,,0,模板变体、超长表达或配额外的同概念近似项
2550,晚自习散场后记住六月毕业季的闷热,16,deleted,,0,模板变体、超长表达或配额外的同概念近似项
2551,晚自习散场后多年后翻到泛黄的毕业照,17,deleted,,0,模板变体、超长表达或配额外的同概念近似项
2552,初次认识时认真讨论彼此的需要，后来常被想起,21,deleted,,0,模板变体、超长表达或配额外的同概念近似项
2553,初次认识时开始主动扩大社交圈，后来常被想起,21,compressed,开始主动扩大社交圈,9,移除时间、地点、人物或关系模板，归并到核心概念
2554,初次认识时请朋友帮忙判断好感信号，后来常被想起,23,deleted,,0,模板变体、超长表达或配额外的同概念近似项
2555,初次认识时见面前认真选择穿搭，后来常被想起,21,deleted,,0,模板变体、超长表达或配额外的同概念近似项
2556,初次认识时共同商量可以接受的边界，后来常被想起,23,deleted,,0,模板变体、超长表达或配额外的同概念近似项
2557,初次认识时思考过去关系里的问题，后来常被想起,22,deleted,,0,模板变体、超长表达或配额外的同概念近似项
2558,初次认识时工作以后才开始学习约会，后来常被想起,23,deleted,,0,模板变体、超长表达或配额外的同概念近似项
2559,初次认识时发现朋友周末都去约会，后来常被想起,22,deleted,,0,模板变体、超长表达或配额外的同概念近似项
2560,初次认识时被拒绝后不再继续打扰，后来常被想起,22,deleted,,0,模板变体、超长表达或配额外的同概念近似项
2561,初次认识时把异性缘归因于颜值，后来常被想起,21,deleted,,0,模板变体、超长表达或配额外的同概念近似项
2562,初次认识时被家人追问什么时候结婚，后来常被想起,23,deleted,,0,模板变体、超长表达或配额外的同概念近似项
2563,初次认识时看见街边摆满情侣商品，后来常被想起,22,deleted,,0,模板变体、超长表达或配额外的同概念近似项
2564,初次认识时每天给对方分享短视频，后来常被想起,22,deleted,,0,模板变体、超长表达或配额外的同概念近似项
2565,初次认识时被问最长一段关系多久，后来常被想起,22,deleted,,0,模板变体、超长表达或配额外的同概念近似项
2566,初次认识时看到桌上放着两张电影票，后来常被想起,23,deleted,,0,模板变体、超长表达或配额外的同概念近似项
2567,初次认识时学习不靠伴侣定义完整，后来常被想起,22,deleted,,0,模板变体、超长表达或配额外的同概念近似项
2568,初次认识时线程脱单后进入双线程，后来常被想起,22,deleted,,0,模板变体、超长表达或配额外的同概念近似项
2569,体育课自由活动时交换只有两个人懂的暗号,19,deleted,,0,模板变体、超长表达或配额外的同概念近似项
2570,晚自习散场后记住少年骑车时鼓起的衣摆,18,deleted,,0,模板变体、超长表达或配额外的同概念近似项
2571,晚自习散场后在课程表上圈出共同的空课,18,deleted,,0,模板变体、超长表达或配额外的同概念近似项
2572,晚自习散场后在校门口犹豫要不要告别,17,deleted,,0,模板变体、超长表达或配额外的同概念近似项
2573,晚自习散场后聊天时等对方收拾完书包,17,deleted,,0,模板变体、超长表达或配额外的同概念近似项
2574,晚自习散场后在傍晚风里听见校服摩擦声,18,deleted,,0,模板变体、超长表达或配额外的同概念近似项
2575,晚自习散场后重回母校时寻找当年的座位,18,deleted,,0,模板变体、超长表达或配额外的同概念近似项
2576,初次认识时发现关系正在升温，后来常被想起,20,deleted,,0,模板变体、超长表达或配额外的同概念近似项
2577,初次认识时期待有人一起规划周末，后来常被想起,22,compressed,期待有人一起规划周末,10,移除时间、地点、人物或关系模板，归并到核心概念
2578,初次认识时决定不再隐藏真实心意，后来常被想起,22,deleted,,0,模板变体、超长表达或配额外的同概念近似项
2579,初次认识时约会结束后舍不得分别，后来常被想起,22,deleted,,0,模板变体、超长表达或配额外的同概念近似项
2580,初次认识时为越界接触认真道歉，后来常被想起,21,deleted,,0,模板变体、超长表达或配额外的同概念近似项
2581,初次认识时接受曾经喜欢的人已走远，后来常被想起,23,deleted,,0,模板变体、超长表达或配额外的同概念近似项
2582,初次认识时怀疑现在恋爱是否太晚，后来常被想起,22,deleted,,0,模板变体、超长表达或配额外的同概念近似项
2583,初次认识时听见同龄人开始谈婚论嫁，后来常被想起,23,deleted,,0,模板变体、超长表达或配额外的同概念近似项
2584,初次认识时重新建立交往边界，后来常被想起,20,deleted,,0,模板变体、超长表达或配额外的同概念近似项
2585,初次认识时学习更坦诚地表达感受，后来常被想起,22,deleted,,0,模板变体、超长表达或配额外的同概念近似项
2586,初次认识时参加同学婚礼独自坐一桌，后来常被想起,23,deleted,,0,模板变体、超长表达或配额外的同概念近似项
2587,初次认识时独自度过恋爱主题节日，后来常被想起,22,deleted,,0,模板变体、超长表达或配额外的同概念近似项
2588,初次认识时把重要聊天设置为置顶，后来常被想起,22,deleted,,0,模板变体、超长表达或配额外的同概念近似项
2589,初次认识时猜测今年是否能够脱单，后来常被想起,22,deleted,,0,模板变体、超长表达或配额外的同概念近似项
2590,初次认识时发现相册里只有单人照片，后来常被想起,23,deleted,,0,模板变体、超长表达或配额外的同概念近似项
2591,初次认识时接受每个人节奏不同，后来常被想起,21,deleted,,0,模板变体、超长表达或配额外的同概念近似项
2592,初次认识时空对象拒绝返回女朋友，后来常被想起,22,deleted,,0,模板变体、超长表达或配额外的同概念近似项
2593,体育课自由活动时第一次用恋人的身份说晚安,20,deleted,,0,模板变体、超长表达或配额外的同概念近似项
2594,晚自习散场后发现镜片后躲闪的目光,16,deleted,,0,模板变体、超长表达或配额外的同概念近似项
2595,晚自习散场后用广播点歌传递含蓄心意,17,deleted,,0,模板变体、超长表达或配额外的同概念近似项
2596,晚自习散场后在公交站陪对方等车,15,deleted,,0,模板变体、超长表达或配额外的同概念近似项
2597,晚自习散场后看见她睡着后压低说话声音,18,deleted,,0,模板变体、超长表达或配额外的同概念近似项
2598,晚自习散场后尝到小卖部冰汽水的甜味,17,deleted,,0,模板变体、超长表达或配额外的同概念近似项
2599,晚自习散场后听见校歌突然想起喜欢的人,18,deleted,,0,模板变体、超长表达或配额外的同概念近似项
2600,初次认识时体验被人惦记的感觉，后来常被想起,21,deleted,,0,模板变体、超长表达或配额外的同概念近似项
2601,初次认识时不再独自参加朋友聚会，后来常被想起,22,deleted,,0,模板变体、超长表达或配额外的同概念近似项
2602,初次认识时尊重对方对追求的回应，后来常被想起,22,deleted,,0,模板变体、超长表达或配额外的同概念近似项
2603,初次认识时等待对方发来安全到家，后来常被想起,22,deleted,,0,模板变体、超长表达或配额外的同概念近似项
2604,初次认识时尊重对方改变主意，后来常被想起,20,deleted,,0,模板变体、超长表达或配额外的同概念近似项
2605,初次认识时意识到自己从没被表白，后来常被想起,22,deleted,,0,模板变体、超长表达或配额外的同概念近似项
2606,初次认识时计算自己单身了多少年，后来常被想起,22,deleted,,0,模板变体、超长表达或配额外的同概念近似项
2607,初次认识时把自己的经历和别人比较，后来常被想起,23,deleted,,0,模板变体、超长表达或配额外的同概念近似项
2608,初次认识时删除没有发出的解释消息，后来常被想起,23,deleted,,0,模板变体、超长表达或配额外的同概念近似项
2609,初次认识时不再靠恋爱证明个人价值，后来常被想起,23,deleted,,0,模板变体、超长表达或配额外的同概念近似项
2610,初次认识时听见别人叫彼此老公老婆，后来常被想起,23,deleted,,0,模板变体、超长表达或配额外的同概念近似项
2611,初次认识时收到平台推送的情侣套餐，后来常被想起,23,deleted,,0,模板变体、超长表达或配额外的同概念近似项
2612,初次认识时从线上聊天走到线下见面，后来常被想起,23,deleted,,0,模板变体、超长表达或配额外的同概念近似项
2613,初次认识时面对她是不是你女朋友的追问，后来常被想起,25,deleted,,0,模板变体、超长表达或配额外的同概念近似项
2614,初次认识时收到适合约会的地点推荐，后来常被想起,23,deleted,,0,模板变体、超长表达或配额外的同概念近似项
2615,初次认识时允许遗憾留在过去，后来常被想起,20,deleted,,0,模板变体、超长表达或配额外的同概念近似项
2616,初次认识时恋爱脑被当作神经网络，后来常被想起,22,deleted,,0,模板变体、超长表达或配额外的同概念近似项
2617,体育课自由活动时约定毕业以后也继续联系,19,deleted,,0,模板变体、超长表达或配额外的同概念近似项
2618,晚自习散场后在人群中认出那双熟悉的球鞋,19,deleted,,0,模板变体、超长表达或配额外的同概念近似项
2619,晚自习散场后约定用窗台上的水杯当暗号,18,deleted,,0,模板变体、超长表达或配额外的同概念近似项
2620,晚自习散场后绕远路走过两个人常走的小巷,19,deleted,,0,模板变体、超长表达或配额外的同概念近似项
2621,晚自习散场后把最后一颗糖留给喜欢的人,18,deleted,,0,模板变体、超长表达或配额外的同概念近似项
2622,晚自习散场后记住她经过时淡淡的洗衣粉香,19,deleted,,0,模板变体、超长表达或配额外的同概念近似项
2623,晚自习散场后意识到那次挥手已经是最后一面,20,deleted,,0,模板变体、超长表达或配额外的同概念近似项
2624,初次认识时允许恋爱自然发生，后来常被想起,20,deleted,,0,模板变体、超长表达或配额外的同概念近似项
2625,初次认识时寻找能够长期相处的人，后来常被想起,22,deleted,,0,模板变体、超长表达或配额外的同概念近似项
2626,初次认识时把模糊关系说清楚，后来常被想起,20,deleted,,0,模板变体、超长表达或配额外的同概念近似项
2627,初次认识时期待下一次单独见面，后来常被想起,21,deleted,,0,模板变体、超长表达或配额外的同概念近似项
2628,初次认识时在安全感中逐渐靠近，后来常被想起,21,deleted,,0,模板变体、超长表达或配额外的同概念近似项
2629,初次认识时不再用经历数量评价自己，后来常被想起,23,deleted,,0,模板变体、超长表达或配额外的同概念近似项
2630,初次认识时提醒自己没有统一人生时钟，后来常被想起,24,deleted,,0,模板变体、超长表达或配额外的同概念近似项
2631,初次认识时提醒自己不必追赶他人进度，后来常被想起,24,deleted,,0,模板变体、超长表达或配额外的同概念近似项
2632,初次认识时把没有回复也视作答案，后来常被想起,22,deleted,,0,模板变体、超长表达或配额外的同概念近似项
2633,初次认识时相信自己也值得被选择，后来常被想起,22,deleted,,0,模板变体、超长表达或配额外的同概念近似项
2634,初次认识时还没有对象就开始被催婚，后来常被想起,23,deleted,,0,模板变体、超长表达或配额外的同概念近似项
2635,初次认识时跨年倒数时想起喜欢的人，后来常被想起,23,deleted,,0,模板变体、超长表达或配额外的同概念近似项
2636,初次认识时因为断联猜测关系是否结束，后来常被想起,24,deleted,,0,模板变体、超长表达或配额外的同概念近似项
2637,初次认识时拒绝回答过度私人的感情问题，后来常被想起,25,deleted,,0,模板变体、超长表达或配额外的同概念近似项
2638,初次认识时看见副驾驶放着一束花，后来常被想起,22,deleted,,0,模板变体、超长表达或配额外的同概念近似项
2639,初次认识时相信未来仍会建立连接，后来常被想起,22,deleted,,0,模板变体、超长表达或配额外的同概念近似项
2640,初次认识时朋友圈在图论里形成闭环，后来常被想起,23,deleted,,0,模板变体、超长表达或配额外的同概念近似项
2641,晚自习散场后和喜欢的人隔着课桌对视,17,deleted,,0,模板变体、超长表达或配额外的同概念近似项
2642,放学人群里风吹起她额前的刘海,14,compressed,风吹起她额前的刘海,9,移除时间、地点、人物或关系模板，归并到核心概念
2643,放学人群里递来一张折好的小纸条,15,compressed,递来一张折好的小纸条,10,移除时间、地点、人物或关系模板，归并到核心概念
2644,放学人群里在靠窗的座位等她出现,15,compressed,在靠窗的座位等她出现,10,移除时间、地点、人物或关系模板，归并到核心概念
2645,放学人群里把课堂笔记借给喜欢的人,16,compressed,把课堂笔记借给喜欢的人,11,移除时间、地点、人物或关系模板，归并到核心概念
2646,放学人群里听见窗外一阵很长的蝉鸣,16,compressed,听见窗外一阵很长的蝉鸣,11,移除时间、地点、人物或关系模板，归并到核心概念
2647,放学人群里在毕业册上写下一句祝福,16,compressed,在毕业册上写下一句祝福,11,移除时间、地点、人物或关系模板，归并到核心概念
2648,关系升温后第一次确认恋爱关系，后来常被想起,21,compressed,第一次确认恋爱关系,9,移除时间、地点、人物或关系模板，归并到核心概念
2649,关系升温后终于有了稳定对象，后来常被想起,20,compressed,终于有了稳定对象,8,移除时间、地点、人物或关系模板，归并到核心概念
2650,关系升温后鼓起勇气说出喜欢，后来常被想起,20,deleted,,0,模板变体、超长表达或配额外的同概念近似项
2651,关系升温后计划第一次正式约会，后来常被想起,21,deleted,,0,模板变体、超长表达或配额外的同概念近似项
2652,关系升温后第一次牵住喜欢的人的手，后来常被想起,23,compressed,第一次牵住喜欢的人的手,11,移除时间、地点、人物或关系模板，归并到核心概念
2653,关系升温后回忆自己的第一次心动，后来常被想起,22,deleted,,0,模板变体、超长表达或配额外的同概念近似项
2654,关系升温后发现又长一岁仍然单身，后来常被想起,22,deleted,,0,模板变体、超长表达或配额外的同概念近似项
2655,关系升温后看到室友突然宣布脱单，后来常被想起,22,deleted,,0,模板变体、超长表达或配额外的同概念近似项
2656,关系升温后告白后收到明确拒绝，后来常被想起,21,deleted,,0,模板变体、超长表达或配额外的同概念近似项
2657,关系升温后担心自己的外貌没有吸引力，后来常被想起,24,deleted,,0,模板变体、超长表达或配额外的同概念近似项
2658,关系升温后收到朋友发来的婚礼请柬，后来常被想起,23,compressed,收到朋友发来的婚礼请柬,11,移除时间、地点、人物或关系模板，归并到核心概念
2659,关系升温后在情人节准备一束玫瑰，后来常被想起,22,deleted,,0,模板变体、超长表达或配额外的同概念近似项
2660,关系升温后把心动对象称作crush，后来常被想起,24,deleted,,0,模板变体、超长表达或配额外的同概念近似项
2661,关系升温后被问以前谈过几个对象，后来常被想起,22,deleted,,0,模板变体、超长表达或配额外的同概念近似项
2662,关系升温后看见电影院里的双人座，后来常被想起,22,compressed,看见电影院里的双人座,10,移除时间、地点、人物或关系模板，归并到核心概念
2663,关系升温后把恋爱视作人生进度，后来常被想起,21,deleted,,0,模板变体、超长表达或配额外的同概念近似项
2664,关系升温后面向对象时找不到对象，后来常被想起,22,deleted,,0,模板变体、超长表达或配额外的同概念近似项
2665,晚自习散场后发现同桌悄悄看向自己,16,deleted,,0,模板变体、超长表达或配额外的同概念近似项
2666,放学人群里看见她把刘海别到耳后,15,compressed,看见她把刘海别到耳后,10,移除时间、地点、人物或关系模板，归并到核心概念
2667,放学人群里在纸条背面写下回复,14,compressed,在纸条背面写下回复,9,移除时间、地点、人物或关系模板，归并到核心概念
2668,放学人群里经过对方班级的教室门口,16,compressed,经过对方班级的教室门口,11,移除时间、地点、人物或关系模板，归并到核心概念
2669,放学人群里耐心讲一道做错的题,14,compressed,耐心讲一道做错的题,9,移除时间、地点、人物或关系模板，归并到核心概念
2670,放学人群里听见下课铃盖过没说完的话,17,compressed,听见下课铃盖过没说完的话,12,移除时间、地点、人物或关系模板，归并到核心概念
2671,放学人群里把同学录最后一页留给她,16,compressed,把同学录最后一页留给她,11,移除时间、地点、人物或关系模板，归并到核心概念
2672,关系升温后感受到双向喜欢，后来常被想起,19,compressed,感受到双向喜欢,7,移除时间、地点、人物或关系模板，归并到核心概念
2673,关系升温后介绍身边的人是另一半，后来常被想起,22,compressed,介绍身边的人是另一半,10,移除时间、地点、人物或关系模板，归并到核心概念
2674,关系升温后把暗恋写进一封信，后来常被想起,20,deleted,,0,模板变体、超长表达或配额外的同概念近似项
2675,关系升温后邀请喜欢的人一起吃饭，后来常被想起,22,deleted,,0,模板变体、超长表达或配额外的同概念近似项
2676,关系升温后得到同意后拥抱对方，后来常被想起,21,compressed,得到同意后拥抱对方,9,移除时间、地点、人物或关系模板，归并到核心概念
2677,关系升温后谈起已经结束的上一段关系，后来常被想起,24,deleted,,0,模板变体、超长表达或配额外的同概念近似项
2678,关系升温后担心毕业前没有恋爱经历，后来常被想起,23,deleted,,0,模板变体、超长表达或配额外的同概念近似项
2679,关系升温后发现聚会里只有自己单身，后来常被想起,23,deleted,,0,模板变体、超长表达或配额外的同概念近似项
2680,关系升温后听见我们还是做朋友吧，后来常被想起,22,deleted,,0,模板变体、超长表达或配额外的同概念近似项
2681,关系升温后见喜欢的人前认真整理头发，后来常被想起,24,deleted,,0,模板变体、超长表达或配额外的同概念近似项
2682,关系升温后看见恋人交换订婚戒指，后来常被想起,22,compressed,看见恋人交换订婚戒指,10,移除时间、地点、人物或关系模板，归并到核心概念
2683,关系升温后七夕预订双人晚餐，后来常被想起,20,deleted,,0,模板变体、超长表达或配额外的同概念近似项
2684,关系升温后在朋友圈正式官宣关系，后来常被想起,22,deleted,,0,模板变体、超长表达或配额外的同概念近似项
2685,关系升温后回答自己有没有恋爱经历，后来常被想起,23,deleted,,0,模板变体、超长表达或配额外的同概念近似项
2686,关系升温后路过摆满玫瑰的花店，后来常被想起,21,compressed,路过摆满玫瑰的花店,9,移除时间、地点、人物或关系模板，归并到核心概念
2687,关系升温后担心青春缺少重要体验，后来常被想起,22,deleted,,0,模板变体、超长表达或配额外的同概念近似项
2688,关系升温后对象存储突然容量不足，后来常被想起,22,deleted,,0,模板变体、超长表达或配额外的同概念近似项
2689,晚自习散场后把喜欢藏在课堂笔记里,16,deleted,,0,模板变体、超长表达或配额外的同概念近似项
2690,放学人群里注意到阳光落在她的发梢,16,compressed,注意到阳光落在她的发梢,11,移除时间、地点、人物或关系模板，归并到核心概念
2691,放学人群里把没送出的情书夹进书里,16,compressed,把没送出的情书夹进书里,11,移除时间、地点、人物或关系模板，归并到核心概念
2692,放学人群里在空教室里多停留一会儿,16,compressed,在空教室里多停留一会儿,11,移除时间、地点、人物或关系模板，归并到核心概念
2693,放学人群里一起背诵第二天要抽查的课文,18,deleted,,0,模板变体、超长表达或配额外的同概念近似项
2694,放学人群里记住篮球落地的回声,14,compressed,记住篮球落地的回声,9,移除时间、地点、人物或关系模板，归并到核心概念
2695,放学人群里在毕业照里悄悄站得更近,16,compressed,在毕业照里悄悄站得更近,11,移除时间、地点、人物或关系模板，归并到核心概念
2696,关系升温后学会经营一段感情，后来常被想起,20,deleted,,0,模板变体、超长表达或配额外的同概念近似项
2697,关系升温后从单身状态顺利毕业，后来常被想起,21,compressed,从单身状态顺利毕业,9,移除时间、地点、人物或关系模板，归并到核心概念
2698,关系升温后试探对方是否也有好感，后来常被想起,22,deleted,,0,模板变体、超长表达或配额外的同概念近似项
2699,关系升温后挑选适合聊天的咖啡店，后来常被想起,22,deleted,,0,模板变体、超长表达或配额外的同概念近似项
2700,关系升温后在靠近前先询问意愿，后来常被想起,21,deleted,,0,模板变体、超长表达或配额外的同概念近似项
2701,关系升温后被问到过去有几次恋爱，后来常被想起,22,deleted,,0,模板变体、超长表达或配额外的同概念近似项
2702,关系升温后看着同龄人进入稳定关系，后来常被想起,23,deleted,,0,模板变体、超长表达或配额外的同概念近似项
2703,关系升温后刷到朋友晒情侣合照，后来常被想起,21,deleted,,0,模板变体、超长表达或配额外的同概念近似项
2704,关系升温后邀约连续几次没有回应，后来常被想起,22,deleted,,0,模板变体、超长表达或配额外的同概念近似项
2705,关系升温后怀疑自己不擅长聊天，后来常被想起,21,deleted,,0,模板变体、超长表达或配额外的同概念近似项
2706,关系升温后讨论以后在哪座城市生活，后来常被想起,23,compressed,讨论以后在哪座城市生活,11,移除时间、地点、人物或关系模板，归并到核心概念
2707,关系升温后在520发出含蓄告白，后来常被想起,22,deleted,,0,模板变体、超长表达或配额外的同概念近似项
2708,关系升温后和朋友一起磕一对CP，后来常被想起,22,deleted,,0,模板变体、超长表达或配额外的同概念近似项
2709,关系升温后被追问为什么一直单身，后来常被想起,22,deleted,,0,模板变体、超长表达或配额外的同概念近似项
2710,关系升温后发现饮品店推出情侣套餐，后来常被想起,23,compressed,发现饮品店推出情侣套餐,11,移除时间、地点、人物或关系模板，归并到核心概念
2711,关系升温后觉得自己落后于同龄人，后来常被想起,22,deleted,,0,模板变体、超长表达或配额外的同概念近似项
2712,关系升温后单例模式坚持保持单身，后来常被想起,22,deleted,,0,模板变体、超长表达或配额外的同概念近似项
2713,晚自习散场后借讲题的机会坐得更近,16,deleted,,0,模板变体、超长表达或配额外的同概念近似项
2714,放学人群里记住她低头笑时的酒窝,15,compressed,记住她低头笑时的酒窝,10,移除时间、地点、人物或关系模板，归并到核心概念
2715,放学人群里收到一封没有署名的情书,16,compressed,收到一封没有署名的情书,11,移除时间、地点、人物或关系模板，归并到核心概念
2716,放学人群里从教学楼走廊远远看见她,16,compressed,从教学楼走廊远远看见她,11,移除时间、地点、人物或关系模板，归并到核心概念
2717,放学人群里互相检查听写答案,13,compressed,互相检查听写答案,8,移除时间、地点、人物或关系模板，归并到核心概念
2718,放学人群里听见广播里放过的那首歌,16,compressed,听见广播里放过的那首歌,11,移除时间、地点、人物或关系模板，归并到核心概念
2719,放学人群里在校服背面签下名字,14,compressed,在校服背面签下名字,9,移除时间、地点、人物或关系模板，归并到核心概念
2720,关系升温后拥有可以分享日常的人，后来常被想起,22,deleted,,0,模板变体、超长表达或配额外的同概念近似项
2721,关系升温后朋友介绍了合适的人，后来常被想起,21,compressed,朋友介绍了合适的人,9,移除时间、地点、人物或关系模板，归并到核心概念
2722,关系升温后主动创造单独见面的机会，后来常被想起,23,deleted,,0,模板变体、超长表达或配额外的同概念近似项
2723,关系升温后一起看期待很久的电影，后来常被想起,22,deleted,,0,模板变体、超长表达或配额外的同概念近似项
2724,关系升温后注意到对方不舒服的信号，后来常被想起,23,deleted,,0,模板变体、超长表达或配额外的同概念近似项
2725,关系升温后发现恋爱履历仍然空白，后来常被想起,22,deleted,,0,模板变体、超长表达或配额外的同概念近似项
2726,关系升温后把生日变成脱单倒计时，后来常被想起,22,deleted,,0,模板变体、超长表达或配额外的同概念近似项
2727,关系升温后听同学讨论各自的前任，后来常被想起,22,deleted,,0,模板变体、超长表达或配额外的同概念近似项
2728,关系升温后发现对方正在逐渐疏远，后来常被想起,22,deleted,,0,模板变体、超长表达或配额外的同概念近似项
2729,关系升温后面对心动对象突然紧张，后来常被想起,22,deleted,,0,模板变体、超长表达或配额外的同概念近似项
2730,关系升温后考虑要不要带对象见父母，后来常被想起,23,compressed,考虑要不要带对象见父母,11,移除时间、地点、人物或关系模板，归并到核心概念
2731,关系升温后圣诞夜邀请喜欢的人见面，后来常被想起,23,deleted,,0,模板变体、超长表达或配额外的同概念近似项
2732,关系升温后判断彼此是否处于暧昧期，后来常被想起,23,deleted,,0,模板变体、超长表达或配额外的同概念近似项
2733,关系升温后听见什么时候脱单的问题，后来常被想起,23,deleted,,0,模板变体、超长表达或配额外的同概念近似项
2734,关系升温后看见两件并排挂着的外套，后来常被想起,23,deleted,,0,模板变体、超长表达或配额外的同概念近似项
2735,关系升温后害怕永远错过亲密关系，后来常被想起,22,deleted,,0,模板变体、超长表达或配额外的同概念近似项
2736,关系升温后配对算法开始安排相亲，后来常被想起,22,deleted,,0,模板变体、超长表达或配额外的同概念近似项
2737,晚自习散场后在走廊等喜欢的人经过,16,deleted,,0,模板变体、超长表达或配额外的同概念近似项
2738,放学人群里发现她见面前认真扎好头发,17,compressed,发现她见面前认真扎好头发,12,移除时间、地点、人物或关系模板，归并到核心概念
2739,放学人群里在便利贴上画一颗小心心,16,compressed,在便利贴上画一颗小心心,11,移除时间、地点、人物或关系模板，归并到核心概念
2740,放学人群里在楼梯转角意外遇见喜欢的人,18,deleted,,0,模板变体、超长表达或配额外的同概念近似项
2741,放学人群里替对方保管暂时没收的手机,17,compressed,替对方保管暂时没收的手机,12,移除时间、地点、人物或关系模板，归并到核心概念
2742,放学人群里看见晨光落在她的课桌上,16,compressed,看见晨光落在她的课桌上,11,移除时间、地点、人物或关系模板，归并到核心概念
2743,放学人群里把没送出的情书带回家,15,compressed,把没送出的情书带回家,10,移除时间、地点、人物或关系模板，归并到核心概念
2744,关系升温后期待稳定的情感回应，后来常被想起,21,deleted,,0,模板变体、超长表达或配额外的同概念近似项
2745,关系升温后认真思考理想伴侣，后来常被想起,20,compressed,认真思考理想伴侣,8,移除时间、地点、人物或关系模板，归并到核心概念
2746,关系升温后收到别人认真的告白，后来常被想起,21,deleted,,0,模板变体、超长表达或配额外的同概念近似项
2747,关系升温后沿着安静的小路散步，后来常被想起,21,deleted,,0,模板变体、超长表达或配额外的同概念近似项
2748,关系升温后明确拒绝后立即停止，后来常被想起,21,deleted,,0,模板变体、超长表达或配额外的同概念近似项
2749,关系升温后听对方说起难忘的初恋，后来常被想起,22,deleted,,0,模板变体、超长表达或配额外的同概念近似项
2750,关系升温后害怕错过年轻时的恋爱，后来常被想起,22,deleted,,0,模板变体、超长表达或配额外的同概念近似项
2751,关系升温后参加婚礼时被问有没有对象，后来常被想起,24,deleted,,0,模板变体、超长表达或配额外的同概念近似项
2752,关系升温后接受喜欢没有得到回应，后来常被想起,22,deleted,,0,模板变体、超长表达或配额外的同概念近似项
2753,关系升温后读不懂别人释放的好感，后来常被想起,22,deleted,,0,模板变体、超长表达或配额外的同概念近似项
2754,关系升温后从恋爱走向共同生活，后来常被想起,21,compressed,从恋爱走向共同生活,9,移除时间、地点、人物或关系模板，归并到核心概念
2755,关系升温后为恋爱纪念日挑选礼物，后来常被想起,22,deleted,,0,模板变体、超长表达或配额外的同概念近似项
2756,关系升温后讨论situationship算什么关系，后来常被想起,32,deleted,,0,模板变体、超长表达或配额外的同概念近似项
2757,关系升温后解释目前有没有喜欢的人，后来常被想起,23,deleted,,0,模板变体、超长表达或配额外的同概念近似项
2758,关系升温后注意到共享耳机的两个人，后来常被想起,23,deleted,,0,模板变体、超长表达或配额外的同概念近似项
2759,关系升温后希望成为某个人的例外，后来常被想起,22,deleted,,0,模板变体、超长表达或配额外的同概念近似项
2760,关系升温后关系数据库认真维护关系，后来常被想起,23,deleted,,0,模板变体、超长表达或配额外的同概念近似项
2761,晚自习散场后课间绕路去隔壁班门口,16,deleted,,0,模板变体、超长表达或配额外的同概念近似项
2762,放学人群里看见她穿着宽大的校服外套,17,compressed,看见她穿着宽大的校服外套,12,移除时间、地点、人物或关系模板，归并到核心概念
2763,放学人群里把名字写在同一张草稿纸上,17,compressed,把名字写在同一张草稿纸上,12,移除时间、地点、人物或关系模板，归并到核心概念
2764,放学人群里绕路经过她常去的饮水机,16,compressed,绕路经过她常去的饮水机,11,移除时间、地点、人物或关系模板，归并到核心概念
2765,放学人群里给趴在桌上的人留一盒牛奶,17,compressed,给趴在桌上的人留一盒牛奶,12,移除时间、地点、人物或关系模板，归并到核心概念
2766,放学人群里看见晚霞穿过教学楼窗户,16,compressed,看见晚霞穿过教学楼窗户,11,移除时间、地点、人物或关系模板，归并到核心概念
2767,放学人群里错过毕业前最后一次告白,16,compressed,错过毕业前最后一次告白,11,移除时间、地点、人物或关系模板，归并到核心概念
2768,关系升温后从朋友走向恋人，后来常被想起,19,deleted,,0,模板变体、超长表达或配额外的同概念近似项
2769,关系升温后遇到愿意互相陪伴的人，后来常被想起,22,compressed,遇到愿意互相陪伴的人,10,移除时间、地点、人物或关系模板，归并到核心概念
2770,关系升温后准备一份有意义的礼物，后来常被想起,22,deleted,,0,模板变体、超长表达或配额外的同概念近似项
2771,关系升温后为两个人安排周末行程，后来常被想起,22,deleted,,0,模板变体、超长表达或配额外的同概念近似项
2772,关系升温后不把沉默误认为同意，后来常被想起,21,deleted,,0,模板变体、超长表达或配额外的同概念近似项
2773,关系升温后整理前任留下的旧物，后来常被想起,21,deleted,,0,模板变体、超长表达或配额外的同概念近似项
2774,关系升温后觉得感情进度落后别人，后来常被想起,22,deleted,,0,模板变体、超长表达或配额外的同概念近似项
2775,关系升温后看别人收到纪念日礼物，后来常被想起,22,deleted,,0,模板变体、超长表达或配额外的同概念近似项
2776,关系升温后停止追问拒绝的具体理由，后来常被想起,23,deleted,,0,模板变体、超长表达或配额外的同概念近似项
2777,关系升温后想知道有没有人喜欢自己，后来常被想起,23,deleted,,0,模板变体、超长表达或配额外的同概念近似项
2778,关系升温后规划两个人的长期未来，后来常被想起,22,deleted,,0,模板变体、超长表达或配额外的同概念近似项
2779,关系升温后零点发送周年祝福，后来常被想起,20,deleted,,0,模板变体、超长表达或配额外的同概念近似项
2780,关系升温后换上成套的情侣头像，后来常被想起,21,deleted,,0,模板变体、超长表达或配额外的同概念近似项
2781,关系升温后回答第一次恋爱是在几岁，后来常被想起,23,deleted,,0,模板变体、超长表达或配额外的同概念近似项
2782,关系升温后经过夜晚亮灯的摩天轮，后来常被想起,22,deleted,,0,模板变体、超长表达或配额外的同概念近似项
2783,关系升温后渴望获得稳定情感回应，后来常被想起,22,deleted,,0,模板变体、超长表达或配额外的同概念近似项
2784,关系升温后握手协议负责成功牵手，后来常被想起,22,deleted,,0,模板变体、超长表达或配额外的同概念近似项
2785,晚自习散场后替心动对象去小卖部带饮料,18,deleted,,0,模板变体、超长表达或配额外的同概念近似项
2786,放学人群里认出人群里熟悉的校服衣角,17,compressed,认出人群里熟悉的校服衣角,12,移除时间、地点、人物或关系模板，归并到核心概念
2787,放学人群里交换一根代表好感的小皮筋,17,compressed,交换一根代表好感的小皮筋,12,移除时间、地点、人物或关系模板，归并到核心概念
2788,放学人群里在图书馆同一排书架重逢,16,compressed,在图书馆同一排书架重逢,11,移除时间、地点、人物或关系模板，归并到核心概念
2789,放学人群里提醒喜欢的人带伞,13,compressed,提醒喜欢的人带伞,8,移除时间、地点、人物或关系模板，归并到核心概念
2790,放学人群里记住树影在校服上轻轻晃动,17,compressed,记住树影在校服上轻轻晃动,12,移除时间、地点、人物或关系模板，归并到核心概念
2791,放学人群里把喜欢藏进高考结束的夏天,17,compressed,把喜欢藏进高考结束的夏天,12,移除时间、地点、人物或关系模板，归并到核心概念
2792,关系升温后认真讨论彼此的需要，后来常被想起,21,deleted,,0,模板变体、超长表达或配额外的同概念近似项
2793,关系升温后开始主动扩大社交圈，后来常被想起,21,compressed,开始主动扩大社交圈,9,移除时间、地点、人物或关系模板，归并到核心概念
2794,关系升温后请朋友帮忙判断好感信号，后来常被想起,23,deleted,,0,模板变体、超长表达或配额外的同概念近似项
2795,关系升温后见面前认真选择穿搭，后来常被想起,21,deleted,,0,模板变体、超长表达或配额外的同概念近似项
2796,关系升温后共同商量可以接受的边界，后来常被想起,23,deleted,,0,模板变体、超长表达或配额外的同概念近似项
2797,关系升温后思考过去关系里的问题，后来常被想起,22,deleted,,0,模板变体、超长表达或配额外的同概念近似项
2798,关系升温后工作以后才开始学习约会，后来常被想起,23,deleted,,0,模板变体、超长表达或配额外的同概念近似项
2799,关系升温后发现朋友周末都去约会，后来常被想起,22,deleted,,0,模板变体、超长表达或配额外的同概念近似项
2800,关系升温后被拒绝后不再继续打扰，后来常被想起,22,deleted,,0,模板变体、超长表达或配额外的同概念近似项
2801,关系升温后把异性缘归因于颜值，后来常被想起,21,deleted,,0,模板变体、超长表达或配额外的同概念近似项
2802,关系升温后被家人追问什么时候结婚，后来常被想起,23,deleted,,0,模板变体、超长表达或配额外的同概念近似项
2803,关系升温后看见街边摆满情侣商品，后来常被想起,22,deleted,,0,模板变体、超长表达或配额外的同概念近似项
2804,关系升温后每天给对方分享短视频，后来常被想起,22,deleted,,0,模板变体、超长表达或配额外的同概念近似项
2805,关系升温后被问最长一段关系多久，后来常被想起,22,deleted,,0,模板变体、超长表达或配额外的同概念近似项
2806,关系升温后看到桌上放着两张电影票，后来常被想起,23,deleted,,0,模板变体、超长表达或配额外的同概念近似项
2807,关系升温后学习不靠伴侣定义完整，后来常被想起,22,deleted,,0,模板变体、超长表达或配额外的同概念近似项
2808,关系升温后线程脱单后进入双线程，后来常被想起,22,deleted,,0,模板变体、超长表达或配额外的同概念近似项
2809,晚自习散场后在人群中寻找熟悉的校服背影,19,deleted,,0,模板变体、超长表达或配额外的同概念近似项
2810,放学人群里替对方整理歪掉的校服领口,17,compressed,替对方整理歪掉的校服领口,12,移除时间、地点、人物或关系模板，归并到核心概念
2811,放学人群里把校服第二颗纽扣留作纪念,17,compressed,把校服第二颗纽扣留作纪念,12,移除时间、地点、人物或关系模板，归并到核心概念
2812,放学人群里在自习室替对方留一个座位,17,compressed,在自习室替对方留一个座位,12,移除时间、地点、人物或关系模板，归并到核心概念
2813,放学人群里把自己的外套借给对方,15,compressed,把自己的外套借给对方,10,移除时间、地点、人物或关系模板，归并到核心概念
2814,放学人群里看见雨水沿着教室玻璃滑下,17,compressed,看见雨水沿着教室玻璃滑下,12,移除时间、地点、人物或关系模板，归并到核心概念
2815,放学人群里约定收到录取通知后再见,16,compressed,约定收到录取通知后再见,11,移除时间、地点、人物或关系模板，归并到核心概念
2816,关系升温后发现关系正在升温，后来常被想起,20,deleted,,0,模板变体、超长表达或配额外的同概念近似项
2817,关系升温后期待有人一起规划周末，后来常被想起,22,compressed,期待有人一起规划周末,10,移除时间、地点、人物或关系模板，归并到核心概念
2818,关系升温后决定不再隐藏真实心意，后来常被想起,22,deleted,,0,模板变体、超长表达或配额外的同概念近似项
2819,关系升温后约会结束后舍不得分别，后来常被想起,22,deleted,,0,模板变体、超长表达或配额外的同概念近似项
2820,关系升温后为越界接触认真道歉，后来常被想起,21,deleted,,0,模板变体、超长表达或配额外的同概念近似项
2821,关系升温后接受曾经喜欢的人已走远，后来常被想起,23,deleted,,0,模板变体、超长表达或配额外的同概念近似项
2822,关系升温后怀疑现在恋爱是否太晚，后来常被想起,22,deleted,,0,模板变体、超长表达或配额外的同概念近似项
2823,关系升温后听见同龄人开始谈婚论嫁，后来常被想起,23,deleted,,0,模板变体、超长表达或配额外的同概念近似项
2824,关系升温后重新建立交往边界，后来常被想起,20,deleted,,0,模板变体、超长表达或配额外的同概念近似项
2825,关系升温后学习更坦诚地表达感受，后来常被想起,22,deleted,,0,模板变体、超长表达或配额外的同概念近似项
2826,关系升温后参加同学婚礼独自坐一桌，后来常被想起,23,deleted,,0,模板变体、超长表达或配额外的同概念近似项
2827,关系升温后独自度过恋爱主题节日，后来常被想起,22,deleted,,0,模板变体、超长表达或配额外的同概念近似项
2828,关系升温后把重要聊天设置为置顶，后来常被想起,22,deleted,,0,模板变体、超长表达或配额外的同概念近似项
2829,关系升温后猜测今年是否能够脱单，后来常被想起,22,deleted,,0,模板变体、超长表达或配额外的同概念近似项
2830,关系升温后发现相册里只有单人照片，后来常被想起,23,deleted,,0,模板变体、超长表达或配额外的同概念近似项
2831,关系升温后接受每个人节奏不同，后来常被想起,21,deleted,,0,模板变体、超长表达或配额外的同概念近似项
2832,关系升温后空对象拒绝返回女朋友，后来常被想起,22,deleted,,0,模板变体、超长表达或配额外的同概念近似项
2833,晚自习散场后放学后并肩走出校门,15,deleted,,0,模板变体、超长表达或配额外的同概念近似项
2834,放学人群里注意到校服袖口写着名字,16,compressed,注意到校服袖口写着名字,11,移除时间、地点、人物或关系模板，归并到核心概念
2835,放学人群里送出成对的钥匙扣,13,compressed,送出成对的钥匙扣,8,移除时间、地点、人物或关系模板，归并到核心概念
2836,放学人群里在小卖部门口假装偶遇,15,compressed,在小卖部门口假装偶遇,10,移除时间、地点、人物或关系模板，归并到核心概念
2837,放学人群里记住她不吃的食堂菜,14,compressed,记住她不吃的食堂菜,9,移除时间、地点、人物或关系模板，归并到核心概念
2838,放学人群里闻到新课本混着油墨的气味,17,compressed,闻到新课本混着油墨的气味,12,移除时间、地点、人物或关系模板，归并到核心概念
2839,放学人群里在散伙饭上忍住没说的话,16,compressed,在散伙饭上忍住没说的话,11,移除时间、地点、人物或关系模板，归并到核心概念
2840,关系升温后体验被人惦记的感觉，后来常被想起,21,deleted,,0,模板变体、超长表达或配额外的同概念近似项
2841,关系升温后不再独自参加朋友聚会，后来常被想起,22,deleted,,0,模板变体、超长表达或配额外的同概念近似项
2842,关系升温后尊重对方对追求的回应，后来常被想起,22,deleted,,0,模板变体、超长表达或配额外的同概念近似项
2843,关系升温后等待对方发来安全到家，后来常被想起,22,deleted,,0,模板变体、超长表达或配额外的同概念近似项
2844,关系升温后尊重对方改变主意，后来常被想起,20,deleted,,0,模板变体、超长表达或配额外的同概念近似项
2845,关系升温后意识到自己从没被表白，后来常被想起,22,deleted,,0,模板变体、超长表达或配额外的同概念近似项
2846,关系升温后计算自己单身了多少年，后来常被想起,22,deleted,,0,模板变体、超长表达或配额外的同概念近似项
2847,关系升温后把自己的经历和别人比较，后来常被想起,23,deleted,,0,模板变体、超长表达或配额外的同概念近似项
2848,关系升温后删除没有发出的解释消息，后来常被想起,23,deleted,,0,模板变体、超长表达或配额外的同概念近似项
2849,关系升温后不再靠恋爱证明个人价值，后来常被想起,23,deleted,,0,模板变体、超长表达或配额外的同概念近似项
2850,关系升温后听见别人叫彼此老公老婆，后来常被想起,23,deleted,,0,模板变体、超长表达或配额外的同概念近似项
2851,关系升温后收到平台推送的情侣套餐，后来常被想起,23,deleted,,0,模板变体、超长表达或配额外的同概念近似项
2852,关系升温后从线上聊天走到线下见面，后来常被想起,23,deleted,,0,模板变体、超长表达或配额外的同概念近似项
2853,关系升温后面对她是不是你女朋友的追问，后来常被想起,25,deleted,,0,模板变体、超长表达或配额外的同概念近似项
2854,关系升温后收到适合约会的地点推荐，后来常被想起,23,deleted,,0,模板变体、超长表达或配额外的同概念近似项
2855,关系升温后允许遗憾留在过去，后来常被想起,20,deleted,,0,模板变体、超长表达或配额外的同概念近似项
2856,关系升温后恋爱脑被当作神经网络，后来常被想起,22,deleted,,0,模板变体、超长表达或配额外的同概念近似项
2857,晚自习散场后推着自行车陪对方慢慢走,17,deleted,,0,模板变体、超长表达或配额外的同概念近似项
2858,放学人群里看见白衬衫被晚霞染成金色,17,compressed,看见白衬衫被晚霞染成金色,12,移除时间、地点、人物或关系模板，归并到核心概念
2859,放学人群里互换写着祝福的书签,14,compressed,互换写着祝福的书签,9,移除时间、地点、人物或关系模板，归并到核心概念
2860,放学人群里在食堂排队时站到她身后,16,compressed,在食堂排队时站到她身后,11,移除时间、地点、人物或关系模板，归并到核心概念
2861,放学人群里替迟到的人悄悄留门,14,compressed,替迟到的人悄悄留门,9,移除时间、地点、人物或关系模板，归并到核心概念
2862,放学人群里记住雨后塑胶跑道的气味,16,compressed,记住雨后塑胶跑道的气味,11,移除时间、地点、人物或关系模板，归并到核心概念
2863,放学人群里听完最后一次校园广播,15,compressed,听完最后一次校园广播,10,移除时间、地点、人物或关系模板，归并到核心概念
2864,关系升温后允许恋爱自然发生，后来常被想起,20,deleted,,0,模板变体、超长表达或配额外的同概念近似项
2865,关系升温后寻找能够长期相处的人，后来常被想起,22,deleted,,0,模板变体、超长表达或配额外的同概念近似项
2866,关系升温后把模糊关系说清楚，后来常被想起,20,deleted,,0,模板变体、超长表达或配额外的同概念近似项
2867,关系升温后期待下一次单独见面，后来常被想起,21,deleted,,0,模板变体、超长表达或配额外的同概念近似项
2868,关系升温后在安全感中逐渐靠近，后来常被想起,21,deleted,,0,模板变体、超长表达或配额外的同概念近似项
2869,关系升温后不再用经历数量评价自己，后来常被想起,23,deleted,,0,模板变体、超长表达或配额外的同概念近似项
2870,关系升温后提醒自己没有统一人生时钟，后来常被想起,24,deleted,,0,模板变体、超长表达或配额外的同概念近似项
2871,关系升温后提醒自己不必追赶他人进度，后来常被想起,24,deleted,,0,模板变体、超长表达或配额外的同概念近似项
2872,关系升温后把没有回复也视作答案，后来常被想起,22,deleted,,0,模板变体、超长表达或配额外的同概念近似项
2873,关系升温后相信自己也值得被选择，后来常被想起,22,deleted,,0,模板变体、超长表达或配额外的同概念近似项
2874,关系升温后还没有对象就开始被催婚，后来常被想起,23,deleted,,0,模板变体、超长表达或配额外的同概念近似项
2875,关系升温后跨年倒数时想起喜欢的人，后来常被想起,23,deleted,,0,模板变体、超长表达或配额外的同概念近似项
2876,关系升温后因为断联猜测关系是否结束，后来常被想起,24,deleted,,0,模板变体、超长表达或配额外的同概念近似项
2877,关系升温后拒绝回答过度私人的感情问题，后来常被想起,25,deleted,,0,模板变体、超长表达或配额外的同概念近似项
2878,关系升温后看见副驾驶放着一束花，后来常被想起,22,deleted,,0,模板变体、超长表达或配额外的同概念近似项
2879,关系升温后相信未来仍会建立连接，后来常被想起,22,deleted,,0,模板变体、超长表达或配额外的同概念近似项
2880,关系升温后朋友圈在图论里形成闭环，后来常被想起,23,deleted,,0,模板变体、超长表达或配额外的同概念近似项
2881,晚自习散场后一起等最后一班公交车,16,deleted,,0,模板变体、超长表达或配额外的同概念近似项
2882,放学人群里发现手腕上多了一根小皮筋,17,compressed,发现手腕上多了一根小皮筋,12,移除时间、地点、人物或关系模板，归并到核心概念
2883,放学人群里借出一支舍不得收回的笔,16,compressed,借出一支舍不得收回的笔,11,移除时间、地点、人物或关系模板，归并到核心概念
2884,放学人群里在校园广播站等一首点歌,16,compressed,在校园广播站等一首点歌,11,移除时间、地点、人物或关系模板，归并到核心概念
2885,放学人群里在值日时一起擦黑板,14,compressed,在值日时一起擦黑板,9,移除时间、地点、人物或关系模板，归并到核心概念
2886,放学人群里感到共用雨伞时靠近的温度,17,compressed,感到共用雨伞时靠近的温度,12,移除时间、地点、人物或关系模板，归并到核心概念
2887,放学人群里收拾课桌时找到旧纸条,15,compressed,收拾课桌时找到旧纸条,10,移除时间、地点、人物或关系模板，归并到核心概念
2888,朋友突然问起时第一次确认恋爱关系，后来常被想起,23,compressed,第一次确认恋爱关系,9,移除时间、地点、人物或关系模板，归并到核心概念
2889,朋友突然问起时终于有了稳定对象，后来常被想起,22,compressed,终于有了稳定对象,8,移除时间、地点、人物或关系模板，归并到核心概念
2890,朋友突然问起时鼓起勇气说出喜欢，后来常被想起,22,deleted,,0,模板变体、超长表达或配额外的同概念近似项
2891,朋友突然问起时计划第一次正式约会，后来常被想起,23,deleted,,0,模板变体、超长表达或配额外的同概念近似项
2892,朋友突然问起时第一次牵住喜欢的人的手，后来常被想起,25,compressed,第一次牵住喜欢的人的手,11,移除时间、地点、人物或关系模板，归并到核心概念
2893,朋友突然问起时回忆自己的第一次心动，后来常被想起,24,deleted,,0,模板变体、超长表达或配额外的同概念近似项
2894,朋友突然问起时发现又长一岁仍然单身，后来常被想起,24,deleted,,0,模板变体、超长表达或配额外的同概念近似项
2895,朋友突然问起时看到室友突然宣布脱单，后来常被想起,24,deleted,,0,模板变体、超长表达或配额外的同概念近似项
2896,朋友突然问起时告白后收到明确拒绝，后来常被想起,23,deleted,,0,模板变体、超长表达或配额外的同概念近似项
2897,朋友突然问起时担心自己的外貌没有吸引力，后来常被想起,26,deleted,,0,模板变体、超长表达或配额外的同概念近似项
2898,朋友突然问起时收到朋友发来的婚礼请柬，后来常被想起,25,compressed,收到朋友发来的婚礼请柬,11,移除时间、地点、人物或关系模板，归并到核心概念
2899,朋友突然问起时在情人节准备一束玫瑰，后来常被想起,24,deleted,,0,模板变体、超长表达或配额外的同概念近似项
2900,朋友突然问起时把心动对象称作crush，后来常被想起,26,deleted,,0,模板变体、超长表达或配额外的同概念近似项
2901,朋友突然问起时被问以前谈过几个对象，后来常被想起,24,deleted,,0,模板变体、超长表达或配额外的同概念近似项
2902,朋友突然问起时看见电影院里的双人座，后来常被想起,24,compressed,看见电影院里的双人座,10,移除时间、地点、人物或关系模板，归并到核心概念
2903,朋友突然问起时把恋爱视作人生进度，后来常被想起,23,deleted,,0,模板变体、超长表达或配额外的同概念近似项
2904,朋友突然问起时面向对象时找不到对象，后来常被想起,24,deleted,,0,模板变体、超长表达或配额外的同概念近似项
2905,晚自习散场后约好第二天在校门口见,16,deleted,,0,模板变体、超长表达或配额外的同概念近似项
2906,放学人群里把对方送的小皮筋戴在手腕,17,compressed,把对方送的小皮筋戴在手腕,12,移除时间、地点、人物或关系模板，归并到核心概念
2907,放学人群里在橡皮上刻下对方的缩写,16,compressed,在橡皮上刻下对方的缩写,11,移除时间、地点、人物或关系模板，归并到核心概念
2908,放学人群里在礼堂散场后寻找对方,15,compressed,在礼堂散场后寻找对方,10,移除时间、地点、人物或关系模板，归并到核心概念
2909,放学人群里一起搬运动会用的桌椅,15,compressed,一起搬运动会用的桌椅,10,移除时间、地点、人物或关系模板，归并到核心概念
2910,放学人群里记住冬天热水杯传来的暖意,17,compressed,记住冬天热水杯传来的暖意,12,移除时间、地点、人物或关系模板，归并到核心概念
2911,放学人群里离校前再走一遍熟悉的操场,17,compressed,离校前再走一遍熟悉的操场,12,移除时间、地点、人物或关系模板，归并到核心概念
2912,朋友突然问起时感受到双向喜欢，后来常被想起,21,compressed,感受到双向喜欢,7,移除时间、地点、人物或关系模板，归并到核心概念
2913,朋友突然问起时介绍身边的人是另一半，后来常被想起,24,compressed,介绍身边的人是另一半,10,移除时间、地点、人物或关系模板，归并到核心概念
2914,朋友突然问起时把暗恋写进一封信，后来常被想起,22,deleted,,0,模板变体、超长表达或配额外的同概念近似项
2915,朋友突然问起时邀请喜欢的人一起吃饭，后来常被想起,24,deleted,,0,模板变体、超长表达或配额外的同概念近似项
2916,朋友突然问起时得到同意后拥抱对方，后来常被想起,23,compressed,得到同意后拥抱对方,9,移除时间、地点、人物或关系模板，归并到核心概念
2917,朋友突然问起时谈起已经结束的上一段关系，后来常被想起,26,deleted,,0,模板变体、超长表达或配额外的同概念近似项
2918,朋友突然问起时担心毕业前没有恋爱经历，后来常被想起,25,deleted,,0,模板变体、超长表达或配额外的同概念近似项
2919,朋友突然问起时发现聚会里只有自己单身，后来常被想起,25,deleted,,0,模板变体、超长表达或配额外的同概念近似项
2920,朋友突然问起时听见我们还是做朋友吧，后来常被想起,24,deleted,,0,模板变体、超长表达或配额外的同概念近似项
2921,朋友突然问起时见喜欢的人前认真整理头发，后来常被想起,26,deleted,,0,模板变体、超长表达或配额外的同概念近似项
2922,朋友突然问起时看见恋人交换订婚戒指，后来常被想起,24,compressed,看见恋人交换订婚戒指,10,移除时间、地点、人物或关系模板，归并到核心概念
2923,朋友突然问起时七夕预订双人晚餐，后来常被想起,22,deleted,,0,模板变体、超长表达或配额外的同概念近似项
2924,朋友突然问起时在朋友圈正式官宣关系，后来常被想起,24,deleted,,0,模板变体、超长表达或配额外的同概念近似项
2925,朋友突然问起时回答自己有没有恋爱经历，后来常被想起,25,deleted,,0,模板变体、超长表达或配额外的同概念近似项
2926,朋友突然问起时路过摆满玫瑰的花店，后来常被想起,23,compressed,路过摆满玫瑰的花店,9,移除时间、地点、人物或关系模板，归并到核心概念
2927,朋友突然问起时担心青春缺少重要体验，后来常被想起,24,deleted,,0,模板变体、超长表达或配额外的同概念近似项
2928,朋友突然问起时对象存储突然容量不足，后来常被想起,24,deleted,,0,模板变体、超长表达或配额外的同概念近似项
2929,晚自习散场后在操场看台说出喜欢,15,deleted,,0,模板变体、超长表达或配额外的同概念近似项
2930,放学人群里认出书包上新挂的钥匙扣,16,compressed,认出书包上新挂的钥匙扣,11,移除时间、地点、人物或关系模板，归并到核心概念
2931,放学人群里把复习资料装订得整整齐齐,17,compressed,把复习资料装订得整整齐齐,12,移除时间、地点、人物或关系模板，归并到核心概念
2932,放学人群里沿着操场跑道陪她慢慢走,16,compressed,沿着操场跑道陪她慢慢走,11,移除时间、地点、人物或关系模板，归并到核心概念
2933,放学人群里在社团排练后帮忙收器材,16,compressed,在社团排练后帮忙收器材,11,移除时间、地点、人物或关系模板，归并到核心概念
2934,放学人群里等春天樱花落在她肩上,15,compressed,等春天樱花落在她肩上,10,移除时间、地点、人物或关系模板，归并到核心概念
2935,放学人群里在校门口说出以后常联系,16,compressed,在校门口说出以后常联系,11,移除时间、地点、人物或关系模板，归并到核心概念
2936,朋友突然问起时学会经营一段感情，后来常被想起,22,deleted,,0,模板变体、超长表达或配额外的同概念近似项
2937,朋友突然问起时从单身状态顺利毕业，后来常被想起,23,compressed,从单身状态顺利毕业,9,移除时间、地点、人物或关系模板，归并到核心概念
2938,朋友突然问起时试探对方是否也有好感，后来常被想起,24,deleted,,0,模板变体、超长表达或配额外的同概念近似项
2939,朋友突然问起时挑选适合聊天的咖啡店，后来常被想起,24,deleted,,0,模板变体、超长表达或配额外的同概念近似项
2940,朋友突然问起时在靠近前先询问意愿，后来常被想起,23,deleted,,0,模板变体、超长表达或配额外的同概念近似项
2941,朋友突然问起时被问到过去有几次恋爱，后来常被想起,24,deleted,,0,模板变体、超长表达或配额外的同概念近似项
2942,朋友突然问起时看着同龄人进入稳定关系，后来常被想起,25,deleted,,0,模板变体、超长表达或配额外的同概念近似项
2943,朋友突然问起时刷到朋友晒情侣合照，后来常被想起,23,deleted,,0,模板变体、超长表达或配额外的同概念近似项
2944,朋友突然问起时邀约连续几次没有回应，后来常被想起,24,deleted,,0,模板变体、超长表达或配额外的同概念近似项
2945,朋友突然问起时怀疑自己不擅长聊天，后来常被想起,23,deleted,,0,模板变体、超长表达或配额外的同概念近似项
2946,朋友突然问起时讨论以后在哪座城市生活，后来常被想起,25,compressed,讨论以后在哪座城市生活,11,移除时间、地点、人物或关系模板，归并到核心概念
2947,朋友突然问起时在520发出含蓄告白，后来常被想起,24,deleted,,0,模板变体、超长表达或配额外的同概念近似项
2948,朋友突然问起时和朋友一起磕一对CP，后来常被想起,24,deleted,,0,模板变体、超长表达或配额外的同概念近似项
2949,朋友突然问起时被追问为什么一直单身，后来常被想起,24,deleted,,0,模板变体、超长表达或配额外的同概念近似项
2950,朋友突然问起时发现饮品店推出情侣套餐，后来常被想起,25,compressed,发现饮品店推出情侣套餐,11,移除时间、地点、人物或关系模板，归并到核心概念
2951,朋友突然问起时觉得自己落后于同龄人，后来常被想起,24,deleted,,0,模板变体、超长表达或配额外的同概念近似项
2952,朋友突然问起时单例模式坚持保持单身，后来常被想起,24,deleted,,0,模板变体、超长表达或配额外的同概念近似项
2953,晚自习散场后把暗恋告诉最信任的同学,17,deleted,,0,模板变体、超长表达或配额外的同概念近似项
2954,放学人群里留意她每天更换的发卡,15,compressed,留意她每天更换的发卡,10,移除时间、地点、人物或关系模板，归并到核心概念
2955,放学人群里在错题本角落留下鼓励,15,compressed,在错题本角落留下鼓励,10,移除时间、地点、人物或关系模板，归并到核心概念
2956,放学人群里在篮球场边递上一瓶水,15,compressed,在篮球场边递上一瓶水,10,移除时间、地点、人物或关系模板，归并到核心概念
2957,放学人群里为对方的比赛偷偷加油,15,compressed,为对方的比赛偷偷加油,10,移除时间、地点、人物或关系模板，归并到核心概念
2958,放学人群里在盛夏风扇声里偷偷心动,16,compressed,在盛夏风扇声里偷偷心动,11,移除时间、地点、人物或关系模板，归并到核心概念
2959,放学人群里目送对方坐上不同方向的车,17,compressed,目送对方坐上不同方向的车,12,移除时间、地点、人物或关系模板，归并到核心概念
2960,朋友突然问起时拥有可以分享日常的人，后来常被想起,24,deleted,,0,模板变体、超长表达或配额外的同概念近似项
2961,朋友突然问起时朋友介绍了合适的人，后来常被想起,23,compressed,朋友介绍了合适的人,9,移除时间、地点、人物或关系模板，归并到核心概念
2962,朋友突然问起时主动创造单独见面的机会，后来常被想起,25,deleted,,0,模板变体、超长表达或配额外的同概念近似项
2963,朋友突然问起时一起看期待很久的电影，后来常被想起,24,deleted,,0,模板变体、超长表达或配额外的同概念近似项
2964,朋友突然问起时注意到对方不舒服的信号，后来常被想起,25,deleted,,0,模板变体、超长表达或配额外的同概念近似项
2965,朋友突然问起时发现恋爱履历仍然空白，后来常被想起,24,deleted,,0,模板变体、超长表达或配额外的同概念近似项
2966,朋友突然问起时把生日变成脱单倒计时，后来常被想起,24,deleted,,0,模板变体、超长表达或配额外的同概念近似项
2967,朋友突然问起时听同学讨论各自的前任，后来常被想起,24,deleted,,0,模板变体、超长表达或配额外的同概念近似项
2968,朋友突然问起时发现对方正在逐渐疏远，后来常被想起,24,deleted,,0,模板变体、超长表达或配额外的同概念近似项
2969,朋友突然问起时面对心动对象突然紧张，后来常被想起,24,deleted,,0,模板变体、超长表达或配额外的同概念近似项
2970,朋友突然问起时考虑要不要带对象见父母，后来常被想起,25,compressed,考虑要不要带对象见父母,11,移除时间、地点、人物或关系模板，归并到核心概念
2971,朋友突然问起时圣诞夜邀请喜欢的人见面，后来常被想起,25,deleted,,0,模板变体、超长表达或配额外的同概念近似项
2972,朋友突然问起时判断彼此是否处于暧昧期，后来常被想起,25,deleted,,0,模板变体、超长表达或配额外的同概念近似项
2973,朋友突然问起时听见什么时候脱单的问题，后来常被想起,25,deleted,,0,模板变体、超长表达或配额外的同概念近似项
2974,朋友突然问起时看见两件并排挂着的外套，后来常被想起,25,deleted,,0,模板变体、超长表达或配额外的同概念近似项
2975,朋友突然问起时害怕永远错过亲密关系，后来常被想起,24,deleted,,0,模板变体、超长表达或配额外的同概念近似项
2976,朋友突然问起时配对算法开始安排相亲，后来常被想起,24,deleted,,0,模板变体、超长表达或配额外的同概念近似项
2977,晚自习散场后收到对方认真回应的好感,17,deleted,,0,模板变体、超长表达或配额外的同概念近似项
2978,放学人群里记住帆布鞋踩过积水的声音,17,deleted,,0,模板变体、超长表达或配额外的同概念近似项
2979,放学人群里用同一本练习册对答案,15,deleted,,0,模板变体、超长表达或配额外的同概念近似项
2980,放学人群里在看台最高一排并肩坐着,16,compressed,在看台最高一排并肩坐着,11,移除时间、地点、人物或关系模板，归并到核心概念
2981,放学人群里在班级合唱时站到她旁边,16,compressed,在班级合唱时站到她旁边,11,移除时间、地点、人物或关系模板，归并到核心概念
2982,放学人群里看秋叶堆满放学的小路,15,deleted,,0,模板变体、超长表达或配额外的同概念近似项
2983,放学人群里发现最后一句聊天停在毕业快乐,19,deleted,,0,模板变体、超长表达或配额外的同概念近似项
2984,朋友突然问起时期待稳定的情感回应，后来常被想起,23,deleted,,0,模板变体、超长表达或配额外的同概念近似项
2985,朋友突然问起时认真思考理想伴侣，后来常被想起,22,compressed,认真思考理想伴侣,8,移除时间、地点、人物或关系模板，归并到核心概念
2986,朋友突然问起时收到别人认真的告白，后来常被想起,23,deleted,,0,模板变体、超长表达或配额外的同概念近似项
2987,朋友突然问起时沿着安静的小路散步，后来常被想起,23,deleted,,0,模板变体、超长表达或配额外的同概念近似项
2988,朋友突然问起时明确拒绝后立即停止，后来常被想起,23,deleted,,0,模板变体、超长表达或配额外的同概念近似项
2989,朋友突然问起时听对方说起难忘的初恋，后来常被想起,24,deleted,,0,模板变体、超长表达或配额外的同概念近似项
2990,朋友突然问起时害怕错过年轻时的恋爱，后来常被想起,24,deleted,,0,模板变体、超长表达或配额外的同概念近似项
2991,朋友突然问起时参加婚礼时被问有没有对象，后来常被想起,26,deleted,,0,模板变体、超长表达或配额外的同概念近似项
2992,朋友突然问起时接受喜欢没有得到回应，后来常被想起,24,deleted,,0,模板变体、超长表达或配额外的同概念近似项
2993,朋友突然问起时读不懂别人释放的好感，后来常被想起,24,deleted,,0,模板变体、超长表达或配额外的同概念近似项
2994,朋友突然问起时从恋爱走向共同生活，后来常被想起,23,compressed,从恋爱走向共同生活,9,移除时间、地点、人物或关系模板，归并到核心概念
2995,朋友突然问起时为恋爱纪念日挑选礼物，后来常被想起,24,deleted,,0,模板变体、超长表达或配额外的同概念近似项
2996,朋友突然问起时讨论situationship算什么关系，后来常被想起,34,deleted,,0,模板变体、超长表达或配额外的同概念近似项
2997,朋友突然问起时解释目前有没有喜欢的人，后来常被想起,25,deleted,,0,模板变体、超长表达或配额外的同概念近似项
2998,朋友突然问起时注意到共享耳机的两个人，后来常被想起,25,deleted,,0,模板变体、超长表达或配额外的同概念近似项
2999,朋友突然问起时希望成为某个人的例外，后来常被想起,24,deleted,,0,模板变体、超长表达或配额外的同概念近似项
3000,朋友突然问起时关系数据库认真维护关系，后来常被想起,25,deleted,,0,模板变体、超长表达或配额外的同概念近似项
3001,晚自习散场后从同桌变成互相喜欢的人,17,deleted,,0,模板变体、超长表达或配额外的同概念近似项
3002,放学人群里看见运动服背后的班级号码,17,deleted,,0,模板变体、超长表达或配额外的同概念近似项
3003,放学人群里把借书卡藏进喜欢的书里,16,deleted,,0,模板变体、超长表达或配额外的同概念近似项
3004,放学人群里在体育馆门口等训练结束,16,deleted,,0,模板变体、超长表达或配额外的同概念近似项
3005,放学人群里假装随口询问周末安排,15,deleted,,0,模板变体、超长表达或配额外的同概念近似项
3006,放学人群里在初雪那天想和她一起走,16,deleted,,0,模板变体、超长表达或配额外的同概念近似项
3007,放学人群里因为去往不同城市慢慢失联,17,deleted,,0,模板变体、超长表达或配额外的同概念近似项
3008,朋友突然问起时从朋友走向恋人，后来常被想起,21,deleted,,0,模板变体、超长表达或配额外的同概念近似项
3009,朋友突然问起时遇到愿意互相陪伴的人，后来常被想起,24,compressed,遇到愿意互相陪伴的人,10,移除时间、地点、人物或关系模板，归并到核心概念
3010,朋友突然问起时准备一份有意义的礼物，后来常被想起,24,deleted,,0,模板变体、超长表达或配额外的同概念近似项
3011,朋友突然问起时为两个人安排周末行程，后来常被想起,24,deleted,,0,模板变体、超长表达或配额外的同概念近似项
3012,朋友突然问起时不把沉默误认为同意，后来常被想起,23,deleted,,0,模板变体、超长表达或配额外的同概念近似项
3013,朋友突然问起时整理前任留下的旧物，后来常被想起,23,deleted,,0,模板变体、超长表达或配额外的同概念近似项
3014,朋友突然问起时觉得感情进度落后别人，后来常被想起,24,deleted,,0,模板变体、超长表达或配额外的同概念近似项
3015,朋友突然问起时看别人收到纪念日礼物，后来常被想起,24,deleted,,0,模板变体、超长表达或配额外的同概念近似项
3016,朋友突然问起时停止追问拒绝的具体理由，后来常被想起,25,deleted,,0,模板变体、超长表达或配额外的同概念近似项
3017,朋友突然问起时想知道有没有人喜欢自己，后来常被想起,25,deleted,,0,模板变体、超长表达或配额外的同概念近似项
3018,朋友突然问起时规划两个人的长期未来，后来常被想起,24,deleted,,0,模板变体、超长表达或配额外的同概念近似项
3019,朋友突然问起时零点发送周年祝福，后来常被想起,22,deleted,,0,模板变体、超长表达或配额外的同概念近似项
3020,朋友突然问起时换上成套的情侣头像，后来常被想起,23,deleted,,0,模板变体、超长表达或配额外的同概念近似项
3021,朋友突然问起时回答第一次恋爱是在几岁，后来常被想起,25,deleted,,0,模板变体、超长表达或配额外的同概念近似项
3022,朋友突然问起时经过夜晚亮灯的摩天轮，后来常被想起,24,deleted,,0,模板变体、超长表达或配额外的同概念近似项
3023,朋友突然问起时渴望获得稳定情感回应，后来常被想起,24,deleted,,0,模板变体、超长表达或配额外的同概念近似项
3024,朋友突然问起时握手协议负责成功牵手，后来常被想起,24,deleted,,0,模板变体、超长表达或配额外的同概念近似项
3025,晚自习散场后在班级起哄中偷偷脸红,16,deleted,,0,模板变体、超长表达或配额外的同概念近似项
3026,放学人群里注意到对方紧张时攥住衣角,17,deleted,,0,模板变体、超长表达或配额外的同概念近似项
3027,放学人群里用值日表制造一起留下的机会,18,deleted,,0,模板变体、超长表达或配额外的同概念近似项
3028,放学人群里沿林荫道推着自行车同行,16,deleted,,0,模板变体、超长表达或配额外的同概念近似项
3029,放学人群里把好笑的事情第一个告诉她,17,deleted,,0,模板变体、超长表达或配额外的同概念近似项
3030,放学人群里记住六月毕业季的闷热,15,deleted,,0,模板变体、超长表达或配额外的同概念近似项
3031,放学人群里多年后翻到泛黄的毕业照,16,deleted,,0,模板变体、超长表达或配额外的同概念近似项
3032,朋友突然问起时认真讨论彼此的需要，后来常被想起,23,deleted,,0,模板变体、超长表达或配额外的同概念近似项
3033,朋友突然问起时开始主动扩大社交圈，后来常被想起,23,compressed,开始主动扩大社交圈,9,移除时间、地点、人物或关系模板，归并到核心概念
3034,朋友突然问起时请朋友帮忙判断好感信号，后来常被想起,25,deleted,,0,模板变体、超长表达或配额外的同概念近似项
3035,朋友突然问起时见面前认真选择穿搭，后来常被想起,23,deleted,,0,模板变体、超长表达或配额外的同概念近似项
3036,朋友突然问起时共同商量可以接受的边界，后来常被想起,25,deleted,,0,模板变体、超长表达或配额外的同概念近似项
3037,朋友突然问起时思考过去关系里的问题，后来常被想起,24,deleted,,0,模板变体、超长表达或配额外的同概念近似项
3038,朋友突然问起时工作以后才开始学习约会，后来常被想起,25,deleted,,0,模板变体、超长表达或配额外的同概念近似项
3039,朋友突然问起时发现朋友周末都去约会，后来常被想起,24,deleted,,0,模板变体、超长表达或配额外的同概念近似项
3040,朋友突然问起时被拒绝后不再继续打扰，后来常被想起,24,deleted,,0,模板变体、超长表达或配额外的同概念近似项
3041,朋友突然问起时把异性缘归因于颜值，后来常被想起,23,deleted,,0,模板变体、超长表达或配额外的同概念近似项
3042,朋友突然问起时被家人追问什么时候结婚，后来常被想起,25,deleted,,0,模板变体、超长表达或配额外的同概念近似项
3043,朋友突然问起时看见街边摆满情侣商品，后来常被想起,24,deleted,,0,模板变体、超长表达或配额外的同概念近似项
3044,朋友突然问起时每天给对方分享短视频，后来常被想起,24,deleted,,0,模板变体、超长表达或配额外的同概念近似项
3045,朋友突然问起时被问最长一段关系多久，后来常被想起,24,deleted,,0,模板变体、超长表达或配额外的同概念近似项
3046,朋友突然问起时看到桌上放着两张电影票，后来常被想起,25,deleted,,0,模板变体、超长表达或配额外的同概念近似项
3047,朋友突然问起时学习不靠伴侣定义完整，后来常被想起,24,deleted,,0,模板变体、超长表达或配额外的同概念近似项
3048,朋友突然问起时线程脱单后进入双线程，后来常被想起,24,deleted,,0,模板变体、超长表达或配额外的同概念近似项
3049,晚自习散场后交换只有两个人懂的暗号,17,deleted,,0,模板变体、超长表达或配额外的同概念近似项
3050,放学人群里记住少年骑车时鼓起的衣摆,17,deleted,,0,模板变体、超长表达或配额外的同概念近似项
3051,放学人群里在课程表上圈出共同的空课,17,deleted,,0,模板变体、超长表达或配额外的同概念近似项
3052,放学人群里在校门口犹豫要不要告别,16,deleted,,0,模板变体、超长表达或配额外的同概念近似项
3053,放学人群里聊天时等对方收拾完书包,16,deleted,,0,模板变体、超长表达或配额外的同概念近似项
3054,放学人群里在傍晚风里听见校服摩擦声,17,deleted,,0,模板变体、超长表达或配额外的同概念近似项
3055,放学人群里重回母校时寻找当年的座位,17,deleted,,0,模板变体、超长表达或配额外的同概念近似项
3056,朋友突然问起时发现关系正在升温，后来常被想起,22,deleted,,0,模板变体、超长表达或配额外的同概念近似项
3057,朋友突然问起时期待有人一起规划周末，后来常被想起,24,compressed,期待有人一起规划周末,10,移除时间、地点、人物或关系模板，归并到核心概念
3058,朋友突然问起时决定不再隐藏真实心意，后来常被想起,24,deleted,,0,模板变体、超长表达或配额外的同概念近似项
3059,朋友突然问起时约会结束后舍不得分别，后来常被想起,24,deleted,,0,模板变体、超长表达或配额外的同概念近似项
3060,朋友突然问起时为越界接触认真道歉，后来常被想起,23,deleted,,0,模板变体、超长表达或配额外的同概念近似项
3061,朋友突然问起时接受曾经喜欢的人已走远，后来常被想起,25,deleted,,0,模板变体、超长表达或配额外的同概念近似项
3062,朋友突然问起时怀疑现在恋爱是否太晚，后来常被想起,24,deleted,,0,模板变体、超长表达或配额外的同概念近似项
3063,朋友突然问起时听见同龄人开始谈婚论嫁，后来常被想起,25,deleted,,0,模板变体、超长表达或配额外的同概念近似项
3064,朋友突然问起时重新建立交往边界，后来常被想起,22,deleted,,0,模板变体、超长表达或配额外的同概念近似项
3065,朋友突然问起时学习更坦诚地表达感受，后来常被想起,24,deleted,,0,模板变体、超长表达或配额外的同概念近似项
3066,朋友突然问起时参加同学婚礼独自坐一桌，后来常被想起,25,deleted,,0,模板变体、超长表达或配额外的同概念近似项
3067,朋友突然问起时独自度过恋爱主题节日，后来常被想起,24,deleted,,0,模板变体、超长表达或配额外的同概念近似项
3068,朋友突然问起时把重要聊天设置为置顶，后来常被想起,24,deleted,,0,模板变体、超长表达或配额外的同概念近似项
3069,朋友突然问起时猜测今年是否能够脱单，后来常被想起,24,deleted,,0,模板变体、超长表达或配额外的同概念近似项
3070,朋友突然问起时发现相册里只有单人照片，后来常被想起,25,deleted,,0,模板变体、超长表达或配额外的同概念近似项
3071,朋友突然问起时接受每个人节奏不同，后来常被想起,23,deleted,,0,模板变体、超长表达或配额外的同概念近似项
3072,朋友突然问起时空对象拒绝返回女朋友，后来常被想起,24,deleted,,0,模板变体、超长表达或配额外的同概念近似项
3073,晚自习散场后第一次用恋人的身份说晚安,18,deleted,,0,模板变体、超长表达或配额外的同概念近似项
3074,放学人群里发现镜片后躲闪的目光,15,deleted,,0,模板变体、超长表达或配额外的同概念近似项
3075,放学人群里用广播点歌传递含蓄心意,16,deleted,,0,模板变体、超长表达或配额外的同概念近似项
3076,放学人群里在公交站陪对方等车,14,deleted,,0,模板变体、超长表达或配额外的同概念近似项
3077,放学人群里看见她睡着后压低说话声音,17,deleted,,0,模板变体、超长表达或配额外的同概念近似项
3078,放学人群里尝到小卖部冰汽水的甜味,16,deleted,,0,模板变体、超长表达或配额外的同概念近似项
3079,放学人群里听见校歌突然想起喜欢的人,17,deleted,,0,模板变体、超长表达或配额外的同概念近似项
3080,朋友突然问起时体验被人惦记的感觉，后来常被想起,23,deleted,,0,模板变体、超长表达或配额外的同概念近似项
3081,朋友突然问起时不再独自参加朋友聚会，后来常被想起,24,deleted,,0,模板变体、超长表达或配额外的同概念近似项
3082,朋友突然问起时尊重对方对追求的回应，后来常被想起,24,deleted,,0,模板变体、超长表达或配额外的同概念近似项
3083,朋友突然问起时等待对方发来安全到家，后来常被想起,24,deleted,,0,模板变体、超长表达或配额外的同概念近似项
3084,朋友突然问起时尊重对方改变主意，后来常被想起,22,deleted,,0,模板变体、超长表达或配额外的同概念近似项
3085,朋友突然问起时意识到自己从没被表白，后来常被想起,24,deleted,,0,模板变体、超长表达或配额外的同概念近似项
3086,朋友突然问起时计算自己单身了多少年，后来常被想起,24,deleted,,0,模板变体、超长表达或配额外的同概念近似项
3087,朋友突然问起时把自己的经历和别人比较，后来常被想起,25,deleted,,0,模板变体、超长表达或配额外的同概念近似项
3088,朋友突然问起时删除没有发出的解释消息，后来常被想起,25,deleted,,0,模板变体、超长表达或配额外的同概念近似项
3089,朋友突然问起时不再靠恋爱证明个人价值，后来常被想起,25,deleted,,0,模板变体、超长表达或配额外的同概念近似项
3090,朋友突然问起时听见别人叫彼此老公老婆，后来常被想起,25,deleted,,0,模板变体、超长表达或配额外的同概念近似项
3091,朋友突然问起时收到平台推送的情侣套餐，后来常被想起,25,deleted,,0,模板变体、超长表达或配额外的同概念近似项
3092,朋友突然问起时从线上聊天走到线下见面，后来常被想起,25,deleted,,0,模板变体、超长表达或配额外的同概念近似项
3093,朋友突然问起时面对她是不是你女朋友的追问，后来常被想起,27,deleted,,0,模板变体、超长表达或配额外的同概念近似项
3094,朋友突然问起时收到适合约会的地点推荐，后来常被想起,25,deleted,,0,模板变体、超长表达或配额外的同概念近似项
3095,朋友突然问起时允许遗憾留在过去，后来常被想起,22,deleted,,0,模板变体、超长表达或配额外的同概念近似项
3096,朋友突然问起时恋爱脑被当作神经网络，后来常被想起,24,deleted,,0,模板变体、超长表达或配额外的同概念近似项
3097,晚自习散场后约定毕业以后也继续联系,17,deleted,,0,模板变体、超长表达或配额外的同概念近似项
3098,放学人群里在人群中认出那双熟悉的球鞋,18,deleted,,0,模板变体、超长表达或配额外的同概念近似项
3099,放学人群里约定用窗台上的水杯当暗号,17,deleted,,0,模板变体、超长表达或配额外的同概念近似项
3100,放学人群里绕远路走过两个人常走的小巷,18,deleted,,0,模板变体、超长表达或配额外的同概念近似项
3101,放学人群里把最后一颗糖留给喜欢的人,17,deleted,,0,模板变体、超长表达或配额外的同概念近似项
3102,放学人群里记住她经过时淡淡的洗衣粉香,18,deleted,,0,模板变体、超长表达或配额外的同概念近似项
3103,放学人群里意识到那次挥手已经是最后一面,19,deleted,,0,模板变体、超长表达或配额外的同概念近似项
3104,朋友突然问起时允许恋爱自然发生，后来常被想起,22,deleted,,0,模板变体、超长表达或配额外的同概念近似项
3105,朋友突然问起时寻找能够长期相处的人，后来常被想起,24,deleted,,0,模板变体、超长表达或配额外的同概念近似项
3106,朋友突然问起时把模糊关系说清楚，后来常被想起,22,deleted,,0,模板变体、超长表达或配额外的同概念近似项
3107,朋友突然问起时期待下一次单独见面，后来常被想起,23,deleted,,0,模板变体、超长表达或配额外的同概念近似项
3108,朋友突然问起时在安全感中逐渐靠近，后来常被想起,23,deleted,,0,模板变体、超长表达或配额外的同概念近似项
3109,朋友突然问起时不再用经历数量评价自己，后来常被想起,25,deleted,,0,模板变体、超长表达或配额外的同概念近似项
3110,朋友突然问起时提醒自己没有统一人生时钟，后来常被想起,26,deleted,,0,模板变体、超长表达或配额外的同概念近似项
3111,朋友突然问起时提醒自己不必追赶他人进度，后来常被想起,26,deleted,,0,模板变体、超长表达或配额外的同概念近似项
3112,朋友突然问起时把没有回复也视作答案，后来常被想起,24,deleted,,0,模板变体、超长表达或配额外的同概念近似项
3113,朋友突然问起时相信自己也值得被选择，后来常被想起,24,deleted,,0,模板变体、超长表达或配额外的同概念近似项
3114,朋友突然问起时还没有对象就开始被催婚，后来常被想起,25,deleted,,0,模板变体、超长表达或配额外的同概念近似项
3115,朋友突然问起时跨年倒数时想起喜欢的人，后来常被想起,25,deleted,,0,模板变体、超长表达或配额外的同概念近似项
3116,朋友突然问起时因为断联猜测关系是否结束，后来常被想起,26,deleted,,0,模板变体、超长表达或配额外的同概念近似项
3117,朋友突然问起时拒绝回答过度私人的感情问题，后来常被想起,27,deleted,,0,模板变体、超长表达或配额外的同概念近似项
3118,朋友突然问起时看见副驾驶放着一束花，后来常被想起,24,deleted,,0,模板变体、超长表达或配额外的同概念近似项
3119,朋友突然问起时相信未来仍会建立连接，后来常被想起,24,deleted,,0,模板变体、超长表达或配额外的同概念近似项
3120,朋友突然问起时朋友圈在图论里形成闭环，后来常被想起,25,deleted,,0,模板变体、超长表达或配额外的同概念近似项
3121,放学人群里和喜欢的人隔着课桌对视,16,deleted,,0,模板变体、超长表达或配额外的同概念近似项
3122,周末前最后一节课后风吹起她额前的刘海,18,compressed,风吹起她额前的刘海,9,移除时间、地点、人物或关系模板，归并到核心概念
3123,周末前最后一节课后递来一张折好的小纸条,19,compressed,递来一张折好的小纸条,10,移除时间、地点、人物或关系模板，归并到核心概念
3124,周末前最后一节课后在靠窗的座位等她出现,19,compressed,在靠窗的座位等她出现,10,移除时间、地点、人物或关系模板，归并到核心概念
3125,周末前最后一节课后把课堂笔记借给喜欢的人,20,compressed,把课堂笔记借给喜欢的人,11,移除时间、地点、人物或关系模板，归并到核心概念
3126,周末前最后一节课后听见窗外一阵很长的蝉鸣,20,compressed,听见窗外一阵很长的蝉鸣,11,移除时间、地点、人物或关系模板，归并到核心概念
3127,周末前最后一节课后在毕业册上写下一句祝福,20,compressed,在毕业册上写下一句祝福,11,移除时间、地点、人物或关系模板，归并到核心概念
3128,一个人失眠时第一次确认恋爱关系，后来常被想起,22,compressed,第一次确认恋爱关系,9,移除时间、地点、人物或关系模板，归并到核心概念
3129,一个人失眠时终于有了稳定对象，后来常被想起,21,compressed,终于有了稳定对象,8,移除时间、地点、人物或关系模板，归并到核心概念
3130,一个人失眠时鼓起勇气说出喜欢，后来常被想起,21,deleted,,0,模板变体、超长表达或配额外的同概念近似项
3131,一个人失眠时计划第一次正式约会，后来常被想起,22,deleted,,0,模板变体、超长表达或配额外的同概念近似项
3132,一个人失眠时第一次牵住喜欢的人的手，后来常被想起,24,compressed,第一次牵住喜欢的人的手,11,移除时间、地点、人物或关系模板，归并到核心概念
3133,一个人失眠时回忆自己的第一次心动，后来常被想起,23,deleted,,0,模板变体、超长表达或配额外的同概念近似项
3134,一个人失眠时发现又长一岁仍然单身，后来常被想起,23,deleted,,0,模板变体、超长表达或配额外的同概念近似项
3135,一个人失眠时看到室友突然宣布脱单，后来常被想起,23,deleted,,0,模板变体、超长表达或配额外的同概念近似项
3136,一个人失眠时告白后收到明确拒绝，后来常被想起,22,deleted,,0,模板变体、超长表达或配额外的同概念近似项
3137,一个人失眠时担心自己的外貌没有吸引力，后来常被想起,25,deleted,,0,模板变体、超长表达或配额外的同概念近似项
3138,一个人失眠时收到朋友发来的婚礼请柬，后来常被想起,24,compressed,收到朋友发来的婚礼请柬,11,移除时间、地点、人物或关系模板，归并到核心概念
3139,一个人失眠时在情人节准备一束玫瑰，后来常被想起,23,deleted,,0,模板变体、超长表达或配额外的同概念近似项
3140,一个人失眠时把心动对象称作crush，后来常被想起,25,deleted,,0,模板变体、超长表达或配额外的同概念近似项
3141,一个人失眠时被问以前谈过几个对象，后来常被想起,23,deleted,,0,模板变体、超长表达或配额外的同概念近似项
3142,一个人失眠时看见电影院里的双人座，后来常被想起,23,compressed,看见电影院里的双人座,10,移除时间、地点、人物或关系模板，归并到核心概念
3143,一个人失眠时把恋爱视作人生进度，后来常被想起,22,deleted,,0,模板变体、超长表达或配额外的同概念近似项
3144,一个人失眠时面向对象时找不到对象，后来常被想起,23,deleted,,0,模板变体、超长表达或配额外的同概念近似项
3145,放学人群里发现同桌悄悄看向自己,15,deleted,,0,模板变体、超长表达或配额外的同概念近似项
3146,周末前最后一节课后看见她把刘海别到耳后,19,compressed,看见她把刘海别到耳后,10,移除时间、地点、人物或关系模板，归并到核心概念
3147,周末前最后一节课后在纸条背面写下回复,18,compressed,在纸条背面写下回复,9,移除时间、地点、人物或关系模板，归并到核心概念
3148,周末前最后一节课后经过对方班级的教室门口,20,compressed,经过对方班级的教室门口,11,移除时间、地点、人物或关系模板，归并到核心概念
3149,周末前最后一节课后耐心讲一道做错的题,18,compressed,耐心讲一道做错的题,9,移除时间、地点、人物或关系模板，归并到核心概念
3150,周末前最后一节课后听见下课铃盖过没说完的话,21,compressed,听见下课铃盖过没说完的话,12,移除时间、地点、人物或关系模板，归并到核心概念
3151,周末前最后一节课后把同学录最后一页留给她,20,compressed,把同学录最后一页留给她,11,移除时间、地点、人物或关系模板，归并到核心概念
3152,一个人失眠时感受到双向喜欢，后来常被想起,20,compressed,感受到双向喜欢,7,移除时间、地点、人物或关系模板，归并到核心概念
3153,一个人失眠时介绍身边的人是另一半，后来常被想起,23,compressed,介绍身边的人是另一半,10,移除时间、地点、人物或关系模板，归并到核心概念
3154,一个人失眠时把暗恋写进一封信，后来常被想起,21,deleted,,0,模板变体、超长表达或配额外的同概念近似项
3155,一个人失眠时邀请喜欢的人一起吃饭，后来常被想起,23,deleted,,0,模板变体、超长表达或配额外的同概念近似项
3156,一个人失眠时得到同意后拥抱对方，后来常被想起,22,compressed,得到同意后拥抱对方,9,移除时间、地点、人物或关系模板，归并到核心概念
3157,一个人失眠时谈起已经结束的上一段关系，后来常被想起,25,deleted,,0,模板变体、超长表达或配额外的同概念近似项
3158,一个人失眠时担心毕业前没有恋爱经历，后来常被想起,24,deleted,,0,模板变体、超长表达或配额外的同概念近似项
3159,一个人失眠时发现聚会里只有自己单身，后来常被想起,24,deleted,,0,模板变体、超长表达或配额外的同概念近似项
3160,一个人失眠时听见我们还是做朋友吧，后来常被想起,23,deleted,,0,模板变体、超长表达或配额外的同概念近似项
3161,一个人失眠时见喜欢的人前认真整理头发，后来常被想起,25,deleted,,0,模板变体、超长表达或配额外的同概念近似项
3162,一个人失眠时看见恋人交换订婚戒指，后来常被想起,23,compressed,看见恋人交换订婚戒指,10,移除时间、地点、人物或关系模板，归并到核心概念
3163,一个人失眠时七夕预订双人晚餐，后来常被想起,21,deleted,,0,模板变体、超长表达或配额外的同概念近似项
3164,一个人失眠时在朋友圈正式官宣关系，后来常被想起,23,deleted,,0,模板变体、超长表达或配额外的同概念近似项
3165,一个人失眠时回答自己有没有恋爱经历，后来常被想起,24,deleted,,0,模板变体、超长表达或配额外的同概念近似项
3166,一个人失眠时路过摆满玫瑰的花店，后来常被想起,22,compressed,路过摆满玫瑰的花店,9,移除时间、地点、人物或关系模板，归并到核心概念
3167,一个人失眠时担心青春缺少重要体验，后来常被想起,23,deleted,,0,模板变体、超长表达或配额外的同概念近似项
3168,一个人失眠时对象存储突然容量不足，后来常被想起,23,deleted,,0,模板变体、超长表达或配额外的同概念近似项
3169,放学人群里把喜欢藏在课堂笔记里,15,deleted,,0,模板变体、超长表达或配额外的同概念近似项
3170,周末前最后一节课后注意到阳光落在她的发梢,20,compressed,注意到阳光落在她的发梢,11,移除时间、地点、人物或关系模板，归并到核心概念
3171,周末前最后一节课后把没送出的情书夹进书里,20,compressed,把没送出的情书夹进书里,11,移除时间、地点、人物或关系模板，归并到核心概念
3172,周末前最后一节课后在空教室里多停留一会儿,20,compressed,在空教室里多停留一会儿,11,移除时间、地点、人物或关系模板，归并到核心概念
3173,周末前最后一节课后一起背诵第二天要抽查的课文,22,deleted,,0,模板变体、超长表达或配额外的同概念近似项
3174,周末前最后一节课后记住篮球落地的回声,18,compressed,记住篮球落地的回声,9,移除时间、地点、人物或关系模板，归并到核心概念
3175,周末前最后一节课后在毕业照里悄悄站得更近,20,compressed,在毕业照里悄悄站得更近,11,移除时间、地点、人物或关系模板，归并到核心概念
3176,一个人失眠时学会经营一段感情，后来常被想起,21,deleted,,0,模板变体、超长表达或配额外的同概念近似项
3177,一个人失眠时从单身状态顺利毕业，后来常被想起,22,compressed,从单身状态顺利毕业,9,移除时间、地点、人物或关系模板，归并到核心概念
3178,一个人失眠时试探对方是否也有好感，后来常被想起,23,deleted,,0,模板变体、超长表达或配额外的同概念近似项
3179,一个人失眠时挑选适合聊天的咖啡店，后来常被想起,23,deleted,,0,模板变体、超长表达或配额外的同概念近似项
3180,一个人失眠时在靠近前先询问意愿，后来常被想起,22,deleted,,0,模板变体、超长表达或配额外的同概念近似项
3181,一个人失眠时被问到过去有几次恋爱，后来常被想起,23,deleted,,0,模板变体、超长表达或配额外的同概念近似项
3182,一个人失眠时看着同龄人进入稳定关系，后来常被想起,24,deleted,,0,模板变体、超长表达或配额外的同概念近似项
3183,一个人失眠时刷到朋友晒情侣合照，后来常被想起,22,deleted,,0,模板变体、超长表达或配额外的同概念近似项
3184,一个人失眠时邀约连续几次没有回应，后来常被想起,23,deleted,,0,模板变体、超长表达或配额外的同概念近似项
3185,一个人失眠时怀疑自己不擅长聊天，后来常被想起,22,deleted,,0,模板变体、超长表达或配额外的同概念近似项
3186,一个人失眠时讨论以后在哪座城市生活，后来常被想起,24,compressed,讨论以后在哪座城市生活,11,移除时间、地点、人物或关系模板，归并到核心概念
3187,一个人失眠时在520发出含蓄告白，后来常被想起,23,deleted,,0,模板变体、超长表达或配额外的同概念近似项
3188,一个人失眠时和朋友一起磕一对CP，后来常被想起,23,deleted,,0,模板变体、超长表达或配额外的同概念近似项
3189,一个人失眠时被追问为什么一直单身，后来常被想起,23,deleted,,0,模板变体、超长表达或配额外的同概念近似项
3190,一个人失眠时发现饮品店推出情侣套餐，后来常被想起,24,compressed,发现饮品店推出情侣套餐,11,移除时间、地点、人物或关系模板，归并到核心概念
3191,一个人失眠时觉得自己落后于同龄人，后来常被想起,23,deleted,,0,模板变体、超长表达或配额外的同概念近似项
3192,一个人失眠时单例模式坚持保持单身，后来常被想起,23,deleted,,0,模板变体、超长表达或配额外的同概念近似项
3193,放学人群里借讲题的机会坐得更近,15,deleted,,0,模板变体、超长表达或配额外的同概念近似项
3194,周末前最后一节课后记住她低头笑时的酒窝,19,compressed,记住她低头笑时的酒窝,10,移除时间、地点、人物或关系模板，归并到核心概念
3195,周末前最后一节课后收到一封没有署名的情书,20,compressed,收到一封没有署名的情书,11,移除时间、地点、人物或关系模板，归并到核心概念
3196,周末前最后一节课后从教学楼走廊远远看见她,20,compressed,从教学楼走廊远远看见她,11,移除时间、地点、人物或关系模板，归并到核心概念
3197,周末前最后一节课后互相检查听写答案,17,compressed,互相检查听写答案,8,移除时间、地点、人物或关系模板，归并到核心概念
3198,周末前最后一节课后听见广播里放过的那首歌,20,compressed,听见广播里放过的那首歌,11,移除时间、地点、人物或关系模板，归并到核心概念
3199,周末前最后一节课后在校服背面签下名字,18,compressed,在校服背面签下名字,9,移除时间、地点、人物或关系模板，归并到核心概念
3200,一个人失眠时拥有可以分享日常的人，后来常被想起,23,deleted,,0,模板变体、超长表达或配额外的同概念近似项
3201,一个人失眠时朋友介绍了合适的人，后来常被想起,22,compressed,朋友介绍了合适的人,9,移除时间、地点、人物或关系模板，归并到核心概念
3202,一个人失眠时主动创造单独见面的机会，后来常被想起,24,deleted,,0,模板变体、超长表达或配额外的同概念近似项
3203,一个人失眠时一起看期待很久的电影，后来常被想起,23,deleted,,0,模板变体、超长表达或配额外的同概念近似项
3204,一个人失眠时注意到对方不舒服的信号，后来常被想起,24,deleted,,0,模板变体、超长表达或配额外的同概念近似项
3205,一个人失眠时发现恋爱履历仍然空白，后来常被想起,23,deleted,,0,模板变体、超长表达或配额外的同概念近似项
3206,一个人失眠时把生日变成脱单倒计时，后来常被想起,23,deleted,,0,模板变体、超长表达或配额外的同概念近似项
3207,一个人失眠时听同学讨论各自的前任，后来常被想起,23,deleted,,0,模板变体、超长表达或配额外的同概念近似项
3208,一个人失眠时发现对方正在逐渐疏远，后来常被想起,23,deleted,,0,模板变体、超长表达或配额外的同概念近似项
3209,一个人失眠时面对心动对象突然紧张，后来常被想起,23,deleted,,0,模板变体、超长表达或配额外的同概念近似项
3210,一个人失眠时考虑要不要带对象见父母，后来常被想起,24,compressed,考虑要不要带对象见父母,11,移除时间、地点、人物或关系模板，归并到核心概念
3211,一个人失眠时圣诞夜邀请喜欢的人见面，后来常被想起,24,deleted,,0,模板变体、超长表达或配额外的同概念近似项
3212,一个人失眠时判断彼此是否处于暧昧期，后来常被想起,24,deleted,,0,模板变体、超长表达或配额外的同概念近似项
3213,一个人失眠时听见什么时候脱单的问题，后来常被想起,24,deleted,,0,模板变体、超长表达或配额外的同概念近似项
3214,一个人失眠时看见两件并排挂着的外套，后来常被想起,24,deleted,,0,模板变体、超长表达或配额外的同概念近似项
3215,一个人失眠时害怕永远错过亲密关系，后来常被想起,23,deleted,,0,模板变体、超长表达或配额外的同概念近似项
3216,一个人失眠时配对算法开始安排相亲，后来常被想起,23,deleted,,0,模板变体、超长表达或配额外的同概念近似项
3217,放学人群里在走廊等喜欢的人经过,15,deleted,,0,模板变体、超长表达或配额外的同概念近似项
3218,周末前最后一节课后发现她见面前认真扎好头发,21,compressed,发现她见面前认真扎好头发,12,移除时间、地点、人物或关系模板，归并到核心概念
3219,周末前最后一节课后在便利贴上画一颗小心心,20,compressed,在便利贴上画一颗小心心,11,移除时间、地点、人物或关系模板，归并到核心概念
3220,周末前最后一节课后在楼梯转角意外遇见喜欢的人,22,deleted,,0,模板变体、超长表达或配额外的同概念近似项
3221,周末前最后一节课后替对方保管暂时没收的手机,21,compressed,替对方保管暂时没收的手机,12,移除时间、地点、人物或关系模板，归并到核心概念
3222,周末前最后一节课后看见晨光落在她的课桌上,20,compressed,看见晨光落在她的课桌上,11,移除时间、地点、人物或关系模板，归并到核心概念
3223,周末前最后一节课后把没送出的情书带回家,19,compressed,把没送出的情书带回家,10,移除时间、地点、人物或关系模板，归并到核心概念
3224,一个人失眠时期待稳定的情感回应，后来常被想起,22,deleted,,0,模板变体、超长表达或配额外的同概念近似项
3225,一个人失眠时认真思考理想伴侣，后来常被想起,21,compressed,认真思考理想伴侣,8,移除时间、地点、人物或关系模板，归并到核心概念
3226,一个人失眠时收到别人认真的告白，后来常被想起,22,deleted,,0,模板变体、超长表达或配额外的同概念近似项
3227,一个人失眠时沿着安静的小路散步，后来常被想起,22,deleted,,0,模板变体、超长表达或配额外的同概念近似项
3228,一个人失眠时明确拒绝后立即停止，后来常被想起,22,deleted,,0,模板变体、超长表达或配额外的同概念近似项
3229,一个人失眠时听对方说起难忘的初恋，后来常被想起,23,deleted,,0,模板变体、超长表达或配额外的同概念近似项
3230,一个人失眠时害怕错过年轻时的恋爱，后来常被想起,23,deleted,,0,模板变体、超长表达或配额外的同概念近似项
3231,一个人失眠时参加婚礼时被问有没有对象，后来常被想起,25,deleted,,0,模板变体、超长表达或配额外的同概念近似项
3232,一个人失眠时接受喜欢没有得到回应，后来常被想起,23,deleted,,0,模板变体、超长表达或配额外的同概念近似项
3233,一个人失眠时读不懂别人释放的好感，后来常被想起,23,deleted,,0,模板变体、超长表达或配额外的同概念近似项
3234,一个人失眠时从恋爱走向共同生活，后来常被想起,22,compressed,从恋爱走向共同生活,9,移除时间、地点、人物或关系模板，归并到核心概念
3235,一个人失眠时为恋爱纪念日挑选礼物，后来常被想起,23,deleted,,0,模板变体、超长表达或配额外的同概念近似项
3236,一个人失眠时讨论situationship算什么关系，后来常被想起,33,deleted,,0,模板变体、超长表达或配额外的同概念近似项
3237,一个人失眠时解释目前有没有喜欢的人，后来常被想起,24,deleted,,0,模板变体、超长表达或配额外的同概念近似项
3238,一个人失眠时注意到共享耳机的两个人，后来常被想起,24,deleted,,0,模板变体、超长表达或配额外的同概念近似项
3239,一个人失眠时希望成为某个人的例外，后来常被想起,23,deleted,,0,模板变体、超长表达或配额外的同概念近似项
3240,一个人失眠时关系数据库认真维护关系，后来常被想起,24,deleted,,0,模板变体、超长表达或配额外的同概念近似项
3241,放学人群里课间绕路去隔壁班门口,15,deleted,,0,模板变体、超长表达或配额外的同概念近似项
3242,周末前最后一节课后看见她穿着宽大的校服外套,21,compressed,看见她穿着宽大的校服外套,12,移除时间、地点、人物或关系模板，归并到核心概念
3243,周末前最后一节课后把名字写在同一张草稿纸上,21,compressed,把名字写在同一张草稿纸上,12,移除时间、地点、人物或关系模板，归并到核心概念
3244,周末前最后一节课后绕路经过她常去的饮水机,20,compressed,绕路经过她常去的饮水机,11,移除时间、地点、人物或关系模板，归并到核心概念
3245,周末前最后一节课后给趴在桌上的人留一盒牛奶,21,compressed,给趴在桌上的人留一盒牛奶,12,移除时间、地点、人物或关系模板，归并到核心概念
3246,周末前最后一节课后看见晚霞穿过教学楼窗户,20,compressed,看见晚霞穿过教学楼窗户,11,移除时间、地点、人物或关系模板，归并到核心概念
3247,周末前最后一节课后错过毕业前最后一次告白,20,compressed,错过毕业前最后一次告白,11,移除时间、地点、人物或关系模板，归并到核心概念
3248,一个人失眠时从朋友走向恋人，后来常被想起,20,deleted,,0,模板变体、超长表达或配额外的同概念近似项
3249,一个人失眠时遇到愿意互相陪伴的人，后来常被想起,23,compressed,遇到愿意互相陪伴的人,10,移除时间、地点、人物或关系模板，归并到核心概念
3250,一个人失眠时准备一份有意义的礼物，后来常被想起,23,deleted,,0,模板变体、超长表达或配额外的同概念近似项
3251,一个人失眠时为两个人安排周末行程，后来常被想起,23,deleted,,0,模板变体、超长表达或配额外的同概念近似项
3252,一个人失眠时不把沉默误认为同意，后来常被想起,22,deleted,,0,模板变体、超长表达或配额外的同概念近似项
3253,一个人失眠时整理前任留下的旧物，后来常被想起,22,deleted,,0,模板变体、超长表达或配额外的同概念近似项
3254,一个人失眠时觉得感情进度落后别人，后来常被想起,23,deleted,,0,模板变体、超长表达或配额外的同概念近似项
3255,一个人失眠时看别人收到纪念日礼物，后来常被想起,23,deleted,,0,模板变体、超长表达或配额外的同概念近似项
3256,一个人失眠时停止追问拒绝的具体理由，后来常被想起,24,deleted,,0,模板变体、超长表达或配额外的同概念近似项
3257,一个人失眠时想知道有没有人喜欢自己，后来常被想起,24,deleted,,0,模板变体、超长表达或配额外的同概念近似项
3258,一个人失眠时规划两个人的长期未来，后来常被想起,23,deleted,,0,模板变体、超长表达或配额外的同概念近似项
3259,一个人失眠时零点发送周年祝福，后来常被想起,21,deleted,,0,模板变体、超长表达或配额外的同概念近似项
3260,一个人失眠时换上成套的情侣头像，后来常被想起,22,deleted,,0,模板变体、超长表达或配额外的同概念近似项
3261,一个人失眠时回答第一次恋爱是在几岁，后来常被想起,24,deleted,,0,模板变体、超长表达或配额外的同概念近似项
3262,一个人失眠时经过夜晚亮灯的摩天轮，后来常被想起,23,deleted,,0,模板变体、超长表达或配额外的同概念近似项
3263,一个人失眠时渴望获得稳定情感回应，后来常被想起,23,deleted,,0,模板变体、超长表达或配额外的同概念近似项
3264,一个人失眠时握手协议负责成功牵手，后来常被想起,23,deleted,,0,模板变体、超长表达或配额外的同概念近似项
3265,放学人群里替心动对象去小卖部带饮料,17,deleted,,0,模板变体、超长表达或配额外的同概念近似项
3266,周末前最后一节课后认出人群里熟悉的校服衣角,21,compressed,认出人群里熟悉的校服衣角,12,移除时间、地点、人物或关系模板，归并到核心概念
3267,周末前最后一节课后交换一根代表好感的小皮筋,21,compressed,交换一根代表好感的小皮筋,12,移除时间、地点、人物或关系模板，归并到核心概念
3268,周末前最后一节课后在图书馆同一排书架重逢,20,compressed,在图书馆同一排书架重逢,11,移除时间、地点、人物或关系模板，归并到核心概念
3269,周末前最后一节课后提醒喜欢的人带伞,17,compressed,提醒喜欢的人带伞,8,移除时间、地点、人物或关系模板，归并到核心概念
3270,周末前最后一节课后记住树影在校服上轻轻晃动,21,compressed,记住树影在校服上轻轻晃动,12,移除时间、地点、人物或关系模板，归并到核心概念
3271,周末前最后一节课后把喜欢藏进高考结束的夏天,21,compressed,把喜欢藏进高考结束的夏天,12,移除时间、地点、人物或关系模板，归并到核心概念
3272,一个人失眠时认真讨论彼此的需要，后来常被想起,22,deleted,,0,模板变体、超长表达或配额外的同概念近似项
3273,一个人失眠时开始主动扩大社交圈，后来常被想起,22,compressed,开始主动扩大社交圈,9,移除时间、地点、人物或关系模板，归并到核心概念
3274,一个人失眠时请朋友帮忙判断好感信号，后来常被想起,24,deleted,,0,模板变体、超长表达或配额外的同概念近似项
3275,一个人失眠时见面前认真选择穿搭，后来常被想起,22,deleted,,0,模板变体、超长表达或配额外的同概念近似项
3276,一个人失眠时共同商量可以接受的边界，后来常被想起,24,deleted,,0,模板变体、超长表达或配额外的同概念近似项
3277,一个人失眠时思考过去关系里的问题，后来常被想起,23,deleted,,0,模板变体、超长表达或配额外的同概念近似项
3278,一个人失眠时工作以后才开始学习约会，后来常被想起,24,deleted,,0,模板变体、超长表达或配额外的同概念近似项
3279,一个人失眠时发现朋友周末都去约会，后来常被想起,23,deleted,,0,模板变体、超长表达或配额外的同概念近似项
3280,一个人失眠时被拒绝后不再继续打扰，后来常被想起,23,deleted,,0,模板变体、超长表达或配额外的同概念近似项
3281,一个人失眠时把异性缘归因于颜值，后来常被想起,22,deleted,,0,模板变体、超长表达或配额外的同概念近似项
3282,一个人失眠时被家人追问什么时候结婚，后来常被想起,24,deleted,,0,模板变体、超长表达或配额外的同概念近似项
3283,一个人失眠时看见街边摆满情侣商品，后来常被想起,23,deleted,,0,模板变体、超长表达或配额外的同概念近似项
3284,一个人失眠时每天给对方分享短视频，后来常被想起,23,deleted,,0,模板变体、超长表达或配额外的同概念近似项
3285,一个人失眠时被问最长一段关系多久，后来常被想起,23,deleted,,0,模板变体、超长表达或配额外的同概念近似项
3286,一个人失眠时看到桌上放着两张电影票，后来常被想起,24,deleted,,0,模板变体、超长表达或配额外的同概念近似项
3287,一个人失眠时学习不靠伴侣定义完整，后来常被想起,23,deleted,,0,模板变体、超长表达或配额外的同概念近似项
3288,一个人失眠时线程脱单后进入双线程，后来常被想起,23,deleted,,0,模板变体、超长表达或配额外的同概念近似项
3289,放学人群里在人群中寻找熟悉的校服背影,18,deleted,,0,模板变体、超长表达或配额外的同概念近似项
3290,周末前最后一节课后替对方整理歪掉的校服领口,21,compressed,替对方整理歪掉的校服领口,12,移除时间、地点、人物或关系模板，归并到核心概念
3291,周末前最后一节课后把校服第二颗纽扣留作纪念,21,compressed,把校服第二颗纽扣留作纪念,12,移除时间、地点、人物或关系模板，归并到核心概念
3292,周末前最后一节课后在自习室替对方留一个座位,21,compressed,在自习室替对方留一个座位,12,移除时间、地点、人物或关系模板，归并到核心概念
3293,周末前最后一节课后把自己的外套借给对方,19,compressed,把自己的外套借给对方,10,移除时间、地点、人物或关系模板，归并到核心概念
3294,周末前最后一节课后看见雨水沿着教室玻璃滑下,21,compressed,看见雨水沿着教室玻璃滑下,12,移除时间、地点、人物或关系模板，归并到核心概念
3295,周末前最后一节课后约定收到录取通知后再见,20,compressed,约定收到录取通知后再见,11,移除时间、地点、人物或关系模板，归并到核心概念
3296,一个人失眠时发现关系正在升温，后来常被想起,21,deleted,,0,模板变体、超长表达或配额外的同概念近似项
3297,一个人失眠时期待有人一起规划周末，后来常被想起,23,compressed,期待有人一起规划周末,10,移除时间、地点、人物或关系模板，归并到核心概念
3298,一个人失眠时决定不再隐藏真实心意，后来常被想起,23,deleted,,0,模板变体、超长表达或配额外的同概念近似项
3299,一个人失眠时约会结束后舍不得分别，后来常被想起,23,deleted,,0,模板变体、超长表达或配额外的同概念近似项
3300,一个人失眠时为越界接触认真道歉，后来常被想起,22,deleted,,0,模板变体、超长表达或配额外的同概念近似项
3301,一个人失眠时接受曾经喜欢的人已走远，后来常被想起,24,deleted,,0,模板变体、超长表达或配额外的同概念近似项
3302,一个人失眠时怀疑现在恋爱是否太晚，后来常被想起,23,deleted,,0,模板变体、超长表达或配额外的同概念近似项
3303,一个人失眠时听见同龄人开始谈婚论嫁，后来常被想起,24,deleted,,0,模板变体、超长表达或配额外的同概念近似项
3304,一个人失眠时重新建立交往边界，后来常被想起,21,deleted,,0,模板变体、超长表达或配额外的同概念近似项
3305,一个人失眠时学习更坦诚地表达感受，后来常被想起,23,deleted,,0,模板变体、超长表达或配额外的同概念近似项
3306,一个人失眠时参加同学婚礼独自坐一桌，后来常被想起,24,deleted,,0,模板变体、超长表达或配额外的同概念近似项
3307,一个人失眠时独自度过恋爱主题节日，后来常被想起,23,deleted,,0,模板变体、超长表达或配额外的同概念近似项
3308,一个人失眠时把重要聊天设置为置顶，后来常被想起,23,deleted,,0,模板变体、超长表达或配额外的同概念近似项
3309,一个人失眠时猜测今年是否能够脱单，后来常被想起,23,deleted,,0,模板变体、超长表达或配额外的同概念近似项
3310,一个人失眠时发现相册里只有单人照片，后来常被想起,24,deleted,,0,模板变体、超长表达或配额外的同概念近似项
3311,一个人失眠时接受每个人节奏不同，后来常被想起,22,deleted,,0,模板变体、超长表达或配额外的同概念近似项
3312,一个人失眠时空对象拒绝返回女朋友，后来常被想起,23,deleted,,0,模板变体、超长表达或配额外的同概念近似项
3313,放学人群里放学后并肩走出校门,14,deleted,,0,模板变体、超长表达或配额外的同概念近似项
3314,周末前最后一节课后注意到校服袖口写着名字,20,compressed,注意到校服袖口写着名字,11,移除时间、地点、人物或关系模板，归并到核心概念
3315,周末前最后一节课后送出成对的钥匙扣,17,compressed,送出成对的钥匙扣,8,移除时间、地点、人物或关系模板，归并到核心概念
3316,周末前最后一节课后在小卖部门口假装偶遇,19,compressed,在小卖部门口假装偶遇,10,移除时间、地点、人物或关系模板，归并到核心概念
3317,周末前最后一节课后记住她不吃的食堂菜,18,compressed,记住她不吃的食堂菜,9,移除时间、地点、人物或关系模板，归并到核心概念
3318,周末前最后一节课后闻到新课本混着油墨的气味,21,compressed,闻到新课本混着油墨的气味,12,移除时间、地点、人物或关系模板，归并到核心概念
3319,周末前最后一节课后在散伙饭上忍住没说的话,20,compressed,在散伙饭上忍住没说的话,11,移除时间、地点、人物或关系模板，归并到核心概念
3320,一个人失眠时体验被人惦记的感觉，后来常被想起,22,deleted,,0,模板变体、超长表达或配额外的同概念近似项
3321,一个人失眠时不再独自参加朋友聚会，后来常被想起,23,deleted,,0,模板变体、超长表达或配额外的同概念近似项
3322,一个人失眠时尊重对方对追求的回应，后来常被想起,23,deleted,,0,模板变体、超长表达或配额外的同概念近似项
3323,一个人失眠时等待对方发来安全到家，后来常被想起,23,deleted,,0,模板变体、超长表达或配额外的同概念近似项
3324,一个人失眠时尊重对方改变主意，后来常被想起,21,deleted,,0,模板变体、超长表达或配额外的同概念近似项
3325,一个人失眠时意识到自己从没被表白，后来常被想起,23,deleted,,0,模板变体、超长表达或配额外的同概念近似项
3326,一个人失眠时计算自己单身了多少年，后来常被想起,23,deleted,,0,模板变体、超长表达或配额外的同概念近似项
3327,一个人失眠时把自己的经历和别人比较，后来常被想起,24,deleted,,0,模板变体、超长表达或配额外的同概念近似项
3328,一个人失眠时删除没有发出的解释消息，后来常被想起,24,deleted,,0,模板变体、超长表达或配额外的同概念近似项
3329,一个人失眠时不再靠恋爱证明个人价值，后来常被想起,24,deleted,,0,模板变体、超长表达或配额外的同概念近似项
3330,一个人失眠时听见别人叫彼此老公老婆，后来常被想起,24,deleted,,0,模板变体、超长表达或配额外的同概念近似项
3331,一个人失眠时收到平台推送的情侣套餐，后来常被想起,24,deleted,,0,模板变体、超长表达或配额外的同概念近似项
3332,一个人失眠时从线上聊天走到线下见面，后来常被想起,24,deleted,,0,模板变体、超长表达或配额外的同概念近似项
3333,一个人失眠时面对她是不是你女朋友的追问，后来常被想起,26,deleted,,0,模板变体、超长表达或配额外的同概念近似项
3334,一个人失眠时收到适合约会的地点推荐，后来常被想起,24,deleted,,0,模板变体、超长表达或配额外的同概念近似项
3335,一个人失眠时允许遗憾留在过去，后来常被想起,21,deleted,,0,模板变体、超长表达或配额外的同概念近似项
3336,一个人失眠时恋爱脑被当作神经网络，后来常被想起,23,deleted,,0,模板变体、超长表达或配额外的同概念近似项
3337,放学人群里推着自行车陪对方慢慢走,16,deleted,,0,模板变体、超长表达或配额外的同概念近似项
3338,周末前最后一节课后看见白衬衫被晚霞染成金色,21,compressed,看见白衬衫被晚霞染成金色,12,移除时间、地点、人物或关系模板，归并到核心概念
3339,周末前最后一节课后互换写着祝福的书签,18,compressed,互换写着祝福的书签,9,移除时间、地点、人物或关系模板，归并到核心概念
3340,周末前最后一节课后在食堂排队时站到她身后,20,compressed,在食堂排队时站到她身后,11,移除时间、地点、人物或关系模板，归并到核心概念
3341,周末前最后一节课后替迟到的人悄悄留门,18,compressed,替迟到的人悄悄留门,9,移除时间、地点、人物或关系模板，归并到核心概念
3342,周末前最后一节课后记住雨后塑胶跑道的气味,20,compressed,记住雨后塑胶跑道的气味,11,移除时间、地点、人物或关系模板，归并到核心概念
3343,周末前最后一节课后听完最后一次校园广播,19,compressed,听完最后一次校园广播,10,移除时间、地点、人物或关系模板，归并到核心概念
3344,一个人失眠时允许恋爱自然发生，后来常被想起,21,deleted,,0,模板变体、超长表达或配额外的同概念近似项
3345,一个人失眠时寻找能够长期相处的人，后来常被想起,23,deleted,,0,模板变体、超长表达或配额外的同概念近似项
3346,一个人失眠时把模糊关系说清楚，后来常被想起,21,deleted,,0,模板变体、超长表达或配额外的同概念近似项
3347,一个人失眠时期待下一次单独见面，后来常被想起,22,deleted,,0,模板变体、超长表达或配额外的同概念近似项
3348,一个人失眠时在安全感中逐渐靠近，后来常被想起,22,deleted,,0,模板变体、超长表达或配额外的同概念近似项
3349,一个人失眠时不再用经历数量评价自己，后来常被想起,24,deleted,,0,模板变体、超长表达或配额外的同概念近似项
3350,一个人失眠时提醒自己没有统一人生时钟，后来常被想起,25,deleted,,0,模板变体、超长表达或配额外的同概念近似项
3351,一个人失眠时提醒自己不必追赶他人进度，后来常被想起,25,deleted,,0,模板变体、超长表达或配额外的同概念近似项
3352,一个人失眠时把没有回复也视作答案，后来常被想起,23,deleted,,0,模板变体、超长表达或配额外的同概念近似项
3353,一个人失眠时相信自己也值得被选择，后来常被想起,23,deleted,,0,模板变体、超长表达或配额外的同概念近似项
3354,一个人失眠时还没有对象就开始被催婚，后来常被想起,24,deleted,,0,模板变体、超长表达或配额外的同概念近似项
3355,一个人失眠时跨年倒数时想起喜欢的人，后来常被想起,24,deleted,,0,模板变体、超长表达或配额外的同概念近似项
3356,一个人失眠时因为断联猜测关系是否结束，后来常被想起,25,deleted,,0,模板变体、超长表达或配额外的同概念近似项
3357,一个人失眠时拒绝回答过度私人的感情问题，后来常被想起,26,deleted,,0,模板变体、超长表达或配额外的同概念近似项
3358,一个人失眠时看见副驾驶放着一束花，后来常被想起,23,deleted,,0,模板变体、超长表达或配额外的同概念近似项
3359,一个人失眠时相信未来仍会建立连接，后来常被想起,23,deleted,,0,模板变体、超长表达或配额外的同概念近似项
3360,一个人失眠时朋友圈在图论里形成闭环，后来常被想起,24,deleted,,0,模板变体、超长表达或配额外的同概念近似项
3361,放学人群里一起等最后一班公交车,15,deleted,,0,模板变体、超长表达或配额外的同概念近似项
3362,周末前最后一节课后发现手腕上多了一根小皮筋,21,compressed,发现手腕上多了一根小皮筋,12,移除时间、地点、人物或关系模板，归并到核心概念
3363,周末前最后一节课后借出一支舍不得收回的笔,20,compressed,借出一支舍不得收回的笔,11,移除时间、地点、人物或关系模板，归并到核心概念
3364,周末前最后一节课后在校园广播站等一首点歌,20,compressed,在校园广播站等一首点歌,11,移除时间、地点、人物或关系模板，归并到核心概念
3365,周末前最后一节课后在值日时一起擦黑板,18,compressed,在值日时一起擦黑板,9,移除时间、地点、人物或关系模板，归并到核心概念
3366,周末前最后一节课后感到共用雨伞时靠近的温度,21,compressed,感到共用雨伞时靠近的温度,12,移除时间、地点、人物或关系模板，归并到核心概念
3367,周末前最后一节课后收拾课桌时找到旧纸条,19,compressed,收拾课桌时找到旧纸条,10,移除时间、地点、人物或关系模板，归并到核心概念
3368,周末单独见面时第一次确认恋爱关系，后来常被想起,23,compressed,第一次确认恋爱关系,9,移除时间、地点、人物或关系模板，归并到核心概念
3369,周末单独见面时终于有了稳定对象，后来常被想起,22,compressed,终于有了稳定对象,8,移除时间、地点、人物或关系模板，归并到核心概念
3370,周末单独见面时鼓起勇气说出喜欢，后来常被想起,22,deleted,,0,模板变体、超长表达或配额外的同概念近似项
3371,周末单独见面时计划第一次正式约会，后来常被想起,23,deleted,,0,模板变体、超长表达或配额外的同概念近似项
3372,周末单独见面时第一次牵住喜欢的人的手，后来常被想起,25,compressed,第一次牵住喜欢的人的手,11,移除时间、地点、人物或关系模板，归并到核心概念
3373,周末单独见面时回忆自己的第一次心动，后来常被想起,24,deleted,,0,模板变体、超长表达或配额外的同概念近似项
3374,周末单独见面时发现又长一岁仍然单身，后来常被想起,24,deleted,,0,模板变体、超长表达或配额外的同概念近似项
3375,周末单独见面时看到室友突然宣布脱单，后来常被想起,24,deleted,,0,模板变体、超长表达或配额外的同概念近似项
3376,周末单独见面时告白后收到明确拒绝，后来常被想起,23,deleted,,0,模板变体、超长表达或配额外的同概念近似项
3377,周末单独见面时担心自己的外貌没有吸引力，后来常被想起,26,deleted,,0,模板变体、超长表达或配额外的同概念近似项
3378,周末单独见面时收到朋友发来的婚礼请柬，后来常被想起,25,compressed,收到朋友发来的婚礼请柬,11,移除时间、地点、人物或关系模板，归并到核心概念
3379,周末单独见面时在情人节准备一束玫瑰，后来常被想起,24,deleted,,0,模板变体、超长表达或配额外的同概念近似项
3380,周末单独见面时把心动对象称作crush，后来常被想起,26,deleted,,0,模板变体、超长表达或配额外的同概念近似项
3381,周末单独见面时被问以前谈过几个对象，后来常被想起,24,deleted,,0,模板变体、超长表达或配额外的同概念近似项
3382,周末单独见面时看见电影院里的双人座，后来常被想起,24,compressed,看见电影院里的双人座,10,移除时间、地点、人物或关系模板，归并到核心概念
3383,周末单独见面时把恋爱视作人生进度，后来常被想起,23,deleted,,0,模板变体、超长表达或配额外的同概念近似项
3384,周末单独见面时面向对象时找不到对象，后来常被想起,24,deleted,,0,模板变体、超长表达或配额外的同概念近似项
3385,放学人群里约好第二天在校门口见,15,deleted,,0,模板变体、超长表达或配额外的同概念近似项
3386,周末前最后一节课后把对方送的小皮筋戴在手腕,21,compressed,把对方送的小皮筋戴在手腕,12,移除时间、地点、人物或关系模板，归并到核心概念
3387,周末前最后一节课后在橡皮上刻下对方的缩写,20,compressed,在橡皮上刻下对方的缩写,11,移除时间、地点、人物或关系模板，归并到核心概念
3388,周末前最后一节课后在礼堂散场后寻找对方,19,compressed,在礼堂散场后寻找对方,10,移除时间、地点、人物或关系模板，归并到核心概念
3389,周末前最后一节课后一起搬运动会用的桌椅,19,compressed,一起搬运动会用的桌椅,10,移除时间、地点、人物或关系模板，归并到核心概念
3390,周末前最后一节课后记住冬天热水杯传来的暖意,21,compressed,记住冬天热水杯传来的暖意,12,移除时间、地点、人物或关系模板，归并到核心概念
3391,周末前最后一节课后离校前再走一遍熟悉的操场,21,compressed,离校前再走一遍熟悉的操场,12,移除时间、地点、人物或关系模板，归并到核心概念
3392,周末单独见面时感受到双向喜欢，后来常被想起,21,compressed,感受到双向喜欢,7,移除时间、地点、人物或关系模板，归并到核心概念
3393,周末单独见面时介绍身边的人是另一半，后来常被想起,24,compressed,介绍身边的人是另一半,10,移除时间、地点、人物或关系模板，归并到核心概念
3394,周末单独见面时把暗恋写进一封信，后来常被想起,22,deleted,,0,模板变体、超长表达或配额外的同概念近似项
3395,周末单独见面时邀请喜欢的人一起吃饭，后来常被想起,24,deleted,,0,模板变体、超长表达或配额外的同概念近似项
3396,周末单独见面时得到同意后拥抱对方，后来常被想起,23,compressed,得到同意后拥抱对方,9,移除时间、地点、人物或关系模板，归并到核心概念
3397,周末单独见面时谈起已经结束的上一段关系，后来常被想起,26,deleted,,0,模板变体、超长表达或配额外的同概念近似项
3398,周末单独见面时担心毕业前没有恋爱经历，后来常被想起,25,deleted,,0,模板变体、超长表达或配额外的同概念近似项
3399,周末单独见面时发现聚会里只有自己单身，后来常被想起,25,deleted,,0,模板变体、超长表达或配额外的同概念近似项
3400,周末单独见面时听见我们还是做朋友吧，后来常被想起,24,deleted,,0,模板变体、超长表达或配额外的同概念近似项
3401,周末单独见面时见喜欢的人前认真整理头发，后来常被想起,26,deleted,,0,模板变体、超长表达或配额外的同概念近似项
3402,周末单独见面时看见恋人交换订婚戒指，后来常被想起,24,compressed,看见恋人交换订婚戒指,10,移除时间、地点、人物或关系模板，归并到核心概念
3403,周末单独见面时七夕预订双人晚餐，后来常被想起,22,deleted,,0,模板变体、超长表达或配额外的同概念近似项
3404,周末单独见面时在朋友圈正式官宣关系，后来常被想起,24,deleted,,0,模板变体、超长表达或配额外的同概念近似项
3405,周末单独见面时回答自己有没有恋爱经历，后来常被想起,25,deleted,,0,模板变体、超长表达或配额外的同概念近似项
3406,周末单独见面时路过摆满玫瑰的花店，后来常被想起,23,compressed,路过摆满玫瑰的花店,9,移除时间、地点、人物或关系模板，归并到核心概念
3407,周末单独见面时担心青春缺少重要体验，后来常被想起,24,deleted,,0,模板变体、超长表达或配额外的同概念近似项
3408,周末单独见面时对象存储突然容量不足，后来常被想起,24,deleted,,0,模板变体、超长表达或配额外的同概念近似项
3409,放学人群里在操场看台说出喜欢,14,deleted,,0,模板变体、超长表达或配额外的同概念近似项
3410,周末前最后一节课后认出书包上新挂的钥匙扣,20,compressed,认出书包上新挂的钥匙扣,11,移除时间、地点、人物或关系模板，归并到核心概念
3411,周末前最后一节课后把复习资料装订得整整齐齐,21,compressed,把复习资料装订得整整齐齐,12,移除时间、地点、人物或关系模板，归并到核心概念
3412,周末前最后一节课后沿着操场跑道陪她慢慢走,20,compressed,沿着操场跑道陪她慢慢走,11,移除时间、地点、人物或关系模板，归并到核心概念
3413,周末前最后一节课后在社团排练后帮忙收器材,20,compressed,在社团排练后帮忙收器材,11,移除时间、地点、人物或关系模板，归并到核心概念
3414,周末前最后一节课后等春天樱花落在她肩上,19,compressed,等春天樱花落在她肩上,10,移除时间、地点、人物或关系模板，归并到核心概念
3415,周末前最后一节课后在校门口说出以后常联系,20,compressed,在校门口说出以后常联系,11,移除时间、地点、人物或关系模板，归并到核心概念
3416,周末单独见面时学会经营一段感情，后来常被想起,22,deleted,,0,模板变体、超长表达或配额外的同概念近似项
3417,周末单独见面时从单身状态顺利毕业，后来常被想起,23,compressed,从单身状态顺利毕业,9,移除时间、地点、人物或关系模板，归并到核心概念
3418,周末单独见面时试探对方是否也有好感，后来常被想起,24,deleted,,0,模板变体、超长表达或配额外的同概念近似项
3419,周末单独见面时挑选适合聊天的咖啡店，后来常被想起,24,deleted,,0,模板变体、超长表达或配额外的同概念近似项
3420,周末单独见面时在靠近前先询问意愿，后来常被想起,23,deleted,,0,模板变体、超长表达或配额外的同概念近似项
3421,周末单独见面时被问到过去有几次恋爱，后来常被想起,24,deleted,,0,模板变体、超长表达或配额外的同概念近似项
3422,周末单独见面时看着同龄人进入稳定关系，后来常被想起,25,deleted,,0,模板变体、超长表达或配额外的同概念近似项
3423,周末单独见面时刷到朋友晒情侣合照，后来常被想起,23,deleted,,0,模板变体、超长表达或配额外的同概念近似项
3424,周末单独见面时邀约连续几次没有回应，后来常被想起,24,deleted,,0,模板变体、超长表达或配额外的同概念近似项
3425,周末单独见面时怀疑自己不擅长聊天，后来常被想起,23,deleted,,0,模板变体、超长表达或配额外的同概念近似项
3426,周末单独见面时讨论以后在哪座城市生活，后来常被想起,25,compressed,讨论以后在哪座城市生活,11,移除时间、地点、人物或关系模板，归并到核心概念
3427,周末单独见面时在520发出含蓄告白，后来常被想起,24,deleted,,0,模板变体、超长表达或配额外的同概念近似项
3428,周末单独见面时和朋友一起磕一对CP，后来常被想起,24,deleted,,0,模板变体、超长表达或配额外的同概念近似项
3429,周末单独见面时被追问为什么一直单身，后来常被想起,24,deleted,,0,模板变体、超长表达或配额外的同概念近似项
3430,周末单独见面时发现饮品店推出情侣套餐，后来常被想起,25,compressed,发现饮品店推出情侣套餐,11,移除时间、地点、人物或关系模板，归并到核心概念
3431,周末单独见面时觉得自己落后于同龄人，后来常被想起,24,deleted,,0,模板变体、超长表达或配额外的同概念近似项
3432,周末单独见面时单例模式坚持保持单身，后来常被想起,24,deleted,,0,模板变体、超长表达或配额外的同概念近似项
3433,放学人群里把暗恋告诉最信任的同学,16,deleted,,0,模板变体、超长表达或配额外的同概念近似项
3434,周末前最后一节课后留意她每天更换的发卡,19,compressed,留意她每天更换的发卡,10,移除时间、地点、人物或关系模板，归并到核心概念
3435,周末前最后一节课后在错题本角落留下鼓励,19,compressed,在错题本角落留下鼓励,10,移除时间、地点、人物或关系模板，归并到核心概念
3436,周末前最后一节课后在篮球场边递上一瓶水,19,compressed,在篮球场边递上一瓶水,10,移除时间、地点、人物或关系模板，归并到核心概念
3437,周末前最后一节课后为对方的比赛偷偷加油,19,compressed,为对方的比赛偷偷加油,10,移除时间、地点、人物或关系模板，归并到核心概念
3438,周末前最后一节课后在盛夏风扇声里偷偷心动,20,compressed,在盛夏风扇声里偷偷心动,11,移除时间、地点、人物或关系模板，归并到核心概念
3439,周末前最后一节课后目送对方坐上不同方向的车,21,compressed,目送对方坐上不同方向的车,12,移除时间、地点、人物或关系模板，归并到核心概念
3440,周末单独见面时拥有可以分享日常的人，后来常被想起,24,deleted,,0,模板变体、超长表达或配额外的同概念近似项
3441,周末单独见面时朋友介绍了合适的人，后来常被想起,23,compressed,朋友介绍了合适的人,9,移除时间、地点、人物或关系模板，归并到核心概念
3442,周末单独见面时主动创造单独见面的机会，后来常被想起,25,deleted,,0,模板变体、超长表达或配额外的同概念近似项
3443,周末单独见面时一起看期待很久的电影，后来常被想起,24,deleted,,0,模板变体、超长表达或配额外的同概念近似项
3444,周末单独见面时注意到对方不舒服的信号，后来常被想起,25,deleted,,0,模板变体、超长表达或配额外的同概念近似项
3445,周末单独见面时发现恋爱履历仍然空白，后来常被想起,24,deleted,,0,模板变体、超长表达或配额外的同概念近似项
3446,周末单独见面时把生日变成脱单倒计时，后来常被想起,24,deleted,,0,模板变体、超长表达或配额外的同概念近似项
3447,周末单独见面时听同学讨论各自的前任，后来常被想起,24,deleted,,0,模板变体、超长表达或配额外的同概念近似项
3448,周末单独见面时发现对方正在逐渐疏远，后来常被想起,24,deleted,,0,模板变体、超长表达或配额外的同概念近似项
3449,周末单独见面时面对心动对象突然紧张，后来常被想起,24,deleted,,0,模板变体、超长表达或配额外的同概念近似项
3450,周末单独见面时考虑要不要带对象见父母，后来常被想起,25,compressed,考虑要不要带对象见父母,11,移除时间、地点、人物或关系模板，归并到核心概念
3451,周末单独见面时圣诞夜邀请喜欢的人见面，后来常被想起,25,deleted,,0,模板变体、超长表达或配额外的同概念近似项
3452,周末单独见面时判断彼此是否处于暧昧期，后来常被想起,25,deleted,,0,模板变体、超长表达或配额外的同概念近似项
3453,周末单独见面时听见什么时候脱单的问题，后来常被想起,25,deleted,,0,模板变体、超长表达或配额外的同概念近似项
3454,周末单独见面时看见两件并排挂着的外套，后来常被想起,25,deleted,,0,模板变体、超长表达或配额外的同概念近似项
3455,周末单独见面时害怕永远错过亲密关系，后来常被想起,24,deleted,,0,模板变体、超长表达或配额外的同概念近似项
3456,周末单独见面时配对算法开始安排相亲，后来常被想起,24,deleted,,0,模板变体、超长表达或配额外的同概念近似项
3457,放学人群里收到对方认真回应的好感,16,deleted,,0,模板变体、超长表达或配额外的同概念近似项
3458,周末前最后一节课后记住帆布鞋踩过积水的声音,21,deleted,,0,模板变体、超长表达或配额外的同概念近似项
3459,周末前最后一节课后用同一本练习册对答案,19,deleted,,0,模板变体、超长表达或配额外的同概念近似项
3460,周末前最后一节课后在看台最高一排并肩坐着,20,compressed,在看台最高一排并肩坐着,11,移除时间、地点、人物或关系模板，归并到核心概念
3461,周末前最后一节课后在班级合唱时站到她旁边,20,compressed,在班级合唱时站到她旁边,11,移除时间、地点、人物或关系模板，归并到核心概念
3462,周末前最后一节课后看秋叶堆满放学的小路,19,deleted,,0,模板变体、超长表达或配额外的同概念近似项
3463,周末前最后一节课后发现最后一句聊天停在毕业快乐,23,deleted,,0,模板变体、超长表达或配额外的同概念近似项
3464,周末单独见面时期待稳定的情感回应，后来常被想起,23,deleted,,0,模板变体、超长表达或配额外的同概念近似项
3465,周末单独见面时认真思考理想伴侣，后来常被想起,22,compressed,认真思考理想伴侣,8,移除时间、地点、人物或关系模板，归并到核心概念
3466,周末单独见面时收到别人认真的告白，后来常被想起,23,deleted,,0,模板变体、超长表达或配额外的同概念近似项
3467,周末单独见面时沿着安静的小路散步，后来常被想起,23,deleted,,0,模板变体、超长表达或配额外的同概念近似项
3468,周末单独见面时明确拒绝后立即停止，后来常被想起,23,deleted,,0,模板变体、超长表达或配额外的同概念近似项
3469,周末单独见面时听对方说起难忘的初恋，后来常被想起,24,deleted,,0,模板变体、超长表达或配额外的同概念近似项
3470,周末单独见面时害怕错过年轻时的恋爱，后来常被想起,24,deleted,,0,模板变体、超长表达或配额外的同概念近似项
3471,周末单独见面时参加婚礼时被问有没有对象，后来常被想起,26,deleted,,0,模板变体、超长表达或配额外的同概念近似项
3472,周末单独见面时接受喜欢没有得到回应，后来常被想起,24,deleted,,0,模板变体、超长表达或配额外的同概念近似项
3473,周末单独见面时读不懂别人释放的好感，后来常被想起,24,deleted,,0,模板变体、超长表达或配额外的同概念近似项
3474,周末单独见面时从恋爱走向共同生活，后来常被想起,23,compressed,从恋爱走向共同生活,9,移除时间、地点、人物或关系模板，归并到核心概念
3475,周末单独见面时为恋爱纪念日挑选礼物，后来常被想起,24,deleted,,0,模板变体、超长表达或配额外的同概念近似项
3476,周末单独见面时讨论situationship算什么关系，后来常被想起,34,deleted,,0,模板变体、超长表达或配额外的同概念近似项
3477,周末单独见面时解释目前有没有喜欢的人，后来常被想起,25,deleted,,0,模板变体、超长表达或配额外的同概念近似项
3478,周末单独见面时注意到共享耳机的两个人，后来常被想起,25,deleted,,0,模板变体、超长表达或配额外的同概念近似项
3479,周末单独见面时希望成为某个人的例外，后来常被想起,24,deleted,,0,模板变体、超长表达或配额外的同概念近似项
3480,周末单独见面时关系数据库认真维护关系，后来常被想起,25,deleted,,0,模板变体、超长表达或配额外的同概念近似项
3481,放学人群里从同桌变成互相喜欢的人,16,deleted,,0,模板变体、超长表达或配额外的同概念近似项
3482,周末前最后一节课后看见运动服背后的班级号码,21,deleted,,0,模板变体、超长表达或配额外的同概念近似项
3483,周末前最后一节课后把借书卡藏进喜欢的书里,20,deleted,,0,模板变体、超长表达或配额外的同概念近似项
3484,周末前最后一节课后在体育馆门口等训练结束,20,deleted,,0,模板变体、超长表达或配额外的同概念近似项
3485,周末前最后一节课后假装随口询问周末安排,19,deleted,,0,模板变体、超长表达或配额外的同概念近似项
3486,周末前最后一节课后在初雪那天想和她一起走,20,deleted,,0,模板变体、超长表达或配额外的同概念近似项
3487,周末前最后一节课后因为去往不同城市慢慢失联,21,deleted,,0,模板变体、超长表达或配额外的同概念近似项
3488,周末单独见面时从朋友走向恋人，后来常被想起,21,deleted,,0,模板变体、超长表达或配额外的同概念近似项
3489,周末单独见面时遇到愿意互相陪伴的人，后来常被想起,24,compressed,遇到愿意互相陪伴的人,10,移除时间、地点、人物或关系模板，归并到核心概念
3490,周末单独见面时准备一份有意义的礼物，后来常被想起,24,deleted,,0,模板变体、超长表达或配额外的同概念近似项
3491,周末单独见面时为两个人安排周末行程，后来常被想起,24,deleted,,0,模板变体、超长表达或配额外的同概念近似项
3492,周末单独见面时不把沉默误认为同意，后来常被想起,23,deleted,,0,模板变体、超长表达或配额外的同概念近似项
3493,周末单独见面时整理前任留下的旧物，后来常被想起,23,deleted,,0,模板变体、超长表达或配额外的同概念近似项
3494,周末单独见面时觉得感情进度落后别人，后来常被想起,24,deleted,,0,模板变体、超长表达或配额外的同概念近似项
3495,周末单独见面时看别人收到纪念日礼物，后来常被想起,24,deleted,,0,模板变体、超长表达或配额外的同概念近似项
3496,周末单独见面时停止追问拒绝的具体理由，后来常被想起,25,deleted,,0,模板变体、超长表达或配额外的同概念近似项
3497,周末单独见面时想知道有没有人喜欢自己，后来常被想起,25,deleted,,0,模板变体、超长表达或配额外的同概念近似项
3498,周末单独见面时规划两个人的长期未来，后来常被想起,24,deleted,,0,模板变体、超长表达或配额外的同概念近似项
3499,周末单独见面时零点发送周年祝福，后来常被想起,22,deleted,,0,模板变体、超长表达或配额外的同概念近似项
3500,周末单独见面时换上成套的情侣头像，后来常被想起,23,deleted,,0,模板变体、超长表达或配额外的同概念近似项
3501,周末单独见面时回答第一次恋爱是在几岁，后来常被想起,25,deleted,,0,模板变体、超长表达或配额外的同概念近似项
3502,周末单独见面时经过夜晚亮灯的摩天轮，后来常被想起,24,deleted,,0,模板变体、超长表达或配额外的同概念近似项
3503,周末单独见面时渴望获得稳定情感回应，后来常被想起,24,deleted,,0,模板变体、超长表达或配额外的同概念近似项
3504,周末单独见面时握手协议负责成功牵手，后来常被想起,24,deleted,,0,模板变体、超长表达或配额外的同概念近似项
3505,放学人群里在班级起哄中偷偷脸红,15,deleted,,0,模板变体、超长表达或配额外的同概念近似项
3506,周末前最后一节课后注意到对方紧张时攥住衣角,21,deleted,,0,模板变体、超长表达或配额外的同概念近似项
3507,周末前最后一节课后用值日表制造一起留下的机会,22,deleted,,0,模板变体、超长表达或配额外的同概念近似项
3508,周末前最后一节课后沿林荫道推着自行车同行,20,deleted,,0,模板变体、超长表达或配额外的同概念近似项
3509,周末前最后一节课后把好笑的事情第一个告诉她,21,deleted,,0,模板变体、超长表达或配额外的同概念近似项
3510,周末前最后一节课后记住六月毕业季的闷热,19,deleted,,0,模板变体、超长表达或配额外的同概念近似项
3511,周末前最后一节课后多年后翻到泛黄的毕业照,20,deleted,,0,模板变体、超长表达或配额外的同概念近似项
3512,周末单独见面时认真讨论彼此的需要，后来常被想起,23,deleted,,0,模板变体、超长表达或配额外的同概念近似项
3513,周末单独见面时开始主动扩大社交圈，后来常被想起,23,compressed,开始主动扩大社交圈,9,移除时间、地点、人物或关系模板，归并到核心概念
3514,周末单独见面时请朋友帮忙判断好感信号，后来常被想起,25,deleted,,0,模板变体、超长表达或配额外的同概念近似项
3515,周末单独见面时见面前认真选择穿搭，后来常被想起,23,deleted,,0,模板变体、超长表达或配额外的同概念近似项
3516,周末单独见面时共同商量可以接受的边界，后来常被想起,25,deleted,,0,模板变体、超长表达或配额外的同概念近似项
3517,周末单独见面时思考过去关系里的问题，后来常被想起,24,deleted,,0,模板变体、超长表达或配额外的同概念近似项
3518,周末单独见面时工作以后才开始学习约会，后来常被想起,25,deleted,,0,模板变体、超长表达或配额外的同概念近似项
3519,周末单独见面时发现朋友周末都去约会，后来常被想起,24,deleted,,0,模板变体、超长表达或配额外的同概念近似项
3520,周末单独见面时被拒绝后不再继续打扰，后来常被想起,24,deleted,,0,模板变体、超长表达或配额外的同概念近似项
3521,周末单独见面时把异性缘归因于颜值，后来常被想起,23,deleted,,0,模板变体、超长表达或配额外的同概念近似项
3522,周末单独见面时被家人追问什么时候结婚，后来常被想起,25,deleted,,0,模板变体、超长表达或配额外的同概念近似项
3523,周末单独见面时看见街边摆满情侣商品，后来常被想起,24,deleted,,0,模板变体、超长表达或配额外的同概念近似项
3524,周末单独见面时每天给对方分享短视频，后来常被想起,24,deleted,,0,模板变体、超长表达或配额外的同概念近似项
3525,周末单独见面时被问最长一段关系多久，后来常被想起,24,deleted,,0,模板变体、超长表达或配额外的同概念近似项
3526,周末单独见面时看到桌上放着两张电影票，后来常被想起,25,deleted,,0,模板变体、超长表达或配额外的同概念近似项
3527,周末单独见面时学习不靠伴侣定义完整，后来常被想起,24,deleted,,0,模板变体、超长表达或配额外的同概念近似项
3528,周末单独见面时线程脱单后进入双线程，后来常被想起,24,deleted,,0,模板变体、超长表达或配额外的同概念近似项
3529,放学人群里交换只有两个人懂的暗号,16,deleted,,0,模板变体、超长表达或配额外的同概念近似项
3530,周末前最后一节课后记住少年骑车时鼓起的衣摆,21,deleted,,0,模板变体、超长表达或配额外的同概念近似项
3531,周末前最后一节课后在课程表上圈出共同的空课,21,deleted,,0,模板变体、超长表达或配额外的同概念近似项
3532,周末前最后一节课后在校门口犹豫要不要告别,20,deleted,,0,模板变体、超长表达或配额外的同概念近似项
3533,周末前最后一节课后聊天时等对方收拾完书包,20,deleted,,0,模板变体、超长表达或配额外的同概念近似项
3534,周末前最后一节课后在傍晚风里听见校服摩擦声,21,deleted,,0,模板变体、超长表达或配额外的同概念近似项
3535,周末前最后一节课后重回母校时寻找当年的座位,21,deleted,,0,模板变体、超长表达或配额外的同概念近似项
3536,周末单独见面时发现关系正在升温，后来常被想起,22,deleted,,0,模板变体、超长表达或配额外的同概念近似项
3537,周末单独见面时期待有人一起规划周末，后来常被想起,24,compressed,期待有人一起规划周末,10,移除时间、地点、人物或关系模板，归并到核心概念
3538,周末单独见面时决定不再隐藏真实心意，后来常被想起,24,deleted,,0,模板变体、超长表达或配额外的同概念近似项
3539,周末单独见面时约会结束后舍不得分别，后来常被想起,24,deleted,,0,模板变体、超长表达或配额外的同概念近似项
3540,周末单独见面时为越界接触认真道歉，后来常被想起,23,deleted,,0,模板变体、超长表达或配额外的同概念近似项
3541,周末单独见面时接受曾经喜欢的人已走远，后来常被想起,25,deleted,,0,模板变体、超长表达或配额外的同概念近似项
3542,周末单独见面时怀疑现在恋爱是否太晚，后来常被想起,24,deleted,,0,模板变体、超长表达或配额外的同概念近似项
3543,周末单独见面时听见同龄人开始谈婚论嫁，后来常被想起,25,deleted,,0,模板变体、超长表达或配额外的同概念近似项
3544,周末单独见面时重新建立交往边界，后来常被想起,22,deleted,,0,模板变体、超长表达或配额外的同概念近似项
3545,周末单独见面时学习更坦诚地表达感受，后来常被想起,24,deleted,,0,模板变体、超长表达或配额外的同概念近似项
3546,周末单独见面时参加同学婚礼独自坐一桌，后来常被想起,25,deleted,,0,模板变体、超长表达或配额外的同概念近似项
3547,周末单独见面时独自度过恋爱主题节日，后来常被想起,24,deleted,,0,模板变体、超长表达或配额外的同概念近似项
3548,周末单独见面时把重要聊天设置为置顶，后来常被想起,24,deleted,,0,模板变体、超长表达或配额外的同概念近似项
3549,周末单独见面时猜测今年是否能够脱单，后来常被想起,24,deleted,,0,模板变体、超长表达或配额外的同概念近似项
3550,周末单独见面时发现相册里只有单人照片，后来常被想起,25,deleted,,0,模板变体、超长表达或配额外的同概念近似项
3551,周末单独见面时接受每个人节奏不同，后来常被想起,23,deleted,,0,模板变体、超长表达或配额外的同概念近似项
3552,周末单独见面时空对象拒绝返回女朋友，后来常被想起,24,deleted,,0,模板变体、超长表达或配额外的同概念近似项
3553,放学人群里第一次用恋人的身份说晚安,17,deleted,,0,模板变体、超长表达或配额外的同概念近似项
3554,周末前最后一节课后发现镜片后躲闪的目光,19,deleted,,0,模板变体、超长表达或配额外的同概念近似项
3555,周末前最后一节课后用广播点歌传递含蓄心意,20,deleted,,0,模板变体、超长表达或配额外的同概念近似项
3556,周末前最后一节课后在公交站陪对方等车,18,deleted,,0,模板变体、超长表达或配额外的同概念近似项
3557,周末前最后一节课后看见她睡着后压低说话声音,21,deleted,,0,模板变体、超长表达或配额外的同概念近似项
3558,周末前最后一节课后尝到小卖部冰汽水的甜味,20,deleted,,0,模板变体、超长表达或配额外的同概念近似项
3559,周末前最后一节课后听见校歌突然想起喜欢的人,21,deleted,,0,模板变体、超长表达或配额外的同概念近似项
3560,周末单独见面时体验被人惦记的感觉，后来常被想起,23,deleted,,0,模板变体、超长表达或配额外的同概念近似项
3561,周末单独见面时不再独自参加朋友聚会，后来常被想起,24,deleted,,0,模板变体、超长表达或配额外的同概念近似项
3562,周末单独见面时尊重对方对追求的回应，后来常被想起,24,deleted,,0,模板变体、超长表达或配额外的同概念近似项
3563,周末单独见面时等待对方发来安全到家，后来常被想起,24,deleted,,0,模板变体、超长表达或配额外的同概念近似项
3564,周末单独见面时尊重对方改变主意，后来常被想起,22,deleted,,0,模板变体、超长表达或配额外的同概念近似项
3565,周末单独见面时意识到自己从没被表白，后来常被想起,24,deleted,,0,模板变体、超长表达或配额外的同概念近似项
3566,周末单独见面时计算自己单身了多少年，后来常被想起,24,deleted,,0,模板变体、超长表达或配额外的同概念近似项
3567,周末单独见面时把自己的经历和别人比较，后来常被想起,25,deleted,,0,模板变体、超长表达或配额外的同概念近似项
3568,周末单独见面时删除没有发出的解释消息，后来常被想起,25,deleted,,0,模板变体、超长表达或配额外的同概念近似项
3569,周末单独见面时不再靠恋爱证明个人价值，后来常被想起,25,deleted,,0,模板变体、超长表达或配额外的同概念近似项
3570,周末单独见面时听见别人叫彼此老公老婆，后来常被想起,25,deleted,,0,模板变体、超长表达或配额外的同概念近似项
3571,周末单独见面时收到平台推送的情侣套餐，后来常被想起,25,deleted,,0,模板变体、超长表达或配额外的同概念近似项
3572,周末单独见面时从线上聊天走到线下见面，后来常被想起,25,deleted,,0,模板变体、超长表达或配额外的同概念近似项
3573,周末单独见面时面对她是不是你女朋友的追问，后来常被想起,27,deleted,,0,模板变体、超长表达或配额外的同概念近似项
3574,周末单独见面时收到适合约会的地点推荐，后来常被想起,25,deleted,,0,模板变体、超长表达或配额外的同概念近似项
3575,周末单独见面时允许遗憾留在过去，后来常被想起,22,deleted,,0,模板变体、超长表达或配额外的同概念近似项
3576,周末单独见面时恋爱脑被当作神经网络，后来常被想起,24,deleted,,0,模板变体、超长表达或配额外的同概念近似项
3577,放学人群里约定毕业以后也继续联系,16,deleted,,0,模板变体、超长表达或配额外的同概念近似项
3578,周末前最后一节课后在人群中认出那双熟悉的球鞋,22,deleted,,0,模板变体、超长表达或配额外的同概念近似项
3579,周末前最后一节课后约定用窗台上的水杯当暗号,21,deleted,,0,模板变体、超长表达或配额外的同概念近似项
3580,周末前最后一节课后绕远路走过两个人常走的小巷,22,deleted,,0,模板变体、超长表达或配额外的同概念近似项
3581,周末前最后一节课后把最后一颗糖留给喜欢的人,21,deleted,,0,模板变体、超长表达或配额外的同概念近似项
3582,周末前最后一节课后记住她经过时淡淡的洗衣粉香,22,deleted,,0,模板变体、超长表达或配额外的同概念近似项
3583,周末前最后一节课后意识到那次挥手已经是最后一面,23,deleted,,0,模板变体、超长表达或配额外的同概念近似项
3584,周末单独见面时允许恋爱自然发生，后来常被想起,22,deleted,,0,模板变体、超长表达或配额外的同概念近似项
3585,周末单独见面时寻找能够长期相处的人，后来常被想起,24,deleted,,0,模板变体、超长表达或配额外的同概念近似项
3586,周末单独见面时把模糊关系说清楚，后来常被想起,22,deleted,,0,模板变体、超长表达或配额外的同概念近似项
3587,周末单独见面时期待下一次单独见面，后来常被想起,23,deleted,,0,模板变体、超长表达或配额外的同概念近似项
3588,周末单独见面时在安全感中逐渐靠近，后来常被想起,23,deleted,,0,模板变体、超长表达或配额外的同概念近似项
3589,周末单独见面时不再用经历数量评价自己，后来常被想起,25,deleted,,0,模板变体、超长表达或配额外的同概念近似项
3590,周末单独见面时提醒自己没有统一人生时钟，后来常被想起,26,deleted,,0,模板变体、超长表达或配额外的同概念近似项
3591,周末单独见面时提醒自己不必追赶他人进度，后来常被想起,26,deleted,,0,模板变体、超长表达或配额外的同概念近似项
3592,周末单独见面时把没有回复也视作答案，后来常被想起,24,deleted,,0,模板变体、超长表达或配额外的同概念近似项
3593,周末单独见面时相信自己也值得被选择，后来常被想起,24,deleted,,0,模板变体、超长表达或配额外的同概念近似项
3594,周末单独见面时还没有对象就开始被催婚，后来常被想起,25,deleted,,0,模板变体、超长表达或配额外的同概念近似项
3595,周末单独见面时跨年倒数时想起喜欢的人，后来常被想起,25,deleted,,0,模板变体、超长表达或配额外的同概念近似项
3596,周末单独见面时因为断联猜测关系是否结束，后来常被想起,26,deleted,,0,模板变体、超长表达或配额外的同概念近似项
3597,周末单独见面时拒绝回答过度私人的感情问题，后来常被想起,27,deleted,,0,模板变体、超长表达或配额外的同概念近似项
3598,周末单独见面时看见副驾驶放着一束花，后来常被想起,24,deleted,,0,模板变体、超长表达或配额外的同概念近似项
3599,周末单独见面时相信未来仍会建立连接，后来常被想起,24,deleted,,0,模板变体、超长表达或配额外的同概念近似项
3600,周末单独见面时朋友圈在图论里形成闭环，后来常被想起,25,deleted,,0,模板变体、超长表达或配额外的同概念近似项
3601,周末前最后一节课后和喜欢的人隔着课桌对视,20,deleted,,0,模板变体、超长表达或配额外的同概念近似项
3602,雨落窗台的下午风吹起她额前的刘海,16,compressed,风吹起她额前的刘海,9,移除时间、地点、人物或关系模板，归并到核心概念
3603,雨落窗台的下午递来一张折好的小纸条,17,compressed,递来一张折好的小纸条,10,移除时间、地点、人物或关系模板，归并到核心概念
3604,雨落窗台的下午在靠窗的座位等她出现,17,compressed,在靠窗的座位等她出现,10,移除时间、地点、人物或关系模板，归并到核心概念
3605,雨落窗台的下午把课堂笔记借给喜欢的人,18,compressed,把课堂笔记借给喜欢的人,11,移除时间、地点、人物或关系模板，归并到核心概念
3606,雨落窗台的下午听见窗外一阵很长的蝉鸣,18,compressed,听见窗外一阵很长的蝉鸣,11,移除时间、地点、人物或关系模板，归并到核心概念
3607,雨落窗台的下午在毕业册上写下一句祝福,18,compressed,在毕业册上写下一句祝福,11,移除时间、地点、人物或关系模板，归并到核心概念
3608,刷到相似故事时第一次确认恋爱关系，后来常被想起,23,compressed,第一次确认恋爱关系,9,移除时间、地点、人物或关系模板，归并到核心概念
3609,刷到相似故事时终于有了稳定对象，后来常被想起,22,compressed,终于有了稳定对象,8,移除时间、地点、人物或关系模板，归并到核心概念
3610,刷到相似故事时鼓起勇气说出喜欢，后来常被想起,22,deleted,,0,模板变体、超长表达或配额外的同概念近似项
3611,刷到相似故事时计划第一次正式约会，后来常被想起,23,deleted,,0,模板变体、超长表达或配额外的同概念近似项
3612,刷到相似故事时第一次牵住喜欢的人的手，后来常被想起,25,compressed,第一次牵住喜欢的人的手,11,移除时间、地点、人物或关系模板，归并到核心概念
3613,刷到相似故事时回忆自己的第一次心动，后来常被想起,24,deleted,,0,模板变体、超长表达或配额外的同概念近似项
3614,刷到相似故事时发现又长一岁仍然单身，后来常被想起,24,deleted,,0,模板变体、超长表达或配额外的同概念近似项
3615,刷到相似故事时看到室友突然宣布脱单，后来常被想起,24,deleted,,0,模板变体、超长表达或配额外的同概念近似项
3616,刷到相似故事时告白后收到明确拒绝，后来常被想起,23,deleted,,0,模板变体、超长表达或配额外的同概念近似项
3617,刷到相似故事时担心自己的外貌没有吸引力，后来常被想起,26,deleted,,0,模板变体、超长表达或配额外的同概念近似项
3618,刷到相似故事时收到朋友发来的婚礼请柬，后来常被想起,25,compressed,收到朋友发来的婚礼请柬,11,移除时间、地点、人物或关系模板，归并到核心概念
3619,刷到相似故事时在情人节准备一束玫瑰，后来常被想起,24,deleted,,0,模板变体、超长表达或配额外的同概念近似项
3620,刷到相似故事时把心动对象称作crush，后来常被想起,26,deleted,,0,模板变体、超长表达或配额外的同概念近似项
3621,刷到相似故事时被问以前谈过几个对象，后来常被想起,24,deleted,,0,模板变体、超长表达或配额外的同概念近似项
3622,刷到相似故事时看见电影院里的双人座，后来常被想起,24,compressed,看见电影院里的双人座,10,移除时间、地点、人物或关系模板，归并到核心概念
3623,刷到相似故事时把恋爱视作人生进度，后来常被想起,23,deleted,,0,模板变体、超长表达或配额外的同概念近似项
3624,刷到相似故事时面向对象时找不到对象，后来常被想起,24,deleted,,0,模板变体、超长表达或配额外的同概念近似项
3625,周末前最后一节课后发现同桌悄悄看向自己,19,deleted,,0,模板变体、超长表达或配额外的同概念近似项
3626,雨落窗台的下午看见她把刘海别到耳后,17,compressed,看见她把刘海别到耳后,10,移除时间、地点、人物或关系模板，归并到核心概念
3627,雨落窗台的下午在纸条背面写下回复,16,compressed,在纸条背面写下回复,9,移除时间、地点、人物或关系模板，归并到核心概念
3628,雨落窗台的下午经过对方班级的教室门口,18,compressed,经过对方班级的教室门口,11,移除时间、地点、人物或关系模板，归并到核心概念
3629,雨落窗台的下午耐心讲一道做错的题,16,compressed,耐心讲一道做错的题,9,移除时间、地点、人物或关系模板，归并到核心概念
3630,雨落窗台的下午听见下课铃盖过没说完的话,19,compressed,听见下课铃盖过没说完的话,12,移除时间、地点、人物或关系模板，归并到核心概念
3631,雨落窗台的下午把同学录最后一页留给她,18,compressed,把同学录最后一页留给她,11,移除时间、地点、人物或关系模板，归并到核心概念
3632,刷到相似故事时感受到双向喜欢，后来常被想起,21,compressed,感受到双向喜欢,7,移除时间、地点、人物或关系模板，归并到核心概念
3633,刷到相似故事时介绍身边的人是另一半，后来常被想起,24,compressed,介绍身边的人是另一半,10,移除时间、地点、人物或关系模板，归并到核心概念
3634,刷到相似故事时把暗恋写进一封信，后来常被想起,22,deleted,,0,模板变体、超长表达或配额外的同概念近似项
3635,刷到相似故事时邀请喜欢的人一起吃饭，后来常被想起,24,deleted,,0,模板变体、超长表达或配额外的同概念近似项
3636,刷到相似故事时得到同意后拥抱对方，后来常被想起,23,compressed,得到同意后拥抱对方,9,移除时间、地点、人物或关系模板，归并到核心概念
3637,刷到相似故事时谈起已经结束的上一段关系，后来常被想起,26,deleted,,0,模板变体、超长表达或配额外的同概念近似项
3638,刷到相似故事时担心毕业前没有恋爱经历，后来常被想起,25,deleted,,0,模板变体、超长表达或配额外的同概念近似项
3639,刷到相似故事时发现聚会里只有自己单身，后来常被想起,25,deleted,,0,模板变体、超长表达或配额外的同概念近似项
3640,刷到相似故事时听见我们还是做朋友吧，后来常被想起,24,deleted,,0,模板变体、超长表达或配额外的同概念近似项
3641,刷到相似故事时见喜欢的人前认真整理头发，后来常被想起,26,deleted,,0,模板变体、超长表达或配额外的同概念近似项
3642,刷到相似故事时看见恋人交换订婚戒指，后来常被想起,24,compressed,看见恋人交换订婚戒指,10,移除时间、地点、人物或关系模板，归并到核心概念
3643,刷到相似故事时七夕预订双人晚餐，后来常被想起,22,deleted,,0,模板变体、超长表达或配额外的同概念近似项
3644,刷到相似故事时在朋友圈正式官宣关系，后来常被想起,24,deleted,,0,模板变体、超长表达或配额外的同概念近似项
3645,刷到相似故事时回答自己有没有恋爱经历，后来常被想起,25,deleted,,0,模板变体、超长表达或配额外的同概念近似项
3646,刷到相似故事时路过摆满玫瑰的花店，后来常被想起,23,compressed,路过摆满玫瑰的花店,9,移除时间、地点、人物或关系模板，归并到核心概念
3647,刷到相似故事时担心青春缺少重要体验，后来常被想起,24,deleted,,0,模板变体、超长表达或配额外的同概念近似项
3648,刷到相似故事时对象存储突然容量不足，后来常被想起,24,deleted,,0,模板变体、超长表达或配额外的同概念近似项
3649,周末前最后一节课后把喜欢藏在课堂笔记里,19,deleted,,0,模板变体、超长表达或配额外的同概念近似项
3650,雨落窗台的下午注意到阳光落在她的发梢,18,compressed,注意到阳光落在她的发梢,11,移除时间、地点、人物或关系模板，归并到核心概念
3651,雨落窗台的下午把没送出的情书夹进书里,18,compressed,把没送出的情书夹进书里,11,移除时间、地点、人物或关系模板，归并到核心概念
3652,雨落窗台的下午在空教室里多停留一会儿,18,compressed,在空教室里多停留一会儿,11,移除时间、地点、人物或关系模板，归并到核心概念
3653,雨落窗台的下午一起背诵第二天要抽查的课文,20,deleted,,0,模板变体、超长表达或配额外的同概念近似项
3654,雨落窗台的下午记住篮球落地的回声,16,compressed,记住篮球落地的回声,9,移除时间、地点、人物或关系模板，归并到核心概念
3655,雨落窗台的下午在毕业照里悄悄站得更近,18,compressed,在毕业照里悄悄站得更近,11,移除时间、地点、人物或关系模板，归并到核心概念
3656,刷到相似故事时学会经营一段感情，后来常被想起,22,deleted,,0,模板变体、超长表达或配额外的同概念近似项
3657,刷到相似故事时从单身状态顺利毕业，后来常被想起,23,compressed,从单身状态顺利毕业,9,移除时间、地点、人物或关系模板，归并到核心概念
3658,刷到相似故事时试探对方是否也有好感，后来常被想起,24,deleted,,0,模板变体、超长表达或配额外的同概念近似项
3659,刷到相似故事时挑选适合聊天的咖啡店，后来常被想起,24,deleted,,0,模板变体、超长表达或配额外的同概念近似项
3660,刷到相似故事时在靠近前先询问意愿，后来常被想起,23,deleted,,0,模板变体、超长表达或配额外的同概念近似项
3661,刷到相似故事时被问到过去有几次恋爱，后来常被想起,24,deleted,,0,模板变体、超长表达或配额外的同概念近似项
3662,刷到相似故事时看着同龄人进入稳定关系，后来常被想起,25,deleted,,0,模板变体、超长表达或配额外的同概念近似项
3663,刷到相似故事时刷到朋友晒情侣合照，后来常被想起,23,deleted,,0,模板变体、超长表达或配额外的同概念近似项
3664,刷到相似故事时邀约连续几次没有回应，后来常被想起,24,deleted,,0,模板变体、超长表达或配额外的同概念近似项
3665,刷到相似故事时怀疑自己不擅长聊天，后来常被想起,23,deleted,,0,模板变体、超长表达或配额外的同概念近似项
3666,刷到相似故事时讨论以后在哪座城市生活，后来常被想起,25,compressed,讨论以后在哪座城市生活,11,移除时间、地点、人物或关系模板，归并到核心概念
3667,刷到相似故事时在520发出含蓄告白，后来常被想起,24,deleted,,0,模板变体、超长表达或配额外的同概念近似项
3668,刷到相似故事时和朋友一起磕一对CP，后来常被想起,24,deleted,,0,模板变体、超长表达或配额外的同概念近似项
3669,刷到相似故事时被追问为什么一直单身，后来常被想起,24,deleted,,0,模板变体、超长表达或配额外的同概念近似项
3670,刷到相似故事时发现饮品店推出情侣套餐，后来常被想起,25,compressed,发现饮品店推出情侣套餐,11,移除时间、地点、人物或关系模板，归并到核心概念
3671,刷到相似故事时觉得自己落后于同龄人，后来常被想起,24,deleted,,0,模板变体、超长表达或配额外的同概念近似项
3672,刷到相似故事时单例模式坚持保持单身，后来常被想起,24,deleted,,0,模板变体、超长表达或配额外的同概念近似项
3673,周末前最后一节课后借讲题的机会坐得更近,19,deleted,,0,模板变体、超长表达或配额外的同概念近似项
3674,雨落窗台的下午记住她低头笑时的酒窝,17,compressed,记住她低头笑时的酒窝,10,移除时间、地点、人物或关系模板，归并到核心概念
3675,雨落窗台的下午收到一封没有署名的情书,18,compressed,收到一封没有署名的情书,11,移除时间、地点、人物或关系模板，归并到核心概念
3676,雨落窗台的下午从教学楼走廊远远看见她,18,compressed,从教学楼走廊远远看见她,11,移除时间、地点、人物或关系模板，归并到核心概念
3677,雨落窗台的下午互相检查听写答案,15,compressed,互相检查听写答案,8,移除时间、地点、人物或关系模板，归并到核心概念
3678,雨落窗台的下午听见广播里放过的那首歌,18,compressed,听见广播里放过的那首歌,11,移除时间、地点、人物或关系模板，归并到核心概念
3679,雨落窗台的下午在校服背面签下名字,16,compressed,在校服背面签下名字,9,移除时间、地点、人物或关系模板，归并到核心概念
3680,刷到相似故事时拥有可以分享日常的人，后来常被想起,24,deleted,,0,模板变体、超长表达或配额外的同概念近似项
3681,刷到相似故事时朋友介绍了合适的人，后来常被想起,23,compressed,朋友介绍了合适的人,9,移除时间、地点、人物或关系模板，归并到核心概念
3682,刷到相似故事时主动创造单独见面的机会，后来常被想起,25,deleted,,0,模板变体、超长表达或配额外的同概念近似项
3683,刷到相似故事时一起看期待很久的电影，后来常被想起,24,deleted,,0,模板变体、超长表达或配额外的同概念近似项
3684,刷到相似故事时注意到对方不舒服的信号，后来常被想起,25,deleted,,0,模板变体、超长表达或配额外的同概念近似项
3685,刷到相似故事时发现恋爱履历仍然空白，后来常被想起,24,deleted,,0,模板变体、超长表达或配额外的同概念近似项
3686,刷到相似故事时把生日变成脱单倒计时，后来常被想起,24,deleted,,0,模板变体、超长表达或配额外的同概念近似项
3687,刷到相似故事时听同学讨论各自的前任，后来常被想起,24,deleted,,0,模板变体、超长表达或配额外的同概念近似项
3688,刷到相似故事时发现对方正在逐渐疏远，后来常被想起,24,deleted,,0,模板变体、超长表达或配额外的同概念近似项
3689,刷到相似故事时面对心动对象突然紧张，后来常被想起,24,deleted,,0,模板变体、超长表达或配额外的同概念近似项
3690,刷到相似故事时考虑要不要带对象见父母，后来常被想起,25,compressed,考虑要不要带对象见父母,11,移除时间、地点、人物或关系模板，归并到核心概念
3691,刷到相似故事时圣诞夜邀请喜欢的人见面，后来常被想起,25,deleted,,0,模板变体、超长表达或配额外的同概念近似项
3692,刷到相似故事时判断彼此是否处于暧昧期，后来常被想起,25,deleted,,0,模板变体、超长表达或配额外的同概念近似项
3693,刷到相似故事时听见什么时候脱单的问题，后来常被想起,25,deleted,,0,模板变体、超长表达或配额外的同概念近似项
3694,刷到相似故事时看见两件并排挂着的外套，后来常被想起,25,deleted,,0,模板变体、超长表达或配额外的同概念近似项
3695,刷到相似故事时害怕永远错过亲密关系，后来常被想起,24,deleted,,0,模板变体、超长表达或配额外的同概念近似项
3696,刷到相似故事时配对算法开始安排相亲，后来常被想起,24,deleted,,0,模板变体、超长表达或配额外的同概念近似项
3697,周末前最后一节课后在走廊等喜欢的人经过,19,deleted,,0,模板变体、超长表达或配额外的同概念近似项
3698,雨落窗台的下午发现她见面前认真扎好头发,19,compressed,发现她见面前认真扎好头发,12,移除时间、地点、人物或关系模板，归并到核心概念
3699,雨落窗台的下午在便利贴上画一颗小心心,18,compressed,在便利贴上画一颗小心心,11,移除时间、地点、人物或关系模板，归并到核心概念
3700,雨落窗台的下午在楼梯转角意外遇见喜欢的人,20,deleted,,0,模板变体、超长表达或配额外的同概念近似项
3701,雨落窗台的下午替对方保管暂时没收的手机,19,compressed,替对方保管暂时没收的手机,12,移除时间、地点、人物或关系模板，归并到核心概念
3702,雨落窗台的下午看见晨光落在她的课桌上,18,compressed,看见晨光落在她的课桌上,11,移除时间、地点、人物或关系模板，归并到核心概念
3703,雨落窗台的下午把没送出的情书带回家,17,compressed,把没送出的情书带回家,10,移除时间、地点、人物或关系模板，归并到核心概念
3704,刷到相似故事时期待稳定的情感回应，后来常被想起,23,deleted,,0,模板变体、超长表达或配额外的同概念近似项
3705,刷到相似故事时认真思考理想伴侣，后来常被想起,22,compressed,认真思考理想伴侣,8,移除时间、地点、人物或关系模板，归并到核心概念
3706,刷到相似故事时收到别人认真的告白，后来常被想起,23,deleted,,0,模板变体、超长表达或配额外的同概念近似项
3707,刷到相似故事时沿着安静的小路散步，后来常被想起,23,deleted,,0,模板变体、超长表达或配额外的同概念近似项
3708,刷到相似故事时明确拒绝后立即停止，后来常被想起,23,deleted,,0,模板变体、超长表达或配额外的同概念近似项
3709,刷到相似故事时听对方说起难忘的初恋，后来常被想起,24,deleted,,0,模板变体、超长表达或配额外的同概念近似项
3710,刷到相似故事时害怕错过年轻时的恋爱，后来常被想起,24,deleted,,0,模板变体、超长表达或配额外的同概念近似项
3711,刷到相似故事时参加婚礼时被问有没有对象，后来常被想起,26,deleted,,0,模板变体、超长表达或配额外的同概念近似项
3712,刷到相似故事时接受喜欢没有得到回应，后来常被想起,24,deleted,,0,模板变体、超长表达或配额外的同概念近似项
3713,刷到相似故事时读不懂别人释放的好感，后来常被想起,24,deleted,,0,模板变体、超长表达或配额外的同概念近似项
3714,刷到相似故事时从恋爱走向共同生活，后来常被想起,23,compressed,从恋爱走向共同生活,9,移除时间、地点、人物或关系模板，归并到核心概念
3715,刷到相似故事时为恋爱纪念日挑选礼物，后来常被想起,24,deleted,,0,模板变体、超长表达或配额外的同概念近似项
3716,刷到相似故事时讨论situationship算什么关系，后来常被想起,34,deleted,,0,模板变体、超长表达或配额外的同概念近似项
3717,刷到相似故事时解释目前有没有喜欢的人，后来常被想起,25,deleted,,0,模板变体、超长表达或配额外的同概念近似项
3718,刷到相似故事时注意到共享耳机的两个人，后来常被想起,25,deleted,,0,模板变体、超长表达或配额外的同概念近似项
3719,刷到相似故事时希望成为某个人的例外，后来常被想起,24,deleted,,0,模板变体、超长表达或配额外的同概念近似项
3720,刷到相似故事时关系数据库认真维护关系，后来常被想起,25,deleted,,0,模板变体、超长表达或配额外的同概念近似项
3721,周末前最后一节课后课间绕路去隔壁班门口,19,deleted,,0,模板变体、超长表达或配额外的同概念近似项
3722,雨落窗台的下午看见她穿着宽大的校服外套,19,compressed,看见她穿着宽大的校服外套,12,移除时间、地点、人物或关系模板，归并到核心概念
3723,雨落窗台的下午把名字写在同一张草稿纸上,19,compressed,把名字写在同一张草稿纸上,12,移除时间、地点、人物或关系模板，归并到核心概念
3724,雨落窗台的下午绕路经过她常去的饮水机,18,compressed,绕路经过她常去的饮水机,11,移除时间、地点、人物或关系模板，归并到核心概念
3725,雨落窗台的下午给趴在桌上的人留一盒牛奶,19,compressed,给趴在桌上的人留一盒牛奶,12,移除时间、地点、人物或关系模板，归并到核心概念
3726,雨落窗台的下午看见晚霞穿过教学楼窗户,18,compressed,看见晚霞穿过教学楼窗户,11,移除时间、地点、人物或关系模板，归并到核心概念
3727,雨落窗台的下午错过毕业前最后一次告白,18,compressed,错过毕业前最后一次告白,11,移除时间、地点、人物或关系模板，归并到核心概念
3728,刷到相似故事时从朋友走向恋人，后来常被想起,21,deleted,,0,模板变体、超长表达或配额外的同概念近似项
3729,刷到相似故事时遇到愿意互相陪伴的人，后来常被想起,24,compressed,遇到愿意互相陪伴的人,10,移除时间、地点、人物或关系模板，归并到核心概念
3730,刷到相似故事时准备一份有意义的礼物，后来常被想起,24,deleted,,0,模板变体、超长表达或配额外的同概念近似项
3731,刷到相似故事时为两个人安排周末行程，后来常被想起,24,deleted,,0,模板变体、超长表达或配额外的同概念近似项
3732,刷到相似故事时不把沉默误认为同意，后来常被想起,23,deleted,,0,模板变体、超长表达或配额外的同概念近似项
3733,刷到相似故事时整理前任留下的旧物，后来常被想起,23,deleted,,0,模板变体、超长表达或配额外的同概念近似项
3734,刷到相似故事时觉得感情进度落后别人，后来常被想起,24,deleted,,0,模板变体、超长表达或配额外的同概念近似项
3735,刷到相似故事时看别人收到纪念日礼物，后来常被想起,24,deleted,,0,模板变体、超长表达或配额外的同概念近似项
3736,刷到相似故事时停止追问拒绝的具体理由，后来常被想起,25,deleted,,0,模板变体、超长表达或配额外的同概念近似项
3737,刷到相似故事时想知道有没有人喜欢自己，后来常被想起,25,deleted,,0,模板变体、超长表达或配额外的同概念近似项
3738,刷到相似故事时规划两个人的长期未来，后来常被想起,24,deleted,,0,模板变体、超长表达或配额外的同概念近似项
3739,刷到相似故事时零点发送周年祝福，后来常被想起,22,deleted,,0,模板变体、超长表达或配额外的同概念近似项
3740,刷到相似故事时换上成套的情侣头像，后来常被想起,23,deleted,,0,模板变体、超长表达或配额外的同概念近似项
3741,刷到相似故事时回答第一次恋爱是在几岁，后来常被想起,25,deleted,,0,模板变体、超长表达或配额外的同概念近似项
3742,刷到相似故事时经过夜晚亮灯的摩天轮，后来常被想起,24,deleted,,0,模板变体、超长表达或配额外的同概念近似项
3743,刷到相似故事时渴望获得稳定情感回应，后来常被想起,24,deleted,,0,模板变体、超长表达或配额外的同概念近似项
3744,刷到相似故事时握手协议负责成功牵手，后来常被想起,24,deleted,,0,模板变体、超长表达或配额外的同概念近似项
3745,周末前最后一节课后替心动对象去小卖部带饮料,21,deleted,,0,模板变体、超长表达或配额外的同概念近似项
3746,雨落窗台的下午认出人群里熟悉的校服衣角,19,compressed,认出人群里熟悉的校服衣角,12,移除时间、地点、人物或关系模板，归并到核心概念
3747,雨落窗台的下午交换一根代表好感的小皮筋,19,compressed,交换一根代表好感的小皮筋,12,移除时间、地点、人物或关系模板，归并到核心概念
3748,雨落窗台的下午在图书馆同一排书架重逢,18,compressed,在图书馆同一排书架重逢,11,移除时间、地点、人物或关系模板，归并到核心概念
3749,雨落窗台的下午提醒喜欢的人带伞,15,compressed,提醒喜欢的人带伞,8,移除时间、地点、人物或关系模板，归并到核心概念
3750,雨落窗台的下午记住树影在校服上轻轻晃动,19,compressed,记住树影在校服上轻轻晃动,12,移除时间、地点、人物或关系模板，归并到核心概念
3751,雨落窗台的下午把喜欢藏进高考结束的夏天,19,compressed,把喜欢藏进高考结束的夏天,12,移除时间、地点、人物或关系模板，归并到核心概念
3752,刷到相似故事时认真讨论彼此的需要，后来常被想起,23,deleted,,0,模板变体、超长表达或配额外的同概念近似项
3753,刷到相似故事时开始主动扩大社交圈，后来常被想起,23,compressed,开始主动扩大社交圈,9,移除时间、地点、人物或关系模板，归并到核心概念
3754,刷到相似故事时请朋友帮忙判断好感信号，后来常被想起,25,deleted,,0,模板变体、超长表达或配额外的同概念近似项
3755,刷到相似故事时见面前认真选择穿搭，后来常被想起,23,deleted,,0,模板变体、超长表达或配额外的同概念近似项
3756,刷到相似故事时共同商量可以接受的边界，后来常被想起,25,deleted,,0,模板变体、超长表达或配额外的同概念近似项
3757,刷到相似故事时思考过去关系里的问题，后来常被想起,24,deleted,,0,模板变体、超长表达或配额外的同概念近似项
3758,刷到相似故事时工作以后才开始学习约会，后来常被想起,25,deleted,,0,模板变体、超长表达或配额外的同概念近似项
3759,刷到相似故事时发现朋友周末都去约会，后来常被想起,24,deleted,,0,模板变体、超长表达或配额外的同概念近似项
3760,刷到相似故事时被拒绝后不再继续打扰，后来常被想起,24,deleted,,0,模板变体、超长表达或配额外的同概念近似项
3761,刷到相似故事时把异性缘归因于颜值，后来常被想起,23,deleted,,0,模板变体、超长表达或配额外的同概念近似项
3762,刷到相似故事时被家人追问什么时候结婚，后来常被想起,25,deleted,,0,模板变体、超长表达或配额外的同概念近似项
3763,刷到相似故事时看见街边摆满情侣商品，后来常被想起,24,deleted,,0,模板变体、超长表达或配额外的同概念近似项
3764,刷到相似故事时每天给对方分享短视频，后来常被想起,24,deleted,,0,模板变体、超长表达或配额外的同概念近似项
3765,刷到相似故事时被问最长一段关系多久，后来常被想起,24,deleted,,0,模板变体、超长表达或配额外的同概念近似项
3766,刷到相似故事时看到桌上放着两张电影票，后来常被想起,25,deleted,,0,模板变体、超长表达或配额外的同概念近似项
3767,刷到相似故事时学习不靠伴侣定义完整，后来常被想起,24,deleted,,0,模板变体、超长表达或配额外的同概念近似项
3768,刷到相似故事时线程脱单后进入双线程，后来常被想起,24,deleted,,0,模板变体、超长表达或配额外的同概念近似项
3769,周末前最后一节课后在人群中寻找熟悉的校服背影,22,deleted,,0,模板变体、超长表达或配额外的同概念近似项
3770,雨落窗台的下午替对方整理歪掉的校服领口,19,compressed,替对方整理歪掉的校服领口,12,移除时间、地点、人物或关系模板，归并到核心概念
3771,雨落窗台的下午把校服第二颗纽扣留作纪念,19,compressed,把校服第二颗纽扣留作纪念,12,移除时间、地点、人物或关系模板，归并到核心概念
3772,雨落窗台的下午在自习室替对方留一个座位,19,compressed,在自习室替对方留一个座位,12,移除时间、地点、人物或关系模板，归并到核心概念
3773,雨落窗台的下午把自己的外套借给对方,17,compressed,把自己的外套借给对方,10,移除时间、地点、人物或关系模板，归并到核心概念
3774,雨落窗台的下午看见雨水沿着教室玻璃滑下,19,compressed,看见雨水沿着教室玻璃滑下,12,移除时间、地点、人物或关系模板，归并到核心概念
3775,雨落窗台的下午约定收到录取通知后再见,18,compressed,约定收到录取通知后再见,11,移除时间、地点、人物或关系模板，归并到核心概念
3776,刷到相似故事时发现关系正在升温，后来常被想起,22,deleted,,0,模板变体、超长表达或配额外的同概念近似项
3777,刷到相似故事时期待有人一起规划周末，后来常被想起,24,compressed,期待有人一起规划周末,10,移除时间、地点、人物或关系模板，归并到核心概念
3778,刷到相似故事时决定不再隐藏真实心意，后来常被想起,24,deleted,,0,模板变体、超长表达或配额外的同概念近似项
3779,刷到相似故事时约会结束后舍不得分别，后来常被想起,24,deleted,,0,模板变体、超长表达或配额外的同概念近似项
3780,刷到相似故事时为越界接触认真道歉，后来常被想起,23,deleted,,0,模板变体、超长表达或配额外的同概念近似项
3781,刷到相似故事时接受曾经喜欢的人已走远，后来常被想起,25,deleted,,0,模板变体、超长表达或配额外的同概念近似项
3782,刷到相似故事时怀疑现在恋爱是否太晚，后来常被想起,24,deleted,,0,模板变体、超长表达或配额外的同概念近似项
3783,刷到相似故事时听见同龄人开始谈婚论嫁，后来常被想起,25,deleted,,0,模板变体、超长表达或配额外的同概念近似项
3784,刷到相似故事时重新建立交往边界，后来常被想起,22,deleted,,0,模板变体、超长表达或配额外的同概念近似项
3785,刷到相似故事时学习更坦诚地表达感受，后来常被想起,24,deleted,,0,模板变体、超长表达或配额外的同概念近似项
3786,刷到相似故事时参加同学婚礼独自坐一桌，后来常被想起,25,deleted,,0,模板变体、超长表达或配额外的同概念近似项
3787,刷到相似故事时独自度过恋爱主题节日，后来常被想起,24,deleted,,0,模板变体、超长表达或配额外的同概念近似项
3788,刷到相似故事时把重要聊天设置为置顶，后来常被想起,24,deleted,,0,模板变体、超长表达或配额外的同概念近似项
3789,刷到相似故事时猜测今年是否能够脱单，后来常被想起,24,deleted,,0,模板变体、超长表达或配额外的同概念近似项
3790,刷到相似故事时发现相册里只有单人照片，后来常被想起,25,deleted,,0,模板变体、超长表达或配额外的同概念近似项
3791,刷到相似故事时接受每个人节奏不同，后来常被想起,23,deleted,,0,模板变体、超长表达或配额外的同概念近似项
3792,刷到相似故事时空对象拒绝返回女朋友，后来常被想起,24,deleted,,0,模板变体、超长表达或配额外的同概念近似项
3793,周末前最后一节课后放学后并肩走出校门,18,deleted,,0,模板变体、超长表达或配额外的同概念近似项
3794,雨落窗台的下午注意到校服袖口写着名字,18,compressed,注意到校服袖口写着名字,11,移除时间、地点、人物或关系模板，归并到核心概念
3795,雨落窗台的下午送出成对的钥匙扣,15,compressed,送出成对的钥匙扣,8,移除时间、地点、人物或关系模板，归并到核心概念
3796,雨落窗台的下午在小卖部门口假装偶遇,17,compressed,在小卖部门口假装偶遇,10,移除时间、地点、人物或关系模板，归并到核心概念
3797,雨落窗台的下午记住她不吃的食堂菜,16,compressed,记住她不吃的食堂菜,9,移除时间、地点、人物或关系模板，归并到核心概念
3798,雨落窗台的下午闻到新课本混着油墨的气味,19,compressed,闻到新课本混着油墨的气味,12,移除时间、地点、人物或关系模板，归并到核心概念
3799,雨落窗台的下午在散伙饭上忍住没说的话,18,compressed,在散伙饭上忍住没说的话,11,移除时间、地点、人物或关系模板，归并到核心概念
3800,刷到相似故事时体验被人惦记的感觉，后来常被想起,23,deleted,,0,模板变体、超长表达或配额外的同概念近似项
3801,刷到相似故事时不再独自参加朋友聚会，后来常被想起,24,deleted,,0,模板变体、超长表达或配额外的同概念近似项
3802,刷到相似故事时尊重对方对追求的回应，后来常被想起,24,deleted,,0,模板变体、超长表达或配额外的同概念近似项
3803,刷到相似故事时等待对方发来安全到家，后来常被想起,24,deleted,,0,模板变体、超长表达或配额外的同概念近似项
3804,刷到相似故事时尊重对方改变主意，后来常被想起,22,deleted,,0,模板变体、超长表达或配额外的同概念近似项
3805,刷到相似故事时意识到自己从没被表白，后来常被想起,24,deleted,,0,模板变体、超长表达或配额外的同概念近似项
3806,刷到相似故事时计算自己单身了多少年，后来常被想起,24,deleted,,0,模板变体、超长表达或配额外的同概念近似项
3807,刷到相似故事时把自己的经历和别人比较，后来常被想起,25,deleted,,0,模板变体、超长表达或配额外的同概念近似项
3808,刷到相似故事时删除没有发出的解释消息，后来常被想起,25,deleted,,0,模板变体、超长表达或配额外的同概念近似项
3809,刷到相似故事时不再靠恋爱证明个人价值，后来常被想起,25,deleted,,0,模板变体、超长表达或配额外的同概念近似项
3810,刷到相似故事时听见别人叫彼此老公老婆，后来常被想起,25,deleted,,0,模板变体、超长表达或配额外的同概念近似项
3811,刷到相似故事时收到平台推送的情侣套餐，后来常被想起,25,deleted,,0,模板变体、超长表达或配额外的同概念近似项
3812,刷到相似故事时从线上聊天走到线下见面，后来常被想起,25,deleted,,0,模板变体、超长表达或配额外的同概念近似项
3813,刷到相似故事时面对她是不是你女朋友的追问，后来常被想起,27,deleted,,0,模板变体、超长表达或配额外的同概念近似项
3814,刷到相似故事时收到适合约会的地点推荐，后来常被想起,25,deleted,,0,模板变体、超长表达或配额外的同概念近似项
3815,刷到相似故事时允许遗憾留在过去，后来常被想起,22,deleted,,0,模板变体、超长表达或配额外的同概念近似项
3816,刷到相似故事时恋爱脑被当作神经网络，后来常被想起,24,deleted,,0,模板变体、超长表达或配额外的同概念近似项
3817,周末前最后一节课后推着自行车陪对方慢慢走,20,deleted,,0,模板变体、超长表达或配额外的同概念近似项
3818,雨落窗台的下午看见白衬衫被晚霞染成金色,19,compressed,看见白衬衫被晚霞染成金色,12,移除时间、地点、人物或关系模板，归并到核心概念
3819,雨落窗台的下午互换写着祝福的书签,16,compressed,互换写着祝福的书签,9,移除时间、地点、人物或关系模板，归并到核心概念
3820,雨落窗台的下午在食堂排队时站到她身后,18,compressed,在食堂排队时站到她身后,11,移除时间、地点、人物或关系模板，归并到核心概念
3821,雨落窗台的下午替迟到的人悄悄留门,16,compressed,替迟到的人悄悄留门,9,移除时间、地点、人物或关系模板，归并到核心概念
3822,雨落窗台的下午记住雨后塑胶跑道的气味,18,compressed,记住雨后塑胶跑道的气味,11,移除时间、地点、人物或关系模板，归并到核心概念
3823,雨落窗台的下午听完最后一次校园广播,17,compressed,听完最后一次校园广播,10,移除时间、地点、人物或关系模板，归并到核心概念
3824,刷到相似故事时允许恋爱自然发生，后来常被想起,22,deleted,,0,模板变体、超长表达或配额外的同概念近似项
3825,刷到相似故事时寻找能够长期相处的人，后来常被想起,24,deleted,,0,模板变体、超长表达或配额外的同概念近似项
3826,刷到相似故事时把模糊关系说清楚，后来常被想起,22,deleted,,0,模板变体、超长表达或配额外的同概念近似项
3827,刷到相似故事时期待下一次单独见面，后来常被想起,23,deleted,,0,模板变体、超长表达或配额外的同概念近似项
3828,刷到相似故事时在安全感中逐渐靠近，后来常被想起,23,deleted,,0,模板变体、超长表达或配额外的同概念近似项
3829,刷到相似故事时不再用经历数量评价自己，后来常被想起,25,deleted,,0,模板变体、超长表达或配额外的同概念近似项
3830,刷到相似故事时提醒自己没有统一人生时钟，后来常被想起,26,deleted,,0,模板变体、超长表达或配额外的同概念近似项
3831,刷到相似故事时提醒自己不必追赶他人进度，后来常被想起,26,deleted,,0,模板变体、超长表达或配额外的同概念近似项
3832,刷到相似故事时把没有回复也视作答案，后来常被想起,24,deleted,,0,模板变体、超长表达或配额外的同概念近似项
3833,刷到相似故事时相信自己也值得被选择，后来常被想起,24,deleted,,0,模板变体、超长表达或配额外的同概念近似项
3834,刷到相似故事时还没有对象就开始被催婚，后来常被想起,25,deleted,,0,模板变体、超长表达或配额外的同概念近似项
3835,刷到相似故事时跨年倒数时想起喜欢的人，后来常被想起,25,deleted,,0,模板变体、超长表达或配额外的同概念近似项
3836,刷到相似故事时因为断联猜测关系是否结束，后来常被想起,26,deleted,,0,模板变体、超长表达或配额外的同概念近似项
3837,刷到相似故事时拒绝回答过度私人的感情问题，后来常被想起,27,deleted,,0,模板变体、超长表达或配额外的同概念近似项
3838,刷到相似故事时看见副驾驶放着一束花，后来常被想起,24,deleted,,0,模板变体、超长表达或配额外的同概念近似项
3839,刷到相似故事时相信未来仍会建立连接，后来常被想起,24,deleted,,0,模板变体、超长表达或配额外的同概念近似项
3840,刷到相似故事时朋友圈在图论里形成闭环，后来常被想起,25,deleted,,0,模板变体、超长表达或配额外的同概念近似项
3841,周末前最后一节课后一起等最后一班公交车,19,deleted,,0,模板变体、超长表达或配额外的同概念近似项
3842,雨落窗台的下午发现手腕上多了一根小皮筋,19,compressed,发现手腕上多了一根小皮筋,12,移除时间、地点、人物或关系模板，归并到核心概念
3843,雨落窗台的下午借出一支舍不得收回的笔,18,compressed,借出一支舍不得收回的笔,11,移除时间、地点、人物或关系模板，归并到核心概念
3844,雨落窗台的下午在校园广播站等一首点歌,18,compressed,在校园广播站等一首点歌,11,移除时间、地点、人物或关系模板，归并到核心概念
3845,雨落窗台的下午在值日时一起擦黑板,16,compressed,在值日时一起擦黑板,9,移除时间、地点、人物或关系模板，归并到核心概念
3846,雨落窗台的下午感到共用雨伞时靠近的温度,19,compressed,感到共用雨伞时靠近的温度,12,移除时间、地点、人物或关系模板，归并到核心概念
3847,雨落窗台的下午收拾课桌时找到旧纸条,17,compressed,收拾课桌时找到旧纸条,10,移除时间、地点、人物或关系模板，归并到核心概念
3848,多年后重新想起时第一次确认恋爱关系，后来常被想起,24,compressed,第一次确认恋爱关系,9,移除时间、地点、人物或关系模板，归并到核心概念
3849,多年后重新想起时终于有了稳定对象，后来常被想起,23,compressed,终于有了稳定对象,8,移除时间、地点、人物或关系模板，归并到核心概念
3850,多年后重新想起时鼓起勇气说出喜欢，后来常被想起,23,deleted,,0,模板变体、超长表达或配额外的同概念近似项
3851,多年后重新想起时计划第一次正式约会，后来常被想起,24,deleted,,0,模板变体、超长表达或配额外的同概念近似项
3852,多年后重新想起时第一次牵住喜欢的人的手，后来常被想起,26,compressed,第一次牵住喜欢的人的手,11,移除时间、地点、人物或关系模板，归并到核心概念
3853,多年后重新想起时回忆自己的第一次心动，后来常被想起,25,deleted,,0,模板变体、超长表达或配额外的同概念近似项
3854,多年后重新想起时发现又长一岁仍然单身，后来常被想起,25,deleted,,0,模板变体、超长表达或配额外的同概念近似项
3855,多年后重新想起时看到室友突然宣布脱单，后来常被想起,25,deleted,,0,模板变体、超长表达或配额外的同概念近似项
3856,多年后重新想起时告白后收到明确拒绝，后来常被想起,24,deleted,,0,模板变体、超长表达或配额外的同概念近似项
3857,多年后重新想起时担心自己的外貌没有吸引力，后来常被想起,27,deleted,,0,模板变体、超长表达或配额外的同概念近似项
3858,多年后重新想起时收到朋友发来的婚礼请柬，后来常被想起,26,compressed,收到朋友发来的婚礼请柬,11,移除时间、地点、人物或关系模板，归并到核心概念
3859,多年后重新想起时在情人节准备一束玫瑰，后来常被想起,25,deleted,,0,模板变体、超长表达或配额外的同概念近似项
3860,多年后重新想起时把心动对象称作crush，后来常被想起,27,deleted,,0,模板变体、超长表达或配额外的同概念近似项
3861,多年后重新想起时被问以前谈过几个对象，后来常被想起,25,deleted,,0,模板变体、超长表达或配额外的同概念近似项
3862,多年后重新想起时看见电影院里的双人座，后来常被想起,25,compressed,看见电影院里的双人座,10,移除时间、地点、人物或关系模板，归并到核心概念
3863,多年后重新想起时把恋爱视作人生进度，后来常被想起,24,deleted,,0,模板变体、超长表达或配额外的同概念近似项
3864,多年后重新想起时面向对象时找不到对象，后来常被想起,25,deleted,,0,模板变体、超长表达或配额外的同概念近似项
3865,周末前最后一节课后约好第二天在校门口见,19,deleted,,0,模板变体、超长表达或配额外的同概念近似项
3866,雨落窗台的下午把对方送的小皮筋戴在手腕,19,compressed,把对方送的小皮筋戴在手腕,12,移除时间、地点、人物或关系模板，归并到核心概念
3867,雨落窗台的下午在橡皮上刻下对方的缩写,18,compressed,在橡皮上刻下对方的缩写,11,移除时间、地点、人物或关系模板，归并到核心概念
3868,雨落窗台的下午在礼堂散场后寻找对方,17,compressed,在礼堂散场后寻找对方,10,移除时间、地点、人物或关系模板，归并到核心概念
3869,雨落窗台的下午一起搬运动会用的桌椅,17,compressed,一起搬运动会用的桌椅,10,移除时间、地点、人物或关系模板，归并到核心概念
3870,雨落窗台的下午记住冬天热水杯传来的暖意,19,compressed,记住冬天热水杯传来的暖意,12,移除时间、地点、人物或关系模板，归并到核心概念
3871,雨落窗台的下午离校前再走一遍熟悉的操场,19,compressed,离校前再走一遍熟悉的操场,12,移除时间、地点、人物或关系模板，归并到核心概念
3872,多年后重新想起时感受到双向喜欢，后来常被想起,22,compressed,感受到双向喜欢,7,移除时间、地点、人物或关系模板，归并到核心概念
3873,多年后重新想起时介绍身边的人是另一半，后来常被想起,25,compressed,介绍身边的人是另一半,10,移除时间、地点、人物或关系模板，归并到核心概念
3874,多年后重新想起时把暗恋写进一封信，后来常被想起,23,deleted,,0,模板变体、超长表达或配额外的同概念近似项
3875,多年后重新想起时邀请喜欢的人一起吃饭，后来常被想起,25,deleted,,0,模板变体、超长表达或配额外的同概念近似项
3876,多年后重新想起时得到同意后拥抱对方，后来常被想起,24,compressed,得到同意后拥抱对方,9,移除时间、地点、人物或关系模板，归并到核心概念
3877,多年后重新想起时谈起已经结束的上一段关系，后来常被想起,27,deleted,,0,模板变体、超长表达或配额外的同概念近似项
3878,多年后重新想起时担心毕业前没有恋爱经历，后来常被想起,26,deleted,,0,模板变体、超长表达或配额外的同概念近似项
3879,多年后重新想起时发现聚会里只有自己单身，后来常被想起,26,deleted,,0,模板变体、超长表达或配额外的同概念近似项
3880,多年后重新想起时听见我们还是做朋友吧，后来常被想起,25,deleted,,0,模板变体、超长表达或配额外的同概念近似项
3881,多年后重新想起时见喜欢的人前认真整理头发，后来常被想起,27,deleted,,0,模板变体、超长表达或配额外的同概念近似项
3882,多年后重新想起时看见恋人交换订婚戒指，后来常被想起,25,compressed,看见恋人交换订婚戒指,10,移除时间、地点、人物或关系模板，归并到核心概念
3883,多年后重新想起时七夕预订双人晚餐，后来常被想起,23,deleted,,0,模板变体、超长表达或配额外的同概念近似项
3884,多年后重新想起时在朋友圈正式官宣关系，后来常被想起,25,deleted,,0,模板变体、超长表达或配额外的同概念近似项
3885,多年后重新想起时回答自己有没有恋爱经历，后来常被想起,26,deleted,,0,模板变体、超长表达或配额外的同概念近似项
3886,多年后重新想起时路过摆满玫瑰的花店，后来常被想起,24,compressed,路过摆满玫瑰的花店,9,移除时间、地点、人物或关系模板，归并到核心概念
3887,多年后重新想起时担心青春缺少重要体验，后来常被想起,25,deleted,,0,模板变体、超长表达或配额外的同概念近似项
3888,多年后重新想起时对象存储突然容量不足，后来常被想起,25,deleted,,0,模板变体、超长表达或配额外的同概念近似项
3889,周末前最后一节课后在操场看台说出喜欢,18,deleted,,0,模板变体、超长表达或配额外的同概念近似项
3890,雨落窗台的下午认出书包上新挂的钥匙扣,18,compressed,认出书包上新挂的钥匙扣,11,移除时间、地点、人物或关系模板，归并到核心概念
3891,雨落窗台的下午把复习资料装订得整整齐齐,19,compressed,把复习资料装订得整整齐齐,12,移除时间、地点、人物或关系模板，归并到核心概念
3892,雨落窗台的下午沿着操场跑道陪她慢慢走,18,compressed,沿着操场跑道陪她慢慢走,11,移除时间、地点、人物或关系模板，归并到核心概念
3893,雨落窗台的下午在社团排练后帮忙收器材,18,compressed,在社团排练后帮忙收器材,11,移除时间、地点、人物或关系模板，归并到核心概念
3894,雨落窗台的下午等春天樱花落在她肩上,17,compressed,等春天樱花落在她肩上,10,移除时间、地点、人物或关系模板，归并到核心概念
3895,雨落窗台的下午在校门口说出以后常联系,18,compressed,在校门口说出以后常联系,11,移除时间、地点、人物或关系模板，归并到核心概念
3896,多年后重新想起时学会经营一段感情，后来常被想起,23,deleted,,0,模板变体、超长表达或配额外的同概念近似项
3897,多年后重新想起时从单身状态顺利毕业，后来常被想起,24,compressed,从单身状态顺利毕业,9,移除时间、地点、人物或关系模板，归并到核心概念
3898,多年后重新想起时试探对方是否也有好感，后来常被想起,25,deleted,,0,模板变体、超长表达或配额外的同概念近似项
3899,多年后重新想起时挑选适合聊天的咖啡店，后来常被想起,25,deleted,,0,模板变体、超长表达或配额外的同概念近似项
3900,多年后重新想起时在靠近前先询问意愿，后来常被想起,24,deleted,,0,模板变体、超长表达或配额外的同概念近似项
3901,多年后重新想起时被问到过去有几次恋爱，后来常被想起,25,deleted,,0,模板变体、超长表达或配额外的同概念近似项
3902,多年后重新想起时看着同龄人进入稳定关系，后来常被想起,26,deleted,,0,模板变体、超长表达或配额外的同概念近似项
3903,多年后重新想起时刷到朋友晒情侣合照，后来常被想起,24,deleted,,0,模板变体、超长表达或配额外的同概念近似项
3904,多年后重新想起时邀约连续几次没有回应，后来常被想起,25,deleted,,0,模板变体、超长表达或配额外的同概念近似项
3905,多年后重新想起时怀疑自己不擅长聊天，后来常被想起,24,deleted,,0,模板变体、超长表达或配额外的同概念近似项
3906,多年后重新想起时讨论以后在哪座城市生活，后来常被想起,26,compressed,讨论以后在哪座城市生活,11,移除时间、地点、人物或关系模板，归并到核心概念
3907,多年后重新想起时在520发出含蓄告白，后来常被想起,25,deleted,,0,模板变体、超长表达或配额外的同概念近似项
3908,多年后重新想起时和朋友一起磕一对CP，后来常被想起,25,deleted,,0,模板变体、超长表达或配额外的同概念近似项
3909,多年后重新想起时被追问为什么一直单身，后来常被想起,25,deleted,,0,模板变体、超长表达或配额外的同概念近似项
3910,多年后重新想起时发现饮品店推出情侣套餐，后来常被想起,26,compressed,发现饮品店推出情侣套餐,11,移除时间、地点、人物或关系模板，归并到核心概念
3911,多年后重新想起时觉得自己落后于同龄人，后来常被想起,25,deleted,,0,模板变体、超长表达或配额外的同概念近似项
3912,多年后重新想起时单例模式坚持保持单身，后来常被想起,25,deleted,,0,模板变体、超长表达或配额外的同概念近似项
3913,周末前最后一节课后把暗恋告诉最信任的同学,20,deleted,,0,模板变体、超长表达或配额外的同概念近似项
3914,雨落窗台的下午留意她每天更换的发卡,17,compressed,留意她每天更换的发卡,10,移除时间、地点、人物或关系模板，归并到核心概念
3915,雨落窗台的下午在错题本角落留下鼓励,17,compressed,在错题本角落留下鼓励,10,移除时间、地点、人物或关系模板，归并到核心概念
3916,雨落窗台的下午在篮球场边递上一瓶水,17,compressed,在篮球场边递上一瓶水,10,移除时间、地点、人物或关系模板，归并到核心概念
3917,雨落窗台的下午为对方的比赛偷偷加油,17,compressed,为对方的比赛偷偷加油,10,移除时间、地点、人物或关系模板，归并到核心概念
3918,雨落窗台的下午在盛夏风扇声里偷偷心动,18,compressed,在盛夏风扇声里偷偷心动,11,移除时间、地点、人物或关系模板，归并到核心概念
3919,雨落窗台的下午目送对方坐上不同方向的车,19,compressed,目送对方坐上不同方向的车,12,移除时间、地点、人物或关系模板，归并到核心概念
3920,多年后重新想起时拥有可以分享日常的人，后来常被想起,25,deleted,,0,模板变体、超长表达或配额外的同概念近似项
3921,多年后重新想起时朋友介绍了合适的人，后来常被想起,24,compressed,朋友介绍了合适的人,9,移除时间、地点、人物或关系模板，归并到核心概念
3922,多年后重新想起时主动创造单独见面的机会，后来常被想起,26,deleted,,0,模板变体、超长表达或配额外的同概念近似项
3923,多年后重新想起时一起看期待很久的电影，后来常被想起,25,deleted,,0,模板变体、超长表达或配额外的同概念近似项
3924,多年后重新想起时注意到对方不舒服的信号，后来常被想起,26,deleted,,0,模板变体、超长表达或配额外的同概念近似项
3925,多年后重新想起时发现恋爱履历仍然空白，后来常被想起,25,deleted,,0,模板变体、超长表达或配额外的同概念近似项
3926,多年后重新想起时把生日变成脱单倒计时，后来常被想起,25,deleted,,0,模板变体、超长表达或配额外的同概念近似项
3927,多年后重新想起时听同学讨论各自的前任，后来常被想起,25,deleted,,0,模板变体、超长表达或配额外的同概念近似项
3928,多年后重新想起时发现对方正在逐渐疏远，后来常被想起,25,deleted,,0,模板变体、超长表达或配额外的同概念近似项
3929,多年后重新想起时面对心动对象突然紧张，后来常被想起,25,deleted,,0,模板变体、超长表达或配额外的同概念近似项
3930,多年后重新想起时考虑要不要带对象见父母，后来常被想起,26,compressed,考虑要不要带对象见父母,11,移除时间、地点、人物或关系模板，归并到核心概念
3931,多年后重新想起时圣诞夜邀请喜欢的人见面，后来常被想起,26,deleted,,0,模板变体、超长表达或配额外的同概念近似项
3932,多年后重新想起时判断彼此是否处于暧昧期，后来常被想起,26,deleted,,0,模板变体、超长表达或配额外的同概念近似项
3933,多年后重新想起时听见什么时候脱单的问题，后来常被想起,26,deleted,,0,模板变体、超长表达或配额外的同概念近似项
3934,多年后重新想起时看见两件并排挂着的外套，后来常被想起,26,deleted,,0,模板变体、超长表达或配额外的同概念近似项
3935,多年后重新想起时害怕永远错过亲密关系，后来常被想起,25,deleted,,0,模板变体、超长表达或配额外的同概念近似项
3936,多年后重新想起时配对算法开始安排相亲，后来常被想起,25,deleted,,0,模板变体、超长表达或配额外的同概念近似项
3937,周末前最后一节课后收到对方认真回应的好感,20,deleted,,0,模板变体、超长表达或配额外的同概念近似项
3938,雨落窗台的下午记住帆布鞋踩过积水的声音,19,deleted,,0,模板变体、超长表达或配额外的同概念近似项
3939,雨落窗台的下午用同一本练习册对答案,17,deleted,,0,模板变体、超长表达或配额外的同概念近似项
3940,雨落窗台的下午在看台最高一排并肩坐着,18,compressed,在看台最高一排并肩坐着,11,移除时间、地点、人物或关系模板，归并到核心概念
3941,雨落窗台的下午在班级合唱时站到她旁边,18,compressed,在班级合唱时站到她旁边,11,移除时间、地点、人物或关系模板，归并到核心概念
3942,雨落窗台的下午看秋叶堆满放学的小路,17,deleted,,0,模板变体、超长表达或配额外的同概念近似项
3943,雨落窗台的下午发现最后一句聊天停在毕业快乐,21,deleted,,0,模板变体、超长表达或配额外的同概念近似项
3944,多年后重新想起时期待稳定的情感回应，后来常被想起,24,deleted,,0,模板变体、超长表达或配额外的同概念近似项
3945,多年后重新想起时认真思考理想伴侣，后来常被想起,23,compressed,认真思考理想伴侣,8,移除时间、地点、人物或关系模板，归并到核心概念
3946,多年后重新想起时收到别人认真的告白，后来常被想起,24,deleted,,0,模板变体、超长表达或配额外的同概念近似项
3947,多年后重新想起时沿着安静的小路散步，后来常被想起,24,deleted,,0,模板变体、超长表达或配额外的同概念近似项
3948,多年后重新想起时明确拒绝后立即停止，后来常被想起,24,deleted,,0,模板变体、超长表达或配额外的同概念近似项
3949,多年后重新想起时听对方说起难忘的初恋，后来常被想起,25,deleted,,0,模板变体、超长表达或配额外的同概念近似项
3950,多年后重新想起时害怕错过年轻时的恋爱，后来常被想起,25,deleted,,0,模板变体、超长表达或配额外的同概念近似项
3951,多年后重新想起时参加婚礼时被问有没有对象，后来常被想起,27,deleted,,0,模板变体、超长表达或配额外的同概念近似项
3952,多年后重新想起时接受喜欢没有得到回应，后来常被想起,25,deleted,,0,模板变体、超长表达或配额外的同概念近似项
3953,多年后重新想起时读不懂别人释放的好感，后来常被想起,25,deleted,,0,模板变体、超长表达或配额外的同概念近似项
3954,多年后重新想起时从恋爱走向共同生活，后来常被想起,24,compressed,从恋爱走向共同生活,9,移除时间、地点、人物或关系模板，归并到核心概念
3955,多年后重新想起时为恋爱纪念日挑选礼物，后来常被想起,25,deleted,,0,模板变体、超长表达或配额外的同概念近似项
3956,多年后重新想起时讨论situationship算什么关系，后来常被想起,35,deleted,,0,模板变体、超长表达或配额外的同概念近似项
3957,多年后重新想起时解释目前有没有喜欢的人，后来常被想起,26,deleted,,0,模板变体、超长表达或配额外的同概念近似项
3958,多年后重新想起时注意到共享耳机的两个人，后来常被想起,26,deleted,,0,模板变体、超长表达或配额外的同概念近似项
3959,多年后重新想起时希望成为某个人的例外，后来常被想起,25,deleted,,0,模板变体、超长表达或配额外的同概念近似项
3960,多年后重新想起时关系数据库认真维护关系，后来常被想起,26,deleted,,0,模板变体、超长表达或配额外的同概念近似项
3961,周末前最后一节课后从同桌变成互相喜欢的人,20,deleted,,0,模板变体、超长表达或配额外的同概念近似项
3962,雨落窗台的下午看见运动服背后的班级号码,19,deleted,,0,模板变体、超长表达或配额外的同概念近似项
3963,雨落窗台的下午把借书卡藏进喜欢的书里,18,deleted,,0,模板变体、超长表达或配额外的同概念近似项
3964,雨落窗台的下午在体育馆门口等训练结束,18,deleted,,0,模板变体、超长表达或配额外的同概念近似项
3965,雨落窗台的下午假装随口询问周末安排,17,deleted,,0,模板变体、超长表达或配额外的同概念近似项
3966,雨落窗台的下午在初雪那天想和她一起走,18,deleted,,0,模板变体、超长表达或配额外的同概念近似项
3967,雨落窗台的下午因为去往不同城市慢慢失联,19,deleted,,0,模板变体、超长表达或配额外的同概念近似项
3968,多年后重新想起时从朋友走向恋人，后来常被想起,22,deleted,,0,模板变体、超长表达或配额外的同概念近似项
3969,多年后重新想起时遇到愿意互相陪伴的人，后来常被想起,25,compressed,遇到愿意互相陪伴的人,10,移除时间、地点、人物或关系模板，归并到核心概念
3970,多年后重新想起时准备一份有意义的礼物，后来常被想起,25,deleted,,0,模板变体、超长表达或配额外的同概念近似项
3971,多年后重新想起时为两个人安排周末行程，后来常被想起,25,deleted,,0,模板变体、超长表达或配额外的同概念近似项
3972,多年后重新想起时不把沉默误认为同意，后来常被想起,24,deleted,,0,模板变体、超长表达或配额外的同概念近似项
3973,多年后重新想起时整理前任留下的旧物，后来常被想起,24,deleted,,0,模板变体、超长表达或配额外的同概念近似项
3974,多年后重新想起时觉得感情进度落后别人，后来常被想起,25,deleted,,0,模板变体、超长表达或配额外的同概念近似项
3975,多年后重新想起时看别人收到纪念日礼物，后来常被想起,25,deleted,,0,模板变体、超长表达或配额外的同概念近似项
3976,多年后重新想起时停止追问拒绝的具体理由，后来常被想起,26,deleted,,0,模板变体、超长表达或配额外的同概念近似项
3977,多年后重新想起时想知道有没有人喜欢自己，后来常被想起,26,deleted,,0,模板变体、超长表达或配额外的同概念近似项
3978,多年后重新想起时规划两个人的长期未来，后来常被想起,25,deleted,,0,模板变体、超长表达或配额外的同概念近似项
3979,多年后重新想起时零点发送周年祝福，后来常被想起,23,deleted,,0,模板变体、超长表达或配额外的同概念近似项
3980,多年后重新想起时换上成套的情侣头像，后来常被想起,24,deleted,,0,模板变体、超长表达或配额外的同概念近似项
3981,多年后重新想起时回答第一次恋爱是在几岁，后来常被想起,26,deleted,,0,模板变体、超长表达或配额外的同概念近似项
3982,多年后重新想起时经过夜晚亮灯的摩天轮，后来常被想起,25,deleted,,0,模板变体、超长表达或配额外的同概念近似项
3983,多年后重新想起时渴望获得稳定情感回应，后来常被想起,25,deleted,,0,模板变体、超长表达或配额外的同概念近似项
3984,多年后重新想起时握手协议负责成功牵手，后来常被想起,25,deleted,,0,模板变体、超长表达或配额外的同概念近似项
3985,周末前最后一节课后在班级起哄中偷偷脸红,19,deleted,,0,模板变体、超长表达或配额外的同概念近似项
3986,雨落窗台的下午注意到对方紧张时攥住衣角,19,deleted,,0,模板变体、超长表达或配额外的同概念近似项
3987,雨落窗台的下午用值日表制造一起留下的机会,20,deleted,,0,模板变体、超长表达或配额外的同概念近似项
3988,雨落窗台的下午沿林荫道推着自行车同行,18,deleted,,0,模板变体、超长表达或配额外的同概念近似项
3989,雨落窗台的下午把好笑的事情第一个告诉她,19,deleted,,0,模板变体、超长表达或配额外的同概念近似项
3990,雨落窗台的下午记住六月毕业季的闷热,17,deleted,,0,模板变体、超长表达或配额外的同概念近似项
3991,雨落窗台的下午多年后翻到泛黄的毕业照,18,deleted,,0,模板变体、超长表达或配额外的同概念近似项
3992,多年后重新想起时认真讨论彼此的需要，后来常被想起,24,deleted,,0,模板变体、超长表达或配额外的同概念近似项
3993,多年后重新想起时开始主动扩大社交圈，后来常被想起,24,compressed,开始主动扩大社交圈,9,移除时间、地点、人物或关系模板，归并到核心概念
3994,多年后重新想起时请朋友帮忙判断好感信号，后来常被想起,26,deleted,,0,模板变体、超长表达或配额外的同概念近似项
3995,多年后重新想起时见面前认真选择穿搭，后来常被想起,24,deleted,,0,模板变体、超长表达或配额外的同概念近似项
3996,多年后重新想起时共同商量可以接受的边界，后来常被想起,26,deleted,,0,模板变体、超长表达或配额外的同概念近似项
3997,多年后重新想起时思考过去关系里的问题，后来常被想起,25,deleted,,0,模板变体、超长表达或配额外的同概念近似项
3998,多年后重新想起时工作以后才开始学习约会，后来常被想起,26,deleted,,0,模板变体、超长表达或配额外的同概念近似项
3999,多年后重新想起时发现朋友周末都去约会，后来常被想起,25,deleted,,0,模板变体、超长表达或配额外的同概念近似项
4000,多年后重新想起时被拒绝后不再继续打扰，后来常被想起,25,deleted,,0,模板变体、超长表达或配额外的同概念近似项
4001,多年后重新想起时把异性缘归因于颜值，后来常被想起,24,deleted,,0,模板变体、超长表达或配额外的同概念近似项
4002,多年后重新想起时被家人追问什么时候结婚，后来常被想起,26,deleted,,0,模板变体、超长表达或配额外的同概念近似项
4003,多年后重新想起时看见街边摆满情侣商品，后来常被想起,25,deleted,,0,模板变体、超长表达或配额外的同概念近似项
4004,多年后重新想起时每天给对方分享短视频，后来常被想起,25,deleted,,0,模板变体、超长表达或配额外的同概念近似项
4005,多年后重新想起时被问最长一段关系多久，后来常被想起,25,deleted,,0,模板变体、超长表达或配额外的同概念近似项
4006,多年后重新想起时看到桌上放着两张电影票，后来常被想起,26,deleted,,0,模板变体、超长表达或配额外的同概念近似项
4007,多年后重新想起时学习不靠伴侣定义完整，后来常被想起,25,deleted,,0,模板变体、超长表达或配额外的同概念近似项
4008,多年后重新想起时线程脱单后进入双线程，后来常被想起,25,deleted,,0,模板变体、超长表达或配额外的同概念近似项
4009,周末前最后一节课后交换只有两个人懂的暗号,20,deleted,,0,模板变体、超长表达或配额外的同概念近似项
4010,雨落窗台的下午记住少年骑车时鼓起的衣摆,19,deleted,,0,模板变体、超长表达或配额外的同概念近似项
4011,雨落窗台的下午在课程表上圈出共同的空课,19,deleted,,0,模板变体、超长表达或配额外的同概念近似项
4012,雨落窗台的下午在校门口犹豫要不要告别,18,deleted,,0,模板变体、超长表达或配额外的同概念近似项
4013,雨落窗台的下午聊天时等对方收拾完书包,18,deleted,,0,模板变体、超长表达或配额外的同概念近似项
4014,雨落窗台的下午在傍晚风里听见校服摩擦声,19,deleted,,0,模板变体、超长表达或配额外的同概念近似项
4015,雨落窗台的下午重回母校时寻找当年的座位,19,deleted,,0,模板变体、超长表达或配额外的同概念近似项
4016,多年后重新想起时发现关系正在升温，后来常被想起,23,deleted,,0,模板变体、超长表达或配额外的同概念近似项
4017,多年后重新想起时期待有人一起规划周末，后来常被想起,25,compressed,期待有人一起规划周末,10,移除时间、地点、人物或关系模板，归并到核心概念
4018,多年后重新想起时决定不再隐藏真实心意，后来常被想起,25,deleted,,0,模板变体、超长表达或配额外的同概念近似项
4019,多年后重新想起时约会结束后舍不得分别，后来常被想起,25,deleted,,0,模板变体、超长表达或配额外的同概念近似项
4020,多年后重新想起时为越界接触认真道歉，后来常被想起,24,deleted,,0,模板变体、超长表达或配额外的同概念近似项
4021,多年后重新想起时接受曾经喜欢的人已走远，后来常被想起,26,deleted,,0,模板变体、超长表达或配额外的同概念近似项
4022,多年后重新想起时怀疑现在恋爱是否太晚，后来常被想起,25,deleted,,0,模板变体、超长表达或配额外的同概念近似项
4023,多年后重新想起时听见同龄人开始谈婚论嫁，后来常被想起,26,deleted,,0,模板变体、超长表达或配额外的同概念近似项
4024,多年后重新想起时重新建立交往边界，后来常被想起,23,deleted,,0,模板变体、超长表达或配额外的同概念近似项
4025,多年后重新想起时学习更坦诚地表达感受，后来常被想起,25,deleted,,0,模板变体、超长表达或配额外的同概念近似项
4026,多年后重新想起时参加同学婚礼独自坐一桌，后来常被想起,26,deleted,,0,模板变体、超长表达或配额外的同概念近似项
4027,多年后重新想起时独自度过恋爱主题节日，后来常被想起,25,deleted,,0,模板变体、超长表达或配额外的同概念近似项
4028,多年后重新想起时把重要聊天设置为置顶，后来常被想起,25,deleted,,0,模板变体、超长表达或配额外的同概念近似项
4029,多年后重新想起时猜测今年是否能够脱单，后来常被想起,25,deleted,,0,模板变体、超长表达或配额外的同概念近似项
4030,多年后重新想起时发现相册里只有单人照片，后来常被想起,26,deleted,,0,模板变体、超长表达或配额外的同概念近似项
4031,多年后重新想起时接受每个人节奏不同，后来常被想起,24,deleted,,0,模板变体、超长表达或配额外的同概念近似项
4032,多年后重新想起时空对象拒绝返回女朋友，后来常被想起,25,deleted,,0,模板变体、超长表达或配额外的同概念近似项
4033,周末前最后一节课后第一次用恋人的身份说晚安,21,deleted,,0,模板变体、超长表达或配额外的同概念近似项
4034,雨落窗台的下午发现镜片后躲闪的目光,17,deleted,,0,模板变体、超长表达或配额外的同概念近似项
4035,雨落窗台的下午用广播点歌传递含蓄心意,18,deleted,,0,模板变体、超长表达或配额外的同概念近似项
4036,雨落窗台的下午在公交站陪对方等车,16,deleted,,0,模板变体、超长表达或配额外的同概念近似项
4037,雨落窗台的下午看见她睡着后压低说话声音,19,deleted,,0,模板变体、超长表达或配额外的同概念近似项
4038,雨落窗台的下午尝到小卖部冰汽水的甜味,18,deleted,,0,模板变体、超长表达或配额外的同概念近似项
4039,雨落窗台的下午听见校歌突然想起喜欢的人,19,deleted,,0,模板变体、超长表达或配额外的同概念近似项
4040,多年后重新想起时体验被人惦记的感觉，后来常被想起,24,deleted,,0,模板变体、超长表达或配额外的同概念近似项
4041,多年后重新想起时不再独自参加朋友聚会，后来常被想起,25,deleted,,0,模板变体、超长表达或配额外的同概念近似项
4042,多年后重新想起时尊重对方对追求的回应，后来常被想起,25,deleted,,0,模板变体、超长表达或配额外的同概念近似项
4043,多年后重新想起时等待对方发来安全到家，后来常被想起,25,deleted,,0,模板变体、超长表达或配额外的同概念近似项
4044,多年后重新想起时尊重对方改变主意，后来常被想起,23,deleted,,0,模板变体、超长表达或配额外的同概念近似项
4045,多年后重新想起时意识到自己从没被表白，后来常被想起,25,deleted,,0,模板变体、超长表达或配额外的同概念近似项
4046,多年后重新想起时计算自己单身了多少年，后来常被想起,25,deleted,,0,模板变体、超长表达或配额外的同概念近似项
4047,多年后重新想起时把自己的经历和别人比较，后来常被想起,26,deleted,,0,模板变体、超长表达或配额外的同概念近似项
4048,多年后重新想起时删除没有发出的解释消息，后来常被想起,26,deleted,,0,模板变体、超长表达或配额外的同概念近似项
4049,多年后重新想起时不再靠恋爱证明个人价值，后来常被想起,26,deleted,,0,模板变体、超长表达或配额外的同概念近似项
4050,多年后重新想起时听见别人叫彼此老公老婆，后来常被想起,26,deleted,,0,模板变体、超长表达或配额外的同概念近似项
4051,多年后重新想起时收到平台推送的情侣套餐，后来常被想起,26,deleted,,0,模板变体、超长表达或配额外的同概念近似项
4052,多年后重新想起时从线上聊天走到线下见面，后来常被想起,26,deleted,,0,模板变体、超长表达或配额外的同概念近似项
4053,多年后重新想起时面对她是不是你女朋友的追问，后来常被想起,28,deleted,,0,模板变体、超长表达或配额外的同概念近似项
4054,多年后重新想起时收到适合约会的地点推荐，后来常被想起,26,deleted,,0,模板变体、超长表达或配额外的同概念近似项
4055,多年后重新想起时允许遗憾留在过去，后来常被想起,23,deleted,,0,模板变体、超长表达或配额外的同概念近似项
4056,多年后重新想起时恋爱脑被当作神经网络，后来常被想起,25,deleted,,0,模板变体、超长表达或配额外的同概念近似项
4057,周末前最后一节课后约定毕业以后也继续联系,20,deleted,,0,模板变体、超长表达或配额外的同概念近似项
4058,雨落窗台的下午在人群中认出那双熟悉的球鞋,20,deleted,,0,模板变体、超长表达或配额外的同概念近似项
4059,雨落窗台的下午约定用窗台上的水杯当暗号,19,deleted,,0,模板变体、超长表达或配额外的同概念近似项
4060,雨落窗台的下午绕远路走过两个人常走的小巷,20,deleted,,0,模板变体、超长表达或配额外的同概念近似项
4061,雨落窗台的下午把最后一颗糖留给喜欢的人,19,deleted,,0,模板变体、超长表达或配额外的同概念近似项
4062,雨落窗台的下午记住她经过时淡淡的洗衣粉香,20,deleted,,0,模板变体、超长表达或配额外的同概念近似项
4063,雨落窗台的下午意识到那次挥手已经是最后一面,21,deleted,,0,模板变体、超长表达或配额外的同概念近似项
4064,多年后重新想起时允许恋爱自然发生，后来常被想起,23,deleted,,0,模板变体、超长表达或配额外的同概念近似项
4065,多年后重新想起时寻找能够长期相处的人，后来常被想起,25,deleted,,0,模板变体、超长表达或配额外的同概念近似项
4066,多年后重新想起时把模糊关系说清楚，后来常被想起,23,deleted,,0,模板变体、超长表达或配额外的同概念近似项
4067,多年后重新想起时期待下一次单独见面，后来常被想起,24,deleted,,0,模板变体、超长表达或配额外的同概念近似项
4068,多年后重新想起时在安全感中逐渐靠近，后来常被想起,24,deleted,,0,模板变体、超长表达或配额外的同概念近似项
4069,多年后重新想起时不再用经历数量评价自己，后来常被想起,26,deleted,,0,模板变体、超长表达或配额外的同概念近似项
4070,多年后重新想起时提醒自己没有统一人生时钟，后来常被想起,27,deleted,,0,模板变体、超长表达或配额外的同概念近似项
4071,多年后重新想起时提醒自己不必追赶他人进度，后来常被想起,27,deleted,,0,模板变体、超长表达或配额外的同概念近似项
4072,多年后重新想起时把没有回复也视作答案，后来常被想起,25,deleted,,0,模板变体、超长表达或配额外的同概念近似项
4073,多年后重新想起时相信自己也值得被选择，后来常被想起,25,deleted,,0,模板变体、超长表达或配额外的同概念近似项
4074,多年后重新想起时还没有对象就开始被催婚，后来常被想起,26,deleted,,0,模板变体、超长表达或配额外的同概念近似项
4075,多年后重新想起时跨年倒数时想起喜欢的人，后来常被想起,26,deleted,,0,模板变体、超长表达或配额外的同概念近似项
4076,多年后重新想起时因为断联猜测关系是否结束，后来常被想起,27,deleted,,0,模板变体、超长表达或配额外的同概念近似项
4077,多年后重新想起时拒绝回答过度私人的感情问题，后来常被想起,28,deleted,,0,模板变体、超长表达或配额外的同概念近似项
4078,多年后重新想起时看见副驾驶放着一束花，后来常被想起,25,deleted,,0,模板变体、超长表达或配额外的同概念近似项
4079,多年后重新想起时相信未来仍会建立连接，后来常被想起,25,deleted,,0,模板变体、超长表达或配额外的同概念近似项
4080,多年后重新想起时朋友圈在图论里形成闭环，后来常被想起,26,deleted,,0,模板变体、超长表达或配额外的同概念近似项
4081,雨落窗台的下午和喜欢的人隔着课桌对视,18,deleted,,0,模板变体、超长表达或配额外的同概念近似项
4082,暑气未散的放学路上风吹起她额前的刘海,18,compressed,风吹起她额前的刘海,9,移除时间、地点、人物或关系模板，归并到核心概念
4083,暑气未散的放学路上递来一张折好的小纸条,19,compressed,递来一张折好的小纸条,10,移除时间、地点、人物或关系模板，归并到核心概念
4084,暑气未散的放学路上在靠窗的座位等她出现,19,compressed,在靠窗的座位等她出现,10,移除时间、地点、人物或关系模板，归并到核心概念
4085,暑气未散的放学路上把课堂笔记借给喜欢的人,20,compressed,把课堂笔记借给喜欢的人,11,移除时间、地点、人物或关系模板，归并到核心概念
4086,暑气未散的放学路上听见窗外一阵很长的蝉鸣,20,compressed,听见窗外一阵很长的蝉鸣,11,移除时间、地点、人物或关系模板，归并到核心概念
4087,暑气未散的放学路上在毕业册上写下一句祝福,20,compressed,在毕业册上写下一句祝福,11,移除时间、地点、人物或关系模板，归并到核心概念
4088,听别人说起第一次确认恋爱关系，便联想到初次认识时自己的反应,29,compressed,第一次确认恋爱关系,9,移除时间、地点、人物或关系模板，归并到核心概念
4089,听别人说起终于有了稳定对象，便联想到初次认识时自己的反应,28,compressed,终于有了稳定对象,8,移除时间、地点、人物或关系模板，归并到核心概念
4090,听别人说起鼓起勇气说出喜欢，便联想到初次认识时自己的反应,28,deleted,,0,模板变体、超长表达或配额外的同概念近似项
4091,听别人说起计划第一次正式约会，便联想到初次认识时自己的反应,29,deleted,,0,模板变体、超长表达或配额外的同概念近似项
4092,听别人说起第一次牵住喜欢的人的手，便联想到初次认识时自己的反应,31,compressed,第一次牵住喜欢的人的手,11,移除时间、地点、人物或关系模板，归并到核心概念
4093,听别人说起回忆自己的第一次心动，便联想到初次认识时自己的反应,30,deleted,,0,模板变体、超长表达或配额外的同概念近似项
4094,听别人说起发现又长一岁仍然单身，便联想到初次认识时自己的反应,30,deleted,,0,模板变体、超长表达或配额外的同概念近似项
4095,听别人说起看到室友突然宣布脱单，便联想到初次认识时自己的反应,30,deleted,,0,模板变体、超长表达或配额外的同概念近似项
4096,听别人说起告白后收到明确拒绝，便联想到初次认识时自己的反应,29,deleted,,0,模板变体、超长表达或配额外的同概念近似项
4097,听别人说起担心自己的外貌没有吸引力，便联想到初次认识时自己的反应,32,deleted,,0,模板变体、超长表达或配额外的同概念近似项
4098,听别人说起收到朋友发来的婚礼请柬，便联想到初次认识时自己的反应,31,compressed,收到朋友发来的婚礼请柬,11,移除时间、地点、人物或关系模板，归并到核心概念
4099,听别人说起在情人节准备一束玫瑰，便联想到初次认识时自己的反应,30,deleted,,0,模板变体、超长表达或配额外的同概念近似项
4100,听别人说起把心动对象称作crush，便联想到初次认识时自己的反应,32,deleted,,0,模板变体、超长表达或配额外的同概念近似项
4101,听别人说起被问以前谈过几个对象，便联想到初次认识时自己的反应,30,deleted,,0,模板变体、超长表达或配额外的同概念近似项
4102,听别人说起看见电影院里的双人座，便联想到初次认识时自己的反应,30,compressed,看见电影院里的双人座,10,移除时间、地点、人物或关系模板，归并到核心概念
4103,听别人说起把恋爱视作人生进度，便联想到初次认识时自己的反应,29,deleted,,0,模板变体、超长表达或配额外的同概念近似项
4104,听别人说起面向对象时找不到对象，便联想到初次认识时自己的反应,30,deleted,,0,模板变体、超长表达或配额外的同概念近似项
4105,雨落窗台的下午发现同桌悄悄看向自己,17,deleted,,0,模板变体、超长表达或配额外的同概念近似项
4106,暑气未散的放学路上看见她把刘海别到耳后,19,compressed,看见她把刘海别到耳后,10,移除时间、地点、人物或关系模板，归并到核心概念
4107,暑气未散的放学路上在纸条背面写下回复,18,compressed,在纸条背面写下回复,9,移除时间、地点、人物或关系模板，归并到核心概念
4108,暑气未散的放学路上经过对方班级的教室门口,20,compressed,经过对方班级的教室门口,11,移除时间、地点、人物或关系模板，归并到核心概念
4109,暑气未散的放学路上耐心讲一道做错的题,18,compressed,耐心讲一道做错的题,9,移除时间、地点、人物或关系模板，归并到核心概念
4110,暑气未散的放学路上听见下课铃盖过没说完的话,21,compressed,听见下课铃盖过没说完的话,12,移除时间、地点、人物或关系模板，归并到核心概念
4111,暑气未散的放学路上把同学录最后一页留给她,20,compressed,把同学录最后一页留给她,11,移除时间、地点、人物或关系模板，归并到核心概念
4112,听别人说起感受到双向喜欢，便联想到初次认识时自己的反应,27,compressed,感受到双向喜欢,7,移除时间、地点、人物或关系模板，归并到核心概念
4113,听别人说起介绍身边的人是另一半，便联想到初次认识时自己的反应,30,compressed,介绍身边的人是另一半,10,移除时间、地点、人物或关系模板，归并到核心概念
4114,听别人说起把暗恋写进一封信，便联想到初次认识时自己的反应,28,deleted,,0,模板变体、超长表达或配额外的同概念近似项
4115,听别人说起邀请喜欢的人一起吃饭，便联想到初次认识时自己的反应,30,deleted,,0,模板变体、超长表达或配额外的同概念近似项
4116,听别人说起得到同意后拥抱对方，便联想到初次认识时自己的反应,29,compressed,得到同意后拥抱对方,9,移除时间、地点、人物或关系模板，归并到核心概念
4117,听别人说起谈起已经结束的上一段关系，便联想到初次认识时自己的反应,32,deleted,,0,模板变体、超长表达或配额外的同概念近似项
4118,听别人说起担心毕业前没有恋爱经历，便联想到初次认识时自己的反应,31,deleted,,0,模板变体、超长表达或配额外的同概念近似项
4119,听别人说起发现聚会里只有自己单身，便联想到初次认识时自己的反应,31,deleted,,0,模板变体、超长表达或配额外的同概念近似项
4120,听别人说起听见我们还是做朋友吧，便联想到初次认识时自己的反应,30,deleted,,0,模板变体、超长表达或配额外的同概念近似项
4121,听别人说起见喜欢的人前认真整理头发，便联想到初次认识时自己的反应,32,deleted,,0,模板变体、超长表达或配额外的同概念近似项
4122,听别人说起看见恋人交换订婚戒指，便联想到初次认识时自己的反应,30,compressed,看见恋人交换订婚戒指,10,移除时间、地点、人物或关系模板，归并到核心概念
4123,听别人说起七夕预订双人晚餐，便联想到初次认识时自己的反应,28,deleted,,0,模板变体、超长表达或配额外的同概念近似项
4124,听别人说起在朋友圈正式官宣关系，便联想到初次认识时自己的反应,30,deleted,,0,模板变体、超长表达或配额外的同概念近似项
4125,听别人说起回答自己有没有恋爱经历，便联想到初次认识时自己的反应,31,deleted,,0,模板变体、超长表达或配额外的同概念近似项
4126,听别人说起路过摆满玫瑰的花店，便联想到初次认识时自己的反应,29,compressed,路过摆满玫瑰的花店,9,移除时间、地点、人物或关系模板，归并到核心概念
4127,听别人说起担心青春缺少重要体验，便联想到初次认识时自己的反应,30,deleted,,0,模板变体、超长表达或配额外的同概念近似项
4128,听别人说起对象存储突然容量不足，便联想到初次认识时自己的反应,30,deleted,,0,模板变体、超长表达或配额外的同概念近似项
4129,雨落窗台的下午把喜欢藏在课堂笔记里,17,deleted,,0,模板变体、超长表达或配额外的同概念近似项
4130,暑气未散的放学路上注意到阳光落在她的发梢,20,compressed,注意到阳光落在她的发梢,11,移除时间、地点、人物或关系模板，归并到核心概念
4131,暑气未散的放学路上把没送出的情书夹进书里,20,compressed,把没送出的情书夹进书里,11,移除时间、地点、人物或关系模板，归并到核心概念
4132,暑气未散的放学路上在空教室里多停留一会儿,20,compressed,在空教室里多停留一会儿,11,移除时间、地点、人物或关系模板，归并到核心概念
4133,暑气未散的放学路上一起背诵第二天要抽查的课文,22,deleted,,0,模板变体、超长表达或配额外的同概念近似项
4134,暑气未散的放学路上记住篮球落地的回声,18,compressed,记住篮球落地的回声,9,移除时间、地点、人物或关系模板，归并到核心概念
4135,暑气未散的放学路上在毕业照里悄悄站得更近,20,compressed,在毕业照里悄悄站得更近,11,移除时间、地点、人物或关系模板，归并到核心概念
4136,听别人说起学会经营一段感情，便联想到初次认识时自己的反应,28,deleted,,0,模板变体、超长表达或配额外的同概念近似项
4137,听别人说起从单身状态顺利毕业，便联想到初次认识时自己的反应,29,compressed,从单身状态顺利毕业,9,移除时间、地点、人物或关系模板，归并到核心概念
4138,听别人说起试探对方是否也有好感，便联想到初次认识时自己的反应,30,deleted,,0,模板变体、超长表达或配额外的同概念近似项
4139,听别人说起挑选适合聊天的咖啡店，便联想到初次认识时自己的反应,30,deleted,,0,模板变体、超长表达或配额外的同概念近似项
4140,听别人说起在靠近前先询问意愿，便联想到初次认识时自己的反应,29,deleted,,0,模板变体、超长表达或配额外的同概念近似项
4141,听别人说起被问到过去有几次恋爱，便联想到初次认识时自己的反应,30,deleted,,0,模板变体、超长表达或配额外的同概念近似项
4142,听别人说起看着同龄人进入稳定关系，便联想到初次认识时自己的反应,31,deleted,,0,模板变体、超长表达或配额外的同概念近似项
4143,听别人说起刷到朋友晒情侣合照，便联想到初次认识时自己的反应,29,deleted,,0,模板变体、超长表达或配额外的同概念近似项
4144,听别人说起邀约连续几次没有回应，便联想到初次认识时自己的反应,30,deleted,,0,模板变体、超长表达或配额外的同概念近似项
4145,听别人说起怀疑自己不擅长聊天，便联想到初次认识时自己的反应,29,deleted,,0,模板变体、超长表达或配额外的同概念近似项
4146,听别人说起讨论以后在哪座城市生活，便联想到初次认识时自己的反应,31,compressed,讨论以后在哪座城市生活,11,移除时间、地点、人物或关系模板，归并到核心概念
4147,听别人说起在520发出含蓄告白，便联想到初次认识时自己的反应,30,deleted,,0,模板变体、超长表达或配额外的同概念近似项
4148,听别人说起和朋友一起磕一对CP，便联想到初次认识时自己的反应,30,deleted,,0,模板变体、超长表达或配额外的同概念近似项
4149,听别人说起被追问为什么一直单身，便联想到初次认识时自己的反应,30,deleted,,0,模板变体、超长表达或配额外的同概念近似项
4150,听别人说起发现饮品店推出情侣套餐，便联想到初次认识时自己的反应,31,compressed,发现饮品店推出情侣套餐,11,移除时间、地点、人物或关系模板，归并到核心概念
4151,听别人说起觉得自己落后于同龄人，便联想到初次认识时自己的反应,30,deleted,,0,模板变体、超长表达或配额外的同概念近似项
4152,听别人说起单例模式坚持保持单身，便联想到初次认识时自己的反应,30,deleted,,0,模板变体、超长表达或配额外的同概念近似项
4153,雨落窗台的下午借讲题的机会坐得更近,17,deleted,,0,模板变体、超长表达或配额外的同概念近似项
4154,暑气未散的放学路上记住她低头笑时的酒窝,19,compressed,记住她低头笑时的酒窝,10,移除时间、地点、人物或关系模板，归并到核心概念
4155,暑气未散的放学路上收到一封没有署名的情书,20,compressed,收到一封没有署名的情书,11,移除时间、地点、人物或关系模板，归并到核心概念
4156,暑气未散的放学路上从教学楼走廊远远看见她,20,compressed,从教学楼走廊远远看见她,11,移除时间、地点、人物或关系模板，归并到核心概念
4157,暑气未散的放学路上互相检查听写答案,17,compressed,互相检查听写答案,8,移除时间、地点、人物或关系模板，归并到核心概念
4158,暑气未散的放学路上听见广播里放过的那首歌,20,compressed,听见广播里放过的那首歌,11,移除时间、地点、人物或关系模板，归并到核心概念
4159,暑气未散的放学路上在校服背面签下名字,18,compressed,在校服背面签下名字,9,移除时间、地点、人物或关系模板，归并到核心概念
4160,听别人说起拥有可以分享日常的人，便联想到初次认识时自己的反应,30,deleted,,0,模板变体、超长表达或配额外的同概念近似项
4161,听别人说起朋友介绍了合适的人，便联想到初次认识时自己的反应,29,compressed,朋友介绍了合适的人,9,移除时间、地点、人物或关系模板，归并到核心概念
4162,听别人说起主动创造单独见面的机会，便联想到初次认识时自己的反应,31,deleted,,0,模板变体、超长表达或配额外的同概念近似项
4163,听别人说起一起看期待很久的电影，便联想到初次认识时自己的反应,30,deleted,,0,模板变体、超长表达或配额外的同概念近似项
4164,听别人说起注意到对方不舒服的信号，便联想到初次认识时自己的反应,31,deleted,,0,模板变体、超长表达或配额外的同概念近似项
4165,听别人说起发现恋爱履历仍然空白，便联想到初次认识时自己的反应,30,deleted,,0,模板变体、超长表达或配额外的同概念近似项
4166,听别人说起把生日变成脱单倒计时，便联想到初次认识时自己的反应,30,deleted,,0,模板变体、超长表达或配额外的同概念近似项
4167,听别人说起听同学讨论各自的前任，便联想到初次认识时自己的反应,30,deleted,,0,模板变体、超长表达或配额外的同概念近似项
4168,听别人说起发现对方正在逐渐疏远，便联想到初次认识时自己的反应,30,deleted,,0,模板变体、超长表达或配额外的同概念近似项
4169,听别人说起面对心动对象突然紧张，便联想到初次认识时自己的反应,30,deleted,,0,模板变体、超长表达或配额外的同概念近似项
4170,听别人说起考虑要不要带对象见父母，便联想到初次认识时自己的反应,31,compressed,考虑要不要带对象见父母,11,移除时间、地点、人物或关系模板，归并到核心概念
4171,听别人说起圣诞夜邀请喜欢的人见面，便联想到初次认识时自己的反应,31,deleted,,0,模板变体、超长表达或配额外的同概念近似项
4172,听别人说起判断彼此是否处于暧昧期，便联想到初次认识时自己的反应,31,deleted,,0,模板变体、超长表达或配额外的同概念近似项
4173,听别人说起听见什么时候脱单的问题，便联想到初次认识时自己的反应,31,deleted,,0,模板变体、超长表达或配额外的同概念近似项
4174,听别人说起看见两件并排挂着的外套，便联想到初次认识时自己的反应,31,deleted,,0,模板变体、超长表达或配额外的同概念近似项
4175,听别人说起害怕永远错过亲密关系，便联想到初次认识时自己的反应,30,deleted,,0,模板变体、超长表达或配额外的同概念近似项
4176,听别人说起配对算法开始安排相亲，便联想到初次认识时自己的反应,30,deleted,,0,模板变体、超长表达或配额外的同概念近似项
4177,雨落窗台的下午在走廊等喜欢的人经过,17,deleted,,0,模板变体、超长表达或配额外的同概念近似项
4178,暑气未散的放学路上发现她见面前认真扎好头发,21,compressed,发现她见面前认真扎好头发,12,移除时间、地点、人物或关系模板，归并到核心概念
4179,暑气未散的放学路上在便利贴上画一颗小心心,20,compressed,在便利贴上画一颗小心心,11,移除时间、地点、人物或关系模板，归并到核心概念
4180,暑气未散的放学路上在楼梯转角意外遇见喜欢的人,22,deleted,,0,模板变体、超长表达或配额外的同概念近似项
4181,暑气未散的放学路上替对方保管暂时没收的手机,21,compressed,替对方保管暂时没收的手机,12,移除时间、地点、人物或关系模板，归并到核心概念
4182,暑气未散的放学路上看见晨光落在她的课桌上,20,compressed,看见晨光落在她的课桌上,11,移除时间、地点、人物或关系模板，归并到核心概念
4183,暑气未散的放学路上把没送出的情书带回家,19,compressed,把没送出的情书带回家,10,移除时间、地点、人物或关系模板，归并到核心概念
4184,听别人说起期待稳定的情感回应，便联想到初次认识时自己的反应,29,deleted,,0,模板变体、超长表达或配额外的同概念近似项
4185,听别人说起认真思考理想伴侣，便联想到初次认识时自己的反应,28,compressed,认真思考理想伴侣,8,移除时间、地点、人物或关系模板，归并到核心概念
4186,听别人说起收到别人认真的告白，便联想到初次认识时自己的反应,29,deleted,,0,模板变体、超长表达或配额外的同概念近似项
4187,听别人说起沿着安静的小路散步，便联想到初次认识时自己的反应,29,deleted,,0,模板变体、超长表达或配额外的同概念近似项
4188,听别人说起明确拒绝后立即停止，便联想到初次认识时自己的反应,29,deleted,,0,模板变体、超长表达或配额外的同概念近似项
4189,听别人说起听对方说起难忘的初恋，便联想到初次认识时自己的反应,30,deleted,,0,模板变体、超长表达或配额外的同概念近似项
4190,听别人说起害怕错过年轻时的恋爱，便联想到初次认识时自己的反应,30,deleted,,0,模板变体、超长表达或配额外的同概念近似项
4191,听别人说起参加婚礼时被问有没有对象，便联想到初次认识时自己的反应,32,deleted,,0,模板变体、超长表达或配额外的同概念近似项
4192,听别人说起接受喜欢没有得到回应，便联想到初次认识时自己的反应,30,deleted,,0,模板变体、超长表达或配额外的同概念近似项
4193,听别人说起读不懂别人释放的好感，便联想到初次认识时自己的反应,30,deleted,,0,模板变体、超长表达或配额外的同概念近似项
4194,听别人说起从恋爱走向共同生活，便联想到初次认识时自己的反应,29,compressed,从恋爱走向共同生活,9,移除时间、地点、人物或关系模板，归并到核心概念
4195,听别人说起为恋爱纪念日挑选礼物，便联想到初次认识时自己的反应,30,deleted,,0,模板变体、超长表达或配额外的同概念近似项
4196,听别人说起讨论situationship算什么关系，便联想到初次认识时自己的反应,40,deleted,,0,模板变体、超长表达或配额外的同概念近似项
4197,听别人说起解释目前有没有喜欢的人，便联想到初次认识时自己的反应,31,deleted,,0,模板变体、超长表达或配额外的同概念近似项
4198,听别人说起注意到共享耳机的两个人，便联想到初次认识时自己的反应,31,deleted,,0,模板变体、超长表达或配额外的同概念近似项
4199,听别人说起希望成为某个人的例外，便联想到初次认识时自己的反应,30,deleted,,0,模板变体、超长表达或配额外的同概念近似项
4200,听别人说起关系数据库认真维护关系，便联想到初次认识时自己的反应,31,deleted,,0,模板变体、超长表达或配额外的同概念近似项
4201,雨落窗台的下午课间绕路去隔壁班门口,17,deleted,,0,模板变体、超长表达或配额外的同概念近似项
4202,暑气未散的放学路上看见她穿着宽大的校服外套,21,compressed,看见她穿着宽大的校服外套,12,移除时间、地点、人物或关系模板，归并到核心概念
4203,暑气未散的放学路上把名字写在同一张草稿纸上,21,compressed,把名字写在同一张草稿纸上,12,移除时间、地点、人物或关系模板，归并到核心概念
4204,暑气未散的放学路上绕路经过她常去的饮水机,20,compressed,绕路经过她常去的饮水机,11,移除时间、地点、人物或关系模板，归并到核心概念
4205,暑气未散的放学路上给趴在桌上的人留一盒牛奶,21,compressed,给趴在桌上的人留一盒牛奶,12,移除时间、地点、人物或关系模板，归并到核心概念
4206,暑气未散的放学路上看见晚霞穿过教学楼窗户,20,compressed,看见晚霞穿过教学楼窗户,11,移除时间、地点、人物或关系模板，归并到核心概念
4207,暑气未散的放学路上错过毕业前最后一次告白,20,compressed,错过毕业前最后一次告白,11,移除时间、地点、人物或关系模板，归并到核心概念
4208,听别人说起从朋友走向恋人，便联想到初次认识时自己的反应,27,deleted,,0,模板变体、超长表达或配额外的同概念近似项
4209,听别人说起遇到愿意互相陪伴的人，便联想到初次认识时自己的反应,30,compressed,遇到愿意互相陪伴的人,10,移除时间、地点、人物或关系模板，归并到核心概念
4210,听别人说起准备一份有意义的礼物，便联想到初次认识时自己的反应,30,deleted,,0,模板变体、超长表达或配额外的同概念近似项
4211,听别人说起为两个人安排周末行程，便联想到初次认识时自己的反应,30,deleted,,0,模板变体、超长表达或配额外的同概念近似项
4212,听别人说起不把沉默误认为同意，便联想到初次认识时自己的反应,29,deleted,,0,模板变体、超长表达或配额外的同概念近似项
4213,听别人说起整理前任留下的旧物，便联想到初次认识时自己的反应,29,deleted,,0,模板变体、超长表达或配额外的同概念近似项
4214,听别人说起觉得感情进度落后别人，便联想到初次认识时自己的反应,30,deleted,,0,模板变体、超长表达或配额外的同概念近似项
4215,听别人说起看别人收到纪念日礼物，便联想到初次认识时自己的反应,30,deleted,,0,模板变体、超长表达或配额外的同概念近似项
4216,听别人说起停止追问拒绝的具体理由，便联想到初次认识时自己的反应,31,deleted,,0,模板变体、超长表达或配额外的同概念近似项
4217,听别人说起想知道有没有人喜欢自己，便联想到初次认识时自己的反应,31,deleted,,0,模板变体、超长表达或配额外的同概念近似项
4218,听别人说起规划两个人的长期未来，便联想到初次认识时自己的反应,30,deleted,,0,模板变体、超长表达或配额外的同概念近似项
4219,听别人说起零点发送周年祝福，便联想到初次认识时自己的反应,28,deleted,,0,模板变体、超长表达或配额外的同概念近似项
4220,听别人说起换上成套的情侣头像，便联想到初次认识时自己的反应,29,deleted,,0,模板变体、超长表达或配额外的同概念近似项
4221,听别人说起回答第一次恋爱是在几岁，便联想到初次认识时自己的反应,31,deleted,,0,模板变体、超长表达或配额外的同概念近似项
4222,听别人说起经过夜晚亮灯的摩天轮，便联想到初次认识时自己的反应,30,deleted,,0,模板变体、超长表达或配额外的同概念近似项
4223,听别人说起渴望获得稳定情感回应，便联想到初次认识时自己的反应,30,deleted,,0,模板变体、超长表达或配额外的同概念近似项
4224,听别人说起握手协议负责成功牵手，便联想到初次认识时自己的反应,30,deleted,,0,模板变体、超长表达或配额外的同概念近似项
4225,雨落窗台的下午替心动对象去小卖部带饮料,19,deleted,,0,模板变体、超长表达或配额外的同概念近似项
4226,暑气未散的放学路上认出人群里熟悉的校服衣角,21,compressed,认出人群里熟悉的校服衣角,12,移除时间、地点、人物或关系模板，归并到核心概念
4227,暑气未散的放学路上交换一根代表好感的小皮筋,21,compressed,交换一根代表好感的小皮筋,12,移除时间、地点、人物或关系模板，归并到核心概念
4228,暑气未散的放学路上在图书馆同一排书架重逢,20,compressed,在图书馆同一排书架重逢,11,移除时间、地点、人物或关系模板，归并到核心概念
4229,暑气未散的放学路上提醒喜欢的人带伞,17,compressed,提醒喜欢的人带伞,8,移除时间、地点、人物或关系模板，归并到核心概念
4230,暑气未散的放学路上记住树影在校服上轻轻晃动,21,compressed,记住树影在校服上轻轻晃动,12,移除时间、地点、人物或关系模板，归并到核心概念
4231,暑气未散的放学路上把喜欢藏进高考结束的夏天,21,compressed,把喜欢藏进高考结束的夏天,12,移除时间、地点、人物或关系模板，归并到核心概念
4232,听别人说起认真讨论彼此的需要，便联想到初次认识时自己的反应,29,deleted,,0,模板变体、超长表达或配额外的同概念近似项
4233,听别人说起开始主动扩大社交圈，便联想到初次认识时自己的反应,29,compressed,开始主动扩大社交圈,9,移除时间、地点、人物或关系模板，归并到核心概念
4234,听别人说起请朋友帮忙判断好感信号，便联想到初次认识时自己的反应,31,deleted,,0,模板变体、超长表达或配额外的同概念近似项
4235,听别人说起见面前认真选择穿搭，便联想到初次认识时自己的反应,29,deleted,,0,模板变体、超长表达或配额外的同概念近似项
4236,听别人说起共同商量可以接受的边界，便联想到初次认识时自己的反应,31,deleted,,0,模板变体、超长表达或配额外的同概念近似项
4237,听别人说起思考过去关系里的问题，便联想到初次认识时自己的反应,30,deleted,,0,模板变体、超长表达或配额外的同概念近似项
4238,听别人说起工作以后才开始学习约会，便联想到初次认识时自己的反应,31,deleted,,0,模板变体、超长表达或配额外的同概念近似项
4239,听别人说起发现朋友周末都去约会，便联想到初次认识时自己的反应,30,deleted,,0,模板变体、超长表达或配额外的同概念近似项
4240,听别人说起被拒绝后不再继续打扰，便联想到初次认识时自己的反应,30,deleted,,0,模板变体、超长表达或配额外的同概念近似项
4241,听别人说起把异性缘归因于颜值，便联想到初次认识时自己的反应,29,deleted,,0,模板变体、超长表达或配额外的同概念近似项
4242,听别人说起被家人追问什么时候结婚，便联想到初次认识时自己的反应,31,deleted,,0,模板变体、超长表达或配额外的同概念近似项
4243,听别人说起看见街边摆满情侣商品，便联想到初次认识时自己的反应,30,deleted,,0,模板变体、超长表达或配额外的同概念近似项
4244,听别人说起每天给对方分享短视频，便联想到初次认识时自己的反应,30,deleted,,0,模板变体、超长表达或配额外的同概念近似项
4245,听别人说起被问最长一段关系多久，便联想到初次认识时自己的反应,30,deleted,,0,模板变体、超长表达或配额外的同概念近似项
4246,听别人说起看到桌上放着两张电影票，便联想到初次认识时自己的反应,31,deleted,,0,模板变体、超长表达或配额外的同概念近似项
4247,听别人说起学习不靠伴侣定义完整，便联想到初次认识时自己的反应,30,deleted,,0,模板变体、超长表达或配额外的同概念近似项
4248,听别人说起线程脱单后进入双线程，便联想到初次认识时自己的反应,30,deleted,,0,模板变体、超长表达或配额外的同概念近似项
4249,雨落窗台的下午在人群中寻找熟悉的校服背影,20,deleted,,0,模板变体、超长表达或配额外的同概念近似项
4250,暑气未散的放学路上替对方整理歪掉的校服领口,21,compressed,替对方整理歪掉的校服领口,12,移除时间、地点、人物或关系模板，归并到核心概念
4251,暑气未散的放学路上把校服第二颗纽扣留作纪念,21,compressed,把校服第二颗纽扣留作纪念,12,移除时间、地点、人物或关系模板，归并到核心概念
4252,暑气未散的放学路上在自习室替对方留一个座位,21,compressed,在自习室替对方留一个座位,12,移除时间、地点、人物或关系模板，归并到核心概念
4253,暑气未散的放学路上把自己的外套借给对方,19,compressed,把自己的外套借给对方,10,移除时间、地点、人物或关系模板，归并到核心概念
4254,暑气未散的放学路上看见雨水沿着教室玻璃滑下,21,compressed,看见雨水沿着教室玻璃滑下,12,移除时间、地点、人物或关系模板，归并到核心概念
4255,暑气未散的放学路上约定收到录取通知后再见,20,compressed,约定收到录取通知后再见,11,移除时间、地点、人物或关系模板，归并到核心概念
4256,听别人说起发现关系正在升温，便联想到初次认识时自己的反应,28,deleted,,0,模板变体、超长表达或配额外的同概念近似项
4257,听别人说起期待有人一起规划周末，便联想到初次认识时自己的反应,30,compressed,期待有人一起规划周末,10,移除时间、地点、人物或关系模板，归并到核心概念
4258,听别人说起决定不再隐藏真实心意，便联想到初次认识时自己的反应,30,deleted,,0,模板变体、超长表达或配额外的同概念近似项
4259,听别人说起约会结束后舍不得分别，便联想到初次认识时自己的反应,30,deleted,,0,模板变体、超长表达或配额外的同概念近似项
4260,听别人说起为越界接触认真道歉，便联想到初次认识时自己的反应,29,deleted,,0,模板变体、超长表达或配额外的同概念近似项
4261,听别人说起接受曾经喜欢的人已走远，便联想到初次认识时自己的反应,31,deleted,,0,模板变体、超长表达或配额外的同概念近似项
4262,听别人说起怀疑现在恋爱是否太晚，便联想到初次认识时自己的反应,30,deleted,,0,模板变体、超长表达或配额外的同概念近似项
4263,听别人说起听见同龄人开始谈婚论嫁，便联想到初次认识时自己的反应,31,deleted,,0,模板变体、超长表达或配额外的同概念近似项
4264,听别人说起重新建立交往边界，便联想到初次认识时自己的反应,28,deleted,,0,模板变体、超长表达或配额外的同概念近似项
4265,听别人说起学习更坦诚地表达感受，便联想到初次认识时自己的反应,30,deleted,,0,模板变体、超长表达或配额外的同概念近似项
4266,听别人说起参加同学婚礼独自坐一桌，便联想到初次认识时自己的反应,31,deleted,,0,模板变体、超长表达或配额外的同概念近似项
4267,听别人说起独自度过恋爱主题节日，便联想到初次认识时自己的反应,30,deleted,,0,模板变体、超长表达或配额外的同概念近似项
4268,听别人说起把重要聊天设置为置顶，便联想到初次认识时自己的反应,30,deleted,,0,模板变体、超长表达或配额外的同概念近似项
4269,听别人说起猜测今年是否能够脱单，便联想到初次认识时自己的反应,30,deleted,,0,模板变体、超长表达或配额外的同概念近似项
4270,听别人说起发现相册里只有单人照片，便联想到初次认识时自己的反应,31,deleted,,0,模板变体、超长表达或配额外的同概念近似项
4271,听别人说起接受每个人节奏不同，便联想到初次认识时自己的反应,29,deleted,,0,模板变体、超长表达或配额外的同概念近似项
4272,听别人说起空对象拒绝返回女朋友，便联想到初次认识时自己的反应,30,deleted,,0,模板变体、超长表达或配额外的同概念近似项
4273,雨落窗台的下午放学后并肩走出校门,16,deleted,,0,模板变体、超长表达或配额外的同概念近似项
4274,暑气未散的放学路上注意到校服袖口写着名字,20,compressed,注意到校服袖口写着名字,11,移除时间、地点、人物或关系模板，归并到核心概念
4275,暑气未散的放学路上送出成对的钥匙扣,17,compressed,送出成对的钥匙扣,8,移除时间、地点、人物或关系模板，归并到核心概念
4276,暑气未散的放学路上在小卖部门口假装偶遇,19,compressed,在小卖部门口假装偶遇,10,移除时间、地点、人物或关系模板，归并到核心概念
4277,暑气未散的放学路上记住她不吃的食堂菜,18,compressed,记住她不吃的食堂菜,9,移除时间、地点、人物或关系模板，归并到核心概念
4278,暑气未散的放学路上闻到新课本混着油墨的气味,21,compressed,闻到新课本混着油墨的气味,12,移除时间、地点、人物或关系模板，归并到核心概念
4279,暑气未散的放学路上在散伙饭上忍住没说的话,20,compressed,在散伙饭上忍住没说的话,11,移除时间、地点、人物或关系模板，归并到核心概念
4280,听别人说起体验被人惦记的感觉，便联想到初次认识时自己的反应,29,deleted,,0,模板变体、超长表达或配额外的同概念近似项
4281,听别人说起不再独自参加朋友聚会，便联想到初次认识时自己的反应,30,deleted,,0,模板变体、超长表达或配额外的同概念近似项
4282,听别人说起尊重对方对追求的回应，便联想到初次认识时自己的反应,30,deleted,,0,模板变体、超长表达或配额外的同概念近似项
4283,听别人说起等待对方发来安全到家，便联想到初次认识时自己的反应,30,deleted,,0,模板变体、超长表达或配额外的同概念近似项
4284,听别人说起尊重对方改变主意，便联想到初次认识时自己的反应,28,deleted,,0,模板变体、超长表达或配额外的同概念近似项
4285,听别人说起意识到自己从没被表白，便联想到初次认识时自己的反应,30,deleted,,0,模板变体、超长表达或配额外的同概念近似项
4286,听别人说起计算自己单身了多少年，便联想到初次认识时自己的反应,30,deleted,,0,模板变体、超长表达或配额外的同概念近似项
4287,听别人说起把自己的经历和别人比较，便联想到初次认识时自己的反应,31,deleted,,0,模板变体、超长表达或配额外的同概念近似项
4288,听别人说起删除没有发出的解释消息，便联想到初次认识时自己的反应,31,deleted,,0,模板变体、超长表达或配额外的同概念近似项
4289,听别人说起不再靠恋爱证明个人价值，便联想到初次认识时自己的反应,31,deleted,,0,模板变体、超长表达或配额外的同概念近似项
4290,听别人说起听见别人叫彼此老公老婆，便联想到初次认识时自己的反应,31,deleted,,0,模板变体、超长表达或配额外的同概念近似项
4291,听别人说起收到平台推送的情侣套餐，便联想到初次认识时自己的反应,31,deleted,,0,模板变体、超长表达或配额外的同概念近似项
4292,听别人说起从线上聊天走到线下见面，便联想到初次认识时自己的反应,31,deleted,,0,模板变体、超长表达或配额外的同概念近似项
4293,听别人说起面对她是不是你女朋友的追问，便联想到初次认识时自己的反应,33,deleted,,0,模板变体、超长表达或配额外的同概念近似项
4294,听别人说起收到适合约会的地点推荐，便联想到初次认识时自己的反应,31,deleted,,0,模板变体、超长表达或配额外的同概念近似项
4295,听别人说起允许遗憾留在过去，便联想到初次认识时自己的反应,28,deleted,,0,模板变体、超长表达或配额外的同概念近似项
4296,听别人说起恋爱脑被当作神经网络，便联想到初次认识时自己的反应,30,deleted,,0,模板变体、超长表达或配额外的同概念近似项
4297,雨落窗台的下午推着自行车陪对方慢慢走,18,deleted,,0,模板变体、超长表达或配额外的同概念近似项
4298,暑气未散的放学路上看见白衬衫被晚霞染成金色,21,compressed,看见白衬衫被晚霞染成金色,12,移除时间、地点、人物或关系模板，归并到核心概念
4299,暑气未散的放学路上互换写着祝福的书签,18,compressed,互换写着祝福的书签,9,移除时间、地点、人物或关系模板，归并到核心概念
4300,暑气未散的放学路上在食堂排队时站到她身后,20,compressed,在食堂排队时站到她身后,11,移除时间、地点、人物或关系模板，归并到核心概念
4301,暑气未散的放学路上替迟到的人悄悄留门,18,compressed,替迟到的人悄悄留门,9,移除时间、地点、人物或关系模板，归并到核心概念
4302,暑气未散的放学路上记住雨后塑胶跑道的气味,20,compressed,记住雨后塑胶跑道的气味,11,移除时间、地点、人物或关系模板，归并到核心概念
4303,暑气未散的放学路上听完最后一次校园广播,19,compressed,听完最后一次校园广播,10,移除时间、地点、人物或关系模板，归并到核心概念
4304,听别人说起允许恋爱自然发生，便联想到初次认识时自己的反应,28,deleted,,0,模板变体、超长表达或配额外的同概念近似项
4305,听别人说起寻找能够长期相处的人，便联想到初次认识时自己的反应,30,deleted,,0,模板变体、超长表达或配额外的同概念近似项
4306,听别人说起把模糊关系说清楚，便联想到初次认识时自己的反应,28,deleted,,0,模板变体、超长表达或配额外的同概念近似项
4307,听别人说起期待下一次单独见面，便联想到初次认识时自己的反应,29,deleted,,0,模板变体、超长表达或配额外的同概念近似项
4308,听别人说起在安全感中逐渐靠近，便联想到初次认识时自己的反应,29,deleted,,0,模板变体、超长表达或配额外的同概念近似项
4309,听别人说起不再用经历数量评价自己，便联想到初次认识时自己的反应,31,deleted,,0,模板变体、超长表达或配额外的同概念近似项
4310,听别人说起提醒自己没有统一人生时钟，便联想到初次认识时自己的反应,32,deleted,,0,模板变体、超长表达或配额外的同概念近似项
4311,听别人说起提醒自己不必追赶他人进度，便联想到初次认识时自己的反应,32,deleted,,0,模板变体、超长表达或配额外的同概念近似项
4312,听别人说起把没有回复也视作答案，便联想到初次认识时自己的反应,30,deleted,,0,模板变体、超长表达或配额外的同概念近似项
4313,听别人说起相信自己也值得被选择，便联想到初次认识时自己的反应,30,deleted,,0,模板变体、超长表达或配额外的同概念近似项
4314,听别人说起还没有对象就开始被催婚，便联想到初次认识时自己的反应,31,deleted,,0,模板变体、超长表达或配额外的同概念近似项
4315,听别人说起跨年倒数时想起喜欢的人，便联想到初次认识时自己的反应,31,deleted,,0,模板变体、超长表达或配额外的同概念近似项
4316,听别人说起因为断联猜测关系是否结束，便联想到初次认识时自己的反应,32,deleted,,0,模板变体、超长表达或配额外的同概念近似项
4317,听别人说起拒绝回答过度私人的感情问题，便联想到初次认识时自己的反应,33,deleted,,0,模板变体、超长表达或配额外的同概念近似项
4318,听别人说起看见副驾驶放着一束花，便联想到初次认识时自己的反应,30,deleted,,0,模板变体、超长表达或配额外的同概念近似项
4319,听别人说起相信未来仍会建立连接，便联想到初次认识时自己的反应,30,deleted,,0,模板变体、超长表达或配额外的同概念近似项
4320,听别人说起朋友圈在图论里形成闭环，便联想到初次认识时自己的反应,31,deleted,,0,模板变体、超长表达或配额外的同概念近似项
4321,雨落窗台的下午一起等最后一班公交车,17,deleted,,0,模板变体、超长表达或配额外的同概念近似项
4322,暑气未散的放学路上发现手腕上多了一根小皮筋,21,compressed,发现手腕上多了一根小皮筋,12,移除时间、地点、人物或关系模板，归并到核心概念
4323,暑气未散的放学路上借出一支舍不得收回的笔,20,compressed,借出一支舍不得收回的笔,11,移除时间、地点、人物或关系模板，归并到核心概念
4324,暑气未散的放学路上在校园广播站等一首点歌,20,compressed,在校园广播站等一首点歌,11,移除时间、地点、人物或关系模板，归并到核心概念
4325,暑气未散的放学路上在值日时一起擦黑板,18,compressed,在值日时一起擦黑板,9,移除时间、地点、人物或关系模板，归并到核心概念
4326,暑气未散的放学路上感到共用雨伞时靠近的温度,21,compressed,感到共用雨伞时靠近的温度,12,移除时间、地点、人物或关系模板，归并到核心概念
4327,暑气未散的放学路上收拾课桌时找到旧纸条,19,compressed,收拾课桌时找到旧纸条,10,移除时间、地点、人物或关系模板，归并到核心概念
4328,听别人说起第一次确认恋爱关系，便联想到关系升温后自己的反应,29,compressed,第一次确认恋爱关系,9,移除时间、地点、人物或关系模板，归并到核心概念
4329,听别人说起终于有了稳定对象，便联想到关系升温后自己的反应,28,compressed,终于有了稳定对象,8,移除时间、地点、人物或关系模板，归并到核心概念
4330,听别人说起鼓起勇气说出喜欢，便联想到关系升温后自己的反应,28,deleted,,0,模板变体、超长表达或配额外的同概念近似项
4331,听别人说起计划第一次正式约会，便联想到关系升温后自己的反应,29,deleted,,0,模板变体、超长表达或配额外的同概念近似项
4332,听别人说起第一次牵住喜欢的人的手，便联想到关系升温后自己的反应,31,compressed,第一次牵住喜欢的人的手,11,移除时间、地点、人物或关系模板，归并到核心概念
4333,听别人说起回忆自己的第一次心动，便联想到关系升温后自己的反应,30,deleted,,0,模板变体、超长表达或配额外的同概念近似项
4334,听别人说起发现又长一岁仍然单身，便联想到关系升温后自己的反应,30,deleted,,0,模板变体、超长表达或配额外的同概念近似项
4335,听别人说起看到室友突然宣布脱单，便联想到关系升温后自己的反应,30,deleted,,0,模板变体、超长表达或配额外的同概念近似项
4336,听别人说起告白后收到明确拒绝，便联想到关系升温后自己的反应,29,deleted,,0,模板变体、超长表达或配额外的同概念近似项
4337,听别人说起担心自己的外貌没有吸引力，便联想到关系升温后自己的反应,32,deleted,,0,模板变体、超长表达或配额外的同概念近似项
4338,听别人说起收到朋友发来的婚礼请柬，便联想到关系升温后自己的反应,31,compressed,收到朋友发来的婚礼请柬,11,移除时间、地点、人物或关系模板，归并到核心概念
4339,听别人说起在情人节准备一束玫瑰，便联想到关系升温后自己的反应,30,deleted,,0,模板变体、超长表达或配额外的同概念近似项
4340,听别人说起把心动对象称作crush，便联想到关系升温后自己的反应,32,deleted,,0,模板变体、超长表达或配额外的同概念近似项
4341,听别人说起被问以前谈过几个对象，便联想到关系升温后自己的反应,30,deleted,,0,模板变体、超长表达或配额外的同概念近似项
4342,听别人说起看见电影院里的双人座，便联想到关系升温后自己的反应,30,compressed,看见电影院里的双人座,10,移除时间、地点、人物或关系模板，归并到核心概念
4343,听别人说起把恋爱视作人生进度，便联想到关系升温后自己的反应,29,deleted,,0,模板变体、超长表达或配额外的同概念近似项
4344,听别人说起面向对象时找不到对象，便联想到关系升温后自己的反应,30,deleted,,0,模板变体、超长表达或配额外的同概念近似项
4345,雨落窗台的下午约好第二天在校门口见,17,deleted,,0,模板变体、超长表达或配额外的同概念近似项
4346,暑气未散的放学路上把对方送的小皮筋戴在手腕,21,compressed,把对方送的小皮筋戴在手腕,12,移除时间、地点、人物或关系模板，归并到核心概念
4347,暑气未散的放学路上在橡皮上刻下对方的缩写,20,compressed,在橡皮上刻下对方的缩写,11,移除时间、地点、人物或关系模板，归并到核心概念
4348,暑气未散的放学路上在礼堂散场后寻找对方,19,compressed,在礼堂散场后寻找对方,10,移除时间、地点、人物或关系模板，归并到核心概念
4349,暑气未散的放学路上一起搬运动会用的桌椅,19,compressed,一起搬运动会用的桌椅,10,移除时间、地点、人物或关系模板，归并到核心概念
4350,暑气未散的放学路上记住冬天热水杯传来的暖意,21,compressed,记住冬天热水杯传来的暖意,12,移除时间、地点、人物或关系模板，归并到核心概念
4351,暑气未散的放学路上离校前再走一遍熟悉的操场,21,compressed,离校前再走一遍熟悉的操场,12,移除时间、地点、人物或关系模板，归并到核心概念
4352,听别人说起感受到双向喜欢，便联想到关系升温后自己的反应,27,compressed,感受到双向喜欢,7,移除时间、地点、人物或关系模板，归并到核心概念
4353,听别人说起介绍身边的人是另一半，便联想到关系升温后自己的反应,30,compressed,介绍身边的人是另一半,10,移除时间、地点、人物或关系模板，归并到核心概念
4354,听别人说起把暗恋写进一封信，便联想到关系升温后自己的反应,28,deleted,,0,模板变体、超长表达或配额外的同概念近似项
4355,听别人说起邀请喜欢的人一起吃饭，便联想到关系升温后自己的反应,30,deleted,,0,模板变体、超长表达或配额外的同概念近似项
4356,听别人说起得到同意后拥抱对方，便联想到关系升温后自己的反应,29,compressed,得到同意后拥抱对方,9,移除时间、地点、人物或关系模板，归并到核心概念
4357,听别人说起谈起已经结束的上一段关系，便联想到关系升温后自己的反应,32,deleted,,0,模板变体、超长表达或配额外的同概念近似项
4358,听别人说起担心毕业前没有恋爱经历，便联想到关系升温后自己的反应,31,deleted,,0,模板变体、超长表达或配额外的同概念近似项
4359,听别人说起发现聚会里只有自己单身，便联想到关系升温后自己的反应,31,deleted,,0,模板变体、超长表达或配额外的同概念近似项
4360,听别人说起听见我们还是做朋友吧，便联想到关系升温后自己的反应,30,deleted,,0,模板变体、超长表达或配额外的同概念近似项
4361,听别人说起见喜欢的人前认真整理头发，便联想到关系升温后自己的反应,32,deleted,,0,模板变体、超长表达或配额外的同概念近似项
4362,听别人说起看见恋人交换订婚戒指，便联想到关系升温后自己的反应,30,compressed,看见恋人交换订婚戒指,10,移除时间、地点、人物或关系模板，归并到核心概念
4363,听别人说起七夕预订双人晚餐，便联想到关系升温后自己的反应,28,deleted,,0,模板变体、超长表达或配额外的同概念近似项
4364,听别人说起在朋友圈正式官宣关系，便联想到关系升温后自己的反应,30,deleted,,0,模板变体、超长表达或配额外的同概念近似项
4365,听别人说起回答自己有没有恋爱经历，便联想到关系升温后自己的反应,31,deleted,,0,模板变体、超长表达或配额外的同概念近似项
4366,听别人说起路过摆满玫瑰的花店，便联想到关系升温后自己的反应,29,compressed,路过摆满玫瑰的花店,9,移除时间、地点、人物或关系模板，归并到核心概念
4367,听别人说起担心青春缺少重要体验，便联想到关系升温后自己的反应,30,deleted,,0,模板变体、超长表达或配额外的同概念近似项
4368,听别人说起对象存储突然容量不足，便联想到关系升温后自己的反应,30,deleted,,0,模板变体、超长表达或配额外的同概念近似项
4369,雨落窗台的下午在操场看台说出喜欢,16,deleted,,0,模板变体、超长表达或配额外的同概念近似项
4370,暑气未散的放学路上认出书包上新挂的钥匙扣,20,compressed,认出书包上新挂的钥匙扣,11,移除时间、地点、人物或关系模板，归并到核心概念
4371,暑气未散的放学路上把复习资料装订得整整齐齐,21,compressed,把复习资料装订得整整齐齐,12,移除时间、地点、人物或关系模板，归并到核心概念
4372,暑气未散的放学路上沿着操场跑道陪她慢慢走,20,compressed,沿着操场跑道陪她慢慢走,11,移除时间、地点、人物或关系模板，归并到核心概念
4373,暑气未散的放学路上在社团排练后帮忙收器材,20,compressed,在社团排练后帮忙收器材,11,移除时间、地点、人物或关系模板，归并到核心概念
4374,暑气未散的放学路上等春天樱花落在她肩上,19,compressed,等春天樱花落在她肩上,10,移除时间、地点、人物或关系模板，归并到核心概念
4375,暑气未散的放学路上在校门口说出以后常联系,20,compressed,在校门口说出以后常联系,11,移除时间、地点、人物或关系模板，归并到核心概念
4376,听别人说起学会经营一段感情，便联想到关系升温后自己的反应,28,deleted,,0,模板变体、超长表达或配额外的同概念近似项
4377,听别人说起从单身状态顺利毕业，便联想到关系升温后自己的反应,29,compressed,从单身状态顺利毕业,9,移除时间、地点、人物或关系模板，归并到核心概念
4378,听别人说起试探对方是否也有好感，便联想到关系升温后自己的反应,30,deleted,,0,模板变体、超长表达或配额外的同概念近似项
4379,听别人说起挑选适合聊天的咖啡店，便联想到关系升温后自己的反应,30,deleted,,0,模板变体、超长表达或配额外的同概念近似项
4380,听别人说起在靠近前先询问意愿，便联想到关系升温后自己的反应,29,deleted,,0,模板变体、超长表达或配额外的同概念近似项
4381,听别人说起被问到过去有几次恋爱，便联想到关系升温后自己的反应,30,deleted,,0,模板变体、超长表达或配额外的同概念近似项
4382,听别人说起看着同龄人进入稳定关系，便联想到关系升温后自己的反应,31,deleted,,0,模板变体、超长表达或配额外的同概念近似项
4383,听别人说起刷到朋友晒情侣合照，便联想到关系升温后自己的反应,29,deleted,,0,模板变体、超长表达或配额外的同概念近似项
4384,听别人说起邀约连续几次没有回应，便联想到关系升温后自己的反应,30,deleted,,0,模板变体、超长表达或配额外的同概念近似项
4385,听别人说起怀疑自己不擅长聊天，便联想到关系升温后自己的反应,29,deleted,,0,模板变体、超长表达或配额外的同概念近似项
4386,听别人说起讨论以后在哪座城市生活，便联想到关系升温后自己的反应,31,compressed,讨论以后在哪座城市生活,11,移除时间、地点、人物或关系模板，归并到核心概念
4387,听别人说起在520发出含蓄告白，便联想到关系升温后自己的反应,30,deleted,,0,模板变体、超长表达或配额外的同概念近似项
4388,听别人说起和朋友一起磕一对CP，便联想到关系升温后自己的反应,30,deleted,,0,模板变体、超长表达或配额外的同概念近似项
4389,听别人说起被追问为什么一直单身，便联想到关系升温后自己的反应,30,deleted,,0,模板变体、超长表达或配额外的同概念近似项
4390,听别人说起发现饮品店推出情侣套餐，便联想到关系升温后自己的反应,31,compressed,发现饮品店推出情侣套餐,11,移除时间、地点、人物或关系模板，归并到核心概念
4391,听别人说起觉得自己落后于同龄人，便联想到关系升温后自己的反应,30,deleted,,0,模板变体、超长表达或配额外的同概念近似项
4392,听别人说起单例模式坚持保持单身，便联想到关系升温后自己的反应,30,deleted,,0,模板变体、超长表达或配额外的同概念近似项
4393,雨落窗台的下午把暗恋告诉最信任的同学,18,deleted,,0,模板变体、超长表达或配额外的同概念近似项
4394,暑气未散的放学路上留意她每天更换的发卡,19,compressed,留意她每天更换的发卡,10,移除时间、地点、人物或关系模板，归并到核心概念
4395,暑气未散的放学路上在错题本角落留下鼓励,19,compressed,在错题本角落留下鼓励,10,移除时间、地点、人物或关系模板，归并到核心概念
4396,暑气未散的放学路上在篮球场边递上一瓶水,19,compressed,在篮球场边递上一瓶水,10,移除时间、地点、人物或关系模板，归并到核心概念
4397,暑气未散的放学路上为对方的比赛偷偷加油,19,compressed,为对方的比赛偷偷加油,10,移除时间、地点、人物或关系模板，归并到核心概念
4398,暑气未散的放学路上在盛夏风扇声里偷偷心动,20,compressed,在盛夏风扇声里偷偷心动,11,移除时间、地点、人物或关系模板，归并到核心概念
4399,暑气未散的放学路上目送对方坐上不同方向的车,21,compressed,目送对方坐上不同方向的车,12,移除时间、地点、人物或关系模板，归并到核心概念
4400,听别人说起拥有可以分享日常的人，便联想到关系升温后自己的反应,30,deleted,,0,模板变体、超长表达或配额外的同概念近似项
4401,听别人说起朋友介绍了合适的人，便联想到关系升温后自己的反应,29,compressed,朋友介绍了合适的人,9,移除时间、地点、人物或关系模板，归并到核心概念
4402,听别人说起主动创造单独见面的机会，便联想到关系升温后自己的反应,31,deleted,,0,模板变体、超长表达或配额外的同概念近似项
4403,听别人说起一起看期待很久的电影，便联想到关系升温后自己的反应,30,deleted,,0,模板变体、超长表达或配额外的同概念近似项
4404,听别人说起注意到对方不舒服的信号，便联想到关系升温后自己的反应,31,deleted,,0,模板变体、超长表达或配额外的同概念近似项
4405,听别人说起发现恋爱履历仍然空白，便联想到关系升温后自己的反应,30,deleted,,0,模板变体、超长表达或配额外的同概念近似项
4406,听别人说起把生日变成脱单倒计时，便联想到关系升温后自己的反应,30,deleted,,0,模板变体、超长表达或配额外的同概念近似项
4407,听别人说起听同学讨论各自的前任，便联想到关系升温后自己的反应,30,deleted,,0,模板变体、超长表达或配额外的同概念近似项
4408,听别人说起发现对方正在逐渐疏远，便联想到关系升温后自己的反应,30,deleted,,0,模板变体、超长表达或配额外的同概念近似项
4409,听别人说起面对心动对象突然紧张，便联想到关系升温后自己的反应,30,deleted,,0,模板变体、超长表达或配额外的同概念近似项
4410,听别人说起考虑要不要带对象见父母，便联想到关系升温后自己的反应,31,compressed,考虑要不要带对象见父母,11,移除时间、地点、人物或关系模板，归并到核心概念
4411,听别人说起圣诞夜邀请喜欢的人见面，便联想到关系升温后自己的反应,31,deleted,,0,模板变体、超长表达或配额外的同概念近似项
4412,听别人说起判断彼此是否处于暧昧期，便联想到关系升温后自己的反应,31,deleted,,0,模板变体、超长表达或配额外的同概念近似项
4413,听别人说起听见什么时候脱单的问题，便联想到关系升温后自己的反应,31,deleted,,0,模板变体、超长表达或配额外的同概念近似项
4414,听别人说起看见两件并排挂着的外套，便联想到关系升温后自己的反应,31,deleted,,0,模板变体、超长表达或配额外的同概念近似项
4415,听别人说起害怕永远错过亲密关系，便联想到关系升温后自己的反应,30,deleted,,0,模板变体、超长表达或配额外的同概念近似项
4416,听别人说起配对算法开始安排相亲，便联想到关系升温后自己的反应,30,deleted,,0,模板变体、超长表达或配额外的同概念近似项
4417,雨落窗台的下午收到对方认真回应的好感,18,deleted,,0,模板变体、超长表达或配额外的同概念近似项
4418,暑气未散的放学路上记住帆布鞋踩过积水的声音,21,deleted,,0,模板变体、超长表达或配额外的同概念近似项
4419,暑气未散的放学路上用同一本练习册对答案,19,deleted,,0,模板变体、超长表达或配额外的同概念近似项
4420,暑气未散的放学路上在看台最高一排并肩坐着,20,compressed,在看台最高一排并肩坐着,11,移除时间、地点、人物或关系模板，归并到核心概念
4421,暑气未散的放学路上在班级合唱时站到她旁边,20,compressed,在班级合唱时站到她旁边,11,移除时间、地点、人物或关系模板，归并到核心概念
4422,暑气未散的放学路上看秋叶堆满放学的小路,19,deleted,,0,模板变体、超长表达或配额外的同概念近似项
4423,暑气未散的放学路上发现最后一句聊天停在毕业快乐,23,deleted,,0,模板变体、超长表达或配额外的同概念近似项
4424,听别人说起期待稳定的情感回应，便联想到关系升温后自己的反应,29,deleted,,0,模板变体、超长表达或配额外的同概念近似项
4425,听别人说起认真思考理想伴侣，便联想到关系升温后自己的反应,28,compressed,认真思考理想伴侣,8,移除时间、地点、人物或关系模板，归并到核心概念
4426,听别人说起收到别人认真的告白，便联想到关系升温后自己的反应,29,deleted,,0,模板变体、超长表达或配额外的同概念近似项
4427,听别人说起沿着安静的小路散步，便联想到关系升温后自己的反应,29,deleted,,0,模板变体、超长表达或配额外的同概念近似项
4428,听别人说起明确拒绝后立即停止，便联想到关系升温后自己的反应,29,deleted,,0,模板变体、超长表达或配额外的同概念近似项
4429,听别人说起听对方说起难忘的初恋，便联想到关系升温后自己的反应,30,deleted,,0,模板变体、超长表达或配额外的同概念近似项
4430,听别人说起害怕错过年轻时的恋爱，便联想到关系升温后自己的反应,30,deleted,,0,模板变体、超长表达或配额外的同概念近似项
4431,听别人说起参加婚礼时被问有没有对象，便联想到关系升温后自己的反应,32,deleted,,0,模板变体、超长表达或配额外的同概念近似项
4432,听别人说起接受喜欢没有得到回应，便联想到关系升温后自己的反应,30,deleted,,0,模板变体、超长表达或配额外的同概念近似项
4433,听别人说起读不懂别人释放的好感，便联想到关系升温后自己的反应,30,deleted,,0,模板变体、超长表达或配额外的同概念近似项
4434,听别人说起从恋爱走向共同生活，便联想到关系升温后自己的反应,29,compressed,从恋爱走向共同生活,9,移除时间、地点、人物或关系模板，归并到核心概念
4435,听别人说起为恋爱纪念日挑选礼物，便联想到关系升温后自己的反应,30,deleted,,0,模板变体、超长表达或配额外的同概念近似项
4436,听别人说起讨论situationship算什么关系，便联想到关系升温后自己的反应,40,deleted,,0,模板变体、超长表达或配额外的同概念近似项
4437,听别人说起解释目前有没有喜欢的人，便联想到关系升温后自己的反应,31,deleted,,0,模板变体、超长表达或配额外的同概念近似项
4438,听别人说起注意到共享耳机的两个人，便联想到关系升温后自己的反应,31,deleted,,0,模板变体、超长表达或配额外的同概念近似项
4439,听别人说起希望成为某个人的例外，便联想到关系升温后自己的反应,30,deleted,,0,模板变体、超长表达或配额外的同概念近似项
4440,听别人说起关系数据库认真维护关系，便联想到关系升温后自己的反应,31,deleted,,0,模板变体、超长表达或配额外的同概念近似项
4441,雨落窗台的下午从同桌变成互相喜欢的人,18,deleted,,0,模板变体、超长表达或配额外的同概念近似项
4442,暑气未散的放学路上看见运动服背后的班级号码,21,deleted,,0,模板变体、超长表达或配额外的同概念近似项
4443,暑气未散的放学路上把借书卡藏进喜欢的书里,20,deleted,,0,模板变体、超长表达或配额外的同概念近似项
4444,暑气未散的放学路上在体育馆门口等训练结束,20,deleted,,0,模板变体、超长表达或配额外的同概念近似项
4445,暑气未散的放学路上假装随口询问周末安排,19,deleted,,0,模板变体、超长表达或配额外的同概念近似项
4446,暑气未散的放学路上在初雪那天想和她一起走,20,deleted,,0,模板变体、超长表达或配额外的同概念近似项
4447,暑气未散的放学路上因为去往不同城市慢慢失联,21,deleted,,0,模板变体、超长表达或配额外的同概念近似项
4448,听别人说起从朋友走向恋人，便联想到关系升温后自己的反应,27,deleted,,0,模板变体、超长表达或配额外的同概念近似项
4449,听别人说起遇到愿意互相陪伴的人，便联想到关系升温后自己的反应,30,compressed,遇到愿意互相陪伴的人,10,移除时间、地点、人物或关系模板，归并到核心概念
4450,听别人说起准备一份有意义的礼物，便联想到关系升温后自己的反应,30,deleted,,0,模板变体、超长表达或配额外的同概念近似项
4451,听别人说起为两个人安排周末行程，便联想到关系升温后自己的反应,30,deleted,,0,模板变体、超长表达或配额外的同概念近似项
4452,听别人说起不把沉默误认为同意，便联想到关系升温后自己的反应,29,deleted,,0,模板变体、超长表达或配额外的同概念近似项
4453,听别人说起整理前任留下的旧物，便联想到关系升温后自己的反应,29,deleted,,0,模板变体、超长表达或配额外的同概念近似项
4454,听别人说起觉得感情进度落后别人，便联想到关系升温后自己的反应,30,deleted,,0,模板变体、超长表达或配额外的同概念近似项
4455,听别人说起看别人收到纪念日礼物，便联想到关系升温后自己的反应,30,deleted,,0,模板变体、超长表达或配额外的同概念近似项
4456,听别人说起停止追问拒绝的具体理由，便联想到关系升温后自己的反应,31,deleted,,0,模板变体、超长表达或配额外的同概念近似项
4457,听别人说起想知道有没有人喜欢自己，便联想到关系升温后自己的反应,31,deleted,,0,模板变体、超长表达或配额外的同概念近似项
4458,听别人说起规划两个人的长期未来，便联想到关系升温后自己的反应,30,deleted,,0,模板变体、超长表达或配额外的同概念近似项
4459,听别人说起零点发送周年祝福，便联想到关系升温后自己的反应,28,deleted,,0,模板变体、超长表达或配额外的同概念近似项
4460,听别人说起换上成套的情侣头像，便联想到关系升温后自己的反应,29,deleted,,0,模板变体、超长表达或配额外的同概念近似项
4461,听别人说起回答第一次恋爱是在几岁，便联想到关系升温后自己的反应,31,deleted,,0,模板变体、超长表达或配额外的同概念近似项
4462,听别人说起经过夜晚亮灯的摩天轮，便联想到关系升温后自己的反应,30,deleted,,0,模板变体、超长表达或配额外的同概念近似项
4463,听别人说起渴望获得稳定情感回应，便联想到关系升温后自己的反应,30,deleted,,0,模板变体、超长表达或配额外的同概念近似项
4464,听别人说起握手协议负责成功牵手，便联想到关系升温后自己的反应,30,deleted,,0,模板变体、超长表达或配额外的同概念近似项
4465,雨落窗台的下午在班级起哄中偷偷脸红,17,deleted,,0,模板变体、超长表达或配额外的同概念近似项
4466,暑气未散的放学路上注意到对方紧张时攥住衣角,21,deleted,,0,模板变体、超长表达或配额外的同概念近似项
4467,暑气未散的放学路上用值日表制造一起留下的机会,22,deleted,,0,模板变体、超长表达或配额外的同概念近似项
4468,暑气未散的放学路上沿林荫道推着自行车同行,20,deleted,,0,模板变体、超长表达或配额外的同概念近似项
4469,暑气未散的放学路上把好笑的事情第一个告诉她,21,deleted,,0,模板变体、超长表达或配额外的同概念近似项
4470,暑气未散的放学路上记住六月毕业季的闷热,19,deleted,,0,模板变体、超长表达或配额外的同概念近似项
4471,暑气未散的放学路上多年后翻到泛黄的毕业照,20,deleted,,0,模板变体、超长表达或配额外的同概念近似项
4472,听别人说起认真讨论彼此的需要，便联想到关系升温后自己的反应,29,deleted,,0,模板变体、超长表达或配额外的同概念近似项
4473,听别人说起开始主动扩大社交圈，便联想到关系升温后自己的反应,29,compressed,开始主动扩大社交圈,9,移除时间、地点、人物或关系模板，归并到核心概念
4474,听别人说起请朋友帮忙判断好感信号，便联想到关系升温后自己的反应,31,deleted,,0,模板变体、超长表达或配额外的同概念近似项
4475,听别人说起见面前认真选择穿搭，便联想到关系升温后自己的反应,29,deleted,,0,模板变体、超长表达或配额外的同概念近似项
4476,听别人说起共同商量可以接受的边界，便联想到关系升温后自己的反应,31,deleted,,0,模板变体、超长表达或配额外的同概念近似项
4477,听别人说起思考过去关系里的问题，便联想到关系升温后自己的反应,30,deleted,,0,模板变体、超长表达或配额外的同概念近似项
4478,听别人说起工作以后才开始学习约会，便联想到关系升温后自己的反应,31,deleted,,0,模板变体、超长表达或配额外的同概念近似项
4479,听别人说起发现朋友周末都去约会，便联想到关系升温后自己的反应,30,deleted,,0,模板变体、超长表达或配额外的同概念近似项
4480,听别人说起被拒绝后不再继续打扰，便联想到关系升温后自己的反应,30,deleted,,0,模板变体、超长表达或配额外的同概念近似项
4481,听别人说起把异性缘归因于颜值，便联想到关系升温后自己的反应,29,deleted,,0,模板变体、超长表达或配额外的同概念近似项
4482,听别人说起被家人追问什么时候结婚，便联想到关系升温后自己的反应,31,deleted,,0,模板变体、超长表达或配额外的同概念近似项
4483,听别人说起看见街边摆满情侣商品，便联想到关系升温后自己的反应,30,deleted,,0,模板变体、超长表达或配额外的同概念近似项
4484,听别人说起每天给对方分享短视频，便联想到关系升温后自己的反应,30,deleted,,0,模板变体、超长表达或配额外的同概念近似项
4485,听别人说起被问最长一段关系多久，便联想到关系升温后自己的反应,30,deleted,,0,模板变体、超长表达或配额外的同概念近似项
4486,听别人说起看到桌上放着两张电影票，便联想到关系升温后自己的反应,31,deleted,,0,模板变体、超长表达或配额外的同概念近似项
4487,听别人说起学习不靠伴侣定义完整，便联想到关系升温后自己的反应,30,deleted,,0,模板变体、超长表达或配额外的同概念近似项
4488,听别人说起线程脱单后进入双线程，便联想到关系升温后自己的反应,30,deleted,,0,模板变体、超长表达或配额外的同概念近似项
4489,雨落窗台的下午交换只有两个人懂的暗号,18,deleted,,0,模板变体、超长表达或配额外的同概念近似项
4490,暑气未散的放学路上记住少年骑车时鼓起的衣摆,21,deleted,,0,模板变体、超长表达或配额外的同概念近似项
4491,暑气未散的放学路上在课程表上圈出共同的空课,21,deleted,,0,模板变体、超长表达或配额外的同概念近似项
4492,暑气未散的放学路上在校门口犹豫要不要告别,20,deleted,,0,模板变体、超长表达或配额外的同概念近似项
4493,暑气未散的放学路上聊天时等对方收拾完书包,20,deleted,,0,模板变体、超长表达或配额外的同概念近似项
4494,暑气未散的放学路上在傍晚风里听见校服摩擦声,21,deleted,,0,模板变体、超长表达或配额外的同概念近似项
4495,暑气未散的放学路上重回母校时寻找当年的座位,21,deleted,,0,模板变体、超长表达或配额外的同概念近似项
4496,听别人说起发现关系正在升温，便联想到关系升温后自己的反应,28,deleted,,0,模板变体、超长表达或配额外的同概念近似项
4497,听别人说起期待有人一起规划周末，便联想到关系升温后自己的反应,30,compressed,期待有人一起规划周末,10,移除时间、地点、人物或关系模板，归并到核心概念
4498,听别人说起决定不再隐藏真实心意，便联想到关系升温后自己的反应,30,deleted,,0,模板变体、超长表达或配额外的同概念近似项
4499,听别人说起约会结束后舍不得分别，便联想到关系升温后自己的反应,30,deleted,,0,模板变体、超长表达或配额外的同概念近似项
4500,听别人说起为越界接触认真道歉，便联想到关系升温后自己的反应,29,deleted,,0,模板变体、超长表达或配额外的同概念近似项
4501,听别人说起接受曾经喜欢的人已走远，便联想到关系升温后自己的反应,31,deleted,,0,模板变体、超长表达或配额外的同概念近似项
4502,听别人说起怀疑现在恋爱是否太晚，便联想到关系升温后自己的反应,30,deleted,,0,模板变体、超长表达或配额外的同概念近似项
4503,听别人说起听见同龄人开始谈婚论嫁，便联想到关系升温后自己的反应,31,deleted,,0,模板变体、超长表达或配额外的同概念近似项
4504,听别人说起重新建立交往边界，便联想到关系升温后自己的反应,28,deleted,,0,模板变体、超长表达或配额外的同概念近似项
4505,听别人说起学习更坦诚地表达感受，便联想到关系升温后自己的反应,30,deleted,,0,模板变体、超长表达或配额外的同概念近似项
4506,听别人说起参加同学婚礼独自坐一桌，便联想到关系升温后自己的反应,31,deleted,,0,模板变体、超长表达或配额外的同概念近似项
4507,听别人说起独自度过恋爱主题节日，便联想到关系升温后自己的反应,30,deleted,,0,模板变体、超长表达或配额外的同概念近似项
4508,听别人说起把重要聊天设置为置顶，便联想到关系升温后自己的反应,30,deleted,,0,模板变体、超长表达或配额外的同概念近似项
4509,听别人说起猜测今年是否能够脱单，便联想到关系升温后自己的反应,30,deleted,,0,模板变体、超长表达或配额外的同概念近似项
4510,听别人说起发现相册里只有单人照片，便联想到关系升温后自己的反应,31,deleted,,0,模板变体、超长表达或配额外的同概念近似项
4511,听别人说起接受每个人节奏不同，便联想到关系升温后自己的反应,29,deleted,,0,模板变体、超长表达或配额外的同概念近似项
4512,听别人说起空对象拒绝返回女朋友，便联想到关系升温后自己的反应,30,deleted,,0,模板变体、超长表达或配额外的同概念近似项
4513,雨落窗台的下午第一次用恋人的身份说晚安,19,deleted,,0,模板变体、超长表达或配额外的同概念近似项
4514,暑气未散的放学路上发现镜片后躲闪的目光,19,deleted,,0,模板变体、超长表达或配额外的同概念近似项
4515,暑气未散的放学路上用广播点歌传递含蓄心意,20,deleted,,0,模板变体、超长表达或配额外的同概念近似项
4516,暑气未散的放学路上在公交站陪对方等车,18,deleted,,0,模板变体、超长表达或配额外的同概念近似项
4517,暑气未散的放学路上看见她睡着后压低说话声音,21,deleted,,0,模板变体、超长表达或配额外的同概念近似项
4518,暑气未散的放学路上尝到小卖部冰汽水的甜味,20,deleted,,0,模板变体、超长表达或配额外的同概念近似项
4519,暑气未散的放学路上听见校歌突然想起喜欢的人,21,deleted,,0,模板变体、超长表达或配额外的同概念近似项
4520,听别人说起体验被人惦记的感觉，便联想到关系升温后自己的反应,29,deleted,,0,模板变体、超长表达或配额外的同概念近似项
4521,听别人说起不再独自参加朋友聚会，便联想到关系升温后自己的反应,30,deleted,,0,模板变体、超长表达或配额外的同概念近似项
4522,听别人说起尊重对方对追求的回应，便联想到关系升温后自己的反应,30,deleted,,0,模板变体、超长表达或配额外的同概念近似项
4523,听别人说起等待对方发来安全到家，便联想到关系升温后自己的反应,30,deleted,,0,模板变体、超长表达或配额外的同概念近似项
4524,听别人说起尊重对方改变主意，便联想到关系升温后自己的反应,28,deleted,,0,模板变体、超长表达或配额外的同概念近似项
4525,听别人说起意识到自己从没被表白，便联想到关系升温后自己的反应,30,deleted,,0,模板变体、超长表达或配额外的同概念近似项
4526,听别人说起计算自己单身了多少年，便联想到关系升温后自己的反应,30,deleted,,0,模板变体、超长表达或配额外的同概念近似项
4527,听别人说起把自己的经历和别人比较，便联想到关系升温后自己的反应,31,deleted,,0,模板变体、超长表达或配额外的同概念近似项
4528,听别人说起删除没有发出的解释消息，便联想到关系升温后自己的反应,31,deleted,,0,模板变体、超长表达或配额外的同概念近似项
4529,听别人说起不再靠恋爱证明个人价值，便联想到关系升温后自己的反应,31,deleted,,0,模板变体、超长表达或配额外的同概念近似项
4530,听别人说起听见别人叫彼此老公老婆，便联想到关系升温后自己的反应,31,deleted,,0,模板变体、超长表达或配额外的同概念近似项
4531,听别人说起收到平台推送的情侣套餐，便联想到关系升温后自己的反应,31,deleted,,0,模板变体、超长表达或配额外的同概念近似项
4532,听别人说起从线上聊天走到线下见面，便联想到关系升温后自己的反应,31,deleted,,0,模板变体、超长表达或配额外的同概念近似项
4533,听别人说起面对她是不是你女朋友的追问，便联想到关系升温后自己的反应,33,deleted,,0,模板变体、超长表达或配额外的同概念近似项
4534,听别人说起收到适合约会的地点推荐，便联想到关系升温后自己的反应,31,deleted,,0,模板变体、超长表达或配额外的同概念近似项
4535,听别人说起允许遗憾留在过去，便联想到关系升温后自己的反应,28,deleted,,0,模板变体、超长表达或配额外的同概念近似项
4536,听别人说起恋爱脑被当作神经网络，便联想到关系升温后自己的反应,30,deleted,,0,模板变体、超长表达或配额外的同概念近似项
4537,雨落窗台的下午约定毕业以后也继续联系,18,deleted,,0,模板变体、超长表达或配额外的同概念近似项
4538,暑气未散的放学路上在人群中认出那双熟悉的球鞋,22,deleted,,0,模板变体、超长表达或配额外的同概念近似项
4539,暑气未散的放学路上约定用窗台上的水杯当暗号,21,deleted,,0,模板变体、超长表达或配额外的同概念近似项
4540,暑气未散的放学路上绕远路走过两个人常走的小巷,22,deleted,,0,模板变体、超长表达或配额外的同概念近似项
4541,暑气未散的放学路上把最后一颗糖留给喜欢的人,21,deleted,,0,模板变体、超长表达或配额外的同概念近似项
4542,暑气未散的放学路上记住她经过时淡淡的洗衣粉香,22,deleted,,0,模板变体、超长表达或配额外的同概念近似项
4543,暑气未散的放学路上意识到那次挥手已经是最后一面,23,deleted,,0,模板变体、超长表达或配额外的同概念近似项
4544,听别人说起允许恋爱自然发生，便联想到关系升温后自己的反应,28,deleted,,0,模板变体、超长表达或配额外的同概念近似项
4545,听别人说起寻找能够长期相处的人，便联想到关系升温后自己的反应,30,deleted,,0,模板变体、超长表达或配额外的同概念近似项
4546,听别人说起把模糊关系说清楚，便联想到关系升温后自己的反应,28,deleted,,0,模板变体、超长表达或配额外的同概念近似项
4547,听别人说起期待下一次单独见面，便联想到关系升温后自己的反应,29,deleted,,0,模板变体、超长表达或配额外的同概念近似项
4548,听别人说起在安全感中逐渐靠近，便联想到关系升温后自己的反应,29,deleted,,0,模板变体、超长表达或配额外的同概念近似项
4549,听别人说起不再用经历数量评价自己，便联想到关系升温后自己的反应,31,deleted,,0,模板变体、超长表达或配额外的同概念近似项
4550,听别人说起提醒自己没有统一人生时钟，便联想到关系升温后自己的反应,32,deleted,,0,模板变体、超长表达或配额外的同概念近似项
4551,听别人说起提醒自己不必追赶他人进度，便联想到关系升温后自己的反应,32,deleted,,0,模板变体、超长表达或配额外的同概念近似项
4552,听别人说起把没有回复也视作答案，便联想到关系升温后自己的反应,30,deleted,,0,模板变体、超长表达或配额外的同概念近似项
4553,听别人说起相信自己也值得被选择，便联想到关系升温后自己的反应,30,deleted,,0,模板变体、超长表达或配额外的同概念近似项
4554,听别人说起还没有对象就开始被催婚，便联想到关系升温后自己的反应,31,deleted,,0,模板变体、超长表达或配额外的同概念近似项
4555,听别人说起跨年倒数时想起喜欢的人，便联想到关系升温后自己的反应,31,deleted,,0,模板变体、超长表达或配额外的同概念近似项
4556,听别人说起因为断联猜测关系是否结束，便联想到关系升温后自己的反应,32,deleted,,0,模板变体、超长表达或配额外的同概念近似项
4557,听别人说起拒绝回答过度私人的感情问题，便联想到关系升温后自己的反应,33,deleted,,0,模板变体、超长表达或配额外的同概念近似项
4558,听别人说起看见副驾驶放着一束花，便联想到关系升温后自己的反应,30,deleted,,0,模板变体、超长表达或配额外的同概念近似项
4559,听别人说起相信未来仍会建立连接，便联想到关系升温后自己的反应,30,deleted,,0,模板变体、超长表达或配额外的同概念近似项
4560,听别人说起朋友圈在图论里形成闭环，便联想到关系升温后自己的反应,31,deleted,,0,模板变体、超长表达或配额外的同概念近似项
4561,暑气未散的放学路上和喜欢的人隔着课桌对视,20,deleted,,0,模板变体、超长表达或配额外的同概念近似项
4562,毕业倒计时里风吹起她额前的刘海,15,compressed,风吹起她额前的刘海,9,移除时间、地点、人物或关系模板，归并到核心概念
4563,毕业倒计时里递来一张折好的小纸条,16,compressed,递来一张折好的小纸条,10,移除时间、地点、人物或关系模板，归并到核心概念
4564,毕业倒计时里在靠窗的座位等她出现,16,compressed,在靠窗的座位等她出现,10,移除时间、地点、人物或关系模板，归并到核心概念
4565,毕业倒计时里把课堂笔记借给喜欢的人,17,compressed,把课堂笔记借给喜欢的人,11,移除时间、地点、人物或关系模板，归并到核心概念
4566,毕业倒计时里听见窗外一阵很长的蝉鸣,17,compressed,听见窗外一阵很长的蝉鸣,11,移除时间、地点、人物或关系模板，归并到核心概念
4567,毕业倒计时里在毕业册上写下一句祝福,17,compressed,在毕业册上写下一句祝福,11,移除时间、地点、人物或关系模板，归并到核心概念
4568,听别人说起第一次确认恋爱关系，便联想到朋友突然问起时自己的反应,31,compressed,第一次确认恋爱关系,9,移除时间、地点、人物或关系模板，归并到核心概念
4569,听别人说起终于有了稳定对象，便联想到朋友突然问起时自己的反应,30,compressed,终于有了稳定对象,8,移除时间、地点、人物或关系模板，归并到核心概念
4570,听别人说起鼓起勇气说出喜欢，便联想到朋友突然问起时自己的反应,30,deleted,,0,模板变体、超长表达或配额外的同概念近似项
4571,听别人说起计划第一次正式约会，便联想到朋友突然问起时自己的反应,31,deleted,,0,模板变体、超长表达或配额外的同概念近似项
4572,听别人说起第一次牵住喜欢的人的手，便联想到朋友突然问起时自己的反应,33,compressed,第一次牵住喜欢的人的手,11,移除时间、地点、人物或关系模板，归并到核心概念
4573,听别人说起回忆自己的第一次心动，便联想到朋友突然问起时自己的反应,32,deleted,,0,模板变体、超长表达或配额外的同概念近似项
4574,听别人说起发现又长一岁仍然单身，便联想到朋友突然问起时自己的反应,32,deleted,,0,模板变体、超长表达或配额外的同概念近似项
4575,听别人说起看到室友突然宣布脱单，便联想到朋友突然问起时自己的反应,32,deleted,,0,模板变体、超长表达或配额外的同概念近似项
4576,听别人说起告白后收到明确拒绝，便联想到朋友突然问起时自己的反应,31,deleted,,0,模板变体、超长表达或配额外的同概念近似项
4577,听别人说起担心自己的外貌没有吸引力，便联想到朋友突然问起时自己的反应,34,deleted,,0,模板变体、超长表达或配额外的同概念近似项
4578,听别人说起收到朋友发来的婚礼请柬，便联想到朋友突然问起时自己的反应,33,compressed,收到朋友发来的婚礼请柬,11,移除时间、地点、人物或关系模板，归并到核心概念
4579,听别人说起在情人节准备一束玫瑰，便联想到朋友突然问起时自己的反应,32,deleted,,0,模板变体、超长表达或配额外的同概念近似项
4580,听别人说起把心动对象称作crush，便联想到朋友突然问起时自己的反应,34,deleted,,0,模板变体、超长表达或配额外的同概念近似项
4581,听别人说起被问以前谈过几个对象，便联想到朋友突然问起时自己的反应,32,deleted,,0,模板变体、超长表达或配额外的同概念近似项
4582,听别人说起看见电影院里的双人座，便联想到朋友突然问起时自己的反应,32,compressed,看见电影院里的双人座,10,移除时间、地点、人物或关系模板，归并到核心概念
4583,听别人说起把恋爱视作人生进度，便联想到朋友突然问起时自己的反应,31,deleted,,0,模板变体、超长表达或配额外的同概念近似项
4584,听别人说起面向对象时找不到对象，便联想到朋友突然问起时自己的反应,32,deleted,,0,模板变体、超长表达或配额外的同概念近似项
4585,暑气未散的放学路上发现同桌悄悄看向自己,19,deleted,,0,模板变体、超长表达或配额外的同概念近似项
4586,毕业倒计时里看见她把刘海别到耳后,16,compressed,看见她把刘海别到耳后,10,移除时间、地点、人物或关系模板，归并到核心概念
4587,毕业倒计时里在纸条背面写下回复,15,compressed,在纸条背面写下回复,9,移除时间、地点、人物或关系模板，归并到核心概念
4588,毕业倒计时里经过对方班级的教室门口,17,compressed,经过对方班级的教室门口,11,移除时间、地点、人物或关系模板，归并到核心概念
4589,毕业倒计时里耐心讲一道做错的题,15,compressed,耐心讲一道做错的题,9,移除时间、地点、人物或关系模板，归并到核心概念
4590,毕业倒计时里听见下课铃盖过没说完的话,18,compressed,听见下课铃盖过没说完的话,12,移除时间、地点、人物或关系模板，归并到核心概念
4591,毕业倒计时里把同学录最后一页留给她,17,compressed,把同学录最后一页留给她,11,移除时间、地点、人物或关系模板，归并到核心概念
4592,听别人说起感受到双向喜欢，便联想到朋友突然问起时自己的反应,29,compressed,感受到双向喜欢,7,移除时间、地点、人物或关系模板，归并到核心概念
4593,听别人说起介绍身边的人是另一半，便联想到朋友突然问起时自己的反应,32,compressed,介绍身边的人是另一半,10,移除时间、地点、人物或关系模板，归并到核心概念
4594,听别人说起把暗恋写进一封信，便联想到朋友突然问起时自己的反应,30,deleted,,0,模板变体、超长表达或配额外的同概念近似项
4595,听别人说起邀请喜欢的人一起吃饭，便联想到朋友突然问起时自己的反应,32,deleted,,0,模板变体、超长表达或配额外的同概念近似项
4596,听别人说起得到同意后拥抱对方，便联想到朋友突然问起时自己的反应,31,compressed,得到同意后拥抱对方,9,移除时间、地点、人物或关系模板，归并到核心概念
4597,听别人说起谈起已经结束的上一段关系，便联想到朋友突然问起时自己的反应,34,deleted,,0,模板变体、超长表达或配额外的同概念近似项
4598,听别人说起担心毕业前没有恋爱经历，便联想到朋友突然问起时自己的反应,33,deleted,,0,模板变体、超长表达或配额外的同概念近似项
4599,听别人说起发现聚会里只有自己单身，便联想到朋友突然问起时自己的反应,33,deleted,,0,模板变体、超长表达或配额外的同概念近似项
4600,听别人说起听见我们还是做朋友吧，便联想到朋友突然问起时自己的反应,32,deleted,,0,模板变体、超长表达或配额外的同概念近似项
4601,听别人说起见喜欢的人前认真整理头发，便联想到朋友突然问起时自己的反应,34,deleted,,0,模板变体、超长表达或配额外的同概念近似项
4602,听别人说起看见恋人交换订婚戒指，便联想到朋友突然问起时自己的反应,32,compressed,看见恋人交换订婚戒指,10,移除时间、地点、人物或关系模板，归并到核心概念
4603,听别人说起七夕预订双人晚餐，便联想到朋友突然问起时自己的反应,30,deleted,,0,模板变体、超长表达或配额外的同概念近似项
4604,听别人说起在朋友圈正式官宣关系，便联想到朋友突然问起时自己的反应,32,deleted,,0,模板变体、超长表达或配额外的同概念近似项
4605,听别人说起回答自己有没有恋爱经历，便联想到朋友突然问起时自己的反应,33,deleted,,0,模板变体、超长表达或配额外的同概念近似项
4606,听别人说起路过摆满玫瑰的花店，便联想到朋友突然问起时自己的反应,31,compressed,路过摆满玫瑰的花店,9,移除时间、地点、人物或关系模板，归并到核心概念
4607,听别人说起担心青春缺少重要体验，便联想到朋友突然问起时自己的反应,32,deleted,,0,模板变体、超长表达或配额外的同概念近似项
4608,听别人说起对象存储突然容量不足，便联想到朋友突然问起时自己的反应,32,deleted,,0,模板变体、超长表达或配额外的同概念近似项
4609,暑气未散的放学路上把喜欢藏在课堂笔记里,19,deleted,,0,模板变体、超长表达或配额外的同概念近似项
4610,毕业倒计时里注意到阳光落在她的发梢,17,compressed,注意到阳光落在她的发梢,11,移除时间、地点、人物或关系模板，归并到核心概念
4611,毕业倒计时里把没送出的情书夹进书里,17,compressed,把没送出的情书夹进书里,11,移除时间、地点、人物或关系模板，归并到核心概念
4612,毕业倒计时里在空教室里多停留一会儿,17,compressed,在空教室里多停留一会儿,11,移除时间、地点、人物或关系模板，归并到核心概念
4613,毕业倒计时里一起背诵第二天要抽查的课文,19,deleted,,0,模板变体、超长表达或配额外的同概念近似项
4614,毕业倒计时里记住篮球落地的回声,15,compressed,记住篮球落地的回声,9,移除时间、地点、人物或关系模板，归并到核心概念
4615,毕业倒计时里在毕业照里悄悄站得更近,17,compressed,在毕业照里悄悄站得更近,11,移除时间、地点、人物或关系模板，归并到核心概念
4616,听别人说起学会经营一段感情，便联想到朋友突然问起时自己的反应,30,deleted,,0,模板变体、超长表达或配额外的同概念近似项
4617,听别人说起从单身状态顺利毕业，便联想到朋友突然问起时自己的反应,31,compressed,从单身状态顺利毕业,9,移除时间、地点、人物或关系模板，归并到核心概念
4618,听别人说起试探对方是否也有好感，便联想到朋友突然问起时自己的反应,32,deleted,,0,模板变体、超长表达或配额外的同概念近似项
4619,听别人说起挑选适合聊天的咖啡店，便联想到朋友突然问起时自己的反应,32,deleted,,0,模板变体、超长表达或配额外的同概念近似项
4620,听别人说起在靠近前先询问意愿，便联想到朋友突然问起时自己的反应,31,deleted,,0,模板变体、超长表达或配额外的同概念近似项
4621,听别人说起被问到过去有几次恋爱，便联想到朋友突然问起时自己的反应,32,deleted,,0,模板变体、超长表达或配额外的同概念近似项
4622,听别人说起看着同龄人进入稳定关系，便联想到朋友突然问起时自己的反应,33,deleted,,0,模板变体、超长表达或配额外的同概念近似项
4623,听别人说起刷到朋友晒情侣合照，便联想到朋友突然问起时自己的反应,31,deleted,,0,模板变体、超长表达或配额外的同概念近似项
4624,听别人说起邀约连续几次没有回应，便联想到朋友突然问起时自己的反应,32,deleted,,0,模板变体、超长表达或配额外的同概念近似项
4625,听别人说起怀疑自己不擅长聊天，便联想到朋友突然问起时自己的反应,31,deleted,,0,模板变体、超长表达或配额外的同概念近似项
4626,听别人说起讨论以后在哪座城市生活，便联想到朋友突然问起时自己的反应,33,compressed,讨论以后在哪座城市生活,11,移除时间、地点、人物或关系模板，归并到核心概念
4627,听别人说起在520发出含蓄告白，便联想到朋友突然问起时自己的反应,32,deleted,,0,模板变体、超长表达或配额外的同概念近似项
4628,听别人说起和朋友一起磕一对CP，便联想到朋友突然问起时自己的反应,32,deleted,,0,模板变体、超长表达或配额外的同概念近似项
4629,听别人说起被追问为什么一直单身，便联想到朋友突然问起时自己的反应,32,deleted,,0,模板变体、超长表达或配额外的同概念近似项
4630,听别人说起发现饮品店推出情侣套餐，便联想到朋友突然问起时自己的反应,33,compressed,发现饮品店推出情侣套餐,11,移除时间、地点、人物或关系模板，归并到核心概念
4631,听别人说起觉得自己落后于同龄人，便联想到朋友突然问起时自己的反应,32,deleted,,0,模板变体、超长表达或配额外的同概念近似项
4632,听别人说起单例模式坚持保持单身，便联想到朋友突然问起时自己的反应,32,deleted,,0,模板变体、超长表达或配额外的同概念近似项
4633,暑气未散的放学路上借讲题的机会坐得更近,19,deleted,,0,模板变体、超长表达或配额外的同概念近似项
4634,毕业倒计时里记住她低头笑时的酒窝,16,compressed,记住她低头笑时的酒窝,10,移除时间、地点、人物或关系模板，归并到核心概念
4635,毕业倒计时里收到一封没有署名的情书,17,compressed,收到一封没有署名的情书,11,移除时间、地点、人物或关系模板，归并到核心概念
4636,毕业倒计时里从教学楼走廊远远看见她,17,compressed,从教学楼走廊远远看见她,11,移除时间、地点、人物或关系模板，归并到核心概念
4637,毕业倒计时里互相检查听写答案,14,compressed,互相检查听写答案,8,移除时间、地点、人物或关系模板，归并到核心概念
4638,毕业倒计时里听见广播里放过的那首歌,17,compressed,听见广播里放过的那首歌,11,移除时间、地点、人物或关系模板，归并到核心概念
4639,毕业倒计时里在校服背面签下名字,15,compressed,在校服背面签下名字,9,移除时间、地点、人物或关系模板，归并到核心概念
4640,听别人说起拥有可以分享日常的人，便联想到朋友突然问起时自己的反应,32,deleted,,0,模板变体、超长表达或配额外的同概念近似项
4641,听别人说起朋友介绍了合适的人，便联想到朋友突然问起时自己的反应,31,compressed,朋友介绍了合适的人,9,移除时间、地点、人物或关系模板，归并到核心概念
4642,听别人说起主动创造单独见面的机会，便联想到朋友突然问起时自己的反应,33,deleted,,0,模板变体、超长表达或配额外的同概念近似项
4643,听别人说起一起看期待很久的电影，便联想到朋友突然问起时自己的反应,32,deleted,,0,模板变体、超长表达或配额外的同概念近似项
4644,听别人说起注意到对方不舒服的信号，便联想到朋友突然问起时自己的反应,33,deleted,,0,模板变体、超长表达或配额外的同概念近似项
4645,听别人说起发现恋爱履历仍然空白，便联想到朋友突然问起时自己的反应,32,deleted,,0,模板变体、超长表达或配额外的同概念近似项
4646,听别人说起把生日变成脱单倒计时，便联想到朋友突然问起时自己的反应,32,deleted,,0,模板变体、超长表达或配额外的同概念近似项
4647,听别人说起听同学讨论各自的前任，便联想到朋友突然问起时自己的反应,32,deleted,,0,模板变体、超长表达或配额外的同概念近似项
4648,听别人说起发现对方正在逐渐疏远，便联想到朋友突然问起时自己的反应,32,deleted,,0,模板变体、超长表达或配额外的同概念近似项
4649,听别人说起面对心动对象突然紧张，便联想到朋友突然问起时自己的反应,32,deleted,,0,模板变体、超长表达或配额外的同概念近似项
4650,听别人说起考虑要不要带对象见父母，便联想到朋友突然问起时自己的反应,33,compressed,考虑要不要带对象见父母,11,移除时间、地点、人物或关系模板，归并到核心概念
4651,听别人说起圣诞夜邀请喜欢的人见面，便联想到朋友突然问起时自己的反应,33,deleted,,0,模板变体、超长表达或配额外的同概念近似项
4652,听别人说起判断彼此是否处于暧昧期，便联想到朋友突然问起时自己的反应,33,deleted,,0,模板变体、超长表达或配额外的同概念近似项
4653,听别人说起听见什么时候脱单的问题，便联想到朋友突然问起时自己的反应,33,deleted,,0,模板变体、超长表达或配额外的同概念近似项
4654,听别人说起看见两件并排挂着的外套，便联想到朋友突然问起时自己的反应,33,deleted,,0,模板变体、超长表达或配额外的同概念近似项
4655,听别人说起害怕永远错过亲密关系，便联想到朋友突然问起时自己的反应,32,deleted,,0,模板变体、超长表达或配额外的同概念近似项
4656,听别人说起配对算法开始安排相亲，便联想到朋友突然问起时自己的反应,32,deleted,,0,模板变体、超长表达或配额外的同概念近似项
4657,暑气未散的放学路上在走廊等喜欢的人经过,19,deleted,,0,模板变体、超长表达或配额外的同概念近似项
4658,毕业倒计时里发现她见面前认真扎好头发,18,compressed,发现她见面前认真扎好头发,12,移除时间、地点、人物或关系模板，归并到核心概念
4659,毕业倒计时里在便利贴上画一颗小心心,17,compressed,在便利贴上画一颗小心心,11,移除时间、地点、人物或关系模板，归并到核心概念
4660,毕业倒计时里在楼梯转角意外遇见喜欢的人,19,deleted,,0,模板变体、超长表达或配额外的同概念近似项
4661,毕业倒计时里替对方保管暂时没收的手机,18,compressed,替对方保管暂时没收的手机,12,移除时间、地点、人物或关系模板，归并到核心概念
4662,毕业倒计时里看见晨光落在她的课桌上,17,compressed,看见晨光落在她的课桌上,11,移除时间、地点、人物或关系模板，归并到核心概念
4663,毕业倒计时里把没送出的情书带回家,16,compressed,把没送出的情书带回家,10,移除时间、地点、人物或关系模板，归并到核心概念
4664,听别人说起期待稳定的情感回应，便联想到朋友突然问起时自己的反应,31,deleted,,0,模板变体、超长表达或配额外的同概念近似项
4665,听别人说起认真思考理想伴侣，便联想到朋友突然问起时自己的反应,30,compressed,认真思考理想伴侣,8,移除时间、地点、人物或关系模板，归并到核心概念
4666,听别人说起收到别人认真的告白，便联想到朋友突然问起时自己的反应,31,deleted,,0,模板变体、超长表达或配额外的同概念近似项
4667,听别人说起沿着安静的小路散步，便联想到朋友突然问起时自己的反应,31,deleted,,0,模板变体、超长表达或配额外的同概念近似项
4668,听别人说起明确拒绝后立即停止，便联想到朋友突然问起时自己的反应,31,deleted,,0,模板变体、超长表达或配额外的同概念近似项
4669,听别人说起听对方说起难忘的初恋，便联想到朋友突然问起时自己的反应,32,deleted,,0,模板变体、超长表达或配额外的同概念近似项
4670,听别人说起害怕错过年轻时的恋爱，便联想到朋友突然问起时自己的反应,32,deleted,,0,模板变体、超长表达或配额外的同概念近似项
4671,听别人说起参加婚礼时被问有没有对象，便联想到朋友突然问起时自己的反应,34,deleted,,0,模板变体、超长表达或配额外的同概念近似项
4672,听别人说起接受喜欢没有得到回应，便联想到朋友突然问起时自己的反应,32,deleted,,0,模板变体、超长表达或配额外的同概念近似项
4673,听别人说起读不懂别人释放的好感，便联想到朋友突然问起时自己的反应,32,deleted,,0,模板变体、超长表达或配额外的同概念近似项
4674,听别人说起从恋爱走向共同生活，便联想到朋友突然问起时自己的反应,31,compressed,从恋爱走向共同生活,9,移除时间、地点、人物或关系模板，归并到核心概念
4675,听别人说起为恋爱纪念日挑选礼物，便联想到朋友突然问起时自己的反应,32,deleted,,0,模板变体、超长表达或配额外的同概念近似项
4676,听别人说起讨论situationship算什么关系，便联想到朋友突然问起时自己的反应,42,deleted,,0,模板变体、超长表达或配额外的同概念近似项
4677,听别人说起解释目前有没有喜欢的人，便联想到朋友突然问起时自己的反应,33,deleted,,0,模板变体、超长表达或配额外的同概念近似项
4678,听别人说起注意到共享耳机的两个人，便联想到朋友突然问起时自己的反应,33,deleted,,0,模板变体、超长表达或配额外的同概念近似项
4679,听别人说起希望成为某个人的例外，便联想到朋友突然问起时自己的反应,32,deleted,,0,模板变体、超长表达或配额外的同概念近似项
4680,听别人说起关系数据库认真维护关系，便联想到朋友突然问起时自己的反应,33,deleted,,0,模板变体、超长表达或配额外的同概念近似项
4681,暑气未散的放学路上课间绕路去隔壁班门口,19,deleted,,0,模板变体、超长表达或配额外的同概念近似项
4682,毕业倒计时里看见她穿着宽大的校服外套,18,compressed,看见她穿着宽大的校服外套,12,移除时间、地点、人物或关系模板，归并到核心概念
4683,毕业倒计时里把名字写在同一张草稿纸上,18,compressed,把名字写在同一张草稿纸上,12,移除时间、地点、人物或关系模板，归并到核心概念
4684,毕业倒计时里绕路经过她常去的饮水机,17,compressed,绕路经过她常去的饮水机,11,移除时间、地点、人物或关系模板，归并到核心概念
4685,毕业倒计时里给趴在桌上的人留一盒牛奶,18,compressed,给趴在桌上的人留一盒牛奶,12,移除时间、地点、人物或关系模板，归并到核心概念
4686,毕业倒计时里看见晚霞穿过教学楼窗户,17,compressed,看见晚霞穿过教学楼窗户,11,移除时间、地点、人物或关系模板，归并到核心概念
4687,毕业倒计时里错过毕业前最后一次告白,17,compressed,错过毕业前最后一次告白,11,移除时间、地点、人物或关系模板，归并到核心概念
4688,听别人说起从朋友走向恋人，便联想到朋友突然问起时自己的反应,29,deleted,,0,模板变体、超长表达或配额外的同概念近似项
4689,听别人说起遇到愿意互相陪伴的人，便联想到朋友突然问起时自己的反应,32,compressed,遇到愿意互相陪伴的人,10,移除时间、地点、人物或关系模板，归并到核心概念
4690,听别人说起准备一份有意义的礼物，便联想到朋友突然问起时自己的反应,32,deleted,,0,模板变体、超长表达或配额外的同概念近似项
4691,听别人说起为两个人安排周末行程，便联想到朋友突然问起时自己的反应,32,deleted,,0,模板变体、超长表达或配额外的同概念近似项
4692,听别人说起不把沉默误认为同意，便联想到朋友突然问起时自己的反应,31,deleted,,0,模板变体、超长表达或配额外的同概念近似项
4693,听别人说起整理前任留下的旧物，便联想到朋友突然问起时自己的反应,31,deleted,,0,模板变体、超长表达或配额外的同概念近似项
4694,听别人说起觉得感情进度落后别人，便联想到朋友突然问起时自己的反应,32,deleted,,0,模板变体、超长表达或配额外的同概念近似项
4695,听别人说起看别人收到纪念日礼物，便联想到朋友突然问起时自己的反应,32,deleted,,0,模板变体、超长表达或配额外的同概念近似项
4696,听别人说起停止追问拒绝的具体理由，便联想到朋友突然问起时自己的反应,33,deleted,,0,模板变体、超长表达或配额外的同概念近似项
4697,听别人说起想知道有没有人喜欢自己，便联想到朋友突然问起时自己的反应,33,deleted,,0,模板变体、超长表达或配额外的同概念近似项
4698,听别人说起规划两个人的长期未来，便联想到朋友突然问起时自己的反应,32,deleted,,0,模板变体、超长表达或配额外的同概念近似项
4699,听别人说起零点发送周年祝福，便联想到朋友突然问起时自己的反应,30,deleted,,0,模板变体、超长表达或配额外的同概念近似项
4700,听别人说起换上成套的情侣头像，便联想到朋友突然问起时自己的反应,31,deleted,,0,模板变体、超长表达或配额外的同概念近似项
4701,听别人说起回答第一次恋爱是在几岁，便联想到朋友突然问起时自己的反应,33,deleted,,0,模板变体、超长表达或配额外的同概念近似项
4702,听别人说起经过夜晚亮灯的摩天轮，便联想到朋友突然问起时自己的反应,32,deleted,,0,模板变体、超长表达或配额外的同概念近似项
4703,听别人说起渴望获得稳定情感回应，便联想到朋友突然问起时自己的反应,32,deleted,,0,模板变体、超长表达或配额外的同概念近似项
4704,听别人说起握手协议负责成功牵手，便联想到朋友突然问起时自己的反应,32,deleted,,0,模板变体、超长表达或配额外的同概念近似项
4705,暑气未散的放学路上替心动对象去小卖部带饮料,21,deleted,,0,模板变体、超长表达或配额外的同概念近似项
4706,毕业倒计时里认出人群里熟悉的校服衣角,18,compressed,认出人群里熟悉的校服衣角,12,移除时间、地点、人物或关系模板，归并到核心概念
4707,毕业倒计时里交换一根代表好感的小皮筋,18,compressed,交换一根代表好感的小皮筋,12,移除时间、地点、人物或关系模板，归并到核心概念
4708,毕业倒计时里在图书馆同一排书架重逢,17,compressed,在图书馆同一排书架重逢,11,移除时间、地点、人物或关系模板，归并到核心概念
4709,毕业倒计时里提醒喜欢的人带伞,14,compressed,提醒喜欢的人带伞,8,移除时间、地点、人物或关系模板，归并到核心概念
4710,毕业倒计时里记住树影在校服上轻轻晃动,18,compressed,记住树影在校服上轻轻晃动,12,移除时间、地点、人物或关系模板，归并到核心概念
4711,毕业倒计时里把喜欢藏进高考结束的夏天,18,compressed,把喜欢藏进高考结束的夏天,12,移除时间、地点、人物或关系模板，归并到核心概念
4712,听别人说起认真讨论彼此的需要，便联想到朋友突然问起时自己的反应,31,deleted,,0,模板变体、超长表达或配额外的同概念近似项
4713,听别人说起开始主动扩大社交圈，便联想到朋友突然问起时自己的反应,31,compressed,开始主动扩大社交圈,9,移除时间、地点、人物或关系模板，归并到核心概念
4714,听别人说起请朋友帮忙判断好感信号，便联想到朋友突然问起时自己的反应,33,deleted,,0,模板变体、超长表达或配额外的同概念近似项
4715,听别人说起见面前认真选择穿搭，便联想到朋友突然问起时自己的反应,31,deleted,,0,模板变体、超长表达或配额外的同概念近似项
4716,听别人说起共同商量可以接受的边界，便联想到朋友突然问起时自己的反应,33,deleted,,0,模板变体、超长表达或配额外的同概念近似项
4717,听别人说起思考过去关系里的问题，便联想到朋友突然问起时自己的反应,32,deleted,,0,模板变体、超长表达或配额外的同概念近似项
4718,听别人说起工作以后才开始学习约会，便联想到朋友突然问起时自己的反应,33,deleted,,0,模板变体、超长表达或配额外的同概念近似项
4719,听别人说起发现朋友周末都去约会，便联想到朋友突然问起时自己的反应,32,deleted,,0,模板变体、超长表达或配额外的同概念近似项
4720,听别人说起被拒绝后不再继续打扰，便联想到朋友突然问起时自己的反应,32,deleted,,0,模板变体、超长表达或配额外的同概念近似项
4721,听别人说起把异性缘归因于颜值，便联想到朋友突然问起时自己的反应,31,deleted,,0,模板变体、超长表达或配额外的同概念近似项
4722,听别人说起被家人追问什么时候结婚，便联想到朋友突然问起时自己的反应,33,deleted,,0,模板变体、超长表达或配额外的同概念近似项
4723,听别人说起看见街边摆满情侣商品，便联想到朋友突然问起时自己的反应,32,deleted,,0,模板变体、超长表达或配额外的同概念近似项
4724,听别人说起每天给对方分享短视频，便联想到朋友突然问起时自己的反应,32,deleted,,0,模板变体、超长表达或配额外的同概念近似项
4725,听别人说起被问最长一段关系多久，便联想到朋友突然问起时自己的反应,32,deleted,,0,模板变体、超长表达或配额外的同概念近似项
4726,听别人说起看到桌上放着两张电影票，便联想到朋友突然问起时自己的反应,33,deleted,,0,模板变体、超长表达或配额外的同概念近似项
4727,听别人说起学习不靠伴侣定义完整，便联想到朋友突然问起时自己的反应,32,deleted,,0,模板变体、超长表达或配额外的同概念近似项
4728,听别人说起线程脱单后进入双线程，便联想到朋友突然问起时自己的反应,32,deleted,,0,模板变体、超长表达或配额外的同概念近似项
4729,暑气未散的放学路上在人群中寻找熟悉的校服背影,22,deleted,,0,模板变体、超长表达或配额外的同概念近似项
4730,毕业倒计时里替对方整理歪掉的校服领口,18,compressed,替对方整理歪掉的校服领口,12,移除时间、地点、人物或关系模板，归并到核心概念
4731,毕业倒计时里把校服第二颗纽扣留作纪念,18,compressed,把校服第二颗纽扣留作纪念,12,移除时间、地点、人物或关系模板，归并到核心概念
4732,毕业倒计时里在自习室替对方留一个座位,18,compressed,在自习室替对方留一个座位,12,移除时间、地点、人物或关系模板，归并到核心概念
4733,毕业倒计时里把自己的外套借给对方,16,compressed,把自己的外套借给对方,10,移除时间、地点、人物或关系模板，归并到核心概念
4734,毕业倒计时里看见雨水沿着教室玻璃滑下,18,compressed,看见雨水沿着教室玻璃滑下,12,移除时间、地点、人物或关系模板，归并到核心概念
4735,毕业倒计时里约定收到录取通知后再见,17,compressed,约定收到录取通知后再见,11,移除时间、地点、人物或关系模板，归并到核心概念
4736,听别人说起发现关系正在升温，便联想到朋友突然问起时自己的反应,30,deleted,,0,模板变体、超长表达或配额外的同概念近似项
4737,听别人说起期待有人一起规划周末，便联想到朋友突然问起时自己的反应,32,compressed,期待有人一起规划周末,10,移除时间、地点、人物或关系模板，归并到核心概念
4738,听别人说起决定不再隐藏真实心意，便联想到朋友突然问起时自己的反应,32,deleted,,0,模板变体、超长表达或配额外的同概念近似项
4739,听别人说起约会结束后舍不得分别，便联想到朋友突然问起时自己的反应,32,deleted,,0,模板变体、超长表达或配额外的同概念近似项
4740,听别人说起为越界接触认真道歉，便联想到朋友突然问起时自己的反应,31,deleted,,0,模板变体、超长表达或配额外的同概念近似项
4741,听别人说起接受曾经喜欢的人已走远，便联想到朋友突然问起时自己的反应,33,deleted,,0,模板变体、超长表达或配额外的同概念近似项
4742,听别人说起怀疑现在恋爱是否太晚，便联想到朋友突然问起时自己的反应,32,deleted,,0,模板变体、超长表达或配额外的同概念近似项
4743,听别人说起听见同龄人开始谈婚论嫁，便联想到朋友突然问起时自己的反应,33,deleted,,0,模板变体、超长表达或配额外的同概念近似项
4744,听别人说起重新建立交往边界，便联想到朋友突然问起时自己的反应,30,deleted,,0,模板变体、超长表达或配额外的同概念近似项
4745,听别人说起学习更坦诚地表达感受，便联想到朋友突然问起时自己的反应,32,deleted,,0,模板变体、超长表达或配额外的同概念近似项
4746,听别人说起参加同学婚礼独自坐一桌，便联想到朋友突然问起时自己的反应,33,deleted,,0,模板变体、超长表达或配额外的同概念近似项
4747,听别人说起独自度过恋爱主题节日，便联想到朋友突然问起时自己的反应,32,deleted,,0,模板变体、超长表达或配额外的同概念近似项
4748,听别人说起把重要聊天设置为置顶，便联想到朋友突然问起时自己的反应,32,deleted,,0,模板变体、超长表达或配额外的同概念近似项
4749,听别人说起猜测今年是否能够脱单，便联想到朋友突然问起时自己的反应,32,deleted,,0,模板变体、超长表达或配额外的同概念近似项
4750,听别人说起发现相册里只有单人照片，便联想到朋友突然问起时自己的反应,33,deleted,,0,模板变体、超长表达或配额外的同概念近似项
4751,听别人说起接受每个人节奏不同，便联想到朋友突然问起时自己的反应,31,deleted,,0,模板变体、超长表达或配额外的同概念近似项
4752,听别人说起空对象拒绝返回女朋友，便联想到朋友突然问起时自己的反应,32,deleted,,0,模板变体、超长表达或配额外的同概念近似项
4753,暑气未散的放学路上放学后并肩走出校门,18,deleted,,0,模板变体、超长表达或配额外的同概念近似项
4754,毕业倒计时里注意到校服袖口写着名字,17,compressed,注意到校服袖口写着名字,11,移除时间、地点、人物或关系模板，归并到核心概念
4755,毕业倒计时里送出成对的钥匙扣,14,compressed,送出成对的钥匙扣,8,移除时间、地点、人物或关系模板，归并到核心概念
4756,毕业倒计时里在小卖部门口假装偶遇,16,compressed,在小卖部门口假装偶遇,10,移除时间、地点、人物或关系模板，归并到核心概念
4757,毕业倒计时里记住她不吃的食堂菜,15,compressed,记住她不吃的食堂菜,9,移除时间、地点、人物或关系模板，归并到核心概念
4758,毕业倒计时里闻到新课本混着油墨的气味,18,compressed,闻到新课本混着油墨的气味,12,移除时间、地点、人物或关系模板，归并到核心概念
4759,毕业倒计时里在散伙饭上忍住没说的话,17,compressed,在散伙饭上忍住没说的话,11,移除时间、地点、人物或关系模板，归并到核心概念
4760,听别人说起体验被人惦记的感觉，便联想到朋友突然问起时自己的反应,31,deleted,,0,模板变体、超长表达或配额外的同概念近似项
4761,听别人说起不再独自参加朋友聚会，便联想到朋友突然问起时自己的反应,32,deleted,,0,模板变体、超长表达或配额外的同概念近似项
4762,听别人说起尊重对方对追求的回应，便联想到朋友突然问起时自己的反应,32,deleted,,0,模板变体、超长表达或配额外的同概念近似项
4763,听别人说起等待对方发来安全到家，便联想到朋友突然问起时自己的反应,32,deleted,,0,模板变体、超长表达或配额外的同概念近似项
4764,听别人说起尊重对方改变主意，便联想到朋友突然问起时自己的反应,30,deleted,,0,模板变体、超长表达或配额外的同概念近似项
4765,听别人说起意识到自己从没被表白，便联想到朋友突然问起时自己的反应,32,deleted,,0,模板变体、超长表达或配额外的同概念近似项
4766,听别人说起计算自己单身了多少年，便联想到朋友突然问起时自己的反应,32,deleted,,0,模板变体、超长表达或配额外的同概念近似项
4767,听别人说起把自己的经历和别人比较，便联想到朋友突然问起时自己的反应,33,deleted,,0,模板变体、超长表达或配额外的同概念近似项
4768,听别人说起删除没有发出的解释消息，便联想到朋友突然问起时自己的反应,33,deleted,,0,模板变体、超长表达或配额外的同概念近似项
4769,听别人说起不再靠恋爱证明个人价值，便联想到朋友突然问起时自己的反应,33,deleted,,0,模板变体、超长表达或配额外的同概念近似项
4770,听别人说起听见别人叫彼此老公老婆，便联想到朋友突然问起时自己的反应,33,deleted,,0,模板变体、超长表达或配额外的同概念近似项
4771,听别人说起收到平台推送的情侣套餐，便联想到朋友突然问起时自己的反应,33,deleted,,0,模板变体、超长表达或配额外的同概念近似项
4772,听别人说起从线上聊天走到线下见面，便联想到朋友突然问起时自己的反应,33,deleted,,0,模板变体、超长表达或配额外的同概念近似项
4773,听别人说起面对她是不是你女朋友的追问，便联想到朋友突然问起时自己的反应,35,deleted,,0,模板变体、超长表达或配额外的同概念近似项
4774,听别人说起收到适合约会的地点推荐，便联想到朋友突然问起时自己的反应,33,deleted,,0,模板变体、超长表达或配额外的同概念近似项
4775,听别人说起允许遗憾留在过去，便联想到朋友突然问起时自己的反应,30,deleted,,0,模板变体、超长表达或配额外的同概念近似项
4776,听别人说起恋爱脑被当作神经网络，便联想到朋友突然问起时自己的反应,32,deleted,,0,模板变体、超长表达或配额外的同概念近似项
4777,暑气未散的放学路上推着自行车陪对方慢慢走,20,deleted,,0,模板变体、超长表达或配额外的同概念近似项
4778,毕业倒计时里看见白衬衫被晚霞染成金色,18,compressed,看见白衬衫被晚霞染成金色,12,移除时间、地点、人物或关系模板，归并到核心概念
4779,毕业倒计时里互换写着祝福的书签,15,compressed,互换写着祝福的书签,9,移除时间、地点、人物或关系模板，归并到核心概念
4780,毕业倒计时里在食堂排队时站到她身后,17,compressed,在食堂排队时站到她身后,11,移除时间、地点、人物或关系模板，归并到核心概念
4781,毕业倒计时里替迟到的人悄悄留门,15,compressed,替迟到的人悄悄留门,9,移除时间、地点、人物或关系模板，归并到核心概念
4782,毕业倒计时里记住雨后塑胶跑道的气味,17,compressed,记住雨后塑胶跑道的气味,11,移除时间、地点、人物或关系模板，归并到核心概念
4783,毕业倒计时里听完最后一次校园广播,16,compressed,听完最后一次校园广播,10,移除时间、地点、人物或关系模板，归并到核心概念
4784,听别人说起允许恋爱自然发生，便联想到朋友突然问起时自己的反应,30,deleted,,0,模板变体、超长表达或配额外的同概念近似项
4785,听别人说起寻找能够长期相处的人，便联想到朋友突然问起时自己的反应,32,deleted,,0,模板变体、超长表达或配额外的同概念近似项
4786,听别人说起把模糊关系说清楚，便联想到朋友突然问起时自己的反应,30,deleted,,0,模板变体、超长表达或配额外的同概念近似项
4787,听别人说起期待下一次单独见面，便联想到朋友突然问起时自己的反应,31,deleted,,0,模板变体、超长表达或配额外的同概念近似项
4788,听别人说起在安全感中逐渐靠近，便联想到朋友突然问起时自己的反应,31,deleted,,0,模板变体、超长表达或配额外的同概念近似项
4789,听别人说起不再用经历数量评价自己，便联想到朋友突然问起时自己的反应,33,deleted,,0,模板变体、超长表达或配额外的同概念近似项
4790,听别人说起提醒自己没有统一人生时钟，便联想到朋友突然问起时自己的反应,34,deleted,,0,模板变体、超长表达或配额外的同概念近似项
4791,听别人说起提醒自己不必追赶他人进度，便联想到朋友突然问起时自己的反应,34,deleted,,0,模板变体、超长表达或配额外的同概念近似项
4792,听别人说起把没有回复也视作答案，便联想到朋友突然问起时自己的反应,32,deleted,,0,模板变体、超长表达或配额外的同概念近似项
4793,听别人说起相信自己也值得被选择，便联想到朋友突然问起时自己的反应,32,deleted,,0,模板变体、超长表达或配额外的同概念近似项
4794,听别人说起还没有对象就开始被催婚，便联想到朋友突然问起时自己的反应,33,deleted,,0,模板变体、超长表达或配额外的同概念近似项
4795,听别人说起跨年倒数时想起喜欢的人，便联想到朋友突然问起时自己的反应,33,deleted,,0,模板变体、超长表达或配额外的同概念近似项
4796,听别人说起因为断联猜测关系是否结束，便联想到朋友突然问起时自己的反应,34,deleted,,0,模板变体、超长表达或配额外的同概念近似项
4797,听别人说起拒绝回答过度私人的感情问题，便联想到朋友突然问起时自己的反应,35,deleted,,0,模板变体、超长表达或配额外的同概念近似项
4798,听别人说起看见副驾驶放着一束花，便联想到朋友突然问起时自己的反应,32,deleted,,0,模板变体、超长表达或配额外的同概念近似项
4799,听别人说起相信未来仍会建立连接，便联想到朋友突然问起时自己的反应,32,deleted,,0,模板变体、超长表达或配额外的同概念近似项
4800,听别人说起朋友圈在图论里形成闭环，便联想到朋友突然问起时自己的反应,33,deleted,,0,模板变体、超长表达或配额外的同概念近似项
4801,暑气未散的放学路上一起等最后一班公交车,19,deleted,,0,模板变体、超长表达或配额外的同概念近似项
4802,毕业倒计时里发现手腕上多了一根小皮筋,18,compressed,发现手腕上多了一根小皮筋,12,移除时间、地点、人物或关系模板，归并到核心概念
4803,毕业倒计时里借出一支舍不得收回的笔,17,compressed,借出一支舍不得收回的笔,11,移除时间、地点、人物或关系模板，归并到核心概念
4804,毕业倒计时里在校园广播站等一首点歌,17,compressed,在校园广播站等一首点歌,11,移除时间、地点、人物或关系模板，归并到核心概念
4805,毕业倒计时里在值日时一起擦黑板,15,compressed,在值日时一起擦黑板,9,移除时间、地点、人物或关系模板，归并到核心概念
4806,毕业倒计时里感到共用雨伞时靠近的温度,18,compressed,感到共用雨伞时靠近的温度,12,移除时间、地点、人物或关系模板，归并到核心概念
4807,毕业倒计时里收拾课桌时找到旧纸条,16,compressed,收拾课桌时找到旧纸条,10,移除时间、地点、人物或关系模板，归并到核心概念
4808,听别人说起第一次确认恋爱关系，便联想到一个人失眠时自己的反应,30,compressed,第一次确认恋爱关系,9,移除时间、地点、人物或关系模板，归并到核心概念
4809,听别人说起终于有了稳定对象，便联想到一个人失眠时自己的反应,29,compressed,终于有了稳定对象,8,移除时间、地点、人物或关系模板，归并到核心概念
4810,听别人说起鼓起勇气说出喜欢，便联想到一个人失眠时自己的反应,29,deleted,,0,模板变体、超长表达或配额外的同概念近似项
4811,听别人说起计划第一次正式约会，便联想到一个人失眠时自己的反应,30,deleted,,0,模板变体、超长表达或配额外的同概念近似项
4812,听别人说起第一次牵住喜欢的人的手，便联想到一个人失眠时自己的反应,32,compressed,第一次牵住喜欢的人的手,11,移除时间、地点、人物或关系模板，归并到核心概念
4813,听别人说起回忆自己的第一次心动，便联想到一个人失眠时自己的反应,31,deleted,,0,模板变体、超长表达或配额外的同概念近似项
4814,听别人说起发现又长一岁仍然单身，便联想到一个人失眠时自己的反应,31,deleted,,0,模板变体、超长表达或配额外的同概念近似项
4815,听别人说起看到室友突然宣布脱单，便联想到一个人失眠时自己的反应,31,deleted,,0,模板变体、超长表达或配额外的同概念近似项
4816,听别人说起告白后收到明确拒绝，便联想到一个人失眠时自己的反应,30,deleted,,0,模板变体、超长表达或配额外的同概念近似项
4817,听别人说起担心自己的外貌没有吸引力，便联想到一个人失眠时自己的反应,33,deleted,,0,模板变体、超长表达或配额外的同概念近似项
4818,听别人说起收到朋友发来的婚礼请柬，便联想到一个人失眠时自己的反应,32,compressed,收到朋友发来的婚礼请柬,11,移除时间、地点、人物或关系模板，归并到核心概念
4819,听别人说起在情人节准备一束玫瑰，便联想到一个人失眠时自己的反应,31,deleted,,0,模板变体、超长表达或配额外的同概念近似项
4820,听别人说起把心动对象称作crush，便联想到一个人失眠时自己的反应,33,deleted,,0,模板变体、超长表达或配额外的同概念近似项
4821,听别人说起被问以前谈过几个对象，便联想到一个人失眠时自己的反应,31,deleted,,0,模板变体、超长表达或配额外的同概念近似项
4822,听别人说起看见电影院里的双人座，便联想到一个人失眠时自己的反应,31,compressed,看见电影院里的双人座,10,移除时间、地点、人物或关系模板，归并到核心概念
4823,听别人说起把恋爱视作人生进度，便联想到一个人失眠时自己的反应,30,deleted,,0,模板变体、超长表达或配额外的同概念近似项
4824,听别人说起面向对象时找不到对象，便联想到一个人失眠时自己的反应,31,deleted,,0,模板变体、超长表达或配额外的同概念近似项
4825,暑气未散的放学路上约好第二天在校门口见,19,deleted,,0,模板变体、超长表达或配额外的同概念近似项
4826,毕业倒计时里把对方送的小皮筋戴在手腕,18,compressed,把对方送的小皮筋戴在手腕,12,移除时间、地点、人物或关系模板，归并到核心概念
4827,毕业倒计时里在橡皮上刻下对方的缩写,17,compressed,在橡皮上刻下对方的缩写,11,移除时间、地点、人物或关系模板，归并到核心概念
4828,毕业倒计时里在礼堂散场后寻找对方,16,compressed,在礼堂散场后寻找对方,10,移除时间、地点、人物或关系模板，归并到核心概念
4829,毕业倒计时里一起搬运动会用的桌椅,16,compressed,一起搬运动会用的桌椅,10,移除时间、地点、人物或关系模板，归并到核心概念
4830,毕业倒计时里记住冬天热水杯传来的暖意,18,compressed,记住冬天热水杯传来的暖意,12,移除时间、地点、人物或关系模板，归并到核心概念
4831,毕业倒计时里离校前再走一遍熟悉的操场,18,compressed,离校前再走一遍熟悉的操场,12,移除时间、地点、人物或关系模板，归并到核心概念
4832,听别人说起感受到双向喜欢，便联想到一个人失眠时自己的反应,28,compressed,感受到双向喜欢,7,移除时间、地点、人物或关系模板，归并到核心概念
4833,听别人说起介绍身边的人是另一半，便联想到一个人失眠时自己的反应,31,compressed,介绍身边的人是另一半,10,移除时间、地点、人物或关系模板，归并到核心概念
4834,听别人说起把暗恋写进一封信，便联想到一个人失眠时自己的反应,29,deleted,,0,模板变体、超长表达或配额外的同概念近似项
4835,听别人说起邀请喜欢的人一起吃饭，便联想到一个人失眠时自己的反应,31,deleted,,0,模板变体、超长表达或配额外的同概念近似项
4836,听别人说起得到同意后拥抱对方，便联想到一个人失眠时自己的反应,30,compressed,得到同意后拥抱对方,9,移除时间、地点、人物或关系模板，归并到核心概念
4837,听别人说起谈起已经结束的上一段关系，便联想到一个人失眠时自己的反应,33,deleted,,0,模板变体、超长表达或配额外的同概念近似项
4838,听别人说起担心毕业前没有恋爱经历，便联想到一个人失眠时自己的反应,32,deleted,,0,模板变体、超长表达或配额外的同概念近似项
4839,听别人说起发现聚会里只有自己单身，便联想到一个人失眠时自己的反应,32,deleted,,0,模板变体、超长表达或配额外的同概念近似项
4840,听别人说起听见我们还是做朋友吧，便联想到一个人失眠时自己的反应,31,deleted,,0,模板变体、超长表达或配额外的同概念近似项
4841,听别人说起见喜欢的人前认真整理头发，便联想到一个人失眠时自己的反应,33,deleted,,0,模板变体、超长表达或配额外的同概念近似项
4842,听别人说起看见恋人交换订婚戒指，便联想到一个人失眠时自己的反应,31,compressed,看见恋人交换订婚戒指,10,移除时间、地点、人物或关系模板，归并到核心概念
4843,听别人说起七夕预订双人晚餐，便联想到一个人失眠时自己的反应,29,deleted,,0,模板变体、超长表达或配额外的同概念近似项
4844,听别人说起在朋友圈正式官宣关系，便联想到一个人失眠时自己的反应,31,deleted,,0,模板变体、超长表达或配额外的同概念近似项
4845,听别人说起回答自己有没有恋爱经历，便联想到一个人失眠时自己的反应,32,deleted,,0,模板变体、超长表达或配额外的同概念近似项
4846,听别人说起路过摆满玫瑰的花店，便联想到一个人失眠时自己的反应,30,compressed,路过摆满玫瑰的花店,9,移除时间、地点、人物或关系模板，归并到核心概念
4847,听别人说起担心青春缺少重要体验，便联想到一个人失眠时自己的反应,31,deleted,,0,模板变体、超长表达或配额外的同概念近似项
4848,听别人说起对象存储突然容量不足，便联想到一个人失眠时自己的反应,31,deleted,,0,模板变体、超长表达或配额外的同概念近似项
4849,暑气未散的放学路上在操场看台说出喜欢,18,deleted,,0,模板变体、超长表达或配额外的同概念近似项
4850,毕业倒计时里认出书包上新挂的钥匙扣,17,compressed,认出书包上新挂的钥匙扣,11,移除时间、地点、人物或关系模板，归并到核心概念
4851,毕业倒计时里把复习资料装订得整整齐齐,18,compressed,把复习资料装订得整整齐齐,12,移除时间、地点、人物或关系模板，归并到核心概念
4852,毕业倒计时里沿着操场跑道陪她慢慢走,17,compressed,沿着操场跑道陪她慢慢走,11,移除时间、地点、人物或关系模板，归并到核心概念
4853,毕业倒计时里在社团排练后帮忙收器材,17,compressed,在社团排练后帮忙收器材,11,移除时间、地点、人物或关系模板，归并到核心概念
4854,毕业倒计时里等春天樱花落在她肩上,16,compressed,等春天樱花落在她肩上,10,移除时间、地点、人物或关系模板，归并到核心概念
4855,毕业倒计时里在校门口说出以后常联系,17,compressed,在校门口说出以后常联系,11,移除时间、地点、人物或关系模板，归并到核心概念
4856,听别人说起学会经营一段感情，便联想到一个人失眠时自己的反应,29,deleted,,0,模板变体、超长表达或配额外的同概念近似项
4857,听别人说起从单身状态顺利毕业，便联想到一个人失眠时自己的反应,30,compressed,从单身状态顺利毕业,9,移除时间、地点、人物或关系模板，归并到核心概念
4858,听别人说起试探对方是否也有好感，便联想到一个人失眠时自己的反应,31,deleted,,0,模板变体、超长表达或配额外的同概念近似项
4859,听别人说起挑选适合聊天的咖啡店，便联想到一个人失眠时自己的反应,31,deleted,,0,模板变体、超长表达或配额外的同概念近似项
4860,听别人说起在靠近前先询问意愿，便联想到一个人失眠时自己的反应,30,deleted,,0,模板变体、超长表达或配额外的同概念近似项
4861,听别人说起被问到过去有几次恋爱，便联想到一个人失眠时自己的反应,31,deleted,,0,模板变体、超长表达或配额外的同概念近似项
4862,听别人说起看着同龄人进入稳定关系，便联想到一个人失眠时自己的反应,32,deleted,,0,模板变体、超长表达或配额外的同概念近似项
4863,听别人说起刷到朋友晒情侣合照，便联想到一个人失眠时自己的反应,30,deleted,,0,模板变体、超长表达或配额外的同概念近似项
4864,听别人说起邀约连续几次没有回应，便联想到一个人失眠时自己的反应,31,deleted,,0,模板变体、超长表达或配额外的同概念近似项
4865,听别人说起怀疑自己不擅长聊天，便联想到一个人失眠时自己的反应,30,deleted,,0,模板变体、超长表达或配额外的同概念近似项
4866,听别人说起讨论以后在哪座城市生活，便联想到一个人失眠时自己的反应,32,compressed,讨论以后在哪座城市生活,11,移除时间、地点、人物或关系模板，归并到核心概念
4867,听别人说起在520发出含蓄告白，便联想到一个人失眠时自己的反应,31,deleted,,0,模板变体、超长表达或配额外的同概念近似项
4868,听别人说起和朋友一起磕一对CP，便联想到一个人失眠时自己的反应,31,deleted,,0,模板变体、超长表达或配额外的同概念近似项
4869,听别人说起被追问为什么一直单身，便联想到一个人失眠时自己的反应,31,deleted,,0,模板变体、超长表达或配额外的同概念近似项
4870,听别人说起发现饮品店推出情侣套餐，便联想到一个人失眠时自己的反应,32,compressed,发现饮品店推出情侣套餐,11,移除时间、地点、人物或关系模板，归并到核心概念
4871,听别人说起觉得自己落后于同龄人，便联想到一个人失眠时自己的反应,31,deleted,,0,模板变体、超长表达或配额外的同概念近似项
4872,听别人说起单例模式坚持保持单身，便联想到一个人失眠时自己的反应,31,deleted,,0,模板变体、超长表达或配额外的同概念近似项
4873,暑气未散的放学路上把暗恋告诉最信任的同学,20,deleted,,0,模板变体、超长表达或配额外的同概念近似项
4874,毕业倒计时里留意她每天更换的发卡,16,compressed,留意她每天更换的发卡,10,移除时间、地点、人物或关系模板，归并到核心概念
4875,毕业倒计时里在错题本角落留下鼓励,16,compressed,在错题本角落留下鼓励,10,移除时间、地点、人物或关系模板，归并到核心概念
4876,毕业倒计时里在篮球场边递上一瓶水,16,compressed,在篮球场边递上一瓶水,10,移除时间、地点、人物或关系模板，归并到核心概念
4877,毕业倒计时里为对方的比赛偷偷加油,16,compressed,为对方的比赛偷偷加油,10,移除时间、地点、人物或关系模板，归并到核心概念
4878,毕业倒计时里在盛夏风扇声里偷偷心动,17,compressed,在盛夏风扇声里偷偷心动,11,移除时间、地点、人物或关系模板，归并到核心概念
4879,毕业倒计时里目送对方坐上不同方向的车,18,compressed,目送对方坐上不同方向的车,12,移除时间、地点、人物或关系模板，归并到核心概念
4880,听别人说起拥有可以分享日常的人，便联想到一个人失眠时自己的反应,31,deleted,,0,模板变体、超长表达或配额外的同概念近似项
4881,听别人说起朋友介绍了合适的人，便联想到一个人失眠时自己的反应,30,compressed,朋友介绍了合适的人,9,移除时间、地点、人物或关系模板，归并到核心概念
4882,听别人说起主动创造单独见面的机会，便联想到一个人失眠时自己的反应,32,deleted,,0,模板变体、超长表达或配额外的同概念近似项
4883,听别人说起一起看期待很久的电影，便联想到一个人失眠时自己的反应,31,deleted,,0,模板变体、超长表达或配额外的同概念近似项
4884,听别人说起注意到对方不舒服的信号，便联想到一个人失眠时自己的反应,32,deleted,,0,模板变体、超长表达或配额外的同概念近似项
4885,听别人说起发现恋爱履历仍然空白，便联想到一个人失眠时自己的反应,31,deleted,,0,模板变体、超长表达或配额外的同概念近似项
4886,听别人说起把生日变成脱单倒计时，便联想到一个人失眠时自己的反应,31,deleted,,0,模板变体、超长表达或配额外的同概念近似项
4887,听别人说起听同学讨论各自的前任，便联想到一个人失眠时自己的反应,31,deleted,,0,模板变体、超长表达或配额外的同概念近似项
4888,听别人说起发现对方正在逐渐疏远，便联想到一个人失眠时自己的反应,31,deleted,,0,模板变体、超长表达或配额外的同概念近似项
4889,听别人说起面对心动对象突然紧张，便联想到一个人失眠时自己的反应,31,deleted,,0,模板变体、超长表达或配额外的同概念近似项
4890,听别人说起考虑要不要带对象见父母，便联想到一个人失眠时自己的反应,32,compressed,考虑要不要带对象见父母,11,移除时间、地点、人物或关系模板，归并到核心概念
4891,听别人说起圣诞夜邀请喜欢的人见面，便联想到一个人失眠时自己的反应,32,deleted,,0,模板变体、超长表达或配额外的同概念近似项
4892,听别人说起判断彼此是否处于暧昧期，便联想到一个人失眠时自己的反应,32,deleted,,0,模板变体、超长表达或配额外的同概念近似项
4893,听别人说起听见什么时候脱单的问题，便联想到一个人失眠时自己的反应,32,deleted,,0,模板变体、超长表达或配额外的同概念近似项
4894,听别人说起看见两件并排挂着的外套，便联想到一个人失眠时自己的反应,32,deleted,,0,模板变体、超长表达或配额外的同概念近似项
4895,听别人说起害怕永远错过亲密关系，便联想到一个人失眠时自己的反应,31,deleted,,0,模板变体、超长表达或配额外的同概念近似项
4896,听别人说起配对算法开始安排相亲，便联想到一个人失眠时自己的反应,31,deleted,,0,模板变体、超长表达或配额外的同概念近似项
4897,暑气未散的放学路上收到对方认真回应的好感,20,deleted,,0,模板变体、超长表达或配额外的同概念近似项
4898,毕业倒计时里记住帆布鞋踩过积水的声音,18,deleted,,0,模板变体、超长表达或配额外的同概念近似项
4899,毕业倒计时里用同一本练习册对答案,16,deleted,,0,模板变体、超长表达或配额外的同概念近似项
4900,毕业倒计时里在看台最高一排并肩坐着,17,compressed,在看台最高一排并肩坐着,11,移除时间、地点、人物或关系模板，归并到核心概念
4901,毕业倒计时里在班级合唱时站到她旁边,17,compressed,在班级合唱时站到她旁边,11,移除时间、地点、人物或关系模板，归并到核心概念
4902,毕业倒计时里看秋叶堆满放学的小路,16,deleted,,0,模板变体、超长表达或配额外的同概念近似项
4903,毕业倒计时里发现最后一句聊天停在毕业快乐,20,deleted,,0,模板变体、超长表达或配额外的同概念近似项
4904,听别人说起期待稳定的情感回应，便联想到一个人失眠时自己的反应,30,deleted,,0,模板变体、超长表达或配额外的同概念近似项
4905,听别人说起认真思考理想伴侣，便联想到一个人失眠时自己的反应,29,compressed,认真思考理想伴侣,8,移除时间、地点、人物或关系模板，归并到核心概念
4906,听别人说起收到别人认真的告白，便联想到一个人失眠时自己的反应,30,deleted,,0,模板变体、超长表达或配额外的同概念近似项
4907,听别人说起沿着安静的小路散步，便联想到一个人失眠时自己的反应,30,deleted,,0,模板变体、超长表达或配额外的同概念近似项
4908,听别人说起明确拒绝后立即停止，便联想到一个人失眠时自己的反应,30,deleted,,0,模板变体、超长表达或配额外的同概念近似项
4909,听别人说起听对方说起难忘的初恋，便联想到一个人失眠时自己的反应,31,deleted,,0,模板变体、超长表达或配额外的同概念近似项
4910,听别人说起害怕错过年轻时的恋爱，便联想到一个人失眠时自己的反应,31,deleted,,0,模板变体、超长表达或配额外的同概念近似项
4911,听别人说起参加婚礼时被问有没有对象，便联想到一个人失眠时自己的反应,33,deleted,,0,模板变体、超长表达或配额外的同概念近似项
4912,听别人说起接受喜欢没有得到回应，便联想到一个人失眠时自己的反应,31,deleted,,0,模板变体、超长表达或配额外的同概念近似项
4913,听别人说起读不懂别人释放的好感，便联想到一个人失眠时自己的反应,31,deleted,,0,模板变体、超长表达或配额外的同概念近似项
4914,听别人说起从恋爱走向共同生活，便联想到一个人失眠时自己的反应,30,compressed,从恋爱走向共同生活,9,移除时间、地点、人物或关系模板，归并到核心概念
4915,听别人说起为恋爱纪念日挑选礼物，便联想到一个人失眠时自己的反应,31,deleted,,0,模板变体、超长表达或配额外的同概念近似项
4916,听别人说起讨论situationship算什么关系，便联想到一个人失眠时自己的反应,41,deleted,,0,模板变体、超长表达或配额外的同概念近似项
4917,听别人说起解释目前有没有喜欢的人，便联想到一个人失眠时自己的反应,32,deleted,,0,模板变体、超长表达或配额外的同概念近似项
4918,听别人说起注意到共享耳机的两个人，便联想到一个人失眠时自己的反应,32,deleted,,0,模板变体、超长表达或配额外的同概念近似项
4919,听别人说起希望成为某个人的例外，便联想到一个人失眠时自己的反应,31,deleted,,0,模板变体、超长表达或配额外的同概念近似项
4920,听别人说起关系数据库认真维护关系，便联想到一个人失眠时自己的反应,32,deleted,,0,模板变体、超长表达或配额外的同概念近似项
4921,暑气未散的放学路上从同桌变成互相喜欢的人,20,deleted,,0,模板变体、超长表达或配额外的同概念近似项
4922,毕业倒计时里看见运动服背后的班级号码,18,deleted,,0,模板变体、超长表达或配额外的同概念近似项
4923,毕业倒计时里把借书卡藏进喜欢的书里,17,deleted,,0,模板变体、超长表达或配额外的同概念近似项
4924,毕业倒计时里在体育馆门口等训练结束,17,deleted,,0,模板变体、超长表达或配额外的同概念近似项
4925,毕业倒计时里假装随口询问周末安排,16,deleted,,0,模板变体、超长表达或配额外的同概念近似项
4926,毕业倒计时里在初雪那天想和她一起走,17,deleted,,0,模板变体、超长表达或配额外的同概念近似项
4927,毕业倒计时里因为去往不同城市慢慢失联,18,deleted,,0,模板变体、超长表达或配额外的同概念近似项
4928,听别人说起从朋友走向恋人，便联想到一个人失眠时自己的反应,28,deleted,,0,模板变体、超长表达或配额外的同概念近似项
4929,听别人说起遇到愿意互相陪伴的人，便联想到一个人失眠时自己的反应,31,compressed,遇到愿意互相陪伴的人,10,移除时间、地点、人物或关系模板，归并到核心概念
4930,听别人说起准备一份有意义的礼物，便联想到一个人失眠时自己的反应,31,deleted,,0,模板变体、超长表达或配额外的同概念近似项
4931,听别人说起为两个人安排周末行程，便联想到一个人失眠时自己的反应,31,deleted,,0,模板变体、超长表达或配额外的同概念近似项
4932,听别人说起不把沉默误认为同意，便联想到一个人失眠时自己的反应,30,deleted,,0,模板变体、超长表达或配额外的同概念近似项
4933,听别人说起整理前任留下的旧物，便联想到一个人失眠时自己的反应,30,deleted,,0,模板变体、超长表达或配额外的同概念近似项
4934,听别人说起觉得感情进度落后别人，便联想到一个人失眠时自己的反应,31,deleted,,0,模板变体、超长表达或配额外的同概念近似项
4935,听别人说起看别人收到纪念日礼物，便联想到一个人失眠时自己的反应,31,deleted,,0,模板变体、超长表达或配额外的同概念近似项
4936,听别人说起停止追问拒绝的具体理由，便联想到一个人失眠时自己的反应,32,deleted,,0,模板变体、超长表达或配额外的同概念近似项
4937,听别人说起想知道有没有人喜欢自己，便联想到一个人失眠时自己的反应,32,deleted,,0,模板变体、超长表达或配额外的同概念近似项
4938,听别人说起规划两个人的长期未来，便联想到一个人失眠时自己的反应,31,deleted,,0,模板变体、超长表达或配额外的同概念近似项
4939,听别人说起零点发送周年祝福，便联想到一个人失眠时自己的反应,29,deleted,,0,模板变体、超长表达或配额外的同概念近似项
4940,听别人说起换上成套的情侣头像，便联想到一个人失眠时自己的反应,30,deleted,,0,模板变体、超长表达或配额外的同概念近似项
4941,听别人说起回答第一次恋爱是在几岁，便联想到一个人失眠时自己的反应,32,deleted,,0,模板变体、超长表达或配额外的同概念近似项
4942,听别人说起经过夜晚亮灯的摩天轮，便联想到一个人失眠时自己的反应,31,deleted,,0,模板变体、超长表达或配额外的同概念近似项
4943,听别人说起渴望获得稳定情感回应，便联想到一个人失眠时自己的反应,31,deleted,,0,模板变体、超长表达或配额外的同概念近似项
4944,听别人说起握手协议负责成功牵手，便联想到一个人失眠时自己的反应,31,deleted,,0,模板变体、超长表达或配额外的同概念近似项
4945,暑气未散的放学路上在班级起哄中偷偷脸红,19,deleted,,0,模板变体、超长表达或配额外的同概念近似项
4946,毕业倒计时里注意到对方紧张时攥住衣角,18,deleted,,0,模板变体、超长表达或配额外的同概念近似项
4947,毕业倒计时里用值日表制造一起留下的机会,19,deleted,,0,模板变体、超长表达或配额外的同概念近似项
4948,毕业倒计时里沿林荫道推着自行车同行,17,deleted,,0,模板变体、超长表达或配额外的同概念近似项
4949,毕业倒计时里把好笑的事情第一个告诉她,18,deleted,,0,模板变体、超长表达或配额外的同概念近似项
4950,毕业倒计时里记住六月毕业季的闷热,16,deleted,,0,模板变体、超长表达或配额外的同概念近似项
4951,毕业倒计时里多年后翻到泛黄的毕业照,17,deleted,,0,模板变体、超长表达或配额外的同概念近似项
4952,听别人说起认真讨论彼此的需要，便联想到一个人失眠时自己的反应,30,deleted,,0,模板变体、超长表达或配额外的同概念近似项
4953,听别人说起开始主动扩大社交圈，便联想到一个人失眠时自己的反应,30,compressed,开始主动扩大社交圈,9,移除时间、地点、人物或关系模板，归并到核心概念
4954,听别人说起请朋友帮忙判断好感信号，便联想到一个人失眠时自己的反应,32,deleted,,0,模板变体、超长表达或配额外的同概念近似项
4955,听别人说起见面前认真选择穿搭，便联想到一个人失眠时自己的反应,30,deleted,,0,模板变体、超长表达或配额外的同概念近似项
4956,听别人说起共同商量可以接受的边界，便联想到一个人失眠时自己的反应,32,deleted,,0,模板变体、超长表达或配额外的同概念近似项
4957,听别人说起思考过去关系里的问题，便联想到一个人失眠时自己的反应,31,deleted,,0,模板变体、超长表达或配额外的同概念近似项
4958,听别人说起工作以后才开始学习约会，便联想到一个人失眠时自己的反应,32,deleted,,0,模板变体、超长表达或配额外的同概念近似项
4959,听别人说起发现朋友周末都去约会，便联想到一个人失眠时自己的反应,31,deleted,,0,模板变体、超长表达或配额外的同概念近似项
4960,听别人说起被拒绝后不再继续打扰，便联想到一个人失眠时自己的反应,31,deleted,,0,模板变体、超长表达或配额外的同概念近似项
4961,听别人说起把异性缘归因于颜值，便联想到一个人失眠时自己的反应,30,deleted,,0,模板变体、超长表达或配额外的同概念近似项
4962,听别人说起被家人追问什么时候结婚，便联想到一个人失眠时自己的反应,32,deleted,,0,模板变体、超长表达或配额外的同概念近似项
4963,听别人说起看见街边摆满情侣商品，便联想到一个人失眠时自己的反应,31,deleted,,0,模板变体、超长表达或配额外的同概念近似项
4964,听别人说起每天给对方分享短视频，便联想到一个人失眠时自己的反应,31,deleted,,0,模板变体、超长表达或配额外的同概念近似项
4965,听别人说起被问最长一段关系多久，便联想到一个人失眠时自己的反应,31,deleted,,0,模板变体、超长表达或配额外的同概念近似项
4966,听别人说起看到桌上放着两张电影票，便联想到一个人失眠时自己的反应,32,deleted,,0,模板变体、超长表达或配额外的同概念近似项
4967,听别人说起学习不靠伴侣定义完整，便联想到一个人失眠时自己的反应,31,deleted,,0,模板变体、超长表达或配额外的同概念近似项
4968,听别人说起线程脱单后进入双线程，便联想到一个人失眠时自己的反应,31,deleted,,0,模板变体、超长表达或配额外的同概念近似项
4969,暑气未散的放学路上交换只有两个人懂的暗号,20,deleted,,0,模板变体、超长表达或配额外的同概念近似项
4970,毕业倒计时里记住少年骑车时鼓起的衣摆,18,deleted,,0,模板变体、超长表达或配额外的同概念近似项
4971,毕业倒计时里在课程表上圈出共同的空课,18,deleted,,0,模板变体、超长表达或配额外的同概念近似项
4972,毕业倒计时里在校门口犹豫要不要告别,17,deleted,,0,模板变体、超长表达或配额外的同概念近似项
4973,毕业倒计时里聊天时等对方收拾完书包,17,deleted,,0,模板变体、超长表达或配额外的同概念近似项
4974,毕业倒计时里在傍晚风里听见校服摩擦声,18,deleted,,0,模板变体、超长表达或配额外的同概念近似项
4975,毕业倒计时里重回母校时寻找当年的座位,18,deleted,,0,模板变体、超长表达或配额外的同概念近似项
4976,听别人说起发现关系正在升温，便联想到一个人失眠时自己的反应,29,deleted,,0,模板变体、超长表达或配额外的同概念近似项
4977,听别人说起期待有人一起规划周末，便联想到一个人失眠时自己的反应,31,compressed,期待有人一起规划周末,10,移除时间、地点、人物或关系模板，归并到核心概念
4978,听别人说起决定不再隐藏真实心意，便联想到一个人失眠时自己的反应,31,deleted,,0,模板变体、超长表达或配额外的同概念近似项
4979,听别人说起约会结束后舍不得分别，便联想到一个人失眠时自己的反应,31,deleted,,0,模板变体、超长表达或配额外的同概念近似项
4980,听别人说起为越界接触认真道歉，便联想到一个人失眠时自己的反应,30,deleted,,0,模板变体、超长表达或配额外的同概念近似项
4981,听别人说起接受曾经喜欢的人已走远，便联想到一个人失眠时自己的反应,32,deleted,,0,模板变体、超长表达或配额外的同概念近似项
4982,听别人说起怀疑现在恋爱是否太晚，便联想到一个人失眠时自己的反应,31,deleted,,0,模板变体、超长表达或配额外的同概念近似项
4983,听别人说起听见同龄人开始谈婚论嫁，便联想到一个人失眠时自己的反应,32,deleted,,0,模板变体、超长表达或配额外的同概念近似项
4984,听别人说起重新建立交往边界，便联想到一个人失眠时自己的反应,29,deleted,,0,模板变体、超长表达或配额外的同概念近似项
4985,听别人说起学习更坦诚地表达感受，便联想到一个人失眠时自己的反应,31,deleted,,0,模板变体、超长表达或配额外的同概念近似项
4986,听别人说起参加同学婚礼独自坐一桌，便联想到一个人失眠时自己的反应,32,deleted,,0,模板变体、超长表达或配额外的同概念近似项
4987,听别人说起独自度过恋爱主题节日，便联想到一个人失眠时自己的反应,31,deleted,,0,模板变体、超长表达或配额外的同概念近似项
4988,听别人说起把重要聊天设置为置顶，便联想到一个人失眠时自己的反应,31,deleted,,0,模板变体、超长表达或配额外的同概念近似项
4989,听别人说起猜测今年是否能够脱单，便联想到一个人失眠时自己的反应,31,deleted,,0,模板变体、超长表达或配额外的同概念近似项
4990,听别人说起发现相册里只有单人照片，便联想到一个人失眠时自己的反应,32,deleted,,0,模板变体、超长表达或配额外的同概念近似项
4991,听别人说起接受每个人节奏不同，便联想到一个人失眠时自己的反应,30,deleted,,0,模板变体、超长表达或配额外的同概念近似项
4992,听别人说起空对象拒绝返回女朋友，便联想到一个人失眠时自己的反应,31,deleted,,0,模板变体、超长表达或配额外的同概念近似项
4993,暑气未散的放学路上第一次用恋人的身份说晚安,21,deleted,,0,模板变体、超长表达或配额外的同概念近似项
4994,毕业倒计时里发现镜片后躲闪的目光,16,deleted,,0,模板变体、超长表达或配额外的同概念近似项
4995,毕业倒计时里用广播点歌传递含蓄心意,17,deleted,,0,模板变体、超长表达或配额外的同概念近似项
4996,毕业倒计时里在公交站陪对方等车,15,deleted,,0,模板变体、超长表达或配额外的同概念近似项
4997,毕业倒计时里看见她睡着后压低说话声音,18,deleted,,0,模板变体、超长表达或配额外的同概念近似项
4998,毕业倒计时里尝到小卖部冰汽水的甜味,17,deleted,,0,模板变体、超长表达或配额外的同概念近似项
4999,毕业倒计时里听见校歌突然想起喜欢的人,18,deleted,,0,模板变体、超长表达或配额外的同概念近似项
5000,听别人说起体验被人惦记的感觉，便联想到一个人失眠时自己的反应,30,deleted,,0,模板变体、超长表达或配额外的同概念近似项
5001,听别人说起不再独自参加朋友聚会，便联想到一个人失眠时自己的反应,31,deleted,,0,模板变体、超长表达或配额外的同概念近似项
5002,听别人说起尊重对方对追求的回应，便联想到一个人失眠时自己的反应,31,deleted,,0,模板变体、超长表达或配额外的同概念近似项
5003,听别人说起等待对方发来安全到家，便联想到一个人失眠时自己的反应,31,deleted,,0,模板变体、超长表达或配额外的同概念近似项
5004,听别人说起尊重对方改变主意，便联想到一个人失眠时自己的反应,29,deleted,,0,模板变体、超长表达或配额外的同概念近似项
5005,听别人说起意识到自己从没被表白，便联想到一个人失眠时自己的反应,31,deleted,,0,模板变体、超长表达或配额外的同概念近似项
5006,听别人说起计算自己单身了多少年，便联想到一个人失眠时自己的反应,31,deleted,,0,模板变体、超长表达或配额外的同概念近似项
5007,听别人说起把自己的经历和别人比较，便联想到一个人失眠时自己的反应,32,deleted,,0,模板变体、超长表达或配额外的同概念近似项
5008,听别人说起删除没有发出的解释消息，便联想到一个人失眠时自己的反应,32,deleted,,0,模板变体、超长表达或配额外的同概念近似项
5009,听别人说起不再靠恋爱证明个人价值，便联想到一个人失眠时自己的反应,32,deleted,,0,模板变体、超长表达或配额外的同概念近似项
5010,听别人说起听见别人叫彼此老公老婆，便联想到一个人失眠时自己的反应,32,deleted,,0,模板变体、超长表达或配额外的同概念近似项
5011,听别人说起收到平台推送的情侣套餐，便联想到一个人失眠时自己的反应,32,deleted,,0,模板变体、超长表达或配额外的同概念近似项
5012,听别人说起从线上聊天走到线下见面，便联想到一个人失眠时自己的反应,32,deleted,,0,模板变体、超长表达或配额外的同概念近似项
5013,听别人说起面对她是不是你女朋友的追问，便联想到一个人失眠时自己的反应,34,deleted,,0,模板变体、超长表达或配额外的同概念近似项
5014,听别人说起收到适合约会的地点推荐，便联想到一个人失眠时自己的反应,32,deleted,,0,模板变体、超长表达或配额外的同概念近似项
5015,听别人说起允许遗憾留在过去，便联想到一个人失眠时自己的反应,29,deleted,,0,模板变体、超长表达或配额外的同概念近似项
5016,听别人说起恋爱脑被当作神经网络，便联想到一个人失眠时自己的反应,31,deleted,,0,模板变体、超长表达或配额外的同概念近似项
5017,暑气未散的放学路上约定毕业以后也继续联系,20,deleted,,0,模板变体、超长表达或配额外的同概念近似项
5018,毕业倒计时里在人群中认出那双熟悉的球鞋,19,deleted,,0,模板变体、超长表达或配额外的同概念近似项
5019,毕业倒计时里约定用窗台上的水杯当暗号,18,deleted,,0,模板变体、超长表达或配额外的同概念近似项
5020,毕业倒计时里绕远路走过两个人常走的小巷,19,deleted,,0,模板变体、超长表达或配额外的同概念近似项
5021,毕业倒计时里把最后一颗糖留给喜欢的人,18,deleted,,0,模板变体、超长表达或配额外的同概念近似项
5022,毕业倒计时里记住她经过时淡淡的洗衣粉香,19,deleted,,0,模板变体、超长表达或配额外的同概念近似项
5023,毕业倒计时里意识到那次挥手已经是最后一面,20,deleted,,0,模板变体、超长表达或配额外的同概念近似项
5024,听别人说起允许恋爱自然发生，便联想到一个人失眠时自己的反应,29,deleted,,0,模板变体、超长表达或配额外的同概念近似项
5025,听别人说起寻找能够长期相处的人，便联想到一个人失眠时自己的反应,31,deleted,,0,模板变体、超长表达或配额外的同概念近似项
5026,听别人说起把模糊关系说清楚，便联想到一个人失眠时自己的反应,29,deleted,,0,模板变体、超长表达或配额外的同概念近似项
5027,听别人说起期待下一次单独见面，便联想到一个人失眠时自己的反应,30,deleted,,0,模板变体、超长表达或配额外的同概念近似项
5028,听别人说起在安全感中逐渐靠近，便联想到一个人失眠时自己的反应,30,deleted,,0,模板变体、超长表达或配额外的同概念近似项
5029,听别人说起不再用经历数量评价自己，便联想到一个人失眠时自己的反应,32,deleted,,0,模板变体、超长表达或配额外的同概念近似项
5030,听别人说起提醒自己没有统一人生时钟，便联想到一个人失眠时自己的反应,33,deleted,,0,模板变体、超长表达或配额外的同概念近似项
5031,听别人说起提醒自己不必追赶他人进度，便联想到一个人失眠时自己的反应,33,deleted,,0,模板变体、超长表达或配额外的同概念近似项
5032,听别人说起把没有回复也视作答案，便联想到一个人失眠时自己的反应,31,deleted,,0,模板变体、超长表达或配额外的同概念近似项
5033,听别人说起相信自己也值得被选择，便联想到一个人失眠时自己的反应,31,deleted,,0,模板变体、超长表达或配额外的同概念近似项
5034,听别人说起还没有对象就开始被催婚，便联想到一个人失眠时自己的反应,32,deleted,,0,模板变体、超长表达或配额外的同概念近似项
5035,听别人说起跨年倒数时想起喜欢的人，便联想到一个人失眠时自己的反应,32,deleted,,0,模板变体、超长表达或配额外的同概念近似项
5036,听别人说起因为断联猜测关系是否结束，便联想到一个人失眠时自己的反应,33,deleted,,0,模板变体、超长表达或配额外的同概念近似项
5037,听别人说起拒绝回答过度私人的感情问题，便联想到一个人失眠时自己的反应,34,deleted,,0,模板变体、超长表达或配额外的同概念近似项
5038,听别人说起看见副驾驶放着一束花，便联想到一个人失眠时自己的反应,31,deleted,,0,模板变体、超长表达或配额外的同概念近似项
5039,听别人说起相信未来仍会建立连接，便联想到一个人失眠时自己的反应,31,deleted,,0,模板变体、超长表达或配额外的同概念近似项
5040,听别人说起朋友圈在图论里形成闭环，便联想到一个人失眠时自己的反应,32,deleted,,0,模板变体、超长表达或配额外的同概念近似项
5041,毕业倒计时里和喜欢的人隔着课桌对视,17,deleted,,0,模板变体、超长表达或配额外的同概念近似项
5042,早读晨光里风吹起她额前的刘海，成了后来常想起的画面,25,compressed,风吹起她额前的刘海,9,移除时间、地点、人物或关系模板，归并到核心概念
5043,早读晨光里递来一张折好的小纸条，成了后来常想起的画面,26,compressed,递来一张折好的小纸条,10,移除时间、地点、人物或关系模板，归并到核心概念
5044,早读晨光里在靠窗的座位等她出现，成了后来常想起的画面,26,compressed,在靠窗的座位等她出现,10,移除时间、地点、人物或关系模板，归并到核心概念
5045,早读晨光里把课堂笔记借给喜欢的人，成了后来常想起的画面,27,compressed,把课堂笔记借给喜欢的人,11,移除时间、地点、人物或关系模板，归并到核心概念
5046,早读晨光里听见窗外一阵很长的蝉鸣，成了后来常想起的画面,27,compressed,听见窗外一阵很长的蝉鸣,11,移除时间、地点、人物或关系模板，归并到核心概念
5047,早读晨光里在毕业册上写下一句祝福，成了后来常想起的画面,27,compressed,在毕业册上写下一句祝福,11,移除时间、地点、人物或关系模板，归并到核心概念
5048,听别人说起第一次确认恋爱关系，便联想到周末单独见面时自己的反应,31,compressed,第一次确认恋爱关系,9,移除时间、地点、人物或关系模板，归并到核心概念
5049,听别人说起终于有了稳定对象，便联想到周末单独见面时自己的反应,30,compressed,终于有了稳定对象,8,移除时间、地点、人物或关系模板，归并到核心概念
5050,听别人说起鼓起勇气说出喜欢，便联想到周末单独见面时自己的反应,30,deleted,,0,模板变体、超长表达或配额外的同概念近似项
5051,听别人说起计划第一次正式约会，便联想到周末单独见面时自己的反应,31,deleted,,0,模板变体、超长表达或配额外的同概念近似项
5052,听别人说起第一次牵住喜欢的人的手，便联想到周末单独见面时自己的反应,33,compressed,第一次牵住喜欢的人的手,11,移除时间、地点、人物或关系模板，归并到核心概念
5053,听别人说起回忆自己的第一次心动，便联想到周末单独见面时自己的反应,32,deleted,,0,模板变体、超长表达或配额外的同概念近似项
5054,听别人说起发现又长一岁仍然单身，便联想到周末单独见面时自己的反应,32,deleted,,0,模板变体、超长表达或配额外的同概念近似项
5055,听别人说起看到室友突然宣布脱单，便联想到周末单独见面时自己的反应,32,deleted,,0,模板变体、超长表达或配额外的同概念近似项
5056,听别人说起告白后收到明确拒绝，便联想到周末单独见面时自己的反应,31,deleted,,0,模板变体、超长表达或配额外的同概念近似项
5057,听别人说起担心自己的外貌没有吸引力，便联想到周末单独见面时自己的反应,34,deleted,,0,模板变体、超长表达或配额外的同概念近似项
5058,听别人说起收到朋友发来的婚礼请柬，便联想到周末单独见面时自己的反应,33,compressed,收到朋友发来的婚礼请柬,11,移除时间、地点、人物或关系模板，归并到核心概念
5059,听别人说起在情人节准备一束玫瑰，便联想到周末单独见面时自己的反应,32,deleted,,0,模板变体、超长表达或配额外的同概念近似项
5060,听别人说起把心动对象称作crush，便联想到周末单独见面时自己的反应,34,deleted,,0,模板变体、超长表达或配额外的同概念近似项
5061,听别人说起被问以前谈过几个对象，便联想到周末单独见面时自己的反应,32,deleted,,0,模板变体、超长表达或配额外的同概念近似项
5062,听别人说起看见电影院里的双人座，便联想到周末单独见面时自己的反应,32,compressed,看见电影院里的双人座,10,移除时间、地点、人物或关系模板，归并到核心概念
5063,听别人说起把恋爱视作人生进度，便联想到周末单独见面时自己的反应,31,deleted,,0,模板变体、超长表达或配额外的同概念近似项
5064,听别人说起面向对象时找不到对象，便联想到周末单独见面时自己的反应,32,deleted,,0,模板变体、超长表达或配额外的同概念近似项
5065,毕业倒计时里发现同桌悄悄看向自己,16,deleted,,0,模板变体、超长表达或配额外的同概念近似项
5066,早读晨光里看见她把刘海别到耳后，成了后来常想起的画面,26,compressed,看见她把刘海别到耳后,10,移除时间、地点、人物或关系模板，归并到核心概念
5067,早读晨光里在纸条背面写下回复，成了后来常想起的画面,25,compressed,在纸条背面写下回复,9,移除时间、地点、人物或关系模板，归并到核心概念
5068,早读晨光里经过对方班级的教室门口，成了后来常想起的画面,27,compressed,经过对方班级的教室门口,11,移除时间、地点、人物或关系模板，归并到核心概念
5069,早读晨光里耐心讲一道做错的题，成了后来常想起的画面,25,compressed,耐心讲一道做错的题,9,移除时间、地点、人物或关系模板，归并到核心概念
5070,早读晨光里听见下课铃盖过没说完的话，成了后来常想起的画面,28,compressed,听见下课铃盖过没说完的话,12,移除时间、地点、人物或关系模板，归并到核心概念
5071,早读晨光里把同学录最后一页留给她，成了后来常想起的画面,27,compressed,把同学录最后一页留给她,11,移除时间、地点、人物或关系模板，归并到核心概念
5072,听别人说起感受到双向喜欢，便联想到周末单独见面时自己的反应,29,compressed,感受到双向喜欢,7,移除时间、地点、人物或关系模板，归并到核心概念
5073,听别人说起介绍身边的人是另一半，便联想到周末单独见面时自己的反应,32,compressed,介绍身边的人是另一半,10,移除时间、地点、人物或关系模板，归并到核心概念
5074,听别人说起把暗恋写进一封信，便联想到周末单独见面时自己的反应,30,deleted,,0,模板变体、超长表达或配额外的同概念近似项
5075,听别人说起邀请喜欢的人一起吃饭，便联想到周末单独见面时自己的反应,32,deleted,,0,模板变体、超长表达或配额外的同概念近似项
5076,听别人说起得到同意后拥抱对方，便联想到周末单独见面时自己的反应,31,compressed,得到同意后拥抱对方,9,移除时间、地点、人物或关系模板，归并到核心概念
5077,听别人说起谈起已经结束的上一段关系，便联想到周末单独见面时自己的反应,34,deleted,,0,模板变体、超长表达或配额外的同概念近似项
5078,听别人说起担心毕业前没有恋爱经历，便联想到周末单独见面时自己的反应,33,deleted,,0,模板变体、超长表达或配额外的同概念近似项
5079,听别人说起发现聚会里只有自己单身，便联想到周末单独见面时自己的反应,33,deleted,,0,模板变体、超长表达或配额外的同概念近似项
5080,听别人说起听见我们还是做朋友吧，便联想到周末单独见面时自己的反应,32,deleted,,0,模板变体、超长表达或配额外的同概念近似项
5081,听别人说起见喜欢的人前认真整理头发，便联想到周末单独见面时自己的反应,34,deleted,,0,模板变体、超长表达或配额外的同概念近似项
5082,听别人说起看见恋人交换订婚戒指，便联想到周末单独见面时自己的反应,32,compressed,看见恋人交换订婚戒指,10,移除时间、地点、人物或关系模板，归并到核心概念
5083,听别人说起七夕预订双人晚餐，便联想到周末单独见面时自己的反应,30,deleted,,0,模板变体、超长表达或配额外的同概念近似项
5084,听别人说起在朋友圈正式官宣关系，便联想到周末单独见面时自己的反应,32,deleted,,0,模板变体、超长表达或配额外的同概念近似项
5085,听别人说起回答自己有没有恋爱经历，便联想到周末单独见面时自己的反应,33,deleted,,0,模板变体、超长表达或配额外的同概念近似项
5086,听别人说起路过摆满玫瑰的花店，便联想到周末单独见面时自己的反应,31,compressed,路过摆满玫瑰的花店,9,移除时间、地点、人物或关系模板，归并到核心概念
5087,听别人说起担心青春缺少重要体验，便联想到周末单独见面时自己的反应,32,deleted,,0,模板变体、超长表达或配额外的同概念近似项
5088,听别人说起对象存储突然容量不足，便联想到周末单独见面时自己的反应,32,deleted,,0,模板变体、超长表达或配额外的同概念近似项
5089,毕业倒计时里把喜欢藏在课堂笔记里,16,deleted,,0,模板变体、超长表达或配额外的同概念近似项
5090,早读晨光里注意到阳光落在她的发梢，成了后来常想起的画面,27,compressed,注意到阳光落在她的发梢,11,移除时间、地点、人物或关系模板，归并到核心概念
5091,早读晨光里把没送出的情书夹进书里，成了后来常想起的画面,27,compressed,把没送出的情书夹进书里,11,移除时间、地点、人物或关系模板，归并到核心概念
5092,早读晨光里在空教室里多停留一会儿，成了后来常想起的画面,27,compressed,在空教室里多停留一会儿,11,移除时间、地点、人物或关系模板，归并到核心概念
5093,早读晨光里一起背诵第二天要抽查的课文，成了后来常想起的画面,29,deleted,,0,模板变体、超长表达或配额外的同概念近似项
5094,早读晨光里记住篮球落地的回声，成了后来常想起的画面,25,compressed,记住篮球落地的回声,9,移除时间、地点、人物或关系模板，归并到核心概念
5095,早读晨光里在毕业照里悄悄站得更近，成了后来常想起的画面,27,compressed,在毕业照里悄悄站得更近,11,移除时间、地点、人物或关系模板，归并到核心概念
5096,听别人说起学会经营一段感情，便联想到周末单独见面时自己的反应,30,deleted,,0,模板变体、超长表达或配额外的同概念近似项
5097,听别人说起从单身状态顺利毕业，便联想到周末单独见面时自己的反应,31,compressed,从单身状态顺利毕业,9,移除时间、地点、人物或关系模板，归并到核心概念
5098,听别人说起试探对方是否也有好感，便联想到周末单独见面时自己的反应,32,deleted,,0,模板变体、超长表达或配额外的同概念近似项
5099,听别人说起挑选适合聊天的咖啡店，便联想到周末单独见面时自己的反应,32,deleted,,0,模板变体、超长表达或配额外的同概念近似项
5100,听别人说起在靠近前先询问意愿，便联想到周末单独见面时自己的反应,31,deleted,,0,模板变体、超长表达或配额外的同概念近似项
5101,听别人说起被问到过去有几次恋爱，便联想到周末单独见面时自己的反应,32,deleted,,0,模板变体、超长表达或配额外的同概念近似项
5102,听别人说起看着同龄人进入稳定关系，便联想到周末单独见面时自己的反应,33,deleted,,0,模板变体、超长表达或配额外的同概念近似项
5103,听别人说起刷到朋友晒情侣合照，便联想到周末单独见面时自己的反应,31,deleted,,0,模板变体、超长表达或配额外的同概念近似项
5104,听别人说起邀约连续几次没有回应，便联想到周末单独见面时自己的反应,32,deleted,,0,模板变体、超长表达或配额外的同概念近似项
5105,听别人说起怀疑自己不擅长聊天，便联想到周末单独见面时自己的反应,31,deleted,,0,模板变体、超长表达或配额外的同概念近似项
5106,听别人说起讨论以后在哪座城市生活，便联想到周末单独见面时自己的反应,33,compressed,讨论以后在哪座城市生活,11,移除时间、地点、人物或关系模板，归并到核心概念
5107,听别人说起在520发出含蓄告白，便联想到周末单独见面时自己的反应,32,deleted,,0,模板变体、超长表达或配额外的同概念近似项
5108,听别人说起和朋友一起磕一对CP，便联想到周末单独见面时自己的反应,32,deleted,,0,模板变体、超长表达或配额外的同概念近似项
5109,听别人说起被追问为什么一直单身，便联想到周末单独见面时自己的反应,32,deleted,,0,模板变体、超长表达或配额外的同概念近似项
5110,听别人说起发现饮品店推出情侣套餐，便联想到周末单独见面时自己的反应,33,compressed,发现饮品店推出情侣套餐,11,移除时间、地点、人物或关系模板，归并到核心概念
5111,听别人说起觉得自己落后于同龄人，便联想到周末单独见面时自己的反应,32,deleted,,0,模板变体、超长表达或配额外的同概念近似项
5112,听别人说起单例模式坚持保持单身，便联想到周末单独见面时自己的反应,32,deleted,,0,模板变体、超长表达或配额外的同概念近似项
5113,毕业倒计时里借讲题的机会坐得更近,16,deleted,,0,模板变体、超长表达或配额外的同概念近似项
5114,早读晨光里记住她低头笑时的酒窝，成了后来常想起的画面,26,compressed,记住她低头笑时的酒窝,10,移除时间、地点、人物或关系模板，归并到核心概念
5115,早读晨光里收到一封没有署名的情书，成了后来常想起的画面,27,compressed,收到一封没有署名的情书,11,移除时间、地点、人物或关系模板，归并到核心概念
5116,早读晨光里从教学楼走廊远远看见她，成了后来常想起的画面,27,compressed,从教学楼走廊远远看见她,11,移除时间、地点、人物或关系模板，归并到核心概念
5117,早读晨光里互相检查听写答案，成了后来常想起的画面,24,compressed,互相检查听写答案,8,移除时间、地点、人物或关系模板，归并到核心概念
5118,早读晨光里听见广播里放过的那首歌，成了后来常想起的画面,27,compressed,听见广播里放过的那首歌,11,移除时间、地点、人物或关系模板，归并到核心概念
5119,早读晨光里在校服背面签下名字，成了后来常想起的画面,25,compressed,在校服背面签下名字,9,移除时间、地点、人物或关系模板，归并到核心概念
5120,听别人说起拥有可以分享日常的人，便联想到周末单独见面时自己的反应,32,deleted,,0,模板变体、超长表达或配额外的同概念近似项
5121,听别人说起朋友介绍了合适的人，便联想到周末单独见面时自己的反应,31,compressed,朋友介绍了合适的人,9,移除时间、地点、人物或关系模板，归并到核心概念
5122,听别人说起主动创造单独见面的机会，便联想到周末单独见面时自己的反应,33,deleted,,0,模板变体、超长表达或配额外的同概念近似项
5123,听别人说起一起看期待很久的电影，便联想到周末单独见面时自己的反应,32,deleted,,0,模板变体、超长表达或配额外的同概念近似项
5124,听别人说起注意到对方不舒服的信号，便联想到周末单独见面时自己的反应,33,deleted,,0,模板变体、超长表达或配额外的同概念近似项
5125,听别人说起发现恋爱履历仍然空白，便联想到周末单独见面时自己的反应,32,deleted,,0,模板变体、超长表达或配额外的同概念近似项
5126,听别人说起把生日变成脱单倒计时，便联想到周末单独见面时自己的反应,32,deleted,,0,模板变体、超长表达或配额外的同概念近似项
5127,听别人说起听同学讨论各自的前任，便联想到周末单独见面时自己的反应,32,deleted,,0,模板变体、超长表达或配额外的同概念近似项
5128,听别人说起发现对方正在逐渐疏远，便联想到周末单独见面时自己的反应,32,deleted,,0,模板变体、超长表达或配额外的同概念近似项
5129,听别人说起面对心动对象突然紧张，便联想到周末单独见面时自己的反应,32,deleted,,0,模板变体、超长表达或配额外的同概念近似项
5130,听别人说起考虑要不要带对象见父母，便联想到周末单独见面时自己的反应,33,compressed,考虑要不要带对象见父母,11,移除时间、地点、人物或关系模板，归并到核心概念
5131,听别人说起圣诞夜邀请喜欢的人见面，便联想到周末单独见面时自己的反应,33,deleted,,0,模板变体、超长表达或配额外的同概念近似项
5132,听别人说起判断彼此是否处于暧昧期，便联想到周末单独见面时自己的反应,33,deleted,,0,模板变体、超长表达或配额外的同概念近似项
5133,听别人说起听见什么时候脱单的问题，便联想到周末单独见面时自己的反应,33,deleted,,0,模板变体、超长表达或配额外的同概念近似项
5134,听别人说起看见两件并排挂着的外套，便联想到周末单独见面时自己的反应,33,deleted,,0,模板变体、超长表达或配额外的同概念近似项
5135,听别人说起害怕永远错过亲密关系，便联想到周末单独见面时自己的反应,32,deleted,,0,模板变体、超长表达或配额外的同概念近似项
5136,听别人说起配对算法开始安排相亲，便联想到周末单独见面时自己的反应,32,deleted,,0,模板变体、超长表达或配额外的同概念近似项
5137,毕业倒计时里在走廊等喜欢的人经过,16,deleted,,0,模板变体、超长表达或配额外的同概念近似项
5138,早读晨光里发现她见面前认真扎好头发，成了后来常想起的画面,28,compressed,发现她见面前认真扎好头发,12,移除时间、地点、人物或关系模板，归并到核心概念
5139,早读晨光里在便利贴上画一颗小心心，成了后来常想起的画面,27,compressed,在便利贴上画一颗小心心,11,移除时间、地点、人物或关系模板，归并到核心概念
5140,早读晨光里在楼梯转角意外遇见喜欢的人，成了后来常想起的画面,29,deleted,,0,模板变体、超长表达或配额外的同概念近似项
5141,早读晨光里替对方保管暂时没收的手机，成了后来常想起的画面,28,compressed,替对方保管暂时没收的手机,12,移除时间、地点、人物或关系模板，归并到核心概念
5142,早读晨光里看见晨光落在她的课桌上，成了后来常想起的画面,27,compressed,看见晨光落在她的课桌上,11,移除时间、地点、人物或关系模板，归并到核心概念
5143,早读晨光里把没送出的情书带回家，成了后来常想起的画面,26,compressed,把没送出的情书带回家,10,移除时间、地点、人物或关系模板，归并到核心概念
5144,听别人说起期待稳定的情感回应，便联想到周末单独见面时自己的反应,31,deleted,,0,模板变体、超长表达或配额外的同概念近似项
5145,听别人说起认真思考理想伴侣，便联想到周末单独见面时自己的反应,30,compressed,认真思考理想伴侣,8,移除时间、地点、人物或关系模板，归并到核心概念
5146,听别人说起收到别人认真的告白，便联想到周末单独见面时自己的反应,31,deleted,,0,模板变体、超长表达或配额外的同概念近似项
5147,听别人说起沿着安静的小路散步，便联想到周末单独见面时自己的反应,31,deleted,,0,模板变体、超长表达或配额外的同概念近似项
5148,听别人说起明确拒绝后立即停止，便联想到周末单独见面时自己的反应,31,deleted,,0,模板变体、超长表达或配额外的同概念近似项
5149,听别人说起听对方说起难忘的初恋，便联想到周末单独见面时自己的反应,32,deleted,,0,模板变体、超长表达或配额外的同概念近似项
5150,听别人说起害怕错过年轻时的恋爱，便联想到周末单独见面时自己的反应,32,deleted,,0,模板变体、超长表达或配额外的同概念近似项
5151,听别人说起参加婚礼时被问有没有对象，便联想到周末单独见面时自己的反应,34,deleted,,0,模板变体、超长表达或配额外的同概念近似项
5152,听别人说起接受喜欢没有得到回应，便联想到周末单独见面时自己的反应,32,deleted,,0,模板变体、超长表达或配额外的同概念近似项
5153,听别人说起读不懂别人释放的好感，便联想到周末单独见面时自己的反应,32,deleted,,0,模板变体、超长表达或配额外的同概念近似项
5154,听别人说起从恋爱走向共同生活，便联想到周末单独见面时自己的反应,31,compressed,从恋爱走向共同生活,9,移除时间、地点、人物或关系模板，归并到核心概念
5155,听别人说起为恋爱纪念日挑选礼物，便联想到周末单独见面时自己的反应,32,deleted,,0,模板变体、超长表达或配额外的同概念近似项
5156,听别人说起讨论situationship算什么关系，便联想到周末单独见面时自己的反应,42,deleted,,0,模板变体、超长表达或配额外的同概念近似项
5157,听别人说起解释目前有没有喜欢的人，便联想到周末单独见面时自己的反应,33,deleted,,0,模板变体、超长表达或配额外的同概念近似项
5158,听别人说起注意到共享耳机的两个人，便联想到周末单独见面时自己的反应,33,deleted,,0,模板变体、超长表达或配额外的同概念近似项
5159,听别人说起希望成为某个人的例外，便联想到周末单独见面时自己的反应,32,deleted,,0,模板变体、超长表达或配额外的同概念近似项
5160,听别人说起关系数据库认真维护关系，便联想到周末单独见面时自己的反应,33,deleted,,0,模板变体、超长表达或配额外的同概念近似项
5161,毕业倒计时里课间绕路去隔壁班门口,16,deleted,,0,模板变体、超长表达或配额外的同概念近似项
5162,早读晨光里看见她穿着宽大的校服外套，成了后来常想起的画面,28,compressed,看见她穿着宽大的校服外套,12,移除时间、地点、人物或关系模板，归并到核心概念
5163,早读晨光里把名字写在同一张草稿纸上，成了后来常想起的画面,28,compressed,把名字写在同一张草稿纸上,12,移除时间、地点、人物或关系模板，归并到核心概念
5164,早读晨光里绕路经过她常去的饮水机，成了后来常想起的画面,27,compressed,绕路经过她常去的饮水机,11,移除时间、地点、人物或关系模板，归并到核心概念
5165,早读晨光里给趴在桌上的人留一盒牛奶，成了后来常想起的画面,28,compressed,给趴在桌上的人留一盒牛奶,12,移除时间、地点、人物或关系模板，归并到核心概念
5166,早读晨光里看见晚霞穿过教学楼窗户，成了后来常想起的画面,27,compressed,看见晚霞穿过教学楼窗户,11,移除时间、地点、人物或关系模板，归并到核心概念
5167,早读晨光里错过毕业前最后一次告白，成了后来常想起的画面,27,compressed,错过毕业前最后一次告白,11,移除时间、地点、人物或关系模板，归并到核心概念
5168,听别人说起从朋友走向恋人，便联想到周末单独见面时自己的反应,29,deleted,,0,模板变体、超长表达或配额外的同概念近似项
5169,听别人说起遇到愿意互相陪伴的人，便联想到周末单独见面时自己的反应,32,compressed,遇到愿意互相陪伴的人,10,移除时间、地点、人物或关系模板，归并到核心概念
5170,听别人说起准备一份有意义的礼物，便联想到周末单独见面时自己的反应,32,deleted,,0,模板变体、超长表达或配额外的同概念近似项
5171,听别人说起为两个人安排周末行程，便联想到周末单独见面时自己的反应,32,deleted,,0,模板变体、超长表达或配额外的同概念近似项
5172,听别人说起不把沉默误认为同意，便联想到周末单独见面时自己的反应,31,deleted,,0,模板变体、超长表达或配额外的同概念近似项
5173,听别人说起整理前任留下的旧物，便联想到周末单独见面时自己的反应,31,deleted,,0,模板变体、超长表达或配额外的同概念近似项
5174,听别人说起觉得感情进度落后别人，便联想到周末单独见面时自己的反应,32,deleted,,0,模板变体、超长表达或配额外的同概念近似项
5175,听别人说起看别人收到纪念日礼物，便联想到周末单独见面时自己的反应,32,deleted,,0,模板变体、超长表达或配额外的同概念近似项
5176,听别人说起停止追问拒绝的具体理由，便联想到周末单独见面时自己的反应,33,deleted,,0,模板变体、超长表达或配额外的同概念近似项
5177,听别人说起想知道有没有人喜欢自己，便联想到周末单独见面时自己的反应,33,deleted,,0,模板变体、超长表达或配额外的同概念近似项
5178,听别人说起规划两个人的长期未来，便联想到周末单独见面时自己的反应,32,deleted,,0,模板变体、超长表达或配额外的同概念近似项
5179,听别人说起零点发送周年祝福，便联想到周末单独见面时自己的反应,30,deleted,,0,模板变体、超长表达或配额外的同概念近似项
5180,听别人说起换上成套的情侣头像，便联想到周末单独见面时自己的反应,31,deleted,,0,模板变体、超长表达或配额外的同概念近似项
5181,听别人说起回答第一次恋爱是在几岁，便联想到周末单独见面时自己的反应,33,deleted,,0,模板变体、超长表达或配额外的同概念近似项
5182,听别人说起经过夜晚亮灯的摩天轮，便联想到周末单独见面时自己的反应,32,deleted,,0,模板变体、超长表达或配额外的同概念近似项
5183,听别人说起渴望获得稳定情感回应，便联想到周末单独见面时自己的反应,32,deleted,,0,模板变体、超长表达或配额外的同概念近似项
5184,听别人说起握手协议负责成功牵手，便联想到周末单独见面时自己的反应,32,deleted,,0,模板变体、超长表达或配额外的同概念近似项
5185,毕业倒计时里替心动对象去小卖部带饮料,18,deleted,,0,模板变体、超长表达或配额外的同概念近似项
5186,早读晨光里认出人群里熟悉的校服衣角，成了后来常想起的画面,28,compressed,认出人群里熟悉的校服衣角,12,移除时间、地点、人物或关系模板，归并到核心概念
5187,早读晨光里交换一根代表好感的小皮筋，成了后来常想起的画面,28,compressed,交换一根代表好感的小皮筋,12,移除时间、地点、人物或关系模板，归并到核心概念
5188,早读晨光里在图书馆同一排书架重逢，成了后来常想起的画面,27,compressed,在图书馆同一排书架重逢,11,移除时间、地点、人物或关系模板，归并到核心概念
5189,早读晨光里提醒喜欢的人带伞，成了后来常想起的画面,24,compressed,提醒喜欢的人带伞,8,移除时间、地点、人物或关系模板，归并到核心概念
5190,早读晨光里记住树影在校服上轻轻晃动，成了后来常想起的画面,28,compressed,记住树影在校服上轻轻晃动,12,移除时间、地点、人物或关系模板，归并到核心概念
5191,早读晨光里把喜欢藏进高考结束的夏天，成了后来常想起的画面,28,compressed,把喜欢藏进高考结束的夏天,12,移除时间、地点、人物或关系模板，归并到核心概念
5192,听别人说起认真讨论彼此的需要，便联想到周末单独见面时自己的反应,31,deleted,,0,模板变体、超长表达或配额外的同概念近似项
5193,听别人说起开始主动扩大社交圈，便联想到周末单独见面时自己的反应,31,compressed,开始主动扩大社交圈,9,移除时间、地点、人物或关系模板，归并到核心概念
5194,听别人说起请朋友帮忙判断好感信号，便联想到周末单独见面时自己的反应,33,deleted,,0,模板变体、超长表达或配额外的同概念近似项
5195,听别人说起见面前认真选择穿搭，便联想到周末单独见面时自己的反应,31,deleted,,0,模板变体、超长表达或配额外的同概念近似项
5196,听别人说起共同商量可以接受的边界，便联想到周末单独见面时自己的反应,33,deleted,,0,模板变体、超长表达或配额外的同概念近似项
5197,听别人说起思考过去关系里的问题，便联想到周末单独见面时自己的反应,32,deleted,,0,模板变体、超长表达或配额外的同概念近似项
5198,听别人说起工作以后才开始学习约会，便联想到周末单独见面时自己的反应,33,deleted,,0,模板变体、超长表达或配额外的同概念近似项
5199,听别人说起发现朋友周末都去约会，便联想到周末单独见面时自己的反应,32,deleted,,0,模板变体、超长表达或配额外的同概念近似项
5200,听别人说起被拒绝后不再继续打扰，便联想到周末单独见面时自己的反应,32,deleted,,0,模板变体、超长表达或配额外的同概念近似项
5201,听别人说起把异性缘归因于颜值，便联想到周末单独见面时自己的反应,31,deleted,,0,模板变体、超长表达或配额外的同概念近似项
5202,听别人说起被家人追问什么时候结婚，便联想到周末单独见面时自己的反应,33,deleted,,0,模板变体、超长表达或配额外的同概念近似项
5203,听别人说起看见街边摆满情侣商品，便联想到周末单独见面时自己的反应,32,deleted,,0,模板变体、超长表达或配额外的同概念近似项
5204,听别人说起每天给对方分享短视频，便联想到周末单独见面时自己的反应,32,deleted,,0,模板变体、超长表达或配额外的同概念近似项
5205,听别人说起被问最长一段关系多久，便联想到周末单独见面时自己的反应,32,deleted,,0,模板变体、超长表达或配额外的同概念近似项
5206,听别人说起看到桌上放着两张电影票，便联想到周末单独见面时自己的反应,33,deleted,,0,模板变体、超长表达或配额外的同概念近似项
5207,听别人说起学习不靠伴侣定义完整，便联想到周末单独见面时自己的反应,32,deleted,,0,模板变体、超长表达或配额外的同概念近似项
5208,听别人说起线程脱单后进入双线程，便联想到周末单独见面时自己的反应,32,deleted,,0,模板变体、超长表达或配额外的同概念近似项
5209,毕业倒计时里在人群中寻找熟悉的校服背影,19,deleted,,0,模板变体、超长表达或配额外的同概念近似项
5210,早读晨光里替对方整理歪掉的校服领口，成了后来常想起的画面,28,compressed,替对方整理歪掉的校服领口,12,移除时间、地点、人物或关系模板，归并到核心概念
5211,早读晨光里把校服第二颗纽扣留作纪念，成了后来常想起的画面,28,compressed,把校服第二颗纽扣留作纪念,12,移除时间、地点、人物或关系模板，归并到核心概念
5212,早读晨光里在自习室替对方留一个座位，成了后来常想起的画面,28,compressed,在自习室替对方留一个座位,12,移除时间、地点、人物或关系模板，归并到核心概念
5213,早读晨光里把自己的外套借给对方，成了后来常想起的画面,26,compressed,把自己的外套借给对方,10,移除时间、地点、人物或关系模板，归并到核心概念
5214,早读晨光里看见雨水沿着教室玻璃滑下，成了后来常想起的画面,28,compressed,看见雨水沿着教室玻璃滑下,12,移除时间、地点、人物或关系模板，归并到核心概念
5215,早读晨光里约定收到录取通知后再见，成了后来常想起的画面,27,compressed,约定收到录取通知后再见,11,移除时间、地点、人物或关系模板，归并到核心概念
5216,听别人说起发现关系正在升温，便联想到周末单独见面时自己的反应,30,deleted,,0,模板变体、超长表达或配额外的同概念近似项
5217,听别人说起期待有人一起规划周末，便联想到周末单独见面时自己的反应,32,compressed,期待有人一起规划周末,10,移除时间、地点、人物或关系模板，归并到核心概念
5218,听别人说起决定不再隐藏真实心意，便联想到周末单独见面时自己的反应,32,deleted,,0,模板变体、超长表达或配额外的同概念近似项
5219,听别人说起约会结束后舍不得分别，便联想到周末单独见面时自己的反应,32,deleted,,0,模板变体、超长表达或配额外的同概念近似项
5220,听别人说起为越界接触认真道歉，便联想到周末单独见面时自己的反应,31,deleted,,0,模板变体、超长表达或配额外的同概念近似项
5221,听别人说起接受曾经喜欢的人已走远，便联想到周末单独见面时自己的反应,33,deleted,,0,模板变体、超长表达或配额外的同概念近似项
5222,听别人说起怀疑现在恋爱是否太晚，便联想到周末单独见面时自己的反应,32,deleted,,0,模板变体、超长表达或配额外的同概念近似项
5223,听别人说起听见同龄人开始谈婚论嫁，便联想到周末单独见面时自己的反应,33,deleted,,0,模板变体、超长表达或配额外的同概念近似项
5224,听别人说起重新建立交往边界，便联想到周末单独见面时自己的反应,30,deleted,,0,模板变体、超长表达或配额外的同概念近似项
5225,听别人说起学习更坦诚地表达感受，便联想到周末单独见面时自己的反应,32,deleted,,0,模板变体、超长表达或配额外的同概念近似项
5226,听别人说起参加同学婚礼独自坐一桌，便联想到周末单独见面时自己的反应,33,deleted,,0,模板变体、超长表达或配额外的同概念近似项
5227,听别人说起独自度过恋爱主题节日，便联想到周末单独见面时自己的反应,32,deleted,,0,模板变体、超长表达或配额外的同概念近似项
5228,听别人说起把重要聊天设置为置顶，便联想到周末单独见面时自己的反应,32,deleted,,0,模板变体、超长表达或配额外的同概念近似项
5229,听别人说起猜测今年是否能够脱单，便联想到周末单独见面时自己的反应,32,deleted,,0,模板变体、超长表达或配额外的同概念近似项
5230,听别人说起发现相册里只有单人照片，便联想到周末单独见面时自己的反应,33,deleted,,0,模板变体、超长表达或配额外的同概念近似项
5231,听别人说起接受每个人节奏不同，便联想到周末单独见面时自己的反应,31,deleted,,0,模板变体、超长表达或配额外的同概念近似项
5232,听别人说起空对象拒绝返回女朋友，便联想到周末单独见面时自己的反应,32,deleted,,0,模板变体、超长表达或配额外的同概念近似项
5233,毕业倒计时里放学后并肩走出校门,15,deleted,,0,模板变体、超长表达或配额外的同概念近似项
5234,早读晨光里注意到校服袖口写着名字，成了后来常想起的画面,27,compressed,注意到校服袖口写着名字,11,移除时间、地点、人物或关系模板，归并到核心概念
5235,早读晨光里送出成对的钥匙扣，成了后来常想起的画面,24,compressed,送出成对的钥匙扣,8,移除时间、地点、人物或关系模板，归并到核心概念
5236,早读晨光里在小卖部门口假装偶遇，成了后来常想起的画面,26,compressed,在小卖部门口假装偶遇,10,移除时间、地点、人物或关系模板，归并到核心概念
5237,早读晨光里记住她不吃的食堂菜，成了后来常想起的画面,25,compressed,记住她不吃的食堂菜,9,移除时间、地点、人物或关系模板，归并到核心概念
5238,早读晨光里闻到新课本混着油墨的气味，成了后来常想起的画面,28,compressed,闻到新课本混着油墨的气味,12,移除时间、地点、人物或关系模板，归并到核心概念
5239,早读晨光里在散伙饭上忍住没说的话，成了后来常想起的画面,27,compressed,在散伙饭上忍住没说的话,11,移除时间、地点、人物或关系模板，归并到核心概念
5240,听别人说起体验被人惦记的感觉，便联想到周末单独见面时自己的反应,31,deleted,,0,模板变体、超长表达或配额外的同概念近似项
5241,听别人说起不再独自参加朋友聚会，便联想到周末单独见面时自己的反应,32,deleted,,0,模板变体、超长表达或配额外的同概念近似项
5242,听别人说起尊重对方对追求的回应，便联想到周末单独见面时自己的反应,32,deleted,,0,模板变体、超长表达或配额外的同概念近似项
5243,听别人说起等待对方发来安全到家，便联想到周末单独见面时自己的反应,32,deleted,,0,模板变体、超长表达或配额外的同概念近似项
5244,听别人说起尊重对方改变主意，便联想到周末单独见面时自己的反应,30,deleted,,0,模板变体、超长表达或配额外的同概念近似项
5245,听别人说起意识到自己从没被表白，便联想到周末单独见面时自己的反应,32,deleted,,0,模板变体、超长表达或配额外的同概念近似项
5246,听别人说起计算自己单身了多少年，便联想到周末单独见面时自己的反应,32,deleted,,0,模板变体、超长表达或配额外的同概念近似项
5247,听别人说起把自己的经历和别人比较，便联想到周末单独见面时自己的反应,33,deleted,,0,模板变体、超长表达或配额外的同概念近似项
5248,听别人说起删除没有发出的解释消息，便联想到周末单独见面时自己的反应,33,deleted,,0,模板变体、超长表达或配额外的同概念近似项
5249,听别人说起不再靠恋爱证明个人价值，便联想到周末单独见面时自己的反应,33,deleted,,0,模板变体、超长表达或配额外的同概念近似项
5250,听别人说起听见别人叫彼此老公老婆，便联想到周末单独见面时自己的反应,33,deleted,,0,模板变体、超长表达或配额外的同概念近似项
5251,听别人说起收到平台推送的情侣套餐，便联想到周末单独见面时自己的反应,33,deleted,,0,模板变体、超长表达或配额外的同概念近似项
5252,听别人说起从线上聊天走到线下见面，便联想到周末单独见面时自己的反应,33,deleted,,0,模板变体、超长表达或配额外的同概念近似项
5253,听别人说起面对她是不是你女朋友的追问，便联想到周末单独见面时自己的反应,35,deleted,,0,模板变体、超长表达或配额外的同概念近似项
5254,听别人说起收到适合约会的地点推荐，便联想到周末单独见面时自己的反应,33,deleted,,0,模板变体、超长表达或配额外的同概念近似项
5255,听别人说起允许遗憾留在过去，便联想到周末单独见面时自己的反应,30,deleted,,0,模板变体、超长表达或配额外的同概念近似项
5256,听别人说起恋爱脑被当作神经网络，便联想到周末单独见面时自己的反应,32,deleted,,0,模板变体、超长表达或配额外的同概念近似项
5257,毕业倒计时里推着自行车陪对方慢慢走,17,deleted,,0,模板变体、超长表达或配额外的同概念近似项
5258,早读晨光里看见白衬衫被晚霞染成金色，成了后来常想起的画面,28,compressed,看见白衬衫被晚霞染成金色,12,移除时间、地点、人物或关系模板，归并到核心概念
5259,早读晨光里互换写着祝福的书签，成了后来常想起的画面,25,compressed,互换写着祝福的书签,9,移除时间、地点、人物或关系模板，归并到核心概念
5260,早读晨光里在食堂排队时站到她身后，成了后来常想起的画面,27,compressed,在食堂排队时站到她身后,11,移除时间、地点、人物或关系模板，归并到核心概念
5261,早读晨光里替迟到的人悄悄留门，成了后来常想起的画面,25,compressed,替迟到的人悄悄留门,9,移除时间、地点、人物或关系模板，归并到核心概念
5262,早读晨光里记住雨后塑胶跑道的气味，成了后来常想起的画面,27,compressed,记住雨后塑胶跑道的气味,11,移除时间、地点、人物或关系模板，归并到核心概念
5263,早读晨光里听完最后一次校园广播，成了后来常想起的画面,26,compressed,听完最后一次校园广播,10,移除时间、地点、人物或关系模板，归并到核心概念
5264,听别人说起允许恋爱自然发生，便联想到周末单独见面时自己的反应,30,deleted,,0,模板变体、超长表达或配额外的同概念近似项
5265,听别人说起寻找能够长期相处的人，便联想到周末单独见面时自己的反应,32,deleted,,0,模板变体、超长表达或配额外的同概念近似项
5266,听别人说起把模糊关系说清楚，便联想到周末单独见面时自己的反应,30,deleted,,0,模板变体、超长表达或配额外的同概念近似项
5267,听别人说起期待下一次单独见面，便联想到周末单独见面时自己的反应,31,deleted,,0,模板变体、超长表达或配额外的同概念近似项
5268,听别人说起在安全感中逐渐靠近，便联想到周末单独见面时自己的反应,31,deleted,,0,模板变体、超长表达或配额外的同概念近似项
5269,听别人说起不再用经历数量评价自己，便联想到周末单独见面时自己的反应,33,deleted,,0,模板变体、超长表达或配额外的同概念近似项
5270,听别人说起提醒自己没有统一人生时钟，便联想到周末单独见面时自己的反应,34,deleted,,0,模板变体、超长表达或配额外的同概念近似项
5271,听别人说起提醒自己不必追赶他人进度，便联想到周末单独见面时自己的反应,34,deleted,,0,模板变体、超长表达或配额外的同概念近似项
5272,听别人说起把没有回复也视作答案，便联想到周末单独见面时自己的反应,32,deleted,,0,模板变体、超长表达或配额外的同概念近似项
5273,听别人说起相信自己也值得被选择，便联想到周末单独见面时自己的反应,32,deleted,,0,模板变体、超长表达或配额外的同概念近似项
5274,听别人说起还没有对象就开始被催婚，便联想到周末单独见面时自己的反应,33,deleted,,0,模板变体、超长表达或配额外的同概念近似项
5275,听别人说起跨年倒数时想起喜欢的人，便联想到周末单独见面时自己的反应,33,deleted,,0,模板变体、超长表达或配额外的同概念近似项
5276,听别人说起因为断联猜测关系是否结束，便联想到周末单独见面时自己的反应,34,deleted,,0,模板变体、超长表达或配额外的同概念近似项
5277,听别人说起拒绝回答过度私人的感情问题，便联想到周末单独见面时自己的反应,35,deleted,,0,模板变体、超长表达或配额外的同概念近似项
5278,听别人说起看见副驾驶放着一束花，便联想到周末单独见面时自己的反应,32,deleted,,0,模板变体、超长表达或配额外的同概念近似项
5279,听别人说起相信未来仍会建立连接，便联想到周末单独见面时自己的反应,32,deleted,,0,模板变体、超长表达或配额外的同概念近似项
5280,听别人说起朋友圈在图论里形成闭环，便联想到周末单独见面时自己的反应,33,deleted,,0,模板变体、超长表达或配额外的同概念近似项
5281,毕业倒计时里一起等最后一班公交车,16,deleted,,0,模板变体、超长表达或配额外的同概念近似项
5282,早读晨光里发现手腕上多了一根小皮筋，成了后来常想起的画面,28,compressed,发现手腕上多了一根小皮筋,12,移除时间、地点、人物或关系模板，归并到核心概念
5283,早读晨光里借出一支舍不得收回的笔，成了后来常想起的画面,27,compressed,借出一支舍不得收回的笔,11,移除时间、地点、人物或关系模板，归并到核心概念
5284,早读晨光里在校园广播站等一首点歌，成了后来常想起的画面,27,compressed,在校园广播站等一首点歌,11,移除时间、地点、人物或关系模板，归并到核心概念
5285,早读晨光里在值日时一起擦黑板，成了后来常想起的画面,25,compressed,在值日时一起擦黑板,9,移除时间、地点、人物或关系模板，归并到核心概念
5286,早读晨光里感到共用雨伞时靠近的温度，成了后来常想起的画面,28,compressed,感到共用雨伞时靠近的温度,12,移除时间、地点、人物或关系模板，归并到核心概念
5287,早读晨光里收拾课桌时找到旧纸条，成了后来常想起的画面,26,compressed,收拾课桌时找到旧纸条,10,移除时间、地点、人物或关系模板，归并到核心概念
5288,听别人说起第一次确认恋爱关系，便联想到刷到相似故事时自己的反应,31,compressed,第一次确认恋爱关系,9,移除时间、地点、人物或关系模板，归并到核心概念
5289,听别人说起终于有了稳定对象，便联想到刷到相似故事时自己的反应,30,compressed,终于有了稳定对象,8,移除时间、地点、人物或关系模板，归并到核心概念
5290,听别人说起鼓起勇气说出喜欢，便联想到刷到相似故事时自己的反应,30,deleted,,0,模板变体、超长表达或配额外的同概念近似项
5291,听别人说起计划第一次正式约会，便联想到刷到相似故事时自己的反应,31,deleted,,0,模板变体、超长表达或配额外的同概念近似项
5292,听别人说起第一次牵住喜欢的人的手，便联想到刷到相似故事时自己的反应,33,compressed,第一次牵住喜欢的人的手,11,移除时间、地点、人物或关系模板，归并到核心概念
5293,听别人说起回忆自己的第一次心动，便联想到刷到相似故事时自己的反应,32,deleted,,0,模板变体、超长表达或配额外的同概念近似项
5294,听别人说起发现又长一岁仍然单身，便联想到刷到相似故事时自己的反应,32,deleted,,0,模板变体、超长表达或配额外的同概念近似项
5295,听别人说起看到室友突然宣布脱单，便联想到刷到相似故事时自己的反应,32,deleted,,0,模板变体、超长表达或配额外的同概念近似项
5296,听别人说起告白后收到明确拒绝，便联想到刷到相似故事时自己的反应,31,deleted,,0,模板变体、超长表达或配额外的同概念近似项
5297,听别人说起担心自己的外貌没有吸引力，便联想到刷到相似故事时自己的反应,34,deleted,,0,模板变体、超长表达或配额外的同概念近似项
5298,听别人说起收到朋友发来的婚礼请柬，便联想到刷到相似故事时自己的反应,33,compressed,收到朋友发来的婚礼请柬,11,移除时间、地点、人物或关系模板，归并到核心概念
5299,听别人说起在情人节准备一束玫瑰，便联想到刷到相似故事时自己的反应,32,deleted,,0,模板变体、超长表达或配额外的同概念近似项
5300,听别人说起把心动对象称作crush，便联想到刷到相似故事时自己的反应,34,deleted,,0,模板变体、超长表达或配额外的同概念近似项
5301,听别人说起被问以前谈过几个对象，便联想到刷到相似故事时自己的反应,32,deleted,,0,模板变体、超长表达或配额外的同概念近似项
5302,听别人说起看见电影院里的双人座，便联想到刷到相似故事时自己的反应,32,compressed,看见电影院里的双人座,10,移除时间、地点、人物或关系模板，归并到核心概念
5303,听别人说起把恋爱视作人生进度，便联想到刷到相似故事时自己的反应,31,deleted,,0,模板变体、超长表达或配额外的同概念近似项
5304,听别人说起面向对象时找不到对象，便联想到刷到相似故事时自己的反应,32,deleted,,0,模板变体、超长表达或配额外的同概念近似项
5305,毕业倒计时里约好第二天在校门口见,16,deleted,,0,模板变体、超长表达或配额外的同概念近似项
5306,早读晨光里把对方送的小皮筋戴在手腕，成了后来常想起的画面,28,compressed,把对方送的小皮筋戴在手腕,12,移除时间、地点、人物或关系模板，归并到核心概念
5307,早读晨光里在橡皮上刻下对方的缩写，成了后来常想起的画面,27,compressed,在橡皮上刻下对方的缩写,11,移除时间、地点、人物或关系模板，归并到核心概念
5308,早读晨光里在礼堂散场后寻找对方，成了后来常想起的画面,26,compressed,在礼堂散场后寻找对方,10,移除时间、地点、人物或关系模板，归并到核心概念
5309,早读晨光里一起搬运动会用的桌椅，成了后来常想起的画面,26,compressed,一起搬运动会用的桌椅,10,移除时间、地点、人物或关系模板，归并到核心概念
5310,早读晨光里记住冬天热水杯传来的暖意，成了后来常想起的画面,28,compressed,记住冬天热水杯传来的暖意,12,移除时间、地点、人物或关系模板，归并到核心概念
5311,早读晨光里离校前再走一遍熟悉的操场，成了后来常想起的画面,28,compressed,离校前再走一遍熟悉的操场,12,移除时间、地点、人物或关系模板，归并到核心概念
5312,听别人说起感受到双向喜欢，便联想到刷到相似故事时自己的反应,29,compressed,感受到双向喜欢,7,移除时间、地点、人物或关系模板，归并到核心概念
5313,听别人说起介绍身边的人是另一半，便联想到刷到相似故事时自己的反应,32,compressed,介绍身边的人是另一半,10,移除时间、地点、人物或关系模板，归并到核心概念
5314,听别人说起把暗恋写进一封信，便联想到刷到相似故事时自己的反应,30,deleted,,0,模板变体、超长表达或配额外的同概念近似项
5315,听别人说起邀请喜欢的人一起吃饭，便联想到刷到相似故事时自己的反应,32,deleted,,0,模板变体、超长表达或配额外的同概念近似项
5316,听别人说起得到同意后拥抱对方，便联想到刷到相似故事时自己的反应,31,compressed,得到同意后拥抱对方,9,移除时间、地点、人物或关系模板，归并到核心概念
5317,听别人说起谈起已经结束的上一段关系，便联想到刷到相似故事时自己的反应,34,deleted,,0,模板变体、超长表达或配额外的同概念近似项
5318,听别人说起担心毕业前没有恋爱经历，便联想到刷到相似故事时自己的反应,33,deleted,,0,模板变体、超长表达或配额外的同概念近似项
5319,听别人说起发现聚会里只有自己单身，便联想到刷到相似故事时自己的反应,33,deleted,,0,模板变体、超长表达或配额外的同概念近似项
5320,听别人说起听见我们还是做朋友吧，便联想到刷到相似故事时自己的反应,32,deleted,,0,模板变体、超长表达或配额外的同概念近似项
5321,听别人说起见喜欢的人前认真整理头发，便联想到刷到相似故事时自己的反应,34,deleted,,0,模板变体、超长表达或配额外的同概念近似项
5322,听别人说起看见恋人交换订婚戒指，便联想到刷到相似故事时自己的反应,32,compressed,看见恋人交换订婚戒指,10,移除时间、地点、人物或关系模板，归并到核心概念
5323,听别人说起七夕预订双人晚餐，便联想到刷到相似故事时自己的反应,30,deleted,,0,模板变体、超长表达或配额外的同概念近似项
5324,听别人说起在朋友圈正式官宣关系，便联想到刷到相似故事时自己的反应,32,deleted,,0,模板变体、超长表达或配额外的同概念近似项
5325,听别人说起回答自己有没有恋爱经历，便联想到刷到相似故事时自己的反应,33,deleted,,0,模板变体、超长表达或配额外的同概念近似项
5326,听别人说起路过摆满玫瑰的花店，便联想到刷到相似故事时自己的反应,31,compressed,路过摆满玫瑰的花店,9,移除时间、地点、人物或关系模板，归并到核心概念
5327,听别人说起担心青春缺少重要体验，便联想到刷到相似故事时自己的反应,32,deleted,,0,模板变体、超长表达或配额外的同概念近似项
5328,听别人说起对象存储突然容量不足，便联想到刷到相似故事时自己的反应,32,deleted,,0,模板变体、超长表达或配额外的同概念近似项
5329,毕业倒计时里在操场看台说出喜欢,15,deleted,,0,模板变体、超长表达或配额外的同概念近似项
5330,早读晨光里认出书包上新挂的钥匙扣，成了后来常想起的画面,27,compressed,认出书包上新挂的钥匙扣,11,移除时间、地点、人物或关系模板，归并到核心概念
5331,早读晨光里把复习资料装订得整整齐齐，成了后来常想起的画面,28,compressed,把复习资料装订得整整齐齐,12,移除时间、地点、人物或关系模板，归并到核心概念
5332,早读晨光里沿着操场跑道陪她慢慢走，成了后来常想起的画面,27,compressed,沿着操场跑道陪她慢慢走,11,移除时间、地点、人物或关系模板，归并到核心概念
5333,早读晨光里在社团排练后帮忙收器材，成了后来常想起的画面,27,compressed,在社团排练后帮忙收器材,11,移除时间、地点、人物或关系模板，归并到核心概念
5334,早读晨光里等春天樱花落在她肩上，成了后来常想起的画面,26,compressed,等春天樱花落在她肩上,10,移除时间、地点、人物或关系模板，归并到核心概念
5335,早读晨光里在校门口说出以后常联系，成了后来常想起的画面,27,compressed,在校门口说出以后常联系,11,移除时间、地点、人物或关系模板，归并到核心概念
5336,听别人说起学会经营一段感情，便联想到刷到相似故事时自己的反应,30,deleted,,0,模板变体、超长表达或配额外的同概念近似项
5337,听别人说起从单身状态顺利毕业，便联想到刷到相似故事时自己的反应,31,compressed,从单身状态顺利毕业,9,移除时间、地点、人物或关系模板，归并到核心概念
5338,听别人说起试探对方是否也有好感，便联想到刷到相似故事时自己的反应,32,deleted,,0,模板变体、超长表达或配额外的同概念近似项
5339,听别人说起挑选适合聊天的咖啡店，便联想到刷到相似故事时自己的反应,32,deleted,,0,模板变体、超长表达或配额外的同概念近似项
5340,听别人说起在靠近前先询问意愿，便联想到刷到相似故事时自己的反应,31,deleted,,0,模板变体、超长表达或配额外的同概念近似项
5341,听别人说起被问到过去有几次恋爱，便联想到刷到相似故事时自己的反应,32,deleted,,0,模板变体、超长表达或配额外的同概念近似项
5342,听别人说起看着同龄人进入稳定关系，便联想到刷到相似故事时自己的反应,33,deleted,,0,模板变体、超长表达或配额外的同概念近似项
5343,听别人说起刷到朋友晒情侣合照，便联想到刷到相似故事时自己的反应,31,deleted,,0,模板变体、超长表达或配额外的同概念近似项
5344,听别人说起邀约连续几次没有回应，便联想到刷到相似故事时自己的反应,32,deleted,,0,模板变体、超长表达或配额外的同概念近似项
5345,听别人说起怀疑自己不擅长聊天，便联想到刷到相似故事时自己的反应,31,deleted,,0,模板变体、超长表达或配额外的同概念近似项
5346,听别人说起讨论以后在哪座城市生活，便联想到刷到相似故事时自己的反应,33,compressed,讨论以后在哪座城市生活,11,移除时间、地点、人物或关系模板，归并到核心概念
5347,听别人说起在520发出含蓄告白，便联想到刷到相似故事时自己的反应,32,deleted,,0,模板变体、超长表达或配额外的同概念近似项
5348,听别人说起和朋友一起磕一对CP，便联想到刷到相似故事时自己的反应,32,deleted,,0,模板变体、超长表达或配额外的同概念近似项
5349,听别人说起被追问为什么一直单身，便联想到刷到相似故事时自己的反应,32,deleted,,0,模板变体、超长表达或配额外的同概念近似项
5350,听别人说起发现饮品店推出情侣套餐，便联想到刷到相似故事时自己的反应,33,compressed,发现饮品店推出情侣套餐,11,移除时间、地点、人物或关系模板，归并到核心概念
5351,听别人说起觉得自己落后于同龄人，便联想到刷到相似故事时自己的反应,32,deleted,,0,模板变体、超长表达或配额外的同概念近似项
5352,听别人说起单例模式坚持保持单身，便联想到刷到相似故事时自己的反应,32,deleted,,0,模板变体、超长表达或配额外的同概念近似项
5353,毕业倒计时里把暗恋告诉最信任的同学,17,deleted,,0,模板变体、超长表达或配额外的同概念近似项
5354,早读晨光里留意她每天更换的发卡，成了后来常想起的画面,26,compressed,留意她每天更换的发卡,10,移除时间、地点、人物或关系模板，归并到核心概念
5355,早读晨光里在错题本角落留下鼓励，成了后来常想起的画面,26,compressed,在错题本角落留下鼓励,10,移除时间、地点、人物或关系模板，归并到核心概念
5356,早读晨光里在篮球场边递上一瓶水，成了后来常想起的画面,26,compressed,在篮球场边递上一瓶水,10,移除时间、地点、人物或关系模板，归并到核心概念
5357,早读晨光里为对方的比赛偷偷加油，成了后来常想起的画面,26,compressed,为对方的比赛偷偷加油,10,移除时间、地点、人物或关系模板，归并到核心概念
5358,早读晨光里在盛夏风扇声里偷偷心动，成了后来常想起的画面,27,compressed,在盛夏风扇声里偷偷心动,11,移除时间、地点、人物或关系模板，归并到核心概念
5359,早读晨光里目送对方坐上不同方向的车，成了后来常想起的画面,28,compressed,目送对方坐上不同方向的车,12,移除时间、地点、人物或关系模板，归并到核心概念
5360,听别人说起拥有可以分享日常的人，便联想到刷到相似故事时自己的反应,32,deleted,,0,模板变体、超长表达或配额外的同概念近似项
5361,听别人说起朋友介绍了合适的人，便联想到刷到相似故事时自己的反应,31,compressed,朋友介绍了合适的人,9,移除时间、地点、人物或关系模板，归并到核心概念
5362,听别人说起主动创造单独见面的机会，便联想到刷到相似故事时自己的反应,33,deleted,,0,模板变体、超长表达或配额外的同概念近似项
5363,听别人说起一起看期待很久的电影，便联想到刷到相似故事时自己的反应,32,deleted,,0,模板变体、超长表达或配额外的同概念近似项
5364,听别人说起注意到对方不舒服的信号，便联想到刷到相似故事时自己的反应,33,deleted,,0,模板变体、超长表达或配额外的同概念近似项
5365,听别人说起发现恋爱履历仍然空白，便联想到刷到相似故事时自己的反应,32,deleted,,0,模板变体、超长表达或配额外的同概念近似项
5366,听别人说起把生日变成脱单倒计时，便联想到刷到相似故事时自己的反应,32,deleted,,0,模板变体、超长表达或配额外的同概念近似项
5367,听别人说起听同学讨论各自的前任，便联想到刷到相似故事时自己的反应,32,deleted,,0,模板变体、超长表达或配额外的同概念近似项
5368,听别人说起发现对方正在逐渐疏远，便联想到刷到相似故事时自己的反应,32,deleted,,0,模板变体、超长表达或配额外的同概念近似项
5369,听别人说起面对心动对象突然紧张，便联想到刷到相似故事时自己的反应,32,deleted,,0,模板变体、超长表达或配额外的同概念近似项
5370,听别人说起考虑要不要带对象见父母，便联想到刷到相似故事时自己的反应,33,compressed,考虑要不要带对象见父母,11,移除时间、地点、人物或关系模板，归并到核心概念
5371,听别人说起圣诞夜邀请喜欢的人见面，便联想到刷到相似故事时自己的反应,33,deleted,,0,模板变体、超长表达或配额外的同概念近似项
5372,听别人说起判断彼此是否处于暧昧期，便联想到刷到相似故事时自己的反应,33,deleted,,0,模板变体、超长表达或配额外的同概念近似项
5373,听别人说起听见什么时候脱单的问题，便联想到刷到相似故事时自己的反应,33,deleted,,0,模板变体、超长表达或配额外的同概念近似项
5374,听别人说起看见两件并排挂着的外套，便联想到刷到相似故事时自己的反应,33,deleted,,0,模板变体、超长表达或配额外的同概念近似项
5375,听别人说起害怕永远错过亲密关系，便联想到刷到相似故事时自己的反应,32,deleted,,0,模板变体、超长表达或配额外的同概念近似项
5376,听别人说起配对算法开始安排相亲，便联想到刷到相似故事时自己的反应,32,deleted,,0,模板变体、超长表达或配额外的同概念近似项
5377,毕业倒计时里收到对方认真回应的好感,17,deleted,,0,模板变体、超长表达或配额外的同概念近似项
5378,早读晨光里记住帆布鞋踩过积水的声音，成了后来常想起的画面,28,deleted,,0,模板变体、超长表达或配额外的同概念近似项
5379,早读晨光里用同一本练习册对答案，成了后来常想起的画面,26,deleted,,0,模板变体、超长表达或配额外的同概念近似项
5380,早读晨光里在看台最高一排并肩坐着，成了后来常想起的画面,27,compressed,在看台最高一排并肩坐着,11,移除时间、地点、人物或关系模板，归并到核心概念
5381,早读晨光里在班级合唱时站到她旁边，成了后来常想起的画面,27,compressed,在班级合唱时站到她旁边,11,移除时间、地点、人物或关系模板，归并到核心概念
5382,早读晨光里看秋叶堆满放学的小路，成了后来常想起的画面,26,deleted,,0,模板变体、超长表达或配额外的同概念近似项
5383,早读晨光里发现最后一句聊天停在毕业快乐，成了后来常想起的画面,30,deleted,,0,模板变体、超长表达或配额外的同概念近似项
5384,听别人说起期待稳定的情感回应，便联想到刷到相似故事时自己的反应,31,deleted,,0,模板变体、超长表达或配额外的同概念近似项
5385,听别人说起认真思考理想伴侣，便联想到刷到相似故事时自己的反应,30,compressed,认真思考理想伴侣,8,移除时间、地点、人物或关系模板，归并到核心概念
5386,听别人说起收到别人认真的告白，便联想到刷到相似故事时自己的反应,31,deleted,,0,模板变体、超长表达或配额外的同概念近似项
5387,听别人说起沿着安静的小路散步，便联想到刷到相似故事时自己的反应,31,deleted,,0,模板变体、超长表达或配额外的同概念近似项
5388,听别人说起明确拒绝后立即停止，便联想到刷到相似故事时自己的反应,31,deleted,,0,模板变体、超长表达或配额外的同概念近似项
5389,听别人说起听对方说起难忘的初恋，便联想到刷到相似故事时自己的反应,32,deleted,,0,模板变体、超长表达或配额外的同概念近似项
5390,听别人说起害怕错过年轻时的恋爱，便联想到刷到相似故事时自己的反应,32,deleted,,0,模板变体、超长表达或配额外的同概念近似项
5391,听别人说起参加婚礼时被问有没有对象，便联想到刷到相似故事时自己的反应,34,deleted,,0,模板变体、超长表达或配额外的同概念近似项
5392,听别人说起接受喜欢没有得到回应，便联想到刷到相似故事时自己的反应,32,deleted,,0,模板变体、超长表达或配额外的同概念近似项
5393,听别人说起读不懂别人释放的好感，便联想到刷到相似故事时自己的反应,32,deleted,,0,模板变体、超长表达或配额外的同概念近似项
5394,听别人说起从恋爱走向共同生活，便联想到刷到相似故事时自己的反应,31,compressed,从恋爱走向共同生活,9,移除时间、地点、人物或关系模板，归并到核心概念
5395,听别人说起为恋爱纪念日挑选礼物，便联想到刷到相似故事时自己的反应,32,deleted,,0,模板变体、超长表达或配额外的同概念近似项
5396,听别人说起讨论situationship算什么关系，便联想到刷到相似故事时自己的反应,42,deleted,,0,模板变体、超长表达或配额外的同概念近似项
5397,听别人说起解释目前有没有喜欢的人，便联想到刷到相似故事时自己的反应,33,deleted,,0,模板变体、超长表达或配额外的同概念近似项
5398,听别人说起注意到共享耳机的两个人，便联想到刷到相似故事时自己的反应,33,deleted,,0,模板变体、超长表达或配额外的同概念近似项
5399,听别人说起希望成为某个人的例外，便联想到刷到相似故事时自己的反应,32,deleted,,0,模板变体、超长表达或配额外的同概念近似项
5400,听别人说起关系数据库认真维护关系，便联想到刷到相似故事时自己的反应,33,deleted,,0,模板变体、超长表达或配额外的同概念近似项
5401,毕业倒计时里从同桌变成互相喜欢的人,17,deleted,,0,模板变体、超长表达或配额外的同概念近似项
5402,早读晨光里看见运动服背后的班级号码，成了后来常想起的画面,28,deleted,,0,模板变体、超长表达或配额外的同概念近似项
5403,早读晨光里把借书卡藏进喜欢的书里，成了后来常想起的画面,27,deleted,,0,模板变体、超长表达或配额外的同概念近似项
5404,早读晨光里在体育馆门口等训练结束，成了后来常想起的画面,27,deleted,,0,模板变体、超长表达或配额外的同概念近似项
5405,早读晨光里假装随口询问周末安排，成了后来常想起的画面,26,deleted,,0,模板变体、超长表达或配额外的同概念近似项
5406,早读晨光里在初雪那天想和她一起走，成了后来常想起的画面,27,deleted,,0,模板变体、超长表达或配额外的同概念近似项
5407,早读晨光里因为去往不同城市慢慢失联，成了后来常想起的画面,28,deleted,,0,模板变体、超长表达或配额外的同概念近似项
5408,听别人说起从朋友走向恋人，便联想到刷到相似故事时自己的反应,29,deleted,,0,模板变体、超长表达或配额外的同概念近似项
5409,听别人说起遇到愿意互相陪伴的人，便联想到刷到相似故事时自己的反应,32,compressed,遇到愿意互相陪伴的人,10,移除时间、地点、人物或关系模板，归并到核心概念
5410,听别人说起准备一份有意义的礼物，便联想到刷到相似故事时自己的反应,32,deleted,,0,模板变体、超长表达或配额外的同概念近似项
5411,听别人说起为两个人安排周末行程，便联想到刷到相似故事时自己的反应,32,deleted,,0,模板变体、超长表达或配额外的同概念近似项
5412,听别人说起不把沉默误认为同意，便联想到刷到相似故事时自己的反应,31,deleted,,0,模板变体、超长表达或配额外的同概念近似项
5413,听别人说起整理前任留下的旧物，便联想到刷到相似故事时自己的反应,31,deleted,,0,模板变体、超长表达或配额外的同概念近似项
5414,听别人说起觉得感情进度落后别人，便联想到刷到相似故事时自己的反应,32,deleted,,0,模板变体、超长表达或配额外的同概念近似项
5415,听别人说起看别人收到纪念日礼物，便联想到刷到相似故事时自己的反应,32,deleted,,0,模板变体、超长表达或配额外的同概念近似项
5416,听别人说起停止追问拒绝的具体理由，便联想到刷到相似故事时自己的反应,33,deleted,,0,模板变体、超长表达或配额外的同概念近似项
5417,听别人说起想知道有没有人喜欢自己，便联想到刷到相似故事时自己的反应,33,deleted,,0,模板变体、超长表达或配额外的同概念近似项
5418,听别人说起规划两个人的长期未来，便联想到刷到相似故事时自己的反应,32,deleted,,0,模板变体、超长表达或配额外的同概念近似项
5419,听别人说起零点发送周年祝福，便联想到刷到相似故事时自己的反应,30,deleted,,0,模板变体、超长表达或配额外的同概念近似项
5420,听别人说起换上成套的情侣头像，便联想到刷到相似故事时自己的反应,31,deleted,,0,模板变体、超长表达或配额外的同概念近似项
5421,听别人说起回答第一次恋爱是在几岁，便联想到刷到相似故事时自己的反应,33,deleted,,0,模板变体、超长表达或配额外的同概念近似项
5422,听别人说起经过夜晚亮灯的摩天轮，便联想到刷到相似故事时自己的反应,32,deleted,,0,模板变体、超长表达或配额外的同概念近似项
5423,听别人说起渴望获得稳定情感回应，便联想到刷到相似故事时自己的反应,32,deleted,,0,模板变体、超长表达或配额外的同概念近似项
5424,听别人说起握手协议负责成功牵手，便联想到刷到相似故事时自己的反应,32,deleted,,0,模板变体、超长表达或配额外的同概念近似项
5425,毕业倒计时里在班级起哄中偷偷脸红,16,deleted,,0,模板变体、超长表达或配额外的同概念近似项
5426,早读晨光里注意到对方紧张时攥住衣角，成了后来常想起的画面,28,deleted,,0,模板变体、超长表达或配额外的同概念近似项
5427,早读晨光里用值日表制造一起留下的机会，成了后来常想起的画面,29,deleted,,0,模板变体、超长表达或配额外的同概念近似项
5428,早读晨光里沿林荫道推着自行车同行，成了后来常想起的画面,27,deleted,,0,模板变体、超长表达或配额外的同概念近似项
5429,早读晨光里把好笑的事情第一个告诉她，成了后来常想起的画面,28,deleted,,0,模板变体、超长表达或配额外的同概念近似项
5430,早读晨光里记住六月毕业季的闷热，成了后来常想起的画面,26,deleted,,0,模板变体、超长表达或配额外的同概念近似项
5431,早读晨光里多年后翻到泛黄的毕业照，成了后来常想起的画面,27,deleted,,0,模板变体、超长表达或配额外的同概念近似项
5432,听别人说起认真讨论彼此的需要，便联想到刷到相似故事时自己的反应,31,deleted,,0,模板变体、超长表达或配额外的同概念近似项
5433,听别人说起开始主动扩大社交圈，便联想到刷到相似故事时自己的反应,31,compressed,开始主动扩大社交圈,9,移除时间、地点、人物或关系模板，归并到核心概念
5434,听别人说起请朋友帮忙判断好感信号，便联想到刷到相似故事时自己的反应,33,deleted,,0,模板变体、超长表达或配额外的同概念近似项
5435,听别人说起见面前认真选择穿搭，便联想到刷到相似故事时自己的反应,31,deleted,,0,模板变体、超长表达或配额外的同概念近似项
5436,听别人说起共同商量可以接受的边界，便联想到刷到相似故事时自己的反应,33,deleted,,0,模板变体、超长表达或配额外的同概念近似项
5437,听别人说起思考过去关系里的问题，便联想到刷到相似故事时自己的反应,32,deleted,,0,模板变体、超长表达或配额外的同概念近似项
5438,听别人说起工作以后才开始学习约会，便联想到刷到相似故事时自己的反应,33,deleted,,0,模板变体、超长表达或配额外的同概念近似项
5439,听别人说起发现朋友周末都去约会，便联想到刷到相似故事时自己的反应,32,deleted,,0,模板变体、超长表达或配额外的同概念近似项
5440,听别人说起被拒绝后不再继续打扰，便联想到刷到相似故事时自己的反应,32,deleted,,0,模板变体、超长表达或配额外的同概念近似项
5441,听别人说起把异性缘归因于颜值，便联想到刷到相似故事时自己的反应,31,deleted,,0,模板变体、超长表达或配额外的同概念近似项
5442,听别人说起被家人追问什么时候结婚，便联想到刷到相似故事时自己的反应,33,deleted,,0,模板变体、超长表达或配额外的同概念近似项
5443,听别人说起看见街边摆满情侣商品，便联想到刷到相似故事时自己的反应,32,deleted,,0,模板变体、超长表达或配额外的同概念近似项
5444,听别人说起每天给对方分享短视频，便联想到刷到相似故事时自己的反应,32,deleted,,0,模板变体、超长表达或配额外的同概念近似项
5445,听别人说起被问最长一段关系多久，便联想到刷到相似故事时自己的反应,32,deleted,,0,模板变体、超长表达或配额外的同概念近似项
5446,听别人说起看到桌上放着两张电影票，便联想到刷到相似故事时自己的反应,33,deleted,,0,模板变体、超长表达或配额外的同概念近似项
5447,听别人说起学习不靠伴侣定义完整，便联想到刷到相似故事时自己的反应,32,deleted,,0,模板变体、超长表达或配额外的同概念近似项
5448,听别人说起线程脱单后进入双线程，便联想到刷到相似故事时自己的反应,32,deleted,,0,模板变体、超长表达或配额外的同概念近似项
5449,毕业倒计时里交换只有两个人懂的暗号,17,deleted,,0,模板变体、超长表达或配额外的同概念近似项
5450,早读晨光里记住少年骑车时鼓起的衣摆，成了后来常想起的画面,28,deleted,,0,模板变体、超长表达或配额外的同概念近似项
5451,早读晨光里在课程表上圈出共同的空课，成了后来常想起的画面,28,deleted,,0,模板变体、超长表达或配额外的同概念近似项
5452,早读晨光里在校门口犹豫要不要告别，成了后来常想起的画面,27,deleted,,0,模板变体、超长表达或配额外的同概念近似项
5453,早读晨光里聊天时等对方收拾完书包，成了后来常想起的画面,27,deleted,,0,模板变体、超长表达或配额外的同概念近似项
5454,早读晨光里在傍晚风里听见校服摩擦声，成了后来常想起的画面,28,deleted,,0,模板变体、超长表达或配额外的同概念近似项
5455,早读晨光里重回母校时寻找当年的座位，成了后来常想起的画面,28,deleted,,0,模板变体、超长表达或配额外的同概念近似项
5456,听别人说起发现关系正在升温，便联想到刷到相似故事时自己的反应,30,deleted,,0,模板变体、超长表达或配额外的同概念近似项
5457,听别人说起期待有人一起规划周末，便联想到刷到相似故事时自己的反应,32,compressed,期待有人一起规划周末,10,移除时间、地点、人物或关系模板，归并到核心概念
5458,听别人说起决定不再隐藏真实心意，便联想到刷到相似故事时自己的反应,32,deleted,,0,模板变体、超长表达或配额外的同概念近似项
5459,听别人说起约会结束后舍不得分别，便联想到刷到相似故事时自己的反应,32,deleted,,0,模板变体、超长表达或配额外的同概念近似项
5460,听别人说起为越界接触认真道歉，便联想到刷到相似故事时自己的反应,31,deleted,,0,模板变体、超长表达或配额外的同概念近似项
5461,听别人说起接受曾经喜欢的人已走远，便联想到刷到相似故事时自己的反应,33,deleted,,0,模板变体、超长表达或配额外的同概念近似项
5462,听别人说起怀疑现在恋爱是否太晚，便联想到刷到相似故事时自己的反应,32,deleted,,0,模板变体、超长表达或配额外的同概念近似项
5463,听别人说起听见同龄人开始谈婚论嫁，便联想到刷到相似故事时自己的反应,33,deleted,,0,模板变体、超长表达或配额外的同概念近似项
5464,听别人说起重新建立交往边界，便联想到刷到相似故事时自己的反应,30,deleted,,0,模板变体、超长表达或配额外的同概念近似项
5465,听别人说起学习更坦诚地表达感受，便联想到刷到相似故事时自己的反应,32,deleted,,0,模板变体、超长表达或配额外的同概念近似项
5466,听别人说起参加同学婚礼独自坐一桌，便联想到刷到相似故事时自己的反应,33,deleted,,0,模板变体、超长表达或配额外的同概念近似项
5467,听别人说起独自度过恋爱主题节日，便联想到刷到相似故事时自己的反应,32,deleted,,0,模板变体、超长表达或配额外的同概念近似项
5468,听别人说起把重要聊天设置为置顶，便联想到刷到相似故事时自己的反应,32,deleted,,0,模板变体、超长表达或配额外的同概念近似项
5469,听别人说起猜测今年是否能够脱单，便联想到刷到相似故事时自己的反应,32,deleted,,0,模板变体、超长表达或配额外的同概念近似项
5470,听别人说起发现相册里只有单人照片，便联想到刷到相似故事时自己的反应,33,deleted,,0,模板变体、超长表达或配额外的同概念近似项
5471,听别人说起接受每个人节奏不同，便联想到刷到相似故事时自己的反应,31,deleted,,0,模板变体、超长表达或配额外的同概念近似项
5472,听别人说起空对象拒绝返回女朋友，便联想到刷到相似故事时自己的反应,32,deleted,,0,模板变体、超长表达或配额外的同概念近似项
5473,毕业倒计时里第一次用恋人的身份说晚安,18,deleted,,0,模板变体、超长表达或配额外的同概念近似项
5474,早读晨光里发现镜片后躲闪的目光，成了后来常想起的画面,26,deleted,,0,模板变体、超长表达或配额外的同概念近似项
5475,早读晨光里用广播点歌传递含蓄心意，成了后来常想起的画面,27,deleted,,0,模板变体、超长表达或配额外的同概念近似项
5476,早读晨光里在公交站陪对方等车，成了后来常想起的画面,25,deleted,,0,模板变体、超长表达或配额外的同概念近似项
5477,早读晨光里看见她睡着后压低说话声音，成了后来常想起的画面,28,deleted,,0,模板变体、超长表达或配额外的同概念近似项
5478,早读晨光里尝到小卖部冰汽水的甜味，成了后来常想起的画面,27,deleted,,0,模板变体、超长表达或配额外的同概念近似项
5479,早读晨光里听见校歌突然想起喜欢的人，成了后来常想起的画面,28,deleted,,0,模板变体、超长表达或配额外的同概念近似项
5480,听别人说起体验被人惦记的感觉，便联想到刷到相似故事时自己的反应,31,deleted,,0,模板变体、超长表达或配额外的同概念近似项
5481,听别人说起不再独自参加朋友聚会，便联想到刷到相似故事时自己的反应,32,deleted,,0,模板变体、超长表达或配额外的同概念近似项
5482,听别人说起尊重对方对追求的回应，便联想到刷到相似故事时自己的反应,32,deleted,,0,模板变体、超长表达或配额外的同概念近似项
5483,听别人说起等待对方发来安全到家，便联想到刷到相似故事时自己的反应,32,deleted,,0,模板变体、超长表达或配额外的同概念近似项
5484,听别人说起尊重对方改变主意，便联想到刷到相似故事时自己的反应,30,deleted,,0,模板变体、超长表达或配额外的同概念近似项
5485,听别人说起意识到自己从没被表白，便联想到刷到相似故事时自己的反应,32,deleted,,0,模板变体、超长表达或配额外的同概念近似项
5486,听别人说起计算自己单身了多少年，便联想到刷到相似故事时自己的反应,32,deleted,,0,模板变体、超长表达或配额外的同概念近似项
5487,听别人说起把自己的经历和别人比较，便联想到刷到相似故事时自己的反应,33,deleted,,0,模板变体、超长表达或配额外的同概念近似项
5488,听别人说起删除没有发出的解释消息，便联想到刷到相似故事时自己的反应,33,deleted,,0,模板变体、超长表达或配额外的同概念近似项
5489,听别人说起不再靠恋爱证明个人价值，便联想到刷到相似故事时自己的反应,33,deleted,,0,模板变体、超长表达或配额外的同概念近似项
5490,听别人说起听见别人叫彼此老公老婆，便联想到刷到相似故事时自己的反应,33,deleted,,0,模板变体、超长表达或配额外的同概念近似项
5491,听别人说起收到平台推送的情侣套餐，便联想到刷到相似故事时自己的反应,33,deleted,,0,模板变体、超长表达或配额外的同概念近似项
5492,听别人说起从线上聊天走到线下见面，便联想到刷到相似故事时自己的反应,33,deleted,,0,模板变体、超长表达或配额外的同概念近似项
5493,听别人说起面对她是不是你女朋友的追问，便联想到刷到相似故事时自己的反应,35,deleted,,0,模板变体、超长表达或配额外的同概念近似项
5494,听别人说起收到适合约会的地点推荐，便联想到刷到相似故事时自己的反应,33,deleted,,0,模板变体、超长表达或配额外的同概念近似项
5495,听别人说起允许遗憾留在过去，便联想到刷到相似故事时自己的反应,30,deleted,,0,模板变体、超长表达或配额外的同概念近似项
5496,听别人说起恋爱脑被当作神经网络，便联想到刷到相似故事时自己的反应,32,deleted,,0,模板变体、超长表达或配额外的同概念近似项
5497,毕业倒计时里约定毕业以后也继续联系,17,deleted,,0,模板变体、超长表达或配额外的同概念近似项
5498,早读晨光里在人群中认出那双熟悉的球鞋，成了后来常想起的画面,29,deleted,,0,模板变体、超长表达或配额外的同概念近似项
5499,早读晨光里约定用窗台上的水杯当暗号，成了后来常想起的画面,28,deleted,,0,模板变体、超长表达或配额外的同概念近似项
5500,早读晨光里绕远路走过两个人常走的小巷，成了后来常想起的画面,29,deleted,,0,模板变体、超长表达或配额外的同概念近似项
5501,早读晨光里把最后一颗糖留给喜欢的人，成了后来常想起的画面,28,deleted,,0,模板变体、超长表达或配额外的同概念近似项
5502,早读晨光里记住她经过时淡淡的洗衣粉香，成了后来常想起的画面,29,deleted,,0,模板变体、超长表达或配额外的同概念近似项
5503,早读晨光里意识到那次挥手已经是最后一面，成了后来常想起的画面,30,deleted,,0,模板变体、超长表达或配额外的同概念近似项
5504,听别人说起允许恋爱自然发生，便联想到刷到相似故事时自己的反应,30,deleted,,0,模板变体、超长表达或配额外的同概念近似项
5505,听别人说起寻找能够长期相处的人，便联想到刷到相似故事时自己的反应,32,deleted,,0,模板变体、超长表达或配额外的同概念近似项
5506,听别人说起把模糊关系说清楚，便联想到刷到相似故事时自己的反应,30,deleted,,0,模板变体、超长表达或配额外的同概念近似项
5507,听别人说起期待下一次单独见面，便联想到刷到相似故事时自己的反应,31,deleted,,0,模板变体、超长表达或配额外的同概念近似项
5508,听别人说起在安全感中逐渐靠近，便联想到刷到相似故事时自己的反应,31,deleted,,0,模板变体、超长表达或配额外的同概念近似项
5509,听别人说起不再用经历数量评价自己，便联想到刷到相似故事时自己的反应,33,deleted,,0,模板变体、超长表达或配额外的同概念近似项
5510,听别人说起提醒自己没有统一人生时钟，便联想到刷到相似故事时自己的反应,34,deleted,,0,模板变体、超长表达或配额外的同概念近似项
5511,听别人说起提醒自己不必追赶他人进度，便联想到刷到相似故事时自己的反应,34,deleted,,0,模板变体、超长表达或配额外的同概念近似项
5512,听别人说起把没有回复也视作答案，便联想到刷到相似故事时自己的反应,32,deleted,,0,模板变体、超长表达或配额外的同概念近似项
5513,听别人说起相信自己也值得被选择，便联想到刷到相似故事时自己的反应,32,deleted,,0,模板变体、超长表达或配额外的同概念近似项
5514,听别人说起还没有对象就开始被催婚，便联想到刷到相似故事时自己的反应,33,deleted,,0,模板变体、超长表达或配额外的同概念近似项
5515,听别人说起跨年倒数时想起喜欢的人，便联想到刷到相似故事时自己的反应,33,deleted,,0,模板变体、超长表达或配额外的同概念近似项
5516,听别人说起因为断联猜测关系是否结束，便联想到刷到相似故事时自己的反应,34,deleted,,0,模板变体、超长表达或配额外的同概念近似项
5517,听别人说起拒绝回答过度私人的感情问题，便联想到刷到相似故事时自己的反应,35,deleted,,0,模板变体、超长表达或配额外的同概念近似项
5518,听别人说起看见副驾驶放着一束花，便联想到刷到相似故事时自己的反应,32,deleted,,0,模板变体、超长表达或配额外的同概念近似项
5519,听别人说起相信未来仍会建立连接，便联想到刷到相似故事时自己的反应,32,deleted,,0,模板变体、超长表达或配额外的同概念近似项
5520,听别人说起朋友圈在图论里形成闭环，便联想到刷到相似故事时自己的反应,33,deleted,,0,模板变体、超长表达或配额外的同概念近似项
5521,早读晨光里和喜欢的人隔着课桌对视，成了后来常想起的画面,27,deleted,,0,模板变体、超长表达或配额外的同概念近似项
5522,课间走廊上风吹起她额前的刘海，成了后来常想起的画面,25,compressed,风吹起她额前的刘海,9,移除时间、地点、人物或关系模板，归并到核心概念
5523,课间走廊上递来一张折好的小纸条，成了后来常想起的画面,26,compressed,递来一张折好的小纸条,10,移除时间、地点、人物或关系模板，归并到核心概念
5524,课间走廊上在靠窗的座位等她出现，成了后来常想起的画面,26,compressed,在靠窗的座位等她出现,10,移除时间、地点、人物或关系模板，归并到核心概念
5525,课间走廊上把课堂笔记借给喜欢的人，成了后来常想起的画面,27,compressed,把课堂笔记借给喜欢的人,11,移除时间、地点、人物或关系模板，归并到核心概念
5526,课间走廊上听见窗外一阵很长的蝉鸣，成了后来常想起的画面,27,compressed,听见窗外一阵很长的蝉鸣,11,移除时间、地点、人物或关系模板，归并到核心概念
5527,课间走廊上在毕业册上写下一句祝福，成了后来常想起的画面,27,compressed,在毕业册上写下一句祝福,11,移除时间、地点、人物或关系模板，归并到核心概念
5528,听别人说起第一次确认恋爱关系，便联想到多年后重新想起时自己的反应,32,compressed,第一次确认恋爱关系,9,移除时间、地点、人物或关系模板，归并到核心概念
5529,听别人说起终于有了稳定对象，便联想到多年后重新想起时自己的反应,31,compressed,终于有了稳定对象,8,移除时间、地点、人物或关系模板，归并到核心概念
5530,听别人说起鼓起勇气说出喜欢，便联想到多年后重新想起时自己的反应,31,deleted,,0,模板变体、超长表达或配额外的同概念近似项
5531,听别人说起计划第一次正式约会，便联想到多年后重新想起时自己的反应,32,deleted,,0,模板变体、超长表达或配额外的同概念近似项
5532,听别人说起第一次牵住喜欢的人的手，便联想到多年后重新想起时自己的反应,34,compressed,第一次牵住喜欢的人的手,11,移除时间、地点、人物或关系模板，归并到核心概念
5533,听别人说起回忆自己的第一次心动，便联想到多年后重新想起时自己的反应,33,deleted,,0,模板变体、超长表达或配额外的同概念近似项
5534,听别人说起发现又长一岁仍然单身，便联想到多年后重新想起时自己的反应,33,deleted,,0,模板变体、超长表达或配额外的同概念近似项
5535,听别人说起看到室友突然宣布脱单，便联想到多年后重新想起时自己的反应,33,deleted,,0,模板变体、超长表达或配额外的同概念近似项
5536,听别人说起告白后收到明确拒绝，便联想到多年后重新想起时自己的反应,32,deleted,,0,模板变体、超长表达或配额外的同概念近似项
5537,听别人说起担心自己的外貌没有吸引力，便联想到多年后重新想起时自己的反应,35,deleted,,0,模板变体、超长表达或配额外的同概念近似项
5538,听别人说起收到朋友发来的婚礼请柬，便联想到多年后重新想起时自己的反应,34,compressed,收到朋友发来的婚礼请柬,11,移除时间、地点、人物或关系模板，归并到核心概念
5539,听别人说起在情人节准备一束玫瑰，便联想到多年后重新想起时自己的反应,33,deleted,,0,模板变体、超长表达或配额外的同概念近似项
5540,听别人说起把心动对象称作crush，便联想到多年后重新想起时自己的反应,35,deleted,,0,模板变体、超长表达或配额外的同概念近似项
5541,听别人说起被问以前谈过几个对象，便联想到多年后重新想起时自己的反应,33,deleted,,0,模板变体、超长表达或配额外的同概念近似项
5542,听别人说起看见电影院里的双人座，便联想到多年后重新想起时自己的反应,33,compressed,看见电影院里的双人座,10,移除时间、地点、人物或关系模板，归并到核心概念
5543,听别人说起把恋爱视作人生进度，便联想到多年后重新想起时自己的反应,32,deleted,,0,模板变体、超长表达或配额外的同概念近似项
5544,听别人说起面向对象时找不到对象，便联想到多年后重新想起时自己的反应,33,deleted,,0,模板变体、超长表达或配额外的同概念近似项
5545,早读晨光里发现同桌悄悄看向自己，成了后来常想起的画面,26,deleted,,0,模板变体、超长表达或配额外的同概念近似项
5546,课间走廊上看见她把刘海别到耳后，成了后来常想起的画面,26,compressed,看见她把刘海别到耳后,10,移除时间、地点、人物或关系模板，归并到核心概念
5547,课间走廊上在纸条背面写下回复，成了后来常想起的画面,25,compressed,在纸条背面写下回复,9,移除时间、地点、人物或关系模板，归并到核心概念
5548,课间走廊上经过对方班级的教室门口，成了后来常想起的画面,27,compressed,经过对方班级的教室门口,11,移除时间、地点、人物或关系模板，归并到核心概念
5549,课间走廊上耐心讲一道做错的题，成了后来常想起的画面,25,compressed,耐心讲一道做错的题,9,移除时间、地点、人物或关系模板，归并到核心概念
5550,课间走廊上听见下课铃盖过没说完的话，成了后来常想起的画面,28,compressed,听见下课铃盖过没说完的话,12,移除时间、地点、人物或关系模板，归并到核心概念
5551,课间走廊上把同学录最后一页留给她，成了后来常想起的画面,27,compressed,把同学录最后一页留给她,11,移除时间、地点、人物或关系模板，归并到核心概念
5552,听别人说起感受到双向喜欢，便联想到多年后重新想起时自己的反应,30,compressed,感受到双向喜欢,7,移除时间、地点、人物或关系模板，归并到核心概念
5553,听别人说起介绍身边的人是另一半，便联想到多年后重新想起时自己的反应,33,compressed,介绍身边的人是另一半,10,移除时间、地点、人物或关系模板，归并到核心概念
5554,听别人说起把暗恋写进一封信，便联想到多年后重新想起时自己的反应,31,deleted,,0,模板变体、超长表达或配额外的同概念近似项
5555,听别人说起邀请喜欢的人一起吃饭，便联想到多年后重新想起时自己的反应,33,deleted,,0,模板变体、超长表达或配额外的同概念近似项
5556,听别人说起得到同意后拥抱对方，便联想到多年后重新想起时自己的反应,32,compressed,得到同意后拥抱对方,9,移除时间、地点、人物或关系模板，归并到核心概念
5557,听别人说起谈起已经结束的上一段关系，便联想到多年后重新想起时自己的反应,35,deleted,,0,模板变体、超长表达或配额外的同概念近似项
5558,听别人说起担心毕业前没有恋爱经历，便联想到多年后重新想起时自己的反应,34,deleted,,0,模板变体、超长表达或配额外的同概念近似项
5559,听别人说起发现聚会里只有自己单身，便联想到多年后重新想起时自己的反应,34,deleted,,0,模板变体、超长表达或配额外的同概念近似项
5560,听别人说起听见我们还是做朋友吧，便联想到多年后重新想起时自己的反应,33,deleted,,0,模板变体、超长表达或配额外的同概念近似项
5561,听别人说起见喜欢的人前认真整理头发，便联想到多年后重新想起时自己的反应,35,deleted,,0,模板变体、超长表达或配额外的同概念近似项
5562,听别人说起看见恋人交换订婚戒指，便联想到多年后重新想起时自己的反应,33,compressed,看见恋人交换订婚戒指,10,移除时间、地点、人物或关系模板，归并到核心概念
5563,听别人说起七夕预订双人晚餐，便联想到多年后重新想起时自己的反应,31,deleted,,0,模板变体、超长表达或配额外的同概念近似项
5564,听别人说起在朋友圈正式官宣关系，便联想到多年后重新想起时自己的反应,33,deleted,,0,模板变体、超长表达或配额外的同概念近似项
5565,听别人说起回答自己有没有恋爱经历，便联想到多年后重新想起时自己的反应,34,deleted,,0,模板变体、超长表达或配额外的同概念近似项
5566,听别人说起路过摆满玫瑰的花店，便联想到多年后重新想起时自己的反应,32,compressed,路过摆满玫瑰的花店,9,移除时间、地点、人物或关系模板，归并到核心概念
5567,听别人说起担心青春缺少重要体验，便联想到多年后重新想起时自己的反应,33,deleted,,0,模板变体、超长表达或配额外的同概念近似项
5568,听别人说起对象存储突然容量不足，便联想到多年后重新想起时自己的反应,33,deleted,,0,模板变体、超长表达或配额外的同概念近似项
5569,早读晨光里把喜欢藏在课堂笔记里，成了后来常想起的画面,26,deleted,,0,模板变体、超长表达或配额外的同概念近似项
5570,课间走廊上注意到阳光落在她的发梢，成了后来常想起的画面,27,compressed,注意到阳光落在她的发梢,11,移除时间、地点、人物或关系模板，归并到核心概念
5571,课间走廊上把没送出的情书夹进书里，成了后来常想起的画面,27,compressed,把没送出的情书夹进书里,11,移除时间、地点、人物或关系模板，归并到核心概念
5572,课间走廊上在空教室里多停留一会儿，成了后来常想起的画面,27,compressed,在空教室里多停留一会儿,11,移除时间、地点、人物或关系模板，归并到核心概念
5573,课间走廊上一起背诵第二天要抽查的课文，成了后来常想起的画面,29,deleted,,0,模板变体、超长表达或配额外的同概念近似项
5574,课间走廊上记住篮球落地的回声，成了后来常想起的画面,25,compressed,记住篮球落地的回声,9,移除时间、地点、人物或关系模板，归并到核心概念
5575,课间走廊上在毕业照里悄悄站得更近，成了后来常想起的画面,27,compressed,在毕业照里悄悄站得更近,11,移除时间、地点、人物或关系模板，归并到核心概念
5576,听别人说起学会经营一段感情，便联想到多年后重新想起时自己的反应,31,deleted,,0,模板变体、超长表达或配额外的同概念近似项
5577,听别人说起从单身状态顺利毕业，便联想到多年后重新想起时自己的反应,32,compressed,从单身状态顺利毕业,9,移除时间、地点、人物或关系模板，归并到核心概念
5578,听别人说起试探对方是否也有好感，便联想到多年后重新想起时自己的反应,33,deleted,,0,模板变体、超长表达或配额外的同概念近似项
5579,听别人说起挑选适合聊天的咖啡店，便联想到多年后重新想起时自己的反应,33,deleted,,0,模板变体、超长表达或配额外的同概念近似项
5580,听别人说起在靠近前先询问意愿，便联想到多年后重新想起时自己的反应,32,deleted,,0,模板变体、超长表达或配额外的同概念近似项
5581,听别人说起被问到过去有几次恋爱，便联想到多年后重新想起时自己的反应,33,deleted,,0,模板变体、超长表达或配额外的同概念近似项
5582,听别人说起看着同龄人进入稳定关系，便联想到多年后重新想起时自己的反应,34,deleted,,0,模板变体、超长表达或配额外的同概念近似项
5583,听别人说起刷到朋友晒情侣合照，便联想到多年后重新想起时自己的反应,32,deleted,,0,模板变体、超长表达或配额外的同概念近似项
5584,听别人说起邀约连续几次没有回应，便联想到多年后重新想起时自己的反应,33,deleted,,0,模板变体、超长表达或配额外的同概念近似项
5585,听别人说起怀疑自己不擅长聊天，便联想到多年后重新想起时自己的反应,32,deleted,,0,模板变体、超长表达或配额外的同概念近似项
5586,听别人说起讨论以后在哪座城市生活，便联想到多年后重新想起时自己的反应,34,compressed,讨论以后在哪座城市生活,11,移除时间、地点、人物或关系模板，归并到核心概念
5587,听别人说起在520发出含蓄告白，便联想到多年后重新想起时自己的反应,33,deleted,,0,模板变体、超长表达或配额外的同概念近似项
5588,听别人说起和朋友一起磕一对CP，便联想到多年后重新想起时自己的反应,33,deleted,,0,模板变体、超长表达或配额外的同概念近似项
5589,听别人说起被追问为什么一直单身，便联想到多年后重新想起时自己的反应,33,deleted,,0,模板变体、超长表达或配额外的同概念近似项
5590,听别人说起发现饮品店推出情侣套餐，便联想到多年后重新想起时自己的反应,34,compressed,发现饮品店推出情侣套餐,11,移除时间、地点、人物或关系模板，归并到核心概念
5591,听别人说起觉得自己落后于同龄人，便联想到多年后重新想起时自己的反应,33,deleted,,0,模板变体、超长表达或配额外的同概念近似项
5592,听别人说起单例模式坚持保持单身，便联想到多年后重新想起时自己的反应,33,deleted,,0,模板变体、超长表达或配额外的同概念近似项
5593,早读晨光里借讲题的机会坐得更近，成了后来常想起的画面,26,deleted,,0,模板变体、超长表达或配额外的同概念近似项
5594,课间走廊上记住她低头笑时的酒窝，成了后来常想起的画面,26,compressed,记住她低头笑时的酒窝,10,移除时间、地点、人物或关系模板，归并到核心概念
5595,课间走廊上收到一封没有署名的情书，成了后来常想起的画面,27,compressed,收到一封没有署名的情书,11,移除时间、地点、人物或关系模板，归并到核心概念
5596,课间走廊上从教学楼走廊远远看见她，成了后来常想起的画面,27,compressed,从教学楼走廊远远看见她,11,移除时间、地点、人物或关系模板，归并到核心概念
5597,课间走廊上互相检查听写答案，成了后来常想起的画面,24,compressed,互相检查听写答案,8,移除时间、地点、人物或关系模板，归并到核心概念
5598,课间走廊上听见广播里放过的那首歌，成了后来常想起的画面,27,compressed,听见广播里放过的那首歌,11,移除时间、地点、人物或关系模板，归并到核心概念
5599,课间走廊上在校服背面签下名字，成了后来常想起的画面,25,compressed,在校服背面签下名字,9,移除时间、地点、人物或关系模板，归并到核心概念
5600,听别人说起拥有可以分享日常的人，便联想到多年后重新想起时自己的反应,33,deleted,,0,模板变体、超长表达或配额外的同概念近似项
5601,听别人说起朋友介绍了合适的人，便联想到多年后重新想起时自己的反应,32,compressed,朋友介绍了合适的人,9,移除时间、地点、人物或关系模板，归并到核心概念
5602,听别人说起主动创造单独见面的机会，便联想到多年后重新想起时自己的反应,34,deleted,,0,模板变体、超长表达或配额外的同概念近似项
5603,听别人说起一起看期待很久的电影，便联想到多年后重新想起时自己的反应,33,deleted,,0,模板变体、超长表达或配额外的同概念近似项
5604,听别人说起注意到对方不舒服的信号，便联想到多年后重新想起时自己的反应,34,deleted,,0,模板变体、超长表达或配额外的同概念近似项
5605,听别人说起发现恋爱履历仍然空白，便联想到多年后重新想起时自己的反应,33,deleted,,0,模板变体、超长表达或配额外的同概念近似项
5606,听别人说起把生日变成脱单倒计时，便联想到多年后重新想起时自己的反应,33,deleted,,0,模板变体、超长表达或配额外的同概念近似项
5607,听别人说起听同学讨论各自的前任，便联想到多年后重新想起时自己的反应,33,deleted,,0,模板变体、超长表达或配额外的同概念近似项
5608,听别人说起发现对方正在逐渐疏远，便联想到多年后重新想起时自己的反应,33,deleted,,0,模板变体、超长表达或配额外的同概念近似项
5609,听别人说起面对心动对象突然紧张，便联想到多年后重新想起时自己的反应,33,deleted,,0,模板变体、超长表达或配额外的同概念近似项
5610,听别人说起考虑要不要带对象见父母，便联想到多年后重新想起时自己的反应,34,compressed,考虑要不要带对象见父母,11,移除时间、地点、人物或关系模板，归并到核心概念
5611,听别人说起圣诞夜邀请喜欢的人见面，便联想到多年后重新想起时自己的反应,34,deleted,,0,模板变体、超长表达或配额外的同概念近似项
5612,听别人说起判断彼此是否处于暧昧期，便联想到多年后重新想起时自己的反应,34,deleted,,0,模板变体、超长表达或配额外的同概念近似项
5613,听别人说起听见什么时候脱单的问题，便联想到多年后重新想起时自己的反应,34,deleted,,0,模板变体、超长表达或配额外的同概念近似项
5614,听别人说起看见两件并排挂着的外套，便联想到多年后重新想起时自己的反应,34,deleted,,0,模板变体、超长表达或配额外的同概念近似项
5615,听别人说起害怕永远错过亲密关系，便联想到多年后重新想起时自己的反应,33,deleted,,0,模板变体、超长表达或配额外的同概念近似项
5616,听别人说起配对算法开始安排相亲，便联想到多年后重新想起时自己的反应,33,deleted,,0,模板变体、超长表达或配额外的同概念近似项
5617,早读晨光里在走廊等喜欢的人经过，成了后来常想起的画面,26,deleted,,0,模板变体、超长表达或配额外的同概念近似项
5618,课间走廊上发现她见面前认真扎好头发，成了后来常想起的画面,28,compressed,发现她见面前认真扎好头发,12,移除时间、地点、人物或关系模板，归并到核心概念
5619,课间走廊上在便利贴上画一颗小心心，成了后来常想起的画面,27,compressed,在便利贴上画一颗小心心,11,移除时间、地点、人物或关系模板，归并到核心概念
5620,课间走廊上在楼梯转角意外遇见喜欢的人，成了后来常想起的画面,29,deleted,,0,模板变体、超长表达或配额外的同概念近似项
5621,课间走廊上替对方保管暂时没收的手机，成了后来常想起的画面,28,compressed,替对方保管暂时没收的手机,12,移除时间、地点、人物或关系模板，归并到核心概念
5622,课间走廊上看见晨光落在她的课桌上，成了后来常想起的画面,27,compressed,看见晨光落在她的课桌上,11,移除时间、地点、人物或关系模板，归并到核心概念
5623,课间走廊上把没送出的情书带回家，成了后来常想起的画面,26,compressed,把没送出的情书带回家,10,移除时间、地点、人物或关系模板，归并到核心概念
5624,听别人说起期待稳定的情感回应，便联想到多年后重新想起时自己的反应,32,deleted,,0,模板变体、超长表达或配额外的同概念近似项
5625,听别人说起认真思考理想伴侣，便联想到多年后重新想起时自己的反应,31,compressed,认真思考理想伴侣,8,移除时间、地点、人物或关系模板，归并到核心概念
5626,听别人说起收到别人认真的告白，便联想到多年后重新想起时自己的反应,32,deleted,,0,模板变体、超长表达或配额外的同概念近似项
5627,听别人说起沿着安静的小路散步，便联想到多年后重新想起时自己的反应,32,deleted,,0,模板变体、超长表达或配额外的同概念近似项
5628,听别人说起明确拒绝后立即停止，便联想到多年后重新想起时自己的反应,32,deleted,,0,模板变体、超长表达或配额外的同概念近似项
5629,听别人说起听对方说起难忘的初恋，便联想到多年后重新想起时自己的反应,33,deleted,,0,模板变体、超长表达或配额外的同概念近似项
5630,听别人说起害怕错过年轻时的恋爱，便联想到多年后重新想起时自己的反应,33,deleted,,0,模板变体、超长表达或配额外的同概念近似项
5631,听别人说起参加婚礼时被问有没有对象，便联想到多年后重新想起时自己的反应,35,deleted,,0,模板变体、超长表达或配额外的同概念近似项
5632,听别人说起接受喜欢没有得到回应，便联想到多年后重新想起时自己的反应,33,deleted,,0,模板变体、超长表达或配额外的同概念近似项
5633,听别人说起读不懂别人释放的好感，便联想到多年后重新想起时自己的反应,33,deleted,,0,模板变体、超长表达或配额外的同概念近似项
5634,听别人说起从恋爱走向共同生活，便联想到多年后重新想起时自己的反应,32,compressed,从恋爱走向共同生活,9,移除时间、地点、人物或关系模板，归并到核心概念
5635,听别人说起为恋爱纪念日挑选礼物，便联想到多年后重新想起时自己的反应,33,deleted,,0,模板变体、超长表达或配额外的同概念近似项
5636,听别人说起讨论situationship算什么关系，便联想到多年后重新想起时自己的反应,43,deleted,,0,模板变体、超长表达或配额外的同概念近似项
5637,听别人说起解释目前有没有喜欢的人，便联想到多年后重新想起时自己的反应,34,deleted,,0,模板变体、超长表达或配额外的同概念近似项
5638,听别人说起注意到共享耳机的两个人，便联想到多年后重新想起时自己的反应,34,deleted,,0,模板变体、超长表达或配额外的同概念近似项
5639,听别人说起希望成为某个人的例外，便联想到多年后重新想起时自己的反应,33,deleted,,0,模板变体、超长表达或配额外的同概念近似项
5640,听别人说起关系数据库认真维护关系，便联想到多年后重新想起时自己的反应,34,deleted,,0,模板变体、超长表达或配额外的同概念近似项
5641,早读晨光里课间绕路去隔壁班门口，成了后来常想起的画面,26,deleted,,0,模板变体、超长表达或配额外的同概念近似项
5642,课间走廊上看见她穿着宽大的校服外套，成了后来常想起的画面,28,compressed,看见她穿着宽大的校服外套,12,移除时间、地点、人物或关系模板，归并到核心概念
5643,课间走廊上把名字写在同一张草稿纸上，成了后来常想起的画面,28,compressed,把名字写在同一张草稿纸上,12,移除时间、地点、人物或关系模板，归并到核心概念
5644,课间走廊上绕路经过她常去的饮水机，成了后来常想起的画面,27,compressed,绕路经过她常去的饮水机,11,移除时间、地点、人物或关系模板，归并到核心概念
5645,课间走廊上给趴在桌上的人留一盒牛奶，成了后来常想起的画面,28,compressed,给趴在桌上的人留一盒牛奶,12,移除时间、地点、人物或关系模板，归并到核心概念
5646,课间走廊上看见晚霞穿过教学楼窗户，成了后来常想起的画面,27,compressed,看见晚霞穿过教学楼窗户,11,移除时间、地点、人物或关系模板，归并到核心概念
5647,课间走廊上错过毕业前最后一次告白，成了后来常想起的画面,27,compressed,错过毕业前最后一次告白,11,移除时间、地点、人物或关系模板，归并到核心概念
5648,听别人说起从朋友走向恋人，便联想到多年后重新想起时自己的反应,30,deleted,,0,模板变体、超长表达或配额外的同概念近似项
5649,听别人说起遇到愿意互相陪伴的人，便联想到多年后重新想起时自己的反应,33,compressed,遇到愿意互相陪伴的人,10,移除时间、地点、人物或关系模板，归并到核心概念
5650,听别人说起准备一份有意义的礼物，便联想到多年后重新想起时自己的反应,33,deleted,,0,模板变体、超长表达或配额外的同概念近似项
5651,听别人说起为两个人安排周末行程，便联想到多年后重新想起时自己的反应,33,deleted,,0,模板变体、超长表达或配额外的同概念近似项
5652,听别人说起不把沉默误认为同意，便联想到多年后重新想起时自己的反应,32,deleted,,0,模板变体、超长表达或配额外的同概念近似项
5653,听别人说起整理前任留下的旧物，便联想到多年后重新想起时自己的反应,32,deleted,,0,模板变体、超长表达或配额外的同概念近似项
5654,听别人说起觉得感情进度落后别人，便联想到多年后重新想起时自己的反应,33,deleted,,0,模板变体、超长表达或配额外的同概念近似项
5655,听别人说起看别人收到纪念日礼物，便联想到多年后重新想起时自己的反应,33,deleted,,0,模板变体、超长表达或配额外的同概念近似项
5656,听别人说起停止追问拒绝的具体理由，便联想到多年后重新想起时自己的反应,34,deleted,,0,模板变体、超长表达或配额外的同概念近似项
5657,听别人说起想知道有没有人喜欢自己，便联想到多年后重新想起时自己的反应,34,deleted,,0,模板变体、超长表达或配额外的同概念近似项
5658,听别人说起规划两个人的长期未来，便联想到多年后重新想起时自己的反应,33,deleted,,0,模板变体、超长表达或配额外的同概念近似项
5659,听别人说起零点发送周年祝福，便联想到多年后重新想起时自己的反应,31,deleted,,0,模板变体、超长表达或配额外的同概念近似项
5660,听别人说起换上成套的情侣头像，便联想到多年后重新想起时自己的反应,32,deleted,,0,模板变体、超长表达或配额外的同概念近似项
5661,听别人说起回答第一次恋爱是在几岁，便联想到多年后重新想起时自己的反应,34,deleted,,0,模板变体、超长表达或配额外的同概念近似项
5662,听别人说起经过夜晚亮灯的摩天轮，便联想到多年后重新想起时自己的反应,33,deleted,,0,模板变体、超长表达或配额外的同概念近似项
5663,听别人说起渴望获得稳定情感回应，便联想到多年后重新想起时自己的反应,33,deleted,,0,模板变体、超长表达或配额外的同概念近似项
5664,听别人说起握手协议负责成功牵手，便联想到多年后重新想起时自己的反应,33,deleted,,0,模板变体、超长表达或配额外的同概念近似项
5665,早读晨光里替心动对象去小卖部带饮料，成了后来常想起的画面,28,deleted,,0,模板变体、超长表达或配额外的同概念近似项
5666,课间走廊上认出人群里熟悉的校服衣角，成了后来常想起的画面,28,compressed,认出人群里熟悉的校服衣角,12,移除时间、地点、人物或关系模板，归并到核心概念
5667,课间走廊上交换一根代表好感的小皮筋，成了后来常想起的画面,28,compressed,交换一根代表好感的小皮筋,12,移除时间、地点、人物或关系模板，归并到核心概念
5668,课间走廊上在图书馆同一排书架重逢，成了后来常想起的画面,27,compressed,在图书馆同一排书架重逢,11,移除时间、地点、人物或关系模板，归并到核心概念
5669,课间走廊上提醒喜欢的人带伞，成了后来常想起的画面,24,compressed,提醒喜欢的人带伞,8,移除时间、地点、人物或关系模板，归并到核心概念
5670,课间走廊上记住树影在校服上轻轻晃动，成了后来常想起的画面,28,compressed,记住树影在校服上轻轻晃动,12,移除时间、地点、人物或关系模板，归并到核心概念
5671,课间走廊上把喜欢藏进高考结束的夏天，成了后来常想起的画面,28,compressed,把喜欢藏进高考结束的夏天,12,移除时间、地点、人物或关系模板，归并到核心概念
5672,听别人说起认真讨论彼此的需要，便联想到多年后重新想起时自己的反应,32,deleted,,0,模板变体、超长表达或配额外的同概念近似项
5673,听别人说起开始主动扩大社交圈，便联想到多年后重新想起时自己的反应,32,compressed,开始主动扩大社交圈,9,移除时间、地点、人物或关系模板，归并到核心概念
5674,听别人说起请朋友帮忙判断好感信号，便联想到多年后重新想起时自己的反应,34,deleted,,0,模板变体、超长表达或配额外的同概念近似项
5675,听别人说起见面前认真选择穿搭，便联想到多年后重新想起时自己的反应,32,deleted,,0,模板变体、超长表达或配额外的同概念近似项
5676,听别人说起共同商量可以接受的边界，便联想到多年后重新想起时自己的反应,34,deleted,,0,模板变体、超长表达或配额外的同概念近似项
5677,听别人说起思考过去关系里的问题，便联想到多年后重新想起时自己的反应,33,deleted,,0,模板变体、超长表达或配额外的同概念近似项
5678,听别人说起工作以后才开始学习约会，便联想到多年后重新想起时自己的反应,34,deleted,,0,模板变体、超长表达或配额外的同概念近似项
5679,听别人说起发现朋友周末都去约会，便联想到多年后重新想起时自己的反应,33,deleted,,0,模板变体、超长表达或配额外的同概念近似项
5680,听别人说起被拒绝后不再继续打扰，便联想到多年后重新想起时自己的反应,33,deleted,,0,模板变体、超长表达或配额外的同概念近似项
5681,听别人说起把异性缘归因于颜值，便联想到多年后重新想起时自己的反应,32,deleted,,0,模板变体、超长表达或配额外的同概念近似项
5682,听别人说起被家人追问什么时候结婚，便联想到多年后重新想起时自己的反应,34,deleted,,0,模板变体、超长表达或配额外的同概念近似项
5683,听别人说起看见街边摆满情侣商品，便联想到多年后重新想起时自己的反应,33,deleted,,0,模板变体、超长表达或配额外的同概念近似项
5684,听别人说起每天给对方分享短视频，便联想到多年后重新想起时自己的反应,33,deleted,,0,模板变体、超长表达或配额外的同概念近似项
5685,听别人说起被问最长一段关系多久，便联想到多年后重新想起时自己的反应,33,deleted,,0,模板变体、超长表达或配额外的同概念近似项
5686,听别人说起看到桌上放着两张电影票，便联想到多年后重新想起时自己的反应,34,deleted,,0,模板变体、超长表达或配额外的同概念近似项
5687,听别人说起学习不靠伴侣定义完整，便联想到多年后重新想起时自己的反应,33,deleted,,0,模板变体、超长表达或配额外的同概念近似项
5688,听别人说起线程脱单后进入双线程，便联想到多年后重新想起时自己的反应,33,deleted,,0,模板变体、超长表达或配额外的同概念近似项
5689,早读晨光里在人群中寻找熟悉的校服背影，成了后来常想起的画面,29,deleted,,0,模板变体、超长表达或配额外的同概念近似项
5690,课间走廊上替对方整理歪掉的校服领口，成了后来常想起的画面,28,compressed,替对方整理歪掉的校服领口,12,移除时间、地点、人物或关系模板，归并到核心概念
5691,课间走廊上把校服第二颗纽扣留作纪念，成了后来常想起的画面,28,compressed,把校服第二颗纽扣留作纪念,12,移除时间、地点、人物或关系模板，归并到核心概念
5692,课间走廊上在自习室替对方留一个座位，成了后来常想起的画面,28,compressed,在自习室替对方留一个座位,12,移除时间、地点、人物或关系模板，归并到核心概念
5693,课间走廊上把自己的外套借给对方，成了后来常想起的画面,26,compressed,把自己的外套借给对方,10,移除时间、地点、人物或关系模板，归并到核心概念
5694,课间走廊上看见雨水沿着教室玻璃滑下，成了后来常想起的画面,28,compressed,看见雨水沿着教室玻璃滑下,12,移除时间、地点、人物或关系模板，归并到核心概念
5695,课间走廊上约定收到录取通知后再见，成了后来常想起的画面,27,compressed,约定收到录取通知后再见,11,移除时间、地点、人物或关系模板，归并到核心概念
5696,听别人说起发现关系正在升温，便联想到多年后重新想起时自己的反应,31,deleted,,0,模板变体、超长表达或配额外的同概念近似项
5697,听别人说起期待有人一起规划周末，便联想到多年后重新想起时自己的反应,33,compressed,期待有人一起规划周末,10,移除时间、地点、人物或关系模板，归并到核心概念
5698,听别人说起决定不再隐藏真实心意，便联想到多年后重新想起时自己的反应,33,deleted,,0,模板变体、超长表达或配额外的同概念近似项
5699,听别人说起约会结束后舍不得分别，便联想到多年后重新想起时自己的反应,33,deleted,,0,模板变体、超长表达或配额外的同概念近似项
5700,听别人说起为越界接触认真道歉，便联想到多年后重新想起时自己的反应,32,deleted,,0,模板变体、超长表达或配额外的同概念近似项
5701,听别人说起接受曾经喜欢的人已走远，便联想到多年后重新想起时自己的反应,34,deleted,,0,模板变体、超长表达或配额外的同概念近似项
5702,听别人说起怀疑现在恋爱是否太晚，便联想到多年后重新想起时自己的反应,33,deleted,,0,模板变体、超长表达或配额外的同概念近似项
5703,听别人说起听见同龄人开始谈婚论嫁，便联想到多年后重新想起时自己的反应,34,deleted,,0,模板变体、超长表达或配额外的同概念近似项
5704,听别人说起重新建立交往边界，便联想到多年后重新想起时自己的反应,31,deleted,,0,模板变体、超长表达或配额外的同概念近似项
5705,听别人说起学习更坦诚地表达感受，便联想到多年后重新想起时自己的反应,33,deleted,,0,模板变体、超长表达或配额外的同概念近似项
5706,听别人说起参加同学婚礼独自坐一桌，便联想到多年后重新想起时自己的反应,34,deleted,,0,模板变体、超长表达或配额外的同概念近似项
5707,听别人说起独自度过恋爱主题节日，便联想到多年后重新想起时自己的反应,33,deleted,,0,模板变体、超长表达或配额外的同概念近似项
5708,听别人说起把重要聊天设置为置顶，便联想到多年后重新想起时自己的反应,33,deleted,,0,模板变体、超长表达或配额外的同概念近似项
5709,听别人说起猜测今年是否能够脱单，便联想到多年后重新想起时自己的反应,33,deleted,,0,模板变体、超长表达或配额外的同概念近似项
5710,听别人说起发现相册里只有单人照片，便联想到多年后重新想起时自己的反应,34,deleted,,0,模板变体、超长表达或配额外的同概念近似项
5711,听别人说起接受每个人节奏不同，便联想到多年后重新想起时自己的反应,32,deleted,,0,模板变体、超长表达或配额外的同概念近似项
5712,听别人说起空对象拒绝返回女朋友，便联想到多年后重新想起时自己的反应,33,deleted,,0,模板变体、超长表达或配额外的同概念近似项
5713,早读晨光里放学后并肩走出校门，成了后来常想起的画面,25,deleted,,0,模板变体、超长表达或配额外的同概念近似项
5714,课间走廊上注意到校服袖口写着名字，成了后来常想起的画面,27,compressed,注意到校服袖口写着名字,11,移除时间、地点、人物或关系模板，归并到核心概念
5715,课间走廊上送出成对的钥匙扣，成了后来常想起的画面,24,compressed,送出成对的钥匙扣,8,移除时间、地点、人物或关系模板，归并到核心概念
5716,课间走廊上在小卖部门口假装偶遇，成了后来常想起的画面,26,compressed,在小卖部门口假装偶遇,10,移除时间、地点、人物或关系模板，归并到核心概念
5717,课间走廊上记住她不吃的食堂菜，成了后来常想起的画面,25,compressed,记住她不吃的食堂菜,9,移除时间、地点、人物或关系模板，归并到核心概念
5718,课间走廊上闻到新课本混着油墨的气味，成了后来常想起的画面,28,compressed,闻到新课本混着油墨的气味,12,移除时间、地点、人物或关系模板，归并到核心概念
5719,课间走廊上在散伙饭上忍住没说的话，成了后来常想起的画面,27,compressed,在散伙饭上忍住没说的话,11,移除时间、地点、人物或关系模板，归并到核心概念
5720,听别人说起体验被人惦记的感觉，便联想到多年后重新想起时自己的反应,32,deleted,,0,模板变体、超长表达或配额外的同概念近似项
5721,听别人说起不再独自参加朋友聚会，便联想到多年后重新想起时自己的反应,33,deleted,,0,模板变体、超长表达或配额外的同概念近似项
5722,听别人说起尊重对方对追求的回应，便联想到多年后重新想起时自己的反应,33,deleted,,0,模板变体、超长表达或配额外的同概念近似项
5723,听别人说起等待对方发来安全到家，便联想到多年后重新想起时自己的反应,33,deleted,,0,模板变体、超长表达或配额外的同概念近似项
5724,听别人说起尊重对方改变主意，便联想到多年后重新想起时自己的反应,31,deleted,,0,模板变体、超长表达或配额外的同概念近似项
5725,听别人说起意识到自己从没被表白，便联想到多年后重新想起时自己的反应,33,deleted,,0,模板变体、超长表达或配额外的同概念近似项
5726,听别人说起计算自己单身了多少年，便联想到多年后重新想起时自己的反应,33,deleted,,0,模板变体、超长表达或配额外的同概念近似项
5727,听别人说起把自己的经历和别人比较，便联想到多年后重新想起时自己的反应,34,deleted,,0,模板变体、超长表达或配额外的同概念近似项
5728,听别人说起删除没有发出的解释消息，便联想到多年后重新想起时自己的反应,34,deleted,,0,模板变体、超长表达或配额外的同概念近似项
5729,听别人说起不再靠恋爱证明个人价值，便联想到多年后重新想起时自己的反应,34,deleted,,0,模板变体、超长表达或配额外的同概念近似项
5730,听别人说起听见别人叫彼此老公老婆，便联想到多年后重新想起时自己的反应,34,deleted,,0,模板变体、超长表达或配额外的同概念近似项
5731,听别人说起收到平台推送的情侣套餐，便联想到多年后重新想起时自己的反应,34,deleted,,0,模板变体、超长表达或配额外的同概念近似项
5732,听别人说起从线上聊天走到线下见面，便联想到多年后重新想起时自己的反应,34,deleted,,0,模板变体、超长表达或配额外的同概念近似项
5733,听别人说起面对她是不是你女朋友的追问，便联想到多年后重新想起时自己的反应,36,deleted,,0,模板变体、超长表达或配额外的同概念近似项
5734,听别人说起收到适合约会的地点推荐，便联想到多年后重新想起时自己的反应,34,deleted,,0,模板变体、超长表达或配额外的同概念近似项
5735,听别人说起允许遗憾留在过去，便联想到多年后重新想起时自己的反应,31,deleted,,0,模板变体、超长表达或配额外的同概念近似项
5736,听别人说起恋爱脑被当作神经网络，便联想到多年后重新想起时自己的反应,33,deleted,,0,模板变体、超长表达或配额外的同概念近似项
5737,早读晨光里推着自行车陪对方慢慢走，成了后来常想起的画面,27,deleted,,0,模板变体、超长表达或配额外的同概念近似项
5738,课间走廊上看见白衬衫被晚霞染成金色，成了后来常想起的画面,28,compressed,看见白衬衫被晚霞染成金色,12,移除时间、地点、人物或关系模板，归并到核心概念
5739,课间走廊上互换写着祝福的书签，成了后来常想起的画面,25,compressed,互换写着祝福的书签,9,移除时间、地点、人物或关系模板，归并到核心概念
5740,课间走廊上在食堂排队时站到她身后，成了后来常想起的画面,27,compressed,在食堂排队时站到她身后,11,移除时间、地点、人物或关系模板，归并到核心概念
5741,课间走廊上替迟到的人悄悄留门，成了后来常想起的画面,25,compressed,替迟到的人悄悄留门,9,移除时间、地点、人物或关系模板，归并到核心概念
5742,课间走廊上记住雨后塑胶跑道的气味，成了后来常想起的画面,27,compressed,记住雨后塑胶跑道的气味,11,移除时间、地点、人物或关系模板，归并到核心概念
5743,课间走廊上听完最后一次校园广播，成了后来常想起的画面,26,compressed,听完最后一次校园广播,10,移除时间、地点、人物或关系模板，归并到核心概念
5744,听别人说起允许恋爱自然发生，便联想到多年后重新想起时自己的反应,31,deleted,,0,模板变体、超长表达或配额外的同概念近似项
5745,听别人说起寻找能够长期相处的人，便联想到多年后重新想起时自己的反应,33,deleted,,0,模板变体、超长表达或配额外的同概念近似项
5746,听别人说起把模糊关系说清楚，便联想到多年后重新想起时自己的反应,31,deleted,,0,模板变体、超长表达或配额外的同概念近似项
5747,听别人说起期待下一次单独见面，便联想到多年后重新想起时自己的反应,32,deleted,,0,模板变体、超长表达或配额外的同概念近似项
5748,听别人说起在安全感中逐渐靠近，便联想到多年后重新想起时自己的反应,32,deleted,,0,模板变体、超长表达或配额外的同概念近似项
5749,听别人说起不再用经历数量评价自己，便联想到多年后重新想起时自己的反应,34,deleted,,0,模板变体、超长表达或配额外的同概念近似项
5750,听别人说起提醒自己没有统一人生时钟，便联想到多年后重新想起时自己的反应,35,deleted,,0,模板变体、超长表达或配额外的同概念近似项
5751,听别人说起提醒自己不必追赶他人进度，便联想到多年后重新想起时自己的反应,35,deleted,,0,模板变体、超长表达或配额外的同概念近似项
5752,听别人说起把没有回复也视作答案，便联想到多年后重新想起时自己的反应,33,deleted,,0,模板变体、超长表达或配额外的同概念近似项
5753,听别人说起相信自己也值得被选择，便联想到多年后重新想起时自己的反应,33,deleted,,0,模板变体、超长表达或配额外的同概念近似项
5754,听别人说起还没有对象就开始被催婚，便联想到多年后重新想起时自己的反应,34,deleted,,0,模板变体、超长表达或配额外的同概念近似项
5755,听别人说起跨年倒数时想起喜欢的人，便联想到多年后重新想起时自己的反应,34,deleted,,0,模板变体、超长表达或配额外的同概念近似项
5756,听别人说起因为断联猜测关系是否结束，便联想到多年后重新想起时自己的反应,35,deleted,,0,模板变体、超长表达或配额外的同概念近似项
5757,听别人说起拒绝回答过度私人的感情问题，便联想到多年后重新想起时自己的反应,36,deleted,,0,模板变体、超长表达或配额外的同概念近似项
5758,听别人说起看见副驾驶放着一束花，便联想到多年后重新想起时自己的反应,33,deleted,,0,模板变体、超长表达或配额外的同概念近似项
5759,听别人说起相信未来仍会建立连接，便联想到多年后重新想起时自己的反应,33,deleted,,0,模板变体、超长表达或配额外的同概念近似项
5760,听别人说起朋友圈在图论里形成闭环，便联想到多年后重新想起时自己的反应,34,deleted,,0,模板变体、超长表达或配额外的同概念近似项
5761,早读晨光里一起等最后一班公交车，成了后来常想起的画面,26,deleted,,0,模板变体、超长表达或配额外的同概念近似项
5762,课间走廊上发现手腕上多了一根小皮筋，成了后来常想起的画面,28,compressed,发现手腕上多了一根小皮筋,12,移除时间、地点、人物或关系模板，归并到核心概念
5763,课间走廊上借出一支舍不得收回的笔，成了后来常想起的画面,27,compressed,借出一支舍不得收回的笔,11,移除时间、地点、人物或关系模板，归并到核心概念
5764,课间走廊上在校园广播站等一首点歌，成了后来常想起的画面,27,compressed,在校园广播站等一首点歌,11,移除时间、地点、人物或关系模板，归并到核心概念
5765,课间走廊上在值日时一起擦黑板，成了后来常想起的画面,25,compressed,在值日时一起擦黑板,9,移除时间、地点、人物或关系模板，归并到核心概念
5766,课间走廊上感到共用雨伞时靠近的温度，成了后来常想起的画面,28,compressed,感到共用雨伞时靠近的温度,12,移除时间、地点、人物或关系模板，归并到核心概念
5767,课间走廊上收拾课桌时找到旧纸条，成了后来常想起的画面,26,compressed,收拾课桌时找到旧纸条,10,移除时间、地点、人物或关系模板，归并到核心概念
5768,初次认识时意识到自己一直没体验过第一次确认恋爱关系,25,compressed,第一次确认恋爱关系,9,移除时间、地点、人物或关系模板，归并到核心概念
5769,初次认识时意识到自己一直没体验过终于有了稳定对象,24,compressed,终于有了稳定对象,8,移除时间、地点、人物或关系模板，归并到核心概念
5770,初次认识时意识到自己一直没体验过鼓起勇气说出喜欢,24,deleted,,0,模板变体、超长表达或配额外的同概念近似项
5771,初次认识时意识到自己一直没体验过计划第一次正式约会,25,deleted,,0,模板变体、超长表达或配额外的同概念近似项
5772,初次认识时意识到自己一直没体验过第一次牵住喜欢的人的手,27,compressed,第一次牵住喜欢的人的手,11,移除时间、地点、人物或关系模板，归并到核心概念
5773,初次认识时意识到自己一直没体验过回忆自己的第一次心动,26,deleted,,0,模板变体、超长表达或配额外的同概念近似项
5774,初次认识时意识到自己一直没体验过发现又长一岁仍然单身,26,deleted,,0,模板变体、超长表达或配额外的同概念近似项
5775,初次认识时意识到自己一直没体验过看到室友突然宣布脱单,26,deleted,,0,模板变体、超长表达或配额外的同概念近似项
5776,初次认识时意识到自己一直没体验过告白后收到明确拒绝,25,deleted,,0,模板变体、超长表达或配额外的同概念近似项
5777,初次认识时意识到自己一直没体验过担心自己的外貌没有吸引力,28,deleted,,0,模板变体、超长表达或配额外的同概念近似项
5778,初次认识时意识到自己一直没体验过收到朋友发来的婚礼请柬,27,compressed,收到朋友发来的婚礼请柬,11,移除时间、地点、人物或关系模板，归并到核心概念
5779,初次认识时意识到自己一直没体验过在情人节准备一束玫瑰,26,deleted,,0,模板变体、超长表达或配额外的同概念近似项
5780,初次认识时意识到自己一直没体验过把心动对象称作crush,28,deleted,,0,模板变体、超长表达或配额外的同概念近似项
5781,初次认识时意识到自己一直没体验过被问以前谈过几个对象,26,deleted,,0,模板变体、超长表达或配额外的同概念近似项
5782,初次认识时意识到自己一直没体验过看见电影院里的双人座,26,compressed,看见电影院里的双人座,10,移除时间、地点、人物或关系模板，归并到核心概念
5783,初次认识时意识到自己一直没体验过把恋爱视作人生进度,25,deleted,,0,模板变体、超长表达或配额外的同概念近似项
5784,初次认识时意识到自己一直没体验过面向对象时找不到对象,26,deleted,,0,模板变体、超长表达或配额外的同概念近似项
5785,早读晨光里约好第二天在校门口见，成了后来常想起的画面,26,deleted,,0,模板变体、超长表达或配额外的同概念近似项
5786,课间走廊上把对方送的小皮筋戴在手腕，成了后来常想起的画面,28,compressed,把对方送的小皮筋戴在手腕,12,移除时间、地点、人物或关系模板，归并到核心概念
5787,课间走廊上在橡皮上刻下对方的缩写，成了后来常想起的画面,27,compressed,在橡皮上刻下对方的缩写,11,移除时间、地点、人物或关系模板，归并到核心概念
5788,课间走廊上在礼堂散场后寻找对方，成了后来常想起的画面,26,compressed,在礼堂散场后寻找对方,10,移除时间、地点、人物或关系模板，归并到核心概念
5789,课间走廊上一起搬运动会用的桌椅，成了后来常想起的画面,26,compressed,一起搬运动会用的桌椅,10,移除时间、地点、人物或关系模板，归并到核心概念
5790,课间走廊上记住冬天热水杯传来的暖意，成了后来常想起的画面,28,compressed,记住冬天热水杯传来的暖意,12,移除时间、地点、人物或关系模板，归并到核心概念
5791,课间走廊上离校前再走一遍熟悉的操场，成了后来常想起的画面,28,compressed,离校前再走一遍熟悉的操场,12,移除时间、地点、人物或关系模板，归并到核心概念
5792,初次认识时意识到自己一直没体验过感受到双向喜欢,23,compressed,感受到双向喜欢,7,移除时间、地点、人物或关系模板，归并到核心概念
5793,初次认识时意识到自己一直没体验过介绍身边的人是另一半,26,compressed,介绍身边的人是另一半,10,移除时间、地点、人物或关系模板，归并到核心概念
5794,初次认识时意识到自己一直没体验过把暗恋写进一封信,24,deleted,,0,模板变体、超长表达或配额外的同概念近似项
5795,初次认识时意识到自己一直没体验过邀请喜欢的人一起吃饭,26,deleted,,0,模板变体、超长表达或配额外的同概念近似项
5796,初次认识时意识到自己一直没体验过得到同意后拥抱对方,25,compressed,得到同意后拥抱对方,9,移除时间、地点、人物或关系模板，归并到核心概念
5797,初次认识时意识到自己一直没体验过谈起已经结束的上一段关系,28,deleted,,0,模板变体、超长表达或配额外的同概念近似项
5798,初次认识时意识到自己一直没体验过担心毕业前没有恋爱经历,27,deleted,,0,模板变体、超长表达或配额外的同概念近似项
5799,初次认识时意识到自己一直没体验过发现聚会里只有自己单身,27,deleted,,0,模板变体、超长表达或配额外的同概念近似项
5800,初次认识时意识到自己一直没体验过听见我们还是做朋友吧,26,deleted,,0,模板变体、超长表达或配额外的同概念近似项
5801,初次认识时意识到自己一直没体验过见喜欢的人前认真整理头发,28,deleted,,0,模板变体、超长表达或配额外的同概念近似项
5802,初次认识时意识到自己一直没体验过看见恋人交换订婚戒指,26,compressed,看见恋人交换订婚戒指,10,移除时间、地点、人物或关系模板，归并到核心概念
5803,初次认识时意识到自己一直没体验过七夕预订双人晚餐,24,deleted,,0,模板变体、超长表达或配额外的同概念近似项
5804,初次认识时意识到自己一直没体验过在朋友圈正式官宣关系,26,deleted,,0,模板变体、超长表达或配额外的同概念近似项
5805,初次认识时意识到自己一直没体验过回答自己有没有恋爱经历,27,deleted,,0,模板变体、超长表达或配额外的同概念近似项
5806,初次认识时意识到自己一直没体验过路过摆满玫瑰的花店,25,compressed,路过摆满玫瑰的花店,9,移除时间、地点、人物或关系模板，归并到核心概念
5807,初次认识时意识到自己一直没体验过担心青春缺少重要体验,26,deleted,,0,模板变体、超长表达或配额外的同概念近似项
5808,初次认识时意识到自己一直没体验过对象存储突然容量不足,26,deleted,,0,模板变体、超长表达或配额外的同概念近似项
5809,早读晨光里在操场看台说出喜欢，成了后来常想起的画面,25,deleted,,0,模板变体、超长表达或配额外的同概念近似项
5810,课间走廊上认出书包上新挂的钥匙扣，成了后来常想起的画面,27,compressed,认出书包上新挂的钥匙扣,11,移除时间、地点、人物或关系模板，归并到核心概念
5811,课间走廊上把复习资料装订得整整齐齐，成了后来常想起的画面,28,compressed,把复习资料装订得整整齐齐,12,移除时间、地点、人物或关系模板，归并到核心概念
5812,课间走廊上沿着操场跑道陪她慢慢走，成了后来常想起的画面,27,compressed,沿着操场跑道陪她慢慢走,11,移除时间、地点、人物或关系模板，归并到核心概念
5813,课间走廊上在社团排练后帮忙收器材，成了后来常想起的画面,27,compressed,在社团排练后帮忙收器材,11,移除时间、地点、人物或关系模板，归并到核心概念
5814,课间走廊上等春天樱花落在她肩上，成了后来常想起的画面,26,compressed,等春天樱花落在她肩上,10,移除时间、地点、人物或关系模板，归并到核心概念
5815,课间走廊上在校门口说出以后常联系，成了后来常想起的画面,27,compressed,在校门口说出以后常联系,11,移除时间、地点、人物或关系模板，归并到核心概念
5816,初次认识时意识到自己一直没体验过学会经营一段感情,24,deleted,,0,模板变体、超长表达或配额外的同概念近似项
5817,初次认识时意识到自己一直没体验过从单身状态顺利毕业,25,compressed,从单身状态顺利毕业,9,移除时间、地点、人物或关系模板，归并到核心概念
5818,初次认识时意识到自己一直没体验过试探对方是否也有好感,26,deleted,,0,模板变体、超长表达或配额外的同概念近似项
5819,初次认识时意识到自己一直没体验过挑选适合聊天的咖啡店,26,deleted,,0,模板变体、超长表达或配额外的同概念近似项
5820,初次认识时意识到自己一直没体验过在靠近前先询问意愿,25,deleted,,0,模板变体、超长表达或配额外的同概念近似项
5821,初次认识时意识到自己一直没体验过被问到过去有几次恋爱,26,deleted,,0,模板变体、超长表达或配额外的同概念近似项
5822,初次认识时意识到自己一直没体验过看着同龄人进入稳定关系,27,deleted,,0,模板变体、超长表达或配额外的同概念近似项
5823,初次认识时意识到自己一直没体验过刷到朋友晒情侣合照,25,deleted,,0,模板变体、超长表达或配额外的同概念近似项
5824,初次认识时意识到自己一直没体验过邀约连续几次没有回应,26,deleted,,0,模板变体、超长表达或配额外的同概念近似项
5825,初次认识时意识到自己一直没体验过怀疑自己不擅长聊天,25,deleted,,0,模板变体、超长表达或配额外的同概念近似项
5826,初次认识时意识到自己一直没体验过讨论以后在哪座城市生活,27,compressed,讨论以后在哪座城市生活,11,移除时间、地点、人物或关系模板，归并到核心概念
5827,初次认识时意识到自己一直没体验过在520发出含蓄告白,26,deleted,,0,模板变体、超长表达或配额外的同概念近似项
5828,初次认识时意识到自己一直没体验过和朋友一起磕一对CP,26,deleted,,0,模板变体、超长表达或配额外的同概念近似项
5829,初次认识时意识到自己一直没体验过被追问为什么一直单身,26,deleted,,0,模板变体、超长表达或配额外的同概念近似项
5830,初次认识时意识到自己一直没体验过发现饮品店推出情侣套餐,27,compressed,发现饮品店推出情侣套餐,11,移除时间、地点、人物或关系模板，归并到核心概念
5831,初次认识时意识到自己一直没体验过觉得自己落后于同龄人,26,deleted,,0,模板变体、超长表达或配额外的同概念近似项
5832,初次认识时意识到自己一直没体验过单例模式坚持保持单身,26,deleted,,0,模板变体、超长表达或配额外的同概念近似项
5833,早读晨光里把暗恋告诉最信任的同学，成了后来常想起的画面,27,deleted,,0,模板变体、超长表达或配额外的同概念近似项
5834,课间走廊上留意她每天更换的发卡，成了后来常想起的画面,26,compressed,留意她每天更换的发卡,10,移除时间、地点、人物或关系模板，归并到核心概念
5835,课间走廊上在错题本角落留下鼓励，成了后来常想起的画面,26,compressed,在错题本角落留下鼓励,10,移除时间、地点、人物或关系模板，归并到核心概念
5836,课间走廊上在篮球场边递上一瓶水，成了后来常想起的画面,26,compressed,在篮球场边递上一瓶水,10,移除时间、地点、人物或关系模板，归并到核心概念
5837,课间走廊上为对方的比赛偷偷加油，成了后来常想起的画面,26,compressed,为对方的比赛偷偷加油,10,移除时间、地点、人物或关系模板，归并到核心概念
5838,课间走廊上在盛夏风扇声里偷偷心动，成了后来常想起的画面,27,compressed,在盛夏风扇声里偷偷心动,11,移除时间、地点、人物或关系模板，归并到核心概念
5839,课间走廊上目送对方坐上不同方向的车，成了后来常想起的画面,28,compressed,目送对方坐上不同方向的车,12,移除时间、地点、人物或关系模板，归并到核心概念
5840,初次认识时意识到自己一直没体验过拥有可以分享日常的人,26,deleted,,0,模板变体、超长表达或配额外的同概念近似项
5841,初次认识时意识到自己一直没体验过朋友介绍了合适的人,25,compressed,朋友介绍了合适的人,9,移除时间、地点、人物或关系模板，归并到核心概念
5842,初次认识时意识到自己一直没体验过主动创造单独见面的机会,27,deleted,,0,模板变体、超长表达或配额外的同概念近似项
5843,初次认识时意识到自己一直没体验过一起看期待很久的电影,26,deleted,,0,模板变体、超长表达或配额外的同概念近似项
5844,初次认识时意识到自己一直没体验过注意到对方不舒服的信号,27,deleted,,0,模板变体、超长表达或配额外的同概念近似项
5845,初次认识时意识到自己一直没体验过发现恋爱履历仍然空白,26,deleted,,0,模板变体、超长表达或配额外的同概念近似项
5846,初次认识时意识到自己一直没体验过把生日变成脱单倒计时,26,deleted,,0,模板变体、超长表达或配额外的同概念近似项
5847,初次认识时意识到自己一直没体验过听同学讨论各自的前任,26,deleted,,0,模板变体、超长表达或配额外的同概念近似项
5848,初次认识时意识到自己一直没体验过发现对方正在逐渐疏远,26,deleted,,0,模板变体、超长表达或配额外的同概念近似项
5849,初次认识时意识到自己一直没体验过面对心动对象突然紧张,26,deleted,,0,模板变体、超长表达或配额外的同概念近似项
5850,初次认识时意识到自己一直没体验过考虑要不要带对象见父母,27,compressed,考虑要不要带对象见父母,11,移除时间、地点、人物或关系模板，归并到核心概念
5851,初次认识时意识到自己一直没体验过圣诞夜邀请喜欢的人见面,27,deleted,,0,模板变体、超长表达或配额外的同概念近似项
5852,初次认识时意识到自己一直没体验过判断彼此是否处于暧昧期,27,deleted,,0,模板变体、超长表达或配额外的同概念近似项
5853,初次认识时意识到自己一直没体验过听见什么时候脱单的问题,27,deleted,,0,模板变体、超长表达或配额外的同概念近似项
5854,初次认识时意识到自己一直没体验过看见两件并排挂着的外套,27,deleted,,0,模板变体、超长表达或配额外的同概念近似项
5855,初次认识时意识到自己一直没体验过害怕永远错过亲密关系,26,deleted,,0,模板变体、超长表达或配额外的同概念近似项
5856,初次认识时意识到自己一直没体验过配对算法开始安排相亲,26,deleted,,0,模板变体、超长表达或配额外的同概念近似项
5857,早读晨光里收到对方认真回应的好感，成了后来常想起的画面,27,deleted,,0,模板变体、超长表达或配额外的同概念近似项
5858,课间走廊上记住帆布鞋踩过积水的声音，成了后来常想起的画面,28,deleted,,0,模板变体、超长表达或配额外的同概念近似项
5859,课间走廊上用同一本练习册对答案，成了后来常想起的画面,26,deleted,,0,模板变体、超长表达或配额外的同概念近似项
5860,课间走廊上在看台最高一排并肩坐着，成了后来常想起的画面,27,compressed,在看台最高一排并肩坐着,11,移除时间、地点、人物或关系模板，归并到核心概念
5861,课间走廊上在班级合唱时站到她旁边，成了后来常想起的画面,27,compressed,在班级合唱时站到她旁边,11,移除时间、地点、人物或关系模板，归并到核心概念
5862,课间走廊上看秋叶堆满放学的小路，成了后来常想起的画面,26,deleted,,0,模板变体、超长表达或配额外的同概念近似项
5863,课间走廊上发现最后一句聊天停在毕业快乐，成了后来常想起的画面,30,deleted,,0,模板变体、超长表达或配额外的同概念近似项
5864,初次认识时意识到自己一直没体验过期待稳定的情感回应,25,deleted,,0,模板变体、超长表达或配额外的同概念近似项
5865,初次认识时意识到自己一直没体验过认真思考理想伴侣,24,compressed,认真思考理想伴侣,8,移除时间、地点、人物或关系模板，归并到核心概念
5866,初次认识时意识到自己一直没体验过收到别人认真的告白,25,deleted,,0,模板变体、超长表达或配额外的同概念近似项
5867,初次认识时意识到自己一直没体验过沿着安静的小路散步,25,deleted,,0,模板变体、超长表达或配额外的同概念近似项
5868,初次认识时意识到自己一直没体验过明确拒绝后立即停止,25,deleted,,0,模板变体、超长表达或配额外的同概念近似项
5869,初次认识时意识到自己一直没体验过听对方说起难忘的初恋,26,deleted,,0,模板变体、超长表达或配额外的同概念近似项
5870,初次认识时意识到自己一直没体验过害怕错过年轻时的恋爱,26,deleted,,0,模板变体、超长表达或配额外的同概念近似项
5871,初次认识时意识到自己一直没体验过参加婚礼时被问有没有对象,28,deleted,,0,模板变体、超长表达或配额外的同概念近似项
5872,初次认识时意识到自己一直没体验过接受喜欢没有得到回应,26,deleted,,0,模板变体、超长表达或配额外的同概念近似项
5873,初次认识时意识到自己一直没体验过读不懂别人释放的好感,26,deleted,,0,模板变体、超长表达或配额外的同概念近似项
5874,初次认识时意识到自己一直没体验过从恋爱走向共同生活,25,compressed,从恋爱走向共同生活,9,移除时间、地点、人物或关系模板，归并到核心概念
5875,初次认识时意识到自己一直没体验过为恋爱纪念日挑选礼物,26,deleted,,0,模板变体、超长表达或配额外的同概念近似项
5876,初次认识时意识到自己一直没体验过讨论situationship算什么关系,36,deleted,,0,模板变体、超长表达或配额外的同概念近似项
5877,初次认识时意识到自己一直没体验过解释目前有没有喜欢的人,27,deleted,,0,模板变体、超长表达或配额外的同概念近似项
5878,初次认识时意识到自己一直没体验过注意到共享耳机的两个人,27,deleted,,0,模板变体、超长表达或配额外的同概念近似项
5879,初次认识时意识到自己一直没体验过希望成为某个人的例外,26,deleted,,0,模板变体、超长表达或配额外的同概念近似项
5880,初次认识时意识到自己一直没体验过关系数据库认真维护关系,27,deleted,,0,模板变体、超长表达或配额外的同概念近似项
5881,早读晨光里从同桌变成互相喜欢的人，成了后来常想起的画面,27,deleted,,0,模板变体、超长表达或配额外的同概念近似项
5882,课间走廊上看见运动服背后的班级号码，成了后来常想起的画面,28,deleted,,0,模板变体、超长表达或配额外的同概念近似项
5883,课间走廊上把借书卡藏进喜欢的书里，成了后来常想起的画面,27,deleted,,0,模板变体、超长表达或配额外的同概念近似项
5884,课间走廊上在体育馆门口等训练结束，成了后来常想起的画面,27,deleted,,0,模板变体、超长表达或配额外的同概念近似项
5885,课间走廊上假装随口询问周末安排，成了后来常想起的画面,26,deleted,,0,模板变体、超长表达或配额外的同概念近似项
5886,课间走廊上在初雪那天想和她一起走，成了后来常想起的画面,27,deleted,,0,模板变体、超长表达或配额外的同概念近似项
5887,课间走廊上因为去往不同城市慢慢失联，成了后来常想起的画面,28,deleted,,0,模板变体、超长表达或配额外的同概念近似项
5888,初次认识时意识到自己一直没体验过从朋友走向恋人,23,deleted,,0,模板变体、超长表达或配额外的同概念近似项
5889,初次认识时意识到自己一直没体验过遇到愿意互相陪伴的人,26,compressed,遇到愿意互相陪伴的人,10,移除时间、地点、人物或关系模板，归并到核心概念
5890,初次认识时意识到自己一直没体验过准备一份有意义的礼物,26,deleted,,0,模板变体、超长表达或配额外的同概念近似项
5891,初次认识时意识到自己一直没体验过为两个人安排周末行程,26,deleted,,0,模板变体、超长表达或配额外的同概念近似项
5892,初次认识时意识到自己一直没体验过不把沉默误认为同意,25,deleted,,0,模板变体、超长表达或配额外的同概念近似项
5893,初次认识时意识到自己一直没体验过整理前任留下的旧物,25,deleted,,0,模板变体、超长表达或配额外的同概念近似项
5894,初次认识时意识到自己一直没体验过觉得感情进度落后别人,26,deleted,,0,模板变体、超长表达或配额外的同概念近似项
5895,初次认识时意识到自己一直没体验过看别人收到纪念日礼物,26,deleted,,0,模板变体、超长表达或配额外的同概念近似项
5896,初次认识时意识到自己一直没体验过停止追问拒绝的具体理由,27,deleted,,0,模板变体、超长表达或配额外的同概念近似项
5897,初次认识时意识到自己一直没体验过想知道有没有人喜欢自己,27,deleted,,0,模板变体、超长表达或配额外的同概念近似项
5898,初次认识时意识到自己一直没体验过规划两个人的长期未来,26,deleted,,0,模板变体、超长表达或配额外的同概念近似项
5899,初次认识时意识到自己一直没体验过零点发送周年祝福,24,deleted,,0,模板变体、超长表达或配额外的同概念近似项
5900,初次认识时意识到自己一直没体验过换上成套的情侣头像,25,deleted,,0,模板变体、超长表达或配额外的同概念近似项
5901,初次认识时意识到自己一直没体验过回答第一次恋爱是在几岁,27,deleted,,0,模板变体、超长表达或配额外的同概念近似项
5902,初次认识时意识到自己一直没体验过经过夜晚亮灯的摩天轮,26,deleted,,0,模板变体、超长表达或配额外的同概念近似项
5903,初次认识时意识到自己一直没体验过渴望获得稳定情感回应,26,deleted,,0,模板变体、超长表达或配额外的同概念近似项
5904,初次认识时意识到自己一直没体验过握手协议负责成功牵手,26,deleted,,0,模板变体、超长表达或配额外的同概念近似项
5905,早读晨光里在班级起哄中偷偷脸红，成了后来常想起的画面,26,deleted,,0,模板变体、超长表达或配额外的同概念近似项
5906,课间走廊上注意到对方紧张时攥住衣角，成了后来常想起的画面,28,deleted,,0,模板变体、超长表达或配额外的同概念近似项
5907,课间走廊上用值日表制造一起留下的机会，成了后来常想起的画面,29,deleted,,0,模板变体、超长表达或配额外的同概念近似项
5908,课间走廊上沿林荫道推着自行车同行，成了后来常想起的画面,27,deleted,,0,模板变体、超长表达或配额外的同概念近似项
5909,课间走廊上把好笑的事情第一个告诉她，成了后来常想起的画面,28,deleted,,0,模板变体、超长表达或配额外的同概念近似项
5910,课间走廊上记住六月毕业季的闷热，成了后来常想起的画面,26,deleted,,0,模板变体、超长表达或配额外的同概念近似项
5911,课间走廊上多年后翻到泛黄的毕业照，成了后来常想起的画面,27,deleted,,0,模板变体、超长表达或配额外的同概念近似项
5912,初次认识时意识到自己一直没体验过认真讨论彼此的需要,25,deleted,,0,模板变体、超长表达或配额外的同概念近似项
5913,初次认识时意识到自己一直没体验过开始主动扩大社交圈,25,compressed,开始主动扩大社交圈,9,移除时间、地点、人物或关系模板，归并到核心概念
5914,初次认识时意识到自己一直没体验过请朋友帮忙判断好感信号,27,deleted,,0,模板变体、超长表达或配额外的同概念近似项
5915,初次认识时意识到自己一直没体验过见面前认真选择穿搭,25,deleted,,0,模板变体、超长表达或配额外的同概念近似项
5916,初次认识时意识到自己一直没体验过共同商量可以接受的边界,27,deleted,,0,模板变体、超长表达或配额外的同概念近似项
5917,初次认识时意识到自己一直没体验过思考过去关系里的问题,26,deleted,,0,模板变体、超长表达或配额外的同概念近似项
5918,初次认识时意识到自己一直没体验过工作以后才开始学习约会,27,deleted,,0,模板变体、超长表达或配额外的同概念近似项
5919,初次认识时意识到自己一直没体验过发现朋友周末都去约会,26,deleted,,0,模板变体、超长表达或配额外的同概念近似项
5920,初次认识时意识到自己一直没体验过被拒绝后不再继续打扰,26,deleted,,0,模板变体、超长表达或配额外的同概念近似项
5921,初次认识时意识到自己一直没体验过把异性缘归因于颜值,25,deleted,,0,模板变体、超长表达或配额外的同概念近似项
5922,初次认识时意识到自己一直没体验过被家人追问什么时候结婚,27,deleted,,0,模板变体、超长表达或配额外的同概念近似项
5923,初次认识时意识到自己一直没体验过看见街边摆满情侣商品,26,deleted,,0,模板变体、超长表达或配额外的同概念近似项
5924,初次认识时意识到自己一直没体验过每天给对方分享短视频,26,deleted,,0,模板变体、超长表达或配额外的同概念近似项
5925,初次认识时意识到自己一直没体验过被问最长一段关系多久,26,deleted,,0,模板变体、超长表达或配额外的同概念近似项
5926,初次认识时意识到自己一直没体验过看到桌上放着两张电影票,27,deleted,,0,模板变体、超长表达或配额外的同概念近似项
5927,初次认识时意识到自己一直没体验过学习不靠伴侣定义完整,26,deleted,,0,模板变体、超长表达或配额外的同概念近似项
5928,初次认识时意识到自己一直没体验过线程脱单后进入双线程,26,deleted,,0,模板变体、超长表达或配额外的同概念近似项
5929,早读晨光里交换只有两个人懂的暗号，成了后来常想起的画面,27,deleted,,0,模板变体、超长表达或配额外的同概念近似项
5930,课间走廊上记住少年骑车时鼓起的衣摆，成了后来常想起的画面,28,deleted,,0,模板变体、超长表达或配额外的同概念近似项
5931,课间走廊上在课程表上圈出共同的空课，成了后来常想起的画面,28,deleted,,0,模板变体、超长表达或配额外的同概念近似项
5932,课间走廊上在校门口犹豫要不要告别，成了后来常想起的画面,27,deleted,,0,模板变体、超长表达或配额外的同概念近似项
5933,课间走廊上聊天时等对方收拾完书包，成了后来常想起的画面,27,deleted,,0,模板变体、超长表达或配额外的同概念近似项
5934,课间走廊上在傍晚风里听见校服摩擦声，成了后来常想起的画面,28,deleted,,0,模板变体、超长表达或配额外的同概念近似项
5935,课间走廊上重回母校时寻找当年的座位，成了后来常想起的画面,28,deleted,,0,模板变体、超长表达或配额外的同概念近似项
5936,初次认识时意识到自己一直没体验过发现关系正在升温,24,deleted,,0,模板变体、超长表达或配额外的同概念近似项
5937,初次认识时意识到自己一直没体验过期待有人一起规划周末,26,compressed,期待有人一起规划周末,10,移除时间、地点、人物或关系模板，归并到核心概念
5938,初次认识时意识到自己一直没体验过决定不再隐藏真实心意,26,deleted,,0,模板变体、超长表达或配额外的同概念近似项
5939,初次认识时意识到自己一直没体验过约会结束后舍不得分别,26,deleted,,0,模板变体、超长表达或配额外的同概念近似项
5940,初次认识时意识到自己一直没体验过为越界接触认真道歉,25,deleted,,0,模板变体、超长表达或配额外的同概念近似项
5941,初次认识时意识到自己一直没体验过接受曾经喜欢的人已走远,27,deleted,,0,模板变体、超长表达或配额外的同概念近似项
5942,初次认识时意识到自己一直没体验过怀疑现在恋爱是否太晚,26,deleted,,0,模板变体、超长表达或配额外的同概念近似项
5943,初次认识时意识到自己一直没体验过听见同龄人开始谈婚论嫁,27,deleted,,0,模板变体、超长表达或配额外的同概念近似项
5944,初次认识时意识到自己一直没体验过重新建立交往边界,24,deleted,,0,模板变体、超长表达或配额外的同概念近似项
5945,初次认识时意识到自己一直没体验过学习更坦诚地表达感受,26,deleted,,0,模板变体、超长表达或配额外的同概念近似项
5946,初次认识时意识到自己一直没体验过参加同学婚礼独自坐一桌,27,deleted,,0,模板变体、超长表达或配额外的同概念近似项
5947,初次认识时意识到自己一直没体验过独自度过恋爱主题节日,26,deleted,,0,模板变体、超长表达或配额外的同概念近似项
5948,初次认识时意识到自己一直没体验过把重要聊天设置为置顶,26,deleted,,0,模板变体、超长表达或配额外的同概念近似项
5949,初次认识时意识到自己一直没体验过猜测今年是否能够脱单,26,deleted,,0,模板变体、超长表达或配额外的同概念近似项
5950,初次认识时意识到自己一直没体验过发现相册里只有单人照片,27,deleted,,0,模板变体、超长表达或配额外的同概念近似项
5951,初次认识时意识到自己一直没体验过接受每个人节奏不同,25,deleted,,0,模板变体、超长表达或配额外的同概念近似项
5952,初次认识时意识到自己一直没体验过空对象拒绝返回女朋友,26,deleted,,0,模板变体、超长表达或配额外的同概念近似项
5953,早读晨光里第一次用恋人的身份说晚安，成了后来常想起的画面,28,deleted,,0,模板变体、超长表达或配额外的同概念近似项
5954,课间走廊上发现镜片后躲闪的目光，成了后来常想起的画面,26,deleted,,0,模板变体、超长表达或配额外的同概念近似项
5955,课间走廊上用广播点歌传递含蓄心意，成了后来常想起的画面,27,deleted,,0,模板变体、超长表达或配额外的同概念近似项
5956,课间走廊上在公交站陪对方等车，成了后来常想起的画面,25,deleted,,0,模板变体、超长表达或配额外的同概念近似项
5957,课间走廊上看见她睡着后压低说话声音，成了后来常想起的画面,28,deleted,,0,模板变体、超长表达或配额外的同概念近似项
5958,课间走廊上尝到小卖部冰汽水的甜味，成了后来常想起的画面,27,deleted,,0,模板变体、超长表达或配额外的同概念近似项
5959,课间走廊上听见校歌突然想起喜欢的人，成了后来常想起的画面,28,deleted,,0,模板变体、超长表达或配额外的同概念近似项
5960,初次认识时意识到自己一直没体验过体验被人惦记的感觉,25,deleted,,0,模板变体、超长表达或配额外的同概念近似项
5961,初次认识时意识到自己一直没体验过不再独自参加朋友聚会,26,deleted,,0,模板变体、超长表达或配额外的同概念近似项
5962,初次认识时意识到自己一直没体验过尊重对方对追求的回应,26,deleted,,0,模板变体、超长表达或配额外的同概念近似项
5963,初次认识时意识到自己一直没体验过等待对方发来安全到家,26,deleted,,0,模板变体、超长表达或配额外的同概念近似项
5964,初次认识时意识到自己一直没体验过尊重对方改变主意,24,deleted,,0,模板变体、超长表达或配额外的同概念近似项
5965,初次认识时意识到自己一直没体验过意识到自己从没被表白,26,deleted,,0,模板变体、超长表达或配额外的同概念近似项
5966,初次认识时意识到自己一直没体验过计算自己单身了多少年,26,deleted,,0,模板变体、超长表达或配额外的同概念近似项
5967,初次认识时意识到自己一直没体验过把自己的经历和别人比较,27,deleted,,0,模板变体、超长表达或配额外的同概念近似项
5968,初次认识时意识到自己一直没体验过删除没有发出的解释消息,27,deleted,,0,模板变体、超长表达或配额外的同概念近似项
5969,初次认识时意识到自己一直没体验过不再靠恋爱证明个人价值,27,deleted,,0,模板变体、超长表达或配额外的同概念近似项
5970,初次认识时意识到自己一直没体验过听见别人叫彼此老公老婆,27,deleted,,0,模板变体、超长表达或配额外的同概念近似项
5971,初次认识时意识到自己一直没体验过收到平台推送的情侣套餐,27,deleted,,0,模板变体、超长表达或配额外的同概念近似项
5972,初次认识时意识到自己一直没体验过从线上聊天走到线下见面,27,deleted,,0,模板变体、超长表达或配额外的同概念近似项
5973,初次认识时意识到自己一直没体验过面对她是不是你女朋友的追问,29,deleted,,0,模板变体、超长表达或配额外的同概念近似项
5974,初次认识时意识到自己一直没体验过收到适合约会的地点推荐,27,deleted,,0,模板变体、超长表达或配额外的同概念近似项
5975,初次认识时意识到自己一直没体验过允许遗憾留在过去,24,deleted,,0,模板变体、超长表达或配额外的同概念近似项
5976,初次认识时意识到自己一直没体验过恋爱脑被当作神经网络,26,deleted,,0,模板变体、超长表达或配额外的同概念近似项
5977,早读晨光里约定毕业以后也继续联系，成了后来常想起的画面,27,deleted,,0,模板变体、超长表达或配额外的同概念近似项
5978,课间走廊上在人群中认出那双熟悉的球鞋，成了后来常想起的画面,29,deleted,,0,模板变体、超长表达或配额外的同概念近似项
5979,课间走廊上约定用窗台上的水杯当暗号，成了后来常想起的画面,28,deleted,,0,模板变体、超长表达或配额外的同概念近似项
5980,课间走廊上绕远路走过两个人常走的小巷，成了后来常想起的画面,29,deleted,,0,模板变体、超长表达或配额外的同概念近似项
5981,课间走廊上把最后一颗糖留给喜欢的人，成了后来常想起的画面,28,deleted,,0,模板变体、超长表达或配额外的同概念近似项
5982,课间走廊上记住她经过时淡淡的洗衣粉香，成了后来常想起的画面,29,deleted,,0,模板变体、超长表达或配额外的同概念近似项
5983,课间走廊上意识到那次挥手已经是最后一面，成了后来常想起的画面,30,deleted,,0,模板变体、超长表达或配额外的同概念近似项
5984,初次认识时意识到自己一直没体验过允许恋爱自然发生,24,deleted,,0,模板变体、超长表达或配额外的同概念近似项
5985,初次认识时意识到自己一直没体验过寻找能够长期相处的人,26,deleted,,0,模板变体、超长表达或配额外的同概念近似项
5986,初次认识时意识到自己一直没体验过把模糊关系说清楚,24,deleted,,0,模板变体、超长表达或配额外的同概念近似项
5987,初次认识时意识到自己一直没体验过期待下一次单独见面,25,deleted,,0,模板变体、超长表达或配额外的同概念近似项
5988,初次认识时意识到自己一直没体验过在安全感中逐渐靠近,25,deleted,,0,模板变体、超长表达或配额外的同概念近似项
5989,初次认识时意识到自己一直没体验过不再用经历数量评价自己,27,deleted,,0,模板变体、超长表达或配额外的同概念近似项
5990,初次认识时意识到自己一直没体验过提醒自己没有统一人生时钟,28,deleted,,0,模板变体、超长表达或配额外的同概念近似项
5991,初次认识时意识到自己一直没体验过提醒自己不必追赶他人进度,28,deleted,,0,模板变体、超长表达或配额外的同概念近似项
5992,初次认识时意识到自己一直没体验过把没有回复也视作答案,26,deleted,,0,模板变体、超长表达或配额外的同概念近似项
5993,初次认识时意识到自己一直没体验过相信自己也值得被选择,26,deleted,,0,模板变体、超长表达或配额外的同概念近似项
5994,初次认识时意识到自己一直没体验过还没有对象就开始被催婚,27,deleted,,0,模板变体、超长表达或配额外的同概念近似项
5995,初次认识时意识到自己一直没体验过跨年倒数时想起喜欢的人,27,deleted,,0,模板变体、超长表达或配额外的同概念近似项
5996,初次认识时意识到自己一直没体验过因为断联猜测关系是否结束,28,deleted,,0,模板变体、超长表达或配额外的同概念近似项
5997,初次认识时意识到自己一直没体验过拒绝回答过度私人的感情问题,29,deleted,,0,模板变体、超长表达或配额外的同概念近似项
5998,初次认识时意识到自己一直没体验过看见副驾驶放着一束花,26,deleted,,0,模板变体、超长表达或配额外的同概念近似项
5999,初次认识时意识到自己一直没体验过相信未来仍会建立连接,26,deleted,,0,模板变体、超长表达或配额外的同概念近似项
6000,初次认识时意识到自己一直没体验过朋友圈在图论里形成闭环,27,deleted,,0,模板变体、超长表达或配额外的同概念近似项
6001,课间走廊上和喜欢的人隔着课桌对视，成了后来常想起的画面,27,deleted,,0,模板变体、超长表达或配额外的同概念近似项
6002,午休醒来后风吹起她额前的刘海，成了后来常想起的画面,25,compressed,风吹起她额前的刘海,9,移除时间、地点、人物或关系模板，归并到核心概念
6003,午休醒来后递来一张折好的小纸条，成了后来常想起的画面,26,compressed,递来一张折好的小纸条,10,移除时间、地点、人物或关系模板，归并到核心概念
6004,午休醒来后在靠窗的座位等她出现，成了后来常想起的画面,26,compressed,在靠窗的座位等她出现,10,移除时间、地点、人物或关系模板，归并到核心概念
6005,午休醒来后把课堂笔记借给喜欢的人，成了后来常想起的画面,27,compressed,把课堂笔记借给喜欢的人,11,移除时间、地点、人物或关系模板，归并到核心概念
6006,午休醒来后听见窗外一阵很长的蝉鸣，成了后来常想起的画面,27,compressed,听见窗外一阵很长的蝉鸣,11,移除时间、地点、人物或关系模板，归并到核心概念
6007,午休醒来后在毕业册上写下一句祝福，成了后来常想起的画面,27,compressed,在毕业册上写下一句祝福,11,移除时间、地点、人物或关系模板，归并到核心概念
6008,关系升温后意识到自己一直没体验过第一次确认恋爱关系,25,compressed,第一次确认恋爱关系,9,移除时间、地点、人物或关系模板，归并到核心概念
6009,关系升温后意识到自己一直没体验过终于有了稳定对象,24,compressed,终于有了稳定对象,8,移除时间、地点、人物或关系模板，归并到核心概念
6010,关系升温后意识到自己一直没体验过鼓起勇气说出喜欢,24,deleted,,0,模板变体、超长表达或配额外的同概念近似项
6011,关系升温后意识到自己一直没体验过计划第一次正式约会,25,deleted,,0,模板变体、超长表达或配额外的同概念近似项
6012,关系升温后意识到自己一直没体验过第一次牵住喜欢的人的手,27,compressed,第一次牵住喜欢的人的手,11,移除时间、地点、人物或关系模板，归并到核心概念
6013,关系升温后意识到自己一直没体验过回忆自己的第一次心动,26,deleted,,0,模板变体、超长表达或配额外的同概念近似项
6014,关系升温后意识到自己一直没体验过发现又长一岁仍然单身,26,deleted,,0,模板变体、超长表达或配额外的同概念近似项
6015,关系升温后意识到自己一直没体验过看到室友突然宣布脱单,26,deleted,,0,模板变体、超长表达或配额外的同概念近似项
6016,关系升温后意识到自己一直没体验过告白后收到明确拒绝,25,deleted,,0,模板变体、超长表达或配额外的同概念近似项
6017,关系升温后意识到自己一直没体验过担心自己的外貌没有吸引力,28,deleted,,0,模板变体、超长表达或配额外的同概念近似项
6018,关系升温后意识到自己一直没体验过收到朋友发来的婚礼请柬,27,compressed,收到朋友发来的婚礼请柬,11,移除时间、地点、人物或关系模板，归并到核心概念
6019,关系升温后意识到自己一直没体验过在情人节准备一束玫瑰,26,deleted,,0,模板变体、超长表达或配额外的同概念近似项
6020,关系升温后意识到自己一直没体验过把心动对象称作crush,28,deleted,,0,模板变体、超长表达或配额外的同概念近似项
6021,关系升温后意识到自己一直没体验过被问以前谈过几个对象,26,deleted,,0,模板变体、超长表达或配额外的同概念近似项
6022,关系升温后意识到自己一直没体验过看见电影院里的双人座,26,compressed,看见电影院里的双人座,10,移除时间、地点、人物或关系模板，归并到核心概念
6023,关系升温后意识到自己一直没体验过把恋爱视作人生进度,25,deleted,,0,模板变体、超长表达或配额外的同概念近似项
6024,关系升温后意识到自己一直没体验过面向对象时找不到对象,26,deleted,,0,模板变体、超长表达或配额外的同概念近似项
6025,课间走廊上发现同桌悄悄看向自己，成了后来常想起的画面,26,deleted,,0,模板变体、超长表达或配额外的同概念近似项
6026,午休醒来后看见她把刘海别到耳后，成了后来常想起的画面,26,compressed,看见她把刘海别到耳后,10,移除时间、地点、人物或关系模板，归并到核心概念
6027,午休醒来后在纸条背面写下回复，成了后来常想起的画面,25,compressed,在纸条背面写下回复,9,移除时间、地点、人物或关系模板，归并到核心概念
6028,午休醒来后经过对方班级的教室门口，成了后来常想起的画面,27,compressed,经过对方班级的教室门口,11,移除时间、地点、人物或关系模板，归并到核心概念
6029,午休醒来后耐心讲一道做错的题，成了后来常想起的画面,25,compressed,耐心讲一道做错的题,9,移除时间、地点、人物或关系模板，归并到核心概念
6030,午休醒来后听见下课铃盖过没说完的话，成了后来常想起的画面,28,compressed,听见下课铃盖过没说完的话,12,移除时间、地点、人物或关系模板，归并到核心概念
6031,午休醒来后把同学录最后一页留给她，成了后来常想起的画面,27,compressed,把同学录最后一页留给她,11,移除时间、地点、人物或关系模板，归并到核心概念
6032,关系升温后意识到自己一直没体验过感受到双向喜欢,23,compressed,感受到双向喜欢,7,移除时间、地点、人物或关系模板，归并到核心概念
6033,关系升温后意识到自己一直没体验过介绍身边的人是另一半,26,compressed,介绍身边的人是另一半,10,移除时间、地点、人物或关系模板，归并到核心概念
6034,关系升温后意识到自己一直没体验过把暗恋写进一封信,24,deleted,,0,模板变体、超长表达或配额外的同概念近似项
6035,关系升温后意识到自己一直没体验过邀请喜欢的人一起吃饭,26,deleted,,0,模板变体、超长表达或配额外的同概念近似项
6036,关系升温后意识到自己一直没体验过得到同意后拥抱对方,25,compressed,得到同意后拥抱对方,9,移除时间、地点、人物或关系模板，归并到核心概念
6037,关系升温后意识到自己一直没体验过谈起已经结束的上一段关系,28,deleted,,0,模板变体、超长表达或配额外的同概念近似项
6038,关系升温后意识到自己一直没体验过担心毕业前没有恋爱经历,27,deleted,,0,模板变体、超长表达或配额外的同概念近似项
6039,关系升温后意识到自己一直没体验过发现聚会里只有自己单身,27,deleted,,0,模板变体、超长表达或配额外的同概念近似项
6040,关系升温后意识到自己一直没体验过听见我们还是做朋友吧,26,deleted,,0,模板变体、超长表达或配额外的同概念近似项
6041,关系升温后意识到自己一直没体验过见喜欢的人前认真整理头发,28,deleted,,0,模板变体、超长表达或配额外的同概念近似项
6042,关系升温后意识到自己一直没体验过看见恋人交换订婚戒指,26,compressed,看见恋人交换订婚戒指,10,移除时间、地点、人物或关系模板，归并到核心概念
6043,关系升温后意识到自己一直没体验过七夕预订双人晚餐,24,deleted,,0,模板变体、超长表达或配额外的同概念近似项
6044,关系升温后意识到自己一直没体验过在朋友圈正式官宣关系,26,deleted,,0,模板变体、超长表达或配额外的同概念近似项
6045,关系升温后意识到自己一直没体验过回答自己有没有恋爱经历,27,deleted,,0,模板变体、超长表达或配额外的同概念近似项
6046,关系升温后意识到自己一直没体验过路过摆满玫瑰的花店,25,compressed,路过摆满玫瑰的花店,9,移除时间、地点、人物或关系模板，归并到核心概念
6047,关系升温后意识到自己一直没体验过担心青春缺少重要体验,26,deleted,,0,模板变体、超长表达或配额外的同概念近似项
6048,关系升温后意识到自己一直没体验过对象存储突然容量不足,26,deleted,,0,模板变体、超长表达或配额外的同概念近似项
6049,课间走廊上把喜欢藏在课堂笔记里，成了后来常想起的画面,26,deleted,,0,模板变体、超长表达或配额外的同概念近似项
6050,午休醒来后注意到阳光落在她的发梢，成了后来常想起的画面,27,compressed,注意到阳光落在她的发梢,11,移除时间、地点、人物或关系模板，归并到核心概念
6051,午休醒来后把没送出的情书夹进书里，成了后来常想起的画面,27,compressed,把没送出的情书夹进书里,11,移除时间、地点、人物或关系模板，归并到核心概念
6052,午休醒来后在空教室里多停留一会儿，成了后来常想起的画面,27,compressed,在空教室里多停留一会儿,11,移除时间、地点、人物或关系模板，归并到核心概念
6053,午休醒来后一起背诵第二天要抽查的课文，成了后来常想起的画面,29,deleted,,0,模板变体、超长表达或配额外的同概念近似项
6054,午休醒来后记住篮球落地的回声，成了后来常想起的画面,25,compressed,记住篮球落地的回声,9,移除时间、地点、人物或关系模板，归并到核心概念
6055,午休醒来后在毕业照里悄悄站得更近，成了后来常想起的画面,27,compressed,在毕业照里悄悄站得更近,11,移除时间、地点、人物或关系模板，归并到核心概念
6056,关系升温后意识到自己一直没体验过学会经营一段感情,24,deleted,,0,模板变体、超长表达或配额外的同概念近似项
6057,关系升温后意识到自己一直没体验过从单身状态顺利毕业,25,compressed,从单身状态顺利毕业,9,移除时间、地点、人物或关系模板，归并到核心概念
6058,关系升温后意识到自己一直没体验过试探对方是否也有好感,26,deleted,,0,模板变体、超长表达或配额外的同概念近似项
6059,关系升温后意识到自己一直没体验过挑选适合聊天的咖啡店,26,deleted,,0,模板变体、超长表达或配额外的同概念近似项
6060,关系升温后意识到自己一直没体验过在靠近前先询问意愿,25,deleted,,0,模板变体、超长表达或配额外的同概念近似项
6061,关系升温后意识到自己一直没体验过被问到过去有几次恋爱,26,deleted,,0,模板变体、超长表达或配额外的同概念近似项
6062,关系升温后意识到自己一直没体验过看着同龄人进入稳定关系,27,deleted,,0,模板变体、超长表达或配额外的同概念近似项
6063,关系升温后意识到自己一直没体验过刷到朋友晒情侣合照,25,deleted,,0,模板变体、超长表达或配额外的同概念近似项
6064,关系升温后意识到自己一直没体验过邀约连续几次没有回应,26,deleted,,0,模板变体、超长表达或配额外的同概念近似项
6065,关系升温后意识到自己一直没体验过怀疑自己不擅长聊天,25,deleted,,0,模板变体、超长表达或配额外的同概念近似项
6066,关系升温后意识到自己一直没体验过讨论以后在哪座城市生活,27,compressed,讨论以后在哪座城市生活,11,移除时间、地点、人物或关系模板，归并到核心概念
6067,关系升温后意识到自己一直没体验过在520发出含蓄告白,26,deleted,,0,模板变体、超长表达或配额外的同概念近似项
6068,关系升温后意识到自己一直没体验过和朋友一起磕一对CP,26,deleted,,0,模板变体、超长表达或配额外的同概念近似项
6069,关系升温后意识到自己一直没体验过被追问为什么一直单身,26,deleted,,0,模板变体、超长表达或配额外的同概念近似项
6070,关系升温后意识到自己一直没体验过发现饮品店推出情侣套餐,27,compressed,发现饮品店推出情侣套餐,11,移除时间、地点、人物或关系模板，归并到核心概念
6071,关系升温后意识到自己一直没体验过觉得自己落后于同龄人,26,deleted,,0,模板变体、超长表达或配额外的同概念近似项
6072,关系升温后意识到自己一直没体验过单例模式坚持保持单身,26,deleted,,0,模板变体、超长表达或配额外的同概念近似项
6073,课间走廊上借讲题的机会坐得更近，成了后来常想起的画面,26,deleted,,0,模板变体、超长表达或配额外的同概念近似项
6074,午休醒来后记住她低头笑时的酒窝，成了后来常想起的画面,26,compressed,记住她低头笑时的酒窝,10,移除时间、地点、人物或关系模板，归并到核心概念
6075,午休醒来后收到一封没有署名的情书，成了后来常想起的画面,27,compressed,收到一封没有署名的情书,11,移除时间、地点、人物或关系模板，归并到核心概念
6076,午休醒来后从教学楼走廊远远看见她，成了后来常想起的画面,27,compressed,从教学楼走廊远远看见她,11,移除时间、地点、人物或关系模板，归并到核心概念
6077,午休醒来后互相检查听写答案，成了后来常想起的画面,24,compressed,互相检查听写答案,8,移除时间、地点、人物或关系模板，归并到核心概念
6078,午休醒来后听见广播里放过的那首歌，成了后来常想起的画面,27,compressed,听见广播里放过的那首歌,11,移除时间、地点、人物或关系模板，归并到核心概念
6079,午休醒来后在校服背面签下名字，成了后来常想起的画面,25,compressed,在校服背面签下名字,9,移除时间、地点、人物或关系模板，归并到核心概念
6080,关系升温后意识到自己一直没体验过拥有可以分享日常的人,26,deleted,,0,模板变体、超长表达或配额外的同概念近似项
6081,关系升温后意识到自己一直没体验过朋友介绍了合适的人,25,compressed,朋友介绍了合适的人,9,移除时间、地点、人物或关系模板，归并到核心概念
6082,关系升温后意识到自己一直没体验过主动创造单独见面的机会,27,deleted,,0,模板变体、超长表达或配额外的同概念近似项
6083,关系升温后意识到自己一直没体验过一起看期待很久的电影,26,deleted,,0,模板变体、超长表达或配额外的同概念近似项
6084,关系升温后意识到自己一直没体验过注意到对方不舒服的信号,27,deleted,,0,模板变体、超长表达或配额外的同概念近似项
6085,关系升温后意识到自己一直没体验过发现恋爱履历仍然空白,26,deleted,,0,模板变体、超长表达或配额外的同概念近似项
6086,关系升温后意识到自己一直没体验过把生日变成脱单倒计时,26,deleted,,0,模板变体、超长表达或配额外的同概念近似项
6087,关系升温后意识到自己一直没体验过听同学讨论各自的前任,26,deleted,,0,模板变体、超长表达或配额外的同概念近似项
6088,关系升温后意识到自己一直没体验过发现对方正在逐渐疏远,26,deleted,,0,模板变体、超长表达或配额外的同概念近似项
6089,关系升温后意识到自己一直没体验过面对心动对象突然紧张,26,deleted,,0,模板变体、超长表达或配额外的同概念近似项
6090,关系升温后意识到自己一直没体验过考虑要不要带对象见父母,27,compressed,考虑要不要带对象见父母,11,移除时间、地点、人物或关系模板，归并到核心概念
6091,关系升温后意识到自己一直没体验过圣诞夜邀请喜欢的人见面,27,deleted,,0,模板变体、超长表达或配额外的同概念近似项
6092,关系升温后意识到自己一直没体验过判断彼此是否处于暧昧期,27,deleted,,0,模板变体、超长表达或配额外的同概念近似项
6093,关系升温后意识到自己一直没体验过听见什么时候脱单的问题,27,deleted,,0,模板变体、超长表达或配额外的同概念近似项
6094,关系升温后意识到自己一直没体验过看见两件并排挂着的外套,27,deleted,,0,模板变体、超长表达或配额外的同概念近似项
6095,关系升温后意识到自己一直没体验过害怕永远错过亲密关系,26,deleted,,0,模板变体、超长表达或配额外的同概念近似项
6096,关系升温后意识到自己一直没体验过配对算法开始安排相亲,26,deleted,,0,模板变体、超长表达或配额外的同概念近似项
6097,课间走廊上在走廊等喜欢的人经过，成了后来常想起的画面,26,deleted,,0,模板变体、超长表达或配额外的同概念近似项
6098,午休醒来后发现她见面前认真扎好头发，成了后来常想起的画面,28,compressed,发现她见面前认真扎好头发,12,移除时间、地点、人物或关系模板，归并到核心概念
6099,午休醒来后在便利贴上画一颗小心心，成了后来常想起的画面,27,compressed,在便利贴上画一颗小心心,11,移除时间、地点、人物或关系模板，归并到核心概念
6100,午休醒来后在楼梯转角意外遇见喜欢的人，成了后来常想起的画面,29,deleted,,0,模板变体、超长表达或配额外的同概念近似项
6101,午休醒来后替对方保管暂时没收的手机，成了后来常想起的画面,28,compressed,替对方保管暂时没收的手机,12,移除时间、地点、人物或关系模板，归并到核心概念
6102,午休醒来后看见晨光落在她的课桌上，成了后来常想起的画面,27,compressed,看见晨光落在她的课桌上,11,移除时间、地点、人物或关系模板，归并到核心概念
6103,午休醒来后把没送出的情书带回家，成了后来常想起的画面,26,compressed,把没送出的情书带回家,10,移除时间、地点、人物或关系模板，归并到核心概念
6104,关系升温后意识到自己一直没体验过期待稳定的情感回应,25,deleted,,0,模板变体、超长表达或配额外的同概念近似项
6105,关系升温后意识到自己一直没体验过认真思考理想伴侣,24,compressed,认真思考理想伴侣,8,移除时间、地点、人物或关系模板，归并到核心概念
6106,关系升温后意识到自己一直没体验过收到别人认真的告白,25,deleted,,0,模板变体、超长表达或配额外的同概念近似项
6107,关系升温后意识到自己一直没体验过沿着安静的小路散步,25,deleted,,0,模板变体、超长表达或配额外的同概念近似项
6108,关系升温后意识到自己一直没体验过明确拒绝后立即停止,25,deleted,,0,模板变体、超长表达或配额外的同概念近似项
6109,关系升温后意识到自己一直没体验过听对方说起难忘的初恋,26,deleted,,0,模板变体、超长表达或配额外的同概念近似项
6110,关系升温后意识到自己一直没体验过害怕错过年轻时的恋爱,26,deleted,,0,模板变体、超长表达或配额外的同概念近似项
6111,关系升温后意识到自己一直没体验过参加婚礼时被问有没有对象,28,deleted,,0,模板变体、超长表达或配额外的同概念近似项
6112,关系升温后意识到自己一直没体验过接受喜欢没有得到回应,26,deleted,,0,模板变体、超长表达或配额外的同概念近似项
6113,关系升温后意识到自己一直没体验过读不懂别人释放的好感,26,deleted,,0,模板变体、超长表达或配额外的同概念近似项
6114,关系升温后意识到自己一直没体验过从恋爱走向共同生活,25,compressed,从恋爱走向共同生活,9,移除时间、地点、人物或关系模板，归并到核心概念
6115,关系升温后意识到自己一直没体验过为恋爱纪念日挑选礼物,26,deleted,,0,模板变体、超长表达或配额外的同概念近似项
6116,关系升温后意识到自己一直没体验过讨论situationship算什么关系,36,deleted,,0,模板变体、超长表达或配额外的同概念近似项
6117,关系升温后意识到自己一直没体验过解释目前有没有喜欢的人,27,deleted,,0,模板变体、超长表达或配额外的同概念近似项
6118,关系升温后意识到自己一直没体验过注意到共享耳机的两个人,27,deleted,,0,模板变体、超长表达或配额外的同概念近似项
6119,关系升温后意识到自己一直没体验过希望成为某个人的例外,26,deleted,,0,模板变体、超长表达或配额外的同概念近似项
6120,关系升温后意识到自己一直没体验过关系数据库认真维护关系,27,deleted,,0,模板变体、超长表达或配额外的同概念近似项
6121,课间走廊上课间绕路去隔壁班门口，成了后来常想起的画面,26,deleted,,0,模板变体、超长表达或配额外的同概念近似项
6122,午休醒来后看见她穿着宽大的校服外套，成了后来常想起的画面,28,compressed,看见她穿着宽大的校服外套,12,移除时间、地点、人物或关系模板，归并到核心概念
6123,午休醒来后把名字写在同一张草稿纸上，成了后来常想起的画面,28,compressed,把名字写在同一张草稿纸上,12,移除时间、地点、人物或关系模板，归并到核心概念
6124,午休醒来后绕路经过她常去的饮水机，成了后来常想起的画面,27,compressed,绕路经过她常去的饮水机,11,移除时间、地点、人物或关系模板，归并到核心概念
6125,午休醒来后给趴在桌上的人留一盒牛奶，成了后来常想起的画面,28,compressed,给趴在桌上的人留一盒牛奶,12,移除时间、地点、人物或关系模板，归并到核心概念
6126,午休醒来后看见晚霞穿过教学楼窗户，成了后来常想起的画面,27,compressed,看见晚霞穿过教学楼窗户,11,移除时间、地点、人物或关系模板，归并到核心概念
6127,午休醒来后错过毕业前最后一次告白，成了后来常想起的画面,27,compressed,错过毕业前最后一次告白,11,移除时间、地点、人物或关系模板，归并到核心概念
6128,关系升温后意识到自己一直没体验过从朋友走向恋人,23,deleted,,0,模板变体、超长表达或配额外的同概念近似项
6129,关系升温后意识到自己一直没体验过遇到愿意互相陪伴的人,26,compressed,遇到愿意互相陪伴的人,10,移除时间、地点、人物或关系模板，归并到核心概念
6130,关系升温后意识到自己一直没体验过准备一份有意义的礼物,26,deleted,,0,模板变体、超长表达或配额外的同概念近似项
6131,关系升温后意识到自己一直没体验过为两个人安排周末行程,26,deleted,,0,模板变体、超长表达或配额外的同概念近似项
6132,关系升温后意识到自己一直没体验过不把沉默误认为同意,25,deleted,,0,模板变体、超长表达或配额外的同概念近似项
6133,关系升温后意识到自己一直没体验过整理前任留下的旧物,25,deleted,,0,模板变体、超长表达或配额外的同概念近似项
6134,关系升温后意识到自己一直没体验过觉得感情进度落后别人,26,deleted,,0,模板变体、超长表达或配额外的同概念近似项
6135,关系升温后意识到自己一直没体验过看别人收到纪念日礼物,26,deleted,,0,模板变体、超长表达或配额外的同概念近似项
6136,关系升温后意识到自己一直没体验过停止追问拒绝的具体理由,27,deleted,,0,模板变体、超长表达或配额外的同概念近似项
6137,关系升温后意识到自己一直没体验过想知道有没有人喜欢自己,27,deleted,,0,模板变体、超长表达或配额外的同概念近似项
6138,关系升温后意识到自己一直没体验过规划两个人的长期未来,26,deleted,,0,模板变体、超长表达或配额外的同概念近似项
6139,关系升温后意识到自己一直没体验过零点发送周年祝福,24,deleted,,0,模板变体、超长表达或配额外的同概念近似项
6140,关系升温后意识到自己一直没体验过换上成套的情侣头像,25,deleted,,0,模板变体、超长表达或配额外的同概念近似项
6141,关系升温后意识到自己一直没体验过回答第一次恋爱是在几岁,27,deleted,,0,模板变体、超长表达或配额外的同概念近似项
6142,关系升温后意识到自己一直没体验过经过夜晚亮灯的摩天轮,26,deleted,,0,模板变体、超长表达或配额外的同概念近似项
6143,关系升温后意识到自己一直没体验过渴望获得稳定情感回应,26,deleted,,0,模板变体、超长表达或配额外的同概念近似项
6144,关系升温后意识到自己一直没体验过握手协议负责成功牵手,26,deleted,,0,模板变体、超长表达或配额外的同概念近似项
6145,课间走廊上替心动对象去小卖部带饮料，成了后来常想起的画面,28,deleted,,0,模板变体、超长表达或配额外的同概念近似项
6146,午休醒来后认出人群里熟悉的校服衣角，成了后来常想起的画面,28,compressed,认出人群里熟悉的校服衣角,12,移除时间、地点、人物或关系模板，归并到核心概念
6147,午休醒来后交换一根代表好感的小皮筋，成了后来常想起的画面,28,compressed,交换一根代表好感的小皮筋,12,移除时间、地点、人物或关系模板，归并到核心概念
6148,午休醒来后在图书馆同一排书架重逢，成了后来常想起的画面,27,compressed,在图书馆同一排书架重逢,11,移除时间、地点、人物或关系模板，归并到核心概念
6149,午休醒来后提醒喜欢的人带伞，成了后来常想起的画面,24,compressed,提醒喜欢的人带伞,8,移除时间、地点、人物或关系模板，归并到核心概念
6150,午休醒来后记住树影在校服上轻轻晃动，成了后来常想起的画面,28,compressed,记住树影在校服上轻轻晃动,12,移除时间、地点、人物或关系模板，归并到核心概念
6151,午休醒来后把喜欢藏进高考结束的夏天，成了后来常想起的画面,28,compressed,把喜欢藏进高考结束的夏天,12,移除时间、地点、人物或关系模板，归并到核心概念
6152,关系升温后意识到自己一直没体验过认真讨论彼此的需要,25,deleted,,0,模板变体、超长表达或配额外的同概念近似项
6153,关系升温后意识到自己一直没体验过开始主动扩大社交圈,25,compressed,开始主动扩大社交圈,9,移除时间、地点、人物或关系模板，归并到核心概念
6154,关系升温后意识到自己一直没体验过请朋友帮忙判断好感信号,27,deleted,,0,模板变体、超长表达或配额外的同概念近似项
6155,关系升温后意识到自己一直没体验过见面前认真选择穿搭,25,deleted,,0,模板变体、超长表达或配额外的同概念近似项
6156,关系升温后意识到自己一直没体验过共同商量可以接受的边界,27,deleted,,0,模板变体、超长表达或配额外的同概念近似项
6157,关系升温后意识到自己一直没体验过思考过去关系里的问题,26,deleted,,0,模板变体、超长表达或配额外的同概念近似项
6158,关系升温后意识到自己一直没体验过工作以后才开始学习约会,27,deleted,,0,模板变体、超长表达或配额外的同概念近似项
6159,关系升温后意识到自己一直没体验过发现朋友周末都去约会,26,deleted,,0,模板变体、超长表达或配额外的同概念近似项
6160,关系升温后意识到自己一直没体验过被拒绝后不再继续打扰,26,deleted,,0,模板变体、超长表达或配额外的同概念近似项
6161,关系升温后意识到自己一直没体验过把异性缘归因于颜值,25,deleted,,0,模板变体、超长表达或配额外的同概念近似项
6162,关系升温后意识到自己一直没体验过被家人追问什么时候结婚,27,deleted,,0,模板变体、超长表达或配额外的同概念近似项
6163,关系升温后意识到自己一直没体验过看见街边摆满情侣商品,26,deleted,,0,模板变体、超长表达或配额外的同概念近似项
6164,关系升温后意识到自己一直没体验过每天给对方分享短视频,26,deleted,,0,模板变体、超长表达或配额外的同概念近似项
6165,关系升温后意识到自己一直没体验过被问最长一段关系多久,26,deleted,,0,模板变体、超长表达或配额外的同概念近似项
6166,关系升温后意识到自己一直没体验过看到桌上放着两张电影票,27,deleted,,0,模板变体、超长表达或配额外的同概念近似项
6167,关系升温后意识到自己一直没体验过学习不靠伴侣定义完整,26,deleted,,0,模板变体、超长表达或配额外的同概念近似项
6168,课间走廊上在人群中寻找熟悉的校服背影，成了后来常想起的画面,29,deleted,,0,模板变体、超长表达或配额外的同概念近似项
6169,午休醒来后替对方整理歪掉的校服领口，成了后来常想起的画面,28,compressed,替对方整理歪掉的校服领口,12,移除时间、地点、人物或关系模板，归并到核心概念
6170,午休醒来后把校服第二颗纽扣留作纪念，成了后来常想起的画面,28,compressed,把校服第二颗纽扣留作纪念,12,移除时间、地点、人物或关系模板，归并到核心概念
6171,午休醒来后在自习室替对方留一个座位，成了后来常想起的画面,28,compressed,在自习室替对方留一个座位,12,移除时间、地点、人物或关系模板，归并到核心概念
6172,午休醒来后把自己的外套借给对方，成了后来常想起的画面,26,compressed,把自己的外套借给对方,10,移除时间、地点、人物或关系模板，归并到核心概念
6173,午休醒来后看见雨水沿着教室玻璃滑下，成了后来常想起的画面,28,compressed,看见雨水沿着教室玻璃滑下,12,移除时间、地点、人物或关系模板，归并到核心概念
6174,午休醒来后约定收到录取通知后再见，成了后来常想起的画面,27,compressed,约定收到录取通知后再见,11,移除时间、地点、人物或关系模板，归并到核心概念
6175,关系升温后意识到自己一直没体验过发现关系正在升温,24,deleted,,0,模板变体、超长表达或配额外的同概念近似项
6176,关系升温后意识到自己一直没体验过期待有人一起规划周末,26,compressed,期待有人一起规划周末,10,移除时间、地点、人物或关系模板，归并到核心概念
6177,关系升温后意识到自己一直没体验过决定不再隐藏真实心意,26,deleted,,0,模板变体、超长表达或配额外的同概念近似项
6178,关系升温后意识到自己一直没体验过约会结束后舍不得分别,26,deleted,,0,模板变体、超长表达或配额外的同概念近似项
6179,关系升温后意识到自己一直没体验过为越界接触认真道歉,25,deleted,,0,模板变体、超长表达或配额外的同概念近似项
6180,关系升温后意识到自己一直没体验过接受曾经喜欢的人已走远,27,deleted,,0,模板变体、超长表达或配额外的同概念近似项
6181,关系升温后意识到自己一直没体验过怀疑现在恋爱是否太晚,26,deleted,,0,模板变体、超长表达或配额外的同概念近似项
6182,关系升温后意识到自己一直没体验过听见同龄人开始谈婚论嫁,27,deleted,,0,模板变体、超长表达或配额外的同概念近似项
6183,关系升温后意识到自己一直没体验过重新建立交往边界,24,deleted,,0,模板变体、超长表达或配额外的同概念近似项
6184,关系升温后意识到自己一直没体验过学习更坦诚地表达感受,26,deleted,,0,模板变体、超长表达或配额外的同概念近似项
6185,关系升温后意识到自己一直没体验过参加同学婚礼独自坐一桌,27,deleted,,0,模板变体、超长表达或配额外的同概念近似项
6186,关系升温后意识到自己一直没体验过独自度过恋爱主题节日,26,deleted,,0,模板变体、超长表达或配额外的同概念近似项
6187,关系升温后意识到自己一直没体验过把重要聊天设置为置顶,26,deleted,,0,模板变体、超长表达或配额外的同概念近似项
6188,关系升温后意识到自己一直没体验过猜测今年是否能够脱单,26,deleted,,0,模板变体、超长表达或配额外的同概念近似项
6189,关系升温后意识到自己一直没体验过发现相册里只有单人照片,27,deleted,,0,模板变体、超长表达或配额外的同概念近似项
6190,关系升温后意识到自己一直没体验过接受每个人节奏不同,25,deleted,,0,模板变体、超长表达或配额外的同概念近似项
6191,课间走廊上放学后并肩走出校门，成了后来常想起的画面,25,deleted,,0,模板变体、超长表达或配额外的同概念近似项
6192,午休醒来后注意到校服袖口写着名字，成了后来常想起的画面,27,compressed,注意到校服袖口写着名字,11,移除时间、地点、人物或关系模板，归并到核心概念
6193,午休醒来后送出成对的钥匙扣，成了后来常想起的画面,24,compressed,送出成对的钥匙扣,8,移除时间、地点、人物或关系模板，归并到核心概念
6194,午休醒来后在小卖部门口假装偶遇，成了后来常想起的画面,26,compressed,在小卖部门口假装偶遇,10,移除时间、地点、人物或关系模板，归并到核心概念
6195,午休醒来后记住她不吃的食堂菜，成了后来常想起的画面,25,compressed,记住她不吃的食堂菜,9,移除时间、地点、人物或关系模板，归并到核心概念
6196,午休醒来后闻到新课本混着油墨的气味，成了后来常想起的画面,28,compressed,闻到新课本混着油墨的气味,12,移除时间、地点、人物或关系模板，归并到核心概念
6197,午休醒来后在散伙饭上忍住没说的话，成了后来常想起的画面,27,compressed,在散伙饭上忍住没说的话,11,移除时间、地点、人物或关系模板，归并到核心概念
6198,关系升温后意识到自己一直没体验过体验被人惦记的感觉,25,deleted,,0,模板变体、超长表达或配额外的同概念近似项
6199,关系升温后意识到自己一直没体验过不再独自参加朋友聚会,26,deleted,,0,模板变体、超长表达或配额外的同概念近似项
6200,关系升温后意识到自己一直没体验过尊重对方对追求的回应,26,deleted,,0,模板变体、超长表达或配额外的同概念近似项
6201,关系升温后意识到自己一直没体验过等待对方发来安全到家,26,deleted,,0,模板变体、超长表达或配额外的同概念近似项
6202,关系升温后意识到自己一直没体验过尊重对方改变主意,24,deleted,,0,模板变体、超长表达或配额外的同概念近似项
6203,关系升温后意识到自己一直没体验过意识到自己从没被表白,26,deleted,,0,模板变体、超长表达或配额外的同概念近似项
6204,关系升温后意识到自己一直没体验过计算自己单身了多少年,26,deleted,,0,模板变体、超长表达或配额外的同概念近似项
6205,关系升温后意识到自己一直没体验过把自己的经历和别人比较,27,deleted,,0,模板变体、超长表达或配额外的同概念近似项
6206,关系升温后意识到自己一直没体验过删除没有发出的解释消息,27,deleted,,0,模板变体、超长表达或配额外的同概念近似项
6207,关系升温后意识到自己一直没体验过不再靠恋爱证明个人价值,27,deleted,,0,模板变体、超长表达或配额外的同概念近似项
6208,关系升温后意识到自己一直没体验过听见别人叫彼此老公老婆,27,deleted,,0,模板变体、超长表达或配额外的同概念近似项
6209,关系升温后意识到自己一直没体验过收到平台推送的情侣套餐,27,deleted,,0,模板变体、超长表达或配额外的同概念近似项
6210,关系升温后意识到自己一直没体验过从线上聊天走到线下见面,27,deleted,,0,模板变体、超长表达或配额外的同概念近似项
6211,关系升温后意识到自己一直没体验过面对她是不是你女朋友的追问,29,deleted,,0,模板变体、超长表达或配额外的同概念近似项
6212,关系升温后意识到自己一直没体验过收到适合约会的地点推荐,27,deleted,,0,模板变体、超长表达或配额外的同概念近似项
6213,关系升温后意识到自己一直没体验过允许遗憾留在过去,24,deleted,,0,模板变体、超长表达或配额外的同概念近似项
6214,课间走廊上推着自行车陪对方慢慢走，成了后来常想起的画面,27,deleted,,0,模板变体、超长表达或配额外的同概念近似项
6215,午休醒来后看见白衬衫被晚霞染成金色，成了后来常想起的画面,28,compressed,看见白衬衫被晚霞染成金色,12,移除时间、地点、人物或关系模板，归并到核心概念
6216,午休醒来后互换写着祝福的书签，成了后来常想起的画面,25,compressed,互换写着祝福的书签,9,移除时间、地点、人物或关系模板，归并到核心概念
6217,午休醒来后在食堂排队时站到她身后，成了后来常想起的画面,27,compressed,在食堂排队时站到她身后,11,移除时间、地点、人物或关系模板，归并到核心概念
6218,午休醒来后替迟到的人悄悄留门，成了后来常想起的画面,25,compressed,替迟到的人悄悄留门,9,移除时间、地点、人物或关系模板，归并到核心概念
6219,午休醒来后记住雨后塑胶跑道的气味，成了后来常想起的画面,27,compressed,记住雨后塑胶跑道的气味,11,移除时间、地点、人物或关系模板，归并到核心概念
6220,午休醒来后听完最后一次校园广播，成了后来常想起的画面,26,compressed,听完最后一次校园广播,10,移除时间、地点、人物或关系模板，归并到核心概念
6221,课间走廊上一起等最后一班公交车，成了后来常想起的画面,26,deleted,,0,模板变体、超长表达或配额外的同概念近似项
6222,午休醒来后发现手腕上多了一根小皮筋，成了后来常想起的画面,28,compressed,发现手腕上多了一根小皮筋,12,移除时间、地点、人物或关系模板，归并到核心概念
6223,午休醒来后借出一支舍不得收回的笔，成了后来常想起的画面,27,compressed,借出一支舍不得收回的笔,11,移除时间、地点、人物或关系模板，归并到核心概念
6224,午休醒来后在校园广播站等一首点歌，成了后来常想起的画面,27,compressed,在校园广播站等一首点歌,11,移除时间、地点、人物或关系模板，归并到核心概念
6225,午休醒来后在值日时一起擦黑板，成了后来常想起的画面,25,compressed,在值日时一起擦黑板,9,移除时间、地点、人物或关系模板，归并到核心概念
6226,午休醒来后感到共用雨伞时靠近的温度，成了后来常想起的画面,28,compressed,感到共用雨伞时靠近的温度,12,移除时间、地点、人物或关系模板，归并到核心概念
6227,午休醒来后收拾课桌时找到旧纸条，成了后来常想起的画面,26,compressed,收拾课桌时找到旧纸条,10,移除时间、地点、人物或关系模板，归并到核心概念
6228,课间走廊上约好第二天在校门口见，成了后来常想起的画面,26,deleted,,0,模板变体、超长表达或配额外的同概念近似项
6229,午休醒来后把对方送的小皮筋戴在手腕，成了后来常想起的画面,28,compressed,把对方送的小皮筋戴在手腕,12,移除时间、地点、人物或关系模板，归并到核心概念
6230,午休醒来后在橡皮上刻下对方的缩写，成了后来常想起的画面,27,compressed,在橡皮上刻下对方的缩写,11,移除时间、地点、人物或关系模板，归并到核心概念
6231,午休醒来后在礼堂散场后寻找对方，成了后来常想起的画面,26,compressed,在礼堂散场后寻找对方,10,移除时间、地点、人物或关系模板，归并到核心概念
6232,午休醒来后一起搬运动会用的桌椅，成了后来常想起的画面,26,compressed,一起搬运动会用的桌椅,10,移除时间、地点、人物或关系模板，归并到核心概念
6233,午休醒来后记住冬天热水杯传来的暖意，成了后来常想起的画面,28,compressed,记住冬天热水杯传来的暖意,12,移除时间、地点、人物或关系模板，归并到核心概念
6234,午休醒来后离校前再走一遍熟悉的操场，成了后来常想起的画面,28,compressed,离校前再走一遍熟悉的操场,12,移除时间、地点、人物或关系模板，归并到核心概念
6235,课间走廊上在操场看台说出喜欢，成了后来常想起的画面,25,deleted,,0,模板变体、超长表达或配额外的同概念近似项
6236,午休醒来后认出书包上新挂的钥匙扣，成了后来常想起的画面,27,compressed,认出书包上新挂的钥匙扣,11,移除时间、地点、人物或关系模板，归并到核心概念
6237,午休醒来后把复习资料装订得整整齐齐，成了后来常想起的画面,28,compressed,把复习资料装订得整整齐齐,12,移除时间、地点、人物或关系模板，归并到核心概念
6238,午休醒来后沿着操场跑道陪她慢慢走，成了后来常想起的画面,27,compressed,沿着操场跑道陪她慢慢走,11,移除时间、地点、人物或关系模板，归并到核心概念
6239,午休醒来后在社团排练后帮忙收器材，成了后来常想起的画面,27,compressed,在社团排练后帮忙收器材,11,移除时间、地点、人物或关系模板，归并到核心概念
6240,午休醒来后等春天樱花落在她肩上，成了后来常想起的画面,26,compressed,等春天樱花落在她肩上,10,移除时间、地点、人物或关系模板，归并到核心概念
6241,午休醒来后在校门口说出以后常联系，成了后来常想起的画面,27,compressed,在校门口说出以后常联系,11,移除时间、地点、人物或关系模板，归并到核心概念
6242,课间走廊上把暗恋告诉最信任的同学，成了后来常想起的画面,27,deleted,,0,模板变体、超长表达或配额外的同概念近似项
6243,午休醒来后留意她每天更换的发卡，成了后来常想起的画面,26,compressed,留意她每天更换的发卡,10,移除时间、地点、人物或关系模板，归并到核心概念
6244,午休醒来后在错题本角落留下鼓励，成了后来常想起的画面,26,compressed,在错题本角落留下鼓励,10,移除时间、地点、人物或关系模板，归并到核心概念
6245,午休醒来后在篮球场边递上一瓶水，成了后来常想起的画面,26,compressed,在篮球场边递上一瓶水,10,移除时间、地点、人物或关系模板，归并到核心概念
6246,午休醒来后为对方的比赛偷偷加油，成了后来常想起的画面,26,compressed,为对方的比赛偷偷加油,10,移除时间、地点、人物或关系模板，归并到核心概念
6247,午休醒来后在盛夏风扇声里偷偷心动，成了后来常想起的画面,27,compressed,在盛夏风扇声里偷偷心动,11,移除时间、地点、人物或关系模板，归并到核心概念
6248,午休醒来后目送对方坐上不同方向的车，成了后来常想起的画面,28,compressed,目送对方坐上不同方向的车,12,移除时间、地点、人物或关系模板，归并到核心概念
6249,课间走廊上收到对方认真回应的好感，成了后来常想起的画面,27,deleted,,0,模板变体、超长表达或配额外的同概念近似项
6250,午休醒来后记住帆布鞋踩过积水的声音，成了后来常想起的画面,28,deleted,,0,模板变体、超长表达或配额外的同概念近似项
6251,午休醒来后用同一本练习册对答案，成了后来常想起的画面,26,deleted,,0,模板变体、超长表达或配额外的同概念近似项
6252,午休醒来后在看台最高一排并肩坐着，成了后来常想起的画面,27,compressed,在看台最高一排并肩坐着,11,移除时间、地点、人物或关系模板，归并到核心概念
6253,午休醒来后在班级合唱时站到她旁边，成了后来常想起的画面,27,compressed,在班级合唱时站到她旁边,11,移除时间、地点、人物或关系模板，归并到核心概念
6254,午休醒来后看秋叶堆满放学的小路，成了后来常想起的画面,26,deleted,,0,模板变体、超长表达或配额外的同概念近似项
6255,午休醒来后发现最后一句聊天停在毕业快乐，成了后来常想起的画面,30,deleted,,0,模板变体、超长表达或配额外的同概念近似项
6256,课间走廊上从同桌变成互相喜欢的人，成了后来常想起的画面,27,deleted,,0,模板变体、超长表达或配额外的同概念近似项
6257,午休醒来后看见运动服背后的班级号码，成了后来常想起的画面,28,deleted,,0,模板变体、超长表达或配额外的同概念近似项
6258,午休醒来后把借书卡藏进喜欢的书里，成了后来常想起的画面,27,deleted,,0,模板变体、超长表达或配额外的同概念近似项
6259,午休醒来后在体育馆门口等训练结束，成了后来常想起的画面,27,deleted,,0,模板变体、超长表达或配额外的同概念近似项
6260,午休醒来后假装随口询问周末安排，成了后来常想起的画面,26,deleted,,0,模板变体、超长表达或配额外的同概念近似项
6261,午休醒来后在初雪那天想和她一起走，成了后来常想起的画面,27,deleted,,0,模板变体、超长表达或配额外的同概念近似项
6262,午休醒来后因为去往不同城市慢慢失联，成了后来常想起的画面,28,deleted,,0,模板变体、超长表达或配额外的同概念近似项
6263,课间走廊上在班级起哄中偷偷脸红，成了后来常想起的画面,26,deleted,,0,模板变体、超长表达或配额外的同概念近似项
6264,午休醒来后注意到对方紧张时攥住衣角，成了后来常想起的画面,28,deleted,,0,模板变体、超长表达或配额外的同概念近似项
6265,午休醒来后用值日表制造一起留下的机会，成了后来常想起的画面,29,deleted,,0,模板变体、超长表达或配额外的同概念近似项
6266,午休醒来后沿林荫道推着自行车同行，成了后来常想起的画面,27,deleted,,0,模板变体、超长表达或配额外的同概念近似项
6267,午休醒来后把好笑的事情第一个告诉她，成了后来常想起的画面,28,deleted,,0,模板变体、超长表达或配额外的同概念近似项
6268,午休醒来后记住六月毕业季的闷热，成了后来常想起的画面,26,deleted,,0,模板变体、超长表达或配额外的同概念近似项
6269,午休醒来后多年后翻到泛黄的毕业照，成了后来常想起的画面,27,deleted,,0,模板变体、超长表达或配额外的同概念近似项
6270,课间走廊上交换只有两个人懂的暗号，成了后来常想起的画面,27,deleted,,0,模板变体、超长表达或配额外的同概念近似项
6271,午休醒来后记住少年骑车时鼓起的衣摆，成了后来常想起的画面,28,deleted,,0,模板变体、超长表达或配额外的同概念近似项
6272,午休醒来后在课程表上圈出共同的空课，成了后来常想起的画面,28,deleted,,0,模板变体、超长表达或配额外的同概念近似项
6273,午休醒来后在校门口犹豫要不要告别，成了后来常想起的画面,27,deleted,,0,模板变体、超长表达或配额外的同概念近似项
6274,午休醒来后聊天时等对方收拾完书包，成了后来常想起的画面,27,deleted,,0,模板变体、超长表达或配额外的同概念近似项
6275,午休醒来后在傍晚风里听见校服摩擦声，成了后来常想起的画面,28,deleted,,0,模板变体、超长表达或配额外的同概念近似项
6276,午休醒来后重回母校时寻找当年的座位，成了后来常想起的画面,28,deleted,,0,模板变体、超长表达或配额外的同概念近似项
6277,课间走廊上第一次用恋人的身份说晚安，成了后来常想起的画面,28,deleted,,0,模板变体、超长表达或配额外的同概念近似项
6278,午休醒来后发现镜片后躲闪的目光，成了后来常想起的画面,26,deleted,,0,模板变体、超长表达或配额外的同概念近似项
6279,午休醒来后用广播点歌传递含蓄心意，成了后来常想起的画面,27,deleted,,0,模板变体、超长表达或配额外的同概念近似项
6280,午休醒来后在公交站陪对方等车，成了后来常想起的画面,25,deleted,,0,模板变体、超长表达或配额外的同概念近似项
6281,午休醒来后看见她睡着后压低说话声音，成了后来常想起的画面,28,deleted,,0,模板变体、超长表达或配额外的同概念近似项
6282,午休醒来后尝到小卖部冰汽水的甜味，成了后来常想起的画面,27,deleted,,0,模板变体、超长表达或配额外的同概念近似项
6283,午休醒来后听见校歌突然想起喜欢的人，成了后来常想起的画面,28,deleted,,0,模板变体、超长表达或配额外的同概念近似项
6284,课间走廊上约定毕业以后也继续联系，成了后来常想起的画面,27,deleted,,0,模板变体、超长表达或配额外的同概念近似项
6285,午休醒来后在人群中认出那双熟悉的球鞋，成了后来常想起的画面,29,deleted,,0,模板变体、超长表达或配额外的同概念近似项
6286,午休醒来后约定用窗台上的水杯当暗号，成了后来常想起的画面,28,deleted,,0,模板变体、超长表达或配额外的同概念近似项
6287,午休醒来后绕远路走过两个人常走的小巷，成了后来常想起的画面,29,deleted,,0,模板变体、超长表达或配额外的同概念近似项
6288,午休醒来后把最后一颗糖留给喜欢的人，成了后来常想起的画面,28,deleted,,0,模板变体、超长表达或配额外的同概念近似项
6289,午休醒来后记住她经过时淡淡的洗衣粉香，成了后来常想起的画面,29,deleted,,0,模板变体、超长表达或配额外的同概念近似项
6290,午休醒来后意识到那次挥手已经是最后一面，成了后来常想起的画面,30,deleted,,0,模板变体、超长表达或配额外的同概念近似项
6291,午休醒来后和喜欢的人隔着课桌对视，成了后来常想起的画面,27,deleted,,0,模板变体、超长表达或配额外的同概念近似项
6292,体育课自由活动时风吹起她额前的刘海，成了后来常想起的画面,28,compressed,风吹起她额前的刘海,9,移除时间、地点、人物或关系模板，归并到核心概念
6293,体育课自由活动时递来一张折好的小纸条，成了后来常想起的画面,29,compressed,递来一张折好的小纸条,10,移除时间、地点、人物或关系模板，归并到核心概念
6294,体育课自由活动时在靠窗的座位等她出现，成了后来常想起的画面,29,compressed,在靠窗的座位等她出现,10,移除时间、地点、人物或关系模板，归并到核心概念
6295,体育课自由活动时把课堂笔记借给喜欢的人，成了后来常想起的画面,30,compressed,把课堂笔记借给喜欢的人,11,移除时间、地点、人物或关系模板，归并到核心概念
6296,体育课自由活动时听见窗外一阵很长的蝉鸣，成了后来常想起的画面,30,compressed,听见窗外一阵很长的蝉鸣,11,移除时间、地点、人物或关系模板，归并到核心概念
6297,体育课自由活动时在毕业册上写下一句祝福，成了后来常想起的画面,30,compressed,在毕业册上写下一句祝福,11,移除时间、地点、人物或关系模板，归并到核心概念
6298,午休醒来后发现同桌悄悄看向自己，成了后来常想起的画面,26,deleted,,0,模板变体、超长表达或配额外的同概念近似项
6299,体育课自由活动时看见她把刘海别到耳后，成了后来常想起的画面,29,compressed,看见她把刘海别到耳后,10,移除时间、地点、人物或关系模板，归并到核心概念
6300,体育课自由活动时在纸条背面写下回复，成了后来常想起的画面,28,compressed,在纸条背面写下回复,9,移除时间、地点、人物或关系模板，归并到核心概念
6301,体育课自由活动时经过对方班级的教室门口，成了后来常想起的画面,30,compressed,经过对方班级的教室门口,11,移除时间、地点、人物或关系模板，归并到核心概念
6302,体育课自由活动时耐心讲一道做错的题，成了后来常想起的画面,28,compressed,耐心讲一道做错的题,9,移除时间、地点、人物或关系模板，归并到核心概念
6303,体育课自由活动时听见下课铃盖过没说完的话，成了后来常想起的画面,31,compressed,听见下课铃盖过没说完的话,12,移除时间、地点、人物或关系模板，归并到核心概念
6304,体育课自由活动时把同学录最后一页留给她，成了后来常想起的画面,30,compressed,把同学录最后一页留给她,11,移除时间、地点、人物或关系模板，归并到核心概念
6305,午休醒来后把喜欢藏在课堂笔记里，成了后来常想起的画面,26,deleted,,0,模板变体、超长表达或配额外的同概念近似项
6306,体育课自由活动时注意到阳光落在她的发梢，成了后来常想起的画面,30,compressed,注意到阳光落在她的发梢,11,移除时间、地点、人物或关系模板，归并到核心概念
6307,体育课自由活动时把没送出的情书夹进书里，成了后来常想起的画面,30,compressed,把没送出的情书夹进书里,11,移除时间、地点、人物或关系模板，归并到核心概念
6308,体育课自由活动时在空教室里多停留一会儿，成了后来常想起的画面,30,compressed,在空教室里多停留一会儿,11,移除时间、地点、人物或关系模板，归并到核心概念
6309,体育课自由活动时一起背诵第二天要抽查的课文，成了后来常想起的画面,32,deleted,,0,模板变体、超长表达或配额外的同概念近似项
6310,体育课自由活动时记住篮球落地的回声，成了后来常想起的画面,28,compressed,记住篮球落地的回声,9,移除时间、地点、人物或关系模板，归并到核心概念
6311,体育课自由活动时在毕业照里悄悄站得更近，成了后来常想起的画面,30,compressed,在毕业照里悄悄站得更近,11,移除时间、地点、人物或关系模板，归并到核心概念
6312,午休醒来后借讲题的机会坐得更近，成了后来常想起的画面,26,deleted,,0,模板变体、超长表达或配额外的同概念近似项
6313,体育课自由活动时记住她低头笑时的酒窝，成了后来常想起的画面,29,compressed,记住她低头笑时的酒窝,10,移除时间、地点、人物或关系模板，归并到核心概念
6314,体育课自由活动时收到一封没有署名的情书，成了后来常想起的画面,30,compressed,收到一封没有署名的情书,11,移除时间、地点、人物或关系模板，归并到核心概念
6315,体育课自由活动时从教学楼走廊远远看见她，成了后来常想起的画面,30,compressed,从教学楼走廊远远看见她,11,移除时间、地点、人物或关系模板，归并到核心概念
6316,体育课自由活动时互相检查听写答案，成了后来常想起的画面,27,compressed,互相检查听写答案,8,移除时间、地点、人物或关系模板，归并到核心概念
6317,体育课自由活动时听见广播里放过的那首歌，成了后来常想起的画面,30,compressed,听见广播里放过的那首歌,11,移除时间、地点、人物或关系模板，归并到核心概念
6318,体育课自由活动时在校服背面签下名字，成了后来常想起的画面,28,compressed,在校服背面签下名字,9,移除时间、地点、人物或关系模板，归并到核心概念
6319,午休醒来后在走廊等喜欢的人经过，成了后来常想起的画面,26,deleted,,0,模板变体、超长表达或配额外的同概念近似项
6320,体育课自由活动时发现她见面前认真扎好头发，成了后来常想起的画面,31,compressed,发现她见面前认真扎好头发,12,移除时间、地点、人物或关系模板，归并到核心概念
6321,体育课自由活动时在便利贴上画一颗小心心，成了后来常想起的画面,30,compressed,在便利贴上画一颗小心心,11,移除时间、地点、人物或关系模板，归并到核心概念
6322,体育课自由活动时在楼梯转角意外遇见喜欢的人，成了后来常想起的画面,32,deleted,,0,模板变体、超长表达或配额外的同概念近似项
6323,体育课自由活动时替对方保管暂时没收的手机，成了后来常想起的画面,31,compressed,替对方保管暂时没收的手机,12,移除时间、地点、人物或关系模板，归并到核心概念
6324,体育课自由活动时看见晨光落在她的课桌上，成了后来常想起的画面,30,compressed,看见晨光落在她的课桌上,11,移除时间、地点、人物或关系模板，归并到核心概念
6325,体育课自由活动时把没送出的情书带回家，成了后来常想起的画面,29,compressed,把没送出的情书带回家,10,移除时间、地点、人物或关系模板，归并到核心概念
6326,午休醒来后课间绕路去隔壁班门口，成了后来常想起的画面,26,deleted,,0,模板变体、超长表达或配额外的同概念近似项
6327,体育课自由活动时看见她穿着宽大的校服外套，成了后来常想起的画面,31,compressed,看见她穿着宽大的校服外套,12,移除时间、地点、人物或关系模板，归并到核心概念
6328,体育课自由活动时把名字写在同一张草稿纸上，成了后来常想起的画面,31,compressed,把名字写在同一张草稿纸上,12,移除时间、地点、人物或关系模板，归并到核心概念
6329,体育课自由活动时绕路经过她常去的饮水机，成了后来常想起的画面,30,compressed,绕路经过她常去的饮水机,11,移除时间、地点、人物或关系模板，归并到核心概念
6330,体育课自由活动时给趴在桌上的人留一盒牛奶，成了后来常想起的画面,31,compressed,给趴在桌上的人留一盒牛奶,12,移除时间、地点、人物或关系模板，归并到核心概念
6331,体育课自由活动时看见晚霞穿过教学楼窗户，成了后来常想起的画面,30,compressed,看见晚霞穿过教学楼窗户,11,移除时间、地点、人物或关系模板，归并到核心概念
6332,体育课自由活动时错过毕业前最后一次告白，成了后来常想起的画面,30,compressed,错过毕业前最后一次告白,11,移除时间、地点、人物或关系模板，归并到核心概念
6333,午休醒来后替心动对象去小卖部带饮料，成了后来常想起的画面,28,deleted,,0,模板变体、超长表达或配额外的同概念近似项
6334,体育课自由活动时认出人群里熟悉的校服衣角，成了后来常想起的画面,31,compressed,认出人群里熟悉的校服衣角,12,移除时间、地点、人物或关系模板，归并到核心概念
6335,体育课自由活动时交换一根代表好感的小皮筋，成了后来常想起的画面,31,compressed,交换一根代表好感的小皮筋,12,移除时间、地点、人物或关系模板，归并到核心概念
6336,体育课自由活动时在图书馆同一排书架重逢，成了后来常想起的画面,30,compressed,在图书馆同一排书架重逢,11,移除时间、地点、人物或关系模板，归并到核心概念
6337,体育课自由活动时提醒喜欢的人带伞，成了后来常想起的画面,27,compressed,提醒喜欢的人带伞,8,移除时间、地点、人物或关系模板，归并到核心概念
6338,体育课自由活动时记住树影在校服上轻轻晃动，成了后来常想起的画面,31,compressed,记住树影在校服上轻轻晃动,12,移除时间、地点、人物或关系模板，归并到核心概念
6339,体育课自由活动时把喜欢藏进高考结束的夏天，成了后来常想起的画面,31,compressed,把喜欢藏进高考结束的夏天,12,移除时间、地点、人物或关系模板，归并到核心概念
6340,午休醒来后在人群中寻找熟悉的校服背影，成了后来常想起的画面,29,deleted,,0,模板变体、超长表达或配额外的同概念近似项
6341,体育课自由活动时替对方整理歪掉的校服领口，成了后来常想起的画面,31,compressed,替对方整理歪掉的校服领口,12,移除时间、地点、人物或关系模板，归并到核心概念
6342,体育课自由活动时把校服第二颗纽扣留作纪念，成了后来常想起的画面,31,compressed,把校服第二颗纽扣留作纪念,12,移除时间、地点、人物或关系模板，归并到核心概念
6343,体育课自由活动时在自习室替对方留一个座位，成了后来常想起的画面,31,compressed,在自习室替对方留一个座位,12,移除时间、地点、人物或关系模板，归并到核心概念
6344,体育课自由活动时把自己的外套借给对方，成了后来常想起的画面,29,compressed,把自己的外套借给对方,10,移除时间、地点、人物或关系模板，归并到核心概念
6345,体育课自由活动时看见雨水沿着教室玻璃滑下，成了后来常想起的画面,31,compressed,看见雨水沿着教室玻璃滑下,12,移除时间、地点、人物或关系模板，归并到核心概念
6346,体育课自由活动时约定收到录取通知后再见，成了后来常想起的画面,30,compressed,约定收到录取通知后再见,11,移除时间、地点、人物或关系模板，归并到核心概念
6347,午休醒来后放学后并肩走出校门，成了后来常想起的画面,25,deleted,,0,模板变体、超长表达或配额外的同概念近似项
6348,体育课自由活动时注意到校服袖口写着名字，成了后来常想起的画面,30,compressed,注意到校服袖口写着名字,11,移除时间、地点、人物或关系模板，归并到核心概念
6349,体育课自由活动时送出成对的钥匙扣，成了后来常想起的画面,27,compressed,送出成对的钥匙扣,8,移除时间、地点、人物或关系模板，归并到核心概念
6350,体育课自由活动时在小卖部门口假装偶遇，成了后来常想起的画面,29,compressed,在小卖部门口假装偶遇,10,移除时间、地点、人物或关系模板，归并到核心概念
6351,体育课自由活动时记住她不吃的食堂菜，成了后来常想起的画面,28,compressed,记住她不吃的食堂菜,9,移除时间、地点、人物或关系模板，归并到核心概念
6352,体育课自由活动时闻到新课本混着油墨的气味，成了后来常想起的画面,31,compressed,闻到新课本混着油墨的气味,12,移除时间、地点、人物或关系模板，归并到核心概念
6353,体育课自由活动时在散伙饭上忍住没说的话，成了后来常想起的画面,30,compressed,在散伙饭上忍住没说的话,11,移除时间、地点、人物或关系模板，归并到核心概念
6354,午休醒来后推着自行车陪对方慢慢走，成了后来常想起的画面,27,deleted,,0,模板变体、超长表达或配额外的同概念近似项
6355,体育课自由活动时看见白衬衫被晚霞染成金色，成了后来常想起的画面,31,compressed,看见白衬衫被晚霞染成金色,12,移除时间、地点、人物或关系模板，归并到核心概念
6356,体育课自由活动时互换写着祝福的书签，成了后来常想起的画面,28,compressed,互换写着祝福的书签,9,移除时间、地点、人物或关系模板，归并到核心概念
6357,体育课自由活动时在食堂排队时站到她身后，成了后来常想起的画面,30,compressed,在食堂排队时站到她身后,11,移除时间、地点、人物或关系模板，归并到核心概念
6358,体育课自由活动时替迟到的人悄悄留门，成了后来常想起的画面,28,compressed,替迟到的人悄悄留门,9,移除时间、地点、人物或关系模板，归并到核心概念
6359,体育课自由活动时记住雨后塑胶跑道的气味，成了后来常想起的画面,30,compressed,记住雨后塑胶跑道的气味,11,移除时间、地点、人物或关系模板，归并到核心概念
6360,体育课自由活动时听完最后一次校园广播，成了后来常想起的画面,29,compressed,听完最后一次校园广播,10,移除时间、地点、人物或关系模板，归并到核心概念
6361,午休醒来后一起等最后一班公交车，成了后来常想起的画面,26,deleted,,0,模板变体、超长表达或配额外的同概念近似项
6362,体育课自由活动时发现手腕上多了一根小皮筋，成了后来常想起的画面,31,compressed,发现手腕上多了一根小皮筋,12,移除时间、地点、人物或关系模板，归并到核心概念
6363,体育课自由活动时借出一支舍不得收回的笔，成了后来常想起的画面,30,compressed,借出一支舍不得收回的笔,11,移除时间、地点、人物或关系模板，归并到核心概念
6364,体育课自由活动时在校园广播站等一首点歌，成了后来常想起的画面,30,compressed,在校园广播站等一首点歌,11,移除时间、地点、人物或关系模板，归并到核心概念
6365,体育课自由活动时在值日时一起擦黑板，成了后来常想起的画面,28,compressed,在值日时一起擦黑板,9,移除时间、地点、人物或关系模板，归并到核心概念
6366,体育课自由活动时感到共用雨伞时靠近的温度，成了后来常想起的画面,31,compressed,感到共用雨伞时靠近的温度,12,移除时间、地点、人物或关系模板，归并到核心概念
6367,体育课自由活动时收拾课桌时找到旧纸条，成了后来常想起的画面,29,compressed,收拾课桌时找到旧纸条,10,移除时间、地点、人物或关系模板，归并到核心概念
6368,午休醒来后约好第二天在校门口见，成了后来常想起的画面,26,deleted,,0,模板变体、超长表达或配额外的同概念近似项
6369,体育课自由活动时把对方送的小皮筋戴在手腕，成了后来常想起的画面,31,compressed,把对方送的小皮筋戴在手腕,12,移除时间、地点、人物或关系模板，归并到核心概念
6370,体育课自由活动时在橡皮上刻下对方的缩写，成了后来常想起的画面,30,compressed,在橡皮上刻下对方的缩写,11,移除时间、地点、人物或关系模板，归并到核心概念
6371,体育课自由活动时在礼堂散场后寻找对方，成了后来常想起的画面,29,compressed,在礼堂散场后寻找对方,10,移除时间、地点、人物或关系模板，归并到核心概念
6372,体育课自由活动时一起搬运动会用的桌椅，成了后来常想起的画面,29,compressed,一起搬运动会用的桌椅,10,移除时间、地点、人物或关系模板，归并到核心概念
6373,体育课自由活动时记住冬天热水杯传来的暖意，成了后来常想起的画面,31,compressed,记住冬天热水杯传来的暖意,12,移除时间、地点、人物或关系模板，归并到核心概念
6374,体育课自由活动时离校前再走一遍熟悉的操场，成了后来常想起的画面,31,compressed,离校前再走一遍熟悉的操场,12,移除时间、地点、人物或关系模板，归并到核心概念
6375,午休醒来后在操场看台说出喜欢，成了后来常想起的画面,25,deleted,,0,模板变体、超长表达或配额外的同概念近似项
6376,体育课自由活动时认出书包上新挂的钥匙扣，成了后来常想起的画面,30,compressed,认出书包上新挂的钥匙扣,11,移除时间、地点、人物或关系模板，归并到核心概念
6377,体育课自由活动时把复习资料装订得整整齐齐，成了后来常想起的画面,31,compressed,把复习资料装订得整整齐齐,12,移除时间、地点、人物或关系模板，归并到核心概念
6378,体育课自由活动时沿着操场跑道陪她慢慢走，成了后来常想起的画面,30,compressed,沿着操场跑道陪她慢慢走,11,移除时间、地点、人物或关系模板，归并到核心概念
6379,体育课自由活动时在社团排练后帮忙收器材，成了后来常想起的画面,30,compressed,在社团排练后帮忙收器材,11,移除时间、地点、人物或关系模板，归并到核心概念
6380,体育课自由活动时等春天樱花落在她肩上，成了后来常想起的画面,29,compressed,等春天樱花落在她肩上,10,移除时间、地点、人物或关系模板，归并到核心概念
6381,体育课自由活动时在校门口说出以后常联系，成了后来常想起的画面,30,compressed,在校门口说出以后常联系,11,移除时间、地点、人物或关系模板，归并到核心概念
6382,午休醒来后把暗恋告诉最信任的同学，成了后来常想起的画面,27,deleted,,0,模板变体、超长表达或配额外的同概念近似项
6383,体育课自由活动时留意她每天更换的发卡，成了后来常想起的画面,29,compressed,留意她每天更换的发卡,10,移除时间、地点、人物或关系模板，归并到核心概念
6384,体育课自由活动时在错题本角落留下鼓励，成了后来常想起的画面,29,compressed,在错题本角落留下鼓励,10,移除时间、地点、人物或关系模板，归并到核心概念
6385,体育课自由活动时在篮球场边递上一瓶水，成了后来常想起的画面,29,compressed,在篮球场边递上一瓶水,10,移除时间、地点、人物或关系模板，归并到核心概念
6386,体育课自由活动时为对方的比赛偷偷加油，成了后来常想起的画面,29,compressed,为对方的比赛偷偷加油,10,移除时间、地点、人物或关系模板，归并到核心概念
6387,体育课自由活动时在盛夏风扇声里偷偷心动，成了后来常想起的画面,30,compressed,在盛夏风扇声里偷偷心动,11,移除时间、地点、人物或关系模板，归并到核心概念
6388,体育课自由活动时目送对方坐上不同方向的车，成了后来常想起的画面,31,compressed,目送对方坐上不同方向的车,12,移除时间、地点、人物或关系模板，归并到核心概念
6389,午休醒来后收到对方认真回应的好感，成了后来常想起的画面,27,deleted,,0,模板变体、超长表达或配额外的同概念近似项
6390,体育课自由活动时记住帆布鞋踩过积水的声音，成了后来常想起的画面,31,deleted,,0,模板变体、超长表达或配额外的同概念近似项
6391,体育课自由活动时用同一本练习册对答案，成了后来常想起的画面,29,deleted,,0,模板变体、超长表达或配额外的同概念近似项
6392,体育课自由活动时在看台最高一排并肩坐着，成了后来常想起的画面,30,compressed,在看台最高一排并肩坐着,11,移除时间、地点、人物或关系模板，归并到核心概念
6393,体育课自由活动时在班级合唱时站到她旁边，成了后来常想起的画面,30,compressed,在班级合唱时站到她旁边,11,移除时间、地点、人物或关系模板，归并到核心概念
6394,体育课自由活动时看秋叶堆满放学的小路，成了后来常想起的画面,29,deleted,,0,模板变体、超长表达或配额外的同概念近似项
6395,体育课自由活动时发现最后一句聊天停在毕业快乐，成了后来常想起的画面,33,deleted,,0,模板变体、超长表达或配额外的同概念近似项
6396,午休醒来后从同桌变成互相喜欢的人，成了后来常想起的画面,27,deleted,,0,模板变体、超长表达或配额外的同概念近似项
6397,体育课自由活动时看见运动服背后的班级号码，成了后来常想起的画面,31,deleted,,0,模板变体、超长表达或配额外的同概念近似项
6398,体育课自由活动时把借书卡藏进喜欢的书里，成了后来常想起的画面,30,deleted,,0,模板变体、超长表达或配额外的同概念近似项
6399,体育课自由活动时在体育馆门口等训练结束，成了后来常想起的画面,30,deleted,,0,模板变体、超长表达或配额外的同概念近似项
6400,体育课自由活动时假装随口询问周末安排，成了后来常想起的画面,29,deleted,,0,模板变体、超长表达或配额外的同概念近似项
6401,体育课自由活动时在初雪那天想和她一起走，成了后来常想起的画面,30,deleted,,0,模板变体、超长表达或配额外的同概念近似项
6402,体育课自由活动时因为去往不同城市慢慢失联，成了后来常想起的画面,31,deleted,,0,模板变体、超长表达或配额外的同概念近似项
6403,午休醒来后在班级起哄中偷偷脸红，成了后来常想起的画面,26,deleted,,0,模板变体、超长表达或配额外的同概念近似项
6404,体育课自由活动时注意到对方紧张时攥住衣角，成了后来常想起的画面,31,deleted,,0,模板变体、超长表达或配额外的同概念近似项
6405,体育课自由活动时用值日表制造一起留下的机会，成了后来常想起的画面,32,deleted,,0,模板变体、超长表达或配额外的同概念近似项
6406,体育课自由活动时沿林荫道推着自行车同行，成了后来常想起的画面,30,deleted,,0,模板变体、超长表达或配额外的同概念近似项
6407,体育课自由活动时把好笑的事情第一个告诉她，成了后来常想起的画面,31,deleted,,0,模板变体、超长表达或配额外的同概念近似项
6408,体育课自由活动时记住六月毕业季的闷热，成了后来常想起的画面,29,deleted,,0,模板变体、超长表达或配额外的同概念近似项
6409,体育课自由活动时多年后翻到泛黄的毕业照，成了后来常想起的画面,30,deleted,,0,模板变体、超长表达或配额外的同概念近似项
6410,午休醒来后交换只有两个人懂的暗号，成了后来常想起的画面,27,deleted,,0,模板变体、超长表达或配额外的同概念近似项
6411,体育课自由活动时记住少年骑车时鼓起的衣摆，成了后来常想起的画面,31,deleted,,0,模板变体、超长表达或配额外的同概念近似项
6412,体育课自由活动时在课程表上圈出共同的空课，成了后来常想起的画面,31,deleted,,0,模板变体、超长表达或配额外的同概念近似项
6413,体育课自由活动时在校门口犹豫要不要告别，成了后来常想起的画面,30,deleted,,0,模板变体、超长表达或配额外的同概念近似项
6414,体育课自由活动时聊天时等对方收拾完书包，成了后来常想起的画面,30,deleted,,0,模板变体、超长表达或配额外的同概念近似项
6415,体育课自由活动时在傍晚风里听见校服摩擦声，成了后来常想起的画面,31,deleted,,0,模板变体、超长表达或配额外的同概念近似项
6416,体育课自由活动时重回母校时寻找当年的座位，成了后来常想起的画面,31,deleted,,0,模板变体、超长表达或配额外的同概念近似项
6417,午休醒来后第一次用恋人的身份说晚安，成了后来常想起的画面,28,deleted,,0,模板变体、超长表达或配额外的同概念近似项
6418,体育课自由活动时发现镜片后躲闪的目光，成了后来常想起的画面,29,deleted,,0,模板变体、超长表达或配额外的同概念近似项
6419,体育课自由活动时用广播点歌传递含蓄心意，成了后来常想起的画面,30,deleted,,0,模板变体、超长表达或配额外的同概念近似项
6420,体育课自由活动时在公交站陪对方等车，成了后来常想起的画面,28,deleted,,0,模板变体、超长表达或配额外的同概念近似项
6421,体育课自由活动时看见她睡着后压低说话声音，成了后来常想起的画面,31,deleted,,0,模板变体、超长表达或配额外的同概念近似项
6422,体育课自由活动时尝到小卖部冰汽水的甜味，成了后来常想起的画面,30,deleted,,0,模板变体、超长表达或配额外的同概念近似项
6423,体育课自由活动时听见校歌突然想起喜欢的人，成了后来常想起的画面,31,deleted,,0,模板变体、超长表达或配额外的同概念近似项
6424,午休醒来后约定毕业以后也继续联系，成了后来常想起的画面,27,deleted,,0,模板变体、超长表达或配额外的同概念近似项
6425,体育课自由活动时在人群中认出那双熟悉的球鞋，成了后来常想起的画面,32,deleted,,0,模板变体、超长表达或配额外的同概念近似项
6426,体育课自由活动时约定用窗台上的水杯当暗号，成了后来常想起的画面,31,deleted,,0,模板变体、超长表达或配额外的同概念近似项
6427,体育课自由活动时绕远路走过两个人常走的小巷，成了后来常想起的画面,32,deleted,,0,模板变体、超长表达或配额外的同概念近似项
6428,体育课自由活动时把最后一颗糖留给喜欢的人，成了后来常想起的画面,31,deleted,,0,模板变体、超长表达或配额外的同概念近似项
6429,体育课自由活动时记住她经过时淡淡的洗衣粉香，成了后来常想起的画面,32,deleted,,0,模板变体、超长表达或配额外的同概念近似项
6430,体育课自由活动时意识到那次挥手已经是最后一面，成了后来常想起的画面,33,deleted,,0,模板变体、超长表达或配额外的同概念近似项
6431,体育课自由活动时和喜欢的人隔着课桌对视，成了后来常想起的画面,30,deleted,,0,模板变体、超长表达或配额外的同概念近似项
6432,晚自习散场后风吹起她额前的刘海，成了后来常想起的画面,26,compressed,风吹起她额前的刘海,9,移除时间、地点、人物或关系模板，归并到核心概念
6433,晚自习散场后递来一张折好的小纸条，成了后来常想起的画面,27,compressed,递来一张折好的小纸条,10,移除时间、地点、人物或关系模板，归并到核心概念
6434,晚自习散场后在靠窗的座位等她出现，成了后来常想起的画面,27,compressed,在靠窗的座位等她出现,10,移除时间、地点、人物或关系模板，归并到核心概念
6435,晚自习散场后把课堂笔记借给喜欢的人，成了后来常想起的画面,28,compressed,把课堂笔记借给喜欢的人,11,移除时间、地点、人物或关系模板，归并到核心概念
6436,晚自习散场后听见窗外一阵很长的蝉鸣，成了后来常想起的画面,28,compressed,听见窗外一阵很长的蝉鸣,11,移除时间、地点、人物或关系模板，归并到核心概念
6437,晚自习散场后在毕业册上写下一句祝福，成了后来常想起的画面,28,compressed,在毕业册上写下一句祝福,11,移除时间、地点、人物或关系模板，归并到核心概念
6438,体育课自由活动时发现同桌悄悄看向自己，成了后来常想起的画面,29,deleted,,0,模板变体、超长表达或配额外的同概念近似项
6439,晚自习散场后看见她把刘海别到耳后，成了后来常想起的画面,27,compressed,看见她把刘海别到耳后,10,移除时间、地点、人物或关系模板，归并到核心概念
6440,晚自习散场后在纸条背面写下回复，成了后来常想起的画面,26,compressed,在纸条背面写下回复,9,移除时间、地点、人物或关系模板，归并到核心概念
6441,晚自习散场后经过对方班级的教室门口，成了后来常想起的画面,28,compressed,经过对方班级的教室门口,11,移除时间、地点、人物或关系模板，归并到核心概念
6442,晚自习散场后耐心讲一道做错的题，成了后来常想起的画面,26,compressed,耐心讲一道做错的题,9,移除时间、地点、人物或关系模板，归并到核心概念
6443,晚自习散场后听见下课铃盖过没说完的话，成了后来常想起的画面,29,compressed,听见下课铃盖过没说完的话,12,移除时间、地点、人物或关系模板，归并到核心概念
6444,晚自习散场后把同学录最后一页留给她，成了后来常想起的画面,28,compressed,把同学录最后一页留给她,11,移除时间、地点、人物或关系模板，归并到核心概念
6445,体育课自由活动时把喜欢藏在课堂笔记里，成了后来常想起的画面,29,deleted,,0,模板变体、超长表达或配额外的同概念近似项
6446,晚自习散场后注意到阳光落在她的发梢，成了后来常想起的画面,28,compressed,注意到阳光落在她的发梢,11,移除时间、地点、人物或关系模板，归并到核心概念
6447,晚自习散场后把没送出的情书夹进书里，成了后来常想起的画面,28,compressed,把没送出的情书夹进书里,11,移除时间、地点、人物或关系模板，归并到核心概念
6448,晚自习散场后在空教室里多停留一会儿，成了后来常想起的画面,28,compressed,在空教室里多停留一会儿,11,移除时间、地点、人物或关系模板，归并到核心概念
6449,晚自习散场后一起背诵第二天要抽查的课文，成了后来常想起的画面,30,deleted,,0,模板变体、超长表达或配额外的同概念近似项
6450,晚自习散场后记住篮球落地的回声，成了后来常想起的画面,26,compressed,记住篮球落地的回声,9,移除时间、地点、人物或关系模板，归并到核心概念
6451,晚自习散场后在毕业照里悄悄站得更近，成了后来常想起的画面,28,compressed,在毕业照里悄悄站得更近,11,移除时间、地点、人物或关系模板，归并到核心概念
6452,体育课自由活动时借讲题的机会坐得更近，成了后来常想起的画面,29,deleted,,0,模板变体、超长表达或配额外的同概念近似项
6453,晚自习散场后记住她低头笑时的酒窝，成了后来常想起的画面,27,compressed,记住她低头笑时的酒窝,10,移除时间、地点、人物或关系模板，归并到核心概念
6454,晚自习散场后收到一封没有署名的情书，成了后来常想起的画面,28,compressed,收到一封没有署名的情书,11,移除时间、地点、人物或关系模板，归并到核心概念
6455,晚自习散场后从教学楼走廊远远看见她，成了后来常想起的画面,28,compressed,从教学楼走廊远远看见她,11,移除时间、地点、人物或关系模板，归并到核心概念
6456,晚自习散场后互相检查听写答案，成了后来常想起的画面,25,compressed,互相检查听写答案,8,移除时间、地点、人物或关系模板，归并到核心概念
6457,晚自习散场后听见广播里放过的那首歌，成了后来常想起的画面,28,compressed,听见广播里放过的那首歌,11,移除时间、地点、人物或关系模板，归并到核心概念
6458,晚自习散场后在校服背面签下名字，成了后来常想起的画面,26,compressed,在校服背面签下名字,9,移除时间、地点、人物或关系模板，归并到核心概念
6459,体育课自由活动时在走廊等喜欢的人经过，成了后来常想起的画面,29,deleted,,0,模板变体、超长表达或配额外的同概念近似项
6460,晚自习散场后发现她见面前认真扎好头发，成了后来常想起的画面,29,compressed,发现她见面前认真扎好头发,12,移除时间、地点、人物或关系模板，归并到核心概念
6461,晚自习散场后在便利贴上画一颗小心心，成了后来常想起的画面,28,compressed,在便利贴上画一颗小心心,11,移除时间、地点、人物或关系模板，归并到核心概念
6462,晚自习散场后在楼梯转角意外遇见喜欢的人，成了后来常想起的画面,30,deleted,,0,模板变体、超长表达或配额外的同概念近似项
6463,晚自习散场后替对方保管暂时没收的手机，成了后来常想起的画面,29,compressed,替对方保管暂时没收的手机,12,移除时间、地点、人物或关系模板，归并到核心概念
6464,晚自习散场后看见晨光落在她的课桌上，成了后来常想起的画面,28,compressed,看见晨光落在她的课桌上,11,移除时间、地点、人物或关系模板，归并到核心概念
6465,晚自习散场后把没送出的情书带回家，成了后来常想起的画面,27,compressed,把没送出的情书带回家,10,移除时间、地点、人物或关系模板，归并到核心概念
6466,体育课自由活动时课间绕路去隔壁班门口，成了后来常想起的画面,29,deleted,,0,模板变体、超长表达或配额外的同概念近似项
6467,晚自习散场后看见她穿着宽大的校服外套，成了后来常想起的画面,29,compressed,看见她穿着宽大的校服外套,12,移除时间、地点、人物或关系模板，归并到核心概念
6468,晚自习散场后把名字写在同一张草稿纸上，成了后来常想起的画面,29,compressed,把名字写在同一张草稿纸上,12,移除时间、地点、人物或关系模板，归并到核心概念
6469,晚自习散场后绕路经过她常去的饮水机，成了后来常想起的画面,28,compressed,绕路经过她常去的饮水机,11,移除时间、地点、人物或关系模板，归并到核心概念
6470,晚自习散场后给趴在桌上的人留一盒牛奶，成了后来常想起的画面,29,compressed,给趴在桌上的人留一盒牛奶,12,移除时间、地点、人物或关系模板，归并到核心概念
6471,晚自习散场后看见晚霞穿过教学楼窗户，成了后来常想起的画面,28,compressed,看见晚霞穿过教学楼窗户,11,移除时间、地点、人物或关系模板，归并到核心概念
6472,晚自习散场后错过毕业前最后一次告白，成了后来常想起的画面,28,compressed,错过毕业前最后一次告白,11,移除时间、地点、人物或关系模板，归并到核心概念
6473,体育课自由活动时替心动对象去小卖部带饮料，成了后来常想起的画面,31,deleted,,0,模板变体、超长表达或配额外的同概念近似项
6474,晚自习散场后认出人群里熟悉的校服衣角，成了后来常想起的画面,29,compressed,认出人群里熟悉的校服衣角,12,移除时间、地点、人物或关系模板，归并到核心概念
6475,晚自习散场后交换一根代表好感的小皮筋，成了后来常想起的画面,29,compressed,交换一根代表好感的小皮筋,12,移除时间、地点、人物或关系模板，归并到核心概念
6476,晚自习散场后在图书馆同一排书架重逢，成了后来常想起的画面,28,compressed,在图书馆同一排书架重逢,11,移除时间、地点、人物或关系模板，归并到核心概念
6477,晚自习散场后提醒喜欢的人带伞，成了后来常想起的画面,25,compressed,提醒喜欢的人带伞,8,移除时间、地点、人物或关系模板，归并到核心概念
6478,晚自习散场后记住树影在校服上轻轻晃动，成了后来常想起的画面,29,compressed,记住树影在校服上轻轻晃动,12,移除时间、地点、人物或关系模板，归并到核心概念
6479,晚自习散场后把喜欢藏进高考结束的夏天，成了后来常想起的画面,29,compressed,把喜欢藏进高考结束的夏天,12,移除时间、地点、人物或关系模板，归并到核心概念
6480,体育课自由活动时在人群中寻找熟悉的校服背影，成了后来常想起的画面,32,deleted,,0,模板变体、超长表达或配额外的同概念近似项
6481,晚自习散场后替对方整理歪掉的校服领口，成了后来常想起的画面,29,compressed,替对方整理歪掉的校服领口,12,移除时间、地点、人物或关系模板，归并到核心概念
6482,晚自习散场后把校服第二颗纽扣留作纪念，成了后来常想起的画面,29,compressed,把校服第二颗纽扣留作纪念,12,移除时间、地点、人物或关系模板，归并到核心概念
6483,晚自习散场后在自习室替对方留一个座位，成了后来常想起的画面,29,compressed,在自习室替对方留一个座位,12,移除时间、地点、人物或关系模板，归并到核心概念
6484,晚自习散场后把自己的外套借给对方，成了后来常想起的画面,27,compressed,把自己的外套借给对方,10,移除时间、地点、人物或关系模板，归并到核心概念
6485,晚自习散场后看见雨水沿着教室玻璃滑下，成了后来常想起的画面,29,compressed,看见雨水沿着教室玻璃滑下,12,移除时间、地点、人物或关系模板，归并到核心概念
6486,晚自习散场后约定收到录取通知后再见，成了后来常想起的画面,28,compressed,约定收到录取通知后再见,11,移除时间、地点、人物或关系模板，归并到核心概念
6487,体育课自由活动时放学后并肩走出校门，成了后来常想起的画面,28,deleted,,0,模板变体、超长表达或配额外的同概念近似项
6488,晚自习散场后注意到校服袖口写着名字，成了后来常想起的画面,28,compressed,注意到校服袖口写着名字,11,移除时间、地点、人物或关系模板，归并到核心概念
6489,晚自习散场后送出成对的钥匙扣，成了后来常想起的画面,25,compressed,送出成对的钥匙扣,8,移除时间、地点、人物或关系模板，归并到核心概念
6490,晚自习散场后在小卖部门口假装偶遇，成了后来常想起的画面,27,compressed,在小卖部门口假装偶遇,10,移除时间、地点、人物或关系模板，归并到核心概念
6491,晚自习散场后记住她不吃的食堂菜，成了后来常想起的画面,26,compressed,记住她不吃的食堂菜,9,移除时间、地点、人物或关系模板，归并到核心概念
6492,晚自习散场后闻到新课本混着油墨的气味，成了后来常想起的画面,29,compressed,闻到新课本混着油墨的气味,12,移除时间、地点、人物或关系模板，归并到核心概念
6493,晚自习散场后在散伙饭上忍住没说的话，成了后来常想起的画面,28,compressed,在散伙饭上忍住没说的话,11,移除时间、地点、人物或关系模板，归并到核心概念
6494,体育课自由活动时推着自行车陪对方慢慢走，成了后来常想起的画面,30,deleted,,0,模板变体、超长表达或配额外的同概念近似项
6495,晚自习散场后看见白衬衫被晚霞染成金色，成了后来常想起的画面,29,compressed,看见白衬衫被晚霞染成金色,12,移除时间、地点、人物或关系模板，归并到核心概念
6496,晚自习散场后互换写着祝福的书签，成了后来常想起的画面,26,compressed,互换写着祝福的书签,9,移除时间、地点、人物或关系模板，归并到核心概念
6497,晚自习散场后在食堂排队时站到她身后，成了后来常想起的画面,28,compressed,在食堂排队时站到她身后,11,移除时间、地点、人物或关系模板，归并到核心概念
6498,晚自习散场后替迟到的人悄悄留门，成了后来常想起的画面,26,compressed,替迟到的人悄悄留门,9,移除时间、地点、人物或关系模板，归并到核心概念
6499,晚自习散场后记住雨后塑胶跑道的气味，成了后来常想起的画面,28,compressed,记住雨后塑胶跑道的气味,11,移除时间、地点、人物或关系模板，归并到核心概念
6500,晚自习散场后听完最后一次校园广播，成了后来常想起的画面,27,compressed,听完最后一次校园广播,10,移除时间、地点、人物或关系模板，归并到核心概念
6501,体育课自由活动时一起等最后一班公交车，成了后来常想起的画面,29,deleted,,0,模板变体、超长表达或配额外的同概念近似项
6502,晚自习散场后发现手腕上多了一根小皮筋，成了后来常想起的画面,29,compressed,发现手腕上多了一根小皮筋,12,移除时间、地点、人物或关系模板，归并到核心概念
6503,晚自习散场后借出一支舍不得收回的笔，成了后来常想起的画面,28,compressed,借出一支舍不得收回的笔,11,移除时间、地点、人物或关系模板，归并到核心概念
6504,晚自习散场后在校园广播站等一首点歌，成了后来常想起的画面,28,compressed,在校园广播站等一首点歌,11,移除时间、地点、人物或关系模板，归并到核心概念
6505,晚自习散场后在值日时一起擦黑板，成了后来常想起的画面,26,compressed,在值日时一起擦黑板,9,移除时间、地点、人物或关系模板，归并到核心概念
6506,晚自习散场后感到共用雨伞时靠近的温度，成了后来常想起的画面,29,compressed,感到共用雨伞时靠近的温度,12,移除时间、地点、人物或关系模板，归并到核心概念
6507,晚自习散场后收拾课桌时找到旧纸条，成了后来常想起的画面,27,compressed,收拾课桌时找到旧纸条,10,移除时间、地点、人物或关系模板，归并到核心概念
6508,体育课自由活动时约好第二天在校门口见，成了后来常想起的画面,29,deleted,,0,模板变体、超长表达或配额外的同概念近似项
6509,晚自习散场后把对方送的小皮筋戴在手腕，成了后来常想起的画面,29,compressed,把对方送的小皮筋戴在手腕,12,移除时间、地点、人物或关系模板，归并到核心概念
6510,晚自习散场后在橡皮上刻下对方的缩写，成了后来常想起的画面,28,compressed,在橡皮上刻下对方的缩写,11,移除时间、地点、人物或关系模板，归并到核心概念
6511,晚自习散场后在礼堂散场后寻找对方，成了后来常想起的画面,27,compressed,在礼堂散场后寻找对方,10,移除时间、地点、人物或关系模板，归并到核心概念
6512,晚自习散场后一起搬运动会用的桌椅，成了后来常想起的画面,27,compressed,一起搬运动会用的桌椅,10,移除时间、地点、人物或关系模板，归并到核心概念
6513,晚自习散场后记住冬天热水杯传来的暖意，成了后来常想起的画面,29,compressed,记住冬天热水杯传来的暖意,12,移除时间、地点、人物或关系模板，归并到核心概念
6514,晚自习散场后离校前再走一遍熟悉的操场，成了后来常想起的画面,29,compressed,离校前再走一遍熟悉的操场,12,移除时间、地点、人物或关系模板，归并到核心概念
6515,体育课自由活动时在操场看台说出喜欢，成了后来常想起的画面,28,deleted,,0,模板变体、超长表达或配额外的同概念近似项
6516,晚自习散场后认出书包上新挂的钥匙扣，成了后来常想起的画面,28,compressed,认出书包上新挂的钥匙扣,11,移除时间、地点、人物或关系模板，归并到核心概念
6517,晚自习散场后把复习资料装订得整整齐齐，成了后来常想起的画面,29,compressed,把复习资料装订得整整齐齐,12,移除时间、地点、人物或关系模板，归并到核心概念
6518,晚自习散场后沿着操场跑道陪她慢慢走，成了后来常想起的画面,28,compressed,沿着操场跑道陪她慢慢走,11,移除时间、地点、人物或关系模板，归并到核心概念
6519,晚自习散场后在社团排练后帮忙收器材，成了后来常想起的画面,28,compressed,在社团排练后帮忙收器材,11,移除时间、地点、人物或关系模板，归并到核心概念
6520,晚自习散场后等春天樱花落在她肩上，成了后来常想起的画面,27,compressed,等春天樱花落在她肩上,10,移除时间、地点、人物或关系模板，归并到核心概念
6521,晚自习散场后在校门口说出以后常联系，成了后来常想起的画面,28,compressed,在校门口说出以后常联系,11,移除时间、地点、人物或关系模板，归并到核心概念
6522,体育课自由活动时把暗恋告诉最信任的同学，成了后来常想起的画面,30,deleted,,0,模板变体、超长表达或配额外的同概念近似项
6523,晚自习散场后留意她每天更换的发卡，成了后来常想起的画面,27,compressed,留意她每天更换的发卡,10,移除时间、地点、人物或关系模板，归并到核心概念
6524,晚自习散场后在错题本角落留下鼓励，成了后来常想起的画面,27,compressed,在错题本角落留下鼓励,10,移除时间、地点、人物或关系模板，归并到核心概念
6525,晚自习散场后在篮球场边递上一瓶水，成了后来常想起的画面,27,compressed,在篮球场边递上一瓶水,10,移除时间、地点、人物或关系模板，归并到核心概念
6526,晚自习散场后为对方的比赛偷偷加油，成了后来常想起的画面,27,compressed,为对方的比赛偷偷加油,10,移除时间、地点、人物或关系模板，归并到核心概念
6527,晚自习散场后在盛夏风扇声里偷偷心动，成了后来常想起的画面,28,compressed,在盛夏风扇声里偷偷心动,11,移除时间、地点、人物或关系模板，归并到核心概念
6528,晚自习散场后目送对方坐上不同方向的车，成了后来常想起的画面,29,compressed,目送对方坐上不同方向的车,12,移除时间、地点、人物或关系模板，归并到核心概念
6529,体育课自由活动时收到对方认真回应的好感，成了后来常想起的画面,30,deleted,,0,模板变体、超长表达或配额外的同概念近似项
6530,晚自习散场后记住帆布鞋踩过积水的声音，成了后来常想起的画面,29,deleted,,0,模板变体、超长表达或配额外的同概念近似项
6531,晚自习散场后用同一本练习册对答案，成了后来常想起的画面,27,deleted,,0,模板变体、超长表达或配额外的同概念近似项
6532,晚自习散场后在看台最高一排并肩坐着，成了后来常想起的画面,28,compressed,在看台最高一排并肩坐着,11,移除时间、地点、人物或关系模板，归并到核心概念
6533,晚自习散场后在班级合唱时站到她旁边，成了后来常想起的画面,28,compressed,在班级合唱时站到她旁边,11,移除时间、地点、人物或关系模板，归并到核心概念
6534,晚自习散场后看秋叶堆满放学的小路，成了后来常想起的画面,27,deleted,,0,模板变体、超长表达或配额外的同概念近似项
6535,晚自习散场后发现最后一句聊天停在毕业快乐，成了后来常想起的画面,31,deleted,,0,模板变体、超长表达或配额外的同概念近似项
6536,体育课自由活动时从同桌变成互相喜欢的人，成了后来常想起的画面,30,deleted,,0,模板变体、超长表达或配额外的同概念近似项
6537,晚自习散场后看见运动服背后的班级号码，成了后来常想起的画面,29,deleted,,0,模板变体、超长表达或配额外的同概念近似项
6538,晚自习散场后把借书卡藏进喜欢的书里，成了后来常想起的画面,28,deleted,,0,模板变体、超长表达或配额外的同概念近似项
6539,晚自习散场后在体育馆门口等训练结束，成了后来常想起的画面,28,deleted,,0,模板变体、超长表达或配额外的同概念近似项
6540,晚自习散场后假装随口询问周末安排，成了后来常想起的画面,27,deleted,,0,模板变体、超长表达或配额外的同概念近似项
6541,晚自习散场后在初雪那天想和她一起走，成了后来常想起的画面,28,deleted,,0,模板变体、超长表达或配额外的同概念近似项
6542,晚自习散场后因为去往不同城市慢慢失联，成了后来常想起的画面,29,deleted,,0,模板变体、超长表达或配额外的同概念近似项
6543,体育课自由活动时在班级起哄中偷偷脸红，成了后来常想起的画面,29,deleted,,0,模板变体、超长表达或配额外的同概念近似项
6544,晚自习散场后注意到对方紧张时攥住衣角，成了后来常想起的画面,29,deleted,,0,模板变体、超长表达或配额外的同概念近似项
6545,晚自习散场后用值日表制造一起留下的机会，成了后来常想起的画面,30,deleted,,0,模板变体、超长表达或配额外的同概念近似项
6546,晚自习散场后沿林荫道推着自行车同行，成了后来常想起的画面,28,deleted,,0,模板变体、超长表达或配额外的同概念近似项
6547,晚自习散场后把好笑的事情第一个告诉她，成了后来常想起的画面,29,deleted,,0,模板变体、超长表达或配额外的同概念近似项
6548,晚自习散场后记住六月毕业季的闷热，成了后来常想起的画面,27,deleted,,0,模板变体、超长表达或配额外的同概念近似项
6549,晚自习散场后多年后翻到泛黄的毕业照，成了后来常想起的画面,28,deleted,,0,模板变体、超长表达或配额外的同概念近似项
6550,体育课自由活动时交换只有两个人懂的暗号，成了后来常想起的画面,30,deleted,,0,模板变体、超长表达或配额外的同概念近似项
6551,晚自习散场后记住少年骑车时鼓起的衣摆，成了后来常想起的画面,29,deleted,,0,模板变体、超长表达或配额外的同概念近似项
6552,晚自习散场后在课程表上圈出共同的空课，成了后来常想起的画面,29,deleted,,0,模板变体、超长表达或配额外的同概念近似项
6553,晚自习散场后在校门口犹豫要不要告别，成了后来常想起的画面,28,deleted,,0,模板变体、超长表达或配额外的同概念近似项
6554,晚自习散场后聊天时等对方收拾完书包，成了后来常想起的画面,28,deleted,,0,模板变体、超长表达或配额外的同概念近似项
6555,晚自习散场后在傍晚风里听见校服摩擦声，成了后来常想起的画面,29,deleted,,0,模板变体、超长表达或配额外的同概念近似项
6556,晚自习散场后重回母校时寻找当年的座位，成了后来常想起的画面,29,deleted,,0,模板变体、超长表达或配额外的同概念近似项
6557,体育课自由活动时第一次用恋人的身份说晚安，成了后来常想起的画面,31,deleted,,0,模板变体、超长表达或配额外的同概念近似项
6558,晚自习散场后发现镜片后躲闪的目光，成了后来常想起的画面,27,deleted,,0,模板变体、超长表达或配额外的同概念近似项
6559,晚自习散场后用广播点歌传递含蓄心意，成了后来常想起的画面,28,deleted,,0,模板变体、超长表达或配额外的同概念近似项
6560,晚自习散场后在公交站陪对方等车，成了后来常想起的画面,26,deleted,,0,模板变体、超长表达或配额外的同概念近似项
6561,晚自习散场后看见她睡着后压低说话声音，成了后来常想起的画面,29,deleted,,0,模板变体、超长表达或配额外的同概念近似项
6562,晚自习散场后尝到小卖部冰汽水的甜味，成了后来常想起的画面,28,deleted,,0,模板变体、超长表达或配额外的同概念近似项
6563,晚自习散场后听见校歌突然想起喜欢的人，成了后来常想起的画面,29,deleted,,0,模板变体、超长表达或配额外的同概念近似项
6564,体育课自由活动时约定毕业以后也继续联系，成了后来常想起的画面,30,deleted,,0,模板变体、超长表达或配额外的同概念近似项
6565,晚自习散场后在人群中认出那双熟悉的球鞋，成了后来常想起的画面,30,deleted,,0,模板变体、超长表达或配额外的同概念近似项
6566,晚自习散场后约定用窗台上的水杯当暗号，成了后来常想起的画面,29,deleted,,0,模板变体、超长表达或配额外的同概念近似项
6567,晚自习散场后绕远路走过两个人常走的小巷，成了后来常想起的画面,30,deleted,,0,模板变体、超长表达或配额外的同概念近似项
6568,晚自习散场后把最后一颗糖留给喜欢的人，成了后来常想起的画面,29,deleted,,0,模板变体、超长表达或配额外的同概念近似项
6569,晚自习散场后记住她经过时淡淡的洗衣粉香，成了后来常想起的画面,30,deleted,,0,模板变体、超长表达或配额外的同概念近似项
6570,晚自习散场后意识到那次挥手已经是最后一面，成了后来常想起的画面,31,deleted,,0,模板变体、超长表达或配额外的同概念近似项
6571,晚自习散场后和喜欢的人隔着课桌对视，成了后来常想起的画面,28,deleted,,0,模板变体、超长表达或配额外的同概念近似项
6572,放学人群里风吹起她额前的刘海，成了后来常想起的画面,25,compressed,风吹起她额前的刘海,9,移除时间、地点、人物或关系模板，归并到核心概念
6573,放学人群里递来一张折好的小纸条，成了后来常想起的画面,26,compressed,递来一张折好的小纸条,10,移除时间、地点、人物或关系模板，归并到核心概念
6574,放学人群里在靠窗的座位等她出现，成了后来常想起的画面,26,compressed,在靠窗的座位等她出现,10,移除时间、地点、人物或关系模板，归并到核心概念
6575,放学人群里把课堂笔记借给喜欢的人，成了后来常想起的画面,27,compressed,把课堂笔记借给喜欢的人,11,移除时间、地点、人物或关系模板，归并到核心概念
6576,放学人群里听见窗外一阵很长的蝉鸣，成了后来常想起的画面,27,compressed,听见窗外一阵很长的蝉鸣,11,移除时间、地点、人物或关系模板，归并到核心概念
6577,放学人群里在毕业册上写下一句祝福，成了后来常想起的画面,27,compressed,在毕业册上写下一句祝福,11,移除时间、地点、人物或关系模板，归并到核心概念
6578,晚自习散场后发现同桌悄悄看向自己，成了后来常想起的画面,27,deleted,,0,模板变体、超长表达或配额外的同概念近似项
6579,放学人群里看见她把刘海别到耳后，成了后来常想起的画面,26,compressed,看见她把刘海别到耳后,10,移除时间、地点、人物或关系模板，归并到核心概念
6580,放学人群里在纸条背面写下回复，成了后来常想起的画面,25,compressed,在纸条背面写下回复,9,移除时间、地点、人物或关系模板，归并到核心概念
6581,放学人群里经过对方班级的教室门口，成了后来常想起的画面,27,compressed,经过对方班级的教室门口,11,移除时间、地点、人物或关系模板，归并到核心概念
6582,放学人群里耐心讲一道做错的题，成了后来常想起的画面,25,compressed,耐心讲一道做错的题,9,移除时间、地点、人物或关系模板，归并到核心概念
6583,放学人群里听见下课铃盖过没说完的话，成了后来常想起的画面,28,compressed,听见下课铃盖过没说完的话,12,移除时间、地点、人物或关系模板，归并到核心概念
6584,放学人群里把同学录最后一页留给她，成了后来常想起的画面,27,compressed,把同学录最后一页留给她,11,移除时间、地点、人物或关系模板，归并到核心概念
6585,晚自习散场后把喜欢藏在课堂笔记里，成了后来常想起的画面,27,deleted,,0,模板变体、超长表达或配额外的同概念近似项
6586,放学人群里注意到阳光落在她的发梢，成了后来常想起的画面,27,compressed,注意到阳光落在她的发梢,11,移除时间、地点、人物或关系模板，归并到核心概念
6587,放学人群里把没送出的情书夹进书里，成了后来常想起的画面,27,compressed,把没送出的情书夹进书里,11,移除时间、地点、人物或关系模板，归并到核心概念
6588,放学人群里在空教室里多停留一会儿，成了后来常想起的画面,27,compressed,在空教室里多停留一会儿,11,移除时间、地点、人物或关系模板，归并到核心概念
6589,放学人群里一起背诵第二天要抽查的课文，成了后来常想起的画面,29,deleted,,0,模板变体、超长表达或配额外的同概念近似项
6590,放学人群里记住篮球落地的回声，成了后来常想起的画面,25,compressed,记住篮球落地的回声,9,移除时间、地点、人物或关系模板，归并到核心概念
6591,放学人群里在毕业照里悄悄站得更近，成了后来常想起的画面,27,compressed,在毕业照里悄悄站得更近,11,移除时间、地点、人物或关系模板，归并到核心概念
6592,晚自习散场后借讲题的机会坐得更近，成了后来常想起的画面,27,deleted,,0,模板变体、超长表达或配额外的同概念近似项
6593,放学人群里记住她低头笑时的酒窝，成了后来常想起的画面,26,compressed,记住她低头笑时的酒窝,10,移除时间、地点、人物或关系模板，归并到核心概念
6594,放学人群里收到一封没有署名的情书，成了后来常想起的画面,27,compressed,收到一封没有署名的情书,11,移除时间、地点、人物或关系模板，归并到核心概念
6595,放学人群里从教学楼走廊远远看见她，成了后来常想起的画面,27,compressed,从教学楼走廊远远看见她,11,移除时间、地点、人物或关系模板，归并到核心概念
6596,放学人群里互相检查听写答案，成了后来常想起的画面,24,compressed,互相检查听写答案,8,移除时间、地点、人物或关系模板，归并到核心概念
6597,放学人群里听见广播里放过的那首歌，成了后来常想起的画面,27,compressed,听见广播里放过的那首歌,11,移除时间、地点、人物或关系模板，归并到核心概念
6598,放学人群里在校服背面签下名字，成了后来常想起的画面,25,compressed,在校服背面签下名字,9,移除时间、地点、人物或关系模板，归并到核心概念
6599,晚自习散场后在走廊等喜欢的人经过，成了后来常想起的画面,27,deleted,,0,模板变体、超长表达或配额外的同概念近似项
6600,放学人群里发现她见面前认真扎好头发，成了后来常想起的画面,28,compressed,发现她见面前认真扎好头发,12,移除时间、地点、人物或关系模板，归并到核心概念
6601,放学人群里在便利贴上画一颗小心心，成了后来常想起的画面,27,compressed,在便利贴上画一颗小心心,11,移除时间、地点、人物或关系模板，归并到核心概念
6602,放学人群里在楼梯转角意外遇见喜欢的人，成了后来常想起的画面,29,deleted,,0,模板变体、超长表达或配额外的同概念近似项
6603,放学人群里替对方保管暂时没收的手机，成了后来常想起的画面,28,compressed,替对方保管暂时没收的手机,12,移除时间、地点、人物或关系模板，归并到核心概念
6604,放学人群里看见晨光落在她的课桌上，成了后来常想起的画面,27,compressed,看见晨光落在她的课桌上,11,移除时间、地点、人物或关系模板，归并到核心概念
6605,放学人群里把没送出的情书带回家，成了后来常想起的画面,26,compressed,把没送出的情书带回家,10,移除时间、地点、人物或关系模板，归并到核心概念
6606,晚自习散场后课间绕路去隔壁班门口，成了后来常想起的画面,27,deleted,,0,模板变体、超长表达或配额外的同概念近似项
6607,放学人群里看见她穿着宽大的校服外套，成了后来常想起的画面,28,compressed,看见她穿着宽大的校服外套,12,移除时间、地点、人物或关系模板，归并到核心概念
6608,放学人群里把名字写在同一张草稿纸上，成了后来常想起的画面,28,compressed,把名字写在同一张草稿纸上,12,移除时间、地点、人物或关系模板，归并到核心概念
6609,放学人群里绕路经过她常去的饮水机，成了后来常想起的画面,27,compressed,绕路经过她常去的饮水机,11,移除时间、地点、人物或关系模板，归并到核心概念
6610,放学人群里给趴在桌上的人留一盒牛奶，成了后来常想起的画面,28,compressed,给趴在桌上的人留一盒牛奶,12,移除时间、地点、人物或关系模板，归并到核心概念
6611,放学人群里看见晚霞穿过教学楼窗户，成了后来常想起的画面,27,compressed,看见晚霞穿过教学楼窗户,11,移除时间、地点、人物或关系模板，归并到核心概念
6612,放学人群里错过毕业前最后一次告白，成了后来常想起的画面,27,compressed,错过毕业前最后一次告白,11,移除时间、地点、人物或关系模板，归并到核心概念
6613,晚自习散场后替心动对象去小卖部带饮料，成了后来常想起的画面,29,deleted,,0,模板变体、超长表达或配额外的同概念近似项
6614,放学人群里认出人群里熟悉的校服衣角，成了后来常想起的画面,28,compressed,认出人群里熟悉的校服衣角,12,移除时间、地点、人物或关系模板，归并到核心概念
6615,放学人群里交换一根代表好感的小皮筋，成了后来常想起的画面,28,compressed,交换一根代表好感的小皮筋,12,移除时间、地点、人物或关系模板，归并到核心概念
6616,放学人群里在图书馆同一排书架重逢，成了后来常想起的画面,27,compressed,在图书馆同一排书架重逢,11,移除时间、地点、人物或关系模板，归并到核心概念
6617,放学人群里提醒喜欢的人带伞，成了后来常想起的画面,24,compressed,提醒喜欢的人带伞,8,移除时间、地点、人物或关系模板，归并到核心概念
6618,放学人群里记住树影在校服上轻轻晃动，成了后来常想起的画面,28,compressed,记住树影在校服上轻轻晃动,12,移除时间、地点、人物或关系模板，归并到核心概念
6619,放学人群里把喜欢藏进高考结束的夏天，成了后来常想起的画面,28,compressed,把喜欢藏进高考结束的夏天,12,移除时间、地点、人物或关系模板，归并到核心概念
6620,晚自习散场后在人群中寻找熟悉的校服背影，成了后来常想起的画面,30,deleted,,0,模板变体、超长表达或配额外的同概念近似项
6621,放学人群里替对方整理歪掉的校服领口，成了后来常想起的画面,28,compressed,替对方整理歪掉的校服领口,12,移除时间、地点、人物或关系模板，归并到核心概念
6622,放学人群里把校服第二颗纽扣留作纪念，成了后来常想起的画面,28,compressed,把校服第二颗纽扣留作纪念,12,移除时间、地点、人物或关系模板，归并到核心概念
6623,放学人群里在自习室替对方留一个座位，成了后来常想起的画面,28,compressed,在自习室替对方留一个座位,12,移除时间、地点、人物或关系模板，归并到核心概念
6624,放学人群里把自己的外套借给对方，成了后来常想起的画面,26,compressed,把自己的外套借给对方,10,移除时间、地点、人物或关系模板，归并到核心概念
6625,放学人群里看见雨水沿着教室玻璃滑下，成了后来常想起的画面,28,compressed,看见雨水沿着教室玻璃滑下,12,移除时间、地点、人物或关系模板，归并到核心概念
6626,放学人群里约定收到录取通知后再见，成了后来常想起的画面,27,compressed,约定收到录取通知后再见,11,移除时间、地点、人物或关系模板，归并到核心概念
6627,晚自习散场后放学后并肩走出校门，成了后来常想起的画面,26,deleted,,0,模板变体、超长表达或配额外的同概念近似项
6628,放学人群里注意到校服袖口写着名字，成了后来常想起的画面,27,compressed,注意到校服袖口写着名字,11,移除时间、地点、人物或关系模板，归并到核心概念
6629,放学人群里送出成对的钥匙扣，成了后来常想起的画面,24,compressed,送出成对的钥匙扣,8,移除时间、地点、人物或关系模板，归并到核心概念
6630,放学人群里在小卖部门口假装偶遇，成了后来常想起的画面,26,compressed,在小卖部门口假装偶遇,10,移除时间、地点、人物或关系模板，归并到核心概念
6631,放学人群里记住她不吃的食堂菜，成了后来常想起的画面,25,compressed,记住她不吃的食堂菜,9,移除时间、地点、人物或关系模板，归并到核心概念
6632,放学人群里闻到新课本混着油墨的气味，成了后来常想起的画面,28,compressed,闻到新课本混着油墨的气味,12,移除时间、地点、人物或关系模板，归并到核心概念
6633,放学人群里在散伙饭上忍住没说的话，成了后来常想起的画面,27,compressed,在散伙饭上忍住没说的话,11,移除时间、地点、人物或关系模板，归并到核心概念
6634,晚自习散场后推着自行车陪对方慢慢走，成了后来常想起的画面,28,deleted,,0,模板变体、超长表达或配额外的同概念近似项
6635,放学人群里看见白衬衫被晚霞染成金色，成了后来常想起的画面,28,compressed,看见白衬衫被晚霞染成金色,12,移除时间、地点、人物或关系模板，归并到核心概念
6636,放学人群里互换写着祝福的书签，成了后来常想起的画面,25,compressed,互换写着祝福的书签,9,移除时间、地点、人物或关系模板，归并到核心概念
6637,放学人群里在食堂排队时站到她身后，成了后来常想起的画面,27,compressed,在食堂排队时站到她身后,11,移除时间、地点、人物或关系模板，归并到核心概念
6638,放学人群里替迟到的人悄悄留门，成了后来常想起的画面,25,compressed,替迟到的人悄悄留门,9,移除时间、地点、人物或关系模板，归并到核心概念
6639,放学人群里记住雨后塑胶跑道的气味，成了后来常想起的画面,27,compressed,记住雨后塑胶跑道的气味,11,移除时间、地点、人物或关系模板，归并到核心概念
6640,放学人群里听完最后一次校园广播，成了后来常想起的画面,26,compressed,听完最后一次校园广播,10,移除时间、地点、人物或关系模板，归并到核心概念
6641,晚自习散场后一起等最后一班公交车，成了后来常想起的画面,27,deleted,,0,模板变体、超长表达或配额外的同概念近似项
6642,放学人群里发现手腕上多了一根小皮筋，成了后来常想起的画面,28,compressed,发现手腕上多了一根小皮筋,12,移除时间、地点、人物或关系模板，归并到核心概念
6643,放学人群里借出一支舍不得收回的笔，成了后来常想起的画面,27,compressed,借出一支舍不得收回的笔,11,移除时间、地点、人物或关系模板，归并到核心概念
6644,放学人群里在校园广播站等一首点歌，成了后来常想起的画面,27,compressed,在校园广播站等一首点歌,11,移除时间、地点、人物或关系模板，归并到核心概念
6645,放学人群里在值日时一起擦黑板，成了后来常想起的画面,25,compressed,在值日时一起擦黑板,9,移除时间、地点、人物或关系模板，归并到核心概念
6646,放学人群里感到共用雨伞时靠近的温度，成了后来常想起的画面,28,compressed,感到共用雨伞时靠近的温度,12,移除时间、地点、人物或关系模板，归并到核心概念
6647,放学人群里收拾课桌时找到旧纸条，成了后来常想起的画面,26,compressed,收拾课桌时找到旧纸条,10,移除时间、地点、人物或关系模板，归并到核心概念
6648,晚自习散场后约好第二天在校门口见，成了后来常想起的画面,27,deleted,,0,模板变体、超长表达或配额外的同概念近似项
6649,放学人群里把对方送的小皮筋戴在手腕，成了后来常想起的画面,28,compressed,把对方送的小皮筋戴在手腕,12,移除时间、地点、人物或关系模板，归并到核心概念
6650,放学人群里在橡皮上刻下对方的缩写，成了后来常想起的画面,27,compressed,在橡皮上刻下对方的缩写,11,移除时间、地点、人物或关系模板，归并到核心概念
6651,放学人群里在礼堂散场后寻找对方，成了后来常想起的画面,26,compressed,在礼堂散场后寻找对方,10,移除时间、地点、人物或关系模板，归并到核心概念
6652,放学人群里一起搬运动会用的桌椅，成了后来常想起的画面,26,compressed,一起搬运动会用的桌椅,10,移除时间、地点、人物或关系模板，归并到核心概念
6653,放学人群里记住冬天热水杯传来的暖意，成了后来常想起的画面,28,compressed,记住冬天热水杯传来的暖意,12,移除时间、地点、人物或关系模板，归并到核心概念
6654,放学人群里离校前再走一遍熟悉的操场，成了后来常想起的画面,28,compressed,离校前再走一遍熟悉的操场,12,移除时间、地点、人物或关系模板，归并到核心概念
6655,晚自习散场后在操场看台说出喜欢，成了后来常想起的画面,26,deleted,,0,模板变体、超长表达或配额外的同概念近似项
6656,放学人群里认出书包上新挂的钥匙扣，成了后来常想起的画面,27,compressed,认出书包上新挂的钥匙扣,11,移除时间、地点、人物或关系模板，归并到核心概念
6657,放学人群里把复习资料装订得整整齐齐，成了后来常想起的画面,28,compressed,把复习资料装订得整整齐齐,12,移除时间、地点、人物或关系模板，归并到核心概念
6658,放学人群里沿着操场跑道陪她慢慢走，成了后来常想起的画面,27,compressed,沿着操场跑道陪她慢慢走,11,移除时间、地点、人物或关系模板，归并到核心概念
6659,放学人群里在社团排练后帮忙收器材，成了后来常想起的画面,27,compressed,在社团排练后帮忙收器材,11,移除时间、地点、人物或关系模板，归并到核心概念
6660,放学人群里等春天樱花落在她肩上，成了后来常想起的画面,26,compressed,等春天樱花落在她肩上,10,移除时间、地点、人物或关系模板，归并到核心概念
6661,放学人群里在校门口说出以后常联系，成了后来常想起的画面,27,compressed,在校门口说出以后常联系,11,移除时间、地点、人物或关系模板，归并到核心概念
6662,晚自习散场后把暗恋告诉最信任的同学，成了后来常想起的画面,28,deleted,,0,模板变体、超长表达或配额外的同概念近似项
6663,放学人群里留意她每天更换的发卡，成了后来常想起的画面,26,compressed,留意她每天更换的发卡,10,移除时间、地点、人物或关系模板，归并到核心概念
6664,放学人群里在错题本角落留下鼓励，成了后来常想起的画面,26,compressed,在错题本角落留下鼓励,10,移除时间、地点、人物或关系模板，归并到核心概念
6665,放学人群里在篮球场边递上一瓶水，成了后来常想起的画面,26,compressed,在篮球场边递上一瓶水,10,移除时间、地点、人物或关系模板，归并到核心概念
6666,放学人群里为对方的比赛偷偷加油，成了后来常想起的画面,26,compressed,为对方的比赛偷偷加油,10,移除时间、地点、人物或关系模板，归并到核心概念
6667,放学人群里在盛夏风扇声里偷偷心动，成了后来常想起的画面,27,compressed,在盛夏风扇声里偷偷心动,11,移除时间、地点、人物或关系模板，归并到核心概念
6668,放学人群里目送对方坐上不同方向的车，成了后来常想起的画面,28,compressed,目送对方坐上不同方向的车,12,移除时间、地点、人物或关系模板，归并到核心概念
6669,晚自习散场后收到对方认真回应的好感，成了后来常想起的画面,28,deleted,,0,模板变体、超长表达或配额外的同概念近似项
6670,放学人群里记住帆布鞋踩过积水的声音，成了后来常想起的画面,28,deleted,,0,模板变体、超长表达或配额外的同概念近似项
6671,放学人群里用同一本练习册对答案，成了后来常想起的画面,26,deleted,,0,模板变体、超长表达或配额外的同概念近似项
6672,放学人群里在看台最高一排并肩坐着，成了后来常想起的画面,27,compressed,在看台最高一排并肩坐着,11,移除时间、地点、人物或关系模板，归并到核心概念
6673,放学人群里在班级合唱时站到她旁边，成了后来常想起的画面,27,compressed,在班级合唱时站到她旁边,11,移除时间、地点、人物或关系模板，归并到核心概念
6674,放学人群里看秋叶堆满放学的小路，成了后来常想起的画面,26,deleted,,0,模板变体、超长表达或配额外的同概念近似项
6675,放学人群里发现最后一句聊天停在毕业快乐，成了后来常想起的画面,30,deleted,,0,模板变体、超长表达或配额外的同概念近似项
6676,晚自习散场后从同桌变成互相喜欢的人，成了后来常想起的画面,28,deleted,,0,模板变体、超长表达或配额外的同概念近似项
6677,放学人群里看见运动服背后的班级号码，成了后来常想起的画面,28,deleted,,0,模板变体、超长表达或配额外的同概念近似项
6678,放学人群里把借书卡藏进喜欢的书里，成了后来常想起的画面,27,deleted,,0,模板变体、超长表达或配额外的同概念近似项
6679,放学人群里在体育馆门口等训练结束，成了后来常想起的画面,27,deleted,,0,模板变体、超长表达或配额外的同概念近似项
6680,放学人群里假装随口询问周末安排，成了后来常想起的画面,26,deleted,,0,模板变体、超长表达或配额外的同概念近似项
6681,放学人群里在初雪那天想和她一起走，成了后来常想起的画面,27,deleted,,0,模板变体、超长表达或配额外的同概念近似项
6682,放学人群里因为去往不同城市慢慢失联，成了后来常想起的画面,28,deleted,,0,模板变体、超长表达或配额外的同概念近似项
6683,晚自习散场后在班级起哄中偷偷脸红，成了后来常想起的画面,27,deleted,,0,模板变体、超长表达或配额外的同概念近似项
6684,放学人群里注意到对方紧张时攥住衣角，成了后来常想起的画面,28,deleted,,0,模板变体、超长表达或配额外的同概念近似项
6685,放学人群里用值日表制造一起留下的机会，成了后来常想起的画面,29,deleted,,0,模板变体、超长表达或配额外的同概念近似项
6686,放学人群里沿林荫道推着自行车同行，成了后来常想起的画面,27,deleted,,0,模板变体、超长表达或配额外的同概念近似项
6687,放学人群里把好笑的事情第一个告诉她，成了后来常想起的画面,28,deleted,,0,模板变体、超长表达或配额外的同概念近似项
6688,放学人群里记住六月毕业季的闷热，成了后来常想起的画面,26,deleted,,0,模板变体、超长表达或配额外的同概念近似项
6689,放学人群里多年后翻到泛黄的毕业照，成了后来常想起的画面,27,deleted,,0,模板变体、超长表达或配额外的同概念近似项
6690,晚自习散场后交换只有两个人懂的暗号，成了后来常想起的画面,28,deleted,,0,模板变体、超长表达或配额外的同概念近似项
6691,放学人群里记住少年骑车时鼓起的衣摆，成了后来常想起的画面,28,deleted,,0,模板变体、超长表达或配额外的同概念近似项
6692,放学人群里在课程表上圈出共同的空课，成了后来常想起的画面,28,deleted,,0,模板变体、超长表达或配额外的同概念近似项
6693,放学人群里在校门口犹豫要不要告别，成了后来常想起的画面,27,deleted,,0,模板变体、超长表达或配额外的同概念近似项
6694,放学人群里聊天时等对方收拾完书包，成了后来常想起的画面,27,deleted,,0,模板变体、超长表达或配额外的同概念近似项
6695,放学人群里在傍晚风里听见校服摩擦声，成了后来常想起的画面,28,deleted,,0,模板变体、超长表达或配额外的同概念近似项
6696,放学人群里重回母校时寻找当年的座位，成了后来常想起的画面,28,deleted,,0,模板变体、超长表达或配额外的同概念近似项
6697,晚自习散场后第一次用恋人的身份说晚安，成了后来常想起的画面,29,deleted,,0,模板变体、超长表达或配额外的同概念近似项
6698,放学人群里发现镜片后躲闪的目光，成了后来常想起的画面,26,deleted,,0,模板变体、超长表达或配额外的同概念近似项
6699,放学人群里用广播点歌传递含蓄心意，成了后来常想起的画面,27,deleted,,0,模板变体、超长表达或配额外的同概念近似项
6700,放学人群里在公交站陪对方等车，成了后来常想起的画面,25,deleted,,0,模板变体、超长表达或配额外的同概念近似项
6701,放学人群里看见她睡着后压低说话声音，成了后来常想起的画面,28,deleted,,0,模板变体、超长表达或配额外的同概念近似项
6702,放学人群里尝到小卖部冰汽水的甜味，成了后来常想起的画面,27,deleted,,0,模板变体、超长表达或配额外的同概念近似项
6703,放学人群里听见校歌突然想起喜欢的人，成了后来常想起的画面,28,deleted,,0,模板变体、超长表达或配额外的同概念近似项
6704,晚自习散场后约定毕业以后也继续联系，成了后来常想起的画面,28,deleted,,0,模板变体、超长表达或配额外的同概念近似项
6705,放学人群里在人群中认出那双熟悉的球鞋，成了后来常想起的画面,29,deleted,,0,模板变体、超长表达或配额外的同概念近似项
6706,放学人群里约定用窗台上的水杯当暗号，成了后来常想起的画面,28,deleted,,0,模板变体、超长表达或配额外的同概念近似项
6707,放学人群里绕远路走过两个人常走的小巷，成了后来常想起的画面,29,deleted,,0,模板变体、超长表达或配额外的同概念近似项
6708,放学人群里把最后一颗糖留给喜欢的人，成了后来常想起的画面,28,deleted,,0,模板变体、超长表达或配额外的同概念近似项
6709,放学人群里记住她经过时淡淡的洗衣粉香，成了后来常想起的画面,29,deleted,,0,模板变体、超长表达或配额外的同概念近似项
6710,放学人群里意识到那次挥手已经是最后一面，成了后来常想起的画面,30,deleted,,0,模板变体、超长表达或配额外的同概念近似项
6711,放学人群里和喜欢的人隔着课桌对视，成了后来常想起的画面,27,deleted,,0,模板变体、超长表达或配额外的同概念近似项
6712,周末前最后一节课后风吹起她额前的刘海，成了后来常想起的画面,29,compressed,风吹起她额前的刘海,9,移除时间、地点、人物或关系模板，归并到核心概念
6713,周末前最后一节课后递来一张折好的小纸条，成了后来常想起的画面,30,compressed,递来一张折好的小纸条,10,移除时间、地点、人物或关系模板，归并到核心概念
6714,周末前最后一节课后在靠窗的座位等她出现，成了后来常想起的画面,30,compressed,在靠窗的座位等她出现,10,移除时间、地点、人物或关系模板，归并到核心概念
6715,周末前最后一节课后把课堂笔记借给喜欢的人，成了后来常想起的画面,31,compressed,把课堂笔记借给喜欢的人,11,移除时间、地点、人物或关系模板，归并到核心概念
6716,周末前最后一节课后听见窗外一阵很长的蝉鸣，成了后来常想起的画面,31,compressed,听见窗外一阵很长的蝉鸣,11,移除时间、地点、人物或关系模板，归并到核心概念
6717,周末前最后一节课后在毕业册上写下一句祝福，成了后来常想起的画面,31,compressed,在毕业册上写下一句祝福,11,移除时间、地点、人物或关系模板，归并到核心概念
6718,放学人群里发现同桌悄悄看向自己，成了后来常想起的画面,26,deleted,,0,模板变体、超长表达或配额外的同概念近似项
6719,周末前最后一节课后看见她把刘海别到耳后，成了后来常想起的画面,30,compressed,看见她把刘海别到耳后,10,移除时间、地点、人物或关系模板，归并到核心概念
6720,周末前最后一节课后在纸条背面写下回复，成了后来常想起的画面,29,compressed,在纸条背面写下回复,9,移除时间、地点、人物或关系模板，归并到核心概念
6721,周末前最后一节课后经过对方班级的教室门口，成了后来常想起的画面,31,compressed,经过对方班级的教室门口,11,移除时间、地点、人物或关系模板，归并到核心概念
6722,周末前最后一节课后耐心讲一道做错的题，成了后来常想起的画面,29,compressed,耐心讲一道做错的题,9,移除时间、地点、人物或关系模板，归并到核心概念
6723,周末前最后一节课后听见下课铃盖过没说完的话，成了后来常想起的画面,32,compressed,听见下课铃盖过没说完的话,12,移除时间、地点、人物或关系模板，归并到核心概念
6724,周末前最后一节课后把同学录最后一页留给她，成了后来常想起的画面,31,compressed,把同学录最后一页留给她,11,移除时间、地点、人物或关系模板，归并到核心概念
6725,放学人群里把喜欢藏在课堂笔记里，成了后来常想起的画面,26,deleted,,0,模板变体、超长表达或配额外的同概念近似项
6726,周末前最后一节课后注意到阳光落在她的发梢，成了后来常想起的画面,31,compressed,注意到阳光落在她的发梢,11,移除时间、地点、人物或关系模板，归并到核心概念
6727,周末前最后一节课后把没送出的情书夹进书里，成了后来常想起的画面,31,compressed,把没送出的情书夹进书里,11,移除时间、地点、人物或关系模板，归并到核心概念
6728,周末前最后一节课后在空教室里多停留一会儿，成了后来常想起的画面,31,compressed,在空教室里多停留一会儿,11,移除时间、地点、人物或关系模板，归并到核心概念
6729,周末前最后一节课后一起背诵第二天要抽查的课文，成了后来常想起的画面,33,deleted,,0,模板变体、超长表达或配额外的同概念近似项
6730,周末前最后一节课后记住篮球落地的回声，成了后来常想起的画面,29,compressed,记住篮球落地的回声,9,移除时间、地点、人物或关系模板，归并到核心概念
6731,周末前最后一节课后在毕业照里悄悄站得更近，成了后来常想起的画面,31,compressed,在毕业照里悄悄站得更近,11,移除时间、地点、人物或关系模板，归并到核心概念
6732,放学人群里借讲题的机会坐得更近，成了后来常想起的画面,26,deleted,,0,模板变体、超长表达或配额外的同概念近似项
6733,周末前最后一节课后记住她低头笑时的酒窝，成了后来常想起的画面,30,compressed,记住她低头笑时的酒窝,10,移除时间、地点、人物或关系模板，归并到核心概念
6734,周末前最后一节课后收到一封没有署名的情书，成了后来常想起的画面,31,compressed,收到一封没有署名的情书,11,移除时间、地点、人物或关系模板，归并到核心概念
6735,周末前最后一节课后从教学楼走廊远远看见她，成了后来常想起的画面,31,compressed,从教学楼走廊远远看见她,11,移除时间、地点、人物或关系模板，归并到核心概念
6736,周末前最后一节课后互相检查听写答案，成了后来常想起的画面,28,compressed,互相检查听写答案,8,移除时间、地点、人物或关系模板，归并到核心概念
6737,周末前最后一节课后听见广播里放过的那首歌，成了后来常想起的画面,31,compressed,听见广播里放过的那首歌,11,移除时间、地点、人物或关系模板，归并到核心概念
6738,周末前最后一节课后在校服背面签下名字，成了后来常想起的画面,29,compressed,在校服背面签下名字,9,移除时间、地点、人物或关系模板，归并到核心概念
6739,放学人群里在走廊等喜欢的人经过，成了后来常想起的画面,26,deleted,,0,模板变体、超长表达或配额外的同概念近似项
6740,周末前最后一节课后发现她见面前认真扎好头发，成了后来常想起的画面,32,compressed,发现她见面前认真扎好头发,12,移除时间、地点、人物或关系模板，归并到核心概念
6741,周末前最后一节课后在便利贴上画一颗小心心，成了后来常想起的画面,31,compressed,在便利贴上画一颗小心心,11,移除时间、地点、人物或关系模板，归并到核心概念
6742,周末前最后一节课后在楼梯转角意外遇见喜欢的人，成了后来常想起的画面,33,deleted,,0,模板变体、超长表达或配额外的同概念近似项
6743,周末前最后一节课后替对方保管暂时没收的手机，成了后来常想起的画面,32,compressed,替对方保管暂时没收的手机,12,移除时间、地点、人物或关系模板，归并到核心概念
6744,周末前最后一节课后看见晨光落在她的课桌上，成了后来常想起的画面,31,compressed,看见晨光落在她的课桌上,11,移除时间、地点、人物或关系模板，归并到核心概念
6745,周末前最后一节课后把没送出的情书带回家，成了后来常想起的画面,30,compressed,把没送出的情书带回家,10,移除时间、地点、人物或关系模板，归并到核心概念
6746,放学人群里课间绕路去隔壁班门口，成了后来常想起的画面,26,deleted,,0,模板变体、超长表达或配额外的同概念近似项
6747,周末前最后一节课后看见她穿着宽大的校服外套，成了后来常想起的画面,32,compressed,看见她穿着宽大的校服外套,12,移除时间、地点、人物或关系模板，归并到核心概念
6748,周末前最后一节课后把名字写在同一张草稿纸上，成了后来常想起的画面,32,compressed,把名字写在同一张草稿纸上,12,移除时间、地点、人物或关系模板，归并到核心概念
6749,周末前最后一节课后绕路经过她常去的饮水机，成了后来常想起的画面,31,compressed,绕路经过她常去的饮水机,11,移除时间、地点、人物或关系模板，归并到核心概念
6750,周末前最后一节课后给趴在桌上的人留一盒牛奶，成了后来常想起的画面,32,compressed,给趴在桌上的人留一盒牛奶,12,移除时间、地点、人物或关系模板，归并到核心概念
6751,周末前最后一节课后看见晚霞穿过教学楼窗户，成了后来常想起的画面,31,compressed,看见晚霞穿过教学楼窗户,11,移除时间、地点、人物或关系模板，归并到核心概念
6752,周末前最后一节课后错过毕业前最后一次告白，成了后来常想起的画面,31,compressed,错过毕业前最后一次告白,11,移除时间、地点、人物或关系模板，归并到核心概念
6753,放学人群里替心动对象去小卖部带饮料，成了后来常想起的画面,28,deleted,,0,模板变体、超长表达或配额外的同概念近似项
6754,周末前最后一节课后认出人群里熟悉的校服衣角，成了后来常想起的画面,32,compressed,认出人群里熟悉的校服衣角,12,移除时间、地点、人物或关系模板，归并到核心概念
6755,周末前最后一节课后交换一根代表好感的小皮筋，成了后来常想起的画面,32,compressed,交换一根代表好感的小皮筋,12,移除时间、地点、人物或关系模板，归并到核心概念
6756,周末前最后一节课后在图书馆同一排书架重逢，成了后来常想起的画面,31,compressed,在图书馆同一排书架重逢,11,移除时间、地点、人物或关系模板，归并到核心概念
6757,周末前最后一节课后提醒喜欢的人带伞，成了后来常想起的画面,28,compressed,提醒喜欢的人带伞,8,移除时间、地点、人物或关系模板，归并到核心概念
6758,周末前最后一节课后记住树影在校服上轻轻晃动，成了后来常想起的画面,32,compressed,记住树影在校服上轻轻晃动,12,移除时间、地点、人物或关系模板，归并到核心概念
6759,周末前最后一节课后把喜欢藏进高考结束的夏天，成了后来常想起的画面,32,compressed,把喜欢藏进高考结束的夏天,12,移除时间、地点、人物或关系模板，归并到核心概念
6760,放学人群里在人群中寻找熟悉的校服背影，成了后来常想起的画面,29,deleted,,0,模板变体、超长表达或配额外的同概念近似项
6761,周末前最后一节课后替对方整理歪掉的校服领口，成了后来常想起的画面,32,compressed,替对方整理歪掉的校服领口,12,移除时间、地点、人物或关系模板，归并到核心概念
6762,周末前最后一节课后把校服第二颗纽扣留作纪念，成了后来常想起的画面,32,compressed,把校服第二颗纽扣留作纪念,12,移除时间、地点、人物或关系模板，归并到核心概念
6763,周末前最后一节课后在自习室替对方留一个座位，成了后来常想起的画面,32,compressed,在自习室替对方留一个座位,12,移除时间、地点、人物或关系模板，归并到核心概念
6764,周末前最后一节课后把自己的外套借给对方，成了后来常想起的画面,30,compressed,把自己的外套借给对方,10,移除时间、地点、人物或关系模板，归并到核心概念
6765,周末前最后一节课后看见雨水沿着教室玻璃滑下，成了后来常想起的画面,32,compressed,看见雨水沿着教室玻璃滑下,12,移除时间、地点、人物或关系模板，归并到核心概念
6766,周末前最后一节课后约定收到录取通知后再见，成了后来常想起的画面,31,compressed,约定收到录取通知后再见,11,移除时间、地点、人物或关系模板，归并到核心概念
6767,放学人群里放学后并肩走出校门，成了后来常想起的画面,25,deleted,,0,模板变体、超长表达或配额外的同概念近似项
6768,周末前最后一节课后注意到校服袖口写着名字，成了后来常想起的画面,31,compressed,注意到校服袖口写着名字,11,移除时间、地点、人物或关系模板，归并到核心概念
6769,周末前最后一节课后送出成对的钥匙扣，成了后来常想起的画面,28,compressed,送出成对的钥匙扣,8,移除时间、地点、人物或关系模板，归并到核心概念
6770,周末前最后一节课后在小卖部门口假装偶遇，成了后来常想起的画面,30,compressed,在小卖部门口假装偶遇,10,移除时间、地点、人物或关系模板，归并到核心概念
6771,周末前最后一节课后记住她不吃的食堂菜，成了后来常想起的画面,29,compressed,记住她不吃的食堂菜,9,移除时间、地点、人物或关系模板，归并到核心概念
6772,周末前最后一节课后闻到新课本混着油墨的气味，成了后来常想起的画面,32,compressed,闻到新课本混着油墨的气味,12,移除时间、地点、人物或关系模板，归并到核心概念
6773,周末前最后一节课后在散伙饭上忍住没说的话，成了后来常想起的画面,31,compressed,在散伙饭上忍住没说的话,11,移除时间、地点、人物或关系模板，归并到核心概念
6774,放学人群里推着自行车陪对方慢慢走，成了后来常想起的画面,27,deleted,,0,模板变体、超长表达或配额外的同概念近似项
6775,周末前最后一节课后看见白衬衫被晚霞染成金色，成了后来常想起的画面,32,compressed,看见白衬衫被晚霞染成金色,12,移除时间、地点、人物或关系模板，归并到核心概念
6776,周末前最后一节课后互换写着祝福的书签，成了后来常想起的画面,29,compressed,互换写着祝福的书签,9,移除时间、地点、人物或关系模板，归并到核心概念
6777,周末前最后一节课后在食堂排队时站到她身后，成了后来常想起的画面,31,compressed,在食堂排队时站到她身后,11,移除时间、地点、人物或关系模板，归并到核心概念
6778,周末前最后一节课后替迟到的人悄悄留门，成了后来常想起的画面,29,compressed,替迟到的人悄悄留门,9,移除时间、地点、人物或关系模板，归并到核心概念
6779,周末前最后一节课后记住雨后塑胶跑道的气味，成了后来常想起的画面,31,compressed,记住雨后塑胶跑道的气味,11,移除时间、地点、人物或关系模板，归并到核心概念
6780,周末前最后一节课后听完最后一次校园广播，成了后来常想起的画面,30,compressed,听完最后一次校园广播,10,移除时间、地点、人物或关系模板，归并到核心概念
6781,放学人群里一起等最后一班公交车，成了后来常想起的画面,26,deleted,,0,模板变体、超长表达或配额外的同概念近似项
6782,周末前最后一节课后发现手腕上多了一根小皮筋，成了后来常想起的画面,32,compressed,发现手腕上多了一根小皮筋,12,移除时间、地点、人物或关系模板，归并到核心概念
6783,周末前最后一节课后借出一支舍不得收回的笔，成了后来常想起的画面,31,compressed,借出一支舍不得收回的笔,11,移除时间、地点、人物或关系模板，归并到核心概念
6784,周末前最后一节课后在校园广播站等一首点歌，成了后来常想起的画面,31,compressed,在校园广播站等一首点歌,11,移除时间、地点、人物或关系模板，归并到核心概念
6785,周末前最后一节课后在值日时一起擦黑板，成了后来常想起的画面,29,compressed,在值日时一起擦黑板,9,移除时间、地点、人物或关系模板，归并到核心概念
6786,周末前最后一节课后感到共用雨伞时靠近的温度，成了后来常想起的画面,32,compressed,感到共用雨伞时靠近的温度,12,移除时间、地点、人物或关系模板，归并到核心概念
6787,周末前最后一节课后收拾课桌时找到旧纸条，成了后来常想起的画面,30,compressed,收拾课桌时找到旧纸条,10,移除时间、地点、人物或关系模板，归并到核心概念
6788,放学人群里约好第二天在校门口见，成了后来常想起的画面,26,deleted,,0,模板变体、超长表达或配额外的同概念近似项
6789,周末前最后一节课后把对方送的小皮筋戴在手腕，成了后来常想起的画面,32,compressed,把对方送的小皮筋戴在手腕,12,移除时间、地点、人物或关系模板，归并到核心概念
6790,周末前最后一节课后在橡皮上刻下对方的缩写，成了后来常想起的画面,31,compressed,在橡皮上刻下对方的缩写,11,移除时间、地点、人物或关系模板，归并到核心概念
6791,周末前最后一节课后在礼堂散场后寻找对方，成了后来常想起的画面,30,compressed,在礼堂散场后寻找对方,10,移除时间、地点、人物或关系模板，归并到核心概念
6792,周末前最后一节课后一起搬运动会用的桌椅，成了后来常想起的画面,30,compressed,一起搬运动会用的桌椅,10,移除时间、地点、人物或关系模板，归并到核心概念
6793,周末前最后一节课后记住冬天热水杯传来的暖意，成了后来常想起的画面,32,compressed,记住冬天热水杯传来的暖意,12,移除时间、地点、人物或关系模板，归并到核心概念
6794,周末前最后一节课后离校前再走一遍熟悉的操场，成了后来常想起的画面,32,compressed,离校前再走一遍熟悉的操场,12,移除时间、地点、人物或关系模板，归并到核心概念
6795,放学人群里在操场看台说出喜欢，成了后来常想起的画面,25,deleted,,0,模板变体、超长表达或配额外的同概念近似项
6796,周末前最后一节课后认出书包上新挂的钥匙扣，成了后来常想起的画面,31,compressed,认出书包上新挂的钥匙扣,11,移除时间、地点、人物或关系模板，归并到核心概念
6797,周末前最后一节课后把复习资料装订得整整齐齐，成了后来常想起的画面,32,compressed,把复习资料装订得整整齐齐,12,移除时间、地点、人物或关系模板，归并到核心概念
6798,周末前最后一节课后沿着操场跑道陪她慢慢走，成了后来常想起的画面,31,compressed,沿着操场跑道陪她慢慢走,11,移除时间、地点、人物或关系模板，归并到核心概念
6799,周末前最后一节课后在社团排练后帮忙收器材，成了后来常想起的画面,31,compressed,在社团排练后帮忙收器材,11,移除时间、地点、人物或关系模板，归并到核心概念
6800,周末前最后一节课后等春天樱花落在她肩上，成了后来常想起的画面,30,compressed,等春天樱花落在她肩上,10,移除时间、地点、人物或关系模板，归并到核心概念
6801,周末前最后一节课后在校门口说出以后常联系，成了后来常想起的画面,31,compressed,在校门口说出以后常联系,11,移除时间、地点、人物或关系模板，归并到核心概念
6802,放学人群里把暗恋告诉最信任的同学，成了后来常想起的画面,27,deleted,,0,模板变体、超长表达或配额外的同概念近似项
6803,周末前最后一节课后留意她每天更换的发卡，成了后来常想起的画面,30,compressed,留意她每天更换的发卡,10,移除时间、地点、人物或关系模板，归并到核心概念
6804,周末前最后一节课后在错题本角落留下鼓励，成了后来常想起的画面,30,compressed,在错题本角落留下鼓励,10,移除时间、地点、人物或关系模板，归并到核心概念
6805,周末前最后一节课后在篮球场边递上一瓶水，成了后来常想起的画面,30,compressed,在篮球场边递上一瓶水,10,移除时间、地点、人物或关系模板，归并到核心概念
6806,周末前最后一节课后为对方的比赛偷偷加油，成了后来常想起的画面,30,compressed,为对方的比赛偷偷加油,10,移除时间、地点、人物或关系模板，归并到核心概念
6807,周末前最后一节课后在盛夏风扇声里偷偷心动，成了后来常想起的画面,31,compressed,在盛夏风扇声里偷偷心动,11,移除时间、地点、人物或关系模板，归并到核心概念
6808,周末前最后一节课后目送对方坐上不同方向的车，成了后来常想起的画面,32,compressed,目送对方坐上不同方向的车,12,移除时间、地点、人物或关系模板，归并到核心概念
6809,放学人群里收到对方认真回应的好感，成了后来常想起的画面,27,deleted,,0,模板变体、超长表达或配额外的同概念近似项
6810,周末前最后一节课后记住帆布鞋踩过积水的声音，成了后来常想起的画面,32,deleted,,0,模板变体、超长表达或配额外的同概念近似项
6811,周末前最后一节课后用同一本练习册对答案，成了后来常想起的画面,30,deleted,,0,模板变体、超长表达或配额外的同概念近似项
6812,周末前最后一节课后在看台最高一排并肩坐着，成了后来常想起的画面,31,compressed,在看台最高一排并肩坐着,11,移除时间、地点、人物或关系模板，归并到核心概念
6813,周末前最后一节课后在班级合唱时站到她旁边，成了后来常想起的画面,31,compressed,在班级合唱时站到她旁边,11,移除时间、地点、人物或关系模板，归并到核心概念
6814,周末前最后一节课后看秋叶堆满放学的小路，成了后来常想起的画面,30,deleted,,0,模板变体、超长表达或配额外的同概念近似项
6815,周末前最后一节课后发现最后一句聊天停在毕业快乐，成了后来常想起的画面,34,deleted,,0,模板变体、超长表达或配额外的同概念近似项
6816,放学人群里从同桌变成互相喜欢的人，成了后来常想起的画面,27,deleted,,0,模板变体、超长表达或配额外的同概念近似项
6817,周末前最后一节课后看见运动服背后的班级号码，成了后来常想起的画面,32,deleted,,0,模板变体、超长表达或配额外的同概念近似项
6818,周末前最后一节课后把借书卡藏进喜欢的书里，成了后来常想起的画面,31,deleted,,0,模板变体、超长表达或配额外的同概念近似项
6819,周末前最后一节课后在体育馆门口等训练结束，成了后来常想起的画面,31,deleted,,0,模板变体、超长表达或配额外的同概念近似项
6820,周末前最后一节课后假装随口询问周末安排，成了后来常想起的画面,30,deleted,,0,模板变体、超长表达或配额外的同概念近似项
6821,周末前最后一节课后在初雪那天想和她一起走，成了后来常想起的画面,31,deleted,,0,模板变体、超长表达或配额外的同概念近似项
6822,周末前最后一节课后因为去往不同城市慢慢失联，成了后来常想起的画面,32,deleted,,0,模板变体、超长表达或配额外的同概念近似项
6823,放学人群里在班级起哄中偷偷脸红，成了后来常想起的画面,26,deleted,,0,模板变体、超长表达或配额外的同概念近似项
6824,周末前最后一节课后注意到对方紧张时攥住衣角，成了后来常想起的画面,32,deleted,,0,模板变体、超长表达或配额外的同概念近似项
6825,周末前最后一节课后用值日表制造一起留下的机会，成了后来常想起的画面,33,deleted,,0,模板变体、超长表达或配额外的同概念近似项
6826,周末前最后一节课后沿林荫道推着自行车同行，成了后来常想起的画面,31,deleted,,0,模板变体、超长表达或配额外的同概念近似项
6827,周末前最后一节课后把好笑的事情第一个告诉她，成了后来常想起的画面,32,deleted,,0,模板变体、超长表达或配额外的同概念近似项
6828,周末前最后一节课后记住六月毕业季的闷热，成了后来常想起的画面,30,deleted,,0,模板变体、超长表达或配额外的同概念近似项
6829,周末前最后一节课后多年后翻到泛黄的毕业照，成了后来常想起的画面,31,deleted,,0,模板变体、超长表达或配额外的同概念近似项
6830,放学人群里交换只有两个人懂的暗号，成了后来常想起的画面,27,deleted,,0,模板变体、超长表达或配额外的同概念近似项
6831,周末前最后一节课后记住少年骑车时鼓起的衣摆，成了后来常想起的画面,32,deleted,,0,模板变体、超长表达或配额外的同概念近似项
6832,周末前最后一节课后在课程表上圈出共同的空课，成了后来常想起的画面,32,deleted,,0,模板变体、超长表达或配额外的同概念近似项
6833,周末前最后一节课后在校门口犹豫要不要告别，成了后来常想起的画面,31,deleted,,0,模板变体、超长表达或配额外的同概念近似项
6834,周末前最后一节课后聊天时等对方收拾完书包，成了后来常想起的画面,31,deleted,,0,模板变体、超长表达或配额外的同概念近似项
6835,周末前最后一节课后在傍晚风里听见校服摩擦声，成了后来常想起的画面,32,deleted,,0,模板变体、超长表达或配额外的同概念近似项
6836,周末前最后一节课后重回母校时寻找当年的座位，成了后来常想起的画面,32,deleted,,0,模板变体、超长表达或配额外的同概念近似项
6837,放学人群里第一次用恋人的身份说晚安，成了后来常想起的画面,28,deleted,,0,模板变体、超长表达或配额外的同概念近似项
6838,周末前最后一节课后发现镜片后躲闪的目光，成了后来常想起的画面,30,deleted,,0,模板变体、超长表达或配额外的同概念近似项
6839,周末前最后一节课后用广播点歌传递含蓄心意，成了后来常想起的画面,31,deleted,,0,模板变体、超长表达或配额外的同概念近似项
6840,周末前最后一节课后在公交站陪对方等车，成了后来常想起的画面,29,deleted,,0,模板变体、超长表达或配额外的同概念近似项
6841,周末前最后一节课后看见她睡着后压低说话声音，成了后来常想起的画面,32,deleted,,0,模板变体、超长表达或配额外的同概念近似项
6842,周末前最后一节课后尝到小卖部冰汽水的甜味，成了后来常想起的画面,31,deleted,,0,模板变体、超长表达或配额外的同概念近似项
6843,周末前最后一节课后听见校歌突然想起喜欢的人，成了后来常想起的画面,32,deleted,,0,模板变体、超长表达或配额外的同概念近似项
6844,放学人群里约定毕业以后也继续联系，成了后来常想起的画面,27,deleted,,0,模板变体、超长表达或配额外的同概念近似项
6845,周末前最后一节课后在人群中认出那双熟悉的球鞋，成了后来常想起的画面,33,deleted,,0,模板变体、超长表达或配额外的同概念近似项
6846,周末前最后一节课后约定用窗台上的水杯当暗号，成了后来常想起的画面,32,deleted,,0,模板变体、超长表达或配额外的同概念近似项
6847,周末前最后一节课后绕远路走过两个人常走的小巷，成了后来常想起的画面,33,deleted,,0,模板变体、超长表达或配额外的同概念近似项
6848,周末前最后一节课后把最后一颗糖留给喜欢的人，成了后来常想起的画面,32,deleted,,0,模板变体、超长表达或配额外的同概念近似项
6849,周末前最后一节课后记住她经过时淡淡的洗衣粉香，成了后来常想起的画面,33,deleted,,0,模板变体、超长表达或配额外的同概念近似项
6850,周末前最后一节课后意识到那次挥手已经是最后一面，成了后来常想起的画面,34,deleted,,0,模板变体、超长表达或配额外的同概念近似项
6851,周末前最后一节课后和喜欢的人隔着课桌对视，成了后来常想起的画面,31,deleted,,0,模板变体、超长表达或配额外的同概念近似项
6852,雨落窗台的下午风吹起她额前的刘海，成了后来常想起的画面,27,compressed,风吹起她额前的刘海,9,移除时间、地点、人物或关系模板，归并到核心概念
6853,雨落窗台的下午递来一张折好的小纸条，成了后来常想起的画面,28,compressed,递来一张折好的小纸条,10,移除时间、地点、人物或关系模板，归并到核心概念
6854,雨落窗台的下午在靠窗的座位等她出现，成了后来常想起的画面,28,compressed,在靠窗的座位等她出现,10,移除时间、地点、人物或关系模板，归并到核心概念
6855,雨落窗台的下午把课堂笔记借给喜欢的人，成了后来常想起的画面,29,compressed,把课堂笔记借给喜欢的人,11,移除时间、地点、人物或关系模板，归并到核心概念
6856,雨落窗台的下午听见窗外一阵很长的蝉鸣，成了后来常想起的画面,29,compressed,听见窗外一阵很长的蝉鸣,11,移除时间、地点、人物或关系模板，归并到核心概念
6857,雨落窗台的下午在毕业册上写下一句祝福，成了后来常想起的画面,29,compressed,在毕业册上写下一句祝福,11,移除时间、地点、人物或关系模板，归并到核心概念
6858,周末前最后一节课后发现同桌悄悄看向自己，成了后来常想起的画面,30,deleted,,0,模板变体、超长表达或配额外的同概念近似项
6859,雨落窗台的下午看见她把刘海别到耳后，成了后来常想起的画面,28,compressed,看见她把刘海别到耳后,10,移除时间、地点、人物或关系模板，归并到核心概念
6860,雨落窗台的下午在纸条背面写下回复，成了后来常想起的画面,27,compressed,在纸条背面写下回复,9,移除时间、地点、人物或关系模板，归并到核心概念
6861,雨落窗台的下午经过对方班级的教室门口，成了后来常想起的画面,29,compressed,经过对方班级的教室门口,11,移除时间、地点、人物或关系模板，归并到核心概念
6862,雨落窗台的下午耐心讲一道做错的题，成了后来常想起的画面,27,compressed,耐心讲一道做错的题,9,移除时间、地点、人物或关系模板，归并到核心概念
6863,雨落窗台的下午听见下课铃盖过没说完的话，成了后来常想起的画面,30,compressed,听见下课铃盖过没说完的话,12,移除时间、地点、人物或关系模板，归并到核心概念
6864,雨落窗台的下午把同学录最后一页留给她，成了后来常想起的画面,29,compressed,把同学录最后一页留给她,11,移除时间、地点、人物或关系模板，归并到核心概念
6865,周末前最后一节课后把喜欢藏在课堂笔记里，成了后来常想起的画面,30,deleted,,0,模板变体、超长表达或配额外的同概念近似项
6866,雨落窗台的下午注意到阳光落在她的发梢，成了后来常想起的画面,29,compressed,注意到阳光落在她的发梢,11,移除时间、地点、人物或关系模板，归并到核心概念
6867,雨落窗台的下午把没送出的情书夹进书里，成了后来常想起的画面,29,compressed,把没送出的情书夹进书里,11,移除时间、地点、人物或关系模板，归并到核心概念
6868,雨落窗台的下午在空教室里多停留一会儿，成了后来常想起的画面,29,compressed,在空教室里多停留一会儿,11,移除时间、地点、人物或关系模板，归并到核心概念
6869,雨落窗台的下午一起背诵第二天要抽查的课文，成了后来常想起的画面,31,deleted,,0,模板变体、超长表达或配额外的同概念近似项
6870,雨落窗台的下午记住篮球落地的回声，成了后来常想起的画面,27,compressed,记住篮球落地的回声,9,移除时间、地点、人物或关系模板，归并到核心概念
6871,雨落窗台的下午在毕业照里悄悄站得更近，成了后来常想起的画面,29,compressed,在毕业照里悄悄站得更近,11,移除时间、地点、人物或关系模板，归并到核心概念
6872,周末前最后一节课后借讲题的机会坐得更近，成了后来常想起的画面,30,deleted,,0,模板变体、超长表达或配额外的同概念近似项
6873,雨落窗台的下午记住她低头笑时的酒窝，成了后来常想起的画面,28,compressed,记住她低头笑时的酒窝,10,移除时间、地点、人物或关系模板，归并到核心概念
6874,雨落窗台的下午收到一封没有署名的情书，成了后来常想起的画面,29,compressed,收到一封没有署名的情书,11,移除时间、地点、人物或关系模板，归并到核心概念
6875,雨落窗台的下午从教学楼走廊远远看见她，成了后来常想起的画面,29,compressed,从教学楼走廊远远看见她,11,移除时间、地点、人物或关系模板，归并到核心概念
6876,雨落窗台的下午互相检查听写答案，成了后来常想起的画面,26,compressed,互相检查听写答案,8,移除时间、地点、人物或关系模板，归并到核心概念
6877,雨落窗台的下午听见广播里放过的那首歌，成了后来常想起的画面,29,compressed,听见广播里放过的那首歌,11,移除时间、地点、人物或关系模板，归并到核心概念
6878,雨落窗台的下午在校服背面签下名字，成了后来常想起的画面,27,compressed,在校服背面签下名字,9,移除时间、地点、人物或关系模板，归并到核心概念
6879,周末前最后一节课后在走廊等喜欢的人经过，成了后来常想起的画面,30,deleted,,0,模板变体、超长表达或配额外的同概念近似项
6880,雨落窗台的下午发现她见面前认真扎好头发，成了后来常想起的画面,30,compressed,发现她见面前认真扎好头发,12,移除时间、地点、人物或关系模板，归并到核心概念
6881,雨落窗台的下午在便利贴上画一颗小心心，成了后来常想起的画面,29,compressed,在便利贴上画一颗小心心,11,移除时间、地点、人物或关系模板，归并到核心概念
6882,雨落窗台的下午在楼梯转角意外遇见喜欢的人，成了后来常想起的画面,31,deleted,,0,模板变体、超长表达或配额外的同概念近似项
6883,雨落窗台的下午替对方保管暂时没收的手机，成了后来常想起的画面,30,compressed,替对方保管暂时没收的手机,12,移除时间、地点、人物或关系模板，归并到核心概念
6884,雨落窗台的下午看见晨光落在她的课桌上，成了后来常想起的画面,29,compressed,看见晨光落在她的课桌上,11,移除时间、地点、人物或关系模板，归并到核心概念
6885,雨落窗台的下午把没送出的情书带回家，成了后来常想起的画面,28,compressed,把没送出的情书带回家,10,移除时间、地点、人物或关系模板，归并到核心概念
6886,周末前最后一节课后课间绕路去隔壁班门口，成了后来常想起的画面,30,deleted,,0,模板变体、超长表达或配额外的同概念近似项
6887,雨落窗台的下午看见她穿着宽大的校服外套，成了后来常想起的画面,30,compressed,看见她穿着宽大的校服外套,12,移除时间、地点、人物或关系模板，归并到核心概念
6888,雨落窗台的下午把名字写在同一张草稿纸上，成了后来常想起的画面,30,compressed,把名字写在同一张草稿纸上,12,移除时间、地点、人物或关系模板，归并到核心概念
6889,雨落窗台的下午绕路经过她常去的饮水机，成了后来常想起的画面,29,compressed,绕路经过她常去的饮水机,11,移除时间、地点、人物或关系模板，归并到核心概念
6890,雨落窗台的下午给趴在桌上的人留一盒牛奶，成了后来常想起的画面,30,compressed,给趴在桌上的人留一盒牛奶,12,移除时间、地点、人物或关系模板，归并到核心概念
6891,雨落窗台的下午看见晚霞穿过教学楼窗户，成了后来常想起的画面,29,compressed,看见晚霞穿过教学楼窗户,11,移除时间、地点、人物或关系模板，归并到核心概念
6892,雨落窗台的下午错过毕业前最后一次告白，成了后来常想起的画面,29,compressed,错过毕业前最后一次告白,11,移除时间、地点、人物或关系模板，归并到核心概念
6893,周末前最后一节课后替心动对象去小卖部带饮料，成了后来常想起的画面,32,deleted,,0,模板变体、超长表达或配额外的同概念近似项
6894,雨落窗台的下午认出人群里熟悉的校服衣角，成了后来常想起的画面,30,compressed,认出人群里熟悉的校服衣角,12,移除时间、地点、人物或关系模板，归并到核心概念
6895,雨落窗台的下午交换一根代表好感的小皮筋，成了后来常想起的画面,30,compressed,交换一根代表好感的小皮筋,12,移除时间、地点、人物或关系模板，归并到核心概念
6896,雨落窗台的下午在图书馆同一排书架重逢，成了后来常想起的画面,29,compressed,在图书馆同一排书架重逢,11,移除时间、地点、人物或关系模板，归并到核心概念
6897,雨落窗台的下午提醒喜欢的人带伞，成了后来常想起的画面,26,compressed,提醒喜欢的人带伞,8,移除时间、地点、人物或关系模板，归并到核心概念
6898,雨落窗台的下午记住树影在校服上轻轻晃动，成了后来常想起的画面,30,compressed,记住树影在校服上轻轻晃动,12,移除时间、地点、人物或关系模板，归并到核心概念
6899,雨落窗台的下午把喜欢藏进高考结束的夏天，成了后来常想起的画面,30,compressed,把喜欢藏进高考结束的夏天,12,移除时间、地点、人物或关系模板，归并到核心概念
6900,周末前最后一节课后在人群中寻找熟悉的校服背影，成了后来常想起的画面,33,deleted,,0,模板变体、超长表达或配额外的同概念近似项
6901,雨落窗台的下午替对方整理歪掉的校服领口，成了后来常想起的画面,30,compressed,替对方整理歪掉的校服领口,12,移除时间、地点、人物或关系模板，归并到核心概念
6902,雨落窗台的下午把校服第二颗纽扣留作纪念，成了后来常想起的画面,30,compressed,把校服第二颗纽扣留作纪念,12,移除时间、地点、人物或关系模板，归并到核心概念
6903,雨落窗台的下午在自习室替对方留一个座位，成了后来常想起的画面,30,compressed,在自习室替对方留一个座位,12,移除时间、地点、人物或关系模板，归并到核心概念
6904,雨落窗台的下午把自己的外套借给对方，成了后来常想起的画面,28,compressed,把自己的外套借给对方,10,移除时间、地点、人物或关系模板，归并到核心概念
6905,雨落窗台的下午看见雨水沿着教室玻璃滑下，成了后来常想起的画面,30,compressed,看见雨水沿着教室玻璃滑下,12,移除时间、地点、人物或关系模板，归并到核心概念
6906,雨落窗台的下午约定收到录取通知后再见，成了后来常想起的画面,29,compressed,约定收到录取通知后再见,11,移除时间、地点、人物或关系模板，归并到核心概念
6907,周末前最后一节课后放学后并肩走出校门，成了后来常想起的画面,29,deleted,,0,模板变体、超长表达或配额外的同概念近似项
6908,雨落窗台的下午注意到校服袖口写着名字，成了后来常想起的画面,29,compressed,注意到校服袖口写着名字,11,移除时间、地点、人物或关系模板，归并到核心概念
6909,雨落窗台的下午送出成对的钥匙扣，成了后来常想起的画面,26,compressed,送出成对的钥匙扣,8,移除时间、地点、人物或关系模板，归并到核心概念
6910,雨落窗台的下午在小卖部门口假装偶遇，成了后来常想起的画面,28,compressed,在小卖部门口假装偶遇,10,移除时间、地点、人物或关系模板，归并到核心概念
6911,雨落窗台的下午记住她不吃的食堂菜，成了后来常想起的画面,27,compressed,记住她不吃的食堂菜,9,移除时间、地点、人物或关系模板，归并到核心概念
6912,雨落窗台的下午闻到新课本混着油墨的气味，成了后来常想起的画面,30,compressed,闻到新课本混着油墨的气味,12,移除时间、地点、人物或关系模板，归并到核心概念
6913,雨落窗台的下午在散伙饭上忍住没说的话，成了后来常想起的画面,29,compressed,在散伙饭上忍住没说的话,11,移除时间、地点、人物或关系模板，归并到核心概念
6914,周末前最后一节课后推着自行车陪对方慢慢走，成了后来常想起的画面,31,deleted,,0,模板变体、超长表达或配额外的同概念近似项
6915,雨落窗台的下午看见白衬衫被晚霞染成金色，成了后来常想起的画面,30,compressed,看见白衬衫被晚霞染成金色,12,移除时间、地点、人物或关系模板，归并到核心概念
6916,雨落窗台的下午互换写着祝福的书签，成了后来常想起的画面,27,compressed,互换写着祝福的书签,9,移除时间、地点、人物或关系模板，归并到核心概念
6917,雨落窗台的下午在食堂排队时站到她身后，成了后来常想起的画面,29,compressed,在食堂排队时站到她身后,11,移除时间、地点、人物或关系模板，归并到核心概念
6918,雨落窗台的下午替迟到的人悄悄留门，成了后来常想起的画面,27,compressed,替迟到的人悄悄留门,9,移除时间、地点、人物或关系模板，归并到核心概念
6919,雨落窗台的下午记住雨后塑胶跑道的气味，成了后来常想起的画面,29,compressed,记住雨后塑胶跑道的气味,11,移除时间、地点、人物或关系模板，归并到核心概念
6920,雨落窗台的下午听完最后一次校园广播，成了后来常想起的画面,28,compressed,听完最后一次校园广播,10,移除时间、地点、人物或关系模板，归并到核心概念
6921,周末前最后一节课后一起等最后一班公交车，成了后来常想起的画面,30,deleted,,0,模板变体、超长表达或配额外的同概念近似项
6922,雨落窗台的下午发现手腕上多了一根小皮筋，成了后来常想起的画面,30,compressed,发现手腕上多了一根小皮筋,12,移除时间、地点、人物或关系模板，归并到核心概念
6923,雨落窗台的下午借出一支舍不得收回的笔，成了后来常想起的画面,29,compressed,借出一支舍不得收回的笔,11,移除时间、地点、人物或关系模板，归并到核心概念
6924,雨落窗台的下午在校园广播站等一首点歌，成了后来常想起的画面,29,compressed,在校园广播站等一首点歌,11,移除时间、地点、人物或关系模板，归并到核心概念
6925,雨落窗台的下午在值日时一起擦黑板，成了后来常想起的画面,27,compressed,在值日时一起擦黑板,9,移除时间、地点、人物或关系模板，归并到核心概念
6926,雨落窗台的下午感到共用雨伞时靠近的温度，成了后来常想起的画面,30,compressed,感到共用雨伞时靠近的温度,12,移除时间、地点、人物或关系模板，归并到核心概念
6927,雨落窗台的下午收拾课桌时找到旧纸条，成了后来常想起的画面,28,compressed,收拾课桌时找到旧纸条,10,移除时间、地点、人物或关系模板，归并到核心概念
6928,周末前最后一节课后约好第二天在校门口见，成了后来常想起的画面,30,deleted,,0,模板变体、超长表达或配额外的同概念近似项
6929,雨落窗台的下午把对方送的小皮筋戴在手腕，成了后来常想起的画面,30,compressed,把对方送的小皮筋戴在手腕,12,移除时间、地点、人物或关系模板，归并到核心概念
6930,雨落窗台的下午在橡皮上刻下对方的缩写，成了后来常想起的画面,29,compressed,在橡皮上刻下对方的缩写,11,移除时间、地点、人物或关系模板，归并到核心概念
6931,雨落窗台的下午在礼堂散场后寻找对方，成了后来常想起的画面,28,compressed,在礼堂散场后寻找对方,10,移除时间、地点、人物或关系模板，归并到核心概念
6932,雨落窗台的下午一起搬运动会用的桌椅，成了后来常想起的画面,28,compressed,一起搬运动会用的桌椅,10,移除时间、地点、人物或关系模板，归并到核心概念
6933,雨落窗台的下午记住冬天热水杯传来的暖意，成了后来常想起的画面,30,compressed,记住冬天热水杯传来的暖意,12,移除时间、地点、人物或关系模板，归并到核心概念
6934,雨落窗台的下午离校前再走一遍熟悉的操场，成了后来常想起的画面,30,compressed,离校前再走一遍熟悉的操场,12,移除时间、地点、人物或关系模板，归并到核心概念
6935,周末前最后一节课后在操场看台说出喜欢，成了后来常想起的画面,29,deleted,,0,模板变体、超长表达或配额外的同概念近似项
6936,雨落窗台的下午认出书包上新挂的钥匙扣，成了后来常想起的画面,29,compressed,认出书包上新挂的钥匙扣,11,移除时间、地点、人物或关系模板，归并到核心概念
6937,雨落窗台的下午把复习资料装订得整整齐齐，成了后来常想起的画面,30,compressed,把复习资料装订得整整齐齐,12,移除时间、地点、人物或关系模板，归并到核心概念
6938,雨落窗台的下午沿着操场跑道陪她慢慢走，成了后来常想起的画面,29,compressed,沿着操场跑道陪她慢慢走,11,移除时间、地点、人物或关系模板，归并到核心概念
6939,雨落窗台的下午在社团排练后帮忙收器材，成了后来常想起的画面,29,compressed,在社团排练后帮忙收器材,11,移除时间、地点、人物或关系模板，归并到核心概念
6940,雨落窗台的下午等春天樱花落在她肩上，成了后来常想起的画面,28,compressed,等春天樱花落在她肩上,10,移除时间、地点、人物或关系模板，归并到核心概念
6941,雨落窗台的下午在校门口说出以后常联系，成了后来常想起的画面,29,compressed,在校门口说出以后常联系,11,移除时间、地点、人物或关系模板，归并到核心概念
6942,周末前最后一节课后把暗恋告诉最信任的同学，成了后来常想起的画面,31,deleted,,0,模板变体、超长表达或配额外的同概念近似项
6943,雨落窗台的下午留意她每天更换的发卡，成了后来常想起的画面,28,compressed,留意她每天更换的发卡,10,移除时间、地点、人物或关系模板，归并到核心概念
6944,雨落窗台的下午在错题本角落留下鼓励，成了后来常想起的画面,28,compressed,在错题本角落留下鼓励,10,移除时间、地点、人物或关系模板，归并到核心概念
6945,雨落窗台的下午在篮球场边递上一瓶水，成了后来常想起的画面,28,compressed,在篮球场边递上一瓶水,10,移除时间、地点、人物或关系模板，归并到核心概念
6946,雨落窗台的下午为对方的比赛偷偷加油，成了后来常想起的画面,28,compressed,为对方的比赛偷偷加油,10,移除时间、地点、人物或关系模板，归并到核心概念
6947,雨落窗台的下午在盛夏风扇声里偷偷心动，成了后来常想起的画面,29,compressed,在盛夏风扇声里偷偷心动,11,移除时间、地点、人物或关系模板，归并到核心概念
6948,雨落窗台的下午目送对方坐上不同方向的车，成了后来常想起的画面,30,compressed,目送对方坐上不同方向的车,12,移除时间、地点、人物或关系模板，归并到核心概念
6949,周末前最后一节课后收到对方认真回应的好感，成了后来常想起的画面,31,deleted,,0,模板变体、超长表达或配额外的同概念近似项
6950,雨落窗台的下午记住帆布鞋踩过积水的声音，成了后来常想起的画面,30,deleted,,0,模板变体、超长表达或配额外的同概念近似项
6951,雨落窗台的下午用同一本练习册对答案，成了后来常想起的画面,28,deleted,,0,模板变体、超长表达或配额外的同概念近似项
6952,雨落窗台的下午在看台最高一排并肩坐着，成了后来常想起的画面,29,compressed,在看台最高一排并肩坐着,11,移除时间、地点、人物或关系模板，归并到核心概念
6953,雨落窗台的下午在班级合唱时站到她旁边，成了后来常想起的画面,29,compressed,在班级合唱时站到她旁边,11,移除时间、地点、人物或关系模板，归并到核心概念
6954,雨落窗台的下午看秋叶堆满放学的小路，成了后来常想起的画面,28,deleted,,0,模板变体、超长表达或配额外的同概念近似项
6955,雨落窗台的下午发现最后一句聊天停在毕业快乐，成了后来常想起的画面,32,deleted,,0,模板变体、超长表达或配额外的同概念近似项
6956,周末前最后一节课后从同桌变成互相喜欢的人，成了后来常想起的画面,31,deleted,,0,模板变体、超长表达或配额外的同概念近似项
6957,雨落窗台的下午看见运动服背后的班级号码，成了后来常想起的画面,30,deleted,,0,模板变体、超长表达或配额外的同概念近似项
6958,雨落窗台的下午把借书卡藏进喜欢的书里，成了后来常想起的画面,29,deleted,,0,模板变体、超长表达或配额外的同概念近似项
6959,雨落窗台的下午在体育馆门口等训练结束，成了后来常想起的画面,29,deleted,,0,模板变体、超长表达或配额外的同概念近似项
6960,雨落窗台的下午假装随口询问周末安排，成了后来常想起的画面,28,deleted,,0,模板变体、超长表达或配额外的同概念近似项
6961,雨落窗台的下午在初雪那天想和她一起走，成了后来常想起的画面,29,deleted,,0,模板变体、超长表达或配额外的同概念近似项
6962,雨落窗台的下午因为去往不同城市慢慢失联，成了后来常想起的画面,30,deleted,,0,模板变体、超长表达或配额外的同概念近似项
6963,周末前最后一节课后在班级起哄中偷偷脸红，成了后来常想起的画面,30,deleted,,0,模板变体、超长表达或配额外的同概念近似项
6964,雨落窗台的下午注意到对方紧张时攥住衣角，成了后来常想起的画面,30,deleted,,0,模板变体、超长表达或配额外的同概念近似项
6965,雨落窗台的下午用值日表制造一起留下的机会，成了后来常想起的画面,31,deleted,,0,模板变体、超长表达或配额外的同概念近似项
6966,雨落窗台的下午沿林荫道推着自行车同行，成了后来常想起的画面,29,deleted,,0,模板变体、超长表达或配额外的同概念近似项
6967,雨落窗台的下午把好笑的事情第一个告诉她，成了后来常想起的画面,30,deleted,,0,模板变体、超长表达或配额外的同概念近似项
6968,雨落窗台的下午记住六月毕业季的闷热，成了后来常想起的画面,28,deleted,,0,模板变体、超长表达或配额外的同概念近似项
6969,雨落窗台的下午多年后翻到泛黄的毕业照，成了后来常想起的画面,29,deleted,,0,模板变体、超长表达或配额外的同概念近似项
6970,周末前最后一节课后交换只有两个人懂的暗号，成了后来常想起的画面,31,deleted,,0,模板变体、超长表达或配额外的同概念近似项
6971,雨落窗台的下午记住少年骑车时鼓起的衣摆，成了后来常想起的画面,30,deleted,,0,模板变体、超长表达或配额外的同概念近似项
6972,雨落窗台的下午在课程表上圈出共同的空课，成了后来常想起的画面,30,deleted,,0,模板变体、超长表达或配额外的同概念近似项
6973,雨落窗台的下午在校门口犹豫要不要告别，成了后来常想起的画面,29,deleted,,0,模板变体、超长表达或配额外的同概念近似项
6974,雨落窗台的下午聊天时等对方收拾完书包，成了后来常想起的画面,29,deleted,,0,模板变体、超长表达或配额外的同概念近似项
6975,雨落窗台的下午在傍晚风里听见校服摩擦声，成了后来常想起的画面,30,deleted,,0,模板变体、超长表达或配额外的同概念近似项
6976,雨落窗台的下午重回母校时寻找当年的座位，成了后来常想起的画面,30,deleted,,0,模板变体、超长表达或配额外的同概念近似项
6977,周末前最后一节课后第一次用恋人的身份说晚安，成了后来常想起的画面,32,deleted,,0,模板变体、超长表达或配额外的同概念近似项
6978,雨落窗台的下午发现镜片后躲闪的目光，成了后来常想起的画面,28,deleted,,0,模板变体、超长表达或配额外的同概念近似项
6979,雨落窗台的下午用广播点歌传递含蓄心意，成了后来常想起的画面,29,deleted,,0,模板变体、超长表达或配额外的同概念近似项
6980,雨落窗台的下午在公交站陪对方等车，成了后来常想起的画面,27,deleted,,0,模板变体、超长表达或配额外的同概念近似项
6981,雨落窗台的下午看见她睡着后压低说话声音，成了后来常想起的画面,30,deleted,,0,模板变体、超长表达或配额外的同概念近似项
6982,雨落窗台的下午尝到小卖部冰汽水的甜味，成了后来常想起的画面,29,deleted,,0,模板变体、超长表达或配额外的同概念近似项
6983,雨落窗台的下午听见校歌突然想起喜欢的人，成了后来常想起的画面,30,deleted,,0,模板变体、超长表达或配额外的同概念近似项
6984,周末前最后一节课后约定毕业以后也继续联系，成了后来常想起的画面,31,deleted,,0,模板变体、超长表达或配额外的同概念近似项
6985,雨落窗台的下午在人群中认出那双熟悉的球鞋，成了后来常想起的画面,31,deleted,,0,模板变体、超长表达或配额外的同概念近似项
6986,雨落窗台的下午约定用窗台上的水杯当暗号，成了后来常想起的画面,30,deleted,,0,模板变体、超长表达或配额外的同概念近似项
6987,雨落窗台的下午绕远路走过两个人常走的小巷，成了后来常想起的画面,31,deleted,,0,模板变体、超长表达或配额外的同概念近似项
6988,雨落窗台的下午把最后一颗糖留给喜欢的人，成了后来常想起的画面,30,deleted,,0,模板变体、超长表达或配额外的同概念近似项
6989,雨落窗台的下午记住她经过时淡淡的洗衣粉香，成了后来常想起的画面,31,deleted,,0,模板变体、超长表达或配额外的同概念近似项
6990,雨落窗台的下午意识到那次挥手已经是最后一面，成了后来常想起的画面,32,deleted,,0,模板变体、超长表达或配额外的同概念近似项
6991,雨落窗台的下午和喜欢的人隔着课桌对视，成了后来常想起的画面,29,deleted,,0,模板变体、超长表达或配额外的同概念近似项
6992,暑气未散的放学路上风吹起她额前的刘海，成了后来常想起的画面,29,compressed,风吹起她额前的刘海,9,移除时间、地点、人物或关系模板，归并到核心概念
6993,暑气未散的放学路上递来一张折好的小纸条，成了后来常想起的画面,30,compressed,递来一张折好的小纸条,10,移除时间、地点、人物或关系模板，归并到核心概念
6994,暑气未散的放学路上在靠窗的座位等她出现，成了后来常想起的画面,30,compressed,在靠窗的座位等她出现,10,移除时间、地点、人物或关系模板，归并到核心概念
6995,暑气未散的放学路上把课堂笔记借给喜欢的人，成了后来常想起的画面,31,compressed,把课堂笔记借给喜欢的人,11,移除时间、地点、人物或关系模板，归并到核心概念
6996,暑气未散的放学路上听见窗外一阵很长的蝉鸣，成了后来常想起的画面,31,compressed,听见窗外一阵很长的蝉鸣,11,移除时间、地点、人物或关系模板，归并到核心概念
6997,暑气未散的放学路上在毕业册上写下一句祝福，成了后来常想起的画面,31,compressed,在毕业册上写下一句祝福,11,移除时间、地点、人物或关系模板，归并到核心概念
6998,雨落窗台的下午发现同桌悄悄看向自己，成了后来常想起的画面,28,deleted,,0,模板变体、超长表达或配额外的同概念近似项
6999,暑气未散的放学路上看见她把刘海别到耳后，成了后来常想起的画面,30,compressed,看见她把刘海别到耳后,10,移除时间、地点、人物或关系模板，归并到核心概念
7000,暑气未散的放学路上在纸条背面写下回复，成了后来常想起的画面,29,compressed,在纸条背面写下回复,9,移除时间、地点、人物或关系模板，归并到核心概念
7001,暑气未散的放学路上经过对方班级的教室门口，成了后来常想起的画面,31,compressed,经过对方班级的教室门口,11,移除时间、地点、人物或关系模板，归并到核心概念
7002,暑气未散的放学路上耐心讲一道做错的题，成了后来常想起的画面,29,compressed,耐心讲一道做错的题,9,移除时间、地点、人物或关系模板，归并到核心概念
7003,暑气未散的放学路上听见下课铃盖过没说完的话，成了后来常想起的画面,32,compressed,听见下课铃盖过没说完的话,12,移除时间、地点、人物或关系模板，归并到核心概念
7004,暑气未散的放学路上把同学录最后一页留给她，成了后来常想起的画面,31,compressed,把同学录最后一页留给她,11,移除时间、地点、人物或关系模板，归并到核心概念
7005,雨落窗台的下午把喜欢藏在课堂笔记里，成了后来常想起的画面,28,deleted,,0,模板变体、超长表达或配额外的同概念近似项
7006,暑气未散的放学路上注意到阳光落在她的发梢，成了后来常想起的画面,31,compressed,注意到阳光落在她的发梢,11,移除时间、地点、人物或关系模板，归并到核心概念
7007,暑气未散的放学路上把没送出的情书夹进书里，成了后来常想起的画面,31,compressed,把没送出的情书夹进书里,11,移除时间、地点、人物或关系模板，归并到核心概念
7008,暑气未散的放学路上在空教室里多停留一会儿，成了后来常想起的画面,31,compressed,在空教室里多停留一会儿,11,移除时间、地点、人物或关系模板，归并到核心概念
7009,暑气未散的放学路上一起背诵第二天要抽查的课文，成了后来常想起的画面,33,deleted,,0,模板变体、超长表达或配额外的同概念近似项
7010,暑气未散的放学路上记住篮球落地的回声，成了后来常想起的画面,29,compressed,记住篮球落地的回声,9,移除时间、地点、人物或关系模板，归并到核心概念
7011,暑气未散的放学路上在毕业照里悄悄站得更近，成了后来常想起的画面,31,compressed,在毕业照里悄悄站得更近,11,移除时间、地点、人物或关系模板，归并到核心概念
7012,雨落窗台的下午借讲题的机会坐得更近，成了后来常想起的画面,28,deleted,,0,模板变体、超长表达或配额外的同概念近似项
7013,暑气未散的放学路上记住她低头笑时的酒窝，成了后来常想起的画面,30,compressed,记住她低头笑时的酒窝,10,移除时间、地点、人物或关系模板，归并到核心概念
7014,暑气未散的放学路上收到一封没有署名的情书，成了后来常想起的画面,31,compressed,收到一封没有署名的情书,11,移除时间、地点、人物或关系模板，归并到核心概念
7015,暑气未散的放学路上从教学楼走廊远远看见她，成了后来常想起的画面,31,compressed,从教学楼走廊远远看见她,11,移除时间、地点、人物或关系模板，归并到核心概念
7016,暑气未散的放学路上互相检查听写答案，成了后来常想起的画面,28,compressed,互相检查听写答案,8,移除时间、地点、人物或关系模板，归并到核心概念
7017,暑气未散的放学路上听见广播里放过的那首歌，成了后来常想起的画面,31,compressed,听见广播里放过的那首歌,11,移除时间、地点、人物或关系模板，归并到核心概念
7018,暑气未散的放学路上在校服背面签下名字，成了后来常想起的画面,29,compressed,在校服背面签下名字,9,移除时间、地点、人物或关系模板，归并到核心概念
7019,雨落窗台的下午在走廊等喜欢的人经过，成了后来常想起的画面,28,deleted,,0,模板变体、超长表达或配额外的同概念近似项
7020,暑气未散的放学路上发现她见面前认真扎好头发，成了后来常想起的画面,32,compressed,发现她见面前认真扎好头发,12,移除时间、地点、人物或关系模板，归并到核心概念
7021,暑气未散的放学路上在便利贴上画一颗小心心，成了后来常想起的画面,31,compressed,在便利贴上画一颗小心心,11,移除时间、地点、人物或关系模板，归并到核心概念
7022,暑气未散的放学路上在楼梯转角意外遇见喜欢的人，成了后来常想起的画面,33,deleted,,0,模板变体、超长表达或配额外的同概念近似项
7023,暑气未散的放学路上替对方保管暂时没收的手机，成了后来常想起的画面,32,compressed,替对方保管暂时没收的手机,12,移除时间、地点、人物或关系模板，归并到核心概念
7024,暑气未散的放学路上看见晨光落在她的课桌上，成了后来常想起的画面,31,compressed,看见晨光落在她的课桌上,11,移除时间、地点、人物或关系模板，归并到核心概念
7025,暑气未散的放学路上把没送出的情书带回家，成了后来常想起的画面,30,compressed,把没送出的情书带回家,10,移除时间、地点、人物或关系模板，归并到核心概念
7026,雨落窗台的下午课间绕路去隔壁班门口，成了后来常想起的画面,28,deleted,,0,模板变体、超长表达或配额外的同概念近似项
7027,暑气未散的放学路上看见她穿着宽大的校服外套，成了后来常想起的画面,32,compressed,看见她穿着宽大的校服外套,12,移除时间、地点、人物或关系模板，归并到核心概念
7028,暑气未散的放学路上把名字写在同一张草稿纸上，成了后来常想起的画面,32,compressed,把名字写在同一张草稿纸上,12,移除时间、地点、人物或关系模板，归并到核心概念
7029,暑气未散的放学路上绕路经过她常去的饮水机，成了后来常想起的画面,31,compressed,绕路经过她常去的饮水机,11,移除时间、地点、人物或关系模板，归并到核心概念
7030,暑气未散的放学路上给趴在桌上的人留一盒牛奶，成了后来常想起的画面,32,compressed,给趴在桌上的人留一盒牛奶,12,移除时间、地点、人物或关系模板，归并到核心概念
7031,暑气未散的放学路上看见晚霞穿过教学楼窗户，成了后来常想起的画面,31,compressed,看见晚霞穿过教学楼窗户,11,移除时间、地点、人物或关系模板，归并到核心概念
7032,暑气未散的放学路上错过毕业前最后一次告白，成了后来常想起的画面,31,compressed,错过毕业前最后一次告白,11,移除时间、地点、人物或关系模板，归并到核心概念
7033,雨落窗台的下午替心动对象去小卖部带饮料，成了后来常想起的画面,30,deleted,,0,模板变体、超长表达或配额外的同概念近似项
7034,暑气未散的放学路上认出人群里熟悉的校服衣角，成了后来常想起的画面,32,compressed,认出人群里熟悉的校服衣角,12,移除时间、地点、人物或关系模板，归并到核心概念
7035,暑气未散的放学路上交换一根代表好感的小皮筋，成了后来常想起的画面,32,compressed,交换一根代表好感的小皮筋,12,移除时间、地点、人物或关系模板，归并到核心概念
7036,暑气未散的放学路上在图书馆同一排书架重逢，成了后来常想起的画面,31,compressed,在图书馆同一排书架重逢,11,移除时间、地点、人物或关系模板，归并到核心概念
7037,暑气未散的放学路上提醒喜欢的人带伞，成了后来常想起的画面,28,compressed,提醒喜欢的人带伞,8,移除时间、地点、人物或关系模板，归并到核心概念
7038,暑气未散的放学路上记住树影在校服上轻轻晃动，成了后来常想起的画面,32,compressed,记住树影在校服上轻轻晃动,12,移除时间、地点、人物或关系模板，归并到核心概念
7039,暑气未散的放学路上把喜欢藏进高考结束的夏天，成了后来常想起的画面,32,compressed,把喜欢藏进高考结束的夏天,12,移除时间、地点、人物或关系模板，归并到核心概念
7040,雨落窗台的下午在人群中寻找熟悉的校服背影，成了后来常想起的画面,31,deleted,,0,模板变体、超长表达或配额外的同概念近似项
7041,暑气未散的放学路上替对方整理歪掉的校服领口，成了后来常想起的画面,32,compressed,替对方整理歪掉的校服领口,12,移除时间、地点、人物或关系模板，归并到核心概念
7042,暑气未散的放学路上把校服第二颗纽扣留作纪念，成了后来常想起的画面,32,compressed,把校服第二颗纽扣留作纪念,12,移除时间、地点、人物或关系模板，归并到核心概念
7043,暑气未散的放学路上在自习室替对方留一个座位，成了后来常想起的画面,32,compressed,在自习室替对方留一个座位,12,移除时间、地点、人物或关系模板，归并到核心概念
7044,暑气未散的放学路上把自己的外套借给对方，成了后来常想起的画面,30,compressed,把自己的外套借给对方,10,移除时间、地点、人物或关系模板，归并到核心概念
7045,暑气未散的放学路上看见雨水沿着教室玻璃滑下，成了后来常想起的画面,32,compressed,看见雨水沿着教室玻璃滑下,12,移除时间、地点、人物或关系模板，归并到核心概念
7046,暑气未散的放学路上约定收到录取通知后再见，成了后来常想起的画面,31,compressed,约定收到录取通知后再见,11,移除时间、地点、人物或关系模板，归并到核心概念
7047,雨落窗台的下午放学后并肩走出校门，成了后来常想起的画面,27,deleted,,0,模板变体、超长表达或配额外的同概念近似项
7048,暑气未散的放学路上注意到校服袖口写着名字，成了后来常想起的画面,31,compressed,注意到校服袖口写着名字,11,移除时间、地点、人物或关系模板，归并到核心概念
7049,暑气未散的放学路上送出成对的钥匙扣，成了后来常想起的画面,28,compressed,送出成对的钥匙扣,8,移除时间、地点、人物或关系模板，归并到核心概念
7050,暑气未散的放学路上在小卖部门口假装偶遇，成了后来常想起的画面,30,compressed,在小卖部门口假装偶遇,10,移除时间、地点、人物或关系模板，归并到核心概念
7051,暑气未散的放学路上记住她不吃的食堂菜，成了后来常想起的画面,29,compressed,记住她不吃的食堂菜,9,移除时间、地点、人物或关系模板，归并到核心概念
7052,暑气未散的放学路上闻到新课本混着油墨的气味，成了后来常想起的画面,32,compressed,闻到新课本混着油墨的气味,12,移除时间、地点、人物或关系模板，归并到核心概念
7053,暑气未散的放学路上在散伙饭上忍住没说的话，成了后来常想起的画面,31,compressed,在散伙饭上忍住没说的话,11,移除时间、地点、人物或关系模板，归并到核心概念
7054,雨落窗台的下午推着自行车陪对方慢慢走，成了后来常想起的画面,29,deleted,,0,模板变体、超长表达或配额外的同概念近似项
7055,暑气未散的放学路上看见白衬衫被晚霞染成金色，成了后来常想起的画面,32,compressed,看见白衬衫被晚霞染成金色,12,移除时间、地点、人物或关系模板，归并到核心概念
7056,暑气未散的放学路上互换写着祝福的书签，成了后来常想起的画面,29,compressed,互换写着祝福的书签,9,移除时间、地点、人物或关系模板，归并到核心概念
7057,暑气未散的放学路上在食堂排队时站到她身后，成了后来常想起的画面,31,compressed,在食堂排队时站到她身后,11,移除时间、地点、人物或关系模板，归并到核心概念
7058,暑气未散的放学路上替迟到的人悄悄留门，成了后来常想起的画面,29,compressed,替迟到的人悄悄留门,9,移除时间、地点、人物或关系模板，归并到核心概念
7059,暑气未散的放学路上记住雨后塑胶跑道的气味，成了后来常想起的画面,31,compressed,记住雨后塑胶跑道的气味,11,移除时间、地点、人物或关系模板，归并到核心概念
7060,暑气未散的放学路上听完最后一次校园广播，成了后来常想起的画面,30,compressed,听完最后一次校园广播,10,移除时间、地点、人物或关系模板，归并到核心概念
7061,雨落窗台的下午一起等最后一班公交车，成了后来常想起的画面,28,deleted,,0,模板变体、超长表达或配额外的同概念近似项
7062,暑气未散的放学路上发现手腕上多了一根小皮筋，成了后来常想起的画面,32,compressed,发现手腕上多了一根小皮筋,12,移除时间、地点、人物或关系模板，归并到核心概念
7063,暑气未散的放学路上借出一支舍不得收回的笔，成了后来常想起的画面,31,compressed,借出一支舍不得收回的笔,11,移除时间、地点、人物或关系模板，归并到核心概念
7064,暑气未散的放学路上在校园广播站等一首点歌，成了后来常想起的画面,31,compressed,在校园广播站等一首点歌,11,移除时间、地点、人物或关系模板，归并到核心概念
7065,暑气未散的放学路上在值日时一起擦黑板，成了后来常想起的画面,29,compressed,在值日时一起擦黑板,9,移除时间、地点、人物或关系模板，归并到核心概念
7066,暑气未散的放学路上感到共用雨伞时靠近的温度，成了后来常想起的画面,32,compressed,感到共用雨伞时靠近的温度,12,移除时间、地点、人物或关系模板，归并到核心概念
7067,暑气未散的放学路上收拾课桌时找到旧纸条，成了后来常想起的画面,30,compressed,收拾课桌时找到旧纸条,10,移除时间、地点、人物或关系模板，归并到核心概念
7068,雨落窗台的下午约好第二天在校门口见，成了后来常想起的画面,28,deleted,,0,模板变体、超长表达或配额外的同概念近似项
7069,暑气未散的放学路上把对方送的小皮筋戴在手腕，成了后来常想起的画面,32,compressed,把对方送的小皮筋戴在手腕,12,移除时间、地点、人物或关系模板，归并到核心概念
7070,暑气未散的放学路上在橡皮上刻下对方的缩写，成了后来常想起的画面,31,compressed,在橡皮上刻下对方的缩写,11,移除时间、地点、人物或关系模板，归并到核心概念
7071,暑气未散的放学路上在礼堂散场后寻找对方，成了后来常想起的画面,30,compressed,在礼堂散场后寻找对方,10,移除时间、地点、人物或关系模板，归并到核心概念
7072,暑气未散的放学路上一起搬运动会用的桌椅，成了后来常想起的画面,30,compressed,一起搬运动会用的桌椅,10,移除时间、地点、人物或关系模板，归并到核心概念
7073,暑气未散的放学路上记住冬天热水杯传来的暖意，成了后来常想起的画面,32,compressed,记住冬天热水杯传来的暖意,12,移除时间、地点、人物或关系模板，归并到核心概念
7074,暑气未散的放学路上离校前再走一遍熟悉的操场，成了后来常想起的画面,32,compressed,离校前再走一遍熟悉的操场,12,移除时间、地点、人物或关系模板，归并到核心概念
7075,雨落窗台的下午在操场看台说出喜欢，成了后来常想起的画面,27,deleted,,0,模板变体、超长表达或配额外的同概念近似项
7076,暑气未散的放学路上认出书包上新挂的钥匙扣，成了后来常想起的画面,31,compressed,认出书包上新挂的钥匙扣,11,移除时间、地点、人物或关系模板，归并到核心概念
7077,暑气未散的放学路上把复习资料装订得整整齐齐，成了后来常想起的画面,32,compressed,把复习资料装订得整整齐齐,12,移除时间、地点、人物或关系模板，归并到核心概念
7078,暑气未散的放学路上沿着操场跑道陪她慢慢走，成了后来常想起的画面,31,compressed,沿着操场跑道陪她慢慢走,11,移除时间、地点、人物或关系模板，归并到核心概念
7079,暑气未散的放学路上在社团排练后帮忙收器材，成了后来常想起的画面,31,compressed,在社团排练后帮忙收器材,11,移除时间、地点、人物或关系模板，归并到核心概念
7080,暑气未散的放学路上等春天樱花落在她肩上，成了后来常想起的画面,30,compressed,等春天樱花落在她肩上,10,移除时间、地点、人物或关系模板，归并到核心概念
7081,暑气未散的放学路上在校门口说出以后常联系，成了后来常想起的画面,31,compressed,在校门口说出以后常联系,11,移除时间、地点、人物或关系模板，归并到核心概念
7082,雨落窗台的下午把暗恋告诉最信任的同学，成了后来常想起的画面,29,deleted,,0,模板变体、超长表达或配额外的同概念近似项
7083,暑气未散的放学路上留意她每天更换的发卡，成了后来常想起的画面,30,compressed,留意她每天更换的发卡,10,移除时间、地点、人物或关系模板，归并到核心概念
7084,暑气未散的放学路上在错题本角落留下鼓励，成了后来常想起的画面,30,compressed,在错题本角落留下鼓励,10,移除时间、地点、人物或关系模板，归并到核心概念
7085,暑气未散的放学路上在篮球场边递上一瓶水，成了后来常想起的画面,30,compressed,在篮球场边递上一瓶水,10,移除时间、地点、人物或关系模板，归并到核心概念
7086,暑气未散的放学路上为对方的比赛偷偷加油，成了后来常想起的画面,30,compressed,为对方的比赛偷偷加油,10,移除时间、地点、人物或关系模板，归并到核心概念
7087,暑气未散的放学路上在盛夏风扇声里偷偷心动，成了后来常想起的画面,31,compressed,在盛夏风扇声里偷偷心动,11,移除时间、地点、人物或关系模板，归并到核心概念
7088,暑气未散的放学路上目送对方坐上不同方向的车，成了后来常想起的画面,32,compressed,目送对方坐上不同方向的车,12,移除时间、地点、人物或关系模板，归并到核心概念
7089,雨落窗台的下午收到对方认真回应的好感，成了后来常想起的画面,29,deleted,,0,模板变体、超长表达或配额外的同概念近似项
7090,暑气未散的放学路上记住帆布鞋踩过积水的声音，成了后来常想起的画面,32,deleted,,0,模板变体、超长表达或配额外的同概念近似项
7091,暑气未散的放学路上用同一本练习册对答案，成了后来常想起的画面,30,deleted,,0,模板变体、超长表达或配额外的同概念近似项
7092,暑气未散的放学路上在看台最高一排并肩坐着，成了后来常想起的画面,31,compressed,在看台最高一排并肩坐着,11,移除时间、地点、人物或关系模板，归并到核心概念
7093,暑气未散的放学路上在班级合唱时站到她旁边，成了后来常想起的画面,31,compressed,在班级合唱时站到她旁边,11,移除时间、地点、人物或关系模板，归并到核心概念
7094,暑气未散的放学路上看秋叶堆满放学的小路，成了后来常想起的画面,30,deleted,,0,模板变体、超长表达或配额外的同概念近似项
7095,暑气未散的放学路上发现最后一句聊天停在毕业快乐，成了后来常想起的画面,34,deleted,,0,模板变体、超长表达或配额外的同概念近似项
7096,雨落窗台的下午从同桌变成互相喜欢的人，成了后来常想起的画面,29,deleted,,0,模板变体、超长表达或配额外的同概念近似项
7097,暑气未散的放学路上看见运动服背后的班级号码，成了后来常想起的画面,32,deleted,,0,模板变体、超长表达或配额外的同概念近似项
7098,暑气未散的放学路上把借书卡藏进喜欢的书里，成了后来常想起的画面,31,deleted,,0,模板变体、超长表达或配额外的同概念近似项
7099,暑气未散的放学路上在体育馆门口等训练结束，成了后来常想起的画面,31,deleted,,0,模板变体、超长表达或配额外的同概念近似项
7100,暑气未散的放学路上假装随口询问周末安排，成了后来常想起的画面,30,deleted,,0,模板变体、超长表达或配额外的同概念近似项
7101,暑气未散的放学路上在初雪那天想和她一起走，成了后来常想起的画面,31,deleted,,0,模板变体、超长表达或配额外的同概念近似项
7102,暑气未散的放学路上因为去往不同城市慢慢失联，成了后来常想起的画面,32,deleted,,0,模板变体、超长表达或配额外的同概念近似项
7103,雨落窗台的下午在班级起哄中偷偷脸红，成了后来常想起的画面,28,deleted,,0,模板变体、超长表达或配额外的同概念近似项
7104,暑气未散的放学路上注意到对方紧张时攥住衣角，成了后来常想起的画面,32,deleted,,0,模板变体、超长表达或配额外的同概念近似项
7105,暑气未散的放学路上用值日表制造一起留下的机会，成了后来常想起的画面,33,deleted,,0,模板变体、超长表达或配额外的同概念近似项
7106,暑气未散的放学路上沿林荫道推着自行车同行，成了后来常想起的画面,31,deleted,,0,模板变体、超长表达或配额外的同概念近似项
7107,暑气未散的放学路上把好笑的事情第一个告诉她，成了后来常想起的画面,32,deleted,,0,模板变体、超长表达或配额外的同概念近似项
7108,暑气未散的放学路上记住六月毕业季的闷热，成了后来常想起的画面,30,deleted,,0,模板变体、超长表达或配额外的同概念近似项
7109,暑气未散的放学路上多年后翻到泛黄的毕业照，成了后来常想起的画面,31,deleted,,0,模板变体、超长表达或配额外的同概念近似项
7110,雨落窗台的下午交换只有两个人懂的暗号，成了后来常想起的画面,29,deleted,,0,模板变体、超长表达或配额外的同概念近似项
7111,暑气未散的放学路上记住少年骑车时鼓起的衣摆，成了后来常想起的画面,32,deleted,,0,模板变体、超长表达或配额外的同概念近似项
7112,暑气未散的放学路上在课程表上圈出共同的空课，成了后来常想起的画面,32,deleted,,0,模板变体、超长表达或配额外的同概念近似项
7113,暑气未散的放学路上在校门口犹豫要不要告别，成了后来常想起的画面,31,deleted,,0,模板变体、超长表达或配额外的同概念近似项
7114,暑气未散的放学路上聊天时等对方收拾完书包，成了后来常想起的画面,31,deleted,,0,模板变体、超长表达或配额外的同概念近似项
7115,暑气未散的放学路上在傍晚风里听见校服摩擦声，成了后来常想起的画面,32,deleted,,0,模板变体、超长表达或配额外的同概念近似项
7116,暑气未散的放学路上重回母校时寻找当年的座位，成了后来常想起的画面,32,deleted,,0,模板变体、超长表达或配额外的同概念近似项
7117,雨落窗台的下午第一次用恋人的身份说晚安，成了后来常想起的画面,30,deleted,,0,模板变体、超长表达或配额外的同概念近似项
7118,暑气未散的放学路上发现镜片后躲闪的目光，成了后来常想起的画面,30,deleted,,0,模板变体、超长表达或配额外的同概念近似项
7119,暑气未散的放学路上用广播点歌传递含蓄心意，成了后来常想起的画面,31,deleted,,0,模板变体、超长表达或配额外的同概念近似项
7120,暑气未散的放学路上在公交站陪对方等车，成了后来常想起的画面,29,deleted,,0,模板变体、超长表达或配额外的同概念近似项
7121,暑气未散的放学路上看见她睡着后压低说话声音，成了后来常想起的画面,32,deleted,,0,模板变体、超长表达或配额外的同概念近似项
7122,暑气未散的放学路上尝到小卖部冰汽水的甜味，成了后来常想起的画面,31,deleted,,0,模板变体、超长表达或配额外的同概念近似项
7123,暑气未散的放学路上听见校歌突然想起喜欢的人，成了后来常想起的画面,32,deleted,,0,模板变体、超长表达或配额外的同概念近似项
7124,雨落窗台的下午约定毕业以后也继续联系，成了后来常想起的画面,29,deleted,,0,模板变体、超长表达或配额外的同概念近似项
7125,暑气未散的放学路上在人群中认出那双熟悉的球鞋，成了后来常想起的画面,33,deleted,,0,模板变体、超长表达或配额外的同概念近似项
7126,暑气未散的放学路上约定用窗台上的水杯当暗号，成了后来常想起的画面,32,deleted,,0,模板变体、超长表达或配额外的同概念近似项
7127,暑气未散的放学路上绕远路走过两个人常走的小巷，成了后来常想起的画面,33,deleted,,0,模板变体、超长表达或配额外的同概念近似项
7128,暑气未散的放学路上把最后一颗糖留给喜欢的人，成了后来常想起的画面,32,deleted,,0,模板变体、超长表达或配额外的同概念近似项
7129,暑气未散的放学路上记住她经过时淡淡的洗衣粉香，成了后来常想起的画面,33,deleted,,0,模板变体、超长表达或配额外的同概念近似项
7130,暑气未散的放学路上意识到那次挥手已经是最后一面，成了后来常想起的画面,34,deleted,,0,模板变体、超长表达或配额外的同概念近似项
7131,暑气未散的放学路上和喜欢的人隔着课桌对视，成了后来常想起的画面,31,deleted,,0,模板变体、超长表达或配额外的同概念近似项
7132,毕业倒计时里风吹起她额前的刘海，成了后来常想起的画面,26,compressed,风吹起她额前的刘海,9,移除时间、地点、人物或关系模板，归并到核心概念
7133,毕业倒计时里递来一张折好的小纸条，成了后来常想起的画面,27,compressed,递来一张折好的小纸条,10,移除时间、地点、人物或关系模板，归并到核心概念
7134,毕业倒计时里在靠窗的座位等她出现，成了后来常想起的画面,27,compressed,在靠窗的座位等她出现,10,移除时间、地点、人物或关系模板，归并到核心概念
7135,毕业倒计时里把课堂笔记借给喜欢的人，成了后来常想起的画面,28,compressed,把课堂笔记借给喜欢的人,11,移除时间、地点、人物或关系模板，归并到核心概念
7136,毕业倒计时里听见窗外一阵很长的蝉鸣，成了后来常想起的画面,28,compressed,听见窗外一阵很长的蝉鸣,11,移除时间、地点、人物或关系模板，归并到核心概念
7137,毕业倒计时里在毕业册上写下一句祝福，成了后来常想起的画面,28,compressed,在毕业册上写下一句祝福,11,移除时间、地点、人物或关系模板，归并到核心概念
7138,暑气未散的放学路上发现同桌悄悄看向自己，成了后来常想起的画面,30,deleted,,0,模板变体、超长表达或配额外的同概念近似项
7139,毕业倒计时里看见她把刘海别到耳后，成了后来常想起的画面,27,compressed,看见她把刘海别到耳后,10,移除时间、地点、人物或关系模板，归并到核心概念
7140,毕业倒计时里在纸条背面写下回复，成了后来常想起的画面,26,compressed,在纸条背面写下回复,9,移除时间、地点、人物或关系模板，归并到核心概念
7141,毕业倒计时里经过对方班级的教室门口，成了后来常想起的画面,28,compressed,经过对方班级的教室门口,11,移除时间、地点、人物或关系模板，归并到核心概念
7142,毕业倒计时里耐心讲一道做错的题，成了后来常想起的画面,26,compressed,耐心讲一道做错的题,9,移除时间、地点、人物或关系模板，归并到核心概念
7143,毕业倒计时里听见下课铃盖过没说完的话，成了后来常想起的画面,29,compressed,听见下课铃盖过没说完的话,12,移除时间、地点、人物或关系模板，归并到核心概念
7144,毕业倒计时里把同学录最后一页留给她，成了后来常想起的画面,28,compressed,把同学录最后一页留给她,11,移除时间、地点、人物或关系模板，归并到核心概念
7145,暑气未散的放学路上把喜欢藏在课堂笔记里，成了后来常想起的画面,30,deleted,,0,模板变体、超长表达或配额外的同概念近似项
7146,毕业倒计时里注意到阳光落在她的发梢，成了后来常想起的画面,28,compressed,注意到阳光落在她的发梢,11,移除时间、地点、人物或关系模板，归并到核心概念
7147,毕业倒计时里把没送出的情书夹进书里，成了后来常想起的画面,28,compressed,把没送出的情书夹进书里,11,移除时间、地点、人物或关系模板，归并到核心概念
7148,毕业倒计时里在空教室里多停留一会儿，成了后来常想起的画面,28,compressed,在空教室里多停留一会儿,11,移除时间、地点、人物或关系模板，归并到核心概念
7149,毕业倒计时里一起背诵第二天要抽查的课文，成了后来常想起的画面,30,deleted,,0,模板变体、超长表达或配额外的同概念近似项
7150,毕业倒计时里记住篮球落地的回声，成了后来常想起的画面,26,compressed,记住篮球落地的回声,9,移除时间、地点、人物或关系模板，归并到核心概念
7151,毕业倒计时里在毕业照里悄悄站得更近，成了后来常想起的画面,28,compressed,在毕业照里悄悄站得更近,11,移除时间、地点、人物或关系模板，归并到核心概念
7152,暑气未散的放学路上借讲题的机会坐得更近，成了后来常想起的画面,30,deleted,,0,模板变体、超长表达或配额外的同概念近似项
7153,毕业倒计时里记住她低头笑时的酒窝，成了后来常想起的画面,27,compressed,记住她低头笑时的酒窝,10,移除时间、地点、人物或关系模板，归并到核心概念
7154,毕业倒计时里收到一封没有署名的情书，成了后来常想起的画面,28,compressed,收到一封没有署名的情书,11,移除时间、地点、人物或关系模板，归并到核心概念
7155,毕业倒计时里从教学楼走廊远远看见她，成了后来常想起的画面,28,compressed,从教学楼走廊远远看见她,11,移除时间、地点、人物或关系模板，归并到核心概念
7156,毕业倒计时里互相检查听写答案，成了后来常想起的画面,25,compressed,互相检查听写答案,8,移除时间、地点、人物或关系模板，归并到核心概念
7157,毕业倒计时里听见广播里放过的那首歌，成了后来常想起的画面,28,compressed,听见广播里放过的那首歌,11,移除时间、地点、人物或关系模板，归并到核心概念
7158,毕业倒计时里在校服背面签下名字，成了后来常想起的画面,26,compressed,在校服背面签下名字,9,移除时间、地点、人物或关系模板，归并到核心概念
7159,暑气未散的放学路上在走廊等喜欢的人经过，成了后来常想起的画面,30,deleted,,0,模板变体、超长表达或配额外的同概念近似项
7160,毕业倒计时里发现她见面前认真扎好头发，成了后来常想起的画面,29,compressed,发现她见面前认真扎好头发,12,移除时间、地点、人物或关系模板，归并到核心概念
7161,毕业倒计时里在便利贴上画一颗小心心，成了后来常想起的画面,28,compressed,在便利贴上画一颗小心心,11,移除时间、地点、人物或关系模板，归并到核心概念
7162,毕业倒计时里在楼梯转角意外遇见喜欢的人，成了后来常想起的画面,30,deleted,,0,模板变体、超长表达或配额外的同概念近似项
7163,毕业倒计时里替对方保管暂时没收的手机，成了后来常想起的画面,29,compressed,替对方保管暂时没收的手机,12,移除时间、地点、人物或关系模板，归并到核心概念
7164,毕业倒计时里看见晨光落在她的课桌上，成了后来常想起的画面,28,compressed,看见晨光落在她的课桌上,11,移除时间、地点、人物或关系模板，归并到核心概念
7165,毕业倒计时里把没送出的情书带回家，成了后来常想起的画面,27,compressed,把没送出的情书带回家,10,移除时间、地点、人物或关系模板，归并到核心概念
7166,暑气未散的放学路上课间绕路去隔壁班门口，成了后来常想起的画面,30,deleted,,0,模板变体、超长表达或配额外的同概念近似项
7167,毕业倒计时里看见她穿着宽大的校服外套，成了后来常想起的画面,29,compressed,看见她穿着宽大的校服外套,12,移除时间、地点、人物或关系模板，归并到核心概念
7168,毕业倒计时里把名字写在同一张草稿纸上，成了后来常想起的画面,29,compressed,把名字写在同一张草稿纸上,12,移除时间、地点、人物或关系模板，归并到核心概念
7169,毕业倒计时里绕路经过她常去的饮水机，成了后来常想起的画面,28,compressed,绕路经过她常去的饮水机,11,移除时间、地点、人物或关系模板，归并到核心概念
7170,毕业倒计时里给趴在桌上的人留一盒牛奶，成了后来常想起的画面,29,compressed,给趴在桌上的人留一盒牛奶,12,移除时间、地点、人物或关系模板，归并到核心概念
7171,毕业倒计时里看见晚霞穿过教学楼窗户，成了后来常想起的画面,28,compressed,看见晚霞穿过教学楼窗户,11,移除时间、地点、人物或关系模板，归并到核心概念
7172,毕业倒计时里错过毕业前最后一次告白，成了后来常想起的画面,28,compressed,错过毕业前最后一次告白,11,移除时间、地点、人物或关系模板，归并到核心概念
7173,暑气未散的放学路上替心动对象去小卖部带饮料，成了后来常想起的画面,32,deleted,,0,模板变体、超长表达或配额外的同概念近似项
7174,毕业倒计时里认出人群里熟悉的校服衣角，成了后来常想起的画面,29,compressed,认出人群里熟悉的校服衣角,12,移除时间、地点、人物或关系模板，归并到核心概念
7175,毕业倒计时里交换一根代表好感的小皮筋，成了后来常想起的画面,29,compressed,交换一根代表好感的小皮筋,12,移除时间、地点、人物或关系模板，归并到核心概念
7176,毕业倒计时里在图书馆同一排书架重逢，成了后来常想起的画面,28,compressed,在图书馆同一排书架重逢,11,移除时间、地点、人物或关系模板，归并到核心概念
7177,毕业倒计时里提醒喜欢的人带伞，成了后来常想起的画面,25,compressed,提醒喜欢的人带伞,8,移除时间、地点、人物或关系模板，归并到核心概念
7178,毕业倒计时里记住树影在校服上轻轻晃动，成了后来常想起的画面,29,compressed,记住树影在校服上轻轻晃动,12,移除时间、地点、人物或关系模板，归并到核心概念
7179,毕业倒计时里把喜欢藏进高考结束的夏天，成了后来常想起的画面,29,compressed,把喜欢藏进高考结束的夏天,12,移除时间、地点、人物或关系模板，归并到核心概念
7180,暑气未散的放学路上在人群中寻找熟悉的校服背影，成了后来常想起的画面,33,deleted,,0,模板变体、超长表达或配额外的同概念近似项
7181,毕业倒计时里替对方整理歪掉的校服领口，成了后来常想起的画面,29,compressed,替对方整理歪掉的校服领口,12,移除时间、地点、人物或关系模板，归并到核心概念
7182,毕业倒计时里把校服第二颗纽扣留作纪念，成了后来常想起的画面,29,compressed,把校服第二颗纽扣留作纪念,12,移除时间、地点、人物或关系模板，归并到核心概念
7183,毕业倒计时里在自习室替对方留一个座位，成了后来常想起的画面,29,compressed,在自习室替对方留一个座位,12,移除时间、地点、人物或关系模板，归并到核心概念
7184,毕业倒计时里把自己的外套借给对方，成了后来常想起的画面,27,compressed,把自己的外套借给对方,10,移除时间、地点、人物或关系模板，归并到核心概念
7185,毕业倒计时里看见雨水沿着教室玻璃滑下，成了后来常想起的画面,29,compressed,看见雨水沿着教室玻璃滑下,12,移除时间、地点、人物或关系模板，归并到核心概念
7186,毕业倒计时里约定收到录取通知后再见，成了后来常想起的画面,28,compressed,约定收到录取通知后再见,11,移除时间、地点、人物或关系模板，归并到核心概念
7187,暑气未散的放学路上放学后并肩走出校门，成了后来常想起的画面,29,deleted,,0,模板变体、超长表达或配额外的同概念近似项
7188,毕业倒计时里注意到校服袖口写着名字，成了后来常想起的画面,28,compressed,注意到校服袖口写着名字,11,移除时间、地点、人物或关系模板，归并到核心概念
7189,毕业倒计时里送出成对的钥匙扣，成了后来常想起的画面,25,compressed,送出成对的钥匙扣,8,移除时间、地点、人物或关系模板，归并到核心概念
7190,毕业倒计时里在小卖部门口假装偶遇，成了后来常想起的画面,27,compressed,在小卖部门口假装偶遇,10,移除时间、地点、人物或关系模板，归并到核心概念
7191,毕业倒计时里记住她不吃的食堂菜，成了后来常想起的画面,26,compressed,记住她不吃的食堂菜,9,移除时间、地点、人物或关系模板，归并到核心概念
7192,毕业倒计时里闻到新课本混着油墨的气味，成了后来常想起的画面,29,compressed,闻到新课本混着油墨的气味,12,移除时间、地点、人物或关系模板，归并到核心概念
7193,毕业倒计时里在散伙饭上忍住没说的话，成了后来常想起的画面,28,compressed,在散伙饭上忍住没说的话,11,移除时间、地点、人物或关系模板，归并到核心概念
7194,暑气未散的放学路上推着自行车陪对方慢慢走，成了后来常想起的画面,31,deleted,,0,模板变体、超长表达或配额外的同概念近似项
7195,毕业倒计时里看见白衬衫被晚霞染成金色，成了后来常想起的画面,29,compressed,看见白衬衫被晚霞染成金色,12,移除时间、地点、人物或关系模板，归并到核心概念
7196,毕业倒计时里互换写着祝福的书签，成了后来常想起的画面,26,compressed,互换写着祝福的书签,9,移除时间、地点、人物或关系模板，归并到核心概念
7197,毕业倒计时里在食堂排队时站到她身后，成了后来常想起的画面,28,compressed,在食堂排队时站到她身后,11,移除时间、地点、人物或关系模板，归并到核心概念
7198,毕业倒计时里替迟到的人悄悄留门，成了后来常想起的画面,26,compressed,替迟到的人悄悄留门,9,移除时间、地点、人物或关系模板，归并到核心概念
7199,毕业倒计时里记住雨后塑胶跑道的气味，成了后来常想起的画面,28,compressed,记住雨后塑胶跑道的气味,11,移除时间、地点、人物或关系模板，归并到核心概念
7200,毕业倒计时里听完最后一次校园广播，成了后来常想起的画面,27,compressed,听完最后一次校园广播,10,移除时间、地点、人物或关系模板，归并到核心概念
7201,暑气未散的放学路上一起等最后一班公交车，成了后来常想起的画面,30,deleted,,0,模板变体、超长表达或配额外的同概念近似项
7202,毕业倒计时里发现手腕上多了一根小皮筋，成了后来常想起的画面,29,compressed,发现手腕上多了一根小皮筋,12,移除时间、地点、人物或关系模板，归并到核心概念
7203,毕业倒计时里借出一支舍不得收回的笔，成了后来常想起的画面,28,compressed,借出一支舍不得收回的笔,11,移除时间、地点、人物或关系模板，归并到核心概念
7204,毕业倒计时里在校园广播站等一首点歌，成了后来常想起的画面,28,compressed,在校园广播站等一首点歌,11,移除时间、地点、人物或关系模板，归并到核心概念
7205,毕业倒计时里在值日时一起擦黑板，成了后来常想起的画面,26,compressed,在值日时一起擦黑板,9,移除时间、地点、人物或关系模板，归并到核心概念
7206,毕业倒计时里感到共用雨伞时靠近的温度，成了后来常想起的画面,29,compressed,感到共用雨伞时靠近的温度,12,移除时间、地点、人物或关系模板，归并到核心概念
7207,毕业倒计时里收拾课桌时找到旧纸条，成了后来常想起的画面,27,compressed,收拾课桌时找到旧纸条,10,移除时间、地点、人物或关系模板，归并到核心概念
7208,暑气未散的放学路上约好第二天在校门口见，成了后来常想起的画面,30,deleted,,0,模板变体、超长表达或配额外的同概念近似项
7209,毕业倒计时里把对方送的小皮筋戴在手腕，成了后来常想起的画面,29,compressed,把对方送的小皮筋戴在手腕,12,移除时间、地点、人物或关系模板，归并到核心概念
7210,毕业倒计时里在橡皮上刻下对方的缩写，成了后来常想起的画面,28,compressed,在橡皮上刻下对方的缩写,11,移除时间、地点、人物或关系模板，归并到核心概念
7211,毕业倒计时里在礼堂散场后寻找对方，成了后来常想起的画面,27,compressed,在礼堂散场后寻找对方,10,移除时间、地点、人物或关系模板，归并到核心概念
7212,毕业倒计时里一起搬运动会用的桌椅，成了后来常想起的画面,27,compressed,一起搬运动会用的桌椅,10,移除时间、地点、人物或关系模板，归并到核心概念
7213,毕业倒计时里记住冬天热水杯传来的暖意，成了后来常想起的画面,29,compressed,记住冬天热水杯传来的暖意,12,移除时间、地点、人物或关系模板，归并到核心概念
7214,毕业倒计时里离校前再走一遍熟悉的操场，成了后来常想起的画面,29,compressed,离校前再走一遍熟悉的操场,12,移除时间、地点、人物或关系模板，归并到核心概念
7215,暑气未散的放学路上在操场看台说出喜欢，成了后来常想起的画面,29,deleted,,0,模板变体、超长表达或配额外的同概念近似项
7216,毕业倒计时里认出书包上新挂的钥匙扣，成了后来常想起的画面,28,compressed,认出书包上新挂的钥匙扣,11,移除时间、地点、人物或关系模板，归并到核心概念
7217,毕业倒计时里把复习资料装订得整整齐齐，成了后来常想起的画面,29,compressed,把复习资料装订得整整齐齐,12,移除时间、地点、人物或关系模板，归并到核心概念
7218,毕业倒计时里沿着操场跑道陪她慢慢走，成了后来常想起的画面,28,compressed,沿着操场跑道陪她慢慢走,11,移除时间、地点、人物或关系模板，归并到核心概念
7219,毕业倒计时里在社团排练后帮忙收器材，成了后来常想起的画面,28,compressed,在社团排练后帮忙收器材,11,移除时间、地点、人物或关系模板，归并到核心概念
7220,毕业倒计时里等春天樱花落在她肩上，成了后来常想起的画面,27,compressed,等春天樱花落在她肩上,10,移除时间、地点、人物或关系模板，归并到核心概念
7221,毕业倒计时里在校门口说出以后常联系，成了后来常想起的画面,28,compressed,在校门口说出以后常联系,11,移除时间、地点、人物或关系模板，归并到核心概念
7222,暑气未散的放学路上把暗恋告诉最信任的同学，成了后来常想起的画面,31,deleted,,0,模板变体、超长表达或配额外的同概念近似项
7223,毕业倒计时里留意她每天更换的发卡，成了后来常想起的画面,27,compressed,留意她每天更换的发卡,10,移除时间、地点、人物或关系模板，归并到核心概念
7224,毕业倒计时里在错题本角落留下鼓励，成了后来常想起的画面,27,compressed,在错题本角落留下鼓励,10,移除时间、地点、人物或关系模板，归并到核心概念
7225,毕业倒计时里在篮球场边递上一瓶水，成了后来常想起的画面,27,compressed,在篮球场边递上一瓶水,10,移除时间、地点、人物或关系模板，归并到核心概念
7226,毕业倒计时里为对方的比赛偷偷加油，成了后来常想起的画面,27,compressed,为对方的比赛偷偷加油,10,移除时间、地点、人物或关系模板，归并到核心概念
7227,毕业倒计时里在盛夏风扇声里偷偷心动，成了后来常想起的画面,28,compressed,在盛夏风扇声里偷偷心动,11,移除时间、地点、人物或关系模板，归并到核心概念
7228,毕业倒计时里目送对方坐上不同方向的车，成了后来常想起的画面,29,compressed,目送对方坐上不同方向的车,12,移除时间、地点、人物或关系模板，归并到核心概念
7229,暑气未散的放学路上收到对方认真回应的好感，成了后来常想起的画面,31,deleted,,0,模板变体、超长表达或配额外的同概念近似项
7230,毕业倒计时里记住帆布鞋踩过积水的声音，成了后来常想起的画面,29,deleted,,0,模板变体、超长表达或配额外的同概念近似项
7231,毕业倒计时里用同一本练习册对答案，成了后来常想起的画面,27,deleted,,0,模板变体、超长表达或配额外的同概念近似项
7232,毕业倒计时里在看台最高一排并肩坐着，成了后来常想起的画面,28,compressed,在看台最高一排并肩坐着,11,移除时间、地点、人物或关系模板，归并到核心概念
7233,毕业倒计时里在班级合唱时站到她旁边，成了后来常想起的画面,28,compressed,在班级合唱时站到她旁边,11,移除时间、地点、人物或关系模板，归并到核心概念
7234,毕业倒计时里看秋叶堆满放学的小路，成了后来常想起的画面,27,deleted,,0,模板变体、超长表达或配额外的同概念近似项
7235,毕业倒计时里发现最后一句聊天停在毕业快乐，成了后来常想起的画面,31,deleted,,0,模板变体、超长表达或配额外的同概念近似项
7236,暑气未散的放学路上从同桌变成互相喜欢的人，成了后来常想起的画面,31,deleted,,0,模板变体、超长表达或配额外的同概念近似项
7237,毕业倒计时里看见运动服背后的班级号码，成了后来常想起的画面,29,deleted,,0,模板变体、超长表达或配额外的同概念近似项
7238,毕业倒计时里把借书卡藏进喜欢的书里，成了后来常想起的画面,28,deleted,,0,模板变体、超长表达或配额外的同概念近似项
7239,毕业倒计时里在体育馆门口等训练结束，成了后来常想起的画面,28,deleted,,0,模板变体、超长表达或配额外的同概念近似项
7240,毕业倒计时里假装随口询问周末安排，成了后来常想起的画面,27,deleted,,0,模板变体、超长表达或配额外的同概念近似项
7241,毕业倒计时里在初雪那天想和她一起走，成了后来常想起的画面,28,deleted,,0,模板变体、超长表达或配额外的同概念近似项
7242,毕业倒计时里因为去往不同城市慢慢失联，成了后来常想起的画面,29,deleted,,0,模板变体、超长表达或配额外的同概念近似项
7243,暑气未散的放学路上在班级起哄中偷偷脸红，成了后来常想起的画面,30,deleted,,0,模板变体、超长表达或配额外的同概念近似项
7244,毕业倒计时里注意到对方紧张时攥住衣角，成了后来常想起的画面,29,deleted,,0,模板变体、超长表达或配额外的同概念近似项
7245,毕业倒计时里用值日表制造一起留下的机会，成了后来常想起的画面,30,deleted,,0,模板变体、超长表达或配额外的同概念近似项
7246,毕业倒计时里沿林荫道推着自行车同行，成了后来常想起的画面,28,deleted,,0,模板变体、超长表达或配额外的同概念近似项
7247,毕业倒计时里把好笑的事情第一个告诉她，成了后来常想起的画面,29,deleted,,0,模板变体、超长表达或配额外的同概念近似项
7248,毕业倒计时里记住六月毕业季的闷热，成了后来常想起的画面,27,deleted,,0,模板变体、超长表达或配额外的同概念近似项
7249,毕业倒计时里多年后翻到泛黄的毕业照，成了后来常想起的画面,28,deleted,,0,模板变体、超长表达或配额外的同概念近似项
7250,暑气未散的放学路上交换只有两个人懂的暗号，成了后来常想起的画面,31,deleted,,0,模板变体、超长表达或配额外的同概念近似项
7251,毕业倒计时里记住少年骑车时鼓起的衣摆，成了后来常想起的画面,29,deleted,,0,模板变体、超长表达或配额外的同概念近似项
7252,毕业倒计时里在课程表上圈出共同的空课，成了后来常想起的画面,29,deleted,,0,模板变体、超长表达或配额外的同概念近似项
7253,毕业倒计时里在校门口犹豫要不要告别，成了后来常想起的画面,28,deleted,,0,模板变体、超长表达或配额外的同概念近似项
7254,毕业倒计时里聊天时等对方收拾完书包，成了后来常想起的画面,28,deleted,,0,模板变体、超长表达或配额外的同概念近似项
7255,毕业倒计时里在傍晚风里听见校服摩擦声，成了后来常想起的画面,29,deleted,,0,模板变体、超长表达或配额外的同概念近似项
7256,毕业倒计时里重回母校时寻找当年的座位，成了后来常想起的画面,29,deleted,,0,模板变体、超长表达或配额外的同概念近似项
7257,暑气未散的放学路上第一次用恋人的身份说晚安，成了后来常想起的画面,32,deleted,,0,模板变体、超长表达或配额外的同概念近似项
7258,毕业倒计时里发现镜片后躲闪的目光，成了后来常想起的画面,27,deleted,,0,模板变体、超长表达或配额外的同概念近似项
7259,毕业倒计时里用广播点歌传递含蓄心意，成了后来常想起的画面,28,deleted,,0,模板变体、超长表达或配额外的同概念近似项
7260,毕业倒计时里在公交站陪对方等车，成了后来常想起的画面,26,deleted,,0,模板变体、超长表达或配额外的同概念近似项
7261,毕业倒计时里看见她睡着后压低说话声音，成了后来常想起的画面,29,deleted,,0,模板变体、超长表达或配额外的同概念近似项
7262,毕业倒计时里尝到小卖部冰汽水的甜味，成了后来常想起的画面,28,deleted,,0,模板变体、超长表达或配额外的同概念近似项
7263,毕业倒计时里听见校歌突然想起喜欢的人，成了后来常想起的画面,29,deleted,,0,模板变体、超长表达或配额外的同概念近似项
7264,暑气未散的放学路上约定毕业以后也继续联系，成了后来常想起的画面,31,deleted,,0,模板变体、超长表达或配额外的同概念近似项
7265,毕业倒计时里在人群中认出那双熟悉的球鞋，成了后来常想起的画面,30,deleted,,0,模板变体、超长表达或配额外的同概念近似项
7266,毕业倒计时里约定用窗台上的水杯当暗号，成了后来常想起的画面,29,deleted,,0,模板变体、超长表达或配额外的同概念近似项
7267,毕业倒计时里绕远路走过两个人常走的小巷，成了后来常想起的画面,30,deleted,,0,模板变体、超长表达或配额外的同概念近似项
7268,毕业倒计时里把最后一颗糖留给喜欢的人，成了后来常想起的画面,29,deleted,,0,模板变体、超长表达或配额外的同概念近似项
7269,毕业倒计时里记住她经过时淡淡的洗衣粉香，成了后来常想起的画面,30,deleted,,0,模板变体、超长表达或配额外的同概念近似项
7270,毕业倒计时里意识到那次挥手已经是最后一面，成了后来常想起的画面,31,deleted,,0,模板变体、超长表达或配额外的同概念近似项
7271,毕业倒计时里和喜欢的人隔着课桌对视，成了后来常想起的画面,28,deleted,,0,模板变体、超长表达或配额外的同概念近似项
7272,看到别人也在早读晨光里风吹起她额前的刘海,20,compressed,风吹起她额前的刘海,9,移除时间、地点、人物或关系模板，归并到核心概念
7273,看到别人也在早读晨光里递来一张折好的小纸条,21,compressed,递来一张折好的小纸条,10,移除时间、地点、人物或关系模板，归并到核心概念
7274,看到别人也在早读晨光里在靠窗的座位等她出现,21,compressed,在靠窗的座位等她出现,10,移除时间、地点、人物或关系模板，归并到核心概念
7275,看到别人也在早读晨光里把课堂笔记借给喜欢的人,22,compressed,把课堂笔记借给喜欢的人,11,移除时间、地点、人物或关系模板，归并到核心概念
7276,看到别人也在早读晨光里听见窗外一阵很长的蝉鸣,22,compressed,听见窗外一阵很长的蝉鸣,11,移除时间、地点、人物或关系模板，归并到核心概念
7277,看到别人也在早读晨光里在毕业册上写下一句祝福,22,compressed,在毕业册上写下一句祝福,11,移除时间、地点、人物或关系模板，归并到核心概念
7278,毕业倒计时里发现同桌悄悄看向自己，成了后来常想起的画面,27,deleted,,0,模板变体、超长表达或配额外的同概念近似项
7279,看到别人也在早读晨光里看见她把刘海别到耳后,21,compressed,看见她把刘海别到耳后,10,移除时间、地点、人物或关系模板，归并到核心概念
7280,看到别人也在早读晨光里在纸条背面写下回复,20,compressed,在纸条背面写下回复,9,移除时间、地点、人物或关系模板，归并到核心概念
7281,看到别人也在早读晨光里经过对方班级的教室门口,22,compressed,经过对方班级的教室门口,11,移除时间、地点、人物或关系模板，归并到核心概念
7282,看到别人也在早读晨光里耐心讲一道做错的题,20,compressed,耐心讲一道做错的题,9,移除时间、地点、人物或关系模板，归并到核心概念
7283,看到别人也在早读晨光里听见下课铃盖过没说完的话,23,compressed,听见下课铃盖过没说完的话,12,移除时间、地点、人物或关系模板，归并到核心概念
7284,看到别人也在早读晨光里把同学录最后一页留给她,22,compressed,把同学录最后一页留给她,11,移除时间、地点、人物或关系模板，归并到核心概念
7285,毕业倒计时里把喜欢藏在课堂笔记里，成了后来常想起的画面,27,deleted,,0,模板变体、超长表达或配额外的同概念近似项
7286,看到别人也在早读晨光里注意到阳光落在她的发梢,22,compressed,注意到阳光落在她的发梢,11,移除时间、地点、人物或关系模板，归并到核心概念
7287,看到别人也在早读晨光里把没送出的情书夹进书里,22,compressed,把没送出的情书夹进书里,11,移除时间、地点、人物或关系模板，归并到核心概念
7288,看到别人也在早读晨光里在空教室里多停留一会儿,22,compressed,在空教室里多停留一会儿,11,移除时间、地点、人物或关系模板，归并到核心概念
7289,看到别人也在早读晨光里一起背诵第二天要抽查的课文,24,deleted,,0,模板变体、超长表达或配额外的同概念近似项
7290,看到别人也在早读晨光里记住篮球落地的回声,20,compressed,记住篮球落地的回声,9,移除时间、地点、人物或关系模板，归并到核心概念
7291,看到别人也在早读晨光里在毕业照里悄悄站得更近,22,compressed,在毕业照里悄悄站得更近,11,移除时间、地点、人物或关系模板，归并到核心概念
7292,毕业倒计时里借讲题的机会坐得更近，成了后来常想起的画面,27,deleted,,0,模板变体、超长表达或配额外的同概念近似项
7293,看到别人也在早读晨光里记住她低头笑时的酒窝,21,compressed,记住她低头笑时的酒窝,10,移除时间、地点、人物或关系模板，归并到核心概念
7294,看到别人也在早读晨光里收到一封没有署名的情书,22,compressed,收到一封没有署名的情书,11,移除时间、地点、人物或关系模板，归并到核心概念
7295,看到别人也在早读晨光里从教学楼走廊远远看见她,22,compressed,从教学楼走廊远远看见她,11,移除时间、地点、人物或关系模板，归并到核心概念
7296,看到别人也在早读晨光里互相检查听写答案,19,compressed,互相检查听写答案,8,移除时间、地点、人物或关系模板，归并到核心概念
7297,看到别人也在早读晨光里听见广播里放过的那首歌,22,compressed,听见广播里放过的那首歌,11,移除时间、地点、人物或关系模板，归并到核心概念
7298,看到别人也在早读晨光里在校服背面签下名字,20,compressed,在校服背面签下名字,9,移除时间、地点、人物或关系模板，归并到核心概念
7299,毕业倒计时里在走廊等喜欢的人经过，成了后来常想起的画面,27,deleted,,0,模板变体、超长表达或配额外的同概念近似项
7300,看到别人也在早读晨光里发现她见面前认真扎好头发,23,compressed,发现她见面前认真扎好头发,12,移除时间、地点、人物或关系模板，归并到核心概念
7301,看到别人也在早读晨光里在便利贴上画一颗小心心,22,compressed,在便利贴上画一颗小心心,11,移除时间、地点、人物或关系模板，归并到核心概念
7302,看到别人也在早读晨光里在楼梯转角意外遇见喜欢的人,24,deleted,,0,模板变体、超长表达或配额外的同概念近似项
7303,看到别人也在早读晨光里替对方保管暂时没收的手机,23,compressed,替对方保管暂时没收的手机,12,移除时间、地点、人物或关系模板，归并到核心概念
7304,看到别人也在早读晨光里看见晨光落在她的课桌上,22,compressed,看见晨光落在她的课桌上,11,移除时间、地点、人物或关系模板，归并到核心概念
7305,看到别人也在早读晨光里把没送出的情书带回家,21,compressed,把没送出的情书带回家,10,移除时间、地点、人物或关系模板，归并到核心概念
7306,毕业倒计时里课间绕路去隔壁班门口，成了后来常想起的画面,27,deleted,,0,模板变体、超长表达或配额外的同概念近似项
7307,看到别人也在早读晨光里看见她穿着宽大的校服外套,23,compressed,看见她穿着宽大的校服外套,12,移除时间、地点、人物或关系模板，归并到核心概念
7308,看到别人也在早读晨光里把名字写在同一张草稿纸上,23,compressed,把名字写在同一张草稿纸上,12,移除时间、地点、人物或关系模板，归并到核心概念
7309,看到别人也在早读晨光里绕路经过她常去的饮水机,22,compressed,绕路经过她常去的饮水机,11,移除时间、地点、人物或关系模板，归并到核心概念
7310,看到别人也在早读晨光里给趴在桌上的人留一盒牛奶,23,compressed,给趴在桌上的人留一盒牛奶,12,移除时间、地点、人物或关系模板，归并到核心概念
7311,看到别人也在早读晨光里看见晚霞穿过教学楼窗户,22,compressed,看见晚霞穿过教学楼窗户,11,移除时间、地点、人物或关系模板，归并到核心概念
7312,看到别人也在早读晨光里错过毕业前最后一次告白,22,compressed,错过毕业前最后一次告白,11,移除时间、地点、人物或关系模板，归并到核心概念
7313,毕业倒计时里替心动对象去小卖部带饮料，成了后来常想起的画面,29,deleted,,0,模板变体、超长表达或配额外的同概念近似项
7314,看到别人也在早读晨光里认出人群里熟悉的校服衣角,23,compressed,认出人群里熟悉的校服衣角,12,移除时间、地点、人物或关系模板，归并到核心概念
7315,看到别人也在早读晨光里交换一根代表好感的小皮筋,23,compressed,交换一根代表好感的小皮筋,12,移除时间、地点、人物或关系模板，归并到核心概念
7316,看到别人也在早读晨光里在图书馆同一排书架重逢,22,compressed,在图书馆同一排书架重逢,11,移除时间、地点、人物或关系模板，归并到核心概念
7317,看到别人也在早读晨光里提醒喜欢的人带伞,19,compressed,提醒喜欢的人带伞,8,移除时间、地点、人物或关系模板，归并到核心概念
7318,看到别人也在早读晨光里记住树影在校服上轻轻晃动,23,compressed,记住树影在校服上轻轻晃动,12,移除时间、地点、人物或关系模板，归并到核心概念
7319,看到别人也在早读晨光里把喜欢藏进高考结束的夏天,23,compressed,把喜欢藏进高考结束的夏天,12,移除时间、地点、人物或关系模板，归并到核心概念
7320,毕业倒计时里在人群中寻找熟悉的校服背影，成了后来常想起的画面,30,deleted,,0,模板变体、超长表达或配额外的同概念近似项
7321,看到别人也在早读晨光里替对方整理歪掉的校服领口,23,compressed,替对方整理歪掉的校服领口,12,移除时间、地点、人物或关系模板，归并到核心概念
7322,看到别人也在早读晨光里把校服第二颗纽扣留作纪念,23,compressed,把校服第二颗纽扣留作纪念,12,移除时间、地点、人物或关系模板，归并到核心概念
7323,看到别人也在早读晨光里在自习室替对方留一个座位,23,compressed,在自习室替对方留一个座位,12,移除时间、地点、人物或关系模板，归并到核心概念
7324,看到别人也在早读晨光里把自己的外套借给对方,21,compressed,把自己的外套借给对方,10,移除时间、地点、人物或关系模板，归并到核心概念
7325,看到别人也在早读晨光里看见雨水沿着教室玻璃滑下,23,compressed,看见雨水沿着教室玻璃滑下,12,移除时间、地点、人物或关系模板，归并到核心概念
7326,看到别人也在早读晨光里约定收到录取通知后再见,22,compressed,约定收到录取通知后再见,11,移除时间、地点、人物或关系模板，归并到核心概念
7327,毕业倒计时里放学后并肩走出校门，成了后来常想起的画面,26,deleted,,0,模板变体、超长表达或配额外的同概念近似项
7328,看到别人也在早读晨光里注意到校服袖口写着名字,22,compressed,注意到校服袖口写着名字,11,移除时间、地点、人物或关系模板，归并到核心概念
7329,看到别人也在早读晨光里送出成对的钥匙扣,19,compressed,送出成对的钥匙扣,8,移除时间、地点、人物或关系模板，归并到核心概念
7330,看到别人也在早读晨光里在小卖部门口假装偶遇,21,compressed,在小卖部门口假装偶遇,10,移除时间、地点、人物或关系模板，归并到核心概念
7331,看到别人也在早读晨光里记住她不吃的食堂菜,20,compressed,记住她不吃的食堂菜,9,移除时间、地点、人物或关系模板，归并到核心概念
7332,看到别人也在早读晨光里闻到新课本混着油墨的气味,23,compressed,闻到新课本混着油墨的气味,12,移除时间、地点、人物或关系模板，归并到核心概念
7333,看到别人也在早读晨光里在散伙饭上忍住没说的话,22,compressed,在散伙饭上忍住没说的话,11,移除时间、地点、人物或关系模板，归并到核心概念
7334,毕业倒计时里推着自行车陪对方慢慢走，成了后来常想起的画面,28,deleted,,0,模板变体、超长表达或配额外的同概念近似项
7335,看到别人也在早读晨光里看见白衬衫被晚霞染成金色,23,compressed,看见白衬衫被晚霞染成金色,12,移除时间、地点、人物或关系模板，归并到核心概念
7336,看到别人也在早读晨光里互换写着祝福的书签,20,compressed,互换写着祝福的书签,9,移除时间、地点、人物或关系模板，归并到核心概念
7337,看到别人也在早读晨光里在食堂排队时站到她身后,22,compressed,在食堂排队时站到她身后,11,移除时间、地点、人物或关系模板，归并到核心概念
7338,看到别人也在早读晨光里替迟到的人悄悄留门,20,compressed,替迟到的人悄悄留门,9,移除时间、地点、人物或关系模板，归并到核心概念
7339,看到别人也在早读晨光里记住雨后塑胶跑道的气味,22,compressed,记住雨后塑胶跑道的气味,11,移除时间、地点、人物或关系模板，归并到核心概念
7340,看到别人也在早读晨光里听完最后一次校园广播,21,compressed,听完最后一次校园广播,10,移除时间、地点、人物或关系模板，归并到核心概念
7341,毕业倒计时里一起等最后一班公交车，成了后来常想起的画面,27,deleted,,0,模板变体、超长表达或配额外的同概念近似项
7342,看到别人也在早读晨光里发现手腕上多了一根小皮筋,23,compressed,发现手腕上多了一根小皮筋,12,移除时间、地点、人物或关系模板，归并到核心概念
7343,看到别人也在早读晨光里借出一支舍不得收回的笔,22,compressed,借出一支舍不得收回的笔,11,移除时间、地点、人物或关系模板，归并到核心概念
7344,看到别人也在早读晨光里在校园广播站等一首点歌,22,compressed,在校园广播站等一首点歌,11,移除时间、地点、人物或关系模板，归并到核心概念
7345,看到别人也在早读晨光里在值日时一起擦黑板,20,compressed,在值日时一起擦黑板,9,移除时间、地点、人物或关系模板，归并到核心概念
7346,看到别人也在早读晨光里感到共用雨伞时靠近的温度,23,compressed,感到共用雨伞时靠近的温度,12,移除时间、地点、人物或关系模板，归并到核心概念
7347,看到别人也在早读晨光里收拾课桌时找到旧纸条,21,compressed,收拾课桌时找到旧纸条,10,移除时间、地点、人物或关系模板，归并到核心概念
7348,毕业倒计时里约好第二天在校门口见，成了后来常想起的画面,27,deleted,,0,模板变体、超长表达或配额外的同概念近似项
7349,看到别人也在早读晨光里把对方送的小皮筋戴在手腕,23,compressed,把对方送的小皮筋戴在手腕,12,移除时间、地点、人物或关系模板，归并到核心概念
7350,看到别人也在早读晨光里在橡皮上刻下对方的缩写,22,compressed,在橡皮上刻下对方的缩写,11,移除时间、地点、人物或关系模板，归并到核心概念
7351,看到别人也在早读晨光里在礼堂散场后寻找对方,21,compressed,在礼堂散场后寻找对方,10,移除时间、地点、人物或关系模板，归并到核心概念
7352,看到别人也在早读晨光里一起搬运动会用的桌椅,21,compressed,一起搬运动会用的桌椅,10,移除时间、地点、人物或关系模板，归并到核心概念
7353,看到别人也在早读晨光里记住冬天热水杯传来的暖意,23,compressed,记住冬天热水杯传来的暖意,12,移除时间、地点、人物或关系模板，归并到核心概念
7354,看到别人也在早读晨光里离校前再走一遍熟悉的操场,23,compressed,离校前再走一遍熟悉的操场,12,移除时间、地点、人物或关系模板，归并到核心概念
7355,毕业倒计时里在操场看台说出喜欢，成了后来常想起的画面,26,deleted,,0,模板变体、超长表达或配额外的同概念近似项
7356,看到别人也在早读晨光里认出书包上新挂的钥匙扣,22,compressed,认出书包上新挂的钥匙扣,11,移除时间、地点、人物或关系模板，归并到核心概念
7357,看到别人也在早读晨光里把复习资料装订得整整齐齐,23,compressed,把复习资料装订得整整齐齐,12,移除时间、地点、人物或关系模板，归并到核心概念
7358,看到别人也在早读晨光里沿着操场跑道陪她慢慢走,22,compressed,沿着操场跑道陪她慢慢走,11,移除时间、地点、人物或关系模板，归并到核心概念
7359,看到别人也在早读晨光里在社团排练后帮忙收器材,22,compressed,在社团排练后帮忙收器材,11,移除时间、地点、人物或关系模板，归并到核心概念
7360,看到别人也在早读晨光里等春天樱花落在她肩上,21,compressed,等春天樱花落在她肩上,10,移除时间、地点、人物或关系模板，归并到核心概念
7361,看到别人也在早读晨光里在校门口说出以后常联系,22,compressed,在校门口说出以后常联系,11,移除时间、地点、人物或关系模板，归并到核心概念
7362,毕业倒计时里把暗恋告诉最信任的同学，成了后来常想起的画面,28,deleted,,0,模板变体、超长表达或配额外的同概念近似项
7363,看到别人也在早读晨光里留意她每天更换的发卡,21,compressed,留意她每天更换的发卡,10,移除时间、地点、人物或关系模板，归并到核心概念
7364,看到别人也在早读晨光里在错题本角落留下鼓励,21,compressed,在错题本角落留下鼓励,10,移除时间、地点、人物或关系模板，归并到核心概念
7365,看到别人也在早读晨光里在篮球场边递上一瓶水,21,compressed,在篮球场边递上一瓶水,10,移除时间、地点、人物或关系模板，归并到核心概念
7366,看到别人也在早读晨光里为对方的比赛偷偷加油,21,compressed,为对方的比赛偷偷加油,10,移除时间、地点、人物或关系模板，归并到核心概念
7367,看到别人也在早读晨光里在盛夏风扇声里偷偷心动,22,compressed,在盛夏风扇声里偷偷心动,11,移除时间、地点、人物或关系模板，归并到核心概念
7368,看到别人也在早读晨光里目送对方坐上不同方向的车,23,compressed,目送对方坐上不同方向的车,12,移除时间、地点、人物或关系模板，归并到核心概念
7369,毕业倒计时里收到对方认真回应的好感，成了后来常想起的画面,28,deleted,,0,模板变体、超长表达或配额外的同概念近似项
7370,看到别人也在早读晨光里记住帆布鞋踩过积水的声音,23,deleted,,0,模板变体、超长表达或配额外的同概念近似项
7371,看到别人也在早读晨光里用同一本练习册对答案,21,deleted,,0,模板变体、超长表达或配额外的同概念近似项
7372,看到别人也在早读晨光里在看台最高一排并肩坐着,22,compressed,在看台最高一排并肩坐着,11,移除时间、地点、人物或关系模板，归并到核心概念
7373,看到别人也在早读晨光里在班级合唱时站到她旁边,22,compressed,在班级合唱时站到她旁边,11,移除时间、地点、人物或关系模板，归并到核心概念
7374,看到别人也在早读晨光里看秋叶堆满放学的小路,21,deleted,,0,模板变体、超长表达或配额外的同概念近似项
7375,看到别人也在早读晨光里发现最后一句聊天停在毕业快乐,25,deleted,,0,模板变体、超长表达或配额外的同概念近似项
7376,毕业倒计时里从同桌变成互相喜欢的人，成了后来常想起的画面,28,deleted,,0,模板变体、超长表达或配额外的同概念近似项
7377,看到别人也在早读晨光里看见运动服背后的班级号码,23,deleted,,0,模板变体、超长表达或配额外的同概念近似项
7378,看到别人也在早读晨光里把借书卡藏进喜欢的书里,22,deleted,,0,模板变体、超长表达或配额外的同概念近似项
7379,看到别人也在早读晨光里在体育馆门口等训练结束,22,deleted,,0,模板变体、超长表达或配额外的同概念近似项
7380,看到别人也在早读晨光里假装随口询问周末安排,21,deleted,,0,模板变体、超长表达或配额外的同概念近似项
7381,看到别人也在早读晨光里在初雪那天想和她一起走,22,deleted,,0,模板变体、超长表达或配额外的同概念近似项
7382,看到别人也在早读晨光里因为去往不同城市慢慢失联,23,deleted,,0,模板变体、超长表达或配额外的同概念近似项
7383,毕业倒计时里在班级起哄中偷偷脸红，成了后来常想起的画面,27,deleted,,0,模板变体、超长表达或配额外的同概念近似项
7384,看到别人也在早读晨光里注意到对方紧张时攥住衣角,23,deleted,,0,模板变体、超长表达或配额外的同概念近似项
7385,看到别人也在早读晨光里用值日表制造一起留下的机会,24,deleted,,0,模板变体、超长表达或配额外的同概念近似项
7386,看到别人也在早读晨光里沿林荫道推着自行车同行,22,deleted,,0,模板变体、超长表达或配额外的同概念近似项
7387,看到别人也在早读晨光里把好笑的事情第一个告诉她,23,deleted,,0,模板变体、超长表达或配额外的同概念近似项
7388,看到别人也在早读晨光里记住六月毕业季的闷热,21,deleted,,0,模板变体、超长表达或配额外的同概念近似项
7389,看到别人也在早读晨光里多年后翻到泛黄的毕业照,22,deleted,,0,模板变体、超长表达或配额外的同概念近似项
7390,毕业倒计时里交换只有两个人懂的暗号，成了后来常想起的画面,28,deleted,,0,模板变体、超长表达或配额外的同概念近似项
7391,看到别人也在早读晨光里记住少年骑车时鼓起的衣摆,23,deleted,,0,模板变体、超长表达或配额外的同概念近似项
7392,看到别人也在早读晨光里在课程表上圈出共同的空课,23,deleted,,0,模板变体、超长表达或配额外的同概念近似项
7393,看到别人也在早读晨光里在校门口犹豫要不要告别,22,deleted,,0,模板变体、超长表达或配额外的同概念近似项
7394,看到别人也在早读晨光里聊天时等对方收拾完书包,22,deleted,,0,模板变体、超长表达或配额外的同概念近似项
7395,看到别人也在早读晨光里在傍晚风里听见校服摩擦声,23,deleted,,0,模板变体、超长表达或配额外的同概念近似项
7396,看到别人也在早读晨光里重回母校时寻找当年的座位,23,deleted,,0,模板变体、超长表达或配额外的同概念近似项
7397,毕业倒计时里第一次用恋人的身份说晚安，成了后来常想起的画面,29,deleted,,0,模板变体、超长表达或配额外的同概念近似项
7398,看到别人也在早读晨光里发现镜片后躲闪的目光,21,deleted,,0,模板变体、超长表达或配额外的同概念近似项
7399,看到别人也在早读晨光里用广播点歌传递含蓄心意,22,deleted,,0,模板变体、超长表达或配额外的同概念近似项
7400,看到别人也在早读晨光里在公交站陪对方等车,20,deleted,,0,模板变体、超长表达或配额外的同概念近似项
7401,看到别人也在早读晨光里看见她睡着后压低说话声音,23,deleted,,0,模板变体、超长表达或配额外的同概念近似项
7402,看到别人也在早读晨光里尝到小卖部冰汽水的甜味,22,deleted,,0,模板变体、超长表达或配额外的同概念近似项
7403,看到别人也在早读晨光里听见校歌突然想起喜欢的人,23,deleted,,0,模板变体、超长表达或配额外的同概念近似项
7404,毕业倒计时里约定毕业以后也继续联系，成了后来常想起的画面,28,deleted,,0,模板变体、超长表达或配额外的同概念近似项
7405,看到别人也在早读晨光里在人群中认出那双熟悉的球鞋,24,deleted,,0,模板变体、超长表达或配额外的同概念近似项
7406,看到别人也在早读晨光里约定用窗台上的水杯当暗号,23,deleted,,0,模板变体、超长表达或配额外的同概念近似项
7407,看到别人也在早读晨光里绕远路走过两个人常走的小巷,24,deleted,,0,模板变体、超长表达或配额外的同概念近似项
7408,看到别人也在早读晨光里把最后一颗糖留给喜欢的人,23,deleted,,0,模板变体、超长表达或配额外的同概念近似项
7409,看到别人也在早读晨光里记住她经过时淡淡的洗衣粉香,24,deleted,,0,模板变体、超长表达或配额外的同概念近似项
7410,看到别人也在早读晨光里意识到那次挥手已经是最后一面,25,deleted,,0,模板变体、超长表达或配额外的同概念近似项
7411,看到别人也在早读晨光里和喜欢的人隔着课桌对视,22,deleted,,0,模板变体、超长表达或配额外的同概念近似项
7412,看到别人也在课间走廊上风吹起她额前的刘海,20,compressed,风吹起她额前的刘海,9,移除时间、地点、人物或关系模板，归并到核心概念
7413,看到别人也在课间走廊上递来一张折好的小纸条,21,compressed,递来一张折好的小纸条,10,移除时间、地点、人物或关系模板，归并到核心概念
7414,看到别人也在课间走廊上在靠窗的座位等她出现,21,compressed,在靠窗的座位等她出现,10,移除时间、地点、人物或关系模板，归并到核心概念
7415,看到别人也在课间走廊上把课堂笔记借给喜欢的人,22,compressed,把课堂笔记借给喜欢的人,11,移除时间、地点、人物或关系模板，归并到核心概念
7416,看到别人也在课间走廊上听见窗外一阵很长的蝉鸣,22,compressed,听见窗外一阵很长的蝉鸣,11,移除时间、地点、人物或关系模板，归并到核心概念
7417,看到别人也在课间走廊上在毕业册上写下一句祝福,22,compressed,在毕业册上写下一句祝福,11,移除时间、地点、人物或关系模板，归并到核心概念
7418,看到别人也在早读晨光里发现同桌悄悄看向自己,21,deleted,,0,模板变体、超长表达或配额外的同概念近似项
7419,看到别人也在课间走廊上看见她把刘海别到耳后,21,compressed,看见她把刘海别到耳后,10,移除时间、地点、人物或关系模板，归并到核心概念
7420,看到别人也在课间走廊上在纸条背面写下回复,20,compressed,在纸条背面写下回复,9,移除时间、地点、人物或关系模板，归并到核心概念
7421,看到别人也在课间走廊上经过对方班级的教室门口,22,compressed,经过对方班级的教室门口,11,移除时间、地点、人物或关系模板，归并到核心概念
7422,看到别人也在课间走廊上耐心讲一道做错的题,20,compressed,耐心讲一道做错的题,9,移除时间、地点、人物或关系模板，归并到核心概念
7423,看到别人也在课间走廊上听见下课铃盖过没说完的话,23,compressed,听见下课铃盖过没说完的话,12,移除时间、地点、人物或关系模板，归并到核心概念
7424,看到别人也在课间走廊上把同学录最后一页留给她,22,compressed,把同学录最后一页留给她,11,移除时间、地点、人物或关系模板，归并到核心概念
7425,看到别人也在早读晨光里把喜欢藏在课堂笔记里,21,deleted,,0,模板变体、超长表达或配额外的同概念近似项
7426,看到别人也在课间走廊上注意到阳光落在她的发梢,22,compressed,注意到阳光落在她的发梢,11,移除时间、地点、人物或关系模板，归并到核心概念
7427,看到别人也在课间走廊上把没送出的情书夹进书里,22,compressed,把没送出的情书夹进书里,11,移除时间、地点、人物或关系模板，归并到核心概念
7428,看到别人也在课间走廊上在空教室里多停留一会儿,22,compressed,在空教室里多停留一会儿,11,移除时间、地点、人物或关系模板，归并到核心概念
7429,看到别人也在课间走廊上一起背诵第二天要抽查的课文,24,deleted,,0,模板变体、超长表达或配额外的同概念近似项
7430,看到别人也在课间走廊上记住篮球落地的回声,20,compressed,记住篮球落地的回声,9,移除时间、地点、人物或关系模板，归并到核心概念
7431,看到别人也在课间走廊上在毕业照里悄悄站得更近,22,compressed,在毕业照里悄悄站得更近,11,移除时间、地点、人物或关系模板，归并到核心概念
7432,看到别人也在早读晨光里借讲题的机会坐得更近,21,deleted,,0,模板变体、超长表达或配额外的同概念近似项
7433,看到别人也在课间走廊上记住她低头笑时的酒窝,21,compressed,记住她低头笑时的酒窝,10,移除时间、地点、人物或关系模板，归并到核心概念
7434,看到别人也在课间走廊上收到一封没有署名的情书,22,compressed,收到一封没有署名的情书,11,移除时间、地点、人物或关系模板，归并到核心概念
7435,看到别人也在课间走廊上从教学楼走廊远远看见她,22,compressed,从教学楼走廊远远看见她,11,移除时间、地点、人物或关系模板，归并到核心概念
7436,看到别人也在课间走廊上互相检查听写答案,19,compressed,互相检查听写答案,8,移除时间、地点、人物或关系模板，归并到核心概念
7437,看到别人也在课间走廊上听见广播里放过的那首歌,22,compressed,听见广播里放过的那首歌,11,移除时间、地点、人物或关系模板，归并到核心概念
7438,看到别人也在课间走廊上在校服背面签下名字,20,compressed,在校服背面签下名字,9,移除时间、地点、人物或关系模板，归并到核心概念
7439,看到别人也在早读晨光里在走廊等喜欢的人经过,21,deleted,,0,模板变体、超长表达或配额外的同概念近似项
7440,看到别人也在课间走廊上发现她见面前认真扎好头发,23,compressed,发现她见面前认真扎好头发,12,移除时间、地点、人物或关系模板，归并到核心概念
7441,看到别人也在课间走廊上在便利贴上画一颗小心心,22,compressed,在便利贴上画一颗小心心,11,移除时间、地点、人物或关系模板，归并到核心概念
7442,看到别人也在课间走廊上在楼梯转角意外遇见喜欢的人,24,deleted,,0,模板变体、超长表达或配额外的同概念近似项
7443,看到别人也在课间走廊上替对方保管暂时没收的手机,23,compressed,替对方保管暂时没收的手机,12,移除时间、地点、人物或关系模板，归并到核心概念
7444,看到别人也在课间走廊上看见晨光落在她的课桌上,22,compressed,看见晨光落在她的课桌上,11,移除时间、地点、人物或关系模板，归并到核心概念
7445,看到别人也在课间走廊上把没送出的情书带回家,21,compressed,把没送出的情书带回家,10,移除时间、地点、人物或关系模板，归并到核心概念
7446,看到别人也在早读晨光里课间绕路去隔壁班门口,21,deleted,,0,模板变体、超长表达或配额外的同概念近似项
7447,看到别人也在课间走廊上看见她穿着宽大的校服外套,23,compressed,看见她穿着宽大的校服外套,12,移除时间、地点、人物或关系模板，归并到核心概念
7448,看到别人也在课间走廊上把名字写在同一张草稿纸上,23,compressed,把名字写在同一张草稿纸上,12,移除时间、地点、人物或关系模板，归并到核心概念
7449,看到别人也在课间走廊上绕路经过她常去的饮水机,22,compressed,绕路经过她常去的饮水机,11,移除时间、地点、人物或关系模板，归并到核心概念
7450,看到别人也在课间走廊上给趴在桌上的人留一盒牛奶,23,compressed,给趴在桌上的人留一盒牛奶,12,移除时间、地点、人物或关系模板，归并到核心概念
7451,看到别人也在课间走廊上看见晚霞穿过教学楼窗户,22,compressed,看见晚霞穿过教学楼窗户,11,移除时间、地点、人物或关系模板，归并到核心概念
7452,看到别人也在课间走廊上错过毕业前最后一次告白,22,compressed,错过毕业前最后一次告白,11,移除时间、地点、人物或关系模板，归并到核心概念
7453,看到别人也在早读晨光里替心动对象去小卖部带饮料,23,deleted,,0,模板变体、超长表达或配额外的同概念近似项
7454,看到别人也在课间走廊上认出人群里熟悉的校服衣角,23,compressed,认出人群里熟悉的校服衣角,12,移除时间、地点、人物或关系模板，归并到核心概念
7455,看到别人也在课间走廊上交换一根代表好感的小皮筋,23,compressed,交换一根代表好感的小皮筋,12,移除时间、地点、人物或关系模板，归并到核心概念
7456,看到别人也在课间走廊上在图书馆同一排书架重逢,22,compressed,在图书馆同一排书架重逢,11,移除时间、地点、人物或关系模板，归并到核心概念
7457,看到别人也在课间走廊上提醒喜欢的人带伞,19,compressed,提醒喜欢的人带伞,8,移除时间、地点、人物或关系模板，归并到核心概念
7458,看到别人也在课间走廊上记住树影在校服上轻轻晃动,23,compressed,记住树影在校服上轻轻晃动,12,移除时间、地点、人物或关系模板，归并到核心概念
7459,看到别人也在课间走廊上把喜欢藏进高考结束的夏天,23,compressed,把喜欢藏进高考结束的夏天,12,移除时间、地点、人物或关系模板，归并到核心概念
7460,看到别人也在早读晨光里在人群中寻找熟悉的校服背影,24,deleted,,0,模板变体、超长表达或配额外的同概念近似项
7461,看到别人也在课间走廊上替对方整理歪掉的校服领口,23,compressed,替对方整理歪掉的校服领口,12,移除时间、地点、人物或关系模板，归并到核心概念
7462,看到别人也在课间走廊上把校服第二颗纽扣留作纪念,23,compressed,把校服第二颗纽扣留作纪念,12,移除时间、地点、人物或关系模板，归并到核心概念
7463,看到别人也在课间走廊上在自习室替对方留一个座位,23,compressed,在自习室替对方留一个座位,12,移除时间、地点、人物或关系模板，归并到核心概念
7464,看到别人也在课间走廊上把自己的外套借给对方,21,compressed,把自己的外套借给对方,10,移除时间、地点、人物或关系模板，归并到核心概念
7465,看到别人也在课间走廊上看见雨水沿着教室玻璃滑下,23,compressed,看见雨水沿着教室玻璃滑下,12,移除时间、地点、人物或关系模板，归并到核心概念
7466,看到别人也在课间走廊上约定收到录取通知后再见,22,compressed,约定收到录取通知后再见,11,移除时间、地点、人物或关系模板，归并到核心概念
7467,看到别人也在早读晨光里放学后并肩走出校门,20,deleted,,0,模板变体、超长表达或配额外的同概念近似项
7468,看到别人也在课间走廊上注意到校服袖口写着名字,22,compressed,注意到校服袖口写着名字,11,移除时间、地点、人物或关系模板，归并到核心概念
7469,看到别人也在课间走廊上送出成对的钥匙扣,19,compressed,送出成对的钥匙扣,8,移除时间、地点、人物或关系模板，归并到核心概念
7470,看到别人也在课间走廊上在小卖部门口假装偶遇,21,compressed,在小卖部门口假装偶遇,10,移除时间、地点、人物或关系模板，归并到核心概念
7471,看到别人也在课间走廊上记住她不吃的食堂菜,20,compressed,记住她不吃的食堂菜,9,移除时间、地点、人物或关系模板，归并到核心概念
7472,看到别人也在课间走廊上闻到新课本混着油墨的气味,23,compressed,闻到新课本混着油墨的气味,12,移除时间、地点、人物或关系模板，归并到核心概念
7473,看到别人也在课间走廊上在散伙饭上忍住没说的话,22,compressed,在散伙饭上忍住没说的话,11,移除时间、地点、人物或关系模板，归并到核心概念
7474,看到别人也在早读晨光里推着自行车陪对方慢慢走,22,deleted,,0,模板变体、超长表达或配额外的同概念近似项
7475,看到别人也在课间走廊上看见白衬衫被晚霞染成金色,23,compressed,看见白衬衫被晚霞染成金色,12,移除时间、地点、人物或关系模板，归并到核心概念
7476,看到别人也在课间走廊上互换写着祝福的书签,20,compressed,互换写着祝福的书签,9,移除时间、地点、人物或关系模板，归并到核心概念
7477,看到别人也在课间走廊上在食堂排队时站到她身后,22,compressed,在食堂排队时站到她身后,11,移除时间、地点、人物或关系模板，归并到核心概念
7478,看到别人也在课间走廊上替迟到的人悄悄留门,20,compressed,替迟到的人悄悄留门,9,移除时间、地点、人物或关系模板，归并到核心概念
7479,看到别人也在课间走廊上记住雨后塑胶跑道的气味,22,compressed,记住雨后塑胶跑道的气味,11,移除时间、地点、人物或关系模板，归并到核心概念
7480,看到别人也在课间走廊上听完最后一次校园广播,21,compressed,听完最后一次校园广播,10,移除时间、地点、人物或关系模板，归并到核心概念
7481,看到别人也在早读晨光里一起等最后一班公交车,21,deleted,,0,模板变体、超长表达或配额外的同概念近似项
7482,看到别人也在课间走廊上发现手腕上多了一根小皮筋,23,compressed,发现手腕上多了一根小皮筋,12,移除时间、地点、人物或关系模板，归并到核心概念
7483,看到别人也在课间走廊上借出一支舍不得收回的笔,22,compressed,借出一支舍不得收回的笔,11,移除时间、地点、人物或关系模板，归并到核心概念
7484,看到别人也在课间走廊上在校园广播站等一首点歌,22,compressed,在校园广播站等一首点歌,11,移除时间、地点、人物或关系模板，归并到核心概念
7485,看到别人也在课间走廊上在值日时一起擦黑板,20,compressed,在值日时一起擦黑板,9,移除时间、地点、人物或关系模板，归并到核心概念
7486,看到别人也在课间走廊上感到共用雨伞时靠近的温度,23,compressed,感到共用雨伞时靠近的温度,12,移除时间、地点、人物或关系模板，归并到核心概念
7487,看到别人也在课间走廊上收拾课桌时找到旧纸条,21,compressed,收拾课桌时找到旧纸条,10,移除时间、地点、人物或关系模板，归并到核心概念
7488,看到别人也在早读晨光里约好第二天在校门口见,21,deleted,,0,模板变体、超长表达或配额外的同概念近似项
7489,看到别人也在课间走廊上把对方送的小皮筋戴在手腕,23,compressed,把对方送的小皮筋戴在手腕,12,移除时间、地点、人物或关系模板，归并到核心概念
7490,看到别人也在课间走廊上在橡皮上刻下对方的缩写,22,compressed,在橡皮上刻下对方的缩写,11,移除时间、地点、人物或关系模板，归并到核心概念
7491,看到别人也在课间走廊上在礼堂散场后寻找对方,21,compressed,在礼堂散场后寻找对方,10,移除时间、地点、人物或关系模板，归并到核心概念
7492,看到别人也在课间走廊上一起搬运动会用的桌椅,21,compressed,一起搬运动会用的桌椅,10,移除时间、地点、人物或关系模板，归并到核心概念
7493,看到别人也在课间走廊上记住冬天热水杯传来的暖意,23,compressed,记住冬天热水杯传来的暖意,12,移除时间、地点、人物或关系模板，归并到核心概念
7494,看到别人也在课间走廊上离校前再走一遍熟悉的操场,23,compressed,离校前再走一遍熟悉的操场,12,移除时间、地点、人物或关系模板，归并到核心概念
7495,看到别人也在早读晨光里在操场看台说出喜欢,20,deleted,,0,模板变体、超长表达或配额外的同概念近似项
7496,看到别人也在课间走廊上认出书包上新挂的钥匙扣,22,compressed,认出书包上新挂的钥匙扣,11,移除时间、地点、人物或关系模板，归并到核心概念
7497,看到别人也在课间走廊上把复习资料装订得整整齐齐,23,compressed,把复习资料装订得整整齐齐,12,移除时间、地点、人物或关系模板，归并到核心概念
7498,看到别人也在课间走廊上沿着操场跑道陪她慢慢走,22,compressed,沿着操场跑道陪她慢慢走,11,移除时间、地点、人物或关系模板，归并到核心概念
7499,看到别人也在课间走廊上在社团排练后帮忙收器材,22,compressed,在社团排练后帮忙收器材,11,移除时间、地点、人物或关系模板，归并到核心概念
7500,看到别人也在课间走廊上等春天樱花落在她肩上,21,compressed,等春天樱花落在她肩上,10,移除时间、地点、人物或关系模板，归并到核心概念
7501,看到别人也在课间走廊上在校门口说出以后常联系,22,compressed,在校门口说出以后常联系,11,移除时间、地点、人物或关系模板，归并到核心概念
7502,看到别人也在早读晨光里把暗恋告诉最信任的同学,22,deleted,,0,模板变体、超长表达或配额外的同概念近似项
7503,看到别人也在课间走廊上留意她每天更换的发卡,21,compressed,留意她每天更换的发卡,10,移除时间、地点、人物或关系模板，归并到核心概念
7504,看到别人也在课间走廊上在错题本角落留下鼓励,21,compressed,在错题本角落留下鼓励,10,移除时间、地点、人物或关系模板，归并到核心概念
7505,看到别人也在课间走廊上在篮球场边递上一瓶水,21,compressed,在篮球场边递上一瓶水,10,移除时间、地点、人物或关系模板，归并到核心概念
7506,看到别人也在课间走廊上为对方的比赛偷偷加油,21,compressed,为对方的比赛偷偷加油,10,移除时间、地点、人物或关系模板，归并到核心概念
7507,看到别人也在课间走廊上在盛夏风扇声里偷偷心动,22,compressed,在盛夏风扇声里偷偷心动,11,移除时间、地点、人物或关系模板，归并到核心概念
7508,看到别人也在课间走廊上目送对方坐上不同方向的车,23,compressed,目送对方坐上不同方向的车,12,移除时间、地点、人物或关系模板，归并到核心概念
7509,看到别人也在早读晨光里收到对方认真回应的好感,22,deleted,,0,模板变体、超长表达或配额外的同概念近似项
7510,看到别人也在课间走廊上记住帆布鞋踩过积水的声音,23,deleted,,0,模板变体、超长表达或配额外的同概念近似项
7511,看到别人也在课间走廊上用同一本练习册对答案,21,deleted,,0,模板变体、超长表达或配额外的同概念近似项
7512,看到别人也在课间走廊上在看台最高一排并肩坐着,22,compressed,在看台最高一排并肩坐着,11,移除时间、地点、人物或关系模板，归并到核心概念
7513,看到别人也在课间走廊上在班级合唱时站到她旁边,22,compressed,在班级合唱时站到她旁边,11,移除时间、地点、人物或关系模板，归并到核心概念
7514,看到别人也在课间走廊上看秋叶堆满放学的小路,21,deleted,,0,模板变体、超长表达或配额外的同概念近似项
7515,看到别人也在课间走廊上发现最后一句聊天停在毕业快乐,25,deleted,,0,模板变体、超长表达或配额外的同概念近似项
7516,看到别人也在早读晨光里从同桌变成互相喜欢的人,22,deleted,,0,模板变体、超长表达或配额外的同概念近似项
7517,看到别人也在课间走廊上看见运动服背后的班级号码,23,deleted,,0,模板变体、超长表达或配额外的同概念近似项
7518,看到别人也在课间走廊上把借书卡藏进喜欢的书里,22,deleted,,0,模板变体、超长表达或配额外的同概念近似项
7519,看到别人也在课间走廊上在体育馆门口等训练结束,22,deleted,,0,模板变体、超长表达或配额外的同概念近似项
7520,看到别人也在课间走廊上假装随口询问周末安排,21,deleted,,0,模板变体、超长表达或配额外的同概念近似项
7521,看到别人也在课间走廊上在初雪那天想和她一起走,22,deleted,,0,模板变体、超长表达或配额外的同概念近似项
7522,看到别人也在课间走廊上因为去往不同城市慢慢失联,23,deleted,,0,模板变体、超长表达或配额外的同概念近似项
7523,看到别人也在早读晨光里在班级起哄中偷偷脸红,21,deleted,,0,模板变体、超长表达或配额外的同概念近似项
7524,看到别人也在课间走廊上注意到对方紧张时攥住衣角,23,deleted,,0,模板变体、超长表达或配额外的同概念近似项
7525,看到别人也在课间走廊上用值日表制造一起留下的机会,24,deleted,,0,模板变体、超长表达或配额外的同概念近似项
7526,看到别人也在课间走廊上沿林荫道推着自行车同行,22,deleted,,0,模板变体、超长表达或配额外的同概念近似项
7527,看到别人也在课间走廊上把好笑的事情第一个告诉她,23,deleted,,0,模板变体、超长表达或配额外的同概念近似项
7528,看到别人也在课间走廊上记住六月毕业季的闷热,21,deleted,,0,模板变体、超长表达或配额外的同概念近似项
7529,看到别人也在课间走廊上多年后翻到泛黄的毕业照,22,deleted,,0,模板变体、超长表达或配额外的同概念近似项
7530,看到别人也在早读晨光里交换只有两个人懂的暗号,22,deleted,,0,模板变体、超长表达或配额外的同概念近似项
7531,看到别人也在课间走廊上记住少年骑车时鼓起的衣摆,23,deleted,,0,模板变体、超长表达或配额外的同概念近似项
7532,看到别人也在课间走廊上在课程表上圈出共同的空课,23,deleted,,0,模板变体、超长表达或配额外的同概念近似项
7533,看到别人也在课间走廊上在校门口犹豫要不要告别,22,deleted,,0,模板变体、超长表达或配额外的同概念近似项
7534,看到别人也在课间走廊上聊天时等对方收拾完书包,22,deleted,,0,模板变体、超长表达或配额外的同概念近似项
7535,看到别人也在课间走廊上在傍晚风里听见校服摩擦声,23,deleted,,0,模板变体、超长表达或配额外的同概念近似项
7536,看到别人也在课间走廊上重回母校时寻找当年的座位,23,deleted,,0,模板变体、超长表达或配额外的同概念近似项
7537,看到别人也在早读晨光里第一次用恋人的身份说晚安,23,deleted,,0,模板变体、超长表达或配额外的同概念近似项
7538,看到别人也在课间走廊上发现镜片后躲闪的目光,21,deleted,,0,模板变体、超长表达或配额外的同概念近似项
7539,看到别人也在课间走廊上用广播点歌传递含蓄心意,22,deleted,,0,模板变体、超长表达或配额外的同概念近似项
7540,看到别人也在课间走廊上在公交站陪对方等车,20,deleted,,0,模板变体、超长表达或配额外的同概念近似项
7541,看到别人也在课间走廊上看见她睡着后压低说话声音,23,deleted,,0,模板变体、超长表达或配额外的同概念近似项
7542,看到别人也在课间走廊上尝到小卖部冰汽水的甜味,22,deleted,,0,模板变体、超长表达或配额外的同概念近似项
7543,看到别人也在课间走廊上听见校歌突然想起喜欢的人,23,deleted,,0,模板变体、超长表达或配额外的同概念近似项
7544,看到别人也在早读晨光里约定毕业以后也继续联系,22,deleted,,0,模板变体、超长表达或配额外的同概念近似项
7545,看到别人也在课间走廊上在人群中认出那双熟悉的球鞋,24,deleted,,0,模板变体、超长表达或配额外的同概念近似项
7546,看到别人也在课间走廊上约定用窗台上的水杯当暗号,23,deleted,,0,模板变体、超长表达或配额外的同概念近似项
7547,看到别人也在课间走廊上绕远路走过两个人常走的小巷,24,deleted,,0,模板变体、超长表达或配额外的同概念近似项
7548,看到别人也在课间走廊上把最后一颗糖留给喜欢的人,23,deleted,,0,模板变体、超长表达或配额外的同概念近似项
7549,看到别人也在课间走廊上记住她经过时淡淡的洗衣粉香,24,deleted,,0,模板变体、超长表达或配额外的同概念近似项
7550,看到别人也在课间走廊上意识到那次挥手已经是最后一面,25,deleted,,0,模板变体、超长表达或配额外的同概念近似项
7551,看到别人也在课间走廊上和喜欢的人隔着课桌对视,22,deleted,,0,模板变体、超长表达或配额外的同概念近似项
7552,看到别人也在午休醒来后风吹起她额前的刘海,20,compressed,风吹起她额前的刘海,9,移除时间、地点、人物或关系模板，归并到核心概念
7553,看到别人也在午休醒来后递来一张折好的小纸条,21,compressed,递来一张折好的小纸条,10,移除时间、地点、人物或关系模板，归并到核心概念
7554,看到别人也在午休醒来后在靠窗的座位等她出现,21,compressed,在靠窗的座位等她出现,10,移除时间、地点、人物或关系模板，归并到核心概念
7555,看到别人也在午休醒来后把课堂笔记借给喜欢的人,22,compressed,把课堂笔记借给喜欢的人,11,移除时间、地点、人物或关系模板，归并到核心概念
7556,看到别人也在午休醒来后听见窗外一阵很长的蝉鸣,22,compressed,听见窗外一阵很长的蝉鸣,11,移除时间、地点、人物或关系模板，归并到核心概念
7557,看到别人也在午休醒来后在毕业册上写下一句祝福,22,compressed,在毕业册上写下一句祝福,11,移除时间、地点、人物或关系模板，归并到核心概念
7558,看到别人也在课间走廊上发现同桌悄悄看向自己,21,deleted,,0,模板变体、超长表达或配额外的同概念近似项
7559,看到别人也在午休醒来后看见她把刘海别到耳后,21,compressed,看见她把刘海别到耳后,10,移除时间、地点、人物或关系模板，归并到核心概念
7560,看到别人也在午休醒来后在纸条背面写下回复,20,compressed,在纸条背面写下回复,9,移除时间、地点、人物或关系模板，归并到核心概念
7561,看到别人也在午休醒来后经过对方班级的教室门口,22,compressed,经过对方班级的教室门口,11,移除时间、地点、人物或关系模板，归并到核心概念
7562,看到别人也在午休醒来后耐心讲一道做错的题,20,compressed,耐心讲一道做错的题,9,移除时间、地点、人物或关系模板，归并到核心概念
7563,看到别人也在午休醒来后听见下课铃盖过没说完的话,23,compressed,听见下课铃盖过没说完的话,12,移除时间、地点、人物或关系模板，归并到核心概念
7564,看到别人也在午休醒来后把同学录最后一页留给她,22,compressed,把同学录最后一页留给她,11,移除时间、地点、人物或关系模板，归并到核心概念
7565,看到别人也在课间走廊上把喜欢藏在课堂笔记里,21,deleted,,0,模板变体、超长表达或配额外的同概念近似项
7566,看到别人也在午休醒来后注意到阳光落在她的发梢,22,compressed,注意到阳光落在她的发梢,11,移除时间、地点、人物或关系模板，归并到核心概念
7567,看到别人也在午休醒来后把没送出的情书夹进书里,22,compressed,把没送出的情书夹进书里,11,移除时间、地点、人物或关系模板，归并到核心概念
7568,看到别人也在午休醒来后在空教室里多停留一会儿,22,compressed,在空教室里多停留一会儿,11,移除时间、地点、人物或关系模板，归并到核心概念
7569,看到别人也在午休醒来后一起背诵第二天要抽查的课文,24,deleted,,0,模板变体、超长表达或配额外的同概念近似项
7570,看到别人也在午休醒来后记住篮球落地的回声,20,compressed,记住篮球落地的回声,9,移除时间、地点、人物或关系模板，归并到核心概念
7571,看到别人也在午休醒来后在毕业照里悄悄站得更近,22,compressed,在毕业照里悄悄站得更近,11,移除时间、地点、人物或关系模板，归并到核心概念
7572,看到别人也在课间走廊上借讲题的机会坐得更近,21,deleted,,0,模板变体、超长表达或配额外的同概念近似项
7573,看到别人也在午休醒来后记住她低头笑时的酒窝,21,compressed,记住她低头笑时的酒窝,10,移除时间、地点、人物或关系模板，归并到核心概念
7574,看到别人也在午休醒来后收到一封没有署名的情书,22,compressed,收到一封没有署名的情书,11,移除时间、地点、人物或关系模板，归并到核心概念
7575,看到别人也在午休醒来后从教学楼走廊远远看见她,22,compressed,从教学楼走廊远远看见她,11,移除时间、地点、人物或关系模板，归并到核心概念
7576,看到别人也在午休醒来后互相检查听写答案,19,compressed,互相检查听写答案,8,移除时间、地点、人物或关系模板，归并到核心概念
7577,看到别人也在午休醒来后听见广播里放过的那首歌,22,compressed,听见广播里放过的那首歌,11,移除时间、地点、人物或关系模板，归并到核心概念
7578,看到别人也在午休醒来后在校服背面签下名字,20,compressed,在校服背面签下名字,9,移除时间、地点、人物或关系模板，归并到核心概念
7579,看到别人也在课间走廊上在走廊等喜欢的人经过,21,deleted,,0,模板变体、超长表达或配额外的同概念近似项
7580,看到别人也在午休醒来后发现她见面前认真扎好头发,23,compressed,发现她见面前认真扎好头发,12,移除时间、地点、人物或关系模板，归并到核心概念
7581,看到别人也在午休醒来后在便利贴上画一颗小心心,22,compressed,在便利贴上画一颗小心心,11,移除时间、地点、人物或关系模板，归并到核心概念
7582,看到别人也在午休醒来后在楼梯转角意外遇见喜欢的人,24,deleted,,0,模板变体、超长表达或配额外的同概念近似项
7583,看到别人也在午休醒来后替对方保管暂时没收的手机,23,compressed,替对方保管暂时没收的手机,12,移除时间、地点、人物或关系模板，归并到核心概念
7584,看到别人也在午休醒来后看见晨光落在她的课桌上,22,compressed,看见晨光落在她的课桌上,11,移除时间、地点、人物或关系模板，归并到核心概念
7585,看到别人也在午休醒来后把没送出的情书带回家,21,compressed,把没送出的情书带回家,10,移除时间、地点、人物或关系模板，归并到核心概念
7586,看到别人也在课间走廊上课间绕路去隔壁班门口,21,deleted,,0,模板变体、超长表达或配额外的同概念近似项
7587,看到别人也在午休醒来后看见她穿着宽大的校服外套,23,compressed,看见她穿着宽大的校服外套,12,移除时间、地点、人物或关系模板，归并到核心概念
7588,看到别人也在午休醒来后把名字写在同一张草稿纸上,23,compressed,把名字写在同一张草稿纸上,12,移除时间、地点、人物或关系模板，归并到核心概念
7589,看到别人也在午休醒来后绕路经过她常去的饮水机,22,compressed,绕路经过她常去的饮水机,11,移除时间、地点、人物或关系模板，归并到核心概念
7590,看到别人也在午休醒来后给趴在桌上的人留一盒牛奶,23,compressed,给趴在桌上的人留一盒牛奶,12,移除时间、地点、人物或关系模板，归并到核心概念
7591,看到别人也在午休醒来后看见晚霞穿过教学楼窗户,22,compressed,看见晚霞穿过教学楼窗户,11,移除时间、地点、人物或关系模板，归并到核心概念
7592,看到别人也在午休醒来后错过毕业前最后一次告白,22,compressed,错过毕业前最后一次告白,11,移除时间、地点、人物或关系模板，归并到核心概念
7593,看到别人也在课间走廊上替心动对象去小卖部带饮料,23,deleted,,0,模板变体、超长表达或配额外的同概念近似项
7594,看到别人也在午休醒来后认出人群里熟悉的校服衣角,23,compressed,认出人群里熟悉的校服衣角,12,移除时间、地点、人物或关系模板，归并到核心概念
7595,看到别人也在午休醒来后交换一根代表好感的小皮筋,23,compressed,交换一根代表好感的小皮筋,12,移除时间、地点、人物或关系模板，归并到核心概念
7596,看到别人也在午休醒来后在图书馆同一排书架重逢,22,compressed,在图书馆同一排书架重逢,11,移除时间、地点、人物或关系模板，归并到核心概念
7597,看到别人也在午休醒来后提醒喜欢的人带伞,19,compressed,提醒喜欢的人带伞,8,移除时间、地点、人物或关系模板，归并到核心概念
7598,看到别人也在午休醒来后记住树影在校服上轻轻晃动,23,compressed,记住树影在校服上轻轻晃动,12,移除时间、地点、人物或关系模板，归并到核心概念
7599,看到别人也在午休醒来后把喜欢藏进高考结束的夏天,23,compressed,把喜欢藏进高考结束的夏天,12,移除时间、地点、人物或关系模板，归并到核心概念
7600,看到别人也在课间走廊上在人群中寻找熟悉的校服背影,24,deleted,,0,模板变体、超长表达或配额外的同概念近似项
7601,看到别人也在午休醒来后替对方整理歪掉的校服领口,23,compressed,替对方整理歪掉的校服领口,12,移除时间、地点、人物或关系模板，归并到核心概念
7602,看到别人也在午休醒来后把校服第二颗纽扣留作纪念,23,compressed,把校服第二颗纽扣留作纪念,12,移除时间、地点、人物或关系模板，归并到核心概念
7603,看到别人也在午休醒来后在自习室替对方留一个座位,23,compressed,在自习室替对方留一个座位,12,移除时间、地点、人物或关系模板，归并到核心概念
7604,看到别人也在午休醒来后把自己的外套借给对方,21,compressed,把自己的外套借给对方,10,移除时间、地点、人物或关系模板，归并到核心概念
7605,看到别人也在午休醒来后看见雨水沿着教室玻璃滑下,23,compressed,看见雨水沿着教室玻璃滑下,12,移除时间、地点、人物或关系模板，归并到核心概念
7606,看到别人也在午休醒来后约定收到录取通知后再见,22,compressed,约定收到录取通知后再见,11,移除时间、地点、人物或关系模板，归并到核心概念
7607,看到别人也在课间走廊上放学后并肩走出校门,20,deleted,,0,模板变体、超长表达或配额外的同概念近似项
7608,看到别人也在午休醒来后注意到校服袖口写着名字,22,compressed,注意到校服袖口写着名字,11,移除时间、地点、人物或关系模板，归并到核心概念
7609,看到别人也在午休醒来后送出成对的钥匙扣,19,compressed,送出成对的钥匙扣,8,移除时间、地点、人物或关系模板，归并到核心概念
7610,看到别人也在午休醒来后在小卖部门口假装偶遇,21,compressed,在小卖部门口假装偶遇,10,移除时间、地点、人物或关系模板，归并到核心概念
7611,看到别人也在午休醒来后记住她不吃的食堂菜,20,compressed,记住她不吃的食堂菜,9,移除时间、地点、人物或关系模板，归并到核心概念
7612,看到别人也在午休醒来后闻到新课本混着油墨的气味,23,compressed,闻到新课本混着油墨的气味,12,移除时间、地点、人物或关系模板，归并到核心概念
7613,看到别人也在午休醒来后在散伙饭上忍住没说的话,22,compressed,在散伙饭上忍住没说的话,11,移除时间、地点、人物或关系模板，归并到核心概念
7614,看到别人也在课间走廊上推着自行车陪对方慢慢走,22,deleted,,0,模板变体、超长表达或配额外的同概念近似项
7615,看到别人也在午休醒来后看见白衬衫被晚霞染成金色,23,compressed,看见白衬衫被晚霞染成金色,12,移除时间、地点、人物或关系模板，归并到核心概念
7616,看到别人也在午休醒来后互换写着祝福的书签,20,compressed,互换写着祝福的书签,9,移除时间、地点、人物或关系模板，归并到核心概念
7617,看到别人也在午休醒来后在食堂排队时站到她身后,22,compressed,在食堂排队时站到她身后,11,移除时间、地点、人物或关系模板，归并到核心概念
7618,看到别人也在午休醒来后替迟到的人悄悄留门,20,compressed,替迟到的人悄悄留门,9,移除时间、地点、人物或关系模板，归并到核心概念
7619,看到别人也在午休醒来后记住雨后塑胶跑道的气味,22,compressed,记住雨后塑胶跑道的气味,11,移除时间、地点、人物或关系模板，归并到核心概念
7620,看到别人也在午休醒来后听完最后一次校园广播,21,compressed,听完最后一次校园广播,10,移除时间、地点、人物或关系模板，归并到核心概念
7621,看到别人也在课间走廊上一起等最后一班公交车,21,deleted,,0,模板变体、超长表达或配额外的同概念近似项
7622,看到别人也在午休醒来后发现手腕上多了一根小皮筋,23,compressed,发现手腕上多了一根小皮筋,12,移除时间、地点、人物或关系模板，归并到核心概念
7623,看到别人也在午休醒来后借出一支舍不得收回的笔,22,compressed,借出一支舍不得收回的笔,11,移除时间、地点、人物或关系模板，归并到核心概念
7624,看到别人也在午休醒来后在校园广播站等一首点歌,22,compressed,在校园广播站等一首点歌,11,移除时间、地点、人物或关系模板，归并到核心概念
7625,看到别人也在午休醒来后在值日时一起擦黑板,20,compressed,在值日时一起擦黑板,9,移除时间、地点、人物或关系模板，归并到核心概念
7626,看到别人也在午休醒来后感到共用雨伞时靠近的温度,23,compressed,感到共用雨伞时靠近的温度,12,移除时间、地点、人物或关系模板，归并到核心概念
7627,看到别人也在午休醒来后收拾课桌时找到旧纸条,21,compressed,收拾课桌时找到旧纸条,10,移除时间、地点、人物或关系模板，归并到核心概念
7628,看到别人也在课间走廊上约好第二天在校门口见,21,deleted,,0,模板变体、超长表达或配额外的同概念近似项
7629,看到别人也在午休醒来后把对方送的小皮筋戴在手腕,23,compressed,把对方送的小皮筋戴在手腕,12,移除时间、地点、人物或关系模板，归并到核心概念
7630,看到别人也在午休醒来后在橡皮上刻下对方的缩写,22,compressed,在橡皮上刻下对方的缩写,11,移除时间、地点、人物或关系模板，归并到核心概念
7631,看到别人也在午休醒来后在礼堂散场后寻找对方,21,compressed,在礼堂散场后寻找对方,10,移除时间、地点、人物或关系模板，归并到核心概念
7632,看到别人也在午休醒来后一起搬运动会用的桌椅,21,compressed,一起搬运动会用的桌椅,10,移除时间、地点、人物或关系模板，归并到核心概念
7633,看到别人也在午休醒来后记住冬天热水杯传来的暖意,23,compressed,记住冬天热水杯传来的暖意,12,移除时间、地点、人物或关系模板，归并到核心概念
7634,看到别人也在午休醒来后离校前再走一遍熟悉的操场,23,compressed,离校前再走一遍熟悉的操场,12,移除时间、地点、人物或关系模板，归并到核心概念
7635,看到别人也在课间走廊上在操场看台说出喜欢,20,deleted,,0,模板变体、超长表达或配额外的同概念近似项
7636,看到别人也在午休醒来后认出书包上新挂的钥匙扣,22,compressed,认出书包上新挂的钥匙扣,11,移除时间、地点、人物或关系模板，归并到核心概念
7637,看到别人也在午休醒来后把复习资料装订得整整齐齐,23,compressed,把复习资料装订得整整齐齐,12,移除时间、地点、人物或关系模板，归并到核心概念
7638,看到别人也在午休醒来后沿着操场跑道陪她慢慢走,22,compressed,沿着操场跑道陪她慢慢走,11,移除时间、地点、人物或关系模板，归并到核心概念
7639,看到别人也在午休醒来后在社团排练后帮忙收器材,22,compressed,在社团排练后帮忙收器材,11,移除时间、地点、人物或关系模板，归并到核心概念
7640,看到别人也在午休醒来后等春天樱花落在她肩上,21,compressed,等春天樱花落在她肩上,10,移除时间、地点、人物或关系模板，归并到核心概念
7641,看到别人也在午休醒来后在校门口说出以后常联系,22,compressed,在校门口说出以后常联系,11,移除时间、地点、人物或关系模板，归并到核心概念
7642,看到别人也在课间走廊上把暗恋告诉最信任的同学,22,deleted,,0,模板变体、超长表达或配额外的同概念近似项
7643,看到别人也在午休醒来后留意她每天更换的发卡,21,compressed,留意她每天更换的发卡,10,移除时间、地点、人物或关系模板，归并到核心概念
7644,看到别人也在午休醒来后在错题本角落留下鼓励,21,compressed,在错题本角落留下鼓励,10,移除时间、地点、人物或关系模板，归并到核心概念
7645,看到别人也在午休醒来后在篮球场边递上一瓶水,21,compressed,在篮球场边递上一瓶水,10,移除时间、地点、人物或关系模板，归并到核心概念
7646,看到别人也在午休醒来后为对方的比赛偷偷加油,21,compressed,为对方的比赛偷偷加油,10,移除时间、地点、人物或关系模板，归并到核心概念
7647,看到别人也在午休醒来后在盛夏风扇声里偷偷心动,22,compressed,在盛夏风扇声里偷偷心动,11,移除时间、地点、人物或关系模板，归并到核心概念
7648,看到别人也在午休醒来后目送对方坐上不同方向的车,23,compressed,目送对方坐上不同方向的车,12,移除时间、地点、人物或关系模板，归并到核心概念
7649,看到别人也在课间走廊上收到对方认真回应的好感,22,deleted,,0,模板变体、超长表达或配额外的同概念近似项
7650,看到别人也在午休醒来后记住帆布鞋踩过积水的声音,23,deleted,,0,模板变体、超长表达或配额外的同概念近似项
7651,看到别人也在午休醒来后用同一本练习册对答案,21,deleted,,0,模板变体、超长表达或配额外的同概念近似项
7652,看到别人也在午休醒来后在看台最高一排并肩坐着,22,compressed,在看台最高一排并肩坐着,11,移除时间、地点、人物或关系模板，归并到核心概念
7653,看到别人也在午休醒来后在班级合唱时站到她旁边,22,compressed,在班级合唱时站到她旁边,11,移除时间、地点、人物或关系模板，归并到核心概念
7654,看到别人也在午休醒来后看秋叶堆满放学的小路,21,deleted,,0,模板变体、超长表达或配额外的同概念近似项
7655,看到别人也在午休醒来后发现最后一句聊天停在毕业快乐,25,deleted,,0,模板变体、超长表达或配额外的同概念近似项
7656,看到别人也在课间走廊上从同桌变成互相喜欢的人,22,deleted,,0,模板变体、超长表达或配额外的同概念近似项
7657,看到别人也在午休醒来后看见运动服背后的班级号码,23,deleted,,0,模板变体、超长表达或配额外的同概念近似项
7658,看到别人也在午休醒来后把借书卡藏进喜欢的书里,22,deleted,,0,模板变体、超长表达或配额外的同概念近似项
7659,看到别人也在午休醒来后在体育馆门口等训练结束,22,deleted,,0,模板变体、超长表达或配额外的同概念近似项
7660,看到别人也在午休醒来后假装随口询问周末安排,21,deleted,,0,模板变体、超长表达或配额外的同概念近似项
7661,看到别人也在午休醒来后在初雪那天想和她一起走,22,deleted,,0,模板变体、超长表达或配额外的同概念近似项
7662,看到别人也在午休醒来后因为去往不同城市慢慢失联,23,deleted,,0,模板变体、超长表达或配额外的同概念近似项
7663,看到别人也在课间走廊上在班级起哄中偷偷脸红,21,deleted,,0,模板变体、超长表达或配额外的同概念近似项
7664,看到别人也在午休醒来后注意到对方紧张时攥住衣角,23,deleted,,0,模板变体、超长表达或配额外的同概念近似项
7665,看到别人也在午休醒来后用值日表制造一起留下的机会,24,deleted,,0,模板变体、超长表达或配额外的同概念近似项
7666,看到别人也在午休醒来后沿林荫道推着自行车同行,22,deleted,,0,模板变体、超长表达或配额外的同概念近似项
7667,看到别人也在午休醒来后把好笑的事情第一个告诉她,23,deleted,,0,模板变体、超长表达或配额外的同概念近似项
7668,看到别人也在午休醒来后记住六月毕业季的闷热,21,deleted,,0,模板变体、超长表达或配额外的同概念近似项
7669,看到别人也在午休醒来后多年后翻到泛黄的毕业照,22,deleted,,0,模板变体、超长表达或配额外的同概念近似项
7670,看到别人也在课间走廊上交换只有两个人懂的暗号,22,deleted,,0,模板变体、超长表达或配额外的同概念近似项
7671,看到别人也在午休醒来后记住少年骑车时鼓起的衣摆,23,deleted,,0,模板变体、超长表达或配额外的同概念近似项
7672,看到别人也在午休醒来后在课程表上圈出共同的空课,23,deleted,,0,模板变体、超长表达或配额外的同概念近似项
7673,看到别人也在午休醒来后在校门口犹豫要不要告别,22,deleted,,0,模板变体、超长表达或配额外的同概念近似项
7674,看到别人也在午休醒来后聊天时等对方收拾完书包,22,deleted,,0,模板变体、超长表达或配额外的同概念近似项
7675,看到别人也在午休醒来后在傍晚风里听见校服摩擦声,23,deleted,,0,模板变体、超长表达或配额外的同概念近似项
7676,看到别人也在午休醒来后重回母校时寻找当年的座位,23,deleted,,0,模板变体、超长表达或配额外的同概念近似项
7677,看到别人也在课间走廊上第一次用恋人的身份说晚安,23,deleted,,0,模板变体、超长表达或配额外的同概念近似项
7678,看到别人也在午休醒来后发现镜片后躲闪的目光,21,deleted,,0,模板变体、超长表达或配额外的同概念近似项
7679,看到别人也在午休醒来后用广播点歌传递含蓄心意,22,deleted,,0,模板变体、超长表达或配额外的同概念近似项
7680,看到别人也在午休醒来后在公交站陪对方等车,20,deleted,,0,模板变体、超长表达或配额外的同概念近似项
7681,看到别人也在午休醒来后看见她睡着后压低说话声音,23,deleted,,0,模板变体、超长表达或配额外的同概念近似项
7682,看到别人也在午休醒来后尝到小卖部冰汽水的甜味,22,deleted,,0,模板变体、超长表达或配额外的同概念近似项
7683,看到别人也在午休醒来后听见校歌突然想起喜欢的人,23,deleted,,0,模板变体、超长表达或配额外的同概念近似项
7684,看到别人也在课间走廊上约定毕业以后也继续联系,22,deleted,,0,模板变体、超长表达或配额外的同概念近似项
7685,看到别人也在午休醒来后在人群中认出那双熟悉的球鞋,24,deleted,,0,模板变体、超长表达或配额外的同概念近似项
7686,看到别人也在午休醒来后约定用窗台上的水杯当暗号,23,deleted,,0,模板变体、超长表达或配额外的同概念近似项
7687,看到别人也在午休醒来后绕远路走过两个人常走的小巷,24,deleted,,0,模板变体、超长表达或配额外的同概念近似项
7688,看到别人也在午休醒来后把最后一颗糖留给喜欢的人,23,deleted,,0,模板变体、超长表达或配额外的同概念近似项
7689,看到别人也在午休醒来后记住她经过时淡淡的洗衣粉香,24,deleted,,0,模板变体、超长表达或配额外的同概念近似项
7690,看到别人也在午休醒来后意识到那次挥手已经是最后一面,25,deleted,,0,模板变体、超长表达或配额外的同概念近似项
7691,看到别人也在午休醒来后和喜欢的人隔着课桌对视,22,deleted,,0,模板变体、超长表达或配额外的同概念近似项
7692,看到别人也在体育课自由活动时风吹起她额前的刘海,23,compressed,风吹起她额前的刘海,9,移除时间、地点、人物或关系模板，归并到核心概念
7693,看到别人也在体育课自由活动时递来一张折好的小纸条,24,compressed,递来一张折好的小纸条,10,移除时间、地点、人物或关系模板，归并到核心概念
7694,看到别人也在体育课自由活动时在靠窗的座位等她出现,24,compressed,在靠窗的座位等她出现,10,移除时间、地点、人物或关系模板，归并到核心概念
7695,看到别人也在体育课自由活动时把课堂笔记借给喜欢的人,25,compressed,把课堂笔记借给喜欢的人,11,移除时间、地点、人物或关系模板，归并到核心概念
7696,看到别人也在体育课自由活动时听见窗外一阵很长的蝉鸣,25,compressed,听见窗外一阵很长的蝉鸣,11,移除时间、地点、人物或关系模板，归并到核心概念
7697,看到别人也在体育课自由活动时在毕业册上写下一句祝福,25,compressed,在毕业册上写下一句祝福,11,移除时间、地点、人物或关系模板，归并到核心概念
7698,看到别人也在午休醒来后发现同桌悄悄看向自己,21,deleted,,0,模板变体、超长表达或配额外的同概念近似项
7699,看到别人也在体育课自由活动时看见她把刘海别到耳后,24,compressed,看见她把刘海别到耳后,10,移除时间、地点、人物或关系模板，归并到核心概念
7700,看到别人也在体育课自由活动时在纸条背面写下回复,23,compressed,在纸条背面写下回复,9,移除时间、地点、人物或关系模板，归并到核心概念
7701,看到别人也在体育课自由活动时经过对方班级的教室门口,25,compressed,经过对方班级的教室门口,11,移除时间、地点、人物或关系模板，归并到核心概念
7702,看到别人也在体育课自由活动时耐心讲一道做错的题,23,compressed,耐心讲一道做错的题,9,移除时间、地点、人物或关系模板，归并到核心概念
7703,看到别人也在体育课自由活动时听见下课铃盖过没说完的话,26,compressed,听见下课铃盖过没说完的话,12,移除时间、地点、人物或关系模板，归并到核心概念
7704,看到别人也在体育课自由活动时把同学录最后一页留给她,25,compressed,把同学录最后一页留给她,11,移除时间、地点、人物或关系模板，归并到核心概念
7705,看到别人也在午休醒来后把喜欢藏在课堂笔记里,21,deleted,,0,模板变体、超长表达或配额外的同概念近似项
7706,看到别人也在体育课自由活动时注意到阳光落在她的发梢,25,compressed,注意到阳光落在她的发梢,11,移除时间、地点、人物或关系模板，归并到核心概念
7707,看到别人也在体育课自由活动时把没送出的情书夹进书里,25,compressed,把没送出的情书夹进书里,11,移除时间、地点、人物或关系模板，归并到核心概念
7708,看到别人也在体育课自由活动时在空教室里多停留一会儿,25,compressed,在空教室里多停留一会儿,11,移除时间、地点、人物或关系模板，归并到核心概念
7709,看到别人也在体育课自由活动时一起背诵第二天要抽查的课文,27,deleted,,0,模板变体、超长表达或配额外的同概念近似项
7710,看到别人也在体育课自由活动时记住篮球落地的回声,23,compressed,记住篮球落地的回声,9,移除时间、地点、人物或关系模板，归并到核心概念
7711,看到别人也在体育课自由活动时在毕业照里悄悄站得更近,25,compressed,在毕业照里悄悄站得更近,11,移除时间、地点、人物或关系模板，归并到核心概念
7712,看到别人也在午休醒来后借讲题的机会坐得更近,21,deleted,,0,模板变体、超长表达或配额外的同概念近似项
7713,看到别人也在体育课自由活动时记住她低头笑时的酒窝,24,compressed,记住她低头笑时的酒窝,10,移除时间、地点、人物或关系模板，归并到核心概念
7714,看到别人也在体育课自由活动时收到一封没有署名的情书,25,compressed,收到一封没有署名的情书,11,移除时间、地点、人物或关系模板，归并到核心概念
7715,看到别人也在体育课自由活动时从教学楼走廊远远看见她,25,compressed,从教学楼走廊远远看见她,11,移除时间、地点、人物或关系模板，归并到核心概念
7716,看到别人也在体育课自由活动时互相检查听写答案,22,compressed,互相检查听写答案,8,移除时间、地点、人物或关系模板，归并到核心概念
7717,看到别人也在体育课自由活动时听见广播里放过的那首歌,25,compressed,听见广播里放过的那首歌,11,移除时间、地点、人物或关系模板，归并到核心概念
7718,看到别人也在体育课自由活动时在校服背面签下名字,23,compressed,在校服背面签下名字,9,移除时间、地点、人物或关系模板，归并到核心概念
7719,看到别人也在午休醒来后在走廊等喜欢的人经过,21,deleted,,0,模板变体、超长表达或配额外的同概念近似项
7720,看到别人也在体育课自由活动时发现她见面前认真扎好头发,26,compressed,发现她见面前认真扎好头发,12,移除时间、地点、人物或关系模板，归并到核心概念
7721,看到别人也在体育课自由活动时在便利贴上画一颗小心心,25,compressed,在便利贴上画一颗小心心,11,移除时间、地点、人物或关系模板，归并到核心概念
7722,看到别人也在体育课自由活动时在楼梯转角意外遇见喜欢的人,27,deleted,,0,模板变体、超长表达或配额外的同概念近似项
7723,看到别人也在体育课自由活动时替对方保管暂时没收的手机,26,compressed,替对方保管暂时没收的手机,12,移除时间、地点、人物或关系模板，归并到核心概念
7724,看到别人也在体育课自由活动时看见晨光落在她的课桌上,25,compressed,看见晨光落在她的课桌上,11,移除时间、地点、人物或关系模板，归并到核心概念
7725,看到别人也在体育课自由活动时把没送出的情书带回家,24,compressed,把没送出的情书带回家,10,移除时间、地点、人物或关系模板，归并到核心概念
7726,看到别人也在午休醒来后课间绕路去隔壁班门口,21,deleted,,0,模板变体、超长表达或配额外的同概念近似项
7727,看到别人也在体育课自由活动时看见她穿着宽大的校服外套,26,compressed,看见她穿着宽大的校服外套,12,移除时间、地点、人物或关系模板，归并到核心概念
7728,看到别人也在体育课自由活动时把名字写在同一张草稿纸上,26,compressed,把名字写在同一张草稿纸上,12,移除时间、地点、人物或关系模板，归并到核心概念
7729,看到别人也在体育课自由活动时绕路经过她常去的饮水机,25,compressed,绕路经过她常去的饮水机,11,移除时间、地点、人物或关系模板，归并到核心概念
7730,看到别人也在体育课自由活动时给趴在桌上的人留一盒牛奶,26,compressed,给趴在桌上的人留一盒牛奶,12,移除时间、地点、人物或关系模板，归并到核心概念
7731,看到别人也在体育课自由活动时看见晚霞穿过教学楼窗户,25,compressed,看见晚霞穿过教学楼窗户,11,移除时间、地点、人物或关系模板，归并到核心概念
7732,看到别人也在体育课自由活动时错过毕业前最后一次告白,25,compressed,错过毕业前最后一次告白,11,移除时间、地点、人物或关系模板，归并到核心概念
7733,看到别人也在午休醒来后替心动对象去小卖部带饮料,23,deleted,,0,模板变体、超长表达或配额外的同概念近似项
7734,看到别人也在体育课自由活动时认出人群里熟悉的校服衣角,26,compressed,认出人群里熟悉的校服衣角,12,移除时间、地点、人物或关系模板，归并到核心概念
7735,看到别人也在体育课自由活动时交换一根代表好感的小皮筋,26,compressed,交换一根代表好感的小皮筋,12,移除时间、地点、人物或关系模板，归并到核心概念
7736,看到别人也在体育课自由活动时在图书馆同一排书架重逢,25,compressed,在图书馆同一排书架重逢,11,移除时间、地点、人物或关系模板，归并到核心概念
7737,看到别人也在体育课自由活动时提醒喜欢的人带伞,22,compressed,提醒喜欢的人带伞,8,移除时间、地点、人物或关系模板，归并到核心概念
7738,看到别人也在体育课自由活动时记住树影在校服上轻轻晃动,26,compressed,记住树影在校服上轻轻晃动,12,移除时间、地点、人物或关系模板，归并到核心概念
7739,看到别人也在体育课自由活动时把喜欢藏进高考结束的夏天,26,compressed,把喜欢藏进高考结束的夏天,12,移除时间、地点、人物或关系模板，归并到核心概念
7740,看到别人也在午休醒来后在人群中寻找熟悉的校服背影,24,deleted,,0,模板变体、超长表达或配额外的同概念近似项
7741,看到别人也在体育课自由活动时替对方整理歪掉的校服领口,26,compressed,替对方整理歪掉的校服领口,12,移除时间、地点、人物或关系模板，归并到核心概念
7742,看到别人也在体育课自由活动时把校服第二颗纽扣留作纪念,26,compressed,把校服第二颗纽扣留作纪念,12,移除时间、地点、人物或关系模板，归并到核心概念
7743,看到别人也在体育课自由活动时在自习室替对方留一个座位,26,compressed,在自习室替对方留一个座位,12,移除时间、地点、人物或关系模板，归并到核心概念
7744,看到别人也在体育课自由活动时把自己的外套借给对方,24,compressed,把自己的外套借给对方,10,移除时间、地点、人物或关系模板，归并到核心概念
7745,看到别人也在体育课自由活动时看见雨水沿着教室玻璃滑下,26,compressed,看见雨水沿着教室玻璃滑下,12,移除时间、地点、人物或关系模板，归并到核心概念
7746,看到别人也在体育课自由活动时约定收到录取通知后再见,25,compressed,约定收到录取通知后再见,11,移除时间、地点、人物或关系模板，归并到核心概念
7747,看到别人也在午休醒来后放学后并肩走出校门,20,deleted,,0,模板变体、超长表达或配额外的同概念近似项
7748,看到别人也在体育课自由活动时注意到校服袖口写着名字,25,compressed,注意到校服袖口写着名字,11,移除时间、地点、人物或关系模板，归并到核心概念
7749,看到别人也在体育课自由活动时送出成对的钥匙扣,22,compressed,送出成对的钥匙扣,8,移除时间、地点、人物或关系模板，归并到核心概念
7750,看到别人也在体育课自由活动时在小卖部门口假装偶遇,24,compressed,在小卖部门口假装偶遇,10,移除时间、地点、人物或关系模板，归并到核心概念
7751,看到别人也在体育课自由活动时记住她不吃的食堂菜,23,compressed,记住她不吃的食堂菜,9,移除时间、地点、人物或关系模板，归并到核心概念
7752,看到别人也在体育课自由活动时闻到新课本混着油墨的气味,26,compressed,闻到新课本混着油墨的气味,12,移除时间、地点、人物或关系模板，归并到核心概念
7753,看到别人也在体育课自由活动时在散伙饭上忍住没说的话,25,compressed,在散伙饭上忍住没说的话,11,移除时间、地点、人物或关系模板，归并到核心概念
7754,看到别人也在午休醒来后推着自行车陪对方慢慢走,22,deleted,,0,模板变体、超长表达或配额外的同概念近似项
7755,看到别人也在体育课自由活动时看见白衬衫被晚霞染成金色,26,compressed,看见白衬衫被晚霞染成金色,12,移除时间、地点、人物或关系模板，归并到核心概念
7756,看到别人也在体育课自由活动时互换写着祝福的书签,23,compressed,互换写着祝福的书签,9,移除时间、地点、人物或关系模板，归并到核心概念
7757,看到别人也在体育课自由活动时在食堂排队时站到她身后,25,compressed,在食堂排队时站到她身后,11,移除时间、地点、人物或关系模板，归并到核心概念
7758,看到别人也在体育课自由活动时替迟到的人悄悄留门,23,compressed,替迟到的人悄悄留门,9,移除时间、地点、人物或关系模板，归并到核心概念
7759,看到别人也在体育课自由活动时记住雨后塑胶跑道的气味,25,compressed,记住雨后塑胶跑道的气味,11,移除时间、地点、人物或关系模板，归并到核心概念
7760,看到别人也在体育课自由活动时听完最后一次校园广播,24,compressed,听完最后一次校园广播,10,移除时间、地点、人物或关系模板，归并到核心概念
7761,看到别人也在午休醒来后一起等最后一班公交车,21,deleted,,0,模板变体、超长表达或配额外的同概念近似项
7762,看到别人也在体育课自由活动时发现手腕上多了一根小皮筋,26,compressed,发现手腕上多了一根小皮筋,12,移除时间、地点、人物或关系模板，归并到核心概念
7763,看到别人也在体育课自由活动时借出一支舍不得收回的笔,25,compressed,借出一支舍不得收回的笔,11,移除时间、地点、人物或关系模板，归并到核心概念
7764,看到别人也在体育课自由活动时在校园广播站等一首点歌,25,compressed,在校园广播站等一首点歌,11,移除时间、地点、人物或关系模板，归并到核心概念
7765,看到别人也在体育课自由活动时在值日时一起擦黑板,23,compressed,在值日时一起擦黑板,9,移除时间、地点、人物或关系模板，归并到核心概念
7766,看到别人也在体育课自由活动时感到共用雨伞时靠近的温度,26,compressed,感到共用雨伞时靠近的温度,12,移除时间、地点、人物或关系模板，归并到核心概念
7767,看到别人也在体育课自由活动时收拾课桌时找到旧纸条,24,compressed,收拾课桌时找到旧纸条,10,移除时间、地点、人物或关系模板，归并到核心概念
7768,看到别人也在午休醒来后约好第二天在校门口见,21,deleted,,0,模板变体、超长表达或配额外的同概念近似项
7769,看到别人也在体育课自由活动时把对方送的小皮筋戴在手腕,26,compressed,把对方送的小皮筋戴在手腕,12,移除时间、地点、人物或关系模板，归并到核心概念
7770,看到别人也在体育课自由活动时在橡皮上刻下对方的缩写,25,compressed,在橡皮上刻下对方的缩写,11,移除时间、地点、人物或关系模板，归并到核心概念
7771,看到别人也在体育课自由活动时在礼堂散场后寻找对方,24,compressed,在礼堂散场后寻找对方,10,移除时间、地点、人物或关系模板，归并到核心概念
7772,看到别人也在体育课自由活动时一起搬运动会用的桌椅,24,compressed,一起搬运动会用的桌椅,10,移除时间、地点、人物或关系模板，归并到核心概念
7773,看到别人也在体育课自由活动时记住冬天热水杯传来的暖意,26,compressed,记住冬天热水杯传来的暖意,12,移除时间、地点、人物或关系模板，归并到核心概念
7774,看到别人也在体育课自由活动时离校前再走一遍熟悉的操场,26,compressed,离校前再走一遍熟悉的操场,12,移除时间、地点、人物或关系模板，归并到核心概念
7775,看到别人也在午休醒来后在操场看台说出喜欢,20,deleted,,0,模板变体、超长表达或配额外的同概念近似项
7776,看到别人也在体育课自由活动时认出书包上新挂的钥匙扣,25,compressed,认出书包上新挂的钥匙扣,11,移除时间、地点、人物或关系模板，归并到核心概念
7777,看到别人也在体育课自由活动时把复习资料装订得整整齐齐,26,compressed,把复习资料装订得整整齐齐,12,移除时间、地点、人物或关系模板，归并到核心概念
7778,看到别人也在体育课自由活动时沿着操场跑道陪她慢慢走,25,compressed,沿着操场跑道陪她慢慢走,11,移除时间、地点、人物或关系模板，归并到核心概念
7779,看到别人也在体育课自由活动时在社团排练后帮忙收器材,25,compressed,在社团排练后帮忙收器材,11,移除时间、地点、人物或关系模板，归并到核心概念
7780,看到别人也在体育课自由活动时等春天樱花落在她肩上,24,compressed,等春天樱花落在她肩上,10,移除时间、地点、人物或关系模板，归并到核心概念
7781,看到别人也在体育课自由活动时在校门口说出以后常联系,25,compressed,在校门口说出以后常联系,11,移除时间、地点、人物或关系模板，归并到核心概念
7782,看到别人也在午休醒来后把暗恋告诉最信任的同学,22,deleted,,0,模板变体、超长表达或配额外的同概念近似项
7783,看到别人也在体育课自由活动时留意她每天更换的发卡,24,compressed,留意她每天更换的发卡,10,移除时间、地点、人物或关系模板，归并到核心概念
7784,看到别人也在体育课自由活动时在错题本角落留下鼓励,24,compressed,在错题本角落留下鼓励,10,移除时间、地点、人物或关系模板，归并到核心概念
7785,看到别人也在体育课自由活动时在篮球场边递上一瓶水,24,compressed,在篮球场边递上一瓶水,10,移除时间、地点、人物或关系模板，归并到核心概念
7786,看到别人也在体育课自由活动时为对方的比赛偷偷加油,24,compressed,为对方的比赛偷偷加油,10,移除时间、地点、人物或关系模板，归并到核心概念
7787,看到别人也在体育课自由活动时在盛夏风扇声里偷偷心动,25,compressed,在盛夏风扇声里偷偷心动,11,移除时间、地点、人物或关系模板，归并到核心概念
7788,看到别人也在体育课自由活动时目送对方坐上不同方向的车,26,compressed,目送对方坐上不同方向的车,12,移除时间、地点、人物或关系模板，归并到核心概念
7789,看到别人也在午休醒来后收到对方认真回应的好感,22,deleted,,0,模板变体、超长表达或配额外的同概念近似项
7790,看到别人也在体育课自由活动时记住帆布鞋踩过积水的声音,26,deleted,,0,模板变体、超长表达或配额外的同概念近似项
7791,看到别人也在体育课自由活动时用同一本练习册对答案,24,deleted,,0,模板变体、超长表达或配额外的同概念近似项
7792,看到别人也在体育课自由活动时在看台最高一排并肩坐着,25,compressed,在看台最高一排并肩坐着,11,移除时间、地点、人物或关系模板，归并到核心概念
7793,看到别人也在体育课自由活动时在班级合唱时站到她旁边,25,compressed,在班级合唱时站到她旁边,11,移除时间、地点、人物或关系模板，归并到核心概念
7794,看到别人也在体育课自由活动时看秋叶堆满放学的小路,24,deleted,,0,模板变体、超长表达或配额外的同概念近似项
7795,看到别人也在体育课自由活动时发现最后一句聊天停在毕业快乐,28,deleted,,0,模板变体、超长表达或配额外的同概念近似项
7796,看到别人也在午休醒来后从同桌变成互相喜欢的人,22,deleted,,0,模板变体、超长表达或配额外的同概念近似项
7797,看到别人也在体育课自由活动时看见运动服背后的班级号码,26,deleted,,0,模板变体、超长表达或配额外的同概念近似项
7798,看到别人也在体育课自由活动时把借书卡藏进喜欢的书里,25,deleted,,0,模板变体、超长表达或配额外的同概念近似项
7799,看到别人也在体育课自由活动时在体育馆门口等训练结束,25,deleted,,0,模板变体、超长表达或配额外的同概念近似项
7800,看到别人也在体育课自由活动时假装随口询问周末安排,24,deleted,,0,模板变体、超长表达或配额外的同概念近似项
7801,看到别人也在体育课自由活动时在初雪那天想和她一起走,25,deleted,,0,模板变体、超长表达或配额外的同概念近似项
7802,看到别人也在体育课自由活动时因为去往不同城市慢慢失联,26,deleted,,0,模板变体、超长表达或配额外的同概念近似项
7803,看到别人也在午休醒来后在班级起哄中偷偷脸红,21,deleted,,0,模板变体、超长表达或配额外的同概念近似项
7804,看到别人也在体育课自由活动时注意到对方紧张时攥住衣角,26,deleted,,0,模板变体、超长表达或配额外的同概念近似项
7805,看到别人也在体育课自由活动时用值日表制造一起留下的机会,27,deleted,,0,模板变体、超长表达或配额外的同概念近似项
7806,看到别人也在体育课自由活动时沿林荫道推着自行车同行,25,deleted,,0,模板变体、超长表达或配额外的同概念近似项
7807,看到别人也在体育课自由活动时把好笑的事情第一个告诉她,26,deleted,,0,模板变体、超长表达或配额外的同概念近似项
7808,看到别人也在体育课自由活动时记住六月毕业季的闷热,24,deleted,,0,模板变体、超长表达或配额外的同概念近似项
7809,看到别人也在体育课自由活动时多年后翻到泛黄的毕业照,25,deleted,,0,模板变体、超长表达或配额外的同概念近似项
7810,看到别人也在午休醒来后交换只有两个人懂的暗号,22,deleted,,0,模板变体、超长表达或配额外的同概念近似项
7811,看到别人也在体育课自由活动时记住少年骑车时鼓起的衣摆,26,deleted,,0,模板变体、超长表达或配额外的同概念近似项
7812,看到别人也在体育课自由活动时在课程表上圈出共同的空课,26,deleted,,0,模板变体、超长表达或配额外的同概念近似项
7813,看到别人也在体育课自由活动时在校门口犹豫要不要告别,25,deleted,,0,模板变体、超长表达或配额外的同概念近似项
7814,看到别人也在体育课自由活动时聊天时等对方收拾完书包,25,deleted,,0,模板变体、超长表达或配额外的同概念近似项
7815,看到别人也在体育课自由活动时在傍晚风里听见校服摩擦声,26,deleted,,0,模板变体、超长表达或配额外的同概念近似项
7816,看到别人也在体育课自由活动时重回母校时寻找当年的座位,26,deleted,,0,模板变体、超长表达或配额外的同概念近似项
7817,看到别人也在午休醒来后第一次用恋人的身份说晚安,23,deleted,,0,模板变体、超长表达或配额外的同概念近似项
7818,看到别人也在体育课自由活动时发现镜片后躲闪的目光,24,deleted,,0,模板变体、超长表达或配额外的同概念近似项
7819,看到别人也在体育课自由活动时用广播点歌传递含蓄心意,25,deleted,,0,模板变体、超长表达或配额外的同概念近似项
7820,看到别人也在体育课自由活动时在公交站陪对方等车,23,deleted,,0,模板变体、超长表达或配额外的同概念近似项
7821,看到别人也在体育课自由活动时看见她睡着后压低说话声音,26,deleted,,0,模板变体、超长表达或配额外的同概念近似项
7822,看到别人也在体育课自由活动时尝到小卖部冰汽水的甜味,25,deleted,,0,模板变体、超长表达或配额外的同概念近似项
7823,看到别人也在体育课自由活动时听见校歌突然想起喜欢的人,26,deleted,,0,模板变体、超长表达或配额外的同概念近似项
7824,看到别人也在午休醒来后约定毕业以后也继续联系,22,deleted,,0,模板变体、超长表达或配额外的同概念近似项
7825,看到别人也在体育课自由活动时在人群中认出那双熟悉的球鞋,27,deleted,,0,模板变体、超长表达或配额外的同概念近似项
7826,看到别人也在体育课自由活动时约定用窗台上的水杯当暗号,26,deleted,,0,模板变体、超长表达或配额外的同概念近似项
7827,看到别人也在体育课自由活动时绕远路走过两个人常走的小巷,27,deleted,,0,模板变体、超长表达或配额外的同概念近似项
7828,看到别人也在体育课自由活动时把最后一颗糖留给喜欢的人,26,deleted,,0,模板变体、超长表达或配额外的同概念近似项
7829,看到别人也在体育课自由活动时记住她经过时淡淡的洗衣粉香,27,deleted,,0,模板变体、超长表达或配额外的同概念近似项
7830,看到别人也在体育课自由活动时意识到那次挥手已经是最后一面,28,deleted,,0,模板变体、超长表达或配额外的同概念近似项
7831,看到别人也在体育课自由活动时和喜欢的人隔着课桌对视,25,deleted,,0,模板变体、超长表达或配额外的同概念近似项
7832,看到别人也在晚自习散场后风吹起她额前的刘海,21,compressed,风吹起她额前的刘海,9,移除时间、地点、人物或关系模板，归并到核心概念
7833,看到别人也在晚自习散场后递来一张折好的小纸条,22,compressed,递来一张折好的小纸条,10,移除时间、地点、人物或关系模板，归并到核心概念
7834,看到别人也在晚自习散场后在靠窗的座位等她出现,22,compressed,在靠窗的座位等她出现,10,移除时间、地点、人物或关系模板，归并到核心概念
7835,看到别人也在晚自习散场后把课堂笔记借给喜欢的人,23,compressed,把课堂笔记借给喜欢的人,11,移除时间、地点、人物或关系模板，归并到核心概念
7836,看到别人也在晚自习散场后听见窗外一阵很长的蝉鸣,23,compressed,听见窗外一阵很长的蝉鸣,11,移除时间、地点、人物或关系模板，归并到核心概念
7837,看到别人也在晚自习散场后在毕业册上写下一句祝福,23,compressed,在毕业册上写下一句祝福,11,移除时间、地点、人物或关系模板，归并到核心概念
7838,看到别人也在体育课自由活动时发现同桌悄悄看向自己,24,deleted,,0,模板变体、超长表达或配额外的同概念近似项
7839,看到别人也在晚自习散场后看见她把刘海别到耳后,22,compressed,看见她把刘海别到耳后,10,移除时间、地点、人物或关系模板，归并到核心概念
7840,看到别人也在晚自习散场后在纸条背面写下回复,21,compressed,在纸条背面写下回复,9,移除时间、地点、人物或关系模板，归并到核心概念
7841,看到别人也在晚自习散场后经过对方班级的教室门口,23,compressed,经过对方班级的教室门口,11,移除时间、地点、人物或关系模板，归并到核心概念
7842,看到别人也在晚自习散场后耐心讲一道做错的题,21,compressed,耐心讲一道做错的题,9,移除时间、地点、人物或关系模板，归并到核心概念
7843,看到别人也在晚自习散场后听见下课铃盖过没说完的话,24,compressed,听见下课铃盖过没说完的话,12,移除时间、地点、人物或关系模板，归并到核心概念
7844,看到别人也在晚自习散场后把同学录最后一页留给她,23,compressed,把同学录最后一页留给她,11,移除时间、地点、人物或关系模板，归并到核心概念
7845,看到别人也在体育课自由活动时把喜欢藏在课堂笔记里,24,deleted,,0,模板变体、超长表达或配额外的同概念近似项
7846,看到别人也在晚自习散场后注意到阳光落在她的发梢,23,compressed,注意到阳光落在她的发梢,11,移除时间、地点、人物或关系模板，归并到核心概念
7847,看到别人也在晚自习散场后把没送出的情书夹进书里,23,compressed,把没送出的情书夹进书里,11,移除时间、地点、人物或关系模板，归并到核心概念
7848,看到别人也在晚自习散场后在空教室里多停留一会儿,23,compressed,在空教室里多停留一会儿,11,移除时间、地点、人物或关系模板，归并到核心概念
7849,看到别人也在晚自习散场后一起背诵第二天要抽查的课文,25,deleted,,0,模板变体、超长表达或配额外的同概念近似项
7850,看到别人也在晚自习散场后记住篮球落地的回声,21,compressed,记住篮球落地的回声,9,移除时间、地点、人物或关系模板，归并到核心概念
7851,看到别人也在晚自习散场后在毕业照里悄悄站得更近,23,compressed,在毕业照里悄悄站得更近,11,移除时间、地点、人物或关系模板，归并到核心概念
7852,看到别人也在体育课自由活动时借讲题的机会坐得更近,24,deleted,,0,模板变体、超长表达或配额外的同概念近似项
7853,看到别人也在晚自习散场后记住她低头笑时的酒窝,22,compressed,记住她低头笑时的酒窝,10,移除时间、地点、人物或关系模板，归并到核心概念
7854,看到别人也在晚自习散场后收到一封没有署名的情书,23,compressed,收到一封没有署名的情书,11,移除时间、地点、人物或关系模板，归并到核心概念
7855,看到别人也在晚自习散场后从教学楼走廊远远看见她,23,compressed,从教学楼走廊远远看见她,11,移除时间、地点、人物或关系模板，归并到核心概念
7856,看到别人也在晚自习散场后互相检查听写答案,20,compressed,互相检查听写答案,8,移除时间、地点、人物或关系模板，归并到核心概念
7857,看到别人也在晚自习散场后听见广播里放过的那首歌,23,compressed,听见广播里放过的那首歌,11,移除时间、地点、人物或关系模板，归并到核心概念
7858,看到别人也在晚自习散场后在校服背面签下名字,21,compressed,在校服背面签下名字,9,移除时间、地点、人物或关系模板，归并到核心概念
7859,看到别人也在体育课自由活动时在走廊等喜欢的人经过,24,deleted,,0,模板变体、超长表达或配额外的同概念近似项
7860,看到别人也在晚自习散场后发现她见面前认真扎好头发,24,compressed,发现她见面前认真扎好头发,12,移除时间、地点、人物或关系模板，归并到核心概念
7861,看到别人也在晚自习散场后在便利贴上画一颗小心心,23,compressed,在便利贴上画一颗小心心,11,移除时间、地点、人物或关系模板，归并到核心概念
7862,看到别人也在晚自习散场后在楼梯转角意外遇见喜欢的人,25,deleted,,0,模板变体、超长表达或配额外的同概念近似项
7863,看到别人也在晚自习散场后替对方保管暂时没收的手机,24,compressed,替对方保管暂时没收的手机,12,移除时间、地点、人物或关系模板，归并到核心概念
7864,看到别人也在晚自习散场后看见晨光落在她的课桌上,23,compressed,看见晨光落在她的课桌上,11,移除时间、地点、人物或关系模板，归并到核心概念
7865,看到别人也在晚自习散场后把没送出的情书带回家,22,compressed,把没送出的情书带回家,10,移除时间、地点、人物或关系模板，归并到核心概念
7866,看到别人也在体育课自由活动时课间绕路去隔壁班门口,24,deleted,,0,模板变体、超长表达或配额外的同概念近似项
7867,看到别人也在晚自习散场后看见她穿着宽大的校服外套,24,compressed,看见她穿着宽大的校服外套,12,移除时间、地点、人物或关系模板，归并到核心概念
7868,看到别人也在晚自习散场后把名字写在同一张草稿纸上,24,compressed,把名字写在同一张草稿纸上,12,移除时间、地点、人物或关系模板，归并到核心概念
7869,看到别人也在晚自习散场后绕路经过她常去的饮水机,23,compressed,绕路经过她常去的饮水机,11,移除时间、地点、人物或关系模板，归并到核心概念
7870,看到别人也在晚自习散场后给趴在桌上的人留一盒牛奶,24,compressed,给趴在桌上的人留一盒牛奶,12,移除时间、地点、人物或关系模板，归并到核心概念
7871,看到别人也在晚自习散场后看见晚霞穿过教学楼窗户,23,compressed,看见晚霞穿过教学楼窗户,11,移除时间、地点、人物或关系模板，归并到核心概念
7872,看到别人也在晚自习散场后错过毕业前最后一次告白,23,compressed,错过毕业前最后一次告白,11,移除时间、地点、人物或关系模板，归并到核心概念
7873,看到别人也在体育课自由活动时替心动对象去小卖部带饮料,26,deleted,,0,模板变体、超长表达或配额外的同概念近似项
7874,看到别人也在晚自习散场后认出人群里熟悉的校服衣角,24,compressed,认出人群里熟悉的校服衣角,12,移除时间、地点、人物或关系模板，归并到核心概念
7875,看到别人也在晚自习散场后交换一根代表好感的小皮筋,24,compressed,交换一根代表好感的小皮筋,12,移除时间、地点、人物或关系模板，归并到核心概念
7876,看到别人也在晚自习散场后在图书馆同一排书架重逢,23,compressed,在图书馆同一排书架重逢,11,移除时间、地点、人物或关系模板，归并到核心概念
7877,看到别人也在晚自习散场后提醒喜欢的人带伞,20,compressed,提醒喜欢的人带伞,8,移除时间、地点、人物或关系模板，归并到核心概念
7878,看到别人也在晚自习散场后记住树影在校服上轻轻晃动,24,compressed,记住树影在校服上轻轻晃动,12,移除时间、地点、人物或关系模板，归并到核心概念
7879,看到别人也在晚自习散场后把喜欢藏进高考结束的夏天,24,compressed,把喜欢藏进高考结束的夏天,12,移除时间、地点、人物或关系模板，归并到核心概念
7880,看到别人也在体育课自由活动时在人群中寻找熟悉的校服背影,27,deleted,,0,模板变体、超长表达或配额外的同概念近似项
7881,看到别人也在晚自习散场后替对方整理歪掉的校服领口,24,compressed,替对方整理歪掉的校服领口,12,移除时间、地点、人物或关系模板，归并到核心概念
7882,看到别人也在晚自习散场后把校服第二颗纽扣留作纪念,24,compressed,把校服第二颗纽扣留作纪念,12,移除时间、地点、人物或关系模板，归并到核心概念
7883,看到别人也在晚自习散场后在自习室替对方留一个座位,24,compressed,在自习室替对方留一个座位,12,移除时间、地点、人物或关系模板，归并到核心概念
7884,看到别人也在晚自习散场后把自己的外套借给对方,22,compressed,把自己的外套借给对方,10,移除时间、地点、人物或关系模板，归并到核心概念
7885,看到别人也在晚自习散场后看见雨水沿着教室玻璃滑下,24,compressed,看见雨水沿着教室玻璃滑下,12,移除时间、地点、人物或关系模板，归并到核心概念
7886,看到别人也在晚自习散场后约定收到录取通知后再见,23,compressed,约定收到录取通知后再见,11,移除时间、地点、人物或关系模板，归并到核心概念
7887,看到别人也在体育课自由活动时放学后并肩走出校门,23,deleted,,0,模板变体、超长表达或配额外的同概念近似项
7888,看到别人也在晚自习散场后注意到校服袖口写着名字,23,compressed,注意到校服袖口写着名字,11,移除时间、地点、人物或关系模板，归并到核心概念
7889,看到别人也在晚自习散场后送出成对的钥匙扣,20,compressed,送出成对的钥匙扣,8,移除时间、地点、人物或关系模板，归并到核心概念
7890,看到别人也在晚自习散场后在小卖部门口假装偶遇,22,compressed,在小卖部门口假装偶遇,10,移除时间、地点、人物或关系模板，归并到核心概念
7891,看到别人也在晚自习散场后记住她不吃的食堂菜,21,compressed,记住她不吃的食堂菜,9,移除时间、地点、人物或关系模板，归并到核心概念
7892,看到别人也在晚自习散场后闻到新课本混着油墨的气味,24,compressed,闻到新课本混着油墨的气味,12,移除时间、地点、人物或关系模板，归并到核心概念
7893,看到别人也在晚自习散场后在散伙饭上忍住没说的话,23,compressed,在散伙饭上忍住没说的话,11,移除时间、地点、人物或关系模板，归并到核心概念
7894,看到别人也在体育课自由活动时推着自行车陪对方慢慢走,25,deleted,,0,模板变体、超长表达或配额外的同概念近似项
7895,看到别人也在晚自习散场后看见白衬衫被晚霞染成金色,24,compressed,看见白衬衫被晚霞染成金色,12,移除时间、地点、人物或关系模板，归并到核心概念
7896,看到别人也在晚自习散场后互换写着祝福的书签,21,compressed,互换写着祝福的书签,9,移除时间、地点、人物或关系模板，归并到核心概念
7897,看到别人也在晚自习散场后在食堂排队时站到她身后,23,compressed,在食堂排队时站到她身后,11,移除时间、地点、人物或关系模板，归并到核心概念
7898,看到别人也在晚自习散场后替迟到的人悄悄留门,21,compressed,替迟到的人悄悄留门,9,移除时间、地点、人物或关系模板，归并到核心概念
7899,看到别人也在晚自习散场后记住雨后塑胶跑道的气味,23,compressed,记住雨后塑胶跑道的气味,11,移除时间、地点、人物或关系模板，归并到核心概念
7900,看到别人也在晚自习散场后听完最后一次校园广播,22,compressed,听完最后一次校园广播,10,移除时间、地点、人物或关系模板，归并到核心概念
7901,看到别人也在体育课自由活动时一起等最后一班公交车,24,deleted,,0,模板变体、超长表达或配额外的同概念近似项
7902,看到别人也在晚自习散场后发现手腕上多了一根小皮筋,24,compressed,发现手腕上多了一根小皮筋,12,移除时间、地点、人物或关系模板，归并到核心概念
7903,看到别人也在晚自习散场后借出一支舍不得收回的笔,23,compressed,借出一支舍不得收回的笔,11,移除时间、地点、人物或关系模板，归并到核心概念
7904,看到别人也在晚自习散场后在校园广播站等一首点歌,23,compressed,在校园广播站等一首点歌,11,移除时间、地点、人物或关系模板，归并到核心概念
7905,看到别人也在晚自习散场后在值日时一起擦黑板,21,compressed,在值日时一起擦黑板,9,移除时间、地点、人物或关系模板，归并到核心概念
7906,看到别人也在晚自习散场后感到共用雨伞时靠近的温度,24,compressed,感到共用雨伞时靠近的温度,12,移除时间、地点、人物或关系模板，归并到核心概念
7907,看到别人也在晚自习散场后收拾课桌时找到旧纸条,22,compressed,收拾课桌时找到旧纸条,10,移除时间、地点、人物或关系模板，归并到核心概念
7908,看到别人也在体育课自由活动时约好第二天在校门口见,24,deleted,,0,模板变体、超长表达或配额外的同概念近似项
7909,看到别人也在晚自习散场后把对方送的小皮筋戴在手腕,24,compressed,把对方送的小皮筋戴在手腕,12,移除时间、地点、人物或关系模板，归并到核心概念
7910,看到别人也在晚自习散场后在橡皮上刻下对方的缩写,23,compressed,在橡皮上刻下对方的缩写,11,移除时间、地点、人物或关系模板，归并到核心概念
7911,看到别人也在晚自习散场后在礼堂散场后寻找对方,22,compressed,在礼堂散场后寻找对方,10,移除时间、地点、人物或关系模板，归并到核心概念
7912,看到别人也在晚自习散场后一起搬运动会用的桌椅,22,compressed,一起搬运动会用的桌椅,10,移除时间、地点、人物或关系模板，归并到核心概念
7913,看到别人也在晚自习散场后记住冬天热水杯传来的暖意,24,compressed,记住冬天热水杯传来的暖意,12,移除时间、地点、人物或关系模板，归并到核心概念
7914,看到别人也在晚自习散场后离校前再走一遍熟悉的操场,24,compressed,离校前再走一遍熟悉的操场,12,移除时间、地点、人物或关系模板，归并到核心概念
7915,看到别人也在体育课自由活动时在操场看台说出喜欢,23,deleted,,0,模板变体、超长表达或配额外的同概念近似项
7916,看到别人也在晚自习散场后认出书包上新挂的钥匙扣,23,compressed,认出书包上新挂的钥匙扣,11,移除时间、地点、人物或关系模板，归并到核心概念
7917,看到别人也在晚自习散场后把复习资料装订得整整齐齐,24,compressed,把复习资料装订得整整齐齐,12,移除时间、地点、人物或关系模板，归并到核心概念
7918,看到别人也在晚自习散场后沿着操场跑道陪她慢慢走,23,compressed,沿着操场跑道陪她慢慢走,11,移除时间、地点、人物或关系模板，归并到核心概念
7919,看到别人也在晚自习散场后在社团排练后帮忙收器材,23,compressed,在社团排练后帮忙收器材,11,移除时间、地点、人物或关系模板，归并到核心概念
7920,看到别人也在晚自习散场后等春天樱花落在她肩上,22,compressed,等春天樱花落在她肩上,10,移除时间、地点、人物或关系模板，归并到核心概念
7921,看到别人也在晚自习散场后在校门口说出以后常联系,23,compressed,在校门口说出以后常联系,11,移除时间、地点、人物或关系模板，归并到核心概念
7922,看到别人也在体育课自由活动时把暗恋告诉最信任的同学,25,deleted,,0,模板变体、超长表达或配额外的同概念近似项
7923,看到别人也在晚自习散场后留意她每天更换的发卡,22,compressed,留意她每天更换的发卡,10,移除时间、地点、人物或关系模板，归并到核心概念
7924,看到别人也在晚自习散场后在错题本角落留下鼓励,22,compressed,在错题本角落留下鼓励,10,移除时间、地点、人物或关系模板，归并到核心概念
7925,看到别人也在晚自习散场后在篮球场边递上一瓶水,22,compressed,在篮球场边递上一瓶水,10,移除时间、地点、人物或关系模板，归并到核心概念
7926,看到别人也在晚自习散场后为对方的比赛偷偷加油,22,compressed,为对方的比赛偷偷加油,10,移除时间、地点、人物或关系模板，归并到核心概念
7927,看到别人也在晚自习散场后在盛夏风扇声里偷偷心动,23,compressed,在盛夏风扇声里偷偷心动,11,移除时间、地点、人物或关系模板，归并到核心概念
7928,看到别人也在晚自习散场后目送对方坐上不同方向的车,24,compressed,目送对方坐上不同方向的车,12,移除时间、地点、人物或关系模板，归并到核心概念
7929,看到别人也在体育课自由活动时收到对方认真回应的好感,25,deleted,,0,模板变体、超长表达或配额外的同概念近似项
7930,看到别人也在晚自习散场后记住帆布鞋踩过积水的声音,24,deleted,,0,模板变体、超长表达或配额外的同概念近似项
7931,看到别人也在晚自习散场后用同一本练习册对答案,22,deleted,,0,模板变体、超长表达或配额外的同概念近似项
7932,看到别人也在晚自习散场后在看台最高一排并肩坐着,23,compressed,在看台最高一排并肩坐着,11,移除时间、地点、人物或关系模板，归并到核心概念
7933,看到别人也在晚自习散场后在班级合唱时站到她旁边,23,compressed,在班级合唱时站到她旁边,11,移除时间、地点、人物或关系模板，归并到核心概念
7934,看到别人也在晚自习散场后看秋叶堆满放学的小路,22,deleted,,0,模板变体、超长表达或配额外的同概念近似项
7935,看到别人也在晚自习散场后发现最后一句聊天停在毕业快乐,26,deleted,,0,模板变体、超长表达或配额外的同概念近似项
7936,看到别人也在体育课自由活动时从同桌变成互相喜欢的人,25,deleted,,0,模板变体、超长表达或配额外的同概念近似项
7937,看到别人也在晚自习散场后看见运动服背后的班级号码,24,deleted,,0,模板变体、超长表达或配额外的同概念近似项
7938,看到别人也在晚自习散场后把借书卡藏进喜欢的书里,23,deleted,,0,模板变体、超长表达或配额外的同概念近似项
7939,看到别人也在晚自习散场后在体育馆门口等训练结束,23,deleted,,0,模板变体、超长表达或配额外的同概念近似项
7940,看到别人也在晚自习散场后假装随口询问周末安排,22,deleted,,0,模板变体、超长表达或配额外的同概念近似项
7941,看到别人也在晚自习散场后在初雪那天想和她一起走,23,deleted,,0,模板变体、超长表达或配额外的同概念近似项
7942,看到别人也在晚自习散场后因为去往不同城市慢慢失联,24,deleted,,0,模板变体、超长表达或配额外的同概念近似项
7943,看到别人也在体育课自由活动时在班级起哄中偷偷脸红,24,deleted,,0,模板变体、超长表达或配额外的同概念近似项
7944,看到别人也在晚自习散场后注意到对方紧张时攥住衣角,24,deleted,,0,模板变体、超长表达或配额外的同概念近似项
7945,看到别人也在晚自习散场后用值日表制造一起留下的机会,25,deleted,,0,模板变体、超长表达或配额外的同概念近似项
7946,看到别人也在晚自习散场后沿林荫道推着自行车同行,23,deleted,,0,模板变体、超长表达或配额外的同概念近似项
7947,看到别人也在晚自习散场后把好笑的事情第一个告诉她,24,deleted,,0,模板变体、超长表达或配额外的同概念近似项
7948,看到别人也在晚自习散场后记住六月毕业季的闷热,22,deleted,,0,模板变体、超长表达或配额外的同概念近似项
7949,看到别人也在晚自习散场后多年后翻到泛黄的毕业照,23,deleted,,0,模板变体、超长表达或配额外的同概念近似项
7950,看到别人也在体育课自由活动时交换只有两个人懂的暗号,25,deleted,,0,模板变体、超长表达或配额外的同概念近似项
7951,看到别人也在晚自习散场后记住少年骑车时鼓起的衣摆,24,deleted,,0,模板变体、超长表达或配额外的同概念近似项
7952,看到别人也在晚自习散场后在课程表上圈出共同的空课,24,deleted,,0,模板变体、超长表达或配额外的同概念近似项
7953,看到别人也在晚自习散场后在校门口犹豫要不要告别,23,deleted,,0,模板变体、超长表达或配额外的同概念近似项
7954,看到别人也在晚自习散场后聊天时等对方收拾完书包,23,deleted,,0,模板变体、超长表达或配额外的同概念近似项
7955,看到别人也在晚自习散场后在傍晚风里听见校服摩擦声,24,deleted,,0,模板变体、超长表达或配额外的同概念近似项
7956,看到别人也在晚自习散场后重回母校时寻找当年的座位,24,deleted,,0,模板变体、超长表达或配额外的同概念近似项
7957,看到别人也在体育课自由活动时第一次用恋人的身份说晚安,26,deleted,,0,模板变体、超长表达或配额外的同概念近似项
7958,看到别人也在晚自习散场后发现镜片后躲闪的目光,22,deleted,,0,模板变体、超长表达或配额外的同概念近似项
7959,看到别人也在晚自习散场后用广播点歌传递含蓄心意,23,deleted,,0,模板变体、超长表达或配额外的同概念近似项
7960,看到别人也在晚自习散场后在公交站陪对方等车,21,deleted,,0,模板变体、超长表达或配额外的同概念近似项
7961,看到别人也在晚自习散场后看见她睡着后压低说话声音,24,deleted,,0,模板变体、超长表达或配额外的同概念近似项
7962,看到别人也在晚自习散场后尝到小卖部冰汽水的甜味,23,deleted,,0,模板变体、超长表达或配额外的同概念近似项
7963,看到别人也在晚自习散场后听见校歌突然想起喜欢的人,24,deleted,,0,模板变体、超长表达或配额外的同概念近似项
7964,看到别人也在体育课自由活动时约定毕业以后也继续联系,25,deleted,,0,模板变体、超长表达或配额外的同概念近似项
7965,看到别人也在晚自习散场后在人群中认出那双熟悉的球鞋,25,deleted,,0,模板变体、超长表达或配额外的同概念近似项
7966,看到别人也在晚自习散场后约定用窗台上的水杯当暗号,24,deleted,,0,模板变体、超长表达或配额外的同概念近似项
7967,看到别人也在晚自习散场后绕远路走过两个人常走的小巷,25,deleted,,0,模板变体、超长表达或配额外的同概念近似项
7968,看到别人也在晚自习散场后把最后一颗糖留给喜欢的人,24,deleted,,0,模板变体、超长表达或配额外的同概念近似项
7969,看到别人也在晚自习散场后记住她经过时淡淡的洗衣粉香,25,deleted,,0,模板变体、超长表达或配额外的同概念近似项
7970,看到别人也在晚自习散场后意识到那次挥手已经是最后一面,26,deleted,,0,模板变体、超长表达或配额外的同概念近似项
7971,看到别人也在晚自习散场后和喜欢的人隔着课桌对视,23,deleted,,0,模板变体、超长表达或配额外的同概念近似项
7972,看到别人也在放学人群里风吹起她额前的刘海,20,compressed,风吹起她额前的刘海,9,移除时间、地点、人物或关系模板，归并到核心概念
7973,看到别人也在放学人群里递来一张折好的小纸条,21,compressed,递来一张折好的小纸条,10,移除时间、地点、人物或关系模板，归并到核心概念
7974,看到别人也在放学人群里在靠窗的座位等她出现,21,compressed,在靠窗的座位等她出现,10,移除时间、地点、人物或关系模板，归并到核心概念
7975,看到别人也在放学人群里把课堂笔记借给喜欢的人,22,compressed,把课堂笔记借给喜欢的人,11,移除时间、地点、人物或关系模板，归并到核心概念
7976,看到别人也在放学人群里听见窗外一阵很长的蝉鸣,22,compressed,听见窗外一阵很长的蝉鸣,11,移除时间、地点、人物或关系模板，归并到核心概念
7977,看到别人也在放学人群里在毕业册上写下一句祝福,22,compressed,在毕业册上写下一句祝福,11,移除时间、地点、人物或关系模板，归并到核心概念
7978,看到别人也在晚自习散场后发现同桌悄悄看向自己,22,deleted,,0,模板变体、超长表达或配额外的同概念近似项
7979,看到别人也在放学人群里看见她把刘海别到耳后,21,compressed,看见她把刘海别到耳后,10,移除时间、地点、人物或关系模板，归并到核心概念
7980,看到别人也在放学人群里在纸条背面写下回复,20,compressed,在纸条背面写下回复,9,移除时间、地点、人物或关系模板，归并到核心概念
7981,看到别人也在放学人群里经过对方班级的教室门口,22,compressed,经过对方班级的教室门口,11,移除时间、地点、人物或关系模板，归并到核心概念
7982,看到别人也在放学人群里耐心讲一道做错的题,20,compressed,耐心讲一道做错的题,9,移除时间、地点、人物或关系模板，归并到核心概念
7983,看到别人也在放学人群里听见下课铃盖过没说完的话,23,compressed,听见下课铃盖过没说完的话,12,移除时间、地点、人物或关系模板，归并到核心概念
7984,看到别人也在放学人群里把同学录最后一页留给她,22,compressed,把同学录最后一页留给她,11,移除时间、地点、人物或关系模板，归并到核心概念
7985,看到别人也在晚自习散场后把喜欢藏在课堂笔记里,22,deleted,,0,模板变体、超长表达或配额外的同概念近似项
7986,看到别人也在放学人群里注意到阳光落在她的发梢,22,compressed,注意到阳光落在她的发梢,11,移除时间、地点、人物或关系模板，归并到核心概念
7987,看到别人也在放学人群里把没送出的情书夹进书里,22,compressed,把没送出的情书夹进书里,11,移除时间、地点、人物或关系模板，归并到核心概念
7988,看到别人也在放学人群里在空教室里多停留一会儿,22,compressed,在空教室里多停留一会儿,11,移除时间、地点、人物或关系模板，归并到核心概念
7989,看到别人也在放学人群里一起背诵第二天要抽查的课文,24,deleted,,0,模板变体、超长表达或配额外的同概念近似项
7990,看到别人也在放学人群里记住篮球落地的回声,20,compressed,记住篮球落地的回声,9,移除时间、地点、人物或关系模板，归并到核心概念
7991,看到别人也在放学人群里在毕业照里悄悄站得更近,22,compressed,在毕业照里悄悄站得更近,11,移除时间、地点、人物或关系模板，归并到核心概念
7992,看到别人也在晚自习散场后借讲题的机会坐得更近,22,deleted,,0,模板变体、超长表达或配额外的同概念近似项
7993,看到别人也在放学人群里记住她低头笑时的酒窝,21,compressed,记住她低头笑时的酒窝,10,移除时间、地点、人物或关系模板，归并到核心概念
7994,看到别人也在放学人群里收到一封没有署名的情书,22,compressed,收到一封没有署名的情书,11,移除时间、地点、人物或关系模板，归并到核心概念
7995,看到别人也在放学人群里从教学楼走廊远远看见她,22,compressed,从教学楼走廊远远看见她,11,移除时间、地点、人物或关系模板，归并到核心概念
7996,看到别人也在放学人群里互相检查听写答案,19,compressed,互相检查听写答案,8,移除时间、地点、人物或关系模板，归并到核心概念
7997,看到别人也在放学人群里听见广播里放过的那首歌,22,compressed,听见广播里放过的那首歌,11,移除时间、地点、人物或关系模板，归并到核心概念
7998,看到别人也在放学人群里在校服背面签下名字,20,compressed,在校服背面签下名字,9,移除时间、地点、人物或关系模板，归并到核心概念
7999,看到别人也在晚自习散场后在走廊等喜欢的人经过,22,deleted,,0,模板变体、超长表达或配额外的同概念近似项
8000,看到别人也在放学人群里发现她见面前认真扎好头发,23,compressed,发现她见面前认真扎好头发,12,移除时间、地点、人物或关系模板，归并到核心概念
8001,看到别人也在放学人群里在便利贴上画一颗小心心,22,compressed,在便利贴上画一颗小心心,11,移除时间、地点、人物或关系模板，归并到核心概念
8002,看到别人也在放学人群里在楼梯转角意外遇见喜欢的人,24,deleted,,0,模板变体、超长表达或配额外的同概念近似项
8003,看到别人也在放学人群里替对方保管暂时没收的手机,23,compressed,替对方保管暂时没收的手机,12,移除时间、地点、人物或关系模板，归并到核心概念
8004,看到别人也在放学人群里看见晨光落在她的课桌上,22,compressed,看见晨光落在她的课桌上,11,移除时间、地点、人物或关系模板，归并到核心概念
8005,看到别人也在放学人群里把没送出的情书带回家,21,compressed,把没送出的情书带回家,10,移除时间、地点、人物或关系模板，归并到核心概念
8006,看到别人也在晚自习散场后课间绕路去隔壁班门口,22,deleted,,0,模板变体、超长表达或配额外的同概念近似项
8007,看到别人也在放学人群里看见她穿着宽大的校服外套,23,compressed,看见她穿着宽大的校服外套,12,移除时间、地点、人物或关系模板，归并到核心概念
8008,看到别人也在放学人群里把名字写在同一张草稿纸上,23,compressed,把名字写在同一张草稿纸上,12,移除时间、地点、人物或关系模板，归并到核心概念
8009,看到别人也在放学人群里绕路经过她常去的饮水机,22,compressed,绕路经过她常去的饮水机,11,移除时间、地点、人物或关系模板，归并到核心概念
8010,看到别人也在放学人群里给趴在桌上的人留一盒牛奶,23,compressed,给趴在桌上的人留一盒牛奶,12,移除时间、地点、人物或关系模板，归并到核心概念
8011,看到别人也在放学人群里看见晚霞穿过教学楼窗户,22,compressed,看见晚霞穿过教学楼窗户,11,移除时间、地点、人物或关系模板，归并到核心概念
8012,看到别人也在放学人群里错过毕业前最后一次告白,22,compressed,错过毕业前最后一次告白,11,移除时间、地点、人物或关系模板，归并到核心概念
8013,看到别人也在晚自习散场后替心动对象去小卖部带饮料,24,deleted,,0,模板变体、超长表达或配额外的同概念近似项
8014,看到别人也在放学人群里认出人群里熟悉的校服衣角,23,compressed,认出人群里熟悉的校服衣角,12,移除时间、地点、人物或关系模板，归并到核心概念
8015,看到别人也在放学人群里交换一根代表好感的小皮筋,23,compressed,交换一根代表好感的小皮筋,12,移除时间、地点、人物或关系模板，归并到核心概念
8016,看到别人也在放学人群里在图书馆同一排书架重逢,22,compressed,在图书馆同一排书架重逢,11,移除时间、地点、人物或关系模板，归并到核心概念
8017,看到别人也在放学人群里提醒喜欢的人带伞,19,compressed,提醒喜欢的人带伞,8,移除时间、地点、人物或关系模板，归并到核心概念
8018,看到别人也在放学人群里记住树影在校服上轻轻晃动,23,compressed,记住树影在校服上轻轻晃动,12,移除时间、地点、人物或关系模板，归并到核心概念
8019,看到别人也在放学人群里把喜欢藏进高考结束的夏天,23,compressed,把喜欢藏进高考结束的夏天,12,移除时间、地点、人物或关系模板，归并到核心概念
8020,看到别人也在晚自习散场后在人群中寻找熟悉的校服背影,25,deleted,,0,模板变体、超长表达或配额外的同概念近似项
8021,看到别人也在放学人群里替对方整理歪掉的校服领口,23,compressed,替对方整理歪掉的校服领口,12,移除时间、地点、人物或关系模板，归并到核心概念
8022,看到别人也在放学人群里把校服第二颗纽扣留作纪念,23,compressed,把校服第二颗纽扣留作纪念,12,移除时间、地点、人物或关系模板，归并到核心概念
8023,看到别人也在放学人群里在自习室替对方留一个座位,23,compressed,在自习室替对方留一个座位,12,移除时间、地点、人物或关系模板，归并到核心概念
8024,看到别人也在放学人群里把自己的外套借给对方,21,compressed,把自己的外套借给对方,10,移除时间、地点、人物或关系模板，归并到核心概念
8025,看到别人也在放学人群里看见雨水沿着教室玻璃滑下,23,compressed,看见雨水沿着教室玻璃滑下,12,移除时间、地点、人物或关系模板，归并到核心概念
8026,看到别人也在放学人群里约定收到录取通知后再见,22,compressed,约定收到录取通知后再见,11,移除时间、地点、人物或关系模板，归并到核心概念
8027,看到别人也在晚自习散场后放学后并肩走出校门,21,deleted,,0,模板变体、超长表达或配额外的同概念近似项
8028,看到别人也在放学人群里注意到校服袖口写着名字,22,compressed,注意到校服袖口写着名字,11,移除时间、地点、人物或关系模板，归并到核心概念
8029,看到别人也在放学人群里送出成对的钥匙扣,19,compressed,送出成对的钥匙扣,8,移除时间、地点、人物或关系模板，归并到核心概念
8030,看到别人也在放学人群里在小卖部门口假装偶遇,21,compressed,在小卖部门口假装偶遇,10,移除时间、地点、人物或关系模板，归并到核心概念
8031,看到别人也在放学人群里记住她不吃的食堂菜,20,compressed,记住她不吃的食堂菜,9,移除时间、地点、人物或关系模板，归并到核心概念
8032,看到别人也在放学人群里闻到新课本混着油墨的气味,23,compressed,闻到新课本混着油墨的气味,12,移除时间、地点、人物或关系模板，归并到核心概念
8033,看到别人也在放学人群里在散伙饭上忍住没说的话,22,compressed,在散伙饭上忍住没说的话,11,移除时间、地点、人物或关系模板，归并到核心概念
8034,看到别人也在晚自习散场后推着自行车陪对方慢慢走,23,deleted,,0,模板变体、超长表达或配额外的同概念近似项
8035,看到别人也在放学人群里看见白衬衫被晚霞染成金色,23,compressed,看见白衬衫被晚霞染成金色,12,移除时间、地点、人物或关系模板，归并到核心概念
8036,看到别人也在放学人群里互换写着祝福的书签,20,compressed,互换写着祝福的书签,9,移除时间、地点、人物或关系模板，归并到核心概念
8037,看到别人也在放学人群里在食堂排队时站到她身后,22,compressed,在食堂排队时站到她身后,11,移除时间、地点、人物或关系模板，归并到核心概念
8038,看到别人也在放学人群里替迟到的人悄悄留门,20,compressed,替迟到的人悄悄留门,9,移除时间、地点、人物或关系模板，归并到核心概念
8039,看到别人也在放学人群里记住雨后塑胶跑道的气味,22,compressed,记住雨后塑胶跑道的气味,11,移除时间、地点、人物或关系模板，归并到核心概念
8040,看到别人也在放学人群里听完最后一次校园广播,21,compressed,听完最后一次校园广播,10,移除时间、地点、人物或关系模板，归并到核心概念
8041,看到别人也在晚自习散场后一起等最后一班公交车,22,deleted,,0,模板变体、超长表达或配额外的同概念近似项
8042,看到别人也在放学人群里发现手腕上多了一根小皮筋,23,compressed,发现手腕上多了一根小皮筋,12,移除时间、地点、人物或关系模板，归并到核心概念
8043,看到别人也在放学人群里借出一支舍不得收回的笔,22,compressed,借出一支舍不得收回的笔,11,移除时间、地点、人物或关系模板，归并到核心概念
8044,看到别人也在放学人群里在校园广播站等一首点歌,22,compressed,在校园广播站等一首点歌,11,移除时间、地点、人物或关系模板，归并到核心概念
8045,看到别人也在放学人群里在值日时一起擦黑板,20,compressed,在值日时一起擦黑板,9,移除时间、地点、人物或关系模板，归并到核心概念
8046,看到别人也在放学人群里感到共用雨伞时靠近的温度,23,compressed,感到共用雨伞时靠近的温度,12,移除时间、地点、人物或关系模板，归并到核心概念
8047,看到别人也在放学人群里收拾课桌时找到旧纸条,21,compressed,收拾课桌时找到旧纸条,10,移除时间、地点、人物或关系模板，归并到核心概念
8048,看到别人也在晚自习散场后约好第二天在校门口见,22,deleted,,0,模板变体、超长表达或配额外的同概念近似项
8049,看到别人也在放学人群里把对方送的小皮筋戴在手腕,23,compressed,把对方送的小皮筋戴在手腕,12,移除时间、地点、人物或关系模板，归并到核心概念
8050,看到别人也在放学人群里在橡皮上刻下对方的缩写,22,compressed,在橡皮上刻下对方的缩写,11,移除时间、地点、人物或关系模板，归并到核心概念
8051,看到别人也在放学人群里在礼堂散场后寻找对方,21,compressed,在礼堂散场后寻找对方,10,移除时间、地点、人物或关系模板，归并到核心概念
8052,看到别人也在放学人群里一起搬运动会用的桌椅,21,compressed,一起搬运动会用的桌椅,10,移除时间、地点、人物或关系模板，归并到核心概念
8053,看到别人也在放学人群里记住冬天热水杯传来的暖意,23,compressed,记住冬天热水杯传来的暖意,12,移除时间、地点、人物或关系模板，归并到核心概念
8054,看到别人也在放学人群里离校前再走一遍熟悉的操场,23,compressed,离校前再走一遍熟悉的操场,12,移除时间、地点、人物或关系模板，归并到核心概念
8055,看到别人也在晚自习散场后在操场看台说出喜欢,21,deleted,,0,模板变体、超长表达或配额外的同概念近似项
8056,看到别人也在放学人群里认出书包上新挂的钥匙扣,22,compressed,认出书包上新挂的钥匙扣,11,移除时间、地点、人物或关系模板，归并到核心概念
8057,看到别人也在放学人群里把复习资料装订得整整齐齐,23,compressed,把复习资料装订得整整齐齐,12,移除时间、地点、人物或关系模板，归并到核心概念
8058,看到别人也在放学人群里沿着操场跑道陪她慢慢走,22,compressed,沿着操场跑道陪她慢慢走,11,移除时间、地点、人物或关系模板，归并到核心概念
8059,看到别人也在放学人群里在社团排练后帮忙收器材,22,compressed,在社团排练后帮忙收器材,11,移除时间、地点、人物或关系模板，归并到核心概念
8060,看到别人也在放学人群里等春天樱花落在她肩上,21,compressed,等春天樱花落在她肩上,10,移除时间、地点、人物或关系模板，归并到核心概念
8061,看到别人也在放学人群里在校门口说出以后常联系,22,compressed,在校门口说出以后常联系,11,移除时间、地点、人物或关系模板，归并到核心概念
8062,看到别人也在晚自习散场后把暗恋告诉最信任的同学,23,deleted,,0,模板变体、超长表达或配额外的同概念近似项
8063,看到别人也在放学人群里留意她每天更换的发卡,21,compressed,留意她每天更换的发卡,10,移除时间、地点、人物或关系模板，归并到核心概念
8064,看到别人也在放学人群里在错题本角落留下鼓励,21,compressed,在错题本角落留下鼓励,10,移除时间、地点、人物或关系模板，归并到核心概念
8065,看到别人也在放学人群里在篮球场边递上一瓶水,21,compressed,在篮球场边递上一瓶水,10,移除时间、地点、人物或关系模板，归并到核心概念
8066,看到别人也在放学人群里为对方的比赛偷偷加油,21,compressed,为对方的比赛偷偷加油,10,移除时间、地点、人物或关系模板，归并到核心概念
8067,看到别人也在放学人群里在盛夏风扇声里偷偷心动,22,compressed,在盛夏风扇声里偷偷心动,11,移除时间、地点、人物或关系模板，归并到核心概念
8068,看到别人也在放学人群里目送对方坐上不同方向的车,23,compressed,目送对方坐上不同方向的车,12,移除时间、地点、人物或关系模板，归并到核心概念
8069,看到别人也在晚自习散场后收到对方认真回应的好感,23,deleted,,0,模板变体、超长表达或配额外的同概念近似项
8070,看到别人也在放学人群里记住帆布鞋踩过积水的声音,23,deleted,,0,模板变体、超长表达或配额外的同概念近似项
8071,看到别人也在放学人群里用同一本练习册对答案,21,deleted,,0,模板变体、超长表达或配额外的同概念近似项
8072,看到别人也在放学人群里在看台最高一排并肩坐着,22,compressed,在看台最高一排并肩坐着,11,移除时间、地点、人物或关系模板，归并到核心概念
8073,看到别人也在放学人群里在班级合唱时站到她旁边,22,compressed,在班级合唱时站到她旁边,11,移除时间、地点、人物或关系模板，归并到核心概念
8074,看到别人也在放学人群里看秋叶堆满放学的小路,21,deleted,,0,模板变体、超长表达或配额外的同概念近似项
8075,看到别人也在放学人群里发现最后一句聊天停在毕业快乐,25,deleted,,0,模板变体、超长表达或配额外的同概念近似项
8076,看到别人也在晚自习散场后从同桌变成互相喜欢的人,23,deleted,,0,模板变体、超长表达或配额外的同概念近似项
8077,看到别人也在放学人群里看见运动服背后的班级号码,23,deleted,,0,模板变体、超长表达或配额外的同概念近似项
8078,看到别人也在放学人群里把借书卡藏进喜欢的书里,22,deleted,,0,模板变体、超长表达或配额外的同概念近似项
8079,看到别人也在放学人群里在体育馆门口等训练结束,22,deleted,,0,模板变体、超长表达或配额外的同概念近似项
8080,看到别人也在放学人群里假装随口询问周末安排,21,deleted,,0,模板变体、超长表达或配额外的同概念近似项
8081,看到别人也在放学人群里在初雪那天想和她一起走,22,deleted,,0,模板变体、超长表达或配额外的同概念近似项
8082,看到别人也在放学人群里因为去往不同城市慢慢失联,23,deleted,,0,模板变体、超长表达或配额外的同概念近似项
8083,看到别人也在晚自习散场后在班级起哄中偷偷脸红,22,deleted,,0,模板变体、超长表达或配额外的同概念近似项
8084,看到别人也在放学人群里注意到对方紧张时攥住衣角,23,deleted,,0,模板变体、超长表达或配额外的同概念近似项
8085,看到别人也在放学人群里用值日表制造一起留下的机会,24,deleted,,0,模板变体、超长表达或配额外的同概念近似项
8086,看到别人也在放学人群里沿林荫道推着自行车同行,22,deleted,,0,模板变体、超长表达或配额外的同概念近似项
8087,看到别人也在放学人群里把好笑的事情第一个告诉她,23,deleted,,0,模板变体、超长表达或配额外的同概念近似项
8088,看到别人也在放学人群里记住六月毕业季的闷热,21,deleted,,0,模板变体、超长表达或配额外的同概念近似项
8089,看到别人也在放学人群里多年后翻到泛黄的毕业照,22,deleted,,0,模板变体、超长表达或配额外的同概念近似项
8090,看到别人也在晚自习散场后交换只有两个人懂的暗号,23,deleted,,0,模板变体、超长表达或配额外的同概念近似项
8091,看到别人也在放学人群里记住少年骑车时鼓起的衣摆,23,deleted,,0,模板变体、超长表达或配额外的同概念近似项
8092,看到别人也在放学人群里在课程表上圈出共同的空课,23,deleted,,0,模板变体、超长表达或配额外的同概念近似项
8093,看到别人也在放学人群里在校门口犹豫要不要告别,22,deleted,,0,模板变体、超长表达或配额外的同概念近似项
8094,看到别人也在放学人群里聊天时等对方收拾完书包,22,deleted,,0,模板变体、超长表达或配额外的同概念近似项
8095,看到别人也在放学人群里在傍晚风里听见校服摩擦声,23,deleted,,0,模板变体、超长表达或配额外的同概念近似项
8096,看到别人也在放学人群里重回母校时寻找当年的座位,23,deleted,,0,模板变体、超长表达或配额外的同概念近似项
8097,看到别人也在晚自习散场后第一次用恋人的身份说晚安,24,deleted,,0,模板变体、超长表达或配额外的同概念近似项
8098,看到别人也在放学人群里发现镜片后躲闪的目光,21,deleted,,0,模板变体、超长表达或配额外的同概念近似项
8099,看到别人也在放学人群里用广播点歌传递含蓄心意,22,deleted,,0,模板变体、超长表达或配额外的同概念近似项
8100,看到别人也在放学人群里在公交站陪对方等车,20,deleted,,0,模板变体、超长表达或配额外的同概念近似项
8101,看到别人也在放学人群里看见她睡着后压低说话声音,23,deleted,,0,模板变体、超长表达或配额外的同概念近似项
8102,看到别人也在放学人群里尝到小卖部冰汽水的甜味,22,deleted,,0,模板变体、超长表达或配额外的同概念近似项
8103,看到别人也在放学人群里听见校歌突然想起喜欢的人,23,deleted,,0,模板变体、超长表达或配额外的同概念近似项
8104,看到别人也在晚自习散场后约定毕业以后也继续联系,23,deleted,,0,模板变体、超长表达或配额外的同概念近似项
8105,看到别人也在放学人群里在人群中认出那双熟悉的球鞋,24,deleted,,0,模板变体、超长表达或配额外的同概念近似项
8106,看到别人也在放学人群里约定用窗台上的水杯当暗号,23,deleted,,0,模板变体、超长表达或配额外的同概念近似项
8107,看到别人也在放学人群里绕远路走过两个人常走的小巷,24,deleted,,0,模板变体、超长表达或配额外的同概念近似项
8108,看到别人也在放学人群里把最后一颗糖留给喜欢的人,23,deleted,,0,模板变体、超长表达或配额外的同概念近似项
8109,看到别人也在放学人群里记住她经过时淡淡的洗衣粉香,24,deleted,,0,模板变体、超长表达或配额外的同概念近似项
8110,看到别人也在放学人群里意识到那次挥手已经是最后一面,25,deleted,,0,模板变体、超长表达或配额外的同概念近似项
8111,看到别人也在放学人群里和喜欢的人隔着课桌对视,22,deleted,,0,模板变体、超长表达或配额外的同概念近似项
8112,看到别人也在周末前最后一节课后风吹起她额前的刘海,24,compressed,风吹起她额前的刘海,9,移除时间、地点、人物或关系模板，归并到核心概念
8113,看到别人也在周末前最后一节课后递来一张折好的小纸条,25,compressed,递来一张折好的小纸条,10,移除时间、地点、人物或关系模板，归并到核心概念
8114,看到别人也在周末前最后一节课后在靠窗的座位等她出现,25,compressed,在靠窗的座位等她出现,10,移除时间、地点、人物或关系模板，归并到核心概念
8115,看到别人也在周末前最后一节课后把课堂笔记借给喜欢的人,26,compressed,把课堂笔记借给喜欢的人,11,移除时间、地点、人物或关系模板，归并到核心概念
8116,看到别人也在周末前最后一节课后听见窗外一阵很长的蝉鸣,26,compressed,听见窗外一阵很长的蝉鸣,11,移除时间、地点、人物或关系模板，归并到核心概念
8117,看到别人也在周末前最后一节课后在毕业册上写下一句祝福,26,compressed,在毕业册上写下一句祝福,11,移除时间、地点、人物或关系模板，归并到核心概念
8118,看到别人也在放学人群里发现同桌悄悄看向自己,21,deleted,,0,模板变体、超长表达或配额外的同概念近似项
8119,看到别人也在周末前最后一节课后看见她把刘海别到耳后,25,compressed,看见她把刘海别到耳后,10,移除时间、地点、人物或关系模板，归并到核心概念
8120,看到别人也在周末前最后一节课后在纸条背面写下回复,24,compressed,在纸条背面写下回复,9,移除时间、地点、人物或关系模板，归并到核心概念
8121,看到别人也在周末前最后一节课后经过对方班级的教室门口,26,compressed,经过对方班级的教室门口,11,移除时间、地点、人物或关系模板，归并到核心概念
8122,看到别人也在周末前最后一节课后耐心讲一道做错的题,24,compressed,耐心讲一道做错的题,9,移除时间、地点、人物或关系模板，归并到核心概念
8123,看到别人也在周末前最后一节课后听见下课铃盖过没说完的话,27,compressed,听见下课铃盖过没说完的话,12,移除时间、地点、人物或关系模板，归并到核心概念
8124,看到别人也在周末前最后一节课后把同学录最后一页留给她,26,compressed,把同学录最后一页留给她,11,移除时间、地点、人物或关系模板，归并到核心概念
8125,看到别人也在放学人群里把喜欢藏在课堂笔记里,21,deleted,,0,模板变体、超长表达或配额外的同概念近似项
8126,看到别人也在周末前最后一节课后注意到阳光落在她的发梢,26,compressed,注意到阳光落在她的发梢,11,移除时间、地点、人物或关系模板，归并到核心概念
8127,看到别人也在周末前最后一节课后把没送出的情书夹进书里,26,compressed,把没送出的情书夹进书里,11,移除时间、地点、人物或关系模板，归并到核心概念
8128,看到别人也在周末前最后一节课后在空教室里多停留一会儿,26,compressed,在空教室里多停留一会儿,11,移除时间、地点、人物或关系模板，归并到核心概念
8129,看到别人也在周末前最后一节课后一起背诵第二天要抽查的课文,28,deleted,,0,模板变体、超长表达或配额外的同概念近似项
8130,看到别人也在周末前最后一节课后记住篮球落地的回声,24,compressed,记住篮球落地的回声,9,移除时间、地点、人物或关系模板，归并到核心概念
8131,看到别人也在周末前最后一节课后在毕业照里悄悄站得更近,26,compressed,在毕业照里悄悄站得更近,11,移除时间、地点、人物或关系模板，归并到核心概念
8132,看到别人也在放学人群里借讲题的机会坐得更近,21,deleted,,0,模板变体、超长表达或配额外的同概念近似项
8133,看到别人也在周末前最后一节课后记住她低头笑时的酒窝,25,compressed,记住她低头笑时的酒窝,10,移除时间、地点、人物或关系模板，归并到核心概念
8134,看到别人也在周末前最后一节课后收到一封没有署名的情书,26,compressed,收到一封没有署名的情书,11,移除时间、地点、人物或关系模板，归并到核心概念
8135,看到别人也在周末前最后一节课后从教学楼走廊远远看见她,26,compressed,从教学楼走廊远远看见她,11,移除时间、地点、人物或关系模板，归并到核心概念
8136,看到别人也在周末前最后一节课后互相检查听写答案,23,compressed,互相检查听写答案,8,移除时间、地点、人物或关系模板，归并到核心概念
8137,看到别人也在周末前最后一节课后听见广播里放过的那首歌,26,compressed,听见广播里放过的那首歌,11,移除时间、地点、人物或关系模板，归并到核心概念
8138,看到别人也在周末前最后一节课后在校服背面签下名字,24,compressed,在校服背面签下名字,9,移除时间、地点、人物或关系模板，归并到核心概念
8139,看到别人也在放学人群里在走廊等喜欢的人经过,21,deleted,,0,模板变体、超长表达或配额外的同概念近似项
8140,看到别人也在周末前最后一节课后发现她见面前认真扎好头发,27,compressed,发现她见面前认真扎好头发,12,移除时间、地点、人物或关系模板，归并到核心概念
8141,看到别人也在周末前最后一节课后在便利贴上画一颗小心心,26,compressed,在便利贴上画一颗小心心,11,移除时间、地点、人物或关系模板，归并到核心概念
8142,看到别人也在周末前最后一节课后在楼梯转角意外遇见喜欢的人,28,deleted,,0,模板变体、超长表达或配额外的同概念近似项
8143,看到别人也在周末前最后一节课后替对方保管暂时没收的手机,27,compressed,替对方保管暂时没收的手机,12,移除时间、地点、人物或关系模板，归并到核心概念
8144,看到别人也在周末前最后一节课后看见晨光落在她的课桌上,26,compressed,看见晨光落在她的课桌上,11,移除时间、地点、人物或关系模板，归并到核心概念
8145,看到别人也在周末前最后一节课后把没送出的情书带回家,25,compressed,把没送出的情书带回家,10,移除时间、地点、人物或关系模板，归并到核心概念
8146,看到别人也在放学人群里课间绕路去隔壁班门口,21,deleted,,0,模板变体、超长表达或配额外的同概念近似项
8147,看到别人也在周末前最后一节课后看见她穿着宽大的校服外套,27,compressed,看见她穿着宽大的校服外套,12,移除时间、地点、人物或关系模板，归并到核心概念
8148,看到别人也在周末前最后一节课后把名字写在同一张草稿纸上,27,compressed,把名字写在同一张草稿纸上,12,移除时间、地点、人物或关系模板，归并到核心概念
8149,看到别人也在周末前最后一节课后绕路经过她常去的饮水机,26,compressed,绕路经过她常去的饮水机,11,移除时间、地点、人物或关系模板，归并到核心概念
8150,看到别人也在周末前最后一节课后给趴在桌上的人留一盒牛奶,27,compressed,给趴在桌上的人留一盒牛奶,12,移除时间、地点、人物或关系模板，归并到核心概念
8151,看到别人也在周末前最后一节课后看见晚霞穿过教学楼窗户,26,compressed,看见晚霞穿过教学楼窗户,11,移除时间、地点、人物或关系模板，归并到核心概念
8152,看到别人也在周末前最后一节课后错过毕业前最后一次告白,26,compressed,错过毕业前最后一次告白,11,移除时间、地点、人物或关系模板，归并到核心概念
8153,看到别人也在放学人群里替心动对象去小卖部带饮料,23,deleted,,0,模板变体、超长表达或配额外的同概念近似项
8154,看到别人也在周末前最后一节课后认出人群里熟悉的校服衣角,27,compressed,认出人群里熟悉的校服衣角,12,移除时间、地点、人物或关系模板，归并到核心概念
8155,看到别人也在周末前最后一节课后交换一根代表好感的小皮筋,27,compressed,交换一根代表好感的小皮筋,12,移除时间、地点、人物或关系模板，归并到核心概念
8156,看到别人也在周末前最后一节课后在图书馆同一排书架重逢,26,compressed,在图书馆同一排书架重逢,11,移除时间、地点、人物或关系模板，归并到核心概念
8157,看到别人也在周末前最后一节课后提醒喜欢的人带伞,23,compressed,提醒喜欢的人带伞,8,移除时间、地点、人物或关系模板，归并到核心概念
8158,看到别人也在周末前最后一节课后记住树影在校服上轻轻晃动,27,compressed,记住树影在校服上轻轻晃动,12,移除时间、地点、人物或关系模板，归并到核心概念
8159,看到别人也在周末前最后一节课后把喜欢藏进高考结束的夏天,27,compressed,把喜欢藏进高考结束的夏天,12,移除时间、地点、人物或关系模板，归并到核心概念
8160,看到别人也在放学人群里在人群中寻找熟悉的校服背影,24,deleted,,0,模板变体、超长表达或配额外的同概念近似项
8161,看到别人也在周末前最后一节课后替对方整理歪掉的校服领口,27,compressed,替对方整理歪掉的校服领口,12,移除时间、地点、人物或关系模板，归并到核心概念
8162,看到别人也在周末前最后一节课后把校服第二颗纽扣留作纪念,27,compressed,把校服第二颗纽扣留作纪念,12,移除时间、地点、人物或关系模板，归并到核心概念
8163,看到别人也在周末前最后一节课后在自习室替对方留一个座位,27,compressed,在自习室替对方留一个座位,12,移除时间、地点、人物或关系模板，归并到核心概念
8164,看到别人也在周末前最后一节课后把自己的外套借给对方,25,compressed,把自己的外套借给对方,10,移除时间、地点、人物或关系模板，归并到核心概念
8165,看到别人也在周末前最后一节课后看见雨水沿着教室玻璃滑下,27,compressed,看见雨水沿着教室玻璃滑下,12,移除时间、地点、人物或关系模板，归并到核心概念
8166,看到别人也在周末前最后一节课后约定收到录取通知后再见,26,compressed,约定收到录取通知后再见,11,移除时间、地点、人物或关系模板，归并到核心概念
8167,看到别人也在放学人群里放学后并肩走出校门,20,deleted,,0,模板变体、超长表达或配额外的同概念近似项
8168,看到别人也在周末前最后一节课后注意到校服袖口写着名字,26,compressed,注意到校服袖口写着名字,11,移除时间、地点、人物或关系模板，归并到核心概念
8169,看到别人也在周末前最后一节课后送出成对的钥匙扣,23,compressed,送出成对的钥匙扣,8,移除时间、地点、人物或关系模板，归并到核心概念
8170,看到别人也在周末前最后一节课后在小卖部门口假装偶遇,25,compressed,在小卖部门口假装偶遇,10,移除时间、地点、人物或关系模板，归并到核心概念
8171,看到别人也在周末前最后一节课后记住她不吃的食堂菜,24,compressed,记住她不吃的食堂菜,9,移除时间、地点、人物或关系模板，归并到核心概念
8172,看到别人也在周末前最后一节课后闻到新课本混着油墨的气味,27,compressed,闻到新课本混着油墨的气味,12,移除时间、地点、人物或关系模板，归并到核心概念
8173,看到别人也在周末前最后一节课后在散伙饭上忍住没说的话,26,compressed,在散伙饭上忍住没说的话,11,移除时间、地点、人物或关系模板，归并到核心概念
8174,看到别人也在放学人群里推着自行车陪对方慢慢走,22,deleted,,0,模板变体、超长表达或配额外的同概念近似项
8175,看到别人也在周末前最后一节课后看见白衬衫被晚霞染成金色,27,compressed,看见白衬衫被晚霞染成金色,12,移除时间、地点、人物或关系模板，归并到核心概念
8176,看到别人也在周末前最后一节课后互换写着祝福的书签,24,compressed,互换写着祝福的书签,9,移除时间、地点、人物或关系模板，归并到核心概念
8177,看到别人也在周末前最后一节课后在食堂排队时站到她身后,26,compressed,在食堂排队时站到她身后,11,移除时间、地点、人物或关系模板，归并到核心概念
8178,看到别人也在周末前最后一节课后替迟到的人悄悄留门,24,compressed,替迟到的人悄悄留门,9,移除时间、地点、人物或关系模板，归并到核心概念
8179,看到别人也在周末前最后一节课后记住雨后塑胶跑道的气味,26,compressed,记住雨后塑胶跑道的气味,11,移除时间、地点、人物或关系模板，归并到核心概念
8180,看到别人也在周末前最后一节课后听完最后一次校园广播,25,compressed,听完最后一次校园广播,10,移除时间、地点、人物或关系模板，归并到核心概念
8181,看到别人也在放学人群里一起等最后一班公交车,21,deleted,,0,模板变体、超长表达或配额外的同概念近似项
8182,看到别人也在周末前最后一节课后发现手腕上多了一根小皮筋,27,compressed,发现手腕上多了一根小皮筋,12,移除时间、地点、人物或关系模板，归并到核心概念
8183,看到别人也在周末前最后一节课后借出一支舍不得收回的笔,26,compressed,借出一支舍不得收回的笔,11,移除时间、地点、人物或关系模板，归并到核心概念
8184,看到别人也在周末前最后一节课后在校园广播站等一首点歌,26,compressed,在校园广播站等一首点歌,11,移除时间、地点、人物或关系模板，归并到核心概念
8185,看到别人也在周末前最后一节课后在值日时一起擦黑板,24,compressed,在值日时一起擦黑板,9,移除时间、地点、人物或关系模板，归并到核心概念
8186,看到别人也在周末前最后一节课后感到共用雨伞时靠近的温度,27,compressed,感到共用雨伞时靠近的温度,12,移除时间、地点、人物或关系模板，归并到核心概念
8187,看到别人也在周末前最后一节课后收拾课桌时找到旧纸条,25,compressed,收拾课桌时找到旧纸条,10,移除时间、地点、人物或关系模板，归并到核心概念
8188,看到别人也在放学人群里约好第二天在校门口见,21,deleted,,0,模板变体、超长表达或配额外的同概念近似项
8189,看到别人也在周末前最后一节课后把对方送的小皮筋戴在手腕,27,compressed,把对方送的小皮筋戴在手腕,12,移除时间、地点、人物或关系模板，归并到核心概念
8190,看到别人也在周末前最后一节课后在橡皮上刻下对方的缩写,26,compressed,在橡皮上刻下对方的缩写,11,移除时间、地点、人物或关系模板，归并到核心概念
8191,看到别人也在周末前最后一节课后在礼堂散场后寻找对方,25,compressed,在礼堂散场后寻找对方,10,移除时间、地点、人物或关系模板，归并到核心概念
8192,看到别人也在周末前最后一节课后一起搬运动会用的桌椅,25,compressed,一起搬运动会用的桌椅,10,移除时间、地点、人物或关系模板，归并到核心概念
8193,看到别人也在周末前最后一节课后记住冬天热水杯传来的暖意,27,compressed,记住冬天热水杯传来的暖意,12,移除时间、地点、人物或关系模板，归并到核心概念
8194,看到别人也在周末前最后一节课后离校前再走一遍熟悉的操场,27,compressed,离校前再走一遍熟悉的操场,12,移除时间、地点、人物或关系模板，归并到核心概念
8195,看到别人也在放学人群里在操场看台说出喜欢,20,deleted,,0,模板变体、超长表达或配额外的同概念近似项
8196,看到别人也在周末前最后一节课后认出书包上新挂的钥匙扣,26,compressed,认出书包上新挂的钥匙扣,11,移除时间、地点、人物或关系模板，归并到核心概念
8197,看到别人也在周末前最后一节课后把复习资料装订得整整齐齐,27,compressed,把复习资料装订得整整齐齐,12,移除时间、地点、人物或关系模板，归并到核心概念
8198,看到别人也在周末前最后一节课后沿着操场跑道陪她慢慢走,26,compressed,沿着操场跑道陪她慢慢走,11,移除时间、地点、人物或关系模板，归并到核心概念
8199,看到别人也在周末前最后一节课后在社团排练后帮忙收器材,26,compressed,在社团排练后帮忙收器材,11,移除时间、地点、人物或关系模板，归并到核心概念
8200,看到别人也在周末前最后一节课后等春天樱花落在她肩上,25,compressed,等春天樱花落在她肩上,10,移除时间、地点、人物或关系模板，归并到核心概念
8201,看到别人也在周末前最后一节课后在校门口说出以后常联系,26,compressed,在校门口说出以后常联系,11,移除时间、地点、人物或关系模板，归并到核心概念
8202,看到别人也在放学人群里把暗恋告诉最信任的同学,22,deleted,,0,模板变体、超长表达或配额外的同概念近似项
8203,看到别人也在周末前最后一节课后留意她每天更换的发卡,25,compressed,留意她每天更换的发卡,10,移除时间、地点、人物或关系模板，归并到核心概念
8204,看到别人也在周末前最后一节课后在错题本角落留下鼓励,25,compressed,在错题本角落留下鼓励,10,移除时间、地点、人物或关系模板，归并到核心概念
8205,看到别人也在周末前最后一节课后在篮球场边递上一瓶水,25,compressed,在篮球场边递上一瓶水,10,移除时间、地点、人物或关系模板，归并到核心概念
8206,看到别人也在周末前最后一节课后为对方的比赛偷偷加油,25,compressed,为对方的比赛偷偷加油,10,移除时间、地点、人物或关系模板，归并到核心概念
8207,看到别人也在周末前最后一节课后在盛夏风扇声里偷偷心动,26,compressed,在盛夏风扇声里偷偷心动,11,移除时间、地点、人物或关系模板，归并到核心概念
8208,看到别人也在周末前最后一节课后目送对方坐上不同方向的车,27,compressed,目送对方坐上不同方向的车,12,移除时间、地点、人物或关系模板，归并到核心概念
8209,看到别人也在放学人群里收到对方认真回应的好感,22,deleted,,0,模板变体、超长表达或配额外的同概念近似项
8210,看到别人也在周末前最后一节课后记住帆布鞋踩过积水的声音,27,deleted,,0,模板变体、超长表达或配额外的同概念近似项
8211,看到别人也在周末前最后一节课后用同一本练习册对答案,25,deleted,,0,模板变体、超长表达或配额外的同概念近似项
8212,看到别人也在周末前最后一节课后在看台最高一排并肩坐着,26,compressed,在看台最高一排并肩坐着,11,移除时间、地点、人物或关系模板，归并到核心概念
8213,看到别人也在周末前最后一节课后在班级合唱时站到她旁边,26,compressed,在班级合唱时站到她旁边,11,移除时间、地点、人物或关系模板，归并到核心概念
8214,看到别人也在周末前最后一节课后看秋叶堆满放学的小路,25,deleted,,0,模板变体、超长表达或配额外的同概念近似项
8215,看到别人也在周末前最后一节课后发现最后一句聊天停在毕业快乐,29,deleted,,0,模板变体、超长表达或配额外的同概念近似项
8216,看到别人也在放学人群里从同桌变成互相喜欢的人,22,deleted,,0,模板变体、超长表达或配额外的同概念近似项
8217,看到别人也在周末前最后一节课后看见运动服背后的班级号码,27,deleted,,0,模板变体、超长表达或配额外的同概念近似项
8218,看到别人也在周末前最后一节课后把借书卡藏进喜欢的书里,26,deleted,,0,模板变体、超长表达或配额外的同概念近似项
8219,看到别人也在周末前最后一节课后在体育馆门口等训练结束,26,deleted,,0,模板变体、超长表达或配额外的同概念近似项
8220,看到别人也在周末前最后一节课后假装随口询问周末安排,25,deleted,,0,模板变体、超长表达或配额外的同概念近似项
8221,看到别人也在周末前最后一节课后在初雪那天想和她一起走,26,deleted,,0,模板变体、超长表达或配额外的同概念近似项
8222,看到别人也在周末前最后一节课后因为去往不同城市慢慢失联,27,deleted,,0,模板变体、超长表达或配额外的同概念近似项
8223,看到别人也在放学人群里在班级起哄中偷偷脸红,21,deleted,,0,模板变体、超长表达或配额外的同概念近似项
8224,看到别人也在周末前最后一节课后注意到对方紧张时攥住衣角,27,deleted,,0,模板变体、超长表达或配额外的同概念近似项
8225,看到别人也在周末前最后一节课后用值日表制造一起留下的机会,28,deleted,,0,模板变体、超长表达或配额外的同概念近似项
8226,看到别人也在周末前最后一节课后沿林荫道推着自行车同行,26,deleted,,0,模板变体、超长表达或配额外的同概念近似项
8227,看到别人也在周末前最后一节课后把好笑的事情第一个告诉她,27,deleted,,0,模板变体、超长表达或配额外的同概念近似项
8228,看到别人也在周末前最后一节课后记住六月毕业季的闷热,25,deleted,,0,模板变体、超长表达或配额外的同概念近似项
8229,看到别人也在周末前最后一节课后多年后翻到泛黄的毕业照,26,deleted,,0,模板变体、超长表达或配额外的同概念近似项
8230,看到别人也在放学人群里交换只有两个人懂的暗号,22,deleted,,0,模板变体、超长表达或配额外的同概念近似项
8231,看到别人也在周末前最后一节课后记住少年骑车时鼓起的衣摆,27,deleted,,0,模板变体、超长表达或配额外的同概念近似项
8232,看到别人也在周末前最后一节课后在课程表上圈出共同的空课,27,deleted,,0,模板变体、超长表达或配额外的同概念近似项
8233,看到别人也在周末前最后一节课后在校门口犹豫要不要告别,26,deleted,,0,模板变体、超长表达或配额外的同概念近似项
8234,看到别人也在周末前最后一节课后聊天时等对方收拾完书包,26,deleted,,0,模板变体、超长表达或配额外的同概念近似项
8235,看到别人也在周末前最后一节课后在傍晚风里听见校服摩擦声,27,deleted,,0,模板变体、超长表达或配额外的同概念近似项
8236,看到别人也在周末前最后一节课后重回母校时寻找当年的座位,27,deleted,,0,模板变体、超长表达或配额外的同概念近似项
8237,看到别人也在放学人群里第一次用恋人的身份说晚安,23,deleted,,0,模板变体、超长表达或配额外的同概念近似项
8238,看到别人也在周末前最后一节课后发现镜片后躲闪的目光,25,deleted,,0,模板变体、超长表达或配额外的同概念近似项
8239,看到别人也在周末前最后一节课后用广播点歌传递含蓄心意,26,deleted,,0,模板变体、超长表达或配额外的同概念近似项
8240,看到别人也在周末前最后一节课后在公交站陪对方等车,24,deleted,,0,模板变体、超长表达或配额外的同概念近似项
8241,看到别人也在周末前最后一节课后看见她睡着后压低说话声音,27,deleted,,0,模板变体、超长表达或配额外的同概念近似项
8242,看到别人也在周末前最后一节课后尝到小卖部冰汽水的甜味,26,deleted,,0,模板变体、超长表达或配额外的同概念近似项
8243,看到别人也在周末前最后一节课后听见校歌突然想起喜欢的人,27,deleted,,0,模板变体、超长表达或配额外的同概念近似项
8244,看到别人也在放学人群里约定毕业以后也继续联系,22,deleted,,0,模板变体、超长表达或配额外的同概念近似项
8245,看到别人也在周末前最后一节课后在人群中认出那双熟悉的球鞋,28,deleted,,0,模板变体、超长表达或配额外的同概念近似项
8246,看到别人也在周末前最后一节课后约定用窗台上的水杯当暗号,27,deleted,,0,模板变体、超长表达或配额外的同概念近似项
8247,看到别人也在周末前最后一节课后绕远路走过两个人常走的小巷,28,deleted,,0,模板变体、超长表达或配额外的同概念近似项
8248,看到别人也在周末前最后一节课后把最后一颗糖留给喜欢的人,27,deleted,,0,模板变体、超长表达或配额外的同概念近似项
8249,看到别人也在周末前最后一节课后记住她经过时淡淡的洗衣粉香,28,deleted,,0,模板变体、超长表达或配额外的同概念近似项
8250,看到别人也在周末前最后一节课后意识到那次挥手已经是最后一面,29,deleted,,0,模板变体、超长表达或配额外的同概念近似项
8251,看到别人也在周末前最后一节课后和喜欢的人隔着课桌对视,26,deleted,,0,模板变体、超长表达或配额外的同概念近似项
8252,看到别人也在雨落窗台的下午风吹起她额前的刘海,22,compressed,风吹起她额前的刘海,9,移除时间、地点、人物或关系模板，归并到核心概念
8253,看到别人也在雨落窗台的下午递来一张折好的小纸条,23,compressed,递来一张折好的小纸条,10,移除时间、地点、人物或关系模板，归并到核心概念
8254,看到别人也在雨落窗台的下午在靠窗的座位等她出现,23,compressed,在靠窗的座位等她出现,10,移除时间、地点、人物或关系模板，归并到核心概念
8255,看到别人也在雨落窗台的下午把课堂笔记借给喜欢的人,24,compressed,把课堂笔记借给喜欢的人,11,移除时间、地点、人物或关系模板，归并到核心概念
8256,看到别人也在雨落窗台的下午听见窗外一阵很长的蝉鸣,24,compressed,听见窗外一阵很长的蝉鸣,11,移除时间、地点、人物或关系模板，归并到核心概念
8257,看到别人也在雨落窗台的下午在毕业册上写下一句祝福,24,compressed,在毕业册上写下一句祝福,11,移除时间、地点、人物或关系模板，归并到核心概念
8258,看到别人也在周末前最后一节课后发现同桌悄悄看向自己,25,deleted,,0,模板变体、超长表达或配额外的同概念近似项
8259,看到别人也在雨落窗台的下午看见她把刘海别到耳后,23,compressed,看见她把刘海别到耳后,10,移除时间、地点、人物或关系模板，归并到核心概念
8260,看到别人也在雨落窗台的下午在纸条背面写下回复,22,compressed,在纸条背面写下回复,9,移除时间、地点、人物或关系模板，归并到核心概念
8261,看到别人也在雨落窗台的下午经过对方班级的教室门口,24,compressed,经过对方班级的教室门口,11,移除时间、地点、人物或关系模板，归并到核心概念
8262,看到别人也在雨落窗台的下午耐心讲一道做错的题,22,compressed,耐心讲一道做错的题,9,移除时间、地点、人物或关系模板，归并到核心概念
8263,看到别人也在雨落窗台的下午听见下课铃盖过没说完的话,25,compressed,听见下课铃盖过没说完的话,12,移除时间、地点、人物或关系模板，归并到核心概念
8264,看到别人也在雨落窗台的下午把同学录最后一页留给她,24,compressed,把同学录最后一页留给她,11,移除时间、地点、人物或关系模板，归并到核心概念
8265,看到别人也在周末前最后一节课后把喜欢藏在课堂笔记里,25,deleted,,0,模板变体、超长表达或配额外的同概念近似项
8266,看到别人也在雨落窗台的下午注意到阳光落在她的发梢,24,compressed,注意到阳光落在她的发梢,11,移除时间、地点、人物或关系模板，归并到核心概念
8267,看到别人也在雨落窗台的下午把没送出的情书夹进书里,24,compressed,把没送出的情书夹进书里,11,移除时间、地点、人物或关系模板，归并到核心概念
8268,看到别人也在雨落窗台的下午在空教室里多停留一会儿,24,compressed,在空教室里多停留一会儿,11,移除时间、地点、人物或关系模板，归并到核心概念
8269,看到别人也在雨落窗台的下午一起背诵第二天要抽查的课文,26,deleted,,0,模板变体、超长表达或配额外的同概念近似项
8270,看到别人也在雨落窗台的下午记住篮球落地的回声,22,compressed,记住篮球落地的回声,9,移除时间、地点、人物或关系模板，归并到核心概念
8271,看到别人也在雨落窗台的下午在毕业照里悄悄站得更近,24,compressed,在毕业照里悄悄站得更近,11,移除时间、地点、人物或关系模板，归并到核心概念
8272,看到别人也在周末前最后一节课后借讲题的机会坐得更近,25,deleted,,0,模板变体、超长表达或配额外的同概念近似项
8273,看到别人也在雨落窗台的下午记住她低头笑时的酒窝,23,compressed,记住她低头笑时的酒窝,10,移除时间、地点、人物或关系模板，归并到核心概念
8274,看到别人也在雨落窗台的下午收到一封没有署名的情书,24,compressed,收到一封没有署名的情书,11,移除时间、地点、人物或关系模板，归并到核心概念
8275,看到别人也在雨落窗台的下午从教学楼走廊远远看见她,24,compressed,从教学楼走廊远远看见她,11,移除时间、地点、人物或关系模板，归并到核心概念
8276,看到别人也在雨落窗台的下午互相检查听写答案,21,compressed,互相检查听写答案,8,移除时间、地点、人物或关系模板，归并到核心概念
8277,看到别人也在雨落窗台的下午听见广播里放过的那首歌,24,compressed,听见广播里放过的那首歌,11,移除时间、地点、人物或关系模板，归并到核心概念
8278,看到别人也在雨落窗台的下午在校服背面签下名字,22,compressed,在校服背面签下名字,9,移除时间、地点、人物或关系模板，归并到核心概念
8279,看到别人也在周末前最后一节课后在走廊等喜欢的人经过,25,deleted,,0,模板变体、超长表达或配额外的同概念近似项
8280,看到别人也在雨落窗台的下午发现她见面前认真扎好头发,25,compressed,发现她见面前认真扎好头发,12,移除时间、地点、人物或关系模板，归并到核心概念
8281,看到别人也在雨落窗台的下午在便利贴上画一颗小心心,24,compressed,在便利贴上画一颗小心心,11,移除时间、地点、人物或关系模板，归并到核心概念
8282,看到别人也在雨落窗台的下午在楼梯转角意外遇见喜欢的人,26,deleted,,0,模板变体、超长表达或配额外的同概念近似项
8283,看到别人也在雨落窗台的下午替对方保管暂时没收的手机,25,compressed,替对方保管暂时没收的手机,12,移除时间、地点、人物或关系模板，归并到核心概念
8284,看到别人也在雨落窗台的下午看见晨光落在她的课桌上,24,compressed,看见晨光落在她的课桌上,11,移除时间、地点、人物或关系模板，归并到核心概念
8285,看到别人也在雨落窗台的下午把没送出的情书带回家,23,compressed,把没送出的情书带回家,10,移除时间、地点、人物或关系模板，归并到核心概念
8286,看到别人也在周末前最后一节课后课间绕路去隔壁班门口,25,deleted,,0,模板变体、超长表达或配额外的同概念近似项
8287,看到别人也在雨落窗台的下午看见她穿着宽大的校服外套,25,compressed,看见她穿着宽大的校服外套,12,移除时间、地点、人物或关系模板，归并到核心概念
8288,看到别人也在雨落窗台的下午把名字写在同一张草稿纸上,25,compressed,把名字写在同一张草稿纸上,12,移除时间、地点、人物或关系模板，归并到核心概念
8289,看到别人也在雨落窗台的下午绕路经过她常去的饮水机,24,compressed,绕路经过她常去的饮水机,11,移除时间、地点、人物或关系模板，归并到核心概念
8290,看到别人也在雨落窗台的下午给趴在桌上的人留一盒牛奶,25,compressed,给趴在桌上的人留一盒牛奶,12,移除时间、地点、人物或关系模板，归并到核心概念
8291,看到别人也在雨落窗台的下午看见晚霞穿过教学楼窗户,24,compressed,看见晚霞穿过教学楼窗户,11,移除时间、地点、人物或关系模板，归并到核心概念
8292,看到别人也在雨落窗台的下午错过毕业前最后一次告白,24,compressed,错过毕业前最后一次告白,11,移除时间、地点、人物或关系模板，归并到核心概念
8293,看到别人也在周末前最后一节课后替心动对象去小卖部带饮料,27,deleted,,0,模板变体、超长表达或配额外的同概念近似项
8294,看到别人也在雨落窗台的下午认出人群里熟悉的校服衣角,25,compressed,认出人群里熟悉的校服衣角,12,移除时间、地点、人物或关系模板，归并到核心概念
8295,看到别人也在雨落窗台的下午交换一根代表好感的小皮筋,25,compressed,交换一根代表好感的小皮筋,12,移除时间、地点、人物或关系模板，归并到核心概念
8296,看到别人也在雨落窗台的下午在图书馆同一排书架重逢,24,compressed,在图书馆同一排书架重逢,11,移除时间、地点、人物或关系模板，归并到核心概念
8297,看到别人也在雨落窗台的下午提醒喜欢的人带伞,21,compressed,提醒喜欢的人带伞,8,移除时间、地点、人物或关系模板，归并到核心概念
8298,看到别人也在雨落窗台的下午记住树影在校服上轻轻晃动,25,compressed,记住树影在校服上轻轻晃动,12,移除时间、地点、人物或关系模板，归并到核心概念
8299,看到别人也在雨落窗台的下午把喜欢藏进高考结束的夏天,25,compressed,把喜欢藏进高考结束的夏天,12,移除时间、地点、人物或关系模板，归并到核心概念
8300,看到别人也在周末前最后一节课后在人群中寻找熟悉的校服背影,28,deleted,,0,模板变体、超长表达或配额外的同概念近似项
8301,看到别人也在雨落窗台的下午替对方整理歪掉的校服领口,25,compressed,替对方整理歪掉的校服领口,12,移除时间、地点、人物或关系模板，归并到核心概念
8302,看到别人也在雨落窗台的下午把校服第二颗纽扣留作纪念,25,compressed,把校服第二颗纽扣留作纪念,12,移除时间、地点、人物或关系模板，归并到核心概念
8303,看到别人也在雨落窗台的下午在自习室替对方留一个座位,25,compressed,在自习室替对方留一个座位,12,移除时间、地点、人物或关系模板，归并到核心概念
8304,看到别人也在雨落窗台的下午把自己的外套借给对方,23,compressed,把自己的外套借给对方,10,移除时间、地点、人物或关系模板，归并到核心概念
8305,看到别人也在雨落窗台的下午看见雨水沿着教室玻璃滑下,25,compressed,看见雨水沿着教室玻璃滑下,12,移除时间、地点、人物或关系模板，归并到核心概念
8306,看到别人也在雨落窗台的下午约定收到录取通知后再见,24,compressed,约定收到录取通知后再见,11,移除时间、地点、人物或关系模板，归并到核心概念
8307,看到别人也在周末前最后一节课后放学后并肩走出校门,24,deleted,,0,模板变体、超长表达或配额外的同概念近似项
8308,看到别人也在雨落窗台的下午注意到校服袖口写着名字,24,compressed,注意到校服袖口写着名字,11,移除时间、地点、人物或关系模板，归并到核心概念
8309,看到别人也在雨落窗台的下午送出成对的钥匙扣,21,compressed,送出成对的钥匙扣,8,移除时间、地点、人物或关系模板，归并到核心概念
8310,看到别人也在雨落窗台的下午在小卖部门口假装偶遇,23,compressed,在小卖部门口假装偶遇,10,移除时间、地点、人物或关系模板，归并到核心概念
8311,看到别人也在雨落窗台的下午记住她不吃的食堂菜,22,compressed,记住她不吃的食堂菜,9,移除时间、地点、人物或关系模板，归并到核心概念
8312,看到别人也在雨落窗台的下午闻到新课本混着油墨的气味,25,compressed,闻到新课本混着油墨的气味,12,移除时间、地点、人物或关系模板，归并到核心概念
8313,看到别人也在雨落窗台的下午在散伙饭上忍住没说的话,24,compressed,在散伙饭上忍住没说的话,11,移除时间、地点、人物或关系模板，归并到核心概念
8314,看到别人也在周末前最后一节课后推着自行车陪对方慢慢走,26,deleted,,0,模板变体、超长表达或配额外的同概念近似项
8315,看到别人也在雨落窗台的下午看见白衬衫被晚霞染成金色,25,compressed,看见白衬衫被晚霞染成金色,12,移除时间、地点、人物或关系模板，归并到核心概念
8316,看到别人也在雨落窗台的下午互换写着祝福的书签,22,compressed,互换写着祝福的书签,9,移除时间、地点、人物或关系模板，归并到核心概念
8317,看到别人也在雨落窗台的下午在食堂排队时站到她身后,24,compressed,在食堂排队时站到她身后,11,移除时间、地点、人物或关系模板，归并到核心概念
8318,看到别人也在雨落窗台的下午替迟到的人悄悄留门,22,compressed,替迟到的人悄悄留门,9,移除时间、地点、人物或关系模板，归并到核心概念
8319,看到别人也在雨落窗台的下午记住雨后塑胶跑道的气味,24,compressed,记住雨后塑胶跑道的气味,11,移除时间、地点、人物或关系模板，归并到核心概念
8320,看到别人也在雨落窗台的下午听完最后一次校园广播,23,compressed,听完最后一次校园广播,10,移除时间、地点、人物或关系模板，归并到核心概念
8321,看到别人也在周末前最后一节课后一起等最后一班公交车,25,deleted,,0,模板变体、超长表达或配额外的同概念近似项
8322,看到别人也在雨落窗台的下午发现手腕上多了一根小皮筋,25,compressed,发现手腕上多了一根小皮筋,12,移除时间、地点、人物或关系模板，归并到核心概念
8323,看到别人也在雨落窗台的下午借出一支舍不得收回的笔,24,compressed,借出一支舍不得收回的笔,11,移除时间、地点、人物或关系模板，归并到核心概念
8324,看到别人也在雨落窗台的下午在校园广播站等一首点歌,24,compressed,在校园广播站等一首点歌,11,移除时间、地点、人物或关系模板，归并到核心概念
8325,看到别人也在雨落窗台的下午在值日时一起擦黑板,22,compressed,在值日时一起擦黑板,9,移除时间、地点、人物或关系模板，归并到核心概念
8326,看到别人也在雨落窗台的下午感到共用雨伞时靠近的温度,25,compressed,感到共用雨伞时靠近的温度,12,移除时间、地点、人物或关系模板，归并到核心概念
8327,看到别人也在雨落窗台的下午收拾课桌时找到旧纸条,23,compressed,收拾课桌时找到旧纸条,10,移除时间、地点、人物或关系模板，归并到核心概念
8328,看到别人也在周末前最后一节课后约好第二天在校门口见,25,deleted,,0,模板变体、超长表达或配额外的同概念近似项
8329,看到别人也在雨落窗台的下午把对方送的小皮筋戴在手腕,25,compressed,把对方送的小皮筋戴在手腕,12,移除时间、地点、人物或关系模板，归并到核心概念
8330,看到别人也在雨落窗台的下午在橡皮上刻下对方的缩写,24,compressed,在橡皮上刻下对方的缩写,11,移除时间、地点、人物或关系模板，归并到核心概念
8331,看到别人也在雨落窗台的下午在礼堂散场后寻找对方,23,compressed,在礼堂散场后寻找对方,10,移除时间、地点、人物或关系模板，归并到核心概念
8332,看到别人也在雨落窗台的下午一起搬运动会用的桌椅,23,compressed,一起搬运动会用的桌椅,10,移除时间、地点、人物或关系模板，归并到核心概念
8333,看到别人也在雨落窗台的下午记住冬天热水杯传来的暖意,25,compressed,记住冬天热水杯传来的暖意,12,移除时间、地点、人物或关系模板，归并到核心概念
8334,看到别人也在雨落窗台的下午离校前再走一遍熟悉的操场,25,compressed,离校前再走一遍熟悉的操场,12,移除时间、地点、人物或关系模板，归并到核心概念
8335,看到别人也在周末前最后一节课后在操场看台说出喜欢,24,deleted,,0,模板变体、超长表达或配额外的同概念近似项
8336,看到别人也在雨落窗台的下午认出书包上新挂的钥匙扣,24,compressed,认出书包上新挂的钥匙扣,11,移除时间、地点、人物或关系模板，归并到核心概念
8337,看到别人也在雨落窗台的下午把复习资料装订得整整齐齐,25,compressed,把复习资料装订得整整齐齐,12,移除时间、地点、人物或关系模板，归并到核心概念
8338,看到别人也在雨落窗台的下午沿着操场跑道陪她慢慢走,24,compressed,沿着操场跑道陪她慢慢走,11,移除时间、地点、人物或关系模板，归并到核心概念
8339,看到别人也在雨落窗台的下午在社团排练后帮忙收器材,24,compressed,在社团排练后帮忙收器材,11,移除时间、地点、人物或关系模板，归并到核心概念
8340,看到别人也在雨落窗台的下午等春天樱花落在她肩上,23,compressed,等春天樱花落在她肩上,10,移除时间、地点、人物或关系模板，归并到核心概念
8341,看到别人也在雨落窗台的下午在校门口说出以后常联系,24,compressed,在校门口说出以后常联系,11,移除时间、地点、人物或关系模板，归并到核心概念
8342,看到别人也在周末前最后一节课后把暗恋告诉最信任的同学,26,deleted,,0,模板变体、超长表达或配额外的同概念近似项
8343,看到别人也在雨落窗台的下午留意她每天更换的发卡,23,compressed,留意她每天更换的发卡,10,移除时间、地点、人物或关系模板，归并到核心概念
8344,看到别人也在雨落窗台的下午在错题本角落留下鼓励,23,compressed,在错题本角落留下鼓励,10,移除时间、地点、人物或关系模板，归并到核心概念
8345,看到别人也在雨落窗台的下午在篮球场边递上一瓶水,23,compressed,在篮球场边递上一瓶水,10,移除时间、地点、人物或关系模板，归并到核心概念
8346,看到别人也在雨落窗台的下午为对方的比赛偷偷加油,23,compressed,为对方的比赛偷偷加油,10,移除时间、地点、人物或关系模板，归并到核心概念
8347,看到别人也在雨落窗台的下午在盛夏风扇声里偷偷心动,24,compressed,在盛夏风扇声里偷偷心动,11,移除时间、地点、人物或关系模板，归并到核心概念
8348,看到别人也在雨落窗台的下午目送对方坐上不同方向的车,25,compressed,目送对方坐上不同方向的车,12,移除时间、地点、人物或关系模板，归并到核心概念
8349,看到别人也在周末前最后一节课后收到对方认真回应的好感,26,deleted,,0,模板变体、超长表达或配额外的同概念近似项
8350,看到别人也在雨落窗台的下午记住帆布鞋踩过积水的声音,25,deleted,,0,模板变体、超长表达或配额外的同概念近似项
8351,看到别人也在雨落窗台的下午用同一本练习册对答案,23,deleted,,0,模板变体、超长表达或配额外的同概念近似项
8352,看到别人也在雨落窗台的下午在看台最高一排并肩坐着,24,compressed,在看台最高一排并肩坐着,11,移除时间、地点、人物或关系模板，归并到核心概念
8353,看到别人也在雨落窗台的下午在班级合唱时站到她旁边,24,compressed,在班级合唱时站到她旁边,11,移除时间、地点、人物或关系模板，归并到核心概念
8354,看到别人也在雨落窗台的下午看秋叶堆满放学的小路,23,deleted,,0,模板变体、超长表达或配额外的同概念近似项
8355,看到别人也在雨落窗台的下午发现最后一句聊天停在毕业快乐,27,deleted,,0,模板变体、超长表达或配额外的同概念近似项
8356,看到别人也在周末前最后一节课后从同桌变成互相喜欢的人,26,deleted,,0,模板变体、超长表达或配额外的同概念近似项
8357,看到别人也在雨落窗台的下午看见运动服背后的班级号码,25,deleted,,0,模板变体、超长表达或配额外的同概念近似项
8358,看到别人也在雨落窗台的下午把借书卡藏进喜欢的书里,24,deleted,,0,模板变体、超长表达或配额外的同概念近似项
8359,看到别人也在雨落窗台的下午在体育馆门口等训练结束,24,deleted,,0,模板变体、超长表达或配额外的同概念近似项
8360,看到别人也在雨落窗台的下午假装随口询问周末安排,23,deleted,,0,模板变体、超长表达或配额外的同概念近似项
8361,看到别人也在雨落窗台的下午在初雪那天想和她一起走,24,deleted,,0,模板变体、超长表达或配额外的同概念近似项
8362,看到别人也在雨落窗台的下午因为去往不同城市慢慢失联,25,deleted,,0,模板变体、超长表达或配额外的同概念近似项
8363,看到别人也在周末前最后一节课后在班级起哄中偷偷脸红,25,deleted,,0,模板变体、超长表达或配额外的同概念近似项
8364,看到别人也在雨落窗台的下午注意到对方紧张时攥住衣角,25,deleted,,0,模板变体、超长表达或配额外的同概念近似项
8365,看到别人也在雨落窗台的下午用值日表制造一起留下的机会,26,deleted,,0,模板变体、超长表达或配额外的同概念近似项
8366,看到别人也在雨落窗台的下午沿林荫道推着自行车同行,24,deleted,,0,模板变体、超长表达或配额外的同概念近似项
8367,看到别人也在雨落窗台的下午把好笑的事情第一个告诉她,25,deleted,,0,模板变体、超长表达或配额外的同概念近似项
8368,看到别人也在雨落窗台的下午记住六月毕业季的闷热,23,deleted,,0,模板变体、超长表达或配额外的同概念近似项
8369,看到别人也在雨落窗台的下午多年后翻到泛黄的毕业照,24,deleted,,0,模板变体、超长表达或配额外的同概念近似项
8370,看到别人也在周末前最后一节课后交换只有两个人懂的暗号,26,deleted,,0,模板变体、超长表达或配额外的同概念近似项
8371,看到别人也在雨落窗台的下午记住少年骑车时鼓起的衣摆,25,deleted,,0,模板变体、超长表达或配额外的同概念近似项
8372,看到别人也在雨落窗台的下午在课程表上圈出共同的空课,25,deleted,,0,模板变体、超长表达或配额外的同概念近似项
8373,看到别人也在雨落窗台的下午在校门口犹豫要不要告别,24,deleted,,0,模板变体、超长表达或配额外的同概念近似项
8374,看到别人也在雨落窗台的下午聊天时等对方收拾完书包,24,deleted,,0,模板变体、超长表达或配额外的同概念近似项
8375,看到别人也在雨落窗台的下午在傍晚风里听见校服摩擦声,25,deleted,,0,模板变体、超长表达或配额外的同概念近似项
8376,看到别人也在雨落窗台的下午重回母校时寻找当年的座位,25,deleted,,0,模板变体、超长表达或配额外的同概念近似项
8377,看到别人也在周末前最后一节课后第一次用恋人的身份说晚安,27,deleted,,0,模板变体、超长表达或配额外的同概念近似项
8378,看到别人也在雨落窗台的下午发现镜片后躲闪的目光,23,deleted,,0,模板变体、超长表达或配额外的同概念近似项
8379,看到别人也在雨落窗台的下午用广播点歌传递含蓄心意,24,deleted,,0,模板变体、超长表达或配额外的同概念近似项
8380,看到别人也在雨落窗台的下午在公交站陪对方等车,22,deleted,,0,模板变体、超长表达或配额外的同概念近似项
8381,看到别人也在雨落窗台的下午看见她睡着后压低说话声音,25,deleted,,0,模板变体、超长表达或配额外的同概念近似项
8382,看到别人也在雨落窗台的下午尝到小卖部冰汽水的甜味,24,deleted,,0,模板变体、超长表达或配额外的同概念近似项
8383,看到别人也在雨落窗台的下午听见校歌突然想起喜欢的人,25,deleted,,0,模板变体、超长表达或配额外的同概念近似项
8384,看到别人也在周末前最后一节课后约定毕业以后也继续联系,26,deleted,,0,模板变体、超长表达或配额外的同概念近似项
8385,看到别人也在雨落窗台的下午在人群中认出那双熟悉的球鞋,26,deleted,,0,模板变体、超长表达或配额外的同概念近似项
8386,看到别人也在雨落窗台的下午约定用窗台上的水杯当暗号,25,deleted,,0,模板变体、超长表达或配额外的同概念近似项
8387,看到别人也在雨落窗台的下午绕远路走过两个人常走的小巷,26,deleted,,0,模板变体、超长表达或配额外的同概念近似项
8388,看到别人也在雨落窗台的下午把最后一颗糖留给喜欢的人,25,deleted,,0,模板变体、超长表达或配额外的同概念近似项
8389,看到别人也在雨落窗台的下午记住她经过时淡淡的洗衣粉香,26,deleted,,0,模板变体、超长表达或配额外的同概念近似项
8390,看到别人也在雨落窗台的下午意识到那次挥手已经是最后一面,27,deleted,,0,模板变体、超长表达或配额外的同概念近似项
8391,看到别人也在雨落窗台的下午和喜欢的人隔着课桌对视,24,deleted,,0,模板变体、超长表达或配额外的同概念近似项
8392,看到别人也在暑气未散的放学路上风吹起她额前的刘海,24,compressed,风吹起她额前的刘海,9,移除时间、地点、人物或关系模板，归并到核心概念
8393,看到别人也在暑气未散的放学路上递来一张折好的小纸条,25,compressed,递来一张折好的小纸条,10,移除时间、地点、人物或关系模板，归并到核心概念
8394,看到别人也在暑气未散的放学路上在靠窗的座位等她出现,25,compressed,在靠窗的座位等她出现,10,移除时间、地点、人物或关系模板，归并到核心概念
8395,看到别人也在暑气未散的放学路上把课堂笔记借给喜欢的人,26,compressed,把课堂笔记借给喜欢的人,11,移除时间、地点、人物或关系模板，归并到核心概念
8396,看到别人也在暑气未散的放学路上听见窗外一阵很长的蝉鸣,26,compressed,听见窗外一阵很长的蝉鸣,11,移除时间、地点、人物或关系模板，归并到核心概念
8397,看到别人也在暑气未散的放学路上在毕业册上写下一句祝福,26,compressed,在毕业册上写下一句祝福,11,移除时间、地点、人物或关系模板，归并到核心概念
8398,看到别人也在雨落窗台的下午发现同桌悄悄看向自己,23,deleted,,0,模板变体、超长表达或配额外的同概念近似项
8399,看到别人也在暑气未散的放学路上看见她把刘海别到耳后,25,compressed,看见她把刘海别到耳后,10,移除时间、地点、人物或关系模板，归并到核心概念
8400,看到别人也在暑气未散的放学路上在纸条背面写下回复,24,compressed,在纸条背面写下回复,9,移除时间、地点、人物或关系模板，归并到核心概念
8401,看到别人也在暑气未散的放学路上经过对方班级的教室门口,26,compressed,经过对方班级的教室门口,11,移除时间、地点、人物或关系模板，归并到核心概念
8402,看到别人也在暑气未散的放学路上耐心讲一道做错的题,24,compressed,耐心讲一道做错的题,9,移除时间、地点、人物或关系模板，归并到核心概念
8403,看到别人也在暑气未散的放学路上听见下课铃盖过没说完的话,27,compressed,听见下课铃盖过没说完的话,12,移除时间、地点、人物或关系模板，归并到核心概念
8404,看到别人也在暑气未散的放学路上把同学录最后一页留给她,26,compressed,把同学录最后一页留给她,11,移除时间、地点、人物或关系模板，归并到核心概念
8405,看到别人也在雨落窗台的下午把喜欢藏在课堂笔记里,23,deleted,,0,模板变体、超长表达或配额外的同概念近似项
8406,看到别人也在暑气未散的放学路上注意到阳光落在她的发梢,26,compressed,注意到阳光落在她的发梢,11,移除时间、地点、人物或关系模板，归并到核心概念
8407,看到别人也在暑气未散的放学路上把没送出的情书夹进书里,26,compressed,把没送出的情书夹进书里,11,移除时间、地点、人物或关系模板，归并到核心概念
8408,看到别人也在暑气未散的放学路上在空教室里多停留一会儿,26,compressed,在空教室里多停留一会儿,11,移除时间、地点、人物或关系模板，归并到核心概念
8409,看到别人也在暑气未散的放学路上一起背诵第二天要抽查的课文,28,deleted,,0,模板变体、超长表达或配额外的同概念近似项
8410,看到别人也在暑气未散的放学路上记住篮球落地的回声,24,compressed,记住篮球落地的回声,9,移除时间、地点、人物或关系模板，归并到核心概念
8411,看到别人也在暑气未散的放学路上在毕业照里悄悄站得更近,26,compressed,在毕业照里悄悄站得更近,11,移除时间、地点、人物或关系模板，归并到核心概念
8412,看到别人也在雨落窗台的下午借讲题的机会坐得更近,23,deleted,,0,模板变体、超长表达或配额外的同概念近似项
8413,看到别人也在暑气未散的放学路上记住她低头笑时的酒窝,25,compressed,记住她低头笑时的酒窝,10,移除时间、地点、人物或关系模板，归并到核心概念
8414,看到别人也在暑气未散的放学路上收到一封没有署名的情书,26,compressed,收到一封没有署名的情书,11,移除时间、地点、人物或关系模板，归并到核心概念
8415,看到别人也在暑气未散的放学路上从教学楼走廊远远看见她,26,compressed,从教学楼走廊远远看见她,11,移除时间、地点、人物或关系模板，归并到核心概念
8416,看到别人也在暑气未散的放学路上互相检查听写答案,23,compressed,互相检查听写答案,8,移除时间、地点、人物或关系模板，归并到核心概念
8417,看到别人也在暑气未散的放学路上听见广播里放过的那首歌,26,compressed,听见广播里放过的那首歌,11,移除时间、地点、人物或关系模板，归并到核心概念
8418,看到别人也在暑气未散的放学路上在校服背面签下名字,24,compressed,在校服背面签下名字,9,移除时间、地点、人物或关系模板，归并到核心概念
8419,看到别人也在雨落窗台的下午在走廊等喜欢的人经过,23,deleted,,0,模板变体、超长表达或配额外的同概念近似项
8420,看到别人也在暑气未散的放学路上发现她见面前认真扎好头发,27,compressed,发现她见面前认真扎好头发,12,移除时间、地点、人物或关系模板，归并到核心概念
8421,看到别人也在暑气未散的放学路上在便利贴上画一颗小心心,26,compressed,在便利贴上画一颗小心心,11,移除时间、地点、人物或关系模板，归并到核心概念
8422,看到别人也在暑气未散的放学路上在楼梯转角意外遇见喜欢的人,28,deleted,,0,模板变体、超长表达或配额外的同概念近似项
8423,看到别人也在暑气未散的放学路上替对方保管暂时没收的手机,27,compressed,替对方保管暂时没收的手机,12,移除时间、地点、人物或关系模板，归并到核心概念
8424,看到别人也在暑气未散的放学路上看见晨光落在她的课桌上,26,compressed,看见晨光落在她的课桌上,11,移除时间、地点、人物或关系模板，归并到核心概念
8425,看到别人也在暑气未散的放学路上把没送出的情书带回家,25,compressed,把没送出的情书带回家,10,移除时间、地点、人物或关系模板，归并到核心概念
8426,看到别人也在雨落窗台的下午课间绕路去隔壁班门口,23,deleted,,0,模板变体、超长表达或配额外的同概念近似项
8427,看到别人也在暑气未散的放学路上看见她穿着宽大的校服外套,27,compressed,看见她穿着宽大的校服外套,12,移除时间、地点、人物或关系模板，归并到核心概念
8428,看到别人也在暑气未散的放学路上把名字写在同一张草稿纸上,27,compressed,把名字写在同一张草稿纸上,12,移除时间、地点、人物或关系模板，归并到核心概念
8429,看到别人也在暑气未散的放学路上绕路经过她常去的饮水机,26,compressed,绕路经过她常去的饮水机,11,移除时间、地点、人物或关系模板，归并到核心概念
8430,看到别人也在暑气未散的放学路上给趴在桌上的人留一盒牛奶,27,compressed,给趴在桌上的人留一盒牛奶,12,移除时间、地点、人物或关系模板，归并到核心概念
8431,看到别人也在暑气未散的放学路上看见晚霞穿过教学楼窗户,26,compressed,看见晚霞穿过教学楼窗户,11,移除时间、地点、人物或关系模板，归并到核心概念
8432,看到别人也在暑气未散的放学路上错过毕业前最后一次告白,26,compressed,错过毕业前最后一次告白,11,移除时间、地点、人物或关系模板，归并到核心概念
8433,看到别人也在雨落窗台的下午替心动对象去小卖部带饮料,25,deleted,,0,模板变体、超长表达或配额外的同概念近似项
8434,看到别人也在暑气未散的放学路上认出人群里熟悉的校服衣角,27,compressed,认出人群里熟悉的校服衣角,12,移除时间、地点、人物或关系模板，归并到核心概念
8435,看到别人也在暑气未散的放学路上交换一根代表好感的小皮筋,27,compressed,交换一根代表好感的小皮筋,12,移除时间、地点、人物或关系模板，归并到核心概念
8436,看到别人也在暑气未散的放学路上在图书馆同一排书架重逢,26,compressed,在图书馆同一排书架重逢,11,移除时间、地点、人物或关系模板，归并到核心概念
8437,看到别人也在暑气未散的放学路上提醒喜欢的人带伞,23,compressed,提醒喜欢的人带伞,8,移除时间、地点、人物或关系模板，归并到核心概念
8438,看到别人也在暑气未散的放学路上记住树影在校服上轻轻晃动,27,compressed,记住树影在校服上轻轻晃动,12,移除时间、地点、人物或关系模板，归并到核心概念
8439,看到别人也在暑气未散的放学路上把喜欢藏进高考结束的夏天,27,compressed,把喜欢藏进高考结束的夏天,12,移除时间、地点、人物或关系模板，归并到核心概念
8440,看到别人也在雨落窗台的下午在人群中寻找熟悉的校服背影,26,deleted,,0,模板变体、超长表达或配额外的同概念近似项
8441,看到别人也在暑气未散的放学路上替对方整理歪掉的校服领口,27,compressed,替对方整理歪掉的校服领口,12,移除时间、地点、人物或关系模板，归并到核心概念
8442,看到别人也在暑气未散的放学路上把校服第二颗纽扣留作纪念,27,compressed,把校服第二颗纽扣留作纪念,12,移除时间、地点、人物或关系模板，归并到核心概念
8443,看到别人也在暑气未散的放学路上在自习室替对方留一个座位,27,compressed,在自习室替对方留一个座位,12,移除时间、地点、人物或关系模板，归并到核心概念
8444,看到别人也在暑气未散的放学路上把自己的外套借给对方,25,compressed,把自己的外套借给对方,10,移除时间、地点、人物或关系模板，归并到核心概念
8445,看到别人也在暑气未散的放学路上看见雨水沿着教室玻璃滑下,27,compressed,看见雨水沿着教室玻璃滑下,12,移除时间、地点、人物或关系模板，归并到核心概念
8446,看到别人也在暑气未散的放学路上约定收到录取通知后再见,26,compressed,约定收到录取通知后再见,11,移除时间、地点、人物或关系模板，归并到核心概念
8447,看到别人也在雨落窗台的下午放学后并肩走出校门,22,deleted,,0,模板变体、超长表达或配额外的同概念近似项
8448,看到别人也在暑气未散的放学路上注意到校服袖口写着名字,26,compressed,注意到校服袖口写着名字,11,移除时间、地点、人物或关系模板，归并到核心概念
8449,看到别人也在暑气未散的放学路上送出成对的钥匙扣,23,compressed,送出成对的钥匙扣,8,移除时间、地点、人物或关系模板，归并到核心概念
8450,看到别人也在暑气未散的放学路上在小卖部门口假装偶遇,25,compressed,在小卖部门口假装偶遇,10,移除时间、地点、人物或关系模板，归并到核心概念
8451,看到别人也在暑气未散的放学路上记住她不吃的食堂菜,24,compressed,记住她不吃的食堂菜,9,移除时间、地点、人物或关系模板，归并到核心概念
8452,看到别人也在暑气未散的放学路上闻到新课本混着油墨的气味,27,compressed,闻到新课本混着油墨的气味,12,移除时间、地点、人物或关系模板，归并到核心概念
8453,看到别人也在暑气未散的放学路上在散伙饭上忍住没说的话,26,compressed,在散伙饭上忍住没说的话,11,移除时间、地点、人物或关系模板，归并到核心概念
8454,看到别人也在雨落窗台的下午推着自行车陪对方慢慢走,24,deleted,,0,模板变体、超长表达或配额外的同概念近似项
8455,看到别人也在暑气未散的放学路上看见白衬衫被晚霞染成金色,27,compressed,看见白衬衫被晚霞染成金色,12,移除时间、地点、人物或关系模板，归并到核心概念
8456,看到别人也在暑气未散的放学路上互换写着祝福的书签,24,compressed,互换写着祝福的书签,9,移除时间、地点、人物或关系模板，归并到核心概念
8457,看到别人也在暑气未散的放学路上在食堂排队时站到她身后,26,compressed,在食堂排队时站到她身后,11,移除时间、地点、人物或关系模板，归并到核心概念
8458,看到别人也在暑气未散的放学路上替迟到的人悄悄留门,24,compressed,替迟到的人悄悄留门,9,移除时间、地点、人物或关系模板，归并到核心概念
8459,看到别人也在暑气未散的放学路上记住雨后塑胶跑道的气味,26,compressed,记住雨后塑胶跑道的气味,11,移除时间、地点、人物或关系模板，归并到核心概念
8460,看到别人也在暑气未散的放学路上听完最后一次校园广播,25,compressed,听完最后一次校园广播,10,移除时间、地点、人物或关系模板，归并到核心概念
8461,看到别人也在雨落窗台的下午一起等最后一班公交车,23,deleted,,0,模板变体、超长表达或配额外的同概念近似项
8462,看到别人也在暑气未散的放学路上发现手腕上多了一根小皮筋,27,compressed,发现手腕上多了一根小皮筋,12,移除时间、地点、人物或关系模板，归并到核心概念
8463,看到别人也在暑气未散的放学路上借出一支舍不得收回的笔,26,compressed,借出一支舍不得收回的笔,11,移除时间、地点、人物或关系模板，归并到核心概念
8464,看到别人也在暑气未散的放学路上在校园广播站等一首点歌,26,compressed,在校园广播站等一首点歌,11,移除时间、地点、人物或关系模板，归并到核心概念
8465,看到别人也在暑气未散的放学路上在值日时一起擦黑板,24,compressed,在值日时一起擦黑板,9,移除时间、地点、人物或关系模板，归并到核心概念
8466,看到别人也在暑气未散的放学路上感到共用雨伞时靠近的温度,27,compressed,感到共用雨伞时靠近的温度,12,移除时间、地点、人物或关系模板，归并到核心概念
8467,看到别人也在暑气未散的放学路上收拾课桌时找到旧纸条,25,compressed,收拾课桌时找到旧纸条,10,移除时间、地点、人物或关系模板，归并到核心概念
8468,看到别人也在雨落窗台的下午约好第二天在校门口见,23,deleted,,0,模板变体、超长表达或配额外的同概念近似项
8469,看到别人也在暑气未散的放学路上把对方送的小皮筋戴在手腕,27,compressed,把对方送的小皮筋戴在手腕,12,移除时间、地点、人物或关系模板，归并到核心概念
8470,看到别人也在暑气未散的放学路上在橡皮上刻下对方的缩写,26,compressed,在橡皮上刻下对方的缩写,11,移除时间、地点、人物或关系模板，归并到核心概念
8471,看到别人也在暑气未散的放学路上在礼堂散场后寻找对方,25,compressed,在礼堂散场后寻找对方,10,移除时间、地点、人物或关系模板，归并到核心概念
8472,看到别人也在暑气未散的放学路上一起搬运动会用的桌椅,25,compressed,一起搬运动会用的桌椅,10,移除时间、地点、人物或关系模板，归并到核心概念
8473,看到别人也在暑气未散的放学路上记住冬天热水杯传来的暖意,27,compressed,记住冬天热水杯传来的暖意,12,移除时间、地点、人物或关系模板，归并到核心概念
8474,看到别人也在暑气未散的放学路上离校前再走一遍熟悉的操场,27,compressed,离校前再走一遍熟悉的操场,12,移除时间、地点、人物或关系模板，归并到核心概念
8475,看到别人也在雨落窗台的下午在操场看台说出喜欢,22,deleted,,0,模板变体、超长表达或配额外的同概念近似项
8476,看到别人也在暑气未散的放学路上认出书包上新挂的钥匙扣,26,compressed,认出书包上新挂的钥匙扣,11,移除时间、地点、人物或关系模板，归并到核心概念
8477,看到别人也在暑气未散的放学路上把复习资料装订得整整齐齐,27,compressed,把复习资料装订得整整齐齐,12,移除时间、地点、人物或关系模板，归并到核心概念
8478,看到别人也在暑气未散的放学路上沿着操场跑道陪她慢慢走,26,compressed,沿着操场跑道陪她慢慢走,11,移除时间、地点、人物或关系模板，归并到核心概念
8479,看到别人也在暑气未散的放学路上在社团排练后帮忙收器材,26,compressed,在社团排练后帮忙收器材,11,移除时间、地点、人物或关系模板，归并到核心概念
8480,看到别人也在暑气未散的放学路上等春天樱花落在她肩上,25,compressed,等春天樱花落在她肩上,10,移除时间、地点、人物或关系模板，归并到核心概念
8481,看到别人也在暑气未散的放学路上在校门口说出以后常联系,26,compressed,在校门口说出以后常联系,11,移除时间、地点、人物或关系模板，归并到核心概念
8482,看到别人也在雨落窗台的下午把暗恋告诉最信任的同学,24,deleted,,0,模板变体、超长表达或配额外的同概念近似项
8483,看到别人也在暑气未散的放学路上留意她每天更换的发卡,25,compressed,留意她每天更换的发卡,10,移除时间、地点、人物或关系模板，归并到核心概念
8484,看到别人也在暑气未散的放学路上在错题本角落留下鼓励,25,compressed,在错题本角落留下鼓励,10,移除时间、地点、人物或关系模板，归并到核心概念
8485,看到别人也在暑气未散的放学路上在篮球场边递上一瓶水,25,compressed,在篮球场边递上一瓶水,10,移除时间、地点、人物或关系模板，归并到核心概念
8486,看到别人也在暑气未散的放学路上为对方的比赛偷偷加油,25,compressed,为对方的比赛偷偷加油,10,移除时间、地点、人物或关系模板，归并到核心概念
8487,看到别人也在暑气未散的放学路上在盛夏风扇声里偷偷心动,26,compressed,在盛夏风扇声里偷偷心动,11,移除时间、地点、人物或关系模板，归并到核心概念
8488,看到别人也在暑气未散的放学路上目送对方坐上不同方向的车,27,compressed,目送对方坐上不同方向的车,12,移除时间、地点、人物或关系模板，归并到核心概念
8489,看到别人也在雨落窗台的下午收到对方认真回应的好感,24,deleted,,0,模板变体、超长表达或配额外的同概念近似项
8490,看到别人也在暑气未散的放学路上记住帆布鞋踩过积水的声音,27,deleted,,0,模板变体、超长表达或配额外的同概念近似项
8491,看到别人也在暑气未散的放学路上用同一本练习册对答案,25,deleted,,0,模板变体、超长表达或配额外的同概念近似项
8492,看到别人也在暑气未散的放学路上在看台最高一排并肩坐着,26,compressed,在看台最高一排并肩坐着,11,移除时间、地点、人物或关系模板，归并到核心概念
8493,看到别人也在暑气未散的放学路上在班级合唱时站到她旁边,26,compressed,在班级合唱时站到她旁边,11,移除时间、地点、人物或关系模板，归并到核心概念
8494,看到别人也在暑气未散的放学路上看秋叶堆满放学的小路,25,deleted,,0,模板变体、超长表达或配额外的同概念近似项
8495,看到别人也在暑气未散的放学路上发现最后一句聊天停在毕业快乐,29,deleted,,0,模板变体、超长表达或配额外的同概念近似项
8496,看到别人也在雨落窗台的下午从同桌变成互相喜欢的人,24,deleted,,0,模板变体、超长表达或配额外的同概念近似项
8497,看到别人也在暑气未散的放学路上看见运动服背后的班级号码,27,deleted,,0,模板变体、超长表达或配额外的同概念近似项
8498,看到别人也在暑气未散的放学路上把借书卡藏进喜欢的书里,26,deleted,,0,模板变体、超长表达或配额外的同概念近似项
8499,看到别人也在暑气未散的放学路上在体育馆门口等训练结束,26,deleted,,0,模板变体、超长表达或配额外的同概念近似项
8500,看到别人也在暑气未散的放学路上假装随口询问周末安排,25,deleted,,0,模板变体、超长表达或配额外的同概念近似项
8501,看到别人也在暑气未散的放学路上在初雪那天想和她一起走,26,deleted,,0,模板变体、超长表达或配额外的同概念近似项
8502,看到别人也在暑气未散的放学路上因为去往不同城市慢慢失联,27,deleted,,0,模板变体、超长表达或配额外的同概念近似项
8503,看到别人也在雨落窗台的下午在班级起哄中偷偷脸红,23,deleted,,0,模板变体、超长表达或配额外的同概念近似项
8504,看到别人也在暑气未散的放学路上注意到对方紧张时攥住衣角,27,deleted,,0,模板变体、超长表达或配额外的同概念近似项
8505,看到别人也在暑气未散的放学路上用值日表制造一起留下的机会,28,deleted,,0,模板变体、超长表达或配额外的同概念近似项
8506,看到别人也在暑气未散的放学路上沿林荫道推着自行车同行,26,deleted,,0,模板变体、超长表达或配额外的同概念近似项
8507,看到别人也在暑气未散的放学路上把好笑的事情第一个告诉她,27,deleted,,0,模板变体、超长表达或配额外的同概念近似项
8508,看到别人也在暑气未散的放学路上记住六月毕业季的闷热,25,deleted,,0,模板变体、超长表达或配额外的同概念近似项
8509,看到别人也在暑气未散的放学路上多年后翻到泛黄的毕业照,26,deleted,,0,模板变体、超长表达或配额外的同概念近似项
8510,看到别人也在雨落窗台的下午交换只有两个人懂的暗号,24,deleted,,0,模板变体、超长表达或配额外的同概念近似项
8511,看到别人也在暑气未散的放学路上记住少年骑车时鼓起的衣摆,27,deleted,,0,模板变体、超长表达或配额外的同概念近似项
8512,看到别人也在暑气未散的放学路上在课程表上圈出共同的空课,27,deleted,,0,模板变体、超长表达或配额外的同概念近似项
8513,看到别人也在暑气未散的放学路上在校门口犹豫要不要告别,26,deleted,,0,模板变体、超长表达或配额外的同概念近似项
8514,看到别人也在暑气未散的放学路上聊天时等对方收拾完书包,26,deleted,,0,模板变体、超长表达或配额外的同概念近似项
8515,看到别人也在暑气未散的放学路上在傍晚风里听见校服摩擦声,27,deleted,,0,模板变体、超长表达或配额外的同概念近似项
8516,看到别人也在暑气未散的放学路上重回母校时寻找当年的座位,27,deleted,,0,模板变体、超长表达或配额外的同概念近似项
8517,看到别人也在雨落窗台的下午第一次用恋人的身份说晚安,25,deleted,,0,模板变体、超长表达或配额外的同概念近似项
8518,看到别人也在暑气未散的放学路上发现镜片后躲闪的目光,25,deleted,,0,模板变体、超长表达或配额外的同概念近似项
8519,看到别人也在暑气未散的放学路上用广播点歌传递含蓄心意,26,deleted,,0,模板变体、超长表达或配额外的同概念近似项
8520,看到别人也在暑气未散的放学路上在公交站陪对方等车,24,deleted,,0,模板变体、超长表达或配额外的同概念近似项
8521,看到别人也在暑气未散的放学路上看见她睡着后压低说话声音,27,deleted,,0,模板变体、超长表达或配额外的同概念近似项
8522,看到别人也在暑气未散的放学路上尝到小卖部冰汽水的甜味,26,deleted,,0,模板变体、超长表达或配额外的同概念近似项
8523,看到别人也在暑气未散的放学路上听见校歌突然想起喜欢的人,27,deleted,,0,模板变体、超长表达或配额外的同概念近似项
8524,看到别人也在雨落窗台的下午约定毕业以后也继续联系,24,deleted,,0,模板变体、超长表达或配额外的同概念近似项
8525,看到别人也在暑气未散的放学路上在人群中认出那双熟悉的球鞋,28,deleted,,0,模板变体、超长表达或配额外的同概念近似项
8526,看到别人也在暑气未散的放学路上约定用窗台上的水杯当暗号,27,deleted,,0,模板变体、超长表达或配额外的同概念近似项
8527,看到别人也在暑气未散的放学路上绕远路走过两个人常走的小巷,28,deleted,,0,模板变体、超长表达或配额外的同概念近似项
8528,看到别人也在暑气未散的放学路上把最后一颗糖留给喜欢的人,27,deleted,,0,模板变体、超长表达或配额外的同概念近似项
8529,看到别人也在暑气未散的放学路上记住她经过时淡淡的洗衣粉香,28,deleted,,0,模板变体、超长表达或配额外的同概念近似项
8530,看到别人也在暑气未散的放学路上意识到那次挥手已经是最后一面,29,deleted,,0,模板变体、超长表达或配额外的同概念近似项
8531,看到别人也在暑气未散的放学路上和喜欢的人隔着课桌对视,26,deleted,,0,模板变体、超长表达或配额外的同概念近似项
8532,看到别人也在毕业倒计时里风吹起她额前的刘海,21,compressed,风吹起她额前的刘海,9,移除时间、地点、人物或关系模板，归并到核心概念
8533,看到别人也在毕业倒计时里递来一张折好的小纸条,22,compressed,递来一张折好的小纸条,10,移除时间、地点、人物或关系模板，归并到核心概念
8534,看到别人也在毕业倒计时里在靠窗的座位等她出现,22,compressed,在靠窗的座位等她出现,10,移除时间、地点、人物或关系模板，归并到核心概念
8535,看到别人也在毕业倒计时里把课堂笔记借给喜欢的人,23,compressed,把课堂笔记借给喜欢的人,11,移除时间、地点、人物或关系模板，归并到核心概念
8536,看到别人也在毕业倒计时里听见窗外一阵很长的蝉鸣,23,compressed,听见窗外一阵很长的蝉鸣,11,移除时间、地点、人物或关系模板，归并到核心概念
8537,看到别人也在毕业倒计时里在毕业册上写下一句祝福,23,compressed,在毕业册上写下一句祝福,11,移除时间、地点、人物或关系模板，归并到核心概念
8538,看到别人也在暑气未散的放学路上发现同桌悄悄看向自己,25,deleted,,0,模板变体、超长表达或配额外的同概念近似项
8539,看到别人也在毕业倒计时里看见她把刘海别到耳后,22,compressed,看见她把刘海别到耳后,10,移除时间、地点、人物或关系模板，归并到核心概念
8540,看到别人也在毕业倒计时里在纸条背面写下回复,21,compressed,在纸条背面写下回复,9,移除时间、地点、人物或关系模板，归并到核心概念
8541,看到别人也在毕业倒计时里经过对方班级的教室门口,23,compressed,经过对方班级的教室门口,11,移除时间、地点、人物或关系模板，归并到核心概念
8542,看到别人也在毕业倒计时里耐心讲一道做错的题,21,compressed,耐心讲一道做错的题,9,移除时间、地点、人物或关系模板，归并到核心概念
8543,看到别人也在毕业倒计时里听见下课铃盖过没说完的话,24,compressed,听见下课铃盖过没说完的话,12,移除时间、地点、人物或关系模板，归并到核心概念
8544,看到别人也在毕业倒计时里把同学录最后一页留给她,23,compressed,把同学录最后一页留给她,11,移除时间、地点、人物或关系模板，归并到核心概念
8545,看到别人也在暑气未散的放学路上把喜欢藏在课堂笔记里,25,deleted,,0,模板变体、超长表达或配额外的同概念近似项
8546,看到别人也在毕业倒计时里注意到阳光落在她的发梢,23,compressed,注意到阳光落在她的发梢,11,移除时间、地点、人物或关系模板，归并到核心概念
8547,看到别人也在毕业倒计时里把没送出的情书夹进书里,23,compressed,把没送出的情书夹进书里,11,移除时间、地点、人物或关系模板，归并到核心概念
8548,看到别人也在毕业倒计时里在空教室里多停留一会儿,23,compressed,在空教室里多停留一会儿,11,移除时间、地点、人物或关系模板，归并到核心概念
8549,看到别人也在毕业倒计时里一起背诵第二天要抽查的课文,25,deleted,,0,模板变体、超长表达或配额外的同概念近似项
8550,看到别人也在毕业倒计时里记住篮球落地的回声,21,compressed,记住篮球落地的回声,9,移除时间、地点、人物或关系模板，归并到核心概念
8551,看到别人也在毕业倒计时里在毕业照里悄悄站得更近,23,compressed,在毕业照里悄悄站得更近,11,移除时间、地点、人物或关系模板，归并到核心概念
8552,看到别人也在暑气未散的放学路上借讲题的机会坐得更近,25,deleted,,0,模板变体、超长表达或配额外的同概念近似项
8553,看到别人也在毕业倒计时里记住她低头笑时的酒窝,22,compressed,记住她低头笑时的酒窝,10,移除时间、地点、人物或关系模板，归并到核心概念
8554,看到别人也在毕业倒计时里收到一封没有署名的情书,23,compressed,收到一封没有署名的情书,11,移除时间、地点、人物或关系模板，归并到核心概念
8555,看到别人也在毕业倒计时里从教学楼走廊远远看见她,23,compressed,从教学楼走廊远远看见她,11,移除时间、地点、人物或关系模板，归并到核心概念
8556,看到别人也在毕业倒计时里互相检查听写答案,20,compressed,互相检查听写答案,8,移除时间、地点、人物或关系模板，归并到核心概念
8557,看到别人也在毕业倒计时里听见广播里放过的那首歌,23,compressed,听见广播里放过的那首歌,11,移除时间、地点、人物或关系模板，归并到核心概念
8558,看到别人也在毕业倒计时里在校服背面签下名字,21,compressed,在校服背面签下名字,9,移除时间、地点、人物或关系模板，归并到核心概念
8559,看到别人也在暑气未散的放学路上在走廊等喜欢的人经过,25,deleted,,0,模板变体、超长表达或配额外的同概念近似项
8560,看到别人也在毕业倒计时里发现她见面前认真扎好头发,24,compressed,发现她见面前认真扎好头发,12,移除时间、地点、人物或关系模板，归并到核心概念
8561,看到别人也在毕业倒计时里在便利贴上画一颗小心心,23,compressed,在便利贴上画一颗小心心,11,移除时间、地点、人物或关系模板，归并到核心概念
8562,看到别人也在毕业倒计时里在楼梯转角意外遇见喜欢的人,25,deleted,,0,模板变体、超长表达或配额外的同概念近似项
8563,看到别人也在毕业倒计时里替对方保管暂时没收的手机,24,compressed,替对方保管暂时没收的手机,12,移除时间、地点、人物或关系模板，归并到核心概念
8564,看到别人也在毕业倒计时里看见晨光落在她的课桌上,23,compressed,看见晨光落在她的课桌上,11,移除时间、地点、人物或关系模板，归并到核心概念
8565,看到别人也在毕业倒计时里把没送出的情书带回家,22,compressed,把没送出的情书带回家,10,移除时间、地点、人物或关系模板，归并到核心概念
8566,看到别人也在暑气未散的放学路上课间绕路去隔壁班门口,25,deleted,,0,模板变体、超长表达或配额外的同概念近似项
8567,看到别人也在毕业倒计时里看见她穿着宽大的校服外套,24,compressed,看见她穿着宽大的校服外套,12,移除时间、地点、人物或关系模板，归并到核心概念
8568,看到别人也在毕业倒计时里把名字写在同一张草稿纸上,24,compressed,把名字写在同一张草稿纸上,12,移除时间、地点、人物或关系模板，归并到核心概念
8569,看到别人也在毕业倒计时里绕路经过她常去的饮水机,23,compressed,绕路经过她常去的饮水机,11,移除时间、地点、人物或关系模板，归并到核心概念
8570,看到别人也在毕业倒计时里给趴在桌上的人留一盒牛奶,24,compressed,给趴在桌上的人留一盒牛奶,12,移除时间、地点、人物或关系模板，归并到核心概念
8571,看到别人也在毕业倒计时里看见晚霞穿过教学楼窗户,23,compressed,看见晚霞穿过教学楼窗户,11,移除时间、地点、人物或关系模板，归并到核心概念
8572,看到别人也在毕业倒计时里错过毕业前最后一次告白,23,compressed,错过毕业前最后一次告白,11,移除时间、地点、人物或关系模板，归并到核心概念
8573,看到别人也在暑气未散的放学路上替心动对象去小卖部带饮料,27,deleted,,0,模板变体、超长表达或配额外的同概念近似项
8574,看到别人也在毕业倒计时里认出人群里熟悉的校服衣角,24,compressed,认出人群里熟悉的校服衣角,12,移除时间、地点、人物或关系模板，归并到核心概念
8575,看到别人也在毕业倒计时里交换一根代表好感的小皮筋,24,compressed,交换一根代表好感的小皮筋,12,移除时间、地点、人物或关系模板，归并到核心概念
8576,看到别人也在毕业倒计时里在图书馆同一排书架重逢,23,compressed,在图书馆同一排书架重逢,11,移除时间、地点、人物或关系模板，归并到核心概念
8577,看到别人也在毕业倒计时里提醒喜欢的人带伞,20,compressed,提醒喜欢的人带伞,8,移除时间、地点、人物或关系模板，归并到核心概念
8578,看到别人也在毕业倒计时里记住树影在校服上轻轻晃动,24,compressed,记住树影在校服上轻轻晃动,12,移除时间、地点、人物或关系模板，归并到核心概念
8579,看到别人也在毕业倒计时里把喜欢藏进高考结束的夏天,24,compressed,把喜欢藏进高考结束的夏天,12,移除时间、地点、人物或关系模板，归并到核心概念
8580,看到别人也在暑气未散的放学路上在人群中寻找熟悉的校服背影,28,deleted,,0,模板变体、超长表达或配额外的同概念近似项
8581,看到别人也在毕业倒计时里替对方整理歪掉的校服领口,24,compressed,替对方整理歪掉的校服领口,12,移除时间、地点、人物或关系模板，归并到核心概念
8582,看到别人也在毕业倒计时里把校服第二颗纽扣留作纪念,24,compressed,把校服第二颗纽扣留作纪念,12,移除时间、地点、人物或关系模板，归并到核心概念
8583,看到别人也在毕业倒计时里在自习室替对方留一个座位,24,compressed,在自习室替对方留一个座位,12,移除时间、地点、人物或关系模板，归并到核心概念
8584,看到别人也在毕业倒计时里把自己的外套借给对方,22,compressed,把自己的外套借给对方,10,移除时间、地点、人物或关系模板，归并到核心概念
8585,看到别人也在毕业倒计时里看见雨水沿着教室玻璃滑下,24,compressed,看见雨水沿着教室玻璃滑下,12,移除时间、地点、人物或关系模板，归并到核心概念
8586,看到别人也在毕业倒计时里约定收到录取通知后再见,23,compressed,约定收到录取通知后再见,11,移除时间、地点、人物或关系模板，归并到核心概念
8587,看到别人也在暑气未散的放学路上放学后并肩走出校门,24,deleted,,0,模板变体、超长表达或配额外的同概念近似项
8588,看到别人也在毕业倒计时里注意到校服袖口写着名字,23,compressed,注意到校服袖口写着名字,11,移除时间、地点、人物或关系模板，归并到核心概念
8589,看到别人也在毕业倒计时里送出成对的钥匙扣,20,compressed,送出成对的钥匙扣,8,移除时间、地点、人物或关系模板，归并到核心概念
8590,看到别人也在毕业倒计时里在小卖部门口假装偶遇,22,compressed,在小卖部门口假装偶遇,10,移除时间、地点、人物或关系模板，归并到核心概念
8591,看到别人也在毕业倒计时里记住她不吃的食堂菜,21,compressed,记住她不吃的食堂菜,9,移除时间、地点、人物或关系模板，归并到核心概念
8592,看到别人也在毕业倒计时里闻到新课本混着油墨的气味,24,compressed,闻到新课本混着油墨的气味,12,移除时间、地点、人物或关系模板，归并到核心概念
8593,看到别人也在毕业倒计时里在散伙饭上忍住没说的话,23,compressed,在散伙饭上忍住没说的话,11,移除时间、地点、人物或关系模板，归并到核心概念
8594,看到别人也在暑气未散的放学路上推着自行车陪对方慢慢走,26,deleted,,0,模板变体、超长表达或配额外的同概念近似项
8595,看到别人也在毕业倒计时里看见白衬衫被晚霞染成金色,24,compressed,看见白衬衫被晚霞染成金色,12,移除时间、地点、人物或关系模板，归并到核心概念
8596,看到别人也在毕业倒计时里互换写着祝福的书签,21,compressed,互换写着祝福的书签,9,移除时间、地点、人物或关系模板，归并到核心概念
8597,看到别人也在毕业倒计时里在食堂排队时站到她身后,23,compressed,在食堂排队时站到她身后,11,移除时间、地点、人物或关系模板，归并到核心概念
8598,看到别人也在毕业倒计时里替迟到的人悄悄留门,21,compressed,替迟到的人悄悄留门,9,移除时间、地点、人物或关系模板，归并到核心概念
8599,看到别人也在毕业倒计时里记住雨后塑胶跑道的气味,23,compressed,记住雨后塑胶跑道的气味,11,移除时间、地点、人物或关系模板，归并到核心概念
8600,看到别人也在毕业倒计时里听完最后一次校园广播,22,compressed,听完最后一次校园广播,10,移除时间、地点、人物或关系模板，归并到核心概念
8601,看到别人也在暑气未散的放学路上一起等最后一班公交车,25,deleted,,0,模板变体、超长表达或配额外的同概念近似项
8602,看到别人也在毕业倒计时里发现手腕上多了一根小皮筋,24,compressed,发现手腕上多了一根小皮筋,12,移除时间、地点、人物或关系模板，归并到核心概念
8603,看到别人也在毕业倒计时里借出一支舍不得收回的笔,23,compressed,借出一支舍不得收回的笔,11,移除时间、地点、人物或关系模板，归并到核心概念
8604,看到别人也在毕业倒计时里在校园广播站等一首点歌,23,compressed,在校园广播站等一首点歌,11,移除时间、地点、人物或关系模板，归并到核心概念
8605,看到别人也在毕业倒计时里在值日时一起擦黑板,21,compressed,在值日时一起擦黑板,9,移除时间、地点、人物或关系模板，归并到核心概念
8606,看到别人也在毕业倒计时里感到共用雨伞时靠近的温度,24,compressed,感到共用雨伞时靠近的温度,12,移除时间、地点、人物或关系模板，归并到核心概念
8607,看到别人也在毕业倒计时里收拾课桌时找到旧纸条,22,compressed,收拾课桌时找到旧纸条,10,移除时间、地点、人物或关系模板，归并到核心概念
8608,看到别人也在暑气未散的放学路上约好第二天在校门口见,25,deleted,,0,模板变体、超长表达或配额外的同概念近似项
8609,看到别人也在毕业倒计时里把对方送的小皮筋戴在手腕,24,compressed,把对方送的小皮筋戴在手腕,12,移除时间、地点、人物或关系模板，归并到核心概念
8610,看到别人也在毕业倒计时里在橡皮上刻下对方的缩写,23,compressed,在橡皮上刻下对方的缩写,11,移除时间、地点、人物或关系模板，归并到核心概念
8611,看到别人也在毕业倒计时里在礼堂散场后寻找对方,22,compressed,在礼堂散场后寻找对方,10,移除时间、地点、人物或关系模板，归并到核心概念
8612,看到别人也在毕业倒计时里一起搬运动会用的桌椅,22,compressed,一起搬运动会用的桌椅,10,移除时间、地点、人物或关系模板，归并到核心概念
8613,看到别人也在毕业倒计时里记住冬天热水杯传来的暖意,24,compressed,记住冬天热水杯传来的暖意,12,移除时间、地点、人物或关系模板，归并到核心概念
8614,看到别人也在毕业倒计时里离校前再走一遍熟悉的操场,24,compressed,离校前再走一遍熟悉的操场,12,移除时间、地点、人物或关系模板，归并到核心概念
8615,看到别人也在暑气未散的放学路上在操场看台说出喜欢,24,deleted,,0,模板变体、超长表达或配额外的同概念近似项
8616,看到别人也在毕业倒计时里认出书包上新挂的钥匙扣,23,compressed,认出书包上新挂的钥匙扣,11,移除时间、地点、人物或关系模板，归并到核心概念
8617,看到别人也在毕业倒计时里把复习资料装订得整整齐齐,24,compressed,把复习资料装订得整整齐齐,12,移除时间、地点、人物或关系模板，归并到核心概念
8618,看到别人也在毕业倒计时里沿着操场跑道陪她慢慢走,23,compressed,沿着操场跑道陪她慢慢走,11,移除时间、地点、人物或关系模板，归并到核心概念
8619,看到别人也在毕业倒计时里在社团排练后帮忙收器材,23,compressed,在社团排练后帮忙收器材,11,移除时间、地点、人物或关系模板，归并到核心概念
8620,看到别人也在毕业倒计时里等春天樱花落在她肩上,22,compressed,等春天樱花落在她肩上,10,移除时间、地点、人物或关系模板，归并到核心概念
8621,看到别人也在毕业倒计时里在校门口说出以后常联系,23,compressed,在校门口说出以后常联系,11,移除时间、地点、人物或关系模板，归并到核心概念
8622,看到别人也在暑气未散的放学路上把暗恋告诉最信任的同学,26,deleted,,0,模板变体、超长表达或配额外的同概念近似项
8623,看到别人也在毕业倒计时里留意她每天更换的发卡,22,compressed,留意她每天更换的发卡,10,移除时间、地点、人物或关系模板，归并到核心概念
8624,看到别人也在毕业倒计时里在错题本角落留下鼓励,22,compressed,在错题本角落留下鼓励,10,移除时间、地点、人物或关系模板，归并到核心概念
8625,看到别人也在毕业倒计时里在篮球场边递上一瓶水,22,compressed,在篮球场边递上一瓶水,10,移除时间、地点、人物或关系模板，归并到核心概念
8626,看到别人也在毕业倒计时里为对方的比赛偷偷加油,22,compressed,为对方的比赛偷偷加油,10,移除时间、地点、人物或关系模板，归并到核心概念
8627,看到别人也在毕业倒计时里在盛夏风扇声里偷偷心动,23,compressed,在盛夏风扇声里偷偷心动,11,移除时间、地点、人物或关系模板，归并到核心概念
8628,看到别人也在毕业倒计时里目送对方坐上不同方向的车,24,compressed,目送对方坐上不同方向的车,12,移除时间、地点、人物或关系模板，归并到核心概念
8629,看到别人也在暑气未散的放学路上收到对方认真回应的好感,26,deleted,,0,模板变体、超长表达或配额外的同概念近似项
8630,看到别人也在毕业倒计时里记住帆布鞋踩过积水的声音,24,deleted,,0,模板变体、超长表达或配额外的同概念近似项
8631,看到别人也在毕业倒计时里用同一本练习册对答案,22,deleted,,0,模板变体、超长表达或配额外的同概念近似项
8632,看到别人也在毕业倒计时里在看台最高一排并肩坐着,23,compressed,在看台最高一排并肩坐着,11,移除时间、地点、人物或关系模板，归并到核心概念
8633,看到别人也在毕业倒计时里在班级合唱时站到她旁边,23,compressed,在班级合唱时站到她旁边,11,移除时间、地点、人物或关系模板，归并到核心概念
8634,看到别人也在毕业倒计时里看秋叶堆满放学的小路,22,deleted,,0,模板变体、超长表达或配额外的同概念近似项
8635,看到别人也在毕业倒计时里发现最后一句聊天停在毕业快乐,26,deleted,,0,模板变体、超长表达或配额外的同概念近似项
8636,看到别人也在暑气未散的放学路上从同桌变成互相喜欢的人,26,deleted,,0,模板变体、超长表达或配额外的同概念近似项
8637,看到别人也在毕业倒计时里看见运动服背后的班级号码,24,deleted,,0,模板变体、超长表达或配额外的同概念近似项
8638,看到别人也在毕业倒计时里把借书卡藏进喜欢的书里,23,deleted,,0,模板变体、超长表达或配额外的同概念近似项
8639,看到别人也在毕业倒计时里在体育馆门口等训练结束,23,deleted,,0,模板变体、超长表达或配额外的同概念近似项
8640,看到别人也在毕业倒计时里假装随口询问周末安排,22,deleted,,0,模板变体、超长表达或配额外的同概念近似项
8641,看到别人也在毕业倒计时里在初雪那天想和她一起走,23,deleted,,0,模板变体、超长表达或配额外的同概念近似项
8642,看到别人也在毕业倒计时里因为去往不同城市慢慢失联,24,deleted,,0,模板变体、超长表达或配额外的同概念近似项
8643,看到别人也在暑气未散的放学路上在班级起哄中偷偷脸红,25,deleted,,0,模板变体、超长表达或配额外的同概念近似项
8644,看到别人也在毕业倒计时里注意到对方紧张时攥住衣角,24,deleted,,0,模板变体、超长表达或配额外的同概念近似项
8645,看到别人也在毕业倒计时里用值日表制造一起留下的机会,25,deleted,,0,模板变体、超长表达或配额外的同概念近似项
8646,看到别人也在毕业倒计时里沿林荫道推着自行车同行,23,deleted,,0,模板变体、超长表达或配额外的同概念近似项
8647,看到别人也在毕业倒计时里把好笑的事情第一个告诉她,24,deleted,,0,模板变体、超长表达或配额外的同概念近似项
8648,看到别人也在毕业倒计时里记住六月毕业季的闷热,22,deleted,,0,模板变体、超长表达或配额外的同概念近似项
8649,看到别人也在毕业倒计时里多年后翻到泛黄的毕业照,23,deleted,,0,模板变体、超长表达或配额外的同概念近似项
8650,看到别人也在暑气未散的放学路上交换只有两个人懂的暗号,26,deleted,,0,模板变体、超长表达或配额外的同概念近似项
8651,看到别人也在毕业倒计时里记住少年骑车时鼓起的衣摆,24,deleted,,0,模板变体、超长表达或配额外的同概念近似项
8652,看到别人也在毕业倒计时里在课程表上圈出共同的空课,24,deleted,,0,模板变体、超长表达或配额外的同概念近似项
8653,看到别人也在毕业倒计时里在校门口犹豫要不要告别,23,deleted,,0,模板变体、超长表达或配额外的同概念近似项
8654,看到别人也在毕业倒计时里聊天时等对方收拾完书包,23,deleted,,0,模板变体、超长表达或配额外的同概念近似项
8655,看到别人也在毕业倒计时里在傍晚风里听见校服摩擦声,24,deleted,,0,模板变体、超长表达或配额外的同概念近似项
8656,看到别人也在毕业倒计时里重回母校时寻找当年的座位,24,deleted,,0,模板变体、超长表达或配额外的同概念近似项
8657,看到别人也在暑气未散的放学路上第一次用恋人的身份说晚安,27,deleted,,0,模板变体、超长表达或配额外的同概念近似项
8658,看到别人也在毕业倒计时里发现镜片后躲闪的目光,22,deleted,,0,模板变体、超长表达或配额外的同概念近似项
8659,看到别人也在毕业倒计时里用广播点歌传递含蓄心意,23,deleted,,0,模板变体、超长表达或配额外的同概念近似项
8660,看到别人也在毕业倒计时里在公交站陪对方等车,21,deleted,,0,模板变体、超长表达或配额外的同概念近似项
8661,看到别人也在毕业倒计时里看见她睡着后压低说话声音,24,deleted,,0,模板变体、超长表达或配额外的同概念近似项
8662,看到别人也在毕业倒计时里尝到小卖部冰汽水的甜味,23,deleted,,0,模板变体、超长表达或配额外的同概念近似项
8663,看到别人也在毕业倒计时里听见校歌突然想起喜欢的人,24,deleted,,0,模板变体、超长表达或配额外的同概念近似项
8664,看到别人也在暑气未散的放学路上约定毕业以后也继续联系,26,deleted,,0,模板变体、超长表达或配额外的同概念近似项
8665,看到别人也在毕业倒计时里在人群中认出那双熟悉的球鞋,25,deleted,,0,模板变体、超长表达或配额外的同概念近似项
8666,看到别人也在毕业倒计时里约定用窗台上的水杯当暗号,24,deleted,,0,模板变体、超长表达或配额外的同概念近似项
8667,看到别人也在毕业倒计时里绕远路走过两个人常走的小巷,25,deleted,,0,模板变体、超长表达或配额外的同概念近似项
8668,看到别人也在毕业倒计时里把最后一颗糖留给喜欢的人,24,deleted,,0,模板变体、超长表达或配额外的同概念近似项
8669,看到别人也在毕业倒计时里记住她经过时淡淡的洗衣粉香,25,deleted,,0,模板变体、超长表达或配额外的同概念近似项
8670,看到别人也在毕业倒计时里意识到那次挥手已经是最后一面,26,deleted,,0,模板变体、超长表达或配额外的同概念近似项
8671,看到别人也在毕业倒计时里和喜欢的人隔着课桌对视,23,deleted,,0,模板变体、超长表达或配额外的同概念近似项
8672,遗憾校园时光里没有过早读晨光里风吹起她额前的刘海的画面,27,compressed,风吹起她额前的刘海,9,移除时间、地点、人物或关系模板，归并到核心概念
8673,遗憾校园时光里没有过早读晨光里递来一张折好的小纸条的画面,28,compressed,递来一张折好的小纸条,10,移除时间、地点、人物或关系模板，归并到核心概念
8674,遗憾校园时光里没有过早读晨光里在靠窗的座位等她出现的画面,28,compressed,在靠窗的座位等她出现,10,移除时间、地点、人物或关系模板，归并到核心概念
8675,遗憾校园时光里没有过早读晨光里把课堂笔记借给喜欢的人的画面,29,compressed,把课堂笔记借给喜欢的人,11,移除时间、地点、人物或关系模板，归并到核心概念
8676,遗憾校园时光里没有过早读晨光里听见窗外一阵很长的蝉鸣的画面,29,compressed,听见窗外一阵很长的蝉鸣,11,移除时间、地点、人物或关系模板，归并到核心概念
8677,遗憾校园时光里没有过早读晨光里在毕业册上写下一句祝福的画面,29,compressed,在毕业册上写下一句祝福,11,移除时间、地点、人物或关系模板，归并到核心概念
8678,看到别人也在毕业倒计时里发现同桌悄悄看向自己,22,deleted,,0,模板变体、超长表达或配额外的同概念近似项
8679,遗憾校园时光里没有过早读晨光里看见她把刘海别到耳后的画面,28,compressed,看见她把刘海别到耳后,10,移除时间、地点、人物或关系模板，归并到核心概念
8680,遗憾校园时光里没有过早读晨光里在纸条背面写下回复的画面,27,compressed,在纸条背面写下回复,9,移除时间、地点、人物或关系模板，归并到核心概念
8681,遗憾校园时光里没有过早读晨光里经过对方班级的教室门口的画面,29,compressed,经过对方班级的教室门口,11,移除时间、地点、人物或关系模板，归并到核心概念
8682,遗憾校园时光里没有过早读晨光里耐心讲一道做错的题的画面,27,compressed,耐心讲一道做错的题,9,移除时间、地点、人物或关系模板，归并到核心概念
8683,遗憾校园时光里没有过早读晨光里听见下课铃盖过没说完的话的画面,30,compressed,听见下课铃盖过没说完的话,12,移除时间、地点、人物或关系模板，归并到核心概念
8684,遗憾校园时光里没有过早读晨光里把同学录最后一页留给她的画面,29,compressed,把同学录最后一页留给她,11,移除时间、地点、人物或关系模板，归并到核心概念
8685,看到别人也在毕业倒计时里把喜欢藏在课堂笔记里,22,deleted,,0,模板变体、超长表达或配额外的同概念近似项
8686,遗憾校园时光里没有过早读晨光里注意到阳光落在她的发梢的画面,29,compressed,注意到阳光落在她的发梢,11,移除时间、地点、人物或关系模板，归并到核心概念
8687,遗憾校园时光里没有过早读晨光里把没送出的情书夹进书里的画面,29,compressed,把没送出的情书夹进书里,11,移除时间、地点、人物或关系模板，归并到核心概念
8688,遗憾校园时光里没有过早读晨光里在空教室里多停留一会儿的画面,29,compressed,在空教室里多停留一会儿,11,移除时间、地点、人物或关系模板，归并到核心概念
8689,遗憾校园时光里没有过早读晨光里一起背诵第二天要抽查的课文的画面,31,deleted,,0,模板变体、超长表达或配额外的同概念近似项
8690,遗憾校园时光里没有过早读晨光里记住篮球落地的回声的画面,27,compressed,记住篮球落地的回声,9,移除时间、地点、人物或关系模板，归并到核心概念
8691,遗憾校园时光里没有过早读晨光里在毕业照里悄悄站得更近的画面,29,compressed,在毕业照里悄悄站得更近,11,移除时间、地点、人物或关系模板，归并到核心概念
8692,看到别人也在毕业倒计时里借讲题的机会坐得更近,22,deleted,,0,模板变体、超长表达或配额外的同概念近似项
8693,遗憾校园时光里没有过早读晨光里记住她低头笑时的酒窝的画面,28,compressed,记住她低头笑时的酒窝,10,移除时间、地点、人物或关系模板，归并到核心概念
8694,遗憾校园时光里没有过早读晨光里收到一封没有署名的情书的画面,29,compressed,收到一封没有署名的情书,11,移除时间、地点、人物或关系模板，归并到核心概念
8695,遗憾校园时光里没有过早读晨光里从教学楼走廊远远看见她的画面,29,compressed,从教学楼走廊远远看见她,11,移除时间、地点、人物或关系模板，归并到核心概念
8696,遗憾校园时光里没有过早读晨光里互相检查听写答案的画面,26,compressed,互相检查听写答案,8,移除时间、地点、人物或关系模板，归并到核心概念
8697,遗憾校园时光里没有过早读晨光里听见广播里放过的那首歌的画面,29,compressed,听见广播里放过的那首歌,11,移除时间、地点、人物或关系模板，归并到核心概念
8698,遗憾校园时光里没有过早读晨光里在校服背面签下名字的画面,27,compressed,在校服背面签下名字,9,移除时间、地点、人物或关系模板，归并到核心概念
8699,看到别人也在毕业倒计时里在走廊等喜欢的人经过,22,deleted,,0,模板变体、超长表达或配额外的同概念近似项
8700,遗憾校园时光里没有过早读晨光里发现她见面前认真扎好头发的画面,30,compressed,发现她见面前认真扎好头发,12,移除时间、地点、人物或关系模板，归并到核心概念
8701,遗憾校园时光里没有过早读晨光里在便利贴上画一颗小心心的画面,29,compressed,在便利贴上画一颗小心心,11,移除时间、地点、人物或关系模板，归并到核心概念
8702,遗憾校园时光里没有过早读晨光里在楼梯转角意外遇见喜欢的人的画面,31,deleted,,0,模板变体、超长表达或配额外的同概念近似项
8703,遗憾校园时光里没有过早读晨光里替对方保管暂时没收的手机的画面,30,compressed,替对方保管暂时没收的手机,12,移除时间、地点、人物或关系模板，归并到核心概念
8704,遗憾校园时光里没有过早读晨光里看见晨光落在她的课桌上的画面,29,compressed,看见晨光落在她的课桌上,11,移除时间、地点、人物或关系模板，归并到核心概念
8705,遗憾校园时光里没有过早读晨光里把没送出的情书带回家的画面,28,compressed,把没送出的情书带回家,10,移除时间、地点、人物或关系模板，归并到核心概念
8706,看到别人也在毕业倒计时里课间绕路去隔壁班门口,22,deleted,,0,模板变体、超长表达或配额外的同概念近似项
8707,遗憾校园时光里没有过早读晨光里看见她穿着宽大的校服外套的画面,30,compressed,看见她穿着宽大的校服外套,12,移除时间、地点、人物或关系模板，归并到核心概念
8708,遗憾校园时光里没有过早读晨光里把名字写在同一张草稿纸上的画面,30,compressed,把名字写在同一张草稿纸上,12,移除时间、地点、人物或关系模板，归并到核心概念
8709,遗憾校园时光里没有过早读晨光里绕路经过她常去的饮水机的画面,29,compressed,绕路经过她常去的饮水机,11,移除时间、地点、人物或关系模板，归并到核心概念
8710,遗憾校园时光里没有过早读晨光里给趴在桌上的人留一盒牛奶的画面,30,compressed,给趴在桌上的人留一盒牛奶,12,移除时间、地点、人物或关系模板，归并到核心概念
8711,遗憾校园时光里没有过早读晨光里看见晚霞穿过教学楼窗户的画面,29,compressed,看见晚霞穿过教学楼窗户,11,移除时间、地点、人物或关系模板，归并到核心概念
8712,遗憾校园时光里没有过早读晨光里错过毕业前最后一次告白的画面,29,compressed,错过毕业前最后一次告白,11,移除时间、地点、人物或关系模板，归并到核心概念
8713,看到别人也在毕业倒计时里替心动对象去小卖部带饮料,24,deleted,,0,模板变体、超长表达或配额外的同概念近似项
8714,遗憾校园时光里没有过早读晨光里认出人群里熟悉的校服衣角的画面,30,compressed,认出人群里熟悉的校服衣角,12,移除时间、地点、人物或关系模板，归并到核心概念
8715,遗憾校园时光里没有过早读晨光里交换一根代表好感的小皮筋的画面,30,compressed,交换一根代表好感的小皮筋,12,移除时间、地点、人物或关系模板，归并到核心概念
8716,遗憾校园时光里没有过早读晨光里在图书馆同一排书架重逢的画面,29,compressed,在图书馆同一排书架重逢,11,移除时间、地点、人物或关系模板，归并到核心概念
8717,遗憾校园时光里没有过早读晨光里提醒喜欢的人带伞的画面,26,compressed,提醒喜欢的人带伞,8,移除时间、地点、人物或关系模板，归并到核心概念
8718,遗憾校园时光里没有过早读晨光里记住树影在校服上轻轻晃动的画面,30,compressed,记住树影在校服上轻轻晃动,12,移除时间、地点、人物或关系模板，归并到核心概念
8719,遗憾校园时光里没有过早读晨光里把喜欢藏进高考结束的夏天的画面,30,compressed,把喜欢藏进高考结束的夏天,12,移除时间、地点、人物或关系模板，归并到核心概念
8720,看到别人也在毕业倒计时里在人群中寻找熟悉的校服背影,25,deleted,,0,模板变体、超长表达或配额外的同概念近似项
8721,遗憾校园时光里没有过早读晨光里替对方整理歪掉的校服领口的画面,30,compressed,替对方整理歪掉的校服领口,12,移除时间、地点、人物或关系模板，归并到核心概念
8722,遗憾校园时光里没有过早读晨光里把校服第二颗纽扣留作纪念的画面,30,compressed,把校服第二颗纽扣留作纪念,12,移除时间、地点、人物或关系模板，归并到核心概念
8723,遗憾校园时光里没有过早读晨光里在自习室替对方留一个座位的画面,30,compressed,在自习室替对方留一个座位,12,移除时间、地点、人物或关系模板，归并到核心概念
8724,遗憾校园时光里没有过早读晨光里把自己的外套借给对方的画面,28,compressed,把自己的外套借给对方,10,移除时间、地点、人物或关系模板，归并到核心概念
8725,遗憾校园时光里没有过早读晨光里看见雨水沿着教室玻璃滑下的画面,30,compressed,看见雨水沿着教室玻璃滑下,12,移除时间、地点、人物或关系模板，归并到核心概念
8726,遗憾校园时光里没有过早读晨光里约定收到录取通知后再见的画面,29,compressed,约定收到录取通知后再见,11,移除时间、地点、人物或关系模板，归并到核心概念
8727,看到别人也在毕业倒计时里放学后并肩走出校门,21,deleted,,0,模板变体、超长表达或配额外的同概念近似项
8728,遗憾校园时光里没有过早读晨光里注意到校服袖口写着名字的画面,29,compressed,注意到校服袖口写着名字,11,移除时间、地点、人物或关系模板，归并到核心概念
8729,遗憾校园时光里没有过早读晨光里送出成对的钥匙扣的画面,26,compressed,送出成对的钥匙扣,8,移除时间、地点、人物或关系模板，归并到核心概念
8730,遗憾校园时光里没有过早读晨光里在小卖部门口假装偶遇的画面,28,compressed,在小卖部门口假装偶遇,10,移除时间、地点、人物或关系模板，归并到核心概念
8731,遗憾校园时光里没有过早读晨光里记住她不吃的食堂菜的画面,27,compressed,记住她不吃的食堂菜,9,移除时间、地点、人物或关系模板，归并到核心概念
8732,遗憾校园时光里没有过早读晨光里闻到新课本混着油墨的气味的画面,30,compressed,闻到新课本混着油墨的气味,12,移除时间、地点、人物或关系模板，归并到核心概念
8733,遗憾校园时光里没有过早读晨光里在散伙饭上忍住没说的话的画面,29,compressed,在散伙饭上忍住没说的话,11,移除时间、地点、人物或关系模板，归并到核心概念
8734,看到别人也在毕业倒计时里推着自行车陪对方慢慢走,23,deleted,,0,模板变体、超长表达或配额外的同概念近似项
8735,遗憾校园时光里没有过早读晨光里看见白衬衫被晚霞染成金色的画面,30,compressed,看见白衬衫被晚霞染成金色,12,移除时间、地点、人物或关系模板，归并到核心概念
8736,遗憾校园时光里没有过早读晨光里互换写着祝福的书签的画面,27,compressed,互换写着祝福的书签,9,移除时间、地点、人物或关系模板，归并到核心概念
8737,遗憾校园时光里没有过早读晨光里在食堂排队时站到她身后的画面,29,compressed,在食堂排队时站到她身后,11,移除时间、地点、人物或关系模板，归并到核心概念
8738,遗憾校园时光里没有过早读晨光里替迟到的人悄悄留门的画面,27,compressed,替迟到的人悄悄留门,9,移除时间、地点、人物或关系模板，归并到核心概念
8739,遗憾校园时光里没有过早读晨光里记住雨后塑胶跑道的气味的画面,29,compressed,记住雨后塑胶跑道的气味,11,移除时间、地点、人物或关系模板，归并到核心概念
8740,遗憾校园时光里没有过早读晨光里听完最后一次校园广播的画面,28,compressed,听完最后一次校园广播,10,移除时间、地点、人物或关系模板，归并到核心概念
8741,看到别人也在毕业倒计时里一起等最后一班公交车,22,deleted,,0,模板变体、超长表达或配额外的同概念近似项
8742,遗憾校园时光里没有过早读晨光里发现手腕上多了一根小皮筋的画面,30,compressed,发现手腕上多了一根小皮筋,12,移除时间、地点、人物或关系模板，归并到核心概念
8743,遗憾校园时光里没有过早读晨光里借出一支舍不得收回的笔的画面,29,compressed,借出一支舍不得收回的笔,11,移除时间、地点、人物或关系模板，归并到核心概念
8744,遗憾校园时光里没有过早读晨光里在校园广播站等一首点歌的画面,29,compressed,在校园广播站等一首点歌,11,移除时间、地点、人物或关系模板，归并到核心概念
8745,遗憾校园时光里没有过早读晨光里在值日时一起擦黑板的画面,27,compressed,在值日时一起擦黑板,9,移除时间、地点、人物或关系模板，归并到核心概念
8746,遗憾校园时光里没有过早读晨光里感到共用雨伞时靠近的温度的画面,30,compressed,感到共用雨伞时靠近的温度,12,移除时间、地点、人物或关系模板，归并到核心概念
8747,遗憾校园时光里没有过早读晨光里收拾课桌时找到旧纸条的画面,28,compressed,收拾课桌时找到旧纸条,10,移除时间、地点、人物或关系模板，归并到核心概念
8748,看到别人也在毕业倒计时里约好第二天在校门口见,22,deleted,,0,模板变体、超长表达或配额外的同概念近似项
8749,遗憾校园时光里没有过早读晨光里把对方送的小皮筋戴在手腕的画面,30,compressed,把对方送的小皮筋戴在手腕,12,移除时间、地点、人物或关系模板，归并到核心概念
8750,遗憾校园时光里没有过早读晨光里在橡皮上刻下对方的缩写的画面,29,compressed,在橡皮上刻下对方的缩写,11,移除时间、地点、人物或关系模板，归并到核心概念
8751,遗憾校园时光里没有过早读晨光里在礼堂散场后寻找对方的画面,28,compressed,在礼堂散场后寻找对方,10,移除时间、地点、人物或关系模板，归并到核心概念
8752,遗憾校园时光里没有过早读晨光里一起搬运动会用的桌椅的画面,28,compressed,一起搬运动会用的桌椅,10,移除时间、地点、人物或关系模板，归并到核心概念
8753,遗憾校园时光里没有过早读晨光里记住冬天热水杯传来的暖意的画面,30,compressed,记住冬天热水杯传来的暖意,12,移除时间、地点、人物或关系模板，归并到核心概念
8754,遗憾校园时光里没有过早读晨光里离校前再走一遍熟悉的操场的画面,30,compressed,离校前再走一遍熟悉的操场,12,移除时间、地点、人物或关系模板，归并到核心概念
8755,看到别人也在毕业倒计时里在操场看台说出喜欢,21,deleted,,0,模板变体、超长表达或配额外的同概念近似项
8756,遗憾校园时光里没有过早读晨光里认出书包上新挂的钥匙扣的画面,29,compressed,认出书包上新挂的钥匙扣,11,移除时间、地点、人物或关系模板，归并到核心概念
8757,遗憾校园时光里没有过早读晨光里把复习资料装订得整整齐齐的画面,30,compressed,把复习资料装订得整整齐齐,12,移除时间、地点、人物或关系模板，归并到核心概念
8758,遗憾校园时光里没有过早读晨光里沿着操场跑道陪她慢慢走的画面,29,compressed,沿着操场跑道陪她慢慢走,11,移除时间、地点、人物或关系模板，归并到核心概念
8759,遗憾校园时光里没有过早读晨光里在社团排练后帮忙收器材的画面,29,compressed,在社团排练后帮忙收器材,11,移除时间、地点、人物或关系模板，归并到核心概念
8760,遗憾校园时光里没有过早读晨光里等春天樱花落在她肩上的画面,28,compressed,等春天樱花落在她肩上,10,移除时间、地点、人物或关系模板，归并到核心概念
8761,遗憾校园时光里没有过早读晨光里在校门口说出以后常联系的画面,29,compressed,在校门口说出以后常联系,11,移除时间、地点、人物或关系模板，归并到核心概念
8762,看到别人也在毕业倒计时里把暗恋告诉最信任的同学,23,deleted,,0,模板变体、超长表达或配额外的同概念近似项
8763,遗憾校园时光里没有过早读晨光里留意她每天更换的发卡的画面,28,compressed,留意她每天更换的发卡,10,移除时间、地点、人物或关系模板，归并到核心概念
8764,遗憾校园时光里没有过早读晨光里在错题本角落留下鼓励的画面,28,compressed,在错题本角落留下鼓励,10,移除时间、地点、人物或关系模板，归并到核心概念
8765,遗憾校园时光里没有过早读晨光里在篮球场边递上一瓶水的画面,28,compressed,在篮球场边递上一瓶水,10,移除时间、地点、人物或关系模板，归并到核心概念
8766,遗憾校园时光里没有过早读晨光里为对方的比赛偷偷加油的画面,28,compressed,为对方的比赛偷偷加油,10,移除时间、地点、人物或关系模板，归并到核心概念
8767,遗憾校园时光里没有过早读晨光里在盛夏风扇声里偷偷心动的画面,29,compressed,在盛夏风扇声里偷偷心动,11,移除时间、地点、人物或关系模板，归并到核心概念
8768,遗憾校园时光里没有过早读晨光里目送对方坐上不同方向的车的画面,30,compressed,目送对方坐上不同方向的车,12,移除时间、地点、人物或关系模板，归并到核心概念
8769,看到别人也在毕业倒计时里收到对方认真回应的好感,23,deleted,,0,模板变体、超长表达或配额外的同概念近似项
8770,遗憾校园时光里没有过早读晨光里记住帆布鞋踩过积水的声音的画面,30,deleted,,0,模板变体、超长表达或配额外的同概念近似项
8771,遗憾校园时光里没有过早读晨光里用同一本练习册对答案的画面,28,deleted,,0,模板变体、超长表达或配额外的同概念近似项
8772,遗憾校园时光里没有过早读晨光里在看台最高一排并肩坐着的画面,29,compressed,在看台最高一排并肩坐着,11,移除时间、地点、人物或关系模板，归并到核心概念
8773,遗憾校园时光里没有过早读晨光里在班级合唱时站到她旁边的画面,29,compressed,在班级合唱时站到她旁边,11,移除时间、地点、人物或关系模板，归并到核心概念
8774,遗憾校园时光里没有过早读晨光里看秋叶堆满放学的小路的画面,28,deleted,,0,模板变体、超长表达或配额外的同概念近似项
8775,遗憾校园时光里没有过早读晨光里发现最后一句聊天停在毕业快乐的画面,32,deleted,,0,模板变体、超长表达或配额外的同概念近似项
8776,看到别人也在毕业倒计时里从同桌变成互相喜欢的人,23,deleted,,0,模板变体、超长表达或配额外的同概念近似项
8777,遗憾校园时光里没有过早读晨光里看见运动服背后的班级号码的画面,30,deleted,,0,模板变体、超长表达或配额外的同概念近似项
8778,遗憾校园时光里没有过早读晨光里把借书卡藏进喜欢的书里的画面,29,deleted,,0,模板变体、超长表达或配额外的同概念近似项
8779,遗憾校园时光里没有过早读晨光里在体育馆门口等训练结束的画面,29,deleted,,0,模板变体、超长表达或配额外的同概念近似项
8780,遗憾校园时光里没有过早读晨光里假装随口询问周末安排的画面,28,deleted,,0,模板变体、超长表达或配额外的同概念近似项
8781,遗憾校园时光里没有过早读晨光里在初雪那天想和她一起走的画面,29,deleted,,0,模板变体、超长表达或配额外的同概念近似项
8782,遗憾校园时光里没有过早读晨光里因为去往不同城市慢慢失联的画面,30,deleted,,0,模板变体、超长表达或配额外的同概念近似项
8783,看到别人也在毕业倒计时里在班级起哄中偷偷脸红,22,deleted,,0,模板变体、超长表达或配额外的同概念近似项
8784,遗憾校园时光里没有过早读晨光里注意到对方紧张时攥住衣角的画面,30,deleted,,0,模板变体、超长表达或配额外的同概念近似项
8785,遗憾校园时光里没有过早读晨光里用值日表制造一起留下的机会的画面,31,deleted,,0,模板变体、超长表达或配额外的同概念近似项
8786,遗憾校园时光里没有过早读晨光里沿林荫道推着自行车同行的画面,29,deleted,,0,模板变体、超长表达或配额外的同概念近似项
8787,遗憾校园时光里没有过早读晨光里把好笑的事情第一个告诉她的画面,30,deleted,,0,模板变体、超长表达或配额外的同概念近似项
8788,遗憾校园时光里没有过早读晨光里记住六月毕业季的闷热的画面,28,deleted,,0,模板变体、超长表达或配额外的同概念近似项
8789,遗憾校园时光里没有过早读晨光里多年后翻到泛黄的毕业照的画面,29,deleted,,0,模板变体、超长表达或配额外的同概念近似项
8790,看到别人也在毕业倒计时里交换只有两个人懂的暗号,23,deleted,,0,模板变体、超长表达或配额外的同概念近似项
8791,遗憾校园时光里没有过早读晨光里记住少年骑车时鼓起的衣摆的画面,30,deleted,,0,模板变体、超长表达或配额外的同概念近似项
8792,遗憾校园时光里没有过早读晨光里在课程表上圈出共同的空课的画面,30,deleted,,0,模板变体、超长表达或配额外的同概念近似项
8793,遗憾校园时光里没有过早读晨光里在校门口犹豫要不要告别的画面,29,deleted,,0,模板变体、超长表达或配额外的同概念近似项
8794,遗憾校园时光里没有过早读晨光里聊天时等对方收拾完书包的画面,29,deleted,,0,模板变体、超长表达或配额外的同概念近似项
8795,遗憾校园时光里没有过早读晨光里在傍晚风里听见校服摩擦声的画面,30,deleted,,0,模板变体、超长表达或配额外的同概念近似项
8796,遗憾校园时光里没有过早读晨光里重回母校时寻找当年的座位的画面,30,deleted,,0,模板变体、超长表达或配额外的同概念近似项
8797,看到别人也在毕业倒计时里第一次用恋人的身份说晚安,24,deleted,,0,模板变体、超长表达或配额外的同概念近似项
8798,遗憾校园时光里没有过早读晨光里发现镜片后躲闪的目光的画面,28,deleted,,0,模板变体、超长表达或配额外的同概念近似项
8799,遗憾校园时光里没有过早读晨光里用广播点歌传递含蓄心意的画面,29,deleted,,0,模板变体、超长表达或配额外的同概念近似项
8800,遗憾校园时光里没有过早读晨光里在公交站陪对方等车的画面,27,deleted,,0,模板变体、超长表达或配额外的同概念近似项
8801,遗憾校园时光里没有过早读晨光里看见她睡着后压低说话声音的画面,30,deleted,,0,模板变体、超长表达或配额外的同概念近似项
8802,遗憾校园时光里没有过早读晨光里尝到小卖部冰汽水的甜味的画面,29,deleted,,0,模板变体、超长表达或配额外的同概念近似项
8803,遗憾校园时光里没有过早读晨光里听见校歌突然想起喜欢的人的画面,30,deleted,,0,模板变体、超长表达或配额外的同概念近似项
8804,看到别人也在毕业倒计时里约定毕业以后也继续联系,23,deleted,,0,模板变体、超长表达或配额外的同概念近似项
8805,遗憾校园时光里没有过早读晨光里在人群中认出那双熟悉的球鞋的画面,31,deleted,,0,模板变体、超长表达或配额外的同概念近似项
8806,遗憾校园时光里没有过早读晨光里约定用窗台上的水杯当暗号的画面,30,deleted,,0,模板变体、超长表达或配额外的同概念近似项
8807,遗憾校园时光里没有过早读晨光里绕远路走过两个人常走的小巷的画面,31,deleted,,0,模板变体、超长表达或配额外的同概念近似项
8808,遗憾校园时光里没有过早读晨光里把最后一颗糖留给喜欢的人的画面,30,deleted,,0,模板变体、超长表达或配额外的同概念近似项
8809,遗憾校园时光里没有过早读晨光里记住她经过时淡淡的洗衣粉香的画面,31,deleted,,0,模板变体、超长表达或配额外的同概念近似项
8810,遗憾校园时光里没有过早读晨光里意识到那次挥手已经是最后一面的画面,32,deleted,,0,模板变体、超长表达或配额外的同概念近似项
8811,遗憾校园时光里没有过早读晨光里和喜欢的人隔着课桌对视的画面,29,deleted,,0,模板变体、超长表达或配额外的同概念近似项
8812,遗憾校园时光里没有过课间走廊上风吹起她额前的刘海的画面,27,compressed,风吹起她额前的刘海,9,移除时间、地点、人物或关系模板，归并到核心概念
8813,遗憾校园时光里没有过课间走廊上递来一张折好的小纸条的画面,28,compressed,递来一张折好的小纸条,10,移除时间、地点、人物或关系模板，归并到核心概念
8814,遗憾校园时光里没有过课间走廊上在靠窗的座位等她出现的画面,28,compressed,在靠窗的座位等她出现,10,移除时间、地点、人物或关系模板，归并到核心概念
8815,遗憾校园时光里没有过课间走廊上把课堂笔记借给喜欢的人的画面,29,compressed,把课堂笔记借给喜欢的人,11,移除时间、地点、人物或关系模板，归并到核心概念
8816,遗憾校园时光里没有过课间走廊上听见窗外一阵很长的蝉鸣的画面,29,compressed,听见窗外一阵很长的蝉鸣,11,移除时间、地点、人物或关系模板，归并到核心概念
8817,遗憾校园时光里没有过课间走廊上在毕业册上写下一句祝福的画面,29,compressed,在毕业册上写下一句祝福,11,移除时间、地点、人物或关系模板，归并到核心概念
8818,遗憾校园时光里没有过早读晨光里发现同桌悄悄看向自己的画面,28,deleted,,0,模板变体、超长表达或配额外的同概念近似项
8819,遗憾校园时光里没有过课间走廊上看见她把刘海别到耳后的画面,28,compressed,看见她把刘海别到耳后,10,移除时间、地点、人物或关系模板，归并到核心概念
8820,遗憾校园时光里没有过课间走廊上在纸条背面写下回复的画面,27,compressed,在纸条背面写下回复,9,移除时间、地点、人物或关系模板，归并到核心概念
8821,遗憾校园时光里没有过课间走廊上经过对方班级的教室门口的画面,29,compressed,经过对方班级的教室门口,11,移除时间、地点、人物或关系模板，归并到核心概念
8822,遗憾校园时光里没有过课间走廊上耐心讲一道做错的题的画面,27,compressed,耐心讲一道做错的题,9,移除时间、地点、人物或关系模板，归并到核心概念
8823,遗憾校园时光里没有过课间走廊上听见下课铃盖过没说完的话的画面,30,compressed,听见下课铃盖过没说完的话,12,移除时间、地点、人物或关系模板，归并到核心概念
8824,遗憾校园时光里没有过课间走廊上把同学录最后一页留给她的画面,29,compressed,把同学录最后一页留给她,11,移除时间、地点、人物或关系模板，归并到核心概念
8825,遗憾校园时光里没有过早读晨光里把喜欢藏在课堂笔记里的画面,28,deleted,,0,模板变体、超长表达或配额外的同概念近似项
8826,遗憾校园时光里没有过课间走廊上注意到阳光落在她的发梢的画面,29,compressed,注意到阳光落在她的发梢,11,移除时间、地点、人物或关系模板，归并到核心概念
8827,遗憾校园时光里没有过课间走廊上把没送出的情书夹进书里的画面,29,compressed,把没送出的情书夹进书里,11,移除时间、地点、人物或关系模板，归并到核心概念
8828,遗憾校园时光里没有过课间走廊上在空教室里多停留一会儿的画面,29,compressed,在空教室里多停留一会儿,11,移除时间、地点、人物或关系模板，归并到核心概念
8829,遗憾校园时光里没有过课间走廊上一起背诵第二天要抽查的课文的画面,31,deleted,,0,模板变体、超长表达或配额外的同概念近似项
8830,遗憾校园时光里没有过课间走廊上记住篮球落地的回声的画面,27,compressed,记住篮球落地的回声,9,移除时间、地点、人物或关系模板，归并到核心概念
8831,遗憾校园时光里没有过课间走廊上在毕业照里悄悄站得更近的画面,29,compressed,在毕业照里悄悄站得更近,11,移除时间、地点、人物或关系模板，归并到核心概念
8832,遗憾校园时光里没有过早读晨光里借讲题的机会坐得更近的画面,28,deleted,,0,模板变体、超长表达或配额外的同概念近似项
8833,遗憾校园时光里没有过课间走廊上记住她低头笑时的酒窝的画面,28,compressed,记住她低头笑时的酒窝,10,移除时间、地点、人物或关系模板，归并到核心概念
8834,遗憾校园时光里没有过课间走廊上收到一封没有署名的情书的画面,29,compressed,收到一封没有署名的情书,11,移除时间、地点、人物或关系模板，归并到核心概念
8835,遗憾校园时光里没有过课间走廊上从教学楼走廊远远看见她的画面,29,compressed,从教学楼走廊远远看见她,11,移除时间、地点、人物或关系模板，归并到核心概念
8836,遗憾校园时光里没有过课间走廊上互相检查听写答案的画面,26,compressed,互相检查听写答案,8,移除时间、地点、人物或关系模板，归并到核心概念
8837,遗憾校园时光里没有过课间走廊上听见广播里放过的那首歌的画面,29,compressed,听见广播里放过的那首歌,11,移除时间、地点、人物或关系模板，归并到核心概念
8838,遗憾校园时光里没有过课间走廊上在校服背面签下名字的画面,27,compressed,在校服背面签下名字,9,移除时间、地点、人物或关系模板，归并到核心概念
8839,遗憾校园时光里没有过早读晨光里在走廊等喜欢的人经过的画面,28,deleted,,0,模板变体、超长表达或配额外的同概念近似项
8840,遗憾校园时光里没有过课间走廊上发现她见面前认真扎好头发的画面,30,compressed,发现她见面前认真扎好头发,12,移除时间、地点、人物或关系模板，归并到核心概念
8841,遗憾校园时光里没有过课间走廊上在便利贴上画一颗小心心的画面,29,compressed,在便利贴上画一颗小心心,11,移除时间、地点、人物或关系模板，归并到核心概念
8842,遗憾校园时光里没有过课间走廊上在楼梯转角意外遇见喜欢的人的画面,31,deleted,,0,模板变体、超长表达或配额外的同概念近似项
8843,遗憾校园时光里没有过课间走廊上替对方保管暂时没收的手机的画面,30,compressed,替对方保管暂时没收的手机,12,移除时间、地点、人物或关系模板，归并到核心概念
8844,遗憾校园时光里没有过课间走廊上看见晨光落在她的课桌上的画面,29,compressed,看见晨光落在她的课桌上,11,移除时间、地点、人物或关系模板，归并到核心概念
8845,遗憾校园时光里没有过课间走廊上把没送出的情书带回家的画面,28,compressed,把没送出的情书带回家,10,移除时间、地点、人物或关系模板，归并到核心概念
8846,遗憾校园时光里没有过早读晨光里课间绕路去隔壁班门口的画面,28,deleted,,0,模板变体、超长表达或配额外的同概念近似项
8847,遗憾校园时光里没有过课间走廊上看见她穿着宽大的校服外套的画面,30,compressed,看见她穿着宽大的校服外套,12,移除时间、地点、人物或关系模板，归并到核心概念
8848,遗憾校园时光里没有过课间走廊上把名字写在同一张草稿纸上的画面,30,compressed,把名字写在同一张草稿纸上,12,移除时间、地点、人物或关系模板，归并到核心概念
8849,遗憾校园时光里没有过课间走廊上绕路经过她常去的饮水机的画面,29,compressed,绕路经过她常去的饮水机,11,移除时间、地点、人物或关系模板，归并到核心概念
8850,遗憾校园时光里没有过课间走廊上给趴在桌上的人留一盒牛奶的画面,30,compressed,给趴在桌上的人留一盒牛奶,12,移除时间、地点、人物或关系模板，归并到核心概念
8851,遗憾校园时光里没有过课间走廊上看见晚霞穿过教学楼窗户的画面,29,compressed,看见晚霞穿过教学楼窗户,11,移除时间、地点、人物或关系模板，归并到核心概念
8852,遗憾校园时光里没有过课间走廊上错过毕业前最后一次告白的画面,29,compressed,错过毕业前最后一次告白,11,移除时间、地点、人物或关系模板，归并到核心概念
8853,遗憾校园时光里没有过早读晨光里替心动对象去小卖部带饮料的画面,30,deleted,,0,模板变体、超长表达或配额外的同概念近似项
8854,遗憾校园时光里没有过课间走廊上认出人群里熟悉的校服衣角的画面,30,compressed,认出人群里熟悉的校服衣角,12,移除时间、地点、人物或关系模板，归并到核心概念
8855,遗憾校园时光里没有过课间走廊上交换一根代表好感的小皮筋的画面,30,compressed,交换一根代表好感的小皮筋,12,移除时间、地点、人物或关系模板，归并到核心概念
8856,遗憾校园时光里没有过课间走廊上在图书馆同一排书架重逢的画面,29,compressed,在图书馆同一排书架重逢,11,移除时间、地点、人物或关系模板，归并到核心概念
8857,遗憾校园时光里没有过课间走廊上提醒喜欢的人带伞的画面,26,compressed,提醒喜欢的人带伞,8,移除时间、地点、人物或关系模板，归并到核心概念
8858,遗憾校园时光里没有过课间走廊上记住树影在校服上轻轻晃动的画面,30,compressed,记住树影在校服上轻轻晃动,12,移除时间、地点、人物或关系模板，归并到核心概念
8859,遗憾校园时光里没有过课间走廊上把喜欢藏进高考结束的夏天的画面,30,compressed,把喜欢藏进高考结束的夏天,12,移除时间、地点、人物或关系模板，归并到核心概念
8860,遗憾校园时光里没有过早读晨光里在人群中寻找熟悉的校服背影的画面,31,deleted,,0,模板变体、超长表达或配额外的同概念近似项
8861,遗憾校园时光里没有过课间走廊上替对方整理歪掉的校服领口的画面,30,compressed,替对方整理歪掉的校服领口,12,移除时间、地点、人物或关系模板，归并到核心概念
8862,遗憾校园时光里没有过课间走廊上把校服第二颗纽扣留作纪念的画面,30,compressed,把校服第二颗纽扣留作纪念,12,移除时间、地点、人物或关系模板，归并到核心概念
8863,遗憾校园时光里没有过课间走廊上在自习室替对方留一个座位的画面,30,compressed,在自习室替对方留一个座位,12,移除时间、地点、人物或关系模板，归并到核心概念
8864,遗憾校园时光里没有过课间走廊上把自己的外套借给对方的画面,28,compressed,把自己的外套借给对方,10,移除时间、地点、人物或关系模板，归并到核心概念
8865,遗憾校园时光里没有过课间走廊上看见雨水沿着教室玻璃滑下的画面,30,compressed,看见雨水沿着教室玻璃滑下,12,移除时间、地点、人物或关系模板，归并到核心概念
8866,遗憾校园时光里没有过课间走廊上约定收到录取通知后再见的画面,29,compressed,约定收到录取通知后再见,11,移除时间、地点、人物或关系模板，归并到核心概念
8867,遗憾校园时光里没有过早读晨光里放学后并肩走出校门的画面,27,deleted,,0,模板变体、超长表达或配额外的同概念近似项
8868,遗憾校园时光里没有过课间走廊上注意到校服袖口写着名字的画面,29,compressed,注意到校服袖口写着名字,11,移除时间、地点、人物或关系模板，归并到核心概念
8869,遗憾校园时光里没有过课间走廊上送出成对的钥匙扣的画面,26,compressed,送出成对的钥匙扣,8,移除时间、地点、人物或关系模板，归并到核心概念
8870,遗憾校园时光里没有过课间走廊上在小卖部门口假装偶遇的画面,28,compressed,在小卖部门口假装偶遇,10,移除时间、地点、人物或关系模板，归并到核心概念
8871,遗憾校园时光里没有过课间走廊上记住她不吃的食堂菜的画面,27,compressed,记住她不吃的食堂菜,9,移除时间、地点、人物或关系模板，归并到核心概念
8872,遗憾校园时光里没有过课间走廊上闻到新课本混着油墨的气味的画面,30,compressed,闻到新课本混着油墨的气味,12,移除时间、地点、人物或关系模板，归并到核心概念
8873,遗憾校园时光里没有过课间走廊上在散伙饭上忍住没说的话的画面,29,compressed,在散伙饭上忍住没说的话,11,移除时间、地点、人物或关系模板，归并到核心概念
8874,遗憾校园时光里没有过早读晨光里推着自行车陪对方慢慢走的画面,29,deleted,,0,模板变体、超长表达或配额外的同概念近似项
8875,遗憾校园时光里没有过课间走廊上看见白衬衫被晚霞染成金色的画面,30,compressed,看见白衬衫被晚霞染成金色,12,移除时间、地点、人物或关系模板，归并到核心概念
8876,遗憾校园时光里没有过课间走廊上互换写着祝福的书签的画面,27,compressed,互换写着祝福的书签,9,移除时间、地点、人物或关系模板，归并到核心概念
8877,遗憾校园时光里没有过课间走廊上在食堂排队时站到她身后的画面,29,compressed,在食堂排队时站到她身后,11,移除时间、地点、人物或关系模板，归并到核心概念
8878,遗憾校园时光里没有过课间走廊上替迟到的人悄悄留门的画面,27,compressed,替迟到的人悄悄留门,9,移除时间、地点、人物或关系模板，归并到核心概念
8879,遗憾校园时光里没有过课间走廊上记住雨后塑胶跑道的气味的画面,29,compressed,记住雨后塑胶跑道的气味,11,移除时间、地点、人物或关系模板，归并到核心概念
8880,遗憾校园时光里没有过课间走廊上听完最后一次校园广播的画面,28,compressed,听完最后一次校园广播,10,移除时间、地点、人物或关系模板，归并到核心概念
8881,遗憾校园时光里没有过早读晨光里一起等最后一班公交车的画面,28,deleted,,0,模板变体、超长表达或配额外的同概念近似项
8882,遗憾校园时光里没有过课间走廊上发现手腕上多了一根小皮筋的画面,30,compressed,发现手腕上多了一根小皮筋,12,移除时间、地点、人物或关系模板，归并到核心概念
8883,遗憾校园时光里没有过课间走廊上借出一支舍不得收回的笔的画面,29,compressed,借出一支舍不得收回的笔,11,移除时间、地点、人物或关系模板，归并到核心概念
8884,遗憾校园时光里没有过课间走廊上在校园广播站等一首点歌的画面,29,compressed,在校园广播站等一首点歌,11,移除时间、地点、人物或关系模板，归并到核心概念
8885,遗憾校园时光里没有过课间走廊上在值日时一起擦黑板的画面,27,compressed,在值日时一起擦黑板,9,移除时间、地点、人物或关系模板，归并到核心概念
8886,遗憾校园时光里没有过课间走廊上感到共用雨伞时靠近的温度的画面,30,compressed,感到共用雨伞时靠近的温度,12,移除时间、地点、人物或关系模板，归并到核心概念
8887,遗憾校园时光里没有过课间走廊上收拾课桌时找到旧纸条的画面,28,compressed,收拾课桌时找到旧纸条,10,移除时间、地点、人物或关系模板，归并到核心概念
8888,遗憾校园时光里没有过早读晨光里约好第二天在校门口见的画面,28,deleted,,0,模板变体、超长表达或配额外的同概念近似项
8889,遗憾校园时光里没有过课间走廊上把对方送的小皮筋戴在手腕的画面,30,compressed,把对方送的小皮筋戴在手腕,12,移除时间、地点、人物或关系模板，归并到核心概念
8890,遗憾校园时光里没有过课间走廊上在橡皮上刻下对方的缩写的画面,29,compressed,在橡皮上刻下对方的缩写,11,移除时间、地点、人物或关系模板，归并到核心概念
8891,遗憾校园时光里没有过课间走廊上在礼堂散场后寻找对方的画面,28,compressed,在礼堂散场后寻找对方,10,移除时间、地点、人物或关系模板，归并到核心概念
8892,遗憾校园时光里没有过课间走廊上一起搬运动会用的桌椅的画面,28,compressed,一起搬运动会用的桌椅,10,移除时间、地点、人物或关系模板，归并到核心概念
8893,遗憾校园时光里没有过课间走廊上记住冬天热水杯传来的暖意的画面,30,compressed,记住冬天热水杯传来的暖意,12,移除时间、地点、人物或关系模板，归并到核心概念
8894,遗憾校园时光里没有过课间走廊上离校前再走一遍熟悉的操场的画面,30,compressed,离校前再走一遍熟悉的操场,12,移除时间、地点、人物或关系模板，归并到核心概念
8895,遗憾校园时光里没有过早读晨光里在操场看台说出喜欢的画面,27,deleted,,0,模板变体、超长表达或配额外的同概念近似项
8896,遗憾校园时光里没有过课间走廊上认出书包上新挂的钥匙扣的画面,29,compressed,认出书包上新挂的钥匙扣,11,移除时间、地点、人物或关系模板，归并到核心概念
8897,遗憾校园时光里没有过课间走廊上把复习资料装订得整整齐齐的画面,30,compressed,把复习资料装订得整整齐齐,12,移除时间、地点、人物或关系模板，归并到核心概念
8898,遗憾校园时光里没有过课间走廊上沿着操场跑道陪她慢慢走的画面,29,compressed,沿着操场跑道陪她慢慢走,11,移除时间、地点、人物或关系模板，归并到核心概念
8899,遗憾校园时光里没有过课间走廊上在社团排练后帮忙收器材的画面,29,compressed,在社团排练后帮忙收器材,11,移除时间、地点、人物或关系模板，归并到核心概念
8900,遗憾校园时光里没有过课间走廊上等春天樱花落在她肩上的画面,28,compressed,等春天樱花落在她肩上,10,移除时间、地点、人物或关系模板，归并到核心概念
8901,遗憾校园时光里没有过课间走廊上在校门口说出以后常联系的画面,29,compressed,在校门口说出以后常联系,11,移除时间、地点、人物或关系模板，归并到核心概念
8902,遗憾校园时光里没有过早读晨光里把暗恋告诉最信任的同学的画面,29,deleted,,0,模板变体、超长表达或配额外的同概念近似项
8903,遗憾校园时光里没有过课间走廊上留意她每天更换的发卡的画面,28,compressed,留意她每天更换的发卡,10,移除时间、地点、人物或关系模板，归并到核心概念
8904,遗憾校园时光里没有过课间走廊上在错题本角落留下鼓励的画面,28,compressed,在错题本角落留下鼓励,10,移除时间、地点、人物或关系模板，归并到核心概念
8905,遗憾校园时光里没有过课间走廊上在篮球场边递上一瓶水的画面,28,compressed,在篮球场边递上一瓶水,10,移除时间、地点、人物或关系模板，归并到核心概念
8906,遗憾校园时光里没有过课间走廊上为对方的比赛偷偷加油的画面,28,compressed,为对方的比赛偷偷加油,10,移除时间、地点、人物或关系模板，归并到核心概念
8907,遗憾校园时光里没有过课间走廊上在盛夏风扇声里偷偷心动的画面,29,compressed,在盛夏风扇声里偷偷心动,11,移除时间、地点、人物或关系模板，归并到核心概念
8908,遗憾校园时光里没有过课间走廊上目送对方坐上不同方向的车的画面,30,compressed,目送对方坐上不同方向的车,12,移除时间、地点、人物或关系模板，归并到核心概念
8909,遗憾校园时光里没有过早读晨光里收到对方认真回应的好感的画面,29,deleted,,0,模板变体、超长表达或配额外的同概念近似项
8910,遗憾校园时光里没有过课间走廊上记住帆布鞋踩过积水的声音的画面,30,deleted,,0,模板变体、超长表达或配额外的同概念近似项
8911,遗憾校园时光里没有过课间走廊上用同一本练习册对答案的画面,28,deleted,,0,模板变体、超长表达或配额外的同概念近似项
8912,遗憾校园时光里没有过课间走廊上在看台最高一排并肩坐着的画面,29,compressed,在看台最高一排并肩坐着,11,移除时间、地点、人物或关系模板，归并到核心概念
8913,遗憾校园时光里没有过课间走廊上在班级合唱时站到她旁边的画面,29,compressed,在班级合唱时站到她旁边,11,移除时间、地点、人物或关系模板，归并到核心概念
8914,遗憾校园时光里没有过课间走廊上看秋叶堆满放学的小路的画面,28,deleted,,0,模板变体、超长表达或配额外的同概念近似项
8915,遗憾校园时光里没有过课间走廊上发现最后一句聊天停在毕业快乐的画面,32,deleted,,0,模板变体、超长表达或配额外的同概念近似项
8916,遗憾校园时光里没有过早读晨光里从同桌变成互相喜欢的人的画面,29,deleted,,0,模板变体、超长表达或配额外的同概念近似项
8917,遗憾校园时光里没有过课间走廊上看见运动服背后的班级号码的画面,30,deleted,,0,模板变体、超长表达或配额外的同概念近似项
8918,遗憾校园时光里没有过课间走廊上把借书卡藏进喜欢的书里的画面,29,deleted,,0,模板变体、超长表达或配额外的同概念近似项
8919,遗憾校园时光里没有过课间走廊上在体育馆门口等训练结束的画面,29,deleted,,0,模板变体、超长表达或配额外的同概念近似项
8920,遗憾校园时光里没有过课间走廊上假装随口询问周末安排的画面,28,deleted,,0,模板变体、超长表达或配额外的同概念近似项
8921,遗憾校园时光里没有过课间走廊上在初雪那天想和她一起走的画面,29,deleted,,0,模板变体、超长表达或配额外的同概念近似项
8922,遗憾校园时光里没有过课间走廊上因为去往不同城市慢慢失联的画面,30,deleted,,0,模板变体、超长表达或配额外的同概念近似项
8923,遗憾校园时光里没有过早读晨光里在班级起哄中偷偷脸红的画面,28,deleted,,0,模板变体、超长表达或配额外的同概念近似项
8924,遗憾校园时光里没有过课间走廊上注意到对方紧张时攥住衣角的画面,30,deleted,,0,模板变体、超长表达或配额外的同概念近似项
8925,遗憾校园时光里没有过课间走廊上用值日表制造一起留下的机会的画面,31,deleted,,0,模板变体、超长表达或配额外的同概念近似项
8926,遗憾校园时光里没有过课间走廊上沿林荫道推着自行车同行的画面,29,deleted,,0,模板变体、超长表达或配额外的同概念近似项
8927,遗憾校园时光里没有过课间走廊上把好笑的事情第一个告诉她的画面,30,deleted,,0,模板变体、超长表达或配额外的同概念近似项
8928,遗憾校园时光里没有过课间走廊上记住六月毕业季的闷热的画面,28,deleted,,0,模板变体、超长表达或配额外的同概念近似项
8929,遗憾校园时光里没有过课间走廊上多年后翻到泛黄的毕业照的画面,29,deleted,,0,模板变体、超长表达或配额外的同概念近似项
8930,遗憾校园时光里没有过早读晨光里交换只有两个人懂的暗号的画面,29,deleted,,0,模板变体、超长表达或配额外的同概念近似项
8931,遗憾校园时光里没有过课间走廊上记住少年骑车时鼓起的衣摆的画面,30,deleted,,0,模板变体、超长表达或配额外的同概念近似项
8932,遗憾校园时光里没有过课间走廊上在课程表上圈出共同的空课的画面,30,deleted,,0,模板变体、超长表达或配额外的同概念近似项
8933,遗憾校园时光里没有过课间走廊上在校门口犹豫要不要告别的画面,29,deleted,,0,模板变体、超长表达或配额外的同概念近似项
8934,遗憾校园时光里没有过课间走廊上聊天时等对方收拾完书包的画面,29,deleted,,0,模板变体、超长表达或配额外的同概念近似项
8935,遗憾校园时光里没有过课间走廊上在傍晚风里听见校服摩擦声的画面,30,deleted,,0,模板变体、超长表达或配额外的同概念近似项
8936,遗憾校园时光里没有过课间走廊上重回母校时寻找当年的座位的画面,30,deleted,,0,模板变体、超长表达或配额外的同概念近似项
8937,遗憾校园时光里没有过早读晨光里第一次用恋人的身份说晚安的画面,30,deleted,,0,模板变体、超长表达或配额外的同概念近似项
8938,遗憾校园时光里没有过课间走廊上发现镜片后躲闪的目光的画面,28,deleted,,0,模板变体、超长表达或配额外的同概念近似项
8939,遗憾校园时光里没有过课间走廊上用广播点歌传递含蓄心意的画面,29,deleted,,0,模板变体、超长表达或配额外的同概念近似项
8940,遗憾校园时光里没有过课间走廊上在公交站陪对方等车的画面,27,deleted,,0,模板变体、超长表达或配额外的同概念近似项
8941,遗憾校园时光里没有过课间走廊上看见她睡着后压低说话声音的画面,30,deleted,,0,模板变体、超长表达或配额外的同概念近似项
8942,遗憾校园时光里没有过课间走廊上尝到小卖部冰汽水的甜味的画面,29,deleted,,0,模板变体、超长表达或配额外的同概念近似项
8943,遗憾校园时光里没有过课间走廊上听见校歌突然想起喜欢的人的画面,30,deleted,,0,模板变体、超长表达或配额外的同概念近似项
8944,遗憾校园时光里没有过早读晨光里约定毕业以后也继续联系的画面,29,deleted,,0,模板变体、超长表达或配额外的同概念近似项
8945,遗憾校园时光里没有过课间走廊上在人群中认出那双熟悉的球鞋的画面,31,deleted,,0,模板变体、超长表达或配额外的同概念近似项
8946,遗憾校园时光里没有过课间走廊上约定用窗台上的水杯当暗号的画面,30,deleted,,0,模板变体、超长表达或配额外的同概念近似项
8947,遗憾校园时光里没有过课间走廊上绕远路走过两个人常走的小巷的画面,31,deleted,,0,模板变体、超长表达或配额外的同概念近似项
8948,遗憾校园时光里没有过课间走廊上把最后一颗糖留给喜欢的人的画面,30,deleted,,0,模板变体、超长表达或配额外的同概念近似项
8949,遗憾校园时光里没有过课间走廊上记住她经过时淡淡的洗衣粉香的画面,31,deleted,,0,模板变体、超长表达或配额外的同概念近似项
8950,遗憾校园时光里没有过课间走廊上意识到那次挥手已经是最后一面的画面,32,deleted,,0,模板变体、超长表达或配额外的同概念近似项
8951,遗憾校园时光里没有过课间走廊上和喜欢的人隔着课桌对视的画面,29,deleted,,0,模板变体、超长表达或配额外的同概念近似项
8952,遗憾校园时光里没有过午休醒来后风吹起她额前的刘海的画面,27,compressed,风吹起她额前的刘海,9,移除时间、地点、人物或关系模板，归并到核心概念
8953,遗憾校园时光里没有过午休醒来后递来一张折好的小纸条的画面,28,compressed,递来一张折好的小纸条,10,移除时间、地点、人物或关系模板，归并到核心概念
8954,遗憾校园时光里没有过午休醒来后在靠窗的座位等她出现的画面,28,compressed,在靠窗的座位等她出现,10,移除时间、地点、人物或关系模板，归并到核心概念
8955,遗憾校园时光里没有过午休醒来后把课堂笔记借给喜欢的人的画面,29,compressed,把课堂笔记借给喜欢的人,11,移除时间、地点、人物或关系模板，归并到核心概念
8956,遗憾校园时光里没有过午休醒来后听见窗外一阵很长的蝉鸣的画面,29,compressed,听见窗外一阵很长的蝉鸣,11,移除时间、地点、人物或关系模板，归并到核心概念
8957,遗憾校园时光里没有过午休醒来后在毕业册上写下一句祝福的画面,29,compressed,在毕业册上写下一句祝福,11,移除时间、地点、人物或关系模板，归并到核心概念
8958,遗憾校园时光里没有过课间走廊上发现同桌悄悄看向自己的画面,28,deleted,,0,模板变体、超长表达或配额外的同概念近似项
8959,遗憾校园时光里没有过午休醒来后看见她把刘海别到耳后的画面,28,compressed,看见她把刘海别到耳后,10,移除时间、地点、人物或关系模板，归并到核心概念
8960,遗憾校园时光里没有过午休醒来后在纸条背面写下回复的画面,27,compressed,在纸条背面写下回复,9,移除时间、地点、人物或关系模板，归并到核心概念
8961,遗憾校园时光里没有过午休醒来后经过对方班级的教室门口的画面,29,compressed,经过对方班级的教室门口,11,移除时间、地点、人物或关系模板，归并到核心概念
8962,遗憾校园时光里没有过午休醒来后耐心讲一道做错的题的画面,27,compressed,耐心讲一道做错的题,9,移除时间、地点、人物或关系模板，归并到核心概念
8963,遗憾校园时光里没有过午休醒来后听见下课铃盖过没说完的话的画面,30,compressed,听见下课铃盖过没说完的话,12,移除时间、地点、人物或关系模板，归并到核心概念
8964,遗憾校园时光里没有过午休醒来后把同学录最后一页留给她的画面,29,compressed,把同学录最后一页留给她,11,移除时间、地点、人物或关系模板，归并到核心概念
8965,遗憾校园时光里没有过课间走廊上把喜欢藏在课堂笔记里的画面,28,deleted,,0,模板变体、超长表达或配额外的同概念近似项
8966,遗憾校园时光里没有过午休醒来后注意到阳光落在她的发梢的画面,29,compressed,注意到阳光落在她的发梢,11,移除时间、地点、人物或关系模板，归并到核心概念
8967,遗憾校园时光里没有过午休醒来后把没送出的情书夹进书里的画面,29,compressed,把没送出的情书夹进书里,11,移除时间、地点、人物或关系模板，归并到核心概念
8968,遗憾校园时光里没有过午休醒来后在空教室里多停留一会儿的画面,29,compressed,在空教室里多停留一会儿,11,移除时间、地点、人物或关系模板，归并到核心概念
8969,遗憾校园时光里没有过午休醒来后一起背诵第二天要抽查的课文的画面,31,deleted,,0,模板变体、超长表达或配额外的同概念近似项
8970,遗憾校园时光里没有过午休醒来后记住篮球落地的回声的画面,27,compressed,记住篮球落地的回声,9,移除时间、地点、人物或关系模板，归并到核心概念
8971,遗憾校园时光里没有过午休醒来后在毕业照里悄悄站得更近的画面,29,compressed,在毕业照里悄悄站得更近,11,移除时间、地点、人物或关系模板，归并到核心概念
8972,遗憾校园时光里没有过课间走廊上借讲题的机会坐得更近的画面,28,deleted,,0,模板变体、超长表达或配额外的同概念近似项
8973,遗憾校园时光里没有过午休醒来后记住她低头笑时的酒窝的画面,28,compressed,记住她低头笑时的酒窝,10,移除时间、地点、人物或关系模板，归并到核心概念
8974,遗憾校园时光里没有过午休醒来后收到一封没有署名的情书的画面,29,compressed,收到一封没有署名的情书,11,移除时间、地点、人物或关系模板，归并到核心概念
8975,遗憾校园时光里没有过午休醒来后从教学楼走廊远远看见她的画面,29,compressed,从教学楼走廊远远看见她,11,移除时间、地点、人物或关系模板，归并到核心概念
8976,遗憾校园时光里没有过午休醒来后互相检查听写答案的画面,26,compressed,互相检查听写答案,8,移除时间、地点、人物或关系模板，归并到核心概念
8977,遗憾校园时光里没有过午休醒来后听见广播里放过的那首歌的画面,29,compressed,听见广播里放过的那首歌,11,移除时间、地点、人物或关系模板，归并到核心概念
8978,遗憾校园时光里没有过午休醒来后在校服背面签下名字的画面,27,compressed,在校服背面签下名字,9,移除时间、地点、人物或关系模板，归并到核心概念
8979,遗憾校园时光里没有过课间走廊上在走廊等喜欢的人经过的画面,28,deleted,,0,模板变体、超长表达或配额外的同概念近似项
8980,遗憾校园时光里没有过午休醒来后发现她见面前认真扎好头发的画面,30,compressed,发现她见面前认真扎好头发,12,移除时间、地点、人物或关系模板，归并到核心概念
8981,遗憾校园时光里没有过午休醒来后在便利贴上画一颗小心心的画面,29,compressed,在便利贴上画一颗小心心,11,移除时间、地点、人物或关系模板，归并到核心概念
8982,遗憾校园时光里没有过午休醒来后在楼梯转角意外遇见喜欢的人的画面,31,deleted,,0,模板变体、超长表达或配额外的同概念近似项
8983,遗憾校园时光里没有过午休醒来后替对方保管暂时没收的手机的画面,30,compressed,替对方保管暂时没收的手机,12,移除时间、地点、人物或关系模板，归并到核心概念
8984,遗憾校园时光里没有过午休醒来后看见晨光落在她的课桌上的画面,29,compressed,看见晨光落在她的课桌上,11,移除时间、地点、人物或关系模板，归并到核心概念
8985,遗憾校园时光里没有过午休醒来后把没送出的情书带回家的画面,28,compressed,把没送出的情书带回家,10,移除时间、地点、人物或关系模板，归并到核心概念
8986,遗憾校园时光里没有过课间走廊上课间绕路去隔壁班门口的画面,28,deleted,,0,模板变体、超长表达或配额外的同概念近似项
8987,遗憾校园时光里没有过午休醒来后看见她穿着宽大的校服外套的画面,30,compressed,看见她穿着宽大的校服外套,12,移除时间、地点、人物或关系模板，归并到核心概念
8988,遗憾校园时光里没有过午休醒来后把名字写在同一张草稿纸上的画面,30,compressed,把名字写在同一张草稿纸上,12,移除时间、地点、人物或关系模板，归并到核心概念
8989,遗憾校园时光里没有过午休醒来后绕路经过她常去的饮水机的画面,29,compressed,绕路经过她常去的饮水机,11,移除时间、地点、人物或关系模板，归并到核心概念
8990,遗憾校园时光里没有过午休醒来后给趴在桌上的人留一盒牛奶的画面,30,compressed,给趴在桌上的人留一盒牛奶,12,移除时间、地点、人物或关系模板，归并到核心概念
8991,遗憾校园时光里没有过午休醒来后看见晚霞穿过教学楼窗户的画面,29,compressed,看见晚霞穿过教学楼窗户,11,移除时间、地点、人物或关系模板，归并到核心概念
8992,遗憾校园时光里没有过午休醒来后错过毕业前最后一次告白的画面,29,compressed,错过毕业前最后一次告白,11,移除时间、地点、人物或关系模板，归并到核心概念
8993,遗憾校园时光里没有过课间走廊上替心动对象去小卖部带饮料的画面,30,deleted,,0,模板变体、超长表达或配额外的同概念近似项
8994,遗憾校园时光里没有过午休醒来后认出人群里熟悉的校服衣角的画面,30,compressed,认出人群里熟悉的校服衣角,12,移除时间、地点、人物或关系模板，归并到核心概念
8995,遗憾校园时光里没有过午休醒来后交换一根代表好感的小皮筋的画面,30,compressed,交换一根代表好感的小皮筋,12,移除时间、地点、人物或关系模板，归并到核心概念
8996,遗憾校园时光里没有过午休醒来后在图书馆同一排书架重逢的画面,29,compressed,在图书馆同一排书架重逢,11,移除时间、地点、人物或关系模板，归并到核心概念
8997,遗憾校园时光里没有过午休醒来后提醒喜欢的人带伞的画面,26,compressed,提醒喜欢的人带伞,8,移除时间、地点、人物或关系模板，归并到核心概念
8998,遗憾校园时光里没有过午休醒来后记住树影在校服上轻轻晃动的画面,30,compressed,记住树影在校服上轻轻晃动,12,移除时间、地点、人物或关系模板，归并到核心概念
8999,遗憾校园时光里没有过午休醒来后把喜欢藏进高考结束的夏天的画面,30,compressed,把喜欢藏进高考结束的夏天,12,移除时间、地点、人物或关系模板，归并到核心概念
9000,遗憾校园时光里没有过课间走廊上在人群中寻找熟悉的校服背影的画面,31,deleted,,0,模板变体、超长表达或配额外的同概念近似项
9001,遗憾校园时光里没有过午休醒来后替对方整理歪掉的校服领口的画面,30,compressed,替对方整理歪掉的校服领口,12,移除时间、地点、人物或关系模板，归并到核心概念
9002,遗憾校园时光里没有过午休醒来后把校服第二颗纽扣留作纪念的画面,30,compressed,把校服第二颗纽扣留作纪念,12,移除时间、地点、人物或关系模板，归并到核心概念
9003,遗憾校园时光里没有过午休醒来后在自习室替对方留一个座位的画面,30,compressed,在自习室替对方留一个座位,12,移除时间、地点、人物或关系模板，归并到核心概念
9004,遗憾校园时光里没有过午休醒来后把自己的外套借给对方的画面,28,compressed,把自己的外套借给对方,10,移除时间、地点、人物或关系模板，归并到核心概念
9005,遗憾校园时光里没有过午休醒来后看见雨水沿着教室玻璃滑下的画面,30,compressed,看见雨水沿着教室玻璃滑下,12,移除时间、地点、人物或关系模板，归并到核心概念
9006,遗憾校园时光里没有过午休醒来后约定收到录取通知后再见的画面,29,compressed,约定收到录取通知后再见,11,移除时间、地点、人物或关系模板，归并到核心概念
9007,遗憾校园时光里没有过课间走廊上放学后并肩走出校门的画面,27,deleted,,0,模板变体、超长表达或配额外的同概念近似项
9008,遗憾校园时光里没有过午休醒来后注意到校服袖口写着名字的画面,29,compressed,注意到校服袖口写着名字,11,移除时间、地点、人物或关系模板，归并到核心概念
9009,遗憾校园时光里没有过午休醒来后送出成对的钥匙扣的画面,26,compressed,送出成对的钥匙扣,8,移除时间、地点、人物或关系模板，归并到核心概念
9010,遗憾校园时光里没有过午休醒来后在小卖部门口假装偶遇的画面,28,compressed,在小卖部门口假装偶遇,10,移除时间、地点、人物或关系模板，归并到核心概念
9011,遗憾校园时光里没有过午休醒来后记住她不吃的食堂菜的画面,27,compressed,记住她不吃的食堂菜,9,移除时间、地点、人物或关系模板，归并到核心概念
9012,遗憾校园时光里没有过午休醒来后闻到新课本混着油墨的气味的画面,30,compressed,闻到新课本混着油墨的气味,12,移除时间、地点、人物或关系模板，归并到核心概念
9013,遗憾校园时光里没有过午休醒来后在散伙饭上忍住没说的话的画面,29,compressed,在散伙饭上忍住没说的话,11,移除时间、地点、人物或关系模板，归并到核心概念
9014,遗憾校园时光里没有过课间走廊上推着自行车陪对方慢慢走的画面,29,deleted,,0,模板变体、超长表达或配额外的同概念近似项
9015,遗憾校园时光里没有过午休醒来后看见白衬衫被晚霞染成金色的画面,30,compressed,看见白衬衫被晚霞染成金色,12,移除时间、地点、人物或关系模板，归并到核心概念
9016,遗憾校园时光里没有过午休醒来后互换写着祝福的书签的画面,27,compressed,互换写着祝福的书签,9,移除时间、地点、人物或关系模板，归并到核心概念
9017,遗憾校园时光里没有过午休醒来后在食堂排队时站到她身后的画面,29,compressed,在食堂排队时站到她身后,11,移除时间、地点、人物或关系模板，归并到核心概念
9018,遗憾校园时光里没有过午休醒来后替迟到的人悄悄留门的画面,27,compressed,替迟到的人悄悄留门,9,移除时间、地点、人物或关系模板，归并到核心概念
9019,遗憾校园时光里没有过午休醒来后记住雨后塑胶跑道的气味的画面,29,compressed,记住雨后塑胶跑道的气味,11,移除时间、地点、人物或关系模板，归并到核心概念
9020,遗憾校园时光里没有过午休醒来后听完最后一次校园广播的画面,28,compressed,听完最后一次校园广播,10,移除时间、地点、人物或关系模板，归并到核心概念
9021,遗憾校园时光里没有过课间走廊上一起等最后一班公交车的画面,28,deleted,,0,模板变体、超长表达或配额外的同概念近似项
9022,遗憾校园时光里没有过午休醒来后发现手腕上多了一根小皮筋的画面,30,compressed,发现手腕上多了一根小皮筋,12,移除时间、地点、人物或关系模板，归并到核心概念
9023,遗憾校园时光里没有过午休醒来后借出一支舍不得收回的笔的画面,29,compressed,借出一支舍不得收回的笔,11,移除时间、地点、人物或关系模板，归并到核心概念
9024,遗憾校园时光里没有过午休醒来后在校园广播站等一首点歌的画面,29,compressed,在校园广播站等一首点歌,11,移除时间、地点、人物或关系模板，归并到核心概念
9025,遗憾校园时光里没有过午休醒来后在值日时一起擦黑板的画面,27,compressed,在值日时一起擦黑板,9,移除时间、地点、人物或关系模板，归并到核心概念
9026,遗憾校园时光里没有过午休醒来后感到共用雨伞时靠近的温度的画面,30,compressed,感到共用雨伞时靠近的温度,12,移除时间、地点、人物或关系模板，归并到核心概念
9027,遗憾校园时光里没有过午休醒来后收拾课桌时找到旧纸条的画面,28,compressed,收拾课桌时找到旧纸条,10,移除时间、地点、人物或关系模板，归并到核心概念
9028,遗憾校园时光里没有过课间走廊上约好第二天在校门口见的画面,28,deleted,,0,模板变体、超长表达或配额外的同概念近似项
9029,遗憾校园时光里没有过午休醒来后把对方送的小皮筋戴在手腕的画面,30,compressed,把对方送的小皮筋戴在手腕,12,移除时间、地点、人物或关系模板，归并到核心概念
9030,遗憾校园时光里没有过午休醒来后在橡皮上刻下对方的缩写的画面,29,compressed,在橡皮上刻下对方的缩写,11,移除时间、地点、人物或关系模板，归并到核心概念
9031,遗憾校园时光里没有过午休醒来后在礼堂散场后寻找对方的画面,28,compressed,在礼堂散场后寻找对方,10,移除时间、地点、人物或关系模板，归并到核心概念
9032,遗憾校园时光里没有过午休醒来后一起搬运动会用的桌椅的画面,28,compressed,一起搬运动会用的桌椅,10,移除时间、地点、人物或关系模板，归并到核心概念
9033,遗憾校园时光里没有过午休醒来后记住冬天热水杯传来的暖意的画面,30,compressed,记住冬天热水杯传来的暖意,12,移除时间、地点、人物或关系模板，归并到核心概念
9034,遗憾校园时光里没有过午休醒来后离校前再走一遍熟悉的操场的画面,30,compressed,离校前再走一遍熟悉的操场,12,移除时间、地点、人物或关系模板，归并到核心概念
9035,遗憾校园时光里没有过课间走廊上在操场看台说出喜欢的画面,27,deleted,,0,模板变体、超长表达或配额外的同概念近似项
9036,遗憾校园时光里没有过午休醒来后认出书包上新挂的钥匙扣的画面,29,compressed,认出书包上新挂的钥匙扣,11,移除时间、地点、人物或关系模板，归并到核心概念
9037,遗憾校园时光里没有过午休醒来后把复习资料装订得整整齐齐的画面,30,compressed,把复习资料装订得整整齐齐,12,移除时间、地点、人物或关系模板，归并到核心概念
9038,遗憾校园时光里没有过午休醒来后沿着操场跑道陪她慢慢走的画面,29,compressed,沿着操场跑道陪她慢慢走,11,移除时间、地点、人物或关系模板，归并到核心概念
9039,遗憾校园时光里没有过午休醒来后在社团排练后帮忙收器材的画面,29,compressed,在社团排练后帮忙收器材,11,移除时间、地点、人物或关系模板，归并到核心概念
9040,遗憾校园时光里没有过午休醒来后等春天樱花落在她肩上的画面,28,compressed,等春天樱花落在她肩上,10,移除时间、地点、人物或关系模板，归并到核心概念
9041,遗憾校园时光里没有过午休醒来后在校门口说出以后常联系的画面,29,compressed,在校门口说出以后常联系,11,移除时间、地点、人物或关系模板，归并到核心概念
9042,遗憾校园时光里没有过课间走廊上把暗恋告诉最信任的同学的画面,29,deleted,,0,模板变体、超长表达或配额外的同概念近似项
9043,遗憾校园时光里没有过午休醒来后留意她每天更换的发卡的画面,28,compressed,留意她每天更换的发卡,10,移除时间、地点、人物或关系模板，归并到核心概念
9044,遗憾校园时光里没有过午休醒来后在错题本角落留下鼓励的画面,28,compressed,在错题本角落留下鼓励,10,移除时间、地点、人物或关系模板，归并到核心概念
9045,遗憾校园时光里没有过午休醒来后在篮球场边递上一瓶水的画面,28,compressed,在篮球场边递上一瓶水,10,移除时间、地点、人物或关系模板，归并到核心概念
9046,遗憾校园时光里没有过午休醒来后为对方的比赛偷偷加油的画面,28,compressed,为对方的比赛偷偷加油,10,移除时间、地点、人物或关系模板，归并到核心概念
9047,遗憾校园时光里没有过午休醒来后在盛夏风扇声里偷偷心动的画面,29,compressed,在盛夏风扇声里偷偷心动,11,移除时间、地点、人物或关系模板，归并到核心概念
9048,遗憾校园时光里没有过午休醒来后目送对方坐上不同方向的车的画面,30,compressed,目送对方坐上不同方向的车,12,移除时间、地点、人物或关系模板，归并到核心概念
9049,遗憾校园时光里没有过课间走廊上收到对方认真回应的好感的画面,29,deleted,,0,模板变体、超长表达或配额外的同概念近似项
9050,遗憾校园时光里没有过午休醒来后记住帆布鞋踩过积水的声音的画面,30,deleted,,0,模板变体、超长表达或配额外的同概念近似项
9051,遗憾校园时光里没有过午休醒来后用同一本练习册对答案的画面,28,deleted,,0,模板变体、超长表达或配额外的同概念近似项
9052,遗憾校园时光里没有过午休醒来后在看台最高一排并肩坐着的画面,29,compressed,在看台最高一排并肩坐着,11,移除时间、地点、人物或关系模板，归并到核心概念
9053,遗憾校园时光里没有过午休醒来后在班级合唱时站到她旁边的画面,29,compressed,在班级合唱时站到她旁边,11,移除时间、地点、人物或关系模板，归并到核心概念
9054,遗憾校园时光里没有过午休醒来后看秋叶堆满放学的小路的画面,28,deleted,,0,模板变体、超长表达或配额外的同概念近似项
9055,遗憾校园时光里没有过午休醒来后发现最后一句聊天停在毕业快乐的画面,32,deleted,,0,模板变体、超长表达或配额外的同概念近似项
9056,遗憾校园时光里没有过课间走廊上从同桌变成互相喜欢的人的画面,29,deleted,,0,模板变体、超长表达或配额外的同概念近似项
9057,遗憾校园时光里没有过午休醒来后看见运动服背后的班级号码的画面,30,deleted,,0,模板变体、超长表达或配额外的同概念近似项
9058,遗憾校园时光里没有过午休醒来后把借书卡藏进喜欢的书里的画面,29,deleted,,0,模板变体、超长表达或配额外的同概念近似项
9059,遗憾校园时光里没有过午休醒来后在体育馆门口等训练结束的画面,29,deleted,,0,模板变体、超长表达或配额外的同概念近似项
9060,遗憾校园时光里没有过午休醒来后假装随口询问周末安排的画面,28,deleted,,0,模板变体、超长表达或配额外的同概念近似项
9061,遗憾校园时光里没有过午休醒来后在初雪那天想和她一起走的画面,29,deleted,,0,模板变体、超长表达或配额外的同概念近似项
9062,遗憾校园时光里没有过午休醒来后因为去往不同城市慢慢失联的画面,30,deleted,,0,模板变体、超长表达或配额外的同概念近似项
9063,遗憾校园时光里没有过课间走廊上在班级起哄中偷偷脸红的画面,28,deleted,,0,模板变体、超长表达或配额外的同概念近似项
9064,遗憾校园时光里没有过午休醒来后注意到对方紧张时攥住衣角的画面,30,deleted,,0,模板变体、超长表达或配额外的同概念近似项
9065,遗憾校园时光里没有过午休醒来后用值日表制造一起留下的机会的画面,31,deleted,,0,模板变体、超长表达或配额外的同概念近似项
9066,遗憾校园时光里没有过午休醒来后沿林荫道推着自行车同行的画面,29,deleted,,0,模板变体、超长表达或配额外的同概念近似项
9067,遗憾校园时光里没有过午休醒来后把好笑的事情第一个告诉她的画面,30,deleted,,0,模板变体、超长表达或配额外的同概念近似项
9068,遗憾校园时光里没有过午休醒来后记住六月毕业季的闷热的画面,28,deleted,,0,模板变体、超长表达或配额外的同概念近似项
9069,遗憾校园时光里没有过午休醒来后多年后翻到泛黄的毕业照的画面,29,deleted,,0,模板变体、超长表达或配额外的同概念近似项
9070,遗憾校园时光里没有过课间走廊上交换只有两个人懂的暗号的画面,29,deleted,,0,模板变体、超长表达或配额外的同概念近似项
9071,遗憾校园时光里没有过午休醒来后记住少年骑车时鼓起的衣摆的画面,30,deleted,,0,模板变体、超长表达或配额外的同概念近似项
9072,遗憾校园时光里没有过午休醒来后在课程表上圈出共同的空课的画面,30,deleted,,0,模板变体、超长表达或配额外的同概念近似项
9073,遗憾校园时光里没有过午休醒来后在校门口犹豫要不要告别的画面,29,deleted,,0,模板变体、超长表达或配额外的同概念近似项
9074,遗憾校园时光里没有过午休醒来后聊天时等对方收拾完书包的画面,29,deleted,,0,模板变体、超长表达或配额外的同概念近似项
9075,遗憾校园时光里没有过午休醒来后在傍晚风里听见校服摩擦声的画面,30,deleted,,0,模板变体、超长表达或配额外的同概念近似项
9076,遗憾校园时光里没有过午休醒来后重回母校时寻找当年的座位的画面,30,deleted,,0,模板变体、超长表达或配额外的同概念近似项
9077,遗憾校园时光里没有过课间走廊上第一次用恋人的身份说晚安的画面,30,deleted,,0,模板变体、超长表达或配额外的同概念近似项
9078,遗憾校园时光里没有过午休醒来后发现镜片后躲闪的目光的画面,28,deleted,,0,模板变体、超长表达或配额外的同概念近似项
9079,遗憾校园时光里没有过午休醒来后用广播点歌传递含蓄心意的画面,29,deleted,,0,模板变体、超长表达或配额外的同概念近似项
9080,遗憾校园时光里没有过午休醒来后在公交站陪对方等车的画面,27,deleted,,0,模板变体、超长表达或配额外的同概念近似项
9081,遗憾校园时光里没有过午休醒来后看见她睡着后压低说话声音的画面,30,deleted,,0,模板变体、超长表达或配额外的同概念近似项
9082,遗憾校园时光里没有过午休醒来后尝到小卖部冰汽水的甜味的画面,29,deleted,,0,模板变体、超长表达或配额外的同概念近似项
9083,遗憾校园时光里没有过午休醒来后听见校歌突然想起喜欢的人的画面,30,deleted,,0,模板变体、超长表达或配额外的同概念近似项
9084,遗憾校园时光里没有过课间走廊上约定毕业以后也继续联系的画面,29,deleted,,0,模板变体、超长表达或配额外的同概念近似项
9085,遗憾校园时光里没有过午休醒来后在人群中认出那双熟悉的球鞋的画面,31,deleted,,0,模板变体、超长表达或配额外的同概念近似项
9086,遗憾校园时光里没有过午休醒来后约定用窗台上的水杯当暗号的画面,30,deleted,,0,模板变体、超长表达或配额外的同概念近似项
9087,遗憾校园时光里没有过午休醒来后绕远路走过两个人常走的小巷的画面,31,deleted,,0,模板变体、超长表达或配额外的同概念近似项
9088,遗憾校园时光里没有过午休醒来后把最后一颗糖留给喜欢的人的画面,30,deleted,,0,模板变体、超长表达或配额外的同概念近似项
9089,遗憾校园时光里没有过午休醒来后记住她经过时淡淡的洗衣粉香的画面,31,deleted,,0,模板变体、超长表达或配额外的同概念近似项
9090,遗憾校园时光里没有过午休醒来后意识到那次挥手已经是最后一面的画面,32,deleted,,0,模板变体、超长表达或配额外的同概念近似项
9091,遗憾校园时光里没有过午休醒来后和喜欢的人隔着课桌对视的画面,29,deleted,,0,模板变体、超长表达或配额外的同概念近似项
9092,遗憾校园时光里没有过体育课自由活动时风吹起她额前的刘海的画面,30,compressed,风吹起她额前的刘海,9,移除时间、地点、人物或关系模板，归并到核心概念
9093,遗憾校园时光里没有过体育课自由活动时递来一张折好的小纸条的画面,31,compressed,递来一张折好的小纸条,10,移除时间、地点、人物或关系模板，归并到核心概念
9094,遗憾校园时光里没有过体育课自由活动时在靠窗的座位等她出现的画面,31,compressed,在靠窗的座位等她出现,10,移除时间、地点、人物或关系模板，归并到核心概念
9095,遗憾校园时光里没有过体育课自由活动时把课堂笔记借给喜欢的人的画面,32,compressed,把课堂笔记借给喜欢的人,11,移除时间、地点、人物或关系模板，归并到核心概念
9096,遗憾校园时光里没有过体育课自由活动时听见窗外一阵很长的蝉鸣的画面,32,compressed,听见窗外一阵很长的蝉鸣,11,移除时间、地点、人物或关系模板，归并到核心概念
9097,遗憾校园时光里没有过体育课自由活动时在毕业册上写下一句祝福的画面,32,compressed,在毕业册上写下一句祝福,11,移除时间、地点、人物或关系模板，归并到核心概念
9098,遗憾校园时光里没有过午休醒来后发现同桌悄悄看向自己的画面,28,deleted,,0,模板变体、超长表达或配额外的同概念近似项
9099,遗憾校园时光里没有过体育课自由活动时看见她把刘海别到耳后的画面,31,compressed,看见她把刘海别到耳后,10,移除时间、地点、人物或关系模板，归并到核心概念
9100,遗憾校园时光里没有过体育课自由活动时在纸条背面写下回复的画面,30,compressed,在纸条背面写下回复,9,移除时间、地点、人物或关系模板，归并到核心概念
9101,遗憾校园时光里没有过体育课自由活动时经过对方班级的教室门口的画面,32,compressed,经过对方班级的教室门口,11,移除时间、地点、人物或关系模板，归并到核心概念
9102,遗憾校园时光里没有过体育课自由活动时耐心讲一道做错的题的画面,30,compressed,耐心讲一道做错的题,9,移除时间、地点、人物或关系模板，归并到核心概念
9103,遗憾校园时光里没有过体育课自由活动时听见下课铃盖过没说完的话的画面,33,compressed,听见下课铃盖过没说完的话,12,移除时间、地点、人物或关系模板，归并到核心概念
9104,遗憾校园时光里没有过体育课自由活动时把同学录最后一页留给她的画面,32,compressed,把同学录最后一页留给她,11,移除时间、地点、人物或关系模板，归并到核心概念
9105,遗憾校园时光里没有过午休醒来后把喜欢藏在课堂笔记里的画面,28,deleted,,0,模板变体、超长表达或配额外的同概念近似项
9106,遗憾校园时光里没有过体育课自由活动时注意到阳光落在她的发梢的画面,32,compressed,注意到阳光落在她的发梢,11,移除时间、地点、人物或关系模板，归并到核心概念
9107,遗憾校园时光里没有过体育课自由活动时把没送出的情书夹进书里的画面,32,compressed,把没送出的情书夹进书里,11,移除时间、地点、人物或关系模板，归并到核心概念
9108,遗憾校园时光里没有过体育课自由活动时在空教室里多停留一会儿的画面,32,compressed,在空教室里多停留一会儿,11,移除时间、地点、人物或关系模板，归并到核心概念
9109,遗憾校园时光里没有过体育课自由活动时一起背诵第二天要抽查的课文的画面,34,deleted,,0,模板变体、超长表达或配额外的同概念近似项
9110,遗憾校园时光里没有过体育课自由活动时记住篮球落地的回声的画面,30,compressed,记住篮球落地的回声,9,移除时间、地点、人物或关系模板，归并到核心概念
9111,遗憾校园时光里没有过体育课自由活动时在毕业照里悄悄站得更近的画面,32,compressed,在毕业照里悄悄站得更近,11,移除时间、地点、人物或关系模板，归并到核心概念
9112,遗憾校园时光里没有过午休醒来后借讲题的机会坐得更近的画面,28,deleted,,0,模板变体、超长表达或配额外的同概念近似项
9113,遗憾校园时光里没有过体育课自由活动时记住她低头笑时的酒窝的画面,31,compressed,记住她低头笑时的酒窝,10,移除时间、地点、人物或关系模板，归并到核心概念
9114,遗憾校园时光里没有过体育课自由活动时收到一封没有署名的情书的画面,32,compressed,收到一封没有署名的情书,11,移除时间、地点、人物或关系模板，归并到核心概念
9115,遗憾校园时光里没有过体育课自由活动时从教学楼走廊远远看见她的画面,32,compressed,从教学楼走廊远远看见她,11,移除时间、地点、人物或关系模板，归并到核心概念
9116,遗憾校园时光里没有过体育课自由活动时互相检查听写答案的画面,29,compressed,互相检查听写答案,8,移除时间、地点、人物或关系模板，归并到核心概念
9117,遗憾校园时光里没有过体育课自由活动时听见广播里放过的那首歌的画面,32,compressed,听见广播里放过的那首歌,11,移除时间、地点、人物或关系模板，归并到核心概念
9118,遗憾校园时光里没有过体育课自由活动时在校服背面签下名字的画面,30,compressed,在校服背面签下名字,9,移除时间、地点、人物或关系模板，归并到核心概念
9119,遗憾校园时光里没有过午休醒来后在走廊等喜欢的人经过的画面,28,deleted,,0,模板变体、超长表达或配额外的同概念近似项
9120,遗憾校园时光里没有过体育课自由活动时发现她见面前认真扎好头发的画面,33,compressed,发现她见面前认真扎好头发,12,移除时间、地点、人物或关系模板，归并到核心概念
9121,遗憾校园时光里没有过体育课自由活动时在便利贴上画一颗小心心的画面,32,compressed,在便利贴上画一颗小心心,11,移除时间、地点、人物或关系模板，归并到核心概念
9122,遗憾校园时光里没有过体育课自由活动时在楼梯转角意外遇见喜欢的人的画面,34,deleted,,0,模板变体、超长表达或配额外的同概念近似项
9123,遗憾校园时光里没有过体育课自由活动时替对方保管暂时没收的手机的画面,33,compressed,替对方保管暂时没收的手机,12,移除时间、地点、人物或关系模板，归并到核心概念
9124,遗憾校园时光里没有过体育课自由活动时看见晨光落在她的课桌上的画面,32,compressed,看见晨光落在她的课桌上,11,移除时间、地点、人物或关系模板，归并到核心概念
9125,遗憾校园时光里没有过体育课自由活动时把没送出的情书带回家的画面,31,compressed,把没送出的情书带回家,10,移除时间、地点、人物或关系模板，归并到核心概念
9126,遗憾校园时光里没有过午休醒来后课间绕路去隔壁班门口的画面,28,deleted,,0,模板变体、超长表达或配额外的同概念近似项
9127,遗憾校园时光里没有过体育课自由活动时看见她穿着宽大的校服外套的画面,33,compressed,看见她穿着宽大的校服外套,12,移除时间、地点、人物或关系模板，归并到核心概念
9128,遗憾校园时光里没有过体育课自由活动时把名字写在同一张草稿纸上的画面,33,compressed,把名字写在同一张草稿纸上,12,移除时间、地点、人物或关系模板，归并到核心概念
9129,遗憾校园时光里没有过体育课自由活动时绕路经过她常去的饮水机的画面,32,compressed,绕路经过她常去的饮水机,11,移除时间、地点、人物或关系模板，归并到核心概念
9130,遗憾校园时光里没有过体育课自由活动时给趴在桌上的人留一盒牛奶的画面,33,compressed,给趴在桌上的人留一盒牛奶,12,移除时间、地点、人物或关系模板，归并到核心概念
9131,遗憾校园时光里没有过体育课自由活动时看见晚霞穿过教学楼窗户的画面,32,compressed,看见晚霞穿过教学楼窗户,11,移除时间、地点、人物或关系模板，归并到核心概念
9132,遗憾校园时光里没有过体育课自由活动时错过毕业前最后一次告白的画面,32,compressed,错过毕业前最后一次告白,11,移除时间、地点、人物或关系模板，归并到核心概念
9133,遗憾校园时光里没有过午休醒来后替心动对象去小卖部带饮料的画面,30,deleted,,0,模板变体、超长表达或配额外的同概念近似项
9134,遗憾校园时光里没有过体育课自由活动时认出人群里熟悉的校服衣角的画面,33,compressed,认出人群里熟悉的校服衣角,12,移除时间、地点、人物或关系模板，归并到核心概念
9135,遗憾校园时光里没有过体育课自由活动时交换一根代表好感的小皮筋的画面,33,compressed,交换一根代表好感的小皮筋,12,移除时间、地点、人物或关系模板，归并到核心概念
9136,遗憾校园时光里没有过体育课自由活动时在图书馆同一排书架重逢的画面,32,compressed,在图书馆同一排书架重逢,11,移除时间、地点、人物或关系模板，归并到核心概念
9137,遗憾校园时光里没有过体育课自由活动时提醒喜欢的人带伞的画面,29,compressed,提醒喜欢的人带伞,8,移除时间、地点、人物或关系模板，归并到核心概念
9138,遗憾校园时光里没有过体育课自由活动时记住树影在校服上轻轻晃动的画面,33,compressed,记住树影在校服上轻轻晃动,12,移除时间、地点、人物或关系模板，归并到核心概念
9139,遗憾校园时光里没有过体育课自由活动时把喜欢藏进高考结束的夏天的画面,33,compressed,把喜欢藏进高考结束的夏天,12,移除时间、地点、人物或关系模板，归并到核心概念
9140,遗憾校园时光里没有过午休醒来后在人群中寻找熟悉的校服背影的画面,31,deleted,,0,模板变体、超长表达或配额外的同概念近似项
9141,遗憾校园时光里没有过体育课自由活动时替对方整理歪掉的校服领口的画面,33,compressed,替对方整理歪掉的校服领口,12,移除时间、地点、人物或关系模板，归并到核心概念
9142,遗憾校园时光里没有过体育课自由活动时把校服第二颗纽扣留作纪念的画面,33,compressed,把校服第二颗纽扣留作纪念,12,移除时间、地点、人物或关系模板，归并到核心概念
9143,遗憾校园时光里没有过体育课自由活动时在自习室替对方留一个座位的画面,33,compressed,在自习室替对方留一个座位,12,移除时间、地点、人物或关系模板，归并到核心概念
9144,遗憾校园时光里没有过体育课自由活动时把自己的外套借给对方的画面,31,compressed,把自己的外套借给对方,10,移除时间、地点、人物或关系模板，归并到核心概念
9145,遗憾校园时光里没有过体育课自由活动时看见雨水沿着教室玻璃滑下的画面,33,compressed,看见雨水沿着教室玻璃滑下,12,移除时间、地点、人物或关系模板，归并到核心概念
9146,遗憾校园时光里没有过体育课自由活动时约定收到录取通知后再见的画面,32,compressed,约定收到录取通知后再见,11,移除时间、地点、人物或关系模板，归并到核心概念
9147,遗憾校园时光里没有过午休醒来后放学后并肩走出校门的画面,27,deleted,,0,模板变体、超长表达或配额外的同概念近似项
9148,遗憾校园时光里没有过体育课自由活动时注意到校服袖口写着名字的画面,32,compressed,注意到校服袖口写着名字,11,移除时间、地点、人物或关系模板，归并到核心概念
9149,遗憾校园时光里没有过体育课自由活动时送出成对的钥匙扣的画面,29,compressed,送出成对的钥匙扣,8,移除时间、地点、人物或关系模板，归并到核心概念
9150,遗憾校园时光里没有过体育课自由活动时在小卖部门口假装偶遇的画面,31,compressed,在小卖部门口假装偶遇,10,移除时间、地点、人物或关系模板，归并到核心概念
9151,遗憾校园时光里没有过体育课自由活动时记住她不吃的食堂菜的画面,30,compressed,记住她不吃的食堂菜,9,移除时间、地点、人物或关系模板，归并到核心概念
9152,遗憾校园时光里没有过体育课自由活动时闻到新课本混着油墨的气味的画面,33,compressed,闻到新课本混着油墨的气味,12,移除时间、地点、人物或关系模板，归并到核心概念
9153,遗憾校园时光里没有过体育课自由活动时在散伙饭上忍住没说的话的画面,32,compressed,在散伙饭上忍住没说的话,11,移除时间、地点、人物或关系模板，归并到核心概念
9154,遗憾校园时光里没有过午休醒来后推着自行车陪对方慢慢走的画面,29,deleted,,0,模板变体、超长表达或配额外的同概念近似项
9155,遗憾校园时光里没有过体育课自由活动时看见白衬衫被晚霞染成金色的画面,33,compressed,看见白衬衫被晚霞染成金色,12,移除时间、地点、人物或关系模板，归并到核心概念
9156,遗憾校园时光里没有过体育课自由活动时互换写着祝福的书签的画面,30,compressed,互换写着祝福的书签,9,移除时间、地点、人物或关系模板，归并到核心概念
9157,遗憾校园时光里没有过体育课自由活动时在食堂排队时站到她身后的画面,32,compressed,在食堂排队时站到她身后,11,移除时间、地点、人物或关系模板，归并到核心概念
9158,遗憾校园时光里没有过体育课自由活动时替迟到的人悄悄留门的画面,30,compressed,替迟到的人悄悄留门,9,移除时间、地点、人物或关系模板，归并到核心概念
9159,遗憾校园时光里没有过体育课自由活动时记住雨后塑胶跑道的气味的画面,32,compressed,记住雨后塑胶跑道的气味,11,移除时间、地点、人物或关系模板，归并到核心概念
9160,遗憾校园时光里没有过体育课自由活动时听完最后一次校园广播的画面,31,compressed,听完最后一次校园广播,10,移除时间、地点、人物或关系模板，归并到核心概念
9161,遗憾校园时光里没有过午休醒来后一起等最后一班公交车的画面,28,deleted,,0,模板变体、超长表达或配额外的同概念近似项
9162,遗憾校园时光里没有过体育课自由活动时发现手腕上多了一根小皮筋的画面,33,compressed,发现手腕上多了一根小皮筋,12,移除时间、地点、人物或关系模板，归并到核心概念
9163,遗憾校园时光里没有过体育课自由活动时借出一支舍不得收回的笔的画面,32,compressed,借出一支舍不得收回的笔,11,移除时间、地点、人物或关系模板，归并到核心概念
9164,遗憾校园时光里没有过体育课自由活动时在校园广播站等一首点歌的画面,32,compressed,在校园广播站等一首点歌,11,移除时间、地点、人物或关系模板，归并到核心概念
9165,遗憾校园时光里没有过体育课自由活动时在值日时一起擦黑板的画面,30,compressed,在值日时一起擦黑板,9,移除时间、地点、人物或关系模板，归并到核心概念
9166,遗憾校园时光里没有过体育课自由活动时感到共用雨伞时靠近的温度的画面,33,compressed,感到共用雨伞时靠近的温度,12,移除时间、地点、人物或关系模板，归并到核心概念
9167,遗憾校园时光里没有过体育课自由活动时收拾课桌时找到旧纸条的画面,31,compressed,收拾课桌时找到旧纸条,10,移除时间、地点、人物或关系模板，归并到核心概念
9168,遗憾校园时光里没有过午休醒来后约好第二天在校门口见的画面,28,deleted,,0,模板变体、超长表达或配额外的同概念近似项
9169,遗憾校园时光里没有过体育课自由活动时把对方送的小皮筋戴在手腕的画面,33,compressed,把对方送的小皮筋戴在手腕,12,移除时间、地点、人物或关系模板，归并到核心概念
9170,遗憾校园时光里没有过体育课自由活动时在橡皮上刻下对方的缩写的画面,32,compressed,在橡皮上刻下对方的缩写,11,移除时间、地点、人物或关系模板，归并到核心概念
9171,遗憾校园时光里没有过体育课自由活动时在礼堂散场后寻找对方的画面,31,compressed,在礼堂散场后寻找对方,10,移除时间、地点、人物或关系模板，归并到核心概念
9172,遗憾校园时光里没有过体育课自由活动时一起搬运动会用的桌椅的画面,31,compressed,一起搬运动会用的桌椅,10,移除时间、地点、人物或关系模板，归并到核心概念
9173,遗憾校园时光里没有过体育课自由活动时记住冬天热水杯传来的暖意的画面,33,compressed,记住冬天热水杯传来的暖意,12,移除时间、地点、人物或关系模板，归并到核心概念
9174,遗憾校园时光里没有过体育课自由活动时离校前再走一遍熟悉的操场的画面,33,compressed,离校前再走一遍熟悉的操场,12,移除时间、地点、人物或关系模板，归并到核心概念
9175,遗憾校园时光里没有过午休醒来后在操场看台说出喜欢的画面,27,deleted,,0,模板变体、超长表达或配额外的同概念近似项
9176,遗憾校园时光里没有过体育课自由活动时认出书包上新挂的钥匙扣的画面,32,compressed,认出书包上新挂的钥匙扣,11,移除时间、地点、人物或关系模板，归并到核心概念
9177,遗憾校园时光里没有过体育课自由活动时把复习资料装订得整整齐齐的画面,33,compressed,把复习资料装订得整整齐齐,12,移除时间、地点、人物或关系模板，归并到核心概念
9178,遗憾校园时光里没有过体育课自由活动时沿着操场跑道陪她慢慢走的画面,32,compressed,沿着操场跑道陪她慢慢走,11,移除时间、地点、人物或关系模板，归并到核心概念
9179,遗憾校园时光里没有过体育课自由活动时在社团排练后帮忙收器材的画面,32,compressed,在社团排练后帮忙收器材,11,移除时间、地点、人物或关系模板，归并到核心概念
9180,遗憾校园时光里没有过体育课自由活动时等春天樱花落在她肩上的画面,31,compressed,等春天樱花落在她肩上,10,移除时间、地点、人物或关系模板，归并到核心概念
9181,遗憾校园时光里没有过体育课自由活动时在校门口说出以后常联系的画面,32,compressed,在校门口说出以后常联系,11,移除时间、地点、人物或关系模板，归并到核心概念
9182,遗憾校园时光里没有过午休醒来后把暗恋告诉最信任的同学的画面,29,deleted,,0,模板变体、超长表达或配额外的同概念近似项
9183,遗憾校园时光里没有过体育课自由活动时留意她每天更换的发卡的画面,31,compressed,留意她每天更换的发卡,10,移除时间、地点、人物或关系模板，归并到核心概念
9184,遗憾校园时光里没有过体育课自由活动时在错题本角落留下鼓励的画面,31,compressed,在错题本角落留下鼓励,10,移除时间、地点、人物或关系模板，归并到核心概念
9185,遗憾校园时光里没有过体育课自由活动时在篮球场边递上一瓶水的画面,31,compressed,在篮球场边递上一瓶水,10,移除时间、地点、人物或关系模板，归并到核心概念
9186,遗憾校园时光里没有过体育课自由活动时为对方的比赛偷偷加油的画面,31,compressed,为对方的比赛偷偷加油,10,移除时间、地点、人物或关系模板，归并到核心概念
9187,遗憾校园时光里没有过体育课自由活动时在盛夏风扇声里偷偷心动的画面,32,compressed,在盛夏风扇声里偷偷心动,11,移除时间、地点、人物或关系模板，归并到核心概念
9188,遗憾校园时光里没有过体育课自由活动时目送对方坐上不同方向的车的画面,33,compressed,目送对方坐上不同方向的车,12,移除时间、地点、人物或关系模板，归并到核心概念
9189,遗憾校园时光里没有过午休醒来后收到对方认真回应的好感的画面,29,deleted,,0,模板变体、超长表达或配额外的同概念近似项
9190,遗憾校园时光里没有过体育课自由活动时记住帆布鞋踩过积水的声音的画面,33,deleted,,0,模板变体、超长表达或配额外的同概念近似项
9191,遗憾校园时光里没有过体育课自由活动时用同一本练习册对答案的画面,31,deleted,,0,模板变体、超长表达或配额外的同概念近似项
9192,遗憾校园时光里没有过体育课自由活动时在看台最高一排并肩坐着的画面,32,compressed,在看台最高一排并肩坐着,11,移除时间、地点、人物或关系模板，归并到核心概念
9193,遗憾校园时光里没有过体育课自由活动时在班级合唱时站到她旁边的画面,32,compressed,在班级合唱时站到她旁边,11,移除时间、地点、人物或关系模板，归并到核心概念
9194,遗憾校园时光里没有过体育课自由活动时看秋叶堆满放学的小路的画面,31,deleted,,0,模板变体、超长表达或配额外的同概念近似项
9195,遗憾校园时光里没有过体育课自由活动时发现最后一句聊天停在毕业快乐的画面,35,deleted,,0,模板变体、超长表达或配额外的同概念近似项
9196,遗憾校园时光里没有过午休醒来后从同桌变成互相喜欢的人的画面,29,deleted,,0,模板变体、超长表达或配额外的同概念近似项
9197,遗憾校园时光里没有过体育课自由活动时看见运动服背后的班级号码的画面,33,deleted,,0,模板变体、超长表达或配额外的同概念近似项
9198,遗憾校园时光里没有过体育课自由活动时把借书卡藏进喜欢的书里的画面,32,deleted,,0,模板变体、超长表达或配额外的同概念近似项
9199,遗憾校园时光里没有过体育课自由活动时在体育馆门口等训练结束的画面,32,deleted,,0,模板变体、超长表达或配额外的同概念近似项
9200,遗憾校园时光里没有过体育课自由活动时假装随口询问周末安排的画面,31,deleted,,0,模板变体、超长表达或配额外的同概念近似项
9201,遗憾校园时光里没有过体育课自由活动时在初雪那天想和她一起走的画面,32,deleted,,0,模板变体、超长表达或配额外的同概念近似项
9202,遗憾校园时光里没有过体育课自由活动时因为去往不同城市慢慢失联的画面,33,deleted,,0,模板变体、超长表达或配额外的同概念近似项
9203,遗憾校园时光里没有过午休醒来后在班级起哄中偷偷脸红的画面,28,deleted,,0,模板变体、超长表达或配额外的同概念近似项
9204,遗憾校园时光里没有过体育课自由活动时注意到对方紧张时攥住衣角的画面,33,deleted,,0,模板变体、超长表达或配额外的同概念近似项
9205,遗憾校园时光里没有过体育课自由活动时用值日表制造一起留下的机会的画面,34,deleted,,0,模板变体、超长表达或配额外的同概念近似项
9206,遗憾校园时光里没有过体育课自由活动时沿林荫道推着自行车同行的画面,32,deleted,,0,模板变体、超长表达或配额外的同概念近似项
9207,遗憾校园时光里没有过体育课自由活动时把好笑的事情第一个告诉她的画面,33,deleted,,0,模板变体、超长表达或配额外的同概念近似项
9208,遗憾校园时光里没有过体育课自由活动时记住六月毕业季的闷热的画面,31,deleted,,0,模板变体、超长表达或配额外的同概念近似项
9209,遗憾校园时光里没有过体育课自由活动时多年后翻到泛黄的毕业照的画面,32,deleted,,0,模板变体、超长表达或配额外的同概念近似项
9210,遗憾校园时光里没有过午休醒来后交换只有两个人懂的暗号的画面,29,deleted,,0,模板变体、超长表达或配额外的同概念近似项
9211,遗憾校园时光里没有过体育课自由活动时记住少年骑车时鼓起的衣摆的画面,33,deleted,,0,模板变体、超长表达或配额外的同概念近似项
9212,遗憾校园时光里没有过体育课自由活动时在课程表上圈出共同的空课的画面,33,deleted,,0,模板变体、超长表达或配额外的同概念近似项
9213,遗憾校园时光里没有过体育课自由活动时在校门口犹豫要不要告别的画面,32,deleted,,0,模板变体、超长表达或配额外的同概念近似项
9214,遗憾校园时光里没有过体育课自由活动时聊天时等对方收拾完书包的画面,32,deleted,,0,模板变体、超长表达或配额外的同概念近似项
9215,遗憾校园时光里没有过体育课自由活动时在傍晚风里听见校服摩擦声的画面,33,deleted,,0,模板变体、超长表达或配额外的同概念近似项
9216,遗憾校园时光里没有过体育课自由活动时重回母校时寻找当年的座位的画面,33,deleted,,0,模板变体、超长表达或配额外的同概念近似项
9217,遗憾校园时光里没有过午休醒来后第一次用恋人的身份说晚安的画面,30,deleted,,0,模板变体、超长表达或配额外的同概念近似项
9218,遗憾校园时光里没有过体育课自由活动时发现镜片后躲闪的目光的画面,31,deleted,,0,模板变体、超长表达或配额外的同概念近似项
9219,遗憾校园时光里没有过体育课自由活动时用广播点歌传递含蓄心意的画面,32,deleted,,0,模板变体、超长表达或配额外的同概念近似项
9220,遗憾校园时光里没有过体育课自由活动时在公交站陪对方等车的画面,30,deleted,,0,模板变体、超长表达或配额外的同概念近似项
9221,遗憾校园时光里没有过体育课自由活动时看见她睡着后压低说话声音的画面,33,deleted,,0,模板变体、超长表达或配额外的同概念近似项
9222,遗憾校园时光里没有过体育课自由活动时尝到小卖部冰汽水的甜味的画面,32,deleted,,0,模板变体、超长表达或配额外的同概念近似项
9223,遗憾校园时光里没有过体育课自由活动时听见校歌突然想起喜欢的人的画面,33,deleted,,0,模板变体、超长表达或配额外的同概念近似项
9224,遗憾校园时光里没有过午休醒来后约定毕业以后也继续联系的画面,29,deleted,,0,模板变体、超长表达或配额外的同概念近似项
9225,遗憾校园时光里没有过体育课自由活动时在人群中认出那双熟悉的球鞋的画面,34,deleted,,0,模板变体、超长表达或配额外的同概念近似项
9226,遗憾校园时光里没有过体育课自由活动时约定用窗台上的水杯当暗号的画面,33,deleted,,0,模板变体、超长表达或配额外的同概念近似项
9227,遗憾校园时光里没有过体育课自由活动时绕远路走过两个人常走的小巷的画面,34,deleted,,0,模板变体、超长表达或配额外的同概念近似项
9228,遗憾校园时光里没有过体育课自由活动时把最后一颗糖留给喜欢的人的画面,33,deleted,,0,模板变体、超长表达或配额外的同概念近似项
9229,遗憾校园时光里没有过体育课自由活动时记住她经过时淡淡的洗衣粉香的画面,34,deleted,,0,模板变体、超长表达或配额外的同概念近似项
9230,遗憾校园时光里没有过体育课自由活动时意识到那次挥手已经是最后一面的画面,35,deleted,,0,模板变体、超长表达或配额外的同概念近似项
9231,遗憾校园时光里没有过体育课自由活动时和喜欢的人隔着课桌对视的画面,32,deleted,,0,模板变体、超长表达或配额外的同概念近似项
9232,遗憾校园时光里没有过晚自习散场后风吹起她额前的刘海的画面,28,compressed,风吹起她额前的刘海,9,移除时间、地点、人物或关系模板，归并到核心概念
9233,遗憾校园时光里没有过晚自习散场后递来一张折好的小纸条的画面,29,compressed,递来一张折好的小纸条,10,移除时间、地点、人物或关系模板，归并到核心概念
9234,遗憾校园时光里没有过晚自习散场后在靠窗的座位等她出现的画面,29,compressed,在靠窗的座位等她出现,10,移除时间、地点、人物或关系模板，归并到核心概念
9235,遗憾校园时光里没有过晚自习散场后把课堂笔记借给喜欢的人的画面,30,compressed,把课堂笔记借给喜欢的人,11,移除时间、地点、人物或关系模板，归并到核心概念
9236,遗憾校园时光里没有过晚自习散场后听见窗外一阵很长的蝉鸣的画面,30,compressed,听见窗外一阵很长的蝉鸣,11,移除时间、地点、人物或关系模板，归并到核心概念
9237,遗憾校园时光里没有过晚自习散场后在毕业册上写下一句祝福的画面,30,compressed,在毕业册上写下一句祝福,11,移除时间、地点、人物或关系模板，归并到核心概念
9238,遗憾校园时光里没有过体育课自由活动时发现同桌悄悄看向自己的画面,31,deleted,,0,模板变体、超长表达或配额外的同概念近似项
9239,遗憾校园时光里没有过晚自习散场后看见她把刘海别到耳后的画面,29,compressed,看见她把刘海别到耳后,10,移除时间、地点、人物或关系模板，归并到核心概念
9240,遗憾校园时光里没有过晚自习散场后在纸条背面写下回复的画面,28,compressed,在纸条背面写下回复,9,移除时间、地点、人物或关系模板，归并到核心概念
9241,遗憾校园时光里没有过晚自习散场后经过对方班级的教室门口的画面,30,compressed,经过对方班级的教室门口,11,移除时间、地点、人物或关系模板，归并到核心概念
9242,遗憾校园时光里没有过晚自习散场后耐心讲一道做错的题的画面,28,compressed,耐心讲一道做错的题,9,移除时间、地点、人物或关系模板，归并到核心概念
9243,遗憾校园时光里没有过晚自习散场后听见下课铃盖过没说完的话的画面,31,compressed,听见下课铃盖过没说完的话,12,移除时间、地点、人物或关系模板，归并到核心概念
9244,遗憾校园时光里没有过晚自习散场后把同学录最后一页留给她的画面,30,compressed,把同学录最后一页留给她,11,移除时间、地点、人物或关系模板，归并到核心概念
9245,遗憾校园时光里没有过体育课自由活动时把喜欢藏在课堂笔记里的画面,31,deleted,,0,模板变体、超长表达或配额外的同概念近似项
9246,遗憾校园时光里没有过晚自习散场后注意到阳光落在她的发梢的画面,30,compressed,注意到阳光落在她的发梢,11,移除时间、地点、人物或关系模板，归并到核心概念
9247,遗憾校园时光里没有过晚自习散场后把没送出的情书夹进书里的画面,30,compressed,把没送出的情书夹进书里,11,移除时间、地点、人物或关系模板，归并到核心概念
9248,遗憾校园时光里没有过晚自习散场后在空教室里多停留一会儿的画面,30,compressed,在空教室里多停留一会儿,11,移除时间、地点、人物或关系模板，归并到核心概念
9249,遗憾校园时光里没有过晚自习散场后一起背诵第二天要抽查的课文的画面,32,deleted,,0,模板变体、超长表达或配额外的同概念近似项
9250,遗憾校园时光里没有过晚自习散场后记住篮球落地的回声的画面,28,compressed,记住篮球落地的回声,9,移除时间、地点、人物或关系模板，归并到核心概念
9251,遗憾校园时光里没有过晚自习散场后在毕业照里悄悄站得更近的画面,30,compressed,在毕业照里悄悄站得更近,11,移除时间、地点、人物或关系模板，归并到核心概念
9252,遗憾校园时光里没有过体育课自由活动时借讲题的机会坐得更近的画面,31,deleted,,0,模板变体、超长表达或配额外的同概念近似项
9253,遗憾校园时光里没有过晚自习散场后记住她低头笑时的酒窝的画面,29,compressed,记住她低头笑时的酒窝,10,移除时间、地点、人物或关系模板，归并到核心概念
9254,遗憾校园时光里没有过晚自习散场后收到一封没有署名的情书的画面,30,compressed,收到一封没有署名的情书,11,移除时间、地点、人物或关系模板，归并到核心概念
9255,遗憾校园时光里没有过晚自习散场后从教学楼走廊远远看见她的画面,30,compressed,从教学楼走廊远远看见她,11,移除时间、地点、人物或关系模板，归并到核心概念
9256,遗憾校园时光里没有过晚自习散场后互相检查听写答案的画面,27,compressed,互相检查听写答案,8,移除时间、地点、人物或关系模板，归并到核心概念
9257,遗憾校园时光里没有过晚自习散场后听见广播里放过的那首歌的画面,30,compressed,听见广播里放过的那首歌,11,移除时间、地点、人物或关系模板，归并到核心概念
9258,遗憾校园时光里没有过晚自习散场后在校服背面签下名字的画面,28,compressed,在校服背面签下名字,9,移除时间、地点、人物或关系模板，归并到核心概念
9259,遗憾校园时光里没有过体育课自由活动时在走廊等喜欢的人经过的画面,31,deleted,,0,模板变体、超长表达或配额外的同概念近似项
9260,遗憾校园时光里没有过晚自习散场后发现她见面前认真扎好头发的画面,31,compressed,发现她见面前认真扎好头发,12,移除时间、地点、人物或关系模板，归并到核心概念
9261,遗憾校园时光里没有过晚自习散场后在便利贴上画一颗小心心的画面,30,compressed,在便利贴上画一颗小心心,11,移除时间、地点、人物或关系模板，归并到核心概念
9262,遗憾校园时光里没有过晚自习散场后在楼梯转角意外遇见喜欢的人的画面,32,deleted,,0,模板变体、超长表达或配额外的同概念近似项
9263,遗憾校园时光里没有过晚自习散场后替对方保管暂时没收的手机的画面,31,compressed,替对方保管暂时没收的手机,12,移除时间、地点、人物或关系模板，归并到核心概念
9264,遗憾校园时光里没有过晚自习散场后看见晨光落在她的课桌上的画面,30,compressed,看见晨光落在她的课桌上,11,移除时间、地点、人物或关系模板，归并到核心概念
9265,遗憾校园时光里没有过晚自习散场后把没送出的情书带回家的画面,29,compressed,把没送出的情书带回家,10,移除时间、地点、人物或关系模板，归并到核心概念
9266,遗憾校园时光里没有过体育课自由活动时课间绕路去隔壁班门口的画面,31,deleted,,0,模板变体、超长表达或配额外的同概念近似项
9267,遗憾校园时光里没有过晚自习散场后看见她穿着宽大的校服外套的画面,31,compressed,看见她穿着宽大的校服外套,12,移除时间、地点、人物或关系模板，归并到核心概念
9268,遗憾校园时光里没有过晚自习散场后把名字写在同一张草稿纸上的画面,31,compressed,把名字写在同一张草稿纸上,12,移除时间、地点、人物或关系模板，归并到核心概念
9269,遗憾校园时光里没有过晚自习散场后绕路经过她常去的饮水机的画面,30,compressed,绕路经过她常去的饮水机,11,移除时间、地点、人物或关系模板，归并到核心概念
9270,遗憾校园时光里没有过晚自习散场后给趴在桌上的人留一盒牛奶的画面,31,compressed,给趴在桌上的人留一盒牛奶,12,移除时间、地点、人物或关系模板，归并到核心概念
9271,遗憾校园时光里没有过晚自习散场后看见晚霞穿过教学楼窗户的画面,30,compressed,看见晚霞穿过教学楼窗户,11,移除时间、地点、人物或关系模板，归并到核心概念
9272,遗憾校园时光里没有过晚自习散场后错过毕业前最后一次告白的画面,30,compressed,错过毕业前最后一次告白,11,移除时间、地点、人物或关系模板，归并到核心概念
9273,遗憾校园时光里没有过体育课自由活动时替心动对象去小卖部带饮料的画面,33,deleted,,0,模板变体、超长表达或配额外的同概念近似项
9274,遗憾校园时光里没有过晚自习散场后认出人群里熟悉的校服衣角的画面,31,compressed,认出人群里熟悉的校服衣角,12,移除时间、地点、人物或关系模板，归并到核心概念
9275,遗憾校园时光里没有过晚自习散场后交换一根代表好感的小皮筋的画面,31,compressed,交换一根代表好感的小皮筋,12,移除时间、地点、人物或关系模板，归并到核心概念
9276,遗憾校园时光里没有过晚自习散场后在图书馆同一排书架重逢的画面,30,compressed,在图书馆同一排书架重逢,11,移除时间、地点、人物或关系模板，归并到核心概念
9277,遗憾校园时光里没有过晚自习散场后提醒喜欢的人带伞的画面,27,compressed,提醒喜欢的人带伞,8,移除时间、地点、人物或关系模板，归并到核心概念
9278,遗憾校园时光里没有过晚自习散场后记住树影在校服上轻轻晃动的画面,31,compressed,记住树影在校服上轻轻晃动,12,移除时间、地点、人物或关系模板，归并到核心概念
9279,遗憾校园时光里没有过晚自习散场后把喜欢藏进高考结束的夏天的画面,31,compressed,把喜欢藏进高考结束的夏天,12,移除时间、地点、人物或关系模板，归并到核心概念
9280,遗憾校园时光里没有过体育课自由活动时在人群中寻找熟悉的校服背影的画面,34,deleted,,0,模板变体、超长表达或配额外的同概念近似项
9281,遗憾校园时光里没有过晚自习散场后替对方整理歪掉的校服领口的画面,31,compressed,替对方整理歪掉的校服领口,12,移除时间、地点、人物或关系模板，归并到核心概念
9282,遗憾校园时光里没有过晚自习散场后把校服第二颗纽扣留作纪念的画面,31,compressed,把校服第二颗纽扣留作纪念,12,移除时间、地点、人物或关系模板，归并到核心概念
9283,遗憾校园时光里没有过晚自习散场后在自习室替对方留一个座位的画面,31,compressed,在自习室替对方留一个座位,12,移除时间、地点、人物或关系模板，归并到核心概念
9284,遗憾校园时光里没有过晚自习散场后把自己的外套借给对方的画面,29,compressed,把自己的外套借给对方,10,移除时间、地点、人物或关系模板，归并到核心概念
9285,遗憾校园时光里没有过晚自习散场后看见雨水沿着教室玻璃滑下的画面,31,compressed,看见雨水沿着教室玻璃滑下,12,移除时间、地点、人物或关系模板，归并到核心概念
9286,遗憾校园时光里没有过晚自习散场后约定收到录取通知后再见的画面,30,compressed,约定收到录取通知后再见,11,移除时间、地点、人物或关系模板，归并到核心概念
9287,遗憾校园时光里没有过体育课自由活动时放学后并肩走出校门的画面,30,deleted,,0,模板变体、超长表达或配额外的同概念近似项
9288,遗憾校园时光里没有过晚自习散场后注意到校服袖口写着名字的画面,30,compressed,注意到校服袖口写着名字,11,移除时间、地点、人物或关系模板，归并到核心概念
9289,遗憾校园时光里没有过晚自习散场后送出成对的钥匙扣的画面,27,compressed,送出成对的钥匙扣,8,移除时间、地点、人物或关系模板，归并到核心概念
9290,遗憾校园时光里没有过晚自习散场后在小卖部门口假装偶遇的画面,29,compressed,在小卖部门口假装偶遇,10,移除时间、地点、人物或关系模板，归并到核心概念
9291,遗憾校园时光里没有过晚自习散场后记住她不吃的食堂菜的画面,28,compressed,记住她不吃的食堂菜,9,移除时间、地点、人物或关系模板，归并到核心概念
9292,遗憾校园时光里没有过晚自习散场后闻到新课本混着油墨的气味的画面,31,compressed,闻到新课本混着油墨的气味,12,移除时间、地点、人物或关系模板，归并到核心概念
9293,遗憾校园时光里没有过晚自习散场后在散伙饭上忍住没说的话的画面,30,compressed,在散伙饭上忍住没说的话,11,移除时间、地点、人物或关系模板，归并到核心概念
9294,遗憾校园时光里没有过体育课自由活动时推着自行车陪对方慢慢走的画面,32,deleted,,0,模板变体、超长表达或配额外的同概念近似项
9295,遗憾校园时光里没有过晚自习散场后看见白衬衫被晚霞染成金色的画面,31,compressed,看见白衬衫被晚霞染成金色,12,移除时间、地点、人物或关系模板，归并到核心概念
9296,遗憾校园时光里没有过晚自习散场后互换写着祝福的书签的画面,28,compressed,互换写着祝福的书签,9,移除时间、地点、人物或关系模板，归并到核心概念
9297,遗憾校园时光里没有过晚自习散场后在食堂排队时站到她身后的画面,30,compressed,在食堂排队时站到她身后,11,移除时间、地点、人物或关系模板，归并到核心概念
9298,遗憾校园时光里没有过晚自习散场后替迟到的人悄悄留门的画面,28,compressed,替迟到的人悄悄留门,9,移除时间、地点、人物或关系模板，归并到核心概念
9299,遗憾校园时光里没有过晚自习散场后记住雨后塑胶跑道的气味的画面,30,compressed,记住雨后塑胶跑道的气味,11,移除时间、地点、人物或关系模板，归并到核心概念
9300,遗憾校园时光里没有过晚自习散场后听完最后一次校园广播的画面,29,compressed,听完最后一次校园广播,10,移除时间、地点、人物或关系模板，归并到核心概念
9301,遗憾校园时光里没有过体育课自由活动时一起等最后一班公交车的画面,31,deleted,,0,模板变体、超长表达或配额外的同概念近似项
9302,遗憾校园时光里没有过晚自习散场后发现手腕上多了一根小皮筋的画面,31,compressed,发现手腕上多了一根小皮筋,12,移除时间、地点、人物或关系模板，归并到核心概念
9303,遗憾校园时光里没有过晚自习散场后借出一支舍不得收回的笔的画面,30,compressed,借出一支舍不得收回的笔,11,移除时间、地点、人物或关系模板，归并到核心概念
9304,遗憾校园时光里没有过晚自习散场后在校园广播站等一首点歌的画面,30,compressed,在校园广播站等一首点歌,11,移除时间、地点、人物或关系模板，归并到核心概念
9305,遗憾校园时光里没有过晚自习散场后在值日时一起擦黑板的画面,28,compressed,在值日时一起擦黑板,9,移除时间、地点、人物或关系模板，归并到核心概念
9306,遗憾校园时光里没有过晚自习散场后感到共用雨伞时靠近的温度的画面,31,compressed,感到共用雨伞时靠近的温度,12,移除时间、地点、人物或关系模板，归并到核心概念
9307,遗憾校园时光里没有过晚自习散场后收拾课桌时找到旧纸条的画面,29,compressed,收拾课桌时找到旧纸条,10,移除时间、地点、人物或关系模板，归并到核心概念
9308,遗憾校园时光里没有过体育课自由活动时约好第二天在校门口见的画面,31,deleted,,0,模板变体、超长表达或配额外的同概念近似项
9309,遗憾校园时光里没有过晚自习散场后把对方送的小皮筋戴在手腕的画面,31,compressed,把对方送的小皮筋戴在手腕,12,移除时间、地点、人物或关系模板，归并到核心概念
9310,遗憾校园时光里没有过晚自习散场后在橡皮上刻下对方的缩写的画面,30,compressed,在橡皮上刻下对方的缩写,11,移除时间、地点、人物或关系模板，归并到核心概念
9311,遗憾校园时光里没有过晚自习散场后在礼堂散场后寻找对方的画面,29,compressed,在礼堂散场后寻找对方,10,移除时间、地点、人物或关系模板，归并到核心概念
9312,遗憾校园时光里没有过晚自习散场后一起搬运动会用的桌椅的画面,29,compressed,一起搬运动会用的桌椅,10,移除时间、地点、人物或关系模板，归并到核心概念
9313,遗憾校园时光里没有过晚自习散场后记住冬天热水杯传来的暖意的画面,31,compressed,记住冬天热水杯传来的暖意,12,移除时间、地点、人物或关系模板，归并到核心概念
9314,遗憾校园时光里没有过晚自习散场后离校前再走一遍熟悉的操场的画面,31,compressed,离校前再走一遍熟悉的操场,12,移除时间、地点、人物或关系模板，归并到核心概念
9315,遗憾校园时光里没有过体育课自由活动时在操场看台说出喜欢的画面,30,deleted,,0,模板变体、超长表达或配额外的同概念近似项
9316,遗憾校园时光里没有过晚自习散场后认出书包上新挂的钥匙扣的画面,30,compressed,认出书包上新挂的钥匙扣,11,移除时间、地点、人物或关系模板，归并到核心概念
9317,遗憾校园时光里没有过晚自习散场后把复习资料装订得整整齐齐的画面,31,compressed,把复习资料装订得整整齐齐,12,移除时间、地点、人物或关系模板，归并到核心概念
9318,遗憾校园时光里没有过晚自习散场后沿着操场跑道陪她慢慢走的画面,30,compressed,沿着操场跑道陪她慢慢走,11,移除时间、地点、人物或关系模板，归并到核心概念
9319,遗憾校园时光里没有过晚自习散场后在社团排练后帮忙收器材的画面,30,compressed,在社团排练后帮忙收器材,11,移除时间、地点、人物或关系模板，归并到核心概念
9320,遗憾校园时光里没有过晚自习散场后等春天樱花落在她肩上的画面,29,compressed,等春天樱花落在她肩上,10,移除时间、地点、人物或关系模板，归并到核心概念
9321,遗憾校园时光里没有过晚自习散场后在校门口说出以后常联系的画面,30,compressed,在校门口说出以后常联系,11,移除时间、地点、人物或关系模板，归并到核心概念
9322,遗憾校园时光里没有过体育课自由活动时把暗恋告诉最信任的同学的画面,32,deleted,,0,模板变体、超长表达或配额外的同概念近似项
9323,遗憾校园时光里没有过晚自习散场后留意她每天更换的发卡的画面,29,compressed,留意她每天更换的发卡,10,移除时间、地点、人物或关系模板，归并到核心概念
9324,遗憾校园时光里没有过晚自习散场后在错题本角落留下鼓励的画面,29,compressed,在错题本角落留下鼓励,10,移除时间、地点、人物或关系模板，归并到核心概念
9325,遗憾校园时光里没有过晚自习散场后在篮球场边递上一瓶水的画面,29,compressed,在篮球场边递上一瓶水,10,移除时间、地点、人物或关系模板，归并到核心概念
9326,遗憾校园时光里没有过晚自习散场后为对方的比赛偷偷加油的画面,29,compressed,为对方的比赛偷偷加油,10,移除时间、地点、人物或关系模板，归并到核心概念
9327,遗憾校园时光里没有过晚自习散场后在盛夏风扇声里偷偷心动的画面,30,compressed,在盛夏风扇声里偷偷心动,11,移除时间、地点、人物或关系模板，归并到核心概念
9328,遗憾校园时光里没有过晚自习散场后目送对方坐上不同方向的车的画面,31,compressed,目送对方坐上不同方向的车,12,移除时间、地点、人物或关系模板，归并到核心概念
9329,遗憾校园时光里没有过体育课自由活动时收到对方认真回应的好感的画面,32,deleted,,0,模板变体、超长表达或配额外的同概念近似项
9330,遗憾校园时光里没有过晚自习散场后记住帆布鞋踩过积水的声音的画面,31,deleted,,0,模板变体、超长表达或配额外的同概念近似项
9331,遗憾校园时光里没有过晚自习散场后用同一本练习册对答案的画面,29,deleted,,0,模板变体、超长表达或配额外的同概念近似项
9332,遗憾校园时光里没有过晚自习散场后在看台最高一排并肩坐着的画面,30,compressed,在看台最高一排并肩坐着,11,移除时间、地点、人物或关系模板，归并到核心概念
9333,遗憾校园时光里没有过晚自习散场后在班级合唱时站到她旁边的画面,30,compressed,在班级合唱时站到她旁边,11,移除时间、地点、人物或关系模板，归并到核心概念
9334,遗憾校园时光里没有过晚自习散场后看秋叶堆满放学的小路的画面,29,deleted,,0,模板变体、超长表达或配额外的同概念近似项
9335,遗憾校园时光里没有过晚自习散场后发现最后一句聊天停在毕业快乐的画面,33,deleted,,0,模板变体、超长表达或配额外的同概念近似项
9336,遗憾校园时光里没有过体育课自由活动时从同桌变成互相喜欢的人的画面,32,deleted,,0,模板变体、超长表达或配额外的同概念近似项
9337,遗憾校园时光里没有过晚自习散场后看见运动服背后的班级号码的画面,31,deleted,,0,模板变体、超长表达或配额外的同概念近似项
9338,遗憾校园时光里没有过晚自习散场后把借书卡藏进喜欢的书里的画面,30,deleted,,0,模板变体、超长表达或配额外的同概念近似项
9339,遗憾校园时光里没有过晚自习散场后在体育馆门口等训练结束的画面,30,deleted,,0,模板变体、超长表达或配额外的同概念近似项
9340,遗憾校园时光里没有过晚自习散场后假装随口询问周末安排的画面,29,deleted,,0,模板变体、超长表达或配额外的同概念近似项
9341,遗憾校园时光里没有过晚自习散场后在初雪那天想和她一起走的画面,30,deleted,,0,模板变体、超长表达或配额外的同概念近似项
9342,遗憾校园时光里没有过晚自习散场后因为去往不同城市慢慢失联的画面,31,deleted,,0,模板变体、超长表达或配额外的同概念近似项
9343,遗憾校园时光里没有过体育课自由活动时在班级起哄中偷偷脸红的画面,31,deleted,,0,模板变体、超长表达或配额外的同概念近似项
9344,遗憾校园时光里没有过晚自习散场后注意到对方紧张时攥住衣角的画面,31,deleted,,0,模板变体、超长表达或配额外的同概念近似项
9345,遗憾校园时光里没有过晚自习散场后用值日表制造一起留下的机会的画面,32,deleted,,0,模板变体、超长表达或配额外的同概念近似项
9346,遗憾校园时光里没有过晚自习散场后沿林荫道推着自行车同行的画面,30,deleted,,0,模板变体、超长表达或配额外的同概念近似项
9347,遗憾校园时光里没有过晚自习散场后把好笑的事情第一个告诉她的画面,31,deleted,,0,模板变体、超长表达或配额外的同概念近似项
9348,遗憾校园时光里没有过晚自习散场后记住六月毕业季的闷热的画面,29,deleted,,0,模板变体、超长表达或配额外的同概念近似项
9349,遗憾校园时光里没有过晚自习散场后多年后翻到泛黄的毕业照的画面,30,deleted,,0,模板变体、超长表达或配额外的同概念近似项
9350,遗憾校园时光里没有过体育课自由活动时交换只有两个人懂的暗号的画面,32,deleted,,0,模板变体、超长表达或配额外的同概念近似项
9351,遗憾校园时光里没有过晚自习散场后记住少年骑车时鼓起的衣摆的画面,31,deleted,,0,模板变体、超长表达或配额外的同概念近似项
9352,遗憾校园时光里没有过晚自习散场后在课程表上圈出共同的空课的画面,31,deleted,,0,模板变体、超长表达或配额外的同概念近似项
9353,遗憾校园时光里没有过晚自习散场后在校门口犹豫要不要告别的画面,30,deleted,,0,模板变体、超长表达或配额外的同概念近似项
9354,遗憾校园时光里没有过晚自习散场后聊天时等对方收拾完书包的画面,30,deleted,,0,模板变体、超长表达或配额外的同概念近似项
9355,遗憾校园时光里没有过晚自习散场后在傍晚风里听见校服摩擦声的画面,31,deleted,,0,模板变体、超长表达或配额外的同概念近似项
9356,遗憾校园时光里没有过晚自习散场后重回母校时寻找当年的座位的画面,31,deleted,,0,模板变体、超长表达或配额外的同概念近似项
9357,遗憾校园时光里没有过体育课自由活动时第一次用恋人的身份说晚安的画面,33,deleted,,0,模板变体、超长表达或配额外的同概念近似项
9358,遗憾校园时光里没有过晚自习散场后发现镜片后躲闪的目光的画面,29,deleted,,0,模板变体、超长表达或配额外的同概念近似项
9359,遗憾校园时光里没有过晚自习散场后用广播点歌传递含蓄心意的画面,30,deleted,,0,模板变体、超长表达或配额外的同概念近似项
9360,遗憾校园时光里没有过晚自习散场后在公交站陪对方等车的画面,28,deleted,,0,模板变体、超长表达或配额外的同概念近似项
9361,遗憾校园时光里没有过晚自习散场后看见她睡着后压低说话声音的画面,31,deleted,,0,模板变体、超长表达或配额外的同概念近似项
9362,遗憾校园时光里没有过晚自习散场后尝到小卖部冰汽水的甜味的画面,30,deleted,,0,模板变体、超长表达或配额外的同概念近似项
9363,遗憾校园时光里没有过晚自习散场后听见校歌突然想起喜欢的人的画面,31,deleted,,0,模板变体、超长表达或配额外的同概念近似项
9364,遗憾校园时光里没有过体育课自由活动时约定毕业以后也继续联系的画面,32,deleted,,0,模板变体、超长表达或配额外的同概念近似项
9365,遗憾校园时光里没有过晚自习散场后在人群中认出那双熟悉的球鞋的画面,32,deleted,,0,模板变体、超长表达或配额外的同概念近似项
9366,遗憾校园时光里没有过晚自习散场后约定用窗台上的水杯当暗号的画面,31,deleted,,0,模板变体、超长表达或配额外的同概念近似项
9367,遗憾校园时光里没有过晚自习散场后绕远路走过两个人常走的小巷的画面,32,deleted,,0,模板变体、超长表达或配额外的同概念近似项
9368,遗憾校园时光里没有过晚自习散场后把最后一颗糖留给喜欢的人的画面,31,deleted,,0,模板变体、超长表达或配额外的同概念近似项
9369,遗憾校园时光里没有过晚自习散场后记住她经过时淡淡的洗衣粉香的画面,32,deleted,,0,模板变体、超长表达或配额外的同概念近似项
9370,遗憾校园时光里没有过晚自习散场后意识到那次挥手已经是最后一面的画面,33,deleted,,0,模板变体、超长表达或配额外的同概念近似项
9371,遗憾校园时光里没有过晚自习散场后和喜欢的人隔着课桌对视的画面,30,deleted,,0,模板变体、超长表达或配额外的同概念近似项
9372,遗憾校园时光里没有过放学人群里风吹起她额前的刘海的画面,27,compressed,风吹起她额前的刘海,9,移除时间、地点、人物或关系模板，归并到核心概念
9373,遗憾校园时光里没有过放学人群里递来一张折好的小纸条的画面,28,compressed,递来一张折好的小纸条,10,移除时间、地点、人物或关系模板，归并到核心概念
9374,遗憾校园时光里没有过放学人群里在靠窗的座位等她出现的画面,28,compressed,在靠窗的座位等她出现,10,移除时间、地点、人物或关系模板，归并到核心概念
9375,遗憾校园时光里没有过放学人群里把课堂笔记借给喜欢的人的画面,29,compressed,把课堂笔记借给喜欢的人,11,移除时间、地点、人物或关系模板，归并到核心概念
9376,遗憾校园时光里没有过放学人群里听见窗外一阵很长的蝉鸣的画面,29,compressed,听见窗外一阵很长的蝉鸣,11,移除时间、地点、人物或关系模板，归并到核心概念
9377,遗憾校园时光里没有过放学人群里在毕业册上写下一句祝福的画面,29,compressed,在毕业册上写下一句祝福,11,移除时间、地点、人物或关系模板，归并到核心概念
9378,遗憾校园时光里没有过晚自习散场后发现同桌悄悄看向自己的画面,29,deleted,,0,模板变体、超长表达或配额外的同概念近似项
9379,遗憾校园时光里没有过放学人群里看见她把刘海别到耳后的画面,28,compressed,看见她把刘海别到耳后,10,移除时间、地点、人物或关系模板，归并到核心概念
9380,遗憾校园时光里没有过放学人群里在纸条背面写下回复的画面,27,compressed,在纸条背面写下回复,9,移除时间、地点、人物或关系模板，归并到核心概念
9381,遗憾校园时光里没有过放学人群里经过对方班级的教室门口的画面,29,compressed,经过对方班级的教室门口,11,移除时间、地点、人物或关系模板，归并到核心概念
9382,遗憾校园时光里没有过放学人群里耐心讲一道做错的题的画面,27,compressed,耐心讲一道做错的题,9,移除时间、地点、人物或关系模板，归并到核心概念
9383,遗憾校园时光里没有过放学人群里听见下课铃盖过没说完的话的画面,30,compressed,听见下课铃盖过没说完的话,12,移除时间、地点、人物或关系模板，归并到核心概念
9384,遗憾校园时光里没有过放学人群里把同学录最后一页留给她的画面,29,compressed,把同学录最后一页留给她,11,移除时间、地点、人物或关系模板，归并到核心概念
9385,遗憾校园时光里没有过晚自习散场后把喜欢藏在课堂笔记里的画面,29,deleted,,0,模板变体、超长表达或配额外的同概念近似项
9386,遗憾校园时光里没有过放学人群里注意到阳光落在她的发梢的画面,29,compressed,注意到阳光落在她的发梢,11,移除时间、地点、人物或关系模板，归并到核心概念
9387,遗憾校园时光里没有过放学人群里把没送出的情书夹进书里的画面,29,compressed,把没送出的情书夹进书里,11,移除时间、地点、人物或关系模板，归并到核心概念
9388,遗憾校园时光里没有过放学人群里在空教室里多停留一会儿的画面,29,compressed,在空教室里多停留一会儿,11,移除时间、地点、人物或关系模板，归并到核心概念
9389,遗憾校园时光里没有过放学人群里一起背诵第二天要抽查的课文的画面,31,deleted,,0,模板变体、超长表达或配额外的同概念近似项
9390,遗憾校园时光里没有过放学人群里记住篮球落地的回声的画面,27,compressed,记住篮球落地的回声,9,移除时间、地点、人物或关系模板，归并到核心概念
9391,遗憾校园时光里没有过放学人群里在毕业照里悄悄站得更近的画面,29,compressed,在毕业照里悄悄站得更近,11,移除时间、地点、人物或关系模板，归并到核心概念
9392,遗憾校园时光里没有过晚自习散场后借讲题的机会坐得更近的画面,29,deleted,,0,模板变体、超长表达或配额外的同概念近似项
9393,遗憾校园时光里没有过放学人群里记住她低头笑时的酒窝的画面,28,compressed,记住她低头笑时的酒窝,10,移除时间、地点、人物或关系模板，归并到核心概念
9394,遗憾校园时光里没有过放学人群里收到一封没有署名的情书的画面,29,compressed,收到一封没有署名的情书,11,移除时间、地点、人物或关系模板，归并到核心概念
9395,遗憾校园时光里没有过放学人群里从教学楼走廊远远看见她的画面,29,compressed,从教学楼走廊远远看见她,11,移除时间、地点、人物或关系模板，归并到核心概念
9396,遗憾校园时光里没有过放学人群里互相检查听写答案的画面,26,compressed,互相检查听写答案,8,移除时间、地点、人物或关系模板，归并到核心概念
9397,遗憾校园时光里没有过放学人群里听见广播里放过的那首歌的画面,29,compressed,听见广播里放过的那首歌,11,移除时间、地点、人物或关系模板，归并到核心概念
9398,遗憾校园时光里没有过放学人群里在校服背面签下名字的画面,27,compressed,在校服背面签下名字,9,移除时间、地点、人物或关系模板，归并到核心概念
9399,遗憾校园时光里没有过晚自习散场后在走廊等喜欢的人经过的画面,29,deleted,,0,模板变体、超长表达或配额外的同概念近似项
9400,遗憾校园时光里没有过放学人群里发现她见面前认真扎好头发的画面,30,compressed,发现她见面前认真扎好头发,12,移除时间、地点、人物或关系模板，归并到核心概念
9401,遗憾校园时光里没有过放学人群里在便利贴上画一颗小心心的画面,29,compressed,在便利贴上画一颗小心心,11,移除时间、地点、人物或关系模板，归并到核心概念
9402,遗憾校园时光里没有过放学人群里在楼梯转角意外遇见喜欢的人的画面,31,deleted,,0,模板变体、超长表达或配额外的同概念近似项
9403,遗憾校园时光里没有过放学人群里替对方保管暂时没收的手机的画面,30,compressed,替对方保管暂时没收的手机,12,移除时间、地点、人物或关系模板，归并到核心概念
9404,遗憾校园时光里没有过放学人群里看见晨光落在她的课桌上的画面,29,compressed,看见晨光落在她的课桌上,11,移除时间、地点、人物或关系模板，归并到核心概念
9405,遗憾校园时光里没有过放学人群里把没送出的情书带回家的画面,28,compressed,把没送出的情书带回家,10,移除时间、地点、人物或关系模板，归并到核心概念
9406,遗憾校园时光里没有过晚自习散场后课间绕路去隔壁班门口的画面,29,deleted,,0,模板变体、超长表达或配额外的同概念近似项
9407,遗憾校园时光里没有过放学人群里看见她穿着宽大的校服外套的画面,30,compressed,看见她穿着宽大的校服外套,12,移除时间、地点、人物或关系模板，归并到核心概念
9408,遗憾校园时光里没有过放学人群里把名字写在同一张草稿纸上的画面,30,compressed,把名字写在同一张草稿纸上,12,移除时间、地点、人物或关系模板，归并到核心概念
9409,遗憾校园时光里没有过放学人群里绕路经过她常去的饮水机的画面,29,compressed,绕路经过她常去的饮水机,11,移除时间、地点、人物或关系模板，归并到核心概念
9410,遗憾校园时光里没有过放学人群里给趴在桌上的人留一盒牛奶的画面,30,compressed,给趴在桌上的人留一盒牛奶,12,移除时间、地点、人物或关系模板，归并到核心概念
9411,遗憾校园时光里没有过放学人群里看见晚霞穿过教学楼窗户的画面,29,compressed,看见晚霞穿过教学楼窗户,11,移除时间、地点、人物或关系模板，归并到核心概念
9412,遗憾校园时光里没有过放学人群里错过毕业前最后一次告白的画面,29,compressed,错过毕业前最后一次告白,11,移除时间、地点、人物或关系模板，归并到核心概念
9413,遗憾校园时光里没有过晚自习散场后替心动对象去小卖部带饮料的画面,31,deleted,,0,模板变体、超长表达或配额外的同概念近似项
9414,遗憾校园时光里没有过放学人群里认出人群里熟悉的校服衣角的画面,30,compressed,认出人群里熟悉的校服衣角,12,移除时间、地点、人物或关系模板，归并到核心概念
9415,遗憾校园时光里没有过放学人群里交换一根代表好感的小皮筋的画面,30,compressed,交换一根代表好感的小皮筋,12,移除时间、地点、人物或关系模板，归并到核心概念
9416,遗憾校园时光里没有过放学人群里在图书馆同一排书架重逢的画面,29,compressed,在图书馆同一排书架重逢,11,移除时间、地点、人物或关系模板，归并到核心概念
9417,遗憾校园时光里没有过放学人群里提醒喜欢的人带伞的画面,26,compressed,提醒喜欢的人带伞,8,移除时间、地点、人物或关系模板，归并到核心概念
9418,遗憾校园时光里没有过放学人群里记住树影在校服上轻轻晃动的画面,30,compressed,记住树影在校服上轻轻晃动,12,移除时间、地点、人物或关系模板，归并到核心概念
9419,遗憾校园时光里没有过放学人群里把喜欢藏进高考结束的夏天的画面,30,compressed,把喜欢藏进高考结束的夏天,12,移除时间、地点、人物或关系模板，归并到核心概念
9420,遗憾校园时光里没有过晚自习散场后在人群中寻找熟悉的校服背影的画面,32,deleted,,0,模板变体、超长表达或配额外的同概念近似项
9421,遗憾校园时光里没有过放学人群里替对方整理歪掉的校服领口的画面,30,compressed,替对方整理歪掉的校服领口,12,移除时间、地点、人物或关系模板，归并到核心概念
9422,遗憾校园时光里没有过放学人群里把校服第二颗纽扣留作纪念的画面,30,compressed,把校服第二颗纽扣留作纪念,12,移除时间、地点、人物或关系模板，归并到核心概念
9423,遗憾校园时光里没有过放学人群里在自习室替对方留一个座位的画面,30,compressed,在自习室替对方留一个座位,12,移除时间、地点、人物或关系模板，归并到核心概念
9424,遗憾校园时光里没有过放学人群里把自己的外套借给对方的画面,28,compressed,把自己的外套借给对方,10,移除时间、地点、人物或关系模板，归并到核心概念
9425,遗憾校园时光里没有过放学人群里看见雨水沿着教室玻璃滑下的画面,30,compressed,看见雨水沿着教室玻璃滑下,12,移除时间、地点、人物或关系模板，归并到核心概念
9426,遗憾校园时光里没有过放学人群里约定收到录取通知后再见的画面,29,compressed,约定收到录取通知后再见,11,移除时间、地点、人物或关系模板，归并到核心概念
9427,遗憾校园时光里没有过晚自习散场后放学后并肩走出校门的画面,28,deleted,,0,模板变体、超长表达或配额外的同概念近似项
9428,遗憾校园时光里没有过放学人群里注意到校服袖口写着名字的画面,29,compressed,注意到校服袖口写着名字,11,移除时间、地点、人物或关系模板，归并到核心概念
9429,遗憾校园时光里没有过放学人群里送出成对的钥匙扣的画面,26,compressed,送出成对的钥匙扣,8,移除时间、地点、人物或关系模板，归并到核心概念
9430,遗憾校园时光里没有过放学人群里在小卖部门口假装偶遇的画面,28,compressed,在小卖部门口假装偶遇,10,移除时间、地点、人物或关系模板，归并到核心概念
9431,遗憾校园时光里没有过放学人群里记住她不吃的食堂菜的画面,27,compressed,记住她不吃的食堂菜,9,移除时间、地点、人物或关系模板，归并到核心概念
9432,遗憾校园时光里没有过放学人群里闻到新课本混着油墨的气味的画面,30,compressed,闻到新课本混着油墨的气味,12,移除时间、地点、人物或关系模板，归并到核心概念
9433,遗憾校园时光里没有过放学人群里在散伙饭上忍住没说的话的画面,29,compressed,在散伙饭上忍住没说的话,11,移除时间、地点、人物或关系模板，归并到核心概念
9434,遗憾校园时光里没有过晚自习散场后推着自行车陪对方慢慢走的画面,30,deleted,,0,模板变体、超长表达或配额外的同概念近似项
9435,遗憾校园时光里没有过放学人群里看见白衬衫被晚霞染成金色的画面,30,compressed,看见白衬衫被晚霞染成金色,12,移除时间、地点、人物或关系模板，归并到核心概念
9436,遗憾校园时光里没有过放学人群里互换写着祝福的书签的画面,27,compressed,互换写着祝福的书签,9,移除时间、地点、人物或关系模板，归并到核心概念
9437,遗憾校园时光里没有过放学人群里在食堂排队时站到她身后的画面,29,compressed,在食堂排队时站到她身后,11,移除时间、地点、人物或关系模板，归并到核心概念
9438,遗憾校园时光里没有过放学人群里替迟到的人悄悄留门的画面,27,compressed,替迟到的人悄悄留门,9,移除时间、地点、人物或关系模板，归并到核心概念
9439,遗憾校园时光里没有过放学人群里记住雨后塑胶跑道的气味的画面,29,compressed,记住雨后塑胶跑道的气味,11,移除时间、地点、人物或关系模板，归并到核心概念
9440,遗憾校园时光里没有过放学人群里听完最后一次校园广播的画面,28,compressed,听完最后一次校园广播,10,移除时间、地点、人物或关系模板，归并到核心概念
9441,遗憾校园时光里没有过晚自习散场后一起等最后一班公交车的画面,29,deleted,,0,模板变体、超长表达或配额外的同概念近似项
9442,遗憾校园时光里没有过放学人群里发现手腕上多了一根小皮筋的画面,30,compressed,发现手腕上多了一根小皮筋,12,移除时间、地点、人物或关系模板，归并到核心概念
9443,遗憾校园时光里没有过放学人群里借出一支舍不得收回的笔的画面,29,compressed,借出一支舍不得收回的笔,11,移除时间、地点、人物或关系模板，归并到核心概念
9444,遗憾校园时光里没有过放学人群里在校园广播站等一首点歌的画面,29,compressed,在校园广播站等一首点歌,11,移除时间、地点、人物或关系模板，归并到核心概念
9445,遗憾校园时光里没有过放学人群里在值日时一起擦黑板的画面,27,compressed,在值日时一起擦黑板,9,移除时间、地点、人物或关系模板，归并到核心概念
9446,遗憾校园时光里没有过放学人群里感到共用雨伞时靠近的温度的画面,30,compressed,感到共用雨伞时靠近的温度,12,移除时间、地点、人物或关系模板，归并到核心概念
9447,遗憾校园时光里没有过放学人群里收拾课桌时找到旧纸条的画面,28,compressed,收拾课桌时找到旧纸条,10,移除时间、地点、人物或关系模板，归并到核心概念
9448,遗憾校园时光里没有过晚自习散场后约好第二天在校门口见的画面,29,deleted,,0,模板变体、超长表达或配额外的同概念近似项
9449,遗憾校园时光里没有过放学人群里把对方送的小皮筋戴在手腕的画面,30,compressed,把对方送的小皮筋戴在手腕,12,移除时间、地点、人物或关系模板，归并到核心概念
9450,遗憾校园时光里没有过放学人群里在橡皮上刻下对方的缩写的画面,29,compressed,在橡皮上刻下对方的缩写,11,移除时间、地点、人物或关系模板，归并到核心概念
9451,遗憾校园时光里没有过放学人群里在礼堂散场后寻找对方的画面,28,compressed,在礼堂散场后寻找对方,10,移除时间、地点、人物或关系模板，归并到核心概念
9452,遗憾校园时光里没有过放学人群里一起搬运动会用的桌椅的画面,28,compressed,一起搬运动会用的桌椅,10,移除时间、地点、人物或关系模板，归并到核心概念
9453,遗憾校园时光里没有过放学人群里记住冬天热水杯传来的暖意的画面,30,compressed,记住冬天热水杯传来的暖意,12,移除时间、地点、人物或关系模板，归并到核心概念
9454,遗憾校园时光里没有过放学人群里离校前再走一遍熟悉的操场的画面,30,compressed,离校前再走一遍熟悉的操场,12,移除时间、地点、人物或关系模板，归并到核心概念
9455,遗憾校园时光里没有过晚自习散场后在操场看台说出喜欢的画面,28,deleted,,0,模板变体、超长表达或配额外的同概念近似项
9456,遗憾校园时光里没有过放学人群里认出书包上新挂的钥匙扣的画面,29,compressed,认出书包上新挂的钥匙扣,11,移除时间、地点、人物或关系模板，归并到核心概念
9457,遗憾校园时光里没有过放学人群里把复习资料装订得整整齐齐的画面,30,compressed,把复习资料装订得整整齐齐,12,移除时间、地点、人物或关系模板，归并到核心概念
9458,遗憾校园时光里没有过放学人群里沿着操场跑道陪她慢慢走的画面,29,compressed,沿着操场跑道陪她慢慢走,11,移除时间、地点、人物或关系模板，归并到核心概念
9459,遗憾校园时光里没有过放学人群里在社团排练后帮忙收器材的画面,29,compressed,在社团排练后帮忙收器材,11,移除时间、地点、人物或关系模板，归并到核心概念
9460,遗憾校园时光里没有过放学人群里等春天樱花落在她肩上的画面,28,compressed,等春天樱花落在她肩上,10,移除时间、地点、人物或关系模板，归并到核心概念
9461,遗憾校园时光里没有过放学人群里在校门口说出以后常联系的画面,29,compressed,在校门口说出以后常联系,11,移除时间、地点、人物或关系模板，归并到核心概念
9462,遗憾校园时光里没有过晚自习散场后把暗恋告诉最信任的同学的画面,30,deleted,,0,模板变体、超长表达或配额外的同概念近似项
9463,遗憾校园时光里没有过放学人群里留意她每天更换的发卡的画面,28,compressed,留意她每天更换的发卡,10,移除时间、地点、人物或关系模板，归并到核心概念
9464,遗憾校园时光里没有过放学人群里在错题本角落留下鼓励的画面,28,compressed,在错题本角落留下鼓励,10,移除时间、地点、人物或关系模板，归并到核心概念
9465,遗憾校园时光里没有过放学人群里在篮球场边递上一瓶水的画面,28,compressed,在篮球场边递上一瓶水,10,移除时间、地点、人物或关系模板，归并到核心概念
9466,遗憾校园时光里没有过放学人群里为对方的比赛偷偷加油的画面,28,compressed,为对方的比赛偷偷加油,10,移除时间、地点、人物或关系模板，归并到核心概念
9467,遗憾校园时光里没有过放学人群里在盛夏风扇声里偷偷心动的画面,29,compressed,在盛夏风扇声里偷偷心动,11,移除时间、地点、人物或关系模板，归并到核心概念
9468,遗憾校园时光里没有过放学人群里目送对方坐上不同方向的车的画面,30,compressed,目送对方坐上不同方向的车,12,移除时间、地点、人物或关系模板，归并到核心概念
9469,遗憾校园时光里没有过晚自习散场后收到对方认真回应的好感的画面,30,deleted,,0,模板变体、超长表达或配额外的同概念近似项
9470,遗憾校园时光里没有过放学人群里记住帆布鞋踩过积水的声音的画面,30,deleted,,0,模板变体、超长表达或配额外的同概念近似项
9471,遗憾校园时光里没有过放学人群里用同一本练习册对答案的画面,28,deleted,,0,模板变体、超长表达或配额外的同概念近似项
9472,遗憾校园时光里没有过放学人群里在看台最高一排并肩坐着的画面,29,compressed,在看台最高一排并肩坐着,11,移除时间、地点、人物或关系模板，归并到核心概念
9473,遗憾校园时光里没有过放学人群里在班级合唱时站到她旁边的画面,29,compressed,在班级合唱时站到她旁边,11,移除时间、地点、人物或关系模板，归并到核心概念
9474,遗憾校园时光里没有过放学人群里看秋叶堆满放学的小路的画面,28,deleted,,0,模板变体、超长表达或配额外的同概念近似项
9475,遗憾校园时光里没有过放学人群里发现最后一句聊天停在毕业快乐的画面,32,deleted,,0,模板变体、超长表达或配额外的同概念近似项
9476,遗憾校园时光里没有过晚自习散场后从同桌变成互相喜欢的人的画面,30,deleted,,0,模板变体、超长表达或配额外的同概念近似项
9477,遗憾校园时光里没有过放学人群里看见运动服背后的班级号码的画面,30,deleted,,0,模板变体、超长表达或配额外的同概念近似项
9478,遗憾校园时光里没有过放学人群里把借书卡藏进喜欢的书里的画面,29,deleted,,0,模板变体、超长表达或配额外的同概念近似项
9479,遗憾校园时光里没有过放学人群里在体育馆门口等训练结束的画面,29,deleted,,0,模板变体、超长表达或配额外的同概念近似项
9480,遗憾校园时光里没有过放学人群里假装随口询问周末安排的画面,28,deleted,,0,模板变体、超长表达或配额外的同概念近似项
9481,遗憾校园时光里没有过放学人群里在初雪那天想和她一起走的画面,29,deleted,,0,模板变体、超长表达或配额外的同概念近似项
9482,遗憾校园时光里没有过放学人群里因为去往不同城市慢慢失联的画面,30,deleted,,0,模板变体、超长表达或配额外的同概念近似项
9483,遗憾校园时光里没有过晚自习散场后在班级起哄中偷偷脸红的画面,29,deleted,,0,模板变体、超长表达或配额外的同概念近似项
9484,遗憾校园时光里没有过放学人群里注意到对方紧张时攥住衣角的画面,30,deleted,,0,模板变体、超长表达或配额外的同概念近似项
9485,遗憾校园时光里没有过放学人群里用值日表制造一起留下的机会的画面,31,deleted,,0,模板变体、超长表达或配额外的同概念近似项
9486,遗憾校园时光里没有过放学人群里沿林荫道推着自行车同行的画面,29,deleted,,0,模板变体、超长表达或配额外的同概念近似项
9487,遗憾校园时光里没有过放学人群里把好笑的事情第一个告诉她的画面,30,deleted,,0,模板变体、超长表达或配额外的同概念近似项
9488,遗憾校园时光里没有过放学人群里记住六月毕业季的闷热的画面,28,deleted,,0,模板变体、超长表达或配额外的同概念近似项
9489,遗憾校园时光里没有过放学人群里多年后翻到泛黄的毕业照的画面,29,deleted,,0,模板变体、超长表达或配额外的同概念近似项
9490,遗憾校园时光里没有过晚自习散场后交换只有两个人懂的暗号的画面,30,deleted,,0,模板变体、超长表达或配额外的同概念近似项
9491,遗憾校园时光里没有过放学人群里记住少年骑车时鼓起的衣摆的画面,30,deleted,,0,模板变体、超长表达或配额外的同概念近似项
9492,遗憾校园时光里没有过放学人群里在课程表上圈出共同的空课的画面,30,deleted,,0,模板变体、超长表达或配额外的同概念近似项
9493,遗憾校园时光里没有过放学人群里在校门口犹豫要不要告别的画面,29,deleted,,0,模板变体、超长表达或配额外的同概念近似项
9494,遗憾校园时光里没有过放学人群里聊天时等对方收拾完书包的画面,29,deleted,,0,模板变体、超长表达或配额外的同概念近似项
9495,遗憾校园时光里没有过放学人群里在傍晚风里听见校服摩擦声的画面,30,deleted,,0,模板变体、超长表达或配额外的同概念近似项
9496,遗憾校园时光里没有过放学人群里重回母校时寻找当年的座位的画面,30,deleted,,0,模板变体、超长表达或配额外的同概念近似项
9497,遗憾校园时光里没有过晚自习散场后第一次用恋人的身份说晚安的画面,31,deleted,,0,模板变体、超长表达或配额外的同概念近似项
9498,遗憾校园时光里没有过放学人群里发现镜片后躲闪的目光的画面,28,deleted,,0,模板变体、超长表达或配额外的同概念近似项
9499,遗憾校园时光里没有过放学人群里用广播点歌传递含蓄心意的画面,29,deleted,,0,模板变体、超长表达或配额外的同概念近似项
9500,遗憾校园时光里没有过放学人群里在公交站陪对方等车的画面,27,deleted,,0,模板变体、超长表达或配额外的同概念近似项
9501,遗憾校园时光里没有过放学人群里看见她睡着后压低说话声音的画面,30,deleted,,0,模板变体、超长表达或配额外的同概念近似项
9502,遗憾校园时光里没有过放学人群里尝到小卖部冰汽水的甜味的画面,29,deleted,,0,模板变体、超长表达或配额外的同概念近似项
9503,遗憾校园时光里没有过放学人群里听见校歌突然想起喜欢的人的画面,30,deleted,,0,模板变体、超长表达或配额外的同概念近似项
9504,遗憾校园时光里没有过晚自习散场后约定毕业以后也继续联系的画面,30,deleted,,0,模板变体、超长表达或配额外的同概念近似项
9505,遗憾校园时光里没有过放学人群里在人群中认出那双熟悉的球鞋的画面,31,deleted,,0,模板变体、超长表达或配额外的同概念近似项
9506,遗憾校园时光里没有过放学人群里约定用窗台上的水杯当暗号的画面,30,deleted,,0,模板变体、超长表达或配额外的同概念近似项
9507,遗憾校园时光里没有过放学人群里绕远路走过两个人常走的小巷的画面,31,deleted,,0,模板变体、超长表达或配额外的同概念近似项
9508,遗憾校园时光里没有过放学人群里把最后一颗糖留给喜欢的人的画面,30,deleted,,0,模板变体、超长表达或配额外的同概念近似项
9509,遗憾校园时光里没有过放学人群里记住她经过时淡淡的洗衣粉香的画面,31,deleted,,0,模板变体、超长表达或配额外的同概念近似项
9510,遗憾校园时光里没有过放学人群里意识到那次挥手已经是最后一面的画面,32,deleted,,0,模板变体、超长表达或配额外的同概念近似项
9511,遗憾校园时光里没有过放学人群里和喜欢的人隔着课桌对视的画面,29,deleted,,0,模板变体、超长表达或配额外的同概念近似项
9512,遗憾校园时光里没有过周末前最后一节课后风吹起她额前的刘海的画面,31,compressed,风吹起她额前的刘海,9,移除时间、地点、人物或关系模板，归并到核心概念
9513,遗憾校园时光里没有过周末前最后一节课后递来一张折好的小纸条的画面,32,compressed,递来一张折好的小纸条,10,移除时间、地点、人物或关系模板，归并到核心概念
9514,遗憾校园时光里没有过周末前最后一节课后在靠窗的座位等她出现的画面,32,compressed,在靠窗的座位等她出现,10,移除时间、地点、人物或关系模板，归并到核心概念
9515,遗憾校园时光里没有过周末前最后一节课后把课堂笔记借给喜欢的人的画面,33,compressed,把课堂笔记借给喜欢的人,11,移除时间、地点、人物或关系模板，归并到核心概念
9516,遗憾校园时光里没有过周末前最后一节课后听见窗外一阵很长的蝉鸣的画面,33,compressed,听见窗外一阵很长的蝉鸣,11,移除时间、地点、人物或关系模板，归并到核心概念
9517,遗憾校园时光里没有过周末前最后一节课后在毕业册上写下一句祝福的画面,33,compressed,在毕业册上写下一句祝福,11,移除时间、地点、人物或关系模板，归并到核心概念
9518,遗憾校园时光里没有过放学人群里发现同桌悄悄看向自己的画面,28,deleted,,0,模板变体、超长表达或配额外的同概念近似项
9519,遗憾校园时光里没有过周末前最后一节课后看见她把刘海别到耳后的画面,32,compressed,看见她把刘海别到耳后,10,移除时间、地点、人物或关系模板，归并到核心概念
9520,遗憾校园时光里没有过周末前最后一节课后在纸条背面写下回复的画面,31,compressed,在纸条背面写下回复,9,移除时间、地点、人物或关系模板，归并到核心概念
9521,遗憾校园时光里没有过周末前最后一节课后经过对方班级的教室门口的画面,33,compressed,经过对方班级的教室门口,11,移除时间、地点、人物或关系模板，归并到核心概念
9522,遗憾校园时光里没有过周末前最后一节课后耐心讲一道做错的题的画面,31,compressed,耐心讲一道做错的题,9,移除时间、地点、人物或关系模板，归并到核心概念
9523,遗憾校园时光里没有过周末前最后一节课后听见下课铃盖过没说完的话的画面,34,compressed,听见下课铃盖过没说完的话,12,移除时间、地点、人物或关系模板，归并到核心概念
9524,遗憾校园时光里没有过周末前最后一节课后把同学录最后一页留给她的画面,33,compressed,把同学录最后一页留给她,11,移除时间、地点、人物或关系模板，归并到核心概念
9525,遗憾校园时光里没有过放学人群里把喜欢藏在课堂笔记里的画面,28,deleted,,0,模板变体、超长表达或配额外的同概念近似项
9526,遗憾校园时光里没有过周末前最后一节课后注意到阳光落在她的发梢的画面,33,compressed,注意到阳光落在她的发梢,11,移除时间、地点、人物或关系模板，归并到核心概念
9527,遗憾校园时光里没有过周末前最后一节课后把没送出的情书夹进书里的画面,33,compressed,把没送出的情书夹进书里,11,移除时间、地点、人物或关系模板，归并到核心概念
9528,遗憾校园时光里没有过周末前最后一节课后在空教室里多停留一会儿的画面,33,compressed,在空教室里多停留一会儿,11,移除时间、地点、人物或关系模板，归并到核心概念
9529,遗憾校园时光里没有过周末前最后一节课后一起背诵第二天要抽查的课文的画面,35,deleted,,0,模板变体、超长表达或配额外的同概念近似项
9530,遗憾校园时光里没有过周末前最后一节课后记住篮球落地的回声的画面,31,compressed,记住篮球落地的回声,9,移除时间、地点、人物或关系模板，归并到核心概念
9531,遗憾校园时光里没有过周末前最后一节课后在毕业照里悄悄站得更近的画面,33,compressed,在毕业照里悄悄站得更近,11,移除时间、地点、人物或关系模板，归并到核心概念
9532,遗憾校园时光里没有过放学人群里借讲题的机会坐得更近的画面,28,deleted,,0,模板变体、超长表达或配额外的同概念近似项
9533,遗憾校园时光里没有过周末前最后一节课后记住她低头笑时的酒窝的画面,32,compressed,记住她低头笑时的酒窝,10,移除时间、地点、人物或关系模板，归并到核心概念
9534,遗憾校园时光里没有过周末前最后一节课后收到一封没有署名的情书的画面,33,compressed,收到一封没有署名的情书,11,移除时间、地点、人物或关系模板，归并到核心概念
9535,遗憾校园时光里没有过周末前最后一节课后从教学楼走廊远远看见她的画面,33,compressed,从教学楼走廊远远看见她,11,移除时间、地点、人物或关系模板，归并到核心概念
9536,遗憾校园时光里没有过周末前最后一节课后互相检查听写答案的画面,30,compressed,互相检查听写答案,8,移除时间、地点、人物或关系模板，归并到核心概念
9537,遗憾校园时光里没有过周末前最后一节课后听见广播里放过的那首歌的画面,33,compressed,听见广播里放过的那首歌,11,移除时间、地点、人物或关系模板，归并到核心概念
9538,遗憾校园时光里没有过周末前最后一节课后在校服背面签下名字的画面,31,compressed,在校服背面签下名字,9,移除时间、地点、人物或关系模板，归并到核心概念
9539,遗憾校园时光里没有过放学人群里在走廊等喜欢的人经过的画面,28,deleted,,0,模板变体、超长表达或配额外的同概念近似项
9540,遗憾校园时光里没有过周末前最后一节课后发现她见面前认真扎好头发的画面,34,compressed,发现她见面前认真扎好头发,12,移除时间、地点、人物或关系模板，归并到核心概念
9541,遗憾校园时光里没有过周末前最后一节课后在便利贴上画一颗小心心的画面,33,compressed,在便利贴上画一颗小心心,11,移除时间、地点、人物或关系模板，归并到核心概念
9542,遗憾校园时光里没有过周末前最后一节课后在楼梯转角意外遇见喜欢的人的画面,35,deleted,,0,模板变体、超长表达或配额外的同概念近似项
9543,遗憾校园时光里没有过周末前最后一节课后替对方保管暂时没收的手机的画面,34,compressed,替对方保管暂时没收的手机,12,移除时间、地点、人物或关系模板，归并到核心概念
9544,遗憾校园时光里没有过周末前最后一节课后看见晨光落在她的课桌上的画面,33,compressed,看见晨光落在她的课桌上,11,移除时间、地点、人物或关系模板，归并到核心概念
9545,遗憾校园时光里没有过周末前最后一节课后把没送出的情书带回家的画面,32,compressed,把没送出的情书带回家,10,移除时间、地点、人物或关系模板，归并到核心概念
9546,遗憾校园时光里没有过放学人群里课间绕路去隔壁班门口的画面,28,deleted,,0,模板变体、超长表达或配额外的同概念近似项
9547,遗憾校园时光里没有过周末前最后一节课后看见她穿着宽大的校服外套的画面,34,compressed,看见她穿着宽大的校服外套,12,移除时间、地点、人物或关系模板，归并到核心概念
9548,遗憾校园时光里没有过周末前最后一节课后把名字写在同一张草稿纸上的画面,34,compressed,把名字写在同一张草稿纸上,12,移除时间、地点、人物或关系模板，归并到核心概念
9549,遗憾校园时光里没有过周末前最后一节课后绕路经过她常去的饮水机的画面,33,compressed,绕路经过她常去的饮水机,11,移除时间、地点、人物或关系模板，归并到核心概念
9550,遗憾校园时光里没有过周末前最后一节课后给趴在桌上的人留一盒牛奶的画面,34,compressed,给趴在桌上的人留一盒牛奶,12,移除时间、地点、人物或关系模板，归并到核心概念
9551,遗憾校园时光里没有过周末前最后一节课后看见晚霞穿过教学楼窗户的画面,33,compressed,看见晚霞穿过教学楼窗户,11,移除时间、地点、人物或关系模板，归并到核心概念
9552,遗憾校园时光里没有过周末前最后一节课后错过毕业前最后一次告白的画面,33,compressed,错过毕业前最后一次告白,11,移除时间、地点、人物或关系模板，归并到核心概念
9553,遗憾校园时光里没有过放学人群里替心动对象去小卖部带饮料的画面,30,deleted,,0,模板变体、超长表达或配额外的同概念近似项
9554,遗憾校园时光里没有过周末前最后一节课后认出人群里熟悉的校服衣角的画面,34,compressed,认出人群里熟悉的校服衣角,12,移除时间、地点、人物或关系模板，归并到核心概念
9555,遗憾校园时光里没有过周末前最后一节课后交换一根代表好感的小皮筋的画面,34,compressed,交换一根代表好感的小皮筋,12,移除时间、地点、人物或关系模板，归并到核心概念
9556,遗憾校园时光里没有过周末前最后一节课后在图书馆同一排书架重逢的画面,33,compressed,在图书馆同一排书架重逢,11,移除时间、地点、人物或关系模板，归并到核心概念
9557,遗憾校园时光里没有过周末前最后一节课后提醒喜欢的人带伞的画面,30,compressed,提醒喜欢的人带伞,8,移除时间、地点、人物或关系模板，归并到核心概念
9558,遗憾校园时光里没有过周末前最后一节课后记住树影在校服上轻轻晃动的画面,34,compressed,记住树影在校服上轻轻晃动,12,移除时间、地点、人物或关系模板，归并到核心概念
9559,遗憾校园时光里没有过周末前最后一节课后把喜欢藏进高考结束的夏天的画面,34,compressed,把喜欢藏进高考结束的夏天,12,移除时间、地点、人物或关系模板，归并到核心概念
9560,遗憾校园时光里没有过放学人群里在人群中寻找熟悉的校服背影的画面,31,deleted,,0,模板变体、超长表达或配额外的同概念近似项
9561,遗憾校园时光里没有过周末前最后一节课后替对方整理歪掉的校服领口的画面,34,compressed,替对方整理歪掉的校服领口,12,移除时间、地点、人物或关系模板，归并到核心概念
9562,遗憾校园时光里没有过周末前最后一节课后把校服第二颗纽扣留作纪念的画面,34,compressed,把校服第二颗纽扣留作纪念,12,移除时间、地点、人物或关系模板，归并到核心概念
9563,遗憾校园时光里没有过周末前最后一节课后在自习室替对方留一个座位的画面,34,compressed,在自习室替对方留一个座位,12,移除时间、地点、人物或关系模板，归并到核心概念
9564,遗憾校园时光里没有过周末前最后一节课后把自己的外套借给对方的画面,32,compressed,把自己的外套借给对方,10,移除时间、地点、人物或关系模板，归并到核心概念
9565,遗憾校园时光里没有过周末前最后一节课后看见雨水沿着教室玻璃滑下的画面,34,compressed,看见雨水沿着教室玻璃滑下,12,移除时间、地点、人物或关系模板，归并到核心概念
9566,遗憾校园时光里没有过周末前最后一节课后约定收到录取通知后再见的画面,33,compressed,约定收到录取通知后再见,11,移除时间、地点、人物或关系模板，归并到核心概念
9567,遗憾校园时光里没有过放学人群里放学后并肩走出校门的画面,27,deleted,,0,模板变体、超长表达或配额外的同概念近似项
9568,遗憾校园时光里没有过周末前最后一节课后注意到校服袖口写着名字的画面,33,compressed,注意到校服袖口写着名字,11,移除时间、地点、人物或关系模板，归并到核心概念
9569,遗憾校园时光里没有过周末前最后一节课后送出成对的钥匙扣的画面,30,compressed,送出成对的钥匙扣,8,移除时间、地点、人物或关系模板，归并到核心概念
9570,遗憾校园时光里没有过周末前最后一节课后在小卖部门口假装偶遇的画面,32,compressed,在小卖部门口假装偶遇,10,移除时间、地点、人物或关系模板，归并到核心概念
9571,遗憾校园时光里没有过周末前最后一节课后记住她不吃的食堂菜的画面,31,compressed,记住她不吃的食堂菜,9,移除时间、地点、人物或关系模板，归并到核心概念
9572,遗憾校园时光里没有过周末前最后一节课后闻到新课本混着油墨的气味的画面,34,compressed,闻到新课本混着油墨的气味,12,移除时间、地点、人物或关系模板，归并到核心概念
9573,遗憾校园时光里没有过周末前最后一节课后在散伙饭上忍住没说的话的画面,33,compressed,在散伙饭上忍住没说的话,11,移除时间、地点、人物或关系模板，归并到核心概念
9574,遗憾校园时光里没有过放学人群里推着自行车陪对方慢慢走的画面,29,deleted,,0,模板变体、超长表达或配额外的同概念近似项
9575,遗憾校园时光里没有过周末前最后一节课后看见白衬衫被晚霞染成金色的画面,34,compressed,看见白衬衫被晚霞染成金色,12,移除时间、地点、人物或关系模板，归并到核心概念
9576,遗憾校园时光里没有过周末前最后一节课后互换写着祝福的书签的画面,31,compressed,互换写着祝福的书签,9,移除时间、地点、人物或关系模板，归并到核心概念
9577,遗憾校园时光里没有过周末前最后一节课后在食堂排队时站到她身后的画面,33,compressed,在食堂排队时站到她身后,11,移除时间、地点、人物或关系模板，归并到核心概念
9578,遗憾校园时光里没有过周末前最后一节课后替迟到的人悄悄留门的画面,31,compressed,替迟到的人悄悄留门,9,移除时间、地点、人物或关系模板，归并到核心概念
9579,遗憾校园时光里没有过周末前最后一节课后记住雨后塑胶跑道的气味的画面,33,compressed,记住雨后塑胶跑道的气味,11,移除时间、地点、人物或关系模板，归并到核心概念
9580,遗憾校园时光里没有过周末前最后一节课后听完最后一次校园广播的画面,32,compressed,听完最后一次校园广播,10,移除时间、地点、人物或关系模板，归并到核心概念
9581,遗憾校园时光里没有过放学人群里一起等最后一班公交车的画面,28,deleted,,0,模板变体、超长表达或配额外的同概念近似项
9582,遗憾校园时光里没有过周末前最后一节课后发现手腕上多了一根小皮筋的画面,34,compressed,发现手腕上多了一根小皮筋,12,移除时间、地点、人物或关系模板，归并到核心概念
9583,遗憾校园时光里没有过周末前最后一节课后借出一支舍不得收回的笔的画面,33,compressed,借出一支舍不得收回的笔,11,移除时间、地点、人物或关系模板，归并到核心概念
9584,遗憾校园时光里没有过周末前最后一节课后在校园广播站等一首点歌的画面,33,compressed,在校园广播站等一首点歌,11,移除时间、地点、人物或关系模板，归并到核心概念
9585,遗憾校园时光里没有过周末前最后一节课后在值日时一起擦黑板的画面,31,compressed,在值日时一起擦黑板,9,移除时间、地点、人物或关系模板，归并到核心概念
9586,遗憾校园时光里没有过周末前最后一节课后感到共用雨伞时靠近的温度的画面,34,compressed,感到共用雨伞时靠近的温度,12,移除时间、地点、人物或关系模板，归并到核心概念
9587,遗憾校园时光里没有过周末前最后一节课后收拾课桌时找到旧纸条的画面,32,compressed,收拾课桌时找到旧纸条,10,移除时间、地点、人物或关系模板，归并到核心概念
9588,遗憾校园时光里没有过放学人群里约好第二天在校门口见的画面,28,deleted,,0,模板变体、超长表达或配额外的同概念近似项
9589,遗憾校园时光里没有过周末前最后一节课后把对方送的小皮筋戴在手腕的画面,34,compressed,把对方送的小皮筋戴在手腕,12,移除时间、地点、人物或关系模板，归并到核心概念
9590,遗憾校园时光里没有过周末前最后一节课后在橡皮上刻下对方的缩写的画面,33,compressed,在橡皮上刻下对方的缩写,11,移除时间、地点、人物或关系模板，归并到核心概念
9591,遗憾校园时光里没有过周末前最后一节课后在礼堂散场后寻找对方的画面,32,compressed,在礼堂散场后寻找对方,10,移除时间、地点、人物或关系模板，归并到核心概念
9592,遗憾校园时光里没有过周末前最后一节课后一起搬运动会用的桌椅的画面,32,compressed,一起搬运动会用的桌椅,10,移除时间、地点、人物或关系模板，归并到核心概念
9593,遗憾校园时光里没有过周末前最后一节课后记住冬天热水杯传来的暖意的画面,34,compressed,记住冬天热水杯传来的暖意,12,移除时间、地点、人物或关系模板，归并到核心概念
9594,遗憾校园时光里没有过周末前最后一节课后离校前再走一遍熟悉的操场的画面,34,compressed,离校前再走一遍熟悉的操场,12,移除时间、地点、人物或关系模板，归并到核心概念
9595,遗憾校园时光里没有过放学人群里在操场看台说出喜欢的画面,27,deleted,,0,模板变体、超长表达或配额外的同概念近似项
9596,遗憾校园时光里没有过周末前最后一节课后认出书包上新挂的钥匙扣的画面,33,compressed,认出书包上新挂的钥匙扣,11,移除时间、地点、人物或关系模板，归并到核心概念
9597,遗憾校园时光里没有过周末前最后一节课后把复习资料装订得整整齐齐的画面,34,compressed,把复习资料装订得整整齐齐,12,移除时间、地点、人物或关系模板，归并到核心概念
9598,遗憾校园时光里没有过周末前最后一节课后沿着操场跑道陪她慢慢走的画面,33,compressed,沿着操场跑道陪她慢慢走,11,移除时间、地点、人物或关系模板，归并到核心概念
9599,遗憾校园时光里没有过周末前最后一节课后在社团排练后帮忙收器材的画面,33,compressed,在社团排练后帮忙收器材,11,移除时间、地点、人物或关系模板，归并到核心概念
9600,遗憾校园时光里没有过周末前最后一节课后等春天樱花落在她肩上的画面,32,compressed,等春天樱花落在她肩上,10,移除时间、地点、人物或关系模板，归并到核心概念
9601,遗憾校园时光里没有过周末前最后一节课后在校门口说出以后常联系的画面,33,compressed,在校门口说出以后常联系,11,移除时间、地点、人物或关系模板，归并到核心概念
9602,遗憾校园时光里没有过放学人群里把暗恋告诉最信任的同学的画面,29,deleted,,0,模板变体、超长表达或配额外的同概念近似项
9603,遗憾校园时光里没有过周末前最后一节课后留意她每天更换的发卡的画面,32,compressed,留意她每天更换的发卡,10,移除时间、地点、人物或关系模板，归并到核心概念
9604,遗憾校园时光里没有过周末前最后一节课后在错题本角落留下鼓励的画面,32,compressed,在错题本角落留下鼓励,10,移除时间、地点、人物或关系模板，归并到核心概念
9605,遗憾校园时光里没有过周末前最后一节课后在篮球场边递上一瓶水的画面,32,compressed,在篮球场边递上一瓶水,10,移除时间、地点、人物或关系模板，归并到核心概念
9606,遗憾校园时光里没有过周末前最后一节课后为对方的比赛偷偷加油的画面,32,compressed,为对方的比赛偷偷加油,10,移除时间、地点、人物或关系模板，归并到核心概念
9607,遗憾校园时光里没有过周末前最后一节课后在盛夏风扇声里偷偷心动的画面,33,compressed,在盛夏风扇声里偷偷心动,11,移除时间、地点、人物或关系模板，归并到核心概念
9608,遗憾校园时光里没有过周末前最后一节课后目送对方坐上不同方向的车的画面,34,compressed,目送对方坐上不同方向的车,12,移除时间、地点、人物或关系模板，归并到核心概念
9609,遗憾校园时光里没有过放学人群里收到对方认真回应的好感的画面,29,deleted,,0,模板变体、超长表达或配额外的同概念近似项
9610,遗憾校园时光里没有过周末前最后一节课后记住帆布鞋踩过积水的声音的画面,34,deleted,,0,模板变体、超长表达或配额外的同概念近似项
9611,遗憾校园时光里没有过周末前最后一节课后用同一本练习册对答案的画面,32,deleted,,0,模板变体、超长表达或配额外的同概念近似项
9612,遗憾校园时光里没有过周末前最后一节课后在看台最高一排并肩坐着的画面,33,compressed,在看台最高一排并肩坐着,11,移除时间、地点、人物或关系模板，归并到核心概念
9613,遗憾校园时光里没有过周末前最后一节课后在班级合唱时站到她旁边的画面,33,compressed,在班级合唱时站到她旁边,11,移除时间、地点、人物或关系模板，归并到核心概念
9614,遗憾校园时光里没有过周末前最后一节课后看秋叶堆满放学的小路的画面,32,deleted,,0,模板变体、超长表达或配额外的同概念近似项
9615,遗憾校园时光里没有过周末前最后一节课后发现最后一句聊天停在毕业快乐的画面,36,deleted,,0,模板变体、超长表达或配额外的同概念近似项
9616,遗憾校园时光里没有过放学人群里从同桌变成互相喜欢的人的画面,29,deleted,,0,模板变体、超长表达或配额外的同概念近似项
9617,遗憾校园时光里没有过周末前最后一节课后看见运动服背后的班级号码的画面,34,deleted,,0,模板变体、超长表达或配额外的同概念近似项
9618,遗憾校园时光里没有过周末前最后一节课后把借书卡藏进喜欢的书里的画面,33,deleted,,0,模板变体、超长表达或配额外的同概念近似项
9619,遗憾校园时光里没有过周末前最后一节课后在体育馆门口等训练结束的画面,33,deleted,,0,模板变体、超长表达或配额外的同概念近似项
9620,遗憾校园时光里没有过周末前最后一节课后假装随口询问周末安排的画面,32,deleted,,0,模板变体、超长表达或配额外的同概念近似项
9621,遗憾校园时光里没有过周末前最后一节课后在初雪那天想和她一起走的画面,33,deleted,,0,模板变体、超长表达或配额外的同概念近似项
9622,遗憾校园时光里没有过周末前最后一节课后因为去往不同城市慢慢失联的画面,34,deleted,,0,模板变体、超长表达或配额外的同概念近似项
9623,遗憾校园时光里没有过放学人群里在班级起哄中偷偷脸红的画面,28,deleted,,0,模板变体、超长表达或配额外的同概念近似项
9624,遗憾校园时光里没有过周末前最后一节课后注意到对方紧张时攥住衣角的画面,34,deleted,,0,模板变体、超长表达或配额外的同概念近似项
9625,遗憾校园时光里没有过周末前最后一节课后用值日表制造一起留下的机会的画面,35,deleted,,0,模板变体、超长表达或配额外的同概念近似项
9626,遗憾校园时光里没有过周末前最后一节课后沿林荫道推着自行车同行的画面,33,deleted,,0,模板变体、超长表达或配额外的同概念近似项
9627,遗憾校园时光里没有过周末前最后一节课后把好笑的事情第一个告诉她的画面,34,deleted,,0,模板变体、超长表达或配额外的同概念近似项
9628,遗憾校园时光里没有过周末前最后一节课后记住六月毕业季的闷热的画面,32,deleted,,0,模板变体、超长表达或配额外的同概念近似项
9629,遗憾校园时光里没有过周末前最后一节课后多年后翻到泛黄的毕业照的画面,33,deleted,,0,模板变体、超长表达或配额外的同概念近似项
9630,遗憾校园时光里没有过放学人群里交换只有两个人懂的暗号的画面,29,deleted,,0,模板变体、超长表达或配额外的同概念近似项
9631,遗憾校园时光里没有过周末前最后一节课后记住少年骑车时鼓起的衣摆的画面,34,deleted,,0,模板变体、超长表达或配额外的同概念近似项
9632,遗憾校园时光里没有过周末前最后一节课后在课程表上圈出共同的空课的画面,34,deleted,,0,模板变体、超长表达或配额外的同概念近似项
9633,遗憾校园时光里没有过周末前最后一节课后在校门口犹豫要不要告别的画面,33,deleted,,0,模板变体、超长表达或配额外的同概念近似项
9634,遗憾校园时光里没有过周末前最后一节课后聊天时等对方收拾完书包的画面,33,deleted,,0,模板变体、超长表达或配额外的同概念近似项
9635,遗憾校园时光里没有过周末前最后一节课后在傍晚风里听见校服摩擦声的画面,34,deleted,,0,模板变体、超长表达或配额外的同概念近似项
9636,遗憾校园时光里没有过周末前最后一节课后重回母校时寻找当年的座位的画面,34,deleted,,0,模板变体、超长表达或配额外的同概念近似项
9637,遗憾校园时光里没有过放学人群里第一次用恋人的身份说晚安的画面,30,deleted,,0,模板变体、超长表达或配额外的同概念近似项
9638,遗憾校园时光里没有过周末前最后一节课后发现镜片后躲闪的目光的画面,32,deleted,,0,模板变体、超长表达或配额外的同概念近似项
9639,遗憾校园时光里没有过周末前最后一节课后用广播点歌传递含蓄心意的画面,33,deleted,,0,模板变体、超长表达或配额外的同概念近似项
9640,遗憾校园时光里没有过周末前最后一节课后在公交站陪对方等车的画面,31,deleted,,0,模板变体、超长表达或配额外的同概念近似项
9641,遗憾校园时光里没有过周末前最后一节课后看见她睡着后压低说话声音的画面,34,deleted,,0,模板变体、超长表达或配额外的同概念近似项
9642,遗憾校园时光里没有过周末前最后一节课后尝到小卖部冰汽水的甜味的画面,33,deleted,,0,模板变体、超长表达或配额外的同概念近似项
9643,遗憾校园时光里没有过周末前最后一节课后听见校歌突然想起喜欢的人的画面,34,deleted,,0,模板变体、超长表达或配额外的同概念近似项
9644,遗憾校园时光里没有过放学人群里约定毕业以后也继续联系的画面,29,deleted,,0,模板变体、超长表达或配额外的同概念近似项
9645,遗憾校园时光里没有过周末前最后一节课后在人群中认出那双熟悉的球鞋的画面,35,deleted,,0,模板变体、超长表达或配额外的同概念近似项
9646,遗憾校园时光里没有过周末前最后一节课后约定用窗台上的水杯当暗号的画面,34,deleted,,0,模板变体、超长表达或配额外的同概念近似项
9647,遗憾校园时光里没有过周末前最后一节课后绕远路走过两个人常走的小巷的画面,35,deleted,,0,模板变体、超长表达或配额外的同概念近似项
9648,遗憾校园时光里没有过周末前最后一节课后把最后一颗糖留给喜欢的人的画面,34,deleted,,0,模板变体、超长表达或配额外的同概念近似项
9649,遗憾校园时光里没有过周末前最后一节课后记住她经过时淡淡的洗衣粉香的画面,35,deleted,,0,模板变体、超长表达或配额外的同概念近似项
9650,遗憾校园时光里没有过周末前最后一节课后意识到那次挥手已经是最后一面的画面,36,deleted,,0,模板变体、超长表达或配额外的同概念近似项
9651,遗憾校园时光里没有过周末前最后一节课后和喜欢的人隔着课桌对视的画面,33,deleted,,0,模板变体、超长表达或配额外的同概念近似项
9652,遗憾校园时光里没有过雨落窗台的下午风吹起她额前的刘海的画面,29,compressed,风吹起她额前的刘海,9,移除时间、地点、人物或关系模板，归并到核心概念
9653,遗憾校园时光里没有过雨落窗台的下午递来一张折好的小纸条的画面,30,compressed,递来一张折好的小纸条,10,移除时间、地点、人物或关系模板，归并到核心概念
9654,遗憾校园时光里没有过雨落窗台的下午在靠窗的座位等她出现的画面,30,compressed,在靠窗的座位等她出现,10,移除时间、地点、人物或关系模板，归并到核心概念
9655,遗憾校园时光里没有过雨落窗台的下午把课堂笔记借给喜欢的人的画面,31,compressed,把课堂笔记借给喜欢的人,11,移除时间、地点、人物或关系模板，归并到核心概念
9656,遗憾校园时光里没有过雨落窗台的下午听见窗外一阵很长的蝉鸣的画面,31,compressed,听见窗外一阵很长的蝉鸣,11,移除时间、地点、人物或关系模板，归并到核心概念
9657,遗憾校园时光里没有过雨落窗台的下午在毕业册上写下一句祝福的画面,31,compressed,在毕业册上写下一句祝福,11,移除时间、地点、人物或关系模板，归并到核心概念
9658,遗憾校园时光里没有过周末前最后一节课后发现同桌悄悄看向自己的画面,32,deleted,,0,模板变体、超长表达或配额外的同概念近似项
9659,遗憾校园时光里没有过雨落窗台的下午看见她把刘海别到耳后的画面,30,compressed,看见她把刘海别到耳后,10,移除时间、地点、人物或关系模板，归并到核心概念
9660,遗憾校园时光里没有过雨落窗台的下午在纸条背面写下回复的画面,29,compressed,在纸条背面写下回复,9,移除时间、地点、人物或关系模板，归并到核心概念
9661,遗憾校园时光里没有过雨落窗台的下午经过对方班级的教室门口的画面,31,compressed,经过对方班级的教室门口,11,移除时间、地点、人物或关系模板，归并到核心概念
9662,遗憾校园时光里没有过雨落窗台的下午耐心讲一道做错的题的画面,29,compressed,耐心讲一道做错的题,9,移除时间、地点、人物或关系模板，归并到核心概念
9663,遗憾校园时光里没有过雨落窗台的下午听见下课铃盖过没说完的话的画面,32,compressed,听见下课铃盖过没说完的话,12,移除时间、地点、人物或关系模板，归并到核心概念
9664,遗憾校园时光里没有过雨落窗台的下午把同学录最后一页留给她的画面,31,compressed,把同学录最后一页留给她,11,移除时间、地点、人物或关系模板，归并到核心概念
9665,遗憾校园时光里没有过周末前最后一节课后把喜欢藏在课堂笔记里的画面,32,deleted,,0,模板变体、超长表达或配额外的同概念近似项
9666,遗憾校园时光里没有过雨落窗台的下午注意到阳光落在她的发梢的画面,31,compressed,注意到阳光落在她的发梢,11,移除时间、地点、人物或关系模板，归并到核心概念
9667,遗憾校园时光里没有过雨落窗台的下午把没送出的情书夹进书里的画面,31,compressed,把没送出的情书夹进书里,11,移除时间、地点、人物或关系模板，归并到核心概念
9668,遗憾校园时光里没有过雨落窗台的下午在空教室里多停留一会儿的画面,31,compressed,在空教室里多停留一会儿,11,移除时间、地点、人物或关系模板，归并到核心概念
9669,遗憾校园时光里没有过雨落窗台的下午一起背诵第二天要抽查的课文的画面,33,deleted,,0,模板变体、超长表达或配额外的同概念近似项
9670,遗憾校园时光里没有过雨落窗台的下午记住篮球落地的回声的画面,29,compressed,记住篮球落地的回声,9,移除时间、地点、人物或关系模板，归并到核心概念
9671,遗憾校园时光里没有过雨落窗台的下午在毕业照里悄悄站得更近的画面,31,compressed,在毕业照里悄悄站得更近,11,移除时间、地点、人物或关系模板，归并到核心概念
9672,遗憾校园时光里没有过周末前最后一节课后借讲题的机会坐得更近的画面,32,deleted,,0,模板变体、超长表达或配额外的同概念近似项
9673,遗憾校园时光里没有过雨落窗台的下午记住她低头笑时的酒窝的画面,30,compressed,记住她低头笑时的酒窝,10,移除时间、地点、人物或关系模板，归并到核心概念
9674,遗憾校园时光里没有过雨落窗台的下午收到一封没有署名的情书的画面,31,compressed,收到一封没有署名的情书,11,移除时间、地点、人物或关系模板，归并到核心概念
9675,遗憾校园时光里没有过雨落窗台的下午从教学楼走廊远远看见她的画面,31,compressed,从教学楼走廊远远看见她,11,移除时间、地点、人物或关系模板，归并到核心概念
9676,遗憾校园时光里没有过雨落窗台的下午互相检查听写答案的画面,28,compressed,互相检查听写答案,8,移除时间、地点、人物或关系模板，归并到核心概念
9677,遗憾校园时光里没有过雨落窗台的下午听见广播里放过的那首歌的画面,31,compressed,听见广播里放过的那首歌,11,移除时间、地点、人物或关系模板，归并到核心概念
9678,遗憾校园时光里没有过雨落窗台的下午在校服背面签下名字的画面,29,compressed,在校服背面签下名字,9,移除时间、地点、人物或关系模板，归并到核心概念
9679,遗憾校园时光里没有过周末前最后一节课后在走廊等喜欢的人经过的画面,32,deleted,,0,模板变体、超长表达或配额外的同概念近似项
9680,遗憾校园时光里没有过雨落窗台的下午发现她见面前认真扎好头发的画面,32,compressed,发现她见面前认真扎好头发,12,移除时间、地点、人物或关系模板，归并到核心概念
9681,遗憾校园时光里没有过雨落窗台的下午在便利贴上画一颗小心心的画面,31,compressed,在便利贴上画一颗小心心,11,移除时间、地点、人物或关系模板，归并到核心概念
9682,遗憾校园时光里没有过雨落窗台的下午在楼梯转角意外遇见喜欢的人的画面,33,deleted,,0,模板变体、超长表达或配额外的同概念近似项
9683,遗憾校园时光里没有过雨落窗台的下午替对方保管暂时没收的手机的画面,32,compressed,替对方保管暂时没收的手机,12,移除时间、地点、人物或关系模板，归并到核心概念
9684,遗憾校园时光里没有过雨落窗台的下午看见晨光落在她的课桌上的画面,31,compressed,看见晨光落在她的课桌上,11,移除时间、地点、人物或关系模板，归并到核心概念
9685,遗憾校园时光里没有过雨落窗台的下午把没送出的情书带回家的画面,30,compressed,把没送出的情书带回家,10,移除时间、地点、人物或关系模板，归并到核心概念
9686,遗憾校园时光里没有过周末前最后一节课后课间绕路去隔壁班门口的画面,32,deleted,,0,模板变体、超长表达或配额外的同概念近似项
9687,遗憾校园时光里没有过雨落窗台的下午看见她穿着宽大的校服外套的画面,32,compressed,看见她穿着宽大的校服外套,12,移除时间、地点、人物或关系模板，归并到核心概念
9688,遗憾校园时光里没有过雨落窗台的下午把名字写在同一张草稿纸上的画面,32,compressed,把名字写在同一张草稿纸上,12,移除时间、地点、人物或关系模板，归并到核心概念
9689,遗憾校园时光里没有过雨落窗台的下午绕路经过她常去的饮水机的画面,31,compressed,绕路经过她常去的饮水机,11,移除时间、地点、人物或关系模板，归并到核心概念
9690,遗憾校园时光里没有过雨落窗台的下午给趴在桌上的人留一盒牛奶的画面,32,compressed,给趴在桌上的人留一盒牛奶,12,移除时间、地点、人物或关系模板，归并到核心概念
9691,遗憾校园时光里没有过雨落窗台的下午看见晚霞穿过教学楼窗户的画面,31,compressed,看见晚霞穿过教学楼窗户,11,移除时间、地点、人物或关系模板，归并到核心概念
9692,遗憾校园时光里没有过雨落窗台的下午错过毕业前最后一次告白的画面,31,compressed,错过毕业前最后一次告白,11,移除时间、地点、人物或关系模板，归并到核心概念
9693,遗憾校园时光里没有过周末前最后一节课后替心动对象去小卖部带饮料的画面,34,deleted,,0,模板变体、超长表达或配额外的同概念近似项
9694,遗憾校园时光里没有过雨落窗台的下午认出人群里熟悉的校服衣角的画面,32,compressed,认出人群里熟悉的校服衣角,12,移除时间、地点、人物或关系模板，归并到核心概念
9695,遗憾校园时光里没有过雨落窗台的下午交换一根代表好感的小皮筋的画面,32,compressed,交换一根代表好感的小皮筋,12,移除时间、地点、人物或关系模板，归并到核心概念
9696,遗憾校园时光里没有过雨落窗台的下午在图书馆同一排书架重逢的画面,31,compressed,在图书馆同一排书架重逢,11,移除时间、地点、人物或关系模板，归并到核心概念
9697,遗憾校园时光里没有过雨落窗台的下午提醒喜欢的人带伞的画面,28,compressed,提醒喜欢的人带伞,8,移除时间、地点、人物或关系模板，归并到核心概念
9698,遗憾校园时光里没有过雨落窗台的下午记住树影在校服上轻轻晃动的画面,32,compressed,记住树影在校服上轻轻晃动,12,移除时间、地点、人物或关系模板，归并到核心概念
9699,遗憾校园时光里没有过雨落窗台的下午把喜欢藏进高考结束的夏天的画面,32,compressed,把喜欢藏进高考结束的夏天,12,移除时间、地点、人物或关系模板，归并到核心概念
9700,遗憾校园时光里没有过周末前最后一节课后在人群中寻找熟悉的校服背影的画面,35,deleted,,0,模板变体、超长表达或配额外的同概念近似项
9701,遗憾校园时光里没有过雨落窗台的下午替对方整理歪掉的校服领口的画面,32,compressed,替对方整理歪掉的校服领口,12,移除时间、地点、人物或关系模板，归并到核心概念
9702,遗憾校园时光里没有过雨落窗台的下午把校服第二颗纽扣留作纪念的画面,32,compressed,把校服第二颗纽扣留作纪念,12,移除时间、地点、人物或关系模板，归并到核心概念
9703,遗憾校园时光里没有过雨落窗台的下午在自习室替对方留一个座位的画面,32,compressed,在自习室替对方留一个座位,12,移除时间、地点、人物或关系模板，归并到核心概念
9704,遗憾校园时光里没有过雨落窗台的下午把自己的外套借给对方的画面,30,compressed,把自己的外套借给对方,10,移除时间、地点、人物或关系模板，归并到核心概念
9705,遗憾校园时光里没有过雨落窗台的下午看见雨水沿着教室玻璃滑下的画面,32,compressed,看见雨水沿着教室玻璃滑下,12,移除时间、地点、人物或关系模板，归并到核心概念
9706,遗憾校园时光里没有过雨落窗台的下午约定收到录取通知后再见的画面,31,compressed,约定收到录取通知后再见,11,移除时间、地点、人物或关系模板，归并到核心概念
9707,遗憾校园时光里没有过周末前最后一节课后放学后并肩走出校门的画面,31,deleted,,0,模板变体、超长表达或配额外的同概念近似项
9708,遗憾校园时光里没有过雨落窗台的下午注意到校服袖口写着名字的画面,31,compressed,注意到校服袖口写着名字,11,移除时间、地点、人物或关系模板，归并到核心概念
9709,遗憾校园时光里没有过雨落窗台的下午送出成对的钥匙扣的画面,28,compressed,送出成对的钥匙扣,8,移除时间、地点、人物或关系模板，归并到核心概念
9710,遗憾校园时光里没有过雨落窗台的下午在小卖部门口假装偶遇的画面,30,compressed,在小卖部门口假装偶遇,10,移除时间、地点、人物或关系模板，归并到核心概念
9711,遗憾校园时光里没有过雨落窗台的下午记住她不吃的食堂菜的画面,29,compressed,记住她不吃的食堂菜,9,移除时间、地点、人物或关系模板，归并到核心概念
9712,遗憾校园时光里没有过雨落窗台的下午闻到新课本混着油墨的气味的画面,32,compressed,闻到新课本混着油墨的气味,12,移除时间、地点、人物或关系模板，归并到核心概念
9713,遗憾校园时光里没有过雨落窗台的下午在散伙饭上忍住没说的话的画面,31,compressed,在散伙饭上忍住没说的话,11,移除时间、地点、人物或关系模板，归并到核心概念
9714,遗憾校园时光里没有过周末前最后一节课后推着自行车陪对方慢慢走的画面,33,deleted,,0,模板变体、超长表达或配额外的同概念近似项
9715,遗憾校园时光里没有过雨落窗台的下午看见白衬衫被晚霞染成金色的画面,32,compressed,看见白衬衫被晚霞染成金色,12,移除时间、地点、人物或关系模板，归并到核心概念
9716,遗憾校园时光里没有过雨落窗台的下午互换写着祝福的书签的画面,29,compressed,互换写着祝福的书签,9,移除时间、地点、人物或关系模板，归并到核心概念
9717,遗憾校园时光里没有过雨落窗台的下午在食堂排队时站到她身后的画面,31,compressed,在食堂排队时站到她身后,11,移除时间、地点、人物或关系模板，归并到核心概念
9718,遗憾校园时光里没有过雨落窗台的下午替迟到的人悄悄留门的画面,29,compressed,替迟到的人悄悄留门,9,移除时间、地点、人物或关系模板，归并到核心概念
9719,遗憾校园时光里没有过雨落窗台的下午记住雨后塑胶跑道的气味的画面,31,compressed,记住雨后塑胶跑道的气味,11,移除时间、地点、人物或关系模板，归并到核心概念
9720,遗憾校园时光里没有过雨落窗台的下午听完最后一次校园广播的画面,30,compressed,听完最后一次校园广播,10,移除时间、地点、人物或关系模板，归并到核心概念
9721,遗憾校园时光里没有过周末前最后一节课后一起等最后一班公交车的画面,32,deleted,,0,模板变体、超长表达或配额外的同概念近似项
9722,遗憾校园时光里没有过雨落窗台的下午发现手腕上多了一根小皮筋的画面,32,compressed,发现手腕上多了一根小皮筋,12,移除时间、地点、人物或关系模板，归并到核心概念
9723,遗憾校园时光里没有过雨落窗台的下午借出一支舍不得收回的笔的画面,31,compressed,借出一支舍不得收回的笔,11,移除时间、地点、人物或关系模板，归并到核心概念
9724,遗憾校园时光里没有过雨落窗台的下午在校园广播站等一首点歌的画面,31,compressed,在校园广播站等一首点歌,11,移除时间、地点、人物或关系模板，归并到核心概念
9725,遗憾校园时光里没有过雨落窗台的下午在值日时一起擦黑板的画面,29,compressed,在值日时一起擦黑板,9,移除时间、地点、人物或关系模板，归并到核心概念
9726,遗憾校园时光里没有过雨落窗台的下午感到共用雨伞时靠近的温度的画面,32,compressed,感到共用雨伞时靠近的温度,12,移除时间、地点、人物或关系模板，归并到核心概念
9727,遗憾校园时光里没有过雨落窗台的下午收拾课桌时找到旧纸条的画面,30,compressed,收拾课桌时找到旧纸条,10,移除时间、地点、人物或关系模板，归并到核心概念
9728,遗憾校园时光里没有过周末前最后一节课后约好第二天在校门口见的画面,32,deleted,,0,模板变体、超长表达或配额外的同概念近似项
9729,遗憾校园时光里没有过雨落窗台的下午把对方送的小皮筋戴在手腕的画面,32,compressed,把对方送的小皮筋戴在手腕,12,移除时间、地点、人物或关系模板，归并到核心概念
9730,遗憾校园时光里没有过雨落窗台的下午在橡皮上刻下对方的缩写的画面,31,compressed,在橡皮上刻下对方的缩写,11,移除时间、地点、人物或关系模板，归并到核心概念
9731,遗憾校园时光里没有过雨落窗台的下午在礼堂散场后寻找对方的画面,30,compressed,在礼堂散场后寻找对方,10,移除时间、地点、人物或关系模板，归并到核心概念
9732,遗憾校园时光里没有过雨落窗台的下午一起搬运动会用的桌椅的画面,30,compressed,一起搬运动会用的桌椅,10,移除时间、地点、人物或关系模板，归并到核心概念
9733,遗憾校园时光里没有过雨落窗台的下午记住冬天热水杯传来的暖意的画面,32,compressed,记住冬天热水杯传来的暖意,12,移除时间、地点、人物或关系模板，归并到核心概念
9734,遗憾校园时光里没有过雨落窗台的下午离校前再走一遍熟悉的操场的画面,32,compressed,离校前再走一遍熟悉的操场,12,移除时间、地点、人物或关系模板，归并到核心概念
9735,遗憾校园时光里没有过周末前最后一节课后在操场看台说出喜欢的画面,31,deleted,,0,模板变体、超长表达或配额外的同概念近似项
9736,遗憾校园时光里没有过雨落窗台的下午认出书包上新挂的钥匙扣的画面,31,compressed,认出书包上新挂的钥匙扣,11,移除时间、地点、人物或关系模板，归并到核心概念
9737,遗憾校园时光里没有过雨落窗台的下午把复习资料装订得整整齐齐的画面,32,compressed,把复习资料装订得整整齐齐,12,移除时间、地点、人物或关系模板，归并到核心概念
9738,遗憾校园时光里没有过雨落窗台的下午沿着操场跑道陪她慢慢走的画面,31,compressed,沿着操场跑道陪她慢慢走,11,移除时间、地点、人物或关系模板，归并到核心概念
9739,遗憾校园时光里没有过雨落窗台的下午在社团排练后帮忙收器材的画面,31,compressed,在社团排练后帮忙收器材,11,移除时间、地点、人物或关系模板，归并到核心概念
9740,遗憾校园时光里没有过雨落窗台的下午等春天樱花落在她肩上的画面,30,compressed,等春天樱花落在她肩上,10,移除时间、地点、人物或关系模板，归并到核心概念
9741,遗憾校园时光里没有过雨落窗台的下午在校门口说出以后常联系的画面,31,compressed,在校门口说出以后常联系,11,移除时间、地点、人物或关系模板，归并到核心概念
9742,遗憾校园时光里没有过周末前最后一节课后把暗恋告诉最信任的同学的画面,33,deleted,,0,模板变体、超长表达或配额外的同概念近似项
9743,遗憾校园时光里没有过雨落窗台的下午留意她每天更换的发卡的画面,30,compressed,留意她每天更换的发卡,10,移除时间、地点、人物或关系模板，归并到核心概念
9744,遗憾校园时光里没有过雨落窗台的下午在错题本角落留下鼓励的画面,30,compressed,在错题本角落留下鼓励,10,移除时间、地点、人物或关系模板，归并到核心概念
9745,遗憾校园时光里没有过雨落窗台的下午在篮球场边递上一瓶水的画面,30,compressed,在篮球场边递上一瓶水,10,移除时间、地点、人物或关系模板，归并到核心概念
9746,遗憾校园时光里没有过雨落窗台的下午为对方的比赛偷偷加油的画面,30,compressed,为对方的比赛偷偷加油,10,移除时间、地点、人物或关系模板，归并到核心概念
9747,遗憾校园时光里没有过雨落窗台的下午在盛夏风扇声里偷偷心动的画面,31,compressed,在盛夏风扇声里偷偷心动,11,移除时间、地点、人物或关系模板，归并到核心概念
9748,遗憾校园时光里没有过雨落窗台的下午目送对方坐上不同方向的车的画面,32,compressed,目送对方坐上不同方向的车,12,移除时间、地点、人物或关系模板，归并到核心概念
9749,遗憾校园时光里没有过周末前最后一节课后收到对方认真回应的好感的画面,33,deleted,,0,模板变体、超长表达或配额外的同概念近似项
9750,遗憾校园时光里没有过雨落窗台的下午记住帆布鞋踩过积水的声音的画面,32,deleted,,0,模板变体、超长表达或配额外的同概念近似项
9751,遗憾校园时光里没有过雨落窗台的下午用同一本练习册对答案的画面,30,deleted,,0,模板变体、超长表达或配额外的同概念近似项
9752,遗憾校园时光里没有过雨落窗台的下午在看台最高一排并肩坐着的画面,31,compressed,在看台最高一排并肩坐着,11,移除时间、地点、人物或关系模板，归并到核心概念
9753,遗憾校园时光里没有过雨落窗台的下午在班级合唱时站到她旁边的画面,31,compressed,在班级合唱时站到她旁边,11,移除时间、地点、人物或关系模板，归并到核心概念
9754,遗憾校园时光里没有过雨落窗台的下午看秋叶堆满放学的小路的画面,30,deleted,,0,模板变体、超长表达或配额外的同概念近似项
9755,遗憾校园时光里没有过雨落窗台的下午发现最后一句聊天停在毕业快乐的画面,34,deleted,,0,模板变体、超长表达或配额外的同概念近似项
9756,遗憾校园时光里没有过周末前最后一节课后从同桌变成互相喜欢的人的画面,33,deleted,,0,模板变体、超长表达或配额外的同概念近似项
9757,遗憾校园时光里没有过雨落窗台的下午看见运动服背后的班级号码的画面,32,deleted,,0,模板变体、超长表达或配额外的同概念近似项
9758,遗憾校园时光里没有过雨落窗台的下午把借书卡藏进喜欢的书里的画面,31,deleted,,0,模板变体、超长表达或配额外的同概念近似项
9759,遗憾校园时光里没有过雨落窗台的下午在体育馆门口等训练结束的画面,31,deleted,,0,模板变体、超长表达或配额外的同概念近似项
9760,遗憾校园时光里没有过雨落窗台的下午假装随口询问周末安排的画面,30,deleted,,0,模板变体、超长表达或配额外的同概念近似项
9761,遗憾校园时光里没有过雨落窗台的下午在初雪那天想和她一起走的画面,31,deleted,,0,模板变体、超长表达或配额外的同概念近似项
9762,遗憾校园时光里没有过雨落窗台的下午因为去往不同城市慢慢失联的画面,32,deleted,,0,模板变体、超长表达或配额外的同概念近似项
9763,遗憾校园时光里没有过周末前最后一节课后在班级起哄中偷偷脸红的画面,32,deleted,,0,模板变体、超长表达或配额外的同概念近似项
9764,遗憾校园时光里没有过雨落窗台的下午注意到对方紧张时攥住衣角的画面,32,deleted,,0,模板变体、超长表达或配额外的同概念近似项
9765,遗憾校园时光里没有过雨落窗台的下午用值日表制造一起留下的机会的画面,33,deleted,,0,模板变体、超长表达或配额外的同概念近似项
9766,遗憾校园时光里没有过雨落窗台的下午沿林荫道推着自行车同行的画面,31,deleted,,0,模板变体、超长表达或配额外的同概念近似项
9767,遗憾校园时光里没有过雨落窗台的下午把好笑的事情第一个告诉她的画面,32,deleted,,0,模板变体、超长表达或配额外的同概念近似项
9768,遗憾校园时光里没有过雨落窗台的下午记住六月毕业季的闷热的画面,30,deleted,,0,模板变体、超长表达或配额外的同概念近似项
9769,遗憾校园时光里没有过雨落窗台的下午多年后翻到泛黄的毕业照的画面,31,deleted,,0,模板变体、超长表达或配额外的同概念近似项
9770,遗憾校园时光里没有过周末前最后一节课后交换只有两个人懂的暗号的画面,33,deleted,,0,模板变体、超长表达或配额外的同概念近似项
9771,遗憾校园时光里没有过雨落窗台的下午记住少年骑车时鼓起的衣摆的画面,32,deleted,,0,模板变体、超长表达或配额外的同概念近似项
9772,遗憾校园时光里没有过雨落窗台的下午在课程表上圈出共同的空课的画面,32,deleted,,0,模板变体、超长表达或配额外的同概念近似项
9773,遗憾校园时光里没有过雨落窗台的下午在校门口犹豫要不要告别的画面,31,deleted,,0,模板变体、超长表达或配额外的同概念近似项
9774,遗憾校园时光里没有过雨落窗台的下午聊天时等对方收拾完书包的画面,31,deleted,,0,模板变体、超长表达或配额外的同概念近似项
9775,遗憾校园时光里没有过雨落窗台的下午在傍晚风里听见校服摩擦声的画面,32,deleted,,0,模板变体、超长表达或配额外的同概念近似项
9776,遗憾校园时光里没有过雨落窗台的下午重回母校时寻找当年的座位的画面,32,deleted,,0,模板变体、超长表达或配额外的同概念近似项
9777,遗憾校园时光里没有过周末前最后一节课后第一次用恋人的身份说晚安的画面,34,deleted,,0,模板变体、超长表达或配额外的同概念近似项
9778,遗憾校园时光里没有过雨落窗台的下午发现镜片后躲闪的目光的画面,30,deleted,,0,模板变体、超长表达或配额外的同概念近似项
9779,遗憾校园时光里没有过雨落窗台的下午用广播点歌传递含蓄心意的画面,31,deleted,,0,模板变体、超长表达或配额外的同概念近似项
9780,遗憾校园时光里没有过雨落窗台的下午在公交站陪对方等车的画面,29,deleted,,0,模板变体、超长表达或配额外的同概念近似项
9781,遗憾校园时光里没有过雨落窗台的下午看见她睡着后压低说话声音的画面,32,deleted,,0,模板变体、超长表达或配额外的同概念近似项
9782,遗憾校园时光里没有过雨落窗台的下午尝到小卖部冰汽水的甜味的画面,31,deleted,,0,模板变体、超长表达或配额外的同概念近似项
9783,遗憾校园时光里没有过雨落窗台的下午听见校歌突然想起喜欢的人的画面,32,deleted,,0,模板变体、超长表达或配额外的同概念近似项
9784,遗憾校园时光里没有过周末前最后一节课后约定毕业以后也继续联系的画面,33,deleted,,0,模板变体、超长表达或配额外的同概念近似项
9785,遗憾校园时光里没有过雨落窗台的下午在人群中认出那双熟悉的球鞋的画面,33,deleted,,0,模板变体、超长表达或配额外的同概念近似项
9786,遗憾校园时光里没有过雨落窗台的下午约定用窗台上的水杯当暗号的画面,32,deleted,,0,模板变体、超长表达或配额外的同概念近似项
9787,遗憾校园时光里没有过雨落窗台的下午绕远路走过两个人常走的小巷的画面,33,deleted,,0,模板变体、超长表达或配额外的同概念近似项
9788,遗憾校园时光里没有过雨落窗台的下午把最后一颗糖留给喜欢的人的画面,32,deleted,,0,模板变体、超长表达或配额外的同概念近似项
9789,遗憾校园时光里没有过雨落窗台的下午记住她经过时淡淡的洗衣粉香的画面,33,deleted,,0,模板变体、超长表达或配额外的同概念近似项
9790,遗憾校园时光里没有过雨落窗台的下午意识到那次挥手已经是最后一面的画面,34,deleted,,0,模板变体、超长表达或配额外的同概念近似项
9791,遗憾校园时光里没有过雨落窗台的下午和喜欢的人隔着课桌对视的画面,31,deleted,,0,模板变体、超长表达或配额外的同概念近似项
9792,遗憾校园时光里没有过暑气未散的放学路上风吹起她额前的刘海的画面,31,compressed,风吹起她额前的刘海,9,移除时间、地点、人物或关系模板，归并到核心概念
9793,遗憾校园时光里没有过暑气未散的放学路上递来一张折好的小纸条的画面,32,compressed,递来一张折好的小纸条,10,移除时间、地点、人物或关系模板，归并到核心概念
9794,遗憾校园时光里没有过暑气未散的放学路上在靠窗的座位等她出现的画面,32,compressed,在靠窗的座位等她出现,10,移除时间、地点、人物或关系模板，归并到核心概念
9795,遗憾校园时光里没有过暑气未散的放学路上把课堂笔记借给喜欢的人的画面,33,compressed,把课堂笔记借给喜欢的人,11,移除时间、地点、人物或关系模板，归并到核心概念
9796,遗憾校园时光里没有过暑气未散的放学路上听见窗外一阵很长的蝉鸣的画面,33,compressed,听见窗外一阵很长的蝉鸣,11,移除时间、地点、人物或关系模板，归并到核心概念
9797,遗憾校园时光里没有过暑气未散的放学路上在毕业册上写下一句祝福的画面,33,compressed,在毕业册上写下一句祝福,11,移除时间、地点、人物或关系模板，归并到核心概念
9798,遗憾校园时光里没有过雨落窗台的下午发现同桌悄悄看向自己的画面,30,deleted,,0,模板变体、超长表达或配额外的同概念近似项
9799,遗憾校园时光里没有过暑气未散的放学路上看见她把刘海别到耳后的画面,32,compressed,看见她把刘海别到耳后,10,移除时间、地点、人物或关系模板，归并到核心概念
9800,遗憾校园时光里没有过暑气未散的放学路上在纸条背面写下回复的画面,31,compressed,在纸条背面写下回复,9,移除时间、地点、人物或关系模板，归并到核心概念
9801,遗憾校园时光里没有过暑气未散的放学路上经过对方班级的教室门口的画面,33,compressed,经过对方班级的教室门口,11,移除时间、地点、人物或关系模板，归并到核心概念
9802,遗憾校园时光里没有过暑气未散的放学路上耐心讲一道做错的题的画面,31,compressed,耐心讲一道做错的题,9,移除时间、地点、人物或关系模板，归并到核心概念
9803,遗憾校园时光里没有过暑气未散的放学路上听见下课铃盖过没说完的话的画面,34,compressed,听见下课铃盖过没说完的话,12,移除时间、地点、人物或关系模板，归并到核心概念
9804,遗憾校园时光里没有过暑气未散的放学路上把同学录最后一页留给她的画面,33,compressed,把同学录最后一页留给她,11,移除时间、地点、人物或关系模板，归并到核心概念
9805,遗憾校园时光里没有过雨落窗台的下午把喜欢藏在课堂笔记里的画面,30,deleted,,0,模板变体、超长表达或配额外的同概念近似项
9806,遗憾校园时光里没有过暑气未散的放学路上注意到阳光落在她的发梢的画面,33,compressed,注意到阳光落在她的发梢,11,移除时间、地点、人物或关系模板，归并到核心概念
9807,遗憾校园时光里没有过暑气未散的放学路上把没送出的情书夹进书里的画面,33,compressed,把没送出的情书夹进书里,11,移除时间、地点、人物或关系模板，归并到核心概念
9808,遗憾校园时光里没有过暑气未散的放学路上在空教室里多停留一会儿的画面,33,compressed,在空教室里多停留一会儿,11,移除时间、地点、人物或关系模板，归并到核心概念
9809,遗憾校园时光里没有过暑气未散的放学路上一起背诵第二天要抽查的课文的画面,35,deleted,,0,模板变体、超长表达或配额外的同概念近似项
9810,遗憾校园时光里没有过暑气未散的放学路上记住篮球落地的回声的画面,31,compressed,记住篮球落地的回声,9,移除时间、地点、人物或关系模板，归并到核心概念
9811,遗憾校园时光里没有过暑气未散的放学路上在毕业照里悄悄站得更近的画面,33,compressed,在毕业照里悄悄站得更近,11,移除时间、地点、人物或关系模板，归并到核心概念
9812,遗憾校园时光里没有过雨落窗台的下午借讲题的机会坐得更近的画面,30,deleted,,0,模板变体、超长表达或配额外的同概念近似项
9813,遗憾校园时光里没有过暑气未散的放学路上记住她低头笑时的酒窝的画面,32,compressed,记住她低头笑时的酒窝,10,移除时间、地点、人物或关系模板，归并到核心概念
9814,遗憾校园时光里没有过暑气未散的放学路上收到一封没有署名的情书的画面,33,compressed,收到一封没有署名的情书,11,移除时间、地点、人物或关系模板，归并到核心概念
9815,遗憾校园时光里没有过暑气未散的放学路上从教学楼走廊远远看见她的画面,33,compressed,从教学楼走廊远远看见她,11,移除时间、地点、人物或关系模板，归并到核心概念
9816,遗憾校园时光里没有过暑气未散的放学路上互相检查听写答案的画面,30,compressed,互相检查听写答案,8,移除时间、地点、人物或关系模板，归并到核心概念
9817,遗憾校园时光里没有过暑气未散的放学路上听见广播里放过的那首歌的画面,33,compressed,听见广播里放过的那首歌,11,移除时间、地点、人物或关系模板，归并到核心概念
9818,遗憾校园时光里没有过暑气未散的放学路上在校服背面签下名字的画面,31,compressed,在校服背面签下名字,9,移除时间、地点、人物或关系模板，归并到核心概念
9819,遗憾校园时光里没有过雨落窗台的下午在走廊等喜欢的人经过的画面,30,deleted,,0,模板变体、超长表达或配额外的同概念近似项
9820,遗憾校园时光里没有过暑气未散的放学路上发现她见面前认真扎好头发的画面,34,compressed,发现她见面前认真扎好头发,12,移除时间、地点、人物或关系模板，归并到核心概念
9821,遗憾校园时光里没有过暑气未散的放学路上在便利贴上画一颗小心心的画面,33,compressed,在便利贴上画一颗小心心,11,移除时间、地点、人物或关系模板，归并到核心概念
9822,遗憾校园时光里没有过暑气未散的放学路上在楼梯转角意外遇见喜欢的人的画面,35,deleted,,0,模板变体、超长表达或配额外的同概念近似项
9823,遗憾校园时光里没有过暑气未散的放学路上替对方保管暂时没收的手机的画面,34,compressed,替对方保管暂时没收的手机,12,移除时间、地点、人物或关系模板，归并到核心概念
9824,遗憾校园时光里没有过暑气未散的放学路上看见晨光落在她的课桌上的画面,33,compressed,看见晨光落在她的课桌上,11,移除时间、地点、人物或关系模板，归并到核心概念
9825,遗憾校园时光里没有过暑气未散的放学路上把没送出的情书带回家的画面,32,compressed,把没送出的情书带回家,10,移除时间、地点、人物或关系模板，归并到核心概念
9826,遗憾校园时光里没有过雨落窗台的下午课间绕路去隔壁班门口的画面,30,deleted,,0,模板变体、超长表达或配额外的同概念近似项
9827,遗憾校园时光里没有过暑气未散的放学路上看见她穿着宽大的校服外套的画面,34,compressed,看见她穿着宽大的校服外套,12,移除时间、地点、人物或关系模板，归并到核心概念
9828,遗憾校园时光里没有过暑气未散的放学路上把名字写在同一张草稿纸上的画面,34,compressed,把名字写在同一张草稿纸上,12,移除时间、地点、人物或关系模板，归并到核心概念
9829,遗憾校园时光里没有过暑气未散的放学路上绕路经过她常去的饮水机的画面,33,compressed,绕路经过她常去的饮水机,11,移除时间、地点、人物或关系模板，归并到核心概念
9830,遗憾校园时光里没有过暑气未散的放学路上给趴在桌上的人留一盒牛奶的画面,34,compressed,给趴在桌上的人留一盒牛奶,12,移除时间、地点、人物或关系模板，归并到核心概念
9831,遗憾校园时光里没有过暑气未散的放学路上看见晚霞穿过教学楼窗户的画面,33,compressed,看见晚霞穿过教学楼窗户,11,移除时间、地点、人物或关系模板，归并到核心概念
9832,遗憾校园时光里没有过暑气未散的放学路上错过毕业前最后一次告白的画面,33,compressed,错过毕业前最后一次告白,11,移除时间、地点、人物或关系模板，归并到核心概念
9833,遗憾校园时光里没有过雨落窗台的下午替心动对象去小卖部带饮料的画面,32,deleted,,0,模板变体、超长表达或配额外的同概念近似项
9834,遗憾校园时光里没有过暑气未散的放学路上认出人群里熟悉的校服衣角的画面,34,compressed,认出人群里熟悉的校服衣角,12,移除时间、地点、人物或关系模板，归并到核心概念
9835,遗憾校园时光里没有过暑气未散的放学路上交换一根代表好感的小皮筋的画面,34,compressed,交换一根代表好感的小皮筋,12,移除时间、地点、人物或关系模板，归并到核心概念
9836,遗憾校园时光里没有过暑气未散的放学路上在图书馆同一排书架重逢的画面,33,compressed,在图书馆同一排书架重逢,11,移除时间、地点、人物或关系模板，归并到核心概念
9837,遗憾校园时光里没有过暑气未散的放学路上提醒喜欢的人带伞的画面,30,compressed,提醒喜欢的人带伞,8,移除时间、地点、人物或关系模板，归并到核心概念
9838,遗憾校园时光里没有过暑气未散的放学路上记住树影在校服上轻轻晃动的画面,34,compressed,记住树影在校服上轻轻晃动,12,移除时间、地点、人物或关系模板，归并到核心概念
9839,遗憾校园时光里没有过暑气未散的放学路上把喜欢藏进高考结束的夏天的画面,34,compressed,把喜欢藏进高考结束的夏天,12,移除时间、地点、人物或关系模板，归并到核心概念
9840,遗憾校园时光里没有过雨落窗台的下午在人群中寻找熟悉的校服背影的画面,33,deleted,,0,模板变体、超长表达或配额外的同概念近似项
9841,遗憾校园时光里没有过暑气未散的放学路上替对方整理歪掉的校服领口的画面,34,compressed,替对方整理歪掉的校服领口,12,移除时间、地点、人物或关系模板，归并到核心概念
9842,遗憾校园时光里没有过暑气未散的放学路上把校服第二颗纽扣留作纪念的画面,34,compressed,把校服第二颗纽扣留作纪念,12,移除时间、地点、人物或关系模板，归并到核心概念
9843,遗憾校园时光里没有过暑气未散的放学路上在自习室替对方留一个座位的画面,34,compressed,在自习室替对方留一个座位,12,移除时间、地点、人物或关系模板，归并到核心概念
9844,遗憾校园时光里没有过暑气未散的放学路上把自己的外套借给对方的画面,32,compressed,把自己的外套借给对方,10,移除时间、地点、人物或关系模板，归并到核心概念
9845,遗憾校园时光里没有过暑气未散的放学路上看见雨水沿着教室玻璃滑下的画面,34,compressed,看见雨水沿着教室玻璃滑下,12,移除时间、地点、人物或关系模板，归并到核心概念
9846,遗憾校园时光里没有过暑气未散的放学路上约定收到录取通知后再见的画面,33,compressed,约定收到录取通知后再见,11,移除时间、地点、人物或关系模板，归并到核心概念
9847,遗憾校园时光里没有过雨落窗台的下午放学后并肩走出校门的画面,29,deleted,,0,模板变体、超长表达或配额外的同概念近似项
9848,遗憾校园时光里没有过暑气未散的放学路上注意到校服袖口写着名字的画面,33,compressed,注意到校服袖口写着名字,11,移除时间、地点、人物或关系模板，归并到核心概念
9849,遗憾校园时光里没有过暑气未散的放学路上送出成对的钥匙扣的画面,30,compressed,送出成对的钥匙扣,8,移除时间、地点、人物或关系模板，归并到核心概念
9850,遗憾校园时光里没有过暑气未散的放学路上在小卖部门口假装偶遇的画面,32,compressed,在小卖部门口假装偶遇,10,移除时间、地点、人物或关系模板，归并到核心概念
9851,遗憾校园时光里没有过暑气未散的放学路上记住她不吃的食堂菜的画面,31,compressed,记住她不吃的食堂菜,9,移除时间、地点、人物或关系模板，归并到核心概念
9852,遗憾校园时光里没有过暑气未散的放学路上闻到新课本混着油墨的气味的画面,34,compressed,闻到新课本混着油墨的气味,12,移除时间、地点、人物或关系模板，归并到核心概念
9853,遗憾校园时光里没有过暑气未散的放学路上在散伙饭上忍住没说的话的画面,33,compressed,在散伙饭上忍住没说的话,11,移除时间、地点、人物或关系模板，归并到核心概念
9854,遗憾校园时光里没有过雨落窗台的下午推着自行车陪对方慢慢走的画面,31,deleted,,0,模板变体、超长表达或配额外的同概念近似项
9855,遗憾校园时光里没有过暑气未散的放学路上看见白衬衫被晚霞染成金色的画面,34,compressed,看见白衬衫被晚霞染成金色,12,移除时间、地点、人物或关系模板，归并到核心概念
9856,遗憾校园时光里没有过暑气未散的放学路上互换写着祝福的书签的画面,31,compressed,互换写着祝福的书签,9,移除时间、地点、人物或关系模板，归并到核心概念
9857,遗憾校园时光里没有过暑气未散的放学路上在食堂排队时站到她身后的画面,33,compressed,在食堂排队时站到她身后,11,移除时间、地点、人物或关系模板，归并到核心概念
9858,遗憾校园时光里没有过暑气未散的放学路上替迟到的人悄悄留门的画面,31,compressed,替迟到的人悄悄留门,9,移除时间、地点、人物或关系模板，归并到核心概念
9859,遗憾校园时光里没有过暑气未散的放学路上记住雨后塑胶跑道的气味的画面,33,compressed,记住雨后塑胶跑道的气味,11,移除时间、地点、人物或关系模板，归并到核心概念
9860,遗憾校园时光里没有过暑气未散的放学路上听完最后一次校园广播的画面,32,compressed,听完最后一次校园广播,10,移除时间、地点、人物或关系模板，归并到核心概念
9861,遗憾校园时光里没有过雨落窗台的下午一起等最后一班公交车的画面,30,deleted,,0,模板变体、超长表达或配额外的同概念近似项
9862,遗憾校园时光里没有过暑气未散的放学路上发现手腕上多了一根小皮筋的画面,34,compressed,发现手腕上多了一根小皮筋,12,移除时间、地点、人物或关系模板，归并到核心概念
9863,遗憾校园时光里没有过暑气未散的放学路上借出一支舍不得收回的笔的画面,33,compressed,借出一支舍不得收回的笔,11,移除时间、地点、人物或关系模板，归并到核心概念
9864,遗憾校园时光里没有过暑气未散的放学路上在校园广播站等一首点歌的画面,33,compressed,在校园广播站等一首点歌,11,移除时间、地点、人物或关系模板，归并到核心概念
9865,遗憾校园时光里没有过暑气未散的放学路上在值日时一起擦黑板的画面,31,compressed,在值日时一起擦黑板,9,移除时间、地点、人物或关系模板，归并到核心概念
9866,遗憾校园时光里没有过暑气未散的放学路上感到共用雨伞时靠近的温度的画面,34,compressed,感到共用雨伞时靠近的温度,12,移除时间、地点、人物或关系模板，归并到核心概念
9867,遗憾校园时光里没有过暑气未散的放学路上收拾课桌时找到旧纸条的画面,32,compressed,收拾课桌时找到旧纸条,10,移除时间、地点、人物或关系模板，归并到核心概念
9868,遗憾校园时光里没有过雨落窗台的下午约好第二天在校门口见的画面,30,deleted,,0,模板变体、超长表达或配额外的同概念近似项
9869,遗憾校园时光里没有过暑气未散的放学路上把对方送的小皮筋戴在手腕的画面,34,compressed,把对方送的小皮筋戴在手腕,12,移除时间、地点、人物或关系模板，归并到核心概念
9870,遗憾校园时光里没有过暑气未散的放学路上在橡皮上刻下对方的缩写的画面,33,compressed,在橡皮上刻下对方的缩写,11,移除时间、地点、人物或关系模板，归并到核心概念
9871,遗憾校园时光里没有过暑气未散的放学路上在礼堂散场后寻找对方的画面,32,compressed,在礼堂散场后寻找对方,10,移除时间、地点、人物或关系模板，归并到核心概念
9872,遗憾校园时光里没有过暑气未散的放学路上一起搬运动会用的桌椅的画面,32,compressed,一起搬运动会用的桌椅,10,移除时间、地点、人物或关系模板，归并到核心概念
9873,遗憾校园时光里没有过暑气未散的放学路上记住冬天热水杯传来的暖意的画面,34,compressed,记住冬天热水杯传来的暖意,12,移除时间、地点、人物或关系模板，归并到核心概念
9874,遗憾校园时光里没有过暑气未散的放学路上离校前再走一遍熟悉的操场的画面,34,compressed,离校前再走一遍熟悉的操场,12,移除时间、地点、人物或关系模板，归并到核心概念
9875,遗憾校园时光里没有过雨落窗台的下午在操场看台说出喜欢的画面,29,deleted,,0,模板变体、超长表达或配额外的同概念近似项
9876,遗憾校园时光里没有过暑气未散的放学路上认出书包上新挂的钥匙扣的画面,33,compressed,认出书包上新挂的钥匙扣,11,移除时间、地点、人物或关系模板，归并到核心概念
9877,遗憾校园时光里没有过暑气未散的放学路上把复习资料装订得整整齐齐的画面,34,compressed,把复习资料装订得整整齐齐,12,移除时间、地点、人物或关系模板，归并到核心概念
9878,遗憾校园时光里没有过暑气未散的放学路上沿着操场跑道陪她慢慢走的画面,33,compressed,沿着操场跑道陪她慢慢走,11,移除时间、地点、人物或关系模板，归并到核心概念
9879,遗憾校园时光里没有过暑气未散的放学路上在社团排练后帮忙收器材的画面,33,compressed,在社团排练后帮忙收器材,11,移除时间、地点、人物或关系模板，归并到核心概念
9880,遗憾校园时光里没有过暑气未散的放学路上等春天樱花落在她肩上的画面,32,compressed,等春天樱花落在她肩上,10,移除时间、地点、人物或关系模板，归并到核心概念
9881,遗憾校园时光里没有过暑气未散的放学路上在校门口说出以后常联系的画面,33,compressed,在校门口说出以后常联系,11,移除时间、地点、人物或关系模板，归并到核心概念
9882,遗憾校园时光里没有过雨落窗台的下午把暗恋告诉最信任的同学的画面,31,deleted,,0,模板变体、超长表达或配额外的同概念近似项
9883,遗憾校园时光里没有过暑气未散的放学路上留意她每天更换的发卡的画面,32,compressed,留意她每天更换的发卡,10,移除时间、地点、人物或关系模板，归并到核心概念
9884,遗憾校园时光里没有过暑气未散的放学路上在错题本角落留下鼓励的画面,32,compressed,在错题本角落留下鼓励,10,移除时间、地点、人物或关系模板，归并到核心概念
9885,遗憾校园时光里没有过暑气未散的放学路上在篮球场边递上一瓶水的画面,32,compressed,在篮球场边递上一瓶水,10,移除时间、地点、人物或关系模板，归并到核心概念
9886,遗憾校园时光里没有过暑气未散的放学路上为对方的比赛偷偷加油的画面,32,compressed,为对方的比赛偷偷加油,10,移除时间、地点、人物或关系模板，归并到核心概念
9887,遗憾校园时光里没有过暑气未散的放学路上在盛夏风扇声里偷偷心动的画面,33,compressed,在盛夏风扇声里偷偷心动,11,移除时间、地点、人物或关系模板，归并到核心概念
9888,遗憾校园时光里没有过暑气未散的放学路上目送对方坐上不同方向的车的画面,34,compressed,目送对方坐上不同方向的车,12,移除时间、地点、人物或关系模板，归并到核心概念
9889,遗憾校园时光里没有过雨落窗台的下午收到对方认真回应的好感的画面,31,deleted,,0,模板变体、超长表达或配额外的同概念近似项
9890,遗憾校园时光里没有过暑气未散的放学路上记住帆布鞋踩过积水的声音的画面,34,deleted,,0,模板变体、超长表达或配额外的同概念近似项
9891,遗憾校园时光里没有过暑气未散的放学路上用同一本练习册对答案的画面,32,deleted,,0,模板变体、超长表达或配额外的同概念近似项
9892,遗憾校园时光里没有过暑气未散的放学路上在看台最高一排并肩坐着的画面,33,compressed,在看台最高一排并肩坐着,11,移除时间、地点、人物或关系模板，归并到核心概念
9893,遗憾校园时光里没有过暑气未散的放学路上在班级合唱时站到她旁边的画面,33,compressed,在班级合唱时站到她旁边,11,移除时间、地点、人物或关系模板，归并到核心概念
9894,遗憾校园时光里没有过暑气未散的放学路上看秋叶堆满放学的小路的画面,32,deleted,,0,模板变体、超长表达或配额外的同概念近似项
9895,遗憾校园时光里没有过暑气未散的放学路上发现最后一句聊天停在毕业快乐的画面,36,deleted,,0,模板变体、超长表达或配额外的同概念近似项
9896,遗憾校园时光里没有过雨落窗台的下午从同桌变成互相喜欢的人的画面,31,deleted,,0,模板变体、超长表达或配额外的同概念近似项
9897,遗憾校园时光里没有过暑气未散的放学路上看见运动服背后的班级号码的画面,34,deleted,,0,模板变体、超长表达或配额外的同概念近似项
9898,遗憾校园时光里没有过暑气未散的放学路上把借书卡藏进喜欢的书里的画面,33,deleted,,0,模板变体、超长表达或配额外的同概念近似项
9899,遗憾校园时光里没有过暑气未散的放学路上在体育馆门口等训练结束的画面,33,deleted,,0,模板变体、超长表达或配额外的同概念近似项
9900,遗憾校园时光里没有过暑气未散的放学路上假装随口询问周末安排的画面,32,deleted,,0,模板变体、超长表达或配额外的同概念近似项
9901,遗憾校园时光里没有过暑气未散的放学路上在初雪那天想和她一起走的画面,33,deleted,,0,模板变体、超长表达或配额外的同概念近似项
9902,遗憾校园时光里没有过暑气未散的放学路上因为去往不同城市慢慢失联的画面,34,deleted,,0,模板变体、超长表达或配额外的同概念近似项
9903,遗憾校园时光里没有过雨落窗台的下午在班级起哄中偷偷脸红的画面,30,deleted,,0,模板变体、超长表达或配额外的同概念近似项
9904,遗憾校园时光里没有过暑气未散的放学路上注意到对方紧张时攥住衣角的画面,34,deleted,,0,模板变体、超长表达或配额外的同概念近似项
9905,遗憾校园时光里没有过暑气未散的放学路上用值日表制造一起留下的机会的画面,35,deleted,,0,模板变体、超长表达或配额外的同概念近似项
9906,遗憾校园时光里没有过暑气未散的放学路上沿林荫道推着自行车同行的画面,33,deleted,,0,模板变体、超长表达或配额外的同概念近似项
9907,遗憾校园时光里没有过暑气未散的放学路上把好笑的事情第一个告诉她的画面,34,deleted,,0,模板变体、超长表达或配额外的同概念近似项
9908,遗憾校园时光里没有过暑气未散的放学路上记住六月毕业季的闷热的画面,32,deleted,,0,模板变体、超长表达或配额外的同概念近似项
9909,遗憾校园时光里没有过暑气未散的放学路上多年后翻到泛黄的毕业照的画面,33,deleted,,0,模板变体、超长表达或配额外的同概念近似项
9910,遗憾校园时光里没有过雨落窗台的下午交换只有两个人懂的暗号的画面,31,deleted,,0,模板变体、超长表达或配额外的同概念近似项
9911,遗憾校园时光里没有过暑气未散的放学路上记住少年骑车时鼓起的衣摆的画面,34,deleted,,0,模板变体、超长表达或配额外的同概念近似项
9912,遗憾校园时光里没有过暑气未散的放学路上在课程表上圈出共同的空课的画面,34,deleted,,0,模板变体、超长表达或配额外的同概念近似项
9913,遗憾校园时光里没有过暑气未散的放学路上在校门口犹豫要不要告别的画面,33,deleted,,0,模板变体、超长表达或配额外的同概念近似项
9914,遗憾校园时光里没有过暑气未散的放学路上聊天时等对方收拾完书包的画面,33,deleted,,0,模板变体、超长表达或配额外的同概念近似项
9915,遗憾校园时光里没有过暑气未散的放学路上在傍晚风里听见校服摩擦声的画面,34,deleted,,0,模板变体、超长表达或配额外的同概念近似项
9916,遗憾校园时光里没有过暑气未散的放学路上重回母校时寻找当年的座位的画面,34,deleted,,0,模板变体、超长表达或配额外的同概念近似项
9917,遗憾校园时光里没有过雨落窗台的下午第一次用恋人的身份说晚安的画面,32,deleted,,0,模板变体、超长表达或配额外的同概念近似项
9918,遗憾校园时光里没有过暑气未散的放学路上发现镜片后躲闪的目光的画面,32,deleted,,0,模板变体、超长表达或配额外的同概念近似项
9919,遗憾校园时光里没有过暑气未散的放学路上用广播点歌传递含蓄心意的画面,33,deleted,,0,模板变体、超长表达或配额外的同概念近似项
9920,遗憾校园时光里没有过暑气未散的放学路上在公交站陪对方等车的画面,31,deleted,,0,模板变体、超长表达或配额外的同概念近似项
9921,遗憾校园时光里没有过暑气未散的放学路上看见她睡着后压低说话声音的画面,34,deleted,,0,模板变体、超长表达或配额外的同概念近似项
9922,遗憾校园时光里没有过暑气未散的放学路上尝到小卖部冰汽水的甜味的画面,33,deleted,,0,模板变体、超长表达或配额外的同概念近似项
9923,遗憾校园时光里没有过暑气未散的放学路上听见校歌突然想起喜欢的人的画面,34,deleted,,0,模板变体、超长表达或配额外的同概念近似项
9924,遗憾校园时光里没有过雨落窗台的下午约定毕业以后也继续联系的画面,31,deleted,,0,模板变体、超长表达或配额外的同概念近似项
9925,遗憾校园时光里没有过暑气未散的放学路上在人群中认出那双熟悉的球鞋的画面,35,deleted,,0,模板变体、超长表达或配额外的同概念近似项
9926,遗憾校园时光里没有过暑气未散的放学路上约定用窗台上的水杯当暗号的画面,34,deleted,,0,模板变体、超长表达或配额外的同概念近似项
9927,遗憾校园时光里没有过暑气未散的放学路上绕远路走过两个人常走的小巷的画面,35,deleted,,0,模板变体、超长表达或配额外的同概念近似项
9928,遗憾校园时光里没有过暑气未散的放学路上把最后一颗糖留给喜欢的人的画面,34,deleted,,0,模板变体、超长表达或配额外的同概念近似项
9929,遗憾校园时光里没有过暑气未散的放学路上记住她经过时淡淡的洗衣粉香的画面,35,deleted,,0,模板变体、超长表达或配额外的同概念近似项
9930,遗憾校园时光里没有过暑气未散的放学路上意识到那次挥手已经是最后一面的画面,36,deleted,,0,模板变体、超长表达或配额外的同概念近似项
9931,遗憾校园时光里没有过暑气未散的放学路上和喜欢的人隔着课桌对视的画面,33,deleted,,0,模板变体、超长表达或配额外的同概念近似项
9932,遗憾校园时光里没有过毕业倒计时里风吹起她额前的刘海的画面,28,compressed,风吹起她额前的刘海,9,移除时间、地点、人物或关系模板，归并到核心概念
9933,遗憾校园时光里没有过毕业倒计时里递来一张折好的小纸条的画面,29,compressed,递来一张折好的小纸条,10,移除时间、地点、人物或关系模板，归并到核心概念
9934,遗憾校园时光里没有过毕业倒计时里在靠窗的座位等她出现的画面,29,compressed,在靠窗的座位等她出现,10,移除时间、地点、人物或关系模板，归并到核心概念
9935,遗憾校园时光里没有过毕业倒计时里把课堂笔记借给喜欢的人的画面,30,compressed,把课堂笔记借给喜欢的人,11,移除时间、地点、人物或关系模板，归并到核心概念
9936,遗憾校园时光里没有过毕业倒计时里听见窗外一阵很长的蝉鸣的画面,30,compressed,听见窗外一阵很长的蝉鸣,11,移除时间、地点、人物或关系模板，归并到核心概念
9937,遗憾校园时光里没有过毕业倒计时里在毕业册上写下一句祝福的画面,30,compressed,在毕业册上写下一句祝福,11,移除时间、地点、人物或关系模板，归并到核心概念
9938,遗憾校园时光里没有过暑气未散的放学路上发现同桌悄悄看向自己的画面,32,deleted,,0,模板变体、超长表达或配额外的同概念近似项
9939,遗憾校园时光里没有过毕业倒计时里看见她把刘海别到耳后的画面,29,compressed,看见她把刘海别到耳后,10,移除时间、地点、人物或关系模板，归并到核心概念
9940,遗憾校园时光里没有过毕业倒计时里在纸条背面写下回复的画面,28,compressed,在纸条背面写下回复,9,移除时间、地点、人物或关系模板，归并到核心概念
9941,遗憾校园时光里没有过毕业倒计时里经过对方班级的教室门口的画面,30,compressed,经过对方班级的教室门口,11,移除时间、地点、人物或关系模板，归并到核心概念
9942,遗憾校园时光里没有过毕业倒计时里耐心讲一道做错的题的画面,28,compressed,耐心讲一道做错的题,9,移除时间、地点、人物或关系模板，归并到核心概念
9943,遗憾校园时光里没有过毕业倒计时里听见下课铃盖过没说完的话的画面,31,compressed,听见下课铃盖过没说完的话,12,移除时间、地点、人物或关系模板，归并到核心概念
9944,遗憾校园时光里没有过毕业倒计时里把同学录最后一页留给她的画面,30,compressed,把同学录最后一页留给她,11,移除时间、地点、人物或关系模板，归并到核心概念
9945,遗憾校园时光里没有过暑气未散的放学路上把喜欢藏在课堂笔记里的画面,32,deleted,,0,模板变体、超长表达或配额外的同概念近似项
9946,遗憾校园时光里没有过毕业倒计时里注意到阳光落在她的发梢的画面,30,compressed,注意到阳光落在她的发梢,11,移除时间、地点、人物或关系模板，归并到核心概念
9947,遗憾校园时光里没有过毕业倒计时里把没送出的情书夹进书里的画面,30,compressed,把没送出的情书夹进书里,11,移除时间、地点、人物或关系模板，归并到核心概念
9948,遗憾校园时光里没有过毕业倒计时里在空教室里多停留一会儿的画面,30,compressed,在空教室里多停留一会儿,11,移除时间、地点、人物或关系模板，归并到核心概念
9949,遗憾校园时光里没有过毕业倒计时里一起背诵第二天要抽查的课文的画面,32,deleted,,0,模板变体、超长表达或配额外的同概念近似项
9950,遗憾校园时光里没有过毕业倒计时里记住篮球落地的回声的画面,28,compressed,记住篮球落地的回声,9,移除时间、地点、人物或关系模板，归并到核心概念
9951,遗憾校园时光里没有过毕业倒计时里在毕业照里悄悄站得更近的画面,30,compressed,在毕业照里悄悄站得更近,11,移除时间、地点、人物或关系模板，归并到核心概念
9952,遗憾校园时光里没有过暑气未散的放学路上借讲题的机会坐得更近的画面,32,deleted,,0,模板变体、超长表达或配额外的同概念近似项
9953,遗憾校园时光里没有过毕业倒计时里记住她低头笑时的酒窝的画面,29,compressed,记住她低头笑时的酒窝,10,移除时间、地点、人物或关系模板，归并到核心概念
9954,遗憾校园时光里没有过毕业倒计时里收到一封没有署名的情书的画面,30,compressed,收到一封没有署名的情书,11,移除时间、地点、人物或关系模板，归并到核心概念
9955,遗憾校园时光里没有过毕业倒计时里从教学楼走廊远远看见她的画面,30,compressed,从教学楼走廊远远看见她,11,移除时间、地点、人物或关系模板，归并到核心概念
9956,遗憾校园时光里没有过毕业倒计时里互相检查听写答案的画面,27,compressed,互相检查听写答案,8,移除时间、地点、人物或关系模板，归并到核心概念
9957,遗憾校园时光里没有过毕业倒计时里听见广播里放过的那首歌的画面,30,compressed,听见广播里放过的那首歌,11,移除时间、地点、人物或关系模板，归并到核心概念
9958,遗憾校园时光里没有过毕业倒计时里在校服背面签下名字的画面,28,compressed,在校服背面签下名字,9,移除时间、地点、人物或关系模板，归并到核心概念
9959,遗憾校园时光里没有过暑气未散的放学路上在走廊等喜欢的人经过的画面,32,deleted,,0,模板变体、超长表达或配额外的同概念近似项
9960,遗憾校园时光里没有过毕业倒计时里发现她见面前认真扎好头发的画面,31,compressed,发现她见面前认真扎好头发,12,移除时间、地点、人物或关系模板，归并到核心概念
9961,遗憾校园时光里没有过毕业倒计时里在便利贴上画一颗小心心的画面,30,compressed,在便利贴上画一颗小心心,11,移除时间、地点、人物或关系模板，归并到核心概念
9962,遗憾校园时光里没有过毕业倒计时里在楼梯转角意外遇见喜欢的人的画面,32,deleted,,0,模板变体、超长表达或配额外的同概念近似项
9963,遗憾校园时光里没有过毕业倒计时里替对方保管暂时没收的手机的画面,31,compressed,替对方保管暂时没收的手机,12,移除时间、地点、人物或关系模板，归并到核心概念
9964,遗憾校园时光里没有过毕业倒计时里看见晨光落在她的课桌上的画面,30,compressed,看见晨光落在她的课桌上,11,移除时间、地点、人物或关系模板，归并到核心概念
9965,遗憾校园时光里没有过毕业倒计时里把没送出的情书带回家的画面,29,compressed,把没送出的情书带回家,10,移除时间、地点、人物或关系模板，归并到核心概念
9966,遗憾校园时光里没有过暑气未散的放学路上课间绕路去隔壁班门口的画面,32,deleted,,0,模板变体、超长表达或配额外的同概念近似项
9967,遗憾校园时光里没有过毕业倒计时里看见她穿着宽大的校服外套的画面,31,compressed,看见她穿着宽大的校服外套,12,移除时间、地点、人物或关系模板，归并到核心概念
9968,遗憾校园时光里没有过毕业倒计时里把名字写在同一张草稿纸上的画面,31,compressed,把名字写在同一张草稿纸上,12,移除时间、地点、人物或关系模板，归并到核心概念
9969,遗憾校园时光里没有过毕业倒计时里绕路经过她常去的饮水机的画面,30,compressed,绕路经过她常去的饮水机,11,移除时间、地点、人物或关系模板，归并到核心概念
9970,遗憾校园时光里没有过毕业倒计时里给趴在桌上的人留一盒牛奶的画面,31,compressed,给趴在桌上的人留一盒牛奶,12,移除时间、地点、人物或关系模板，归并到核心概念
9971,遗憾校园时光里没有过毕业倒计时里看见晚霞穿过教学楼窗户的画面,30,compressed,看见晚霞穿过教学楼窗户,11,移除时间、地点、人物或关系模板，归并到核心概念
9972,遗憾校园时光里没有过毕业倒计时里错过毕业前最后一次告白的画面,30,compressed,错过毕业前最后一次告白,11,移除时间、地点、人物或关系模板，归并到核心概念
9973,遗憾校园时光里没有过暑气未散的放学路上替心动对象去小卖部带饮料的画面,34,deleted,,0,模板变体、超长表达或配额外的同概念近似项
9974,遗憾校园时光里没有过毕业倒计时里认出人群里熟悉的校服衣角的画面,31,compressed,认出人群里熟悉的校服衣角,12,移除时间、地点、人物或关系模板，归并到核心概念
9975,遗憾校园时光里没有过毕业倒计时里交换一根代表好感的小皮筋的画面,31,compressed,交换一根代表好感的小皮筋,12,移除时间、地点、人物或关系模板，归并到核心概念
9976,遗憾校园时光里没有过毕业倒计时里在图书馆同一排书架重逢的画面,30,compressed,在图书馆同一排书架重逢,11,移除时间、地点、人物或关系模板，归并到核心概念
9977,遗憾校园时光里没有过毕业倒计时里提醒喜欢的人带伞的画面,27,compressed,提醒喜欢的人带伞,8,移除时间、地点、人物或关系模板，归并到核心概念
9978,遗憾校园时光里没有过毕业倒计时里记住树影在校服上轻轻晃动的画面,31,compressed,记住树影在校服上轻轻晃动,12,移除时间、地点、人物或关系模板，归并到核心概念
9979,遗憾校园时光里没有过毕业倒计时里把喜欢藏进高考结束的夏天的画面,31,compressed,把喜欢藏进高考结束的夏天,12,移除时间、地点、人物或关系模板，归并到核心概念
9980,遗憾校园时光里没有过暑气未散的放学路上在人群中寻找熟悉的校服背影的画面,35,deleted,,0,模板变体、超长表达或配额外的同概念近似项
9981,遗憾校园时光里没有过毕业倒计时里替对方整理歪掉的校服领口的画面,31,compressed,替对方整理歪掉的校服领口,12,移除时间、地点、人物或关系模板，归并到核心概念
9982,遗憾校园时光里没有过毕业倒计时里把校服第二颗纽扣留作纪念的画面,31,compressed,把校服第二颗纽扣留作纪念,12,移除时间、地点、人物或关系模板，归并到核心概念
9983,遗憾校园时光里没有过毕业倒计时里在自习室替对方留一个座位的画面,31,compressed,在自习室替对方留一个座位,12,移除时间、地点、人物或关系模板，归并到核心概念
9984,遗憾校园时光里没有过毕业倒计时里把自己的外套借给对方的画面,29,compressed,把自己的外套借给对方,10,移除时间、地点、人物或关系模板，归并到核心概念
9985,遗憾校园时光里没有过毕业倒计时里看见雨水沿着教室玻璃滑下的画面,31,compressed,看见雨水沿着教室玻璃滑下,12,移除时间、地点、人物或关系模板，归并到核心概念
9986,遗憾校园时光里没有过毕业倒计时里约定收到录取通知后再见的画面,30,compressed,约定收到录取通知后再见,11,移除时间、地点、人物或关系模板，归并到核心概念
9987,遗憾校园时光里没有过暑气未散的放学路上放学后并肩走出校门的画面,31,deleted,,0,模板变体、超长表达或配额外的同概念近似项
9988,遗憾校园时光里没有过毕业倒计时里注意到校服袖口写着名字的画面,30,compressed,注意到校服袖口写着名字,11,移除时间、地点、人物或关系模板，归并到核心概念
9989,遗憾校园时光里没有过毕业倒计时里送出成对的钥匙扣的画面,27,compressed,送出成对的钥匙扣,8,移除时间、地点、人物或关系模板，归并到核心概念
9990,遗憾校园时光里没有过毕业倒计时里在小卖部门口假装偶遇的画面,29,compressed,在小卖部门口假装偶遇,10,移除时间、地点、人物或关系模板，归并到核心概念
9991,遗憾校园时光里没有过毕业倒计时里记住她不吃的食堂菜的画面,28,compressed,记住她不吃的食堂菜,9,移除时间、地点、人物或关系模板，归并到核心概念
9992,遗憾校园时光里没有过毕业倒计时里闻到新课本混着油墨的气味的画面,31,compressed,闻到新课本混着油墨的气味,12,移除时间、地点、人物或关系模板，归并到核心概念
9993,遗憾校园时光里没有过毕业倒计时里在散伙饭上忍住没说的话的画面,30,compressed,在散伙饭上忍住没说的话,11,移除时间、地点、人物或关系模板，归并到核心概念
9994,遗憾校园时光里没有过暑气未散的放学路上推着自行车陪对方慢慢走的画面,33,deleted,,0,模板变体、超长表达或配额外的同概念近似项
9995,遗憾校园时光里没有过毕业倒计时里看见白衬衫被晚霞染成金色的画面,31,compressed,看见白衬衫被晚霞染成金色,12,移除时间、地点、人物或关系模板，归并到核心概念
9996,遗憾校园时光里没有过毕业倒计时里互换写着祝福的书签的画面,28,compressed,互换写着祝福的书签,9,移除时间、地点、人物或关系模板，归并到核心概念
9997,遗憾校园时光里没有过毕业倒计时里在食堂排队时站到她身后的画面,30,compressed,在食堂排队时站到她身后,11,移除时间、地点、人物或关系模板，归并到核心概念
9998,遗憾校园时光里没有过毕业倒计时里替迟到的人悄悄留门的画面,28,compressed,替迟到的人悄悄留门,9,移除时间、地点、人物或关系模板，归并到核心概念
9999,遗憾校园时光里没有过毕业倒计时里记住雨后塑胶跑道的气味的画面,30,compressed,记住雨后塑胶跑道的气味,11,移除时间、地点、人物或关系模板，归并到核心概念
10000,遗憾校园时光里没有过毕业倒计时里听完最后一次校园广播的画面,29,compressed,听完最后一次校园广播,10,移除时间、地点、人物或关系模板，归并到核心概念
