id,term,normalized_term,length,source,tencent_score,tencent_rank,bge_score,bge_max_seed_similarity,bge_top3_seed_similarity,bge_best_seed,bge_best_category,bge_category_similarity,bge_rank
1,恋情,恋情,2,tencent_ai_lab_chinese_embedding_light_mirror_mvp,0.92644799,24,0.96379173,0.99999988,0.90947932,恋情,恋爱核心,0.95301032,1
2,恋爱,恋爱,2,tencent_ai_lab_chinese_embedding_light_mirror_mvp,0.93890723,15,0.96197116,1.00000012,0.90492773,恋爱,恋爱核心,0.94172597,2
3,约会,约会,2,tencent_ai_lab_chinese_embedding_light_mirror_mvp,0.93756411,16,0.95536816,1.00000024,0.88841993,约会,约会,0.91925973,3
4,前男友,前男友,3,tencent_ai_lab_chinese_embedding_light_mirror_mvp,0.95952582,6,0.95487571,0.99999976,0.88718939,前男友,恋爱历史,0.88629127,4
5,前女友,前女友,3,tencent_ai_lab_chinese_embedding_light_mirror_mvp,0.96191959,4,0.9500457,1.0,0.87511414,前女友,恋爱历史,0.86723435,5
6,情侣,情侣,2,tencent_ai_lab_chinese_embedding_light_mirror_mvp,0.92879524,22,0.94966012,1.00000012,0.8741501,情侣,对象关系,0.87742078,6
7,亲密关系,亲密关系,4,tencent_ai_lab_chinese_embedding_light_mirror_mvp,0.91592385,26,0.94851494,0.9999997,0.87128782,亲密关系,亲密行为,0.83760631,7
8,爱情,爱情,2,tencent_ai_lab_chinese_embedding_light_mirror_mvp,0.94012864,14,0.94683266,1.00000012,0.86708134,爱情,恋爱核心,0.84792644,8
9,恋人,恋人,2,tencent_ai_lab_chinese_embedding_light_mirror_mvp,0.94397521,10,0.94449329,0.99999988,0.86123341,恋人,恋爱核心,0.85807991,9
10,对象,对象,2,tencent_ai_lab_chinese_embedding_light_mirror_mvp,0.87711277,35,0.94300234,1.00000012,0.85750562,对象,对象关系,0.78599697,10
11,结婚,结婚,2,tencent_ai_lab_chinese_embedding_light_mirror_mvp,0.943651,11,0.94117951,1.00000012,0.85294867,结婚,婚恋,0.87440968,11
12,前任,前任,2,tencent_ai_lab_chinese_embedding_light_mirror_mvp,0.91308937,27,0.94105172,1.00000024,0.85262901,前任,恋爱历史,0.86509204,12
13,老婆,老婆,2,tencent_ai_lab_chinese_embedding_light_mirror_mvp,0.96671963,2,0.94074512,0.99999976,0.85186291,老婆,婚恋,0.8135705,13
14,青春,青春,2,tencent_ai_lab_chinese_embedding_light_mirror_mvp,0.89310684,34,0.93957388,0.99999982,0.84893483,青春,社会比较与人生进度,0.75952935,14
15,亲密,亲密,2,tencent_ai_lab_chinese_embedding_light_mirror_mvp,0.90194061,30,0.93786275,1.00000012,0.84465677,亲密,亲密行为,0.86788374,15
16,第一次约会,第一次约会,5,tencent_ai_lab_chinese_embedding_light_mirror_mvp,0.92739258,23,0.93574822,1.00000036,0.83936995,第一次约会,约会,0.83679819,16
17,伴侣,伴侣,2,tencent_ai_lab_chinese_embedding_light_mirror_mvp,0.9337019,20,0.93552703,0.99999976,0.83881778,伴侣,对象关系,0.86559749,17
18,丈夫,丈夫,2,tencent_ai_lab_chinese_embedding_light_mirror_mvp,0.96635027,3,0.9348222,1.0,0.83705544,丈夫,婚恋,0.82909232,18
19,妻子,妻子,2,tencent_ai_lab_chinese_embedding_light_mirror_mvp,0.96703861,1,0.93477702,1.00000024,0.8369422,妻子,婚恋,0.82376933,19
20,男朋友,男朋友,3,tencent_ai_lab_chinese_embedding_light_mirror_mvp,0.95656223,7,0.93382657,1.00000024,0.83456594,男朋友,对象关系,0.83584917,20
21,早恋,早恋,2,tencent_ai_lab_chinese_embedding_light_mirror_mvp,0.90824544,28,0.93358994,1.0,0.83397484,早恋,校园恋爱,0.82485604,21
22,婚礼,婚礼,2,tencent_ai_lab_chinese_embedding_light_mirror_mvp,0.93290451,21,0.9317534,0.99999994,0.82938361,婚礼,婚恋,0.79817009,22
23,单身,单身,2,tencent_ai_lab_chinese_embedding_light_mirror_mvp,0.93700039,17,0.93157816,1.00000024,0.82894492,单身,单身与脱单,0.90094304,23
24,初恋,初恋,2,tencent_ai_lab_chinese_embedding_light_mirror_mvp,0.93633118,19,0.93097651,1.0,0.82744122,初恋,恋爱核心,0.80385268,24
25,订婚,订婚,2,tencent_ai_lab_chinese_embedding_light_mirror_mvp,0.9444724,9,0.93058562,1.00000024,0.8264637,订婚,婚恋,0.82067859,25
26,女朋友,女朋友,3,tencent_ai_lab_chinese_embedding_light_mirror_mvp,0.95994987,5,0.92869103,1.0,0.82172757,女朋友,对象关系,0.8003158,26
27,接吻,接吻,2,tencent_ai_lab_chinese_embedding_light_mirror_mvp,0.90099597,31,0.92672825,1.0,0.81682044,接吻,亲密行为,0.85942709,27
28,表白,表白,2,tencent_ai_lab_chinese_embedding_light_mirror_mvp,0.9425822,12,0.92239261,1.0,0.80598134,表白,表白与追求,0.82663798,28
29,暗恋,暗恋,2,tencent_ai_lab_chinese_embedding_light_mirror_mvp,0.94219704,13,0.91963577,1.00000012,0.79908925,暗恋,表白与追求,0.76457715,29
30,求婚,求婚,2,tencent_ai_lab_chinese_embedding_light_mirror_mvp,0.93652747,18,0.91898113,1.0,0.79745275,求婚,婚恋,0.75755394,30
31,告白,告白,2,tencent_ai_lab_chinese_embedding_light_mirror_mvp,0.95130222,8,0.91701639,1.00000024,0.79254055,告白,表白与追求,0.80072451,31
32,男友,男友,2,tencent_ai_lab_chinese_embedding_light_mirror_mvp,0.8584712,41,0.90967381,0.96086484,0.83288723,男朋友,对象关系,0.83944815,32
33,追求,追求,2,tencent_ai_lab_chinese_embedding_light_mirror_mvp,0.87148339,37,0.90822423,1.00000012,0.77056026,追求,表白与追求,0.75364566,33
34,前任女友,前任女友,4,tencent_ai_lab_chinese_embedding_light_mirror_mvp,0.87482831,36,0.90287542,0.9284848,0.86446142,前女友,恋爱历史,0.86848712,34
35,脱单,脱单,2,tencent_ai_lab_chinese_embedding_light_mirror_mvp,0.92546068,25,0.90238994,0.99999982,0.75597507,脱单,单身与脱单,0.77861953,35
36,男女朋友,男女朋友,4,tencent_ai_lab_chinese_embedding_light_mirror_mvp,0.74235528,101,0.89470971,0.93159986,0.8393743,男朋友,对象关系,0.86461228,36
37,拥抱,拥抱,2,tencent_ai_lab_chinese_embedding_light_mirror_mvp,0.89452015,32,0.89455402,0.99999994,0.73638511,拥抱,亲密行为,0.76532972,37
38,同龄人,同龄人,3,tencent_ai_lab_chinese_embedding_light_mirror_mvp,0.86271603,39,0.89424312,0.99999988,0.7356078,同龄人,社会比较与人生进度,0.75620759,38
39,牵手,牵手,2,tencent_ai_lab_chinese_embedding_light_mirror_mvp,0.90379534,29,0.89173889,1.00000036,0.72934645,牵手,亲密行为,0.77424586,39
40,女友,女友,2,tencent_ai_lab_chinese_embedding_light_mirror_mvp,0.83992349,44,0.88964283,0.947824,0.80237103,女朋友,对象关系,0.77912056,40
41,谈恋爱,谈恋爱,3,tencent_ai_lab_chinese_embedding_light_mirror_mvp,0.8402523,43,0.8870579,0.91714525,0.84192675,恋爱,恋爱核心,0.87600434,41
42,同桌,同桌,2,tencent_ai_lab_chinese_embedding_light_mirror_mvp,0.89336903,33,0.88058263,1.00000012,0.70145637,同桌,校园恋爱,0.66338742,42
43,结了婚,结了婚,3,tencent_ai_lab_chinese_embedding_light_mirror_mvp,0.78585457,67,0.87585682,0.92810094,0.7974906,结婚,婚恋,0.83693552,43
44,校服,校服,2,tencent_ai_lab_chinese_embedding_light_mirror_mvp,0.8606405,40,0.86965871,0.99999988,0.67414695,校服,校园恋爱,0.62297201,44
45,情爱,情爱,2,tencent_ai_lab_chinese_embedding_light_mirror_mvp,0.74382007,100,0.86633849,0.88786101,0.83405471,爱情,恋爱核心,0.84223616,45
46,散步,散步,2,tencent_ai_lab_chinese_embedding_light_mirror_mvp,0.86934829,38,0.86544704,1.0,0.66361743,散步,约会,0.65399837,46
47,亲吻,亲吻,2,tencent_ai_lab_chinese_embedding_light_mirror_mvp,0.72434738,133,0.86344588,0.90021271,0.80829567,接吻,亲密行为,0.86534023,47
48,手牵手,手牵手,3,tencent_ai_lab_chinese_embedding_light_mirror_mvp,0.71355281,153,0.85944879,0.96700561,0.69811344,牵手,亲密行为,0.74800348,48
49,校园爱情,校园爱情,4,tencent_ai_lab_chinese_embedding_light_mirror_mvp,0.65422907,333,0.85517216,0.90750349,0.77667493,校园恋爱,校园恋爱,0.82749873,49
50,落后,落后,2,tencent_ai_lab_chinese_embedding_light_mirror_mvp,0.82336135,47,0.85277951,0.99999958,0.63194937,落后,社会比较与人生进度,0.63911492,50
51,单身男女,单身男女,4,tencent_ai_lab_chinese_embedding_light_mirror_mvp,0.6757159,246,0.84977049,0.90225232,0.77104759,单身,单身与脱单,0.8475529,51
52,结婚典礼,结婚典礼,4,tencent_ai_lab_chinese_embedding_light_mirror_mvp,0.83131949,46,0.84749925,0.88890982,0.78538322,婚礼,婚恋,0.74543071,52
53,同龄,同龄,2,tencent_ai_lab_chinese_embedding_light_mirror_mvp,0.76053621,82,0.84038818,0.92971337,0.70640033,同龄人,社会比较与人生进度,0.75540268,53
54,结过婚,结过婚,3,tencent_ai_lab_chinese_embedding_light_mirror_mvp,0.7327032,116,0.83679855,0.88000458,0.77198929,结婚,婚恋,0.8045978,54
55,散散步,散散步,3,tencent_ai_lab_chinese_embedding_light_mirror_mvp,0.73700402,112,0.83586854,0.97245955,0.63098192,散步,约会,0.60833263,55
56,性伴侣,性伴侣,3,tencent_ai_lab_chinese_embedding_light_mirror_mvp,0.65756438,311,0.83104277,0.87773585,0.76100308,伴侣,对象关系,0.79360783,56
57,爱侣,爱侣,2,tencent_ai_lab_chinese_embedding_light_mirror_mvp,0.74589969,95,0.82730591,0.85637432,0.78370327,情侣,对象关系,0.79075289,57
58,接吻时,接吻时,3,tencent_ai_lab_chinese_embedding_light_mirror_mvp,0.75087056,91,0.82613575,0.88588482,0.73651212,接吻,亲密行为,0.7803973,58
59,找对象,找对象,3,tencent_ai_lab_chinese_embedding_light_mirror_mvp,0.67877604,235,0.82563579,0.85408771,0.78295785,对象,单身与脱单,0.71606827,59
60,婚姻恋爱,婚姻恋爱,4,tencent_ai_lab_chinese_embedding_light_mirror_mvp,0.62192273,517,0.82429421,0.84497392,0.7932747,恋爱,恋爱核心,0.82575613,60
61,夫妻,夫妻,2,tencent_ai_lab_chinese_embedding_light_mirror_mvp,0.73020989,123,0.82081413,0.84304714,0.78746444,妻子,婚恋,0.8269577,61
62,青春期,青春期,3,tencent_ai_lab_chinese_embedding_light_mirror_mvp,0.64601886,369,0.81992215,0.86429864,0.75335741,青春,社会比较与人生进度,0.74351341,62
63,青春岁月,青春岁月,4,tencent_ai_lab_chinese_embedding_light_mirror_mvp,0.73026621,122,0.81976426,0.86388296,0.75358623,青春,社会比较与人生进度,0.71253979,63
64,初恋女友,初恋女友,4,tencent_ai_lab_chinese_embedding_light_mirror_mvp,0.83315423,45,0.81856954,0.83468485,0.79439658,初恋,恋爱历史,0.79626799,64
65,妻儿,妻儿,2,tencent_ai_lab_chinese_embedding_light_mirror_mvp,0.683325,224,0.8134467,0.85671103,0.74855012,妻子,婚恋,0.75645846,65
66,爱妻子,爱妻子,3,tencent_ai_lab_chinese_embedding_light_mirror_mvp,0.65006082,356,0.81036019,0.86300516,0.73139262,妻子,婚恋,0.73803514,66
67,恋爱中,恋爱中,3,tencent_ai_lab_chinese_embedding_light_mirror_mvp,0.75608525,86,0.80927145,0.82189286,0.79033929,恋爱,恋爱核心,0.81591707,67
68,好伴侣,好伴侣,3,tencent_ai_lab_chinese_embedding_light_mirror_mvp,0.5906112,824,0.80630744,0.86204112,0.72270679,伴侣,对象关系,0.73618615,68
69,女性朋友,女性朋友,4,tencent_ai_lab_chinese_embedding_light_mirror_mvp,0.62349389,509,0.80470395,0.85683239,0.72651118,女朋友,对象关系,0.75652659,69
70,前女,前女,2,tencent_ai_lab_chinese_embedding_light_mirror_mvp,0.72515671,131,0.80431646,0.84249854,0.74704331,前女友,恋爱历史,0.74409831,70
71,婚庆,婚庆,2,tencent_ai_lab_chinese_embedding_light_mirror_mvp,0.63832455,407,0.8019253,0.84346747,0.73961192,婚礼,婚恋,0.74024767,71
72,婚宴,婚宴,2,tencent_ai_lab_chinese_embedding_light_mirror_mvp,0.77407451,71,0.79931056,0.83961689,0.73885107,婚礼,婚恋,0.73646015,72
73,热吻,热吻,2,tencent_ai_lab_chinese_embedding_light_mirror_mvp,0.69131339,200,0.79850602,0.83039856,0.7506671,接吻,亲密行为,0.80451226,73
74,同年龄,同年龄,3,tencent_ai_lab_chinese_embedding_light_mirror_mvp,0.56096863,1304,0.79841024,0.87681067,0.68080944,同龄人,社会比较与人生进度,0.71565884,74
75,妻子儿女,妻子儿女,4,tencent_ai_lab_chinese_embedding_light_mirror_mvp,0.63975946,397,0.79634064,0.84788054,0.7190308,妻子,婚恋,0.720945,75
76,结婚登记,结婚登记,4,tencent_ai_lab_chinese_embedding_light_mirror_mvp,0.60681353,640,0.7956742,0.83217263,0.74092644,结婚,婚恋,0.73722994,76
77,成婚,成婚,2,tencent_ai_lab_chinese_embedding_light_mirror_mvp,0.80351181,52,0.79530555,0.82054406,0.75744766,结婚,婚恋,0.78146935,77
78,怀抱,怀抱,2,tencent_ai_lab_chinese_embedding_light_mirror_mvp,0.5948702,777,0.7939173,0.88007224,0.66468471,拥抱,亲密行为,0.72011191,78
79,男盆友,男盆友,3,tencent_ai_lab_chinese_embedding_light_mirror_mvp,0.73780158,108,0.79317617,0.82999861,0.7379424,男朋友,对象关系,0.75264573,79
80,新婚,新婚,2,tencent_ai_lab_chinese_embedding_light_mirror_mvp,0.70536141,167,0.79316562,0.80968571,0.76838547,结婚,婚恋,0.81701374,80
81,青春片,青春片,3,tencent_ai_lab_chinese_embedding_light_mirror_mvp,0.53221347,2144,0.79235637,0.82710177,0.74023813,青春,社会比较与人生进度,0.62354732,81
82,结婚证,结婚证,3,tencent_ai_lab_chinese_embedding_light_mirror_mvp,0.65743037,312,0.79232943,0.82693464,0.74042147,结婚,婚恋,0.72723901,82
83,好丈夫,好丈夫,3,tencent_ai_lab_chinese_embedding_light_mirror_mvp,0.64277837,384,0.79152751,0.84344304,0.71365422,丈夫,婚恋,0.73204935,83
84,亲密无间,亲密无间,4,tencent_ai_lab_chinese_embedding_light_mirror_mvp,0.75723659,84,0.79138809,0.8337822,0.72779685,亲密,亲密行为,0.76209342,84
85,青春年华,青春年华,4,tencent_ai_lab_chinese_embedding_light_mirror_mvp,0.71010051,160,0.79073632,0.82942212,0.73270768,青春,社会比较与人生进度,0.68303776,85
86,相恋,相恋,2,tencent_ai_lab_chinese_embedding_light_mirror_mvp,0.75243666,88,0.79015517,0.80282855,0.77114505,恋爱,恋爱核心,0.83744943,86
87,爱情片,爱情片,3,tencent_ai_lab_chinese_embedding_light_mirror_mvp,0.52074476,2562,0.78775668,0.82661068,0.7294755,爱情,恋爱核心,0.71932507,87
88,情史,情史,2,tencent_ai_lab_chinese_embedding_light_mirror_mvp,0.69418873,189,0.78728402,0.85026646,0.69281024,感情史,恋爱历史,0.68574905,88
89,感情,感情,2,tencent_ai_lab_chinese_embedding_light_mirror_mvp,0.8134701,50,0.78579795,0.80363452,0.75904304,感情史,恋爱核心,0.72845733,89
90,婚姻,婚姻,2,tencent_ai_lab_chinese_embedding_light_mirror_mvp,0.78624923,66,0.78520679,0.80966258,0.74852306,结婚,婚恋,0.82899451,90
91,追逐,追逐,2,tencent_ai_lab_chinese_embedding_light_mirror_mvp,0.62048604,531,0.78463638,0.84119725,0.69979507,追求,表白与追求,0.67213798,91
92,比较落后,比较落后,4,tencent_ai_lab_chinese_embedding_light_mirror_mvp,0.50034511,3638,0.78379101,0.90316498,0.60472989,落后,社会比较与人生进度,0.66599405,92
93,婚恋,婚恋,2,tencent_ai_lab_chinese_embedding_light_mirror_mvp,0.63831922,408,0.78142214,0.78788722,0.7717244,恋爱,恋爱核心,0.82227027,93
94,完婚,完婚,2,tencent_ai_lab_chinese_embedding_light_mirror_mvp,0.7986048,57,0.77953935,0.80817282,0.73658895,结婚,婚恋,0.76999009,94
95,婚事,婚事,2,tencent_ai_lab_chinese_embedding_light_mirror_mvp,0.74569033,96,0.77860069,0.79268104,0.75748008,结婚,婚恋,0.8175633,95
96,重点对象,重点对象,4,tencent_ai_lab_chinese_embedding_light_mirror_mvp,0.54004725,1872,0.77760112,0.81923026,0.71515745,对象,对象关系,0.65059257,96
97,婚房,婚房,2,tencent_ai_lab_chinese_embedding_light_mirror_mvp,0.63780369,415,0.77712733,0.7927717,0.75366068,结婚,婚恋,0.80717933,97
98,亲昵,亲昵,2,tencent_ai_lab_chinese_embedding_light_mirror_mvp,0.72051408,140,0.7759726,0.80689049,0.7295956,亲密,亲密行为,0.78977978,98
99,亲近,亲近,2,tencent_ai_lab_chinese_embedding_light_mirror_mvp,0.70657927,165,0.77584136,0.80777586,0.72793961,亲密,亲密行为,0.78491986,99
100,寻求,寻求,2,tencent_ai_lab_chinese_embedding_light_mirror_mvp,0.55416844,1462,0.77513617,0.83608043,0.68371964,追求,表白与追求,0.65243554,100
101,牵着,牵着,2,tencent_ai_lab_chinese_embedding_light_mirror_mvp,0.57035352,1121,0.77505302,0.83545327,0.68445253,牵手,亲密行为,0.73126262,101
102,热恋,热恋,2,tencent_ai_lab_chinese_embedding_light_mirror_mvp,0.76729207,77,0.77437013,0.78246486,0.76222801,恋爱,恋爱核心,0.82257068,102
103,选择对象,选择对象,4,tencent_ai_lab_chinese_embedding_light_mirror_mvp,0.56994607,1130,0.77249008,0.80515838,0.72348756,对象,对象关系,0.69211793,103
104,片面追求,片面追求,4,tencent_ai_lab_chinese_embedding_light_mirror_mvp,0.49305309,4117,0.77216637,0.84237349,0.66685563,追求,表白与追求,0.70346618,104
105,电影,电影,2,tencent_ai_lab_chinese_embedding_light_mirror_mvp,0.50967008,3119,0.77195042,0.87693334,0.61447608,看电影,约会,0.58020198,105
106,搂抱,搂抱,2,tencent_ai_lab_chinese_embedding_light_mirror_mvp,0.6028736,680,0.77177465,0.82658279,0.6895625,拥抱,亲密行为,0.76537812,106
107,夫妇,夫妇,2,tencent_ai_lab_chinese_embedding_light_mirror_mvp,0.66810884,270,0.77035499,0.78065455,0.75490564,妻子,婚恋,0.78078645,107
108,紧密,紧密,2,tencent_ai_lab_chinese_embedding_light_mirror_mvp,0.51112355,3033,0.7699517,0.82335299,0.68984967,亲密,亲密行为,0.71552855,108
109,刻意追求,刻意追求,4,tencent_ai_lab_chinese_embedding_light_mirror_mvp,0.63512079,433,0.7687313,0.83683169,0.66658062,追求,表白与追求,0.70913035,109
110,媳妇,媳妇,2,tencent_ai_lab_chinese_embedding_light_mirror_mvp,0.85249555,42,0.76447213,0.77920568,0.74237174,老婆,婚恋,0.76740801,110
111,关系,关系,2,tencent_ai_lab_chinese_embedding_light_mirror_mvp,0.59806373,733,0.76409924,0.78899109,0.7267614,亲密关系,亲密行为,0.68396604,111
112,婚约,婚约,2,tencent_ai_lab_chinese_embedding_light_mirror_mvp,0.68799474,212,0.76400334,0.76834476,0.75749111,订婚,婚恋,0.80076391,112
113,轻吻,轻吻,2,tencent_ai_lab_chinese_embedding_light_mirror_mvp,0.49937948,3693,0.76261103,0.79064316,0.72056288,接吻,亲密行为,0.74691367,113
114,单亲,单亲,2,tencent_ai_lab_chinese_embedding_light_mirror_mvp,0.54429688,1734,0.76252699,0.78797781,0.72435063,单身,单身与脱单,0.80535781,114
115,经历,经历,2,tencent_ai_lab_chinese_embedding_light_mirror_mvp,0.48572286,4662,0.76246011,0.81163788,0.68869346,恋爱经历,社会比较与人生进度,0.73077393,115
116,抱住,抱住,2,tencent_ai_lab_chinese_embedding_light_mirror_mvp,0.51840609,2669,0.76222229,0.82896119,0.6621139,拥抱,亲密行为,0.72642452,116
117,校园,校园,2,tencent_ai_lab_chinese_embedding_light_mirror_mvp,0.54719404,1658,0.76209098,0.80260241,0.70132381,校园恋爱,校园恋爱,0.72900981,117
118,追到,追到,2,tencent_ai_lab_chinese_embedding_light_mirror_mvp,0.49398745,4048,0.76173544,0.79970753,0.70477724,被追,表白与追求,0.73913562,118
119,激吻,激吻,2,tencent_ai_lab_chinese_embedding_light_mirror_mvp,0.67599968,244,0.7603718,0.79736656,0.70487952,接吻,亲密行为,0.75178564,119
120,对方,对方,2,tencent_ai_lab_chinese_embedding_light_mirror_mvp,0.5915704,807,0.75967205,0.7989701,0.7007249,对象,对象关系,0.72012573,120
121,婚姻关系,婚姻关系,4,tencent_ai_lab_chinese_embedding_light_mirror_mvp,0.73660443,113,0.75949824,0.76792622,0.74685621,恋爱关系,婚恋,0.75089556,121
122,追随,追随,2,tencent_ai_lab_chinese_embedding_light_mirror_mvp,0.52168742,2520,0.75944102,0.80298436,0.69412595,追求,表白与追求,0.70400327,122
123,婚后,婚后,2,tencent_ai_lab_chinese_embedding_light_mirror_mvp,0.7969579,60,0.75900537,0.7916531,0.71003371,结婚,婚恋,0.78628832,123
124,爱妻,爱妻,2,tencent_ai_lab_chinese_embedding_light_mirror_mvp,0.65449057,331,0.75897908,0.79434359,0.70593232,妻子,婚恋,0.75032926,124
125,结婚纪念日,结婚纪念日,5,tencent_ai_lab_chinese_embedding_light_mirror_mvp,0.64279559,383,0.75813675,0.787094,0.71470088,结婚,婚恋,0.71829689,125
126,抱有,抱有,2,tencent_ai_lab_chinese_embedding_light_mirror_mvp,0.49165072,4211,0.75700295,0.82828069,0.65008634,拥抱,亲密行为,0.71162993,126
127,相伴,相伴,2,tencent_ai_lab_chinese_embedding_light_mirror_mvp,0.58383534,917,0.7557807,0.80635166,0.67992419,伴侣,对象关系,0.70227134,127
128,情感,情感,2,tencent_ai_lab_chinese_embedding_light_mirror_mvp,0.7121365,157,0.75516891,0.77977228,0.71826392,感情史,恋爱核心,0.70794082,128
129,男爱,男爱,2,tencent_ai_lab_chinese_embedding_light_mirror_mvp,0.4856882,4663,0.75330091,0.77464414,0.72128606,男朋友,对象关系,0.74192071,129
130,结伴,结伴,2,tencent_ai_lab_chinese_embedding_light_mirror_mvp,0.53722086,1972,0.75277984,0.79380751,0.69123816,伴侣,对象关系,0.67804581,130
131,追寻,追寻,2,tencent_ai_lab_chinese_embedding_light_mirror_mvp,0.60235088,686,0.75250125,0.80668533,0.67122507,追求,表白与追求,0.6697256,131
132,同伴,同伴,2,tencent_ai_lab_chinese_embedding_light_mirror_mvp,0.52966466,2243,0.75226402,0.78522754,0.70281863,伴侣,对象关系,0.67688596,132
133,这婚,这婚,2,tencent_ai_lab_chinese_embedding_light_mirror_mvp,0.66243449,290,0.75212789,0.76906323,0.72672468,结婚,婚恋,0.78654194,133
134,贤妻,贤妻,2,tencent_ai_lab_chinese_embedding_light_mirror_mvp,0.58706398,870,0.75161302,0.78828323,0.69660777,妻子,婚恋,0.7411238,134
135,探求,探求,2,tencent_ai_lab_chinese_embedding_light_mirror_mvp,0.57471322,1057,0.75129044,0.80743134,0.66707891,追求,表白与追求,0.63460779,135
136,婚龄,婚龄,2,tencent_ai_lab_chinese_embedding_light_mirror_mvp,0.68191717,226,0.75116336,0.77579397,0.71421736,结婚,婚恋,0.77019167,136
137,抱紧,抱紧,2,tencent_ai_lab_chinese_embedding_light_mirror_mvp,0.54337314,1770,0.75108731,0.78846562,0.6950199,拥抱,亲密行为,0.76392961,137
138,婚照,婚照,2,tencent_ai_lab_chinese_embedding_light_mirror_mvp,0.65283352,343,0.75045347,0.76492751,0.7287423,婚礼,婚恋,0.75463009,138
139,青春活力,青春活力,4,tencent_ai_lab_chinese_embedding_light_mirror_mvp,0.57702014,1028,0.75008547,0.79272234,0.68613005,青春,社会比较与人生进度,0.69321573,139
140,友好关系,友好关系,4,tencent_ai_lab_chinese_embedding_light_mirror_mvp,0.50827718,3196,0.74992049,0.7800287,0.70475817,亲密关系,亲密行为,0.67556137,140
141,青春偶像,青春偶像,4,tencent_ai_lab_chinese_embedding_light_mirror_mvp,0.48807641,4468,0.74954736,0.77759421,0.70747709,青春,社会比较与人生进度,0.64238447,141
142,私人关系,私人关系,4,tencent_ai_lab_chinese_embedding_light_mirror_mvp,0.54104548,1844,0.74899095,0.78191584,0.69960356,亲密关系,亲密行为,0.66535592,142
143,现任,现任,2,tencent_ai_lab_chinese_embedding_light_mirror_mvp,0.64890416,361,0.74694818,0.80582166,0.65863794,前任,恋爱历史,0.71275115,143
144,密切,密切,2,tencent_ai_lab_chinese_embedding_light_mirror_mvp,0.51608047,2770,0.74653774,0.802356,0.66281027,亲密,亲密行为,0.70056963,144
145,高中,高中,2,tencent_ai_lab_chinese_embedding_light_mirror_mvp,0.60207632,690,0.74604285,0.81612396,0.64092106,高中恋爱,校园恋爱,0.67279482,145
146,相约,相约,2,tencent_ai_lab_chinese_embedding_light_mirror_mvp,0.57479789,1055,0.7458545,0.76487911,0.71731752,约会,约会,0.78337687,146
147,已婚,已婚,2,tencent_ai_lab_chinese_embedding_light_mirror_mvp,0.72190039,138,0.74397004,0.75982946,0.72018081,结婚,婚恋,0.80411851,147
148,夫妻俩,夫妻俩,3,tencent_ai_lab_chinese_embedding_light_mirror_mvp,0.73756527,109,0.7409898,0.75200784,0.72446269,妻子,婚恋,0.75166488,148
149,亲切,亲切,2,tencent_ai_lab_chinese_embedding_light_mirror_mvp,0.5779084,1012,0.74090278,0.78647178,0.67254919,亲密,亲密行为,0.71852863,149
150,邀约,邀约,2,tencent_ai_lab_chinese_embedding_light_mirror_mvp,0.57048727,1120,0.74043655,0.75898314,0.71261674,约会,约会,0.75966537,150
151,强吻,强吻,2,tencent_ai_lab_chinese_embedding_light_mirror_mvp,0.65914725,304,0.74019504,0.770769,0.69433403,接吻,亲密行为,0.73743242,151
152,婚史,婚史,2,tencent_ai_lab_chinese_embedding_light_mirror_mvp,0.62458072,501,0.7399506,0.74572933,0.73128241,结婚,婚恋,0.76670718,152
153,年青,年青,2,tencent_ai_lab_chinese_embedding_light_mirror_mvp,0.49094449,4258,0.73945975,0.7861951,0.66935664,青春,社会比较与人生进度,0.6954788,153
154,私密,私密,2,tencent_ai_lab_chinese_embedding_light_mirror_mvp,0.53488424,2038,0.73940355,0.78313303,0.67380923,亲密,亲密行为,0.69015658,154
155,夫妻感情,夫妻感情,4,tencent_ai_lab_chinese_embedding_light_mirror_mvp,0.63120258,461,0.73925918,0.75470972,0.71608335,妻子,婚恋,0.75608432,155
156,吻别,吻别,2,tencent_ai_lab_chinese_embedding_light_mirror_mvp,0.5477522,1638,0.73904192,0.77811837,0.68042725,接吻,亲密行为,0.73486745,156
157,夫妻关系,夫妻关系,4,tencent_ai_lab_chinese_embedding_light_mirror_mvp,0.70130181,176,0.73887873,0.74240613,0.7335875,亲密关系,婚恋,0.76094699,157
158,婚车,婚车,2,tencent_ai_lab_chinese_embedding_light_mirror_mvp,0.6613095,299,0.73798335,0.74830556,0.72249991,婚礼,婚恋,0.7624644,158
159,其妻,其妻,2,tencent_ai_lab_chinese_embedding_light_mirror_mvp,0.68857204,208,0.73750442,0.77644742,0.67908984,妻子,婚恋,0.70725489,159
160,终身伴侣,终身伴侣,4,tencent_ai_lab_chinese_embedding_light_mirror_mvp,0.73745008,110,0.73726875,0.77370673,0.68261164,伴侣,对象关系,0.69467902,160
161,妻弟,妻弟,2,tencent_ai_lab_chinese_embedding_light_mirror_mvp,0.59381177,787,0.73643124,0.78284121,0.66681617,妻子,婚恋,0.67855453,161
162,老伴,老伴,2,tencent_ai_lab_chinese_embedding_light_mirror_mvp,0.66793532,271,0.73629141,0.7644704,0.69402289,伴侣,婚恋,0.70211005,162
163,失落,失落,2,tencent_ai_lab_chinese_embedding_light_mirror_mvp,0.48454478,4764,0.73580664,0.80715328,0.62878662,落后,社会比较与人生进度,0.64245266,163
164,追赶,追赶,2,tencent_ai_lab_chinese_embedding_light_mirror_mvp,0.52952811,2252,0.73568273,0.7784375,0.67155057,追求,表白与追求,0.6310184,164
165,聚会,聚会,2,tencent_ai_lab_chinese_embedding_light_mirror_mvp,0.65794725,309,0.73489934,0.77281106,0.67803174,约会,约会,0.74039751,165
166,婚否,婚否,2,tencent_ai_lab_chinese_embedding_light_mirror_mvp,0.5068621,3269,0.73444086,0.75886977,0.69779748,结婚,婚恋,0.76653409,166
167,高中同学,高中同学,4,tencent_ai_lab_chinese_embedding_light_mirror_mvp,0.73115141,119,0.73377752,0.77407193,0.67333585,高中恋爱,校园恋爱,0.72078747,167
168,亲爱,亲爱,2,tencent_ai_lab_chinese_embedding_light_mirror_mvp,0.49367326,4078,0.73372048,0.76915717,0.68056536,亲密,亲密行为,0.74658763,168
169,亲亲的,亲亲的,3,tencent_ai_lab_chinese_embedding_light_mirror_mvp,0.57367728,1074,0.73309571,0.75833213,0.69524097,亲密,亲密行为,0.7382915,169
170,陪伴,陪伴,2,tencent_ai_lab_chinese_embedding_light_mirror_mvp,0.54493828,1717,0.73303413,0.76774228,0.68097192,伴侣,对象关系,0.66957176,170
171,亲情,亲情,2,tencent_ai_lab_chinese_embedding_light_mirror_mvp,0.70112779,178,0.732759,0.75361633,0.70147294,亲密,亲密行为,0.7529726,171
172,夫妻之间,夫妻之间,4,tencent_ai_lab_chinese_embedding_light_mirror_mvp,0.67471198,248,0.73178107,0.74568444,0.710926,妻子,婚恋,0.73336065,172
173,飞吻,飞吻,2,tencent_ai_lab_chinese_embedding_light_mirror_mvp,0.49390807,4062,0.73154628,0.76071477,0.68779355,接吻,亲密行为,0.72387755,173
174,前妻,前妻,2,tencent_ai_lab_chinese_embedding_light_mirror_mvp,0.79982343,56,0.73145998,0.73262811,0.72970766,前任,恋爱历史,0.73296905,174
175,经济落后,经济落后,4,tencent_ai_lab_chinese_embedding_light_mirror_mvp,0.49779094,3794,0.73102653,0.83385706,0.5767808,落后,社会比较与人生进度,0.60828078,175
176,婚配,婚配,2,tencent_ai_lab_chinese_embedding_light_mirror_mvp,0.55656831,1403,0.73055482,0.74627107,0.70698041,结婚,婚恋,0.77351046,176
177,见面会,见面会,3,tencent_ai_lab_chinese_embedding_light_mirror_mvp,0.52162983,2525,0.7298758,0.74944437,0.7005229,约会,约会,0.74781358,177
178,妻儿老小,妻儿老小,4,tencent_ai_lab_chinese_embedding_light_mirror_mvp,0.54044939,1859,0.72980064,0.74564725,0.70603061,妻子,婚恋,0.70012796,178
179,婚姻生活,婚姻生活,4,tencent_ai_lab_chinese_embedding_light_mirror_mvp,0.73001295,125,0.72974873,0.74961203,0.69995373,结婚,婚恋,0.76736307,179
180,阶段,阶段,2,tencent_ai_lab_chinese_embedding_light_mirror_mvp,0.48498626,4726,0.72917008,0.81817335,0.59566516,人生阶段,社会比较与人生进度,0.65182948,180
181,依恋,依恋,2,tencent_ai_lab_chinese_embedding_light_mirror_mvp,0.57159528,1104,0.72871339,0.73554993,0.71845847,恋情,恋爱核心,0.78106695,181
182,伙伴关系,伙伴关系,4,tencent_ai_lab_chinese_embedding_light_mirror_mvp,0.50957612,3130,0.72852898,0.73771691,0.71474695,伴侣,对象关系,0.66902417,182
183,接亲,接亲,2,tencent_ai_lab_chinese_embedding_light_mirror_mvp,0.65580742,322,0.72848165,0.75665629,0.68621951,接吻,亲密行为,0.73997414,183
184,女票,女票,2,tencent_ai_lab_chinese_embedding_light_mirror_mvp,0.79324436,63,0.72829807,0.77528101,0.6578235,女朋友,对象关系,0.68411446,184
185,约见,约见,2,tencent_ai_lab_chinese_embedding_light_mirror_mvp,0.55348461,1485,0.72810137,0.74064493,0.70928597,约会,约会,0.7838434,185
186,女伴,女伴,2,tencent_ai_lab_chinese_embedding_light_mirror_mvp,0.59148477,812,0.72792947,0.76378286,0.67414922,伴侣,对象关系,0.69818342,186
187,一抱,一抱,2,tencent_ai_lab_chinese_embedding_light_mirror_mvp,0.48354833,4839,0.72709537,0.80585188,0.60896045,拥抱,亲密行为,0.65608644,187
188,贪恋,贪恋,2,tencent_ai_lab_chinese_embedding_light_mirror_mvp,0.48912987,4391,0.72706711,0.73500514,0.71515989,暗恋,恋爱核心,0.7482571,188
189,婚介,婚介,2,tencent_ai_lab_chinese_embedding_light_mirror_mvp,0.49960091,3679,0.72692281,0.73863089,0.7093606,结婚,婚恋,0.75940073,189
190,恋曲,恋曲,2,tencent_ai_lab_chinese_embedding_light_mirror_mvp,0.54489359,1719,0.72656941,0.73613346,0.71222323,恋情,恋爱核心,0.73400855,190
191,牵挂,牵挂,2,tencent_ai_lab_chinese_embedding_light_mirror_mvp,0.52058997,2570,0.72646093,0.78452539,0.63936418,牵手,亲密行为,0.68005323,191
192,爱人,爱人,2,tencent_ai_lab_chinese_embedding_light_mirror_mvp,0.79640616,61,0.72630882,0.74216443,0.70252538,恋人,对象关系,0.69597459,192
193,感情生活,感情生活,4,tencent_ai_lab_chinese_embedding_light_mirror_mvp,0.74853718,92,0.72570992,0.74893355,0.6908744,感情史,对象关系,0.69350314,193
194,被人,被人,2,tencent_ai_lab_chinese_embedding_light_mirror_mvp,0.51278623,2953,0.72531819,0.77046931,0.6575914,被追,社会比较与人生进度,0.67328256,194
195,女网友,女网友,3,tencent_ai_lab_chinese_embedding_light_mirror_mvp,0.68956544,207,0.72530419,0.76823628,0.66090596,女朋友,对象关系,0.66188133,195
196,技术落后,技术落后,4,tencent_ai_lab_chinese_embedding_light_mirror_mvp,0.48377484,4824,0.72416949,0.8358711,0.55661702,落后,社会比较与人生进度,0.57200295,196
197,情人,情人,2,tencent_ai_lab_chinese_embedding_light_mirror_mvp,0.7626161,79,0.72397476,0.75151062,0.68267089,恋人,对象关系,0.68098593,197
198,吃饭,吃饭,2,tencent_ai_lab_chinese_embedding_light_mirror_mvp,0.58412927,913,0.72395319,0.79219174,0.62159532,约饭,约会,0.66727024,198
199,公婆,公婆,2,tencent_ai_lab_chinese_embedding_light_mirror_mvp,0.78732662,65,0.72332186,0.76096231,0.66686112,老公,婚恋,0.7168839,199
200,征婚,征婚,2,tencent_ai_lab_chinese_embedding_light_mirror_mvp,0.5557013,1418,0.72301513,0.731089,0.7109043,求婚,婚恋,0.74006295,200
201,催婚,催婚,2,tencent_ai_lab_chinese_embedding_light_mirror_mvp,0.63659472,428,0.72299337,0.73526311,0.70458883,结婚,婚恋,0.72893906,201
202,夫人,夫人,2,tencent_ai_lab_chinese_embedding_light_mirror_mvp,0.65668381,317,0.72258723,0.74425882,0.69007975,丈夫,婚恋,0.68469918,202
203,夫妻间,夫妻间,3,tencent_ai_lab_chinese_embedding_light_mirror_mvp,0.67167759,255,0.72232556,0.73244697,0.70714331,妻子,婚恋,0.73202121,203
204,青年人,青年人,3,tencent_ai_lab_chinese_embedding_light_mirror_mvp,0.50080606,3606,0.7222929,0.75398278,0.67475796,青春,社会比较与人生进度,0.69874513,204
205,婚内,婚内,2,tencent_ai_lab_chinese_embedding_light_mirror_mvp,0.6430069,382,0.72127759,0.73876011,0.69505376,结婚,婚恋,0.78889048,205
206,迷恋,迷恋,2,tencent_ai_lab_chinese_embedding_light_mirror_mvp,0.59336994,790,0.72088218,0.72786647,0.71040559,恋情,恋爱核心,0.7581265,206
207,未婚,未婚,2,tencent_ai_lab_chinese_embedding_light_mirror_mvp,0.73954409,106,0.72055483,0.74244857,0.6877141,结婚,婚恋,0.743788,207
208,追捧,追捧,2,tencent_ai_lab_chinese_embedding_light_mirror_mvp,0.48992742,4328,0.72040379,0.75304449,0.67144269,追求,表白与追求,0.67261684,208
209,早婚,早婚,2,tencent_ai_lab_chinese_embedding_light_mirror_mvp,0.62499077,496,0.71995687,0.7270034,0.70938706,结婚,婚恋,0.73771477,209
210,伙伴,伙伴,2,tencent_ai_lab_chinese_embedding_light_mirror_mvp,0.51257222,2965,0.71992558,0.7639423,0.65390044,伴侣,对象关系,0.68789017,210
211,夫妻生活,夫妻生活,4,tencent_ai_lab_chinese_embedding_light_mirror_mvp,0.63396424,439,0.71984106,0.72621906,0.71027404,妻子,婚恋,0.75986779,211
212,婚书,婚书,2,tencent_ai_lab_chinese_embedding_light_mirror_mvp,0.54420226,1740,0.71949637,0.72445112,0.71206421,婚礼,婚恋,0.74825346,212
213,两性关系,两性关系,4,tencent_ai_lab_chinese_embedding_light_mirror_mvp,0.79755802,59,0.71797943,0.73545319,0.69176871,亲密关系,对象关系,0.65492392,213
214,的人,的人,2,tencent_ai_lab_chinese_embedding_light_mirror_mvp,0.56363382,1257,0.71778631,0.75017774,0.66919917,喜欢的人,社会比较与人生进度,0.64768457,214
215,亲朋,亲朋,2,tencent_ai_lab_chinese_embedding_light_mirror_mvp,0.52944374,2255,0.71712375,0.74471581,0.67573565,亲密,亲密行为,0.72409034,215
216,同学,同学,2,tencent_ai_lab_chinese_embedding_light_mirror_mvp,0.71333195,154,0.7168709,0.74215615,0.67894298,同桌,校园恋爱,0.69164312,216
217,媳妇儿,媳妇儿,3,tencent_ai_lab_chinese_embedding_light_mirror_mvp,0.8160691,48,0.71676165,0.7294566,0.69771916,妻子,婚恋,0.72122967,217
218,网恋,网恋,2,tencent_ai_lab_chinese_embedding_light_mirror_mvp,0.67928072,232,0.71672863,0.72371376,0.70625085,恋情,恋爱核心,0.76012081,218
219,婚前,婚前,2,tencent_ai_lab_chinese_embedding_light_mirror_mvp,0.6981555,182,0.71617919,0.72397006,0.70449287,结婚,婚恋,0.76357961,219
220,相爱,相爱,2,tencent_ai_lab_chinese_embedding_light_mirror_mvp,0.75608575,85,0.71570551,0.72725248,0.69838506,爱情,恋爱核心,0.73509961,220
221,晚婚,晚婚,2,tencent_ai_lab_chinese_embedding_light_mirror_mvp,0.61885488,544,0.71566308,0.73180938,0.6914435,结婚,婚恋,0.73964912,221
222,别人,别人,2,tencent_ai_lab_chinese_embedding_light_mirror_mvp,0.5738152,1072,0.71501613,0.74858963,0.66465575,别人都有对象,社会比较与人生进度,0.6846208,222
223,携手,携手,2,tencent_ai_lab_chinese_embedding_light_mirror_mvp,0.61148038,589,0.71452653,0.7548458,0.65404767,牵手,亲密行为,0.69218445,223
224,嫁到,嫁到,2,tencent_ai_lab_chinese_embedding_light_mirror_mvp,0.58867905,849,0.71429372,0.73425061,0.68435842,结婚,婚恋,0.75843608,224
225,追你,追你,2,tencent_ai_lab_chinese_embedding_light_mirror_mvp,0.63735831,418,0.71361709,0.7420361,0.67098856,被追,表白与追求,0.76010114,225
226,求爱,求爱,2,tencent_ai_lab_chinese_embedding_light_mirror_mvp,0.72353253,134,0.71304023,0.7438463,0.66683102,求婚,表白与追求,0.63512474,226
227,踱步,踱步,2,tencent_ai_lab_chinese_embedding_light_mirror_mvp,0.49035107,4300,0.71271729,0.79934424,0.58277678,散步,约会,0.59224415,227
228,虐恋,虐恋,2,tencent_ai_lab_chinese_embedding_light_mirror_mvp,0.61814384,547,0.7117883,0.71851087,0.70170444,恋情,恋爱核心,0.74572146,228
229,情侣装,情侣装,3,tencent_ai_lab_chinese_embedding_light_mirror_mvp,0.67202193,254,0.71178782,0.74033082,0.66897315,情侣,对象关系,0.67928231,229
230,性关系,性关系,3,tencent_ai_lab_chinese_embedding_light_mirror_mvp,0.64324536,381,0.71081865,0.72624987,0.68767184,亲密关系,亲密行为,0.64764881,230
231,互动关系,互动关系,4,tencent_ai_lab_chinese_embedding_light_mirror_mvp,0.59794502,736,0.71065605,0.73456776,0.67478848,亲密关系,亲密行为,0.66534686,231
232,男生,男生,2,tencent_ai_lab_chinese_embedding_light_mirror_mvp,0.75211996,89,0.71045184,0.73724139,0.67026758,男朋友,社会比较与人生进度,0.6506927,232
233,校园生活,校园生活,4,tencent_ai_lab_chinese_embedding_light_mirror_mvp,0.59516861,772,0.71044338,0.74811786,0.65393162,校园恋爱,校园恋爱,0.71013629,233
234,同班同学,同班同学,4,tencent_ai_lab_chinese_embedding_light_mirror_mvp,0.67767509,239,0.70993507,0.74456441,0.65799111,同桌,社会比较与人生进度,0.6414938,234
235,婚育,婚育,2,tencent_ai_lab_chinese_embedding_light_mirror_mvp,0.54776751,1637,0.70972037,0.73174238,0.67668724,结婚,婚恋,0.74068117,235
236,坦白,坦白,2,tencent_ai_lab_chinese_embedding_light_mirror_mvp,0.56172208,1293,0.70971459,0.73963773,0.66482979,告白,表白与追求,0.70559227,236
237,漫步,漫步,2,tencent_ai_lab_chinese_embedding_light_mirror_mvp,0.67811642,237,0.70937914,0.78676891,0.59329444,散步,约会,0.62143695,237
238,人生,人生,2,tencent_ai_lab_chinese_embedding_light_mirror_mvp,0.66811081,269,0.70929712,0.78670275,0.59318858,人生阶段,社会比较与人生进度,0.67503393,238
239,失恋,失恋,2,tencent_ai_lab_chinese_embedding_light_mirror_mvp,0.66848935,267,0.70896435,0.72107321,0.69080091,恋情,恋爱核心,0.74846739,239
240,谈会,谈会,2,tencent_ai_lab_chinese_embedding_light_mirror_mvp,0.48420797,4794,0.7087909,0.73860967,0.66406262,约会,约会,0.69968295,240
241,被他,被他,2,tencent_ai_lab_chinese_embedding_light_mirror_mvp,0.50734305,3241,0.70875287,0.76736462,0.62083524,被追,表白与追求,0.6474967,241
242,亲口,亲口,2,tencent_ai_lab_chinese_embedding_light_mirror_mvp,0.51053799,3065,0.7080729,0.7297374,0.67557603,亲密,亲密行为,0.73956066,242
243,渴求,渴求,2,tencent_ai_lab_chinese_embedding_light_mirror_mvp,0.60007138,708,0.70786023,0.76487833,0.62233299,追求,表白与追求,0.66557646,243
244,婚事新办,婚事新办,4,tencent_ai_lab_chinese_embedding_light_mirror_mvp,0.48574667,4659,0.70781702,0.72211289,0.68637317,婚礼,婚恋,0.70077312,244
245,有的人,有的人,3,tencent_ai_lab_chinese_embedding_light_mirror_mvp,0.49048804,4290,0.70781338,0.71279883,0.7003352,别人都有对象,社会比较与人生进度,0.69671929,245
246,大龄,大龄,2,tencent_ai_lab_chinese_embedding_light_mirror_mvp,0.6587954,305,0.7077406,0.77204591,0.61128259,同龄人,社会比较与人生进度,0.68777329,246
247,青涩,青涩,2,tencent_ai_lab_chinese_embedding_light_mirror_mvp,0.62080952,527,0.70751595,0.74016017,0.65854955,青春,社会比较与人生进度,0.67883962,247
248,婚生,婚生,2,tencent_ai_lab_chinese_embedding_light_mirror_mvp,0.55483288,1439,0.70749283,0.72529519,0.68078917,结婚,婚恋,0.7369225,248
249,亲人,亲人,2,tencent_ai_lab_chinese_embedding_light_mirror_mvp,0.61307216,578,0.7068128,0.72945678,0.67284679,亲密,亲密行为,0.72442496,249
250,大学校园,大学校园,4,tencent_ai_lab_chinese_embedding_light_mirror_mvp,0.5122304,2979,0.70669436,0.72481477,0.67951363,大学恋爱,校园恋爱,0.67305857,250
251,秘密情感,秘密情感,4,tencent_ai_lab_chinese_embedding_light_mirror_mvp,0.50982894,3109,0.7059828,0.71612179,0.69077414,亲密,亲密行为,0.67177248,251
252,嫁给,嫁给,2,tencent_ai_lab_chinese_embedding_light_mirror_mvp,0.7018809,174,0.70594764,0.72401035,0.67885351,结婚,婚恋,0.75805438,252
253,孤单,孤单,2,tencent_ai_lab_chinese_embedding_light_mirror_mvp,0.53706944,1982,0.70593292,0.72895479,0.67140007,单身,单身与脱单,0.7358461,253
254,男青年,男青年,3,tencent_ai_lab_chinese_embedding_light_mirror_mvp,0.50565025,3334,0.70546746,0.73284018,0.66440839,青春,社会比较与人生进度,0.6797055,254
255,夫妇俩,夫妇俩,3,tencent_ai_lab_chinese_embedding_light_mirror_mvp,0.67081454,259,0.70543361,0.711483,0.69635946,丈夫,婚恋,0.71609426,255
256,嫁人,嫁人,2,tencent_ai_lab_chinese_embedding_light_mirror_mvp,0.73118114,118,0.70531929,0.72089505,0.68195552,结婚,婚恋,0.77829957,256
257,谈婚论嫁,谈婚论嫁,4,tencent_ai_lab_chinese_embedding_light_mirror_mvp,0.76115282,80,0.70514047,0.71871281,0.68478179,结婚,婚恋,0.72946775,257
258,亲自,亲自,2,tencent_ai_lab_chinese_embedding_light_mirror_mvp,0.48271211,4905,0.7049498,0.73683017,0.65712923,亲密,亲密行为,0.72726965,258
259,女青年,女青年,3,tencent_ai_lab_chinese_embedding_light_mirror_mvp,0.52158848,2526,0.70478797,0.74070454,0.65091312,青春,社会比较与人生进度,0.6501261,259
260,邻桌,邻桌,2,tencent_ai_lab_chinese_embedding_light_mirror_mvp,0.62154057,524,0.7047506,0.77798009,0.59490627,同桌,约会,0.51221406,260
261,重婚,重婚,2,tencent_ai_lab_chinese_embedding_light_mirror_mvp,0.54104726,1842,0.70450425,0.71907002,0.68265557,结婚,婚恋,0.74888653,261
262,老娘,老娘,2,tencent_ai_lab_chinese_embedding_light_mirror_mvp,0.65667164,318,0.70448875,0.74506575,0.64362329,老婆,婚恋,0.68904746,262
263,一夫一妻,一夫一妻,4,tencent_ai_lab_chinese_embedding_light_mirror_mvp,0.50421575,3399,0.7043007,0.71998441,0.68077511,妻子,婚恋,0.71187091,263
264,闹婚,闹婚,2,tencent_ai_lab_chinese_embedding_light_mirror_mvp,0.51919632,2640,0.70424324,0.7157315,0.68701082,结婚,婚恋,0.72040868,264
265,对像,对像,2,tencent_ai_lab_chinese_embedding_light_mirror_mvp,0.67041606,261,0.70379794,0.7491948,0.63570255,对象,对象关系,0.56355631,265
266,婚纱,婚纱,2,tencent_ai_lab_chinese_embedding_light_mirror_mvp,0.67898103,234,0.70368409,0.7302413,0.6638481,婚礼,婚恋,0.68117982,266
267,亲友,亲友,2,tencent_ai_lab_chinese_embedding_light_mirror_mvp,0.55223598,1516,0.70360029,0.72044653,0.67833096,亲密,亲密行为,0.72278404,267
268,喜欢,喜欢,2,tencent_ai_lab_chinese_embedding_light_mirror_mvp,0.55109677,1542,0.70312428,0.75139225,0.63072228,喜欢的人,表白与追求,0.72595131,268
269,年龄,年龄,2,tencent_ai_lab_chinese_embedding_light_mirror_mvp,0.63760512,416,0.70298696,0.74585688,0.63868201,同龄人,社会比较与人生进度,0.70292306,269
270,人际关系,人际关系,4,tencent_ai_lab_chinese_embedding_light_mirror_mvp,0.68549869,218,0.7028774,0.73630232,0.65273994,亲密关系,社会比较与人生进度,0.64258373,270
271,男同学,男同学,3,tencent_ai_lab_chinese_embedding_light_mirror_mvp,0.77349494,72,0.70278078,0.7176125,0.68053311,男朋友,校园恋爱,0.71184015,271
272,婚变,婚变,2,tencent_ai_lab_chinese_embedding_light_mirror_mvp,0.66481867,279,0.70249945,0.71583998,0.68248862,结婚,婚恋,0.73017251,272
273,留恋,留恋,2,tencent_ai_lab_chinese_embedding_light_mirror_mvp,0.51302722,2934,0.70234674,0.7113784,0.6887992,恋情,恋爱核心,0.73537791,273
274,就订,就订,2,tencent_ai_lab_chinese_embedding_light_mirror_mvp,0.49308867,4114,0.70181477,0.7572937,0.61859626,订婚,婚恋,0.61127251,274
275,新婚夫妇,新婚夫妇,4,tencent_ai_lab_chinese_embedding_light_mirror_mvp,0.65165139,352,0.70164365,0.71346354,0.68391371,结婚,婚恋,0.79397893,275
276,喜欢你,喜欢你,3,tencent_ai_lab_chinese_embedding_light_mirror_mvp,0.74139835,103,0.70145357,0.73456502,0.65178621,喜欢的人,表白与追求,0.74088216,276
277,前夫,前夫,2,tencent_ai_lab_chinese_embedding_light_mirror_mvp,0.79823043,58,0.7014342,0.70929015,0.68965024,前任,恋爱历史,0.67316806,277
278,搂着,搂着,2,tencent_ai_lab_chinese_embedding_light_mirror_mvp,0.54172006,1823,0.7011587,0.73137832,0.65582919,拥抱,亲密行为,0.74443728,278
279,亲同,亲同,2,tencent_ai_lab_chinese_embedding_light_mirror_mvp,0.48321867,4866,0.70089293,0.72127104,0.67032576,亲密,亲密行为,0.72154176,279
280,现阶段,现阶段,3,tencent_ai_lab_chinese_embedding_light_mirror_mvp,0.4920781,4181,0.70057106,0.76926935,0.59752351,人生阶段,社会比较与人生进度,0.67492598,280
281,独身,独身,2,tencent_ai_lab_chinese_embedding_light_mirror_mvp,0.69367273,191,0.70031011,0.74678636,0.63059574,单身,单身与脱单,0.67940581,281
282,出嫁,出嫁,2,tencent_ai_lab_chinese_embedding_light_mirror_mvp,0.69069301,202,0.69968742,0.71463698,0.67726302,结婚,婚恋,0.7346158,282
283,闺密,闺密,2,tencent_ai_lab_chinese_embedding_light_mirror_mvp,0.781389,69,0.69938231,0.73179567,0.65076214,亲密,亲密行为,0.67193317,283
284,再婚,再婚,2,tencent_ai_lab_chinese_embedding_light_mirror_mvp,0.75846829,83,0.69809556,0.70258677,0.69135857,订婚,婚恋,0.75054681,284
285,亲过,亲过,2,tencent_ai_lab_chinese_embedding_light_mirror_mvp,0.63123221,460,0.69804692,0.71466219,0.67312402,亲密,亲密行为,0.74322408,285
286,彩礼,彩礼,2,tencent_ai_lab_chinese_embedding_light_mirror_mvp,0.64269395,385,0.697528,0.72460532,0.65691203,婚礼,婚恋,0.68267167,286
287,饭桌,饭桌,2,tencent_ai_lab_chinese_embedding_light_mirror_mvp,0.5291806,2266,0.69731069,0.74161112,0.63086003,同桌,约会,0.54662144,287
288,男士,男士,2,tencent_ai_lab_chinese_embedding_light_mirror_mvp,0.57425516,1065,0.69711185,0.72727364,0.65186912,男朋友,对象关系,0.66183329,288
289,爱了,爱了,2,tencent_ai_lab_chinese_embedding_light_mirror_mvp,0.65935317,303,0.69593972,0.71901506,0.66132665,爱情,恋爱核心,0.69230914,289
290,步行,步行,2,tencent_ai_lab_chinese_embedding_light_mirror_mvp,0.55941269,1333,0.69489479,0.77638602,0.57265788,散步,约会,0.58990937,290
291,恋旧,恋旧,2,tencent_ai_lab_chinese_embedding_light_mirror_mvp,0.52104748,2548,0.69483709,0.69572341,0.69350749,恋爱,恋爱核心,0.73119462,291
292,二婚,二婚,2,tencent_ai_lab_chinese_embedding_light_mirror_mvp,0.74063947,104,0.69477737,0.70554513,0.67862558,订婚,婚恋,0.73869735,292
293,亲爱的,亲爱的,3,tencent_ai_lab_chinese_embedding_light_mirror_mvp,0.52859672,2285,0.69451046,0.7346127,0.63435692,亲密,亲密行为,0.69890559,293
294,婚姻状况,婚姻状况,4,tencent_ai_lab_chinese_embedding_light_mirror_mvp,0.57946298,984,0.69440949,0.71865404,0.65804273,结婚,婚恋,0.74359226,294
295,感情用事,感情用事,4,tencent_ai_lab_chinese_embedding_light_mirror_mvp,0.52589451,2382,0.69437134,0.72729516,0.64498568,感情史,恋爱历史,0.65611959,295
296,追梦,追梦,2,tencent_ai_lab_chinese_embedding_light_mirror_mvp,0.59491874,775,0.69418383,0.73577964,0.63179004,追求,表白与追求,0.67330241,296
297,男同事,男同事,3,tencent_ai_lab_chinese_embedding_light_mirror_mvp,0.7013739,175,0.693995,0.70891428,0.67161608,男朋友,对象关系,0.67195171,297
298,晚恋,晚恋,2,tencent_ai_lab_chinese_embedding_light_mirror_mvp,0.69159751,199,0.69390887,0.7070654,0.67417401,早恋,恋爱核心,0.68647635,298
299,最亲,最亲,2,tencent_ai_lab_chinese_embedding_light_mirror_mvp,0.52021959,2586,0.69382459,0.71196926,0.66660756,亲密,亲密行为,0.71611273,299
300,结缘,结缘,2,tencent_ai_lab_chinese_embedding_light_mirror_mvp,0.53055377,2212,0.69363797,0.73148376,0.63686925,结婚,婚恋,0.66613865,300
301,思恋,思恋,2,tencent_ai_lab_chinese_embedding_light_mirror_mvp,0.58163525,947,0.69351792,0.70148695,0.68156433,恋情,恋爱核心,0.72368151,301
302,徒步,徒步,2,tencent_ai_lab_chinese_embedding_light_mirror_mvp,0.52452309,2430,0.69346762,0.76762217,0.58223575,散步,约会,0.58830118,302
303,表象,表象,2,tencent_ai_lab_chinese_embedding_light_mirror_mvp,0.48642195,4601,0.69322789,0.72682655,0.64282978,对象,表白与追求,0.6103301,303
304,有妇之夫,有妇之夫,4,tencent_ai_lab_chinese_embedding_light_mirror_mvp,0.67585098,245,0.6931572,0.70899248,0.66940427,丈夫,婚恋,0.68530047,304
305,男同胞,男同胞,3,tencent_ai_lab_chinese_embedding_light_mirror_mvp,0.55695474,1395,0.69295019,0.70384842,0.67660278,同龄人,社会比较与人生进度,0.6470412,305
306,痴情,痴情,2,tencent_ai_lab_chinese_embedding_light_mirror_mvp,0.62917279,472,0.69283938,0.70675725,0.67196256,爱情,恋爱核心,0.69152248,306
307,聚餐,聚餐,2,tencent_ai_lab_chinese_embedding_light_mirror_mvp,0.6069592,637,0.69270158,0.72654986,0.64192909,约饭,约会,0.70582962,307
308,离婚,离婚,2,tencent_ai_lab_chinese_embedding_light_mirror_mvp,0.77629497,70,0.69269252,0.70738137,0.67065912,结婚,婚恋,0.7536068,308
309,相拥,相拥,2,tencent_ai_lab_chinese_embedding_light_mirror_mvp,0.67677717,240,0.69266307,0.72296602,0.64720863,拥抱,亲密行为,0.67671871,309
310,婚姻大事,婚姻大事,4,tencent_ai_lab_chinese_embedding_light_mirror_mvp,0.63274004,445,0.69244933,0.70377314,0.67546368,婚礼,婚恋,0.7506026,310
311,离任,离任,2,tencent_ai_lab_chinese_embedding_light_mirror_mvp,0.55117966,1538,0.69216716,0.75718576,0.59463924,前任,恋爱历史,0.63787377,311
312,婚闹,婚闹,2,tencent_ai_lab_chinese_embedding_light_mirror_mvp,0.49801911,3775,0.69206166,0.7015363,0.67784959,婚礼,婚恋,0.72288609,312
313,订好,订好,2,tencent_ai_lab_chinese_embedding_light_mirror_mvp,0.51364555,2897,0.69172645,0.75867146,0.59130883,订婚,婚恋,0.59149313,313
314,大学,大学,2,tencent_ai_lab_chinese_embedding_light_mirror_mvp,0.54799199,1631,0.69149232,0.75403392,0.59767979,大学恋爱,校园恋爱,0.63169587,314
315,主婚,主婚,2,tencent_ai_lab_chinese_embedding_light_mirror_mvp,0.6011535,698,0.69078362,0.70064366,0.67599344,结婚,婚恋,0.77074993,315
316,怀恋,怀恋,2,tencent_ai_lab_chinese_embedding_light_mirror_mvp,0.58153181,951,0.68991113,0.69371045,0.68421203,恋情,恋爱核心,0.73771834,316
317,新任,新任,2,tencent_ai_lab_chinese_embedding_light_mirror_mvp,0.57106184,1113,0.68985939,0.7533102,0.59468311,前任,恋爱历史,0.63567173,317
318,追女,追女,2,tencent_ai_lab_chinese_embedding_light_mirror_mvp,0.56538515,1225,0.68981516,0.71100438,0.6580314,被追,表白与追求,0.71991354,318
319,亲如,亲如,2,tencent_ai_lab_chinese_embedding_light_mirror_mvp,0.57741342,1021,0.68967509,0.71449065,0.65245181,亲密,亲密行为,0.69970942,319
320,爱着,爱着,2,tencent_ai_lab_chinese_embedding_light_mirror_mvp,0.66770388,274,0.68945312,0.70855057,0.66080678,爱情,恋爱核心,0.69685841,320
321,娇妻,娇妻,2,tencent_ai_lab_chinese_embedding_light_mirror_mvp,0.69398932,190,0.68939036,0.72476476,0.63632864,妻子,婚恋,0.66638231,321
322,亲得,亲得,2,tencent_ai_lab_chinese_embedding_light_mirror_mvp,0.49010319,4312,0.68934733,0.71059525,0.65747535,亲密,亲密行为,0.7310189,322
323,情感交流,情感交流,4,tencent_ai_lab_chinese_embedding_light_mirror_mvp,0.60954596,609,0.68900788,0.71345723,0.65233374,感情史,对象关系,0.68401861,323
324,见面礼,见面礼,3,tencent_ai_lab_chinese_embedding_light_mirror_mvp,0.50900799,3160,0.6879797,0.7114526,0.65277028,婚礼,约会,0.66356909,324
325,姐夫,姐夫,2,tencent_ai_lab_chinese_embedding_light_mirror_mvp,0.71499317,148,0.68796241,0.73522937,0.61706191,丈夫,婚恋,0.63913596,325
326,亲嘴,亲嘴,2,tencent_ai_lab_chinese_embedding_light_mirror_mvp,0.77138996,74,0.68776542,0.69537032,0.67635804,接吻,亲密行为,0.7324965,326
327,我前,我前,2,tencent_ai_lab_chinese_embedding_light_mirror_mvp,0.5132055,2928,0.6876834,0.69673932,0.67409945,前男友,恋爱历史,0.6884371,327
328,学生,学生,2,tencent_ai_lab_chinese_embedding_light_mirror_mvp,0.54237218,1804,0.68758446,0.74514878,0.60123795,学生情侣,校园恋爱,0.64969236,328
329,婆媳关系,婆媳关系,4,tencent_ai_lab_chinese_embedding_light_mirror_mvp,0.60084779,700,0.68756783,0.69816107,0.67167789,亲密关系,婚恋,0.68004143,329
330,握手,握手,2,tencent_ai_lab_chinese_embedding_light_mirror_mvp,0.58999155,828,0.68755811,0.73772061,0.61231434,牵手,亲密行为,0.67551452,330
331,亲热,亲热,2,tencent_ai_lab_chinese_embedding_light_mirror_mvp,0.66915519,264,0.68751466,0.71515155,0.64605933,亲密,亲密行为,0.6946826,331
332,校园内,校园内,3,tencent_ai_lab_chinese_embedding_light_mirror_mvp,0.49677203,3857,0.68750453,0.71675658,0.64362627,校园恋爱,校园恋爱,0.67224991,332
333,爱前,爱前,2,tencent_ai_lab_chinese_embedding_light_mirror_mvp,0.56223561,1287,0.6870141,0.69425344,0.67615509,前男友,恋爱历史,0.71483177,333
334,徒步走,徒步走,3,tencent_ai_lab_chinese_embedding_light_mirror_mvp,0.5175069,2708,0.68685126,0.77237117,0.55857134,散步,约会,0.56485903,334
335,会谈,会谈,2,tencent_ai_lab_chinese_embedding_light_mirror_mvp,0.5049351,3366,0.68667173,0.71358204,0.64630622,约会,约会,0.69881004,335
336,一桌,一桌,2,tencent_ai_lab_chinese_embedding_light_mirror_mvp,0.510101,3095,0.68653691,0.75686127,0.58105034,同桌,约会,0.53100872,336
337,亲事,亲事,2,tencent_ai_lab_chinese_embedding_light_mirror_mvp,0.60590557,651,0.68609375,0.70428061,0.65881342,亲密,亲密行为,0.69962317,337
338,上任,上任,2,tencent_ai_lab_chinese_embedding_light_mirror_mvp,0.50241375,3509,0.68565273,0.7552377,0.58127517,前任,恋爱历史,0.63341904,338
339,诉求,诉求,2,tencent_ai_lab_chinese_embedding_light_mirror_mvp,0.55538195,1426,0.68542027,0.71891701,0.63517505,追求,表白与追求,0.63526869,339
340,需求,需求,2,tencent_ai_lab_chinese_embedding_light_mirror_mvp,0.52606863,2377,0.68520832,0.72852886,0.62022746,追求,社会比较与人生进度,0.58112526,340
341,言情,言情,2,tencent_ai_lab_chinese_embedding_light_mirror_mvp,0.50087873,3597,0.68500817,0.69466329,0.67052537,爱情,恋爱核心,0.66985208,341
342,午饭,午饭,2,tencent_ai_lab_chinese_embedding_light_mirror_mvp,0.50968736,3117,0.68440765,0.76155984,0.56867939,约饭,约会,0.59286898,342
343,合作关系,合作关系,4,tencent_ai_lab_chinese_embedding_light_mirror_mvp,0.54655657,1677,0.68412006,0.71080244,0.64409631,亲密关系,亲密行为,0.62194824,343
344,年龄段,年龄段,3,tencent_ai_lab_chinese_embedding_light_mirror_mvp,0.55622054,1409,0.68396074,0.70673072,0.64980572,人生阶段,社会比较与人生进度,0.69720465,344
345,同班,同班,2,tencent_ai_lab_chinese_embedding_light_mirror_mvp,0.74714479,93,0.68339014,0.71984702,0.62870473,同桌,社会比较与人生进度,0.62242901,345
346,情愫,情愫,2,tencent_ai_lab_chinese_embedding_light_mirror_mvp,0.65206375,348,0.68328422,0.68997431,0.67324907,情侣,恋爱核心,0.67519504,346
347,有些人,有些人,3,tencent_ai_lab_chinese_embedding_light_mirror_mvp,0.50704544,3261,0.68323231,0.69108236,0.67145729,同龄人,社会比较与人生进度,0.71652824,347
348,谈过,谈过,2,tencent_ai_lab_chinese_embedding_light_mirror_mvp,0.63116207,462,0.68307507,0.71410847,0.63652498,没谈过恋爱,社会比较与人生进度,0.66302001,348
349,幸福的人,幸福的人,4,tencent_ai_lab_chinese_embedding_light_mirror_mvp,0.5797787,979,0.68283802,0.73023725,0.6117391,喜欢的人,社会比较与人生进度,0.6170184,349
350,有前,有前,2,tencent_ai_lab_chinese_embedding_light_mirror_mvp,0.50349226,3442,0.68272078,0.68985838,0.6720143,前男友,恋爱历史,0.68503904,350
351,关爱,关爱,2,tencent_ai_lab_chinese_embedding_light_mirror_mvp,0.51819394,2679,0.68224043,0.70754957,0.64427662,恋爱关系,恋爱核心,0.65013528,351
352,一些人,一些人,3,tencent_ai_lab_chinese_embedding_light_mirror_mvp,0.48715601,4540,0.68218768,0.70107365,0.65385866,同龄人,社会比较与人生进度,0.70279777,352
353,谋求,谋求,2,tencent_ai_lab_chinese_embedding_light_mirror_mvp,0.49446677,4023,0.68176806,0.71980071,0.62471908,追求,表白与追求,0.58920306,353
354,男方,男方,2,tencent_ai_lab_chinese_embedding_light_mirror_mvp,0.70248148,173,0.68160701,0.69177991,0.66634756,男朋友,婚恋,0.70430481,354
355,男人,男人,2,tencent_ai_lab_chinese_embedding_light_mirror_mvp,0.72316327,135,0.68160582,0.69966269,0.65452051,男朋友,对象关系,0.66514027,355
356,性情,性情,2,tencent_ai_lab_chinese_embedding_light_mirror_mvp,0.49110479,4246,0.68154806,0.69330949,0.66390586,感情史,对象关系,0.64312315,356
357,抱负,抱负,2,tencent_ai_lab_chinese_embedding_light_mirror_mvp,0.50355583,3438,0.68149233,0.7471177,0.58305424,拥抱,亲密行为,0.62283468,357
358,男同志,男同志,3,tencent_ai_lab_chinese_embedding_light_mirror_mvp,0.51984054,2600,0.68110245,0.69354016,0.66244584,男朋友,对象关系,0.64111823,358
359,搂住,搂住,2,tencent_ai_lab_chinese_embedding_light_mirror_mvp,0.49715881,3830,0.68090892,0.70373034,0.64667678,拥抱,亲密行为,0.74060106,359
360,同学聚会,同学聚会,4,tencent_ai_lab_chinese_embedding_light_mirror_mvp,0.59127711,816,0.68073338,0.69813704,0.6546278,同桌,约会,0.66927838,360
361,婆媳,婆媳,2,tencent_ai_lab_chinese_embedding_light_mirror_mvp,0.56791086,1168,0.68033677,0.68971425,0.66627049,老婆,婚恋,0.73585343,361
362,亲到,亲到,2,tencent_ai_lab_chinese_embedding_light_mirror_mvp,0.54734714,1654,0.68007672,0.69823277,0.65284258,亲密,亲密行为,0.71795547,362
363,嫁个,嫁个,2,tencent_ai_lab_chinese_embedding_light_mirror_mvp,0.55353166,1484,0.67995346,0.69566512,0.6563859,结婚,婚恋,0.73348224,363
364,嫁于,嫁于,2,tencent_ai_lab_chinese_embedding_light_mirror_mvp,0.54868343,1609,0.67965245,0.69729674,0.6531859,结婚,婚恋,0.7335611,364
365,未婚妻,未婚妻,3,tencent_ai_lab_chinese_embedding_light_mirror_mvp,0.72755234,127,0.67942458,0.69176626,0.66091198,妻子,婚恋,0.74549812,365
366,吃饭时,吃饭时,3,tencent_ai_lab_chinese_embedding_light_mirror_mvp,0.54542961,1705,0.67918128,0.73623407,0.593602,约饭,约会,0.64215374,366
367,同路人,同路人,3,tencent_ai_lab_chinese_embedding_light_mirror_mvp,0.51941277,2631,0.67881793,0.71849668,0.61929983,同龄人,社会比较与人生进度,0.63405728,367
368,性经验,性经验,3,tencent_ai_lab_chinese_embedding_light_mirror_mvp,0.54472101,1721,0.6787163,0.71654499,0.62197316,恋爱经验,社会比较与人生进度,0.59578669,368
369,抢婚,抢婚,2,tencent_ai_lab_chinese_embedding_light_mirror_mvp,0.63705093,424,0.67864364,0.68429285,0.67016977,求婚,婚恋,0.70376837,369
370,伤感情,伤感情,3,tencent_ai_lab_chinese_embedding_light_mirror_mvp,0.51792629,2687,0.67850637,0.69363165,0.6558184,感情史,恋爱历史,0.65024745,370
371,影片,影片,2,tencent_ai_lab_chinese_embedding_light_mirror_mvp,0.49269675,4142,0.67808115,0.75143254,0.56805402,看电影,约会,0.5613535,371
372,男女生,男女生,3,tencent_ai_lab_chinese_embedding_light_mirror_mvp,0.59528587,771,0.67743462,0.69784546,0.64681834,男朋友,对象关系,0.69510883,372
373,亲属,亲属,2,tencent_ai_lab_chinese_embedding_light_mirror_mvp,0.53368024,2087,0.67729211,0.70074499,0.64211273,亲密关系,亲密行为,0.67946565,373
374,爱你,爱你,2,tencent_ai_lab_chinese_embedding_light_mirror_mvp,0.6202553,533,0.67687201,0.7002871,0.64174938,爱情,恋爱核心,0.67076528,374
375,对话,对话,2,tencent_ai_lab_chinese_embedding_light_mirror_mvp,0.51634768,2758,0.67675138,0.71811211,0.61471021,对象,社会比较与人生进度,0.63949788,375
376,爱是,爱是,2,tencent_ai_lab_chinese_embedding_light_mirror_mvp,0.66417972,281,0.67667067,0.70329016,0.63674146,爱情,恋爱核心,0.66452384,376
377,婚讯,婚讯,2,tencent_ai_lab_chinese_embedding_light_mirror_mvp,0.74406331,99,0.67627859,0.68630993,0.66123158,婚礼,婚恋,0.72192121,377
378,没亲,没亲,2,tencent_ai_lab_chinese_embedding_light_mirror_mvp,0.52349395,2463,0.67589366,0.68019778,0.66943735,没有对象,亲密行为,0.69608617,378
379,就任,就任,2,tencent_ai_lab_chinese_embedding_light_mirror_mvp,0.48457322,4762,0.67584753,0.73685896,0.58433026,前任,恋爱历史,0.62081087,379
380,正当关系,正当关系,4,tencent_ai_lab_chinese_embedding_light_mirror_mvp,0.57283232,1085,0.67546201,0.69925499,0.63977247,亲密关系,亲密行为,0.65029442,380
381,散场,散场,2,tencent_ai_lab_chinese_embedding_light_mirror_mvp,0.50441211,3393,0.67492199,0.74532288,0.56932068,散步,约会,0.59376848,381
382,继任,继任,2,tencent_ai_lab_chinese_embedding_light_mirror_mvp,0.48914108,4389,0.6749059,0.72920394,0.59345871,前任,恋爱历史,0.61273253,382
383,性爱,性爱,2,tencent_ai_lab_chinese_embedding_light_mirror_mvp,0.66851885,266,0.67483145,0.68931508,0.65310597,爱情,恋爱核心,0.6892705,383
384,成年人,成年人,3,tencent_ai_lab_chinese_embedding_light_mirror_mvp,0.5515739,1526,0.67479295,0.72573107,0.59838575,同龄人,社会比较与人生进度,0.65902042,384
385,请客吃饭,请客吃饭,4,tencent_ai_lab_chinese_embedding_light_mirror_mvp,0.55234472,1510,0.67460799,0.72634244,0.59700638,约饭,约会,0.63833606,385
386,爱不爱,爱不爱,3,tencent_ai_lab_chinese_embedding_light_mirror_mvp,0.58098626,961,0.67440826,0.69298005,0.64655048,爱情,恋爱核心,0.65734041,386
387,恋父,恋父,2,tencent_ai_lab_chinese_embedding_light_mirror_mvp,0.57470846,1058,0.67398125,0.68874472,0.65183598,恋人,恋爱核心,0.66856742,387
388,师生关系,师生关系,4,tencent_ai_lab_chinese_embedding_light_mirror_mvp,0.60396234,670,0.67381454,0.69566083,0.64104503,亲密关系,亲密行为,0.59145904,388
389,亲朋好友,亲朋好友,4,tencent_ai_lab_chinese_embedding_light_mirror_mvp,0.53810899,1940,0.6737349,0.68695951,0.65389806,亲密关系,亲密行为,0.69531167,389
390,爱意,爱意,2,tencent_ai_lab_chinese_embedding_light_mirror_mvp,0.68624909,216,0.67351699,0.70586008,0.62500238,爱情,恋爱核心,0.64952743,390
391,亲子,亲子,2,tencent_ai_lab_chinese_embedding_light_mirror_mvp,0.49035751,4298,0.67351651,0.69222713,0.64545065,亲密,亲密行为,0.69596887,391
392,父子关系,父子关系,4,tencent_ai_lab_chinese_embedding_light_mirror_mvp,0.56637446,1199,0.67334318,0.71153593,0.616054,亲密关系,亲密行为,0.57635689,392
393,对手,对手,2,tencent_ai_lab_chinese_embedding_light_mirror_mvp,0.50476015,3381,0.67318463,0.69348288,0.64273721,对象,亲密行为,0.63093328,393
394,相亲相爱,相亲相爱,4,tencent_ai_lab_chinese_embedding_light_mirror_mvp,0.61674385,553,0.67303264,0.67944986,0.66340667,恋爱,对象关系,0.69729102,394
395,深厚感情,深厚感情,4,tencent_ai_lab_chinese_embedding_light_mirror_mvp,0.48349831,4845,0.6727283,0.6931839,0.64204472,感情史,亲密行为,0.6493268,395
396,嫁过来,嫁过来,3,tencent_ai_lab_chinese_embedding_light_mirror_mvp,0.60966097,608,0.67191023,0.68824708,0.64740485,结婚,婚恋,0.71700346,396
397,那个人,那个人,3,tencent_ai_lab_chinese_embedding_light_mirror_mvp,0.60147902,695,0.67173815,0.68601704,0.65031976,喜欢的人,社会比较与人生进度,0.68586648,397
398,女生,女生,2,tencent_ai_lab_chinese_embedding_light_mirror_mvp,0.72264664,137,0.67159569,0.70595974,0.62004966,女朋友,对象关系,0.64907396,398
399,无妻,无妻,2,tencent_ai_lab_chinese_embedding_light_mirror_mvp,0.51479416,2842,0.67131275,0.7080003,0.61628139,妻子,婚恋,0.64130414,399
400,课桌,课桌,2,tencent_ai_lab_chinese_embedding_light_mirror_mvp,0.61634841,557,0.67124879,0.7444126,0.56150299,同桌,校园恋爱,0.57453382,400
401,悔婚,悔婚,2,tencent_ai_lab_chinese_embedding_light_mirror_mvp,0.73837094,107,0.67118812,0.67926991,0.65906531,结婚,婚恋,0.70251024,401
402,携手并肩,携手并肩,4,tencent_ai_lab_chinese_embedding_light_mirror_mvp,0.54409119,1742,0.67113948,0.69666731,0.63284767,牵手,亲密行为,0.64239562,402
403,相亲,相亲,2,tencent_ai_lab_chinese_embedding_light_mirror_mvp,0.67639074,242,0.67075938,0.67818743,0.65961725,约会对象,对象关系,0.68861592,403
404,强求,强求,2,tencent_ai_lab_chinese_embedding_light_mirror_mvp,0.5085892,3178,0.67043,0.70795465,0.61414301,追求,表白与追求,0.62252545,404
405,年轻人,年轻人,3,tencent_ai_lab_chinese_embedding_light_mirror_mvp,0.55831741,1360,0.67033494,0.69654322,0.63102251,同龄人,社会比较与人生进度,0.70046747,405
406,依偎,依偎,2,tencent_ai_lab_chinese_embedding_light_mirror_mvp,0.5910754,817,0.66975373,0.68473327,0.64728439,拥抱,亲密行为,0.67869449,406
407,情歌,情歌,2,tencent_ai_lab_chinese_embedding_light_mirror_mvp,0.52996882,2229,0.66948926,0.68044043,0.6530624,爱情,恋爱核心,0.63600564,407
408,单衣,单衣,2,tencent_ai_lab_chinese_embedding_light_mirror_mvp,0.482354,4933,0.66915512,0.69121528,0.63606483,单身,单身与脱单,0.65714437,408
409,饭前,饭前,2,tencent_ai_lab_chinese_embedding_light_mirror_mvp,0.48891734,4405,0.66913909,0.69732857,0.62685484,约饭,恋爱历史,0.58538675,409
410,爱她,爱她,2,tencent_ai_lab_chinese_embedding_light_mirror_mvp,0.65698714,315,0.66882312,0.68419427,0.64576632,爱情,恋爱核心,0.67276728,410
411,失约,失约,2,tencent_ai_lab_chinese_embedding_light_mirror_mvp,0.52258955,2486,0.66874218,0.68314463,0.64713836,约会,约会,0.70714784,411
412,有缘人,有缘人,3,tencent_ai_lab_chinese_embedding_light_mirror_mvp,0.49382272,4067,0.6687336,0.67647982,0.65711421,别人都有对象,社会比较与人生进度,0.69981658,412
413,同性恋,同性恋,3,tencent_ai_lab_chinese_embedding_light_mirror_mvp,0.5794435,985,0.66867924,0.67214239,0.66348439,恋情,恋爱核心,0.71197879,413
414,婚生子,婚生子,3,tencent_ai_lab_chinese_embedding_light_mirror_mvp,0.51435306,2858,0.66806114,0.68512774,0.64246106,结婚,婚恋,0.71483076,414
415,大学生,大学生,3,tencent_ai_lab_chinese_embedding_light_mirror_mvp,0.49465774,4008,0.66797125,0.69385076,0.62915188,大学恋爱,校园恋爱,0.64237857,415
416,情妇,情妇,2,tencent_ai_lab_chinese_embedding_light_mirror_mvp,0.60926539,615,0.6677326,0.67807972,0.65221179,情侣,对象关系,0.64360964,416
417,同学会,同学会,3,tencent_ai_lab_chinese_embedding_light_mirror_mvp,0.53474383,2042,0.66765684,0.68261397,0.64522111,同桌,约会,0.64986897,417
418,讲求,讲求,2,tencent_ai_lab_chinese_embedding_light_mirror_mvp,0.54890375,1599,0.6676439,0.71215123,0.60088283,追求,表白与追求,0.59123576,418
419,跑步,跑步,2,tencent_ai_lab_chinese_embedding_light_mirror_mvp,0.60577979,653,0.66758442,0.74680901,0.54874754,散步,约会,0.5472585,419
420,男性,男性,2,tencent_ai_lab_chinese_embedding_light_mirror_mvp,0.55521239,1431,0.66756654,0.69305408,0.62933511,男朋友,对象关系,0.6525346,420
421,初心,初心,2,tencent_ai_lab_chinese_embedding_light_mirror_mvp,0.58111081,959,0.66748351,0.71071911,0.60263002,初恋,恋爱历史,0.5730657,421
422,以前,以前,2,tencent_ai_lab_chinese_embedding_light_mirror_mvp,0.50319846,3460,0.66746426,0.67357188,0.65830284,前男友,恋爱历史,0.68987,422
423,情谊,情谊,2,tencent_ai_lab_chinese_embedding_light_mirror_mvp,0.58312011,925,0.66744864,0.68107116,0.64701492,情侣,对象关系,0.66154647,423
424,人生道路,人生道路,4,tencent_ai_lab_chinese_embedding_light_mirror_mvp,0.49131877,4232,0.66693288,0.73637837,0.56276459,人生阶段,社会比较与人生进度,0.64798766,424
425,分手,分手,2,tencent_ai_lab_chinese_embedding_light_mirror_mvp,0.77204361,73,0.66690588,0.67923611,0.64841056,前任,恋爱历史,0.71562058,425
426,爱有,爱有,2,tencent_ai_lab_chinese_embedding_light_mirror_mvp,0.58660405,875,0.66685486,0.69010413,0.63198078,爱情,恋爱核心,0.66107714,426
427,娶亲,娶亲,2,tencent_ai_lab_chinese_embedding_light_mirror_mvp,0.65444069,332,0.66681719,0.67364347,0.65657777,结婚,婚恋,0.72969478,427
428,眷恋,眷恋,2,tencent_ai_lab_chinese_embedding_light_mirror_mvp,0.52964197,2245,0.66666126,0.66986489,0.66185588,初恋,恋爱核心,0.70204401,428
429,社会关系,社会关系,4,tencent_ai_lab_chinese_embedding_light_mirror_mvp,0.57970086,981,0.66650641,0.69098818,0.62978375,亲密关系,社会比较与人生进度,0.59881151,429
430,全班同学,全班同学,4,tencent_ai_lab_chinese_embedding_light_mirror_mvp,0.67659793,241,0.66643125,0.69466388,0.62408221,同桌,校园恋爱,0.64633566,430
431,迎娶,迎娶,2,tencent_ai_lab_chinese_embedding_light_mirror_mvp,0.70353106,171,0.6661911,0.67038155,0.65990525,结婚,婚恋,0.71487844,431
432,不求,不求,2,tencent_ai_lab_chinese_embedding_light_mirror_mvp,0.49967959,3673,0.66609979,0.68956542,0.63090134,追求,表白与追求,0.59749264,432
433,追忆,追忆,2,tencent_ai_lab_chinese_embedding_light_mirror_mvp,0.53814118,1938,0.66604871,0.69531345,0.62215155,追求,表白与追求,0.68443859,433
434,亲个,亲个,2,tencent_ai_lab_chinese_embedding_light_mirror_mvp,0.55495183,1437,0.66601419,0.68728209,0.63411218,亲密,亲密行为,0.68951797,434
435,适龄,适龄,2,tencent_ai_lab_chinese_embedding_light_mirror_mvp,0.48239512,4929,0.66522646,0.7136575,0.5925799,同龄人,社会比较与人生进度,0.68116534,435
436,上大学,上大学,3,tencent_ai_lab_chinese_embedding_light_mirror_mvp,0.59646775,755,0.66505152,0.71703303,0.58707923,大学恋爱,校园恋爱,0.64614755,436
437,儿媳妇,儿媳妇,3,tencent_ai_lab_chinese_embedding_light_mirror_mvp,0.80325906,54,0.66429657,0.67527658,0.64782649,妻子,婚恋,0.69712842,437
438,典礼,典礼,2,tencent_ai_lab_chinese_embedding_light_mirror_mvp,0.62236295,514,0.66409534,0.72991025,0.56537294,婚礼,婚恋,0.53368127,438
439,放手,放手,2,tencent_ai_lab_chinese_embedding_light_mirror_mvp,0.49554407,3940,0.66409034,0.70325798,0.60533881,牵手,亲密行为,0.67041004,439
440,移情别恋,移情别恋,4,tencent_ai_lab_chinese_embedding_light_mirror_mvp,0.65526867,325,0.66398132,0.6827597,0.63581371,恋情,恋爱核心,0.68503195,440
441,同辈,同辈,2,tencent_ai_lab_chinese_embedding_light_mirror_mvp,0.62373124,507,0.66394198,0.69275349,0.62072468,同龄人,社会比较与人生进度,0.60322577,441
442,血缘关系,血缘关系,4,tencent_ai_lab_chinese_embedding_light_mirror_mvp,0.54405805,1745,0.6638732,0.69466788,0.61768109,亲密关系,亲密行为,0.57924658,442
443,出任,出任,2,tencent_ai_lab_chinese_embedding_light_mirror_mvp,0.49362108,4082,0.66369504,0.71965528,0.57975459,前任,恋爱历史,0.61338115,443
444,饭后,饭后,2,tencent_ai_lab_chinese_embedding_light_mirror_mvp,0.58072522,963,0.66347766,0.70668495,0.59866661,约饭,约会,0.59780431,444
445,礼服,礼服,2,tencent_ai_lab_chinese_embedding_light_mirror_mvp,0.58783929,861,0.6632483,0.69034791,0.62259883,校服,婚恋,0.55870223,445
446,一样的人,一样的人,4,tencent_ai_lab_chinese_embedding_light_mirror_mvp,0.49761173,3812,0.66300535,0.67235935,0.64897436,喜欢的人,社会比较与人生进度,0.64881718,446
447,晚饭,晚饭,2,tencent_ai_lab_chinese_embedding_light_mirror_mvp,0.566271,1204,0.66271096,0.72474182,0.56966466,约饭,约会,0.60365689,447
448,青少年时期,青少年时期,5,tencent_ai_lab_chinese_embedding_light_mirror_mvp,0.58478118,900,0.66231298,0.70640498,0.59617496,青春,社会比较与人生进度,0.62772769,448
449,未婚夫,未婚夫,3,tencent_ai_lab_chinese_embedding_light_mirror_mvp,0.74191198,102,0.66226983,0.66754317,0.65435976,结婚,婚恋,0.74522102,449
450,嫁女,嫁女,2,tencent_ai_lab_chinese_embedding_light_mirror_mvp,0.61273104,580,0.66190648,0.67375588,0.64413232,结婚,婚恋,0.73031199,450
451,在任,在任,2,tencent_ai_lab_chinese_embedding_light_mirror_mvp,0.49791566,3785,0.66185373,0.7269569,0.56419891,前任,恋爱历史,0.58164346,451
452,做饭,做饭,2,tencent_ai_lab_chinese_embedding_light_mirror_mvp,0.58209023,940,0.66178429,0.72900581,0.56095201,约饭,约会,0.57994998,452
453,亲上,亲上,2,tencent_ai_lab_chinese_embedding_light_mirror_mvp,0.51906703,2644,0.66154599,0.67512822,0.64117265,亲密,亲密行为,0.71072513,453
454,完亲,完亲,2,tencent_ai_lab_chinese_embedding_light_mirror_mvp,0.54460719,1728,0.66124797,0.67011601,0.64794582,亲密,亲密行为,0.69493926,454
455,挂牵,挂牵,2,tencent_ai_lab_chinese_embedding_light_mirror_mvp,0.48985884,4337,0.66088146,0.71827704,0.57478809,牵手,亲密行为,0.61154318,455
456,爱一个人,爱一个人,4,tencent_ai_lab_chinese_embedding_light_mirror_mvp,0.69310763,195,0.66085052,0.6679036,0.65027088,喜欢的人,恋爱核心,0.66956514,456
457,亲戚朋友,亲戚朋友,4,tencent_ai_lab_chinese_embedding_light_mirror_mvp,0.57597562,1039,0.66030616,0.68003535,0.63071227,亲密关系,亲密行为,0.64057708,457
458,老同学,老同学,3,tencent_ai_lab_chinese_embedding_light_mirror_mvp,0.62256809,512,0.65934092,0.67979836,0.62865472,同龄人,校园恋爱,0.62292463,458
459,我亲,我亲,2,tencent_ai_lab_chinese_embedding_light_mirror_mvp,0.5256016,2389,0.6592834,0.68583047,0.61946279,亲密,亲密行为,0.67177451,459
460,解约,解约,2,tencent_ai_lab_chinese_embedding_light_mirror_mvp,0.50670285,3283,0.65900791,0.67383027,0.63677436,约会,约会,0.70018852,460
461,情结,情结,2,tencent_ai_lab_chinese_embedding_light_mirror_mvp,0.49209983,4179,0.65867615,0.66667879,0.64667207,感情史,对象关系,0.6553055,461
462,饭局,饭局,2,tencent_ai_lab_chinese_embedding_light_mirror_mvp,0.54855255,1613,0.65866417,0.70020956,0.59634608,约饭,约会,0.59929049,462
463,纯爱,纯爱,2,tencent_ai_lab_chinese_embedding_light_mirror_mvp,0.63297991,443,0.65861654,0.66976398,0.64189529,恋爱,恋爱核心,0.68980718,463
464,男女双方,男女双方,4,tencent_ai_lab_chinese_embedding_light_mirror_mvp,0.59456389,778,0.65823454,0.66516382,0.64784056,对象,对象关系,0.74308515,464
465,结就,结就,2,tencent_ai_lab_chinese_embedding_light_mirror_mvp,0.48860698,4428,0.65807652,0.69493103,0.60279471,结婚,婚恋,0.62469399,465
466,之前,之前,2,tencent_ai_lab_chinese_embedding_light_mirror_mvp,0.48889635,4407,0.65804017,0.66519022,0.64731503,前男友,恋爱历史,0.67857766,466
467,处男,处男,2,tencent_ai_lab_chinese_embedding_light_mirror_mvp,0.54968069,1580,0.65790629,0.6786831,0.62674099,前男友,恋爱历史,0.6206919,467
468,恋童,恋童,2,tencent_ai_lab_chinese_embedding_light_mirror_mvp,0.5133662,2918,0.65782845,0.66087842,0.65325338,恋爱,恋爱核心,0.68177634,468
469,行走,行走,2,tencent_ai_lab_chinese_embedding_light_mirror_mvp,0.5593291,1336,0.65734321,0.71638846,0.56877536,散步,约会,0.58564335,469
470,动情,动情,2,tencent_ai_lab_chinese_embedding_light_mirror_mvp,0.53183086,2158,0.65733546,0.67074728,0.6372177,恋情,恋爱核心,0.65158319,470
471,结过,结过,2,tencent_ai_lab_chinese_embedding_light_mirror_mvp,0.53197917,2150,0.65728605,0.69308251,0.6035912,结婚,婚恋,0.62557995,471
472,散心,散心,2,tencent_ai_lab_chinese_embedding_light_mirror_mvp,0.60060936,703,0.65726596,0.71572977,0.56957024,散步,约会,0.58175063,472
473,再亲,再亲,2,tencent_ai_lab_chinese_embedding_light_mirror_mvp,0.48430483,4787,0.65722084,0.66428518,0.64662415,亲密,亲密行为,0.72230542,473
474,自恋,自恋,2,tencent_ai_lab_chinese_embedding_light_mirror_mvp,0.53778998,1952,0.65708649,0.66274244,0.64860243,初恋,恋爱核心,0.68709779,474
475,聘礼,聘礼,2,tencent_ai_lab_chinese_embedding_light_mirror_mvp,0.64243698,387,0.65682018,0.69176948,0.60439616,婚礼,婚恋,0.60465086,475
476,拥入,拥入,2,tencent_ai_lab_chinese_embedding_light_mirror_mvp,0.54725622,1657,0.65636629,0.69306433,0.60131919,拥抱,亲密行为,0.6319719,476
477,求职,求职,2,tencent_ai_lab_chinese_embedding_light_mirror_mvp,0.51897036,2652,0.65636361,0.69213808,0.60270178,求婚,表白与追求,0.56557673,477
478,友爱,友爱,2,tencent_ai_lab_chinese_embedding_light_mirror_mvp,0.5239567,2445,0.65629512,0.66469902,0.64368922,恋爱,对象关系,0.70427465,478
479,只求,只求,2,tencent_ai_lab_chinese_embedding_light_mirror_mvp,0.48803039,4473,0.65617061,0.69356179,0.60008383,追求,表白与追求,0.58877313,479
480,脱下来,脱下来,3,tencent_ai_lab_chinese_embedding_light_mirror_mvp,0.49610578,3908,0.65607929,0.70262074,0.58626711,脱单,社会比较与人生进度,0.60718524,480
481,疼爱,疼爱,2,tencent_ai_lab_chinese_embedding_light_mirror_mvp,0.58695056,872,0.65577286,0.66980863,0.63471919,恋爱,恋爱核心,0.66918486,481
482,第一任,第一任,3,tencent_ai_lab_chinese_embedding_light_mirror_mvp,0.57275689,1086,0.65540248,0.69121629,0.60168165,前任,恋爱历史,0.61179197,482
483,落幕,落幕,2,tencent_ai_lab_chinese_embedding_light_mirror_mvp,0.53572673,2012,0.65495533,0.70929658,0.57344335,落后,社会比较与人生进度,0.5844053,483
484,亲友们,亲友们,3,tencent_ai_lab_chinese_embedding_light_mirror_mvp,0.56058354,1315,0.65494156,0.67239976,0.62875408,亲密,亲密行为,0.68387777,484
485,对事,对事,2,tencent_ai_lab_chinese_embedding_light_mirror_mvp,0.49939342,3692,0.65488756,0.68809915,0.60507017,对象,社会比较与人生进度,0.61209238,485
486,同性,同性,2,tencent_ai_lab_chinese_embedding_light_mirror_mvp,0.63897107,403,0.65477967,0.67073649,0.6308443,同龄人,社会比较与人生进度,0.63250899,486
487,心爱,心爱,2,tencent_ai_lab_chinese_embedding_light_mirror_mvp,0.57786138,1014,0.65440452,0.66700304,0.63550675,爱情,恋爱核心,0.67227972,487
488,表达,表达,2,tencent_ai_lab_chinese_embedding_light_mirror_mvp,0.49242095,4157,0.65437579,0.68200386,0.6129337,表白,表白与追求,0.63333684,488
489,同事,同事,2,tencent_ai_lab_chinese_embedding_light_mirror_mvp,0.6586858,308,0.65428162,0.66841447,0.63308233,同龄人,社会比较与人生进度,0.62297601,489
490,平均年龄,平均年龄,4,tencent_ai_lab_chinese_embedding_light_mirror_mvp,0.48373677,4826,0.65420121,0.7089963,0.57200855,同龄人,社会比较与人生进度,0.64319968,490
491,摆脱,摆脱,2,tencent_ai_lab_chinese_embedding_light_mirror_mvp,0.48832076,4445,0.6537233,0.700396,0.58371419,脱单,单身与脱单,0.57535857,491
492,亲生,亲生,2,tencent_ai_lab_chinese_embedding_light_mirror_mvp,0.59683774,752,0.65353984,0.6728251,0.62461185,亲密,亲密行为,0.67468596,492
493,同性恋者,同性恋者,4,tencent_ai_lab_chinese_embedding_light_mirror_mvp,0.56372185,1253,0.65334594,0.67098367,0.62688941,同龄人,对象关系,0.6625092,493
494,亲戚,亲戚,2,tencent_ai_lab_chinese_embedding_light_mirror_mvp,0.58469267,903,0.65277219,0.67432529,0.62044239,亲密关系,亲密行为,0.64512759,494
495,初见,初见,2,tencent_ai_lab_chinese_embedding_light_mirror_mvp,0.49996729,3663,0.65263534,0.68382275,0.60585421,初恋,社会比较与人生进度,0.61039495,495
496,牵线,牵线,2,tencent_ai_lab_chinese_embedding_light_mirror_mvp,0.50360668,3436,0.65260518,0.72446156,0.54482061,牵手,亲密行为,0.56125593,496
497,初一学生,初一学生,4,tencent_ai_lab_chinese_embedding_light_mirror_mvp,0.49439533,4029,0.65254629,0.67510271,0.61871159,初恋,校园恋爱,0.58905005,497
498,对人,对人,2,tencent_ai_lab_chinese_embedding_light_mirror_mvp,0.49813719,3770,0.65253383,0.66347778,0.63611782,对象,社会比较与人生进度,0.65043998,498
499,几桌,几桌,2,tencent_ai_lab_chinese_embedding_light_mirror_mvp,0.48715658,4539,0.65218258,0.71737063,0.5544005,同桌,社会比较与人生进度,0.50855869,499
500,其他同学,其他同学,4,tencent_ai_lab_chinese_embedding_light_mirror_mvp,0.66328065,285,0.65197074,0.65982294,0.64019233,同龄人,社会比较与人生进度,0.64752328,500
501,同校,同校,2,tencent_ai_lab_chinese_embedding_light_mirror_mvp,0.63187937,451,0.65158105,0.66357118,0.63359571,同桌,校园恋爱,0.68897814,501
502,友情,友情,2,tencent_ai_lab_chinese_embedding_light_mirror_mvp,0.71624205,145,0.65154386,0.653023,0.64932507,恋情,对象关系,0.7130031,502
503,这样的人,这样的人,4,tencent_ai_lab_chinese_embedding_light_mirror_mvp,0.54296539,1781,0.65146875,0.66849017,0.62593657,喜欢的人,社会比较与人生进度,0.63097906,503
504,老妈,老妈,2,tencent_ai_lab_chinese_embedding_light_mirror_mvp,0.73053122,121,0.65140498,0.68729287,0.59757304,老婆,婚恋,0.58498967,504
505,学龄,学龄,2,tencent_ai_lab_chinese_embedding_light_mirror_mvp,0.50805482,3210,0.6513685,0.69997787,0.57845443,同龄人,社会比较与人生进度,0.64446735,505
506,中学校园,中学校园,4,tencent_ai_lab_chinese_embedding_light_mirror_mvp,0.52515196,2405,0.65130365,0.66931498,0.62428659,校园恋爱,校园恋爱,0.65611321,506
507,伴娘,伴娘,2,tencent_ai_lab_chinese_embedding_light_mirror_mvp,0.66732881,275,0.65127081,0.68604285,0.59911275,伴侣,婚恋,0.61257565,507
508,正常人,正常人,3,tencent_ai_lab_chinese_embedding_light_mirror_mvp,0.50085651,3599,0.65125573,0.66754866,0.62681621,同龄人,社会比较与人生进度,0.66232038,508
509,柔情,柔情,2,tencent_ai_lab_chinese_embedding_light_mirror_mvp,0.56086779,1310,0.65117621,0.67098916,0.62145674,爱情,亲密行为,0.64322543,509
510,冷落,冷落,2,tencent_ai_lab_chinese_embedding_light_mirror_mvp,0.51960878,2614,0.65112883,0.7088896,0.5644877,落后,社会比较与人生进度,0.56120682,510
511,同房,同房,2,tencent_ai_lab_chinese_embedding_light_mirror_mvp,0.55499119,1436,0.65095854,0.66232312,0.63391167,同桌,婚恋,0.67690825,511
512,小伙伴,小伙伴,3,tencent_ai_lab_chinese_embedding_light_mirror_mvp,0.50410044,3404,0.65088916,0.67352831,0.61693043,伴侣,社会比较与人生进度,0.66376889,512
513,钟情,钟情,2,tencent_ai_lab_chinese_embedding_light_mirror_mvp,0.55826455,1362,0.65070015,0.65826249,0.63935661,爱情,恋爱核心,0.65000343,513
514,初中,初中,2,tencent_ai_lab_chinese_embedding_light_mirror_mvp,0.61872418,546,0.65049332,0.67228782,0.61780149,初恋,校园恋爱,0.62047756,514
515,婚检,婚检,2,tencent_ai_lab_chinese_embedding_light_mirror_mvp,0.50553901,3340,0.65042239,0.65801382,0.63903517,结婚,婚恋,0.67143577,515
516,一亲,一亲,2,tencent_ai_lab_chinese_embedding_light_mirror_mvp,0.5148029,2841,0.65034449,0.66116714,0.63411051,亲密,亲密行为,0.70239425,516
517,对待,对待,2,tencent_ai_lab_chinese_embedding_light_mirror_mvp,0.48319926,4867,0.65032434,0.68052804,0.60501868,对象,表白与追求,0.65419936,517
518,接任,接任,2,tencent_ai_lab_chinese_embedding_light_mirror_mvp,0.52203811,2509,0.65029985,0.68904114,0.59218782,前任,亲密行为,0.59948742,518
519,爱情神话,爱情神话,4,tencent_ai_lab_chinese_embedding_light_mirror_mvp,0.56466912,1236,0.65002674,0.66992307,0.62018222,爱情,恋爱核心,0.65365446,519
520,被性,被性,2,tencent_ai_lab_chinese_embedding_light_mirror_mvp,0.48901254,4397,0.6497826,0.70159793,0.57205957,被追,表白与追求,0.5966742,520
521,学校,学校,2,tencent_ai_lab_chinese_embedding_light_mirror_mvp,0.5584614,1355,0.64973259,0.6658532,0.6255517,校服,校园恋爱,0.67652237,521
522,真爱,真爱,2,tencent_ai_lab_chinese_embedding_light_mirror_mvp,0.76697161,78,0.64972657,0.66241753,0.63069004,恋爱,恋爱核心,0.67525208,522
523,男子,男子,2,tencent_ai_lab_chinese_embedding_light_mirror_mvp,0.55233999,1511,0.64959741,0.67190105,0.61614186,男朋友,对象关系,0.61172593,523
524,密友,密友,2,tencent_ai_lab_chinese_embedding_light_mirror_mvp,0.62364085,508,0.64957249,0.67593497,0.61002874,亲密,亲密行为,0.61895305,524
525,其他人,其他人,3,tencent_ai_lab_chinese_embedding_light_mirror_mvp,0.55882502,1346,0.64915675,0.66074729,0.63177085,同龄人,社会比较与人生进度,0.64769375,525
526,宠爱,宠爱,2,tencent_ai_lab_chinese_embedding_light_mirror_mvp,0.53305491,2110,0.64906836,0.67103612,0.61611658,恋爱,恋爱核心,0.6436345,526
527,挚爱,挚爱,2,tencent_ai_lab_chinese_embedding_light_mirror_mvp,0.61506902,566,0.6490519,0.66130781,0.63066792,恋爱,恋爱核心,0.67614388,527
528,年轻,年轻,2,tencent_ai_lab_chinese_embedding_light_mirror_mvp,0.57229919,1093,0.64877939,0.68353474,0.59664637,青春,社会比较与人生进度,0.68514192,528
529,爱我,爱我,2,tencent_ai_lab_chinese_embedding_light_mirror_mvp,0.57226146,1095,0.64871401,0.67126966,0.6148805,爱情,恋爱核心,0.63677514,529
530,说会,说会,2,tencent_ai_lab_chinese_embedding_light_mirror_mvp,0.49825102,3757,0.64858371,0.68177259,0.5988003,约会,约会,0.65606415,530
531,过亲,过亲,2,tencent_ai_lab_chinese_embedding_light_mirror_mvp,0.54338911,1769,0.64854515,0.65149558,0.64411944,亲密,亲密行为,0.71505368,531
532,葬礼,葬礼,2,tencent_ai_lab_chinese_embedding_light_mirror_mvp,0.65058537,355,0.64810586,0.70515347,0.56253439,婚礼,婚恋,0.57321823,532
533,下订,下订,2,tencent_ai_lab_chinese_embedding_light_mirror_mvp,0.50595921,3324,0.64807582,0.69525826,0.57730204,订婚,约会,0.56864262,533
534,想亲,想亲,2,tencent_ai_lab_chinese_embedding_light_mirror_mvp,0.56670308,1192,0.64783275,0.66171563,0.62700838,亲密,亲密行为,0.70720959,534
535,前不久,前不久,3,tencent_ai_lab_chinese_embedding_light_mirror_mvp,0.48824379,4456,0.64769912,0.65464777,0.63727599,前男友,恋爱历史,0.67194539,535
536,同台,同台,2,tencent_ai_lab_chinese_embedding_light_mirror_mvp,0.52079066,2559,0.6476509,0.69078612,0.58294797,同桌,社会比较与人生进度,0.54613543,536
537,老同事,老同事,3,tencent_ai_lab_chinese_embedding_light_mirror_mvp,0.51148832,3018,0.64752454,0.66033077,0.62831515,同龄人,婚恋,0.60065967,537
538,走路,走路,2,tencent_ai_lab_chinese_embedding_light_mirror_mvp,0.57915893,995,0.64717078,0.71498185,0.54545408,散步,约会,0.52810133,538
539,感情破裂,感情破裂,4,tencent_ai_lab_chinese_embedding_light_mirror_mvp,0.6903126,203,0.6470449,0.66757286,0.61625296,感情史,恋爱历史,0.65514982,539
540,丈母娘,丈母娘,3,tencent_ai_lab_chinese_embedding_light_mirror_mvp,0.78181157,68,0.64687258,0.67925978,0.5982917,丈夫,婚恋,0.64210576,540
541,婚纱店,婚纱店,3,tencent_ai_lab_chinese_embedding_light_mirror_mvp,0.56636077,1201,0.64686918,0.66185331,0.62439299,婚礼,婚恋,0.62490243,541
542,结为,结为,2,tencent_ai_lab_chinese_embedding_light_mirror_mvp,0.5815852,950,0.64670587,0.68847591,0.58405071,结婚,婚恋,0.61570722,542
543,苛求,苛求,2,tencent_ai_lab_chinese_embedding_light_mirror_mvp,0.61976228,536,0.64662522,0.68832934,0.58406901,追求,表白与追求,0.57332724,543
544,情欲,情欲,2,tencent_ai_lab_chinese_embedding_light_mirror_mvp,0.58847113,853,0.64653444,0.64894307,0.64292151,恋情,恋爱核心,0.65330672,544
545,快亲,快亲,2,tencent_ai_lab_chinese_embedding_light_mirror_mvp,0.49363213,4081,0.64642406,0.66094226,0.62464672,亲密,亲密行为,0.69568902,545
546,大聚会,大聚会,3,tencent_ai_lab_chinese_embedding_light_mirror_mvp,0.49259427,4147,0.64640737,0.67766488,0.59952098,约会,约会,0.65658104,546
547,拉手,拉手,2,tencent_ai_lab_chinese_embedding_light_mirror_mvp,0.58274879,931,0.64629281,0.70695281,0.5553028,牵手,亲密行为,0.61110002,547
548,杀妻,杀妻,2,tencent_ai_lab_chinese_embedding_light_mirror_mvp,0.5553146,1428,0.64628547,0.67863369,0.59776312,妻子,婚恋,0.62067515,548
549,嫁妆,嫁妆,2,tencent_ai_lab_chinese_embedding_light_mirror_mvp,0.5845657,905,0.64626265,0.65132523,0.63866884,婚礼,婚恋,0.67772841,549
550,婚姻自由,婚姻自由,4,tencent_ai_lab_chinese_embedding_light_mirror_mvp,0.53587132,2005,0.64609128,0.66423607,0.61887401,结婚,婚恋,0.67435461,550
551,双亲,双亲,2,tencent_ai_lab_chinese_embedding_light_mirror_mvp,0.60741529,631,0.64608932,0.65203893,0.63716477,亲密关系,亲密行为,0.69686687,551
552,人生观,人生观,3,tencent_ai_lab_chinese_embedding_light_mirror_mvp,0.5277303,2319,0.64569288,0.70440984,0.55761737,人生阶段,社会比较与人生进度,0.62845588,552
553,情趣,情趣,2,tencent_ai_lab_chinese_embedding_light_mirror_mvp,0.49700489,3837,0.64567947,0.64812583,0.64200997,情侣,对象关系,0.66820765,553
554,看电视,看电视,3,tencent_ai_lab_chinese_embedding_light_mirror_mvp,0.52714745,2342,0.64562631,0.71844065,0.53640479,看电影,约会,0.55022186,554
555,同床,同床,2,tencent_ai_lab_chinese_embedding_light_mirror_mvp,0.5476522,1645,0.64502543,0.67880476,0.59435648,同桌,婚恋,0.57960659,555
556,喜不喜欢,喜不喜欢,4,tencent_ai_lab_chinese_embedding_light_mirror_mvp,0.52860677,2284,0.6450243,0.68310463,0.58790386,喜欢的人,表白与追求,0.68207979,556
557,恋母,恋母,2,tencent_ai_lab_chinese_embedding_light_mirror_mvp,0.55864213,1349,0.64493018,0.65041637,0.63670081,恋人,恋爱核心,0.66637379,557
558,人生在世,人生在世,4,tencent_ai_lab_chinese_embedding_light_mirror_mvp,0.53259606,2121,0.64486945,0.70115376,0.56044286,人生阶段,社会比较与人生进度,0.63159806,558
559,滞后,滞后,2,tencent_ai_lab_chinese_embedding_light_mirror_mvp,0.51187425,2995,0.64480287,0.71245116,0.54333043,落后,社会比较与人生进度,0.59053296,559
560,女同学,女同学,3,tencent_ai_lab_chinese_embedding_light_mirror_mvp,0.76754698,76,0.64474159,0.65556383,0.62850815,女朋友,校园恋爱,0.68537188,560
561,同学们,同学们,3,tencent_ai_lab_chinese_embedding_light_mirror_mvp,0.55244405,1508,0.64458007,0.65839374,0.62385952,同桌,校园恋爱,0.6609624,561
562,妇人,妇人,2,tencent_ai_lab_chinese_embedding_light_mirror_mvp,0.53626617,1996,0.64444607,0.6672309,0.61026883,妻子,婚恋,0.6177268,562
563,深情,深情,2,tencent_ai_lab_chinese_embedding_light_mirror_mvp,0.62446616,502,0.64424646,0.65338343,0.63054091,爱情,亲密行为,0.63455117,563
564,想象,想象,2,tencent_ai_lab_chinese_embedding_light_mirror_mvp,0.48846911,4437,0.64415574,0.67190653,0.60252947,对象,社会比较与人生进度,0.60668033,564
565,生前,生前,2,tencent_ai_lab_chinese_embedding_light_mirror_mvp,0.51187679,2994,0.64409733,0.65412116,0.62906152,前男友,恋爱历史,0.64736915,565
566,第二任,第二任,3,tencent_ai_lab_chinese_embedding_light_mirror_mvp,0.59904009,721,0.64397699,0.69272906,0.57084876,前任,恋爱历史,0.62877172,566
567,联欢会,联欢会,3,tencent_ai_lab_chinese_embedding_light_mirror_mvp,0.49228219,4169,0.64397192,0.67458469,0.59805274,约会,约会,0.63126802,567
568,合作伙伴,合作伙伴,4,tencent_ai_lab_chinese_embedding_light_mirror_mvp,0.48436652,4780,0.64385527,0.67701995,0.59410822,伴侣,对象关系,0.6066972,568
569,走着,走着,2,tencent_ai_lab_chinese_embedding_light_mirror_mvp,0.56041858,1318,0.64369822,0.67948663,0.59001565,散步,社会比较与人生进度,0.5951252,569
570,男宝,男宝,2,tencent_ai_lab_chinese_embedding_light_mirror_mvp,0.52816594,2306,0.64368272,0.66714311,0.60849214,男朋友,对象关系,0.57538241,570
571,情话,情话,2,tencent_ai_lab_chinese_embedding_light_mirror_mvp,0.63076524,464,0.64338559,0.64871943,0.63538474,恋情,恋爱核心,0.64655948,571
572,女士,女士,2,tencent_ai_lab_chinese_embedding_light_mirror_mvp,0.57510009,1050,0.643354,0.67364228,0.59792155,女朋友,对象关系,0.62933606,572
573,交朋友,交朋友,3,tencent_ai_lab_chinese_embedding_light_mirror_mvp,0.552858,1498,0.64328992,0.64583623,0.63947034,男朋友,对象关系,0.7038191,573
574,渴望,渴望,2,tencent_ai_lab_chinese_embedding_light_mirror_mvp,0.61619971,559,0.64324749,0.6730777,0.59850204,追求,表白与追求,0.67388177,574
575,追星,追星,2,tencent_ai_lab_chinese_embedding_light_mirror_mvp,0.57111354,1112,0.6432386,0.66565824,0.60960907,追求,表白与追求,0.67187762,575
576,爱女,爱女,2,tencent_ai_lab_chinese_embedding_light_mirror_mvp,0.60717146,635,0.64321911,0.65498155,0.62557536,爱情,恋爱核心,0.64454925,576
577,吃完饭,吃完饭,3,tencent_ai_lab_chinese_embedding_light_mirror_mvp,0.54155874,1827,0.64311075,0.70457858,0.55090898,约饭,约会,0.58531344,577
578,校徽,校徽,2,tencent_ai_lab_chinese_embedding_light_mirror_mvp,0.60569938,656,0.64302832,0.69164705,0.57010013,校服,校园恋爱,0.57060641,578
579,要求,要求,2,tencent_ai_lab_chinese_embedding_light_mirror_mvp,0.51028465,3082,0.64294237,0.66948634,0.60312635,追求,表白与追求,0.55519497,579
580,饭卡,饭卡,2,tencent_ai_lab_chinese_embedding_light_mirror_mvp,0.48669258,4580,0.64293945,0.7043494,0.5508244,约饭,约会,0.57607007,580
581,男孩,男孩,2,tencent_ai_lab_chinese_embedding_light_mirror_mvp,0.606888,638,0.64263242,0.67161894,0.59915257,男朋友,社会比较与人生进度,0.58004022,581
582,特别的人,特别的人,4,tencent_ai_lab_chinese_embedding_light_mirror_mvp,0.51121545,3026,0.6423313,0.6476748,0.63431597,喜欢的人,社会比较与人生进度,0.6287967,582
583,学生妹,学生妹,3,tencent_ai_lab_chinese_embedding_light_mirror_mvp,0.53684815,1985,0.64225292,0.69919848,0.55683452,学生情侣,校园恋爱,0.60851461,583
584,校纪,校纪,2,tencent_ai_lab_chinese_embedding_light_mirror_mvp,0.54139849,1833,0.64208239,0.67051196,0.59943807,校服,校园恋爱,0.63221854,584
585,曾经,曾经,2,tencent_ai_lab_chinese_embedding_light_mirror_mvp,0.53366957,2089,0.64208066,0.65316761,0.62545019,前任,恋爱历史,0.70807385,585
586,抱娃,抱娃,2,tencent_ai_lab_chinese_embedding_light_mirror_mvp,0.51789805,2689,0.64206702,0.69110084,0.56851619,拥抱,亲密行为,0.62938291,586
587,爱上,爱上,2,tencent_ai_lab_chinese_embedding_light_mirror_mvp,0.59569118,766,0.64205825,0.66316438,0.61039895,爱情,恋爱核心,0.65371555,587
588,婚姻观,婚姻观,3,tencent_ai_lab_chinese_embedding_light_mirror_mvp,0.60709178,636,0.64178604,0.65449107,0.62272847,结婚,婚恋,0.70087266,588
589,人生路,人生路,3,tencent_ai_lab_chinese_embedding_light_mirror_mvp,0.54487088,1720,0.64177001,0.70903254,0.54087621,人生阶段,社会比较与人生进度,0.62334991,589
590,军服,军服,2,tencent_ai_lab_chinese_embedding_light_mirror_mvp,0.5384322,1927,0.64166802,0.73107553,0.50755674,校服,校园恋爱,0.42370045,590
591,老朋友,老朋友,3,tencent_ai_lab_chinese_embedding_light_mirror_mvp,0.50493188,3368,0.64157337,0.64503801,0.63637638,男朋友,对象关系,0.67886287,591
592,走动,走动,2,tencent_ai_lab_chinese_embedding_light_mirror_mvp,0.53148357,2176,0.64156234,0.69449151,0.56216854,散步,约会,0.57608914,592
593,同年级,同年级,3,tencent_ai_lab_chinese_embedding_light_mirror_mvp,0.57314134,1081,0.64141542,0.66574264,0.60492456,同龄人,社会比较与人生进度,0.61326504,593
594,男孩子,男孩子,3,tencent_ai_lab_chinese_embedding_light_mirror_mvp,0.67996802,231,0.64137,0.67354244,0.59311128,男朋友,社会比较与人生进度,0.58510721,594
595,爱在,爱在,2,tencent_ai_lab_chinese_embedding_light_mirror_mvp,0.50945271,3139,0.64095831,0.65958834,0.61301327,爱情,恋爱核心,0.64962596,595
596,大学毕业,大学毕业,4,tencent_ai_lab_chinese_embedding_light_mirror_mvp,0.60681932,639,0.64085448,0.68161362,0.57971567,大学恋爱,社会比较与人生进度,0.62127435,596
597,校门,校门,2,tencent_ai_lab_chinese_embedding_light_mirror_mvp,0.50067914,3617,0.64073306,0.67640716,0.58722192,校服,校园恋爱,0.58527476,597
598,爱过,爱过,2,tencent_ai_lab_chinese_embedding_light_mirror_mvp,0.69900537,180,0.64072388,0.65317655,0.62204492,爱情,恋爱历史,0.6321187,598
599,改嫁,改嫁,2,tencent_ai_lab_chinese_embedding_light_mirror_mvp,0.65991609,300,0.64061493,0.6530816,0.62191486,订婚,婚恋,0.65968382,599
600,洒脱,洒脱,2,tencent_ai_lab_chinese_embedding_light_mirror_mvp,0.53549122,2018,0.64037007,0.67247486,0.59221286,脱单,表白与追求,0.56499898,600
601,军恋,军恋,2,tencent_ai_lab_chinese_embedding_light_mirror_mvp,0.61237643,583,0.64036131,0.64178169,0.63823062,恋爱,恋爱核心,0.67808545,601
602,情色,情色,2,tencent_ai_lab_chinese_embedding_light_mirror_mvp,0.50007654,3656,0.64018285,0.6443311,0.63396037,恋情,恋爱核心,0.63086617,602
603,为了爱,为了爱,3,tencent_ai_lab_chinese_embedding_light_mirror_mvp,0.65349427,338,0.64013135,0.66011167,0.61016083,爱情,表白与追求,0.64344096,603
604,宴会,宴会,2,tencent_ai_lab_chinese_embedding_light_mirror_mvp,0.62466564,499,0.63968325,0.66326362,0.6043126,约会,约会,0.6268428,604
605,基友,基友,2,tencent_ai_lab_chinese_embedding_light_mirror_mvp,0.62491391,498,0.6395039,0.64827335,0.62634963,男朋友,对象关系,0.70074284,605
606,全校同学,全校同学,4,tencent_ai_lab_chinese_embedding_light_mirror_mvp,0.53610634,2001,0.63948512,0.64829332,0.62627274,同桌,校园恋爱,0.69708663,606
607,交情,交情,2,tencent_ai_lab_chinese_embedding_light_mirror_mvp,0.54345156,1767,0.63922465,0.65259326,0.61917174,感情史,亲密行为,0.62050933,607
608,前段时间,前段时间,4,tencent_ai_lab_chinese_embedding_light_mirror_mvp,0.50470884,3385,0.63906407,0.64787471,0.62584805,前任,社会比较与人生进度,0.67099452,608
609,男主人,男主人,3,tencent_ai_lab_chinese_embedding_light_mirror_mvp,0.62605591,489,0.6389879,0.6507194,0.62139052,男朋友,对象关系,0.61053896,609
610,亲娃,亲娃,2,tencent_ai_lab_chinese_embedding_light_mirror_mvp,0.502888,3476,0.63890898,0.65743124,0.61112553,亲密,亲密行为,0.66346061,610
611,高中时代,高中时代,4,tencent_ai_lab_chinese_embedding_light_mirror_mvp,0.69278365,197,0.63889772,0.67976975,0.57758963,高中恋爱,校园恋爱,0.6057418,611
612,用餐,用餐,2,tencent_ai_lab_chinese_embedding_light_mirror_mvp,0.51438043,2857,0.6388061,0.69008923,0.5618813,约饭,约会,0.61323595,612
613,入校,入校,2,tencent_ai_lab_chinese_embedding_light_mirror_mvp,0.5198602,2598,0.63880014,0.67026484,0.59160304,校服,校园恋爱,0.63361037,613
614,配偶,配偶,2,tencent_ai_lab_chinese_embedding_light_mirror_mvp,0.63685342,426,0.63839918,0.6416173,0.63357192,妻子,婚恋,0.67379999,614
615,点餐,点餐,2,tencent_ai_lab_chinese_embedding_light_mirror_mvp,0.48665805,4583,0.6383664,0.68164307,0.57345134,约饭,约会,0.62703848,615
616,制服,制服,2,tencent_ai_lab_chinese_embedding_light_mirror_mvp,0.50713807,3253,0.63832265,0.71708918,0.52017277,校服,婚恋,0.44188052,616
617,约炮,约炮,2,tencent_ai_lab_chinese_embedding_light_mirror_mvp,0.65177693,349,0.6383146,0.65168393,0.61826062,约会,约会,0.67085874,617
618,婚纱照,婚纱照,3,tencent_ai_lab_chinese_embedding_light_mirror_mvp,0.69296768,196,0.63817924,0.66473603,0.59834397,婚礼,婚恋,0.60796636,618
619,情分,情分,2,tencent_ai_lab_chinese_embedding_light_mirror_mvp,0.48244687,4923,0.63817441,0.64261192,0.63151807,爱情,恋爱核心,0.61925805,619
620,爱是个,爱是个,3,tencent_ai_lab_chinese_embedding_light_mirror_mvp,0.57926177,990,0.63802278,0.65717632,0.60929251,爱情,恋爱核心,0.63563681,620
621,亲家,亲家,2,tencent_ai_lab_chinese_embedding_light_mirror_mvp,0.61749833,550,0.63789207,0.66484779,0.59745836,亲密,亲密行为,0.65815544,621
622,情思,情思,2,tencent_ai_lab_chinese_embedding_light_mirror_mvp,0.49787021,3788,0.63773525,0.64922667,0.62049806,恋情,恋爱核心,0.64681399,622
623,单纯,单纯,2,tencent_ai_lab_chinese_embedding_light_mirror_mvp,0.55693345,1397,0.63756043,0.65989119,0.60406429,单身,单身与脱单,0.67685068,623
624,感性,感性,2,tencent_ai_lab_chinese_embedding_light_mirror_mvp,0.61225398,584,0.6375246,0.67670786,0.57874972,感情史,社会比较与人生进度,0.60292149,624
625,老友,老友,2,tencent_ai_lab_chinese_embedding_light_mirror_mvp,0.55303171,1496,0.63747996,0.64292091,0.62931848,老婆,对象关系,0.65305805,625
626,被删,被删,2,tencent_ai_lab_chinese_embedding_light_mirror_mvp,0.5085842,3179,0.63736862,0.6867283,0.56332904,被追,社会比较与人生进度,0.59367245,626
627,姨夫,姨夫,2,tencent_ai_lab_chinese_embedding_light_mirror_mvp,0.60991403,603,0.63729692,0.67435074,0.58171606,丈夫,婚恋,0.61715025,627
628,礼物,礼物,2,tencent_ai_lab_chinese_embedding_light_mirror_mvp,0.55269473,1502,0.63685721,0.6775322,0.57584471,婚礼,表白与追求,0.60409415,628
629,全体同学,全体同学,4,tencent_ai_lab_chinese_embedding_light_mirror_mvp,0.50369177,3432,0.6366021,0.651402,0.61440217,同桌,校园恋爱,0.60704672,629
630,剧情,剧情,2,tencent_ai_lab_chinese_embedding_light_mirror_mvp,0.49227242,4170,0.63659906,0.6437484,0.62587506,爱情,恋爱核心,0.60881531,630
631,密会,密会,2,tencent_ai_lab_chinese_embedding_light_mirror_mvp,0.5388586,1913,0.6365934,0.65652186,0.60670066,亲密,亲密行为,0.59494305,631
632,溺爱,溺爱,2,tencent_ai_lab_chinese_embedding_light_mirror_mvp,0.51384106,2886,0.63656908,0.65269923,0.61237383,恋爱,恋爱核心,0.65248001,632
633,桌子,桌子,2,tencent_ai_lab_chinese_embedding_light_mirror_mvp,0.50033191,3639,0.63637984,0.71027648,0.52553475,同桌,校园恋爱,0.46613446,633
634,伴郎,伴郎,2,tencent_ai_lab_chinese_embedding_light_mirror_mvp,0.65154061,353,0.6363557,0.69122016,0.55405891,伴侣,对象关系,0.57236469,634
635,以后,以后,2,tencent_ai_lab_chinese_embedding_light_mirror_mvp,0.49948251,3686,0.63608056,0.66328311,0.59527671,落后,社会比较与人生进度,0.63274455,635
636,失身,失身,2,tencent_ai_lab_chinese_embedding_light_mirror_mvp,0.51922219,2638,0.63595158,0.66086435,0.59858245,单身,单身与脱单,0.67719984,636
637,财礼,财礼,2,tencent_ai_lab_chinese_embedding_light_mirror_mvp,0.58971254,833,0.63572836,0.67706549,0.57372272,婚礼,婚恋,0.58200502,637
638,男士们,男士们,3,tencent_ai_lab_chinese_embedding_light_mirror_mvp,0.55807967,1370,0.63564187,0.6576432,0.60263985,男朋友,社会比较与人生进度,0.63437808,638
639,五桌,五桌,2,tencent_ai_lab_chinese_embedding_light_mirror_mvp,0.51554455,2799,0.63559282,0.69979143,0.5392949,同桌,约会,0.46266052,639
640,男女,男女,2,tencent_ai_lab_chinese_embedding_light_mirror_mvp,0.62250764,513,0.63551271,0.65044498,0.6131143,男朋友,对象关系,0.70686221,640
641,妇女,妇女,2,tencent_ai_lab_chinese_embedding_light_mirror_mvp,0.52962515,2247,0.63536465,0.65719712,0.60261595,妻子,婚恋,0.62432748,641
642,互相关心,互相关心,4,tencent_ai_lab_chinese_embedding_light_mirror_mvp,0.59833348,727,0.63535279,0.64659524,0.61848909,亲密关系,亲密行为,0.65174913,642
643,亲姐,亲姐,2,tencent_ai_lab_chinese_embedding_light_mirror_mvp,0.60624571,646,0.63523173,0.65449578,0.60633558,亲密,亲密行为,0.64305913,643
644,男人女人,男人女人,4,tencent_ai_lab_chinese_embedding_light_mirror_mvp,0.5910552,818,0.63518059,0.64658618,0.61807215,恋人,对象关系,0.66340107,644
645,没车,没车,2,tencent_ai_lab_chinese_embedding_light_mirror_mvp,0.54125311,1837,0.63516915,0.67534304,0.5749082,没有对象,单身与脱单,0.63650978,645
646,女人,女人,2,tencent_ai_lab_chinese_embedding_light_mirror_mvp,0.70385866,170,0.63508821,0.64259684,0.62382519,女朋友,婚恋,0.63248277,646
647,结个,结个,2,tencent_ai_lab_chinese_embedding_light_mirror_mvp,0.54565791,1693,0.63431102,0.66737902,0.58470899,结婚,婚恋,0.60747182,647
648,男主,男主,2,tencent_ai_lab_chinese_embedding_light_mirror_mvp,0.57924156,992,0.63429499,0.65379894,0.60503894,男朋友,对象关系,0.5783512,648
649,年轻时,年轻时,3,tencent_ai_lab_chinese_embedding_light_mirror_mvp,0.56559796,1221,0.63416666,0.66018796,0.59513462,青春,社会比较与人生进度,0.69266403,649
650,相聚,相聚,2,tencent_ai_lab_chinese_embedding_light_mirror_mvp,0.54950137,1583,0.63412845,0.64756715,0.61397034,约会,约会,0.69821787,650
651,融洽,融洽,2,tencent_ai_lab_chinese_embedding_light_mirror_mvp,0.66959642,263,0.63404161,0.65735447,0.59907228,亲密,亲密行为,0.66679078,651
652,男孩儿,男孩儿,3,tencent_ai_lab_chinese_embedding_light_mirror_mvp,0.58689725,873,0.63326281,0.66475785,0.58602023,男朋友,社会比较与人生进度,0.56428516,652
653,人生态度,人生态度,4,tencent_ai_lab_chinese_embedding_light_mirror_mvp,0.57248201,1089,0.6325739,0.68032193,0.56095177,人生阶段,社会比较与人生进度,0.64645368,653
654,礼仪,礼仪,2,tencent_ai_lab_chinese_embedding_light_mirror_mvp,0.48819417,4459,0.63242209,0.67980146,0.56135303,婚礼,婚恋,0.56551582,654
655,互爱,互爱,2,tencent_ai_lab_chinese_embedding_light_mirror_mvp,0.57698345,1031,0.63239884,0.63555229,0.62766868,爱情,恋爱核心,0.65192699,655
656,迎亲,迎亲,2,tencent_ai_lab_chinese_embedding_light_mirror_mvp,0.62545696,494,0.63238114,0.64800072,0.60895175,接吻,亲密行为,0.67774224,656
657,女孩,女孩,2,tencent_ai_lab_chinese_embedding_light_mirror_mvp,0.69003351,204,0.63218451,0.67279255,0.57127243,女朋友,对象关系,0.56716526,657
658,已婚女人,已婚女人,4,tencent_ai_lab_chinese_embedding_light_mirror_mvp,0.61200726,586,0.63208854,0.6340344,0.62916964,结婚,婚恋,0.73497671,658
659,说亲,说亲,2,tencent_ai_lab_chinese_embedding_light_mirror_mvp,0.60141585,696,0.63194489,0.6478647,0.60806519,亲密,亲密行为,0.65320158,659
660,朋友,朋友,2,tencent_ai_lab_chinese_embedding_light_mirror_mvp,0.6399883,396,0.63194191,0.64107776,0.61823815,女朋友,对象关系,0.67677158,660
661,嫁进,嫁进,2,tencent_ai_lab_chinese_embedding_light_mirror_mvp,0.60128278,697,0.63175339,0.64155269,0.6170544,结婚,婚恋,0.70011061,661
662,寻找,寻找,2,tencent_ai_lab_chinese_embedding_light_mirror_mvp,0.50020101,3648,0.63170338,0.66670418,0.57920206,追求,表白与追求,0.61897659,662
663,做爱,做爱,2,tencent_ai_lab_chinese_embedding_light_mirror_mvp,0.72530203,130,0.63165653,0.64705563,0.60855776,爱情,恋爱核心,0.63224483,663
664,老人,老人,2,tencent_ai_lab_chinese_embedding_light_mirror_mvp,0.55080147,1546,0.63157374,0.63667262,0.62392545,同龄人,婚恋,0.57889593,664
665,其夫,其夫,2,tencent_ai_lab_chinese_embedding_light_mirror_mvp,0.64892613,360,0.63155568,0.6690861,0.57525998,丈夫,婚恋,0.56298387,665
666,校花,校花,2,tencent_ai_lab_chinese_embedding_light_mirror_mvp,0.55362177,1481,0.63127768,0.66289568,0.58385068,校服,校园恋爱,0.58878726,666
667,一个人,一个人,3,tencent_ai_lab_chinese_embedding_light_mirror_mvp,0.53893559,1910,0.63097417,0.63710135,0.62178344,喜欢的人,社会比较与人生进度,0.66699338,667
668,友人,友人,2,tencent_ai_lab_chinese_embedding_light_mirror_mvp,0.59444162,779,0.63093036,0.63365352,0.62684554,恋人,对象关系,0.68003261,668
669,两任,两任,2,tencent_ai_lab_chinese_embedding_light_mirror_mvp,0.65397557,336,0.63090205,0.67464828,0.56528264,前任,恋爱历史,0.60919416,669
670,情感障碍,情感障碍,4,tencent_ai_lab_chinese_embedding_light_mirror_mvp,0.53813956,1939,0.63073152,0.64963293,0.60237932,感情史,社会比较与人生进度,0.61063582,670
671,同性爱,同性爱,3,tencent_ai_lab_chinese_embedding_light_mirror_mvp,0.59054801,825,0.6307205,0.63914537,0.61808306,爱情,恋爱核心,0.65289295,671
672,年龄层,年龄层,3,tencent_ai_lab_chinese_embedding_light_mirror_mvp,0.49946418,3687,0.63071823,0.66622192,0.57746273,同龄人,社会比较与人生进度,0.6287204,672
673,婚姻法,婚姻法,3,tencent_ai_lab_chinese_embedding_light_mirror_mvp,0.50193707,3538,0.63069022,0.64317876,0.61195731,结婚,婚恋,0.6854859,673
674,走走停停,走走停停,4,tencent_ai_lab_chinese_embedding_light_mirror_mvp,0.50201924,3530,0.63067055,0.68205416,0.55359501,散步,约会,0.58527458,674
675,独白,独白,2,tencent_ai_lab_chinese_embedding_light_mirror_mvp,0.56759418,1173,0.63065553,0.65533113,0.593642,告白,表白与追求,0.62912035,675
676,经济关系,经济关系,4,tencent_ai_lab_chinese_embedding_light_mirror_mvp,0.54392136,1749,0.63056016,0.65740067,0.59029943,亲密关系,社会比较与人生进度,0.56130719,676
677,姐弟恋,姐弟恋,3,tencent_ai_lab_chinese_embedding_light_mirror_mvp,0.71633697,144,0.63035494,0.63238692,0.62730688,恋爱,恋爱核心,0.67442352,677
678,热爱,热爱,2,tencent_ai_lab_chinese_embedding_light_mirror_mvp,0.56909168,1144,0.63024312,0.6398322,0.61585951,恋爱,表白与追求,0.68533278,678
679,交友,交友,2,tencent_ai_lab_chinese_embedding_light_mirror_mvp,0.55217309,1517,0.63005102,0.63953441,0.61582595,伴侣,对象关系,0.69506675,679
680,表亲,表亲,2,tencent_ai_lab_chinese_embedding_light_mirror_mvp,0.52484688,2414,0.62995362,0.63732457,0.61889714,表白,亲密行为,0.64370209,680
681,财产关系,财产关系,4,tencent_ai_lab_chinese_embedding_light_mirror_mvp,0.49675545,3860,0.62995076,0.65044171,0.59921432,亲密关系,婚恋,0.52549529,681
682,告别,告别,2,tencent_ai_lab_chinese_embedding_light_mirror_mvp,0.54995058,1567,0.62975949,0.67574322,0.5607838,告白,表白与追求,0.62359774,682
683,聊过,聊过,2,tencent_ai_lab_chinese_embedding_light_mirror_mvp,0.49095113,4257,0.62970454,0.64954913,0.59993762,没谈过恋爱,社会比较与人生进度,0.65643126,683
684,女方,女方,2,tencent_ai_lab_chinese_embedding_light_mirror_mvp,0.68504164,220,0.6296736,0.63732815,0.61819172,女朋友,婚恋,0.68549192,684
685,真情,真情,2,tencent_ai_lab_chinese_embedding_light_mirror_mvp,0.61971211,537,0.62956953,0.63814819,0.61670142,爱情,恋爱核心,0.61452544,685
686,留任,留任,2,tencent_ai_lab_chinese_embedding_light_mirror_mvp,0.53605658,2002,0.62956744,0.69081056,0.53770274,前任,恋爱历史,0.57975304,686
687,是男人,是男人,3,tencent_ai_lab_chinese_embedding_light_mirror_mvp,0.59941785,719,0.62950385,0.63930559,0.61480117,男朋友,社会比较与人生进度,0.64148915,687
688,两个人,两个人,3,tencent_ai_lab_chinese_embedding_light_mirror_mvp,0.70116472,177,0.62938285,0.64004827,0.61338466,别人都有对象,对象关系,0.67878067,688
689,开场白,开场白,3,tencent_ai_lab_chinese_embedding_light_mirror_mvp,0.51176871,2998,0.62924784,0.66467232,0.57611102,告白,表白与追求,0.61292356,689
690,没关系,没关系,3,tencent_ai_lab_chinese_embedding_light_mirror_mvp,0.50618773,3311,0.62922966,0.64637864,0.60350615,没有对象,单身与脱单,0.5822379,690
691,伉俪,伉俪,2,tencent_ai_lab_chinese_embedding_light_mirror_mvp,0.5312638,2187,0.62916368,0.63507473,0.62029701,妻子,婚恋,0.67330426,691
692,大多数人,大多数人,4,tencent_ai_lab_chinese_embedding_light_mirror_mvp,0.50054711,3623,0.62877929,0.65709573,0.58630461,同龄人,社会比较与人生进度,0.64345849,692
693,女孩子,女孩子,3,tencent_ai_lab_chinese_embedding_light_mirror_mvp,0.70594612,166,0.62870103,0.67041516,0.56612974,女朋友,对象关系,0.58374882,693
694,旅伴,旅伴,2,tencent_ai_lab_chinese_embedding_light_mirror_mvp,0.59809825,732,0.62866986,0.67878509,0.55349708,伴侣,对象关系,0.56026292,694
695,多情,多情,2,tencent_ai_lab_chinese_embedding_light_mirror_mvp,0.57771049,1018,0.62845278,0.64120531,0.60932392,爱情,恋爱核心,0.59881002,695
696,贤妻良母,贤妻良母,4,tencent_ai_lab_chinese_embedding_light_mirror_mvp,0.63191962,450,0.62844622,0.65240651,0.59250575,妻子,婚恋,0.62379014,696
697,男男女女,男男女女,4,tencent_ai_lab_chinese_embedding_light_mirror_mvp,0.53593253,2004,0.62841278,0.65075552,0.59489864,男朋友,对象关系,0.67575604,697
698,校门口,校门口,3,tencent_ai_lab_chinese_embedding_light_mirror_mvp,0.5156112,2795,0.62835807,0.6560787,0.58677715,校服,校园恋爱,0.60057104,698
699,早熟,早熟,2,tencent_ai_lab_chinese_embedding_light_mirror_mvp,0.5768404,1032,0.628133,0.67179036,0.56264687,早恋,社会比较与人生进度,0.55694902,699
700,初夜,初夜,2,tencent_ai_lab_chinese_embedding_light_mirror_mvp,0.58140652,953,0.62809324,0.65105855,0.59364527,初吻,社会比较与人生进度,0.52895534,700
701,裸身,裸身,2,tencent_ai_lab_chinese_embedding_light_mirror_mvp,0.51425712,2867,0.62809187,0.6698606,0.56543869,单身,单身与脱单,0.6203385,701
702,他人,他人,2,tencent_ai_lab_chinese_embedding_light_mirror_mvp,0.52507734,2407,0.62803042,0.62868363,0.62705064,别人都有对象,社会比较与人生进度,0.63733649,702
703,真挚,真挚,2,tencent_ai_lab_chinese_embedding_light_mirror_mvp,0.58292611,928,0.62792069,0.66196835,0.57684916,亲密,亲密行为,0.61418557,703
704,一任,一任,2,tencent_ai_lab_chinese_embedding_light_mirror_mvp,0.51161636,3007,0.62751007,0.68894231,0.53536177,前任,恋爱历史,0.5744583,704
705,生人,生人,2,tencent_ai_lab_chinese_embedding_light_mirror_mvp,0.48979604,4340,0.62738425,0.65393519,0.58755773,人生阶段,社会比较与人生进度,0.62823606,705
706,主人公,主人公,3,tencent_ai_lab_chinese_embedding_light_mirror_mvp,0.49804787,3773,0.62705487,0.6607275,0.57654589,老公,婚恋,0.58163977,706
707,老爸,老爸,2,tencent_ai_lab_chinese_embedding_light_mirror_mvp,0.7441704,98,0.62704271,0.64117098,0.60585028,老婆,婚恋,0.60051537,707
708,情书,情书,2,tencent_ai_lab_chinese_embedding_light_mirror_mvp,0.6740629,251,0.6268273,0.62739253,0.62597936,感情史,恋爱核心,0.62531894,708
709,没房,没房,2,tencent_ai_lab_chinese_embedding_light_mirror_mvp,0.60637734,645,0.62678468,0.6503011,0.59150994,没有对象,单身与脱单,0.65055823,709
710,孤独,孤独,2,tencent_ai_lab_chinese_embedding_light_mirror_mvp,0.57289922,1083,0.62673604,0.65762663,0.58040017,单身,单身与脱单,0.65552515,710
711,常人,常人,2,tencent_ai_lab_chinese_embedding_light_mirror_mvp,0.54874831,1605,0.62639868,0.63996452,0.60604995,同龄人,社会比较与人生进度,0.65835762,711
712,女婿,女婿,2,tencent_ai_lab_chinese_embedding_light_mirror_mvp,0.69112598,201,0.62639421,0.63452226,0.61420208,丈夫,婚恋,0.6888265,712
713,温情,温情,2,tencent_ai_lab_chinese_embedding_light_mirror_mvp,0.56355361,1260,0.62618315,0.63611192,0.61129004,爱情,亲密行为,0.62364411,713
714,深爱,深爱,2,tencent_ai_lab_chinese_embedding_light_mirror_mvp,0.71204319,158,0.62606835,0.63089639,0.61882621,爱情,表白与追求,0.66029954,714
715,前世,前世,2,tencent_ai_lab_chinese_embedding_light_mirror_mvp,0.49258159,4149,0.62599623,0.63201106,0.616974,前男友,恋爱历史,0.63664663,715
716,谈话,谈话,2,tencent_ai_lab_chinese_embedding_light_mirror_mvp,0.50195903,3535,0.62599027,0.64058733,0.60409462,对象,约会,0.65437901,716
717,团聚,团聚,2,tencent_ai_lab_chinese_embedding_light_mirror_mvp,0.49229317,4167,0.62596977,0.64543033,0.59677899,约会,约会,0.68364841,717
718,没钱,没钱,2,tencent_ai_lab_chinese_embedding_light_mirror_mvp,0.58400388,914,0.62596881,0.66680956,0.5647077,没有对象,单身与脱单,0.59245467,718
719,陌生人,陌生人,3,tencent_ai_lab_chinese_embedding_light_mirror_mvp,0.58607345,881,0.62583029,0.63329709,0.61463004,同龄人,社会比较与人生进度,0.67149091,719
720,真诚,真诚,2,tencent_ai_lab_chinese_embedding_light_mirror_mvp,0.54514537,1710,0.62570655,0.6595633,0.57492137,亲密,亲密行为,0.61779583,720
721,做爱时,做爱时,3,tencent_ai_lab_chinese_embedding_light_mirror_mvp,0.59933202,720,0.62567544,0.64126563,0.60229009,爱情,恋爱核心,0.63049811,721
722,结交,结交,2,tencent_ai_lab_chinese_embedding_light_mirror_mvp,0.48389965,4816,0.62563866,0.64707762,0.59348017,结婚,社会比较与人生进度,0.60537863,722
723,卸任,卸任,2,tencent_ai_lab_chinese_embedding_light_mirror_mvp,0.53782904,1950,0.6255483,0.66696566,0.5634222,前任,社会比较与人生进度,0.5723176,723
724,男艺人,男艺人,3,tencent_ai_lab_chinese_embedding_light_mirror_mvp,0.55738997,1387,0.62552321,0.64394319,0.59789318,男朋友,对象关系,0.57246506,724
725,感人,感人,2,tencent_ai_lab_chinese_embedding_light_mirror_mvp,0.50160133,3561,0.62540507,0.62777674,0.62184745,感情史,社会比较与人生进度,0.65660053,725
726,同父异母,同父异母,4,tencent_ai_lab_chinese_embedding_light_mirror_mvp,0.51505849,2820,0.6253624,0.65543604,0.58025193,母胎单身,单身与脱单,0.57098889,726
727,很喜欢,很喜欢,3,tencent_ai_lab_chinese_embedding_light_mirror_mvp,0.5055865,3339,0.62527424,0.6540029,0.58218116,喜欢的人,表白与追求,0.6689887,727
728,交往,交往,2,tencent_ai_lab_chinese_embedding_light_mirror_mvp,0.67615905,243,0.62522084,0.62713671,0.622347,亲密关系,社会比较与人生进度,0.66308206,728
729,被宠,被宠,2,tencent_ai_lab_chinese_embedding_light_mirror_mvp,0.51751535,2707,0.62511182,0.66356599,0.56743056,被追,表白与追求,0.57638586,729
730,烧饭,烧饭,2,tencent_ai_lab_chinese_embedding_light_mirror_mvp,0.48343618,4850,0.62488639,0.69767952,0.5156967,约饭,约会,0.52156913,730
731,多数人,多数人,3,tencent_ai_lab_chinese_embedding_light_mirror_mvp,0.48485767,4732,0.62487656,0.64929056,0.58825547,同龄人,社会比较与人生进度,0.6319707,731
732,高一,高一,2,tencent_ai_lab_chinese_embedding_light_mirror_mvp,0.54252146,1798,0.62479228,0.66663241,0.56203198,高中恋爱,校园恋爱,0.58145535,732
733,亲如一家,亲如一家,4,tencent_ai_lab_chinese_embedding_light_mirror_mvp,0.49398251,4050,0.62459677,0.64348847,0.59625918,亲密,亲密行为,0.65810764,733
734,进餐,进餐,2,tencent_ai_lab_chinese_embedding_light_mirror_mvp,0.51593066,2776,0.62449479,0.66948283,0.55701268,约饭,约会,0.62348199,734
735,某校,某校,2,tencent_ai_lab_chinese_embedding_light_mirror_mvp,0.50548515,3341,0.62437457,0.64343154,0.59578902,校服,校园恋爱,0.64993179,735
736,对于,对于,2,tencent_ai_lab_chinese_embedding_light_mirror_mvp,0.53153125,2173,0.62434387,0.65510368,0.57820415,对象,社会比较与人生进度,0.61490381,736
737,一男,一男,2,tencent_ai_lab_chinese_embedding_light_mirror_mvp,0.58707714,869,0.62408644,0.63497663,0.60775107,前男友,社会比较与人生进度,0.62299025,737
738,配对,配对,2,tencent_ai_lab_chinese_embedding_light_mirror_mvp,0.54559691,1697,0.62405932,0.64988446,0.58532161,对象,亲密行为,0.59518141,738
739,不爱,不爱,2,tencent_ai_lab_chinese_embedding_light_mirror_mvp,0.55074896,1549,0.62401712,0.63259912,0.61114401,爱情,单身与脱单,0.63339496,739
740,初识,初识,2,tencent_ai_lab_chinese_embedding_light_mirror_mvp,0.61666062,554,0.62384772,0.65042746,0.58397806,初恋,社会比较与人生进度,0.64450967,740
741,超脱,超脱,2,tencent_ai_lab_chinese_embedding_light_mirror_mvp,0.52465719,2426,0.62380236,0.68127716,0.53759021,脱单,单身与脱单,0.5455277,741
742,女同事,女同事,3,tencent_ai_lab_chinese_embedding_light_mirror_mvp,0.6881322,211,0.62375611,0.64289415,0.59504908,女朋友,对象关系,0.624354,742
743,爱上她,爱上她,3,tencent_ai_lab_chinese_embedding_light_mirror_mvp,0.63836215,406,0.62353188,0.63943541,0.59967649,爱情,恋爱核心,0.64474607,743
744,爱得,爱得,2,tencent_ai_lab_chinese_embedding_light_mirror_mvp,0.65302703,341,0.62339091,0.64899027,0.58499175,爱情,恋爱核心,0.6144954,744
745,盆友,盆友,2,tencent_ai_lab_chinese_embedding_light_mirror_mvp,0.6267213,485,0.62338614,0.62919784,0.61466861,女朋友,对象关系,0.67234933,745
746,陪着,陪着,2,tencent_ai_lab_chinese_embedding_light_mirror_mvp,0.53191545,2155,0.62307847,0.63799906,0.60069752,拥抱,表白与追求,0.6227833,746
747,初衷,初衷,2,tencent_ai_lab_chinese_embedding_light_mirror_mvp,0.4939558,4053,0.6229732,0.6481449,0.58521563,初恋,社会比较与人生进度,0.61686456,747
748,晚饭时间,晚饭时间,4,tencent_ai_lab_chinese_embedding_light_mirror_mvp,0.49934844,3694,0.62291497,0.67659914,0.54238868,约饭,约会,0.58551085,748
749,老舅,老舅,2,tencent_ai_lab_chinese_embedding_light_mirror_mvp,0.57775931,1015,0.6226759,0.63803625,0.59963524,老婆,婚恋,0.61550486,749
750,服装,服装,2,tencent_ai_lab_chinese_embedding_light_mirror_mvp,0.55672059,1398,0.62266988,0.69578886,0.51299137,校服,社会比较与人生进度,0.45974374,750
751,人生哲学,人生哲学,4,tencent_ai_lab_chinese_embedding_light_mirror_mvp,0.49251734,4156,0.62262046,0.67636466,0.54200417,人生阶段,社会比较与人生进度,0.59405184,751
752,许多人,许多人,3,tencent_ai_lab_chinese_embedding_light_mirror_mvp,0.48733841,4528,0.62255335,0.63573635,0.60277885,同龄人,社会比较与人生进度,0.66514349,752
753,中学生,中学生,3,tencent_ai_lab_chinese_embedding_light_mirror_mvp,0.56252425,1280,0.62233871,0.6430251,0.59130907,学生情侣,校园恋爱,0.62105107,753
754,服饰,服饰,2,tencent_ai_lab_chinese_embedding_light_mirror_mvp,0.48858297,4430,0.62226963,0.68562186,0.52724117,校服,社会比较与人生进度,0.44644099,754
755,姻缘,姻缘,2,tencent_ai_lab_chinese_embedding_light_mirror_mvp,0.62642916,486,0.6221782,0.62894374,0.61202985,伴侣,婚恋,0.66665256,755
756,校规,校规,2,tencent_ai_lab_chinese_embedding_light_mirror_mvp,0.56368403,1254,0.62217623,0.67453283,0.54364127,校服,校园恋爱,0.54831803,756
757,相会,相会,2,tencent_ai_lab_chinese_embedding_light_mirror_mvp,0.54675629,1670,0.62181586,0.64743972,0.58337998,约会,约会,0.6162957,757
758,老母,老母,2,tencent_ai_lab_chinese_embedding_light_mirror_mvp,0.53938106,1895,0.62156165,0.64847398,0.58119315,老婆,婚恋,0.56897038,758
759,再娶,再娶,2,tencent_ai_lab_chinese_embedding_light_mirror_mvp,0.64353306,376,0.62151229,0.62940466,0.60967368,订婚,婚恋,0.6867401,759
760,见面,见面,2,tencent_ai_lab_chinese_embedding_light_mirror_mvp,0.60732236,632,0.62140501,0.62295622,0.61907816,对象,约会,0.70443368,760
761,年纪轻轻,年纪轻轻,4,tencent_ai_lab_chinese_embedding_light_mirror_mvp,0.50525205,3351,0.6209541,0.64235026,0.5888598,青春,社会比较与人生进度,0.68398631,761
762,宴席,宴席,2,tencent_ai_lab_chinese_embedding_light_mirror_mvp,0.58219273,938,0.62089437,0.64147758,0.59001952,婚礼,约会,0.60599935,762
763,骑单车,骑单车,3,tencent_ai_lab_chinese_embedding_light_mirror_mvp,0.60010259,707,0.62085146,0.64357007,0.58677351,单身,单身与脱单,0.61712164,763
764,说前,说前,2,tencent_ai_lab_chinese_embedding_light_mirror_mvp,0.52954155,2251,0.6208514,0.63003445,0.60707682,前男友,恋爱历史,0.62450647,764
765,情到,情到,2,tencent_ai_lab_chinese_embedding_light_mirror_mvp,0.49450604,4020,0.62072343,0.62833452,0.60930675,爱情,恋爱核心,0.61474758,765
766,同窗,同窗,2,tencent_ai_lab_chinese_embedding_light_mirror_mvp,0.60363311,674,0.62060273,0.66476417,0.55436057,同桌,社会比较与人生进度,0.5342952,766
767,普通人,普通人,3,tencent_ai_lab_chinese_embedding_light_mirror_mvp,0.54929397,1588,0.62042928,0.64149845,0.5888254,同龄人,社会比较与人生进度,0.64233315,767
768,同居,同居,2,tencent_ai_lab_chinese_embedding_light_mirror_mvp,0.74518422,97,0.62042767,0.63219321,0.60277933,同桌,婚恋,0.62795824,768
769,性生活,性生活,3,tencent_ai_lab_chinese_embedding_light_mirror_mvp,0.6297911,466,0.62039727,0.62687141,0.610686,单身,对象关系,0.65357685,769
770,分手时,分手时,3,tencent_ai_lab_chinese_embedding_light_mirror_mvp,0.70780184,164,0.62037927,0.63291514,0.60157543,前任,恋爱历史,0.68365991,770
771,主妇,主妇,2,tencent_ai_lab_chinese_embedding_light_mirror_mvp,0.5254714,2395,0.62032795,0.632985,0.60134226,妻子,婚恋,0.60745382,771
772,独自,独自,2,tencent_ai_lab_chinese_embedding_light_mirror_mvp,0.54225354,1808,0.62029606,0.64953601,0.5764361,单身,单身与脱单,0.64675033,772
773,断绝关系,断绝关系,4,tencent_ai_lab_chinese_embedding_light_mirror_mvp,0.6096999,606,0.62016642,0.64584875,0.58164287,亲密关系,亲密行为,0.55761337,773
774,亲妈,亲妈,2,tencent_ai_lab_chinese_embedding_light_mirror_mvp,0.65741258,313,0.62014043,0.63823891,0.5929926,亲密,亲密行为,0.63306981,774
775,午餐,午餐,2,tencent_ai_lab_chinese_embedding_light_mirror_mvp,0.49771724,3799,0.62012613,0.67115855,0.54357749,约饭,约会,0.59201211,775
776,亲娘,亲娘,2,tencent_ai_lab_chinese_embedding_light_mirror_mvp,0.54564821,1694,0.62002158,0.63235033,0.60152841,亲密,亲密行为,0.6491248,776
777,同行,同行,2,tencent_ai_lab_chinese_embedding_light_mirror_mvp,0.50242935,3507,0.62000608,0.63587189,0.59620732,同桌,社会比较与人生进度,0.61921382,777
778,全校,全校,2,tencent_ai_lab_chinese_embedding_light_mirror_mvp,0.57458578,1061,0.61983085,0.64515042,0.58185142,校服,校园恋爱,0.62174678,778
779,两人,两人,2,tencent_ai_lab_chinese_embedding_light_mirror_mvp,0.65401685,335,0.61979747,0.62768286,0.60796928,别人都有对象,对象关系,0.67945671,779
780,错失,错失,2,tencent_ai_lab_chinese_embedding_light_mirror_mvp,0.50457321,3388,0.61969459,0.64035952,0.58869714,错过青春,社会比较与人生进度,0.62325001,780
781,另一半,另一半,3,tencent_ai_lab_chinese_embedding_light_mirror_mvp,0.80333999,53,0.61964947,0.62712419,0.6084373,伴侣,对象关系,0.66134441,781
782,婚姻自主,婚姻自主,4,tencent_ai_lab_chinese_embedding_light_mirror_mvp,0.51049297,3069,0.6196481,0.62850249,0.60636646,结婚,婚恋,0.68465817,782
783,女子,女子,2,tencent_ai_lab_chinese_embedding_light_mirror_mvp,0.61580069,561,0.6192202,0.63228095,0.5996291,妻子,婚恋,0.57672298,783
784,手拉手,手拉手,3,tencent_ai_lab_chinese_embedding_light_mirror_mvp,0.66641004,277,0.61921877,0.68165499,0.52556443,牵手,亲密行为,0.58460605,784
785,生活,生活,2,tencent_ai_lab_chinese_embedding_light_mirror_mvp,0.59620287,760,0.61907732,0.64362168,0.58226067,人生阶段,社会比较与人生进度,0.66121566,785
786,对不对,对不对,3,tencent_ai_lab_chinese_embedding_light_mirror_mvp,0.49331816,4098,0.61905062,0.63394368,0.59671104,对象,社会比较与人生进度,0.588925,786
787,彼此,彼此,2,tencent_ai_lab_chinese_embedding_light_mirror_mvp,0.68976644,205,0.61896867,0.62315595,0.61268765,伴侣,对象关系,0.64668453,787
788,女老板,女老板,3,tencent_ai_lab_chinese_embedding_light_mirror_mvp,0.61313558,577,0.61887515,0.64375234,0.58155936,老婆,婚恋,0.5833509,788
789,对不起,对不起,3,tencent_ai_lab_chinese_embedding_light_mirror_mvp,0.54198401,1813,0.61877251,0.63291931,0.59755236,没有对象,社会比较与人生进度,0.65312016,789
790,相携,相携,2,tencent_ai_lab_chinese_embedding_light_mirror_mvp,0.55499523,1435,0.61870188,0.62308568,0.61212617,牵手,亲密行为,0.66917199,790
791,在校,在校,2,tencent_ai_lab_chinese_embedding_light_mirror_mvp,0.48270942,4906,0.61868888,0.63496232,0.59427863,校服,校园恋爱,0.65265405,791
792,和服,和服,2,tencent_ai_lab_chinese_embedding_light_mirror_mvp,0.49153532,4216,0.61857331,0.67600209,0.53243011,校服,表白与追求,0.46838874,792
793,嫂子,嫂子,2,tencent_ai_lab_chinese_embedding_light_mirror_mvp,0.74705011,94,0.61847717,0.64510399,0.57853693,妻子,婚恋,0.61627781,793
794,没找,没找,2,tencent_ai_lab_chinese_embedding_light_mirror_mvp,0.48503947,4719,0.61829412,0.65589631,0.5618909,没有对象,单身与脱单,0.59301972,794
795,情事,情事,2,tencent_ai_lab_chinese_embedding_light_mirror_mvp,0.53495041,2036,0.61825424,0.62246543,0.61193746,恋情,恋爱核心,0.61980194,795
796,女性,女性,2,tencent_ai_lab_chinese_embedding_light_mirror_mvp,0.56795752,1166,0.61821651,0.64544082,0.57738,女朋友,对象关系,0.61788046,796
797,面对面,面对面,3,tencent_ai_lab_chinese_embedding_light_mirror_mvp,0.49504963,3970,0.61816138,0.64204502,0.58233589,对象,社会比较与人生进度,0.62579334,797
798,多岁,多岁,2,tencent_ai_lab_chinese_embedding_light_mirror_mvp,0.52537047,2398,0.61808437,0.65274167,0.56609839,同龄人,社会比较与人生进度,0.65293145,798
799,家庭妇女,家庭妇女,4,tencent_ai_lab_chinese_embedding_light_mirror_mvp,0.60863088,624,0.61798716,0.63749337,0.58872777,妻子,婚恋,0.62000281,799
800,走下去,走下去,3,tencent_ai_lab_chinese_embedding_light_mirror_mvp,0.5060697,3316,0.61798209,0.65226489,0.56655788,散步,社会比较与人生进度,0.60875392,800
801,探望,探望,2,tencent_ai_lab_chinese_embedding_light_mirror_mvp,0.48370892,4828,0.61785936,0.65134335,0.56763327,追求,表白与追求,0.60233665,801
802,情怀,情怀,2,tencent_ai_lab_chinese_embedding_light_mirror_mvp,0.61440752,570,0.61782664,0.63867235,0.5865581,感情史,社会比较与人生进度,0.59911287,802
803,某人,某人,2,tencent_ai_lab_chinese_embedding_light_mirror_mvp,0.49587604,3924,0.61782056,0.61957407,0.61519021,同龄人,社会比较与人生进度,0.6683538,803
804,偷情,偷情,2,tencent_ai_lab_chinese_embedding_light_mirror_mvp,0.60552766,659,0.61772645,0.61899102,0.61582953,恋情,恋爱核心,0.60947376,804
805,对了,对了,2,tencent_ai_lab_chinese_embedding_light_mirror_mvp,0.53935199,1896,0.61772341,0.64183152,0.58156115,对象,社会比较与人生进度,0.61884022,805
806,憧憬,憧憬,2,tencent_ai_lab_chinese_embedding_light_mirror_mvp,0.5505873,1552,0.61770332,0.63935697,0.58522278,追求,表白与追求,0.65117621,806
807,早起,早起,2,tencent_ai_lab_chinese_embedding_light_mirror_mvp,0.49515823,3964,0.61764967,0.66793942,0.54221505,早恋,社会比较与人生进度,0.55909997,807
808,外婆,外婆,2,tencent_ai_lab_chinese_embedding_light_mirror_mvp,0.58560038,891,0.61759478,0.63493824,0.5915795,老婆,婚恋,0.61895621,808
809,男女性,男女性,3,tencent_ai_lab_chinese_embedding_light_mirror_mvp,0.50591394,3327,0.61755061,0.63480556,0.59166807,男朋友,对象关系,0.68066126,809
810,儿媳,儿媳,2,tencent_ai_lab_chinese_embedding_light_mirror_mvp,0.79586613,62,0.6173147,0.62343442,0.60813516,妻子,婚恋,0.67763805,810
811,礼金,礼金,2,tencent_ai_lab_chinese_embedding_light_mirror_mvp,0.58944827,838,0.61717618,0.6513263,0.56595099,婚礼,婚恋,0.55845714,811
812,没话,没话,2,tencent_ai_lab_chinese_embedding_light_mirror_mvp,0.4819635,4958,0.61680329,0.65408885,0.56087488,没有对象,社会比较与人生进度,0.58060879,812
813,对等,对等,2,tencent_ai_lab_chinese_embedding_light_mirror_mvp,0.51388068,2883,0.61663765,0.65139747,0.56449789,对象,社会比较与人生进度,0.60596263,813
814,宴请,宴请,2,tencent_ai_lab_chinese_embedding_light_mirror_mvp,0.55428431,1457,0.61652493,0.62770104,0.59976077,婚礼,约会,0.61227715,814
815,进校,进校,2,tencent_ai_lab_chinese_embedding_light_mirror_mvp,0.53753992,1962,0.61612815,0.64234012,0.57681012,校服,校园恋爱,0.62076455,815
816,好男人,好男人,3,tencent_ai_lab_chinese_embedding_light_mirror_mvp,0.64333797,380,0.6160481,0.61845195,0.6124422,喜欢的人,社会比较与人生进度,0.60689175,816
817,男医生,男医生,3,tencent_ai_lab_chinese_embedding_light_mirror_mvp,0.51141887,3020,0.61604208,0.64572746,0.57151395,男朋友,对象关系,0.54283041,817
818,喜好,喜好,2,tencent_ai_lab_chinese_embedding_light_mirror_mvp,0.51275266,2958,0.61603868,0.64440656,0.57348686,喜欢的人,表白与追求,0.66624963,818
819,没娃,没娃,2,tencent_ai_lab_chinese_embedding_light_mirror_mvp,0.55012759,1563,0.61596829,0.64513397,0.57221973,没有对象,单身与脱单,0.64399803,819
820,个人成长,个人成长,4,tencent_ai_lab_chinese_embedding_light_mirror_mvp,0.61524239,564,0.61566097,0.64125937,0.57726336,人生阶段,社会比较与人生进度,0.69445276,820
821,小学同学,小学同学,4,tencent_ai_lab_chinese_embedding_light_mirror_mvp,0.69724236,184,0.61565185,0.62773848,0.59752196,同桌,校园恋爱,0.60824871,821
822,为情,为情,2,tencent_ai_lab_chinese_embedding_light_mirror_mvp,0.52482431,2417,0.61556369,0.6208806,0.60758829,爱情,恋爱核心,0.58908665,822
823,情感淡漠,情感淡漠,4,tencent_ai_lab_chinese_embedding_light_mirror_mvp,0.50623876,3304,0.61537796,0.63027704,0.59302932,感情史,单身与脱单,0.60021532,823
824,女中学生,女中学生,4,tencent_ai_lab_chinese_embedding_light_mirror_mvp,0.49144933,4222,0.61533546,0.63032901,0.59284502,学生情侣,校园恋爱,0.6371209,824
825,进步,进步,2,tencent_ai_lab_chinese_embedding_light_mirror_mvp,0.50518762,3355,0.61529565,0.63843763,0.58058268,散步,社会比较与人生进度,0.59004956,825
826,早安,早安,2,tencent_ai_lab_chinese_embedding_light_mirror_mvp,0.48177087,4976,0.61492252,0.67155111,0.52997953,早恋,表白与追求,0.53398979,826
827,没领,没领,2,tencent_ai_lab_chinese_embedding_light_mirror_mvp,0.50225176,3519,0.61473411,0.63745856,0.58064741,没有对象,单身与脱单,0.59839201,827
828,母女俩,母女俩,3,tencent_ai_lab_chinese_embedding_light_mirror_mvp,0.65338674,339,0.6147213,0.64650214,0.56705004,母胎单身,婚恋,0.56255746,828
829,住校,住校,2,tencent_ai_lab_chinese_embedding_light_mirror_mvp,0.52967368,2242,0.61455345,0.64486766,0.56908214,校服,校园恋爱,0.60855079,829
830,一夫一妻制,一夫一妻制,5,tencent_ai_lab_chinese_embedding_light_mirror_mvp,0.5139709,2878,0.61452943,0.62936097,0.592282,妻子,婚恋,0.64979762,830
831,共同生活,共同生活,4,tencent_ai_lab_chinese_embedding_light_mirror_mvp,0.60478742,667,0.61435163,0.63067859,0.58986109,伴侣,社会比较与人生进度,0.63928056,831
832,老头,老头,2,tencent_ai_lab_chinese_embedding_light_mirror_mvp,0.50021678,3646,0.61428404,0.64233226,0.57221174,老婆,婚恋,0.55511397,832
833,老太,老太,2,tencent_ai_lab_chinese_embedding_light_mirror_mvp,0.55109179,1543,0.61411113,0.63015211,0.59004962,老婆,婚恋,0.57832849,833
834,没人,没人,2,tencent_ai_lab_chinese_embedding_light_mirror_mvp,0.511501,3017,0.61373299,0.64586759,0.56553108,没有对象,社会比较与人生进度,0.58388388,834
835,嫁错,嫁错,2,tencent_ai_lab_chinese_embedding_light_mirror_mvp,0.56131729,1298,0.61366922,0.61641049,0.60955721,订婚,婚恋,0.65250331,835
836,同住,同住,2,tencent_ai_lab_chinese_embedding_light_mirror_mvp,0.51589026,2779,0.61362201,0.62334102,0.59904343,同桌,社会比较与人生进度,0.60184604,836
837,走过,走过,2,tencent_ai_lab_chinese_embedding_light_mirror_mvp,0.55391724,1472,0.61353242,0.63178337,0.58615601,散步,社会比较与人生进度,0.63922286,837
838,接近,接近,2,tencent_ai_lab_chinese_embedding_light_mirror_mvp,0.48620161,4617,0.61336529,0.61941648,0.60428852,接吻,亲密行为,0.68365037,838
839,年少,年少,2,tencent_ai_lab_chinese_embedding_light_mirror_mvp,0.60223143,688,0.61315566,0.64580429,0.56418264,青春,社会比较与人生进度,0.63762367,839
840,家庭主妇,家庭主妇,4,tencent_ai_lab_chinese_embedding_light_mirror_mvp,0.63811727,410,0.61293757,0.6267249,0.59225655,妻子,婚恋,0.60439765,840
841,婆家,婆家,2,tencent_ai_lab_chinese_embedding_light_mirror_mvp,0.71463287,150,0.61288023,0.62301147,0.59768331,老公,婚恋,0.67838395,841
842,十几岁,十几岁,3,tencent_ai_lab_chinese_embedding_light_mirror_mvp,0.64344193,378,0.61278361,0.6427983,0.56776154,同龄人,社会比较与人生进度,0.65670484,842
843,生活方式,生活方式,4,tencent_ai_lab_chinese_embedding_light_mirror_mvp,0.56674826,1191,0.61253393,0.63050491,0.58557749,人生阶段,社会比较与人生进度,0.65684354,843
844,会面,会面,2,tencent_ai_lab_chinese_embedding_light_mirror_mvp,0.50835327,3191,0.61241281,0.63461936,0.57910293,约会,约会,0.64710557,844
845,你会,你会,2,tencent_ai_lab_chinese_embedding_light_mirror_mvp,0.53978775,1882,0.61235499,0.64405715,0.56480163,约会,约会,0.63263524,845
846,人际交往,人际交往,4,tencent_ai_lab_chinese_embedding_light_mirror_mvp,0.6567014,316,0.61227679,0.62644875,0.59101874,亲密关系,社会比较与人生进度,0.65613067,846
847,表达方式,表达方式,4,tencent_ai_lab_chinese_embedding_light_mirror_mvp,0.51273401,2959,0.61224985,0.63542473,0.57748747,表白,表白与追求,0.57921517,847
848,一对,一对,2,tencent_ai_lab_chinese_embedding_light_mirror_mvp,0.59240866,796,0.61220813,0.63359392,0.58012944,对象,对象关系,0.60250473,848
849,情深,情深,2,tencent_ai_lab_chinese_embedding_light_mirror_mvp,0.58866168,851,0.61200607,0.61463797,0.60805827,恋情,恋爱核心,0.61841983,849
850,女同胞,女同胞,3,tencent_ai_lab_chinese_embedding_light_mirror_mvp,0.51629126,2761,0.61191416,0.62198973,0.5968008,女朋友,对象关系,0.57617193,850
851,现身,现身,2,tencent_ai_lab_chinese_embedding_light_mirror_mvp,0.48987932,4335,0.61190891,0.6515317,0.55247474,单身,单身与脱单,0.61949944,851
852,工服,工服,2,tencent_ai_lab_chinese_embedding_light_mirror_mvp,0.51613196,2767,0.61189073,0.67999792,0.50972986,校服,婚恋,0.46585107,852
853,酒会,酒会,2,tencent_ai_lab_chinese_embedding_light_mirror_mvp,0.5951599,773,0.61175603,0.64575946,0.56075078,约会,约会,0.59582222,853
854,新娘,新娘,2,tencent_ai_lab_chinese_embedding_light_mirror_mvp,0.6944351,188,0.6117422,0.6148448,0.60708827,婚礼,婚恋,0.67820942,854
855,手挽手,手挽手,3,tencent_ai_lab_chinese_embedding_light_mirror_mvp,0.65552738,323,0.61167353,0.6663599,0.52964401,牵手,亲密行为,0.57283652,855
856,与人,与人,2,tencent_ai_lab_chinese_embedding_light_mirror_mvp,0.54831139,1619,0.61163771,0.61458647,0.60721451,喜欢的人,社会比较与人生进度,0.65791422,856
857,几岁,几岁,2,tencent_ai_lab_chinese_embedding_light_mirror_mvp,0.64858423,363,0.61152697,0.6393925,0.56972867,同龄人,社会比较与人生进度,0.6529429,857
858,偏爱,偏爱,2,tencent_ai_lab_chinese_embedding_light_mirror_mvp,0.53809714,1941,0.61150604,0.61210847,0.61060238,喜欢的人,表白与追求,0.66912997,858
859,二嫁,二嫁,2,tencent_ai_lab_chinese_embedding_light_mirror_mvp,0.52407156,2443,0.61127532,0.62854624,0.58536881,订婚,婚恋,0.65021026,859
860,电影院,电影院,3,tencent_ai_lab_chinese_embedding_light_mirror_mvp,0.48598437,4635,0.61116868,0.69229847,0.48947397,看电影,约会,0.49712533,860
861,人好,人好,2,tencent_ai_lab_chinese_embedding_light_mirror_mvp,0.50870504,3172,0.61110461,0.62038636,0.59718198,喜欢的人,社会比较与人生进度,0.66715175,861
862,在一起,在一起,3,tencent_ai_lab_chinese_embedding_light_mirror_mvp,0.59487259,776,0.61108136,0.61656511,0.60285562,对象,对象关系,0.68167484,862
863,爱时,爱时,2,tencent_ai_lab_chinese_embedding_light_mirror_mvp,0.6022352,687,0.61084205,0.63111663,0.58043015,爱情,恋爱核心,0.61876333,863
864,嫁不出去,嫁不出去,4,tencent_ai_lab_chinese_embedding_light_mirror_mvp,0.60208371,689,0.61066884,0.61819154,0.59938473,结婚,单身与脱单,0.66920573,864
865,先亲,先亲,2,tencent_ai_lab_chinese_embedding_light_mirror_mvp,0.51606835,2771,0.61063868,0.61618471,0.60231966,亲密,亲密行为,0.67855036,865
866,如果爱,如果爱,3,tencent_ai_lab_chinese_embedding_light_mirror_mvp,0.66176485,294,0.6106075,0.63059652,0.58062392,爱情,恋爱核心,0.60903883,866
867,理想情人,理想情人,4,tencent_ai_lab_chinese_embedding_light_mirror_mvp,0.59610879,761,0.61050129,0.62120122,0.59445137,恋人,对象关系,0.61911196,867
868,跟他,跟他,2,tencent_ai_lab_chinese_embedding_light_mirror_mvp,0.61569673,562,0.61038613,0.6231066,0.59130538,被追,表白与追求,0.66085452,868
869,送亲,送亲,2,tencent_ai_lab_chinese_embedding_light_mirror_mvp,0.55371124,1480,0.61017323,0.61706901,0.59982961,亲密,亲密行为,0.68413401,869
870,定情,定情,2,tencent_ai_lab_chinese_embedding_light_mirror_mvp,0.62175961,519,0.61005336,0.62699366,0.58464283,恋情,恋爱核心,0.59931982,870
871,老板,老板,2,tencent_ai_lab_chinese_embedding_light_mirror_mvp,0.59101199,819,0.60999048,0.62784803,0.58320403,老婆,婚恋,0.57303393,871
872,诚实,诚实,2,tencent_ai_lab_chinese_embedding_light_mirror_mvp,0.4897252,4345,0.6096375,0.65068632,0.54806423,亲密,表白与追求,0.57888079,872
873,早读课,早读课,3,tencent_ai_lab_chinese_embedding_light_mirror_mvp,0.50619435,3309,0.60956132,0.66640979,0.52428848,早恋,校园恋爱,0.56206787,873
874,走了,走了,2,tencent_ai_lab_chinese_embedding_light_mirror_mvp,0.48331596,4861,0.60944164,0.64012438,0.56341738,散步,社会比较与人生进度,0.58845741,874
875,继任者,继任者,3,tencent_ai_lab_chinese_embedding_light_mirror_mvp,0.49042355,4292,0.60931587,0.6533829,0.54321527,前任,恋爱历史,0.56612682,875
876,性早熟,性早熟,3,tencent_ai_lab_chinese_embedding_light_mirror_mvp,0.51586249,2782,0.60922581,0.65013164,0.547867,早恋,社会比较与人生进度,0.55727029,876
877,校草,校草,2,tencent_ai_lab_chinese_embedding_light_mirror_mvp,0.60749691,630,0.60921639,0.64361048,0.55762523,校服,校园恋爱,0.57417864,877
878,情人节,情人节,3,tencent_ai_lab_chinese_embedding_light_mirror_mvp,0.62073083,528,0.60915214,0.61645544,0.59819716,恋人,对象关系,0.60671347,878
879,不结,不结,2,tencent_ai_lab_chinese_embedding_light_mirror_mvp,0.55746838,1383,0.60889876,0.62807894,0.58012849,结婚,单身与脱单,0.62809706,879
880,两对,两对,2,tencent_ai_lab_chinese_embedding_light_mirror_mvp,0.53469661,2044,0.60879982,0.62745583,0.58081579,对象,对象关系,0.6081692,880
881,快走,快走,2,tencent_ai_lab_chinese_embedding_light_mirror_mvp,0.50719966,3248,0.60870904,0.65516388,0.53902674,散步,约会,0.54042327,881
882,初三,初三,2,tencent_ai_lab_chinese_embedding_light_mirror_mvp,0.56442525,1240,0.60866582,0.63421547,0.57034129,初恋,社会比较与人生进度,0.55208766,882
883,娶你,娶你,2,tencent_ai_lab_chinese_embedding_light_mirror_mvp,0.61537602,563,0.60852003,0.60972911,0.60670644,结婚,婚恋,0.68922138,883
884,衣服,衣服,2,tencent_ai_lab_chinese_embedding_light_mirror_mvp,0.61718073,552,0.60848129,0.66033351,0.53070289,校服,婚恋,0.5162341,884
885,自白,自白,2,tencent_ai_lab_chinese_embedding_light_mirror_mvp,0.48280408,4893,0.60847139,0.63275558,0.57204515,告白,表白与追求,0.61422139,885
886,肥婆,肥婆,2,tencent_ai_lab_chinese_embedding_light_mirror_mvp,0.50670555,3282,0.60841167,0.64529461,0.55308729,老婆,婚恋,0.56814146,886
887,亲儿子,亲儿子,3,tencent_ai_lab_chinese_embedding_light_mirror_mvp,0.48965269,4351,0.60823095,0.62478453,0.58340055,亲密,亲密行为,0.63202465,887
888,年纪,年纪,2,tencent_ai_lab_chinese_embedding_light_mirror_mvp,0.647103,366,0.60810298,0.62476856,0.58310461,同龄人,社会比较与人生进度,0.66910553,888
889,晚餐,晚餐,2,tencent_ai_lab_chinese_embedding_light_mirror_mvp,0.54709815,1663,0.6080597,0.64274037,0.55603868,约饭,约会,0.60204434,889
890,看望,看望,2,tencent_ai_lab_chinese_embedding_light_mirror_mvp,0.50470468,3386,0.60804766,0.62969387,0.57557827,追求,表白与追求,0.61586022,890
891,结束,结束,2,tencent_ai_lab_chinese_embedding_light_mirror_mvp,0.49164227,4212,0.60795969,0.62193936,0.58699006,结婚,社会比较与人生进度,0.62159145,891
892,过去,过去,2,tencent_ai_lab_chinese_embedding_light_mirror_mvp,0.4868524,4568,0.60795319,0.62017053,0.58962721,前任,社会比较与人生进度,0.6844483,892
893,外公,外公,2,tencent_ai_lab_chinese_embedding_light_mirror_mvp,0.53105304,2195,0.6079483,0.65183198,0.54212278,老公,婚恋,0.55806255,893
894,母子俩,母子俩,3,tencent_ai_lab_chinese_embedding_light_mirror_mvp,0.62880495,479,0.6077733,0.63464284,0.56746888,母胎单身,婚恋,0.54576385,894
895,相互信任,相互信任,4,tencent_ai_lab_chinese_embedding_light_mirror_mvp,0.57997792,977,0.60759372,0.61464798,0.59701228,亲密,亲密行为,0.6326015,895
896,到最后,到最后,3,tencent_ai_lab_chinese_embedding_light_mirror_mvp,0.48872758,4419,0.60755002,0.65114301,0.54216051,落后,社会比较与人生进度,0.61700881,896
897,欢迎会,欢迎会,3,tencent_ai_lab_chinese_embedding_light_mirror_mvp,0.489757,4343,0.60739505,0.62940371,0.57438207,约会,约会,0.58396083,897
898,走心,走心,2,tencent_ai_lab_chinese_embedding_light_mirror_mvp,0.5470915,1664,0.6073209,0.63924545,0.55943412,散步,亲密行为,0.57273787,898
899,我爱你,我爱你,3,tencent_ai_lab_chinese_embedding_light_mirror_mvp,0.68822995,210,0.60722315,0.63242245,0.56942409,爱情,恋爱核心,0.60143912,899
900,情场,情场,2,tencent_ai_lab_chinese_embedding_light_mirror_mvp,0.57671481,1035,0.60710853,0.61744463,0.59160429,恋情,恋爱核心,0.59581804,900
901,暗示,暗示,2,tencent_ai_lab_chinese_embedding_light_mirror_mvp,0.49420303,4037,0.60706073,0.62074518,0.58653402,暗恋,表白与追求,0.6779893,901
902,同框,同框,2,tencent_ai_lab_chinese_embedding_light_mirror_mvp,0.58318419,922,0.60681653,0.63160449,0.5696345,同桌,社会比较与人生进度,0.5486989,902
903,纠结,纠结,2,tencent_ai_lab_chinese_embedding_light_mirror_mvp,0.48590312,4643,0.60663354,0.62641346,0.5769636,追求,表白与追求,0.61522198,903
904,私情,私情,2,tencent_ai_lab_chinese_embedding_light_mirror_mvp,0.51038069,3075,0.60661811,0.60916138,0.60280317,感情史,亲密行为,0.61075974,904
905,吃软饭,吃软饭,3,tencent_ai_lab_chinese_embedding_light_mirror_mvp,0.62712648,483,0.60657263,0.66989446,0.51158994,约饭,约会,0.54986095,905
906,备胎,备胎,2,tencent_ai_lab_chinese_embedding_light_mirror_mvp,0.58251857,937,0.60653645,0.62807858,0.57422316,母胎单身,单身与脱单,0.59908706,906
907,走在,走在,2,tencent_ai_lab_chinese_embedding_light_mirror_mvp,0.56344347,1262,0.60625696,0.64117682,0.55387717,散步,社会比较与人生进度,0.59080863,907
908,人格,人格,2,tencent_ai_lab_chinese_embedding_light_mirror_mvp,0.52049799,2573,0.60611451,0.63261491,0.56636387,人生阶段,社会比较与人生进度,0.6272859,908
909,脱光,脱光,2,tencent_ai_lab_chinese_embedding_light_mirror_mvp,0.49845221,3745,0.60608858,0.66181147,0.52250427,脱单,单身与脱单,0.49533021,909
910,招待会,招待会,3,tencent_ai_lab_chinese_embedding_light_mirror_mvp,0.52917922,2268,0.60582376,0.62831682,0.57208413,约会,约会,0.59354997,910
911,婚姻介绍所,婚姻介绍所,5,tencent_ai_lab_chinese_embedding_light_mirror_mvp,0.5153891,2806,0.6057719,0.61730385,0.58847404,结婚,婚恋,0.67000628,911
912,老人家,老人家,3,tencent_ai_lab_chinese_embedding_light_mirror_mvp,0.50800403,3215,0.60575819,0.62021875,0.58406729,老公,婚恋,0.6097492,912
913,男婴,男婴,2,tencent_ai_lab_chinese_embedding_light_mirror_mvp,0.48462507,4756,0.60573149,0.62556374,0.57598311,男朋友,对象关系,0.56206286,913
914,早读,早读,2,tencent_ai_lab_chinese_embedding_light_mirror_mvp,0.49578428,3928,0.60571259,0.65553319,0.5309816,早恋,社会比较与人生进度,0.54606688,914
915,家庭生活,家庭生活,4,tencent_ai_lab_chinese_embedding_light_mirror_mvp,0.6291554,473,0.60566169,0.60828483,0.60172689,人生阶段,社会比较与人生进度,0.65447938,915
916,结局,结局,2,tencent_ai_lab_chinese_embedding_light_mirror_mvp,0.53320869,2105,0.60535002,0.63721395,0.55755407,结婚,社会比较与人生进度,0.58867514,916
917,情绪,情绪,2,tencent_ai_lab_chinese_embedding_light_mirror_mvp,0.5534658,1486,0.60530668,0.62196088,0.58032537,感情史,社会比较与人生进度,0.6307354,917
918,脱发,脱发,2,tencent_ai_lab_chinese_embedding_light_mirror_mvp,0.49831632,3752,0.60530186,0.66457391,0.51639372,脱单,单身与脱单,0.53069866,918
919,想法,想法,2,tencent_ai_lab_chinese_embedding_light_mirror_mvp,0.51973287,2607,0.60516286,0.62110478,0.58124989,追求,社会比较与人生进度,0.63806653,919
920,早上,早上,2,tencent_ai_lab_chinese_embedding_light_mirror_mvp,0.48681226,4571,0.60515821,0.65241396,0.53427452,早恋,表白与追求,0.5554648,920
921,一段,一段,2,tencent_ai_lab_chinese_embedding_light_mirror_mvp,0.53775078,1954,0.6049298,0.64187038,0.54951888,人生阶段,社会比较与人生进度,0.60174716,921
922,一代人,一代人,3,tencent_ai_lab_chinese_embedding_light_mirror_mvp,0.60080388,701,0.60485911,0.63989317,0.5523079,同龄人,社会比较与人生进度,0.6163401,922
923,婚外,婚外,2,tencent_ai_lab_chinese_embedding_light_mirror_mvp,0.66203493,291,0.60475057,0.61045289,0.59619707,结婚,婚恋,0.67983532,923
924,落泪,落泪,2,tencent_ai_lab_chinese_embedding_light_mirror_mvp,0.50724179,3246,0.60453439,0.64568031,0.54281539,落后,社会比较与人生进度,0.56043923,924
925,助手,助手,2,tencent_ai_lab_chinese_embedding_light_mirror_mvp,0.48943137,4369,0.60416114,0.642941,0.54599124,牵手,亲密行为,0.58540344,925
926,情真,情真,2,tencent_ai_lab_chinese_embedding_light_mirror_mvp,0.49618562,3904,0.60410023,0.60893154,0.59685326,恋情,恋爱核心,0.59941769,926
927,告诉你,告诉你,3,tencent_ai_lab_chinese_embedding_light_mirror_mvp,0.48340555,4855,0.60386825,0.63759768,0.5532741,告白,表白与追求,0.63177389,927
928,离婚案,离婚案,3,tencent_ai_lab_chinese_embedding_light_mirror_mvp,0.55134301,1534,0.60378981,0.60831839,0.59699684,求婚,婚恋,0.66728258,928
929,贫贱夫妻百事哀,贫贱夫妻百事哀,7,tencent_ai_lab_chinese_embedding_light_mirror_mvp,0.60533921,664,0.60374111,0.61336529,0.5893048,妻子,婚恋,0.62554479,929
930,告诉他,告诉他,3,tencent_ai_lab_chinese_embedding_light_mirror_mvp,0.52853016,2291,0.60296178,0.63536251,0.55436069,告白,表白与追求,0.63687468,930
931,筵席,筵席,2,tencent_ai_lab_chinese_embedding_light_mirror_mvp,0.52857808,2287,0.60293913,0.62466788,0.57034594,婚礼,约会,0.58814198,931
932,脱裤子,脱裤子,3,tencent_ai_lab_chinese_embedding_light_mirror_mvp,0.52249264,2493,0.60285056,0.65374261,0.52651244,脱单,单身与脱单,0.53235292,932
933,工作服,工作服,3,tencent_ai_lab_chinese_embedding_light_mirror_mvp,0.5400576,1870,0.60278928,0.67167795,0.49945617,校服,婚恋,0.46015289,933
934,如初,如初,2,tencent_ai_lab_chinese_embedding_light_mirror_mvp,0.5185665,2662,0.6027531,0.62709802,0.56623572,初恋,社会比较与人生进度,0.5936178,934
935,想要,想要,2,tencent_ai_lab_chinese_embedding_light_mirror_mvp,0.55432864,1455,0.60269231,0.62429404,0.57028967,追求,表白与追求,0.62467963,935
936,友好,友好,2,tencent_ai_lab_chinese_embedding_light_mirror_mvp,0.56906958,1145,0.60265434,0.61339658,0.58654094,亲密,对象关系,0.62659979,936
937,成人,成人,2,tencent_ai_lab_chinese_embedding_light_mirror_mvp,0.50002253,3661,0.60251814,0.63102591,0.5597564,同龄人,社会比较与人生进度,0.61975354,937
938,喜事,喜事,2,tencent_ai_lab_chinese_embedding_light_mirror_mvp,0.4967272,3862,0.60246193,0.62564778,0.56768304,喜欢的人,表白与追求,0.64030546,938
939,社会交往,社会交往,4,tencent_ai_lab_chinese_embedding_light_mirror_mvp,0.57507488,1051,0.60232979,0.60663772,0.59586787,亲密关系,社会比较与人生进度,0.63589621,939
940,告诉她,告诉她,3,tencent_ai_lab_chinese_embedding_light_mirror_mvp,0.60591366,650,0.60222566,0.63934064,0.54655313,告白,表白与追求,0.61489671,940
941,俊男,俊男,2,tencent_ai_lab_chinese_embedding_light_mirror_mvp,0.49291723,4123,0.60203475,0.61661565,0.58016336,男朋友,对象关系,0.55737674,941
942,沟通,沟通,2,tencent_ai_lab_chinese_embedding_light_mirror_mvp,0.50497383,3365,0.60194671,0.60811847,0.59268904,亲密关系,亲密行为,0.63598502,942
943,心上人,心上人,3,tencent_ai_lab_chinese_embedding_light_mirror_mvp,0.64630094,367,0.60193604,0.62264693,0.57086962,恋人,社会比较与人生进度,0.59296334,943
944,情境,情境,2,tencent_ai_lab_chinese_embedding_light_mirror_mvp,0.51848572,2666,0.60188013,0.60394549,0.59878212,恋情,社会比较与人生进度,0.63564396,944
945,没送,没送,2,tencent_ai_lab_chinese_embedding_light_mirror_mvp,0.48625872,4613,0.60175663,0.62617064,0.56513554,没有对象,单身与脱单,0.57913584,945
946,男神,男神,2,tencent_ai_lab_chinese_embedding_light_mirror_mvp,0.64782685,365,0.60157436,0.61812979,0.57674122,男朋友,对象关系,0.54872024,946
947,阶层,阶层,2,tencent_ai_lab_chinese_embedding_light_mirror_mvp,0.49554178,3941,0.60155571,0.65111041,0.52722365,人生阶段,社会比较与人生进度,0.58117259,947
948,难忘,难忘,2,tencent_ai_lab_chinese_embedding_light_mirror_mvp,0.56423023,1243,0.60145724,0.62951624,0.55936861,亲密,亲密行为,0.61558378,948
949,用爱,用爱,2,tencent_ai_lab_chinese_embedding_light_mirror_mvp,0.48245287,4921,0.60144418,0.61920756,0.57479912,爱情,恋爱核心,0.61397183,949
950,去爱,去爱,2,tencent_ai_lab_chinese_embedding_light_mirror_mvp,0.65507677,327,0.60129833,0.61427867,0.5818277,爱情,恋爱核心,0.62121707,950
951,晚会,晚会,2,tencent_ai_lab_chinese_embedding_light_mirror_mvp,0.53815829,1937,0.60128593,0.63386661,0.55241495,约会,约会,0.5975703,951
952,想着,想着,2,tencent_ai_lab_chinese_embedding_light_mirror_mvp,0.54274457,1785,0.60095513,0.61610228,0.57823426,追求,表白与追求,0.65939474,952
953,阅历,阅历,2,tencent_ai_lab_chinese_embedding_light_mirror_mvp,0.56617311,1207,0.60084802,0.61606956,0.57801563,恋爱经历,社会比较与人生进度,0.66499197,953
954,情窦初开,情窦初开,4,tencent_ai_lab_chinese_embedding_light_mirror_mvp,0.71581361,146,0.60080481,0.61650789,0.57725018,初恋,恋爱历史,0.59874552,954
955,跑跑步,跑跑步,3,tencent_ai_lab_chinese_embedding_light_mirror_mvp,0.54869961,1607,0.60073477,0.67321348,0.49201664,散步,约会,0.49198222,955
956,表达出来,表达出来,4,tencent_ai_lab_chinese_embedding_light_mirror_mvp,0.4905862,4285,0.60071671,0.62540877,0.56367856,表白,表白与追求,0.60877508,956
957,基情,基情,2,tencent_ai_lab_chinese_embedding_light_mirror_mvp,0.54880846,1604,0.60071373,0.60754919,0.59046048,感情史,恋爱核心,0.5633564,957
958,互相照顾,互相照顾,4,tencent_ai_lab_chinese_embedding_light_mirror_mvp,0.57950617,983,0.60053563,0.6178081,0.57462692,伴侣,亲密行为,0.61762488,958
959,小盆友,小盆友,3,tencent_ai_lab_chinese_embedding_light_mirror_mvp,0.50707704,3258,0.6004796,0.60906333,0.58760399,女朋友,对象关系,0.62640846,959
960,搭伙,搭伙,2,tencent_ai_lab_chinese_embedding_light_mirror_mvp,0.49833758,3751,0.60039735,0.62408102,0.56487185,伴侣,对象关系,0.5925771,960
961,浓情,浓情,2,tencent_ai_lab_chinese_embedding_light_mirror_mvp,0.54270048,1790,0.6003722,0.60791802,0.58905333,爱情,亲密行为,0.63178194,961
962,爱要,爱要,2,tencent_ai_lab_chinese_embedding_light_mirror_mvp,0.54225526,1807,0.6003257,0.61752915,0.57452059,爱情,表白与追求,0.60916781,962
963,白头偕老,白头偕老,4,tencent_ai_lab_chinese_embedding_light_mirror_mvp,0.68521934,219,0.60020828,0.60681081,0.59030449,告白,婚恋,0.62941337,963
964,没分,没分,2,tencent_ai_lab_chinese_embedding_light_mirror_mvp,0.5183201,2672,0.60017061,0.63215959,0.55218703,没有对象,单身与脱单,0.58481717,964
965,带着,带着,2,tencent_ai_lab_chinese_embedding_light_mirror_mvp,0.48302014,4878,0.60009551,0.6293565,0.55620396,拥抱,亲密行为,0.58963299,965
966,同屋,同屋,2,tencent_ai_lab_chinese_embedding_light_mirror_mvp,0.52093884,2553,0.60005867,0.63669324,0.54510683,同桌,婚恋,0.51638496,966
967,老是,老是,2,tencent_ai_lab_chinese_embedding_light_mirror_mvp,0.50015059,3651,0.60003984,0.61186767,0.58229804,老婆,社会比较与人生进度,0.62053877,967
968,礼貌,礼貌,2,tencent_ai_lab_chinese_embedding_light_mirror_mvp,0.51113952,3030,0.5999431,0.62264681,0.56588757,婚礼,表白与追求,0.60385668,968
969,事后,事后,2,tencent_ai_lab_chinese_embedding_light_mirror_mvp,0.50376853,3427,0.59986556,0.62513673,0.56195879,落后,社会比较与人生进度,0.59188676,969
970,另一方,另一方,3,tencent_ai_lab_chinese_embedding_light_mirror_mvp,0.50609683,3315,0.59986305,0.61333185,0.5796597,对象,婚恋,0.613235,970
971,人与人之间,人与人之间,5,tencent_ai_lab_chinese_embedding_light_mirror_mvp,0.56113458,1299,0.59972072,0.60720217,0.58849853,人生阶段,社会比较与人生进度,0.62819582,971
972,让爱,让爱,2,tencent_ai_lab_chinese_embedding_light_mirror_mvp,0.531935,2153,0.59961903,0.60968775,0.58451587,爱情,恋爱核心,0.61410713,972
973,彼此之间,彼此之间,4,tencent_ai_lab_chinese_embedding_light_mirror_mvp,0.6097019,605,0.59953576,0.60607558,0.58972591,伴侣,对象关系,0.61931682,973
974,室友,室友,2,tencent_ai_lab_chinese_embedding_light_mirror_mvp,0.71326832,156,0.5993365,0.60592216,0.58945793,同桌,对象关系,0.65051758,974
975,圈内人,圈内人,3,tencent_ai_lab_chinese_embedding_light_mirror_mvp,0.57003632,1129,0.59908044,0.62336373,0.56265539,同龄人,社会比较与人生进度,0.61234856,975
976,只会,只会,2,tencent_ai_lab_chinese_embedding_light_mirror_mvp,0.49782263,3791,0.59878772,0.62311506,0.56229669,约会,约会,0.62528217,976
977,法定年龄,法定年龄,4,tencent_ai_lab_chinese_embedding_light_mirror_mvp,0.56015301,1325,0.59843099,0.65164578,0.51860881,同龄人,社会比较与人生进度,0.57002807,977
978,没面子,没面子,3,tencent_ai_lab_chinese_embedding_light_mirror_mvp,0.50383264,3425,0.59829038,0.63298953,0.54624158,没有对象,单身与脱单,0.5905683,978
979,提亲,提亲,2,tencent_ai_lab_chinese_embedding_light_mirror_mvp,0.66791592,272,0.59824854,0.60193372,0.59272069,亲密关系,亲密行为,0.6731115,979
980,校霸,校霸,2,tencent_ai_lab_chinese_embedding_light_mirror_mvp,0.54104658,1843,0.5982393,0.62198508,0.56262058,校服,校园恋爱,0.57846224,980
981,陪她,陪她,2,tencent_ai_lab_chinese_embedding_light_mirror_mvp,0.58625118,879,0.59817785,0.60662425,0.58550817,伴侣,约会,0.6225822,981
982,他对,他对,2,tencent_ai_lab_chinese_embedding_light_mirror_mvp,0.53110836,2190,0.59807336,0.61008871,0.58005029,对象,表白与追求,0.60036761,982
983,演唱会,演唱会,3,tencent_ai_lab_chinese_embedding_light_mirror_mvp,0.54238198,1802,0.5979827,0.63415807,0.54371959,约会,约会,0.58703864,983
984,只爱,只爱,2,tencent_ai_lab_chinese_embedding_light_mirror_mvp,0.52840521,2298,0.59768796,0.60376561,0.58857137,爱情,单身与脱单,0.63773412,984
985,年轻漂亮,年轻漂亮,4,tencent_ai_lab_chinese_embedding_light_mirror_mvp,0.58504268,894,0.59763706,0.62887281,0.5507834,青春,社会比较与人生进度,0.64881611,985
986,毕业典礼,毕业典礼,4,tencent_ai_lab_chinese_embedding_light_mirror_mvp,0.61373501,573,0.59758663,0.6251139,0.55629563,婚礼,校园恋爱,0.5820362,986
987,信任,信任,2,tencent_ai_lab_chinese_embedding_light_mirror_mvp,0.56263235,1277,0.59754902,0.60664135,0.58391047,前任,表白与追求,0.59443724,987
988,没本事,没本事,3,tencent_ai_lab_chinese_embedding_light_mirror_mvp,0.5421134,1810,0.5974707,0.6288479,0.55040485,没有对象,单身与脱单,0.57427871,988
989,性感,性感,2,tencent_ai_lab_chinese_embedding_light_mirror_mvp,0.49113352,4242,0.59701937,0.62216532,0.55930036,感情史,对象关系,0.57659948,989
990,老爷子,老爷子,3,tencent_ai_lab_chinese_embedding_light_mirror_mvp,0.48521281,4703,0.59700263,0.61490375,0.57015085,老婆,婚恋,0.54386121,990
991,颁奖礼,颁奖礼,3,tencent_ai_lab_chinese_embedding_light_mirror_mvp,0.50136484,3573,0.59680271,0.64314532,0.52728868,婚礼,表白与追求,0.53350157,991
992,当初,当初,2,tencent_ai_lab_chinese_embedding_light_mirror_mvp,0.56812433,1160,0.59671873,0.60680127,0.58159488,初恋,社会比较与人生进度,0.6490798,992
993,警服,警服,2,tencent_ai_lab_chinese_embedding_light_mirror_mvp,0.52227587,2502,0.59666735,0.67692494,0.47628084,校服,表白与追求,0.39954266,993
994,亲爹,亲爹,2,tencent_ai_lab_chinese_embedding_light_mirror_mvp,0.62786334,481,0.59664154,0.61498469,0.56912667,亲密,亲密行为,0.59910208,994
995,小朋友,小朋友,3,tencent_ai_lab_chinese_embedding_light_mirror_mvp,0.51136193,3022,0.59634107,0.60360795,0.58544064,男朋友,对象关系,0.6019336,995
996,好友,好友,2,tencent_ai_lab_chinese_embedding_light_mirror_mvp,0.590117,827,0.59632927,0.59648979,0.59608847,前女友,对象关系,0.66936612,996
997,感动不已,感动不已,4,tencent_ai_lab_chinese_embedding_light_mirror_mvp,0.48678374,4573,0.5962376,0.6142444,0.56922728,感情史,表白与追求,0.62381554,997
998,相识,相识,2,tencent_ai_lab_chinese_embedding_light_mirror_mvp,0.62442307,504,0.59618437,0.60703814,0.57990378,对象,对象关系,0.65543002,998
999,奔跑,奔跑,2,tencent_ai_lab_chinese_embedding_light_mirror_mvp,0.56394012,1250,0.59617984,0.63305616,0.5408653,散步,约会,0.53464192,999
1000,茶会,茶会,2,tencent_ai_lab_chinese_embedding_light_mirror_mvp,0.48921213,4384,0.59605378,0.62479615,0.55294019,约会,约会,0.60227734,1000
1001,怀念,怀念,2,tencent_ai_lab_chinese_embedding_light_mirror_mvp,0.56468217,1235,0.59601575,0.61229646,0.57159472,拥抱,表白与追求,0.65263569,1001
1002,感受性,感受性,3,tencent_ai_lab_chinese_embedding_light_mirror_mvp,0.48875352,4415,0.59574604,0.61845469,0.561683,感情史,社会比较与人生进度,0.60999572,1002
1003,遇到,遇到,2,tencent_ai_lab_chinese_embedding_light_mirror_mvp,0.48370676,4829,0.59568918,0.60032105,0.5887413,别人都有对象,社会比较与人生进度,0.67414159,1003
1004,甜蜜,甜蜜,2,tencent_ai_lab_chinese_embedding_light_mirror_mvp,0.67044239,260,0.59566402,0.61999267,0.55917102,亲密,亲密行为,0.63026768,1004
1005,奢望,奢望,2,tencent_ai_lab_chinese_embedding_light_mirror_mvp,0.50727762,3244,0.59564853,0.6182099,0.56180644,追求,表白与追求,0.63043976,1005
1006,梦寐以求,梦寐以求,4,tencent_ai_lab_chinese_embedding_light_mirror_mvp,0.48715531,4541,0.59557891,0.62259012,0.555062,追求,表白与追求,0.6239351,1006
1007,有次,有次,2,tencent_ai_lab_chinese_embedding_light_mirror_mvp,0.58947331,837,0.59557265,0.60609156,0.57979423,第一次约会,社会比较与人生进度,0.64646089,1007
1008,好朋友,好朋友,3,tencent_ai_lab_chinese_embedding_light_mirror_mvp,0.66197598,293,0.59553391,0.59817719,0.59156889,女朋友,对象关系,0.64523351,1008
1009,走进,走进,2,tencent_ai_lab_chinese_embedding_light_mirror_mvp,0.48308382,4876,0.59550494,0.6125586,0.56992435,散步,社会比较与人生进度,0.62355888,1009
1010,四五十岁,四五十岁,4,tencent_ai_lab_chinese_embedding_light_mirror_mvp,0.49504887,3971,0.59548408,0.63341224,0.5385918,同龄人,社会比较与人生进度,0.62369716,1010
1011,共感,共感,2,tencent_ai_lab_chinese_embedding_light_mirror_mvp,0.51310005,2932,0.59544802,0.61115062,0.57189399,感情史,亲密行为,0.58772182,1011
1012,谈起,谈起,2,tencent_ai_lab_chinese_embedding_light_mirror_mvp,0.48745534,4519,0.59542543,0.6154809,0.56534219,对象,社会比较与人生进度,0.64516956,1012
1013,二十四五岁,二十四五岁,5,tencent_ai_lab_chinese_embedding_light_mirror_mvp,0.48474528,4742,0.59539241,0.62212098,0.55529946,同龄人,社会比较与人生进度,0.65114927,1013
1014,看上,看上,2,tencent_ai_lab_chinese_embedding_light_mirror_mvp,0.48808889,4467,0.59525633,0.6124475,0.56946963,看电影,表白与追求,0.59823221,1014
1015,赴宴,赴宴,2,tencent_ai_lab_chinese_embedding_light_mirror_mvp,0.51293025,2944,0.59503567,0.60623586,0.57823533,约饭,约会,0.62112498,1015
1016,一生中,一生中,3,tencent_ai_lab_chinese_embedding_light_mirror_mvp,0.52066704,2567,0.59503353,0.63220304,0.53927922,人生阶段,社会比较与人生进度,0.59936166,1016
1017,走到,走到,2,tencent_ai_lab_chinese_embedding_light_mirror_mvp,0.52334211,2467,0.59501535,0.62401241,0.55151963,散步,社会比较与人生进度,0.61059344,1017
1018,人缘,人缘,2,tencent_ai_lab_chinese_embedding_light_mirror_mvp,0.5361876,1999,0.59494716,0.59962267,0.58793384,同龄人,社会比较与人生进度,0.67265433,1018
1019,重点高中,重点高中,4,tencent_ai_lab_chinese_embedding_light_mirror_mvp,0.53256693,2123,0.59493577,0.64922988,0.51349449,高中恋爱,校园恋爱,0.54970443,1019
1020,住校生,住校生,3,tencent_ai_lab_chinese_embedding_light_mirror_mvp,0.48529499,4693,0.59490496,0.60492766,0.57987082,校服,校园恋爱,0.60360038,1020
1021,不欢而散,不欢而散,4,tencent_ai_lab_chinese_embedding_light_mirror_mvp,0.51001173,3100,0.59486949,0.61744022,0.56101328,散步,约会,0.59260231,1021
1022,将爱,将爱,2,tencent_ai_lab_chinese_embedding_light_mirror_mvp,0.516571,2747,0.59482479,0.60076833,0.58590955,恋爱,恋爱核心,0.60694951,1022
1023,从前,从前,2,tencent_ai_lab_chinese_embedding_light_mirror_mvp,0.48914472,4388,0.59469193,0.60280621,0.58252054,前男友,恋爱历史,0.62442631,1023
1024,前几天,前几天,3,tencent_ai_lab_chinese_embedding_light_mirror_mvp,0.50729291,3242,0.59464717,0.59883779,0.58836108,前任,恋爱历史,0.63239777,1024
1025,音乐会,音乐会,3,tencent_ai_lab_chinese_embedding_light_mirror_mvp,0.48159035,4998,0.59452641,0.63056231,0.54047251,约会,约会,0.58126849,1025
1026,无欲无求,无欲无求,4,tencent_ai_lab_chinese_embedding_light_mirror_mvp,0.51062723,3060,0.5944891,0.62809801,0.54407561,追求,表白与追求,0.58325422,1026
1027,不求上进,不求上进,4,tencent_ai_lab_chinese_embedding_light_mirror_mvp,0.49218324,4175,0.59443372,0.61593944,0.5621751,追求,社会比较与人生进度,0.60188127,1027
1028,岁数,岁数,2,tencent_ai_lab_chinese_embedding_light_mirror_mvp,0.56844579,1154,0.59437048,0.61247635,0.56721169,同龄人,社会比较与人生进度,0.64700472,1028
1029,午宴,午宴,2,tencent_ai_lab_chinese_embedding_light_mirror_mvp,0.56091189,1306,0.59436518,0.61563063,0.56246692,约饭,约会,0.55871415,1029
1030,和他,和他,2,tencent_ai_lab_chinese_embedding_light_mirror_mvp,0.58760157,864,0.59429586,0.59930491,0.58678216,前男友,表白与追求,0.63323832,1030
1031,互相,互相,2,tencent_ai_lab_chinese_embedding_light_mirror_mvp,0.57247297,1090,0.5942235,0.59898466,0.58708173,对象,亲密行为,0.62087953,1031
1032,相互了解,相互了解,4,tencent_ai_lab_chinese_embedding_light_mirror_mvp,0.54072571,1853,0.59418714,0.59550977,0.5922032,对象,社会比较与人生进度,0.61562973,1032
1033,老板娘,老板娘,3,tencent_ai_lab_chinese_embedding_light_mirror_mvp,0.59866841,725,0.59404767,0.61474347,0.56300396,老婆,婚恋,0.61332071,1033
1034,难过,难过,2,tencent_ai_lab_chinese_embedding_light_mirror_mvp,0.52675179,2355,0.59376335,0.59931451,0.58543658,错过青春,社会比较与人生进度,0.67025638,1034
1035,爱笑,爱笑,2,tencent_ai_lab_chinese_embedding_light_mirror_mvp,0.48314386,4872,0.59375,0.6121769,0.56610972,爱情,恋爱核心,0.57301688,1035
1036,母女,母女,2,tencent_ai_lab_chinese_embedding_light_mirror_mvp,0.61795568,549,0.59359753,0.62303007,0.54944879,母胎单身,婚恋,0.54018164,1036
1037,没说,没说,2,tencent_ai_lab_chinese_embedding_light_mirror_mvp,0.49063922,4281,0.59352475,0.61334097,0.56380039,没有对象,单身与脱单,0.58680558,1037
1038,老了,老了,2,tencent_ai_lab_chinese_embedding_light_mirror_mvp,0.53152853,2174,0.59348893,0.60292888,0.57932901,老婆,社会比较与人生进度,0.62497741,1038
1039,挥手告别,挥手告别,4,tencent_ai_lab_chinese_embedding_light_mirror_mvp,0.54917027,1590,0.59343284,0.61141574,0.56645852,告白,表白与追求,0.5954982,1039
1040,不如意,不如意,3,tencent_ai_lab_chinese_embedding_light_mirror_mvp,0.4922942,4166,0.59330583,0.61732584,0.55727571,落后,社会比较与人生进度,0.61822534,1040
1041,落伍,落伍,2,tencent_ai_lab_chinese_embedding_light_mirror_mvp,0.50066329,3618,0.59329963,0.63588279,0.52942491,落后,社会比较与人生进度,0.55889559,1041
1042,妹子,妹子,2,tencent_ai_lab_chinese_embedding_light_mirror_mvp,0.67862806,236,0.59329009,0.60569084,0.57468897,女朋友,社会比较与人生进度,0.63422668,1042
1043,勇敢的人,勇敢的人,4,tencent_ai_lab_chinese_embedding_light_mirror_mvp,0.53276762,2117,0.59324968,0.62979156,0.53843683,喜欢的人,表白与追求,0.57282978,1043
1044,失误,失误,2,tencent_ai_lab_chinese_embedding_light_mirror_mvp,0.4946866,4007,0.59317279,0.61656713,0.55808133,落后,社会比较与人生进度,0.61210448,1044
1045,见见面,见见面,3,tencent_ai_lab_chinese_embedding_light_mirror_mvp,0.52137182,2534,0.59313416,0.59559762,0.58943903,约会对象,约会,0.67661703,1045
1046,老实,老实,2,tencent_ai_lab_chinese_embedding_light_mirror_mvp,0.51072652,3057,0.59305793,0.6048106,0.5754289,老婆,社会比较与人生进度,0.58662128,1046
1047,面对现实,面对现实,4,tencent_ai_lab_chinese_embedding_light_mirror_mvp,0.53070505,2207,0.59300411,0.60772753,0.57091898,对象,社会比较与人生进度,0.66003346,1047
1048,暧昧,暧昧,2,tencent_ai_lab_chinese_embedding_light_mirror_mvp,0.68073964,229,0.59297287,0.60202742,0.57939106,暗恋,亲密行为,0.63938224,1048
1049,痴情女,痴情女,3,tencent_ai_lab_chinese_embedding_light_mirror_mvp,0.54020119,1869,0.59296709,0.6022526,0.5790388,爱情,恋爱核心,0.59696233,1049
1050,相谈,相谈,2,tencent_ai_lab_chinese_embedding_light_mirror_mvp,0.49339776,4095,0.59291857,0.60826463,0.5698995,对象,约会,0.6250999,1050
1051,想找,想找,2,tencent_ai_lab_chinese_embedding_light_mirror_mvp,0.53855721,1923,0.59288222,0.6066137,0.57228494,求婚,表白与追求,0.60818064,1051
1052,女孩儿,女孩儿,3,tencent_ai_lab_chinese_embedding_light_mirror_mvp,0.59292977,794,0.5928514,0.62673581,0.54202479,女朋友,对象关系,0.54924524,1052
1053,相互依赖,相互依赖,4,tencent_ai_lab_chinese_embedding_light_mirror_mvp,0.60075625,702,0.59278941,0.59872341,0.58388829,伴侣,亲密行为,0.61799574,1053
1054,政治关系,政治关系,4,tencent_ai_lab_chinese_embedding_light_mirror_mvp,0.49658426,3868,0.59275597,0.61203551,0.56383663,亲密关系,社会比较与人生进度,0.48044372,1054
1055,女主人,女主人,3,tencent_ai_lab_chinese_embedding_light_mirror_mvp,0.63053527,465,0.59271246,0.5970329,0.58623183,恋人,对象关系,0.57696712,1055
1056,相处,相处,2,tencent_ai_lab_chinese_embedding_light_mirror_mvp,0.686412,215,0.5926646,0.59569883,0.58811325,伴侣,亲密行为,0.63382244,1056
1057,餐后,餐后,2,tencent_ai_lab_chinese_embedding_light_mirror_mvp,0.4947548,4003,0.59254307,0.61800408,0.55435151,约饭,约会,0.56330121,1057
1058,情意,情意,2,tencent_ai_lab_chinese_embedding_light_mirror_mvp,0.56152744,1296,0.59249616,0.59858829,0.58335787,恋情,恋爱核心,0.5942601,1058
1059,观礼,观礼,2,tencent_ai_lab_chinese_embedding_light_mirror_mvp,0.55986557,1328,0.59248912,0.63752162,0.52494031,婚礼,约会,0.53362691,1059
1060,聊到,聊到,2,tencent_ai_lab_chinese_embedding_light_mirror_mvp,0.49366957,4079,0.59228861,0.60718334,0.56994641,对象,表白与追求,0.64894378,1060
1061,有多爱,有多爱,3,tencent_ai_lab_chinese_embedding_light_mirror_mvp,0.51428056,2862,0.59216881,0.60074413,0.57930583,爱情,恋爱核心,0.61251843,1061
1062,性感受,性感受,3,tencent_ai_lab_chinese_embedding_light_mirror_mvp,0.53457566,2051,0.5921489,0.62281865,0.54614425,感情史,亲密行为,0.58035636,1062
1063,事情,事情,2,tencent_ai_lab_chinese_embedding_light_mirror_mvp,0.51222434,2981,0.59201896,0.60164189,0.57758456,恋情,社会比较与人生进度,0.619201,1063
1064,联姻,联姻,2,tencent_ai_lab_chinese_embedding_light_mirror_mvp,0.5481235,1626,0.5919897,0.60203797,0.57691717,伴侣,婚恋,0.63819778,1064
1065,前提,前提,2,tencent_ai_lab_chinese_embedding_light_mirror_mvp,0.52379909,2450,0.59187138,0.599904,0.57982248,前任,恋爱历史,0.6089378,1065
1066,领先,领先,2,tencent_ai_lab_chinese_embedding_light_mirror_mvp,0.64120706,392,0.59182006,0.6349833,0.52707511,落后,社会比较与人生进度,0.5829652,1066
1067,感动,感动,2,tencent_ai_lab_chinese_embedding_light_mirror_mvp,0.55776633,1375,0.59177387,0.6040588,0.57334638,感情史,表白与追求,0.63007742,1067
1068,礼堂,礼堂,2,tencent_ai_lab_chinese_embedding_light_mirror_mvp,0.52308706,2475,0.59171754,0.63649517,0.52455109,婚礼,婚恋,0.50832206,1068
1069,真情流露,真情流露,4,tencent_ai_lab_chinese_embedding_light_mirror_mvp,0.52035503,2582,0.59171653,0.5976404,0.58283073,恋情,恋爱核心,0.60166818,1069
1070,母校,母校,2,tencent_ai_lab_chinese_embedding_light_mirror_mvp,0.52172446,2517,0.59148663,0.60976112,0.56407493,校服,校园恋爱,0.59437382,1070
1071,他爸,他爸,2,tencent_ai_lab_chinese_embedding_light_mirror_mvp,0.71328998,155,0.59144741,0.60301578,0.57409483,老公,婚恋,0.59089464,1071
1072,西服,西服,2,tencent_ai_lab_chinese_embedding_light_mirror_mvp,0.58162762,948,0.59139735,0.66033018,0.4879981,校服,表白与追求,0.40924191,1072
1073,每个人,每个人,3,tencent_ai_lab_chinese_embedding_light_mirror_mvp,0.51374941,2893,0.591362,0.60145617,0.57622069,同龄人,社会比较与人生进度,0.64143085,1073
1074,互相爱护,互相爱护,4,tencent_ai_lab_chinese_embedding_light_mirror_mvp,0.5409438,1847,0.59134275,0.59761846,0.58192915,伴侣,亲密行为,0.64643854,1074
1075,期望,期望,2,tencent_ai_lab_chinese_embedding_light_mirror_mvp,0.57169627,1102,0.59132338,0.61983079,0.54856223,追求,表白与追求,0.61913502,1075
1076,年轻美貌,年轻美貌,4,tencent_ai_lab_chinese_embedding_light_mirror_mvp,0.52698424,2349,0.59127849,0.61791956,0.55131692,青春,社会比较与人生进度,0.64478844,1076
1077,妈亲,妈亲,2,tencent_ai_lab_chinese_embedding_light_mirror_mvp,0.489337,4374,0.59118152,0.60282129,0.57372189,亲密,亲密行为,0.60594058,1077
1078,一起,一起,2,tencent_ai_lab_chinese_embedding_light_mirror_mvp,0.50368911,3433,0.59108824,0.59274089,0.58860922,伴侣,对象关系,0.65198588,1078
1079,一见钟情,一见钟情,4,tencent_ai_lab_chinese_embedding_light_mirror_mvp,0.6934756,193,0.59094512,0.59928429,0.57843632,恋情,恋爱核心,0.62193,1079
1080,人到中年,人到中年,4,tencent_ai_lab_chinese_embedding_light_mirror_mvp,0.57918437,994,0.5908736,0.60736477,0.5661369,同龄人,社会比较与人生进度,0.65735322,1080
1081,保持联系,保持联系,4,tencent_ai_lab_chinese_embedding_light_mirror_mvp,0.4862583,4614,0.59081954,0.60654861,0.56722587,亲密关系,亲密行为,0.60029989,1081
1082,自身,自身,2,tencent_ai_lab_chinese_embedding_light_mirror_mvp,0.51492114,2828,0.590693,0.62584138,0.53797036,单身,单身与脱单,0.58745682,1082
1083,人们,人们,2,tencent_ai_lab_chinese_embedding_light_mirror_mvp,0.48396176,4809,0.59069228,0.60589331,0.56789064,同龄人,社会比较与人生进度,0.65053499,1083
1084,同舍,同舍,2,tencent_ai_lab_chinese_embedding_light_mirror_mvp,0.53326222,2104,0.59068239,0.62461925,0.5397771,同桌,社会比较与人生进度,0.51001596,1084
1085,没办法,没办法,3,tencent_ai_lab_chinese_embedding_light_mirror_mvp,0.52301533,2477,0.5905813,0.62972856,0.53186041,没有对象,单身与脱单,0.56068683,1085
1086,超前,超前,2,tencent_ai_lab_chinese_embedding_light_mirror_mvp,0.51438855,2856,0.59056479,0.60248983,0.5726772,前男友,恋爱历史,0.58367175,1086
1087,人时,人时,2,tencent_ai_lab_chinese_embedding_light_mirror_mvp,0.48358825,4835,0.59054035,0.60119754,0.57455444,人生阶段,社会比较与人生进度,0.65140039,1087
1088,推着,推着,2,tencent_ai_lab_chinese_embedding_light_mirror_mvp,0.49491863,3987,0.59038925,0.60222208,0.57264006,追求,表白与追求,0.60230887,1088
1089,催着,催着,2,tencent_ai_lab_chinese_embedding_light_mirror_mvp,0.49204521,4182,0.59038085,0.60393518,0.57004929,被追,表白与追求,0.6268236,1089
1090,对立,对立,2,tencent_ai_lab_chinese_embedding_light_mirror_mvp,0.53542446,2020,0.59029448,0.63100344,0.52923101,对象,社会比较与人生进度,0.52261186,1090
1091,温柔,温柔,2,tencent_ai_lab_chinese_embedding_light_mirror_mvp,0.59722078,746,0.59028125,0.60409212,0.56956488,亲密,亲密行为,0.63096893,1091
1092,异性,异性,2,tencent_ai_lab_chinese_embedding_light_mirror_mvp,0.72545216,129,0.59013551,0.59133893,0.58833033,别人都有对象,社会比较与人生进度,0.65192688,1092
1093,晚婚晚育,晚婚晚育,4,tencent_ai_lab_chinese_embedding_light_mirror_mvp,0.58838093,855,0.5901224,0.601399,0.57320738,结婚,婚恋,0.61778241,1093
1094,独自一人,独自一人,4,tencent_ai_lab_chinese_embedding_light_mirror_mvp,0.50877222,3169,0.59011644,0.60061663,0.57436609,单身,单身与脱单,0.60456169,1094
1095,热爱生活,热爱生活,4,tencent_ai_lab_chinese_embedding_light_mirror_mvp,0.49478041,4001,0.59007633,0.59475857,0.58305287,恋爱,社会比较与人生进度,0.65343392,1095
1096,舍友,舍友,2,tencent_ai_lab_chinese_embedding_light_mirror_mvp,0.69649909,186,0.58991241,0.59471035,0.58271545,同桌,对象关系,0.64343315,1096
1097,后悔,后悔,2,tencent_ai_lab_chinese_embedding_light_mirror_mvp,0.49933674,3695,0.58982307,0.60525948,0.56666845,落后,社会比较与人生进度,0.63419485,1097
1098,十多岁,十多岁,3,tencent_ai_lab_chinese_embedding_light_mirror_mvp,0.61632529,558,0.58978057,0.62062883,0.54350823,同龄人,社会比较与人生进度,0.62979698,1098
1099,婚外恋,婚外恋,3,tencent_ai_lab_chinese_embedding_light_mirror_mvp,0.66650461,276,0.58977735,0.59327549,0.58453012,恋人,恋爱核心,0.63326168,1099
1100,四五岁,四五岁,3,tencent_ai_lab_chinese_embedding_light_mirror_mvp,0.51907251,2643,0.58971304,0.62424994,0.5379076,同龄人,社会比较与人生进度,0.6178925,1100
1101,执手,执手,2,tencent_ai_lab_chinese_embedding_light_mirror_mvp,0.57475179,1056,0.58970511,0.64510465,0.5066058,牵手,亲密行为,0.53138757,1101
1102,年岁,年岁,2,tencent_ai_lab_chinese_embedding_light_mirror_mvp,0.5426174,1793,0.58969098,0.60755479,0.56289524,同龄人,社会比较与人生进度,0.62530684,1102
1103,弟媳,弟媳,2,tencent_ai_lab_chinese_embedding_light_mirror_mvp,0.7397752,105,0.58938223,0.6048609,0.56616414,妻子,婚恋,0.62130678,1103
1104,大三,大三,2,tencent_ai_lab_chinese_embedding_light_mirror_mvp,0.51568561,2791,0.58931613,0.64118373,0.5115146,大学恋爱,校园恋爱,0.56158388,1104
1105,情调,情调,2,tencent_ai_lab_chinese_embedding_light_mirror_mvp,0.52500796,2411,0.58927286,0.59203351,0.58513194,恋情,恋爱核心,0.58900762,1105
1106,女人一生,女人一生,4,tencent_ai_lab_chinese_embedding_light_mirror_mvp,0.53423551,2062,0.58914375,0.60542446,0.56472272,人生阶段,社会比较与人生进度,0.6039238,1106
1107,换亲,换亲,2,tencent_ai_lab_chinese_embedding_light_mirror_mvp,0.51807822,2685,0.58911663,0.5931077,0.58313,接吻,亲密行为,0.63257229,1107
1108,他会,他会,2,tencent_ai_lab_chinese_embedding_light_mirror_mvp,0.50241076,3510,0.58906537,0.60861886,0.55973518,约会,约会,0.60166204,1108
1109,新郎新娘,新郎新娘,4,tencent_ai_lab_chinese_embedding_light_mirror_mvp,0.70876009,163,0.58903533,0.59007442,0.58747667,婚礼,婚恋,0.6518507,1109
1110,很爱很爱你,很爱很爱你,5,tencent_ai_lab_chinese_embedding_light_mirror_mvp,0.57199359,1097,0.58883411,0.5999878,0.5721035,爱情,表白与追求,0.61544406,1110
1111,微妙,微妙,2,tencent_ai_lab_chinese_embedding_light_mirror_mvp,0.52672675,2356,0.58877277,0.61693519,0.54652911,亲密,亲密行为,0.6132105,1111
1112,私下,私下,2,tencent_ai_lab_chinese_embedding_light_mirror_mvp,0.56722411,1181,0.58870602,0.60438478,0.56518787,老公,婚恋,0.58053315,1112
1113,陪你,陪你,2,tencent_ai_lab_chinese_embedding_light_mirror_mvp,0.52625742,2371,0.58859849,0.59976202,0.5718531,伴侣,对象关系,0.61375034,1113
1114,生日礼物,生日礼物,4,tencent_ai_lab_chinese_embedding_light_mirror_mvp,0.57855982,1003,0.58858562,0.62466824,0.53446168,婚礼,婚恋,0.54335409,1114
1115,告诉我,告诉我,3,tencent_ai_lab_chinese_embedding_light_mirror_mvp,0.55001843,1564,0.58850145,0.62397718,0.53528786,告白,表白与追求,0.59355468,1115
1116,一生,一生,2,tencent_ai_lab_chinese_embedding_light_mirror_mvp,0.57368782,1073,0.58843935,0.62865901,0.52810973,人生阶段,社会比较与人生进度,0.58355033,1116
1117,八婆,八婆,2,tencent_ai_lab_chinese_embedding_light_mirror_mvp,0.51108053,3037,0.58837169,0.61202478,0.55289203,老婆,婚恋,0.58253956,1117
1118,寡妇,寡妇,2,tencent_ai_lab_chinese_embedding_light_mirror_mvp,0.62402472,505,0.58832562,0.60703945,0.56025481,妻子,婚恋,0.59080231,1118
1119,被领导者,被领导者,4,tencent_ai_lab_chinese_embedding_light_mirror_mvp,0.48609066,4627,0.58820724,0.62625045,0.53114241,被追,社会比较与人生进度,0.551355,1119
1120,衷情,衷情,2,tencent_ai_lab_chinese_embedding_light_mirror_mvp,0.53385507,2075,0.58814567,0.60298312,0.56588948,恋情,恋爱核心,0.59385061,1120
1121,相遇,相遇,2,tencent_ai_lab_chinese_embedding_light_mirror_mvp,0.55179796,1523,0.58813292,0.59516186,0.57758951,伴侣,社会比较与人生进度,0.63688684,1121
1122,维系,维系,2,tencent_ai_lab_chinese_embedding_light_mirror_mvp,0.54560149,1696,0.58810496,0.6070838,0.55963671,亲密关系,亲密行为,0.58632594,1122
1123,赶紧,赶紧,2,tencent_ai_lab_chinese_embedding_light_mirror_mvp,0.48390783,4815,0.58802122,0.6049614,0.56261092,被追,表白与追求,0.60148174,1123
1124,家宴,家宴,2,tencent_ai_lab_chinese_embedding_light_mirror_mvp,0.56041844,1319,0.58792746,0.60228103,0.56639713,婚礼,婚恋,0.58858311,1124
1125,调情,调情,2,tencent_ai_lab_chinese_embedding_light_mirror_mvp,0.68480523,221,0.58792621,0.59201086,0.58179921,恋情,恋爱核心,0.57633567,1125
1126,答谢宴会,答谢宴会,4,tencent_ai_lab_chinese_embedding_light_mirror_mvp,0.51034008,3077,0.58788085,0.60461736,0.56277609,约会,约会,0.58729708,1126
1127,私生活,私生活,3,tencent_ai_lab_chinese_embedding_light_mirror_mvp,0.58212764,939,0.58779359,0.59044135,0.58382189,老公,单身与脱单,0.60321009,1127
1128,没生,没生,2,tencent_ai_lab_chinese_embedding_light_mirror_mvp,0.56655132,1195,0.58769339,0.61571366,0.54566294,没有对象,单身与脱单,0.60858738,1128
1129,不喜欢,不喜欢,3,tencent_ai_lab_chinese_embedding_light_mirror_mvp,0.54035935,1861,0.58739513,0.59698552,0.57300949,喜欢的人,表白与追求,0.63272142,1129
1130,人情世故,人情世故,4,tencent_ai_lab_chinese_embedding_light_mirror_mvp,0.49731121,3824,0.58706111,0.60732883,0.55665952,感情史,社会比较与人生进度,0.60540926,1130
1131,这段,这段,2,tencent_ai_lab_chinese_embedding_light_mirror_mvp,0.59755262,743,0.58678669,0.62374938,0.53134263,人生阶段,社会比较与人生进度,0.59489679,1131
1132,交谈,交谈,2,tencent_ai_lab_chinese_embedding_light_mirror_mvp,0.55334452,1489,0.58675569,0.5931623,0.57714576,对象,约会,0.63833857,1132
1133,却会,却会,2,tencent_ai_lab_chinese_embedding_light_mirror_mvp,0.48884256,4410,0.58675283,0.60660833,0.55696958,约会,约会,0.62119591,1133
1134,推崇,推崇,2,tencent_ai_lab_chinese_embedding_light_mirror_mvp,0.53366098,2090,0.58675122,0.61135054,0.54985231,追求,表白与追求,0.60826194,1134
1135,学生时代,学生时代,4,tencent_ai_lab_chinese_embedding_light_mirror_mvp,0.64949152,357,0.58655369,0.60415363,0.56015366,学生情侣,社会比较与人生进度,0.6138103,1135
1136,晚宴,晚宴,2,tencent_ai_lab_chinese_embedding_light_mirror_mvp,0.64170625,390,0.5865292,0.60398519,0.56034523,婚礼,约会,0.56228846,1136
1137,年年岁岁,年年岁岁,4,tencent_ai_lab_chinese_embedding_light_mirror_mvp,0.48269188,4910,0.5865137,0.60449362,0.55954385,同龄人,社会比较与人生进度,0.63205487,1137
1138,生活态度,生活态度,4,tencent_ai_lab_chinese_embedding_light_mirror_mvp,0.56938105,1138,0.5864948,0.61197543,0.54827392,人生阶段,社会比较与人生进度,0.63892269,1138
1139,履历,履历,2,tencent_ai_lab_chinese_embedding_light_mirror_mvp,0.49821464,3761,0.5864836,0.61180741,0.54849792,恋爱经历,社会比较与人生进度,0.60078454,1139
1140,回校,回校,2,tencent_ai_lab_chinese_embedding_light_mirror_mvp,0.50503818,3359,0.58647346,0.60643113,0.55653697,校服,校园恋爱,0.59959567,1140
1141,老好人,老好人,3,tencent_ai_lab_chinese_embedding_light_mirror_mvp,0.49065973,4277,0.58646518,0.5919075,0.57830173,老婆,社会比较与人生进度,0.59639937,1141
1142,大二,大二,2,tencent_ai_lab_chinese_embedding_light_mirror_mvp,0.51588579,2780,0.58641565,0.63818944,0.50875497,大学恋爱,校园恋爱,0.56021869,1142
1143,聊天记录,聊天记录,4,tencent_ai_lab_chinese_embedding_light_mirror_mvp,0.61072252,597,0.5864042,0.59265202,0.57703233,恋爱经历,社会比较与人生进度,0.57578826,1143
1144,停滞不前,停滞不前,4,tencent_ai_lab_chinese_embedding_light_mirror_mvp,0.50096339,3591,0.58631974,0.61847687,0.53808409,落后,社会比较与人生进度,0.59547007,1144
1145,女老师,女老师,3,tencent_ai_lab_chinese_embedding_light_mirror_mvp,0.63364189,440,0.58631909,0.61044246,0.550134,老婆,校园恋爱,0.54653597,1145
1146,激情,激情,2,tencent_ai_lab_chinese_embedding_light_mirror_mvp,0.62818123,480,0.58629829,0.58862007,0.58281559,恋情,表白与追求,0.5895586,1146
1147,偶遇,偶遇,2,tencent_ai_lab_chinese_embedding_light_mirror_mvp,0.61298323,579,0.58628446,0.58879864,0.58251309,伴侣,社会比较与人生进度,0.6717447,1147
1148,高年级,高年级,3,tencent_ai_lab_chinese_embedding_light_mirror_mvp,0.54772263,1640,0.5862475,0.61981344,0.53589863,高中恋爱,社会比较与人生进度,0.57079101,1148
1149,家人,家人,2,tencent_ai_lab_chinese_embedding_light_mirror_mvp,0.69566932,187,0.58619016,0.59699869,0.56997728,老公,婚恋,0.62837315,1149
1150,三四岁,三四岁,3,tencent_ai_lab_chinese_embedding_light_mirror_mvp,0.54082907,1852,0.58609426,0.61889589,0.53689188,同龄人,社会比较与人生进度,0.61236739,1150
1151,欢愉,欢愉,2,tencent_ai_lab_chinese_embedding_light_mirror_mvp,0.53712113,1980,0.58607346,0.60445094,0.5585072,喜欢的人,表白与追求,0.61231387,1151
1152,带给,带给,2,tencent_ai_lab_chinese_embedding_light_mirror_mvp,0.52727435,2335,0.58605093,0.60702664,0.55458736,拥抱,表白与追求,0.59267259,1152
1153,仪式,仪式,2,tencent_ai_lab_chinese_embedding_light_mirror_mvp,0.53826815,1933,0.58602011,0.60781217,0.55333203,婚礼,约会,0.55983031,1153
1154,女生宿舍,女生宿舍,4,tencent_ai_lab_chinese_embedding_light_mirror_mvp,0.48800989,4475,0.58601838,0.59660602,0.57013685,学生情侣,校园恋爱,0.61902398,1154
1155,奋起直追,奋起直追,4,tencent_ai_lab_chinese_embedding_light_mirror_mvp,0.59793092,737,0.58601224,0.60692084,0.55464929,被追,表白与追求,0.61919165,1155
1156,初中部,初中部,3,tencent_ai_lab_chinese_embedding_light_mirror_mvp,0.50159088,3562,0.58587492,0.60438704,0.55810672,初恋,校园恋爱,0.56773251,1156
1157,动人,动人,2,tencent_ai_lab_chinese_embedding_light_mirror_mvp,0.55538597,1425,0.58584559,0.6050244,0.55707735,恋人,社会比较与人生进度,0.55201906,1157
1158,考大学,考大学,3,tencent_ai_lab_chinese_embedding_light_mirror_mvp,0.57676784,1034,0.58579892,0.63792849,0.50760454,大学恋爱,校园恋爱,0.53830934,1158
1159,庆祝,庆祝,2,tencent_ai_lab_chinese_embedding_light_mirror_mvp,0.50032119,3640,0.58560824,0.61334026,0.5440101,婚礼,表白与追求,0.59053373,1159
1160,那段,那段,2,tencent_ai_lab_chinese_embedding_light_mirror_mvp,0.52106295,2547,0.5855611,0.61724937,0.53802866,人生阶段,社会比较与人生进度,0.60866088,1160
1161,旁人,旁人,2,tencent_ai_lab_chinese_embedding_light_mirror_mvp,0.52880781,2278,0.58548999,0.59063649,0.57777017,别人都有对象,社会比较与人生进度,0.6038568,1161
1162,一岁,一岁,2,tencent_ai_lab_chinese_embedding_light_mirror_mvp,0.54823966,1623,0.58544409,0.61349046,0.54337448,同龄人,社会比较与人生进度,0.5945307,1162
1163,初二,初二,2,tencent_ai_lab_chinese_embedding_light_mirror_mvp,0.56385654,1251,0.58544171,0.61097682,0.54713911,初恋,社会比较与人生进度,0.56370974,1163
1164,经纪人,经纪人,3,tencent_ai_lab_chinese_embedding_light_mirror_mvp,0.51781417,2692,0.58536154,0.60908723,0.54977292,同龄人,社会比较与人生进度,0.61018074,1164
1165,开业典礼,开业典礼,4,tencent_ai_lab_chinese_embedding_light_mirror_mvp,0.53517359,2030,0.58524239,0.62092173,0.53172338,婚礼,婚恋,0.51985347,1165
1166,有情人终成眷属,有情人终成眷属,7,tencent_ai_lab_chinese_embedding_light_mirror_mvp,0.59427924,782,0.58523369,0.59230715,0.57462341,别人都有对象,社会比较与人生进度,0.61428046,1166
1167,介绍人,介绍人,3,tencent_ai_lab_chinese_embedding_light_mirror_mvp,0.57249832,1088,0.58498949,0.58796525,0.58052588,同龄人,社会比较与人生进度,0.62445498,1167
1168,宴会厅,宴会厅,3,tencent_ai_lab_chinese_embedding_light_mirror_mvp,0.49453019,4017,0.58498824,0.5998897,0.56263608,约会,约会,0.56816101,1168
1169,苦苦哀求,苦苦哀求,4,tencent_ai_lab_chinese_embedding_light_mirror_mvp,0.48219504,4941,0.58485311,0.61806726,0.53503186,追求,表白与追求,0.61086655,1169
1170,产妇,产妇,2,tencent_ai_lab_chinese_embedding_light_mirror_mvp,0.50673926,3279,0.58483225,0.6003539,0.56154972,妻子,婚恋,0.59494317,1170
1171,校领导,校领导,3,tencent_ai_lab_chinese_embedding_light_mirror_mvp,0.53059945,2209,0.58477521,0.61099708,0.5454424,校服,校园恋爱,0.57433987,1171
1172,家庭,家庭,2,tencent_ai_lab_chinese_embedding_light_mirror_mvp,0.5994514,717,0.58475655,0.58916479,0.57814413,妻子,婚恋,0.64843214,1172
1173,迎接,迎接,2,tencent_ai_lab_chinese_embedding_light_mirror_mvp,0.50486497,3377,0.58468628,0.5905875,0.57583439,接吻,表白与追求,0.63824654,1173
1174,很想,很想,2,tencent_ai_lab_chinese_embedding_light_mirror_mvp,0.50745867,3230,0.58467948,0.59225249,0.57331985,追求,表白与追求,0.66366619,1174
1175,过得,过得,2,tencent_ai_lab_chinese_embedding_light_mirror_mvp,0.54987309,1572,0.58451527,0.59992015,0.56140792,落后,社会比较与人生进度,0.69203293,1175
1176,拉着,拉着,2,tencent_ai_lab_chinese_embedding_light_mirror_mvp,0.50523559,3353,0.5843128,0.59504569,0.56821352,拥抱,亲密行为,0.64464521,1176
1177,女人帮,女人帮,3,tencent_ai_lab_chinese_embedding_light_mirror_mvp,0.48220454,4940,0.58418673,0.60916692,0.54671639,女朋友,对象关系,0.57025415,1177
1178,好散,好散,2,tencent_ai_lab_chinese_embedding_light_mirror_mvp,0.50084708,3601,0.58417869,0.63277215,0.51128834,散步,约会,0.51274914,1178
1179,兴趣,兴趣,2,tencent_ai_lab_chinese_embedding_light_mirror_mvp,0.49901716,3711,0.58413863,0.60091722,0.55897063,追求,社会比较与人生进度,0.62736911,1179
1180,相互,相互,2,tencent_ai_lab_chinese_embedding_light_mirror_mvp,0.5189925,2650,0.58410466,0.58885825,0.57697427,对象,亲密行为,0.61985826,1180
1181,每对,每对,2,tencent_ai_lab_chinese_embedding_light_mirror_mvp,0.58138393,955,0.58408672,0.61017263,0.54495782,对象,约会,0.5769918,1181
1182,之爱,之爱,2,tencent_ai_lab_chinese_embedding_light_mirror_mvp,0.59975357,712,0.58407408,0.59184086,0.57242388,爱情,恋爱核心,0.61379814,1182
1183,五十岁,五十岁,3,tencent_ai_lab_chinese_embedding_light_mirror_mvp,0.50400978,3414,0.58407068,0.61660433,0.53527027,同龄人,社会比较与人生进度,0.61587989,1183
1184,课桌椅,课桌椅,3,tencent_ai_lab_chinese_embedding_light_mirror_mvp,0.49692706,3840,0.58401519,0.63882554,0.5017997,同桌,校园恋爱,0.4927482,1184
1185,孤独感,孤独感,3,tencent_ai_lab_chinese_embedding_light_mirror_mvp,0.51258274,2964,0.58396626,0.60422421,0.55357939,单身,单身与脱单,0.61774564,1185
1186,关心,关心,2,tencent_ai_lab_chinese_embedding_light_mirror_mvp,0.53279091,2116,0.58395272,0.58912361,0.57619637,亲密关系,表白与追求,0.61535519,1186
1187,年轻一代,年轻一代,4,tencent_ai_lab_chinese_embedding_light_mirror_mvp,0.51684902,2740,0.58394444,0.60015541,0.55962801,青春,社会比较与人生进度,0.64019477,1187
1188,知心人,知心人,3,tencent_ai_lab_chinese_embedding_light_mirror_mvp,0.53524635,2026,0.58382702,0.59372795,0.56897563,喜欢的人,社会比较与人生进度,0.59096396,1188
1189,某女,某女,2,tencent_ai_lab_chinese_embedding_light_mirror_mvp,0.59801273,735,0.58373463,0.58932388,0.57535082,女朋友,对象关系,0.61538196,1189
1190,出席,出席,2,tencent_ai_lab_chinese_embedding_light_mirror_mvp,0.50920148,3150,0.58368373,0.59115601,0.57247525,婚礼,约会,0.62502897,1190
1191,共同性,共同性,3,tencent_ai_lab_chinese_embedding_light_mirror_mvp,0.49518664,3963,0.58350724,0.58896422,0.57532173,伴侣,社会比较与人生进度,0.59955114,1191
1192,互相间,互相间,3,tencent_ai_lab_chinese_embedding_light_mirror_mvp,0.48723657,4533,0.58348405,0.58809114,0.57657337,伴侣,亲密行为,0.60568774,1192
1193,爱自己,爱自己,3,tencent_ai_lab_chinese_embedding_light_mirror_mvp,0.61017418,599,0.58342087,0.5984121,0.56093401,爱情,社会比较与人生进度,0.6037302,1193
1194,聊天,聊天,2,tencent_ai_lab_chinese_embedding_light_mirror_mvp,0.61989033,535,0.58316118,0.59316105,0.56816125,对象,表白与追求,0.63054156,1194
1195,定居,定居,2,tencent_ai_lab_chinese_embedding_light_mirror_mvp,0.48951393,4363,0.58312958,0.58849144,0.57508677,结婚,婚恋,0.60696328,1195
1196,呵护,呵护,2,tencent_ai_lab_chinese_embedding_light_mirror_mvp,0.52830144,2302,0.58300591,0.61691469,0.53214258,拥抱,亲密行为,0.5639509,1196
1197,两性,两性,2,tencent_ai_lab_chinese_embedding_light_mirror_mvp,0.62032833,532,0.58299917,0.58648396,0.5777719,感情史,对象关系,0.62818563,1197
1198,不和,不和,2,tencent_ai_lab_chinese_embedding_light_mirror_mvp,0.48813195,4465,0.58298522,0.59594893,0.56353962,没有对象,社会比较与人生进度,0.62502408,1198
1199,深挚,深挚,2,tencent_ai_lab_chinese_embedding_light_mirror_mvp,0.51390283,2881,0.58286887,0.60665619,0.54718786,亲密,亲密行为,0.60167575,1199
1200,薄情,薄情,2,tencent_ai_lab_chinese_embedding_light_mirror_mvp,0.54798031,1632,0.5826,0.58785099,0.57472348,感情史,恋爱核心,0.55931604,1200
1201,认识了,认识了,3,tencent_ai_lab_chinese_embedding_light_mirror_mvp,0.55371282,1479,0.58250445,0.59163833,0.56880361,对象,社会比较与人生进度,0.67628491,1201
1202,见过面,见过面,3,tencent_ai_lab_chinese_embedding_light_mirror_mvp,0.56222486,1288,0.5824942,0.58556241,0.57789189,别人都有对象,约会,0.6592198,1202
1203,而对,而对,2,tencent_ai_lab_chinese_embedding_light_mirror_mvp,0.5310986,2191,0.58247477,0.60760802,0.54477477,对象,社会比较与人生进度,0.56980783,1203
1204,校长,校长,2,tencent_ai_lab_chinese_embedding_light_mirror_mvp,0.51755133,2705,0.58245981,0.60014307,0.55593485,校服,校园恋爱,0.57157677,1204
1205,看他,看他,2,tencent_ai_lab_chinese_embedding_light_mirror_mvp,0.49866563,3732,0.58245891,0.59418172,0.56487465,看电影,表白与追求,0.61089182,1205
1206,男主角,男主角,3,tencent_ai_lab_chinese_embedding_light_mirror_mvp,0.54510007,1714,0.58231372,0.60442364,0.54914874,男朋友,社会比较与人生进度,0.54467535,1206
1207,舞会,舞会,2,tencent_ai_lab_chinese_embedding_light_mirror_mvp,0.6324796,446,0.58229506,0.61409301,0.53459811,约会,约会,0.59406632,1207
1208,没了,没了,2,tencent_ai_lab_chinese_embedding_light_mirror_mvp,0.51023593,3083,0.58222479,0.60012388,0.55537611,没有对象,社会比较与人生进度,0.57660908,1208
1209,相互之间,相互之间,4,tencent_ai_lab_chinese_embedding_light_mirror_mvp,0.48166689,4989,0.58198786,0.58501506,0.57744706,对象,亲密行为,0.60802364,1209
1210,伤感,伤感,2,tencent_ai_lab_chinese_embedding_light_mirror_mvp,0.55443127,1453,0.58192557,0.60499966,0.54731447,感情史,社会比较与人生进度,0.61369538,1210
1211,遗孀,遗孀,2,tencent_ai_lab_chinese_embedding_light_mirror_mvp,0.57817314,1006,0.58190262,0.59779239,0.55806798,妻子,婚恋,0.61895406,1211
1212,代人,代人,2,tencent_ai_lab_chinese_embedding_light_mirror_mvp,0.52379183,2451,0.58189774,0.60321939,0.54991513,同龄人,社会比较与人生进度,0.56685603,1212
1213,谈心,谈心,2,tencent_ai_lab_chinese_embedding_light_mirror_mvp,0.56018953,1322,0.58178729,0.59066749,0.5684669,没谈过恋爱,约会,0.61813879,1213
1214,幸福,幸福,2,tencent_ai_lab_chinese_embedding_light_mirror_mvp,0.68443031,223,0.58177865,0.58541816,0.57631928,伴侣,婚恋,0.61813605,1214
1215,慢跑,慢跑,2,tencent_ai_lab_chinese_embedding_light_mirror_mvp,0.62595243,492,0.58165467,0.63603199,0.50008863,散步,约会,0.49295485,1215
1216,单方面,单方面,3,tencent_ai_lab_chinese_embedding_light_mirror_mvp,0.50094154,3593,0.58160269,0.59530932,0.56104273,单身,单身与脱单,0.60136735,1216
1217,人性,人性,2,tencent_ai_lab_chinese_embedding_light_mirror_mvp,0.57936053,987,0.58156025,0.59236348,0.56535542,人生阶段,社会比较与人生进度,0.62870055,1217
1218,不断前进,不断前进,4,tencent_ai_lab_chinese_embedding_light_mirror_mvp,0.48205093,4952,0.58151424,0.59412694,0.56259507,落后,社会比较与人生进度,0.62083298,1218
1219,陪护,陪护,2,tencent_ai_lab_chinese_embedding_light_mirror_mvp,0.48167996,4987,0.58143562,0.60241163,0.54997164,拥抱,亲密行为,0.54259467,1219
1220,一身,一身,2,tencent_ai_lab_chinese_embedding_light_mirror_mvp,0.50487739,3375,0.58140934,0.61464643,0.53155369,单身,单身与脱单,0.55377102,1220
1221,认识,认识,2,tencent_ai_lab_chinese_embedding_light_mirror_mvp,0.55466733,1444,0.58140039,0.59896737,0.55504984,对象,社会比较与人生进度,0.66902101,1221
1222,开学典礼,开学典礼,4,tencent_ai_lab_chinese_embedding_light_mirror_mvp,0.50995518,3104,0.58135545,0.60662889,0.54344529,婚礼,校园恋爱,0.58359832,1222
1223,结尾,结尾,2,tencent_ai_lab_chinese_embedding_light_mirror_mvp,0.52172301,2518,0.58133078,0.60103792,0.55177003,结婚,社会比较与人生进度,0.54438168,1223
1224,充满希望,充满希望,4,tencent_ai_lab_chinese_embedding_light_mirror_mvp,0.53368218,2086,0.58127302,0.60254025,0.54937214,追求,表白与追求,0.60819614,1224
1225,享乐,享乐,2,tencent_ai_lab_chinese_embedding_light_mirror_mvp,0.52939887,2258,0.58115065,0.6069634,0.54243153,拥抱,约会,0.5608176,1225
1226,性交,性交,2,tencent_ai_lab_chinese_embedding_light_mirror_mvp,0.56241908,1283,0.58114582,0.58651358,0.57309419,伴侣,对象关系,0.64327657,1226
1227,矫情,矫情,2,tencent_ai_lab_chinese_embedding_light_mirror_mvp,0.53997622,1875,0.5811435,0.58912176,0.56917602,恋情,社会比较与人生进度,0.61426556,1227
1228,再见面,再见面,3,tencent_ai_lab_chinese_embedding_light_mirror_mvp,0.55590343,1412,0.5811193,0.59261942,0.56386912,第一次约会,约会,0.6500144,1228
1229,找了,找了,2,tencent_ai_lab_chinese_embedding_light_mirror_mvp,0.52097872,2550,0.58102703,0.58854026,0.56975722,求婚,表白与追求,0.6042456,1229
1230,早年,早年,2,tencent_ai_lab_chinese_embedding_light_mirror_mvp,0.50319688,3461,0.58098233,0.60500658,0.54494584,早恋,社会比较与人生进度,0.58568615,1230
1231,迫近,迫近,2,tencent_ai_lab_chinese_embedding_light_mirror_mvp,0.48762723,4504,0.5809195,0.59226078,0.56390762,亲密,亲密行为,0.62092572,1231
1232,少年,少年,2,tencent_ai_lab_chinese_embedding_light_mirror_mvp,0.58493373,898,0.58070695,0.61345994,0.53157753,青春,社会比较与人生进度,0.56005347,1232
1233,拉近,拉近,2,tencent_ai_lab_chinese_embedding_light_mirror_mvp,0.51700411,2732,0.58050758,0.58314943,0.57654482,亲密,亲密行为,0.67126286,1233
1234,棉服,棉服,2,tencent_ai_lab_chinese_embedding_light_mirror_mvp,0.56298681,1270,0.58048451,0.64535147,0.48318401,校服,亲密行为,0.42464691,1234
1235,大学老师,大学老师,4,tencent_ai_lab_chinese_embedding_light_mirror_mvp,0.52938262,2260,0.58044916,0.60849077,0.53838664,大学恋爱,校园恋爱,0.57078773,1235
1236,为情所伤,为情所伤,4,tencent_ai_lab_chinese_embedding_light_mirror_mvp,0.54339756,1768,0.58043122,0.58244741,0.57740682,感情史,表白与追求,0.58235896,1236
1237,难以相处,难以相处,4,tencent_ai_lab_chinese_embedding_light_mirror_mvp,0.54652848,1678,0.58034742,0.58593762,0.57196212,亲密,社会比较与人生进度,0.63116306,1237
1238,精神生活,精神生活,4,tencent_ai_lab_chinese_embedding_light_mirror_mvp,0.54763921,1646,0.58028752,0.60491061,0.54335278,人生阶段,社会比较与人生进度,0.62757111,1238
1239,坦诚,坦诚,2,tencent_ai_lab_chinese_embedding_light_mirror_mvp,0.58014474,973,0.58011949,0.59298825,0.56081635,亲密,表白与追求,0.62726647,1239
1240,活着,活着,2,tencent_ai_lab_chinese_embedding_light_mirror_mvp,0.50955826,3131,0.58010763,0.59521139,0.55745202,人生阶段,社会比较与人生进度,0.64900416,1240
1241,喜结良缘,喜结良缘,4,tencent_ai_lab_chinese_embedding_light_mirror_mvp,0.65548551,324,0.58001882,0.59606206,0.55595392,结婚,婚恋,0.58012342,1241
1242,老大,老大,2,tencent_ai_lab_chinese_embedding_light_mirror_mvp,0.55124606,1535,0.57980537,0.59178722,0.56183261,老婆,社会比较与人生进度,0.5619154,1242
1243,这人,这人,2,tencent_ai_lab_chinese_embedding_light_mirror_mvp,0.48706086,4548,0.57980382,0.58908015,0.5658893,喜欢的人,社会比较与人生进度,0.58533621,1243
1244,下手,下手,2,tencent_ai_lab_chinese_embedding_light_mirror_mvp,0.49199836,4187,0.5797891,0.6091764,0.53570813,牵手,亲密行为,0.5756135,1244
1245,退行,退行,2,tencent_ai_lab_chinese_embedding_light_mirror_mvp,0.51974195,2606,0.57976085,0.59120244,0.56259841,散步,社会比较与人生进度,0.55624568,1245
1246,不信任,不信任,3,tencent_ai_lab_chinese_embedding_light_mirror_mvp,0.57416556,1068,0.57975924,0.59043133,0.5637511,前任,社会比较与人生进度,0.5824542,1246
1247,情仇,情仇,2,tencent_ai_lab_chinese_embedding_light_mirror_mvp,0.50084528,3603,0.57971621,0.59635735,0.55475444,感情史,恋爱历史,0.51796353,1247
1248,送礼物,送礼物,3,tencent_ai_lab_chinese_embedding_light_mirror_mvp,0.59177924,804,0.57968718,0.59819663,0.55192298,婚礼,表白与追求,0.61698985,1248
1249,朋友们,朋友们,3,tencent_ai_lab_chinese_embedding_light_mirror_mvp,0.49171374,4206,0.57965147,0.58491862,0.5717507,女朋友,社会比较与人生进度,0.64830488,1249
1250,我后,我后,2,tencent_ai_lab_chinese_embedding_light_mirror_mvp,0.50966601,3120,0.5795756,0.5950284,0.55639642,落后,社会比较与人生进度,0.6077767,1250
1251,老两口,老两口,3,tencent_ai_lab_chinese_embedding_light_mirror_mvp,0.61897666,542,0.5795033,0.58969927,0.56420928,老婆,婚恋,0.57953715,1251
1252,黏人,黏人,2,tencent_ai_lab_chinese_embedding_light_mirror_mvp,0.50986711,3107,0.5794704,0.59105587,0.56209213,恋人,亲密行为,0.62837684,1252
1253,处女,处女,2,tencent_ai_lab_chinese_embedding_light_mirror_mvp,0.5844547,908,0.57938534,0.60347402,0.54325229,前女友,恋爱历史,0.58665532,1253
1254,性别,性别,2,tencent_ai_lab_chinese_embedding_light_mirror_mvp,0.48816626,4462,0.57935619,0.58186102,0.5755989,别人都有对象,社会比较与人生进度,0.63269669,1254
1255,互相帮助,互相帮助,4,tencent_ai_lab_chinese_embedding_light_mirror_mvp,0.4961136,3907,0.57935315,0.59213811,0.56017572,伴侣,亲密行为,0.59406304,1255
1256,搭讪,搭讪,2,tencent_ai_lab_chinese_embedding_light_mirror_mvp,0.66153435,296,0.57929522,0.5867424,0.56812447,约会对象,约会,0.60872328,1256
1257,现代人,现代人,3,tencent_ai_lab_chinese_embedding_light_mirror_mvp,0.49818084,3764,0.57925415,0.60132599,0.54614633,同龄人,社会比较与人生进度,0.62970352,1257
1258,方式,方式,2,tencent_ai_lab_chinese_embedding_light_mirror_mvp,0.50757418,3228,0.57920122,0.60841519,0.53538018,对象,社会比较与人生进度,0.60023928,1258
1259,最爱,最爱,2,tencent_ai_lab_chinese_embedding_light_mirror_mvp,0.48814349,4464,0.57913131,0.58968252,0.56330436,爱情,表白与追求,0.62282646,1259
1260,中学,中学,2,tencent_ai_lab_chinese_embedding_light_mirror_mvp,0.49007047,4316,0.57912326,0.60760164,0.53640562,高中恋爱,校园恋爱,0.59735894,1260
1261,独居,独居,2,tencent_ai_lab_chinese_embedding_light_mirror_mvp,0.50280182,3484,0.57898337,0.5999819,0.54748553,单身,单身与脱单,0.57477343,1261
1262,过于,过于,2,tencent_ai_lab_chinese_embedding_light_mirror_mvp,0.49660136,3866,0.57896674,0.60954106,0.53310519,落后,社会比较与人生进度,0.6304127,1262
1263,身孕,身孕,2,tencent_ai_lab_chinese_embedding_light_mirror_mvp,0.60938262,612,0.57875556,0.59079492,0.56069648,母胎单身,婚恋,0.61759698,1263
1264,母子,母子,2,tencent_ai_lab_chinese_embedding_light_mirror_mvp,0.59128652,814,0.57859766,0.59218216,0.5582208,妻子,婚恋,0.53532249,1264
1265,娘子,娘子,2,tencent_ai_lab_chinese_embedding_light_mirror_mvp,0.52108443,2545,0.57852936,0.60149777,0.54407662,妻子,婚恋,0.61660516,1265
1266,离家出走,离家出走,4,tencent_ai_lab_chinese_embedding_light_mirror_mvp,0.58129461,956,0.57845449,0.61529624,0.52319175,散步,约会,0.5592519,1266
1267,感受,感受,2,tencent_ai_lab_chinese_embedding_light_mirror_mvp,0.51263427,2962,0.57839942,0.58991563,0.5611251,感情史,社会比较与人生进度,0.64397186,1267
1268,要和,要和,2,tencent_ai_lab_chinese_embedding_light_mirror_mvp,0.48214825,4945,0.57837212,0.58725643,0.5650456,被追,表白与追求,0.57177043,1268
1269,倾慕,倾慕,2,tencent_ai_lab_chinese_embedding_light_mirror_mvp,0.57313379,1082,0.57823879,0.58329087,0.57066065,暗恋,表白与追求,0.6660856,1269
1270,缠绵悱恻,缠绵悱恻,4,tencent_ai_lab_chinese_embedding_light_mirror_mvp,0.56626477,1205,0.57808751,0.59086502,0.55892128,亲密,亲密行为,0.63926125,1270
1271,所爱,所爱,2,tencent_ai_lab_chinese_embedding_light_mirror_mvp,0.6093375,613,0.57782847,0.5833376,0.56956464,爱情,表白与追求,0.64812648,1271
1272,孤寂,孤寂,2,tencent_ai_lab_chinese_embedding_light_mirror_mvp,0.48762606,4505,0.57771993,0.60065567,0.54331625,单身,单身与脱单,0.61301339,1272
1273,现实生活,现实生活,4,tencent_ai_lab_chinese_embedding_light_mirror_mvp,0.63176284,452,0.57770813,0.5847342,0.56716895,人生阶段,社会比较与人生进度,0.66779685,1273
1274,欢乐,欢乐,2,tencent_ai_lab_chinese_embedding_light_mirror_mvp,0.53851147,1926,0.57769978,0.59836841,0.54669684,喜欢的人,表白与追求,0.60265297,1274
1275,二十四岁,二十四岁,4,tencent_ai_lab_chinese_embedding_light_mirror_mvp,0.51937318,2632,0.57752866,0.60680318,0.53361678,同龄人,社会比较与人生进度,0.63539004,1275
1276,十四岁,十四岁,3,tencent_ai_lab_chinese_embedding_light_mirror_mvp,0.52206438,2507,0.57750481,0.60803318,0.53171229,同龄人,社会比较与人生进度,0.59424454,1276
1277,路过,路过,2,tencent_ai_lab_chinese_embedding_light_mirror_mvp,0.49756497,3815,0.57746184,0.58945936,0.55946559,错过青春,社会比较与人生进度,0.63916212,1277
1278,愿望,愿望,2,tencent_ai_lab_chinese_embedding_light_mirror_mvp,0.54378808,1756,0.57732612,0.59711421,0.54764402,追求,表白与追求,0.60207462,1278
1279,欲望,欲望,2,tencent_ai_lab_chinese_embedding_light_mirror_mvp,0.57528011,1048,0.57724756,0.60278487,0.53894156,追求,表白与追求,0.61994064,1279
1280,她俩,她俩,2,tencent_ai_lab_chinese_embedding_light_mirror_mvp,0.57771554,1017,0.57717395,0.58863324,0.55998492,妻子,婚恋,0.59158731,1280
1281,男女之间,男女之间,4,tencent_ai_lab_chinese_embedding_light_mirror_mvp,0.65218077,347,0.57717043,0.57901597,0.57440203,男朋友,对象关系,0.65287513,1281
1282,家长会,家长会,3,tencent_ai_lab_chinese_embedding_light_mirror_mvp,0.51112158,3034,0.57707351,0.60527611,0.53476954,约会,约会,0.5691691,1282
1283,并肩,并肩,2,tencent_ai_lab_chinese_embedding_light_mirror_mvp,0.54701552,1666,0.57663673,0.5850389,0.56403351,拥抱,亲密行为,0.56790847,1283
1284,放松,放松,2,tencent_ai_lab_chinese_embedding_light_mirror_mvp,0.4849998,4724,0.57657087,0.58251441,0.56765562,散步,亲密行为,0.60310376,1284
1285,圈外人,圈外人,3,tencent_ai_lab_chinese_embedding_light_mirror_mvp,0.6485446,364,0.57655895,0.59353817,0.55109012,同龄人,社会比较与人生进度,0.58801198,1285
1286,共同兴趣,共同兴趣,4,tencent_ai_lab_chinese_embedding_light_mirror_mvp,0.54545302,1704,0.57649595,0.58232194,0.56775683,同龄人,社会比较与人生进度,0.61884034,1286
1287,好学生,好学生,3,tencent_ai_lab_chinese_embedding_light_mirror_mvp,0.59497663,774,0.57644236,0.61769462,0.51456386,学生情侣,社会比较与人生进度,0.55319297,1287
1288,十岁,十岁,2,tencent_ai_lab_chinese_embedding_light_mirror_mvp,0.60044203,704,0.57631791,0.60270506,0.5367372,同龄人,社会比较与人生进度,0.60233498,1288
1289,悲欢,悲欢,2,tencent_ai_lab_chinese_embedding_light_mirror_mvp,0.51740861,2713,0.5763042,0.5901522,0.55553204,喜欢的人,表白与追求,0.63135904,1289
1290,聊得,聊得,2,tencent_ai_lab_chinese_embedding_light_mirror_mvp,0.50283153,3481,0.57629955,0.58520484,0.56294155,对象,表白与追求,0.62718785,1290
1291,没吵,没吵,2,tencent_ai_lab_chinese_embedding_light_mirror_mvp,0.50231113,3515,0.57629257,0.59585845,0.54694372,没有对象,单身与脱单,0.56776112,1291
1292,性体验,性体验,3,tencent_ai_lab_chinese_embedding_light_mirror_mvp,0.58885362,848,0.57625759,0.58344424,0.56547755,恋爱经验,社会比较与人生进度,0.5716179,1292
1293,依靠,依靠,2,tencent_ai_lab_chinese_embedding_light_mirror_mvp,0.50085014,3600,0.57624847,0.58867759,0.55760473,拥抱,亲密行为,0.58435726,1293
1294,父母亲,父母亲,3,tencent_ai_lab_chinese_embedding_light_mirror_mvp,0.65625561,320,0.57594889,0.5876804,0.55835158,亲密关系,婚恋,0.57411414,1294
1295,敌对,敌对,2,tencent_ai_lab_chinese_embedding_light_mirror_mvp,0.52084783,2558,0.57580978,0.60257828,0.53565693,对象,社会比较与人生进度,0.57529938,1295
1296,不分彼此,不分彼此,4,tencent_ai_lab_chinese_embedding_light_mirror_mvp,0.50560306,3338,0.57579005,0.57966292,0.56998068,没有对象,单身与脱单,0.6143198,1296
1297,不论男女,不论男女,4,tencent_ai_lab_chinese_embedding_light_mirror_mvp,0.52130903,2537,0.57560742,0.57915807,0.57028145,别人都有对象,社会比较与人生进度,0.65203363,1297
1298,辈子,辈子,2,tencent_ai_lab_chinese_embedding_light_mirror_mvp,0.52198069,2511,0.57557195,0.58655131,0.55910289,人生阶段,社会比较与人生进度,0.61969292,1298
1299,情义,情义,2,tencent_ai_lab_chinese_embedding_light_mirror_mvp,0.56255302,1279,0.5755499,0.57980216,0.56917149,爱情,恋爱核心,0.55997729,1299
1300,奋斗目标,奋斗目标,4,tencent_ai_lab_chinese_embedding_light_mirror_mvp,0.50666741,3285,0.57551575,0.59145999,0.55159926,追求,社会比较与人生进度,0.63911378,1300
1301,老实人,老实人,3,tencent_ai_lab_chinese_embedding_light_mirror_mvp,0.56500756,1230,0.57550329,0.58234274,0.56524414,老婆,社会比较与人生进度,0.57429141,1301
1302,热情,热情,2,tencent_ai_lab_chinese_embedding_light_mirror_mvp,0.49658335,3869,0.57545823,0.58084619,0.5673762,亲密,表白与追求,0.64731348,1302
1303,谈好,谈好,2,tencent_ai_lab_chinese_embedding_light_mirror_mvp,0.50850989,3183,0.57538837,0.58932739,0.55447984,对象,社会比较与人生进度,0.62161875,1303
1304,离婚率,离婚率,3,tencent_ai_lab_chinese_embedding_light_mirror_mvp,0.53410438,2069,0.57537526,0.58466458,0.56144124,结婚,婚恋,0.63355917,1304
1305,惦念,惦念,2,tencent_ai_lab_chinese_embedding_light_mirror_mvp,0.55051627,1557,0.57526469,0.57950652,0.5689019,拥抱,表白与追求,0.67979419,1305
1306,村妇,村妇,2,tencent_ai_lab_chinese_embedding_light_mirror_mvp,0.49628636,3891,0.57499099,0.59306049,0.54788667,妻子,婚恋,0.58727419,1306
1307,男权,男权,2,tencent_ai_lab_chinese_embedding_light_mirror_mvp,0.49541869,3952,0.57497919,0.58460486,0.56054062,男朋友,婚恋,0.56610048,1307
1308,男娃,男娃,2,tencent_ai_lab_chinese_embedding_light_mirror_mvp,0.54710854,1661,0.57495677,0.59628022,0.54297155,男朋友,社会比较与人生进度,0.5519594,1308
1309,要有,要有,2,tencent_ai_lab_chinese_embedding_light_mirror_mvp,0.4855926,4669,0.57490188,0.58852577,0.55446607,追求,表白与追求,0.5661512,1309
1310,无话不谈,无话不谈,4,tencent_ai_lab_chinese_embedding_light_mirror_mvp,0.63910867,400,0.57481009,0.58137524,0.56496233,没谈过恋爱,单身与脱单,0.60360253,1310
1311,暖心,暖心,2,tencent_ai_lab_chinese_embedding_light_mirror_mvp,0.5318723,2157,0.57475835,0.58546603,0.55869681,亲密,亲密行为,0.62071717,1311
1312,结束时,结束时,3,tencent_ai_lab_chinese_embedding_light_mirror_mvp,0.52837883,2299,0.57469881,0.5842402,0.56038666,结婚,社会比较与人生进度,0.59973359,1312
1313,五岁,五岁,2,tencent_ai_lab_chinese_embedding_light_mirror_mvp,0.58057144,967,0.57469499,0.59838057,0.53916663,同龄人,社会比较与人生进度,0.59807515,1313
1314,人间,人间,2,tencent_ai_lab_chinese_embedding_light_mirror_mvp,0.5033981,3448,0.57451642,0.60150135,0.5340389,人生阶段,社会比较与人生进度,0.58841717,1314
1315,身着,身着,2,tencent_ai_lab_chinese_embedding_light_mirror_mvp,0.51019609,3090,0.57446158,0.59578431,0.54247743,单身,社会比较与人生进度,0.56886959,1315
1316,永远爱你,永远爱你,4,tencent_ai_lab_chinese_embedding_light_mirror_mvp,0.53173549,2165,0.57432342,0.5938378,0.54505187,爱情,恋爱核心,0.5883503,1316
1317,目标,目标,2,tencent_ai_lab_chinese_embedding_light_mirror_mvp,0.54354119,1764,0.57429987,0.58957285,0.55139035,追求,社会比较与人生进度,0.62103975,1317
1318,共处,共处,2,tencent_ai_lab_chinese_embedding_light_mirror_mvp,0.55482903,1440,0.57422316,0.58098745,0.56407672,伴侣,亲密行为,0.60250247,1318
1319,游览,游览,2,tencent_ai_lab_chinese_embedding_light_mirror_mvp,0.51058223,3063,0.57421857,0.59840453,0.53793961,散步,约会,0.63335407,1319
1320,遗憾,遗憾,2,tencent_ai_lab_chinese_embedding_light_mirror_mvp,0.49135436,4230,0.57420915,0.58692944,0.55512863,错过青春,社会比较与人生进度,0.637555,1320
1321,偷欢,偷欢,2,tencent_ai_lab_chinese_embedding_light_mirror_mvp,0.56510189,1228,0.57416672,0.58281785,0.56118995,暗恋,表白与追求,0.62611687,1321
1322,婚外情,婚外情,3,tencent_ai_lab_chinese_embedding_light_mirror_mvp,0.66396165,283,0.57410264,0.57656652,0.57040668,结婚,婚恋,0.65833437,1322
1323,之人,之人,2,tencent_ai_lab_chinese_embedding_light_mirror_mvp,0.5115703,3011,0.57405329,0.58101213,0.5636149,喜欢的人,社会比较与人生进度,0.56136012,1323
1324,双胞胎,双胞胎,3,tencent_ai_lab_chinese_embedding_light_mirror_mvp,0.52922269,2264,0.57403415,0.62024117,0.50472367,母胎单身,单身与脱单,0.51149827,1324
1325,得过且过,得过且过,4,tencent_ai_lab_chinese_embedding_light_mirror_mvp,0.49078249,4273,0.57383579,0.58517689,0.55682415,错过青春,社会比较与人生进度,0.65222454,1325
1326,无感,无感,2,tencent_ai_lab_chinese_embedding_light_mirror_mvp,0.4887044,4422,0.57368839,0.58304465,0.55965394,感情史,社会比较与人生进度,0.611202,1326
1327,爱到深处,爱到深处,4,tencent_ai_lab_chinese_embedding_light_mirror_mvp,0.6062218,647,0.57357508,0.58706367,0.55334222,爱情,亲密行为,0.61241126,1327
1328,幽默,幽默,2,tencent_ai_lab_chinese_embedding_light_mirror_mvp,0.48380299,4822,0.57349527,0.59159255,0.54634935,亲密,表白与追求,0.59079349,1328
1329,情敌,情敌,2,tencent_ai_lab_chinese_embedding_light_mirror_mvp,0.66260226,289,0.57337558,0.57966161,0.56394649,感情史,对象关系,0.56638902,1329
1330,缠绵,缠绵,2,tencent_ai_lab_chinese_embedding_light_mirror_mvp,0.54273057,1786,0.57326317,0.58457673,0.55629289,牵手,亲密行为,0.62043762,1330
1331,失望透顶,失望透顶,4,tencent_ai_lab_chinese_embedding_light_mirror_mvp,0.49088887,4261,0.573255,0.60393417,0.52723622,落后,社会比较与人生进度,0.54962337,1331
1332,找他,找他,2,tencent_ai_lab_chinese_embedding_light_mirror_mvp,0.54089483,1849,0.5731954,0.57386047,0.57219774,被追,表白与追求,0.6426034,1332
1333,送祝福,送祝福,3,tencent_ai_lab_chinese_embedding_light_mirror_mvp,0.49889673,3721,0.57318962,0.58459198,0.556086,婚礼,表白与追求,0.61202025,1333
1334,因爱而生,因爱而生,4,tencent_ai_lab_chinese_embedding_light_mirror_mvp,0.51569961,2790,0.57315397,0.58256561,0.55903655,爱情,表白与追求,0.58351421,1334
1335,并不矛盾,并不矛盾,4,tencent_ai_lab_chinese_embedding_light_mirror_mvp,0.48496827,4728,0.57304192,0.58867443,0.54959309,没有对象,社会比较与人生进度,0.59229279,1335
1336,二十多岁,二十多岁,4,tencent_ai_lab_chinese_embedding_light_mirror_mvp,0.57899748,998,0.57303923,0.59974349,0.53298283,同龄人,社会比较与人生进度,0.65021062,1336
1337,找工作,找工作,3,tencent_ai_lab_chinese_embedding_light_mirror_mvp,0.49626672,3893,0.57292259,0.58955646,0.54797179,求婚,社会比较与人生进度,0.5852282,1337
1338,人世间,人世间,3,tencent_ai_lab_chinese_embedding_light_mirror_mvp,0.566216,1206,0.57290459,0.60553288,0.52396208,人生阶段,社会比较与人生进度,0.56088269,1338
1339,惬意,惬意,2,tencent_ai_lab_chinese_embedding_light_mirror_mvp,0.50206074,3528,0.57275295,0.5893175,0.54790616,落后,社会比较与人生进度,0.56872255,1339
1340,心想,心想,2,tencent_ai_lab_chinese_embedding_light_mirror_mvp,0.5400503,1871,0.57270783,0.5813365,0.55976474,追求,表白与追求,0.63427758,1340
1341,十年前,十年前,3,tencent_ai_lab_chinese_embedding_light_mirror_mvp,0.51431366,2860,0.57269984,0.58557457,0.55338764,前男友,恋爱历史,0.60638559,1341
1342,女主,女主,2,tencent_ai_lab_chinese_embedding_light_mirror_mvp,0.58032376,969,0.57266074,0.59212178,0.54346919,女朋友,对象关系,0.51390517,1342
1343,告别仪式,告别仪式,4,tencent_ai_lab_chinese_embedding_light_mirror_mvp,0.50137155,3572,0.57266068,0.59465933,0.53966272,告白,表白与追求,0.54781008,1343
1344,实现目标,实现目标,4,tencent_ai_lab_chinese_embedding_light_mirror_mvp,0.49793483,3784,0.57257265,0.59056294,0.54558712,追求,社会比较与人生进度,0.60538447,1344
1345,寄托,寄托,2,tencent_ai_lab_chinese_embedding_light_mirror_mvp,0.49126053,4236,0.57255614,0.58955777,0.54705364,拥抱,表白与追求,0.59208322,1345
1346,聊聊天,聊聊天,3,tencent_ai_lab_chinese_embedding_light_mirror_mvp,0.5340433,2072,0.5723201,0.58105826,0.55921286,对象,表白与追求,0.6289255,1346
1347,年少无知,年少无知,4,tencent_ai_lab_chinese_embedding_light_mirror_mvp,0.56700928,1185,0.57230282,0.59370041,0.54020649,青春,社会比较与人生进度,0.64358157,1347
1348,母亲,母亲,2,tencent_ai_lab_chinese_embedding_light_mirror_mvp,0.75126696,90,0.57230055,0.58740258,0.54964745,母胎单身,婚恋,0.57569444,1348
1349,颁奖典礼,颁奖典礼,4,tencent_ai_lab_chinese_embedding_light_mirror_mvp,0.50027169,3644,0.57211995,0.61373037,0.50970435,婚礼,表白与追求,0.51930934,1349
1350,仍然,仍然,2,tencent_ai_lab_chinese_embedding_light_mirror_mvp,0.48558846,4670,0.57211453,0.61283666,0.51103133,落后,社会比较与人生进度,0.58376455,1350
1351,愉快,愉快,2,tencent_ai_lab_chinese_embedding_light_mirror_mvp,0.53922393,1901,0.57207084,0.58631206,0.55070901,亲密,表白与追求,0.59731388,1351
1352,三角恋,三角恋,3,tencent_ai_lab_chinese_embedding_light_mirror_mvp,0.65465434,329,0.57201606,0.57621121,0.56572336,恋情,恋爱核心,0.60997963,1352
1353,误会,误会,2,tencent_ai_lab_chinese_embedding_light_mirror_mvp,0.51513333,2817,0.57185632,0.57720494,0.5638333,约会,社会比较与人生进度,0.63105106,1353
1354,一胎,一胎,2,tencent_ai_lab_chinese_embedding_light_mirror_mvp,0.50294459,3474,0.57182896,0.60639811,0.51997524,母胎单身,婚恋,0.53430051,1354
1355,和睦相处,和睦相处,4,tencent_ai_lab_chinese_embedding_light_mirror_mvp,0.48162634,4994,0.57168221,0.57465053,0.56722969,亲密关系,亲密行为,0.57731104,1355
1356,他家,他家,2,tencent_ai_lab_chinese_embedding_light_mirror_mvp,0.53625796,1997,0.57155907,0.59073484,0.54279542,老公,婚恋,0.59582424,1356
1357,答应,答应,2,tencent_ai_lab_chinese_embedding_light_mirror_mvp,0.58564795,889,0.57154548,0.58191991,0.55598378,对象,表白与追求,0.64772081,1357
1358,绝情,绝情,2,tencent_ai_lab_chinese_embedding_light_mirror_mvp,0.54155229,1828,0.57147944,0.57911289,0.56002927,爱情,恋爱核心,0.53405672,1358
1359,独处,独处,2,tencent_ai_lab_chinese_embedding_light_mirror_mvp,0.59823296,730,0.57145107,0.58390272,0.55277354,单身,社会比较与人生进度,0.59082085,1359
1360,希望,希望,2,tencent_ai_lab_chinese_embedding_light_mirror_mvp,0.51504351,2821,0.57143778,0.5910629,0.54200011,追求,表白与追求,0.60977054,1360
1361,认真对待,认真对待,4,tencent_ai_lab_chinese_embedding_light_mirror_mvp,0.48293747,4885,0.57142115,0.58084023,0.55729252,对象,社会比较与人生进度,0.62872827,1361
1362,她家,她家,2,tencent_ai_lab_chinese_embedding_light_mirror_mvp,0.6057781,654,0.57128227,0.58131349,0.55623537,妻子,婚恋,0.61478961,1362
1363,男式,男式,2,tencent_ai_lab_chinese_embedding_light_mirror_mvp,0.4818167,4968,0.57126212,0.5848093,0.55094129,男朋友,婚恋,0.56805968,1363
1364,后来,后来,2,tencent_ai_lab_chinese_embedding_light_mirror_mvp,0.51898537,2651,0.57121062,0.57879746,0.55983037,落后,社会比较与人生进度,0.59765339,1364
1365,表姐,表姐,2,tencent_ai_lab_chinese_embedding_light_mirror_mvp,0.72448568,132,0.57104743,0.61589891,0.50377011,表白,表白与追求,0.53048086,1365
1366,迎合,迎合,2,tencent_ai_lab_chinese_embedding_light_mirror_mvp,0.5488811,1601,0.57104194,0.58318377,0.55282915,拥抱,亲密行为,0.61178976,1366
1367,想念,想念,2,tencent_ai_lab_chinese_embedding_light_mirror_mvp,0.54252795,1797,0.5710026,0.57652211,0.56272322,拥抱,表白与追求,0.66484714,1367
1368,相夫教子,相夫教子,4,tencent_ai_lab_chinese_embedding_light_mirror_mvp,0.61319232,575,0.5709942,0.58620679,0.54817528,丈夫,婚恋,0.56890166,1368
1369,老头子,老头子,3,tencent_ai_lab_chinese_embedding_light_mirror_mvp,0.50840368,3188,0.5709874,0.58854342,0.54465336,老婆,婚恋,0.51324606,1369
1370,男星,男星,2,tencent_ai_lab_chinese_embedding_light_mirror_mvp,0.56742747,1178,0.57097936,0.59791458,0.53057641,男朋友,对象关系,0.53802121,1370
1371,两岁,两岁,2,tencent_ai_lab_chinese_embedding_light_mirror_mvp,0.60550556,660,0.57093883,0.59041512,0.54172426,同龄人,社会比较与人生进度,0.6204325,1371
1372,心境,心境,2,tencent_ai_lab_chinese_embedding_light_mirror_mvp,0.49971696,3672,0.57091206,0.58667004,0.54727513,人生阶段,社会比较与人生进度,0.62959528,1372
1373,他俩,他俩,2,tencent_ai_lab_chinese_embedding_light_mirror_mvp,0.63705524,423,0.57085979,0.57787871,0.56033128,老公,婚恋,0.59920239,1373
1374,闺蜜,闺蜜,2,tencent_ai_lab_chinese_embedding_light_mirror_mvp,0.79004282,64,0.57077742,0.57292295,0.567559,亲密,对象关系,0.60469973,1374
1375,痴心,痴心,2,tencent_ai_lab_chinese_embedding_light_mirror_mvp,0.56668894,1193,0.57077736,0.57330424,0.56698704,初恋,恋爱核心,0.61067414,1375
1376,相互尊重,相互尊重,4,tencent_ai_lab_chinese_embedding_light_mirror_mvp,0.55484858,1438,0.57068312,0.57600409,0.56270164,亲密关系,亲密行为,0.62146699,1376
1377,示爱,示爱,2,tencent_ai_lab_chinese_embedding_light_mirror_mvp,0.80051304,55,0.57064438,0.57176852,0.56895822,表白,表白与追求,0.5901016,1377
1378,跑了,跑了,2,tencent_ai_lab_chinese_embedding_light_mirror_mvp,0.5135643,2905,0.57060832,0.59362674,0.53608066,散步,约会,0.57219756,1378
1379,完美男人,完美男人,4,tencent_ai_lab_chinese_embedding_light_mirror_mvp,0.54091862,1848,0.57058114,0.57888544,0.5581246,男朋友,对象关系,0.577227,1379
1380,告吹,告吹,2,tencent_ai_lab_chinese_embedding_light_mirror_mvp,0.54548162,1702,0.570553,0.61739361,0.500292,告白,表白与追求,0.5449273,1380
1381,二十岁,二十岁,3,tencent_ai_lab_chinese_embedding_light_mirror_mvp,0.57449665,1062,0.5705049,0.59382957,0.53551793,同龄人,社会比较与人生进度,0.6341126,1381
1382,拒接,拒接,2,tencent_ai_lab_chinese_embedding_light_mirror_mvp,0.4986905,3730,0.57040364,0.58735555,0.5449757,被追,表白与追求,0.58233058,1382
1383,迈向,迈向,2,tencent_ai_lab_chinese_embedding_light_mirror_mvp,0.49408086,4042,0.57038879,0.58767939,0.54445285,散步,社会比较与人生进度,0.57923901,1383
1384,首映,首映,2,tencent_ai_lab_chinese_embedding_light_mirror_mvp,0.48618937,4621,0.57030886,0.61203241,0.50772351,看电影,社会比较与人生进度,0.53090173,1384
1385,老家,老家,2,tencent_ai_lab_chinese_embedding_light_mirror_mvp,0.5715719,1105,0.57023239,0.58541858,0.54745311,老婆,婚恋,0.58287334,1385
1386,买房,买房,2,tencent_ai_lab_chinese_embedding_light_mirror_mvp,0.57812932,1008,0.57014936,0.57964647,0.55590367,结婚,婚恋,0.60238224,1386
1387,幸福生活,幸福生活,4,tencent_ai_lab_chinese_embedding_light_mirror_mvp,0.57791173,1011,0.57006723,0.57276374,0.5660224,伴侣,社会比较与人生进度,0.62670529,1387
1388,要是,要是,2,tencent_ai_lab_chinese_embedding_light_mirror_mvp,0.55828633,1361,0.5699898,0.59035623,0.53944021,追求,表白与追求,0.56660342,1388
1389,人和,人和,2,tencent_ai_lab_chinese_embedding_light_mirror_mvp,0.49392611,4061,0.56995076,0.57609999,0.56072694,同龄人,社会比较与人生进度,0.60857654,1389
1390,游戏人生,游戏人生,4,tencent_ai_lab_chinese_embedding_light_mirror_mvp,0.53974192,1885,0.56990272,0.6096127,0.51033777,人生阶段,社会比较与人生进度,0.59008682,1390
1391,热望,热望,2,tencent_ai_lab_chinese_embedding_light_mirror_mvp,0.52700155,2348,0.56990004,0.59543633,0.53159565,追求,表白与追求,0.60469592,1391
1392,紧身,紧身,2,tencent_ai_lab_chinese_embedding_light_mirror_mvp,0.52141236,2531,0.56986278,0.58378142,0.54898483,亲密,亲密行为,0.61256957,1392
1393,比起,比起,2,tencent_ai_lab_chinese_embedding_light_mirror_mvp,0.50238765,3511,0.56984729,0.58550537,0.54636019,对象,社会比较与人生进度,0.61989784,1393
1394,女人说,女人说,3,tencent_ai_lab_chinese_embedding_light_mirror_mvp,0.65956095,301,0.56958115,0.58345938,0.54876381,女朋友,对象关系,0.57273895,1394
1395,自恋狂,自恋狂,3,tencent_ai_lab_chinese_embedding_light_mirror_mvp,0.48417884,4795,0.56950736,0.57058036,0.56789786,暗恋,恋爱核心,0.59738809,1395
1396,谈上,谈上,2,tencent_ai_lab_chinese_embedding_light_mirror_mvp,0.63123448,459,0.56936944,0.5775916,0.5570361,对象,社会比较与人生进度,0.60750842,1396
1397,谈个,谈个,2,tencent_ai_lab_chinese_embedding_light_mirror_mvp,0.70330007,172,0.56925923,0.57570618,0.55958873,没谈过恋爱,约会,0.62764627,1397
1398,聊着,聊着,2,tencent_ai_lab_chinese_embedding_light_mirror_mvp,0.49395392,4056,0.56919324,0.57655507,0.55815047,对象,表白与追求,0.66013467,1398
1399,四十岁,四十岁,3,tencent_ai_lab_chinese_embedding_light_mirror_mvp,0.52225984,2503,0.56912494,0.60964346,0.50834709,同龄人,社会比较与人生进度,0.59207422,1399
1400,大四,大四,2,tencent_ai_lab_chinese_embedding_light_mirror_mvp,0.49095557,4255,0.56906062,0.60956901,0.50829798,大学恋爱,社会比较与人生进度,0.56257844,1400
1401,出去,出去,2,tencent_ai_lab_chinese_embedding_light_mirror_mvp,0.51646261,2753,0.56899083,0.58510768,0.54481548,散步,约会,0.6328336,1401
1402,有过,有过,2,tencent_ai_lab_chinese_embedding_light_mirror_mvp,0.50281512,3483,0.5689224,0.57753134,0.55600888,没谈过恋爱,社会比较与人生进度,0.64404202,1402
1403,不切实际,不切实际,4,tencent_ai_lab_chinese_embedding_light_mirror_mvp,0.53576277,2011,0.56892085,0.58175516,0.54966933,亲密,社会比较与人生进度,0.59386891,1403
1404,退亲,退亲,2,tencent_ai_lab_chinese_embedding_light_mirror_mvp,0.59583232,764,0.56888652,0.58060265,0.55131227,脱单,单身与脱单,0.59170473,1404
1405,聊起来,聊起来,3,tencent_ai_lab_chinese_embedding_light_mirror_mvp,0.51708853,2726,0.56886846,0.57870466,0.55411416,对象,社会比较与人生进度,0.62028635,1405
1406,备孕,备孕,2,tencent_ai_lab_chinese_embedding_light_mirror_mvp,0.52618759,2374,0.56883419,0.57364333,0.56162047,订婚,婚恋,0.62080646,1406
1407,至爱,至爱,2,tencent_ai_lab_chinese_embedding_light_mirror_mvp,0.50761597,3226,0.56877989,0.57484865,0.55967677,恋爱,恋爱核心,0.59165734,1407
1408,坚持,坚持,2,tencent_ai_lab_chinese_embedding_light_mirror_mvp,0.5223754,2500,0.56874824,0.58519328,0.54408067,追求,表白与追求,0.62510443,1408
1409,粘人,粘人,2,tencent_ai_lab_chinese_embedding_light_mirror_mvp,0.49495568,3981,0.56862718,0.58053952,0.55075866,恋人,亲密行为,0.60991734,1409
1410,健身,健身,2,tencent_ai_lab_chinese_embedding_light_mirror_mvp,0.53541574,2022,0.56852502,0.60112947,0.51961833,单身,单身与脱单,0.52442586,1410
1411,他妈,他妈,2,tencent_ai_lab_chinese_embedding_light_mirror_mvp,0.59159245,806,0.56819403,0.57951212,0.55121684,老公,婚恋,0.60602868,1411
1412,还好,还好,2,tencent_ai_lab_chinese_embedding_light_mirror_mvp,0.52329303,2469,0.56811732,0.59460807,0.52838117,落后,社会比较与人生进度,0.59543955,1412
1413,寝室,寝室,2,tencent_ai_lab_chinese_embedding_light_mirror_mvp,0.571684,1103,0.56799698,0.58473468,0.54289049,同桌,校园恋爱,0.60579902,1413
1414,直男癌,直男癌,3,tencent_ai_lab_chinese_embedding_light_mirror_mvp,0.57648007,1036,0.56795859,0.57992429,0.55001003,前男友,恋爱历史,0.52009684,1414
1415,诚然,诚然,2,tencent_ai_lab_chinese_embedding_light_mirror_mvp,0.5290818,2272,0.56789958,0.59106803,0.53314686,亲密,表白与追求,0.56822568,1415
1416,大肚婆,大肚婆,3,tencent_ai_lab_chinese_embedding_light_mirror_mvp,0.57022717,1125,0.56788814,0.59119076,0.53293419,老婆,婚恋,0.54268634,1416
1417,好想,好想,2,tencent_ai_lab_chinese_embedding_light_mirror_mvp,0.52769371,2321,0.56783295,0.57847619,0.55186814,追求,表白与追求,0.64420938,1417
1418,为情所困,为情所困,4,tencent_ai_lab_chinese_embedding_light_mirror_mvp,0.58867197,850,0.56781816,0.5699755,0.56458205,恋情,表白与追求,0.59087425,1418
1419,好了,好了,2,tencent_ai_lab_chinese_embedding_light_mirror_mvp,0.50918916,3151,0.56765068,0.5941534,0.52789664,落后,社会比较与人生进度,0.5861237,1419
1420,和她,和她,2,tencent_ai_lab_chinese_embedding_light_mirror_mvp,0.62885847,478,0.56760943,0.56939572,0.5649299,前女友,表白与追求,0.60801679,1420
1421,运动,运动,2,tencent_ai_lab_chinese_embedding_light_mirror_mvp,0.49864466,3733,0.5675987,0.60764503,0.50752908,散步,约会,0.5370509,1421
1422,试着,试着,2,tencent_ai_lab_chinese_embedding_light_mirror_mvp,0.48521707,4702,0.56750387,0.58458203,0.54188663,追求,表白与追求,0.61802959,1422
1423,欢笑,欢笑,2,tencent_ai_lab_chinese_embedding_light_mirror_mvp,0.56422598,1244,0.56744742,0.5781374,0.55141234,喜欢的人,表白与追求,0.61249763,1423
1424,下厨,下厨,2,tencent_ai_lab_chinese_embedding_light_mirror_mvp,0.53731486,1970,0.56734782,0.60538793,0.5102877,约饭,约会,0.52581239,1424
1425,过分,过分,2,tencent_ai_lab_chinese_embedding_light_mirror_mvp,0.55823584,1363,0.5672887,0.60088623,0.51689237,落后,社会比较与人生进度,0.58727044,1425
1426,想得到,想得到,3,tencent_ai_lab_chinese_embedding_light_mirror_mvp,0.4873161,4529,0.56722605,0.57414418,0.5568487,追求,表白与追求,0.62782347,1426
1427,母性,母性,2,tencent_ai_lab_chinese_embedding_light_mirror_mvp,0.50004412,3659,0.56720835,0.60093397,0.51661992,母胎单身,婚恋,0.50715733,1427
1428,爱好,爱好,2,tencent_ai_lab_chinese_embedding_light_mirror_mvp,0.51926867,2636,0.56710917,0.58590984,0.53890806,爱情,社会比较与人生进度,0.59707332,1428
1429,没事,没事,2,tencent_ai_lab_chinese_embedding_light_mirror_mvp,0.5380433,1943,0.56702161,0.59647524,0.5228411,没有对象,社会比较与人生进度,0.55733931,1429
1430,人家,人家,2,tencent_ai_lab_chinese_embedding_light_mirror_mvp,0.59988101,710,0.56692475,0.57793009,0.55041665,别人都有对象,社会比较与人生进度,0.60648513,1430
1431,眷念,眷念,2,tencent_ai_lab_chinese_embedding_light_mirror_mvp,0.51078167,3054,0.5668813,0.57349443,0.55696154,初恋,表白与追求,0.60321712,1431
1432,太过,太过,2,tencent_ai_lab_chinese_embedding_light_mirror_mvp,0.48690248,4562,0.56676126,0.57545674,0.55371803,错过青春,社会比较与人生进度,0.6087538,1432
1433,去找,去找,2,tencent_ai_lab_chinese_embedding_light_mirror_mvp,0.57501497,1052,0.56672394,0.5705713,0.56095284,求婚,表白与追求,0.61006284,1433
1434,忘怀,忘怀,2,tencent_ai_lab_chinese_embedding_light_mirror_mvp,0.55071485,1551,0.56669533,0.57616699,0.55248779,感情史,社会比较与人生进度,0.62875426,1434
1435,怀胎,怀胎,2,tencent_ai_lab_chinese_embedding_light_mirror_mvp,0.52543302,2397,0.56668139,0.57870913,0.54863971,母胎单身,婚恋,0.56108898,1435
1436,更爱,更爱,2,tencent_ai_lab_chinese_embedding_light_mirror_mvp,0.50632218,3299,0.56667292,0.57784271,0.54991823,爱情,表白与追求,0.61613107,1436
1437,经常,经常,2,tencent_ai_lab_chinese_embedding_light_mirror_mvp,0.4990015,3713,0.5666393,0.57524717,0.55372739,恋爱经历,社会比较与人生进度,0.6674127,1437
1438,二胎,二胎,2,tencent_ai_lab_chinese_embedding_light_mirror_mvp,0.64922781,358,0.5666163,0.59929609,0.51759666,母胎单身,社会比较与人生进度,0.55300713,1438
1439,要房,要房,2,tencent_ai_lab_chinese_embedding_light_mirror_mvp,0.56038897,1320,0.56660229,0.58270633,0.5424462,求婚,婚恋,0.59582412,1439
1440,抚慰,抚慰,2,tencent_ai_lab_chinese_embedding_light_mirror_mvp,0.51288582,2948,0.56651753,0.58311266,0.54162478,拥抱,亲密行为,0.59545302,1440
1441,有了,有了,2,tencent_ai_lab_chinese_embedding_light_mirror_mvp,0.48587368,4646,0.56648231,0.57235634,0.55767125,别人都有对象,社会比较与人生进度,0.6380235,1441
1442,酒席,酒席,2,tencent_ai_lab_chinese_embedding_light_mirror_mvp,0.63935288,399,0.56637287,0.57727343,0.55002195,婚礼,约会,0.57267839,1442
1443,怀孕,怀孕,2,tencent_ai_lab_chinese_embedding_light_mirror_mvp,0.67157183,257,0.56635314,0.57845277,0.54820365,老公,婚恋,0.61272705,1443
1444,六十多岁,六十多岁,4,tencent_ai_lab_chinese_embedding_light_mirror_mvp,0.48951108,4365,0.56633365,0.59939182,0.51674634,同龄人,社会比较与人生进度,0.59334069,1444
1445,一个女孩,一个女孩,4,tencent_ai_lab_chinese_embedding_light_mirror_mvp,0.60567081,657,0.56632698,0.58957154,0.53146011,女朋友,社会比较与人生进度,0.58301741,1445
1446,老去,老去,2,tencent_ai_lab_chinese_embedding_light_mirror_mvp,0.56362358,1258,0.56629276,0.5779134,0.54886168,老婆,社会比较与人生进度,0.59183896,1446
1447,努力,努力,2,tencent_ai_lab_chinese_embedding_light_mirror_mvp,0.53960934,1890,0.56625593,0.58994055,0.53072906,追求,表白与追求,0.62080526,1447
1448,外人,外人,2,tencent_ai_lab_chinese_embedding_light_mirror_mvp,0.51104256,3038,0.56619889,0.57553244,0.55219847,别人都有对象,社会比较与人生进度,0.58334106,1448
1449,离开,离开,2,tencent_ai_lab_chinese_embedding_light_mirror_mvp,0.51311046,2931,0.56617653,0.58603263,0.53639239,散步,社会比较与人生进度,0.57810724,1449
1450,过上,过上,2,tencent_ai_lab_chinese_embedding_light_mirror_mvp,0.51298659,2939,0.56613982,0.58506095,0.53775817,错过青春,社会比较与人生进度,0.65605867,1450
1451,高龄产妇,高龄产妇,4,tencent_ai_lab_chinese_embedding_light_mirror_mvp,0.53509393,2033,0.56609488,0.59265733,0.52625126,同龄人,社会比较与人生进度,0.56736636,1451
1452,没出息,没出息,3,tencent_ai_lab_chinese_embedding_light_mirror_mvp,0.56282041,1273,0.56608552,0.58158338,0.54283875,没有对象,社会比较与人生进度,0.57248306,1452
1453,情商,情商,2,tencent_ai_lab_chinese_embedding_light_mirror_mvp,0.56411538,1245,0.56604153,0.57063818,0.55914658,情侣,社会比较与人生进度,0.60664672,1453
1454,打动,打动,2,tencent_ai_lab_chinese_embedding_light_mirror_mvp,0.52912577,2270,0.56597131,0.57952249,0.54564458,牵手,表白与追求,0.61071742,1454
1455,三任,三任,2,tencent_ai_lab_chinese_embedding_light_mirror_mvp,0.57343855,1078,0.56585252,0.61134708,0.49761066,前任,恋爱历史,0.53148496,1455
1456,社交活动,社交活动,4,tencent_ai_lab_chinese_embedding_light_mirror_mvp,0.55546598,1423,0.56584859,0.57129312,0.55768174,约会对象,约会,0.6113199,1456
1457,羡慕,羡慕,2,tencent_ai_lab_chinese_embedding_light_mirror_mvp,0.51606307,2772,0.56576163,0.57180202,0.556701,追求,表白与追求,0.65143132,1457
1458,别难过,别难过,3,tencent_ai_lab_chinese_embedding_light_mirror_mvp,0.48436657,4779,0.56571788,0.57914352,0.54557937,错过青春,社会比较与人生进度,0.65597761,1458
1459,放在心里,放在心里,4,tencent_ai_lab_chinese_embedding_light_mirror_mvp,0.54683558,1669,0.56565142,0.57563281,0.55067933,拥抱,表白与追求,0.6290344,1459
1460,重婚罪,重婚罪,3,tencent_ai_lab_chinese_embedding_light_mirror_mvp,0.51159292,3010,0.5656451,0.56793654,0.56220794,结婚,婚恋,0.61348808,1460
1461,三十岁,三十岁,3,tencent_ai_lab_chinese_embedding_light_mirror_mvp,0.56560295,1220,0.56560194,0.59749103,0.51776832,同龄人,社会比较与人生进度,0.59992135,1461
1462,人帅,人帅,2,tencent_ai_lab_chinese_embedding_light_mirror_mvp,0.51041297,3074,0.56556201,0.57472277,0.55182081,喜欢的人,社会比较与人生进度,0.60391736,1462
1463,性别差异,性别差异,4,tencent_ai_lab_chinese_embedding_light_mirror_mvp,0.50711339,3256,0.56555164,0.57653743,0.54907292,别人都有对象,社会比较与人生进度,0.62486434,1463
1464,早操,早操,2,tencent_ai_lab_chinese_embedding_light_mirror_mvp,0.48415108,4800,0.56538963,0.61054456,0.49765721,早恋,校园恋爱,0.49225664,1464
1465,子女,子女,2,tencent_ai_lab_chinese_embedding_light_mirror_mvp,0.60721858,633,0.56538272,0.58729422,0.53251535,妻子,社会比较与人生进度,0.55975568,1465
1466,没要,没要,2,tencent_ai_lab_chinese_embedding_light_mirror_mvp,0.5451975,1708,0.56535292,0.58095574,0.54194874,没有对象,表白与追求,0.54115093,1466
1467,爱神,爱神,2,tencent_ai_lab_chinese_embedding_light_mirror_mvp,0.5678823,1169,0.56518507,0.5878104,0.53124708,爱情,恋爱核心,0.5599308,1467
1468,借口,借口,2,tencent_ai_lab_chinese_embedding_light_mirror_mvp,0.4824106,4928,0.56517094,0.5913434,0.52591217,对象,社会比较与人生进度,0.57210469,1468
1469,独生子女,独生子女,4,tencent_ai_lab_chinese_embedding_light_mirror_mvp,0.52036463,2581,0.56513286,0.59697366,0.51737154,母胎单身,单身与脱单,0.54660571,1469
1470,热忱,热忱,2,tencent_ai_lab_chinese_embedding_light_mirror_mvp,0.5171543,2721,0.56510943,0.57535756,0.54973716,追求,表白与追求,0.60846484,1470
1471,岁月,岁月,2,tencent_ai_lab_chinese_embedding_light_mirror_mvp,0.64343716,379,0.56506145,0.57846892,0.54495019,人生阶段,社会比较与人生进度,0.62316322,1471
1472,六岁,六岁,2,tencent_ai_lab_chinese_embedding_light_mirror_mvp,0.57715845,1024,0.56502295,0.5887388,0.52944916,同龄人,社会比较与人生进度,0.58160627,1472
1473,夜会,夜会,2,tencent_ai_lab_chinese_embedding_light_mirror_mvp,0.49573393,3930,0.5649724,0.59550518,0.5191732,约会,约会,0.56574035,1473
1474,杀夫,杀夫,2,tencent_ai_lab_chinese_embedding_light_mirror_mvp,0.50294461,3473,0.5649628,0.60548311,0.50418228,丈夫,婚恋,0.49838713,1474
1475,真心,真心,2,tencent_ai_lab_chinese_embedding_light_mirror_mvp,0.575823,1041,0.56487608,0.59483683,0.51993495,亲密,亲密行为,0.56593955,1475
1476,才会,才会,2,tencent_ai_lab_chinese_embedding_light_mirror_mvp,0.51080155,3050,0.56480348,0.58624452,0.53264189,约会,社会比较与人生进度,0.61288702,1476
1477,我谈,我谈,2,tencent_ai_lab_chinese_embedding_light_mirror_mvp,0.63900721,401,0.56465,0.5737353,0.55102199,没谈过恋爱,社会比较与人生进度,0.6145246,1477
1478,走极端,走极端,3,tencent_ai_lab_chinese_embedding_light_mirror_mvp,0.49818544,3763,0.56463462,0.58954138,0.52727443,散步,社会比较与人生进度,0.5334025,1478
1479,相待,相待,2,tencent_ai_lab_chinese_embedding_light_mirror_mvp,0.50475471,3383,0.56457925,0.57137239,0.55438954,对象,表白与追求,0.61208868,1479
1480,魂牵梦绕,魂牵梦绕,4,tencent_ai_lab_chinese_embedding_light_mirror_mvp,0.50645162,3296,0.56454307,0.59796101,0.51441604,牵手,亲密行为,0.55186009,1480
1481,疏远,疏远,2,tencent_ai_lab_chinese_embedding_light_mirror_mvp,0.62910746,474,0.56453919,0.57239604,0.55275387,亲密,亲密行为,0.57214904,1481
1482,挽回,挽回,2,tencent_ai_lab_chinese_embedding_light_mirror_mvp,0.52165024,2523,0.56446236,0.58110964,0.53949136,被追,表白与追求,0.61275125,1482
1483,互相支持,互相支持,4,tencent_ai_lab_chinese_embedding_light_mirror_mvp,0.54549226,1701,0.56442761,0.57247716,0.5523532,伴侣,亲密行为,0.58452171,1483
1484,旅行,旅行,2,tencent_ai_lab_chinese_embedding_light_mirror_mvp,0.53890188,1912,0.56406498,0.58496618,0.53271317,散步,约会,0.59684312,1484
1485,认错,认错,2,tencent_ai_lab_chinese_embedding_light_mirror_mvp,0.49283057,4129,0.56403673,0.58250475,0.53633463,错过青春,社会比较与人生进度,0.59193915,1485
1486,接纳,接纳,2,tencent_ai_lab_chinese_embedding_light_mirror_mvp,0.55401038,1468,0.56402862,0.57572222,0.54648823,接吻,亲密行为,0.6101597,1486
1487,选择,选择,2,tencent_ai_lab_chinese_embedding_light_mirror_mvp,0.51533741,2811,0.56397599,0.5892812,0.52601808,追求,社会比较与人生进度,0.60649252,1487
1488,做错事,做错事,3,tencent_ai_lab_chinese_embedding_light_mirror_mvp,0.49778669,3795,0.56395,0.59623682,0.5155198,错过青春,社会比较与人生进度,0.58918166,1488
1489,找个,找个,2,tencent_ai_lab_chinese_embedding_light_mirror_mvp,0.49166392,4210,0.56392497,0.57342041,0.54968172,追求,表白与追求,0.57682073,1489
1490,羞涩,羞涩,2,tencent_ai_lab_chinese_embedding_light_mirror_mvp,0.56087912,1308,0.56388533,0.57240963,0.55109882,暗恋,社会比较与人生进度,0.60601097,1490
1491,缔结,缔结,2,tencent_ai_lab_chinese_embedding_light_mirror_mvp,0.51680511,2741,0.56380796,0.57168227,0.55199641,结婚,亲密行为,0.58378452,1491
1492,宴客,宴客,2,tencent_ai_lab_chinese_embedding_light_mirror_mvp,0.53715512,1976,0.5637337,0.579602,0.53993124,约饭,约会,0.55460262,1492
1493,十六岁,十六岁,3,tencent_ai_lab_chinese_embedding_light_mirror_mvp,0.53345006,2097,0.56373203,0.58910692,0.52566975,同龄人,社会比较与人生进度,0.57749498,1493
1494,爱玩,爱玩,2,tencent_ai_lab_chinese_embedding_light_mirror_mvp,0.4928175,4130,0.56368625,0.57659626,0.54432118,恋爱,恋爱核心,0.57692528,1494
1495,缅怀,缅怀,2,tencent_ai_lab_chinese_embedding_light_mirror_mvp,0.49857039,3736,0.563573,0.5798707,0.53912634,拥抱,表白与追求,0.58930826,1495
1496,琐碎,琐碎,2,tencent_ai_lab_chinese_embedding_light_mirror_mvp,0.48483,4733,0.56351948,0.58099401,0.53730768,落后,社会比较与人生进度,0.58365023,1496
1497,同村,同村,2,tencent_ai_lab_chinese_embedding_light_mirror_mvp,0.50161994,3558,0.56345475,0.57979769,0.53894025,同桌,社会比较与人生进度,0.5332737,1497
1498,新人,新人,2,tencent_ai_lab_chinese_embedding_light_mirror_mvp,0.50385427,3422,0.56325495,0.56518388,0.56036156,恋人,社会比较与人生进度,0.60296172,1498
1499,痴迷,痴迷,2,tencent_ai_lab_chinese_embedding_light_mirror_mvp,0.51388811,2882,0.56319213,0.56364381,0.5625146,初恋,表白与追求,0.62532854,1499
1500,可人,可人,2,tencent_ai_lab_chinese_embedding_light_mirror_mvp,0.53462797,2049,0.56315231,0.5759086,0.54401785,恋人,社会比较与人生进度,0.54489475,1500
1501,有房,有房,2,tencent_ai_lab_chinese_embedding_light_mirror_mvp,0.56291652,1271,0.56314069,0.57033759,0.55234528,结婚,婚恋,0.62933564,1501
1502,人设,人设,2,tencent_ai_lab_chinese_embedding_light_mirror_mvp,0.54281709,1784,0.56311387,0.57037687,0.55221933,人生阶段,社会比较与人生进度,0.63428509,1502
1503,很暖心,很暖心,3,tencent_ai_lab_chinese_embedding_light_mirror_mvp,0.50874015,3170,0.56308383,0.57670844,0.54264683,亲密,亲密行为,0.59729338,1503
1504,回忆,回忆,2,tencent_ai_lab_chinese_embedding_light_mirror_mvp,0.57830842,1005,0.56306577,0.5650897,0.56002986,初恋,社会比较与人生进度,0.62822354,1504
1505,那女,那女,2,tencent_ai_lab_chinese_embedding_light_mirror_mvp,0.51949403,2625,0.56300551,0.58029342,0.53707355,前女友,恋爱历史,0.55078709,1505
1506,并不等于,并不等于,4,tencent_ai_lab_chinese_embedding_light_mirror_mvp,0.48881083,4411,0.56299192,0.56723505,0.55662721,落后,社会比较与人生进度,0.63882357,1506
1507,超友谊,超友谊,3,tencent_ai_lab_chinese_embedding_light_mirror_mvp,0.59063351,823,0.56295335,0.57312816,0.54769117,伴侣,对象关系,0.62652814,1507
1508,喂食,喂食,2,tencent_ai_lab_chinese_embedding_light_mirror_mvp,0.49142402,4226,0.56289327,0.58499253,0.52974439,约饭,约会,0.52763885,1508
1509,执着,执着,2,tencent_ai_lab_chinese_embedding_light_mirror_mvp,0.60375652,671,0.56286603,0.5721947,0.54887307,追求,表白与追求,0.62949419,1509
1510,不堪回首,不堪回首,4,tencent_ai_lab_chinese_embedding_light_mirror_mvp,0.506352,3298,0.56265044,0.5810498,0.53505141,落后,社会比较与人生进度,0.59018356,1510
1511,外出,外出,2,tencent_ai_lab_chinese_embedding_light_mirror_mvp,0.52043761,2578,0.56261575,0.58539408,0.52844816,散步,约会,0.59475768,1511
1512,领先于,领先于,3,tencent_ai_lab_chinese_embedding_light_mirror_mvp,0.54969326,1579,0.56241745,0.59602714,0.51200289,落后,社会比较与人生进度,0.58269799,1512
1513,坦诚相待,坦诚相待,4,tencent_ai_lab_chinese_embedding_light_mirror_mvp,0.62444595,503,0.56240571,0.56779587,0.55432045,亲密,表白与追求,0.62302554,1513
1514,防闺蜜,防闺蜜,3,tencent_ai_lab_chinese_embedding_light_mirror_mvp,0.5040334,3408,0.56237924,0.57417864,0.54468012,亲密关系,亲密行为,0.58568704,1514
1515,相互支持,相互支持,4,tencent_ai_lab_chinese_embedding_light_mirror_mvp,0.51930326,2634,0.56237632,0.57019627,0.55064636,伴侣,亲密行为,0.58389199,1515
1516,年轻貌美,年轻貌美,4,tencent_ai_lab_chinese_embedding_light_mirror_mvp,0.54307733,1777,0.56234902,0.58601272,0.52685344,青春,社会比较与人生进度,0.62187886,1516
1517,坚信,坚信,2,tencent_ai_lab_chinese_embedding_light_mirror_mvp,0.53140634,2178,0.56225663,0.5771659,0.53989267,追求,表白与追求,0.61447901,1517
1518,温暖,温暖,2,tencent_ai_lab_chinese_embedding_light_mirror_mvp,0.54361634,1763,0.56219697,0.57145691,0.548307,亲密,亲密行为,0.59412801,1518
1519,其女,其女,2,tencent_ai_lab_chinese_embedding_light_mirror_mvp,0.53352368,2094,0.56206435,0.57063425,0.54920948,前女友,社会比较与人生进度,0.56831318,1519
1520,感人肺腑,感人肺腑,4,tencent_ai_lab_chinese_embedding_light_mirror_mvp,0.50307026,3469,0.56202543,0.58012456,0.53487664,感情史,社会比较与人生进度,0.58605331,1520
1521,共事,共事,2,tencent_ai_lab_chinese_embedding_light_mirror_mvp,0.53571794,2013,0.56190681,0.57167006,0.54726189,伴侣,约会,0.58075893,1521
1522,没想到,没想到,3,tencent_ai_lab_chinese_embedding_light_mirror_mvp,0.55792866,1373,0.56190246,0.58837831,0.52218866,没有对象,社会比较与人生进度,0.57122314,1522
1523,学校食堂,学校食堂,4,tencent_ai_lab_chinese_embedding_light_mirror_mvp,0.49048151,4291,0.56176126,0.57066965,0.54839861,校服,校园恋爱,0.59029877,1523
1524,活该,活该,2,tencent_ai_lab_chinese_embedding_light_mirror_mvp,0.4829138,4886,0.56170017,0.56851423,0.55147904,被追,社会比较与人生进度,0.62903613,1524
1525,不幸遭遇,不幸遭遇,4,tencent_ai_lab_chinese_embedding_light_mirror_mvp,0.50523783,3352,0.56160432,0.56433362,0.55751032,被追,社会比较与人生进度,0.6685797,1525
1526,欢迎仪式,欢迎仪式,4,tencent_ai_lab_chinese_embedding_light_mirror_mvp,0.50513881,3356,0.56156474,0.56967354,0.54940152,婚礼,表白与追求,0.58137816,1526
1527,照顾,照顾,2,tencent_ai_lab_chinese_embedding_light_mirror_mvp,0.58494644,897,0.56153345,0.56892008,0.55045342,拥抱,婚恋,0.57900053,1527
1528,互动,互动,2,tencent_ai_lab_chinese_embedding_light_mirror_mvp,0.62320046,511,0.56149358,0.56532443,0.55574727,对象,亲密行为,0.62375474,1528
1529,梦想,梦想,2,tencent_ai_lab_chinese_embedding_light_mirror_mvp,0.62201173,516,0.56141841,0.57959116,0.53415918,追求,表白与追求,0.59181809,1529
1530,喜怒哀乐,喜怒哀乐,4,tencent_ai_lab_chinese_embedding_light_mirror_mvp,0.5082732,3197,0.56136209,0.58979666,0.51871014,喜欢的人,表白与追求,0.60537541,1530
1531,相合,相合,2,tencent_ai_lab_chinese_embedding_light_mirror_mvp,0.50180283,3545,0.56135845,0.57334268,0.54338211,对象,亲密行为,0.58742714,1531
1532,没删,没删,2,tencent_ai_lab_chinese_embedding_light_mirror_mvp,0.58906958,842,0.56133693,0.58362484,0.52790505,没有对象,表白与追求,0.52941382,1532
1533,安慰,安慰,2,tencent_ai_lab_chinese_embedding_light_mirror_mvp,0.5437604,1757,0.56133169,0.57134718,0.54630846,告白,表白与追求,0.64627451,1533
1534,不在乎,不在乎,3,tencent_ai_lab_chinese_embedding_light_mirror_mvp,0.50572957,3332,0.56126082,0.58023441,0.53280038,没有对象,社会比较与人生进度,0.58004415,1534
1535,现实,现实,2,tencent_ai_lab_chinese_embedding_light_mirror_mvp,0.56447332,1239,0.56114507,0.56729829,0.55191523,亲密,社会比较与人生进度,0.65412986,1535
1536,抓住,抓住,2,tencent_ai_lab_chinese_embedding_light_mirror_mvp,0.48508897,4713,0.56107616,0.56963384,0.54823959,被追,亲密行为,0.58304501,1536
1537,回去,回去,2,tencent_ai_lab_chinese_embedding_light_mirror_mvp,0.56938791,1137,0.56101805,0.57581103,0.53882855,散步,社会比较与人生进度,0.59353763,1537
1538,女艺人,女艺人,3,tencent_ai_lab_chinese_embedding_light_mirror_mvp,0.54871843,1606,0.5609867,0.57633746,0.53796047,女朋友,对象关系,0.55379558,1538
1539,就定,就定,2,tencent_ai_lab_chinese_embedding_light_mirror_mvp,0.48206561,4951,0.56091821,0.57651454,0.53752375,订婚,约会,0.57193983,1539
1540,和谈,和谈,2,tencent_ai_lab_chinese_embedding_light_mirror_mvp,0.51685134,2739,0.5609169,0.56460011,0.55539209,约会,约会,0.63085526,1540
1541,显然,显然,2,tencent_ai_lab_chinese_embedding_light_mirror_mvp,0.48447422,4769,0.56086117,0.58402598,0.52611399,落后,表白与追求,0.57402945,1541
1542,讲究,讲究,2,tencent_ai_lab_chinese_embedding_light_mirror_mvp,0.50182451,3544,0.5608564,0.58537924,0.52407217,追求,表白与追求,0.55584788,1542
1543,信念,信念,2,tencent_ai_lab_chinese_embedding_light_mirror_mvp,0.5505681,1553,0.56082571,0.5754022,0.53896093,追求,表白与追求,0.60337043,1543
1544,相逢,相逢,2,tencent_ai_lab_chinese_embedding_light_mirror_mvp,0.52609948,2376,0.5607,0.56313622,0.55704558,伴侣,亲密行为,0.62260377,1544
1545,课后,课后,2,tencent_ai_lab_chinese_embedding_light_mirror_mvp,0.50161104,3560,0.56067085,0.58658481,0.52179986,落后,社会比较与人生进度,0.5851928,1545
1546,煽情,煽情,2,tencent_ai_lab_chinese_embedding_light_mirror_mvp,0.54730741,1656,0.56066585,0.57014149,0.54645234,感情史,表白与追求,0.57491446,1546
1547,并不,并不,2,tencent_ai_lab_chinese_embedding_light_mirror_mvp,0.4899455,4326,0.56065798,0.56477237,0.55448627,没有对象,社会比较与人生进度,0.60566306,1547
1548,迈进,迈进,2,tencent_ai_lab_chinese_embedding_light_mirror_mvp,0.49082204,4268,0.56060177,0.57073283,0.54540515,散步,社会比较与人生进度,0.57562113,1548
1549,人选,人选,2,tencent_ai_lab_chinese_embedding_light_mirror_mvp,0.50187503,3541,0.56058365,0.56377739,0.55579299,喜欢的人,社会比较与人生进度,0.63343889,1549
1550,好感,好感,2,tencent_ai_lab_chinese_embedding_light_mirror_mvp,0.50577288,3331,0.56055194,0.56234503,0.55786234,喜欢的人,表白与追求,0.64677715,1550
1551,身边,身边,2,tencent_ai_lab_chinese_embedding_light_mirror_mvp,0.54740713,1651,0.56053662,0.5647397,0.554232,单身,社会比较与人生进度,0.64036304,1551
1552,多爱,多爱,2,tencent_ai_lab_chinese_embedding_light_mirror_mvp,0.54111394,1841,0.56049633,0.56994164,0.54632837,爱情,恋爱核心,0.56948656,1552
1553,护士服,护士服,3,tencent_ai_lab_chinese_embedding_light_mirror_mvp,0.57398118,1071,0.5604676,0.62204587,0.46810016,校服,对象关系,0.3992911,1553
1554,老师,老师,2,tencent_ai_lab_chinese_embedding_light_mirror_mvp,0.58893774,845,0.56045008,0.56846976,0.54842049,老婆,校园恋爱,0.55201268,1554
1555,谈论,谈论,2,tencent_ai_lab_chinese_embedding_light_mirror_mvp,0.49397138,4051,0.56037962,0.57564706,0.53747845,对象,约会,0.6009593,1555
1556,学姐,学姐,2,tencent_ai_lab_chinese_embedding_light_mirror_mvp,0.61090533,595,0.56033075,0.57628059,0.53640592,学生情侣,校园恋爱,0.59900022,1556
1557,社交,社交,2,tencent_ai_lab_chinese_embedding_light_mirror_mvp,0.54774355,1639,0.56032383,0.56116313,0.55906481,恋爱关系,社会比较与人生进度,0.64836729,1557
1558,二十一岁,二十一岁,4,tencent_ai_lab_chinese_embedding_light_mirror_mvp,0.52067847,2566,0.56028539,0.5830586,0.52612555,同龄人,社会比较与人生进度,0.61606693,1558
1559,不懂事,不懂事,3,tencent_ai_lab_chinese_embedding_light_mirror_mvp,0.52113709,2544,0.56027031,0.57892305,0.53229123,没有对象,社会比较与人生进度,0.64238524,1559
1560,说话,说话,2,tencent_ai_lab_chinese_embedding_light_mirror_mvp,0.51576509,2786,0.56027025,0.57077956,0.54450625,对象,社会比较与人生进度,0.61345196,1560
1561,两子,两子,2,tencent_ai_lab_chinese_embedding_light_mirror_mvp,0.48644028,4597,0.56024593,0.59106898,0.51401132,妻子,婚恋,0.52228928,1561
1562,打算,打算,2,tencent_ai_lab_chinese_embedding_light_mirror_mvp,0.51110573,3035,0.56020141,0.56750631,0.54924399,追求,社会比较与人生进度,0.64600956,1562
1563,早逝,早逝,2,tencent_ai_lab_chinese_embedding_light_mirror_mvp,0.55116987,1539,0.56018555,0.58857524,0.51760101,早恋,社会比较与人生进度,0.5943976,1563
1564,快乐的,快乐的,3,tencent_ai_lab_chinese_embedding_light_mirror_mvp,0.5333616,2099,0.56006825,0.57705057,0.53459466,喜欢的人,表白与追求,0.56937468,1564
1565,她有,她有,2,tencent_ai_lab_chinese_embedding_light_mirror_mvp,0.58415797,912,0.55999374,0.5690223,0.54645097,别人都有对象,表白与追求,0.55662912,1565
1566,忽视,忽视,2,tencent_ai_lab_chinese_embedding_light_mirror_mvp,0.51131263,3025,0.55996895,0.57277083,0.54076606,被追,社会比较与人生进度,0.59894997,1566
1567,卑微,卑微,2,tencent_ai_lab_chinese_embedding_light_mirror_mvp,0.53165166,2168,0.55995184,0.57529491,0.53693718,落后,社会比较与人生进度,0.63996333,1567
1568,此生,此生,2,tencent_ai_lab_chinese_embedding_light_mirror_mvp,0.52343985,2465,0.55990672,0.58927876,0.51584864,人生阶段,社会比较与人生进度,0.58797121,1568
1569,该有,该有,2,tencent_ai_lab_chinese_embedding_light_mirror_mvp,0.49797975,3778,0.55984366,0.56190616,0.55674988,被追,社会比较与人生进度,0.59926391,1569
1570,没心没肺,没心没肺,4,tencent_ai_lab_chinese_embedding_light_mirror_mvp,0.51292862,2945,0.55981213,0.5783897,0.53194571,没有对象,单身与脱单,0.60370135,1570
1571,分居,分居,2,tencent_ai_lab_chinese_embedding_light_mirror_mvp,0.58899716,844,0.55979949,0.56358886,0.55411536,单身,婚恋,0.60189009,1571
1572,不幸,不幸,2,tencent_ai_lab_chinese_embedding_light_mirror_mvp,0.49257905,4150,0.55974406,0.58046508,0.52866244,落后,社会比较与人生进度,0.61801577,1572
1573,务实,务实,2,tencent_ai_lab_chinese_embedding_light_mirror_mvp,0.52481154,2418,0.55965173,0.57884979,0.53085464,亲密,社会比较与人生进度,0.53912979,1573
1574,亲生父母,亲生父母,4,tencent_ai_lab_chinese_embedding_light_mirror_mvp,0.56242561,1282,0.55957019,0.5664084,0.54931277,亲密关系,亲密行为,0.56035495,1574
1575,堕胎,堕胎,2,tencent_ai_lab_chinese_embedding_light_mirror_mvp,0.54860258,1610,0.55952805,0.5957135,0.50524986,母胎单身,单身与脱单,0.54172122,1575
1576,十二岁,十二岁,3,tencent_ai_lab_chinese_embedding_light_mirror_mvp,0.53197647,2151,0.55923057,0.58207798,0.52495939,同龄人,社会比较与人生进度,0.60347867,1576
1577,学妹,学妹,2,tencent_ai_lab_chinese_embedding_light_mirror_mvp,0.68299128,225,0.55920208,0.58376634,0.52235574,学生情侣,校园恋爱,0.59472477,1577
1578,动手动脚,动手动脚,4,tencent_ai_lab_chinese_embedding_light_mirror_mvp,0.54593667,1685,0.55917633,0.59850967,0.50017619,牵手,亲密行为,0.50169164,1578
1579,信步,信步,2,tencent_ai_lab_chinese_embedding_light_mirror_mvp,0.49623502,3896,0.55915964,0.61691684,0.47252384,散步,约会,0.49978215,1579
1580,下班后,下班后,3,tencent_ai_lab_chinese_embedding_light_mirror_mvp,0.57234696,1092,0.55914372,0.58356881,0.52250606,落后,社会比较与人生进度,0.61315417,1580
1581,情深意长,情深意长,4,tencent_ai_lab_chinese_embedding_light_mirror_mvp,0.53328979,2103,0.55912179,0.5621922,0.55451614,感情史,表白与追求,0.59326482,1581
1582,要钱,要钱,2,tencent_ai_lab_chinese_embedding_light_mirror_mvp,0.54237775,1803,0.55904758,0.56935024,0.54359359,被追,表白与追求,0.5666073,1582
1583,成年,成年,2,tencent_ai_lab_chinese_embedding_light_mirror_mvp,0.54031337,1866,0.55901194,0.57077402,0.54136872,同龄人,社会比较与人生进度,0.6212939,1583
1584,诉说,诉说,2,tencent_ai_lab_chinese_embedding_light_mirror_mvp,0.51345143,2914,0.55901122,0.58026719,0.52712721,告白,表白与追求,0.58109403,1584
1585,村里人,村里人,3,tencent_ai_lab_chinese_embedding_light_mirror_mvp,0.55479517,1442,0.55889648,0.56854194,0.54442817,同龄人,社会比较与人生进度,0.57336044,1585
1586,倾向于,倾向于,3,tencent_ai_lab_chinese_embedding_light_mirror_mvp,0.5286294,2283,0.5587697,0.56299508,0.55243158,追求,社会比较与人生进度,0.65330434,1586
1587,童年,童年,2,tencent_ai_lab_chinese_embedding_light_mirror_mvp,0.59786075,739,0.55867046,0.58077359,0.52551579,青春,社会比较与人生进度,0.57981741,1587
1588,有性,有性,2,tencent_ai_lab_chinese_embedding_light_mirror_mvp,0.56366484,1255,0.55861157,0.56208688,0.55339855,别人都有对象,社会比较与人生进度,0.60447252,1588
1589,感觉,感觉,2,tencent_ai_lab_chinese_embedding_light_mirror_mvp,0.49146898,4221,0.55855632,0.57516235,0.53364724,感情史,社会比较与人生进度,0.60163498,1589
1590,看重,看重,2,tencent_ai_lab_chinese_embedding_light_mirror_mvp,0.54901801,1595,0.55854714,0.57054377,0.54055208,追求,社会比较与人生进度,0.59084582,1590
1591,挚友,挚友,2,tencent_ai_lab_chinese_embedding_light_mirror_mvp,0.62601726,491,0.55850255,0.55916864,0.55750346,亲密,对象关系,0.6340332,1591
1592,过度,过度,2,tencent_ai_lab_chinese_embedding_light_mirror_mvp,0.50684136,3271,0.55844772,0.58301377,0.52159864,落后,社会比较与人生进度,0.61076128,1592
1593,受害者,受害者,3,tencent_ai_lab_chinese_embedding_light_mirror_mvp,0.48168977,4985,0.55844122,0.58056581,0.52525431,被追,表白与追求,0.53623235,1593
1594,家庭中,家庭中,3,tencent_ai_lab_chinese_embedding_light_mirror_mvp,0.56629684,1203,0.55843997,0.56147039,0.5538944,老公,社会比较与人生进度,0.60133541,1594
1595,热烈,热烈,2,tencent_ai_lab_chinese_embedding_light_mirror_mvp,0.51926434,2637,0.55838346,0.57531118,0.53299183,亲密,表白与追求,0.6244635,1595
1596,热衷于,热衷于,3,tencent_ai_lab_chinese_embedding_light_mirror_mvp,0.53934895,1897,0.55834967,0.56566072,0.54738307,喜欢的人,表白与追求,0.63452411,1596
1597,九岁,九岁,2,tencent_ai_lab_chinese_embedding_light_mirror_mvp,0.54934342,1585,0.55834764,0.57756138,0.52952695,同龄人,社会比较与人生进度,0.5850302,1597
1598,奋斗,奋斗,2,tencent_ai_lab_chinese_embedding_light_mirror_mvp,0.5599292,1326,0.55828118,0.57347059,0.53549701,追求,社会比较与人生进度,0.62787068,1598
1599,老奶奶,老奶奶,3,tencent_ai_lab_chinese_embedding_light_mirror_mvp,0.52009089,2590,0.55809247,0.58603388,0.51618028,老婆,婚恋,0.49349311,1599
1600,气不过,气不过,3,tencent_ai_lab_chinese_embedding_light_mirror_mvp,0.53487873,2039,0.55804074,0.57570648,0.531542,落后,社会比较与人生进度,0.59871399,1600
1601,陪我,陪我,2,tencent_ai_lab_chinese_embedding_light_mirror_mvp,0.5117597,2999,0.55803704,0.5655508,0.5467664,伴侣,表白与追求,0.58601618,1601
1602,低调,低调,2,tencent_ai_lab_chinese_embedding_light_mirror_mvp,0.48836623,4443,0.55802643,0.59096521,0.50861818,落后,社会比较与人生进度,0.58013928,1602
1603,场合,场合,2,tencent_ai_lab_chinese_embedding_light_mirror_mvp,0.50690395,3267,0.55801243,0.56346905,0.54982746,约会,约会,0.61830676,1603
1604,老父,老父,2,tencent_ai_lab_chinese_embedding_light_mirror_mvp,0.63166255,454,0.55795538,0.56762266,0.54345435,老婆,婚恋,0.55274034,1604
1605,性事,性事,2,tencent_ai_lab_chinese_embedding_light_mirror_mvp,0.59154369,810,0.55795085,0.57442343,0.53324193,感情史,对象关系,0.56960702,1605
1606,提倡,提倡,2,tencent_ai_lab_chinese_embedding_light_mirror_mvp,0.50990161,3106,0.55782932,0.58911419,0.51090193,追求,表白与追求,0.55170918,1606
1607,她也,她也,2,tencent_ai_lab_chinese_embedding_light_mirror_mvp,0.59630766,757,0.55766904,0.5634495,0.54899842,老婆,婚恋,0.58101642,1607
1608,见个面,见个面,3,tencent_ai_lab_chinese_embedding_light_mirror_mvp,0.55252573,1507,0.55762529,0.55900198,0.55556017,约饭,约会,0.66106403,1608
1609,人际,人际,2,tencent_ai_lab_chinese_embedding_light_mirror_mvp,0.60976765,604,0.55760467,0.56311369,0.5493412,人生阶段,社会比较与人生进度,0.62963539,1609
1610,看书,看书,2,tencent_ai_lab_chinese_embedding_light_mirror_mvp,0.52808683,2312,0.55748922,0.58164603,0.52125388,看电影,社会比较与人生进度,0.55109882,1610
1611,小伙,小伙,2,tencent_ai_lab_chinese_embedding_light_mirror_mvp,0.55535054,1427,0.55745399,0.56304526,0.54906702,同龄人,社会比较与人生进度,0.60711348,1611
1612,失业,失业,2,tencent_ai_lab_chinese_embedding_light_mirror_mvp,0.48994621,4325,0.55742073,0.56842452,0.54091501,脱单,社会比较与人生进度,0.60000372,1612
1613,第一胎,第一胎,3,tencent_ai_lab_chinese_embedding_light_mirror_mvp,0.58839562,854,0.55738676,0.56925458,0.53958493,母胎单身,婚恋,0.5495469,1613
1614,记忆,记忆,2,tencent_ai_lab_chinese_embedding_light_mirror_mvp,0.54986086,1574,0.55736983,0.56578332,0.5447495,感情史,社会比较与人生进度,0.61389488,1614
1615,姑娘,姑娘,2,tencent_ai_lab_chinese_embedding_light_mirror_mvp,0.65511308,326,0.557329,0.56305277,0.54874331,结婚,婚恋,0.61071932,1615
1616,热衷,热衷,2,tencent_ai_lab_chinese_embedding_light_mirror_mvp,0.54194609,1814,0.55730009,0.55958575,0.55387145,喜欢的人,表白与追求,0.64199793,1616
1617,一家人,一家人,3,tencent_ai_lab_chinese_embedding_light_mirror_mvp,0.65274678,344,0.55728698,0.56293565,0.548814,同龄人,婚恋,0.59030938,1617
1618,喜讯,喜讯,2,tencent_ai_lab_chinese_embedding_light_mirror_mvp,0.49168798,4208,0.55728471,0.58071566,0.5221383,喜欢的人,表白与追求,0.62757355,1618
1619,贱人,贱人,2,tencent_ai_lab_chinese_embedding_light_mirror_mvp,0.52698406,2350,0.55723286,0.56547779,0.54486543,恋人,社会比较与人生进度,0.55649704,1619
1620,派对,派对,2,tencent_ai_lab_chinese_embedding_light_mirror_mvp,0.61326634,574,0.5570879,0.56513023,0.54502428,对象,约会,0.56467938,1620
1621,年幼,年幼,2,tencent_ai_lab_chinese_embedding_light_mirror_mvp,0.52713364,2343,0.55708253,0.57625145,0.52832907,同龄人,社会比较与人生进度,0.59321654,1621
1622,寻找幸福,寻找幸福,4,tencent_ai_lab_chinese_embedding_light_mirror_mvp,0.62086636,526,0.55704451,0.57064903,0.5366376,追求,表白与追求,0.57917118,1622
1623,男女平等,男女平等,4,tencent_ai_lab_chinese_embedding_light_mirror_mvp,0.4925393,4155,0.55690485,0.56265843,0.5482744,对象,社会比较与人生进度,0.61559749,1623
1624,农妇,农妇,2,tencent_ai_lab_chinese_embedding_light_mirror_mvp,0.56290574,1272,0.55686617,0.57028782,0.53673369,妻子,婚恋,0.56531191,1624
1625,生儿育女,生儿育女,4,tencent_ai_lab_chinese_embedding_light_mirror_mvp,0.65272558,345,0.55675358,0.57393622,0.53097957,母胎单身,婚恋,0.56066275,1625
1626,十一岁,十一岁,3,tencent_ai_lab_chinese_embedding_light_mirror_mvp,0.54740258,1652,0.55665672,0.57736528,0.52559382,同龄人,社会比较与人生进度,0.57999748,1626
1627,甜蜜蜜,甜蜜蜜,3,tencent_ai_lab_chinese_embedding_light_mirror_mvp,0.56711576,1183,0.55661023,0.5753271,0.52853483,亲密,亲密行为,0.57723546,1627
1628,三个人,三个人,3,tencent_ai_lab_chinese_embedding_light_mirror_mvp,0.50538591,3345,0.556566,0.56004131,0.5513531,同龄人,社会比较与人生进度,0.60337102,1628
1629,喜庆,喜庆,2,tencent_ai_lab_chinese_embedding_light_mirror_mvp,0.51463183,2848,0.55630732,0.57320046,0.53096747,喜欢的人,表白与追求,0.57550806,1629
1630,珍惜,珍惜,2,tencent_ai_lab_chinese_embedding_light_mirror_mvp,0.56804345,1163,0.5562762,0.55946994,0.55148548,恋情,表白与追求,0.64050841,1630
1631,不然,不然,2,tencent_ai_lab_chinese_embedding_light_mirror_mvp,0.49746525,3818,0.55623585,0.57560599,0.52718055,落后,社会比较与人生进度,0.57930744,1631
1632,向往,向往,2,tencent_ai_lab_chinese_embedding_light_mirror_mvp,0.63204747,448,0.55623162,0.57467401,0.52856809,追求,表白与追求,0.61202586,1632
1633,共同语言,共同语言,4,tencent_ai_lab_chinese_embedding_light_mirror_mvp,0.5514805,1529,0.5562315,0.56050384,0.54982299,同桌,社会比较与人生进度,0.56464052,1633
1634,偷看,偷看,2,tencent_ai_lab_chinese_embedding_light_mirror_mvp,0.50933945,3146,0.55621326,0.5607785,0.5493654,看电影,表白与追求,0.56847394,1634
1635,四岁,四岁,2,tencent_ai_lab_chinese_embedding_light_mirror_mvp,0.56330464,1264,0.55620807,0.58286798,0.51621819,同龄人,社会比较与人生进度,0.58279753,1635
1636,宿舍,宿舍,2,tencent_ai_lab_chinese_embedding_light_mirror_mvp,0.55735224,1389,0.5561353,0.56201392,0.54731733,校服,校园恋爱,0.60934114,1636
1637,忘不掉,忘不掉,3,tencent_ai_lab_chinese_embedding_light_mirror_mvp,0.68006501,230,0.55609399,0.57312489,0.53054768,错过青春,社会比较与人生进度,0.60649157,1637
1638,考虑,考虑,2,tencent_ai_lab_chinese_embedding_light_mirror_mvp,0.51150833,3015,0.55607253,0.57044923,0.53450751,追求,表白与追求,0.59077168,1638
1639,他爷,他爷,2,tencent_ai_lab_chinese_embedding_light_mirror_mvp,0.48897052,4399,0.5560298,0.57082015,0.53384423,老公,婚恋,0.5500254,1639
1640,一往情深,一往情深,4,tencent_ai_lab_chinese_embedding_light_mirror_mvp,0.64349928,377,0.55601883,0.56213862,0.546839,感情史,恋爱历史,0.59086317,1640
1641,感同身受,感同身受,4,tencent_ai_lab_chinese_embedding_light_mirror_mvp,0.48753527,4512,0.55596954,0.56147462,0.54771185,亲密,社会比较与人生进度,0.61335945,1641
1642,闲聊,闲聊,2,tencent_ai_lab_chinese_embedding_light_mirror_mvp,0.55226352,1514,0.55596477,0.56711549,0.53923869,亲密,社会比较与人生进度,0.62422228,1642
1643,心情愉快,心情愉快,4,tencent_ai_lab_chinese_embedding_light_mirror_mvp,0.49680523,3853,0.55594683,0.55991608,0.54999286,喜欢的人,社会比较与人生进度,0.61407411,1643
1644,完满,完满,2,tencent_ai_lab_chinese_embedding_light_mirror_mvp,0.48768846,4503,0.55593634,0.57699084,0.52435464,落后,社会比较与人生进度,0.55952799,1644
1645,七十多岁,七十多岁,4,tencent_ai_lab_chinese_embedding_light_mirror_mvp,0.49843298,3746,0.55591893,0.58827865,0.50737929,同龄人,社会比较与人生进度,0.59450102,1645
1646,不正经,不正经,3,tencent_ai_lab_chinese_embedding_light_mirror_mvp,0.48524751,4699,0.55581802,0.57218695,0.5312646,没有对象,社会比较与人生进度,0.60114384,1646
1647,漂亮女人,漂亮女人,4,tencent_ai_lab_chinese_embedding_light_mirror_mvp,0.57443593,1063,0.55574071,0.57124972,0.5324772,女朋友,对象关系,0.52170455,1647
1648,报复,报复,2,tencent_ai_lab_chinese_embedding_light_mirror_mvp,0.49690297,3843,0.5556547,0.57720649,0.52332693,被追,表白与追求,0.58820522,1648
1649,学弟,学弟,2,tencent_ai_lab_chinese_embedding_light_mirror_mvp,0.59536455,768,0.55564427,0.5771153,0.52343768,学生情侣,校园恋爱,0.57507181,1649
1650,小小年纪,小小年纪,4,tencent_ai_lab_chinese_embedding_light_mirror_mvp,0.53379931,2080,0.55560982,0.58108878,0.51739126,同龄人,社会比较与人生进度,0.59954894,1650
1651,家庭成员,家庭成员,4,tencent_ai_lab_chinese_embedding_light_mirror_mvp,0.55446677,1452,0.55557495,0.56068617,0.54790807,同龄人,社会比较与人生进度,0.59391928,1651
1652,两岁半,两岁半,3,tencent_ai_lab_chinese_embedding_light_mirror_mvp,0.48543525,4680,0.55557483,0.57415545,0.52770394,同龄人,社会比较与人生进度,0.60975432,1652
1653,简爱,简爱,2,tencent_ai_lab_chinese_embedding_light_mirror_mvp,0.51531446,2812,0.55548906,0.56105042,0.54714698,恋爱,表白与追求,0.60140204,1653
1654,受罪,受罪,2,tencent_ai_lab_chinese_embedding_light_mirror_mvp,0.482754,4901,0.55548656,0.59765589,0.49223253,被追,社会比较与人生进度,0.53602099,1654
1655,倾向,倾向,2,tencent_ai_lab_chinese_embedding_light_mirror_mvp,0.53450953,2052,0.55548501,0.55961949,0.54928327,追求,社会比较与人生进度,0.64098978,1655
1656,七八岁,七八岁,3,tencent_ai_lab_chinese_embedding_light_mirror_mvp,0.51394345,2879,0.55541158,0.56941134,0.53441197,同龄人,社会比较与人生进度,0.59407425,1656
1657,践行,践行,2,tencent_ai_lab_chinese_embedding_light_mirror_mvp,0.50683088,3273,0.55537719,0.57711744,0.52276677,追求,表白与追求,0.58436453,1657
1658,共性,共性,2,tencent_ai_lab_chinese_embedding_light_mirror_mvp,0.49870692,3729,0.55532408,0.55704391,0.55274433,伴侣,社会比较与人生进度,0.58396435,1658
1659,楼主,楼主,2,tencent_ai_lab_chinese_embedding_light_mirror_mvp,0.53987473,1879,0.55530471,0.55884767,0.54999024,恋爱经验,社会比较与人生进度,0.65959871,1659
1660,朋友说,朋友说,3,tencent_ai_lab_chinese_embedding_light_mirror_mvp,0.6371936,421,0.55503553,0.55935037,0.54856318,女朋友,社会比较与人生进度,0.6029824,1660
1661,请帖,请帖,2,tencent_ai_lab_chinese_embedding_light_mirror_mvp,0.5490418,1594,0.55498195,0.57656729,0.52260393,求婚,表白与追求,0.56090808,1661
1662,念念不忘,念念不忘,4,tencent_ai_lab_chinese_embedding_light_mirror_mvp,0.60799916,626,0.55496317,0.56150436,0.54515141,初恋,恋爱历史,0.60788172,1662
1663,好聚好散,好聚好散,4,tencent_ai_lab_chinese_embedding_light_mirror_mvp,0.60270144,683,0.55496037,0.57419902,0.5261023,散步,约会,0.57720536,1663
1664,相见,相见,2,tencent_ai_lab_chinese_embedding_light_mirror_mvp,0.55303764,1495,0.55486822,0.56296575,0.54272181,对象,表白与追求,0.61836857,1664
1665,终身,终身,2,tencent_ai_lab_chinese_embedding_light_mirror_mvp,0.48160311,4997,0.55475843,0.57781631,0.52017164,单身,单身与脱单,0.54524386,1665
1666,后妈,后妈,2,tencent_ai_lab_chinese_embedding_light_mirror_mvp,0.71507092,147,0.55474538,0.57514596,0.52414441,前女友,恋爱历史,0.5132603,1666
1667,契合,契合,2,tencent_ai_lab_chinese_embedding_light_mirror_mvp,0.49664304,3865,0.55468571,0.55534059,0.55370337,结婚,亲密行为,0.61573195,1667
1668,共赴,共赴,2,tencent_ai_lab_chinese_embedding_light_mirror_mvp,0.53345258,2096,0.55465925,0.56198108,0.54367644,约会,约会,0.63466752,1668
1669,妃子,妃子,2,tencent_ai_lab_chinese_embedding_light_mirror_mvp,0.48384561,4819,0.55464774,0.59539753,0.49352303,妻子,婚恋,0.53337806,1669
1670,少男少女,少男少女,4,tencent_ai_lab_chinese_embedding_light_mirror_mvp,0.57935541,988,0.5546217,0.5657357,0.53795069,青春,校园恋爱,0.58079404,1670
1671,很气,很气,2,tencent_ai_lab_chinese_embedding_light_mirror_mvp,0.51082311,3048,0.55450618,0.58090252,0.51491165,落后,社会比较与人生进度,0.5677352,1671
1672,很甜,很甜,2,tencent_ai_lab_chinese_embedding_light_mirror_mvp,0.50934784,3144,0.55447876,0.57071066,0.5301308,亲密,亲密行为,0.59515011,1672
1673,新衣服,新衣服,3,tencent_ai_lab_chinese_embedding_light_mirror_mvp,0.54520764,1707,0.55445397,0.5917201,0.49855462,校服,婚恋,0.48905563,1673
1674,性快感,性快感,3,tencent_ai_lab_chinese_embedding_light_mirror_mvp,0.55805222,1371,0.55444521,0.58239079,0.51252681,感情史,恋爱历史,0.54401511,1674
1675,性欲,性欲,2,tencent_ai_lab_chinese_embedding_light_mirror_mvp,0.56745286,1177,0.55432296,0.56308627,0.54117793,感情史,表白与追求,0.56819212,1675
1676,身材,身材,2,tencent_ai_lab_chinese_embedding_light_mirror_mvp,0.48313544,4873,0.55420858,0.58807123,0.50341451,单身,社会比较与人生进度,0.53254503,1676
1677,持家,持家,2,tencent_ai_lab_chinese_embedding_light_mirror_mvp,0.57149642,1107,0.55419564,0.57188857,0.5276562,拥抱,婚恋,0.56564814,1677
1678,社会群体,社会群体,4,tencent_ai_lab_chinese_embedding_light_mirror_mvp,0.51412807,2873,0.55419374,0.57075799,0.5293473,同龄人,社会比较与人生进度,0.59884787,1678
1679,毕业,毕业,2,tencent_ai_lab_chinese_embedding_light_mirror_mvp,0.53816516,1936,0.5541569,0.56335855,0.54035443,青春,社会比较与人生进度,0.63539767,1679
1680,当了,当了,2,tencent_ai_lab_chinese_embedding_light_mirror_mvp,0.51324596,2927,0.55403638,0.56813413,0.53288978,被追,社会比较与人生进度,0.64808244,1680
1681,买房子,买房子,3,tencent_ai_lab_chinese_embedding_light_mirror_mvp,0.5995551,715,0.55400646,0.56680638,0.53480655,结婚,婚恋,0.59249985,1681
1682,任课老师,任课老师,4,tencent_ai_lab_chinese_embedding_light_mirror_mvp,0.59878857,724,0.55394554,0.56623018,0.53551859,前任,校园恋爱,0.5625239,1682
1683,难堪,难堪,2,tencent_ai_lab_chinese_embedding_light_mirror_mvp,0.50222628,3522,0.55390996,0.5644573,0.53808886,落后,社会比较与人生进度,0.58856118,1683
1684,强烈,强烈,2,tencent_ai_lab_chinese_embedding_light_mirror_mvp,0.49197937,4188,0.55390811,0.56769079,0.53323406,亲密,表白与追求,0.60465038,1684
1685,女权,女权,2,tencent_ai_lab_chinese_embedding_light_mirror_mvp,0.49258935,4148,0.55388331,0.56783289,0.53295892,女朋友,婚恋,0.57070595,1685
1686,在他,在他,2,tencent_ai_lab_chinese_embedding_light_mirror_mvp,0.53026646,2220,0.5538106,0.55634892,0.55000311,老公,表白与追求,0.58193731,1686
1687,那会儿,那会儿,3,tencent_ai_lab_chinese_embedding_light_mirror_mvp,0.48826384,4454,0.55374253,0.57188356,0.52653104,约会,约会,0.6065082,1687
1688,女宝,女宝,2,tencent_ai_lab_chinese_embedding_light_mirror_mvp,0.52181895,2514,0.55373526,0.5745495,0.52251381,女朋友,对象关系,0.54229939,1688
1689,一同,一同,2,tencent_ai_lab_chinese_embedding_light_mirror_mvp,0.50087501,3598,0.55373013,0.56031352,0.54385495,同龄人,社会比较与人生进度,0.54951781,1689
1690,心扉,心扉,2,tencent_ai_lab_chinese_embedding_light_mirror_mvp,0.53820784,1935,0.55372727,0.56155932,0.54197913,感情史,社会比较与人生进度,0.58187729,1690
1691,逐梦,逐梦,2,tencent_ai_lab_chinese_embedding_light_mirror_mvp,0.55573395,1417,0.55371261,0.58237606,0.51071733,追求,表白与追求,0.52987593,1691
1692,相互指责,相互指责,4,tencent_ai_lab_chinese_embedding_light_mirror_mvp,0.50318995,3463,0.55369258,0.56229562,0.54078799,对象,社会比较与人生进度,0.56171024,1692
1693,期待,期待,2,tencent_ai_lab_chinese_embedding_light_mirror_mvp,0.49653522,3876,0.55366278,0.56731415,0.53318572,追求,社会比较与人生进度,0.62355816,1693
1694,分了,分了,2,tencent_ai_lab_chinese_embedding_light_mirror_mvp,0.48715158,4542,0.553635,0.55808258,0.54696351,前任,社会比较与人生进度,0.62132514,1694
1695,就算,就算,2,tencent_ai_lab_chinese_embedding_light_mirror_mvp,0.53201783,2148,0.55360872,0.56671917,0.533943,对象,社会比较与人生进度,0.61118114,1695
1696,休息,休息,2,tencent_ai_lab_chinese_embedding_light_mirror_mvp,0.5225284,2491,0.55337167,0.57317293,0.52366972,散步,约会,0.58478487,1696
1697,辞掉,辞掉,2,tencent_ai_lab_chinese_embedding_light_mirror_mvp,0.54844724,1616,0.55315703,0.57329082,0.52295631,脱单,社会比较与人生进度,0.55307198,1697
1698,蹉跎,蹉跎,2,tencent_ai_lab_chinese_embedding_light_mirror_mvp,0.55945461,1332,0.55314016,0.57060432,0.52694392,错过青春,社会比较与人生进度,0.63090503,1698
1699,生子,生子,2,tencent_ai_lab_chinese_embedding_light_mirror_mvp,0.71058121,159,0.55310255,0.5718919,0.52491856,妻子,婚恋,0.57084453,1699
1700,看我,看我,2,tencent_ai_lab_chinese_embedding_light_mirror_mvp,0.54898887,1596,0.55310255,0.56023788,0.54239947,看电影,表白与追求,0.57276738,1700
1701,很忙,很忙,2,tencent_ai_lab_chinese_embedding_light_mirror_mvp,0.49298376,4120,0.5530926,0.56339991,0.53763163,亲密,社会比较与人生进度,0.60021055,1701
1702,蹉跎岁月,蹉跎岁月,4,tencent_ai_lab_chinese_embedding_light_mirror_mvp,0.57536812,1047,0.55308777,0.55551195,0.54945153,错过青春,社会比较与人生进度,0.63035297,1702
1703,体现出,体现出,3,tencent_ai_lab_chinese_embedding_light_mirror_mvp,0.49639853,3885,0.55308485,0.56463999,0.53575212,落后,社会比较与人生进度,0.63309646,1703
1704,不愉快,不愉快,3,tencent_ai_lab_chinese_embedding_light_mirror_mvp,0.54200444,1812,0.55300289,0.56474876,0.535384,落后,社会比较与人生进度,0.6028223,1704
1705,忘掉,忘掉,2,tencent_ai_lab_chinese_embedding_light_mirror_mvp,0.53663249,1988,0.55298483,0.57097173,0.52600449,错过青春,社会比较与人生进度,0.59828985,1705
1706,扎心,扎心,2,tencent_ai_lab_chinese_embedding_light_mirror_mvp,0.50361675,3435,0.55296385,0.56027031,0.54200417,亲密,亲密行为,0.59770525,1706
1707,客观现实,客观现实,4,tencent_ai_lab_chinese_embedding_light_mirror_mvp,0.4852834,4694,0.55285048,0.556086,0.54799724,亲密,社会比较与人生进度,0.62822777,1707
1708,两口子,两口子,3,tencent_ai_lab_chinese_embedding_light_mirror_mvp,0.71703725,142,0.55280495,0.56481189,0.53479439,妻子,社会比较与人生进度,0.57805407,1708
1709,有空,有空,2,tencent_ai_lab_chinese_embedding_light_mirror_mvp,0.48667387,4581,0.55270493,0.56247824,0.53804487,没有对象,社会比较与人生进度,0.61909556,1709
1710,熟稔,熟稔,2,tencent_ai_lab_chinese_embedding_light_mirror_mvp,0.51825789,2674,0.55268496,0.57664549,0.51674414,亲密,亲密行为,0.59596467,1710
1711,八十多岁,八十多岁,4,tencent_ai_lab_chinese_embedding_light_mirror_mvp,0.50129004,3577,0.55257857,0.5843544,0.50491482,同龄人,社会比较与人生进度,0.60768682,1711
1712,着迷,着迷,2,tencent_ai_lab_chinese_embedding_light_mirror_mvp,0.50401332,3413,0.55256504,0.55562246,0.54797882,追求,表白与追求,0.63191766,1712
1713,平时,平时,2,tencent_ai_lab_chinese_embedding_light_mirror_mvp,0.489189,4386,0.55256242,0.56371307,0.5358364,对象,社会比较与人生进度,0.65225303,1713
1714,信任危机,信任危机,4,tencent_ai_lab_chinese_embedding_light_mirror_mvp,0.52280329,2479,0.55254805,0.56674445,0.53125346,前任,恋爱历史,0.542454,1714
1715,志同道合,志同道合,4,tencent_ai_lab_chinese_embedding_light_mirror_mvp,0.52593172,2379,0.55253565,0.56105828,0.53975171,同桌,社会比较与人生进度,0.59397113,1715
1716,莫名其妙,莫名其妙,4,tencent_ai_lab_chinese_embedding_light_mirror_mvp,0.51299317,2938,0.55251962,0.56449234,0.5345605,落后,社会比较与人生进度,0.59021568,1716
1717,形单影只,形单影只,4,tencent_ai_lab_chinese_embedding_light_mirror_mvp,0.48217708,4942,0.55251735,0.5634262,0.53615403,单身,单身与脱单,0.6012274,1717
1718,太想,太想,2,tencent_ai_lab_chinese_embedding_light_mirror_mvp,0.48425863,4790,0.55232137,0.5572024,0.54499984,追求,表白与追求,0.63089162,1718
1719,寻梦,寻梦,2,tencent_ai_lab_chinese_embedding_light_mirror_mvp,0.50712297,3255,0.55227011,0.57361007,0.52026016,追求,表白与追求,0.57041836,1719
1720,育有,育有,2,tencent_ai_lab_chinese_embedding_light_mirror_mvp,0.63614221,429,0.55224586,0.56330884,0.53565139,拥抱,社会比较与人生进度,0.599244,1720
1721,学历,学历,2,tencent_ai_lab_chinese_embedding_light_mirror_mvp,0.51003963,3098,0.55219769,0.56431115,0.53402752,恋爱经历,社会比较与人生进度,0.62396264,1721
1722,重男轻女,重男轻女,4,tencent_ai_lab_chinese_embedding_light_mirror_mvp,0.53764107,1958,0.55215895,0.56264025,0.53643703,前男友,社会比较与人生进度,0.58530307,1722
1723,生母,生母,2,tencent_ai_lab_chinese_embedding_light_mirror_mvp,0.56973026,1131,0.55213463,0.57781857,0.51360875,母胎单身,婚恋,0.53845429,1723
1724,私下里,私下里,3,tencent_ai_lab_chinese_embedding_light_mirror_mvp,0.52059416,2569,0.55212456,0.56756377,0.52896577,老公,社会比较与人生进度,0.5459832,1724
1725,社会中,社会中,3,tencent_ai_lab_chinese_embedding_light_mirror_mvp,0.53171434,2166,0.55208147,0.56553793,0.53189665,人生阶段,社会比较与人生进度,0.62752676,1725
1726,陪送,陪送,2,tencent_ai_lab_chinese_embedding_light_mirror_mvp,0.50244116,3505,0.55205345,0.56117755,0.53836733,拥抱,表白与追求,0.56996024,1726
1727,买套,买套,2,tencent_ai_lab_chinese_embedding_light_mirror_mvp,0.481911,4961,0.55195093,0.57281476,0.52065521,订婚,婚恋,0.5378058,1727
1728,始终如一,始终如一,4,tencent_ai_lab_chinese_embedding_light_mirror_mvp,0.52731447,2333,0.55193824,0.57526374,0.51694995,落后,社会比较与人生进度,0.57343984,1728
1729,抗拒,抗拒,2,tencent_ai_lab_chinese_embedding_light_mirror_mvp,0.4949013,3989,0.55187392,0.5696888,0.52515161,被追,表白与追求,0.59068578,1729
1730,表现出,表现出,3,tencent_ai_lab_chinese_embedding_light_mirror_mvp,0.52262355,2484,0.55184221,0.56124389,0.53773969,表白,社会比较与人生进度,0.60650814,1730
1731,过生日,过生日,3,tencent_ai_lab_chinese_embedding_light_mirror_mvp,0.60869527,623,0.55173707,0.56172246,0.53675896,结婚,社会比较与人生进度,0.59039682,1731
1732,眷属,眷属,2,tencent_ai_lab_chinese_embedding_light_mirror_mvp,0.48996029,4324,0.55152446,0.55403143,0.547764,亲密关系,亲密行为,0.61167181,1732
1733,性交时,性交时,3,tencent_ai_lab_chinese_embedding_light_mirror_mvp,0.51212375,2986,0.55150986,0.55633384,0.54427391,感情史,对象关系,0.60938698,1733
1734,活在,活在,2,tencent_ai_lab_chinese_embedding_light_mirror_mvp,0.50400878,3415,0.55147624,0.56341887,0.53356236,人生阶段,社会比较与人生进度,0.62909347,1734
1735,困惑,困惑,2,tencent_ai_lab_chinese_embedding_light_mirror_mvp,0.48566837,4664,0.55147588,0.5622496,0.53531528,对象,社会比较与人生进度,0.65089029,1735
1736,帮忙,帮忙,2,tencent_ai_lab_chinese_embedding_light_mirror_mvp,0.50487708,3376,0.55145419,0.55734158,0.5426231,对象,表白与追求,0.59444261,1736
1737,回了,回了,2,tencent_ai_lab_chinese_embedding_light_mirror_mvp,0.51900275,2649,0.55135489,0.55852818,0.54059494,被追,社会比较与人生进度,0.59852386,1737
1738,一夜情,一夜情,3,tencent_ai_lab_chinese_embedding_light_mirror_mvp,0.63169724,453,0.55130386,0.55588675,0.54442954,恋情,表白与追求,0.54148853,1738
1739,着装,着装,2,tencent_ai_lab_chinese_embedding_light_mirror_mvp,0.51999089,2595,0.55119866,0.57756048,0.51165587,校服,社会比较与人生进度,0.5319193,1739
1740,对戏,对戏,2,tencent_ai_lab_chinese_embedding_light_mirror_mvp,0.51082057,3049,0.55103487,0.57313019,0.51789182,对象,表白与追求,0.55934042,1740
1741,进取,进取,2,tencent_ai_lab_chinese_embedding_light_mirror_mvp,0.48301927,4879,0.55098999,0.56412828,0.53128254,落后,社会比较与人生进度,0.58527637,1741
1742,不帅,不帅,2,tencent_ai_lab_chinese_embedding_light_mirror_mvp,0.59587694,762,0.55098009,0.5686121,0.52453202,没有对象,社会比较与人生进度,0.57147694,1742
1743,爱学习,爱学习,3,tencent_ai_lab_chinese_embedding_light_mirror_mvp,0.48355527,4838,0.55097461,0.55594963,0.54351205,爱情,校园恋爱,0.60288143,1743
1744,大嫂,大嫂,2,tencent_ai_lab_chinese_embedding_light_mirror_mvp,0.655064,328,0.55089551,0.55866945,0.53923458,老婆,婚恋,0.58341217,1744
1745,一辈子,一辈子,3,tencent_ai_lab_chinese_embedding_light_mirror_mvp,0.57424558,1066,0.55088162,0.56907731,0.52358812,人生阶段,社会比较与人生进度,0.60074967,1745
1746,独生女,独生女,3,tencent_ai_lab_chinese_embedding_light_mirror_mvp,0.58586822,883,0.55080867,0.57294613,0.51760238,母胎单身,单身与脱单,0.56404537,1746
1747,父子俩,父子俩,3,tencent_ai_lab_chinese_embedding_light_mirror_mvp,0.56636527,1200,0.55080575,0.57291424,0.51764292,妻子,婚恋,0.55367148,1747
1748,退休,退休,2,tencent_ai_lab_chinese_embedding_light_mirror_mvp,0.49847142,3743,0.55080229,0.5632295,0.53216141,同龄人,社会比较与人生进度,0.58238089,1748
1749,未孕,未孕,2,tencent_ai_lab_chinese_embedding_light_mirror_mvp,0.5767931,1033,0.55074733,0.55353552,0.54656506,没谈过恋爱,单身与脱单,0.6133312,1749
1750,自己,自己,2,tencent_ai_lab_chinese_embedding_light_mirror_mvp,0.6096792,607,0.55070883,0.55751848,0.54049426,单身,社会比较与人生进度,0.64010906,1750
1751,如此,如此,2,tencent_ai_lab_chinese_embedding_light_mirror_mvp,0.484329,4785,0.55068612,0.55880398,0.53850931,落后,社会比较与人生进度,0.6059826,1751
1752,地爱,地爱,2,tencent_ai_lab_chinese_embedding_light_mirror_mvp,0.60347775,675,0.55065161,0.56054401,0.53581291,爱情,恋爱核心,0.55981958,1752
1753,十八岁,十八岁,3,tencent_ai_lab_chinese_embedding_light_mirror_mvp,0.55194001,1519,0.55063641,0.56973982,0.52198118,同龄人,社会比较与人生进度,0.58985567,1753
1754,内心深处,内心深处,4,tencent_ai_lab_chinese_embedding_light_mirror_mvp,0.54574682,1691,0.55061597,0.55386549,0.54574156,亲密关系,社会比较与人生进度,0.60760248,1754
1755,分掉,分掉,2,tencent_ai_lab_chinese_embedding_light_mirror_mvp,0.50810333,3206,0.55061477,0.55857748,0.53867072,脱单,社会比较与人生进度,0.58617234,1755
1756,锻炼,锻炼,2,tencent_ai_lab_chinese_embedding_light_mirror_mvp,0.5123701,2974,0.55052221,0.57311141,0.51663846,散步,约会,0.55844724,1756
1757,一男一女,一男一女,4,tencent_ai_lab_chinese_embedding_light_mirror_mvp,0.51300219,2937,0.55052209,0.55649507,0.5415625,前男友,对象关系,0.61320925,1757
1758,男装,男装,2,tencent_ai_lab_chinese_embedding_light_mirror_mvp,0.50321432,3458,0.55043435,0.57089162,0.51974839,男朋友,对象关系,0.49290031,1758
1759,老一辈,老一辈,3,tencent_ai_lab_chinese_embedding_light_mirror_mvp,0.49234527,4162,0.55041212,0.5542289,0.54468685,同龄人,社会比较与人生进度,0.56536371,1759
1760,她表,她表,2,tencent_ai_lab_chinese_embedding_light_mirror_mvp,0.489737,4344,0.55004793,0.57870573,0.50706118,表白,表白与追求,0.55006886,1760
1761,日常生活,日常生活,4,tencent_ai_lab_chinese_embedding_light_mirror_mvp,0.50405544,3406,0.54999632,0.55385911,0.54420215,老公,社会比较与人生进度,0.63975394,1761
1762,全家人,全家人,3,tencent_ai_lab_chinese_embedding_light_mirror_mvp,0.63151083,457,0.54998779,0.56181931,0.53224045,老公,婚恋,0.5831126,1762
1763,难为情,难为情,3,tencent_ai_lab_chinese_embedding_light_mirror_mvp,0.50132742,3575,0.54996443,0.55468643,0.54288143,感情史,社会比较与人生进度,0.5725674,1763
1764,心态,心态,2,tencent_ai_lab_chinese_embedding_light_mirror_mvp,0.48542345,4681,0.54995966,0.564659,0.52791053,人生阶段,社会比较与人生进度,0.6374656,1764
1765,不料,不料,2,tencent_ai_lab_chinese_embedding_light_mirror_mvp,0.49449117,4021,0.54994917,0.5537051,0.54431534,落后,表白与追求,0.5997085,1765
1766,心情不好,心情不好,4,tencent_ai_lab_chinese_embedding_light_mirror_mvp,0.51849788,2665,0.54993862,0.55643928,0.54018754,感情史,社会比较与人生进度,0.65866643,1766
1767,局面,局面,2,tencent_ai_lab_chinese_embedding_light_mirror_mvp,0.4926221,4145,0.54992473,0.55638385,0.54023594,落后,社会比较与人生进度,0.60461634,1767
1768,春天,春天,2,tencent_ai_lab_chinese_embedding_light_mirror_mvp,0.50490924,3371,0.54991674,0.57599902,0.51079327,青春,社会比较与人生进度,0.51189178,1768
1769,公主,公主,2,tencent_ai_lab_chinese_embedding_light_mirror_mvp,0.53384018,2077,0.54987419,0.59032583,0.48919678,老公,婚恋,0.5128479,1769
1770,反观,反观,2,tencent_ai_lab_chinese_embedding_light_mirror_mvp,0.52627004,2368,0.5498544,0.55858213,0.53676271,被追,社会比较与人生进度,0.593696,1770
1771,挨批,挨批,2,tencent_ai_lab_chinese_embedding_light_mirror_mvp,0.48613251,4625,0.54976082,0.5806368,0.50344688,被追,社会比较与人生进度,0.59682411,1771
1772,性格,性格,2,tencent_ai_lab_chinese_embedding_light_mirror_mvp,0.52094009,2552,0.54974526,0.56045139,0.5336861,人生阶段,社会比较与人生进度,0.63505995,1772
1773,人和事,人和事,3,tencent_ai_lab_chinese_embedding_light_mirror_mvp,0.52483208,2415,0.54972279,0.55742067,0.538176,别人都有对象,社会比较与人生进度,0.59510148,1773
1774,联谊,联谊,2,tencent_ai_lab_chinese_embedding_light_mirror_mvp,0.49283485,4128,0.54970312,0.56034255,0.53374398,伴侣,亲密行为,0.56818873,1774
1775,遇见,遇见,2,tencent_ai_lab_chinese_embedding_light_mirror_mvp,0.57288072,1084,0.54970151,0.54995817,0.54931647,恋爱经历,社会比较与人生进度,0.65006357,1775
1776,定下,定下,2,tencent_ai_lab_chinese_embedding_light_mirror_mvp,0.49086263,4265,0.54968339,0.56411618,0.52803415,订婚,约会,0.57643974,1776
1777,要个,要个,2,tencent_ai_lab_chinese_embedding_light_mirror_mvp,0.51289873,2947,0.54965889,0.55860138,0.53624511,追求,表白与追求,0.54356349,1777
1778,在生,在生,2,tencent_ai_lab_chinese_embedding_light_mirror_mvp,0.50322174,3457,0.54962289,0.57142854,0.51691443,人生阶段,社会比较与人生进度,0.59530246,1778
1779,对她说,对她说,3,tencent_ai_lab_chinese_embedding_light_mirror_mvp,0.57359576,1077,0.54954922,0.56517154,0.52611566,对象,表白与追求,0.59150875,1779
1780,潜在,潜在,2,tencent_ai_lab_chinese_embedding_light_mirror_mvp,0.52762107,2324,0.54950851,0.55850416,0.53601503,亲密,社会比较与人生进度,0.6025697,1780
1781,哭过,哭过,2,tencent_ai_lab_chinese_embedding_light_mirror_mvp,0.4825063,4919,0.54950809,0.56281185,0.52955234,错过青春,社会比较与人生进度,0.58846724,1781
1782,幽默感,幽默感,3,tencent_ai_lab_chinese_embedding_light_mirror_mvp,0.50041581,3636,0.54944831,0.55573821,0.54001349,亲密,社会比较与人生进度,0.57569814,1782
1783,丧偶,丧偶,2,tencent_ai_lab_chinese_embedding_light_mirror_mvp,0.63421932,438,0.54943776,0.55064332,0.5476293,脱单,单身与脱单,0.61828363,1783
1784,看作,看作,2,tencent_ai_lab_chinese_embedding_light_mirror_mvp,0.48275218,4902,0.54942542,0.57155406,0.51623243,看电影,表白与追求,0.55401599,1784
1785,生活习惯,生活习惯,4,tencent_ai_lab_chinese_embedding_light_mirror_mvp,0.49079882,4272,0.54941165,0.55362028,0.54309875,人生阶段,社会比较与人生进度,0.63740462,1785
1786,心事,心事,2,tencent_ai_lab_chinese_embedding_light_mirror_mvp,0.51384809,2885,0.54933029,0.56429255,0.52688682,感情史,社会比较与人生进度,0.59031576,1786
1787,缘分,缘分,2,tencent_ai_lab_chinese_embedding_light_mirror_mvp,0.56423705,1242,0.54922086,0.55267918,0.54403335,伴侣,社会比较与人生进度,0.60699153,1787
1788,房子,房子,2,tencent_ai_lab_chinese_embedding_light_mirror_mvp,0.52135229,2536,0.54919517,0.55714929,0.53726393,妻子,婚恋,0.60838139,1788
1789,表妹,表妹,2,tencent_ai_lab_chinese_embedding_light_mirror_mvp,0.65136675,354,0.5491395,0.5958761,0.47903463,表白,表白与追求,0.51446474,1789
1790,体现,体现,2,tencent_ai_lab_chinese_embedding_light_mirror_mvp,0.52757301,2328,0.54911017,0.55020452,0.5474686,落后,社会比较与人生进度,0.6393671,1790
1791,男演员,男演员,3,tencent_ai_lab_chinese_embedding_light_mirror_mvp,0.49683682,3852,0.54904675,0.57224512,0.51424915,男朋友,对象关系,0.477366,1791
1792,少年时期,少年时期,4,tencent_ai_lab_chinese_embedding_light_mirror_mvp,0.5526317,1504,0.54887754,0.57649171,0.50745624,青春,社会比较与人生进度,0.5830431,1792
1793,互赠,互赠,2,tencent_ai_lab_chinese_embedding_light_mirror_mvp,0.4864054,4604,0.54887009,0.56001377,0.53215444,伴侣,亲密行为,0.58005941,1793
1794,生活品质,生活品质,4,tencent_ai_lab_chinese_embedding_light_mirror_mvp,0.59235355,797,0.54877734,0.56954849,0.51762062,人生阶段,社会比较与人生进度,0.58917254,1794
1795,穿着,穿着,2,tencent_ai_lab_chinese_embedding_light_mirror_mvp,0.61315731,576,0.54874754,0.57215971,0.51362926,校服,社会比较与人生进度,0.54641253,1795
1796,分道扬镳,分道扬镳,4,tencent_ai_lab_chinese_embedding_light_mirror_mvp,0.55419452,1461,0.54872674,0.56249392,0.52807587,散步,社会比较与人生进度,0.59242058,1796
1797,交配,交配,2,tencent_ai_lab_chinese_embedding_light_mirror_mvp,0.49142799,4225,0.54871309,0.55286574,0.5424841,伴侣,亲密行为,0.57974243,1797
1798,他妹,他妹,2,tencent_ai_lab_chinese_embedding_light_mirror_mvp,0.52443936,2433,0.54861927,0.55595541,0.537615,男朋友,对象关系,0.5799436,1798
1799,生日,生日,2,tencent_ai_lab_chinese_embedding_light_mirror_mvp,0.57594454,1040,0.5484513,0.55757964,0.53475887,婚礼,社会比较与人生进度,0.56243396,1799
1800,取舍,取舍,2,tencent_ai_lab_chinese_embedding_light_mirror_mvp,0.53057415,2210,0.54840595,0.56599677,0.52201968,追求,社会比较与人生进度,0.58528036,1800
1801,不好,不好,2,tencent_ai_lab_chinese_embedding_light_mirror_mvp,0.48565189,4666,0.54837632,0.57189876,0.51309258,落后,社会比较与人生进度,0.57230127,1801
1802,宿友,宿友,2,tencent_ai_lab_chinese_embedding_light_mirror_mvp,0.69656186,185,0.54833573,0.55342722,0.54069847,同桌,对象关系,0.5930174,1802
1803,问他,问他,2,tencent_ai_lab_chinese_embedding_light_mirror_mvp,0.54896789,1597,0.54833031,0.55351573,0.54055214,追求,表白与追求,0.60575932,1803
1804,旧衣服,旧衣服,3,tencent_ai_lab_chinese_embedding_light_mirror_mvp,0.49597543,3917,0.54830128,0.59232509,0.48226544,校服,婚恋,0.49161974,1804
1805,生了,生了,2,tencent_ai_lab_chinese_embedding_light_mirror_mvp,0.66982119,262,0.54828417,0.55179775,0.54301375,老公,婚恋,0.59293121,1805
1806,注定,注定,2,tencent_ai_lab_chinese_embedding_light_mirror_mvp,0.51023102,3084,0.54823488,0.5547812,0.53841543,订婚,社会比较与人生进度,0.60027695,1806
1807,钱要,钱要,2,tencent_ai_lab_chinese_embedding_light_mirror_mvp,0.48867834,4424,0.54815954,0.56107676,0.52878362,追求,表白与追求,0.55100447,1807
1808,美好,美好,2,tencent_ai_lab_chinese_embedding_light_mirror_mvp,0.65589387,321,0.54814672,0.55335677,0.54033166,落后,表白与追求,0.5984484,1808
1809,淡忘,淡忘,2,tencent_ai_lab_chinese_embedding_light_mirror_mvp,0.48535683,4686,0.54813218,0.55037677,0.54476523,暗恋,表白与追求,0.61925024,1809
1810,必然,必然,2,tencent_ai_lab_chinese_embedding_light_mirror_mvp,0.52059698,2568,0.54810762,0.56963158,0.51582158,落后,社会比较与人生进度,0.55925238,1810
1811,家里,家里,2,tencent_ai_lab_chinese_embedding_light_mirror_mvp,0.60679438,642,0.54810011,0.55811989,0.53307039,老公,婚恋,0.60020423,1811
1812,讨好,讨好,2,tencent_ai_lab_chinese_embedding_light_mirror_mvp,0.52084861,2557,0.54796588,0.55311048,0.54024893,被追,表白与追求,0.59437484,1812
1813,并非,并非,2,tencent_ai_lab_chinese_embedding_light_mirror_mvp,0.49550686,3947,0.54769528,0.57641673,0.5046131,落后,社会比较与人生进度,0.57404554,1813
1814,到家,到家,2,tencent_ai_lab_chinese_embedding_light_mirror_mvp,0.49494703,3984,0.54768151,0.55339015,0.53911853,结婚,约会,0.6091553,1814
1815,休掉,休掉,2,tencent_ai_lab_chinese_embedding_light_mirror_mvp,0.59382024,786,0.54765439,0.56128556,0.52720755,脱单,社会比较与人生进度,0.54394758,1815
1816,拿钱,拿钱,2,tencent_ai_lab_chinese_embedding_light_mirror_mvp,0.52243482,2498,0.54763949,0.55408829,0.53796619,被追,表白与追求,0.5815658,1816
1817,不满足,不满足,3,tencent_ai_lab_chinese_embedding_light_mirror_mvp,0.52519226,2403,0.54758644,0.55462772,0.5370245,没有对象,社会比较与人生进度,0.58250654,1817
1818,长大成人,长大成人,4,tencent_ai_lab_chinese_embedding_light_mirror_mvp,0.53714931,1978,0.54758435,0.5757615,0.50531858,同龄人,社会比较与人生进度,0.58801389,1818
1819,享受性,享受性,3,tencent_ai_lab_chinese_embedding_light_mirror_mvp,0.54161448,1826,0.54751754,0.56516027,0.52105331,拥抱,社会比较与人生进度,0.57488978,1819
1820,一家子,一家子,3,tencent_ai_lab_chinese_embedding_light_mirror_mvp,0.54326352,1774,0.54750162,0.56450194,0.52200109,妻子,婚恋,0.5784809,1820
1821,有理想,有理想,3,tencent_ai_lab_chinese_embedding_light_mirror_mvp,0.53871299,1919,0.54748881,0.56253225,0.52492356,追求,社会比较与人生进度,0.62606204,1821
1822,过日子,过日子,3,tencent_ai_lab_chinese_embedding_light_mirror_mvp,0.63760371,417,0.54748547,0.55210286,0.54055935,结婚,社会比较与人生进度,0.63707536,1822
1823,相互理解,相互理解,4,tencent_ai_lab_chinese_embedding_light_mirror_mvp,0.58584151,885,0.54748452,0.55269253,0.53967249,对象,表白与追求,0.55117095,1823
1824,喜剧,喜剧,2,tencent_ai_lab_chinese_embedding_light_mirror_mvp,0.48478917,4740,0.54747057,0.56033874,0.52816838,喜欢的人,表白与追求,0.60680807,1824
1825,快乐,快乐,2,tencent_ai_lab_chinese_embedding_light_mirror_mvp,0.5652794,1226,0.54746616,0.55137777,0.54159874,亲密,表白与追求,0.59824944,1825
1826,不期而遇,不期而遇,4,tencent_ai_lab_chinese_embedding_light_mirror_mvp,0.52939454,2259,0.54744589,0.55379915,0.537916,约会,社会比较与人生进度,0.64652342,1826
1827,相对无言,相对无言,4,tencent_ai_lab_chinese_embedding_light_mirror_mvp,0.52183392,2513,0.5472759,0.55279082,0.53900343,没有对象,社会比较与人生进度,0.59925246,1827
1828,给钱,给钱,2,tencent_ai_lab_chinese_embedding_light_mirror_mvp,0.514723,2845,0.54718411,0.5580188,0.53093207,被追,表白与追求,0.58062577,1828
1829,好像,好像,2,tencent_ai_lab_chinese_embedding_light_mirror_mvp,0.53586327,2006,0.54716229,0.56244195,0.52424282,对象,社会比较与人生进度,0.59766686,1829
1830,挨揍,挨揍,2,tencent_ai_lab_chinese_embedding_light_mirror_mvp,0.48956748,4360,0.54708564,0.5759114,0.503847,被追,社会比较与人生进度,0.57354885,1830
1831,有孩,有孩,2,tencent_ai_lab_chinese_embedding_light_mirror_mvp,0.57032623,1123,0.54706645,0.55040509,0.54205847,没有对象,社会比较与人生进度,0.61262012,1831
1832,友善,友善,2,tencent_ai_lab_chinese_embedding_light_mirror_mvp,0.53447108,2054,0.54703772,0.55739176,0.53150666,亲密,亲密行为,0.55443347,1832
1833,妹纸,妹纸,2,tencent_ai_lab_chinese_embedding_light_mirror_mvp,0.60472267,668,0.54701608,0.56124836,0.52566761,女朋友,对象关系,0.56548762,1833
1834,汉服,汉服,2,tencent_ai_lab_chinese_embedding_light_mirror_mvp,0.54024588,1868,0.54696089,0.61116999,0.45064712,校服,校园恋爱,0.39845937,1834
1835,成熟,成熟,2,tencent_ai_lab_chinese_embedding_light_mirror_mvp,0.49086492,4263,0.5469327,0.55010039,0.54218119,落后,社会比较与人生进度,0.63968837,1835
1836,到老,到老,2,tencent_ai_lab_chinese_embedding_light_mirror_mvp,0.48892809,4402,0.5469079,0.54992503,0.54238206,同龄人,社会比较与人生进度,0.65950048,1836
1837,出去玩,出去玩,3,tencent_ai_lab_chinese_embedding_light_mirror_mvp,0.60534074,663,0.54682893,0.55672514,0.53198451,散步,约会,0.63021421,1837
1838,没良心,没良心,3,tencent_ai_lab_chinese_embedding_light_mirror_mvp,0.54051975,1857,0.5467751,0.56334233,0.52192426,没有对象,社会比较与人生进度,0.55808222,1838
1839,忠诚,忠诚,2,tencent_ai_lab_chinese_embedding_light_mirror_mvp,0.50934492,3145,0.54660183,0.55225658,0.53811961,亲密,表白与追求,0.62740409,1839
1840,原地踏步,原地踏步,4,tencent_ai_lab_chinese_embedding_light_mirror_mvp,0.48392836,4810,0.54658294,0.60493785,0.45905051,散步,约会,0.43749142,1840
1841,反过来,反过来,3,tencent_ai_lab_chinese_embedding_light_mirror_mvp,0.48581647,4651,0.54656088,0.551597,0.53900665,被追,社会比较与人生进度,0.62484193,1841
1842,豪情,豪情,2,tencent_ai_lab_chinese_embedding_light_mirror_mvp,0.4964076,3883,0.5465253,0.55217516,0.53805047,爱情,表白与追求,0.5548861,1842
1843,不是,不是,2,tencent_ai_lab_chinese_embedding_light_mirror_mvp,0.5437319,1758,0.54648584,0.56928915,0.51228088,没有对象,社会比较与人生进度,0.55082202,1843
1844,以诚相待,以诚相待,4,tencent_ai_lab_chinese_embedding_light_mirror_mvp,0.50701472,3263,0.54648268,0.55345321,0.53602695,亲密,亲密行为,0.60332209,1844
1845,休憩,休憩,2,tencent_ai_lab_chinese_embedding_light_mirror_mvp,0.51079931,3051,0.54646182,0.57199609,0.50816035,散步,约会,0.54496598,1845
1846,电影圈,电影圈,3,tencent_ai_lab_chinese_embedding_light_mirror_mvp,0.48228549,4936,0.54645765,0.59218162,0.47787166,看电影,社会比较与人生进度,0.50848925,1846
1847,过来,过来,2,tencent_ai_lab_chinese_embedding_light_mirror_mvp,0.49037648,4296,0.54643822,0.55248427,0.53736901,前任,社会比较与人生进度,0.64815223,1847
1848,出轨,出轨,2,tencent_ai_lab_chinese_embedding_light_mirror_mvp,0.71447899,151,0.54637313,0.54728866,0.54499984,结婚,婚恋,0.63089287,1848
1849,未成年,未成年,3,tencent_ai_lab_chinese_embedding_light_mirror_mvp,0.52106498,2546,0.54634571,0.55529988,0.53291434,同龄人,社会比较与人生进度,0.60876954,1849
1850,更是如此,更是如此,4,tencent_ai_lab_chinese_embedding_light_mirror_mvp,0.4890654,4393,0.54633015,0.55960453,0.52641857,落后,社会比较与人生进度,0.59469366,1850
1851,道歉,道歉,2,tencent_ai_lab_chinese_embedding_light_mirror_mvp,0.54025954,1867,0.54625082,0.56273311,0.52152735,告白,社会比较与人生进度,0.56699842,1851
1852,坚持下去,坚持下去,4,tencent_ai_lab_chinese_embedding_light_mirror_mvp,0.48573306,4661,0.54617333,0.55072457,0.53934646,落后,社会比较与人生进度,0.63031983,1852
1853,人儿,人儿,2,tencent_ai_lab_chinese_embedding_light_mirror_mvp,0.49361299,4083,0.54611337,0.54932606,0.54129428,人生阶段,社会比较与人生进度,0.60171854,1853
1854,相比较,相比较,3,tencent_ai_lab_chinese_embedding_light_mirror_mvp,0.49319634,4106,0.54610145,0.55758536,0.52887565,对象,社会比较与人生进度,0.61085004,1854
1855,私房钱,私房钱,3,tencent_ai_lab_chinese_embedding_light_mirror_mvp,0.57992759,978,0.54606295,0.55563056,0.53171146,老公,婚恋,0.58612633,1855
1856,出众,出众,2,tencent_ai_lab_chinese_embedding_light_mirror_mvp,0.50393773,3420,0.54605329,0.58614051,0.48592231,落后,社会比较与人生进度,0.53722918,1856
1857,群体,群体,2,tencent_ai_lab_chinese_embedding_light_mirror_mvp,0.52626258,2369,0.54601485,0.55208802,0.53690505,同龄人,社会比较与人生进度,0.59231019,1857
1858,老爷们儿,老爷们儿,4,tencent_ai_lab_chinese_embedding_light_mirror_mvp,0.52628934,2367,0.546013,0.55449235,0.5332939,老婆,社会比较与人生进度,0.55121428,1858
1859,敬重,敬重,2,tencent_ai_lab_chinese_embedding_light_mirror_mvp,0.48309178,4875,0.54599947,0.55197108,0.53704196,追求,表白与追求,0.63526666,1859
1860,最终目标,最终目标,4,tencent_ai_lab_chinese_embedding_light_mirror_mvp,0.49174659,4204,0.54597515,0.56716907,0.51418418,追求,社会比较与人生进度,0.56448913,1860
1861,表哥,表哥,2,tencent_ai_lab_chinese_embedding_light_mirror_mvp,0.68104382,228,0.54594427,0.59580946,0.47114649,表白,表白与追求,0.51641822,1861
1862,闺女,闺女,2,tencent_ai_lab_chinese_embedding_light_mirror_mvp,0.73007102,124,0.54594034,0.55712831,0.52915829,女朋友,社会比较与人生进度,0.57999122,1862
1863,忽略,忽略,2,tencent_ai_lab_chinese_embedding_light_mirror_mvp,0.54347602,1766,0.54591703,0.54979384,0.54010189,落后,社会比较与人生进度,0.60563743,1863
1864,抚养,抚养,2,tencent_ai_lab_chinese_embedding_light_mirror_mvp,0.56235771,1285,0.54588932,0.56419599,0.51842922,拥抱,亲密行为,0.56074822,1864
1865,说要,说要,2,tencent_ai_lab_chinese_embedding_light_mirror_mvp,0.58095936,962,0.54579377,0.56165671,0.5219993,追求,表白与追求,0.56998932,1865
1866,任性,任性,2,tencent_ai_lab_chinese_embedding_light_mirror_mvp,0.48178298,4972,0.54578352,0.56781256,0.51273996,前任,社会比较与人生进度,0.5383172,1866
1867,包容,包容,2,tencent_ai_lab_chinese_embedding_light_mirror_mvp,0.53377938,2081,0.54575413,0.5573163,0.52841085,拥抱,亲密行为,0.54531449,1867
1868,精神,精神,2,tencent_ai_lab_chinese_embedding_light_mirror_mvp,0.51079394,3052,0.54573762,0.57029694,0.50889868,追求,社会比较与人生进度,0.57530963,1868
1869,拉开,拉开,2,tencent_ai_lab_chinese_embedding_light_mirror_mvp,0.48155047,5000,0.54573357,0.55219406,0.53604287,牵手,亲密行为,0.61336803,1869
1870,三岁,三岁,2,tencent_ai_lab_chinese_embedding_light_mirror_mvp,0.55596647,1411,0.54570997,0.56487775,0.51695824,同龄人,社会比较与人生进度,0.57385951,1870
1871,游逛,游逛,2,tencent_ai_lab_chinese_embedding_light_mirror_mvp,0.56614245,1208,0.54567903,0.56653512,0.51439482,散步,约会,0.60573936,1871
1872,难舍,难舍,2,tencent_ai_lab_chinese_embedding_light_mirror_mvp,0.52044244,2577,0.54564583,0.55791229,0.52724606,亲密,亲密行为,0.57269567,1872
1873,有加,有加,2,tencent_ai_lab_chinese_embedding_light_mirror_mvp,0.48242521,4926,0.54556918,0.55394101,0.53301144,追求,表白与追求,0.56781745,1873
1874,羽绒服,羽绒服,3,tencent_ai_lab_chinese_embedding_light_mirror_mvp,0.55810862,1369,0.5455327,0.59243691,0.47517642,校服,校园恋爱,0.45951867,1874
1875,长辈,长辈,2,tencent_ai_lab_chinese_embedding_light_mirror_mvp,0.55665853,1400,0.54552805,0.55681968,0.52859056,同龄人,社会比较与人生进度,0.59451163,1875
1876,小伙子,小伙子,3,tencent_ai_lab_chinese_embedding_light_mirror_mvp,0.54176044,1821,0.54543906,0.54822481,0.54126042,同龄人,社会比较与人生进度,0.61429113,1876
1877,要去,要去,2,tencent_ai_lab_chinese_embedding_light_mirror_mvp,0.4996787,3674,0.54543781,0.55476445,0.53144789,被追,表白与追求,0.57887673,1877
1878,十七岁,十七岁,3,tencent_ai_lab_chinese_embedding_light_mirror_mvp,0.55774364,1376,0.54542935,0.56319839,0.51877576,同龄人,社会比较与人生进度,0.5666678,1878
1879,我想要,我想要,3,tencent_ai_lab_chinese_embedding_light_mirror_mvp,0.48540435,4683,0.54535145,0.56126338,0.52148348,追求,表白与追求,0.57496721,1879
1880,问候,问候,2,tencent_ai_lab_chinese_embedding_light_mirror_mvp,0.54975737,1576,0.54534215,0.55128908,0.53642172,追求,社会比较与人生进度,0.58842617,1880
1881,带回家,带回家,3,tencent_ai_lab_chinese_embedding_light_mirror_mvp,0.51147606,3019,0.54531735,0.56342375,0.51815772,拥抱,约会,0.55666959,1881
1882,举止,举止,2,tencent_ai_lab_chinese_embedding_light_mirror_mvp,0.52434286,2434,0.54529101,0.56185007,0.52045244,对象,表白与追求,0.55845582,1882
1883,私欲,私欲,2,tencent_ai_lab_chinese_embedding_light_mirror_mvp,0.50246638,3502,0.54525721,0.54681754,0.5429166,老公,表白与追求,0.58098805,1883
1884,信任度,信任度,3,tencent_ai_lab_chinese_embedding_light_mirror_mvp,0.52783327,2318,0.54523718,0.54815125,0.54086602,亲密,亲密行为,0.54906893,1884
1885,老父亲,老父亲,3,tencent_ai_lab_chinese_embedding_light_mirror_mvp,0.73082637,120,0.545237,0.55362672,0.53265244,老公,婚恋,0.5604434,1885
1886,换衣服,换衣服,3,tencent_ai_lab_chinese_embedding_light_mirror_mvp,0.51326679,2923,0.54521424,0.5796876,0.49350414,校服,婚恋,0.48264274,1886
1887,性趣,性趣,2,tencent_ai_lab_chinese_embedding_light_mirror_mvp,0.53066465,2208,0.54520863,0.55253673,0.53421646,感情史,对象关系,0.58342195,1887
1888,我生,我生,2,tencent_ai_lab_chinese_embedding_light_mirror_mvp,0.58956686,835,0.5451799,0.55927324,0.5240398,人生阶段,社会比较与人生进度,0.57524741,1888
1889,彷徨,彷徨,2,tencent_ai_lab_chinese_embedding_light_mirror_mvp,0.50230585,3516,0.54516447,0.55584407,0.52914494,追求,社会比较与人生进度,0.61122811,1889
1890,新生活,新生活,3,tencent_ai_lab_chinese_embedding_light_mirror_mvp,0.49002427,4320,0.54514211,0.55023909,0.53749663,人生阶段,社会比较与人生进度,0.63458598,1890
1891,说实话,说实话,3,tencent_ai_lab_chinese_embedding_light_mirror_mvp,0.53478347,2040,0.54512417,0.55152065,0.53552932,亲密,社会比较与人生进度,0.60182858,1891
1892,惦记,惦记,2,tencent_ai_lab_chinese_embedding_light_mirror_mvp,0.51535759,2807,0.54512125,0.54673266,0.54270405,被追,表白与追求,0.64460969,1892
1893,尊重,尊重,2,tencent_ai_lab_chinese_embedding_light_mirror_mvp,0.51356087,2906,0.5450896,0.54826009,0.54033381,亲密,表白与追求,0.61820775,1893
1894,献身,献身,2,tencent_ai_lab_chinese_embedding_light_mirror_mvp,0.50050246,3626,0.54505044,0.56633294,0.51312667,单身,表白与追求,0.57195008,1894
1895,性知识,性知识,3,tencent_ai_lab_chinese_embedding_light_mirror_mvp,0.53654959,1991,0.54502839,0.55885482,0.52428871,感情史,社会比较与人生进度,0.55272967,1895
1896,共患难,共患难,3,tencent_ai_lab_chinese_embedding_light_mirror_mvp,0.48468734,4752,0.54497677,0.5602262,0.52210259,伴侣,社会比较与人生进度,0.57042068,1896
1897,七岁,七岁,2,tencent_ai_lab_chinese_embedding_light_mirror_mvp,0.53009611,2224,0.54496521,0.55839992,0.52481306,同龄人,社会比较与人生进度,0.57350993,1897
1898,后半辈子,后半辈子,4,tencent_ai_lab_chinese_embedding_light_mirror_mvp,0.51485119,2834,0.54495692,0.5603928,0.52180308,人生阶段,社会比较与人生进度,0.63872945,1898
1899,妹纸们,妹纸们,3,tencent_ai_lab_chinese_embedding_light_mirror_mvp,0.53075449,2205,0.54494673,0.55912477,0.52367967,女朋友,社会比较与人生进度,0.60167491,1899
1900,互相理解,互相理解,4,tencent_ai_lab_chinese_embedding_light_mirror_mvp,0.58501697,895,0.54491758,0.54909056,0.53865796,对象,表白与追求,0.5644536,1900
1901,第二胎,第二胎,3,tencent_ai_lab_chinese_embedding_light_mirror_mvp,0.58904392,843,0.54489541,0.56370008,0.51668835,母胎单身,社会比较与人生进度,0.55262023,1901
1902,积极进取,积极进取,4,tencent_ai_lab_chinese_embedding_light_mirror_mvp,0.49092815,4260,0.54488409,0.55388129,0.53138822,落后,社会比较与人生进度,0.58826357,1902
1903,身高,身高,2,tencent_ai_lab_chinese_embedding_light_mirror_mvp,0.51068608,3058,0.54487371,0.55781913,0.52545559,单身,社会比较与人生进度,0.60114956,1903
1904,老说,老说,2,tencent_ai_lab_chinese_embedding_light_mirror_mvp,0.50978615,3112,0.54474396,0.55656266,0.52701586,老公,社会比较与人生进度,0.55881429,1904
1905,给他,给他,2,tencent_ai_lab_chinese_embedding_light_mirror_mvp,0.54271065,1788,0.54469192,0.55003107,0.5366832,被追,表白与追求,0.59687412,1905
1906,情绪化,情绪化,3,tencent_ai_lab_chinese_embedding_light_mirror_mvp,0.53308215,2108,0.54462099,0.56525511,0.51366979,感情史,社会比较与人生进度,0.59585106,1906
1907,有时候,有时候,3,tencent_ai_lab_chinese_embedding_light_mirror_mvp,0.51064523,3059,0.54461169,0.54602158,0.54249674,对象,社会比较与人生进度,0.69267619,1907
1908,父子,父子,2,tencent_ai_lab_chinese_embedding_light_mirror_mvp,0.55757728,1379,0.54458326,0.56570137,0.51290613,妻子,婚恋,0.53919691,1908
1909,痛过,痛过,2,tencent_ai_lab_chinese_embedding_light_mirror_mvp,0.49015772,4310,0.54455382,0.55314696,0.53166401,错过青春,社会比较与人生进度,0.59467769,1909
1910,其次,其次,2,tencent_ai_lab_chinese_embedding_light_mirror_mvp,0.51078459,3053,0.54454398,0.54701364,0.54083937,对象,社会比较与人生进度,0.62863058,1910
1911,思考,思考,2,tencent_ai_lab_chinese_embedding_light_mirror_mvp,0.51114404,3029,0.54438424,0.56390154,0.51510823,追求,社会比较与人生进度,0.59026134,1911
1912,百般,百般,2,tencent_ai_lab_chinese_embedding_light_mirror_mvp,0.54189129,1818,0.54437673,0.55889177,0.52260405,落后,社会比较与人生进度,0.59114236,1912
1913,好女孩,好女孩,3,tencent_ai_lab_chinese_embedding_light_mirror_mvp,0.59787357,738,0.54437131,0.55883342,0.52267808,女朋友,社会比较与人生进度,0.55647075,1913
1914,家务,家务,2,tencent_ai_lab_chinese_embedding_light_mirror_mvp,0.58889421,846,0.54434466,0.55074036,0.53475112,老公,婚恋,0.61562282,1914
1915,败家,败家,2,tencent_ai_lab_chinese_embedding_light_mirror_mvp,0.54268403,1791,0.54432714,0.56865108,0.50784111,落后,婚恋,0.53334481,1915
1916,雌性,雌性,2,tencent_ai_lab_chinese_embedding_light_mirror_mvp,0.50186151,3542,0.54427987,0.55166042,0.53320897,伴侣,对象关系,0.61496061,1916
1917,停下来,停下来,3,tencent_ai_lab_chinese_embedding_light_mirror_mvp,0.48897799,4398,0.54412496,0.55192757,0.53242093,落后,社会比较与人生进度,0.59081209,1917
1918,要不是,要不是,3,tencent_ai_lab_chinese_embedding_light_mirror_mvp,0.48761131,4509,0.54408789,0.55079639,0.53402513,追求,社会比较与人生进度,0.57203472,1918
1919,新买,新买,2,tencent_ai_lab_chinese_embedding_light_mirror_mvp,0.49676286,3859,0.54404867,0.5559243,0.52623516,订婚,社会比较与人生进度,0.53555328,1919
1920,网友,网友,2,tencent_ai_lab_chinese_embedding_light_mirror_mvp,0.55909239,1340,0.54402858,0.54704821,0.5394991,女朋友,社会比较与人生进度,0.61582941,1920
1921,愉悦,愉悦,2,tencent_ai_lab_chinese_embedding_light_mirror_mvp,0.51956114,2617,0.5439831,0.55058348,0.53408253,亲密,表白与追求,0.58024728,1921
1922,心里,心里,2,tencent_ai_lab_chinese_embedding_light_mirror_mvp,0.54067717,1855,0.54389042,0.54815388,0.5374952,喜欢的人,表白与追求,0.64003402,1922
1923,再见,再见,2,tencent_ai_lab_chinese_embedding_light_mirror_mvp,0.50993993,3105,0.5438869,0.55211884,0.53153896,前任,社会比较与人生进度,0.60542476,1923
1924,聊上,聊上,2,tencent_ai_lab_chinese_embedding_light_mirror_mvp,0.48708048,4547,0.54388088,0.5539614,0.52876008,对象,表白与追求,0.62895948,1924
1925,逛街,逛街,2,tencent_ai_lab_chinese_embedding_light_mirror_mvp,0.68754514,214,0.54385924,0.56294465,0.51523113,散步,约会,0.61892819,1925
1926,悲痛,悲痛,2,tencent_ai_lab_chinese_embedding_light_mirror_mvp,0.50167605,3554,0.54384178,0.55160111,0.53220266,感情史,表白与追求,0.59799612,1926
1927,感受到,感受到,3,tencent_ai_lab_chinese_embedding_light_mirror_mvp,0.48338575,4857,0.54372597,0.55011642,0.53414023,感情史,社会比较与人生进度,0.63040406,1927
1928,等他,等他,2,tencent_ai_lab_chinese_embedding_light_mirror_mvp,0.49036875,4297,0.54360783,0.54824805,0.5366475,男朋友,表白与追求,0.59809732,1928
1929,态度,态度,2,tencent_ai_lab_chinese_embedding_light_mirror_mvp,0.53249725,2131,0.54351139,0.55874026,0.52066797,对象,社会比较与人生进度,0.58783698,1929
1930,想过,想过,2,tencent_ai_lab_chinese_embedding_light_mirror_mvp,0.50481693,3379,0.5434854,0.54491055,0.54134762,追求,社会比较与人生进度,0.65407825,1930
1931,女家,女家,2,tencent_ai_lab_chinese_embedding_light_mirror_mvp,0.56169708,1294,0.54346424,0.55024374,0.53329498,妻子,婚恋,0.58698231,1931
1932,无性,无性,2,tencent_ai_lab_chinese_embedding_light_mirror_mvp,0.59533412,770,0.54342461,0.55647433,0.52385002,没有对象,单身与脱单,0.59899414,1932
1933,愿意,愿意,2,tencent_ai_lab_chinese_embedding_light_mirror_mvp,0.4989035,3720,0.54337621,0.55878788,0.52025861,喜欢的人,表白与追求,0.58568668,1933
1934,请客,请客,2,tencent_ai_lab_chinese_embedding_light_mirror_mvp,0.55377648,1475,0.54330719,0.54830468,0.53581083,约会,约会,0.59574652,1934
1935,不高兴,不高兴,3,tencent_ai_lab_chinese_embedding_light_mirror_mvp,0.55188315,1522,0.54327595,0.54877621,0.5350256,没有对象,社会比较与人生进度,0.60541618,1935
1936,品味,品味,2,tencent_ai_lab_chinese_embedding_light_mirror_mvp,0.49687639,3846,0.54325616,0.56146675,0.51594019,追求,表白与追求,0.57811987,1936
1937,居然,居然,2,tencent_ai_lab_chinese_embedding_light_mirror_mvp,0.53334777,2100,0.54325086,0.5648101,0.51091188,落后,社会比较与人生进度,0.56749243,1937
1938,娘家,娘家,2,tencent_ai_lab_chinese_embedding_light_mirror_mvp,0.69202937,198,0.5432502,0.55212963,0.52993095,婚礼,婚恋,0.60529101,1938
1939,真心实意,真心实意,4,tencent_ai_lab_chinese_embedding_light_mirror_mvp,0.48277075,4898,0.54324782,0.5656355,0.50966626,亲密,表白与追求,0.56708324,1939
1940,满足,满足,2,tencent_ai_lab_chinese_embedding_light_mirror_mvp,0.5478011,1636,0.54319447,0.55672765,0.52289468,落后,社会比较与人生进度,0.57519853,1940
1941,情同手足,情同手足,4,tencent_ai_lab_chinese_embedding_light_mirror_mvp,0.51120774,3027,0.5431298,0.55478853,0.52564168,牵手,亲密行为,0.57611406,1941
1942,迷茫,迷茫,2,tencent_ai_lab_chinese_embedding_light_mirror_mvp,0.49189444,4196,0.5430181,0.54471982,0.54046541,人生阶段,社会比较与人生进度,0.68451381,1942
1943,借钱,借钱,2,tencent_ai_lab_chinese_embedding_light_mirror_mvp,0.52919221,2265,0.54291844,0.55848408,0.51956987,对象,表白与追求,0.56784678,1943
1944,怀旧,怀旧,2,tencent_ai_lab_chinese_embedding_light_mirror_mvp,0.55663723,1402,0.54283869,0.54683673,0.53684151,拥抱,恋爱历史,0.59718668,1944
1945,无微不至,无微不至,4,tencent_ai_lab_chinese_embedding_light_mirror_mvp,0.50330607,3451,0.54282367,0.54866713,0.53405839,落后,社会比较与人生进度,0.59075052,1945
1946,与众不同,与众不同,4,tencent_ai_lab_chinese_embedding_light_mirror_mvp,0.49149567,4219,0.54281771,0.55233276,0.52854502,落后,社会比较与人生进度,0.61858964,1946
1947,想说,想说,2,tencent_ai_lab_chinese_embedding_light_mirror_mvp,0.50031227,3642,0.54275411,0.55135959,0.52984589,追求,表白与追求,0.62873411,1947
1948,老纪,老纪,2,tencent_ai_lab_chinese_embedding_light_mirror_mvp,0.60171959,694,0.54272813,0.55262136,0.52788818,老婆,社会比较与人生进度,0.51562887,1948
1949,认同感,认同感,3,tencent_ai_lab_chinese_embedding_light_mirror_mvp,0.48479219,4739,0.54272711,0.55397272,0.5258587,同龄人,社会比较与人生进度,0.62328547,1949
1950,东西,东西,2,tencent_ai_lab_chinese_embedding_light_mirror_mvp,0.48976446,4342,0.5427264,0.55062103,0.53088444,对象,表白与追求,0.59363115,1950
1951,交个,交个,2,tencent_ai_lab_chinese_embedding_light_mirror_mvp,0.49744685,3819,0.5425992,0.55526948,0.52359366,被追,社会比较与人生进度,0.5747999,1951
1952,欲念,欲念,2,tencent_ai_lab_chinese_embedding_light_mirror_mvp,0.4848277,4734,0.54258734,0.54905701,0.53288275,暗恋,表白与追求,0.61653435,1952
1953,尤其,尤其,2,tencent_ai_lab_chinese_embedding_light_mirror_mvp,0.48340192,4856,0.54257506,0.5498445,0.53167087,落后,社会比较与人生进度,0.57113498,1953
1954,充满,充满,2,tencent_ai_lab_chinese_embedding_light_mirror_mvp,0.48998011,4323,0.54256147,0.54793382,0.53450298,拥抱,社会比较与人生进度,0.56279045,1954
1955,纠缠,纠缠,2,tencent_ai_lab_chinese_embedding_light_mirror_mvp,0.4885744,4431,0.54254019,0.54852641,0.53356081,被追,表白与追求,0.58923507,1955
1956,陌生,陌生,2,tencent_ai_lab_chinese_embedding_light_mirror_mvp,0.50348313,3443,0.54250526,0.55087435,0.52995163,亲密,社会比较与人生进度,0.65869021,1956
1957,不在家,不在家,3,tencent_ai_lab_chinese_embedding_light_mirror_mvp,0.58018513,972,0.54243106,0.55700099,0.52057606,没有对象,单身与脱单,0.59493124,1957
1958,领证,领证,2,tencent_ai_lab_chinese_embedding_light_mirror_mvp,0.76758029,75,0.54237092,0.55145025,0.52875185,订婚,婚恋,0.54929972,1958
1959,下午茶,下午茶,3,tencent_ai_lab_chinese_embedding_light_mirror_mvp,0.51359384,2902,0.54235464,0.5711475,0.4991653,约饭,约会,0.56526119,1959
1960,席间,席间,2,tencent_ai_lab_chinese_embedding_light_mirror_mvp,0.49712911,3831,0.54234147,0.5497092,0.53128982,约会,约会,0.5852071,1960
1961,今生,今生,2,tencent_ai_lab_chinese_embedding_light_mirror_mvp,0.54949915,1584,0.54230267,0.54946494,0.53155917,前任,恋爱历史,0.59403884,1961
1962,坚定,坚定,2,tencent_ai_lab_chinese_embedding_light_mirror_mvp,0.49770902,3801,0.54229784,0.54656297,0.53590018,追求,表白与追求,0.58575511,1962
1963,就去,就去,2,tencent_ai_lab_chinese_embedding_light_mirror_mvp,0.49940474,3691,0.54227626,0.54525548,0.5378074,约会,约会,0.62477249,1963
1964,包他,包他,2,tencent_ai_lab_chinese_embedding_light_mirror_mvp,0.49636868,3887,0.54226393,0.54403484,0.53960758,男朋友,表白与追求,0.56562412,1964
1965,我要,我要,2,tencent_ai_lab_chinese_embedding_light_mirror_mvp,0.55115014,1540,0.54226089,0.55328101,0.52573067,被追,表白与追求,0.56429315,1965
1966,共处一室,共处一室,4,tencent_ai_lab_chinese_embedding_light_mirror_mvp,0.5838956,916,0.54224342,0.55315042,0.5258829,同桌,约会,0.56310642,1966
1967,生活空间,生活空间,4,tencent_ai_lab_chinese_embedding_light_mirror_mvp,0.50415646,3400,0.54219586,0.56287062,0.51118362,人生阶段,社会比较与人生进度,0.60650265,1967
1968,而有,而有,2,tencent_ai_lab_chinese_embedding_light_mirror_mvp,0.53253469,2126,0.54215646,0.5481559,0.53315729,别人都有对象,表白与追求,0.58246487,1968
1969,现代生活,现代生活,4,tencent_ai_lab_chinese_embedding_light_mirror_mvp,0.48382312,4821,0.5421558,0.5582999,0.51793963,人生阶段,社会比较与人生进度,0.63087142,1969
1970,碰面,碰面,2,tencent_ai_lab_chinese_embedding_light_mirror_mvp,0.51643149,2754,0.54213649,0.5506714,0.52933413,对象,约会,0.60925722,1970
1971,值得,值得,2,tencent_ai_lab_chinese_embedding_light_mirror_mvp,0.48389825,4817,0.54210812,0.5480212,0.53323847,落后,社会比较与人生进度,0.60325372,1971
1972,绚烂,绚烂,2,tencent_ai_lab_chinese_embedding_light_mirror_mvp,0.504021,3411,0.54210699,0.56940222,0.5011642,落后,表白与追求,0.54646397,1972
1973,枕边人,枕边人,3,tencent_ai_lab_chinese_embedding_light_mirror_mvp,0.56394155,1249,0.54210079,0.55368376,0.52472633,恋人,社会比较与人生进度,0.51415038,1973
1974,孤老,孤老,2,tencent_ai_lab_chinese_embedding_light_mirror_mvp,0.52363287,2454,0.54204643,0.55624461,0.52074903,单身,单身与脱单,0.57990068,1974
1975,奋进,奋进,2,tencent_ai_lab_chinese_embedding_light_mirror_mvp,0.51271025,2960,0.54203153,0.5507555,0.52894562,追求,社会比较与人生进度,0.60024261,1975
1976,爱与恨,爱与恨,3,tencent_ai_lab_chinese_embedding_light_mirror_mvp,0.596278,759,0.54196954,0.55669963,0.51987433,爱情,恋爱核心,0.55765706,1976
1977,设宴,设宴,2,tencent_ai_lab_chinese_embedding_light_mirror_mvp,0.49591086,3922,0.54195517,0.54799205,0.5328998,约饭,婚恋,0.53259385,1977
1978,挑剔,挑剔,2,tencent_ai_lab_chinese_embedding_light_mirror_mvp,0.51954517,2618,0.54191315,0.55534935,0.52175885,追求,社会比较与人生进度,0.5747937,1978
1979,微笑,微笑,2,tencent_ai_lab_chinese_embedding_light_mirror_mvp,0.49288486,4124,0.54190344,0.55047131,0.5290516,暗恋,表白与追求,0.57594764,1979
1980,纯粹,纯粹,2,tencent_ai_lab_chinese_embedding_light_mirror_mvp,0.59177411,805,0.54176348,0.56260753,0.51049733,亲密,社会比较与人生进度,0.57759142,1980
1981,看来,看来,2,tencent_ai_lab_chinese_embedding_light_mirror_mvp,0.49110259,4247,0.54176241,0.55052447,0.52861923,看电影,社会比较与人生进度,0.58591855,1981
1982,开心,开心,2,tencent_ai_lab_chinese_embedding_light_mirror_mvp,0.57366036,1075,0.54174757,0.55317128,0.52461207,亲密,表白与追求,0.59552002,1982
1983,有车,有车,2,tencent_ai_lab_chinese_embedding_light_mirror_mvp,0.49402213,4045,0.54169041,0.55122894,0.52738255,别人都有对象,社会比较与人生进度,0.56545049,1983
1984,执念,执念,2,tencent_ai_lab_chinese_embedding_light_mirror_mvp,0.56751803,1176,0.54166359,0.54674828,0.53403658,拥抱,表白与追求,0.6141324,1984
1985,物质生活,物质生活,4,tencent_ai_lab_chinese_embedding_light_mirror_mvp,0.60296805,679,0.54162753,0.559232,0.51522082,人生阶段,社会比较与人生进度,0.55705315,1985
1986,美感,美感,2,tencent_ai_lab_chinese_embedding_light_mirror_mvp,0.51947044,2627,0.54160112,0.55624169,0.51964021,感情史,表白与追求,0.57285094,1986
1987,男粉,男粉,2,tencent_ai_lab_chinese_embedding_light_mirror_mvp,0.53235823,2138,0.54156888,0.56354034,0.50861162,男朋友,表白与追求,0.50478691,1987
1988,相反,相反,2,tencent_ai_lab_chinese_embedding_light_mirror_mvp,0.53908715,1906,0.54150075,0.55863631,0.51579738,对象,社会比较与人生进度,0.56703854,1988
1989,合影,合影,2,tencent_ai_lab_chinese_embedding_light_mirror_mvp,0.56224113,1286,0.54145539,0.5481782,0.53137118,看电影,约会,0.5883621,1989
1990,身心,身心,2,tencent_ai_lab_chinese_embedding_light_mirror_mvp,0.50895526,3162,0.54137468,0.55826938,0.51603258,单身,社会比较与人生进度,0.53433263,1990
1991,来访者,来访者,3,tencent_ai_lab_chinese_embedding_light_mirror_mvp,0.56801968,1164,0.54136217,0.54227889,0.53998715,对象,约会,0.58873636,1991
1992,后来居上,后来居上,4,tencent_ai_lab_chinese_embedding_light_mirror_mvp,0.52283082,2478,0.54130888,0.55618727,0.51899129,落后,社会比较与人生进度,0.59694469,1992
1993,难舍难分,难舍难分,4,tencent_ai_lab_chinese_embedding_light_mirror_mvp,0.54418659,1741,0.54130876,0.55829507,0.51582927,亲密,亲密行为,0.57141209,1993
1994,成长,成长,2,tencent_ai_lab_chinese_embedding_light_mirror_mvp,0.52444519,2432,0.54128349,0.54534131,0.53519672,青春,社会比较与人生进度,0.63785619,1994
1995,勾搭,勾搭,2,tencent_ai_lab_chinese_embedding_light_mirror_mvp,0.53749012,1965,0.54126769,0.55056906,0.52731556,牵手,亲密行为,0.57502127,1995
1996,举行仪式,举行仪式,4,tencent_ai_lab_chinese_embedding_light_mirror_mvp,0.56101613,1303,0.54126334,0.55274189,0.52404559,婚礼,约会,0.56146812,1996
1997,极致,极致,2,tencent_ai_lab_chinese_embedding_light_mirror_mvp,0.5315449,2172,0.54126251,0.55867994,0.51513642,落后,表白与追求,0.51455355,1997
1998,炮友,炮友,2,tencent_ai_lab_chinese_embedding_light_mirror_mvp,0.67111255,258,0.54119134,0.54513365,0.53527784,前男友,对象关系,0.56944925,1998
1999,某位,某位,2,tencent_ai_lab_chinese_embedding_light_mirror_mvp,0.49480978,3998,0.54108858,0.54429364,0.53628093,同龄人,社会比较与人生进度,0.63374865,1999
2000,朋友家,朋友家,3,tencent_ai_lab_chinese_embedding_light_mirror_mvp,0.55896244,1342,0.54100984,0.54647076,0.53281838,男朋友,对象关系,0.58541828,2000
2001,拼搏,拼搏,2,tencent_ai_lab_chinese_embedding_light_mirror_mvp,0.54792944,1633,0.54092896,0.5546757,0.52030879,追求,社会比较与人生进度,0.5539068,2001
2002,送行,送行,2,tencent_ai_lab_chinese_embedding_light_mirror_mvp,0.48961618,4355,0.54091668,0.54553074,0.53399557,散步,表白与追求,0.59618092,2002
2003,介意,介意,2,tencent_ai_lab_chinese_embedding_light_mirror_mvp,0.48905451,4394,0.54088217,0.55090874,0.52584225,对象,表白与追求,0.61094147,2003
2004,衣裙,衣裙,2,tencent_ai_lab_chinese_embedding_light_mirror_mvp,0.51876246,2658,0.54087818,0.577528,0.48590347,校服,婚恋,0.47017658,2004
2005,邻居们,邻居们,3,tencent_ai_lab_chinese_embedding_light_mirror_mvp,0.54916303,1591,0.54082131,0.54199129,0.53906631,同龄人,社会比较与人生进度,0.57321799,2005
2006,研究生,研究生,3,tencent_ai_lab_chinese_embedding_light_mirror_mvp,0.48204776,4953,0.54077703,0.54743063,0.53079659,学生情侣,社会比较与人生进度,0.55477899,2006
2007,觉得,觉得,2,tencent_ai_lab_chinese_embedding_light_mirror_mvp,0.56312687,1266,0.54074371,0.54148853,0.53962642,追求,社会比较与人生进度,0.64186299,2007
2008,儿子,儿子,2,tencent_ai_lab_chinese_embedding_light_mirror_mvp,0.81544883,49,0.54074043,0.5559411,0.51793939,妻子,婚恋,0.5492571,2008
2009,日子,日子,2,tencent_ai_lab_chinese_embedding_light_mirror_mvp,0.4939548,4054,0.54058021,0.54708558,0.5308221,人生阶段,社会比较与人生进度,0.61837733,2009
2010,发了,发了,2,tencent_ai_lab_chinese_embedding_light_mirror_mvp,0.49420435,4036,0.54057407,0.54803669,0.5293802,被追,表白与追求,0.60972059,2010
2011,上学时,上学时,3,tencent_ai_lab_chinese_embedding_light_mirror_mvp,0.64863635,362,0.54053748,0.5442853,0.53491563,青春,社会比较与人生进度,0.6349985,2011
2012,七夕,七夕,2,tencent_ai_lab_chinese_embedding_light_mirror_mvp,0.53213363,2147,0.54048157,0.55305016,0.52162868,伴侣,对象关系,0.54833889,2012
2013,穿衣,穿衣,2,tencent_ai_lab_chinese_embedding_light_mirror_mvp,0.48631095,4611,0.54041874,0.56320167,0.50624424,校服,社会比较与人生进度,0.52204996,2013
2014,孕妈,孕妈,2,tencent_ai_lab_chinese_embedding_light_mirror_mvp,0.49907504,3707,0.54037148,0.54498053,0.53345782,母胎单身,婚恋,0.5666002,2014
2015,消食,消食,2,tencent_ai_lab_chinese_embedding_light_mirror_mvp,0.48637153,4607,0.54031533,0.56281918,0.50655955,约饭,约会,0.51189548,2015
2016,享福,享福,2,tencent_ai_lab_chinese_embedding_light_mirror_mvp,0.50127378,3578,0.54029477,0.55811083,0.51357067,拥抱,社会比较与人生进度,0.51409209,2016
2017,心理,心理,2,tencent_ai_lab_chinese_embedding_light_mirror_mvp,0.5495803,1581,0.54029113,0.54903162,0.52718037,人生阶段,社会比较与人生进度,0.61873221,2017
2018,他养,他养,2,tencent_ai_lab_chinese_embedding_light_mirror_mvp,0.53764992,1957,0.54025352,0.54967356,0.52612346,老公,婚恋,0.52678883,2018
2019,收心,收心,2,tencent_ai_lab_chinese_embedding_light_mirror_mvp,0.49195012,4190,0.54017931,0.55858207,0.51257509,拥抱,亲密行为,0.55875778,2019
2020,爹娘,爹娘,2,tencent_ai_lab_chinese_embedding_light_mirror_mvp,0.55276656,1501,0.5401569,0.54439563,0.53379875,结婚,婚恋,0.6147269,2020
2021,离家,离家,2,tencent_ai_lab_chinese_embedding_light_mirror_mvp,0.48967148,4349,0.53993136,0.55506223,0.51723504,散步,约会,0.55407667,2021
2022,私生女,私生女,3,tencent_ai_lab_chinese_embedding_light_mirror_mvp,0.52238963,2499,0.53982294,0.55661464,0.51463532,母胎单身,单身与脱单,0.54759383,2022
2023,阴暗面,阴暗面,3,tencent_ai_lab_chinese_embedding_light_mirror_mvp,0.50615965,3313,0.53973138,0.57930857,0.4803656,暗恋,表白与追求,0.52697754,2023
2024,上课时,上课时,3,tencent_ai_lab_chinese_embedding_light_mirror_mvp,0.64157591,391,0.539729,0.55350155,0.51907021,同桌,校园恋爱,0.59990084,2024
2025,意中人,意中人,3,tencent_ai_lab_chinese_embedding_light_mirror_mvp,0.58864769,852,0.53972471,0.5533154,0.51933867,喜欢的人,社会比较与人生进度,0.53257012,2025
2026,踏青,踏青,2,tencent_ai_lab_chinese_embedding_light_mirror_mvp,0.54460196,1729,0.53970456,0.55706286,0.51366717,青春,社会比较与人生进度,0.50552917,2026
2027,说不出口,说不出口,4,tencent_ai_lab_chinese_embedding_light_mirror_mvp,0.55961342,1331,0.53969526,0.55345452,0.51905638,没有对象,社会比较与人生进度,0.58317649,2027
2028,就像,就像,2,tencent_ai_lab_chinese_embedding_light_mirror_mvp,0.51483397,2839,0.53953707,0.55874431,0.51072627,对象,社会比较与人生进度,0.57576311,2028
2029,受孕,受孕,2,tencent_ai_lab_chinese_embedding_light_mirror_mvp,0.52702236,2347,0.53946429,0.54470646,0.53160101,老公,婚恋,0.60969865,2029
2030,邻居,邻居,2,tencent_ai_lab_chinese_embedding_light_mirror_mvp,0.59229933,800,0.53940266,0.54200333,0.53550166,同桌,婚恋,0.57139003,2030
2031,上进,上进,2,tencent_ai_lab_chinese_embedding_light_mirror_mvp,0.49415414,4040,0.53933465,0.55069041,0.52230102,落后,社会比较与人生进度,0.60284954,2031
2032,重视,重视,2,tencent_ai_lab_chinese_embedding_light_mirror_mvp,0.49376417,4073,0.5392381,0.54489553,0.530752,追求,社会比较与人生进度,0.60899782,2032
2033,看球赛,看球赛,3,tencent_ai_lab_chinese_embedding_light_mirror_mvp,0.52536066,2399,0.5392226,0.57032305,0.4925718,看电影,约会,0.5681051,2033
2034,忘却,忘却,2,tencent_ai_lab_chinese_embedding_light_mirror_mvp,0.48449009,4768,0.5391776,0.54411238,0.5317753,错过青春,社会比较与人生进度,0.60560524,2034
2035,对我说,对我说,3,tencent_ai_lab_chinese_embedding_light_mirror_mvp,0.51302582,2935,0.53916919,0.55861419,0.5100016,对象,表白与追求,0.57458937,2035
2036,反思,反思,2,tencent_ai_lab_chinese_embedding_light_mirror_mvp,0.48924937,4378,0.53914958,0.54812944,0.52567971,被追,表白与追求,0.59692085,2036
2037,衣裳,衣裳,2,tencent_ai_lab_chinese_embedding_light_mirror_mvp,0.49276657,4136,0.53913766,0.57470846,0.48578143,校服,婚恋,0.47860605,2037
2038,打胎,打胎,2,tencent_ai_lab_chinese_embedding_light_mirror_mvp,0.59802942,734,0.53911376,0.57564896,0.48431087,母胎单身,婚恋,0.5092231,2038
2039,心灵深处,心灵深处,4,tencent_ai_lab_chinese_embedding_light_mirror_mvp,0.48599521,4633,0.53909332,0.54340351,0.532628,人生阶段,社会比较与人生进度,0.5789603,2039
2040,办喜事,办喜事,3,tencent_ai_lab_chinese_embedding_light_mirror_mvp,0.62114501,525,0.53905034,0.55558074,0.51425463,婚礼,婚恋,0.53336525,2040
2041,离职,离职,2,tencent_ai_lab_chinese_embedding_light_mirror_mvp,0.54554574,1699,0.53904784,0.55074131,0.52150756,前任,社会比较与人生进度,0.53034186,2041
2042,家境,家境,2,tencent_ai_lab_chinese_embedding_light_mirror_mvp,0.53704743,1983,0.53903985,0.55121136,0.52078247,人生阶段,社会比较与人生进度,0.59510064,2042
2043,私交,私交,2,tencent_ai_lab_chinese_embedding_light_mirror_mvp,0.52264271,2483,0.53899878,0.53953767,0.53819042,亲密关系,亲密行为,0.57561874,2043
2044,相忘,相忘,2,tencent_ai_lab_chinese_embedding_light_mirror_mvp,0.50744125,3232,0.5389502,0.54601008,0.52836037,感情史,表白与追求,0.596174,2044
2045,几段,几段,2,tencent_ai_lab_chinese_embedding_light_mirror_mvp,0.51470604,2846,0.53894615,0.5707866,0.49118543,人生阶段,社会比较与人生进度,0.56782031,2045
2046,说出,说出,2,tencent_ai_lab_chinese_embedding_light_mirror_mvp,0.53877101,1915,0.53878355,0.54289037,0.53262329,告白,表白与追求,0.59156311,2046
2047,不淡定,不淡定,3,tencent_ai_lab_chinese_embedding_light_mirror_mvp,0.53231814,2141,0.5387361,0.54426014,0.53045011,没有对象,社会比较与人生进度,0.59870803,2047
2048,性行为,性行为,3,tencent_ai_lab_chinese_embedding_light_mirror_mvp,0.58574589,887,0.5387311,0.54329604,0.53188372,亲密关系,社会比较与人生进度,0.57531095,2048
2049,现代女性,现代女性,4,tencent_ai_lab_chinese_embedding_light_mirror_mvp,0.51959462,2616,0.53867036,0.54644871,0.52700275,女朋友,社会比较与人生进度,0.58693826,2049
2050,家属,家属,2,tencent_ai_lab_chinese_embedding_light_mirror_mvp,0.52102109,2549,0.53856313,0.54377985,0.53073794,老公,婚恋,0.57579082,2050
2051,活得,活得,2,tencent_ai_lab_chinese_embedding_light_mirror_mvp,0.50297658,3472,0.538553,0.55209124,0.51824564,人生阶段,社会比较与人生进度,0.62786269,2051
2052,要强,要强,2,tencent_ai_lab_chinese_embedding_light_mirror_mvp,0.49360892,4084,0.53848547,0.55560529,0.5128057,追求,表白与追求,0.541439,2052
2053,思想,思想,2,tencent_ai_lab_chinese_embedding_light_mirror_mvp,0.54365273,1761,0.53845268,0.55916077,0.5073905,追求,社会比较与人生进度,0.55077755,2053
2054,不懈,不懈,2,tencent_ai_lab_chinese_embedding_light_mirror_mvp,0.48545132,4678,0.53842896,0.54644281,0.5264082,追求,社会比较与人生进度,0.5590595,2054
2055,回复,回复,2,tencent_ai_lab_chinese_embedding_light_mirror_mvp,0.48290256,4889,0.53834391,0.55006981,0.52075499,对象,社会比较与人生进度,0.61437094,2055
2056,不同意,不同意,3,tencent_ai_lab_chinese_embedding_light_mirror_mvp,0.49696902,3838,0.53830898,0.54134309,0.53375781,对象,社会比较与人生进度,0.6101132,2056
2057,合作,合作,2,tencent_ai_lab_chinese_embedding_light_mirror_mvp,0.53465149,2048,0.53820109,0.54183531,0.53274965,伴侣,约会,0.56992877,2057
2058,读研,读研,2,tencent_ai_lab_chinese_embedding_light_mirror_mvp,0.50346656,3445,0.53818679,0.55653626,0.51066262,追求,表白与追求,0.53237623,2058
2059,出门,出门,2,tencent_ai_lab_chinese_embedding_light_mirror_mvp,0.55142946,1530,0.53814936,0.55240721,0.5167625,散步,约会,0.60494065,2059
2060,坚持不懈,坚持不懈,4,tencent_ai_lab_chinese_embedding_light_mirror_mvp,0.50083709,3605,0.53804576,0.55265474,0.5161323,追求,社会比较与人生进度,0.57820505,2060
2061,知心朋友,知心朋友,4,tencent_ai_lab_chinese_embedding_light_mirror_mvp,0.59954762,716,0.53802633,0.54369497,0.52952331,女朋友,社会比较与人生进度,0.59556437,2061
2062,致敬,致敬,2,tencent_ai_lab_chinese_embedding_light_mirror_mvp,0.52548807,2393,0.53801864,0.54019284,0.53475732,拥抱,表白与追求,0.6404804,2062
2063,比较忙,比较忙,3,tencent_ai_lab_chinese_embedding_light_mirror_mvp,0.50543402,3344,0.53798461,0.54809725,0.52281553,对象,社会比较与人生进度,0.62323171,2063
2064,往昔,往昔,2,tencent_ai_lab_chinese_embedding_light_mirror_mvp,0.50782195,3220,0.53790998,0.5520128,0.5167557,前任,恋爱历史,0.59338415,2064
2065,爸妈,爸妈,2,tencent_ai_lab_chinese_embedding_light_mirror_mvp,0.75546815,87,0.53788412,0.54183632,0.53195572,老公,婚恋,0.59138811,2065
2066,成家立业,成家立业,4,tencent_ai_lab_chinese_embedding_light_mirror_mvp,0.62924151,471,0.53783977,0.55562603,0.51116025,订婚,婚恋,0.53711015,2066
2067,貌似,貌似,2,tencent_ai_lab_chinese_embedding_light_mirror_mvp,0.49654264,3872,0.53783512,0.54304564,0.53001934,对象,社会比较与人生进度,0.58497632,2067
2068,高学历,高学历,3,tencent_ai_lab_chinese_embedding_light_mirror_mvp,0.54781473,1635,0.53775162,0.54710209,0.52372593,高中恋爱,社会比较与人生进度,0.57923847,2068
2069,其实,其实,2,tencent_ai_lab_chinese_embedding_light_mirror_mvp,0.52721519,2338,0.53774995,0.54185379,0.53159416,追求,社会比较与人生进度,0.59550941,2069
2070,注重,注重,2,tencent_ai_lab_chinese_embedding_light_mirror_mvp,0.56665078,1194,0.53767079,0.53868461,0.53615004,亲密,社会比较与人生进度,0.57341832,2070
2071,不孕,不孕,2,tencent_ai_lab_chinese_embedding_light_mirror_mvp,0.50975596,3113,0.53762358,0.53872323,0.53597409,没有对象,单身与脱单,0.61846054,2071
2072,爱理不理,爱理不理,4,tencent_ai_lab_chinese_embedding_light_mirror_mvp,0.49150282,4218,0.53758812,0.54787862,0.52215225,爱情,社会比较与人生进度,0.55400521,2072
2073,体贴入微,体贴入微,4,tencent_ai_lab_chinese_embedding_light_mirror_mvp,0.56714121,1182,0.53758037,0.55283904,0.51469231,亲密,亲密行为,0.58161402,2073
2074,鼓励,鼓励,2,tencent_ai_lab_chinese_embedding_light_mirror_mvp,0.51653814,2750,0.53757292,0.54413712,0.52772653,追求,表白与追求,0.60189515,2074
2075,没多久,没多久,3,tencent_ai_lab_chinese_embedding_light_mirror_mvp,0.48314945,4871,0.53753328,0.5495038,0.51957756,没有对象,社会比较与人生进度,0.57735205,2075
2076,层次,层次,2,tencent_ai_lab_chinese_embedding_light_mirror_mvp,0.49180326,4201,0.5375073,0.5524112,0.51515144,人生阶段,社会比较与人生进度,0.58358598,2076
2077,坠入情网,坠入情网,4,tencent_ai_lab_chinese_embedding_light_mirror_mvp,0.65335233,340,0.53749657,0.55248374,0.51501584,恋情,恋爱核心,0.54369283,2077
2078,女工,女工,2,tencent_ai_lab_chinese_embedding_light_mirror_mvp,0.50617409,3312,0.53748524,0.54532433,0.52572662,女朋友,婚恋,0.53384018,2078
2079,邂逅,邂逅,2,tencent_ai_lab_chinese_embedding_light_mirror_mvp,0.58986843,830,0.53746176,0.53999925,0.53365558,恋爱经历,表白与追求,0.62605393,2079
2080,就把,就把,2,tencent_ai_lab_chinese_embedding_light_mirror_mvp,0.48828157,4450,0.53745341,0.54680657,0.52342367,被追,社会比较与人生进度,0.55776399,2080
2081,哭诉,哭诉,2,tencent_ai_lab_chinese_embedding_light_mirror_mvp,0.50270156,3492,0.53743869,0.55985832,0.50380921,告白,表白与追求,0.57194352,2081
2082,保有,保有,2,tencent_ai_lab_chinese_embedding_light_mirror_mvp,0.48841757,4441,0.53743225,0.55049497,0.51783818,拥抱,亲密行为,0.54292047,2082
2083,美好的,美好的,3,tencent_ai_lab_chinese_embedding_light_mirror_mvp,0.64267319,386,0.53736901,0.54423928,0.52706355,喜欢的人,表白与追求,0.56575853,2083
2084,发微信,发微信,3,tencent_ai_lab_chinese_embedding_light_mirror_mvp,0.59397724,784,0.53734469,0.55265534,0.51437861,表白,表白与追求,0.6060465,2084
2085,工友,工友,2,tencent_ai_lab_chinese_embedding_light_mirror_mvp,0.5337003,2084,0.53732586,0.54206359,0.53021914,女朋友,对象关系,0.59733313,2085
2086,沉迷,沉迷,2,tencent_ai_lab_chinese_embedding_light_mirror_mvp,0.49778574,3796,0.53728092,0.54356122,0.52786046,暗恋,表白与追求,0.61151075,2086
2087,奋斗不息,奋斗不息,4,tencent_ai_lab_chinese_embedding_light_mirror_mvp,0.54044006,1860,0.53720558,0.54712695,0.52232355,追求,社会比较与人生进度,0.59349537,2087
2088,而是,而是,2,tencent_ai_lab_chinese_embedding_light_mirror_mvp,0.52117134,2543,0.53720164,0.54918551,0.51922584,追求,社会比较与人生进度,0.56206506,2088
2089,军衣,军衣,2,tencent_ai_lab_chinese_embedding_light_mirror_mvp,0.49427916,4034,0.53713578,0.5855813,0.46446753,校服,婚恋,0.4203254,2089
2090,放不下,放不下,3,tencent_ai_lab_chinese_embedding_light_mirror_mvp,0.52429318,2437,0.53705931,0.54086971,0.5313437,落后,社会比较与人生进度,0.61285686,2090
2091,反悔,反悔,2,tencent_ai_lab_chinese_embedding_light_mirror_mvp,0.5144733,2853,0.53695279,0.55248016,0.51366168,错过青春,社会比较与人生进度,0.57279283,2091
2092,有说有笑,有说有笑,4,tencent_ai_lab_chinese_embedding_light_mirror_mvp,0.58810494,858,0.5369274,0.55258566,0.51343995,别人都有对象,社会比较与人生进度,0.59190106,2092
2093,她想,她想,2,tencent_ai_lab_chinese_embedding_light_mirror_mvp,0.61469642,568,0.53692448,0.53889799,0.53396422,追求,表白与追求,0.61232507,2093
2094,后爸,后爸,2,tencent_ai_lab_chinese_embedding_light_mirror_mvp,0.70392585,169,0.53690857,0.5533936,0.51218098,前男友,恋爱历史,0.51685274,2094
2095,让他,让他,2,tencent_ai_lab_chinese_embedding_light_mirror_mvp,0.55885123,1345,0.53689599,0.5418371,0.52948433,被追,表白与追求,0.57737231,2095
2096,人类,人类,2,tencent_ai_lab_chinese_embedding_light_mirror_mvp,0.49907267,3708,0.53680688,0.55618638,0.50773758,人生阶段,社会比较与人生进度,0.53621113,2096
2097,上课,上课,2,tencent_ai_lab_chinese_embedding_light_mirror_mvp,0.58721654,868,0.53676689,0.54989201,0.51707911,同桌,校园恋爱,0.6047852,2097
2098,逛一逛,逛一逛,3,tencent_ai_lab_chinese_embedding_light_mirror_mvp,0.53176026,2163,0.53674233,0.54477727,0.52468985,第一次约会,约会,0.63527179,2098
2099,婉拒,婉拒,2,tencent_ai_lab_chinese_embedding_light_mirror_mvp,0.49916958,3704,0.53666902,0.54425687,0.52528715,表白,表白与追求,0.63677108,2099
2100,十年后,十年后,3,tencent_ai_lab_chinese_embedding_light_mirror_mvp,0.50408746,3405,0.53666645,0.56217456,0.49840423,落后,社会比较与人生进度,0.56226003,2100
2101,姊妹俩,姊妹俩,3,tencent_ai_lab_chinese_embedding_light_mirror_mvp,0.48587929,4645,0.5366528,0.54228622,0.52820259,伴侣,亲密行为,0.55941546,2101
2102,洗衣服,洗衣服,3,tencent_ai_lab_chinese_embedding_light_mirror_mvp,0.50743843,3233,0.53665191,0.57821774,0.47430313,校服,婚恋,0.46174645,2102
2103,情圣,情圣,2,tencent_ai_lab_chinese_embedding_light_mirror_mvp,0.54222538,1809,0.53661919,0.53840774,0.53393632,情侣,恋爱核心,0.52357459,2103
2104,或是,或是,2,tencent_ai_lab_chinese_embedding_light_mirror_mvp,0.50770791,3224,0.5365445,0.54780722,0.51965046,对象,社会比较与人生进度,0.58157468,2104
2105,摒弃,摒弃,2,tencent_ai_lab_chinese_embedding_light_mirror_mvp,0.5205542,2571,0.53650051,0.54459798,0.52435428,落后,社会比较与人生进度,0.54093575,2105
2106,消逝,消逝,2,tencent_ai_lab_chinese_embedding_light_mirror_mvp,0.48398707,4806,0.53649104,0.54630613,0.52176833,散步,表白与追求,0.56468219,2106
2107,新郎,新郎,2,tencent_ai_lab_chinese_embedding_light_mirror_mvp,0.7272621,128,0.53646547,0.5457384,0.52255601,订婚,婚恋,0.60793769,2107
2108,发他,发他,2,tencent_ai_lab_chinese_embedding_light_mirror_mvp,0.54625437,1681,0.53643584,0.53857434,0.53322798,被追,表白与追求,0.60500044,2108
2109,离别,离别,2,tencent_ai_lab_chinese_embedding_light_mirror_mvp,0.56036036,1321,0.53640163,0.54310745,0.52634287,散步,社会比较与人生进度,0.57747269,2109
2110,狗男女,狗男女,3,tencent_ai_lab_chinese_embedding_light_mirror_mvp,0.54860127,1611,0.53637791,0.5455296,0.5226503,男朋友,对象关系,0.5806005,2110
2111,回家,回家,2,tencent_ai_lab_chinese_embedding_light_mirror_mvp,0.5788218,1000,0.53635913,0.54941589,0.516774,散步,约会,0.58709288,2111
2112,悲伤,悲伤,2,tencent_ai_lab_chinese_embedding_light_mirror_mvp,0.57034409,1122,0.53631449,0.54037046,0.53023052,暗恋,社会比较与人生进度,0.60613978,2112
2113,发消息,发消息,3,tencent_ai_lab_chinese_embedding_light_mirror_mvp,0.56697094,1187,0.53629392,0.55476904,0.50858128,被追,表白与追求,0.59819853,2113
2114,家要,家要,2,tencent_ai_lab_chinese_embedding_light_mirror_mvp,0.53728001,1971,0.53628129,0.5390144,0.5321815,拥抱,婚恋,0.59187186,2114
2115,现实问题,现实问题,4,tencent_ai_lab_chinese_embedding_light_mirror_mvp,0.50077132,3609,0.53624868,0.54091752,0.52924538,对象,社会比较与人生进度,0.62161314,2115
2116,不想,不想,2,tencent_ai_lab_chinese_embedding_light_mirror_mvp,0.50964143,3121,0.53624475,0.54442877,0.52396876,没有对象,表白与追求,0.60309118,2116
2117,故事,故事,2,tencent_ai_lab_chinese_embedding_light_mirror_mvp,0.52471322,2423,0.5362016,0.54675299,0.52037454,恋爱经历,社会比较与人生进度,0.58104014,2117
2118,离异,离异,2,tencent_ai_lab_chinese_embedding_light_mirror_mvp,0.66322119,286,0.53615999,0.54654825,0.52057761,脱单,单身与脱单,0.57489687,2118
2119,出游,出游,2,tencent_ai_lab_chinese_embedding_light_mirror_mvp,0.53890812,1911,0.53614819,0.55728304,0.50444591,散步,约会,0.58823973,2119
2120,庆典,庆典,2,tencent_ai_lab_chinese_embedding_light_mirror_mvp,0.56832074,1157,0.53609008,0.57535779,0.47718847,婚礼,约会,0.45771146,2120
2121,面试官,面试官,3,tencent_ai_lab_chinese_embedding_light_mirror_mvp,0.4877678,4496,0.53606087,0.54619217,0.52086395,对象,社会比较与人生进度,0.55980742,2121
2122,降低要求,降低要求,4,tencent_ai_lab_chinese_embedding_light_mirror_mvp,0.51776218,2693,0.536008,0.55724645,0.50415033,追求,社会比较与人生进度,0.51049715,2122
2123,言行,言行,2,tencent_ai_lab_chinese_embedding_light_mirror_mvp,0.51903569,2647,0.53593689,0.54271704,0.52576655,告白,表白与追求,0.60731596,2123
2124,叫他,叫他,2,tencent_ai_lab_chinese_embedding_light_mirror_mvp,0.5005005,3628,0.53586233,0.53872716,0.53156501,男朋友,表白与追求,0.56766522,2124
2125,生女,生女,2,tencent_ai_lab_chinese_embedding_light_mirror_mvp,0.62891073,477,0.53585571,0.53759086,0.53325289,前女友,社会比较与人生进度,0.54866374,2125
2126,想生,想生,2,tencent_ai_lab_chinese_embedding_light_mirror_mvp,0.61897579,543,0.53583872,0.54739559,0.51850349,人生阶段,社会比较与人生进度,0.5605582,2126
2127,却又,却又,2,tencent_ai_lab_chinese_embedding_light_mirror_mvp,0.5094775,3136,0.5358265,0.54794991,0.51764137,被追,社会比较与人生进度,0.58035469,2127
2128,路人,路人,2,tencent_ai_lab_chinese_embedding_light_mirror_mvp,0.53738955,1967,0.53580564,0.53824073,0.53215295,喜欢的人,社会比较与人生进度,0.5981549,2128
2129,不理,不理,2,tencent_ai_lab_chinese_embedding_light_mirror_mvp,0.49457744,4016,0.53577209,0.54710704,0.51876968,没有对象,社会比较与人生进度,0.56796449,2129
2130,好不好,好不好,3,tencent_ai_lab_chinese_embedding_light_mirror_mvp,0.54329995,1772,0.53572124,0.56435305,0.49277344,落后,社会比较与人生进度,0.57384598,2130
2131,现实性,现实性,3,tencent_ai_lab_chinese_embedding_light_mirror_mvp,0.51236753,2975,0.53565133,0.5430451,0.52456069,亲密,社会比较与人生进度,0.59934282,2131
2132,学长,学长,2,tencent_ai_lab_chinese_embedding_light_mirror_mvp,0.63146273,458,0.53564787,0.55636954,0.5045653,学生情侣,校园恋爱,0.57814538,2132
2133,上班,上班,2,tencent_ai_lab_chinese_embedding_light_mirror_mvp,0.5755573,1044,0.53561091,0.54043347,0.52837706,老公,社会比较与人生进度,0.63660383,2133
2134,野餐,野餐,2,tencent_ai_lab_chinese_embedding_light_mirror_mvp,0.56853824,1152,0.53557134,0.58201635,0.46590376,约饭,约会,0.50345421,2134
2135,产生矛盾,产生矛盾,4,tencent_ai_lab_chinese_embedding_light_mirror_mvp,0.51287858,2950,0.53556973,0.54419065,0.52263832,亲密关系,社会比较与人生进度,0.56874526,2135
2136,敢爱敢恨,敢爱敢恨,4,tencent_ai_lab_chinese_embedding_light_mirror_mvp,0.589814,831,0.53555346,0.54147696,0.52666813,爱情,表白与追求,0.60611689,2136
2137,中学老师,中学老师,4,tencent_ai_lab_chinese_embedding_light_mirror_mvp,0.53271691,2119,0.53554446,0.55015254,0.51363224,高中恋爱,校园恋爱,0.5582478,2137
2138,完美,完美,2,tencent_ai_lab_chinese_embedding_light_mirror_mvp,0.50405172,3407,0.53550553,0.5477798,0.51709419,亲密,亲密行为,0.54727584,2138
2139,辞去,辞去,2,tencent_ai_lab_chinese_embedding_light_mirror_mvp,0.48236877,4932,0.53547508,0.54355025,0.52336234,前任,表白与追求,0.576092,2139
2140,后辈,后辈,2,tencent_ai_lab_chinese_embedding_light_mirror_mvp,0.51231252,2978,0.53544813,0.53849119,0.53088349,前男友,社会比较与人生进度,0.59950203,2140
2141,聊出,聊出,2,tencent_ai_lab_chinese_embedding_light_mirror_mvp,0.51655173,2749,0.53544801,0.5407263,0.52753049,对象,表白与追求,0.61849713,2141
2142,辜负,辜负,2,tencent_ai_lab_chinese_embedding_light_mirror_mvp,0.49600675,3916,0.53538996,0.54868394,0.51544899,错过青春,社会比较与人生进度,0.5886212,2142
2143,父亲,父亲,2,tencent_ai_lab_chinese_embedding_light_mirror_mvp,0.76082945,81,0.53538018,0.54020953,0.52813607,亲密关系,婚恋,0.55854273,2143
2144,联结,联结,2,tencent_ai_lab_chinese_embedding_light_mirror_mvp,0.53864052,1921,0.53530657,0.54489768,0.52091986,结婚,亲密行为,0.57274109,2144
2145,食堂,食堂,2,tencent_ai_lab_chinese_embedding_light_mirror_mvp,0.48574576,4660,0.53526098,0.55664527,0.5031845,约饭,约会,0.49880922,2145
2146,累了,累了,2,tencent_ai_lab_chinese_embedding_light_mirror_mvp,0.50395617,3418,0.53517544,0.54934514,0.51392078,散步,社会比较与人生进度,0.60460782,2146
2147,战友,战友,2,tencent_ai_lab_chinese_embedding_light_mirror_mvp,0.49461662,4012,0.53514552,0.53999001,0.5278787,男朋友,对象关系,0.5688048,2147
2148,愧疚,愧疚,2,tencent_ai_lab_chinese_embedding_light_mirror_mvp,0.58140426,954,0.53496009,0.54753542,0.51609713,错过青春,社会比较与人生进度,0.59547997,2148
2149,实现,实现,2,tencent_ai_lab_chinese_embedding_light_mirror_mvp,0.48771867,4501,0.53494751,0.54622144,0.51803666,追求,社会比较与人生进度,0.59429848,2149
2150,过心,过心,2,tencent_ai_lab_chinese_embedding_light_mirror_mvp,0.50023452,3645,0.53491604,0.54773074,0.5156939,错过青春,社会比较与人生进度,0.60002911,2150
2151,也许是,也许是,3,tencent_ai_lab_chinese_embedding_light_mirror_mvp,0.5007471,3611,0.5348959,0.5461756,0.51797622,对象,社会比较与人生进度,0.60918671,2151
2152,共同理想,共同理想,4,tencent_ai_lab_chinese_embedding_light_mirror_mvp,0.5121689,2983,0.53488868,0.53906816,0.52861947,伴侣,社会比较与人生进度,0.56604159,2152
2153,美女,美女,2,tencent_ai_lab_chinese_embedding_light_mirror_mvp,0.60280623,681,0.53487325,0.54148924,0.52494919,老婆,对象关系,0.52013791,2153
2154,之女,之女,2,tencent_ai_lab_chinese_embedding_light_mirror_mvp,0.50891179,3164,0.53482586,0.53762686,0.53062427,前女友,婚恋,0.53277194,2154
2155,慰藉,慰藉,2,tencent_ai_lab_chinese_embedding_light_mirror_mvp,0.51789482,2690,0.53480983,0.54359996,0.52162462,拥抱,表白与追求,0.58789301,2155
2156,孕期,孕期,2,tencent_ai_lab_chinese_embedding_light_mirror_mvp,0.50586842,3328,0.53480941,0.5503484,0.5115009,老公,婚恋,0.55963069,2156
2157,裸体,裸体,2,tencent_ai_lab_chinese_embedding_light_mirror_mvp,0.49031953,4302,0.53479987,0.55453873,0.5051915,单身,单身与脱单,0.5609892,2157
2158,害羞,害羞,2,tencent_ai_lab_chinese_embedding_light_mirror_mvp,0.59385952,785,0.53479326,0.53803664,0.52992821,暗恋,社会比较与人生进度,0.58487558,2158
2159,付钱,付钱,2,tencent_ai_lab_chinese_embedding_light_mirror_mvp,0.49823912,3758,0.53478205,0.54406822,0.52085286,对象,表白与追求,0.58250237,2159
2160,话题,话题,2,tencent_ai_lab_chinese_embedding_light_mirror_mvp,0.52565225,2388,0.53473222,0.54956675,0.5124805,对象,社会比较与人生进度,0.60479009,2160
2161,对唱,对唱,2,tencent_ai_lab_chinese_embedding_light_mirror_mvp,0.52881066,2277,0.53473067,0.55662489,0.50188923,对象,社会比较与人生进度,0.50839746,2161
2162,开学,开学,2,tencent_ai_lab_chinese_embedding_light_mirror_mvp,0.51692328,2736,0.53472769,0.53946966,0.52761465,校服,校园恋爱,0.61721909,2162
2163,冲动,冲动,2,tencent_ai_lab_chinese_embedding_light_mirror_mvp,0.50981493,3110,0.53463918,0.54428965,0.52016348,被追,表白与追求,0.55429476,2163
2164,某件事,某件事,3,tencent_ai_lab_chinese_embedding_light_mirror_mvp,0.53195405,2152,0.53455848,0.5384602,0.52870584,被追,社会比较与人生进度,0.60607171,2164
2165,出柜,出柜,2,tencent_ai_lab_chinese_embedding_light_mirror_mvp,0.62349259,510,0.53454077,0.54485053,0.51907605,单身,单身与脱单,0.57510805,2165
2166,看她,看她,2,tencent_ai_lab_chinese_embedding_light_mirror_mvp,0.56325696,1265,0.53447312,0.54016405,0.52593666,看电影,表白与追求,0.58590174,2166
2167,八岁,八岁,2,tencent_ai_lab_chinese_embedding_light_mirror_mvp,0.53176012,2164,0.53443843,0.55653811,0.50128889,同龄人,社会比较与人生进度,0.5772748,2167
2168,聊微信,聊微信,3,tencent_ai_lab_chinese_embedding_light_mirror_mvp,0.51510006,2819,0.53442895,0.53846121,0.52838057,对象,表白与追求,0.5995667,2168
2169,了吧,了吧,2,tencent_ai_lab_chinese_embedding_light_mirror_mvp,0.55886682,1343,0.53437823,0.54389906,0.52009696,落后,社会比较与人生进度,0.5896709,2169
2170,心灰意冷,心灰意冷,4,tencent_ai_lab_chinese_embedding_light_mirror_mvp,0.52856187,2289,0.53434062,0.54716611,0.51510245,暗恋,表白与追求,0.57916534,2170
2171,超凡脱俗,超凡脱俗,4,tencent_ai_lab_chinese_embedding_light_mirror_mvp,0.49752249,3816,0.53432041,0.56516957,0.48804665,脱单,社会比较与人生进度,0.50960755,2171
2172,腼腆,腼腆,2,tencent_ai_lab_chinese_embedding_light_mirror_mvp,0.5354233,2021,0.53423089,0.53814065,0.52836621,青春,表白与追求,0.61963332,2172
2173,美人,美人,2,tencent_ai_lab_chinese_embedding_light_mirror_mvp,0.48350551,4844,0.5342074,0.5477401,0.51390833,恋人,社会比较与人生进度,0.50021201,2173
2174,证领,证领,2,tencent_ai_lab_chinese_embedding_light_mirror_mvp,0.62520206,495,0.5340538,0.5436359,0.51968056,订婚,婚恋,0.53891212,2174
2175,抛弃,抛弃,2,tencent_ai_lab_chinese_embedding_light_mirror_mvp,0.57420129,1067,0.53403842,0.53854632,0.52727646,散步,表白与追求,0.54088241,2175
2176,阳光男孩,阳光男孩,4,tencent_ai_lab_chinese_embedding_light_mirror_mvp,0.55371954,1478,0.53403312,0.54565501,0.51660019,男朋友,社会比较与人生进度,0.50953293,2176
2177,幽会,幽会,2,tencent_ai_lab_chinese_embedding_light_mirror_mvp,0.65868849,307,0.53401464,0.56025833,0.49464908,约会,约会,0.53636432,2177
2178,新房,新房,2,tencent_ai_lab_chinese_embedding_light_mirror_mvp,0.48590783,4641,0.53394562,0.53600085,0.53086275,结婚,婚恋,0.59183466,2178
2179,挣钱,挣钱,2,tencent_ai_lab_chinese_embedding_light_mirror_mvp,0.55750378,1381,0.53391612,0.54593098,0.51589382,追求,社会比较与人生进度,0.57728791,2179
2180,如果可以,如果可以,4,tencent_ai_lab_chinese_embedding_light_mirror_mvp,0.4861995,4618,0.5338167,0.54636455,0.5149948,对象,社会比较与人生进度,0.60649705,2180
2181,买个,买个,2,tencent_ai_lab_chinese_embedding_light_mirror_mvp,0.49998345,3662,0.53381646,0.54063857,0.52358323,追求,表白与追求,0.54560572,2181
2182,伺候,伺候,2,tencent_ai_lab_chinese_embedding_light_mirror_mvp,0.54705489,1665,0.53381276,0.54030347,0.52407664,伴侣,婚恋,0.56813824,2182
2183,不好意思,不好意思,4,tencent_ai_lab_chinese_embedding_light_mirror_mvp,0.52147269,2528,0.53381205,0.54272342,0.52044493,落后,社会比较与人生进度,0.60121715,2183
2184,情真意切,情真意切,4,tencent_ai_lab_chinese_embedding_light_mirror_mvp,0.50003214,3660,0.5337224,0.53537709,0.5312404,感情史,亲密行为,0.54890919,2184
2185,老张,老张,2,tencent_ai_lab_chinese_embedding_light_mirror_mvp,0.57207444,1096,0.53371787,0.54731834,0.51331711,老公,婚恋,0.50446576,2185
2186,主人,主人,2,tencent_ai_lab_chinese_embedding_light_mirror_mvp,0.49852523,3741,0.53364193,0.53630745,0.52964365,老公,社会比较与人生进度,0.5588218,2186
2187,自私,自私,2,tencent_ai_lab_chinese_embedding_light_mirror_mvp,0.56649699,1196,0.53359133,0.53583467,0.53022629,亲密,社会比较与人生进度,0.58995461,2187
2188,观念,观念,2,tencent_ai_lab_chinese_embedding_light_mirror_mvp,0.58187524,944,0.53358394,0.54306549,0.51936156,追求,社会比较与人生进度,0.5691812,2188
2189,女性美,女性美,3,tencent_ai_lab_chinese_embedding_light_mirror_mvp,0.48177626,4973,0.53358114,0.55540562,0.50084442,女朋友,社会比较与人生进度,0.52385771,2189
2190,不可否认,不可否认,4,tencent_ai_lab_chinese_embedding_light_mirror_mvp,0.49502848,3974,0.53357852,0.54095656,0.52251148,没有对象,社会比较与人生进度,0.597422,2190
2191,共同体,共同体,3,tencent_ai_lab_chinese_embedding_light_mirror_mvp,0.48699694,4555,0.53356683,0.53371119,0.53335023,同龄人,约会,0.55808729,2191
2192,社交圈,社交圈,3,tencent_ai_lab_chinese_embedding_light_mirror_mvp,0.60871732,622,0.53355831,0.53858447,0.52601904,同龄人,社会比较与人生进度,0.62468171,2192
2193,坚守,坚守,2,tencent_ai_lab_chinese_embedding_light_mirror_mvp,0.50757862,3227,0.53349912,0.53924406,0.52488166,拥抱,表白与追求,0.57252526,2193
2194,婶儿,婶儿,2,tencent_ai_lab_chinese_embedding_light_mirror_mvp,0.48830475,4447,0.53344434,0.54157245,0.5212521,丈夫,婚恋,0.57468307,2194
2195,私定,私定,2,tencent_ai_lab_chinese_embedding_light_mirror_mvp,0.56929394,1141,0.53335965,0.54452574,0.5166105,订婚,婚恋,0.54526651,2195
2196,只不过,只不过,3,tencent_ai_lab_chinese_embedding_light_mirror_mvp,0.51949832,2624,0.53330356,0.55114669,0.50653887,没谈过恋爱,单身与脱单,0.55638999,2196
2197,分开,分开,2,tencent_ai_lab_chinese_embedding_light_mirror_mvp,0.49349394,4088,0.53328216,0.53817236,0.5259468,前任,社会比较与人生进度,0.6030665,2197
2198,也许,也许,2,tencent_ai_lab_chinese_embedding_light_mirror_mvp,0.57866445,1002,0.53318787,0.54199493,0.51997727,对象,社会比较与人生进度,0.62236553,2198
2199,陪床,陪床,2,tencent_ai_lab_chinese_embedding_light_mirror_mvp,0.52333398,2468,0.5331319,0.55065238,0.50685114,伴侣,婚恋,0.54555893,2199
2200,艺人,艺人,2,tencent_ai_lab_chinese_embedding_light_mirror_mvp,0.49601545,3915,0.53312218,0.54699159,0.51231807,喜欢的人,社会比较与人生进度,0.54819345,2200
2201,真好,真好,2,tencent_ai_lab_chinese_embedding_light_mirror_mvp,0.49127616,4233,0.53307742,0.54826367,0.51029795,亲密,社会比较与人生进度,0.54959512,2201
2202,他生,他生,2,tencent_ai_lab_chinese_embedding_light_mirror_mvp,0.54623818,1682,0.53305757,0.54446518,0.51594621,老公,社会比较与人生进度,0.53007805,2202
2203,参加工作,参加工作,4,tencent_ai_lab_chinese_embedding_light_mirror_mvp,0.51764799,2698,0.53304845,0.54260844,0.51870841,对象,社会比较与人生进度,0.60560673,2203
2204,美好生活,美好生活,4,tencent_ai_lab_chinese_embedding_light_mirror_mvp,0.52971613,2241,0.53302443,0.54292297,0.51817656,人生阶段,社会比较与人生进度,0.60896516,2204
2205,回答,回答,2,tencent_ai_lab_chinese_embedding_light_mirror_mvp,0.49270953,4139,0.53299862,0.54049373,0.52175599,对象,社会比较与人生进度,0.6047765,2205
2206,认同,认同,2,tencent_ai_lab_chinese_embedding_light_mirror_mvp,0.5552614,1429,0.53298301,0.54489517,0.51511472,同龄人,社会比较与人生进度,0.59118825,2206
2207,迷惘,迷惘,2,tencent_ai_lab_chinese_embedding_light_mirror_mvp,0.50819075,3202,0.53294975,0.5346837,0.53034878,错过青春,社会比较与人生进度,0.62030256,2207
2208,相比,相比,2,tencent_ai_lab_chinese_embedding_light_mirror_mvp,0.50604166,3318,0.53293538,0.54364312,0.51687378,对象,社会比较与人生进度,0.59190106,2208
2209,问我,问我,2,tencent_ai_lab_chinese_embedding_light_mirror_mvp,0.55911586,1339,0.53290457,0.53962934,0.52281731,追求,表白与追求,0.57096648,2209
2210,走好运,走好运,3,tencent_ai_lab_chinese_embedding_light_mirror_mvp,0.49597408,3918,0.53289258,0.55373794,0.50162441,散步,社会比较与人生进度,0.5562855,2210
2211,付出,付出,2,tencent_ai_lab_chinese_embedding_light_mirror_mvp,0.53709018,1981,0.53283972,0.54285407,0.51781821,追求,表白与追求,0.59767312,2211
2212,社会,社会,2,tencent_ai_lab_chinese_embedding_light_mirror_mvp,0.49671059,3863,0.5328294,0.54522091,0.51424217,约会,社会比较与人生进度,0.59763849,2212
2213,长久,长久,2,tencent_ai_lab_chinese_embedding_light_mirror_mvp,0.54194398,1815,0.53279066,0.54223973,0.51861709,亲密,社会比较与人生进度,0.56707978,2213
2214,来讲,来讲,2,tencent_ai_lab_chinese_embedding_light_mirror_mvp,0.48643625,4598,0.53278399,0.54538953,0.51387554,对象,社会比较与人生进度,0.59355116,2214
2215,踏入社会,踏入社会,4,tencent_ai_lab_chinese_embedding_light_mirror_mvp,0.54883165,1603,0.53266472,0.54143357,0.5195114,人生阶段,社会比较与人生进度,0.64296997,2215
2216,心理咨询,心理咨询,4,tencent_ai_lab_chinese_embedding_light_mirror_mvp,0.50091634,3594,0.53266329,0.53551447,0.52838641,亲密关系,社会比较与人生进度,0.57378763,2216
2217,另一方面,另一方面,4,tencent_ai_lab_chinese_embedding_light_mirror_mvp,0.49420849,4035,0.53266317,0.54211849,0.51848012,对象,社会比较与人生进度,0.57140923,2217
2218,痛苦万分,痛苦万分,4,tencent_ai_lab_chinese_embedding_light_mirror_mvp,0.49315399,4110,0.53263545,0.54812986,0.50939375,亲密,社会比较与人生进度,0.55675197,2218
2219,兄弟般,兄弟般,3,tencent_ai_lab_chinese_embedding_light_mirror_mvp,0.53419802,2066,0.53263015,0.54237318,0.51801556,亲密,社会比较与人生进度,0.60193115,2219
2220,悠闲,悠闲,2,tencent_ai_lab_chinese_embedding_light_mirror_mvp,0.54869286,1608,0.53259701,0.53406155,0.53040016,散步,社会比较与人生进度,0.5757339,2220
2221,隆重,隆重,2,tencent_ai_lab_chinese_embedding_light_mirror_mvp,0.56740533,1179,0.53254908,0.5423764,0.51780808,亲密,亲密行为,0.5690763,2221
2222,奇装异服,奇装异服,4,tencent_ai_lab_chinese_embedding_light_mirror_mvp,0.49960352,3677,0.53253859,0.58725679,0.4504613,校服,校园恋爱,0.3825689,2222
2223,一家老小,一家老小,4,tencent_ai_lab_chinese_embedding_light_mirror_mvp,0.55650045,1404,0.53253847,0.54583746,0.51258999,老公,婚恋,0.55718619,2223
2224,新欢,新欢,2,tencent_ai_lab_chinese_embedding_light_mirror_mvp,0.73261249,117,0.53252083,0.53663152,0.52635479,初恋,恋爱历史,0.56940836,2224
2225,闲暇,闲暇,2,tencent_ai_lab_chinese_embedding_light_mirror_mvp,0.5197662,2604,0.5324685,0.53678417,0.52599496,亲密,社会比较与人生进度,0.61524957,2225
2226,游玩,游玩,2,tencent_ai_lab_chinese_embedding_light_mirror_mvp,0.59234257,798,0.53245831,0.55090463,0.50478882,散步,约会,0.5605638,2226
2227,这事,这事,2,tencent_ai_lab_chinese_embedding_light_mirror_mvp,0.52725646,2336,0.53241897,0.54466999,0.51404238,被追,社会比较与人生进度,0.57698309,2227
2228,曾经沧海,曾经沧海,4,tencent_ai_lab_chinese_embedding_light_mirror_mvp,0.53183059,2159,0.53240871,0.54254317,0.51720709,恋爱经历,社会比较与人生进度,0.58004105,2228
2229,共度,共度,2,tencent_ai_lab_chinese_embedding_light_mirror_mvp,0.55423114,1460,0.53234464,0.54014915,0.52063781,拥抱,社会比较与人生进度,0.54640293,2229
2230,买了,买了,2,tencent_ai_lab_chinese_embedding_light_mirror_mvp,0.50286771,3478,0.53231943,0.53410363,0.52964312,订婚,表白与追求,0.57015723,2230
2231,哥有,哥有,2,tencent_ai_lab_chinese_embedding_light_mirror_mvp,0.49579451,3927,0.53231925,0.54181486,0.51807576,别人都有对象,社会比较与人生进度,0.55486786,2231
2232,一女,一女,2,tencent_ai_lab_chinese_embedding_light_mirror_mvp,0.58941443,839,0.53228951,0.537862,0.52393073,前女友,社会比较与人生进度,0.54864919,2232
2233,门当户对,门当户对,4,tencent_ai_lab_chinese_embedding_light_mirror_mvp,0.58765459,862,0.53227305,0.54308164,0.51606017,对象,社会比较与人生进度,0.55951583,2233
2234,第三胎,第三胎,3,tencent_ai_lab_chinese_embedding_light_mirror_mvp,0.55854473,1353,0.53225785,0.55511093,0.49797812,母胎单身,婚恋,0.53672552,2234
2235,怅惘,怅惘,2,tencent_ai_lab_chinese_embedding_light_mirror_mvp,0.49733665,3823,0.53224784,0.5398342,0.52086824,暗恋,社会比较与人生进度,0.57706767,2235
2236,不可能,不可能,3,tencent_ai_lab_chinese_embedding_light_mirror_mvp,0.50602106,3319,0.5322063,0.54676342,0.51037055,没有对象,社会比较与人生进度,0.55790091,2236
2237,时候,时候,2,tencent_ai_lab_chinese_embedding_light_mirror_mvp,0.51667782,2743,0.53215897,0.53809977,0.52324772,人生阶段,社会比较与人生进度,0.6594215,2237
2238,我俩,我俩,2,tencent_ai_lab_chinese_embedding_light_mirror_mvp,0.58265889,933,0.53215551,0.53392714,0.52949792,别人都有对象,社会比较与人生进度,0.60198271,2238
2239,平淡,平淡,2,tencent_ai_lab_chinese_embedding_light_mirror_mvp,0.52856123,2290,0.5321089,0.54620296,0.51096773,落后,社会比较与人生进度,0.60450125,2239
2240,后半生,后半生,3,tencent_ai_lab_chinese_embedding_light_mirror_mvp,0.56773546,1170,0.53205448,0.54432213,0.51365298,人生阶段,社会比较与人生进度,0.59489942,2240
2241,她又,她又,2,tencent_ai_lab_chinese_embedding_light_mirror_mvp,0.57706094,1026,0.53194594,0.53291917,0.53048617,前女友,婚恋,0.54869914,2241
2242,人格分裂,人格分裂,4,tencent_ai_lab_chinese_embedding_light_mirror_mvp,0.49342959,4092,0.53194016,0.5434202,0.51472002,人生阶段,社会比较与人生进度,0.56529659,2242
2243,惆怅,惆怅,2,tencent_ai_lab_chinese_embedding_light_mirror_mvp,0.50224093,3520,0.53178132,0.5339638,0.52850759,暗恋,表白与追求,0.61461198,2243
2244,自个,自个,2,tencent_ai_lab_chinese_embedding_light_mirror_mvp,0.49329892,4099,0.53176534,0.54645801,0.50972629,单身,社会比较与人生进度,0.57921016,2244
2245,度假,度假,2,tencent_ai_lab_chinese_embedding_light_mirror_mvp,0.56065795,1313,0.53175795,0.54942167,0.50526226,约会,约会,0.57997471,2245
2246,理想,理想,2,tencent_ai_lab_chinese_embedding_light_mirror_mvp,0.64183614,389,0.5317359,0.54490501,0.51198214,追求,社会比较与人生进度,0.59247482,2246
2247,不孕不育,不孕不育,4,tencent_ai_lab_chinese_embedding_light_mirror_mvp,0.48351609,4841,0.53173161,0.54659128,0.50944215,母胎单身,单身与脱单,0.58869123,2247
2248,努力工作,努力工作,4,tencent_ai_lab_chinese_embedding_light_mirror_mvp,0.51653371,2751,0.53172594,0.54592502,0.51042724,追求,社会比较与人生进度,0.606552,2248
2249,心意,心意,2,tencent_ai_lab_chinese_embedding_light_mirror_mvp,0.53718946,1975,0.53161597,0.54274493,0.51492244,喜欢的人,表白与追求,0.59359705,2249
2250,追悼会,追悼会,3,tencent_ai_lab_chinese_embedding_light_mirror_mvp,0.52885134,2276,0.53159201,0.53885913,0.52069128,被追,表白与追求,0.58117282,2250
2251,心碎,心碎,2,tencent_ai_lab_chinese_embedding_light_mirror_mvp,0.55190639,1520,0.53157777,0.53717846,0.52317673,暗恋,表白与追求,0.57597947,2251
2252,远走他乡,远走他乡,4,tencent_ai_lab_chinese_embedding_light_mirror_mvp,0.48890848,4406,0.53156471,0.56551051,0.48064604,散步,表白与追求,0.51070505,2252
2253,好看,好看,2,tencent_ai_lab_chinese_embedding_light_mirror_mvp,0.48642626,4599,0.53155369,0.53952748,0.51959294,落后,表白与追求,0.59304458,2253
2254,反正,反正,2,tencent_ai_lab_chinese_embedding_light_mirror_mvp,0.54600129,1684,0.53153211,0.5468877,0.50849873,对象,社会比较与人生进度,0.56542718,2254
2255,幼稚,幼稚,2,tencent_ai_lab_chinese_embedding_light_mirror_mvp,0.55416117,1463,0.53148872,0.54257488,0.51485938,青春,社会比较与人生进度,0.59510112,2255
2256,减肥,减肥,2,tencent_ai_lab_chinese_embedding_light_mirror_mvp,0.52163301,2524,0.53141052,0.53716785,0.52277446,散步,约会,0.57020414,2256
2257,全裸,全裸,2,tencent_ai_lab_chinese_embedding_light_mirror_mvp,0.49002749,4319,0.53138173,0.54529232,0.51051587,单身,单身与脱单,0.54935431,2257
2258,有钱,有钱,2,tencent_ai_lab_chinese_embedding_light_mirror_mvp,0.55124364,1536,0.53136134,0.53634745,0.52388209,没有对象,社会比较与人生进度,0.58907455,2258
2259,见了,见了,2,tencent_ai_lab_chinese_embedding_light_mirror_mvp,0.48687756,4566,0.53133929,0.5376038,0.52194256,对象,表白与追求,0.6190989,2259
2260,某一方面,某一方面,4,tencent_ai_lab_chinese_embedding_light_mirror_mvp,0.49790695,3786,0.53131312,0.53998667,0.51830274,对象,社会比较与人生进度,0.60992825,2260
2261,忘了,忘了,2,tencent_ai_lab_chinese_embedding_light_mirror_mvp,0.49185458,4197,0.53129697,0.53898847,0.5197596,错过青春,社会比较与人生进度,0.60944724,2261
2262,笑着,笑着,2,tencent_ai_lab_chinese_embedding_light_mirror_mvp,0.48663735,4587,0.53127342,0.54153669,0.5158785,拥抱,表白与追求,0.58636177,2262
2263,请柬,请柬,2,tencent_ai_lab_chinese_embedding_light_mirror_mvp,0.5225722,2488,0.53126395,0.53774357,0.52154458,婚礼,表白与追求,0.54774463,2263
2264,高考,高考,2,tencent_ai_lab_chinese_embedding_light_mirror_mvp,0.54921043,1589,0.53126252,0.56193662,0.48525134,高中恋爱,社会比较与人生进度,0.52340984,2264
2265,向你,向你,2,tencent_ai_lab_chinese_embedding_light_mirror_mvp,0.49373802,4075,0.53123921,0.53446925,0.52639407,告白,表白与追求,0.64568806,2265
2266,另个,另个,2,tencent_ai_lab_chinese_embedding_light_mirror_mvp,0.4877955,4492,0.53121138,0.53171158,0.53046113,别人都有对象,表白与追求,0.58597046,2266
2267,随心所欲,随心所欲,4,tencent_ai_lab_chinese_embedding_light_mirror_mvp,0.48752147,4515,0.53111345,0.53639108,0.523197,追求,表白与追求,0.56818557,2267
2268,拘谨,拘谨,2,tencent_ai_lab_chinese_embedding_light_mirror_mvp,0.53714702,1979,0.53105736,0.54856443,0.5047968,被追,表白与追求,0.51841545,2268
2269,心仪,心仪,2,tencent_ai_lab_chinese_embedding_light_mirror_mvp,0.60899289,620,0.53104138,0.53266621,0.52860409,亲密,表白与追求,0.62639129,2269
2270,发生争执,发生争执,4,tencent_ai_lab_chinese_embedding_light_mirror_mvp,0.48443367,4773,0.5310179,0.54295391,0.5131138,被追,社会比较与人生进度,0.56997263,2270
2271,吃东西,吃东西,3,tencent_ai_lab_chinese_embedding_light_mirror_mvp,0.55175726,1524,0.5309816,0.54284096,0.51319259,约饭,约会,0.54207754,2271
2272,当家人,当家人,3,tencent_ai_lab_chinese_embedding_light_mirror_mvp,0.53405476,2070,0.5309242,0.53357291,0.52695101,同龄人,社会比较与人生进度,0.60786581,2272
2273,兄弟,兄弟,2,tencent_ai_lab_chinese_embedding_light_mirror_mvp,0.59583409,763,0.53079426,0.53493106,0.52458912,亲密,亲密行为,0.57665181,2273
2274,冷淡,冷淡,2,tencent_ai_lab_chinese_embedding_light_mirror_mvp,0.53160944,2169,0.53073919,0.5433259,0.51185912,落后,表白与追求,0.57730001,2274
2275,可能,可能,2,tencent_ai_lab_chinese_embedding_light_mirror_mvp,0.50683026,3274,0.5306958,0.54115295,0.51501006,对象,社会比较与人生进度,0.58629191,2275
2276,好要,好要,2,tencent_ai_lab_chinese_embedding_light_mirror_mvp,0.50253284,3499,0.53064716,0.54654098,0.50680643,追求,表白与追求,0.55574048,2276
2277,倾诉,倾诉,2,tencent_ai_lab_chinese_embedding_light_mirror_mvp,0.56918119,1142,0.53059155,0.53864455,0.51851195,告白,表白与追求,0.60238755,2277
2278,社群,社群,2,tencent_ai_lab_chinese_embedding_light_mirror_mvp,0.50365106,3434,0.53057843,0.54340672,0.51133597,同龄人,社会比较与人生进度,0.60189366,2278
2279,女主播,女主播,3,tencent_ai_lab_chinese_embedding_light_mirror_mvp,0.48630351,4612,0.53054571,0.54598629,0.50738478,女朋友,对象关系,0.4811818,2279
2280,实际上,实际上,3,tencent_ai_lab_chinese_embedding_light_mirror_mvp,0.48277168,4897,0.53053963,0.54232961,0.51285458,亲密,社会比较与人生进度,0.57652521,2280
2281,娘家人,娘家人,3,tencent_ai_lab_chinese_embedding_light_mirror_mvp,0.66145738,298,0.5305233,0.53252524,0.52752036,丈夫,婚恋,0.60763156,2281
2282,习俗,习俗,2,tencent_ai_lab_chinese_embedding_light_mirror_mvp,0.48289475,4890,0.53049934,0.54172021,0.51366794,婚礼,社会比较与人生进度,0.55981487,2282
2283,中年,中年,2,tencent_ai_lab_chinese_embedding_light_mirror_mvp,0.53314157,2107,0.53049564,0.5409463,0.51481956,同龄人,社会比较与人生进度,0.58670139,2283
2284,另一个,另一个,3,tencent_ai_lab_chinese_embedding_light_mirror_mvp,0.49817263,3766,0.53047842,0.53174561,0.52857751,别人都有对象,社会比较与人生进度,0.58537561,2284
2285,浪漫,浪漫,2,tencent_ai_lab_chinese_embedding_light_mirror_mvp,0.67157977,256,0.53047693,0.53467619,0.52417803,爱情,表白与追求,0.57187545,2285
2286,一成不变,一成不变,4,tencent_ai_lab_chinese_embedding_light_mirror_mvp,0.4869898,4557,0.53045338,0.5555594,0.49279439,落后,社会比较与人生进度,0.57098341,2286
2287,好了吧,好了吧,3,tencent_ai_lab_chinese_embedding_light_mirror_mvp,0.4851272,4709,0.53040111,0.54920244,0.50219899,落后,社会比较与人生进度,0.58292991,2287
2288,美好回忆,美好回忆,4,tencent_ai_lab_chinese_embedding_light_mirror_mvp,0.57801859,1010,0.53031659,0.53565681,0.52230632,亲密,亲密行为,0.59412766,2288
2289,满足感,满足感,3,tencent_ai_lab_chinese_embedding_light_mirror_mvp,0.50795031,3216,0.53029042,0.53791744,0.51884991,落后,社会比较与人生进度,0.57772994,2289
2290,沉默,沉默,2,tencent_ai_lab_chinese_embedding_light_mirror_mvp,0.49606082,3912,0.53027827,0.54154497,0.51337814,暗恋,表白与追求,0.60304147,2290
2291,个人主义,个人主义,4,tencent_ai_lab_chinese_embedding_light_mirror_mvp,0.55081222,1545,0.53018934,0.54421806,0.50914621,人生阶段,社会比较与人生进度,0.59952849,2291
2292,一起回家,一起回家,4,tencent_ai_lab_chinese_embedding_light_mirror_mvp,0.59569573,765,0.53018302,0.53522772,0.52261591,拥抱,约会,0.61428547,2292
2293,人性尊严,人性尊严,4,tencent_ai_lab_chinese_embedding_light_mirror_mvp,0.48670197,4579,0.53016132,0.53542066,0.52227229,亲密关系,社会比较与人生进度,0.5700748,2293
2294,各奔东西,各奔东西,4,tencent_ai_lab_chinese_embedding_light_mirror_mvp,0.53182745,2160,0.53011948,0.53246641,0.52659911,追求,社会比较与人生进度,0.61089516,2294
2295,坚强,坚强,2,tencent_ai_lab_chinese_embedding_light_mirror_mvp,0.48716377,4538,0.5301044,0.53445566,0.52357739,追求,表白与追求,0.59258246,2295
2296,她要,她要,2,tencent_ai_lab_chinese_embedding_light_mirror_mvp,0.60913897,618,0.53004348,0.53517342,0.52234858,追求,表白与追求,0.55598247,2296
2297,光棍,光棍,2,tencent_ai_lab_chinese_embedding_light_mirror_mvp,0.58027663,970,0.52990621,0.5435167,0.50949049,单身,单身与脱单,0.56221998,2297
2298,互为,互为,2,tencent_ai_lab_chinese_embedding_light_mirror_mvp,0.520042,2591,0.52988929,0.53148103,0.52750164,亲密,亲密行为,0.56687886,2298
2299,半辈子,半辈子,3,tencent_ai_lab_chinese_embedding_light_mirror_mvp,0.48360994,4831,0.52987158,0.53896374,0.51623321,人生阶段,社会比较与人生进度,0.60188866,2299
2300,我交,我交,2,tencent_ai_lab_chinese_embedding_light_mirror_mvp,0.51560918,2796,0.52974015,0.5382328,0.51700109,被追,社会比较与人生进度,0.59517014,2300
2301,处女座,处女座,3,tencent_ai_lab_chinese_embedding_light_mirror_mvp,0.62932428,470,0.52968597,0.54439104,0.50762826,前女友,对象关系,0.55319011,2301
2302,只想,只想,2,tencent_ai_lab_chinese_embedding_light_mirror_mvp,0.48955718,4361,0.52967292,0.53534281,0.52116805,单身,表白与追求,0.58085883,2302
2303,配不上,配不上,3,tencent_ai_lab_chinese_embedding_light_mirror_mvp,0.54139295,1834,0.52965516,0.54305744,0.5095517,没有对象,社会比较与人生进度,0.58645678,2303
2304,问她,问她,2,tencent_ai_lab_chinese_embedding_light_mirror_mvp,0.59099604,820,0.52964449,0.53334808,0.52408904,追求,表白与追求,0.58830416,2304
2305,和谐,和谐,2,tencent_ai_lab_chinese_embedding_light_mirror_mvp,0.49803021,3774,0.52959538,0.54096484,0.51254112,亲密,亲密行为,0.53209817,2305
2306,玩耍,玩耍,2,tencent_ai_lab_chinese_embedding_light_mirror_mvp,0.59965079,713,0.52955025,0.551741,0.49626413,散步,约会,0.55517685,2306
2307,相称,相称,2,tencent_ai_lab_chinese_embedding_light_mirror_mvp,0.50820628,3200,0.52953899,0.54131579,0.51187378,对象,亲密行为,0.5555414,2307
2308,某班,某班,2,tencent_ai_lab_chinese_embedding_light_mirror_mvp,0.56876171,1147,0.52950281,0.54628229,0.50433356,同桌,社会比较与人生进度,0.58140993,2308
2309,心目中,心目中,3,tencent_ai_lab_chinese_embedding_light_mirror_mvp,0.49356464,4086,0.52946991,0.53209472,0.5255326,人生阶段,社会比较与人生进度,0.61491215,2309
2310,邻座,邻座,2,tencent_ai_lab_chinese_embedding_light_mirror_mvp,0.58885472,847,0.52946043,0.54845279,0.50097173,同桌,约会,0.52145219,2310
2311,长大,长大,2,tencent_ai_lab_chinese_embedding_light_mirror_mvp,0.55138876,1533,0.52940375,0.53417075,0.52225316,青春,社会比较与人生进度,0.62404728,2311
2312,房事,房事,2,tencent_ai_lab_chinese_embedding_light_mirror_mvp,0.49393588,4058,0.52936417,0.53234577,0.52489173,感情史,婚恋,0.60611647,2312
2313,高考落榜,高考落榜,4,tencent_ai_lab_chinese_embedding_light_mirror_mvp,0.4985587,3739,0.52933472,0.54782164,0.50160432,落后,社会比较与人生进度,0.55007613,2313
2314,反击,反击,2,tencent_ai_lab_chinese_embedding_light_mirror_mvp,0.51575903,2787,0.52931273,0.55049503,0.49753925,被追,表白与追求,0.53202945,2314
2315,触景生情,触景生情,4,tencent_ai_lab_chinese_embedding_light_mirror_mvp,0.48712864,4545,0.52929902,0.53750932,0.51698351,感情史,亲密行为,0.53994036,2315
2316,绽放,绽放,2,tencent_ai_lab_chinese_embedding_light_mirror_mvp,0.51360422,2901,0.52919656,0.53066528,0.52699345,散步,表白与追求,0.57002604,2316
2317,说过,说过,2,tencent_ai_lab_chinese_embedding_light_mirror_mvp,0.49762813,3811,0.529172,0.5351398,0.52022022,没谈过恋爱,社会比较与人生进度,0.61705291,2317
2318,不上,不上,2,tencent_ai_lab_chinese_embedding_light_mirror_mvp,0.48164206,4993,0.52903175,0.5397917,0.51289183,没有对象,社会比较与人生进度,0.57456511,2318
2319,昔日,昔日,2,tencent_ai_lab_chinese_embedding_light_mirror_mvp,0.49320549,4105,0.52901697,0.53870577,0.51448369,前任,社会比较与人生进度,0.59522057,2319
2320,相熟,相熟,2,tencent_ai_lab_chinese_embedding_light_mirror_mvp,0.49895152,3716,0.52894437,0.53858519,0.51448321,亲密,社会比较与人生进度,0.59550554,2320
2321,黑衣服,黑衣服,3,tencent_ai_lab_chinese_embedding_light_mirror_mvp,0.49368066,4077,0.5289104,0.56960201,0.46787295,校服,表白与追求,0.41887474,2321
2322,本科毕业,本科毕业,4,tencent_ai_lab_chinese_embedding_light_mirror_mvp,0.50014446,3652,0.5288744,0.54049271,0.51144695,大学恋爱,社会比较与人生进度,0.59547853,2322
2323,委屈,委屈,2,tencent_ai_lab_chinese_embedding_light_mirror_mvp,0.51990602,2597,0.52880132,0.53808761,0.51487184,落后,社会比较与人生进度,0.58731264,2323
2324,体贴人,体贴人,3,tencent_ai_lab_chinese_embedding_light_mirror_mvp,0.53137333,2181,0.52876765,0.53640294,0.51731467,亲密,亲密行为,0.57966697,2324
2325,白头到老,白头到老,4,tencent_ai_lab_chinese_embedding_light_mirror_mvp,0.698395,181,0.52873713,0.54318845,0.50706011,告白,社会比较与人生进度,0.56369156,2325
2326,你想,你想,2,tencent_ai_lab_chinese_embedding_light_mirror_mvp,0.51817572,2680,0.52873009,0.53719753,0.51602888,追求,表白与追求,0.59623528,2326
2327,性意识,性意识,3,tencent_ai_lab_chinese_embedding_light_mirror_mvp,0.55112557,1541,0.52870679,0.54625326,0.50238711,感情史,社会比较与人生进度,0.54843414,2327
2328,成家,成家,2,tencent_ai_lab_chinese_embedding_light_mirror_mvp,0.68856878,209,0.52870625,0.54199302,0.50877607,订婚,婚恋,0.54762685,2328
2329,深夜,深夜,2,tencent_ai_lab_chinese_embedding_light_mirror_mvp,0.51517595,2815,0.5286963,0.54752755,0.50044942,暗恋,表白与追求,0.57433641,2329
2330,得了,得了,2,tencent_ai_lab_chinese_embedding_light_mirror_mvp,0.49335855,4096,0.5286957,0.5320974,0.52359319,被追,社会比较与人生进度,0.61247385,2330
2331,通情达理,通情达理,4,tencent_ai_lab_chinese_embedding_light_mirror_mvp,0.5150262,2823,0.52867138,0.53375298,0.52104902,亲密,亲密行为,0.56644988,2331
2332,生育,生育,2,tencent_ai_lab_chinese_embedding_light_mirror_mvp,0.6017935,693,0.52865708,0.53113216,0.52494448,结婚,社会比较与人生进度,0.56146353,2332
2333,一厢情愿,一厢情愿,4,tencent_ai_lab_chinese_embedding_light_mirror_mvp,0.51405144,2877,0.52862424,0.52914727,0.5278396,伴侣,表白与追求,0.56763852,2333
2334,全班,全班,2,tencent_ai_lab_chinese_embedding_light_mirror_mvp,0.63782036,414,0.5285942,0.54682177,0.50125283,同桌,社会比较与人生进度,0.56955802,2334
2335,私语,私语,2,tencent_ai_lab_chinese_embedding_light_mirror_mvp,0.48565704,4665,0.52852988,0.53107238,0.52471614,老公,社会比较与人生进度,0.57332516,2335
2336,内疚,内疚,2,tencent_ai_lab_chinese_embedding_light_mirror_mvp,0.53997332,1876,0.52844012,0.53442925,0.51945639,前任,社会比较与人生进度,0.60277927,2336
2337,理念,理念,2,tencent_ai_lab_chinese_embedding_light_mirror_mvp,0.54914484,1592,0.52843225,0.53751796,0.51480371,追求,社会比较与人生进度,0.57189775,2337
2338,待人接物,待人接物,4,tencent_ai_lab_chinese_embedding_light_mirror_mvp,0.48873675,4418,0.52841079,0.5329383,0.5216195,别人都有对象,社会比较与人生进度,0.59768218,2338
2339,班上,班上,2,tencent_ai_lab_chinese_embedding_light_mirror_mvp,0.72276635,136,0.52839965,0.53923023,0.51215369,同桌,社会比较与人生进度,0.61485744,2339
2340,舅妈,舅妈,2,tencent_ai_lab_chinese_embedding_light_mirror_mvp,0.67432245,249,0.52839208,0.5317989,0.52328181,老公,婚恋,0.59566939,2340
2341,念旧,念旧,2,tencent_ai_lab_chinese_embedding_light_mirror_mvp,0.51953692,2619,0.52839065,0.53837132,0.51341963,前任,恋爱历史,0.57890463,2341
2342,同床异梦,同床异梦,4,tencent_ai_lab_chinese_embedding_light_mirror_mvp,0.54335766,1771,0.52839053,0.54608232,0.50185275,同桌,恋爱历史,0.52447152,2342
2343,有娃,有娃,2,tencent_ai_lab_chinese_embedding_light_mirror_mvp,0.61444601,569,0.52833778,0.5300501,0.52576923,别人都有对象,社会比较与人生进度,0.58214086,2343
2344,完美的女人,完美的女人,5,tencent_ai_lab_chinese_embedding_light_mirror_mvp,0.51113673,3031,0.52832228,0.5311622,0.5240624,女朋友,婚恋,0.53131324,2344
2345,闲下来,闲下来,3,tencent_ai_lab_chinese_embedding_light_mirror_mvp,0.49231149,4164,0.52827674,0.54281175,0.5064742,落后,社会比较与人生进度,0.63137072,2345
2346,出生,出生,2,tencent_ai_lab_chinese_embedding_light_mirror_mvp,0.53369099,2085,0.52825201,0.54639161,0.50104254,人生阶段,社会比较与人生进度,0.58632326,2346
2347,品质,品质,2,tencent_ai_lab_chinese_embedding_light_mirror_mvp,0.52868413,2281,0.52824384,0.53812802,0.51341754,追求,社会比较与人生进度,0.54729456,2347
2348,偏好,偏好,2,tencent_ai_lab_chinese_embedding_light_mirror_mvp,0.50648483,3294,0.52802604,0.54523528,0.50221217,落后,社会比较与人生进度,0.5630706,2348
2349,差太多,差太多,3,tencent_ai_lab_chinese_embedding_light_mirror_mvp,0.48832283,4444,0.52801615,0.53071016,0.52397513,落后,社会比较与人生进度,0.64101446,2349
2350,体贴,体贴,2,tencent_ai_lab_chinese_embedding_light_mirror_mvp,0.59942279,718,0.52801585,0.540488,0.50930756,亲密,亲密行为,0.58746552,2350
2351,闲谈,闲谈,2,tencent_ai_lab_chinese_embedding_light_mirror_mvp,0.51291192,2946,0.52799022,0.52834648,0.52745587,对象,社会比较与人生进度,0.61029422,2351
2352,事物,事物,2,tencent_ai_lab_chinese_embedding_light_mirror_mvp,0.53251653,2129,0.52794534,0.53576195,0.51622039,对象,社会比较与人生进度,0.56877601,2352
2353,很累,很累,2,tencent_ai_lab_chinese_embedding_light_mirror_mvp,0.5109741,3045,0.52789974,0.53448105,0.51802784,散步,社会比较与人生进度,0.59469688,2353
2354,她在,她在,2,tencent_ai_lab_chinese_embedding_light_mirror_mvp,0.60026904,705,0.52789557,0.5287692,0.52658504,女朋友,社会比较与人生进度,0.56751662,2354
2355,女星,女星,2,tencent_ai_lab_chinese_embedding_light_mirror_mvp,0.54561911,1695,0.52785689,0.55403119,0.4885954,女朋友,对象关系,0.51170927,2355
2356,女主角,女主角,3,tencent_ai_lab_chinese_embedding_light_mirror_mvp,0.56554644,1222,0.52784795,0.53714335,0.51390487,女朋友,对象关系,0.48622391,2356
2357,心心念念,心心念念,4,tencent_ai_lab_chinese_embedding_light_mirror_mvp,0.53603647,2003,0.52784693,0.52952415,0.52533102,暗恋,表白与追求,0.59483439,2357
2358,身穿,身穿,2,tencent_ai_lab_chinese_embedding_light_mirror_mvp,0.52512945,2406,0.52779782,0.54571795,0.50091761,单身,社会比较与人生进度,0.51142681,2358
2359,然而,然而,2,tencent_ai_lab_chinese_embedding_light_mirror_mvp,0.53105218,2196,0.52776885,0.55019718,0.49412623,落后,社会比较与人生进度,0.53408927,2359
2360,忧郁,忧郁,2,tencent_ai_lab_chinese_embedding_light_mirror_mvp,0.52388833,2446,0.52774519,0.5332976,0.51941651,拥抱,表白与追求,0.56305271,2360
2361,沉默寡言,沉默寡言,4,tencent_ai_lab_chinese_embedding_light_mirror_mvp,0.49220868,4174,0.52766263,0.54348993,0.50392169,暗恋,表白与追求,0.59162325,2361
2362,励志,励志,2,tencent_ai_lab_chinese_embedding_light_mirror_mvp,0.5307704,2204,0.52757359,0.53305912,0.51934528,追求,社会比较与人生进度,0.61687851,2362
2363,锻练,锻练,2,tencent_ai_lab_chinese_embedding_light_mirror_mvp,0.48986567,4336,0.52748895,0.54830498,0.4962649,散步,约会,0.54613149,2363
2364,不说,不说,2,tencent_ai_lab_chinese_embedding_light_mirror_mvp,0.52482882,2416,0.52748722,0.52988207,0.52389491,没谈过恋爱,表白与追求,0.58735895,2364
2365,放荡,放荡,2,tencent_ai_lab_chinese_embedding_light_mirror_mvp,0.50197653,3532,0.52729458,0.54373538,0.50263327,散步,约会,0.51023799,2365
2366,纯真,纯真,2,tencent_ai_lab_chinese_embedding_light_mirror_mvp,0.63590279,430,0.52714759,0.55485123,0.48559213,亲密,亲密行为,0.53937399,2366
2367,就好,就好,2,tencent_ai_lab_chinese_embedding_light_mirror_mvp,0.50674061,3278,0.52709991,0.53462434,0.51581317,对象,社会比较与人生进度,0.61442012,2367
2368,成功人士,成功人士,4,tencent_ai_lab_chinese_embedding_light_mirror_mvp,0.53433541,2060,0.52708924,0.54158163,0.50535053,同龄人,社会比较与人生进度,0.60359204,2368
2369,赶超,赶超,2,tencent_ai_lab_chinese_embedding_light_mirror_mvp,0.51535054,2808,0.52704632,0.54363167,0.50216824,被追,社会比较与人生进度,0.51240313,2369
2370,熟识,熟识,2,tencent_ai_lab_chinese_embedding_light_mirror_mvp,0.53829477,1932,0.52701235,0.53538203,0.51445776,亲密,社会比较与人生进度,0.62429011,2370
2371,或许,或许,2,tencent_ai_lab_chinese_embedding_light_mirror_mvp,0.54471117,1722,0.52696824,0.53306264,0.51782656,对象,社会比较与人生进度,0.61027104,2371
2372,怦然心动,怦然心动,4,tencent_ai_lab_chinese_embedding_light_mirror_mvp,0.5989486,722,0.52692473,0.52940118,0.52320999,恋情,恋爱核心,0.57118332,2372
2373,娃子,娃子,2,tencent_ai_lab_chinese_embedding_light_mirror_mvp,0.48177223,4974,0.52691323,0.54473937,0.50017399,妻子,社会比较与人生进度,0.5205543,2373
2374,那位,那位,2,tencent_ai_lab_chinese_embedding_light_mirror_mvp,0.51169643,3002,0.52689058,0.53297138,0.51776928,同龄人,社会比较与人生进度,0.59411299,2374
2375,忘不了,忘不了,3,tencent_ai_lab_chinese_embedding_light_mirror_mvp,0.59825869,728,0.52688724,0.5325613,0.51837605,错过青春,社会比较与人生进度,0.59539062,2375
2376,郁郁寡欢,郁郁寡欢,4,tencent_ai_lab_chinese_embedding_light_mirror_mvp,0.52714827,2341,0.52686203,0.53094602,0.52073592,喜欢的人,表白与追求,0.57467759,2376
2377,生娃,生娃,2,tencent_ai_lab_chinese_embedding_light_mirror_mvp,0.70433609,168,0.52686083,0.53679448,0.51196033,母胎单身,婚恋,0.56478506,2377
2378,人母,人母,2,tencent_ai_lab_chinese_embedding_light_mirror_mvp,0.50961504,3123,0.52675146,0.53080201,0.52067566,母胎单身,社会比较与人生进度,0.55749631,2378
2379,家务活,家务活,3,tencent_ai_lab_chinese_embedding_light_mirror_mvp,0.59095063,821,0.52664459,0.52702409,0.5260753,老公,婚恋,0.60189795,2379
2380,心甘情愿,心甘情愿,4,tencent_ai_lab_chinese_embedding_light_mirror_mvp,0.49485288,3995,0.52662879,0.53495097,0.51414549,爱情,表白与追求,0.57752609,2380
2381,无所不谈,无所不谈,4,tencent_ai_lab_chinese_embedding_light_mirror_mvp,0.5285894,2286,0.52662855,0.52906054,0.52298051,没谈过恋爱,社会比较与人生进度,0.58344489,2381
2382,说完,说完,2,tencent_ai_lab_chinese_embedding_light_mirror_mvp,0.50005648,3658,0.52657974,0.53457451,0.51458746,告白,社会比较与人生进度,0.5868879,2382
2383,争执,争执,2,tencent_ai_lab_chinese_embedding_light_mirror_mvp,0.48243027,4925,0.52657902,0.532583,0.51757306,被追,表白与追求,0.56197816,2383
2384,小三,小三,2,tencent_ai_lab_chinese_embedding_light_mirror_mvp,0.70906334,162,0.52654731,0.5372777,0.51045179,老公,婚恋,0.58079606,2384
2385,姐弟俩,姐弟俩,3,tencent_ai_lab_chinese_embedding_light_mirror_mvp,0.5250139,2410,0.52652884,0.53041613,0.52069789,母胎单身,社会比较与人生进度,0.54927969,2385
2386,女流氓,女流氓,3,tencent_ai_lab_chinese_embedding_light_mirror_mvp,0.48215677,4944,0.52652693,0.54408824,0.50018483,女朋友,对象关系,0.51578254,2386
2387,坐着,坐着,2,tencent_ai_lab_chinese_embedding_light_mirror_mvp,0.52178136,2516,0.52648979,0.53075016,0.52009922,拥抱,约会,0.57642043,2387
2388,领跑,领跑,2,tencent_ai_lab_chinese_embedding_light_mirror_mvp,0.51275271,2957,0.52638257,0.52888983,0.52262169,拥抱,社会比较与人生进度,0.54901624,2388
2389,一无所有,一无所有,4,tencent_ai_lab_chinese_embedding_light_mirror_mvp,0.48819448,4458,0.52636594,0.54120076,0.50411367,没有对象,单身与脱单,0.57933283,2389
2390,思念,思念,2,tencent_ai_lab_chinese_embedding_light_mirror_mvp,0.56600325,1210,0.52629209,0.53116262,0.51898628,初恋,表白与追求,0.58596957,2390
2391,戒不掉,戒不掉,3,tencent_ai_lab_chinese_embedding_light_mirror_mvp,0.49772985,3797,0.52625155,0.53230411,0.51717257,没谈过恋爱,社会比较与人生进度,0.57827163,2391
2392,攻击行为,攻击行为,4,tencent_ai_lab_chinese_embedding_light_mirror_mvp,0.49463686,4010,0.52624708,0.55704618,0.48004845,被追,表白与追求,0.5024333,2392
2393,过生,过生,2,tencent_ai_lab_chinese_embedding_light_mirror_mvp,0.51562963,2794,0.52597451,0.54324877,0.50006312,人生阶段,社会比较与人生进度,0.58813578,2393
2394,毕竟,毕竟,2,tencent_ai_lab_chinese_embedding_light_mirror_mvp,0.50804895,3211,0.52597129,0.53862739,0.50698715,落后,社会比较与人生进度,0.54295361,2394
2395,入学,入学,2,tencent_ai_lab_chinese_embedding_light_mirror_mvp,0.48421219,4793,0.52593809,0.5278421,0.52308196,校服,社会比较与人生进度,0.6161139,2395
2396,善良,善良,2,tencent_ai_lab_chinese_embedding_light_mirror_mvp,0.5688584,1146,0.52593386,0.54637533,0.49527168,亲密,亲密行为,0.5337379,2396
2397,孤僻,孤僻,2,tencent_ai_lab_chinese_embedding_light_mirror_mvp,0.51892257,2653,0.52591938,0.53617859,0.51053053,单身,社会比较与人生进度,0.58654559,2397
2398,迷彩服,迷彩服,3,tencent_ai_lab_chinese_embedding_light_mirror_mvp,0.56200939,1290,0.52591681,0.57466221,0.45279875,校服,表白与追求,0.42082208,2398
2399,回老家,回老家,3,tencent_ai_lab_chinese_embedding_light_mirror_mvp,0.60243275,685,0.5258944,0.5330174,0.51520991,老婆,婚恋,0.55290824,2399
2400,舍弃,舍弃,2,tencent_ai_lab_chinese_embedding_light_mirror_mvp,0.57120132,1111,0.52580696,0.52929974,0.52056777,散步,社会比较与人生进度,0.57972229,2400
2401,这女,这女,2,tencent_ai_lab_chinese_embedding_light_mirror_mvp,0.51295271,2942,0.52577829,0.53530949,0.51148152,前女友,婚恋,0.52945375,2401
2402,一路领先,一路领先,4,tencent_ai_lab_chinese_embedding_light_mirror_mvp,0.51696838,2733,0.52566874,0.54990929,0.48930788,落后,社会比较与人生进度,0.55200779,2402
2403,说是,说是,2,tencent_ai_lab_chinese_embedding_light_mirror_mvp,0.48635831,4608,0.52566439,0.53663266,0.50921196,对象,表白与追求,0.5522936,2403
2404,当众,当众,2,tencent_ai_lab_chinese_embedding_light_mirror_mvp,0.54380305,1755,0.52564597,0.55828196,0.47669187,落后,社会比较与人生进度,0.5536024,2404
2405,内在,内在,2,tencent_ai_lab_chinese_embedding_light_mirror_mvp,0.55980679,1329,0.52560484,0.53386217,0.51321882,落后,社会比较与人生进度,0.59135509,2405
2406,离个,离个,2,tencent_ai_lab_chinese_embedding_light_mirror_mvp,0.49781172,3792,0.52558994,0.53097117,0.51751798,脱单,单身与脱单,0.53555626,2406
2407,红衣服,红衣服,3,tencent_ai_lab_chinese_embedding_light_mirror_mvp,0.52974862,2238,0.52556169,0.56273949,0.46979502,校服,婚恋,0.45785555,2407
2408,删掉,删掉,2,tencent_ai_lab_chinese_embedding_light_mirror_mvp,0.61718795,551,0.5255546,0.53127027,0.51698107,脱单,社会比较与人生进度,0.558128,2408
2409,白头,白头,2,tencent_ai_lab_chinese_embedding_light_mirror_mvp,0.49619154,3903,0.52554131,0.54640722,0.49424234,告白,表白与追求,0.54372686,2409
2410,避孕,避孕,2,tencent_ai_lab_chinese_embedding_light_mirror_mvp,0.50715389,3252,0.52553844,0.53445399,0.51216513,接吻,单身与脱单,0.56135476,2410
2411,女病人,女病人,3,tencent_ai_lab_chinese_embedding_light_mirror_mvp,0.53091851,2200,0.52550346,0.52787495,0.52194619,恋人,对象关系,0.53305542,2411
2412,筹备,筹备,2,tencent_ai_lab_chinese_embedding_light_mirror_mvp,0.49800997,3777,0.52545756,0.53300524,0.51413602,拥抱,约会,0.55695546,2412
2413,人格障碍,人格障碍,4,tencent_ai_lab_chinese_embedding_light_mirror_mvp,0.56950383,1136,0.52543771,0.54120934,0.50178021,人生阶段,社会比较与人生进度,0.58003992,2413
2414,确定,确定,2,tencent_ai_lab_chinese_embedding_light_mirror_mvp,0.50930126,3147,0.52529228,0.53188956,0.5153963,对象,社会比较与人生进度,0.56938505,2414
2415,拼命,拼命,2,tencent_ai_lab_chinese_embedding_light_mirror_mvp,0.48552301,4674,0.52523589,0.53792661,0.50619978,追求,社会比较与人生进度,0.57979321,2415
2416,从小到大,从小到大,4,tencent_ai_lab_chinese_embedding_light_mirror_mvp,0.49768583,3805,0.52521265,0.52989197,0.51819354,同龄人,社会比较与人生进度,0.63624865,2416
2417,擦肩而过,擦肩而过,4,tencent_ai_lab_chinese_embedding_light_mirror_mvp,0.51214405,2985,0.52520716,0.53271776,0.51394111,错过青春,社会比较与人生进度,0.56837821,2417
2418,女患者,女患者,3,tencent_ai_lab_chinese_embedding_light_mirror_mvp,0.5378396,1948,0.52520168,0.53166217,0.5155108,女朋友,对象关系,0.54968083,2418
2419,精神性,精神性,3,tencent_ai_lab_chinese_embedding_light_mirror_mvp,0.48470211,4746,0.52515984,0.53673881,0.5077914,追求,社会比较与人生进度,0.55911219,2419
2420,爱豆,爱豆,2,tencent_ai_lab_chinese_embedding_light_mirror_mvp,0.49931494,3697,0.52514076,0.53170514,0.51529408,爱情,恋爱核心,0.5347653,2420
2421,这身,这身,2,tencent_ai_lab_chinese_embedding_light_mirror_mvp,0.53440886,2058,0.52513885,0.55764931,0.47637305,单身,单身与脱单,0.50727946,2421
2422,执著,执著,2,tencent_ai_lab_chinese_embedding_light_mirror_mvp,0.57493711,1054,0.52510375,0.52828258,0.52033538,追求,表白与追求,0.59721118,2422
2423,视为,视为,2,tencent_ai_lab_chinese_embedding_light_mirror_mvp,0.49035542,4299,0.52506864,0.5387615,0.5045293,被追,社会比较与人生进度,0.56955791,2423
2424,受伤害,受伤害,3,tencent_ai_lab_chinese_embedding_light_mirror_mvp,0.53367368,2088,0.5249992,0.55054104,0.48668638,被追,社会比较与人生进度,0.57146835,2424
2425,升学,升学,2,tencent_ai_lab_chinese_embedding_light_mirror_mvp,0.53054508,2213,0.52499354,0.53444052,0.51082301,高中恋爱,校园恋爱,0.58619595,2425
2426,家产,家产,2,tencent_ai_lab_chinese_embedding_light_mirror_mvp,0.50394704,3419,0.52498132,0.53098369,0.51597768,老公,婚恋,0.56721044,2426
2427,自爱,自爱,2,tencent_ai_lab_chinese_embedding_light_mirror_mvp,0.54444336,1732,0.52489579,0.52731621,0.52126509,爱情,恋爱核心,0.55967414,2427
2428,走红,走红,2,tencent_ai_lab_chinese_embedding_light_mirror_mvp,0.53384792,2076,0.5248037,0.54110628,0.50034976,散步,社会比较与人生进度,0.55834025,2428
2429,骑行,骑行,2,tencent_ai_lab_chinese_embedding_light_mirror_mvp,0.51076528,3055,0.52475679,0.55456257,0.48004797,散步,约会,0.49480933,2429
2430,没错,没错,2,tencent_ai_lab_chinese_embedding_light_mirror_mvp,0.50276196,3487,0.52470315,0.52672976,0.52166313,亲密,社会比较与人生进度,0.60102969,2430
2431,孜孜不倦,孜孜不倦,4,tencent_ai_lab_chinese_embedding_light_mirror_mvp,0.48916868,4387,0.5246675,0.54324901,0.49679518,追求,表白与追求,0.54683423,2431
2432,上学,上学,2,tencent_ai_lab_chinese_embedding_light_mirror_mvp,0.55793617,1372,0.52462369,0.5298152,0.51683646,青春,社会比较与人生进度,0.6216442,2432
2433,心动,心动,2,tencent_ai_lab_chinese_embedding_light_mirror_mvp,0.52388494,2447,0.52457941,0.52834553,0.51893014,恋情,恋爱核心,0.57781804,2433
2434,更加,更加,2,tencent_ai_lab_chinese_embedding_light_mirror_mvp,0.48429151,4788,0.52454507,0.53550589,0.50810385,追求,社会比较与人生进度,0.52279925,2434
2435,户外运动,户外运动,4,tencent_ai_lab_chinese_embedding_light_mirror_mvp,0.49677107,3858,0.52450854,0.56338942,0.46618709,散步,约会,0.49010593,2435
2436,现在,现在,2,tencent_ai_lab_chinese_embedding_light_mirror_mvp,0.5118066,2997,0.52450526,0.5292505,0.51738745,对象,社会比较与人生进度,0.62142336,2436
2437,心理分析,心理分析,4,tencent_ai_lab_chinese_embedding_light_mirror_mvp,0.51222538,2980,0.52449626,0.52737528,0.52017766,感情史,社会比较与人生进度,0.57170564,2437
2438,一辈,一辈,2,tencent_ai_lab_chinese_embedding_light_mirror_mvp,0.56064075,1314,0.52444595,0.5313803,0.51404434,人生阶段,社会比较与人生进度,0.57152683,2438
2439,女神,女神,2,tencent_ai_lab_chinese_embedding_light_mirror_mvp,0.59038397,826,0.5244087,0.53892016,0.50264144,女朋友,对象关系,0.47705144,2439
2440,包养,包养,2,tencent_ai_lab_chinese_embedding_light_mirror_mvp,0.54388804,1751,0.52439958,0.55126524,0.48410103,拥抱,亲密行为,0.4835242,2440
2441,定义,定义,2,tencent_ai_lab_chinese_embedding_light_mirror_mvp,0.53401212,2074,0.52439868,0.54039091,0.50041026,对象,社会比较与人生进度,0.54417473,2441
2442,回家路上,回家路上,4,tencent_ai_lab_chinese_embedding_light_mirror_mvp,0.50282741,3482,0.52438939,0.55515313,0.47824374,散步,约会,0.5150944,2442
2443,拒绝,拒绝,2,tencent_ai_lab_chinese_embedding_light_mirror_mvp,0.52626157,2370,0.52429044,0.52685702,0.52044052,没有对象,表白与追求,0.61611235,2443
2444,租房子,租房子,3,tencent_ai_lab_chinese_embedding_light_mirror_mvp,0.51547487,2801,0.52428418,0.53099298,0.51422095,单身,婚恋,0.54970515,2444
2445,相投,相投,2,tencent_ai_lab_chinese_embedding_light_mirror_mvp,0.49195334,4189,0.52426553,0.53250301,0.51190931,对象,表白与追求,0.5817008,2445
2446,心中,心中,2,tencent_ai_lab_chinese_embedding_light_mirror_mvp,0.51985929,2599,0.52424157,0.52725577,0.51972026,拥抱,社会比较与人生进度,0.60974443,2446
2447,排斥,排斥,2,tencent_ai_lab_chinese_embedding_light_mirror_mvp,0.50739388,3237,0.52423894,0.52590615,0.52173805,被追,社会比较与人生进度,0.57720745,2447
2448,直言,直言,2,tencent_ai_lab_chinese_embedding_light_mirror_mvp,0.49021568,4308,0.52421641,0.52558815,0.52215874,告白,表白与追求,0.59990108,2448
2449,忠贞不渝,忠贞不渝,4,tencent_ai_lab_chinese_embedding_light_mirror_mvp,0.64067903,393,0.52421016,0.53116286,0.51378113,感情史,社会比较与人生进度,0.5788976,2449
2450,主动,主动,2,tencent_ai_lab_chinese_embedding_light_mirror_mvp,0.51529175,2813,0.52420211,0.52701437,0.51998371,亲密,表白与追求,0.60325193,2450
2451,郊游,郊游,2,tencent_ai_lab_chinese_embedding_light_mirror_mvp,0.61903238,541,0.52412015,0.56041014,0.46968517,散步,约会,0.5103972,2451
2452,迎头赶上,迎头赶上,4,tencent_ai_lab_chinese_embedding_light_mirror_mvp,0.54515922,1709,0.52409625,0.5317179,0.51266366,被追,表白与追求,0.5472694,2452
2453,孤苦伶仃,孤苦伶仃,4,tencent_ai_lab_chinese_embedding_light_mirror_mvp,0.49399312,4047,0.52403843,0.53841561,0.50247264,单身,单身与脱单,0.56335735,2453
2454,带孩子,带孩子,3,tencent_ai_lab_chinese_embedding_light_mirror_mvp,0.63735267,419,0.52403015,0.53163683,0.51262003,拥抱,亲密行为,0.5414592,2454
2455,善解人意,善解人意,4,tencent_ai_lab_chinese_embedding_light_mirror_mvp,0.56403372,1246,0.52390063,0.53614891,0.50552815,喜欢的人,表白与追求,0.55292469,2455
2456,取向,取向,2,tencent_ai_lab_chinese_embedding_light_mirror_mvp,0.50402923,3410,0.52389193,0.53375077,0.5091036,追求,表白与追求,0.55909121,2456
2457,完美女人,完美女人,4,tencent_ai_lab_chinese_embedding_light_mirror_mvp,0.51045476,3071,0.52385592,0.53016812,0.51438755,女朋友,对象关系,0.52284318,2457
2458,买车,买车,2,tencent_ai_lab_chinese_embedding_light_mirror_mvp,0.49880246,3726,0.52384984,0.53041065,0.5140087,订婚,婚恋,0.55524355,2458
2459,社会心理,社会心理,4,tencent_ai_lab_chinese_embedding_light_mirror_mvp,0.48901609,4396,0.52383798,0.53228641,0.51116532,人生阶段,社会比较与人生进度,0.59829903,2459
2460,孩他,孩他,2,tencent_ai_lab_chinese_embedding_light_mirror_mvp,0.63154569,456,0.52383769,0.53777289,0.50293487,老公,社会比较与人生进度,0.52598751,2460
2461,一穿,一穿,2,tencent_ai_lab_chinese_embedding_light_mirror_mvp,0.50263515,3497,0.52376783,0.54738116,0.48834786,校服,社会比较与人生进度,0.52544498,2461
2462,无止境,无止境,3,tencent_ai_lab_chinese_embedding_light_mirror_mvp,0.51098404,3043,0.52368724,0.53262663,0.51027817,没有对象,社会比较与人生进度,0.58061618,2462
2463,爱才,爱才,2,tencent_ai_lab_chinese_embedding_light_mirror_mvp,0.49838836,3749,0.52354014,0.54593587,0.48994648,爱情,社会比较与人生进度,0.54616427,2463
2464,厌倦,厌倦,2,tencent_ai_lab_chinese_embedding_light_mirror_mvp,0.5116106,3009,0.52347738,0.52576226,0.52005005,散步,社会比较与人生进度,0.57965696,2464
2465,学霸,学霸,2,tencent_ai_lab_chinese_embedding_light_mirror_mvp,0.57333701,1080,0.52338332,0.53079176,0.51227057,学生情侣,校园恋爱,0.58817053,2465
2466,课室,课室,2,tencent_ai_lab_chinese_embedding_light_mirror_mvp,0.5364271,1994,0.52331179,0.52836752,0.51572818,同桌,校园恋爱,0.56788611,2466
2467,撩妹,撩妹,2,tencent_ai_lab_chinese_embedding_light_mirror_mvp,0.58949699,836,0.52322966,0.52953029,0.51377869,牵手,对象关系,0.59182328,2467
2468,顺其自然,顺其自然,4,tencent_ai_lab_chinese_embedding_light_mirror_mvp,0.52814598,2307,0.52319938,0.53672856,0.50290555,落后,社会比较与人生进度,0.54457664,2468
2469,好久,好久,2,tencent_ai_lab_chinese_embedding_light_mirror_mvp,0.48988515,4334,0.52318001,0.53310353,0.50829476,亲密,社会比较与人生进度,0.56833458,2469
2470,经典,经典,2,tencent_ai_lab_chinese_embedding_light_mirror_mvp,0.48319541,4869,0.52316797,0.52616978,0.51866525,感情史,社会比较与人生进度,0.62111539,2470
2471,接机,接机,2,tencent_ai_lab_chinese_embedding_light_mirror_mvp,0.48173486,4982,0.52314878,0.55668497,0.47284445,接吻,亲密行为,0.51272535,2471
2472,清晨,清晨,2,tencent_ai_lab_chinese_embedding_light_mirror_mvp,0.51092604,3046,0.52312952,0.53248358,0.50909835,早恋,表白与追求,0.55477035,2472
2473,回来,回来,2,tencent_ai_lab_chinese_embedding_light_mirror_mvp,0.53866777,1920,0.52310157,0.53429675,0.50630873,被追,社会比较与人生进度,0.57835889,2473
2474,点菜,点菜,2,tencent_ai_lab_chinese_embedding_light_mirror_mvp,0.48434337,4783,0.52302945,0.55315489,0.47784123,约饭,约会,0.52252334,2474
2475,表兄弟,表兄弟,3,tencent_ai_lab_chinese_embedding_light_mirror_mvp,0.48198963,4957,0.52294803,0.55635011,0.47284484,表白,表白与追求,0.50038838,2475
2476,一子一女,一子一女,4,tencent_ai_lab_chinese_embedding_light_mirror_mvp,0.62592809,493,0.5229218,0.54349029,0.49206901,妻子,社会比较与人生进度,0.52566391,2476
2477,逗比,逗比,2,tencent_ai_lab_chinese_embedding_light_mirror_mvp,0.4991641,3705,0.52290583,0.53592098,0.5033831,对象,表白与追求,0.52506858,2477
2478,我骗,我骗,2,tencent_ai_lab_chinese_embedding_light_mirror_mvp,0.52910548,2271,0.52288628,0.54296255,0.49277186,被追,社会比较与人生进度,0.56792325,2478
2479,相好,相好,2,tencent_ai_lab_chinese_embedding_light_mirror_mvp,0.54131444,1836,0.52285761,0.53387034,0.50633848,对象,社会比较与人生进度,0.57116854,2479
2480,为了,为了,2,tencent_ai_lab_chinese_embedding_light_mirror_mvp,0.52051798,2572,0.5228194,0.52738446,0.51597184,追求,社会比较与人生进度,0.57923567,2480
2481,女医生,女医生,3,tencent_ai_lab_chinese_embedding_light_mirror_mvp,0.52736144,2330,0.52269018,0.52871919,0.51364666,女朋友,对象关系,0.5195626,2481
2482,梦中,梦中,2,tencent_ai_lab_chinese_embedding_light_mirror_mvp,0.5139295,2880,0.52260703,0.53586543,0.50271946,高中恋爱,表白与追求,0.56344396,2482
2483,已逝,已逝,2,tencent_ai_lab_chinese_embedding_light_mirror_mvp,0.51028936,3081,0.52258426,0.52606463,0.51736373,老公,社会比较与人生进度,0.58990622,2483
2484,别离,别离,2,tencent_ai_lab_chinese_embedding_light_mirror_mvp,0.52936025,2262,0.52248228,0.53427964,0.50478625,散步,约会,0.53935075,2484
2485,高于一切,高于一切,4,tencent_ai_lab_chinese_embedding_light_mirror_mvp,0.4931493,4111,0.52247989,0.52904809,0.51262754,追求,社会比较与人生进度,0.59666514,2485
2486,男模,男模,2,tencent_ai_lab_chinese_embedding_light_mirror_mvp,0.58417534,910,0.52243418,0.53864479,0.49811825,男朋友,对象关系,0.4989894,2486
2487,忧伤,忧伤,2,tencent_ai_lab_chinese_embedding_light_mirror_mvp,0.56310574,1268,0.52241004,0.52475202,0.51889694,拥抱,社会比较与人生进度,0.56518781,2487
2488,当下,当下,2,tencent_ai_lab_chinese_embedding_light_mirror_mvp,0.54087198,1850,0.52237725,0.52402842,0.51990044,落后,社会比较与人生进度,0.60473675,2488
2489,吃吃喝喝,吃吃喝喝,4,tencent_ai_lab_chinese_embedding_light_mirror_mvp,0.50371453,3431,0.52231324,0.53572053,0.50220233,约饭,约会,0.57110816,2489
2490,私生子,私生子,3,tencent_ai_lab_chinese_embedding_light_mirror_mvp,0.52977285,2236,0.52229667,0.52747893,0.51452327,母胎单身,婚恋,0.52978873,2490
2491,患难之交,患难之交,4,tencent_ai_lab_chinese_embedding_light_mirror_mvp,0.52421293,2440,0.52229595,0.52571881,0.51716167,亲密关系,亲密行为,0.56390822,2491
2492,偶像,偶像,2,tencent_ai_lab_chinese_embedding_light_mirror_mvp,0.4995701,3683,0.52225977,0.52958727,0.51126856,对象,约会,0.55833566,2492
2493,心伤,心伤,2,tencent_ai_lab_chinese_embedding_light_mirror_mvp,0.53532898,2024,0.52225924,0.52589858,0.51680017,感情史,社会比较与人生进度,0.58479416,2493
2494,爱河,爱河,2,tencent_ai_lab_chinese_embedding_light_mirror_mvp,0.59688402,751,0.52223283,0.55237675,0.47701693,爱情,恋爱核心,0.49477702,2494
2495,稚嫩,稚嫩,2,tencent_ai_lab_chinese_embedding_light_mirror_mvp,0.52832059,2301,0.52210796,0.52803904,0.51321131,亲密,社会比较与人生进度,0.58475876,2495
2496,将来,将来,2,tencent_ai_lab_chinese_embedding_light_mirror_mvp,0.48423587,4792,0.52210206,0.52571005,0.51668996,落后,社会比较与人生进度,0.6073451,2496
2497,真是,真是,2,tencent_ai_lab_chinese_embedding_light_mirror_mvp,0.50275196,3490,0.52206653,0.54121643,0.49334168,亲密,社会比较与人生进度,0.52771378,2497
2498,表弟,表弟,2,tencent_ai_lab_chinese_embedding_light_mirror_mvp,0.66414268,282,0.52203631,0.56431723,0.45861486,表白,表白与追求,0.51547176,2498
2499,因为寂寞,因为寂寞,4,tencent_ai_lab_chinese_embedding_light_mirror_mvp,0.59155209,809,0.52202696,0.53509378,0.50242674,单身,社会比较与人生进度,0.60118294,2499
2500,背叛,背叛,2,tencent_ai_lab_chinese_embedding_light_mirror_mvp,0.59781681,741,0.52201575,0.53413081,0.50384313,脱单,社会比较与人生进度,0.54154408,2500
2501,怎么想,怎么想,3,tencent_ai_lab_chinese_embedding_light_mirror_mvp,0.51716344,2720,0.5219115,0.53053319,0.50897902,追求,社会比较与人生进度,0.57124043,2501
2502,很烦,很烦,2,tencent_ai_lab_chinese_embedding_light_mirror_mvp,0.51977211,2603,0.52190465,0.52736914,0.51370782,落后,社会比较与人生进度,0.58778977,2502
2503,富有,富有,2,tencent_ai_lab_chinese_embedding_light_mirror_mvp,0.50171111,3548,0.52189553,0.52243197,0.52109087,落后,社会比较与人生进度,0.5600127,2503
2504,受不了,受不了,3,tencent_ai_lab_chinese_embedding_light_mirror_mvp,0.55455285,1448,0.52189219,0.52886045,0.51143974,被追,社会比较与人生进度,0.57745528,2504
2505,挂念,挂念,2,tencent_ai_lab_chinese_embedding_light_mirror_mvp,0.50628538,3301,0.52185786,0.53846335,0.49694952,拥抱,表白与追求,0.56405461,2505
2506,愿景,愿景,2,tencent_ai_lab_chinese_embedding_light_mirror_mvp,0.52252017,2492,0.52183521,0.52725697,0.51370263,追求,表白与追求,0.58211052,2506
2507,花前月下,花前月下,4,tencent_ai_lab_chinese_embedding_light_mirror_mvp,0.60621114,648,0.52181989,0.53133559,0.50754631,前女友,恋爱历史,0.52150089,2507
2508,兄长,兄长,2,tencent_ai_lab_chinese_embedding_light_mirror_mvp,0.50620406,3307,0.5217666,0.52559161,0.51602906,亲密,亲密行为,0.54615974,2508
2509,宠溺,宠溺,2,tencent_ai_lab_chinese_embedding_light_mirror_mvp,0.54569027,1692,0.52167398,0.52283311,0.51993525,拥抱,亲密行为,0.56351221,2509
2510,进班,进班,2,tencent_ai_lab_chinese_embedding_light_mirror_mvp,0.57714767,1025,0.52163416,0.52858341,0.51121026,同桌,社会比较与人生进度,0.59362304,2510
2511,随波逐流,随波逐流,4,tencent_ai_lab_chinese_embedding_light_mirror_mvp,0.49419194,4038,0.5216313,0.52519554,0.51628494,散步,社会比较与人生进度,0.52504712,2511
2512,挽留,挽留,2,tencent_ai_lab_chinese_embedding_light_mirror_mvp,0.55523465,1430,0.52159375,0.52261293,0.52006495,牵手,表白与追求,0.60042983,2512
2513,我爸,我爸,2,tencent_ai_lab_chinese_embedding_light_mirror_mvp,0.68611729,217,0.52159142,0.52828729,0.51154763,老公,婚恋,0.53704488,2513
2514,嫉妒,嫉妒,2,tencent_ai_lab_chinese_embedding_light_mirror_mvp,0.48761282,4508,0.52156734,0.53450227,0.5021649,暗恋,社会比较与人生进度,0.59311187,2514
2515,女学霸,女学霸,3,tencent_ai_lab_chinese_embedding_light_mirror_mvp,0.53984358,1880,0.52154529,0.52650458,0.51410621,女朋友,校园恋爱,0.57597315,2515
2516,直面,直面,2,tencent_ai_lab_chinese_embedding_light_mirror_mvp,0.48920717,4385,0.52153891,0.53256309,0.50500262,亲密,亲密行为,0.56016493,2516
2517,毕生,毕生,2,tencent_ai_lab_chinese_embedding_light_mirror_mvp,0.48183707,4966,0.52147537,0.54401869,0.48766041,学生情侣,社会比较与人生进度,0.53351581,2517
2518,懂得,懂得,2,tencent_ai_lab_chinese_embedding_light_mirror_mvp,0.53946257,1893,0.52145475,0.52656198,0.51379395,告白,社会比较与人生进度,0.62545282,2518
2519,质问,质问,2,tencent_ai_lab_chinese_embedding_light_mirror_mvp,0.52075374,2561,0.52145302,0.53210235,0.50547904,追求,表白与追求,0.52081394,2519
2520,受虐,受虐,2,tencent_ai_lab_chinese_embedding_light_mirror_mvp,0.5227244,2481,0.52135837,0.53123927,0.50653696,被追,社会比较与人生进度,0.56405085,2520
2521,更进一步,更进一步,4,tencent_ai_lab_chinese_embedding_light_mirror_mvp,0.50995882,3103,0.52134442,0.5232119,0.51854318,被追,社会比较与人生进度,0.58913541,2521
2522,正确引导,正确引导,4,tencent_ai_lab_chinese_embedding_light_mirror_mvp,0.48359436,4833,0.52129513,0.54070741,0.49217668,对象,社会比较与人生进度,0.57557857,2522
2523,受委屈,受委屈,3,tencent_ai_lab_chinese_embedding_light_mirror_mvp,0.58061477,965,0.52129,0.53441584,0.50160128,被追,社会比较与人生进度,0.5840261,2523
2524,不老,不老,2,tencent_ai_lab_chinese_embedding_light_mirror_mvp,0.49256862,4151,0.52122092,0.52616644,0.51380259,落后,社会比较与人生进度,0.59723854,2524
2525,苦闷,苦闷,2,tencent_ai_lab_chinese_embedding_light_mirror_mvp,0.484817,4735,0.52111351,0.52771235,0.51121527,亲密,社会比较与人生进度,0.60806745,2525
2526,回报,回报,2,tencent_ai_lab_chinese_embedding_light_mirror_mvp,0.50493273,3367,0.52103901,0.53055269,0.50676841,追求,表白与追求,0.56040853,2526
2527,误入歧途,误入歧途,4,tencent_ai_lab_chinese_embedding_light_mirror_mvp,0.48276893,4900,0.5210005,0.5339855,0.50152302,错过青春,社会比较与人生进度,0.5963161,2527
2528,心里话,心里话,3,tencent_ai_lab_chinese_embedding_light_mirror_mvp,0.50938781,3141,0.52093595,0.52356064,0.51699889,喜欢的人,表白与追求,0.61904395,2528
2529,勇往直前,勇往直前,4,tencent_ai_lab_chinese_embedding_light_mirror_mvp,0.53902417,1908,0.52092165,0.52904171,0.50874156,前男友,社会比较与人生进度,0.56042027,2529
2530,说了,说了,2,tencent_ai_lab_chinese_embedding_light_mirror_mvp,0.52070668,2563,0.52092022,0.52922177,0.50846785,对象,社会比较与人生进度,0.57624948,2530
2531,中年妇女,中年妇女,4,tencent_ai_lab_chinese_embedding_light_mirror_mvp,0.54804246,1630,0.52090585,0.52436686,0.51571423,老婆,社会比较与人生进度,0.55026758,2531
2532,农村妇女,农村妇女,4,tencent_ai_lab_chinese_embedding_light_mirror_mvp,0.52045439,2575,0.52090514,0.52992356,0.50737751,妻子,婚恋,0.54452986,2532
2533,后爹,后爹,2,tencent_ai_lab_chinese_embedding_light_mirror_mvp,0.60548506,661,0.5208596,0.53531694,0.49917355,前男友,恋爱历史,0.50981337,2533
2534,竟然,竟然,2,tencent_ai_lab_chinese_embedding_light_mirror_mvp,0.51693181,2734,0.52082026,0.53630435,0.49759403,落后,表白与追求,0.5308485,2534
2535,他说,他说,2,tencent_ai_lab_chinese_embedding_light_mirror_mvp,0.59330443,793,0.52079326,0.53329033,0.5020476,老公,表白与追求,0.55774879,2535
2536,失忆,失忆,2,tencent_ai_lab_chinese_embedding_light_mirror_mvp,0.4900015,4322,0.52073324,0.52710432,0.51117665,错过青春,社会比较与人生进度,0.60332114,2536
2537,综艺节目,综艺节目,4,tencent_ai_lab_chinese_embedding_light_mirror_mvp,0.51286434,2951,0.52072567,0.53489047,0.49947843,约会,约会,0.57991183,2537
2538,自我表现,自我表现,4,tencent_ai_lab_chinese_embedding_light_mirror_mvp,0.56581131,1213,0.52069956,0.52480137,0.51454675,人生阶段,社会比较与人生进度,0.63041234,2538
2539,意义,意义,2,tencent_ai_lab_chinese_embedding_light_mirror_mvp,0.51511817,2818,0.52068502,0.53783965,0.49495301,追求,表白与追求,0.54507327,2539
2540,年级,年级,2,tencent_ai_lab_chinese_embedding_light_mirror_mvp,0.54805659,1628,0.52067071,0.52997738,0.50671065,青春,社会比较与人生进度,0.60867244,2540
2541,发短信,发短信,3,tencent_ai_lab_chinese_embedding_light_mirror_mvp,0.49691775,3842,0.52066642,0.53186429,0.50386959,表白,表白与追求,0.58459604,2541
2542,言谈举止,言谈举止,4,tencent_ai_lab_chinese_embedding_light_mirror_mvp,0.48663995,4586,0.52064389,0.52696568,0.51116115,对象,社会比较与人生进度,0.57049489,2542
2543,特别,特别,2,tencent_ai_lab_chinese_embedding_light_mirror_mvp,0.49497962,3978,0.5205844,0.52694726,0.51104009,亲密,社会比较与人生进度,0.57806265,2543
2544,裙子,裙子,2,tencent_ai_lab_chinese_embedding_light_mirror_mvp,0.58454511,906,0.52058136,0.54617208,0.48219529,校服,婚恋,0.49015963,2544
2545,共进,共进,2,tencent_ai_lab_chinese_embedding_light_mirror_mvp,0.49199859,4185,0.52053499,0.52551675,0.5130623,拥抱,社会比较与人生进度,0.57128763,2545
2546,只在乎,只在乎,3,tencent_ai_lab_chinese_embedding_light_mirror_mvp,0.5507426,1550,0.5203675,0.52814871,0.5086956,没有对象,单身与脱单,0.5832541,2546
2547,性困惑,性困惑,3,tencent_ai_lab_chinese_embedding_light_mirror_mvp,0.48972188,4346,0.52035654,0.52298045,0.5164206,感情史,社会比较与人生进度,0.60871577,2547
2548,形同陌路,形同陌路,4,tencent_ai_lab_chinese_embedding_light_mirror_mvp,0.66154119,295,0.52032799,0.52649015,0.51108474,别人都有对象,社会比较与人生进度,0.59399873,2548
2549,凄美,凄美,2,tencent_ai_lab_chinese_embedding_light_mirror_mvp,0.54669214,1672,0.52032387,0.5294354,0.50665659,落后,社会比较与人生进度,0.53720033,2549
2550,说真的,说真的,3,tencent_ai_lab_chinese_embedding_light_mirror_mvp,0.56630896,1202,0.52030122,0.53518403,0.49797705,亲密,社会比较与人生进度,0.55726576,2550
2551,那份,那份,2,tencent_ai_lab_chinese_embedding_light_mirror_mvp,0.49448079,4022,0.52027208,0.52598131,0.5117082,拥抱,社会比较与人生进度,0.57824928,2551
2552,患难与共,患难与共,4,tencent_ai_lab_chinese_embedding_light_mirror_mvp,0.55848517,1354,0.52027148,0.52364868,0.51520568,伴侣,社会比较与人生进度,0.56612122,2552
2553,他发,他发,2,tencent_ai_lab_chinese_embedding_light_mirror_mvp,0.50178285,3546,0.52025872,0.52269077,0.51661062,老公,表白与追求,0.56413078,2553
2554,该生,该生,2,tencent_ai_lab_chinese_embedding_light_mirror_mvp,0.50855805,3181,0.52024293,0.53195333,0.50267726,人生阶段,社会比较与人生进度,0.57654798,2554
2555,拍摄结束后,拍摄结束后,5,tencent_ai_lab_chinese_embedding_light_mirror_mvp,0.50059439,3620,0.52021813,0.53839862,0.49294737,落后,社会比较与人生进度,0.54716635,2555
2556,教会,教会,2,tencent_ai_lab_chinese_embedding_light_mirror_mvp,0.49933511,3696,0.52011633,0.54457104,0.48343411,约会,约会,0.53748971,2556
2557,算了吧,算了吧,3,tencent_ai_lab_chinese_embedding_light_mirror_mvp,0.49151092,4217,0.5201112,0.52639216,0.51068968,对象,社会比较与人生进度,0.59701943,2557
2558,贪玩,贪玩,2,tencent_ai_lab_chinese_embedding_light_mirror_mvp,0.52507343,2408,0.52010143,0.52505064,0.51267755,被追,表白与追求,0.57534772,2558
2559,正经,正经,2,tencent_ai_lab_chinese_embedding_light_mirror_mvp,0.4845352,4765,0.52005833,0.53105354,0.50356549,亲密,社会比较与人生进度,0.58437586,2559
2560,往事,往事,2,tencent_ai_lab_chinese_embedding_light_mirror_mvp,0.54970492,1578,0.52003455,0.52326179,0.51519358,感情史,社会比较与人生进度,0.60442138,2560
2561,办了,办了,2,tencent_ai_lab_chinese_embedding_light_mirror_mvp,0.50509995,3357,0.51996702,0.52549767,0.51167101,订婚,婚恋,0.55070728,2561
2562,闹情绪,闹情绪,3,tencent_ai_lab_chinese_embedding_light_mirror_mvp,0.49685749,3848,0.5199306,0.52804947,0.50775224,感情史,社会比较与人生进度,0.56834877,2562
2563,性无能,性无能,3,tencent_ai_lab_chinese_embedding_light_mirror_mvp,0.57186545,1100,0.51991928,0.52491218,0.51242995,没有对象,单身与脱单,0.58187556,2563
2564,我发,我发,2,tencent_ai_lab_chinese_embedding_light_mirror_mvp,0.50672216,3280,0.51991564,0.53312725,0.50009817,被追,表白与追求,0.57847911,2564
2565,而非,而非,2,tencent_ai_lab_chinese_embedding_light_mirror_mvp,0.50902504,3159,0.51990849,0.5420084,0.48675862,落后,社会比较与人生进度,0.54118204,2565
2566,穿成,穿成,2,tencent_ai_lab_chinese_embedding_light_mirror_mvp,0.4824222,4927,0.5199039,0.53394598,0.49884078,校服,社会比较与人生进度,0.50686234,2566
2567,认知,认知,2,tencent_ai_lab_chinese_embedding_light_mirror_mvp,0.54932024,1586,0.51986653,0.52875012,0.50654113,人生阶段,社会比较与人生进度,0.58408463,2567
2568,单位领导,单位领导,4,tencent_ai_lab_chinese_embedding_light_mirror_mvp,0.55667125,1399,0.51984566,0.53802741,0.49257302,对象,社会比较与人生进度,0.54928166,2568
2569,开怀大笑,开怀大笑,4,tencent_ai_lab_chinese_embedding_light_mirror_mvp,0.51628145,2762,0.51984292,0.54567635,0.48109278,拥抱,社会比较与人生进度,0.52390289,2569
2570,放学,放学,2,tencent_ai_lab_chinese_embedding_light_mirror_mvp,0.55079939,1547,0.51983416,0.52524686,0.51171517,同桌,校园恋爱,0.5885247,2570
2571,劣势,劣势,2,tencent_ai_lab_chinese_embedding_light_mirror_mvp,0.53502504,2034,0.51976812,0.54351622,0.48414597,落后,社会比较与人生进度,0.53806305,2571
2572,而又,而又,2,tencent_ai_lab_chinese_embedding_light_mirror_mvp,0.51247129,2968,0.51970166,0.52184719,0.51648337,被追,社会比较与人生进度,0.55889118,2572
2573,心疼,心疼,2,tencent_ai_lab_chinese_embedding_light_mirror_mvp,0.56914214,1143,0.51969492,0.52158618,0.5168581,感情史,表白与追求,0.59848535,2573
2574,分分合合,分分合合,4,tencent_ai_lab_chinese_embedding_light_mirror_mvp,0.65418618,334,0.51968086,0.52332985,0.51420724,伴侣,社会比较与人生进度,0.57706434,2574
2575,挺个,挺个,2,tencent_ai_lab_chinese_embedding_light_mirror_mvp,0.50831691,3193,0.51964706,0.52719849,0.50831991,落后,社会比较与人生进度,0.5678516,2575
2576,真心话,真心话,3,tencent_ai_lab_chinese_embedding_light_mirror_mvp,0.51864116,2660,0.5196169,0.53231001,0.50057727,亲密,表白与追求,0.55475742,2576
2577,有意思,有意思,3,tencent_ai_lab_chinese_embedding_light_mirror_mvp,0.48874328,4417,0.519593,0.52646065,0.50929159,亲密,社会比较与人生进度,0.583067,2577
2578,出事,出事,2,tencent_ai_lab_chinese_embedding_light_mirror_mvp,0.4846016,4757,0.5195657,0.52320814,0.51410192,对象,社会比较与人生进度,0.58924788,2578
2579,我想,我想,2,tencent_ai_lab_chinese_embedding_light_mirror_mvp,0.55425541,1459,0.51956314,0.53071237,0.50283927,追求,表白与追求,0.58535516,2579
2580,有儿,有儿,2,tencent_ai_lab_chinese_embedding_light_mirror_mvp,0.55050756,1558,0.51955163,0.52037644,0.51831442,拥抱,社会比较与人生进度,0.57796258,2580
2581,肩并肩,肩并肩,3,tencent_ai_lab_chinese_embedding_light_mirror_mvp,0.53345621,2095,0.51952732,0.52674079,0.50870711,拥抱,亲密行为,0.50179434,2581
2582,女经理,女经理,3,tencent_ai_lab_chinese_embedding_light_mirror_mvp,0.53783453,1949,0.51946586,0.5260787,0.50954658,女朋友,婚恋,0.52008426,2582
2583,你老,你老,2,tencent_ai_lab_chinese_embedding_light_mirror_mvp,0.49460337,4013,0.51936513,0.52740353,0.50730753,老婆,社会比较与人生进度,0.5846765,2583
2584,留校察看,留校察看,4,tencent_ai_lab_chinese_embedding_light_mirror_mvp,0.54262656,1792,0.5193491,0.53259051,0.49948695,校服,校园恋爱,0.49964011,2584
2585,伤心,伤心,2,tencent_ai_lab_chinese_embedding_light_mirror_mvp,0.5155561,2798,0.51934302,0.52009547,0.5182144,亲密,表白与追求,0.58760965,2585
2586,而去,而去,2,tencent_ai_lab_chinese_embedding_light_mirror_mvp,0.50168895,3552,0.51930094,0.52161068,0.5158363,被追,约会,0.58310091,2586
2587,家务事,家务事,3,tencent_ai_lab_chinese_embedding_light_mirror_mvp,0.50737973,3239,0.51913631,0.52325583,0.51295692,老公,婚恋,0.60127121,2587
2588,忙里偷闲,忙里偷闲,4,tencent_ai_lab_chinese_embedding_light_mirror_mvp,0.49614649,3905,0.51907849,0.52505606,0.51011211,散步,表白与追求,0.57626832,2588
2589,痛苦,痛苦,2,tencent_ai_lab_chinese_embedding_light_mirror_mvp,0.50157181,3563,0.51907182,0.52845341,0.50499934,亲密,社会比较与人生进度,0.58126748,2589
2590,补习,补习,2,tencent_ai_lab_chinese_embedding_light_mirror_mvp,0.50927356,3148,0.51904166,0.54386425,0.48180768,追求,社会比较与人生进度,0.50199223,2590
2591,一切,一切,2,tencent_ai_lab_chinese_embedding_light_mirror_mvp,0.5091291,3153,0.51891661,0.52653491,0.50748914,亲密,亲密行为,0.58139956,2591
2592,教室,教室,2,tencent_ai_lab_chinese_embedding_light_mirror_mvp,0.58482605,899,0.51886445,0.52886027,0.50387073,校服,校园恋爱,0.53640348,2592
2593,下班,下班,2,tencent_ai_lab_chinese_embedding_light_mirror_mvp,0.54069872,1854,0.51886064,0.52498299,0.50967711,约会,社会比较与人生进度,0.60287106,2593
2594,真的,真的,2,tencent_ai_lab_chinese_embedding_light_mirror_mvp,0.54394959,1748,0.51882654,0.54130399,0.48511037,亲密,社会比较与人生进度,0.5151152,2594
2595,甜言蜜语,甜言蜜语,4,tencent_ai_lab_chinese_embedding_light_mirror_mvp,0.62908814,476,0.51870757,0.52529061,0.50883299,亲密,表白与追求,0.55668479,2595
2596,互称,互称,2,tencent_ai_lab_chinese_embedding_light_mirror_mvp,0.52069422,2564,0.51867169,0.52686274,0.50638509,对象,亲密行为,0.54485244,2596
2597,勾引,勾引,2,tencent_ai_lab_chinese_embedding_light_mirror_mvp,0.5217948,2515,0.51866496,0.53426361,0.49526691,牵手,亲密行为,0.53807896,2597
2598,当然,当然,2,tencent_ai_lab_chinese_embedding_light_mirror_mvp,0.55409405,1464,0.51858455,0.53486371,0.49416575,落后,社会比较与人生进度,0.5394451,2598
2599,跑操,跑操,2,tencent_ai_lab_chinese_embedding_light_mirror_mvp,0.50820169,3201,0.51858222,0.55220503,0.46814796,散步,校园恋爱,0.43067968,2599
2600,合租,合租,2,tencent_ai_lab_chinese_embedding_light_mirror_mvp,0.51425979,2865,0.51853704,0.52062416,0.51540637,订婚,约会,0.54672188,2600
2601,不乐意,不乐意,3,tencent_ai_lab_chinese_embedding_light_mirror_mvp,0.49955447,3684,0.51851994,0.52364397,0.5108338,没有对象,社会比较与人生进度,0.59883225,2601
2602,长跑,长跑,2,tencent_ai_lab_chinese_embedding_light_mirror_mvp,0.54132617,1835,0.51849127,0.55599284,0.46223879,散步,约会,0.48979828,2602
2603,很久,很久,2,tencent_ai_lab_chinese_embedding_light_mirror_mvp,0.49606074,3913,0.51845241,0.52747774,0.50491434,亲密,社会比较与人生进度,0.56760132,2603
2604,不合适,不合适,3,tencent_ai_lab_chinese_embedding_light_mirror_mvp,0.48745877,4518,0.51844531,0.53302455,0.49657643,没有对象,社会比较与人生进度,0.57751197,2604
2605,自信,自信,2,tencent_ai_lab_chinese_embedding_light_mirror_mvp,0.50040967,3637,0.51842695,0.52201074,0.51305121,亲密,社会比较与人生进度,0.59570992,2605
2606,家暴,家暴,2,tencent_ai_lab_chinese_embedding_light_mirror_mvp,0.63519067,432,0.51838207,0.52870059,0.50290424,老公,婚恋,0.55469429,2606
2607,自我,自我,2,tencent_ai_lab_chinese_embedding_light_mirror_mvp,0.630951,463,0.51835912,0.53310323,0.49624291,单身,社会比较与人生进度,0.5971818,2607
2608,幸运,幸运,2,tencent_ai_lab_chinese_embedding_light_mirror_mvp,0.48652237,4590,0.5183236,0.52738124,0.50473708,落后,社会比较与人生进度,0.57737768,2608
2609,自卑,自卑,2,tencent_ai_lab_chinese_embedding_light_mirror_mvp,0.57016431,1127,0.518314,0.52351457,0.51051313,落后,社会比较与人生进度,0.6518169,2609
2610,充满活力,充满活力,4,tencent_ai_lab_chinese_embedding_light_mirror_mvp,0.51575551,2788,0.5182991,0.52510417,0.50809139,亲密,社会比较与人生进度,0.57758087,2610
2611,性冷淡,性冷淡,3,tencent_ai_lab_chinese_embedding_light_mirror_mvp,0.50144154,3567,0.51818615,0.52280128,0.51126343,单身,单身与脱单,0.58064473,2611
2612,不丑,不丑,2,tencent_ai_lab_chinese_embedding_light_mirror_mvp,0.50840147,3189,0.51817256,0.53524756,0.49256006,没有对象,社会比较与人生进度,0.54416782,2612
2613,缘来,缘来,2,tencent_ai_lab_chinese_embedding_light_mirror_mvp,0.49795454,3781,0.51814288,0.52809,0.50322217,感情史,社会比较与人生进度,0.56914562,2613
2614,庸俗,庸俗,2,tencent_ai_lab_chinese_embedding_light_mirror_mvp,0.53715143,1977,0.51811725,0.54087853,0.48397529,落后,社会比较与人生进度,0.59520358,2614
2615,其他,其他,2,tencent_ai_lab_chinese_embedding_light_mirror_mvp,0.50110941,3586,0.51807964,0.53154284,0.49788484,落后,社会比较与人生进度,0.56716651,2615
2616,打电话,打电话,3,tencent_ai_lab_chinese_embedding_light_mirror_mvp,0.57193499,1098,0.51797831,0.52923119,0.50109893,对象,约会,0.56476378,2616
2617,公开,公开,2,tencent_ai_lab_chinese_embedding_light_mirror_mvp,0.54814005,1625,0.51793367,0.53384531,0.49406615,老公,社会比较与人生进度,0.52927405,2617
2618,至于,至于,2,tencent_ai_lab_chinese_embedding_light_mirror_mvp,0.50096723,3590,0.51791936,0.52512139,0.50711632,落后,社会比较与人生进度,0.59062195,2618
2619,重逢,重逢,2,tencent_ai_lab_chinese_embedding_light_mirror_mvp,0.55871845,1348,0.51791251,0.52065021,0.51380587,错过青春,社会比较与人生进度,0.57276845,2619
2620,含蓄,含蓄,2,tencent_ai_lab_chinese_embedding_light_mirror_mvp,0.4926155,4146,0.51787329,0.52434576,0.50816447,拥抱,社会比较与人生进度,0.56020677,2620
2621,自我感觉良好,自我感觉良好,6,tencent_ai_lab_chinese_embedding_light_mirror_mvp,0.48527622,4695,0.5178228,0.52204543,0.51148885,落后,社会比较与人生进度,0.62193108,2621
2622,裸照,裸照,2,tencent_ai_lab_chinese_embedding_light_mirror_mvp,0.5686904,1149,0.51771235,0.53248084,0.49555957,单身,单身与脱单,0.54626071,2622
2623,生命,生命,2,tencent_ai_lab_chinese_embedding_light_mirror_mvp,0.58465492,904,0.51770979,0.53973687,0.48466912,人生阶段,社会比较与人生进度,0.55816871,2623
2624,父爱,父爱,2,tencent_ai_lab_chinese_embedding_light_mirror_mvp,0.56471281,1234,0.51767194,0.52156222,0.51183641,老公,婚恋,0.56469262,2624
2625,百般挑剔,百般挑剔,4,tencent_ai_lab_chinese_embedding_light_mirror_mvp,0.53286757,2114,0.51753694,0.52568483,0.50531501,追求,社会比较与人生进度,0.59256327,2625
2626,孝子,孝子,2,tencent_ai_lab_chinese_embedding_light_mirror_mvp,0.53752588,1963,0.51746273,0.53721571,0.48783326,妻子,婚恋,0.50763226,2626
2627,趋向,趋向,2,tencent_ai_lab_chinese_embedding_light_mirror_mvp,0.50043927,3631,0.51746005,0.52176911,0.5109964,落后,社会比较与人生进度,0.55579954,2627
2628,买菜,买菜,2,tencent_ai_lab_chinese_embedding_light_mirror_mvp,0.53980616,1881,0.51745892,0.52393156,0.50774992,约饭,约会,0.53398979,2628
2629,课上,课上,2,tencent_ai_lab_chinese_embedding_light_mirror_mvp,0.51567981,2793,0.51744437,0.52751398,0.50233996,同桌,校园恋爱,0.58685744,2629
2630,刻意,刻意,2,tencent_ai_lab_chinese_embedding_light_mirror_mvp,0.50089811,3596,0.51744235,0.53060162,0.4977034,亲密,社会比较与人生进度,0.55241466,2630
2631,帮你,帮你,2,tencent_ai_lab_chinese_embedding_light_mirror_mvp,0.49477849,4002,0.51743472,0.51948225,0.51436335,追求,表白与追求,0.58618885,2631
2632,偷窥,偷窥,2,tencent_ai_lab_chinese_embedding_light_mirror_mvp,0.48688912,4564,0.5174275,0.52184099,0.51080728,暗恋,亲密行为,0.56655508,2632
2633,裸睡,裸睡,2,tencent_ai_lab_chinese_embedding_light_mirror_mvp,0.5083146,3194,0.51741147,0.52982068,0.49879757,单身,单身与脱单,0.54445726,2633
2634,让我,让我,2,tencent_ai_lab_chinese_embedding_light_mirror_mvp,0.53001721,2225,0.51740879,0.52716136,0.5027799,被追,表白与追求,0.56803751,2634
2635,淑女,淑女,2,tencent_ai_lab_chinese_embedding_light_mirror_mvp,0.48926154,4377,0.51739132,0.52038944,0.51289403,妻子,社会比较与人生进度,0.54027915,2635
2636,舅舅家,舅舅家,3,tencent_ai_lab_chinese_embedding_light_mirror_mvp,0.50766848,3225,0.51732057,0.52256966,0.50944692,老公,婚恋,0.57321835,2636
2637,大女,大女,2,tencent_ai_lab_chinese_embedding_light_mirror_mvp,0.49199843,4186,0.5173071,0.5294441,0.49910152,大学恋爱,婚恋,0.48458835,2637
2638,歌词,歌词,2,tencent_ai_lab_chinese_embedding_light_mirror_mvp,0.49861093,3734,0.51729923,0.52988946,0.49841383,爱情,社会比较与人生进度,0.55383086,2638
2639,当上,当上,2,tencent_ai_lab_chinese_embedding_light_mirror_mvp,0.49097121,4254,0.5172925,0.52960002,0.49883118,被追,社会比较与人生进度,0.59900415,2639
2640,说好,说好,2,tencent_ai_lab_chinese_embedding_light_mirror_mvp,0.55469449,1443,0.51724303,0.52058697,0.51222718,落后,社会比较与人生进度,0.59728277,2640
2641,小时候,小时候,3,tencent_ai_lab_chinese_embedding_light_mirror_mvp,0.49771111,3800,0.51721311,0.52050668,0.51227266,早恋,社会比较与人生进度,0.60464275,2641
2642,健康,健康,2,tencent_ai_lab_chinese_embedding_light_mirror_mvp,0.48642566,4600,0.51718074,0.53848982,0.48521709,亲密,亲密行为,0.5138129,2642
2643,去了,去了,2,tencent_ai_lab_chinese_embedding_light_mirror_mvp,0.51758611,2701,0.51712012,0.52050555,0.51204205,散步,约会,0.6027438,2643
2644,过学,过学,2,tencent_ai_lab_chinese_embedding_light_mirror_mvp,0.48526145,4698,0.51711971,0.52240258,0.50919527,错过青春,社会比较与人生进度,0.63793832,2644
2645,精益求精,精益求精,4,tencent_ai_lab_chinese_embedding_light_mirror_mvp,0.51419178,2869,0.5170666,0.54471058,0.47560057,追求,社会比较与人生进度,0.46446776,2645
2646,积极向上,积极向上,4,tencent_ai_lab_chinese_embedding_light_mirror_mvp,0.50392581,3421,0.51703042,0.52457911,0.50570732,追求,社会比较与人生进度,0.57125652,2646
2647,浪漫的事,浪漫的事,4,tencent_ai_lab_chinese_embedding_light_mirror_mvp,0.56832553,1156,0.51702964,0.52045357,0.51189369,恋爱经历,表白与追求,0.58269835,2647
2648,白裙,白裙,2,tencent_ai_lab_chinese_embedding_light_mirror_mvp,0.51352634,2910,0.51700187,0.52889633,0.49916014,告白,表白与追求,0.50290751,2648
2649,解雇,解雇,2,tencent_ai_lab_chinese_embedding_light_mirror_mvp,0.50253093,3500,0.51699877,0.52282166,0.50826436,被追,婚恋,0.52463603,2649
2650,全家,全家,2,tencent_ai_lab_chinese_embedding_light_mirror_mvp,0.56760805,1172,0.51698482,0.52434897,0.50593853,老公,婚恋,0.56049645,2650
2651,甜甜的,甜甜的,3,tencent_ai_lab_chinese_embedding_light_mirror_mvp,0.50489756,3374,0.51692367,0.52369821,0.50676179,亲密,亲密行为,0.54938912,2651
2652,反感,反感,2,tencent_ai_lab_chinese_embedding_light_mirror_mvp,0.5476558,1644,0.51688415,0.51993507,0.5123077,感情史,社会比较与人生进度,0.59616894,2652
2653,平平淡淡,平平淡淡,4,tencent_ai_lab_chinese_embedding_light_mirror_mvp,0.54391174,1750,0.5168792,0.52061915,0.51126927,落后,社会比较与人生进度,0.63889575,2653
2654,计划生育,计划生育,4,tencent_ai_lab_chinese_embedding_light_mirror_mvp,0.48270116,4909,0.51683587,0.52319551,0.50729638,结婚,社会比较与人生进度,0.5419665,2654
2655,私处,私处,2,tencent_ai_lab_chinese_embedding_light_mirror_mvp,0.48178869,4971,0.51682574,0.52014565,0.51184583,亲密,亲密行为,0.54418695,2655
2656,用心,用心,2,tencent_ai_lab_chinese_embedding_light_mirror_mvp,0.48346266,4848,0.51681411,0.5252105,0.50421947,亲密,社会比较与人生进度,0.57351321,2656
2657,发声明,发声明,3,tencent_ai_lab_chinese_embedding_light_mirror_mvp,0.50975436,3114,0.51681399,0.52931994,0.49805513,告白,表白与追求,0.55419827,2657
2658,大老爷们,大老爷们,4,tencent_ai_lab_chinese_embedding_light_mirror_mvp,0.52488632,2413,0.51678371,0.52895463,0.49852732,同龄人,社会比较与人生进度,0.52535087,2658
2659,毕业班,毕业班,3,tencent_ai_lab_chinese_embedding_light_mirror_mvp,0.52200744,2510,0.51666403,0.51932192,0.51267713,同桌,校园恋爱,0.59233272,2659
2660,发自内心,发自内心,4,tencent_ai_lab_chinese_embedding_light_mirror_mvp,0.49395469,4055,0.51666105,0.51980782,0.51194084,亲密,社会比较与人生进度,0.63262546,2660
2661,好想你,好想你,3,tencent_ai_lab_chinese_embedding_light_mirror_mvp,0.48939402,4370,0.51663792,0.51945704,0.51240927,暗恋,表白与追求,0.6294179,2661
2662,考上,考上,2,tencent_ai_lab_chinese_embedding_light_mirror_mvp,0.51020766,3089,0.51658094,0.5242306,0.50510645,被追,社会比较与人生进度,0.60636961,2662
2663,不过,不过,2,tencent_ai_lab_chinese_embedding_light_mirror_mvp,0.49489533,3990,0.5165298,0.51891208,0.51295638,没谈过恋爱,社会比较与人生进度,0.57703573,2663
2664,美丽动人,美丽动人,4,tencent_ai_lab_chinese_embedding_light_mirror_mvp,0.48791636,4480,0.51646966,0.529778,0.49650708,恋人,社会比较与人生进度,0.49862939,2664
2665,褂子,褂子,2,tencent_ai_lab_chinese_embedding_light_mirror_mvp,0.51490608,2831,0.5164507,0.53974319,0.48151192,校服,婚恋,0.47993025,2665
2666,绯闻,绯闻,2,tencent_ai_lab_chinese_embedding_light_mirror_mvp,0.67904179,233,0.51643217,0.52003354,0.51103002,暗恋,恋爱历史,0.58472764,2666
2667,你心,你心,2,tencent_ai_lab_chinese_embedding_light_mirror_mvp,0.48437849,4777,0.5163424,0.52149564,0.50861245,恋情,表白与追求,0.57571054,2667
2668,放弃,放弃,2,tencent_ai_lab_chinese_embedding_light_mirror_mvp,0.58063815,964,0.51628011,0.51819313,0.51341051,散步,表白与追求,0.60253751,2668
2669,坐车,坐车,2,tencent_ai_lab_chinese_embedding_light_mirror_mvp,0.52630323,2366,0.51625967,0.52061415,0.5097279,散步,约会,0.6191386,2669
2670,生活费,生活费,3,tencent_ai_lab_chinese_embedding_light_mirror_mvp,0.50741034,3235,0.51618296,0.53437412,0.48889625,人生阶段,社会比较与人生进度,0.57212043,2670
2671,但她,但她,2,tencent_ai_lab_chinese_embedding_light_mirror_mvp,0.60338416,676,0.5161739,0.52438235,0.50386113,女朋友,表白与追求,0.53110456,2671
2672,女装,女装,2,tencent_ai_lab_chinese_embedding_light_mirror_mvp,0.52869648,2280,0.51616359,0.52986979,0.49560419,女朋友,婚恋,0.47461784,2672
2673,矛盾,矛盾,2,tencent_ai_lab_chinese_embedding_light_mirror_mvp,0.55372344,1477,0.51611453,0.52765673,0.49880114,对象,表白与追求,0.52722377,2673
2674,职场,职场,2,tencent_ai_lab_chinese_embedding_light_mirror_mvp,0.53291286,2112,0.51611292,0.52357936,0.50491333,对象,社会比较与人生进度,0.61025739,2674
2675,偷吃,偷吃,2,tencent_ai_lab_chinese_embedding_light_mirror_mvp,0.51294174,2943,0.5160678,0.5251466,0.50244951,被追,表白与追求,0.54210216,2675
2676,交集,交集,2,tencent_ai_lab_chinese_embedding_light_mirror_mvp,0.54250593,1799,0.51600993,0.51840639,0.51241511,亲密,亲密行为,0.58178759,2676
2677,归根结底,归根结底,4,tencent_ai_lab_chinese_embedding_light_mirror_mvp,0.49512879,3965,0.51600027,0.52923864,0.49614263,落后,社会比较与人生进度,0.52806044,2677
2678,而他,而他,2,tencent_ai_lab_chinese_embedding_light_mirror_mvp,0.53019956,2222,0.51591039,0.51984352,0.51001066,老公,表白与追求,0.56373692,2678
2679,太贱,太贱,2,tencent_ai_lab_chinese_embedding_light_mirror_mvp,0.51960492,2615,0.51588273,0.52861714,0.49678102,落后,社会比较与人生进度,0.57428503,2679
2680,好运,好运,2,tencent_ai_lab_chinese_embedding_light_mirror_mvp,0.51983286,2601,0.51584411,0.53470224,0.48755696,落后,社会比较与人生进度,0.56481004,2680
2681,姥爷,姥爷,2,tencent_ai_lab_chinese_embedding_light_mirror_mvp,0.54830234,1620,0.5157373,0.51917523,0.51058036,老婆,婚恋,0.52994192,2681
2682,我娘,我娘,2,tencent_ai_lab_chinese_embedding_light_mirror_mvp,0.53872899,1917,0.51573366,0.51820004,0.51203406,结婚,婚恋,0.59554273,2682
2683,羞于,羞于,2,tencent_ai_lab_chinese_embedding_light_mirror_mvp,0.52325624,2471,0.51571679,0.52104121,0.50773001,错过青春,社会比较与人生进度,0.60417271,2683
2684,反而,反而,2,tencent_ai_lab_chinese_embedding_light_mirror_mvp,0.49228677,4168,0.5157069,0.51995254,0.50933844,被追,表白与追求,0.55969685,2684
2685,下晚,下晚,2,tencent_ai_lab_chinese_embedding_light_mirror_mvp,0.52657638,2360,0.51569915,0.51917148,0.51049054,落后,社会比较与人生进度,0.57356846,2685
2686,付账,付账,2,tencent_ai_lab_chinese_embedding_light_mirror_mvp,0.53978004,1883,0.5156762,0.51758116,0.51281863,对象,婚恋,0.54026651,2686
2687,了吗,了吗,2,tencent_ai_lab_chinese_embedding_light_mirror_mvp,0.5137692,2892,0.51558638,0.52027655,0.50855106,被追,表白与追求,0.55462921,2687
2688,忘我,忘我,2,tencent_ai_lab_chinese_embedding_light_mirror_mvp,0.50169591,3551,0.51555675,0.5288862,0.49556252,错过青春,恋爱历史,0.55640274,2688
2689,学业,学业,2,tencent_ai_lab_chinese_embedding_light_mirror_mvp,0.53138227,2179,0.51550263,0.52242815,0.50511438,追求,社会比较与人生进度,0.55113328,2689
2690,那个,那个,2,tencent_ai_lab_chinese_embedding_light_mirror_mvp,0.51623633,2764,0.51548618,0.52530813,0.50075322,追求,表白与追求,0.57492292,2690
2691,皇后,皇后,2,tencent_ai_lab_chinese_embedding_light_mirror_mvp,0.52535167,2400,0.51543665,0.54079622,0.4773972,落后,社会比较与人生进度,0.46902812,2691
2692,和好,和好,2,tencent_ai_lab_chinese_embedding_light_mirror_mvp,0.57579069,1042,0.51537091,0.52054513,0.50760955,伴侣,表白与追求,0.55405015,2692
2693,太忙,太忙,2,tencent_ai_lab_chinese_embedding_light_mirror_mvp,0.49440099,4028,0.51536697,0.52091235,0.50704885,亲密,社会比较与人生进度,0.58661801,2693
2694,二是,二是,2,tencent_ai_lab_chinese_embedding_light_mirror_mvp,0.48934604,4372,0.51533544,0.52775699,0.49670303,对象,社会比较与人生进度,0.57112908,2694
2695,情投意合,情投意合,4,tencent_ai_lab_chinese_embedding_light_mirror_mvp,0.66197703,292,0.5153324,0.51737928,0.51226211,情侣,表白与追求,0.56582373,2695
2696,诠释,诠释,2,tencent_ai_lab_chinese_embedding_light_mirror_mvp,0.53287979,2113,0.51533145,0.51972741,0.5087375,追求,表白与追求,0.58070028,2696
2697,避嫌,避嫌,2,tencent_ai_lab_chinese_embedding_light_mirror_mvp,0.53951521,1892,0.51530743,0.51933831,0.50926107,亲密,社会比较与人生进度,0.5907557,2697
2698,老郑,老郑,2,tencent_ai_lab_chinese_embedding_light_mirror_mvp,0.53374509,2083,0.51527977,0.53192461,0.49031246,老婆,婚恋,0.48382491,2698
2699,取悦于,取悦于,3,tencent_ai_lab_chinese_embedding_light_mirror_mvp,0.4888828,4409,0.51526326,0.51842427,0.51052165,拥抱,表白与追求,0.56638622,2699
2700,此刻,此刻,2,tencent_ai_lab_chinese_embedding_light_mirror_mvp,0.50501348,3362,0.51525712,0.52715981,0.49740303,人生阶段,社会比较与人生进度,0.56616962,2700
2701,等我,等我,2,tencent_ai_lab_chinese_embedding_light_mirror_mvp,0.5182111,2676,0.5152446,0.52300686,0.50360113,追求,社会比较与人生进度,0.59961033,2701
2702,好吗,好吗,2,tencent_ai_lab_chinese_embedding_light_mirror_mvp,0.58747542,865,0.51515913,0.52647924,0.49817887,落后,社会比较与人生进度,0.53109968,2702
2703,职位,职位,2,tencent_ai_lab_chinese_embedding_light_mirror_mvp,0.50030217,3643,0.51509541,0.52419955,0.50143915,对象,社会比较与人生进度,0.5674746,2703
2704,仰慕,仰慕,2,tencent_ai_lab_chinese_embedding_light_mirror_mvp,0.48545542,4677,0.51504195,0.52000225,0.50760144,拥抱,表白与追求,0.58279485,2704
2705,女博士,女博士,3,tencent_ai_lab_chinese_embedding_light_mirror_mvp,0.5522866,1513,0.51503032,0.53576505,0.4839282,女朋友,对象关系,0.50720149,2705
2706,闲庭信步,闲庭信步,4,tencent_ai_lab_chinese_embedding_light_mirror_mvp,0.49763514,3810,0.51496398,0.55871069,0.44934389,散步,约会,0.46674341,2706
2707,画面,画面,2,tencent_ai_lab_chinese_embedding_light_mirror_mvp,0.48585325,4648,0.5149262,0.52452213,0.50053221,对象,表白与追求,0.56461143,2707
2708,父母,父母,2,tencent_ai_lab_chinese_embedding_light_mirror_mvp,0.67218623,253,0.51491767,0.51781178,0.51057655,亲密关系,社会比较与人生进度,0.58064044,2708
2709,应该,应该,2,tencent_ai_lab_chinese_embedding_light_mirror_mvp,0.50807753,3208,0.5148834,0.51769918,0.51065969,追求,社会比较与人生进度,0.59142214,2709
2710,育儿,育儿,2,tencent_ai_lab_chinese_embedding_light_mirror_mvp,0.5083607,3190,0.5148707,0.51862383,0.50924104,拥抱,社会比较与人生进度,0.55583823,2710
2711,回首,回首,2,tencent_ai_lab_chinese_embedding_light_mirror_mvp,0.5276485,2323,0.51476556,0.51779103,0.51022726,追求,表白与追求,0.5743801,2711
2712,我家,我家,2,tencent_ai_lab_chinese_embedding_light_mirror_mvp,0.55704119,1393,0.51471323,0.52532828,0.49879059,老公,婚恋,0.55556619,2712
2713,嫉妒心,嫉妒心,3,tencent_ai_lab_chinese_embedding_light_mirror_mvp,0.52617363,2375,0.51467288,0.53189653,0.48883733,暗恋,社会比较与人生进度,0.55269986,2713
2714,比你,比你,2,tencent_ai_lab_chinese_embedding_light_mirror_mvp,0.51099105,3042,0.51467144,0.52794743,0.49475744,对象,表白与追求,0.55042839,2714
2715,性格内向,性格内向,4,tencent_ai_lab_chinese_embedding_light_mirror_mvp,0.55578012,1415,0.51463288,0.51872158,0.5084998,喜欢的人,社会比较与人生进度,0.64885521,2715
2716,入赘,入赘,2,tencent_ai_lab_chinese_embedding_light_mirror_mvp,0.58922384,840,0.51460606,0.5301528,0.49128595,脱单,单身与脱单,0.53314173,2716
2717,攀比,攀比,2,tencent_ai_lab_chinese_embedding_light_mirror_mvp,0.48428982,4789,0.51452637,0.53066754,0.49031457,追求,社会比较与人生进度,0.5411976,2717
2718,应酬,应酬,2,tencent_ai_lab_chinese_embedding_light_mirror_mvp,0.50618892,3310,0.51450109,0.51844764,0.50858122,约会,约会,0.56123424,2718
2719,抑郁,抑郁,2,tencent_ai_lab_chinese_embedding_light_mirror_mvp,0.52016277,2587,0.51449227,0.51825798,0.50884372,伴侣,社会比较与人生进度,0.59523249,2719
2720,秀禾服,秀禾服,3,tencent_ai_lab_chinese_embedding_light_mirror_mvp,0.53234764,2139,0.51447827,0.56467921,0.43917689,校服,社会比较与人生进度,0.38381907,2720
2721,亮相,亮相,2,tencent_ai_lab_chinese_embedding_light_mirror_mvp,0.48458025,4760,0.51447493,0.52175242,0.5035587,婚礼,表白与追求,0.59647429,2721
2722,自卑感,自卑感,3,tencent_ai_lab_chinese_embedding_light_mirror_mvp,0.54662035,1675,0.51446354,0.52161473,0.50373679,落后,社会比较与人生进度,0.65034139,2722
2723,不来往,不来往,3,tencent_ai_lab_chinese_embedding_light_mirror_mvp,0.51965266,2610,0.51441413,0.51950556,0.50677699,没有对象,社会比较与人生进度,0.56938314,2723
2724,回到家,回到家,3,tencent_ai_lab_chinese_embedding_light_mirror_mvp,0.61640937,556,0.51438862,0.52131361,0.50400108,散步,约会,0.56695902,2724
2725,展现出,展现出,3,tencent_ai_lab_chinese_embedding_light_mirror_mvp,0.49494929,3983,0.51438773,0.51638782,0.51138753,对象,表白与追求,0.60926253,2725
2726,家去,家去,2,tencent_ai_lab_chinese_embedding_light_mirror_mvp,0.49443785,4025,0.51432467,0.51800847,0.50879902,约会,约会,0.59476691,2726
2727,因为她,因为她,3,tencent_ai_lab_chinese_embedding_light_mirror_mvp,0.61482437,567,0.51429862,0.51738811,0.50966436,女朋友,社会比较与人生进度,0.53283185,2727
2728,说别,说别,2,tencent_ai_lab_chinese_embedding_light_mirror_mvp,0.5554009,1424,0.51425409,0.52734303,0.49462056,别人都有对象,社会比较与人生进度,0.55654305,2728
2729,我爸爸,我爸爸,3,tencent_ai_lab_chinese_embedding_light_mirror_mvp,0.61950631,539,0.51425153,0.5206778,0.50461209,老公,婚恋,0.52680826,2729
2730,要生,要生,2,tencent_ai_lab_chinese_embedding_light_mirror_mvp,0.56112933,1300,0.51422495,0.52088332,0.50423735,求婚,婚恋,0.51950514,2730
2731,终将,终将,2,tencent_ai_lab_chinese_embedding_light_mirror_mvp,0.51240296,2972,0.51413202,0.52429223,0.49889168,落后,表白与追求,0.55941463,2731
2732,碰头,碰头,2,tencent_ai_lab_chinese_embedding_light_mirror_mvp,0.52244277,2497,0.51411438,0.52264273,0.50132179,接吻,亲密行为,0.54639506,2732
2733,逝去,逝去,2,tencent_ai_lab_chinese_embedding_light_mirror_mvp,0.57497443,1053,0.51411194,0.51705515,0.50969702,落后,社会比较与人生进度,0.55778313,2733
2734,太渣,太渣,2,tencent_ai_lab_chinese_embedding_light_mirror_mvp,0.48509017,4712,0.51410007,0.52855301,0.49242055,落后,社会比较与人生进度,0.53623486,2734
2735,不一定,不一定,3,tencent_ai_lab_chinese_embedding_light_mirror_mvp,0.48690906,4561,0.51406664,0.52139938,0.50306755,没有对象,社会比较与人生进度,0.54865462,2735
2736,互敬,互敬,2,tencent_ai_lab_chinese_embedding_light_mirror_mvp,0.48452227,4766,0.51398724,0.51679552,0.50977486,拥抱,亲密行为,0.58624566,2736
2737,爷爷奶奶,爷爷奶奶,4,tencent_ai_lab_chinese_embedding_light_mirror_mvp,0.58561875,890,0.51398265,0.52087486,0.50364441,老公,婚恋,0.51885086,2737
2738,回首往事,回首往事,4,tencent_ai_lab_chinese_embedding_light_mirror_mvp,0.55268219,1503,0.51391137,0.51937932,0.50570947,错过青春,社会比较与人生进度,0.58313048,2738
2739,病痛,病痛,2,tencent_ai_lab_chinese_embedding_light_mirror_mvp,0.48797457,4477,0.5138644,0.53181511,0.48693833,感情史,社会比较与人生进度,0.54041994,2739
2740,如果说,如果说,3,tencent_ai_lab_chinese_embedding_light_mirror_mvp,0.5379949,1945,0.51385665,0.52774584,0.49302283,对象,社会比较与人生进度,0.54966962,2740
2741,事过境迁,事过境迁,4,tencent_ai_lab_chinese_embedding_light_mirror_mvp,0.51704003,2729,0.51380426,0.51617789,0.51024371,感情史,社会比较与人生进度,0.60421509,2741
2742,人格解体,人格解体,4,tencent_ai_lab_chinese_embedding_light_mirror_mvp,0.48581229,4652,0.51379758,0.53204417,0.48642763,人生阶段,社会比较与人生进度,0.53993177,2742
2743,缺乏自信,缺乏自信,4,tencent_ai_lab_chinese_embedding_light_mirror_mvp,0.50740892,3236,0.51378208,0.51648295,0.50973076,没有对象,社会比较与人生进度,0.60466874,2743
2744,那年,那年,2,tencent_ai_lab_chinese_embedding_light_mirror_mvp,0.48306627,4877,0.51374602,0.52060723,0.50345427,青春,社会比较与人生进度,0.58155739,2744
2745,老班,老班,2,tencent_ai_lab_chinese_embedding_light_mirror_mvp,0.65172461,350,0.51373535,0.5180701,0.50723326,同桌,社会比较与人生进度,0.55400246,2745
2746,强调,强调,2,tencent_ai_lab_chinese_embedding_light_mirror_mvp,0.55261358,1505,0.51372141,0.51896363,0.505858,亲密,表白与追求,0.55772108,2746
2747,那么,那么,2,tencent_ai_lab_chinese_embedding_light_mirror_mvp,0.53652527,1992,0.51366162,0.53235298,0.48562455,追求,表白与追求,0.54690683,2747
2748,懂事,懂事,2,tencent_ai_lab_chinese_embedding_light_mirror_mvp,0.57017064,1126,0.51363486,0.51876014,0.50594682,告白,社会比较与人生进度,0.6153146,2748
2749,片场,片场,2,tencent_ai_lab_chinese_embedding_light_mirror_mvp,0.51340169,2917,0.51362169,0.52704269,0.49349013,看电影,约会,0.55547726,2749
2750,倡导,倡导,2,tencent_ai_lab_chinese_embedding_light_mirror_mvp,0.49463843,4009,0.51358509,0.52370632,0.49840331,追求,表白与追求,0.55083132,2750
2751,纯洁,纯洁,2,tencent_ai_lab_chinese_embedding_light_mirror_mvp,0.53079673,2203,0.51350993,0.53586197,0.47998187,亲密,亲密行为,0.53440046,2751
2752,性幻想,性幻想,3,tencent_ai_lab_chinese_embedding_light_mirror_mvp,0.60534116,662,0.51347446,0.53197086,0.48572993,感情史,恋爱历史,0.51199085,2752
2753,与富,与富,2,tencent_ai_lab_chinese_embedding_light_mirror_mvp,0.49433622,4032,0.51340944,0.52096081,0.50208229,被追,表白与追求,0.55093598,2753
2754,责任感,责任感,3,tencent_ai_lab_chinese_embedding_light_mirror_mvp,0.5137733,2891,0.51339394,0.51892042,0.50510424,前任,社会比较与人生进度,0.52177155,2754
2755,来场,来场,2,tencent_ai_lab_chinese_embedding_light_mirror_mvp,0.50263351,3498,0.51336849,0.52480167,0.49621868,约会,约会,0.56935143,2755
2756,久别重逢,久别重逢,4,tencent_ai_lab_chinese_embedding_light_mirror_mvp,0.60015472,706,0.51321328,0.52165484,0.50055081,错过青春,社会比较与人生进度,0.58565497,2756
2757,春装,春装,2,tencent_ai_lab_chinese_embedding_light_mirror_mvp,0.49548804,3949,0.51314545,0.52460349,0.49595824,校服,社会比较与人生进度,0.46213496,2757
2758,内心,内心,2,tencent_ai_lab_chinese_embedding_light_mirror_mvp,0.58003784,976,0.51312101,0.5161469,0.50858217,追求,社会比较与人生进度,0.59220397,2758
2759,昂扬,昂扬,2,tencent_ai_lab_chinese_embedding_light_mirror_mvp,0.49144765,4224,0.51310182,0.53943735,0.47359851,落后,表白与追求,0.49608743,2759
2760,社会地位,社会地位,4,tencent_ai_lab_chinese_embedding_light_mirror_mvp,0.5005491,3622,0.5130949,0.52788055,0.49091637,人生阶段,社会比较与人生进度,0.58847207,2760
2761,你俩,你俩,2,tencent_ai_lab_chinese_embedding_light_mirror_mvp,0.57704898,1027,0.51297808,0.51647162,0.5077377,情侣,对象关系,0.57708275,2761
2762,似乎,似乎,2,tencent_ai_lab_chinese_embedding_light_mirror_mvp,0.49419013,4039,0.51290798,0.51827538,0.50485677,亲密,社会比较与人生进度,0.56853437,2762
2763,女娃,女娃,2,tencent_ai_lab_chinese_embedding_light_mirror_mvp,0.49887779,3722,0.51290751,0.52985948,0.48747954,女朋友,对象关系,0.4941169,2763
2764,理解,理解,2,tencent_ai_lab_chinese_embedding_light_mirror_mvp,0.53115356,2188,0.51289487,0.51583171,0.50848967,追求,表白与追求,0.56537604,2764
2765,魅力,魅力,2,tencent_ai_lab_chinese_embedding_light_mirror_mvp,0.49639972,3884,0.5128445,0.51640821,0.50749892,亲密,表白与追求,0.57151234,2765
2766,女强人,女强人,3,tencent_ai_lab_chinese_embedding_light_mirror_mvp,0.56644572,1198,0.51280403,0.52060175,0.50110739,女朋友,社会比较与人生进度,0.51706326,2766
2767,晨练,晨练,2,tencent_ai_lab_chinese_embedding_light_mirror_mvp,0.63157891,455,0.51278454,0.52852392,0.48917541,散步,约会,0.52221823,2767
2768,酒店,酒店,2,tencent_ai_lab_chinese_embedding_light_mirror_mvp,0.49350439,4087,0.51276839,0.51714236,0.50620741,婚礼,约会,0.54236817,2768
2769,身为,身为,2,tencent_ai_lab_chinese_embedding_light_mirror_mvp,0.49268039,4143,0.51274008,0.51995945,0.50191098,单身,社会比较与人生进度,0.56915104,2769
2770,回母校,回母校,3,tencent_ai_lab_chinese_embedding_light_mirror_mvp,0.48473629,4744,0.51267487,0.52153534,0.49938405,校服,校园恋爱,0.52624077,2770
2771,我妈妈,我妈妈,3,tencent_ai_lab_chinese_embedding_light_mirror_mvp,0.66321386,287,0.51267457,0.5291689,0.48793301,母胎单身,社会比较与人生进度,0.5198735,2771
2772,无悔,无悔,2,tencent_ai_lab_chinese_embedding_light_mirror_mvp,0.6091603,617,0.51256067,0.51936626,0.5023523,错过青春,社会比较与人生进度,0.58620059,2772
2773,自个儿,自个儿,3,tencent_ai_lab_chinese_embedding_light_mirror_mvp,0.49007792,4315,0.51255572,0.51598918,0.50740546,单身,社会比较与人生进度,0.588673,2773
2774,相守,相守,2,tencent_ai_lab_chinese_embedding_light_mirror_mvp,0.60999382,602,0.5124439,0.51729518,0.50516701,牵手,亲密行为,0.56151509,2774
2775,无非,无非,2,tencent_ai_lab_chinese_embedding_light_mirror_mvp,0.48726065,4532,0.51243204,0.5237143,0.49550855,落后,社会比较与人生进度,0.54994297,2775
2776,撩汉,撩汉,2,tencent_ai_lab_chinese_embedding_light_mirror_mvp,0.61266072,581,0.51241243,0.51524556,0.50816268,牵手,表白与追求,0.58586699,2776
2777,本身,本身,2,tencent_ai_lab_chinese_embedding_light_mirror_mvp,0.54426584,1736,0.5123812,0.52477503,0.49379039,单身,社会比较与人生进度,0.5401718,2777
2778,是不是,是不是,3,tencent_ai_lab_chinese_embedding_light_mirror_mvp,0.52790568,2317,0.51226372,0.52531523,0.49268642,没有对象,社会比较与人生进度,0.55333924,2778
2779,她说,她说,2,tencent_ai_lab_chinese_embedding_light_mirror_mvp,0.68788543,213,0.51225722,0.52185804,0.4978559,女朋友,表白与追求,0.54813099,2779
2780,主观,主观,2,tencent_ai_lab_chinese_embedding_light_mirror_mvp,0.48598666,4634,0.51218438,0.5180977,0.50331432,追求,社会比较与人生进度,0.57665825,2780
2781,穿上,穿上,2,tencent_ai_lab_chinese_embedding_light_mirror_mvp,0.56017835,1323,0.51212645,0.53082669,0.48407614,校服,社会比较与人生进度,0.52925032,2781
2782,反目,反目,2,tencent_ai_lab_chinese_embedding_light_mirror_mvp,0.53258283,2122,0.51210654,0.52851355,0.4874959,被追,表白与追求,0.53455681,2782
2783,打骂,打骂,2,tencent_ai_lab_chinese_embedding_light_mirror_mvp,0.51741252,2712,0.51207119,0.53246415,0.48148167,被追,社会比较与人生进度,0.5590865,2783
2784,峥嵘岁月,峥嵘岁月,4,tencent_ai_lab_chinese_embedding_light_mirror_mvp,0.49795442,3782,0.5120402,0.5227654,0.4959524,青春,社会比较与人生进度,0.56777573,2784
2785,持久,持久,2,tencent_ai_lab_chinese_embedding_light_mirror_mvp,0.49030133,4304,0.51203907,0.5229789,0.49562934,落后,亲密行为,0.51373798,2785
2786,在读,在读,2,tencent_ai_lab_chinese_embedding_light_mirror_mvp,0.48193545,4960,0.51202112,0.51611924,0.50587398,被追,社会比较与人生进度,0.59714782,2786
2787,于是,于是,2,tencent_ai_lab_chinese_embedding_light_mirror_mvp,0.50572619,3333,0.51201969,0.51428747,0.50861794,被追,社会比较与人生进度,0.56468111,2787
2788,网络红人,网络红人,4,tencent_ai_lab_chinese_embedding_light_mirror_mvp,0.51946189,2629,0.51197493,0.51781178,0.5032196,同龄人,社会比较与人生进度,0.55150425,2788
2789,非要,非要,2,tencent_ai_lab_chinese_embedding_light_mirror_mvp,0.49278461,4133,0.5119729,0.5232712,0.49502543,被追,表白与追求,0.5350154,2789
2790,否定,否定,2,tencent_ai_lab_chinese_embedding_light_mirror_mvp,0.49300107,4119,0.51196778,0.51659763,0.50502294,落后,社会比较与人生进度,0.57648337,2790
2791,想起,想起,2,tencent_ai_lab_chinese_embedding_light_mirror_mvp,0.51276667,2955,0.51196462,0.51295507,0.51047885,对象,社会比较与人生进度,0.61388552,2791
2792,喝茶,喝茶,2,tencent_ai_lab_chinese_embedding_light_mirror_mvp,0.53241421,2136,0.51194608,0.52960646,0.48545554,约饭,约会,0.57743096,2792
2793,拮据,拮据,2,tencent_ai_lab_chinese_embedding_light_mirror_mvp,0.52351506,2459,0.51186013,0.51696873,0.50419718,脱单,社会比较与人生进度,0.56962842,2793
2794,长不大,长不大,3,tencent_ai_lab_chinese_embedding_light_mirror_mvp,0.51152534,3014,0.51183599,0.52651447,0.48981825,没有对象,社会比较与人生进度,0.58845085,2794
2795,娇羞,娇羞,2,tencent_ai_lab_chinese_embedding_light_mirror_mvp,0.52667027,2358,0.51180613,0.51347303,0.50930578,接吻,亲密行为,0.57062781,2795
2796,话说,话说,2,tencent_ai_lab_chinese_embedding_light_mirror_mvp,0.531294,2186,0.51170301,0.51678127,0.50408548,对象,社会比较与人生进度,0.57529545,2796
2797,在你,在你,2,tencent_ai_lab_chinese_embedding_light_mirror_mvp,0.53418941,2067,0.51162964,0.51386553,0.50827575,对象,表白与追求,0.58189654,2797
2798,家庭事务,家庭事务,4,tencent_ai_lab_chinese_embedding_light_mirror_mvp,0.56856091,1151,0.51160538,0.51509303,0.50637394,伴侣,婚恋,0.57925898,2798
2799,狠心,狠心,2,tencent_ai_lab_chinese_embedding_light_mirror_mvp,0.48762336,4506,0.51159453,0.52078807,0.49780425,暗恋,表白与追求,0.58510196,2799
2800,性健康,性健康,3,tencent_ai_lab_chinese_embedding_light_mirror_mvp,0.49941359,3690,0.51157314,0.521119,0.49725422,伴侣,对象关系,0.53487438,2800
2801,从小,从小,2,tencent_ai_lab_chinese_embedding_light_mirror_mvp,0.54423648,1739,0.51154143,0.51407814,0.50773638,同龄人,社会比较与人生进度,0.62384617,2801
2802,心软,心软,2,tencent_ai_lab_chinese_embedding_light_mirror_mvp,0.49855928,3738,0.51150697,0.51646245,0.50407368,亲密,亲密行为,0.56479454,2802
2803,拜金,拜金,2,tencent_ai_lab_chinese_embedding_light_mirror_mvp,0.52068603,2565,0.5114758,0.52044392,0.49802354,约会,约会,0.55687237,2803
2804,难道,难道,2,tencent_ai_lab_chinese_embedding_light_mirror_mvp,0.509403,3140,0.51142168,0.52198088,0.49558273,亲密,表白与追求,0.55581915,2804
2805,真正,真正,2,tencent_ai_lab_chinese_embedding_light_mirror_mvp,0.54116195,1840,0.51139033,0.52661949,0.48854664,亲密,社会比较与人生进度,0.52703547,2805
2806,品位,品位,2,tencent_ai_lab_chinese_embedding_light_mirror_mvp,0.48753463,4513,0.51137364,0.51313502,0.50873154,追求,社会比较与人生进度,0.56846374,2806
2807,加班,加班,2,tencent_ai_lab_chinese_embedding_light_mirror_mvp,0.49041771,4293,0.51136589,0.52238172,0.49484214,约会,约会,0.55428421,2807
2808,叫她,叫她,2,tencent_ai_lab_chinese_embedding_light_mirror_mvp,0.5314665,2177,0.51133549,0.51368886,0.50780535,女朋友,婚恋,0.54621625,2808
2809,漂亮,漂亮,2,tencent_ai_lab_chinese_embedding_light_mirror_mvp,0.49084753,4266,0.5113222,0.51415694,0.50707,喜欢的人,表白与追求,0.59851664,2809
2810,一顿,一顿,2,tencent_ai_lab_chinese_embedding_light_mirror_mvp,0.50681425,3276,0.51129127,0.52554083,0.48991692,约饭,约会,0.55570918,2810
2811,偷偷地,偷偷地,3,tencent_ai_lab_chinese_embedding_light_mirror_mvp,0.4865705,4588,0.51128411,0.51922685,0.49937001,被追,表白与追求,0.54780126,2811
2812,坐牢,坐牢,2,tencent_ai_lab_chinese_embedding_light_mirror_mvp,0.49765333,3808,0.51127565,0.52016145,0.49794689,被追,亲密行为,0.51955914,2812
2813,又说,又说,2,tencent_ai_lab_chinese_embedding_light_mirror_mvp,0.51264557,2961,0.5112409,0.51298916,0.50861853,对象,社会比较与人生进度,0.58289099,2813
2814,深信,深信,2,tencent_ai_lab_chinese_embedding_light_mirror_mvp,0.4863929,4606,0.51121598,0.52502477,0.4905028,亲密,表白与追求,0.54494095,2814
2815,生日快乐,生日快乐,4,tencent_ai_lab_chinese_embedding_light_mirror_mvp,0.52650827,2364,0.51112759,0.51616645,0.5035693,婚礼,社会比较与人生进度,0.54624903,2815
2816,精神境界,精神境界,4,tencent_ai_lab_chinese_embedding_light_mirror_mvp,0.59127818,815,0.51110137,0.52384579,0.49198464,人生阶段,社会比较与人生进度,0.57367653,2816
2817,风波不断,风波不断,4,tencent_ai_lab_chinese_embedding_light_mirror_mvp,0.48980032,4339,0.51108259,0.52334547,0.49268827,被追,社会比较与人生进度,0.56067717,2817
2818,梳着,梳着,2,tencent_ai_lab_chinese_embedding_light_mirror_mvp,0.48269016,4911,0.51100588,0.5221926,0.49422574,拥抱,亲密行为,0.54458523,2818
2819,那一刻,那一刻,3,tencent_ai_lab_chinese_embedding_light_mirror_mvp,0.49457967,4015,0.51095146,0.52628952,0.48794428,人生阶段,社会比较与人生进度,0.55828249,2819
2820,取悦,取悦,2,tencent_ai_lab_chinese_embedding_light_mirror_mvp,0.54834045,1618,0.51082587,0.52235317,0.49353495,拥抱,表白与追求,0.5348984,2820
2821,来说,来说,2,tencent_ai_lab_chinese_embedding_light_mirror_mvp,0.50771474,3223,0.51081479,0.51871431,0.49896547,对象,社会比较与人生进度,0.5897963,2821
2822,抚摸,抚摸,2,tencent_ai_lab_chinese_embedding_light_mirror_mvp,0.53233372,2140,0.51078141,0.51870275,0.49889943,拥抱,亲密行为,0.56970537,2822
2823,妈咪,妈咪,2,tencent_ai_lab_chinese_embedding_light_mirror_mvp,0.60196962,692,0.51077741,0.52304637,0.49237391,母胎单身,亲密行为,0.50738984,2823
2824,你生,你生,2,tencent_ai_lab_chinese_embedding_light_mirror_mvp,0.54384764,1752,0.51072872,0.52817035,0.48456621,人生阶段,社会比较与人生进度,0.56338966,2824
2825,他开,他开,2,tencent_ai_lab_chinese_embedding_light_mirror_mvp,0.49108055,4249,0.5107227,0.525033,0.48925722,老公,婚恋,0.51930082,2825
2826,泡妞,泡妞,2,tencent_ai_lab_chinese_embedding_light_mirror_mvp,0.55715026,1392,0.51071846,0.51655406,0.50196499,女朋友,对象关系,0.54838383,2826
2827,沉醉于,沉醉于,3,tencent_ai_lab_chinese_embedding_light_mirror_mvp,0.50103436,3588,0.51068252,0.52096415,0.49526009,落后,表白与追求,0.5923382,2827
2828,在家,在家,2,tencent_ai_lab_chinese_embedding_light_mirror_mvp,0.62635771,487,0.51063192,0.51243329,0.5079298,老公,婚恋,0.56792533,2828
2829,甜得,甜得,2,tencent_ai_lab_chinese_embedding_light_mirror_mvp,0.51998674,2596,0.51061845,0.51760203,0.50014299,接吻,亲密行为,0.56333506,2829
2830,童年时,童年时,3,tencent_ai_lab_chinese_embedding_light_mirror_mvp,0.51727391,2716,0.51061761,0.52250737,0.49278298,青春,社会比较与人生进度,0.56374961,2830
2831,大姑娘,大姑娘,3,tencent_ai_lab_chinese_embedding_light_mirror_mvp,0.48387401,4818,0.51055443,0.52151847,0.49410829,大学恋爱,婚恋,0.53155017,2831
2832,总有,总有,2,tencent_ai_lab_chinese_embedding_light_mirror_mvp,0.49223325,4172,0.51055324,0.51801258,0.49936423,别人都有对象,社会比较与人生进度,0.5541876,2832
2833,事业,事业,2,tencent_ai_lab_chinese_embedding_light_mirror_mvp,0.57907628,996,0.51051247,0.51269186,0.50724328,伴侣,社会比较与人生进度,0.54968178,2833
2834,心理活动,心理活动,4,tencent_ai_lab_chinese_embedding_light_mirror_mvp,0.50961591,3122,0.51046455,0.51161575,0.50873762,亲密关系,社会比较与人生进度,0.58134222,2834
2835,舍不得,舍不得,3,tencent_ai_lab_chinese_embedding_light_mirror_mvp,0.51841002,2668,0.51044738,0.51344001,0.5059585,落后,社会比较与人生进度,0.5962503,2835
2836,挣得,挣得,2,tencent_ai_lab_chinese_embedding_light_mirror_mvp,0.5023473,3513,0.51041877,0.51534164,0.50303447,追求,社会比较与人生进度,0.58023059,2836
2837,甜美,甜美,2,tencent_ai_lab_chinese_embedding_light_mirror_mvp,0.52245842,2495,0.5104121,0.5124923,0.50729185,亲密,亲密行为,0.55527914,2837
2838,理性,理性,2,tencent_ai_lab_chinese_embedding_light_mirror_mvp,0.51851964,2663,0.5103358,0.52056062,0.49499857,亲密,社会比较与人生进度,0.54669988,2838
2839,性福,性福,2,tencent_ai_lab_chinese_embedding_light_mirror_mvp,0.53585664,2007,0.51031083,0.52538168,0.48770452,伴侣,婚恋,0.54515195,2839
2840,在乎,在乎,2,tencent_ai_lab_chinese_embedding_light_mirror_mvp,0.56874065,1148,0.5102663,0.51680195,0.50046277,追求,社会比较与人生进度,0.5781548,2840
2841,苦痛,苦痛,2,tencent_ai_lab_chinese_embedding_light_mirror_mvp,0.52416655,2441,0.51025212,0.51255178,0.50680256,恋爱经历,社会比较与人生进度,0.57882255,2841
2842,互惠,互惠,2,tencent_ai_lab_chinese_embedding_light_mirror_mvp,0.50802641,3213,0.51023674,0.51345062,0.50541592,伴侣,亲密行为,0.55978286,2842
2843,生儿,生儿,2,tencent_ai_lab_chinese_embedding_light_mirror_mvp,0.50669532,3284,0.5101822,0.51602107,0.5014239,老公,婚恋,0.55255854,2843
2844,养女,养女,2,tencent_ai_lab_chinese_embedding_light_mirror_mvp,0.59783447,740,0.51016194,0.51523185,0.50255698,母胎单身,婚恋,0.54315996,2844
2845,年华,年华,2,tencent_ai_lab_chinese_embedding_light_mirror_mvp,0.73566612,114,0.5101546,0.52890521,0.4820286,青春,社会比较与人生进度,0.58122861,2845
2846,女儿,女儿,2,tencent_ai_lab_chinese_embedding_light_mirror_mvp,0.81321347,51,0.51013833,0.52331263,0.49037686,女朋友,婚恋,0.50963706,2846
2847,率先,率先,2,tencent_ai_lab_chinese_embedding_light_mirror_mvp,0.48504448,4718,0.51013631,0.51756674,0.49899065,前男友,社会比较与人生进度,0.56954402,2847
2848,自由,自由,2,tencent_ai_lab_chinese_embedding_light_mirror_mvp,0.59565855,767,0.51009703,0.51959711,0.49584684,单身,社会比较与人生进度,0.53982955,2848
2849,谈妥,谈妥,2,tencent_ai_lab_chinese_embedding_light_mirror_mvp,0.49168446,4209,0.51007438,0.51035023,0.50966054,约会,约会,0.5784384,2849
2850,无拘无束,无拘无束,4,tencent_ai_lab_chinese_embedding_light_mirror_mvp,0.4905736,4287,0.5100711,0.51408076,0.50405663,牵手,亲密行为,0.5510366,2850
2851,真可怜,真可怜,3,tencent_ai_lab_chinese_embedding_light_mirror_mvp,0.49441569,4026,0.51002455,0.52357507,0.48969874,亲密,社会比较与人生进度,0.55077136,2851
2852,气愤,气愤,2,tencent_ai_lab_chinese_embedding_light_mirror_mvp,0.49627746,3892,0.50993997,0.52931613,0.48087564,落后,社会比较与人生进度,0.57336736,2852
2853,退学,退学,2,tencent_ai_lab_chinese_embedding_light_mirror_mvp,0.55454375,1449,0.50989318,0.51656991,0.49987802,脱单,社会比较与人生进度,0.54798806,2853
2854,曝出,曝出,2,tencent_ai_lab_chinese_embedding_light_mirror_mvp,0.55638373,1407,0.50989109,0.5241732,0.4884679,被追,社会比较与人生进度,0.54431611,2854
2855,调侃,调侃,2,tencent_ai_lab_chinese_embedding_light_mirror_mvp,0.49649857,3878,0.5098722,0.52508831,0.487048,对象,社会比较与人生进度,0.58272928,2855
2856,父女,父女,2,tencent_ai_lab_chinese_embedding_light_mirror_mvp,0.58198825,942,0.50984967,0.51357365,0.50426358,妻子,婚恋,0.55988276,2856
2857,倾心,倾心,2,tencent_ai_lab_chinese_embedding_light_mirror_mvp,0.57775424,1016,0.5098353,0.51260775,0.50567657,拥抱,表白与追求,0.57115316,2857
2858,那天,那天,2,tencent_ai_lab_chinese_embedding_light_mirror_mvp,0.52960541,2249,0.5098083,0.51482642,0.50228113,前任,社会比较与人生进度,0.58135819,2858
2859,锻炼身体,锻炼身体,4,tencent_ai_lab_chinese_embedding_light_mirror_mvp,0.60830604,625,0.5097664,0.52821654,0.4820911,散步,社会比较与人生进度,0.50185072,2859
2860,固然,固然,2,tencent_ai_lab_chinese_embedding_light_mirror_mvp,0.49551945,3945,0.50975835,0.52689254,0.48405698,落后,社会比较与人生进度,0.49669552,2860
2861,得知,得知,2,tencent_ai_lab_chinese_embedding_light_mirror_mvp,0.53657941,1990,0.50974166,0.51412505,0.5031665,求婚,社会比较与人生进度,0.59268081,2861
2862,固有,固有,2,tencent_ai_lab_chinese_embedding_light_mirror_mvp,0.49340857,4094,0.50973302,0.51632738,0.49984145,拥抱,社会比较与人生进度,0.52868831,2862
2863,责任心,责任心,3,tencent_ai_lab_chinese_embedding_light_mirror_mvp,0.5142663,2864,0.50971961,0.51941282,0.4951798,前任,亲密行为,0.51480293,2863
2864,还给,还给,2,tencent_ai_lab_chinese_embedding_light_mirror_mvp,0.50080153,3607,0.50971186,0.5249126,0.48691067,被追,表白与追求,0.53018355,2864
2865,内衣,内衣,2,tencent_ai_lab_chinese_embedding_light_mirror_mvp,0.51162975,3005,0.50968951,0.54398179,0.45825112,校服,婚恋,0.46512511,2865
2866,个性,个性,2,tencent_ai_lab_chinese_embedding_light_mirror_mvp,0.53251834,2128,0.50955659,0.51065713,0.50790578,亲密,社会比较与人生进度,0.60767895,2866
2867,认为,认为,2,tencent_ai_lab_chinese_embedding_light_mirror_mvp,0.51449349,2851,0.50951791,0.51271856,0.50471687,对象,社会比较与人生进度,0.57756746,2867
2868,场景,场景,2,tencent_ai_lab_chinese_embedding_light_mirror_mvp,0.48397489,4808,0.50946736,0.51108342,0.50704318,人生阶段,社会比较与人生进度,0.58760601,2868
2869,在于,在于,2,tencent_ai_lab_chinese_embedding_light_mirror_mvp,0.49468712,4006,0.50946623,0.51819468,0.49637356,对象,社会比较与人生进度,0.56405157,2869
2870,公共场合,公共场合,4,tencent_ai_lab_chinese_embedding_light_mirror_mvp,0.54662999,1674,0.50943696,0.51504177,0.50102967,约会对象,约会,0.55656445,2870
2871,爹妈,爹妈,2,tencent_ai_lab_chinese_embedding_light_mirror_mvp,0.65170966,351,0.50938201,0.51286876,0.50415194,老公,婚恋,0.58179486,2871
2872,输给,输给,2,tencent_ai_lab_chinese_embedding_light_mirror_mvp,0.50973898,3115,0.50929916,0.52272367,0.48916242,被追,表白与追求,0.55499452,2872
2873,永远,永远,2,tencent_ai_lab_chinese_embedding_light_mirror_mvp,0.5757127,1043,0.50929826,0.52454722,0.4864248,亲密,表白与追求,0.53835332,2873
2874,待在家里,待在家里,4,tencent_ai_lab_chinese_embedding_light_mirror_mvp,0.50805786,3209,0.50927019,0.51357937,0.50280631,拥抱,社会比较与人生进度,0.58148277,2874
2875,患得患失,患得患失,4,tencent_ai_lab_chinese_embedding_light_mirror_mvp,0.58167131,946,0.50923198,0.52176976,0.49042526,落后,社会比较与人生进度,0.60772669,2875
2876,这一点,这一点,3,tencent_ai_lab_chinese_embedding_light_mirror_mvp,0.49689912,3844,0.5091908,0.51050007,0.50722682,人生阶段,社会比较与人生进度,0.59373224,2876
2877,孩妈,孩妈,2,tencent_ai_lab_chinese_embedding_light_mirror_mvp,0.48710148,4546,0.50919032,0.51310617,0.50331658,母胎单身,婚恋,0.52885592,2877
2878,春梦,春梦,2,tencent_ai_lab_chinese_embedding_light_mirror_mvp,0.48901942,4395,0.50918007,0.51523817,0.5000928,青春,社会比较与人生进度,0.47355056,2878
2879,她却,她却,2,tencent_ai_lab_chinese_embedding_light_mirror_mvp,0.59884162,723,0.50917518,0.51758099,0.49656639,妻子,表白与追求,0.53654873,2879
2880,学识,学识,2,tencent_ai_lab_chinese_embedding_light_mirror_mvp,0.50164074,3557,0.50903714,0.51244658,0.50392294,追求,社会比较与人生进度,0.58406967,2880
2881,私通,私通,2,tencent_ai_lab_chinese_embedding_light_mirror_mvp,0.48600705,4632,0.50902414,0.51627243,0.49815178,亲密,亲密行为,0.53341639,2881
2882,听说,听说,2,tencent_ai_lab_chinese_embedding_light_mirror_mvp,0.51799676,2686,0.50898397,0.51707649,0.49684522,追求,表白与追求,0.57806355,2882
2883,心死,心死,2,tencent_ai_lab_chinese_embedding_light_mirror_mvp,0.51590593,2777,0.5089764,0.51707137,0.49683392,感情史,表白与追求,0.56850529,2883
2884,迁就,迁就,2,tencent_ai_lab_chinese_embedding_light_mirror_mvp,0.5253163,2401,0.50890303,0.51347178,0.50204992,追求,社会比较与人生进度,0.54577518,2884
2885,性教育,性教育,3,tencent_ai_lab_chinese_embedding_light_mirror_mvp,0.61519651,565,0.50888294,0.51488829,0.49987486,感情史,校园恋爱,0.54310572,2885
2886,很帅,很帅,2,tencent_ai_lab_chinese_embedding_light_mirror_mvp,0.5449355,1718,0.50887245,0.51515633,0.49944666,喜欢的人,社会比较与人生进度,0.57822776,2886
2887,感天动地,感天动地,4,tencent_ai_lab_chinese_embedding_light_mirror_mvp,0.49256463,4152,0.50861788,0.53063834,0.47558722,感情史,亲密行为,0.50094992,2887
2888,自认,自认,2,tencent_ai_lab_chinese_embedding_light_mirror_mvp,0.4876228,4507,0.50854635,0.52289486,0.4870235,被追,社会比较与人生进度,0.60198987,2888
2889,物是人非,物是人非,4,tencent_ai_lab_chinese_embedding_light_mirror_mvp,0.51164786,3004,0.5084973,0.51525891,0.49835482,落后,社会比较与人生进度,0.55299115,2889
2890,猜疑,猜疑,2,tencent_ai_lab_chinese_embedding_light_mirror_mvp,0.54047775,1858,0.50847495,0.51176864,0.50353438,被追,表白与追求,0.5588479,2890
2891,扒出,扒出,2,tencent_ai_lab_chinese_embedding_light_mirror_mvp,0.58057976,966,0.50845873,0.52386653,0.48534703,被追,表白与追求,0.52020323,2891
2892,贪图安逸,贪图安逸,4,tencent_ai_lab_chinese_embedding_light_mirror_mvp,0.49928101,3699,0.50842535,0.51953673,0.49175835,追求,表白与追求,0.54343319,2892
2893,外遇,外遇,2,tencent_ai_lab_chinese_embedding_light_mirror_mvp,0.63693476,425,0.50838667,0.51784408,0.49420047,别人都有对象,社会比较与人生进度,0.56341457,2893
2894,无原则,无原则,3,tencent_ai_lab_chinese_embedding_light_mirror_mvp,0.48266967,4915,0.50835931,0.53790981,0.46403351,没有对象,社会比较与人生进度,0.52532858,2894
2895,孝顺,孝顺,2,tencent_ai_lab_chinese_embedding_light_mirror_mvp,0.60676897,643,0.50835705,0.51934344,0.49187741,老公,婚恋,0.54348528,2895
2896,打工,打工,2,tencent_ai_lab_chinese_embedding_light_mirror_mvp,0.55561973,1420,0.50832695,0.5153107,0.49785128,结婚,社会比较与人生进度,0.57440782,2896
2897,尽管,尽管,2,tencent_ai_lab_chinese_embedding_light_mirror_mvp,0.48664026,4585,0.50831759,0.51515895,0.49805546,落后,社会比较与人生进度,0.56920111,2897
2898,叛逆,叛逆,2,tencent_ai_lab_chinese_embedding_light_mirror_mvp,0.56808189,1161,0.50828236,0.52014267,0.49049184,错过青春,社会比较与人生进度,0.570629,2898
2899,出演,出演,2,tencent_ai_lab_chinese_embedding_light_mirror_mvp,0.5012552,3579,0.50825429,0.51702654,0.49509576,婚礼,约会,0.58340788,2899
2900,看不顺眼,看不顺眼,4,tencent_ai_lab_chinese_embedding_light_mirror_mvp,0.49127132,4235,0.50818688,0.51112837,0.50377458,看电影,社会比较与人生进度,0.58522177,2900
2901,一见倾心,一见倾心,4,tencent_ai_lab_chinese_embedding_light_mirror_mvp,0.61611323,560,0.50803804,0.51153952,0.50278574,初恋,表白与追求,0.57111609,2901
2902,高兴,高兴,2,tencent_ai_lab_chinese_embedding_light_mirror_mvp,0.51761359,2700,0.50801384,0.51221287,0.5017153,喜欢的人,表白与追求,0.58531022,2902
2903,爹要,爹要,2,tencent_ai_lab_chinese_embedding_light_mirror_mvp,0.51816531,2681,0.50797355,0.51212865,0.50174087,求婚,婚恋,0.57724416,2903
2904,琐事,琐事,2,tencent_ai_lab_chinese_embedding_light_mirror_mvp,0.48537537,4684,0.50792938,0.51290685,0.50046319,伴侣,社会比较与人生进度,0.6065613,2904
2905,两位数,两位数,3,tencent_ai_lab_chinese_embedding_light_mirror_mvp,0.535841,2008,0.50791931,0.51973367,0.49019778,对象,社会比较与人生进度,0.54712105,2905
2906,坦荡,坦荡,2,tencent_ai_lab_chinese_embedding_light_mirror_mvp,0.49538162,3955,0.50791734,0.51805526,0.49271044,落后,社会比较与人生进度,0.54749852,2906
2907,大老板,大老板,3,tencent_ai_lab_chinese_embedding_light_mirror_mvp,0.52729942,2334,0.50789732,0.52639222,0.4801549,老婆,婚恋,0.47951099,2907
2908,手足之情,手足之情,4,tencent_ai_lab_chinese_embedding_light_mirror_mvp,0.50628812,3300,0.50783753,0.52593136,0.48069683,牵手,亲密行为,0.54441142,2908
2909,打牌,打牌,2,tencent_ai_lab_chinese_embedding_light_mirror_mvp,0.48927449,4375,0.50782669,0.51938152,0.4904944,被追,约会,0.55444741,2909
2910,和解,和解,2,tencent_ai_lab_chinese_embedding_light_mirror_mvp,0.49462535,4011,0.50779617,0.52122545,0.48765215,被追,表白与追求,0.51965278,2910
2911,老师上课,老师上课,4,tencent_ai_lab_chinese_embedding_light_mirror_mvp,0.55328773,1490,0.50778204,0.5119468,0.50153488,同桌,校园恋爱,0.55553168,2911
2912,过客,过客,2,tencent_ai_lab_chinese_embedding_light_mirror_mvp,0.49378942,4070,0.50773203,0.50981027,0.50461465,错过青春,约会,0.57899868,2912
2913,挫折感,挫折感,3,tencent_ai_lab_chinese_embedding_light_mirror_mvp,0.50534127,3348,0.5077064,0.51776612,0.4926168,感情史,社会比较与人生进度,0.56861639,2913
2914,忍不住,忍不住,3,tencent_ai_lab_chinese_embedding_light_mirror_mvp,0.50949526,3134,0.50766021,0.51130068,0.50219941,亲密,亲密行为,0.58303487,2914
2915,空巢,空巢,2,tencent_ai_lab_chinese_embedding_light_mirror_mvp,0.48977156,4341,0.50765091,0.51382613,0.49838802,伴侣,社会比较与人生进度,0.53943586,2915
2916,心底,心底,2,tencent_ai_lab_chinese_embedding_light_mirror_mvp,0.54293184,1782,0.50764424,0.51283169,0.499863,感情史,社会比较与人生进度,0.56240153,2916
2917,弟妹们,弟妹们,3,tencent_ai_lab_chinese_embedding_light_mirror_mvp,0.50500379,3363,0.50763482,0.51219726,0.50079113,同龄人,社会比较与人生进度,0.57872486,2917
2918,兄弟姐妹,兄弟姐妹,4,tencent_ai_lab_chinese_embedding_light_mirror_mvp,0.52362716,2455,0.50762427,0.50937521,0.50499779,伴侣,社会比较与人生进度,0.55499232,2918
2919,健身运动,健身运动,4,tencent_ai_lab_chinese_embedding_light_mirror_mvp,0.51660098,2746,0.50757289,0.52651393,0.47916126,散步,约会,0.48687744,2919
2920,小女孩,小女孩,3,tencent_ai_lab_chinese_embedding_light_mirror_mvp,0.52147191,2529,0.50756484,0.52778691,0.47723177,女朋友,社会比较与人生进度,0.48752514,2920
2921,学前班,学前班,3,tencent_ai_lab_chinese_embedding_light_mirror_mvp,0.54590173,1687,0.50755,0.51557916,0.4955062,前男友,校园恋爱,0.52789527,2921
2922,诗情画意,诗情画意,4,tencent_ai_lab_chinese_embedding_light_mirror_mvp,0.48465779,4754,0.50751919,0.51099622,0.5023036,恋情,表白与追求,0.49234942,2922
2923,给你,给你,2,tencent_ai_lab_chinese_embedding_light_mirror_mvp,0.49686844,3847,0.50740635,0.51369154,0.4979786,对象,表白与追求,0.58379233,2923
2924,动心,动心,2,tencent_ai_lab_chinese_embedding_light_mirror_mvp,0.51825781,2675,0.50732481,0.51084149,0.5020498,恋情,恋爱核心,0.5545727,2924
2925,重点,重点,2,tencent_ai_lab_chinese_embedding_light_mirror_mvp,0.53029534,2219,0.50720644,0.51587766,0.4941996,对象,社会比较与人生进度,0.56849766,2925
2926,自欺欺人,自欺欺人,4,tencent_ai_lab_chinese_embedding_light_mirror_mvp,0.48702088,4553,0.50712365,0.51407337,0.49669909,别人都有对象,社会比较与人生进度,0.61506903,2926
2927,户外活动,户外活动,4,tencent_ai_lab_chinese_embedding_light_mirror_mvp,0.48972077,4348,0.50711238,0.52248549,0.48405266,散步,约会,0.54230672,2927
2928,生下,生下,2,tencent_ai_lab_chinese_embedding_light_mirror_mvp,0.65663723,319,0.50710469,0.52223104,0.48441508,人生阶段,社会比较与人生进度,0.51083332,2928
2929,再帅,再帅,2,tencent_ai_lab_chinese_embedding_light_mirror_mvp,0.49440845,4027,0.5071038,0.51361519,0.4973366,前男友,社会比较与人生进度,0.57606828,2929
2930,一事无成,一事无成,4,tencent_ai_lab_chinese_embedding_light_mirror_mvp,0.51703761,2730,0.50709093,0.51521802,0.49490032,没有对象,社会比较与人生进度,0.57038784,2930
2931,自在,自在,2,tencent_ai_lab_chinese_embedding_light_mirror_mvp,0.48533821,4688,0.50708234,0.51361811,0.49727869,单身,社会比较与人生进度,0.58842635,2931
2932,购物,购物,2,tencent_ai_lab_chinese_embedding_light_mirror_mvp,0.53156945,2171,0.50703752,0.50798053,0.50562304,约会,约会,0.59380001,2932
2933,比我,比我,2,tencent_ai_lab_chinese_embedding_light_mirror_mvp,0.55356433,1483,0.50702137,0.51597112,0.49359667,对象,社会比较与人生进度,0.55953026,2933
2934,归宿,归宿,2,tencent_ai_lab_chinese_embedding_light_mirror_mvp,0.547498,1649,0.50701016,0.5115546,0.50019342,伴侣,社会比较与人生进度,0.57129943,2934
2935,正如,正如,2,tencent_ai_lab_chinese_embedding_light_mirror_mvp,0.49285649,4127,0.50699162,0.51170844,0.49991632,对象,社会比较与人生进度,0.55225325,2935
2936,并肩战斗,并肩战斗,4,tencent_ai_lab_chinese_embedding_light_mirror_mvp,0.48842387,4440,0.50698084,0.51265138,0.49847493,拥抱,社会比较与人生进度,0.51970273,2936
2937,时光,时光,2,tencent_ai_lab_chinese_embedding_light_mirror_mvp,0.64511734,372,0.50697315,0.51359808,0.49703574,青春,社会比较与人生进度,0.60211492,2937
2938,产下,产下,2,tencent_ai_lab_chinese_embedding_light_mirror_mvp,0.50851169,3182,0.50695574,0.5103088,0.50192612,妻子,婚恋,0.52302384,2938
2939,焦虑,焦虑,2,tencent_ai_lab_chinese_embedding_light_mirror_mvp,0.52915248,2269,0.50690401,0.5116393,0.49980107,追求,社会比较与人生进度,0.60516179,2939
2940,和平共处,和平共处,4,tencent_ai_lab_chinese_embedding_light_mirror_mvp,0.49081997,4269,0.50690019,0.5113197,0.5002709,伴侣,社会比较与人生进度,0.52981281,2940
2941,性能力,性能力,3,tencent_ai_lab_chinese_embedding_light_mirror_mvp,0.51598254,2774,0.50687724,0.50999624,0.5021987,丈夫,社会比较与人生进度,0.54317856,2941
2942,简而言之,简而言之,4,tencent_ai_lab_chinese_embedding_light_mirror_mvp,0.49507333,3967,0.5068332,0.51513994,0.49437305,落后,社会比较与人生进度,0.57667816,2942
2943,给我,给我,2,tencent_ai_lab_chinese_embedding_light_mirror_mvp,0.52457385,2428,0.5067842,0.51392794,0.49606863,被追,表白与追求,0.56457317,2943
2944,自我暗示,自我暗示,4,tencent_ai_lab_chinese_embedding_light_mirror_mvp,0.49040303,4295,0.50677657,0.51132852,0.49994865,暗恋,表白与追求,0.59913635,2944
2945,而且,而且,2,tencent_ai_lab_chinese_embedding_light_mirror_mvp,0.48631411,4610,0.50676656,0.52086157,0.48562393,落后,社会比较与人生进度,0.53942323,2945
2946,相离,相离,2,tencent_ai_lab_chinese_embedding_light_mirror_mvp,0.48923815,4380,0.50669587,0.51945674,0.48755446,脱单,婚恋,0.53342479,2946
2947,邻居家,邻居家,3,tencent_ai_lab_chinese_embedding_light_mirror_mvp,0.51301186,2936,0.50668299,0.50920677,0.5028972,亲密,婚恋,0.55892599,2947
2948,条件,条件,2,tencent_ai_lab_chinese_embedding_light_mirror_mvp,0.51037878,3076,0.50662386,0.51591146,0.49269238,对象,社会比较与人生进度,0.56089497,2948
2949,中考,中考,2,tencent_ai_lab_chinese_embedding_light_mirror_mvp,0.5417408,1822,0.50656366,0.53386182,0.46561643,高中恋爱,社会比较与人生进度,0.51792181,2949
2950,交际,交际,2,tencent_ai_lab_chinese_embedding_light_mirror_mvp,0.56244195,1281,0.50654399,0.5097822,0.50168663,亲密,社会比较与人生进度,0.55580169,2950
2951,餐馆老板,餐馆老板,4,tencent_ai_lab_chinese_embedding_light_mirror_mvp,0.50897821,3161,0.50653535,0.51504713,0.49376759,老婆,约会,0.50144702,2951
2952,一方面,一方面,3,tencent_ai_lab_chinese_embedding_light_mirror_mvp,0.49677299,3855,0.50647807,0.51731688,0.49021983,对象,社会比较与人生进度,0.55143487,2952
2953,心理学,心理学,3,tencent_ai_lab_chinese_embedding_light_mirror_mvp,0.54855328,1612,0.50644606,0.51510197,0.49346218,感情史,社会比较与人生进度,0.53952903,2953
2954,拘泥于,拘泥于,3,tencent_ai_lab_chinese_embedding_light_mirror_mvp,0.49157596,4215,0.50640494,0.52399689,0.48001704,被追,社会比较与人生进度,0.53362197,2954
2955,变老,变老,2,tencent_ai_lab_chinese_embedding_light_mirror_mvp,0.5304984,2215,0.50636828,0.51076996,0.49976578,老公,社会比较与人生进度,0.57655394,2955
2956,讨厌,讨厌,2,tencent_ai_lab_chinese_embedding_light_mirror_mvp,0.51214738,2984,0.50636184,0.52074677,0.48478436,落后,社会比较与人生进度,0.53876489,2956
2957,但他,但他,2,tencent_ai_lab_chinese_embedding_light_mirror_mvp,0.50068842,3614,0.50634921,0.51212609,0.49768379,老公,表白与追求,0.53997868,2957
2958,三好学生,三好学生,4,tencent_ai_lab_chinese_embedding_light_mirror_mvp,0.51791134,2688,0.50631654,0.53253746,0.46698508,学生情侣,校园恋爱,0.51729929,2958
2959,妹儿,妹儿,2,tencent_ai_lab_chinese_embedding_light_mirror_mvp,0.48203289,4954,0.50631285,0.51709259,0.49014318,女朋友,社会比较与人生进度,0.55541879,2959
2960,层面,层面,2,tencent_ai_lab_chinese_embedding_light_mirror_mvp,0.48268752,4914,0.50628734,0.51520073,0.49291721,落后,社会比较与人生进度,0.53800124,2960
2961,滥交,滥交,2,tencent_ai_lab_chinese_embedding_light_mirror_mvp,0.55582757,1414,0.50626701,0.51743293,0.48951817,被追,社会比较与人生进度,0.54844391,2961
2962,偷拍,偷拍,2,tencent_ai_lab_chinese_embedding_light_mirror_mvp,0.53645825,1993,0.50615567,0.50787145,0.50358194,被追,表白与追求,0.54546618,2962
2963,装扮,装扮,2,tencent_ai_lab_chinese_embedding_light_mirror_mvp,0.5555501,1421,0.50610417,0.51991779,0.48538366,校服,表白与追求,0.50525612,2963
2964,出殡,出殡,2,tencent_ai_lab_chinese_embedding_light_mirror_mvp,0.54827058,1622,0.50606698,0.52026564,0.48476896,婚礼,婚恋,0.5454514,2964
2965,赋予,赋予,2,tencent_ai_lab_chinese_embedding_light_mirror_mvp,0.49962924,3676,0.50602359,0.5131402,0.49534869,追求,表白与追求,0.56878984,2965
2966,七夕节,七夕节,3,tencent_ai_lab_chinese_embedding_light_mirror_mvp,0.57967396,982,0.50600368,0.51534832,0.49198666,伴侣,对象关系,0.50399613,2966
2967,双子,双子,2,tencent_ai_lab_chinese_embedding_light_mirror_mvp,0.58198709,943,0.50597835,0.50967568,0.50043231,妻子,单身与脱单,0.50500822,2967
2968,放肆,放肆,2,tencent_ai_lab_chinese_embedding_light_mirror_mvp,0.48278587,4896,0.50594789,0.51033264,0.49937069,亲密,亲密行为,0.55999249,2968
2969,做自己,做自己,3,tencent_ai_lab_chinese_embedding_light_mirror_mvp,0.54752438,1647,0.50581658,0.51105762,0.49795508,单身,社会比较与人生进度,0.60034764,2969
2970,始终,始终,2,tencent_ai_lab_chinese_embedding_light_mirror_mvp,0.48827621,4451,0.50579041,0.51169825,0.4969286,追求,表白与追求,0.55073857,2970
2971,指责,指责,2,tencent_ai_lab_chinese_embedding_light_mirror_mvp,0.48592846,4638,0.50574577,0.51492834,0.49197197,对象,社会比较与人生进度,0.54731858,2971
2972,粉丝,粉丝,2,tencent_ai_lab_chinese_embedding_light_mirror_mvp,0.55640336,1406,0.50564325,0.50973117,0.49951127,喜欢的人,表白与追求,0.58868909,2972
2973,羁绊,羁绊,2,tencent_ai_lab_chinese_embedding_light_mirror_mvp,0.55317519,1492,0.50564313,0.52240843,0.48049513,牵手,社会比较与人生进度,0.4917765,2973
2974,女明星,女明星,3,tencent_ai_lab_chinese_embedding_light_mirror_mvp,0.54766841,1642,0.50562125,0.52191585,0.48117933,女朋友,对象关系,0.46580225,2974
2975,时过境迁,时过境迁,4,tencent_ai_lab_chinese_embedding_light_mirror_mvp,0.51545361,2803,0.50557315,0.51202404,0.49589682,人生阶段,社会比较与人生进度,0.60436738,2975
2976,排在,排在,2,tencent_ai_lab_chinese_embedding_light_mirror_mvp,0.48854626,4432,0.50554371,0.514072,0.49275127,被追,社会比较与人生进度,0.56500781,2976
2977,很配,很配,2,tencent_ai_lab_chinese_embedding_light_mirror_mvp,0.50043509,3634,0.50554061,0.5097121,0.49928331,亲密,表白与追求,0.56300533,2977
2978,合照,合照,2,tencent_ai_lab_chinese_embedding_light_mirror_mvp,0.59697285,749,0.50539881,0.51118326,0.49672207,伴侣,社会比较与人生进度,0.52684385,2978
2979,随遇而安,随遇而安,4,tencent_ai_lab_chinese_embedding_light_mirror_mvp,0.53731625,1969,0.50531381,0.50677067,0.50312847,恋爱经历,表白与追求,0.58351123,2979
2980,拜金女,拜金女,3,tencent_ai_lab_chinese_embedding_light_mirror_mvp,0.62174585,520,0.50527704,0.51085049,0.49691686,约会对象,约会,0.52543664,2980
2981,嫌弃,嫌弃,2,tencent_ai_lab_chinese_embedding_light_mirror_mvp,0.6386152,404,0.50527167,0.51036906,0.49762547,落后,社会比较与人生进度,0.59164208,2981
2982,擦肩,擦肩,2,tencent_ai_lab_chinese_embedding_light_mirror_mvp,0.52974389,2240,0.50525904,0.51977843,0.48347989,牵手,约会,0.50266135,2982
2983,跳舞,跳舞,2,tencent_ai_lab_chinese_embedding_light_mirror_mvp,0.52269375,2482,0.50520879,0.53544164,0.45985946,散步,约会,0.47703075,2983
2984,长兄,长兄,2,tencent_ai_lab_chinese_embedding_light_mirror_mvp,0.49903328,3710,0.50520474,0.50952512,0.49872407,亲密,亲密行为,0.53250468,2984
2985,一直以来,一直以来,4,tencent_ai_lab_chinese_embedding_light_mirror_mvp,0.51139216,3021,0.5051747,0.51313049,0.49324098,感情史,社会比较与人生进度,0.58845836,2985
2986,当今社会,当今社会,4,tencent_ai_lab_chinese_embedding_light_mirror_mvp,0.51703151,2731,0.50514758,0.51679546,0.48767576,人生阶段,社会比较与人生进度,0.61264896,2986
2987,有意识,有意识,3,tencent_ai_lab_chinese_embedding_light_mirror_mvp,0.48582439,4650,0.5051173,0.50896537,0.49934515,亲密,社会比较与人生进度,0.6087963,2987
2988,身份,身份,2,tencent_ai_lab_chinese_embedding_light_mirror_mvp,0.48433858,4784,0.50510782,0.50885743,0.49948335,单身,社会比较与人生进度,0.57149923,2988
2989,春光,春光,2,tencent_ai_lab_chinese_embedding_light_mirror_mvp,0.49653679,3875,0.50504041,0.52527392,0.47469017,青春,社会比较与人生进度,0.48052442,2989
2990,潇洒,潇洒,2,tencent_ai_lab_chinese_embedding_light_mirror_mvp,0.49135119,4231,0.50503594,0.50972605,0.49800077,落后,社会比较与人生进度,0.52367163,2990
2991,相思,相思,2,tencent_ai_lab_chinese_embedding_light_mirror_mvp,0.50285389,3479,0.5050208,0.50716782,0.5018003,恋情,表白与追求,0.56214744,2991
2992,醉心,醉心,2,tencent_ai_lab_chinese_embedding_light_mirror_mvp,0.48674957,4576,0.50495559,0.51174438,0.49477229,恋情,表白与追求,0.55405247,2992
2993,固步自封,固步自封,4,tencent_ai_lab_chinese_embedding_light_mirror_mvp,0.49292718,4121,0.50486434,0.53952211,0.45287767,散步,亲密行为,0.43775606,2993
2994,观众们,观众们,3,tencent_ai_lab_chinese_embedding_light_mirror_mvp,0.4998302,3666,0.50484979,0.51696318,0.4866797,看电影,约会,0.5615285,2994
2995,晨起,晨起,2,tencent_ai_lab_chinese_embedding_light_mirror_mvp,0.48504497,4717,0.50483978,0.52018201,0.48182639,早恋,表白与追求,0.52339602,2995
2996,民族服装,民族服装,4,tencent_ai_lab_chinese_embedding_light_mirror_mvp,0.49051287,4288,0.50483388,0.56095612,0.42065048,校服,社会比较与人生进度,0.35771996,2996
2997,喜糖,喜糖,2,tencent_ai_lab_chinese_embedding_light_mirror_mvp,0.58044801,968,0.50481671,0.52272606,0.47795263,喜欢的人,表白与追求,0.53478509,2997
2998,私底下,私底下,3,tencent_ai_lab_chinese_embedding_light_mirror_mvp,0.54634602,1680,0.50480163,0.51209724,0.49385819,老公,社会比较与人生进度,0.52605748,2998
2999,怎么了,怎么了,3,tencent_ai_lab_chinese_embedding_light_mirror_mvp,0.49573768,3929,0.50480157,0.51560801,0.48859191,被追,社会比较与人生进度,0.58299518,2999
3000,从一而终,从一而终,4,tencent_ai_lab_chinese_embedding_light_mirror_mvp,0.64627452,368,0.50478923,0.51862448,0.4840363,落后,社会比较与人生进度,0.51555407,3000
3001,帅气,帅气,2,tencent_ai_lab_chinese_embedding_light_mirror_mvp,0.52666444,2359,0.50477284,0.50846899,0.49922863,喜欢的人,社会比较与人生进度,0.585343,3001
3002,一直,一直,2,tencent_ai_lab_chinese_embedding_light_mirror_mvp,0.48957969,4358,0.50475454,0.50912964,0.4981918,被追,社会比较与人生进度,0.59357756,3002
3003,隔阂,隔阂,2,tencent_ai_lab_chinese_embedding_light_mirror_mvp,0.52222162,2504,0.50473201,0.51809156,0.4846926,亲密关系,社会比较与人生进度,0.53400987,3003
3004,偷着乐,偷着乐,3,tencent_ai_lab_chinese_embedding_light_mirror_mvp,0.48829803,4449,0.50465363,0.51213366,0.49343356,被追,表白与追求,0.54486662,3004
3005,儿童期,儿童期,3,tencent_ai_lab_chinese_embedding_light_mirror_mvp,0.49502512,3975,0.50447726,0.51181233,0.49347457,伴侣,社会比较与人生进度,0.56920362,3005
3006,姨妈,姨妈,2,tencent_ai_lab_chinese_embedding_light_mirror_mvp,0.49763554,3809,0.50445551,0.5062899,0.50170392,母胎单身,亲密行为,0.54568624,3006
3007,善意,善意,2,tencent_ai_lab_chinese_embedding_light_mirror_mvp,0.48222795,4939,0.50436532,0.51177257,0.49325451,喜欢的人,表白与追求,0.55758291,3007
3008,瘦下来,瘦下来,3,tencent_ai_lab_chinese_embedding_light_mirror_mvp,0.48952243,4362,0.50436288,0.50672656,0.50081724,落后,社会比较与人生进度,0.55840838,3008
3009,执迷,执迷,2,tencent_ai_lab_chinese_embedding_light_mirror_mvp,0.52940645,2256,0.50421309,0.50594246,0.50161892,恋爱,表白与追求,0.56209421,3009
3010,自闭,自闭,2,tencent_ai_lab_chinese_embedding_light_mirror_mvp,0.50410283,3403,0.50412172,0.51324451,0.49043748,脱单,社会比较与人生进度,0.57568896,3010
3011,束缚,束缚,2,tencent_ai_lab_chinese_embedding_light_mirror_mvp,0.52037404,2580,0.50406134,0.50999784,0.49515656,牵手,亲密行为,0.51826668,3011
3012,平等,平等,2,tencent_ai_lab_chinese_embedding_light_mirror_mvp,0.54585365,1689,0.50397032,0.51627517,0.48551306,对象,社会比较与人生进度,0.5449065,3012
3013,不删,不删,2,tencent_ai_lab_chinese_embedding_light_mirror_mvp,0.56256912,1278,0.50395435,0.51239854,0.49128798,没有对象,表白与追求,0.53990972,3013
3014,占座,占座,2,tencent_ai_lab_chinese_embedding_light_mirror_mvp,0.48869352,4423,0.5039497,0.51743132,0.48372725,拥抱,约会,0.54317814,3014
3015,下台,下台,2,tencent_ai_lab_chinese_embedding_light_mirror_mvp,0.49943626,3689,0.5039345,0.51119548,0.49304295,落后,约会,0.54628992,3015
3016,羞耻感,羞耻感,3,tencent_ai_lab_chinese_embedding_light_mirror_mvp,0.56016493,1324,0.50393414,0.5062198,0.50050563,感情史,社会比较与人生进度,0.57904655,3016
3017,事业有成,事业有成,4,tencent_ai_lab_chinese_embedding_light_mirror_mvp,0.62495083,497,0.5038988,0.5086568,0.4967618,结婚,社会比较与人生进度,0.58749795,3017
3018,睡着,睡着,2,tencent_ai_lab_chinese_embedding_light_mirror_mvp,0.49010981,4311,0.50384146,0.50700235,0.49910012,拥抱,表白与追求,0.58148968,3018
3019,所谓,所谓,2,tencent_ai_lab_chinese_embedding_light_mirror_mvp,0.53963319,1889,0.503824,0.50559074,0.50117391,别人都有对象,社会比较与人生进度,0.58326268,3019
3020,这回,这回,2,tencent_ai_lab_chinese_embedding_light_mirror_mvp,0.48713928,4544,0.50382364,0.51172465,0.49197206,被追,社会比较与人生进度,0.5670293,3020
3021,自我发展,自我发展,4,tencent_ai_lab_chinese_embedding_light_mirror_mvp,0.50322568,3456,0.50382125,0.51762831,0.48311058,人生阶段,社会比较与人生进度,0.59465623,3021
3022,当年,当年,2,tencent_ai_lab_chinese_embedding_light_mirror_mvp,0.49597396,3919,0.50380594,0.50607467,0.50040287,青春,社会比较与人生进度,0.5947051,3022
3023,一点,一点,2,tencent_ai_lab_chinese_embedding_light_mirror_mvp,0.49788803,3787,0.50380224,0.51128972,0.49257097,落后,社会比较与人生进度,0.57233536,3023
3024,长相,长相,2,tencent_ai_lab_chinese_embedding_light_mirror_mvp,0.50501646,3361,0.50370103,0.50696301,0.498808,结婚,社会比较与人生进度,0.59813499,3024
3025,衣裤,衣裤,2,tencent_ai_lab_chinese_embedding_light_mirror_mvp,0.51808884,2684,0.50367689,0.53555483,0.45586005,校服,婚恋,0.46276301,3025
3026,小妹,小妹,2,tencent_ai_lab_chinese_embedding_light_mirror_mvp,0.51929126,2635,0.50367326,0.51826441,0.48178646,女朋友,社会比较与人生进度,0.54503703,3026
3027,骑车,骑车,2,tencent_ai_lab_chinese_embedding_light_mirror_mvp,0.58733257,866,0.50367111,0.51867121,0.48117098,散步,约会,0.51413232,3027
3028,喜哥,喜哥,2,tencent_ai_lab_chinese_embedding_light_mirror_mvp,0.59422085,783,0.50355941,0.53083676,0.4626433,喜欢的人,表白与追求,0.52676827,3028
3029,我妈,我妈,2,tencent_ai_lab_chinese_embedding_light_mirror_mvp,0.73716378,111,0.50354242,0.51557767,0.48548952,母胎单身,社会比较与人生进度,0.51677978,3029
3030,爷们,爷们,2,tencent_ai_lab_chinese_embedding_light_mirror_mvp,0.49622456,3898,0.50354105,0.51589864,0.48500457,同龄人,社会比较与人生进度,0.56795835,3030
3031,逃避现实,逃避现实,4,tencent_ai_lab_chinese_embedding_light_mirror_mvp,0.52088166,2555,0.50349689,0.51044023,0.49308184,被追,社会比较与人生进度,0.56195223,3031
3032,幸福地,幸福地,3,tencent_ai_lab_chinese_embedding_light_mirror_mvp,0.48736691,4524,0.50342309,0.50573868,0.49994969,拥抱,婚恋,0.53893149,3032
3033,来临,来临,2,tencent_ai_lab_chinese_embedding_light_mirror_mvp,0.496065,3911,0.50342041,0.50597507,0.49958834,亲密,社会比较与人生进度,0.58849692,3033
3034,功利,功利,2,tencent_ai_lab_chinese_embedding_light_mirror_mvp,0.56969315,1133,0.50338805,0.51683939,0.48321104,落后,社会比较与人生进度,0.49263114,3034
3035,心累,心累,2,tencent_ai_lab_chinese_embedding_light_mirror_mvp,0.52940044,2257,0.50336355,0.51092362,0.49202338,散步,社会比较与人生进度,0.56263256,3035
3036,争吵,争吵,2,tencent_ai_lab_chinese_embedding_light_mirror_mvp,0.60201277,691,0.50328159,0.50418705,0.50192332,追求,社会比较与人生进度,0.57422245,3036
3037,帮我,帮我,2,tencent_ai_lab_chinese_embedding_light_mirror_mvp,0.52682786,2353,0.5032742,0.5058744,0.49937382,追求,表白与追求,0.55707777,3037
3038,天生,天生,2,tencent_ai_lab_chinese_embedding_light_mirror_mvp,0.48989733,4332,0.50326866,0.53114355,0.4614563,人生阶段,社会比较与人生进度,0.53249276,3038
3039,勇气,勇气,2,tencent_ai_lab_chinese_embedding_light_mirror_mvp,0.50907921,3158,0.5031873,0.50948322,0.49374333,拥抱,社会比较与人生进度,0.55463547,3039
3040,养家,养家,2,tencent_ai_lab_chinese_embedding_light_mirror_mvp,0.53757675,1960,0.50315559,0.51238066,0.48931798,拥抱,婚恋,0.54216892,3040
3041,消极情绪,消极情绪,4,tencent_ai_lab_chinese_embedding_light_mirror_mvp,0.55822558,1365,0.50314522,0.50481892,0.50063461,亲密关系,社会比较与人生进度,0.56815541,3041
3042,迟到,迟到,2,tencent_ai_lab_chinese_embedding_light_mirror_mvp,0.48440166,4776,0.50312191,0.50489998,0.50045478,被追,表白与追求,0.56070185,3042
3043,好意思,好意思,3,tencent_ai_lab_chinese_embedding_light_mirror_mvp,0.50141976,3571,0.5030815,0.50781316,0.49598396,亲密,表白与追求,0.5627684,3043
3044,那种心跳的感觉,那种心跳的感觉,7,tencent_ai_lab_chinese_embedding_light_mirror_mvp,0.55505564,1433,0.50301588,0.50808561,0.49541125,恋爱经历,社会比较与人生进度,0.56815684,3044
3045,而言,而言,2,tencent_ai_lab_chinese_embedding_light_mirror_mvp,0.53832761,1930,0.50296557,0.50683928,0.49715495,对象,社会比较与人生进度,0.59966606,3045
3046,恣意,恣意,2,tencent_ai_lab_chinese_embedding_light_mirror_mvp,0.50304235,3471,0.50293291,0.50767088,0.49582601,落后,社会比较与人生进度,0.52142441,3046
3047,憎恨,憎恨,2,tencent_ai_lab_chinese_embedding_light_mirror_mvp,0.48582487,4649,0.50292128,0.51702309,0.48176849,暗恋,表白与追求,0.54244208,3047
3048,小路,小路,2,tencent_ai_lab_chinese_embedding_light_mirror_mvp,0.48789893,4481,0.50291336,0.53932059,0.44830242,散步,社会比较与人生进度,0.47396854,3048
3049,蹦蹦跳跳,蹦蹦跳跳,4,tencent_ai_lab_chinese_embedding_light_mirror_mvp,0.500211,3647,0.50286549,0.52578831,0.46848127,散步,社会比较与人生进度,0.52296525,3049
3050,相依为命,相依为命,4,tencent_ai_lab_chinese_embedding_light_mirror_mvp,0.54716587,1660,0.50282472,0.50462186,0.50012904,伴侣,社会比较与人生进度,0.5720036,3050
3051,般配,般配,2,tencent_ai_lab_chinese_embedding_light_mirror_mvp,0.61158673,587,0.50277597,0.50627816,0.49752262,对象,社会比较与人生进度,0.55591691,3051
3052,上位,上位,2,tencent_ai_lab_chinese_embedding_light_mirror_mvp,0.50381746,3426,0.50277287,0.51727295,0.48102275,落后,社会比较与人生进度,0.58219838,3052
3053,照片,照片,2,tencent_ai_lab_chinese_embedding_light_mirror_mvp,0.49445757,4024,0.50275093,0.51070362,0.49082184,拥抱,社会比较与人生进度,0.51174963,3053
3054,合拍,合拍,2,tencent_ai_lab_chinese_embedding_light_mirror_mvp,0.54770849,1641,0.5027287,0.50443745,0.50016552,接吻,亲密行为,0.5782643,3054
3055,正当年,正当年,3,tencent_ai_lab_chinese_embedding_light_mirror_mvp,0.5583281,1359,0.50269914,0.50718033,0.4959774,青春,社会比较与人生进度,0.6005457,3055
3056,还俗,还俗,2,tencent_ai_lab_chinese_embedding_light_mirror_mvp,0.48272901,4903,0.50267053,0.51272917,0.48758253,落后,社会比较与人生进度,0.54133314,3056
3057,贵人,贵人,2,tencent_ai_lab_chinese_embedding_light_mirror_mvp,0.4934464,4091,0.5026561,0.51020861,0.49132729,喜欢的人,社会比较与人生进度,0.51352751,3057
3058,心理障碍,心理障碍,4,tencent_ai_lab_chinese_embedding_light_mirror_mvp,0.54766257,1643,0.50263155,0.51013345,0.49137875,恋爱关系,社会比较与人生进度,0.58107507,3058
3059,兴趣爱好,兴趣爱好,4,tencent_ai_lab_chinese_embedding_light_mirror_mvp,0.51639642,2757,0.50252545,0.50643164,0.4966661,喜欢的人,社会比较与人生进度,0.58249271,3059
3060,懵懂,懵懂,2,tencent_ai_lab_chinese_embedding_light_mirror_mvp,0.58469615,902,0.50252026,0.50756961,0.49494624,错过青春,社会比较与人生进度,0.63163888,3060
3061,那种,那种,2,tencent_ai_lab_chinese_embedding_light_mirror_mvp,0.55815806,1367,0.50251764,0.50915754,0.49255767,追求,社会比较与人生进度,0.58447045,3061
3062,在意,在意,2,tencent_ai_lab_chinese_embedding_light_mirror_mvp,0.5533848,1487,0.5025087,0.51417851,0.48500392,对象,表白与追求,0.5660938,3062
3063,重来,重来,2,tencent_ai_lab_chinese_embedding_light_mirror_mvp,0.55756432,1380,0.50236923,0.50735933,0.49488401,被追,社会比较与人生进度,0.54989052,3063
3064,我哥,我哥,2,tencent_ai_lab_chinese_embedding_light_mirror_mvp,0.69348589,192,0.50236475,0.51485187,0.48363408,前男友,社会比较与人生进度,0.53114218,3064
3065,挫折,挫折,2,tencent_ai_lab_chinese_embedding_light_mirror_mvp,0.50490699,3373,0.50227433,0.51267511,0.48667312,落后,社会比较与人生进度,0.55923802,3065
3066,朝气蓬勃,朝气蓬勃,4,tencent_ai_lab_chinese_embedding_light_mirror_mvp,0.59156293,808,0.50226128,0.51056838,0.48980054,落后,社会比较与人生进度,0.54625952,3066
3067,女家长,女家长,3,tencent_ai_lab_chinese_embedding_light_mirror_mvp,0.50225608,3518,0.50223392,0.51811516,0.478412,女朋友,社会比较与人生进度,0.52634299,3067
3068,再说,再说,2,tencent_ai_lab_chinese_embedding_light_mirror_mvp,0.53577127,2009,0.5022108,0.50526547,0.49762869,落后,社会比较与人生进度,0.582111,3068
3069,还发,还发,2,tencent_ai_lab_chinese_embedding_light_mirror_mvp,0.56356316,1259,0.50218385,0.50977987,0.4907898,被追,表白与追求,0.55000675,3069
3070,无忧无虑,无忧无虑,4,tencent_ai_lab_chinese_embedding_light_mirror_mvp,0.49398261,4049,0.50215125,0.5077188,0.49379984,亲密,社会比较与人生进度,0.54641604,3070
3071,骄傲,骄傲,2,tencent_ai_lab_chinese_embedding_light_mirror_mvp,0.48579108,4654,0.50211215,0.51183987,0.48752061,落后,社会比较与人生进度,0.55469453,3071
3072,懂你,懂你,2,tencent_ai_lab_chinese_embedding_light_mirror_mvp,0.51523376,2814,0.50210714,0.50860918,0.49235407,告白,表白与追求,0.58105141,3072
3073,却说,却说,2,tencent_ai_lab_chinese_embedding_light_mirror_mvp,0.56399724,1247,0.50208962,0.5064702,0.4955188,被追,表白与追求,0.57978141,3073
3074,辛苦,辛苦,2,tencent_ai_lab_chinese_embedding_light_mirror_mvp,0.50710627,3257,0.50207371,0.51294667,0.48576418,亲密,社会比较与人生进度,0.56037939,3074
3075,哥们,哥们,2,tencent_ai_lab_chinese_embedding_light_mirror_mvp,0.65459459,330,0.50206733,0.50506902,0.49756479,同龄人,社会比较与人生进度,0.57256818,3075
3076,更多,更多,2,tencent_ai_lab_chinese_embedding_light_mirror_mvp,0.48522613,4701,0.50204647,0.50869668,0.49207115,对象,社会比较与人生进度,0.57317126,3076
3077,优势,优势,2,tencent_ai_lab_chinese_embedding_light_mirror_mvp,0.51298492,2940,0.50204611,0.50541091,0.49699888,落后,社会比较与人生进度,0.54920626,3077
3078,生气,生气,2,tencent_ai_lab_chinese_embedding_light_mirror_mvp,0.6140415,572,0.50204211,0.50285649,0.50082052,对象,社会比较与人生进度,0.60219717,3078
3079,新衣,新衣,2,tencent_ai_lab_chinese_embedding_light_mirror_mvp,0.50961459,3124,0.50200969,0.51433766,0.48351777,校服,婚恋,0.50745493,3079
3080,够意思,够意思,3,tencent_ai_lab_chinese_embedding_light_mirror_mvp,0.49171057,4207,0.50200742,0.51056194,0.48917559,对象,社会比较与人生进度,0.5558669,3080
3081,存款,存款,2,tencent_ai_lab_chinese_embedding_light_mirror_mvp,0.4819046,4962,0.50200295,0.50443077,0.49836126,结婚,社会比较与人生进度,0.55725908,3081
3082,吵架,吵架,2,tencent_ai_lab_chinese_embedding_light_mirror_mvp,0.64396958,374,0.50199294,0.50540018,0.49688196,结婚,婚恋,0.56663954,3082
3083,吃喝嫖赌,吃喝嫖赌,4,tencent_ai_lab_chinese_embedding_light_mirror_mvp,0.51483455,2837,0.50194669,0.50551248,0.49659789,约饭,约会,0.58552611,3083
3084,领带,领带,2,tencent_ai_lab_chinese_embedding_light_mirror_mvp,0.49176383,4203,0.50194669,0.52230179,0.471414,拥抱,亲密行为,0.49526203,3084
3085,买包,买包,2,tencent_ai_lab_chinese_embedding_light_mirror_mvp,0.55242269,1509,0.50189281,0.50302255,0.50019807,拥抱,表白与追求,0.51211953,3085
3086,犯贱,犯贱,2,tencent_ai_lab_chinese_embedding_light_mirror_mvp,0.57006813,1128,0.50188774,0.51161289,0.48730004,被追,社会比较与人生进度,0.56721246,3086
3087,合唱,合唱,2,tencent_ai_lab_chinese_embedding_light_mirror_mvp,0.50444916,3390,0.50187379,0.5029307,0.50028837,拥抱,约会,0.53722489,3087
3088,过年,过年,2,tencent_ai_lab_chinese_embedding_light_mirror_mvp,0.51483979,2835,0.50187045,0.50678706,0.49449548,约会,社会比较与人生进度,0.5650171,3088
3089,内涵,内涵,2,tencent_ai_lab_chinese_embedding_light_mirror_mvp,0.53105773,2194,0.50180089,0.51126766,0.48760065,对象,社会比较与人生进度,0.56256694,3089
3090,少女,少女,2,tencent_ai_lab_chinese_embedding_light_mirror_mvp,0.57739229,1022,0.5017665,0.51484561,0.48214778,青春,社会比较与人生进度,0.51318133,3090
3091,病逝,病逝,2,tencent_ai_lab_chinese_embedding_light_mirror_mvp,0.52130045,2538,0.50176501,0.50959253,0.49002376,感情史,社会比较与人生进度,0.55840278,3091
3092,不来电,不来电,3,tencent_ai_lab_chinese_embedding_light_mirror_mvp,0.52813492,2310,0.5017215,0.52686405,0.46400771,没有对象,单身与脱单,0.5063802,3092
3093,患难,患难,2,tencent_ai_lab_chinese_embedding_light_mirror_mvp,0.51162784,3006,0.50171691,0.50744039,0.49313164,伴侣,社会比较与人生进度,0.58019161,3093
3094,性高潮,性高潮,3,tencent_ai_lab_chinese_embedding_light_mirror_mvp,0.56937957,1139,0.50170642,0.50504494,0.49669862,感情史,社会比较与人生进度,0.55068707,3094
3095,更高,更高,2,tencent_ai_lab_chinese_embedding_light_mirror_mvp,0.48753269,4514,0.50168747,0.51127309,0.48730907,追求,社会比较与人生进度,0.5219239,3095
3096,压在心底,压在心底,4,tencent_ai_lab_chinese_embedding_light_mirror_mvp,0.49609821,3910,0.50164276,0.50562871,0.49566376,拥抱,社会比较与人生进度,0.60255194,3096
3097,个体,个体,2,tencent_ai_lab_chinese_embedding_light_mirror_mvp,0.5181958,2678,0.5015955,0.50485998,0.49669883,单身,社会比较与人生进度,0.56983429,3097
3098,想我,想我,2,tencent_ai_lab_chinese_embedding_light_mirror_mvp,0.53681128,1986,0.50154781,0.50183773,0.50111294,追求,表白与追求,0.60071218,3098
3099,上身,上身,2,tencent_ai_lab_chinese_embedding_light_mirror_mvp,0.49656245,3870,0.5015167,0.52452075,0.46701065,单身,社会比较与人生进度,0.50710934,3099
3100,大爷,大爷,2,tencent_ai_lab_chinese_embedding_light_mirror_mvp,0.53253131,2127,0.50151318,0.50958651,0.48940316,同龄人,社会比较与人生进度,0.50153321,3100
3101,捉弄,捉弄,2,tencent_ai_lab_chinese_embedding_light_mirror_mvp,0.51708665,2727,0.50142986,0.51673508,0.47847196,被追,表白与追求,0.53304321,3101
3102,本班,本班,2,tencent_ai_lab_chinese_embedding_light_mirror_mvp,0.55404078,1467,0.50139624,0.51872373,0.47540501,同桌,社会比较与人生进度,0.54903162,3102
3103,女儿身,女儿身,3,tencent_ai_lab_chinese_embedding_light_mirror_mvp,0.49960257,3678,0.5013656,0.52150154,0.47116163,母胎单身,单身与脱单,0.45282346,3103
3104,跳槽,跳槽,2,tencent_ai_lab_chinese_embedding_light_mirror_mvp,0.49159399,4214,0.50134784,0.5114432,0.48620477,追求,社会比较与人生进度,0.5488866,3104
3105,不行,不行,2,tencent_ai_lab_chinese_embedding_light_mirror_mvp,0.52845254,2295,0.50130683,0.50941396,0.48914608,落后,社会比较与人生进度,0.53674394,3105
3106,热泪盈眶,热泪盈眶,4,tencent_ai_lab_chinese_embedding_light_mirror_mvp,0.48280042,4894,0.50129783,0.50917876,0.48947635,拥抱,表白与追求,0.56911016,3106
3107,棉袄,棉袄,2,tencent_ai_lab_chinese_embedding_light_mirror_mvp,0.54748812,1650,0.50126356,0.50998485,0.4881815,校服,婚恋,0.50730252,3107
3108,下课时间,下课时间,4,tencent_ai_lab_chinese_embedding_light_mirror_mvp,0.55433396,1454,0.50126177,0.51025367,0.48777387,同桌,校园恋爱,0.55406612,3108
3109,公开场合,公开场合,4,tencent_ai_lab_chinese_embedding_light_mirror_mvp,0.52352936,2457,0.50125492,0.50630474,0.49368015,老公,社会比较与人生进度,0.57273561,3109
3110,一度,一度,2,tencent_ai_lab_chinese_embedding_light_mirror_mvp,0.49659501,3867,0.50122702,0.50666261,0.49307358,拥抱,社会比较与人生进度,0.58144307,3110
3111,辞职,辞职,2,tencent_ai_lab_chinese_embedding_light_mirror_mvp,0.55356522,1482,0.50107765,0.50956577,0.48834547,前任,社会比较与人生进度,0.53416663,3111
3112,娘们,娘们,2,tencent_ai_lab_chinese_embedding_light_mirror_mvp,0.4949716,3980,0.50104618,0.50579524,0.49392244,婚礼,婚恋,0.57910979,3112
3113,刚上,刚上,2,tencent_ai_lab_chinese_embedding_light_mirror_mvp,0.50333925,3450,0.50090879,0.50753176,0.49097431,被追,社会比较与人生进度,0.56940353,3113
3114,那就是,那就是,3,tencent_ai_lab_chinese_embedding_light_mirror_mvp,0.48166473,4990,0.50087333,0.52088416,0.47085705,追求,表白与追求,0.52940285,3114
3115,植物人,植物人,3,tencent_ai_lab_chinese_embedding_light_mirror_mvp,0.48699652,4556,0.50081146,0.51873124,0.4739317,恋人,社会比较与人生进度,0.46196616,3115
3116,大老爷们儿,大老爷们儿,5,tencent_ai_lab_chinese_embedding_light_mirror_mvp,0.51243756,2970,0.50079322,0.50971174,0.48741534,同龄人,社会比较与人生进度,0.51161724,3116
3117,如果,如果,2,tencent_ai_lab_chinese_embedding_light_mirror_mvp,0.50043428,3635,0.50077325,0.50221556,0.49860978,对象,社会比较与人生进度,0.57631052,3117
3118,他们的,他们的,3,tencent_ai_lab_chinese_embedding_light_mirror_mvp,0.50871825,3171,0.50075346,0.50639993,0.49228367,喜欢的人,社会比较与人生进度,0.56268322,3118
3119,你们,你们,2,tencent_ai_lab_chinese_embedding_light_mirror_mvp,0.58022935,971,0.5007416,0.50396943,0.49589989,对象,社会比较与人生进度,0.58082169,3119
3120,主见,主见,2,tencent_ai_lab_chinese_embedding_light_mirror_mvp,0.48888459,4408,0.50073683,0.50787163,0.49003458,对象,社会比较与人生进度,0.58421946,3120
3121,期中考试,期中考试,4,tencent_ai_lab_chinese_embedding_light_mirror_mvp,0.51946383,2628,0.50068748,0.50874257,0.48860478,高中恋爱,社会比较与人生进度,0.57513189,3121
3122,即使,即使,2,tencent_ai_lab_chinese_embedding_light_mirror_mvp,0.49816469,3767,0.50067484,0.50150883,0.49942386,对象,社会比较与人生进度,0.60545552,3122
3123,半生,半生,2,tencent_ai_lab_chinese_embedding_light_mirror_mvp,0.50856521,3180,0.50058293,0.50887507,0.48814464,人生阶段,社会比较与人生进度,0.53218025,3123
3124,发微博,发微博,3,tencent_ai_lab_chinese_embedding_light_mirror_mvp,0.58835038,856,0.5005638,0.5097726,0.4867506,表白,表白与追求,0.57966757,3124
3125,老实巴交,老实巴交,4,tencent_ai_lab_chinese_embedding_light_mirror_mvp,0.51304015,2933,0.50053358,0.50662756,0.49139261,亲密,亲密行为,0.53618336,3125
3126,家养,家养,2,tencent_ai_lab_chinese_embedding_light_mirror_mvp,0.48508837,4714,0.5005309,0.50832379,0.48884156,老公,婚恋,0.5287112,3126
3127,家长,家长,2,tencent_ai_lab_chinese_embedding_light_mirror_mvp,0.53515251,2031,0.50051558,0.5045355,0.49448562,学生情侣,社会比较与人生进度,0.56575572,3127
3128,幻想,幻想,2,tencent_ai_lab_chinese_embedding_light_mirror_mvp,0.59437683,780,0.50043726,0.50795549,0.48915994,追求,表白与追求,0.54643857,3128
3129,点钱,点钱,2,tencent_ai_lab_chinese_embedding_light_mirror_mvp,0.50221807,3523,0.50035822,0.50271463,0.49682364,约饭,约会,0.55074328,3129
3130,进取心,进取心,3,tencent_ai_lab_chinese_embedding_light_mirror_mvp,0.48165005,4991,0.50034642,0.5123831,0.48229137,追求,社会比较与人生进度,0.5480147,3130
3131,你好,你好,2,tencent_ai_lab_chinese_embedding_light_mirror_mvp,0.53420533,2064,0.50032902,0.50511271,0.49315345,对象,社会比较与人生进度,0.57866955,3131
3132,亏欠,亏欠,2,tencent_ai_lab_chinese_embedding_light_mirror_mvp,0.49522434,3961,0.50032532,0.50628012,0.491393,被追,社会比较与人生进度,0.57754087,3132
3133,举行,举行,2,tencent_ai_lab_chinese_embedding_light_mirror_mvp,0.48318089,4870,0.50032496,0.50380933,0.49509838,对象,社会比较与人生进度,0.56444961,3133
3134,优雅,优雅,2,tencent_ai_lab_chinese_embedding_light_mirror_mvp,0.50144898,3564,0.50031006,0.50905269,0.48719609,落后,社会比较与人生进度,0.51967442,3134
3135,儿女,儿女,2,tencent_ai_lab_chinese_embedding_light_mirror_mvp,0.67221289,252,0.50022751,0.50225955,0.49717939,老公,社会比较与人生进度,0.55712271,3135
3136,回娘家,回娘家,3,tencent_ai_lab_chinese_embedding_light_mirror_mvp,0.66812336,268,0.50021935,0.5068872,0.49021742,婚礼,婚恋,0.55956781,3136
3137,妞儿,妞儿,2,tencent_ai_lab_chinese_embedding_light_mirror_mvp,0.48597897,4636,0.5002166,0.50548083,0.49232015,女朋友,对象关系,0.55220389,3137
3138,坎坷,坎坷,2,tencent_ai_lab_chinese_embedding_light_mirror_mvp,0.54192271,1817,0.50020075,0.51004112,0.48544011,人生阶段,社会比较与人生进度,0.55066621,3138
3139,我们家,我们家,3,tencent_ai_lab_chinese_embedding_light_mirror_mvp,0.58313882,924,0.50019991,0.50752282,0.48921558,拥抱,婚恋,0.52865571,3139
3140,休学,休学,2,tencent_ai_lab_chinese_embedding_light_mirror_mvp,0.50119185,3582,0.50015569,0.51261359,0.48146889,散步,社会比较与人生进度,0.5143075,3140
3141,父辈,父辈,2,tencent_ai_lab_chinese_embedding_light_mirror_mvp,0.5436729,1760,0.50013345,0.50236809,0.4967815,老公,社会比较与人生进度,0.54337323,3141
3142,家庭治疗,家庭治疗,4,tencent_ai_lab_chinese_embedding_light_mirror_mvp,0.50271128,3491,0.50010622,0.50604546,0.49119726,伴侣,婚恋,0.54023385,3142
3143,自私自利,自私自利,4,tencent_ai_lab_chinese_embedding_light_mirror_mvp,0.4903283,4301,0.50006986,0.50604391,0.49110878,亲密,社会比较与人生进度,0.58069134,3143
3144,性冲动,性冲动,3,tencent_ai_lab_chinese_embedding_light_mirror_mvp,0.58764222,863,0.50002426,0.50535661,0.4920257,感情史,亲密行为,0.54189354,3144
3145,户外,户外,2,tencent_ai_lab_chinese_embedding_light_mirror_mvp,0.50244193,3504,0.50000018,0.51314402,0.48028436,散步,约会,0.5133251,3145
3146,复合,复合,2,tencent_ai_lab_chinese_embedding_light_mirror_mvp,0.59224246,802,0.49999258,0.50188982,0.4971467,单身,亲密行为,0.54406387,3146
3147,她们,她们,2,tencent_ai_lab_chinese_embedding_light_mirror_mvp,0.58654993,877,0.49994969,0.50649655,0.49012932,女朋友,社会比较与人生进度,0.56069374,3147
3148,新鲜感,新鲜感,3,tencent_ai_lab_chinese_embedding_light_mirror_mvp,0.56274426,1275,0.49994618,0.50293648,0.49546072,感情史,社会比较与人生进度,0.55443001,3148
3149,心理疾病,心理疾病,4,tencent_ai_lab_chinese_embedding_light_mirror_mvp,0.55737833,1388,0.49986506,0.50332463,0.49467561,感情史,社会比较与人生进度,0.55685937,3149
3150,通电话,通电话,3,tencent_ai_lab_chinese_embedding_light_mirror_mvp,0.49395885,4052,0.49984223,0.50903153,0.48605824,对象,亲密行为,0.53091609,3150
3151,抑郁症,抑郁症,3,tencent_ai_lab_chinese_embedding_light_mirror_mvp,0.4901011,4313,0.49979916,0.50405765,0.49341142,伴侣,社会比较与人生进度,0.56259787,3151
3152,产房,产房,2,tencent_ai_lab_chinese_embedding_light_mirror_mvp,0.50665121,3286,0.49975222,0.50163352,0.49693021,妻子,婚恋,0.56188941,3152
3153,姐妹,姐妹,2,tencent_ai_lab_chinese_embedding_light_mirror_mvp,0.58602757,882,0.4997043,0.50243038,0.49561512,伴侣,社会比较与人生进度,0.58356798,3153
3154,优柔寡断,优柔寡断,4,tencent_ai_lab_chinese_embedding_light_mirror_mvp,0.48741717,4521,0.49965256,0.51295012,0.4797062,脱单,单身与脱单,0.51079011,3154
3155,班主任,班主任,3,tencent_ai_lab_chinese_embedding_light_mirror_mvp,0.6974983,183,0.49963701,0.50461841,0.49216485,前任,校园恋爱,0.5160079,3155
3156,妯娌,妯娌,2,tencent_ai_lab_chinese_embedding_light_mirror_mvp,0.59849219,726,0.49960977,0.50108933,0.49739036,亲密,社会比较与人生进度,0.5618608,3156
3157,人父,人父,2,tencent_ai_lab_chinese_embedding_light_mirror_mvp,0.48851129,4435,0.49945855,0.50568551,0.49011815,同龄人,社会比较与人生进度,0.52848411,3157
3158,自拍,自拍,2,tencent_ai_lab_chinese_embedding_light_mirror_mvp,0.52231236,2501,0.49935758,0.51310241,0.47874033,单身,社会比较与人生进度,0.56648517,3158
3159,作为,作为,2,tencent_ai_lab_chinese_embedding_light_mirror_mvp,0.48245236,4922,0.49934095,0.50177294,0.49569288,追求,社会比较与人生进度,0.56640959,3159
3160,厌恶,厌恶,2,tencent_ai_lab_chinese_embedding_light_mirror_mvp,0.48619196,4620,0.49933493,0.52376282,0.46269307,落后,社会比较与人生进度,0.52722043,3160
3161,我爹,我爹,2,tencent_ai_lab_chinese_embedding_light_mirror_mvp,0.56280041,1274,0.49932885,0.51091331,0.4819521,老公,婚恋,0.53175628,3161
3162,节日,节日,2,tencent_ai_lab_chinese_embedding_light_mirror_mvp,0.49712456,3833,0.49931312,0.51522887,0.4754394,婚礼,表白与追求,0.5156042,3162
3163,你说,你说,2,tencent_ai_lab_chinese_embedding_light_mirror_mvp,0.61108985,593,0.49928939,0.50825053,0.48584762,对象,表白与追求,0.55378097,3163
3164,猜测,猜测,2,tencent_ai_lab_chinese_embedding_light_mirror_mvp,0.4940336,4044,0.4992753,0.50872272,0.48510408,追求,表白与追求,0.53713465,3164
3165,开房,开房,2,tencent_ai_lab_chinese_embedding_light_mirror_mvp,0.68448012,222,0.49926311,0.50485986,0.49086794,结婚,婚恋,0.56250548,3165
3166,心灵,心灵,2,tencent_ai_lab_chinese_embedding_light_mirror_mvp,0.56935819,1140,0.49924386,0.50210398,0.49495363,人生阶段,社会比较与人生进度,0.57070822,3166
3167,不要脸,不要脸,3,tencent_ai_lab_chinese_embedding_light_mirror_mvp,0.49080285,4271,0.49913523,0.51270682,0.4787778,没有对象,社会比较与人生进度,0.56667632,3167
3168,月子,月子,2,tencent_ai_lab_chinese_embedding_light_mirror_mvp,0.5442634,1737,0.49910387,0.51892281,0.46937546,妻子,婚恋,0.51982915,3168
3169,你妈,你妈,2,tencent_ai_lab_chinese_embedding_light_mirror_mvp,0.63430068,437,0.4990809,0.51106232,0.48110867,母胎单身,婚恋,0.52153867,3169
3170,捉奸,捉奸,2,tencent_ai_lab_chinese_embedding_light_mirror_mvp,0.57049351,1119,0.49903023,0.52041972,0.46694601,被追,表白与追求,0.51349449,3170
3171,出息,出息,2,tencent_ai_lab_chinese_embedding_light_mirror_mvp,0.49506437,3969,0.49901843,0.50851607,0.484772,落后,社会比较与人生进度,0.53129733,3171
3172,并肩作战,并肩作战,4,tencent_ai_lab_chinese_embedding_light_mirror_mvp,0.5020974,3526,0.49898267,0.50431931,0.49097767,牵手,社会比较与人生进度,0.51032501,3172
3173,我应该,我应该,3,tencent_ai_lab_chinese_embedding_light_mirror_mvp,0.48921881,4383,0.49896985,0.50105673,0.49583945,追求,社会比较与人生进度,0.61144525,3173
3174,干嘛,干嘛,2,tencent_ai_lab_chinese_embedding_light_mirror_mvp,0.55229627,1512,0.49896368,0.51054204,0.48159614,追求,表白与追求,0.55153376,3174
3175,品行,品行,2,tencent_ai_lab_chinese_embedding_light_mirror_mvp,0.48735702,4526,0.49895227,0.51166403,0.47988462,追求,表白与追求,0.54455703,3175
3176,纪念日,纪念日,3,tencent_ai_lab_chinese_embedding_light_mirror_mvp,0.50706195,3259,0.49891558,0.50870585,0.48423013,婚礼,表白与追求,0.5560506,3176
3177,老乡,老乡,2,tencent_ai_lab_chinese_embedding_light_mirror_mvp,0.50440357,3394,0.49887031,0.52390695,0.4613153,老婆,社会比较与人生进度,0.47949886,3177
3178,补课,补课,2,tencent_ai_lab_chinese_embedding_light_mirror_mvp,0.53521404,2027,0.49886858,0.51207614,0.47905716,追求,校园恋爱,0.52455747,3178
3179,姐弟,姐弟,2,tencent_ai_lab_chinese_embedding_light_mirror_mvp,0.52205348,2508,0.49876377,0.49933785,0.49790263,亲密,社会比较与人生进度,0.56136107,3179
3180,美貌,美貌,2,tencent_ai_lab_chinese_embedding_light_mirror_mvp,0.48702493,4551,0.4987511,0.50049353,0.49613747,对象,社会比较与人生进度,0.57958663,3180
3181,开开心心,开开心心,4,tencent_ai_lab_chinese_embedding_light_mirror_mvp,0.50426815,3396,0.49872339,0.50441754,0.49018207,亲密,表白与追求,0.55136925,3181
3182,唠叨,唠叨,2,tencent_ai_lab_chinese_embedding_light_mirror_mvp,0.54270804,1789,0.498676,0.50318658,0.4919101,伴侣,表白与追求,0.58135039,3182
3183,大姐,大姐,2,tencent_ai_lab_chinese_embedding_light_mirror_mvp,0.65253592,346,0.49865088,0.50798285,0.48465288,大学恋爱,社会比较与人生进度,0.51627278,3183
3184,心理治疗,心理治疗,4,tencent_ai_lab_chinese_embedding_light_mirror_mvp,0.52902991,2273,0.49864787,0.50302446,0.49208298,恋爱经验,社会比较与人生进度,0.56110752,3184
3185,过门,过门,2,tencent_ai_lab_chinese_embedding_light_mirror_mvp,0.52827973,2304,0.49861103,0.50832933,0.4840335,落后,社会比较与人生进度,0.54335368,3185
3186,无可厚非,无可厚非,4,tencent_ai_lab_chinese_embedding_light_mirror_mvp,0.48447014,4770,0.49860898,0.50470507,0.48946476,落后,社会比较与人生进度,0.5261932,3186
3187,才是,才是,2,tencent_ai_lab_chinese_embedding_light_mirror_mvp,0.532374,2137,0.49859631,0.50158691,0.49411032,对象,社会比较与人生进度,0.57560194,3187
3188,领导,领导,2,tencent_ai_lab_chinese_embedding_light_mirror_mvp,0.50327916,3453,0.49856764,0.51541805,0.47329202,对象,社会比较与人生进度,0.53715402,3188
3189,悲欢离合,悲欢离合,4,tencent_ai_lab_chinese_embedding_light_mirror_mvp,0.53853612,1924,0.49856645,0.50688976,0.48608151,喜欢的人,表白与追求,0.55091292,3189
3190,影视圈,影视圈,3,tencent_ai_lab_chinese_embedding_light_mirror_mvp,0.5083439,3192,0.49855959,0.51794839,0.46947637,看电影,社会比较与人生进度,0.54927874,3190
3191,带娃,带娃,2,tencent_ai_lab_chinese_embedding_light_mirror_mvp,0.62602189,490,0.4984993,0.50133967,0.49423873,伴侣,婚恋,0.53652334,3191
3192,互怼,互怼,2,tencent_ai_lab_chinese_embedding_light_mirror_mvp,0.52255051,2489,0.49848795,0.50282514,0.49198207,对象,社会比较与人生进度,0.54014385,3192
3193,我想说,我想说,3,tencent_ai_lab_chinese_embedding_light_mirror_mvp,0.49237452,4158,0.49840724,0.5009532,0.49458826,追求,表白与追求,0.58028936,3193
3194,初出茅庐,初出茅庐,4,tencent_ai_lab_chinese_embedding_light_mirror_mvp,0.4932539,4102,0.49839061,0.51225507,0.4775939,初恋,社会比较与人生进度,0.59045535,3194
3195,课间,课间,2,tencent_ai_lab_chinese_embedding_light_mirror_mvp,0.65733598,314,0.49837965,0.50527459,0.4880372,同桌,校园恋爱,0.55488753,3195
3196,待业,待业,2,tencent_ai_lab_chinese_embedding_light_mirror_mvp,0.52590318,2381,0.49836993,0.50269216,0.49188659,订婚,社会比较与人生进度,0.52677161,3196
3197,过世,过世,2,tencent_ai_lab_chinese_embedding_light_mirror_mvp,0.55717478,1390,0.49836218,0.5000214,0.49587336,人生阶段,社会比较与人生进度,0.59514749,3197
3198,我哥哥,我哥哥,3,tencent_ai_lab_chinese_embedding_light_mirror_mvp,0.54642656,1679,0.49835989,0.50982213,0.48116645,前男友,社会比较与人生进度,0.52556837,3198
3199,无可取代,无可取代,4,tencent_ai_lab_chinese_embedding_light_mirror_mvp,0.48454478,4763,0.4982695,0.50597024,0.48671833,没有对象,社会比较与人生进度,0.56083429,3199
3200,曝光,曝光,2,tencent_ai_lab_chinese_embedding_light_mirror_mvp,0.51329883,2922,0.49825892,0.50658977,0.48576257,被追,社会比较与人生进度,0.5440408,3200
3201,下一个,下一个,3,tencent_ai_lab_chinese_embedding_light_mirror_mvp,0.4864199,4602,0.49824685,0.49941581,0.49649334,脱单,社会比较与人生进度,0.59731472,3201
3202,那个时候,那个时候,4,tencent_ai_lab_chinese_embedding_light_mirror_mvp,0.48693658,4560,0.49816811,0.49907008,0.49681509,前任,社会比较与人生进度,0.62260526,3202
3203,晚自习,晚自习,3,tencent_ai_lab_chinese_embedding_light_mirror_mvp,0.62154589,523,0.49815655,0.50480413,0.48818517,早恋,社会比较与人生进度,0.53285182,3203
3204,房费,房费,2,tencent_ai_lab_chinese_embedding_light_mirror_mvp,0.49458922,4014,0.49814385,0.50522387,0.48752376,结婚,婚恋,0.54657942,3204
3205,打招呼,打招呼,3,tencent_ai_lab_chinese_embedding_light_mirror_mvp,0.53470356,2043,0.49811584,0.49934852,0.49626681,对象,表白与追求,0.57772231,3205
3206,外面,外面,2,tencent_ai_lab_chinese_embedding_light_mirror_mvp,0.52470632,2424,0.49810156,0.51034909,0.47973022,落后,社会比较与人生进度,0.53260177,3206
3207,极简,极简,2,tencent_ai_lab_chinese_embedding_light_mirror_mvp,0.50007803,3655,0.49807453,0.500054,0.4951053,落后,单身与脱单,0.50979817,3207
3208,长得,长得,2,tencent_ai_lab_chinese_embedding_light_mirror_mvp,0.49725728,3826,0.49806297,0.49879539,0.49696431,喜欢的人,社会比较与人生进度,0.62514699,3208
3209,珍视,珍视,2,tencent_ai_lab_chinese_embedding_light_mirror_mvp,0.51362605,2898,0.49804658,0.50563979,0.48665667,亲密,社会比较与人生进度,0.54702032,3209
3210,上下班,上下班,3,tencent_ai_lab_chinese_embedding_light_mirror_mvp,0.52383282,2448,0.49804169,0.49949104,0.49586764,老公,社会比较与人生进度,0.60517728,3210
3211,他特,他特,2,tencent_ai_lab_chinese_embedding_light_mirror_mvp,0.48498892,4725,0.49800545,0.50074756,0.49389228,男朋友,表白与追求,0.51289821,3211
3212,过夜,过夜,2,tencent_ai_lab_chinese_embedding_light_mirror_mvp,0.52377526,2452,0.49796504,0.51157874,0.47754446,错过青春,社会比较与人生进度,0.56272256,3212
3213,老四,老四,2,tencent_ai_lab_chinese_embedding_light_mirror_mvp,0.54261026,1794,0.49785793,0.5016892,0.49211097,老公,社会比较与人生进度,0.51147926,3213
3214,专一,专一,2,tencent_ai_lab_chinese_embedding_light_mirror_mvp,0.60115345,699,0.49784958,0.502967,0.49017334,亲密,表白与追求,0.54550815,3214
3215,小舅子,小舅子,3,tencent_ai_lab_chinese_embedding_light_mirror_mvp,0.71689093,143,0.49768949,0.50148505,0.49199614,丈夫,婚恋,0.53418314,3215
3216,拍过,拍过,2,tencent_ai_lab_chinese_embedding_light_mirror_mvp,0.49685366,3849,0.49765688,0.50241387,0.49052131,没谈过恋爱,社会比较与人生进度,0.58783025,3216
3217,泪奔,泪奔,2,tencent_ai_lab_chinese_embedding_light_mirror_mvp,0.50491201,3370,0.49765566,0.49893674,0.49573398,暗恋,表白与追求,0.56561148,3217
3218,明媚,明媚,2,tencent_ai_lab_chinese_embedding_light_mirror_mvp,0.55582844,1413,0.49759644,0.50366616,0.48849174,表白,表白与追求,0.55089658,3218
3219,商量,商量,2,tencent_ai_lab_chinese_embedding_light_mirror_mvp,0.52493879,2412,0.4975456,0.50164497,0.49139646,亲密,约会,0.5340147,3219
3220,课堂,课堂,2,tencent_ai_lab_chinese_embedding_light_mirror_mvp,0.50786157,3217,0.49754363,0.50898427,0.48038271,同桌,校园恋爱,0.53563601,3220
3221,容忍,容忍,2,tencent_ai_lab_chinese_embedding_light_mirror_mvp,0.50526874,3350,0.49753433,0.49823505,0.49648318,对象,社会比较与人生进度,0.5782041,3221
3222,勤俭持家,勤俭持家,4,tencent_ai_lab_chinese_embedding_light_mirror_mvp,0.52732618,2332,0.49748188,0.5012005,0.49190393,妻子,婚恋,0.54959381,3222
3223,那是,那是,2,tencent_ai_lab_chinese_embedding_light_mirror_mvp,0.48810061,4466,0.49740779,0.50896007,0.48007932,追求,表白与追求,0.54547799,3223
3224,新妈,新妈,2,tencent_ai_lab_chinese_embedding_light_mirror_mvp,0.52126259,2539,0.49738777,0.5024882,0.48973712,母胎单身,婚恋,0.51251829,3224
3225,总在,总在,2,tencent_ai_lab_chinese_embedding_light_mirror_mvp,0.48481422,4736,0.49731135,0.50182426,0.49054193,被追,社会比较与人生进度,0.57459158,3225
3226,比分,比分,2,tencent_ai_lab_chinese_embedding_light_mirror_mvp,0.53777041,1953,0.49730349,0.50600791,0.48424682,对象,社会比较与人生进度,0.55760747,3226
3227,小表妹,小表妹,3,tencent_ai_lab_chinese_embedding_light_mirror_mvp,0.62023981,534,0.49729335,0.53407544,0.44212016,表白,表白与追求,0.47901821,3227
3228,知道,知道,2,tencent_ai_lab_chinese_embedding_light_mirror_mvp,0.54817396,1624,0.49720359,0.50114071,0.49129784,告白,社会比较与人生进度,0.58533031,3228
3229,去逝,去逝,2,tencent_ai_lab_chinese_embedding_light_mirror_mvp,0.55041577,1560,0.49716544,0.50012064,0.49273261,散步,表白与追求,0.54542464,3229
3230,金钱,金钱,2,tencent_ai_lab_chinese_embedding_light_mirror_mvp,0.58612061,880,0.49713174,0.50268966,0.4887948,对象,社会比较与人生进度,0.54098773,3230
3231,沸沸扬扬,沸沸扬扬,4,tencent_ai_lab_chinese_embedding_light_mirror_mvp,0.49003977,4318,0.49704355,0.51443219,0.47096053,落后,表白与追求,0.54030442,3231
3232,就说,就说,2,tencent_ai_lab_chinese_embedding_light_mirror_mvp,0.56479447,1233,0.4970153,0.5000934,0.49239817,对象,约会,0.56270587,3232
3233,酸甜苦辣,酸甜苦辣,4,tencent_ai_lab_chinese_embedding_light_mirror_mvp,0.48392435,4811,0.49700886,0.50064635,0.49155256,爱情,表白与追求,0.54775655,3233
3234,使你,使你,2,tencent_ai_lab_chinese_embedding_light_mirror_mvp,0.50597882,3321,0.49697593,0.49786264,0.49564585,伴侣,表白与追求,0.58029902,3234
3235,仇人,仇人,2,tencent_ai_lab_chinese_embedding_light_mirror_mvp,0.55842111,1356,0.4968791,0.50166404,0.4897016,恋人,社会比较与人生进度,0.51159596,3235
3236,豁达,豁达,2,tencent_ai_lab_chinese_embedding_light_mirror_mvp,0.5059902,3320,0.49686581,0.515293,0.46922502,落后,社会比较与人生进度,0.50294423,3236
3237,大姨,大姨,2,tencent_ai_lab_chinese_embedding_light_mirror_mvp,0.62459353,500,0.49685699,0.49766552,0.49564412,亲密,婚恋,0.54526401,3237
3238,属性,属性,2,tencent_ai_lab_chinese_embedding_light_mirror_mvp,0.4992417,3701,0.49674225,0.50393438,0.48595393,对象,社会比较与人生进度,0.57345718,3238
3239,不知道,不知道,3,tencent_ai_lab_chinese_embedding_light_mirror_mvp,0.53871551,1918,0.49670699,0.50175852,0.48912963,没有对象,社会比较与人生进度,0.59111828,3239
3240,考研,考研,2,tencent_ai_lab_chinese_embedding_light_mirror_mvp,0.55817745,1366,0.49663886,0.50713712,0.48089147,大学恋爱,表白与追求,0.52798438,3240
3241,如果你,如果你,3,tencent_ai_lab_chinese_embedding_light_mirror_mvp,0.52123137,2540,0.49661851,0.5027054,0.48748818,对象,社会比较与人生进度,0.56601906,3241
3242,就是,就是,2,tencent_ai_lab_chinese_embedding_light_mirror_mvp,0.51463969,2847,0.49659806,0.50225806,0.48810801,追求,社会比较与人生进度,0.55303454,3242
3243,忧愁,忧愁,2,tencent_ai_lab_chinese_embedding_light_mirror_mvp,0.49596354,3920,0.49659014,0.50145245,0.48929664,拥抱,表白与追求,0.54919553,3243
3244,共同利益,共同利益,4,tencent_ai_lab_chinese_embedding_light_mirror_mvp,0.49632277,3889,0.4965632,0.49695083,0.49598172,亲密关系,社会比较与人生进度,0.51537931,3244
3245,首付,首付,2,tencent_ai_lab_chinese_embedding_light_mirror_mvp,0.49379596,4068,0.49656314,0.50152224,0.48912445,订婚,社会比较与人生进度,0.53450179,3245
3246,双亡,双亡,2,tencent_ai_lab_chinese_embedding_light_mirror_mvp,0.48815143,4463,0.49652463,0.50867254,0.47830272,脱单,单身与脱单,0.52202612,3246
3247,总是,总是,2,tencent_ai_lab_chinese_embedding_light_mirror_mvp,0.53071158,2206,0.49650234,0.50182372,0.48852029,追求,社会比较与人生进度,0.56444776,3247
3248,谈崩,谈崩,2,tencent_ai_lab_chinese_embedding_light_mirror_mvp,0.55285361,1499,0.49649575,0.50720459,0.48043242,没谈过恋爱,单身与脱单,0.51855767,3248
3249,自责,自责,2,tencent_ai_lab_chinese_embedding_light_mirror_mvp,0.51189874,2992,0.49644572,0.50641608,0.48149014,被追,社会比较与人生进度,0.56964964,3249
3250,自然,自然,2,tencent_ai_lab_chinese_embedding_light_mirror_mvp,0.49831332,3753,0.49631262,0.51120871,0.47396842,落后,社会比较与人生进度,0.52407503,3250
3251,潸然泪下,潸然泪下,4,tencent_ai_lab_chinese_embedding_light_mirror_mvp,0.48268844,4913,0.4963083,0.50204515,0.487703,落后,社会比较与人生进度,0.55798388,3251
3252,乏味,乏味,2,tencent_ai_lab_chinese_embedding_light_mirror_mvp,0.49040922,4294,0.49630684,0.50395644,0.48483238,落后,社会比较与人生进度,0.54087424,3252
3253,相知,相知,2,tencent_ai_lab_chinese_embedding_light_mirror_mvp,0.60603249,649,0.4962953,0.50168335,0.48821321,对象,表白与追求,0.57698637,3253
3254,超甜,超甜,2,tencent_ai_lab_chinese_embedding_light_mirror_mvp,0.52121993,2541,0.49624667,0.49943262,0.49146771,接吻,亲密行为,0.54893047,3254
3255,奋不顾身,奋不顾身,4,tencent_ai_lab_chinese_embedding_light_mirror_mvp,0.49885166,3724,0.49621457,0.50569081,0.4820002,单身,表白与追求,0.56299436,3255
3256,服务员,服务员,3,tencent_ai_lab_chinese_embedding_light_mirror_mvp,0.51053469,3066,0.49619472,0.50229061,0.48705089,校服,社会比较与人生进度,0.49723181,3256
3257,悲痛欲绝,悲痛欲绝,4,tencent_ai_lab_chinese_embedding_light_mirror_mvp,0.55260072,1506,0.4961921,0.50316846,0.48572752,暗恋,表白与追求,0.55532831,3257
3258,课间操,课间操,3,tencent_ai_lab_chinese_embedding_light_mirror_mvp,0.56206419,1289,0.4961738,0.51039463,0.47484246,校服,校园恋爱,0.52990764,3258
3259,少妇,少妇,2,tencent_ai_lab_chinese_embedding_light_mirror_mvp,0.52000487,2594,0.49611425,0.50740933,0.4791716,妻子,社会比较与人生进度,0.49823093,3259
3260,今世,今世,2,tencent_ai_lab_chinese_embedding_light_mirror_mvp,0.48949965,4367,0.49610278,0.50218523,0.4869791,前任,恋爱历史,0.55091679,3260
3261,误解,误解,2,tencent_ai_lab_chinese_embedding_light_mirror_mvp,0.4981486,3768,0.49608177,0.50531191,0.48223653,落后,社会比较与人生进度,0.6003654,3261
3262,立业,立业,2,tencent_ai_lab_chinese_embedding_light_mirror_mvp,0.48782996,4488,0.49606532,0.51135355,0.473133,订婚,婚恋,0.50534129,3262
3263,不羁,不羁,2,tencent_ai_lab_chinese_embedding_light_mirror_mvp,0.51742274,2711,0.49602246,0.50431424,0.48358479,落后,社会比较与人生进度,0.56219846,3263
3264,成瘾者,成瘾者,3,tencent_ai_lab_chinese_embedding_light_mirror_mvp,0.49535675,3956,0.49602076,0.49951869,0.49077383,同龄人,社会比较与人生进度,0.5538919,3264
3265,停学,停学,2,tencent_ai_lab_chinese_embedding_light_mirror_mvp,0.4923743,4159,0.49600261,0.50346673,0.48480645,散步,校园恋爱,0.54628098,3265
3266,哭泣,哭泣,2,tencent_ai_lab_chinese_embedding_light_mirror_mvp,0.52219088,2505,0.49597266,0.50280344,0.48572645,拥抱,表白与追求,0.52928042,3266
3267,长子,长子,2,tencent_ai_lab_chinese_embedding_light_mirror_mvp,0.57401516,1070,0.49596843,0.51050222,0.47416767,妻子,婚恋,0.50162274,3267
3268,周末,周末,2,tencent_ai_lab_chinese_embedding_light_mirror_mvp,0.49333919,4097,0.49596173,0.49951094,0.49063787,约会,约会,0.56181508,3268
3269,很丑,很丑,2,tencent_ai_lab_chinese_embedding_light_mirror_mvp,0.49683771,3851,0.49595279,0.51016796,0.47462997,落后,社会比较与人生进度,0.54318345,3269
3270,只是,只是,2,tencent_ai_lab_chinese_embedding_light_mirror_mvp,0.5214126,2530,0.4959473,0.501737,0.48726273,单身,单身与脱单,0.54945898,3270
3271,世事,世事,2,tencent_ai_lab_chinese_embedding_light_mirror_mvp,0.51483397,2838,0.49594641,0.50457954,0.48299673,感情史,社会比较与人生进度,0.51834428,3271
3272,平庸,平庸,2,tencent_ai_lab_chinese_embedding_light_mirror_mvp,0.5377933,1951,0.49593288,0.51261109,0.47091553,落后,社会比较与人生进度,0.58594298,3272
3273,太累,太累,2,tencent_ai_lab_chinese_embedding_light_mirror_mvp,0.52923586,2263,0.49593139,0.49925017,0.49095318,散步,社会比较与人生进度,0.57831085,3273
3274,欠债人,欠债人,3,tencent_ai_lab_chinese_embedding_light_mirror_mvp,0.48233094,4935,0.49584615,0.49980837,0.48990282,喜欢的人,社会比较与人生进度,0.51094127,3274
3275,不育,不育,2,tencent_ai_lab_chinese_embedding_light_mirror_mvp,0.49794602,3783,0.49581975,0.50049138,0.48881224,没有对象,单身与脱单,0.56903088,3275
3276,入睡,入睡,2,tencent_ai_lab_chinese_embedding_light_mirror_mvp,0.48415745,4798,0.49581271,0.50416523,0.48328391,亲密,社会比较与人生进度,0.57266259,3276
3277,能让,能让,2,tencent_ai_lab_chinese_embedding_light_mirror_mvp,0.48830051,4448,0.49580464,0.50044751,0.48884025,对象,亲密行为,0.50913095,3277
3278,厌烦,厌烦,2,tencent_ai_lab_chinese_embedding_light_mirror_mvp,0.51487204,2833,0.49574637,0.49936929,0.49031198,落后,社会比较与人生进度,0.55750972,3278
3279,澄清,澄清,2,tencent_ai_lab_chinese_embedding_light_mirror_mvp,0.49074514,4275,0.49571788,0.49626085,0.49490342,被追,表白与追求,0.56739616,3279
3280,肤浅,肤浅,2,tencent_ai_lab_chinese_embedding_light_mirror_mvp,0.51820958,2677,0.4957003,0.50447106,0.48254409,表白,社会比较与人生进度,0.58772147,3280
3281,宝爸,宝爸,2,tencent_ai_lab_chinese_embedding_light_mirror_mvp,0.50686427,3268,0.4956938,0.50368387,0.48370862,老公,婚恋,0.50682545,3281
3282,良缘,良缘,2,tencent_ai_lab_chinese_embedding_light_mirror_mvp,0.61127343,591,0.49567762,0.50004971,0.48911944,伴侣,社会比较与人生进度,0.56294787,3282
3283,女护士,女护士,3,tencent_ai_lab_chinese_embedding_light_mirror_mvp,0.52799168,2315,0.49556655,0.51450479,0.46715912,女朋友,对象关系,0.48650452,3283
3284,茫茫人海,茫茫人海,4,tencent_ai_lab_chinese_embedding_light_mirror_mvp,0.51154689,3013,0.49553663,0.51828396,0.46141553,人生阶段,社会比较与人生进度,0.56654716,3284
3285,家中,家中,2,tencent_ai_lab_chinese_embedding_light_mirror_mvp,0.56056457,1316,0.4954927,0.49954671,0.48941168,老公,社会比较与人生进度,0.54306096,3285
3286,不良情绪,不良情绪,4,tencent_ai_lab_chinese_embedding_light_mirror_mvp,0.49348437,4089,0.49546015,0.50197947,0.48568118,感情史,社会比较与人生进度,0.58678037,3286
3287,留电话,留电话,3,tencent_ai_lab_chinese_embedding_light_mirror_mvp,0.48778583,4494,0.49539989,0.50140172,0.48639718,对象,约会,0.55739659,3287
3288,吵着,吵着,2,tencent_ai_lab_chinese_embedding_light_mirror_mvp,0.53772153,1955,0.49536908,0.50000483,0.48841539,老公,社会比较与人生进度,0.56102067,3288
3289,吐槽,吐槽,2,tencent_ai_lab_chinese_embedding_light_mirror_mvp,0.48472847,4745,0.49535039,0.50603044,0.47933027,落后,社会比较与人生进度,0.57896864,3289
3290,面子,面子,2,tencent_ai_lab_chinese_embedding_light_mirror_mvp,0.48879468,4413,0.49534446,0.51004684,0.47329083,妻子,社会比较与人生进度,0.52093935,3290
3291,多妈,多妈,2,tencent_ai_lab_chinese_embedding_light_mirror_mvp,0.51415906,2872,0.49525362,0.52490175,0.45078146,母胎单身,单身与脱单,0.47183585,3291
3292,班级,班级,2,tencent_ai_lab_chinese_embedding_light_mirror_mvp,0.6192991,540,0.49524444,0.49860358,0.49020576,同桌,社会比较与人生进度,0.57262641,3292
3293,我相信,我相信,3,tencent_ai_lab_chinese_embedding_light_mirror_mvp,0.49325517,4101,0.49513388,0.5057075,0.47927344,亲密,社会比较与人生进度,0.53662503,3293
3294,星座,星座,2,tencent_ai_lab_chinese_embedding_light_mirror_mvp,0.56598115,1211,0.49512047,0.50535285,0.47977182,对象,对象关系,0.53366816,3294
3295,还说,还说,2,tencent_ai_lab_chinese_embedding_light_mirror_mvp,0.65361688,337,0.4951061,0.49969968,0.48821568,对象,表白与追求,0.55109537,3295
3296,私生,私生,2,tencent_ai_lab_chinese_embedding_light_mirror_mvp,0.51042541,3073,0.49505359,0.49892664,0.48924395,老公,单身与脱单,0.49851814,3296
3297,那时,那时,2,tencent_ai_lab_chinese_embedding_light_mirror_mvp,0.51501043,2824,0.49503851,0.49995077,0.48767009,前任,社会比较与人生进度,0.59452558,3297
3298,性格开朗,性格开朗,4,tencent_ai_lab_chinese_embedding_light_mirror_mvp,0.53256048,2124,0.49502331,0.49836829,0.49000588,喜欢的人,社会比较与人生进度,0.60157859,3298
3299,女权主义,女权主义,4,tencent_ai_lab_chinese_embedding_light_mirror_mvp,0.52955377,2250,0.49500787,0.50920379,0.47371399,女朋友,社会比较与人生进度,0.47779134,3299
3300,换了,换了,2,tencent_ai_lab_chinese_embedding_light_mirror_mvp,0.488179,4460,0.49499008,0.50021136,0.48715815,落后,社会比较与人生进度,0.55387568,3300
3301,新鲜期,新鲜期,3,tencent_ai_lab_chinese_embedding_light_mirror_mvp,0.52350073,2461,0.49495018,0.50075805,0.48623833,伴侣,社会比较与人生进度,0.55568212,3301
3302,下属,下属,2,tencent_ai_lab_chinese_embedding_light_mirror_mvp,0.49061216,4284,0.49494821,0.50293428,0.48296902,对象,社会比较与人生进度,0.52681124,3302
3303,有一天,有一天,3,tencent_ai_lab_chinese_embedding_light_mirror_mvp,0.52951719,2253,0.49492139,0.49980727,0.48759246,被追,社会比较与人生进度,0.5820483,3303
3304,伤痛,伤痛,2,tencent_ai_lab_chinese_embedding_light_mirror_mvp,0.50861712,3176,0.49488497,0.49654415,0.49239615,恋爱经历,社会比较与人生进度,0.5634135,3304
3305,交心,交心,2,tencent_ai_lab_chinese_embedding_light_mirror_mvp,0.56574144,1215,0.49480447,0.49942213,0.48787794,感情史,亲密行为,0.54861069,3305
3306,双目失明,双目失明,4,tencent_ai_lab_chinese_embedding_light_mirror_mvp,0.48962256,4354,0.49479985,0.51746941,0.46079549,脱单,单身与脱单,0.50631964,3306
3307,志趣,志趣,2,tencent_ai_lab_chinese_embedding_light_mirror_mvp,0.53830829,1931,0.49478576,0.49852255,0.48918054,追求,社会比较与人生进度,0.54689395,3307
3308,上街,上街,2,tencent_ai_lab_chinese_embedding_light_mirror_mvp,0.52407644,2442,0.49475512,0.51010501,0.47173023,散步,社会比较与人生进度,0.53073585,3308
3309,但也,但也,2,tencent_ai_lab_chinese_embedding_light_mirror_mvp,0.48852577,4434,0.49474019,0.49803543,0.48979726,追求,社会比较与人生进度,0.54576123,3309
3310,理想境界,理想境界,4,tencent_ai_lab_chinese_embedding_light_mirror_mvp,0.54556119,1698,0.49470282,0.5106566,0.47077206,人生阶段,社会比较与人生进度,0.55741411,3310
3311,冷漠,冷漠,2,tencent_ai_lab_chinese_embedding_light_mirror_mvp,0.5509464,1544,0.49465746,0.50212657,0.48345366,落后,单身与脱单,0.51891494,3311
3312,损友,损友,2,tencent_ai_lab_chinese_embedding_light_mirror_mvp,0.59377675,788,0.4946183,0.49839973,0.48894611,前男友,对象关系,0.51923156,3312
3313,命运,命运,2,tencent_ai_lab_chinese_embedding_light_mirror_mvp,0.50958457,3129,0.49455044,0.50588048,0.4775553,人生阶段,社会比较与人生进度,0.59891748,3313
3314,纠葛,纠葛,2,tencent_ai_lab_chinese_embedding_light_mirror_mvp,0.5499788,1565,0.49451351,0.49857503,0.4884212,被追,表白与追求,0.54386491,3314
3315,升华,升华,2,tencent_ai_lab_chinese_embedding_light_mirror_mvp,0.57077372,1116,0.49450731,0.50457418,0.47940698,落后,社会比较与人生进度,0.56431735,3315
3316,医生,医生,2,tencent_ai_lab_chinese_embedding_light_mirror_mvp,0.52254961,2490,0.49448064,0.49998885,0.48621824,老公,婚恋,0.51534253,3316
3317,天生一对,天生一对,4,tencent_ai_lab_chinese_embedding_light_mirror_mvp,0.55074949,1548,0.4943018,0.49777085,0.48909816,学生情侣,社会比较与人生进度,0.52745223,3317
3318,灿烂,灿烂,2,tencent_ai_lab_chinese_embedding_light_mirror_mvp,0.50291657,3475,0.49420375,0.50978076,0.47083819,落后,社会比较与人生进度,0.52159685,3318
3319,生完,生完,2,tencent_ai_lab_chinese_embedding_light_mirror_mvp,0.59150934,811,0.49419498,0.50183618,0.48273316,结婚,婚恋,0.53703374,3319
3320,这一天,这一天,3,tencent_ai_lab_chinese_embedding_light_mirror_mvp,0.48322212,4865,0.49417514,0.50253832,0.48163033,人生阶段,表白与追求,0.56359786,3320
3321,尽孝,尽孝,2,tencent_ai_lab_chinese_embedding_light_mirror_mvp,0.50131102,3576,0.49415454,0.50057346,0.48452616,丈夫,婚恋,0.54929924,3321
3322,虚情假意,虚情假意,4,tencent_ai_lab_chinese_embedding_light_mirror_mvp,0.55223658,1515,0.49412027,0.49958718,0.48591986,爱情,社会比较与人生进度,0.53548741,3322
3323,下家,下家,2,tencent_ai_lab_chinese_embedding_light_mirror_mvp,0.48470082,4748,0.49408919,0.49583209,0.49147478,落后,婚恋,0.55051541,3323
3324,讲真,讲真,2,tencent_ai_lab_chinese_embedding_light_mirror_mvp,0.54737226,1653,0.49407399,0.50125647,0.48330021,亲密,表白与追求,0.51558578,3324
3325,庆功会,庆功会,3,tencent_ai_lab_chinese_embedding_light_mirror_mvp,0.48992363,4330,0.49400324,0.51001447,0.46998635,约会,约会,0.47304931,3325
3326,到来,到来,2,tencent_ai_lab_chinese_embedding_light_mirror_mvp,0.51941496,2630,0.49398619,0.49659389,0.49007455,落后,社会比较与人生进度,0.59917867,3326
3327,难能可贵,难能可贵,4,tencent_ai_lab_chinese_embedding_light_mirror_mvp,0.4954895,3948,0.49393946,0.49830925,0.48738468,落后,社会比较与人生进度,0.56495655,3327
3328,坐在,坐在,2,tencent_ai_lab_chinese_embedding_light_mirror_mvp,0.51217582,2982,0.4939152,0.49721169,0.48897043,拥抱,约会,0.54693711,3328
3329,自小,自小,2,tencent_ai_lab_chinese_embedding_light_mirror_mvp,0.49374279,4074,0.4938693,0.50140059,0.48257229,同龄人,社会比较与人生进度,0.58344299,3329
3330,心间,心间,2,tencent_ai_lab_chinese_embedding_light_mirror_mvp,0.50810874,3205,0.49382249,0.49950784,0.48529437,牵手,表白与追求,0.54325128,3330
3331,活好,活好,2,tencent_ai_lab_chinese_embedding_light_mirror_mvp,0.51417058,2870,0.49380779,0.49931887,0.48554119,人生阶段,社会比较与人生进度,0.58917105,3331
3332,庸人自扰,庸人自扰,4,tencent_ai_lab_chinese_embedding_light_mirror_mvp,0.51261379,2963,0.49378896,0.50234723,0.48095146,别人都有对象,社会比较与人生进度,0.5884316,3332
3333,自我完善,自我完善,4,tencent_ai_lab_chinese_embedding_light_mirror_mvp,0.53434504,2059,0.4937543,0.50069165,0.48334822,亲密,社会比较与人生进度,0.57938313,3333
3334,打游戏,打游戏,3,tencent_ai_lab_chinese_embedding_light_mirror_mvp,0.60005391,709,0.49370128,0.50271869,0.48017514,看电影,约会,0.54368979,3334
3335,悠闲地,悠闲地,3,tencent_ai_lab_chinese_embedding_light_mirror_mvp,0.51014029,3093,0.49345005,0.49862143,0.48569295,散步,社会比较与人生进度,0.51312685,3335
3336,游手好闲,游手好闲,4,tencent_ai_lab_chinese_embedding_light_mirror_mvp,0.49122205,4238,0.49343741,0.50259614,0.47969934,牵手,社会比较与人生进度,0.52607858,3336
3337,上衣,上衣,2,tencent_ai_lab_chinese_embedding_light_mirror_mvp,0.56306959,1269,0.49341357,0.51628661,0.45910391,校服,婚恋,0.49693406,3337
3338,乱搞,乱搞,2,tencent_ai_lab_chinese_embedding_light_mirror_mvp,0.56094507,1305,0.49329257,0.49492353,0.49084616,落后,社会比较与人生进度,0.5711813,3338
3339,喝酒,喝酒,2,tencent_ai_lab_chinese_embedding_light_mirror_mvp,0.53332794,2101,0.49325272,0.4997642,0.48348546,约饭,表白与追求,0.55321926,3339
3340,痛哭,痛哭,2,tencent_ai_lab_chinese_embedding_light_mirror_mvp,0.50403103,3409,0.49324614,0.49788129,0.48629335,拥抱,社会比较与人生进度,0.54192257,3340
3341,觉察,觉察,2,tencent_ai_lab_chinese_embedding_light_mirror_mvp,0.53924687,1900,0.49315155,0.49502778,0.4903371,被追,表白与追求,0.55065084,3341
3342,短发,短发,2,tencent_ai_lab_chinese_embedding_light_mirror_mvp,0.52796813,2316,0.49314541,0.50277776,0.47869682,单身,单身与脱单,0.52369744,3342
3343,勇敢面对,勇敢面对,4,tencent_ai_lab_chinese_embedding_light_mirror_mvp,0.4932932,4100,0.49314523,0.49358344,0.49248788,追求,社会比较与人生进度,0.58412194,3343
3344,人渣,人渣,2,tencent_ai_lab_chinese_embedding_light_mirror_mvp,0.5491017,1593,0.49313635,0.49535662,0.48980594,人生阶段,社会比较与人生进度,0.58658206,3344
3345,嫖娼,嫖娼,2,tencent_ai_lab_chinese_embedding_light_mirror_mvp,0.53449697,2053,0.49312651,0.4964774,0.48810008,对象,表白与追求,0.53525007,3345
3346,英语老师,英语老师,4,tencent_ai_lab_chinese_embedding_light_mirror_mvp,0.64224042,388,0.4931249,0.50007117,0.48270544,学生情侣,校园恋爱,0.48127657,3346
3347,生意,生意,2,tencent_ai_lab_chinese_embedding_light_mirror_mvp,0.48238707,4930,0.49311376,0.50150037,0.48053381,对象,社会比较与人生进度,0.53703141,3347
3348,当你,当你,2,tencent_ai_lab_chinese_embedding_light_mirror_mvp,0.53130689,2185,0.49310967,0.49797422,0.48581278,恋情,表白与追求,0.58796608,3348
3349,还债,还债,2,tencent_ai_lab_chinese_embedding_light_mirror_mvp,0.50193111,3539,0.49310684,0.49841142,0.48514995,结婚,婚恋,0.53073323,3349
3350,旁若无人,旁若无人,4,tencent_ai_lab_chinese_embedding_light_mirror_mvp,0.48530002,4692,0.49310559,0.50201333,0.47974396,恋人,社会比较与人生进度,0.52949822,3350
3351,你家,你家,2,tencent_ai_lab_chinese_embedding_light_mirror_mvp,0.49344826,4090,0.49309057,0.49721283,0.48690715,拥抱,婚恋,0.55871189,3351
3352,外在,外在,2,tencent_ai_lab_chinese_embedding_light_mirror_mvp,0.57887598,999,0.49306786,0.49625027,0.48829421,散步,社会比较与人生进度,0.56396329,3352
3353,催泪,催泪,2,tencent_ai_lab_chinese_embedding_light_mirror_mvp,0.48934535,4373,0.49304622,0.49650878,0.48785233,恋情,表白与追求,0.5407213,3353
3354,逛商场,逛商场,3,tencent_ai_lab_chinese_embedding_light_mirror_mvp,0.60668317,644,0.49298853,0.50287771,0.47815466,约会,约会,0.57390165,3354
3355,短信内容,短信内容,4,tencent_ai_lab_chinese_embedding_light_mirror_mvp,0.48951291,4364,0.4929195,0.49786741,0.48549762,告白,表白与追求,0.54736525,3355
3356,微信里,微信里,3,tencent_ai_lab_chinese_embedding_light_mirror_mvp,0.54380977,1754,0.49280387,0.49458444,0.49013296,别人都有对象,表白与追求,0.57765532,3356
3357,生个,生个,2,tencent_ai_lab_chinese_embedding_light_mirror_mvp,0.60277205,682,0.49280214,0.50090867,0.48064235,人生阶段,社会比较与人生进度,0.523296,3357
3358,回家吧,回家吧,3,tencent_ai_lab_chinese_embedding_light_mirror_mvp,0.50057858,3621,0.49279946,0.49586001,0.48820865,散步,约会,0.57984948,3358
3359,还小,还小,2,tencent_ai_lab_chinese_embedding_light_mirror_mvp,0.5898041,832,0.49277616,0.49705994,0.48635045,落后,社会比较与人生进度,0.56301421,3359
3360,玩游戏,玩游戏,3,tencent_ai_lab_chinese_embedding_light_mirror_mvp,0.52656937,2362,0.49276853,0.49840033,0.48432079,看电影,社会比较与人生进度,0.52539051,3360
3361,行房,行房,2,tencent_ai_lab_chinese_embedding_light_mirror_mvp,0.55811884,1368,0.49270076,0.5067398,0.47164211,订婚,婚恋,0.52870178,3361
3362,自慰,自慰,2,tencent_ai_lab_chinese_embedding_light_mirror_mvp,0.56697642,1186,0.49267346,0.49669182,0.48664585,告白,表白与追求,0.55836797,3362
3363,成名,成名,2,tencent_ai_lab_chinese_embedding_light_mirror_mvp,0.48640127,4605,0.49266946,0.50066125,0.48068169,落后,社会比较与人生进度,0.5758062,3363
3364,拍到,拍到,2,tencent_ai_lab_chinese_embedding_light_mirror_mvp,0.54095514,1846,0.4926196,0.49475336,0.48941895,对象,社会比较与人生进度,0.57259834,3364
3365,文科班,文科班,3,tencent_ai_lab_chinese_embedding_light_mirror_mvp,0.63898261,402,0.49255773,0.50751561,0.47012091,同桌,校园恋爱,0.51554668,3365
3366,平常,平常,2,tencent_ai_lab_chinese_embedding_light_mirror_mvp,0.49394,4057,0.49255472,0.49646589,0.48668799,对象,社会比较与人生进度,0.62404984,3366
3367,儿们,儿们,2,tencent_ai_lab_chinese_embedding_light_mirror_mvp,0.48390795,4814,0.49254352,0.49833512,0.48385605,拥抱,社会比较与人生进度,0.56901664,3367
3368,有传,有传,2,tencent_ai_lab_chinese_embedding_light_mirror_mvp,0.4873457,4527,0.49251318,0.49846834,0.48358035,被追,表白与追求,0.51639736,3368
3369,委曲求全,委曲求全,4,tencent_ai_lab_chinese_embedding_light_mirror_mvp,0.54053051,1856,0.49246359,0.51889312,0.45281923,求婚,表白与追求,0.44027561,3369
3370,孕照,孕照,2,tencent_ai_lab_chinese_embedding_light_mirror_mvp,0.52022874,2585,0.49245107,0.49538371,0.4880521,婚礼,婚恋,0.52706736,3370
3371,异类,异类,2,tencent_ai_lab_chinese_embedding_light_mirror_mvp,0.48435622,4781,0.49241582,0.49381244,0.49032083,别人都有对象,社会比较与人生进度,0.52698153,3371
3372,外甥,外甥,2,tencent_ai_lab_chinese_embedding_light_mirror_mvp,0.60483856,666,0.49241444,0.50173557,0.47843269,同龄人,社会比较与人生进度,0.51290941,3372
3373,志趣相投,志趣相投,4,tencent_ai_lab_chinese_embedding_light_mirror_mvp,0.58497767,896,0.49241072,0.4943617,0.48948422,追求,表白与追求,0.57471538,3373
3374,来了,来了,2,tencent_ai_lab_chinese_embedding_light_mirror_mvp,0.49478539,4000,0.49237126,0.49522254,0.4880943,被追,社会比较与人生进度,0.57718855,3374
3375,埋怨,埋怨,2,tencent_ai_lab_chinese_embedding_light_mirror_mvp,0.54538312,1706,0.49235407,0.49828392,0.48345923,暗恋,表白与追求,0.55799747,3375
3376,价值观念,价值观念,4,tencent_ai_lab_chinese_embedding_light_mirror_mvp,0.53964933,1888,0.49232209,0.49878758,0.48262382,人生阶段,社会比较与人生进度,0.5441196,3376
3377,利益冲突,利益冲突,4,tencent_ai_lab_chinese_embedding_light_mirror_mvp,0.51156191,3012,0.49222326,0.50186008,0.47776803,亲密关系,社会比较与人生进度,0.49039066,3377
3378,生日蛋糕,生日蛋糕,4,tencent_ai_lab_chinese_embedding_light_mirror_mvp,0.53375586,2082,0.49220628,0.50653499,0.47071314,婚礼,对象关系,0.46642897,3378
3379,玩一玩,玩一玩,3,tencent_ai_lab_chinese_embedding_light_mirror_mvp,0.48398139,4807,0.49206132,0.49970761,0.48059192,看电影,约会,0.56136566,3379
3380,事实上,事实上,3,tencent_ai_lab_chinese_embedding_light_mirror_mvp,0.5149197,2829,0.49195486,0.49528915,0.48695341,追求,社会比较与人生进度,0.56044233,3380
3381,生育能力,生育能力,4,tencent_ai_lab_chinese_embedding_light_mirror_mvp,0.52575805,2383,0.49195087,0.5054726,0.47166821,人生阶段,社会比较与人生进度,0.54343897,3381
3382,考量,考量,2,tencent_ai_lab_chinese_embedding_light_mirror_mvp,0.48863415,4427,0.49194515,0.50253713,0.4760572,追求,社会比较与人生进度,0.53080648,3382
3383,出差,出差,2,tencent_ai_lab_chinese_embedding_light_mirror_mvp,0.56689568,1189,0.49193603,0.49631339,0.48536989,散步,约会,0.57979447,3383
3384,生穿,生穿,2,tencent_ai_lab_chinese_embedding_light_mirror_mvp,0.52803108,2313,0.49188933,0.51122391,0.46288744,校服,社会比较与人生进度,0.50187862,3384
3385,撇下,撇下,2,tencent_ai_lab_chinese_embedding_light_mirror_mvp,0.50683396,3272,0.49181587,0.50320035,0.47473904,同桌,社会比较与人生进度,0.5061453,3385
3386,高妹,高妹,2,tencent_ai_lab_chinese_embedding_light_mirror_mvp,0.50113438,3585,0.49171847,0.50781071,0.46758011,高中恋爱,社会比较与人生进度,0.50005746,3386
3387,流言蜚语,流言蜚语,4,tencent_ai_lab_chinese_embedding_light_mirror_mvp,0.55665834,1401,0.49169594,0.4972223,0.48340631,落后,社会比较与人生进度,0.60282052,3387
3388,立领,立领,2,tencent_ai_lab_chinese_embedding_light_mirror_mvp,0.49677297,3856,0.49158221,0.50374562,0.47333708,订婚,社会比较与人生进度,0.4669787,3388
3389,无所畏惧,无所畏惧,4,tencent_ai_lab_chinese_embedding_light_mirror_mvp,0.50954967,3132,0.49157313,0.49998271,0.4789587,被追,表白与追求,0.5288409,3389
3390,自我挫败,自我挫败,4,tencent_ai_lab_chinese_embedding_light_mirror_mvp,0.51585943,2783,0.49151671,0.49505264,0.48621285,错过青春,社会比较与人生进度,0.5988394,3390
3391,成就,成就,2,tencent_ai_lab_chinese_embedding_light_mirror_mvp,0.53243886,2133,0.49139017,0.49601644,0.48445073,落后,社会比较与人生进度,0.56358653,3391
3392,隔壁邻居,隔壁邻居,4,tencent_ai_lab_chinese_embedding_light_mirror_mvp,0.51312821,2930,0.49127537,0.49452987,0.48639354,同桌,亲密行为,0.52310276,3392
3393,拍戏,拍戏,2,tencent_ai_lab_chinese_embedding_light_mirror_mvp,0.55856135,1352,0.49119571,0.49812734,0.48079824,看电影,约会,0.55439126,3393
3394,尊严,尊严,2,tencent_ai_lab_chinese_embedding_light_mirror_mvp,0.49324521,4103,0.49115157,0.49641714,0.48325327,亲密,表白与追求,0.52582419,3394
3395,期许,期许,2,tencent_ai_lab_chinese_embedding_light_mirror_mvp,0.55742884,1386,0.49112576,0.49149466,0.49057233,约会,社会比较与人生进度,0.58117592,3395
3396,诉苦,诉苦,2,tencent_ai_lab_chinese_embedding_light_mirror_mvp,0.49749805,3817,0.49112016,0.49667817,0.48278308,追求,表白与追求,0.56304097,3396
3397,欢乐时光,欢乐时光,4,tencent_ai_lab_chinese_embedding_light_mirror_mvp,0.51547157,2802,0.49109733,0.49991527,0.47787043,喜欢的人,社会比较与人生进度,0.51866937,3397
3398,命中注定,命中注定,4,tencent_ai_lab_chinese_embedding_light_mirror_mvp,0.62162787,522,0.49086541,0.49527425,0.48425207,被追,社会比较与人生进度,0.60646045,3398
3399,再美,再美,2,tencent_ai_lab_chinese_embedding_light_mirror_mvp,0.48578398,4656,0.49082556,0.49711621,0.48138952,落后,表白与追求,0.54582387,3399
3400,你就,你就,2,tencent_ai_lab_chinese_embedding_light_mirror_mvp,0.50675972,3277,0.49080646,0.49111146,0.49034891,对象,社会比较与人生进度,0.5791254,3400
3401,就这样,就这样,3,tencent_ai_lab_chinese_embedding_light_mirror_mvp,0.48650903,4591,0.49080461,0.49594724,0.48309067,追求,社会比较与人生进度,0.58464354,3401
3402,顶嘴,顶嘴,2,tencent_ai_lab_chinese_embedding_light_mirror_mvp,0.50315748,3466,0.4907833,0.50749809,0.46571112,接吻,亲密行为,0.51669657,3402
3403,这就,这就,2,tencent_ai_lab_chinese_embedding_light_mirror_mvp,0.52247146,2494,0.49075389,0.50095046,0.47545901,追求,社会比较与人生进度,0.54626215,3403
3404,助理,助理,2,tencent_ai_lab_chinese_embedding_light_mirror_mvp,0.5073784,3240,0.49074322,0.50135326,0.47482809,伴侣,对象关系,0.50402766,3404
3405,很穷,很穷,2,tencent_ai_lab_chinese_embedding_light_mirror_mvp,0.50596718,3322,0.49072704,0.50668859,0.46678469,落后,社会比较与人生进度,0.54637033,3405
3406,顺从,顺从,2,tencent_ai_lab_chinese_embedding_light_mirror_mvp,0.50031683,3641,0.49072346,0.49886322,0.47851375,被追,社会比较与人生进度,0.54665995,3406
3407,宾馆,宾馆,2,tencent_ai_lab_chinese_embedding_light_mirror_mvp,0.49256096,4153,0.49071071,0.49647751,0.48206046,婚礼,约会,0.52762282,3407
3408,俗套,俗套,2,tencent_ai_lab_chinese_embedding_light_mirror_mvp,0.5299708,2228,0.49068028,0.49392027,0.48582029,别人都有对象,社会比较与人生进度,0.53452492,3408
3409,我特,我特,2,tencent_ai_lab_chinese_embedding_light_mirror_mvp,0.49647631,3879,0.49061513,0.49381533,0.48581481,亲密,社会比较与人生进度,0.54157579,3409
3410,泪流满面,泪流满面,4,tencent_ai_lab_chinese_embedding_light_mirror_mvp,0.48617137,4622,0.49058682,0.49476683,0.48431674,落后,社会比较与人生进度,0.55610716,3410
3411,自习,自习,2,tencent_ai_lab_chinese_embedding_light_mirror_mvp,0.54227039,1806,0.49056435,0.50480902,0.46919736,同桌,校园恋爱,0.5363239,3411
3412,临终前,临终前,3,tencent_ai_lab_chinese_embedding_light_mirror_mvp,0.51571668,2789,0.49044323,0.49404559,0.48503959,前任,恋爱历史,0.50147295,3412
3413,演出,演出,2,tencent_ai_lab_chinese_embedding_light_mirror_mvp,0.48950257,4366,0.49036747,0.49354458,0.48560181,婚礼,约会,0.55798852,3413
3414,世俗,世俗,2,tencent_ai_lab_chinese_embedding_light_mirror_mvp,0.5705894,1118,0.49036208,0.49355891,0.48556677,婚礼,社会比较与人生进度,0.55779576,3414
3415,打扮,打扮,2,tencent_ai_lab_chinese_embedding_light_mirror_mvp,0.52326599,2470,0.49036127,0.49929807,0.47695601,单身,社会比较与人生进度,0.52941829,3415
3416,自拍照,自拍照,3,tencent_ai_lab_chinese_embedding_light_mirror_mvp,0.52351091,2460,0.49031973,0.50892055,0.46241844,单身,社会比较与人生进度,0.53595632,3416
3417,刚生,刚生,2,tencent_ai_lab_chinese_embedding_light_mirror_mvp,0.51048127,3070,0.49023101,0.49558765,0.48219597,人生阶段,社会比较与人生进度,0.5510788,3417
3418,永远是,永远是,3,tencent_ai_lab_chinese_embedding_light_mirror_mvp,0.51786191,2691,0.49018139,0.49610573,0.48129478,亲密,表白与追求,0.5378086,3418
3419,爷们儿,爷们儿,3,tencent_ai_lab_chinese_embedding_light_mirror_mvp,0.49385539,4066,0.49015987,0.4971832,0.47962484,同龄人,社会比较与人生进度,0.55853629,3419
3420,开衫,开衫,2,tencent_ai_lab_chinese_embedding_light_mirror_mvp,0.51491532,2830,0.49013054,0.51793575,0.44842276,校服,社会比较与人生进度,0.45279193,3420
3421,离世,离世,2,tencent_ai_lab_chinese_embedding_light_mirror_mvp,0.56425289,1241,0.49009588,0.5029248,0.47085246,老公,社会比较与人生进度,0.50723815,3421
3422,在外,在外,2,tencent_ai_lab_chinese_embedding_light_mirror_mvp,0.51325979,2925,0.49002612,0.49505413,0.4824841,被追,社会比较与人生进度,0.51675707,3422
3423,虚度,虚度,2,tencent_ai_lab_chinese_embedding_light_mirror_mvp,0.55408871,1465,0.48998249,0.50541019,0.46684083,落后,社会比较与人生进度,0.55348325,3423
3424,身心健康,身心健康,4,tencent_ai_lab_chinese_embedding_light_mirror_mvp,0.49620411,3900,0.4899618,0.49152523,0.48761669,亲密,社会比较与人生进度,0.51328552,3424
3425,随和,随和,2,tencent_ai_lab_chinese_embedding_light_mirror_mvp,0.51666837,2744,0.48995489,0.49206382,0.48679137,约饭,约会,0.53144407,3425
3426,传统观念,传统观念,4,tencent_ai_lab_chinese_embedding_light_mirror_mvp,0.49359804,4085,0.48991406,0.50062948,0.47384086,感情史,社会比较与人生进度,0.5134393,3426
3427,虚无缥缈,虚无缥缈,4,tencent_ai_lab_chinese_embedding_light_mirror_mvp,0.48844635,4438,0.48987526,0.50753367,0.46338764,落后,社会比较与人生进度,0.55802596,3427
3428,合体,合体,2,tencent_ai_lab_chinese_embedding_light_mirror_mvp,0.49735352,3822,0.48984557,0.49346411,0.48441777,拥抱,约会,0.53718174,3428
3429,肯定,肯定,2,tencent_ai_lab_chinese_embedding_light_mirror_mvp,0.50946412,3137,0.48982012,0.49273711,0.48544464,亲密,约会,0.53113532,3429
3430,性生理,性生理,3,tencent_ai_lab_chinese_embedding_light_mirror_mvp,0.49928037,3700,0.48981312,0.49563938,0.48107371,伴侣,对象关系,0.51915693,3430
3431,排解,排解,2,tencent_ai_lab_chinese_embedding_light_mirror_mvp,0.48470194,4747,0.48978472,0.4976784,0.47794411,被追,约会,0.48831177,3431
3432,远在他乡,远在他乡,4,tencent_ai_lab_chinese_embedding_light_mirror_mvp,0.48603032,4630,0.48968709,0.50783169,0.46247014,散步,表白与追求,0.51993525,3432
3433,差距,差距,2,tencent_ai_lab_chinese_embedding_light_mirror_mvp,0.53038067,2217,0.48966348,0.50265461,0.47017682,落后,社会比较与人生进度,0.56172132,3433
3434,千言万语,千言万语,4,tencent_ai_lab_chinese_embedding_light_mirror_mvp,0.48347569,4846,0.48964947,0.49720126,0.47832179,亲密,表白与追求,0.53578454,3434
3435,甜如,甜如,2,tencent_ai_lab_chinese_embedding_light_mirror_mvp,0.53316259,2106,0.489519,0.49480939,0.48158336,恋情,恋爱核心,0.52089489,3435
3436,穿着打扮,穿着打扮,4,tencent_ai_lab_chinese_embedding_light_mirror_mvp,0.50743481,3234,0.48945487,0.49651745,0.47886097,校服,社会比较与人生进度,0.52275074,3436
3437,太多,太多,2,tencent_ai_lab_chinese_embedding_light_mirror_mvp,0.49414657,4041,0.48944265,0.49197596,0.48564258,对象,社会比较与人生进度,0.5982548,3437
3438,得子,得子,2,tencent_ai_lab_chinese_embedding_light_mirror_mvp,0.56849079,1153,0.48943645,0.50821358,0.46127072,妻子,婚恋,0.49705902,3438
3439,说声,说声,2,tencent_ai_lab_chinese_embedding_light_mirror_mvp,0.50657636,3291,0.48934877,0.49984974,0.47359726,告白,表白与追求,0.53233564,3439
3440,牌友,牌友,2,tencent_ai_lab_chinese_embedding_light_mirror_mvp,0.49064424,4279,0.489333,0.49397251,0.48237368,男朋友,对象关系,0.54387361,3440
3441,炫耀,炫耀,2,tencent_ai_lab_chinese_embedding_light_mirror_mvp,0.49378955,4069,0.48932731,0.49069065,0.48728231,暗恋,表白与追求,0.59603608,3441
3442,班里,班里,2,tencent_ai_lab_chinese_embedding_light_mirror_mvp,0.71469004,149,0.48929125,0.49534437,0.48021153,同桌,社会比较与人生进度,0.56020707,3442
3443,童话般,童话般,3,tencent_ai_lab_chinese_embedding_light_mirror_mvp,0.53283263,2115,0.48926622,0.49733865,0.4771575,亲密,社会比较与人生进度,0.57984734,3443
3444,不务正业,不务正业,4,tencent_ai_lab_chinese_embedding_light_mirror_mvp,0.49540511,3954,0.48925683,0.5007894,0.47195792,落后,社会比较与人生进度,0.53229809,3444
3445,冤家,冤家,2,tencent_ai_lab_chinese_embedding_light_mirror_mvp,0.4989773,3714,0.48923099,0.49343944,0.48291835,老公,婚恋,0.56053883,3445
3446,生疏,生疏,2,tencent_ai_lab_chinese_embedding_light_mirror_mvp,0.53801718,1944,0.48916787,0.49721974,0.47709003,亲密,亲密行为,0.5052653,3446
3447,戴套,戴套,2,tencent_ai_lab_chinese_embedding_light_mirror_mvp,0.53721709,1973,0.48913264,0.49008691,0.48770127,拥抱,亲密行为,0.52790874,3447
3448,忽冷忽热,忽冷忽热,4,tencent_ai_lab_chinese_embedding_light_mirror_mvp,0.50144696,3565,0.48911721,0.4952549,0.47991064,落后,表白与追求,0.55104458,3448
3449,孩子,孩子,2,tencent_ai_lab_chinese_embedding_light_mirror_mvp,0.63711443,422,0.48908719,0.4904812,0.48699617,妻子,社会比较与人生进度,0.5646385,3449
3450,自卑心理,自卑心理,4,tencent_ai_lab_chinese_embedding_light_mirror_mvp,0.55311172,1493,0.4890565,0.49242413,0.48400497,人生阶段,社会比较与人生进度,0.63446224,3450
3451,养个,养个,2,tencent_ai_lab_chinese_embedding_light_mirror_mvp,0.48611175,4626,0.48902714,0.49173149,0.48497057,追求,社会比较与人生进度,0.53278971,3451
3452,卧谈,卧谈,2,tencent_ai_lab_chinese_embedding_light_mirror_mvp,0.514299,2861,0.48899549,0.49735281,0.47645953,没谈过恋爱,约会,0.54474878,3452
3453,死心塌地,死心塌地,4,tencent_ai_lab_chinese_embedding_light_mirror_mvp,0.51860981,2661,0.48893428,0.49635333,0.47780561,落后,社会比较与人生进度,0.54196191,3453
3454,我儿,我儿,2,tencent_ai_lab_chinese_embedding_light_mirror_mvp,0.49702909,3836,0.48888838,0.49664068,0.47725987,老公,社会比较与人生进度,0.55758953,3454
3455,无法自拔,无法自拔,4,tencent_ai_lab_chinese_embedding_light_mirror_mvp,0.50809655,3207,0.48888308,0.49116877,0.48545453,错过青春,社会比较与人生进度,0.59409505,3455
3456,取关,取关,2,tencent_ai_lab_chinese_embedding_light_mirror_mvp,0.58284583,930,0.48880321,0.49696159,0.47656563,脱单,亲密行为,0.49388742,3456
3457,送花,送花,2,tencent_ai_lab_chinese_embedding_light_mirror_mvp,0.63804543,411,0.48873565,0.49350601,0.48158005,婚礼,表白与追求,0.5387125,3457
3458,歌迷,歌迷,2,tencent_ai_lab_chinese_embedding_light_mirror_mvp,0.50317231,3464,0.48849016,0.49346745,0.48102427,喜欢的人,表白与追求,0.5360471,3458
3459,心智,心智,2,tencent_ai_lab_chinese_embedding_light_mirror_mvp,0.51710768,2723,0.48837477,0.49533451,0.47793517,感情史,社会比较与人生进度,0.56404793,3459
3460,触摸,触摸,2,tencent_ai_lab_chinese_embedding_light_mirror_mvp,0.5386349,1922,0.48837292,0.48940912,0.48681864,接吻,亲密行为,0.56414795,3460
3461,怀里,怀里,2,tencent_ai_lab_chinese_embedding_light_mirror_mvp,0.50134286,3574,0.48837036,0.507658,0.45943889,拥抱,表白与追求,0.48411173,3461
3462,郊外,郊外,2,tencent_ai_lab_chinese_embedding_light_mirror_mvp,0.51252377,2967,0.48836261,0.51689565,0.44556299,散步,社会比较与人生进度,0.48827136,3462
3463,美妞,美妞,2,tencent_ai_lab_chinese_embedding_light_mirror_mvp,0.48672156,4577,0.48833668,0.49927765,0.47192517,女朋友,对象关系,0.50093788,3463
3464,买醉,买醉,2,tencent_ai_lab_chinese_embedding_light_mirror_mvp,0.5373552,1968,0.48831934,0.49251032,0.48203278,约饭,约会,0.5450229,3464
3465,称心如意,称心如意,4,tencent_ai_lab_chinese_embedding_light_mirror_mvp,0.51108849,3036,0.48831695,0.49270558,0.48173401,亲密,表白与追求,0.54986751,3465
3466,首要条件,首要条件,4,tencent_ai_lab_chinese_embedding_light_mirror_mvp,0.48375767,4825,0.48821133,0.49968469,0.47100124,追求,社会比较与人生进度,0.51857632,3466
3467,胖妞,胖妞,2,tencent_ai_lab_chinese_embedding_light_mirror_mvp,0.54381331,1753,0.48808014,0.4953925,0.47711158,女朋友,对象关系,0.52389067,3467
3468,抚养权,抚养权,3,tencent_ai_lab_chinese_embedding_light_mirror_mvp,0.53519883,2029,0.4880293,0.50613332,0.46087328,拥抱,亲密行为,0.49550122,3468
3469,嫌烦,嫌烦,2,tencent_ai_lab_chinese_embedding_light_mirror_mvp,0.52976401,2237,0.48802048,0.49075419,0.48391995,被追,社会比较与人生进度,0.57618785,3469
3470,又帅,又帅,2,tencent_ai_lab_chinese_embedding_light_mirror_mvp,0.54978325,1575,0.48800352,0.49250686,0.4812485,前男友,社会比较与人生进度,0.56844205,3470
3471,特征,特征,2,tencent_ai_lab_chinese_embedding_light_mirror_mvp,0.49959649,3681,0.48799482,0.49908677,0.47135687,对象,社会比较与人生进度,0.54027277,3471
3472,烂漫,烂漫,2,tencent_ai_lab_chinese_embedding_light_mirror_mvp,0.56954843,1134,0.48798919,0.50183904,0.46721432,落后,社会比较与人生进度,0.53474516,3472
3473,脚踏实地,脚踏实地,4,tencent_ai_lab_chinese_embedding_light_mirror_mvp,0.50195459,3536,0.4879685,0.49829471,0.47247913,散步,社会比较与人生进度,0.51221406,3473
3474,性自慰,性自慰,3,tencent_ai_lab_chinese_embedding_light_mirror_mvp,0.48356698,4837,0.48794973,0.48934823,0.48585185,感情史,单身与脱单,0.52781308,3474
3475,许愿,许愿,2,tencent_ai_lab_chinese_embedding_light_mirror_mvp,0.57064931,1117,0.4879123,0.49050599,0.48402175,伴侣,表白与追求,0.55667973,3475
3476,人财两空,人财两空,4,tencent_ai_lab_chinese_embedding_light_mirror_mvp,0.4881667,4461,0.48790684,0.4951973,0.47697112,别人都有对象,社会比较与人生进度,0.54682994,3476
3477,诞下,诞下,2,tencent_ai_lab_chinese_embedding_light_mirror_mvp,0.54586772,1688,0.48789734,0.49659508,0.47485065,脱单,社会比较与人生进度,0.54478055,3477
3478,奔四,奔四,2,tencent_ai_lab_chinese_embedding_light_mirror_mvp,0.55575255,1416,0.487858,0.49868533,0.47161695,被追,表白与追求,0.51823545,3478
3479,外甥女,外甥女,3,tencent_ai_lab_chinese_embedding_light_mirror_mvp,0.62072527,529,0.48778069,0.49133456,0.48244977,同龄人,社会比较与人生进度,0.51224738,3479
3480,血缘,血缘,2,tencent_ai_lab_chinese_embedding_light_mirror_mvp,0.5505273,1556,0.48777252,0.49655527,0.47459841,感情史,社会比较与人生进度,0.51661551,3480
3481,陌路,陌路,2,tencent_ai_lab_chinese_embedding_light_mirror_mvp,0.61010118,601,0.48770535,0.49078709,0.48308268,散步,社会比较与人生进度,0.55719626,3481
3482,总笑,总笑,2,tencent_ai_lab_chinese_embedding_light_mirror_mvp,0.50122067,3580,0.48767847,0.49188364,0.48137072,拥抱,社会比较与人生进度,0.53006685,3482
3483,但是,但是,2,tencent_ai_lab_chinese_embedding_light_mirror_mvp,0.52936053,2261,0.48767826,0.49649853,0.47444782,追求,社会比较与人生进度,0.52953124,3483
3484,灵魂,灵魂,2,tencent_ai_lab_chinese_embedding_light_mirror_mvp,0.54992759,1569,0.48766917,0.49859816,0.47127572,暗恋,表白与追求,0.52291882,3484
3485,价值观,价值观,3,tencent_ai_lab_chinese_embedding_light_mirror_mvp,0.59336878,791,0.48766407,0.49391019,0.47829485,人生阶段,社会比较与人生进度,0.55440736,3485
3486,去做,去做,2,tencent_ai_lab_chinese_embedding_light_mirror_mvp,0.49740322,3820,0.48765361,0.48844823,0.48646164,追求,社会比较与人生进度,0.58208859,3486
3487,宣誓,宣誓,2,tencent_ai_lab_chinese_embedding_light_mirror_mvp,0.49723964,3828,0.48760414,0.49273467,0.47990823,婚礼,表白与追求,0.54605067,3487
3488,衣橱,衣橱,2,tencent_ai_lab_chinese_embedding_light_mirror_mvp,0.50350435,3440,0.48759919,0.50772738,0.45740691,校服,婚恋,0.47511053,3488
3489,听音乐,听音乐,3,tencent_ai_lab_chinese_embedding_light_mirror_mvp,0.50068839,3615,0.48757291,0.50601792,0.4599053,看电影,表白与追求,0.49803579,3489
3490,舆论,舆论,2,tencent_ai_lab_chinese_embedding_light_mirror_mvp,0.48592288,4640,0.48756963,0.50020391,0.46861824,被追,社会比较与人生进度,0.53040868,3490
3491,大吵大闹,大吵大闹,4,tencent_ai_lab_chinese_embedding_light_mirror_mvp,0.56544397,1224,0.48747855,0.4938986,0.47784838,同桌,社会比较与人生进度,0.54040658,3491
3492,人本主义,人本主义,4,tencent_ai_lab_chinese_embedding_light_mirror_mvp,0.52217988,2506,0.48741168,0.50334632,0.46350965,人生阶段,社会比较与人生进度,0.52458036,3492
3493,热血男儿,热血男儿,4,tencent_ai_lab_chinese_embedding_light_mirror_mvp,0.49718225,3829,0.48739433,0.49795729,0.4715499,男朋友,社会比较与人生进度,0.46497369,3493
3494,第二节,第二节,3,tencent_ai_lab_chinese_embedding_light_mirror_mvp,0.48893005,4401,0.48736191,0.49128598,0.48147568,第一次约会,社会比较与人生进度,0.53816766,3494
3495,升学考试,升学考试,4,tencent_ai_lab_chinese_embedding_light_mirror_mvp,0.51952509,2620,0.48728335,0.50094628,0.46678889,高中恋爱,校园恋爱,0.5230332,3495
3496,插足,插足,2,tencent_ai_lab_chinese_embedding_light_mirror_mvp,0.65288692,342,0.48723769,0.49520421,0.47528782,牵手,社会比较与人生进度,0.51171112,3496
3497,我娃,我娃,2,tencent_ai_lab_chinese_embedding_light_mirror_mvp,0.51642104,2755,0.48721647,0.48997155,0.48308384,老公,社会比较与人生进度,0.54285669,3497
3498,金钱至上,金钱至上,4,tencent_ai_lab_chinese_embedding_light_mirror_mvp,0.51021645,3087,0.48718071,0.49255008,0.4791266,落后,社会比较与人生进度,0.54571062,3498
3499,黯然神伤,黯然神伤,4,tencent_ai_lab_chinese_embedding_light_mirror_mvp,0.49227045,4171,0.4871707,0.49632341,0.47344163,落后,表白与追求,0.49189097,3499
3500,生活作风,生活作风,4,tencent_ai_lab_chinese_embedding_light_mirror_mvp,0.48297582,4880,0.4871504,0.50251877,0.46409777,人生阶段,社会比较与人生进度,0.56652558,3500
3501,妈去,妈去,2,tencent_ai_lab_chinese_embedding_light_mirror_mvp,0.59814975,731,0.48713923,0.50673592,0.45774412,母胎单身,约会,0.50943607,3501
3502,外貌,外貌,2,tencent_ai_lab_chinese_embedding_light_mirror_mvp,0.51719145,2718,0.48711914,0.49301809,0.47827062,对象,社会比较与人生进度,0.57028306,3502
3503,嬉戏,嬉戏,2,tencent_ai_lab_chinese_embedding_light_mirror_mvp,0.5484625,1614,0.48708779,0.50913656,0.45401463,散步,约会,0.52392888,3503
3504,呢大衣,呢大衣,3,tencent_ai_lab_chinese_embedding_light_mirror_mvp,0.52118416,2542,0.48704886,0.49960873,0.46820903,校服,婚恋,0.47769147,3504
3505,空想,空想,2,tencent_ai_lab_chinese_embedding_light_mirror_mvp,0.48459632,4758,0.4870488,0.4916954,0.48007885,追求,社会比较与人生进度,0.56990713,3505
3506,戳心,戳心,2,tencent_ai_lab_chinese_embedding_light_mirror_mvp,0.49307052,4115,0.48704612,0.49055701,0.48177966,牵手,亲密行为,0.54557645,3506
3507,内心世界,内心世界,4,tencent_ai_lab_chinese_embedding_light_mirror_mvp,0.59720297,747,0.48700988,0.49668354,0.47249937,感情史,社会比较与人生进度,0.55743808,3507
3508,分差,分差,2,tencent_ai_lab_chinese_embedding_light_mirror_mvp,0.49113652,4241,0.48696575,0.49664313,0.47244966,落后,社会比较与人生进度,0.55549103,3508
3509,可是,可是,2,tencent_ai_lab_chinese_embedding_light_mirror_mvp,0.61885169,545,0.48696029,0.49183583,0.47964695,对象,表白与追求,0.52888763,3509
3510,隔壁,隔壁,2,tencent_ai_lab_chinese_embedding_light_mirror_mvp,0.5255499,2390,0.48694074,0.48856294,0.48450732,牵手,亲密行为,0.54732752,3510
3511,辍学,辍学,2,tencent_ai_lab_chinese_embedding_light_mirror_mvp,0.55621586,1410,0.48692572,0.49408144,0.47619209,错过青春,社会比较与人生进度,0.57853383,3511
3512,俊哥,俊哥,2,tencent_ai_lab_chinese_embedding_light_mirror_mvp,0.55743794,1385,0.48691189,0.50029355,0.4668394,前男友,社会比较与人生进度,0.47223344,3512
3513,羞怯,羞怯,2,tencent_ai_lab_chinese_embedding_light_mirror_mvp,0.51378652,2889,0.4869014,0.49031967,0.481774,青春,社会比较与人生进度,0.55409062,3513
3514,同甘共苦,同甘共苦,4,tencent_ai_lab_chinese_embedding_light_mirror_mvp,0.51425862,2866,0.48681206,0.49453217,0.47523189,同桌,表白与追求,0.52796048,3514
3515,性道德,性道德,3,tencent_ai_lab_chinese_embedding_light_mirror_mvp,0.54709872,1662,0.48677266,0.48938772,0.48284996,感情史,社会比较与人生进度,0.50479847,3515
3516,进产房,进产房,3,tencent_ai_lab_chinese_embedding_light_mirror_mvp,0.56072001,1312,0.48675975,0.48901659,0.48337445,妻子,婚恋,0.5405879,3516
3517,不仅仅,不仅仅,3,tencent_ai_lab_chinese_embedding_light_mirror_mvp,0.50142554,3570,0.48675501,0.49430519,0.47542968,落后,社会比较与人生进度,0.53708106,3517
3518,稚气,稚气,2,tencent_ai_lab_chinese_embedding_light_mirror_mvp,0.5309351,2199,0.48673958,0.4958744,0.47303733,青春,社会比较与人生进度,0.55977637,3518
3519,做生意,做生意,3,tencent_ai_lab_chinese_embedding_light_mirror_mvp,0.4862235,4616,0.48673803,0.49262181,0.47791234,对象,社会比较与人生进度,0.53761077,3519
3520,蜜语,蜜语,2,tencent_ai_lab_chinese_embedding_light_mirror_mvp,0.53917543,1904,0.48669058,0.4912619,0.47983351,亲密,亲密行为,0.500503,3520
3521,唯美,唯美,2,tencent_ai_lab_chinese_embedding_light_mirror_mvp,0.54031878,1865,0.48668385,0.49168652,0.47917974,单身,单身与脱单,0.52096635,3521
3522,听了,听了,2,tencent_ai_lab_chinese_embedding_light_mirror_mvp,0.50229928,3517,0.48666766,0.49287823,0.47735175,看电影,表白与追求,0.5579741,3522
3523,道喜,道喜,2,tencent_ai_lab_chinese_embedding_light_mirror_mvp,0.48208965,4949,0.48660481,0.51219952,0.44821271,喜欢的人,表白与追求,0.52556098,3523
3524,喝水,喝水,2,tencent_ai_lab_chinese_embedding_light_mirror_mvp,0.50089883,3595,0.48659459,0.49638903,0.47190285,接吻,约会,0.52442133,3524
3525,大衣,大衣,2,tencent_ai_lab_chinese_embedding_light_mirror_mvp,0.55744673,1384,0.48658472,0.50128877,0.46452865,校服,婚恋,0.46616852,3525
3526,败光,败光,2,tencent_ai_lab_chinese_embedding_light_mirror_mvp,0.49390241,4063,0.48658073,0.51654941,0.44162765,落后,社会比较与人生进度,0.48228928,3526
3527,那样,那样,2,tencent_ai_lab_chinese_embedding_light_mirror_mvp,0.50316831,3465,0.48655415,0.49611869,0.47220728,追求,社会比较与人生进度,0.55041075,3527
3528,微信发,微信发,3,tencent_ai_lab_chinese_embedding_light_mirror_mvp,0.51752203,2706,0.48653561,0.49321106,0.47652242,表白,表白与追求,0.56006438,3528
3529,发力,发力,2,tencent_ai_lab_chinese_embedding_light_mirror_mvp,0.48893079,4400,0.48645553,0.49131119,0.47917202,牵手,表白与追求,0.51936537,3529
3530,我弟,我弟,2,tencent_ai_lab_chinese_embedding_light_mirror_mvp,0.64383578,375,0.48645365,0.49325871,0.47624603,前男友,社会比较与人生进度,0.54219306,3530
3531,矢志不渝,矢志不渝,4,tencent_ai_lab_chinese_embedding_light_mirror_mvp,0.55553293,1422,0.48643664,0.48761994,0.48466167,落后,社会比较与人生进度,0.56892604,3531
3532,怎么样,怎么样,3,tencent_ai_lab_chinese_embedding_light_mirror_mvp,0.53465712,2047,0.48637348,0.5010128,0.46441451,落后,社会比较与人生进度,0.54283953,3532
3533,听课,听课,2,tencent_ai_lab_chinese_embedding_light_mirror_mvp,0.48864402,4426,0.48635763,0.49047118,0.48018727,同桌,约会,0.53926444,3533
3534,养大,养大,2,tencent_ai_lab_chinese_embedding_light_mirror_mvp,0.50657804,3290,0.48632556,0.50136006,0.4637737,拥抱,社会比较与人生进度,0.49796396,3534
3535,缩小,缩小,2,tencent_ai_lab_chinese_embedding_light_mirror_mvp,0.49829686,3755,0.4863233,0.50953662,0.45150328,落后,社会比较与人生进度,0.49975628,3535
3536,沉醉,沉醉,2,tencent_ai_lab_chinese_embedding_light_mirror_mvp,0.48500147,4723,0.48627526,0.49027741,0.48027197,暗恋,表白与追求,0.57046962,3536
3537,正因如此,正因如此,4,tencent_ai_lab_chinese_embedding_light_mirror_mvp,0.50499181,3364,0.48623693,0.49133256,0.47859344,落后,社会比较与人生进度,0.56499624,3537
3538,长款,长款,2,tencent_ai_lab_chinese_embedding_light_mirror_mvp,0.50658926,3289,0.48618841,0.49604905,0.4713974,订婚,社会比较与人生进度,0.51994157,3538
3539,恶评,恶评,2,tencent_ai_lab_chinese_embedding_light_mirror_mvp,0.48586766,4647,0.48613739,0.49804142,0.46828124,被追,社会比较与人生进度,0.51401067,3539
3540,网聊,网聊,2,tencent_ai_lab_chinese_embedding_light_mirror_mvp,0.61010308,600,0.48608556,0.49392962,0.47431946,亲密,表白与追求,0.54588079,3540
3541,不敌,不敌,2,tencent_ai_lab_chinese_embedding_light_mirror_mvp,0.51627412,2763,0.48607698,0.49580783,0.4714807,落后,社会比较与人生进度,0.544402,3541
3542,你我,你我,2,tencent_ai_lab_chinese_embedding_light_mirror_mvp,0.50952119,3133,0.48606983,0.49044538,0.47950646,表白,表白与追求,0.53461254,3542
3543,探班,探班,2,tencent_ai_lab_chinese_embedding_light_mirror_mvp,0.56105955,1302,0.48599917,0.49821773,0.4676713,被追,约会,0.4969551,3543
3544,社会压力,社会压力,4,tencent_ai_lab_chinese_embedding_light_mirror_mvp,0.50945814,3138,0.48585618,0.49597639,0.4706758,人生阶段,社会比较与人生进度,0.57325655,3544
3545,我姐,我姐,2,tencent_ai_lab_chinese_embedding_light_mirror_mvp,0.68957847,206,0.48585534,0.49207067,0.47653222,丈夫,社会比较与人生进度,0.54379177,3545
3546,吃零食,吃零食,3,tencent_ai_lab_chinese_embedding_light_mirror_mvp,0.49766775,3807,0.48585445,0.50823456,0.45228419,约饭,约会,0.50641418,3546
3547,大娘,大娘,2,tencent_ai_lab_chinese_embedding_light_mirror_mvp,0.4945182,4018,0.48582125,0.49234986,0.47602835,老婆,婚恋,0.54441381,3547
3548,代孕,代孕,2,tencent_ai_lab_chinese_embedding_light_mirror_mvp,0.50912535,3154,0.48578748,0.48994803,0.47954664,母胎单身,婚恋,0.53270924,3548
3549,辣妹,辣妹,2,tencent_ai_lab_chinese_embedding_light_mirror_mvp,0.57149475,1108,0.48572811,0.50774491,0.45270285,女朋友,对象关系,0.48935336,3549
3550,软弱,软弱,2,tencent_ai_lab_chinese_embedding_light_mirror_mvp,0.49209617,4180,0.48569387,0.49811339,0.46706453,落后,社会比较与人生进度,0.48833603,3550
3551,好虐,好虐,2,tencent_ai_lab_chinese_embedding_light_mirror_mvp,0.48580322,4653,0.48564234,0.49074665,0.47798589,感情史,表白与追求,0.54037303,3551
3552,比心,比心,2,tencent_ai_lab_chinese_embedding_light_mirror_mvp,0.49451021,4019,0.48563224,0.49746668,0.46788046,对象,表白与追求,0.51040769,3552
3553,这位,这位,2,tencent_ai_lab_chinese_embedding_light_mirror_mvp,0.49270824,4140,0.48560575,0.48801807,0.48198721,同龄人,社会比较与人生进度,0.56091738,3553
3554,挑逗,挑逗,2,tencent_ai_lab_chinese_embedding_light_mirror_mvp,0.53340139,2098,0.48557603,0.48817381,0.48167935,对象,社会比较与人生进度,0.52865624,3554
3555,奢华,奢华,2,tencent_ai_lab_chinese_embedding_light_mirror_mvp,0.4837943,4823,0.48551571,0.49533638,0.47078466,落后,表白与追求,0.52509767,3555
3556,考学,考学,2,tencent_ai_lab_chinese_embedding_light_mirror_mvp,0.49568946,3932,0.48550642,0.50447679,0.45705077,追求,表白与追求,0.50189626,3556
3557,不辞而别,不辞而别,4,tencent_ai_lab_chinese_embedding_light_mirror_mvp,0.53306944,2109,0.48548645,0.48745996,0.48252606,落后,社会比较与人生进度,0.55935639,3557
3558,一心,一心,2,tencent_ai_lab_chinese_embedding_light_mirror_mvp,0.53429196,2061,0.48539585,0.48793697,0.4815841,拥抱,表白与追求,0.52058816,3558
3559,房贷,房贷,2,tencent_ai_lab_chinese_embedding_light_mirror_mvp,0.48406754,4803,0.48536801,0.49151206,0.47615191,结婚,婚恋,0.53773749,3559
3560,一见如故,一见如故,4,tencent_ai_lab_chinese_embedding_light_mirror_mvp,0.53051602,2214,0.48533258,0.48990342,0.47847629,落后,表白与追求,0.56390876,3560
3561,时代,时代,2,tencent_ai_lab_chinese_embedding_light_mirror_mvp,0.51870582,2659,0.48532683,0.49467564,0.47130361,人生阶段,社会比较与人生进度,0.57151294,3561
3562,请别,请别,2,tencent_ai_lab_chinese_embedding_light_mirror_mvp,0.50803802,3212,0.48527598,0.48939463,0.47909793,告白,表白与追求,0.55999619,3562
3563,闹得,闹得,2,tencent_ai_lab_chinese_embedding_light_mirror_mvp,0.4834181,4853,0.48514411,0.48614031,0.48364973,别人都有对象,社会比较与人生进度,0.54528749,3563
3564,大叔,大叔,2,tencent_ai_lab_chinese_embedding_light_mirror_mvp,0.5450886,1715,0.48513782,0.50322485,0.45800725,同龄人,社会比较与人生进度,0.48810929,3564
3565,徒弟,徒弟,2,tencent_ai_lab_chinese_embedding_light_mirror_mvp,0.51631367,2760,0.48513401,0.49092776,0.47644326,伴侣,社会比较与人生进度,0.51962835,3565
3566,知性,知性,2,tencent_ai_lab_chinese_embedding_light_mirror_mvp,0.4849633,4729,0.48510742,0.48656392,0.48292267,感情史,社会比较与人生进度,0.58957469,3566
3567,我妹,我妹,2,tencent_ai_lab_chinese_embedding_light_mirror_mvp,0.62782025,482,0.4850418,0.49236172,0.47406194,女朋友,社会比较与人生进度,0.55069917,3567
3568,大方,大方,2,tencent_ai_lab_chinese_embedding_light_mirror_mvp,0.5108459,3047,0.48497292,0.49152118,0.4751505,亲密,婚恋,0.49940532,3568
3569,活力,活力,2,tencent_ai_lab_chinese_embedding_light_mirror_mvp,0.54164362,1825,0.48490882,0.49045414,0.47659078,追求,社会比较与人生进度,0.5633018,3569
3570,电视剧,电视剧,3,tencent_ai_lab_chinese_embedding_light_mirror_mvp,0.4877818,4495,0.48482853,0.48949188,0.47783348,爱情,表白与追求,0.51965928,3570
3571,说生,说生,2,tencent_ai_lab_chinese_embedding_light_mirror_mvp,0.54989357,1571,0.48474652,0.49815458,0.46463442,人生阶段,社会比较与人生进度,0.50333691,3571
3572,睡衣,睡衣,2,tencent_ai_lab_chinese_embedding_light_mirror_mvp,0.58121413,957,0.48468739,0.50799596,0.44972453,校服,婚恋,0.47107506,3572
3573,清华北大,清华北大,4,tencent_ai_lab_chinese_embedding_light_mirror_mvp,0.48922528,4381,0.48467636,0.5040369,0.45563552,大学恋爱,校园恋爱,0.50804889,3573
3574,读书,读书,2,tencent_ai_lab_chinese_embedding_light_mirror_mvp,0.49086955,4262,0.48465943,0.49622238,0.46731505,追求,社会比较与人生进度,0.55872172,3574
3575,爱憎分明,爱憎分明,4,tencent_ai_lab_chinese_embedding_light_mirror_mvp,0.50473614,3384,0.48465097,0.48836946,0.4790732,暗恋,表白与追求,0.53426182,3575
3576,年长,年长,2,tencent_ai_lab_chinese_embedding_light_mirror_mvp,0.58584638,884,0.48449785,0.48760206,0.47984147,同龄人,社会比较与人生进度,0.56706846,3576
3577,发呆,发呆,2,tencent_ai_lab_chinese_embedding_light_mirror_mvp,0.49646823,3880,0.48449373,0.49022427,0.47589791,表白,社会比较与人生进度,0.57374871,3577
3578,性兴奋,性兴奋,3,tencent_ai_lab_chinese_embedding_light_mirror_mvp,0.52012957,2588,0.48446292,0.48727173,0.48024964,伴侣,表白与追求,0.56835973,3578
3579,托付,托付,2,tencent_ai_lab_chinese_embedding_light_mirror_mvp,0.51603817,2773,0.48444626,0.48920017,0.47731534,拥抱,婚恋,0.50642526,3579
3580,冷暖自知,冷暖自知,4,tencent_ai_lab_chinese_embedding_light_mirror_mvp,0.5011669,3583,0.4844349,0.4875761,0.47972301,亲密,社会比较与人生进度,0.56163752,3580
3581,就生,就生,2,tencent_ai_lab_chinese_embedding_light_mirror_mvp,0.58333236,921,0.48439968,0.48755899,0.47966066,人生阶段,社会比较与人生进度,0.52926254,3581
3582,在梦里,在梦里,3,tencent_ai_lab_chinese_embedding_light_mirror_mvp,0.51365283,2896,0.48439509,0.48559776,0.48259103,暗恋,表白与追求,0.56648886,3582
3583,打闹,打闹,2,tencent_ai_lab_chinese_embedding_light_mirror_mvp,0.57273133,1087,0.48432741,0.48978448,0.47614178,被追,约会,0.55951035,3583
3584,离不开你,离不开你,4,tencent_ai_lab_chinese_embedding_light_mirror_mvp,0.52194507,2512,0.48430067,0.48540735,0.48264065,恋人,表白与追求,0.56895757,3584
3585,刷碗,刷碗,2,tencent_ai_lab_chinese_embedding_light_mirror_mvp,0.52761257,2325,0.48424101,0.51421559,0.43927908,约饭,约会,0.4766905,3585
3586,上司,上司,2,tencent_ai_lab_chinese_embedding_light_mirror_mvp,0.57469287,1059,0.48424,0.49542174,0.46746743,老公,婚恋,0.49637297,3586
3587,类型,类型,2,tencent_ai_lab_chinese_embedding_light_mirror_mvp,0.49894841,3717,0.48410085,0.49700195,0.46474919,对象,社会比较与人生进度,0.52880299,3587
3588,合适,合适,2,tencent_ai_lab_chinese_embedding_light_mirror_mvp,0.54288172,1783,0.48409432,0.48813054,0.47803998,对象,社会比较与人生进度,0.56834215,3588
3589,吵起来,吵起来,3,tencent_ai_lab_chinese_embedding_light_mirror_mvp,0.53611205,2000,0.4840613,0.4910689,0.47354984,同桌,社会比较与人生进度,0.5468691,3589
3590,搞好学习,搞好学习,4,tencent_ai_lab_chinese_embedding_light_mirror_mvp,0.53496207,2035,0.48399413,0.49831957,0.46250591,追求,社会比较与人生进度,0.55443132,3590
3591,街上,街上,2,tencent_ai_lab_chinese_embedding_light_mirror_mvp,0.48654467,4589,0.48397666,0.50279486,0.45574927,散步,社会比较与人生进度,0.51979733,3591
3592,永不,永不,2,tencent_ai_lab_chinese_embedding_light_mirror_mvp,0.49479774,3999,0.48394561,0.49055234,0.47403553,感情史,表白与追求,0.5227887,3592
3593,志向,志向,2,tencent_ai_lab_chinese_embedding_light_mirror_mvp,0.51451782,2850,0.4838835,0.48946655,0.47550881,追求,社会比较与人生进度,0.55340767,3593
3594,特质,特质,2,tencent_ai_lab_chinese_embedding_light_mirror_mvp,0.51453165,2849,0.48378509,0.49142092,0.47233129,亲密,社会比较与人生进度,0.51797646,3594
3595,好啊,好啊,2,tencent_ai_lab_chinese_embedding_light_mirror_mvp,0.49190755,4194,0.4837769,0.48541921,0.48131338,落后,表白与追求,0.54444402,3595
3596,改变自己,改变自己,4,tencent_ai_lab_chinese_embedding_light_mirror_mvp,0.52344865,2464,0.48360831,0.48582107,0.48028913,人生阶段,社会比较与人生进度,0.59943044,3596
3597,三观,三观,2,tencent_ai_lab_chinese_embedding_light_mirror_mvp,0.54246062,1801,0.48355347,0.48554063,0.4805727,老公,社会比较与人生进度,0.5400461,3597
3598,帽衫,帽衫,2,tencent_ai_lab_chinese_embedding_light_mirror_mvp,0.58288885,929,0.48354235,0.5105598,0.44301614,校服,社会比较与人生进度,0.41160673,3598
3599,带套,带套,2,tencent_ai_lab_chinese_embedding_light_mirror_mvp,0.48679515,4572,0.48350501,0.49296838,0.46930996,拥抱,亲密行为,0.51086038,3599
3600,这也,这也,2,tencent_ai_lab_chinese_embedding_light_mirror_mvp,0.48686094,4567,0.48347974,0.48733258,0.4777005,对象,社会比较与人生进度,0.53297913,3600
3601,正装,正装,2,tencent_ai_lab_chinese_embedding_light_mirror_mvp,0.49149491,4220,0.48345649,0.5049625,0.45119748,校服,社会比较与人生进度,0.48127878,3601
3602,身患,身患,2,tencent_ai_lab_chinese_embedding_light_mirror_mvp,0.51534649,2810,0.48342216,0.4881323,0.47635683,单身,社会比较与人生进度,0.55852228,3602
3603,鼓起勇气,鼓起勇气,4,tencent_ai_lab_chinese_embedding_light_mirror_mvp,0.63575437,431,0.48340511,0.49178946,0.47082853,拥抱,表白与追求,0.54330993,3603
3604,匿名,匿名,2,tencent_ai_lab_chinese_embedding_light_mirror_mvp,0.52760476,2327,0.48336047,0.48631796,0.47892424,暗恋,社会比较与人生进度,0.54938853,3604
3605,再办,再办,2,tencent_ai_lab_chinese_embedding_light_mirror_mvp,0.50078994,3608,0.48323107,0.48509923,0.48042873,订婚,社会比较与人生进度,0.52908993,3605
3606,这不,这不,2,tencent_ai_lab_chinese_embedding_light_mirror_mvp,0.48806672,4470,0.48321444,0.49340802,0.46792397,没有对象,社会比较与人生进度,0.50186157,3606
3607,公园,公园,2,tencent_ai_lab_chinese_embedding_light_mirror_mvp,0.55823008,1364,0.48320442,0.48588288,0.47918665,散步,社会比较与人生进度,0.45932078,3607
3608,应试教育,应试教育,4,tencent_ai_lab_chinese_embedding_light_mirror_mvp,0.51844965,2667,0.48317802,0.49274954,0.46882072,恋爱经验,社会比较与人生进度,0.54934072,3608
3609,那些,那些,2,tencent_ai_lab_chinese_embedding_light_mirror_mvp,0.50782322,3219,0.48316866,0.48631874,0.4784435,青春,社会比较与人生进度,0.6158222,3609
3610,谎言,谎言,2,tencent_ai_lab_chinese_embedding_light_mirror_mvp,0.48478262,4741,0.48313248,0.48957962,0.47346178,亲密,表白与追求,0.5462476,3610
3611,生死,生死,2,tencent_ai_lab_chinese_embedding_light_mirror_mvp,0.48589168,4644,0.48310262,0.50004375,0.45769086,人生阶段,社会比较与人生进度,0.51206344,3611
3612,任何事情,任何事情,4,tencent_ai_lab_chinese_embedding_light_mirror_mvp,0.50121918,3581,0.48308712,0.48585039,0.47894216,前任,社会比较与人生进度,0.52317965,3612
3613,怎么,怎么,2,tencent_ai_lab_chinese_embedding_light_mirror_mvp,0.53907355,1907,0.48306823,0.49339843,0.4675729,追求,社会比较与人生进度,0.52788895,3613
3614,讲台,讲台,2,tencent_ai_lab_chinese_embedding_light_mirror_mvp,0.53192735,2154,0.48304522,0.49113131,0.470916,同桌,约会,0.49672985,3614
3615,反社会行为,反社会行为,5,tencent_ai_lab_chinese_embedding_light_mirror_mvp,0.48391206,4813,0.4830327,0.49355561,0.46724829,被追,社会比较与人生进度,0.54200721,3615
3616,悉心照料,悉心照料,4,tencent_ai_lab_chinese_embedding_light_mirror_mvp,0.52433866,2436,0.48302883,0.49300796,0.46806002,亲密,亲密行为,0.52180064,3616
3617,红娘,红娘,2,tencent_ai_lab_chinese_embedding_light_mirror_mvp,0.50264302,3496,0.48301265,0.49071583,0.47145784,婚礼,婚恋,0.54046196,3617
3618,性压抑,性压抑,3,tencent_ai_lab_chinese_embedding_light_mirror_mvp,0.52087355,2556,0.48299724,0.4902091,0.47217944,感情史,社会比较与人生进度,0.53631222,3618
3619,欠债,欠债,2,tencent_ai_lab_chinese_embedding_light_mirror_mvp,0.50358354,3437,0.4829742,0.48798135,0.47546342,被追,表白与追求,0.52495044,3619
3620,物质,物质,2,tencent_ai_lab_chinese_embedding_light_mirror_mvp,0.49580003,3926,0.4829492,0.49446517,0.46567526,追求,表白与追求,0.48828971,3620
3621,去世,去世,2,tencent_ai_lab_chinese_embedding_light_mirror_mvp,0.59203243,803,0.48294204,0.48830059,0.47490418,前任,表白与追求,0.54159838,3621
3622,太穷,太穷,2,tencent_ai_lab_chinese_embedding_light_mirror_mvp,0.4918071,4200,0.48290271,0.49250707,0.4684962,落后,社会比较与人生进度,0.56420499,3622
3623,良人,良人,2,tencent_ai_lab_chinese_embedding_light_mirror_mvp,0.58445652,907,0.4828921,0.48706409,0.476634,恋人,社会比较与人生进度,0.52215135,3623
3624,上进心,上进心,3,tencent_ai_lab_chinese_embedding_light_mirror_mvp,0.54143252,1831,0.48289031,0.4886691,0.47422209,追求,社会比较与人生进度,0.57394397,3624
3625,最重要的,最重要的,4,tencent_ai_lab_chinese_embedding_light_mirror_mvp,0.52591881,2380,0.48282725,0.49280614,0.46785894,追求,社会比较与人生进度,0.50333107,3625
3626,网上,网上,2,tencent_ai_lab_chinese_embedding_light_mirror_mvp,0.49030517,4303,0.48277006,0.48924369,0.47305956,被追,社会比较与人生进度,0.53924775,3626
3627,死了,死了,2,tencent_ai_lab_chinese_embedding_light_mirror_mvp,0.52988143,2234,0.48273087,0.49387154,0.46601975,落后,社会比较与人生进度,0.52437234,3627
3628,可贵,可贵,2,tencent_ai_lab_chinese_embedding_light_mirror_mvp,0.5056057,3337,0.48272979,0.49128693,0.46989402,落后,表白与追求,0.51507169,3628
3629,流产,流产,2,tencent_ai_lab_chinese_embedding_light_mirror_mvp,0.53017361,2223,0.4826723,0.49910742,0.45801958,母胎单身,社会比较与人生进度,0.49840638,3629
3630,偏执狂,偏执狂,3,tencent_ai_lab_chinese_embedding_light_mirror_mvp,0.48212996,4946,0.48266912,0.49168348,0.46914753,暗恋,表白与追求,0.530343,3630
3631,所累,所累,2,tencent_ai_lab_chinese_embedding_light_mirror_mvp,0.49921542,3702,0.48266423,0.49146175,0.46946788,被追,社会比较与人生进度,0.55281162,3631
3632,赡养,赡养,2,tencent_ai_lab_chinese_embedding_light_mirror_mvp,0.52528317,2402,0.48262811,0.48938537,0.47249219,老公,婚恋,0.54346037,3632
3633,年仅,年仅,2,tencent_ai_lab_chinese_embedding_light_mirror_mvp,0.50958761,3127,0.48256439,0.49131757,0.4694345,同龄人,社会比较与人生进度,0.57371473,3633
3634,花园,花园,2,tencent_ai_lab_chinese_embedding_light_mirror_mvp,0.50343795,3447,0.4825134,0.51336032,0.43624297,校园恋爱,校园恋爱,0.46069461,3634
3635,这样,这样,2,tencent_ai_lab_chinese_embedding_light_mirror_mvp,0.49058195,4286,0.48248643,0.48725182,0.47533837,追求,社会比较与人生进度,0.54820913,3635
3636,生理,生理,2,tencent_ai_lab_chinese_embedding_light_mirror_mvp,0.53443451,2056,0.48244852,0.49702615,0.46058211,人生阶段,社会比较与人生进度,0.52845132,3636
3637,利益,利益,2,tencent_ai_lab_chinese_embedding_light_mirror_mvp,0.49830381,3754,0.48239946,0.48660767,0.47608706,追求,表白与追求,0.50867224,3637
3638,喝醉,喝醉,2,tencent_ai_lab_chinese_embedding_light_mirror_mvp,0.55376706,1476,0.482384,0.48508233,0.47833642,接吻,表白与追求,0.54618752,3638
3639,长裙,长裙,2,tencent_ai_lab_chinese_embedding_light_mirror_mvp,0.53331047,2102,0.48237711,0.49603283,0.46189356,校服,婚恋,0.46883059,3639
3640,静坐,静坐,2,tencent_ai_lab_chinese_embedding_light_mirror_mvp,0.49905237,3709,0.4823494,0.49844384,0.45820773,散步,约会,0.5219121,3640
3641,洋溢,洋溢,2,tencent_ai_lab_chinese_embedding_light_mirror_mvp,0.48717715,4536,0.48233509,0.48407078,0.47973159,拥抱,表白与追求,0.55920804,3641
3642,猛料,猛料,2,tencent_ai_lab_chinese_embedding_light_mirror_mvp,0.50596552,3323,0.48226646,0.49397197,0.46470812,被追,表白与追求,0.52449501,3642
3643,长衣,长衣,2,tencent_ai_lab_chinese_embedding_light_mirror_mvp,0.48575768,4658,0.4822641,0.50557697,0.44729483,校服,婚恋,0.47557265,3643
3644,质朴,质朴,2,tencent_ai_lab_chinese_embedding_light_mirror_mvp,0.48754635,4511,0.48218697,0.49269509,0.4664247,亲密,表白与追求,0.50232702,3644
3645,怨恨,怨恨,2,tencent_ai_lab_chinese_embedding_light_mirror_mvp,0.49072999,4276,0.48215061,0.48616755,0.47612515,感情史,社会比较与人生进度,0.53503978,3645
3646,浪荡,浪荡,2,tencent_ai_lab_chinese_embedding_light_mirror_mvp,0.48177217,4975,0.48214656,0.48772532,0.47377834,散步,社会比较与人生进度,0.50592124,3646
3647,世间,世间,2,tencent_ai_lab_chinese_embedding_light_mirror_mvp,0.55406089,1466,0.48213407,0.49430415,0.46387896,人生阶段,社会比较与人生进度,0.50970107,3647
3648,独立性,独立性,3,tencent_ai_lab_chinese_embedding_light_mirror_mvp,0.48516188,4706,0.48209605,0.48714954,0.47451577,亲密,单身与脱单,0.51621211,3648
3649,理由,理由,2,tencent_ai_lab_chinese_embedding_light_mirror_mvp,0.53055837,2211,0.48207477,0.49057096,0.46933046,追求,表白与追求,0.54615259,3649
3650,冲突,冲突,2,tencent_ai_lab_chinese_embedding_light_mirror_mvp,0.52275418,2480,0.48206475,0.49479097,0.46297541,被追,社会比较与人生进度,0.47830072,3650
3651,低年级,低年级,3,tencent_ai_lab_chinese_embedding_light_mirror_mvp,0.53750275,1964,0.48203343,0.48405427,0.47900215,同龄人,社会比较与人生进度,0.59366375,3651
3652,勇敢,勇敢,2,tencent_ai_lab_chinese_embedding_light_mirror_mvp,0.55395414,1471,0.48201573,0.4835692,0.47968554,追求,表白与追求,0.57695889,3652
3653,粉丝团,粉丝团,3,tencent_ai_lab_chinese_embedding_light_mirror_mvp,0.48458233,4759,0.4820109,0.48663014,0.47508201,约饭,约会,0.51620489,3653
3654,午睡,午睡,2,tencent_ai_lab_chinese_embedding_light_mirror_mvp,0.51951119,2621,0.48196429,0.49734443,0.4588941,约饭,约会,0.50825572,3654
3655,假如,假如,2,tencent_ai_lab_chinese_embedding_light_mirror_mvp,0.52147515,2527,0.48194528,0.48989013,0.47002804,对象,社会比较与人生进度,0.53817463,3655
3656,旷课,旷课,2,tencent_ai_lab_chinese_embedding_light_mirror_mvp,0.59765997,742,0.48193905,0.50261879,0.45091942,散步,约会,0.50587875,3656
3657,一节课,一节课,3,tencent_ai_lab_chinese_embedding_light_mirror_mvp,0.48730004,4530,0.48181075,0.48532116,0.47654513,同桌,约会,0.5374229,3657
3658,赔钱货,赔钱货,3,tencent_ai_lab_chinese_embedding_light_mirror_mvp,0.54407177,1743,0.48166144,0.4911859,0.46737471,对象,婚恋,0.49093425,3658
3659,清心寡欲,清心寡欲,4,tencent_ai_lab_chinese_embedding_light_mirror_mvp,0.52354584,2456,0.48160064,0.48555267,0.47567257,单身,社会比较与人生进度,0.54265124,3659
3660,哭闹,哭闹,2,tencent_ai_lab_chinese_embedding_light_mirror_mvp,0.49594147,3921,0.48154595,0.49590749,0.46000361,拥抱,社会比较与人生进度,0.5160045,3660
3661,开诚布公,开诚布公,4,tencent_ai_lab_chinese_embedding_light_mirror_mvp,0.50319345,3462,0.48149863,0.48292232,0.47936305,亲密,表白与追求,0.50196457,3661
3662,宠物,宠物,2,tencent_ai_lab_chinese_embedding_light_mirror_mvp,0.50305611,3470,0.48144603,0.48942554,0.4694767,拥抱,对象关系,0.5072549,3662
3663,传出,传出,2,tencent_ai_lab_chinese_embedding_light_mirror_mvp,0.49622709,3897,0.48141468,0.493536,0.46323273,被追,表白与追求,0.52596259,3663
3664,说说笑笑,说说笑笑,4,tencent_ai_lab_chinese_embedding_light_mirror_mvp,0.50867996,3173,0.48140973,0.48522037,0.47569367,别人都有对象,社会比较与人生进度,0.54468292,3664
3665,将心比心,将心比心,4,tencent_ai_lab_chinese_embedding_light_mirror_mvp,0.49191074,4193,0.48136097,0.48430914,0.47693872,拥抱,表白与追求,0.51510346,3665
3666,活成,活成,2,tencent_ai_lab_chinese_embedding_light_mirror_mvp,0.51720139,2717,0.4813484,0.48817021,0.47111559,人生阶段,社会比较与人生进度,0.55152553,3666
3667,优秀生,优秀生,3,tencent_ai_lab_chinese_embedding_light_mirror_mvp,0.5296335,2246,0.48133093,0.49136341,0.46628222,学生情侣,社会比较与人生进度,0.54754019,3667
3668,避讳,避讳,2,tencent_ai_lab_chinese_embedding_light_mirror_mvp,0.48498387,4727,0.48131406,0.48515111,0.47555852,亲密,社会比较与人生进度,0.55421615,3668
3669,圣诞节,圣诞节,3,tencent_ai_lab_chinese_embedding_light_mirror_mvp,0.50053321,3624,0.48128176,0.50713456,0.44250253,婚礼,表白与追求,0.4548921,3669
3670,丧事,丧事,2,tencent_ai_lab_chinese_embedding_light_mirror_mvp,0.58010902,975,0.48126692,0.48583901,0.47440872,老公,婚恋,0.5301947,3670
3671,美满,美满,2,tencent_ai_lab_chinese_embedding_light_mirror_mvp,0.63359051,441,0.48118496,0.49013925,0.4677535,拥抱,表白与追求,0.50339824,3671
3672,我们,我们,2,tencent_ai_lab_chinese_embedding_light_mirror_mvp,0.51020823,3088,0.48118025,0.48247352,0.47924033,拥抱,社会比较与人生进度,0.56412965,3672
3673,喝一杯,喝一杯,3,tencent_ai_lab_chinese_embedding_light_mirror_mvp,0.51372498,2894,0.48115298,0.48355347,0.47755218,约饭,约会,0.55965018,3673
3674,自我意识,自我意识,4,tencent_ai_lab_chinese_embedding_light_mirror_mvp,0.56795141,1167,0.48109031,0.49651927,0.45794675,人生阶段,社会比较与人生进度,0.55820155,3674
3675,换位思考,换位思考,4,tencent_ai_lab_chinese_embedding_light_mirror_mvp,0.51709168,2725,0.48090667,0.48939317,0.46817693,追求,社会比较与人生进度,0.55729294,3675
3676,知己,知己,2,tencent_ai_lab_chinese_embedding_light_mirror_mvp,0.62071989,530,0.48085785,0.48491597,0.47477064,老公,社会比较与人生进度,0.56851971,3676
3677,沧桑,沧桑,2,tencent_ai_lab_chinese_embedding_light_mirror_mvp,0.5019756,3533,0.48084742,0.48653522,0.4723157,感情史,社会比较与人生进度,0.54178768,3677
3678,个班,个班,2,tencent_ai_lab_chinese_embedding_light_mirror_mvp,0.5451185,1711,0.48084575,0.48365301,0.47663474,同桌,社会比较与人生进度,0.56926847,3678
3679,女演员,女演员,3,tencent_ai_lab_chinese_embedding_light_mirror_mvp,0.53198957,2149,0.4808417,0.49104813,0.46553198,女朋友,婚恋,0.46301755,3679
3680,屌丝,屌丝,2,tencent_ai_lab_chinese_embedding_light_mirror_mvp,0.54032922,1864,0.48083556,0.48617864,0.47282091,青春,社会比较与人生进度,0.56701535,3680
3681,这下,这下,2,tencent_ai_lab_chinese_embedding_light_mirror_mvp,0.52426534,2438,0.48080891,0.48197263,0.47906336,落后,社会比较与人生进度,0.55721366,3681
3682,很乖,很乖,2,tencent_ai_lab_chinese_embedding_light_mirror_mvp,0.4852124,4704,0.48080593,0.48495448,0.47458306,亲密,社会比较与人生进度,0.51364636,3682
3683,胖了,胖了,2,tencent_ai_lab_chinese_embedding_light_mirror_mvp,0.50914241,3152,0.48080415,0.48136395,0.47996441,散步,社会比较与人生进度,0.55532336,3683
3684,虚伪,虚伪,2,tencent_ai_lab_chinese_embedding_light_mirror_mvp,0.49868159,3731,0.48076704,0.48596552,0.47296926,落后,社会比较与人生进度,0.57032299,3684
3685,嘻嘻哈哈,嘻嘻哈哈,4,tencent_ai_lab_chinese_embedding_light_mirror_mvp,0.49392837,4059,0.48071694,0.48688799,0.47146034,青春,社会比较与人生进度,0.54633373,3685
3686,旧账,旧账,2,tencent_ai_lab_chinese_embedding_light_mirror_mvp,0.49757428,3814,0.48070836,0.48569703,0.47322538,老公,婚恋,0.51385939,3686
3687,筹办,筹办,2,tencent_ai_lab_chinese_embedding_light_mirror_mvp,0.55834186,1358,0.48065016,0.48400187,0.47562256,婚礼,婚恋,0.51098001,3687
3688,哥们儿,哥们儿,3,tencent_ai_lab_chinese_embedding_light_mirror_mvp,0.60719889,634,0.48054898,0.48073316,0.48027274,同龄人,社会比较与人生进度,0.55378842,3688
3689,家庭暴力,家庭暴力,4,tencent_ai_lab_chinese_embedding_light_mirror_mvp,0.53719735,1974,0.48051757,0.48773789,0.46968707,亲密关系,社会比较与人生进度,0.50544858,3689
3690,酒吧,酒吧,2,tencent_ai_lab_chinese_embedding_light_mirror_mvp,0.51492236,2827,0.48043627,0.49206144,0.46299842,约会,约会,0.51419413,3690
3691,坐地铁,坐地铁,3,tencent_ai_lab_chinese_embedding_light_mirror_mvp,0.48259882,4917,0.48043406,0.48489982,0.47373536,约会,约会,0.57965767,3691
3692,整天,整天,2,tencent_ai_lab_chinese_embedding_light_mirror_mvp,0.54256682,1796,0.48039991,0.4843123,0.47453129,老公,约会,0.55244851,3692
3693,潜意识,潜意识,3,tencent_ai_lab_chinese_embedding_light_mirror_mvp,0.61106923,594,0.48037714,0.48639682,0.4713476,亲密关系,社会比较与人生进度,0.54742962,3693
3694,名利,名利,2,tencent_ai_lab_chinese_embedding_light_mirror_mvp,0.5852036,893,0.48035812,0.49544397,0.45772934,落后,社会比较与人生进度,0.5051868,3694
3695,社会性,社会性,3,tencent_ai_lab_chinese_embedding_light_mirror_mvp,0.48502047,4720,0.4803099,0.48280776,0.47656313,约会,社会比较与人生进度,0.57435513,3695
3696,有天,有天,2,tencent_ai_lab_chinese_embedding_light_mirror_mvp,0.49653424,3877,0.4802689,0.48569089,0.47213578,被追,社会比较与人生进度,0.56767762,3696
3697,他们,他们,2,tencent_ai_lab_chinese_embedding_light_mirror_mvp,0.54468108,1723,0.48026496,0.4823975,0.47706613,拥抱,社会比较与人生进度,0.56090295,3697
3698,桃花,桃花,2,tencent_ai_lab_chinese_embedding_light_mirror_mvp,0.58310361,926,0.48025745,0.49172962,0.46304914,初恋,社会比较与人生进度,0.49100071,3698
3699,反超,反超,2,tencent_ai_lab_chinese_embedding_light_mirror_mvp,0.58146994,952,0.48021525,0.48848045,0.4678174,被追,社会比较与人生进度,0.51757395,3699
3700,理智,理智,2,tencent_ai_lab_chinese_embedding_light_mirror_mvp,0.53877244,1914,0.4801262,0.49131534,0.46334243,亲密,表白与追求,0.54500437,3700
3701,逆袭,逆袭,2,tencent_ai_lab_chinese_embedding_light_mirror_mvp,0.50279253,3485,0.48011774,0.49096721,0.46384349,错过青春,社会比较与人生进度,0.53480035,3701
3702,当爸,当爸,2,tencent_ai_lab_chinese_embedding_light_mirror_mvp,0.6087492,621,0.48011482,0.48593065,0.47139099,丈夫,婚恋,0.53348392,3702
3703,拍照片,拍照片,3,tencent_ai_lab_chinese_embedding_light_mirror_mvp,0.49365923,4080,0.48005658,0.49160427,0.46273494,看电影,社会比较与人生进度,0.48946339,3703
3704,倔强,倔强,2,tencent_ai_lab_chinese_embedding_light_mirror_mvp,0.51332989,2921,0.47996783,0.4868682,0.46961725,牵手,表白与追求,0.54291922,3704
3705,审美,审美,2,tencent_ai_lab_chinese_embedding_light_mirror_mvp,0.54310869,1776,0.47995305,0.48309672,0.47523752,追求,社会比较与人生进度,0.55717582,3705
3706,恰恰相反,恰恰相反,4,tencent_ai_lab_chinese_embedding_light_mirror_mvp,0.49907675,3706,0.47993684,0.48376381,0.47419631,对象,社会比较与人生进度,0.54824173,3706
3707,样子,样子,2,tencent_ai_lab_chinese_embedding_light_mirror_mvp,0.51319304,2929,0.47991669,0.48173672,0.47718653,对象,社会比较与人生进度,0.55358601,3707
3708,仙女们,仙女们,3,tencent_ai_lab_chinese_embedding_light_mirror_mvp,0.50069832,3612,0.4799152,0.48690069,0.46943691,女朋友,社会比较与人生进度,0.53536308,3708
3709,啥事,啥事,2,tencent_ai_lab_chinese_embedding_light_mirror_mvp,0.50315374,3467,0.47987723,0.48319972,0.47489348,别人都有对象,社会比较与人生进度,0.54481232,3709
3710,总而言之,总而言之,4,tencent_ai_lab_chinese_embedding_light_mirror_mvp,0.4981447,3769,0.47985965,0.48655736,0.46981302,落后,社会比较与人生进度,0.56955326,3710
3711,姑父,姑父,2,tencent_ai_lab_chinese_embedding_light_mirror_mvp,0.63218346,447,0.4798317,0.49138233,0.4625057,丈夫,婚恋,0.52235186,3711
3712,衬衣,衬衣,2,tencent_ai_lab_chinese_embedding_light_mirror_mvp,0.58656784,876,0.47981268,0.49127531,0.46261868,校服,婚恋,0.48444402,3712
3713,职务,职务,2,tencent_ai_lab_chinese_embedding_light_mirror_mvp,0.52309504,2474,0.47976726,0.48503932,0.4718591,对象,社会比较与人生进度,0.51756066,3713
3714,知心,知心,2,tencent_ai_lab_chinese_embedding_light_mirror_mvp,0.57229551,1094,0.47962922,0.48211884,0.47589469,拥抱,表白与追求,0.55709344,3714
3715,当作,当作,2,tencent_ai_lab_chinese_embedding_light_mirror_mvp,0.50724223,3245,0.47959948,0.48492488,0.47161126,被追,社会比较与人生进度,0.5576762,3715
3716,心如,心如,2,tencent_ai_lab_chinese_embedding_light_mirror_mvp,0.57833593,1004,0.47958463,0.48538896,0.47087815,恋情,表白与追求,0.5418036,3716
3717,偏执,偏执,2,tencent_ai_lab_chinese_embedding_light_mirror_mvp,0.50455296,3389,0.4795717,0.48376659,0.47327936,脱单,表白与追求,0.53865963,3717
3718,很多很多,很多很多,4,tencent_ai_lab_chinese_embedding_light_mirror_mvp,0.48337256,4858,0.47952247,0.48629075,0.46936998,别人都有对象,社会比较与人生进度,0.58002478,3718
3719,双鱼座,双鱼座,3,tencent_ai_lab_chinese_embedding_light_mirror_mvp,0.66787806,273,0.47951728,0.48659787,0.46889642,同桌,单身与脱单,0.4862228,3719
3720,大房子,大房子,3,tencent_ai_lab_chinese_embedding_light_mirror_mvp,0.49004667,4317,0.47948232,0.4878428,0.4669416,大学恋爱,婚恋,0.52547324,3720
3721,心形,心形,2,tencent_ai_lab_chinese_embedding_light_mirror_mvp,0.48175684,4981,0.479478,0.48657605,0.46883094,感情史,社会比较与人生进度,0.52063262,3721
3722,宽容,宽容,2,tencent_ai_lab_chinese_embedding_light_mirror_mvp,0.5216647,2521,0.47937971,0.4902752,0.46303639,拥抱,社会比较与人生进度,0.52060986,3722
3723,无理取闹,无理取闹,4,tencent_ai_lab_chinese_embedding_light_mirror_mvp,0.55917218,1338,0.47936645,0.48724666,0.46754614,没有对象,社会比较与人生进度,0.54744482,3723
3724,死心,死心,2,tencent_ai_lab_chinese_embedding_light_mirror_mvp,0.54347953,1765,0.47933197,0.48545131,0.47015297,暗恋,表白与追求,0.5404945,3724
3725,待产,待产,2,tencent_ai_lab_chinese_embedding_light_mirror_mvp,0.5754838,1046,0.4793126,0.48075598,0.47714749,妻子,婚恋,0.54205078,3725
3726,境界,境界,2,tencent_ai_lab_chinese_embedding_light_mirror_mvp,0.5420812,1811,0.47923994,0.49064681,0.46212959,人生阶段,社会比较与人生进度,0.52798474,3726
3727,其弟,其弟,2,tencent_ai_lab_chinese_embedding_light_mirror_mvp,0.48412387,4801,0.47914791,0.48079044,0.47668412,前男友,社会比较与人生进度,0.52541178,3727
3728,时尚,时尚,2,tencent_ai_lab_chinese_embedding_light_mirror_mvp,0.49769936,3804,0.47911149,0.48119557,0.47598529,约会,社会比较与人生进度,0.56411481,3728
3729,来宾,来宾,2,tencent_ai_lab_chinese_embedding_light_mirror_mvp,0.50564228,3335,0.47910291,0.4815923,0.47536877,求婚,约会,0.51428032,3729
3730,西餐厅,西餐厅,3,tencent_ai_lab_chinese_embedding_light_mirror_mvp,0.5392009,1903,0.47909009,0.49773055,0.45112935,约饭,约会,0.48041338,3730
3731,致意,致意,2,tencent_ai_lab_chinese_embedding_light_mirror_mvp,0.50398549,3417,0.47907841,0.48307154,0.47308865,追求,表白与追求,0.56914055,3731
3732,下半场,下半场,3,tencent_ai_lab_chinese_embedding_light_mirror_mvp,0.53113368,2189,0.47907087,0.48021433,0.47735563,约会,社会比较与人生进度,0.56999522,3732
3733,世上,世上,2,tencent_ai_lab_chinese_embedding_light_mirror_mvp,0.51326265,2924,0.47900999,0.49176675,0.45987478,老公,社会比较与人生进度,0.49860209,3733
3734,大妈,大妈,2,tencent_ai_lab_chinese_embedding_light_mirror_mvp,0.53151982,2175,0.47899669,0.49000371,0.46248612,老婆,婚恋,0.47988987,3734
3735,然哥,然哥,2,tencent_ai_lab_chinese_embedding_light_mirror_mvp,0.50862409,3175,0.47889096,0.49126291,0.46033302,前男友,社会比较与人生进度,0.48378286,3735
3736,天人永隔,天人永隔,4,tencent_ai_lab_chinese_embedding_light_mirror_mvp,0.50685128,3270,0.47887278,0.49730662,0.45122194,恋人,社会比较与人生进度,0.466488,3736
3737,嘘寒问暖,嘘寒问暖,4,tencent_ai_lab_chinese_embedding_light_mirror_mvp,0.52992709,2232,0.47881082,0.48456025,0.47018662,亲密,表白与追求,0.52364051,3737
3738,说分,说分,2,tencent_ai_lab_chinese_embedding_light_mirror_mvp,0.53354983,2093,0.4787811,0.48578331,0.46827778,对象,社会比较与人生进度,0.53919584,3738
3739,苦难,苦难,2,tencent_ai_lab_chinese_embedding_light_mirror_mvp,0.52453322,2429,0.47862709,0.484005,0.47056016,人生阶段,社会比较与人生进度,0.56575251,3739
3740,纸们,纸们,2,tencent_ai_lab_chinese_embedding_light_mirror_mvp,0.49614545,3906,0.47862649,0.49225986,0.45817646,拥抱,表白与追求,0.51884651,3740
3741,塑造,塑造,2,tencent_ai_lab_chinese_embedding_light_mirror_mvp,0.49190565,4195,0.47858906,0.48648798,0.46674061,拥抱,社会比较与人生进度,0.49074009,3741
3742,涨粉,涨粉,2,tencent_ai_lab_chinese_embedding_light_mirror_mvp,0.49712701,3832,0.47858733,0.48318422,0.47169188,被追,表白与追求,0.5275256,3742
3743,孝心,孝心,2,tencent_ai_lab_chinese_embedding_light_mirror_mvp,0.49558992,3938,0.47857872,0.48446065,0.46975574,老公,婚恋,0.51200503,3743
3744,娃儿,娃儿,2,tencent_ai_lab_chinese_embedding_light_mirror_mvp,0.49689274,3845,0.47857565,0.47941679,0.47731388,老公,社会比较与人生进度,0.53654045,3744
3745,高冷,高冷,2,tencent_ai_lab_chinese_embedding_light_mirror_mvp,0.53474817,2041,0.47853935,0.48815486,0.46411607,落后,社会比较与人生进度,0.50355077,3745
3746,孩童,孩童,2,tencent_ai_lab_chinese_embedding_light_mirror_mvp,0.49806362,3771,0.47852427,0.48295981,0.4718709,青春,社会比较与人生进度,0.54366857,3746
3747,女佣,女佣,2,tencent_ai_lab_chinese_embedding_light_mirror_mvp,0.54403186,1746,0.47849399,0.48486835,0.46893239,女朋友,婚恋,0.48820516,3747
3748,就是这样,就是这样,4,tencent_ai_lab_chinese_embedding_light_mirror_mvp,0.52989783,2233,0.47846484,0.48897332,0.46270204,追求,社会比较与人生进度,0.56275946,3748
3749,责骂,责骂,2,tencent_ai_lab_chinese_embedding_light_mirror_mvp,0.48787627,4484,0.4784641,0.49090147,0.45980802,被追,社会比较与人生进度,0.53178513,3749
3750,教育,教育,2,tencent_ai_lab_chinese_embedding_light_mirror_mvp,0.48961114,4356,0.47841045,0.47945374,0.4768455,青春,社会比较与人生进度,0.54933143,3750
3751,晚育,晚育,2,tencent_ai_lab_chinese_embedding_light_mirror_mvp,0.49827445,3756,0.47835374,0.4915151,0.45861173,母胎单身,社会比较与人生进度,0.50442207,3751
3752,蓝颜知己,蓝颜知己,4,tencent_ai_lab_chinese_embedding_light_mirror_mvp,0.69930061,179,0.47828686,0.48118854,0.47393432,暗恋,社会比较与人生进度,0.51199925,3752
3753,强暴,强暴,2,tencent_ai_lab_chinese_embedding_light_mirror_mvp,0.49095147,4256,0.47823185,0.48610425,0.46642312,被追,表白与追求,0.54180443,3753
3754,小学老师,小学老师,4,tencent_ai_lab_chinese_embedding_light_mirror_mvp,0.53661293,1989,0.47815013,0.49452871,0.4535822,学生情侣,校园恋爱,0.49028322,3754
3755,磨难,磨难,2,tencent_ai_lab_chinese_embedding_light_mirror_mvp,0.50713021,3254,0.47813928,0.48522854,0.46750537,恋爱经历,社会比较与人生进度,0.56175351,3755
3756,太丑,太丑,2,tencent_ai_lab_chinese_embedding_light_mirror_mvp,0.51023033,3085,0.478127,0.48761898,0.46388897,落后,社会比较与人生进度,0.53853059,3756
3757,永垂不朽,永垂不朽,4,tencent_ai_lab_chinese_embedding_light_mirror_mvp,0.51763898,2699,0.4780699,0.48724353,0.46430948,落后,社会比较与人生进度,0.51873547,3757
3758,立马,立马,2,tencent_ai_lab_chinese_embedding_light_mirror_mvp,0.48161693,4995,0.47798383,0.48096561,0.47351113,拥抱,表白与追求,0.51988763,3758
3759,马路,马路,2,tencent_ai_lab_chinese_embedding_light_mirror_mvp,0.49400483,4046,0.47795749,0.50949216,0.43065548,散步,约会,0.43001157,3759
3760,刷牙,刷牙,2,tencent_ai_lab_chinese_embedding_light_mirror_mvp,0.53445793,2055,0.47787935,0.49364939,0.45422432,接吻,亲密行为,0.47875434,3760
3761,纯美,纯美,2,tencent_ai_lab_chinese_embedding_light_mirror_mvp,0.57360427,1076,0.47776723,0.48255783,0.47058129,暗恋,亲密行为,0.52097785,3761
3762,下跪,下跪,2,tencent_ai_lab_chinese_embedding_light_mirror_mvp,0.55307423,1494,0.47775021,0.48201928,0.47134659,落后,社会比较与人生进度,0.51636606,3762
3763,发博,发博,2,tencent_ai_lab_chinese_embedding_light_mirror_mvp,0.55430645,1456,0.47760129,0.48454982,0.46717843,表白,表白与追求,0.54888725,3763
3764,功成名就,功成名就,4,tencent_ai_lab_chinese_embedding_light_mirror_mvp,0.52845469,2294,0.47758412,0.49259853,0.45506242,落后,社会比较与人生进度,0.53376359,3764
3765,夜跑,夜跑,2,tencent_ai_lab_chinese_embedding_light_mirror_mvp,0.56241543,1284,0.47756946,0.50703466,0.43337163,散步,约会,0.47895563,3765
3766,侄女,侄女,2,tencent_ai_lab_chinese_embedding_light_mirror_mvp,0.61212821,585,0.47754937,0.48438269,0.46729937,前女友,社会比较与人生进度,0.509709,3766
3767,家室,家室,2,tencent_ai_lab_chinese_embedding_light_mirror_mvp,0.62613449,488,0.4775126,0.48162624,0.47134209,老公,婚恋,0.53911519,3767
3768,是的,是的,2,tencent_ai_lab_chinese_embedding_light_mirror_mvp,0.50519711,3354,0.47751141,0.48069388,0.47273764,亲密,社会比较与人生进度,0.52242994,3768
3769,一姐,一姐,2,tencent_ai_lab_chinese_embedding_light_mirror_mvp,0.49094257,4259,0.47742999,0.48195785,0.47063816,同龄人,社会比较与人生进度,0.51039052,3769
3770,撒谎,撒谎,2,tencent_ai_lab_chinese_embedding_light_mirror_mvp,0.49493667,3986,0.4774054,0.48238975,0.46992883,亲密,表白与追求,0.54992229,3770
3771,妈家,妈家,2,tencent_ai_lab_chinese_embedding_light_mirror_mvp,0.54033625,1863,0.47739881,0.48138419,0.47142076,母胎单身,婚恋,0.52261156,3771
3772,美好时光,美好时光,4,tencent_ai_lab_chinese_embedding_light_mirror_mvp,0.59533732,769,0.47718868,0.48271367,0.46890116,错过青春,社会比较与人生进度,0.5719251,3772
3773,娱乐圈,娱乐圈,3,tencent_ai_lab_chinese_embedding_light_mirror_mvp,0.60332587,677,0.4771632,0.48347685,0.46769264,约会,社会比较与人生进度,0.54146552,3773
3774,每一刻,每一刻,3,tencent_ai_lab_chinese_embedding_light_mirror_mvp,0.48616645,4623,0.47714454,0.49189609,0.45501718,人生阶段,社会比较与人生进度,0.5376243,3774
3775,事业心,事业心,3,tencent_ai_lab_chinese_embedding_light_mirror_mvp,0.53159046,2170,0.47710675,0.47808242,0.47564325,恋爱关系,社会比较与人生进度,0.52088845,3775
3776,目的,目的,2,tencent_ai_lab_chinese_embedding_light_mirror_mvp,0.48689892,4563,0.47708565,0.48539716,0.46461833,追求,社会比较与人生进度,0.51128775,3776
3777,品格,品格,2,tencent_ai_lab_chinese_embedding_light_mirror_mvp,0.4968491,3850,0.47701234,0.48127657,0.47061595,追求,社会比较与人生进度,0.54018879,3777
3778,床上,床上,2,tencent_ai_lab_chinese_embedding_light_mirror_mvp,0.50785538,3218,0.47700927,0.48253533,0.46872011,妻子,婚恋,0.52942312,3778
3779,花袄,花袄,2,tencent_ai_lab_chinese_embedding_light_mirror_mvp,0.48515295,4707,0.47696042,0.48875898,0.45926252,校服,婚恋,0.47373179,3779
3780,吃宵夜,吃宵夜,3,tencent_ai_lab_chinese_embedding_light_mirror_mvp,0.51416372,2871,0.47693941,0.50052267,0.44156447,约饭,约会,0.48384595,3780
3781,顺产,顺产,2,tencent_ai_lab_chinese_embedding_light_mirror_mvp,0.49945238,3688,0.47688669,0.48869848,0.45916894,母胎单身,婚恋,0.48565781,3781
3782,倒贴,倒贴,2,tencent_ai_lab_chinese_embedding_light_mirror_mvp,0.50877466,3168,0.4768241,0.48595279,0.4631311,脱单,亲密行为,0.51923776,3782
3783,总以为,总以为,3,tencent_ai_lab_chinese_embedding_light_mirror_mvp,0.5062546,3303,0.47681749,0.47943521,0.47289088,追求,社会比较与人生进度,0.56777817,3783
3784,实锤,实锤,2,tencent_ai_lab_chinese_embedding_light_mirror_mvp,0.52595658,2378,0.47681415,0.4850592,0.46444654,被追,亲密行为,0.50117666,3784
3785,偏见,偏见,2,tencent_ai_lab_chinese_embedding_light_mirror_mvp,0.51007499,3096,0.47681379,0.4861269,0.4628441,落后,社会比较与人生进度,0.56987453,3785
3786,兄妹,兄妹,2,tencent_ai_lab_chinese_embedding_light_mirror_mvp,0.54426107,1738,0.47679216,0.4806872,0.4709495,伴侣,亲密行为,0.52082241,3786
3787,生病,生病,2,tencent_ai_lab_chinese_embedding_light_mirror_mvp,0.50960829,3125,0.47676063,0.47990006,0.47205147,老公,社会比较与人生进度,0.55181205,3787
3788,午休,午休,2,tencent_ai_lab_chinese_embedding_light_mirror_mvp,0.51288271,2949,0.47675586,0.48407328,0.46577963,散步,约会,0.50513411,3788
3789,家庭教育,家庭教育,4,tencent_ai_lab_chinese_embedding_light_mirror_mvp,0.57923281,993,0.47674674,0.47780991,0.47515193,亲密关系,社会比较与人生进度,0.55082488,3789
3790,考好,考好,2,tencent_ai_lab_chinese_embedding_light_mirror_mvp,0.50248296,3501,0.47674221,0.48155996,0.46951556,追求,社会比较与人生进度,0.56627536,3790
3791,标新立异,标新立异,4,tencent_ai_lab_chinese_embedding_light_mirror_mvp,0.51056406,3064,0.47670949,0.48791009,0.45990849,订婚,社会比较与人生进度,0.52334106,3791
3792,所以,所以,2,tencent_ai_lab_chinese_embedding_light_mirror_mvp,0.558768,1347,0.47669464,0.48238549,0.46815839,追求,表白与追求,0.55691046,3792
3793,这话,这话,2,tencent_ai_lab_chinese_embedding_light_mirror_mvp,0.486493,4592,0.47669375,0.48382288,0.46599993,追求,表白与追求,0.53740382,3793
3794,信仰,信仰,2,tencent_ai_lab_chinese_embedding_light_mirror_mvp,0.57147636,1109,0.47666955,0.48545855,0.46348605,追求,表白与追求,0.52881622,3794
3795,世故,世故,2,tencent_ai_lab_chinese_embedding_light_mirror_mvp,0.49893831,3719,0.47666138,0.49153802,0.45434642,感情史,社会比较与人生进度,0.50242901,3795
3796,风衣,风衣,2,tencent_ai_lab_chinese_embedding_light_mirror_mvp,0.57931535,989,0.47665215,0.49745536,0.44544724,校服,恋爱核心,0.42651689,3796
3797,别扭,别扭,2,tencent_ai_lab_chinese_embedding_light_mirror_mvp,0.49174526,4205,0.47663128,0.49011993,0.45639825,落后,社会比较与人生进度,0.52708781,3797
3798,品学兼优,品学兼优,4,tencent_ai_lab_chinese_embedding_light_mirror_mvp,0.49817916,3765,0.47661674,0.49643996,0.44688189,追求,社会比较与人生进度,0.487571,3798
3799,马路上,马路上,3,tencent_ai_lab_chinese_embedding_light_mirror_mvp,0.50275846,3488,0.47657478,0.49860275,0.44353274,散步,社会比较与人生进度,0.44466919,3799
3800,止境,止境,2,tencent_ai_lab_chinese_embedding_light_mirror_mvp,0.50812262,3203,0.47650826,0.48260432,0.46736416,对象,社会比较与人生进度,0.50528771,3800
3801,忍无可忍,忍无可忍,4,tencent_ai_lab_chinese_embedding_light_mirror_mvp,0.48501425,4721,0.47636771,0.48013932,0.47071025,亲密,社会比较与人生进度,0.5382902,3801
3802,长胖,长胖,2,tencent_ai_lab_chinese_embedding_light_mirror_mvp,0.48560014,4668,0.47634119,0.47984755,0.47108153,男朋友,社会比较与人生进度,0.52868104,3802
3803,一天到晚,一天到晚,4,tencent_ai_lab_chinese_embedding_light_mirror_mvp,0.48276977,4899,0.47634006,0.47796649,0.47390032,落后,社会比较与人生进度,0.5631243,3803
3804,春游,春游,2,tencent_ai_lab_chinese_embedding_light_mirror_mvp,0.48729478,4531,0.4762364,0.48452568,0.46380243,青春,约会,0.50843841,3804
3805,理直气壮,理直气壮,4,tencent_ai_lab_chinese_embedding_light_mirror_mvp,0.48345811,4849,0.47615111,0.48968703,0.45584726,亲密,社会比较与人生进度,0.51585716,3805
3806,寿诞,寿诞,2,tencent_ai_lab_chinese_embedding_light_mirror_mvp,0.491599,4213,0.476143,0.4962171,0.44603181,婚礼,婚恋,0.46187848,3806
3807,风格,风格,2,tencent_ai_lab_chinese_embedding_light_mirror_mvp,0.48291241,4887,0.47612649,0.48522535,0.46247813,落后,社会比较与人生进度,0.55641121,3807
3808,钻戒,钻戒,2,tencent_ai_lab_chinese_embedding_light_mirror_mvp,0.65767236,310,0.4761264,0.47848096,0.4725945,恋爱,恋爱核心,0.51331931,3808
3809,大款,大款,2,tencent_ai_lab_chinese_embedding_light_mirror_mvp,0.54885753,1602,0.47610092,0.4802857,0.46982375,订婚,婚恋,0.52084392,3809
3810,手淫,手淫,2,tencent_ai_lab_chinese_embedding_light_mirror_mvp,0.543223,1775,0.47608149,0.48487985,0.46288398,牵手,表白与追求,0.51704878,3810
3811,删光,删光,2,tencent_ai_lab_chinese_embedding_light_mirror_mvp,0.64033115,395,0.4760657,0.48368806,0.46463212,被追,表白与追求,0.50687903,3811
3812,说什么,说什么,3,tencent_ai_lab_chinese_embedding_light_mirror_mvp,0.51734397,2715,0.47601557,0.48486352,0.46274361,追求,表白与追求,0.51623642,3812
3813,小家,小家,2,tencent_ai_lab_chinese_embedding_light_mirror_mvp,0.51609416,2768,0.47599751,0.47881669,0.47176871,老公,婚恋,0.51741821,3813
3814,绅士,绅士,2,tencent_ai_lab_chinese_embedding_light_mirror_mvp,0.51297271,2941,0.47599608,0.47856992,0.47213519,恋人,社会比较与人生进度,0.56713372,3814
3815,开车,开车,2,tencent_ai_lab_chinese_embedding_light_mirror_mvp,0.51102369,3039,0.47584957,0.48765355,0.45814359,散步,约会,0.52902168,3815
3816,温存,温存,2,tencent_ai_lab_chinese_embedding_light_mirror_mvp,0.5695145,1135,0.4757514,0.4910574,0.45279232,拥抱,表白与追求,0.48404509,3816
3817,忠贞,忠贞,2,tencent_ai_lab_chinese_embedding_light_mirror_mvp,0.61256015,582,0.47571373,0.48174679,0.46666417,感情史,表白与追求,0.52297306,3817
3818,冬装,冬装,2,tencent_ai_lab_chinese_embedding_light_mirror_mvp,0.53137532,2180,0.47568595,0.49490511,0.44685718,校服,社会比较与人生进度,0.42359132,3818
3819,往事如烟,往事如烟,4,tencent_ai_lab_chinese_embedding_light_mirror_mvp,0.51963173,2611,0.47566736,0.48350102,0.46391678,前任,社会比较与人生进度,0.55014652,3819
3820,挥别,挥别,2,tencent_ai_lab_chinese_embedding_light_mirror_mvp,0.53303614,2111,0.47553712,0.48301256,0.46432385,脱单,表白与追求,0.50795835,3820
3821,鲜活,鲜活,2,tencent_ai_lab_chinese_embedding_light_mirror_mvp,0.4985826,3735,0.47552222,0.48009712,0.46865988,亲密,亲密行为,0.51805687,3821
3822,称心,称心,2,tencent_ai_lab_chinese_embedding_light_mirror_mvp,0.51166261,3003,0.47549736,0.47903395,0.47019246,拥抱,表白与追求,0.5353424,3822
3823,短裙,短裙,2,tencent_ai_lab_chinese_embedding_light_mirror_mvp,0.57749013,1020,0.47549555,0.48538882,0.4606556,单身,单身与脱单,0.4926739,3823
3824,这么,这么,2,tencent_ai_lab_chinese_embedding_light_mirror_mvp,0.52695385,2351,0.47547972,0.48704323,0.45813438,追求,表白与追求,0.52059579,3824
3825,哪怕,哪怕,2,tencent_ai_lab_chinese_embedding_light_mirror_mvp,0.4954075,3953,0.47539946,0.48162735,0.46605757,被追,表白与追求,0.52766579,3825
3826,共同财产,共同财产,4,tencent_ai_lab_chinese_embedding_light_mirror_mvp,0.50849257,3184,0.47536743,0.47840303,0.4708139,老公,婚恋,0.51145422,3826
3827,富足,富足,2,tencent_ai_lab_chinese_embedding_light_mirror_mvp,0.49392788,4060,0.4753139,0.48390418,0.46242842,落后,社会比较与人生进度,0.51392436,3827
3828,理想主义,理想主义,4,tencent_ai_lab_chinese_embedding_light_mirror_mvp,0.62395878,506,0.47531134,0.49427804,0.44686124,追求,社会比较与人生进度,0.5044564,3828
3829,教养,教养,2,tencent_ai_lab_chinese_embedding_light_mirror_mvp,0.54249784,1800,0.47529811,0.48000354,0.46823993,拥抱,社会比较与人生进度,0.52472734,3829
3830,诱惑,诱惑,2,tencent_ai_lab_chinese_embedding_light_mirror_mvp,0.49848528,3742,0.47526976,0.47556099,0.47483286,被追,表白与追求,0.54636049,3830
3831,睡着了,睡着了,3,tencent_ai_lab_chinese_embedding_light_mirror_mvp,0.48331184,4862,0.47525415,0.47807813,0.47101817,亲密,表白与追求,0.55592901,3831
3832,骗色,骗色,2,tencent_ai_lab_chinese_embedding_light_mirror_mvp,0.52961773,2248,0.475243,0.48046505,0.46740985,暗恋,表白与追求,0.56443399,3832
3833,脾气,脾气,2,tencent_ai_lab_chinese_embedding_light_mirror_mvp,0.48676629,4574,0.47523981,0.48309386,0.46345869,老公,社会比较与人生进度,0.53009957,3833
3834,下楼,下楼,2,tencent_ai_lab_chinese_embedding_light_mirror_mvp,0.50825197,3199,0.4752326,0.48045218,0.46740326,落后,社会比较与人生进度,0.54334199,3834
3835,这天,这天,2,tencent_ai_lab_chinese_embedding_light_mirror_mvp,0.48798062,4476,0.47514141,0.47790968,0.47098899,被追,表白与追求,0.56548607,3835
3836,视作,视作,2,tencent_ai_lab_chinese_embedding_light_mirror_mvp,0.48558662,4671,0.47508392,0.48766875,0.45620665,看电影,社会比较与人生进度,0.52145004,3836
3837,带狗,带狗,2,tencent_ai_lab_chinese_embedding_light_mirror_mvp,0.49435844,4031,0.47506911,0.49159622,0.45027831,拥抱,亲密行为,0.47485602,3837
3838,教学楼,教学楼,3,tencent_ai_lab_chinese_embedding_light_mirror_mvp,0.51161119,3008,0.47502518,0.48143899,0.46540436,学生情侣,校园恋爱,0.52601314,3838
3839,心理医生,心理医生,4,tencent_ai_lab_chinese_embedding_light_mirror_mvp,0.51001494,3099,0.47499245,0.47749394,0.47124016,感情史,社会比较与人生进度,0.53673482,3839
3840,价值体系,价值体系,4,tencent_ai_lab_chinese_embedding_light_mirror_mvp,0.50978811,3111,0.47496444,0.48841417,0.45478979,亲密关系,社会比较与人生进度,0.484038,3840
3841,目的性,目的性,3,tencent_ai_lab_chinese_embedding_light_mirror_mvp,0.4919136,4192,0.47495812,0.48360753,0.46198392,追求,社会比较与人生进度,0.53138006,3841
3842,外套,外套,2,tencent_ai_lab_chinese_embedding_light_mirror_mvp,0.5891381,841,0.4749462,0.48224324,0.46400061,校服,单身与脱单,0.46269679,3842
3843,离经叛道,离经叛道,4,tencent_ai_lab_chinese_embedding_light_mirror_mvp,0.48922361,4382,0.47494587,0.48069397,0.4663237,散步,社会比较与人生进度,0.50048572,3843
3844,傻子,傻子,2,tencent_ai_lab_chinese_embedding_light_mirror_mvp,0.48619453,4619,0.4749364,0.48390359,0.46148559,妻子,社会比较与人生进度,0.54153687,3844
3845,炒作,炒作,2,tencent_ai_lab_chinese_embedding_light_mirror_mvp,0.49065413,4278,0.47484666,0.48527288,0.45920727,约饭,社会比较与人生进度,0.52553803,3845
3846,泪目,泪目,2,tencent_ai_lab_chinese_embedding_light_mirror_mvp,0.52638849,2365,0.47483736,0.47655118,0.47226664,暗恋,社会比较与人生进度,0.52398825,3846
3847,街访,街访,2,tencent_ai_lab_chinese_embedding_light_mirror_mvp,0.48891922,4404,0.47475886,0.48179162,0.46420965,约会,约会,0.57188785,3847
3848,职业女性,职业女性,4,tencent_ai_lab_chinese_embedding_light_mirror_mvp,0.5250333,2409,0.47472709,0.48584625,0.45804831,女朋友,社会比较与人生进度,0.52082884,3848
3849,儿时,儿时,2,tencent_ai_lab_chinese_embedding_light_mirror_mvp,0.48981802,4338,0.47469708,0.47784901,0.46996912,早恋,社会比较与人生进度,0.56726909,3849
3850,自杀未遂,自杀未遂,4,tencent_ai_lab_chinese_embedding_light_mirror_mvp,0.50269837,3493,0.47468942,0.48291874,0.46234545,被追,社会比较与人生进度,0.56466317,3850
3851,发财,发财,2,tencent_ai_lab_chinese_embedding_light_mirror_mvp,0.51594322,2775,0.47468781,0.47583434,0.47296798,老公,表白与追求,0.53079283,3851
3852,下棋,下棋,2,tencent_ai_lab_chinese_embedding_light_mirror_mvp,0.5020983,3525,0.47467792,0.48201472,0.46367273,对象,社会比较与人生进度,0.48679274,3852
3853,附中,附中,2,tencent_ai_lab_chinese_embedding_light_mirror_mvp,0.50050199,3627,0.47465855,0.48253214,0.46284807,高中恋爱,社会比较与人生进度,0.45178035,3853
3854,半场,半场,2,tencent_ai_lab_chinese_embedding_light_mirror_mvp,0.52257365,2487,0.47465497,0.48173022,0.4640421,散步,社会比较与人生进度,0.53858781,3854
3855,都说,都说,2,tencent_ai_lab_chinese_embedding_light_mirror_mvp,0.53994926,1878,0.47463471,0.48015887,0.46634841,对象,社会比较与人生进度,0.52289695,3855
3856,一种,一种,2,tencent_ai_lab_chinese_embedding_light_mirror_mvp,0.48490835,4730,0.47460294,0.47687611,0.4711931,人生阶段,社会比较与人生进度,0.55020344,3856
3857,张先生,张先生,3,tencent_ai_lab_chinese_embedding_light_mirror_mvp,0.48285061,4891,0.47459641,0.48727661,0.45557609,前男友,恋爱历史,0.48606759,3857
3858,轻浮,轻浮,2,tencent_ai_lab_chinese_embedding_light_mirror_mvp,0.49213543,4177,0.47457293,0.47955722,0.46709648,散步,表白与追求,0.51417804,3858
3859,自尊心,自尊心,3,tencent_ai_lab_chinese_embedding_light_mirror_mvp,0.52974492,2239,0.47456348,0.47786397,0.46961275,亲密,社会比较与人生进度,0.541421,3859
3860,因为,因为,2,tencent_ai_lab_chinese_embedding_light_mirror_mvp,0.54171002,1824,0.47452581,0.479909,0.46645102,被追,社会比较与人生进度,0.54322219,3860
3861,窝囊废,窝囊废,3,tencent_ai_lab_chinese_embedding_light_mirror_mvp,0.48803411,4472,0.47452176,0.49511588,0.44363046,落后,社会比较与人生进度,0.51629937,3861
3862,虚荣,虚荣,2,tencent_ai_lab_chinese_embedding_light_mirror_mvp,0.56800164,1165,0.4745006,0.4887026,0.45319757,落后,社会比较与人生进度,0.5620662,3862
3863,负债累累,负债累累,4,tencent_ai_lab_chinese_embedding_light_mirror_mvp,0.50170555,3549,0.47447449,0.47738916,0.47010246,落后,社会比较与人生进度,0.57397163,3863
3864,清纯,清纯,2,tencent_ai_lab_chinese_embedding_light_mirror_mvp,0.55335982,1488,0.4744305,0.47940424,0.46696982,亲密,表白与追求,0.51061457,3864
3865,少女时代,少女时代,4,tencent_ai_lab_chinese_embedding_light_mirror_mvp,0.53102582,2197,0.4744125,0.48387361,0.46022081,青春,社会比较与人生进度,0.49761647,3865
3866,大手大脚,大手大脚,4,tencent_ai_lab_chinese_embedding_light_mirror_mvp,0.49704636,3835,0.47439516,0.50517714,0.42822206,牵手,亲密行为,0.44242144,3866
3867,施虐,施虐,2,tencent_ai_lab_chinese_embedding_light_mirror_mvp,0.4883058,4446,0.47438335,0.47619456,0.47166657,拥抱,表白与追求,0.53014302,3867
3868,哭了,哭了,2,tencent_ai_lab_chinese_embedding_light_mirror_mvp,0.5430508,1779,0.47432959,0.47970209,0.46627077,恋情,社会比较与人生进度,0.5514878,3868
3869,跳绳,跳绳,2,tencent_ai_lab_chinese_embedding_light_mirror_mvp,0.49016745,4309,0.47432083,0.49154314,0.44848731,散步,亲密行为,0.43913329,3869
3870,非你不可,非你不可,4,tencent_ai_lab_chinese_embedding_light_mirror_mvp,0.61406124,571,0.4742586,0.47928566,0.46671796,脱单,单身与脱单,0.53619313,3870
3871,高调,高调,2,tencent_ai_lab_chinese_embedding_light_mirror_mvp,0.55504667,1434,0.47421318,0.48343906,0.46037433,落后,社会比较与人生进度,0.52160907,3871
3872,裤子,裤子,2,tencent_ai_lab_chinese_embedding_light_mirror_mvp,0.57156383,1106,0.4741931,0.48157492,0.46312031,校服,婚恋,0.46348757,3872
3873,花钱,花钱,2,tencent_ai_lab_chinese_embedding_light_mirror_mvp,0.52721742,2337,0.47417784,0.47951257,0.46617571,对象,社会比较与人生进度,0.56256783,3873
3874,形影不离,形影不离,4,tencent_ai_lab_chinese_embedding_light_mirror_mvp,0.58702474,871,0.47412249,0.47807527,0.46819329,看电影,约会,0.51523268,3874
3875,通奸,通奸,2,tencent_ai_lab_chinese_embedding_light_mirror_mvp,0.51881967,2655,0.47408277,0.4831239,0.46052107,亲密,亲密行为,0.5133186,3875
3876,这个世界,这个世界,4,tencent_ai_lab_chinese_embedding_light_mirror_mvp,0.55397087,1470,0.47407031,0.48758006,0.4538056,人生阶段,社会比较与人生进度,0.54526526,3876
3877,轰轰烈烈,轰轰烈烈,4,tencent_ai_lab_chinese_embedding_light_mirror_mvp,0.53549843,2017,0.47391307,0.48451868,0.45800462,落后,社会比较与人生进度,0.5362047,3877
3878,自律,自律,2,tencent_ai_lab_chinese_embedding_light_mirror_mvp,0.51059924,3061,0.47389644,0.47992301,0.46485659,单身,社会比较与人生进度,0.54417878,3878
3879,小学,小学,2,tencent_ai_lab_chinese_embedding_light_mirror_mvp,0.52814486,2308,0.4738878,0.47953382,0.46541879,校服,校园恋爱,0.54016,3879
3880,少儿不宜,少儿不宜,4,tencent_ai_lab_chinese_embedding_light_mirror_mvp,0.51377422,2890,0.47387779,0.48162189,0.46226159,错过青春,社会比较与人生进度,0.55319542,3880
3881,小哥,小哥,2,tencent_ai_lab_chinese_embedding_light_mirror_mvp,0.53620987,1998,0.47382504,0.4774214,0.46843043,前男友,社会比较与人生进度,0.51438832,3881
3882,姨妈家,姨妈家,3,tencent_ai_lab_chinese_embedding_light_mirror_mvp,0.4967887,3854,0.47378057,0.47489408,0.47211027,婚礼,婚恋,0.53845519,3882
3883,棉衣,棉衣,2,tencent_ai_lab_chinese_embedding_light_mirror_mvp,0.5379158,1946,0.47374934,0.49286368,0.44507778,校服,婚恋,0.45968381,3883
3884,晚上,晚上,2,tencent_ai_lab_chinese_embedding_light_mirror_mvp,0.53404191,2073,0.47366929,0.47746122,0.46798134,伴侣,表白与追求,0.56393665,3884
3885,性饥渴,性饥渴,3,tencent_ai_lab_chinese_embedding_light_mirror_mvp,0.48787736,4483,0.47365382,0.47982311,0.46439981,感情史,亲密行为,0.51644224,3885
3886,但生,但生,2,tencent_ai_lab_chinese_embedding_light_mirror_mvp,0.48553125,4673,0.47363329,0.47591099,0.47021672,人生阶段,社会比较与人生进度,0.54242694,3886
3887,久别,久别,2,tencent_ai_lab_chinese_embedding_light_mirror_mvp,0.51743803,2709,0.47363201,0.47459242,0.47219133,亲密,社会比较与人生进度,0.58477539,3887
3888,病母,病母,2,tencent_ai_lab_chinese_embedding_light_mirror_mvp,0.50266924,3494,0.47361141,0.49259424,0.44513714,母胎单身,婚恋,0.44580221,3888
3889,弃学,弃学,2,tencent_ai_lab_chinese_embedding_light_mirror_mvp,0.48336636,4859,0.47352964,0.47809398,0.46668306,散步,社会比较与人生进度,0.52307808,3889
3890,避孕措施,避孕措施,4,tencent_ai_lab_chinese_embedding_light_mirror_mvp,0.49216226,4176,0.47348323,0.48174763,0.46108663,恋爱经验,亲密行为,0.48392808,3890
3891,操劳,操劳,2,tencent_ai_lab_chinese_embedding_light_mirror_mvp,0.51618352,2766,0.47346687,0.48477286,0.45650789,散步,表白与追求,0.50334108,3891
3892,那你,那你,2,tencent_ai_lab_chinese_embedding_light_mirror_mvp,0.58581216,886,0.4734211,0.47685751,0.4682664,追求,表白与追求,0.56697279,3892
3893,演戏,演戏,2,tencent_ai_lab_chinese_embedding_light_mirror_mvp,0.5204012,2579,0.47339869,0.48067179,0.46248898,追求,约会,0.53356373,3893
3894,仙女,仙女,2,tencent_ai_lab_chinese_embedding_light_mirror_mvp,0.49144898,4223,0.47335446,0.4768137,0.46816555,女朋友,社会比较与人生进度,0.5086754,3894
3895,风景,风景,2,tencent_ai_lab_chinese_embedding_light_mirror_mvp,0.48424745,4791,0.47327876,0.47586757,0.46939555,散步,社会比较与人生进度,0.52943379,3895
3896,吃糖,吃糖,2,tencent_ai_lab_chinese_embedding_light_mirror_mvp,0.50938696,3142,0.47326738,0.48903123,0.44962156,约饭,约会,0.51262689,3896
3897,本质,本质,2,tencent_ai_lab_chinese_embedding_light_mirror_mvp,0.52434199,2435,0.47318417,0.48009789,0.46281347,追求,社会比较与人生进度,0.49752063,3897
3898,死缠烂打,死缠烂打,4,tencent_ai_lab_chinese_embedding_light_mirror_mvp,0.58787928,860,0.47315538,0.49097335,0.44642839,被追,表白与追求,0.50392199,3898
3899,固执,固执,2,tencent_ai_lab_chinese_embedding_light_mirror_mvp,0.49179272,4202,0.47314256,0.47611344,0.46868619,脱单,表白与追求,0.52823114,3899
3900,旗袍,旗袍,2,tencent_ai_lab_chinese_embedding_light_mirror_mvp,0.52139612,2533,0.47308481,0.49202019,0.44468173,校服,社会比较与人生进度,0.45392776,3900
3901,劝和,劝和,2,tencent_ai_lab_chinese_embedding_light_mirror_mvp,0.48804096,4471,0.47305769,0.48075026,0.46151876,被追,表白与追求,0.50886536,3901
3902,衡量标准,衡量标准,4,tencent_ai_lab_chinese_embedding_light_mirror_mvp,0.51877456,2657,0.47303361,0.48329031,0.45764843,对象,社会比较与人生进度,0.48457471,3902
3903,忘年交,忘年交,3,tencent_ai_lab_chinese_embedding_light_mirror_mvp,0.51588253,2781,0.473005,0.47762245,0.46607876,感情史,社会比较与人生进度,0.53648484,3903
3904,忘年,忘年,2,tencent_ai_lab_chinese_embedding_light_mirror_mvp,0.56835625,1155,0.4729923,0.48059326,0.46159077,错过青春,社会比较与人生进度,0.5392974,3904
3905,病故,病故,2,tencent_ai_lab_chinese_embedding_light_mirror_mvp,0.53741286,1966,0.47297931,0.48472103,0.4553667,感情史,社会比较与人生进度,0.51655161,3905
3906,勇敢地,勇敢地,3,tencent_ai_lab_chinese_embedding_light_mirror_mvp,0.50084668,3602,0.47291076,0.47745639,0.46609235,拥抱,表白与追求,0.54884064,3906
3907,刚出道,刚出道,3,tencent_ai_lab_chinese_embedding_light_mirror_mvp,0.53520851,2028,0.47285664,0.47568178,0.4686189,前男友,社会比较与人生进度,0.58216977,3907
3908,脆弱,脆弱,2,tencent_ai_lab_chinese_embedding_light_mirror_mvp,0.4901008,4314,0.47284961,0.4766649,0.4671267,落后,单身与脱单,0.49167126,3908
3909,心理变态,心理变态,4,tencent_ai_lab_chinese_embedding_light_mirror_mvp,0.48211889,4947,0.472812,0.47464207,0.47006693,人生阶段,社会比较与人生进度,0.56429946,3909
3910,一样,一样,2,tencent_ai_lab_chinese_embedding_light_mirror_mvp,0.48373542,4827,0.47278908,0.48587459,0.45316076,对象,社会比较与人生进度,0.52601051,3910
3911,关键词,关键词,3,tencent_ai_lab_chinese_embedding_light_mirror_mvp,0.49796706,3779,0.47275004,0.48194075,0.45896396,亲密关系,社会比较与人生进度,0.50120199,3911
3912,阳光灿烂的日子,阳光灿烂的日子,7,tencent_ai_lab_chinese_embedding_light_mirror_mvp,0.53912543,1905,0.47272021,0.47747383,0.46558976,青春,社会比较与人生进度,0.55333936,3912
3913,存钱,存钱,2,tencent_ai_lab_chinese_embedding_light_mirror_mvp,0.49473962,4004,0.47266868,0.47418669,0.47039166,结婚,社会比较与人生进度,0.52963984,3913
3914,认真工作,认真工作,4,tencent_ai_lab_chinese_embedding_light_mirror_mvp,0.48776078,4497,0.47265795,0.47525585,0.46876109,追求,社会比较与人生进度,0.558339,3914
3915,体育老师,体育老师,4,tencent_ai_lab_chinese_embedding_light_mirror_mvp,0.55563161,1419,0.4726342,0.48978078,0.44691432,学生情侣,校园恋爱,0.48693517,3915
3916,夕阳,夕阳,2,tencent_ai_lab_chinese_embedding_light_mirror_mvp,0.4937777,4071,0.47255677,0.47846723,0.46369103,伴侣,社会比较与人生进度,0.52411079,3916
3917,批判,批判,2,tencent_ai_lab_chinese_embedding_light_mirror_mvp,0.48342119,4852,0.47248295,0.48485827,0.45391992,被追,社会比较与人生进度,0.52388495,3917
3918,心地善良,心地善良,4,tencent_ai_lab_chinese_embedding_light_mirror_mvp,0.48227625,4937,0.4724454,0.47790855,0.46425065,喜欢的人,社会比较与人生进度,0.51157898,3918
3919,晚安,晚安,2,tencent_ai_lab_chinese_embedding_light_mirror_mvp,0.53839083,1928,0.47242987,0.47704297,0.46551013,暗恋,表白与追求,0.54745257,3919
3920,演了,演了,2,tencent_ai_lab_chinese_embedding_light_mirror_mvp,0.49269814,4141,0.47242743,0.47345257,0.47088969,约会,约会,0.57080442,3920
3921,乖乖女,乖乖女,3,tencent_ai_lab_chinese_embedding_light_mirror_mvp,0.56108184,1301,0.47242272,0.48486781,0.45375502,女朋友,社会比较与人生进度,0.47647175,3921
3922,吐露,吐露,2,tencent_ai_lab_chinese_embedding_light_mirror_mvp,0.51347461,2912,0.47240287,0.47532111,0.46802554,亲密,亲密行为,0.52777767,3922
3923,主义,主义,2,tencent_ai_lab_chinese_embedding_light_mirror_mvp,0.55142252,1531,0.4723691,0.48673216,0.4508245,追求,社会比较与人生进度,0.49636918,3923
3924,爆料,爆料,2,tencent_ai_lab_chinese_embedding_light_mirror_mvp,0.50283891,3480,0.47236171,0.47337872,0.47083616,对象,表白与追求,0.54082811,3924
3925,赡养父母,赡养父母,4,tencent_ai_lab_chinese_embedding_light_mirror_mvp,0.52951299,2254,0.47232267,0.47521034,0.46799114,老公,婚恋,0.53657591,3925
3926,剧中,剧中,2,tencent_ai_lab_chinese_embedding_light_mirror_mvp,0.49562587,3935,0.47230855,0.47897869,0.46230331,高中恋爱,表白与追求,0.52057219,3926
3927,狂撒,狂撒,2,tencent_ai_lab_chinese_embedding_light_mirror_mvp,0.57607679,1037,0.47230759,0.48970789,0.44620714,被追,表白与追求,0.53300816,3927
3928,逢场作戏,逢场作戏,4,tencent_ai_lab_chinese_embedding_light_mirror_mvp,0.58340864,920,0.47229558,0.47864491,0.46277162,约会,约会,0.54604924,3928
3929,缘浅,缘浅,2,tencent_ai_lab_chinese_embedding_light_mirror_mvp,0.52818067,2305,0.47220269,0.47328049,0.47058597,暗恋,社会比较与人生进度,0.55326915,3929
3930,云淡风轻,云淡风轻,4,tencent_ai_lab_chinese_embedding_light_mirror_mvp,0.50161146,3559,0.47219226,0.48425579,0.45409694,落后,社会比较与人生进度,0.53894961,3930
3931,迷弟,迷弟,2,tencent_ai_lab_chinese_embedding_light_mirror_mvp,0.50654573,3292,0.47211444,0.4826827,0.45626202,亲密,社会比较与人生进度,0.51052397,3931
3932,女粉,女粉,2,tencent_ai_lab_chinese_embedding_light_mirror_mvp,0.54510601,1713,0.47207987,0.49130699,0.44323912,女朋友,表白与追求,0.47020715,3932
3933,开玩笑,开玩笑,3,tencent_ai_lab_chinese_embedding_light_mirror_mvp,0.55693592,1396,0.47199017,0.47442195,0.46834242,亲密,社会比较与人生进度,0.54476714,3933
3934,入狱,入狱,2,tencent_ai_lab_chinese_embedding_light_mirror_mvp,0.5156845,2792,0.47190881,0.47854692,0.46195164,脱单,社会比较与人生进度,0.52453423,3934
3935,红毯,红毯,2,tencent_ai_lab_chinese_embedding_light_mirror_mvp,0.53920441,1902,0.47189924,0.49491858,0.43737015,婚礼,亲密行为,0.46218872,3935
3936,dating,dating,6,tencent_ai_lab_chinese_embedding_light_mirror_mvp,0.61139489,590,0.47189498,0.47474152,0.46762505,拥抱,社会比较与人生进度,0.51644969,3936
3937,丫头,丫头,2,tencent_ai_lab_chinese_embedding_light_mirror_mvp,0.5120563,2989,0.47184801,0.4735505,0.46929422,拥抱,社会比较与人生进度,0.52749962,3937
3938,职高,职高,2,tencent_ai_lab_chinese_embedding_light_mirror_mvp,0.48783684,4487,0.47177589,0.48822868,0.44709662,高中恋爱,社会比较与人生进度,0.45782155,3938
3939,学习成绩,学习成绩,4,tencent_ai_lab_chinese_embedding_light_mirror_mvp,0.55170711,1525,0.47161266,0.47528991,0.46609676,高中恋爱,社会比较与人生进度,0.54124558,3939
3940,生小孩,生小孩,3,tencent_ai_lab_chinese_embedding_light_mirror_mvp,0.71409278,152,0.47157508,0.47344196,0.46877471,母胎单身,社会比较与人生进度,0.52363867,3940
3941,长痛不如短痛,长痛不如短痛,6,tencent_ai_lab_chinese_embedding_light_mirror_mvp,0.50425708,3398,0.47156686,0.47958267,0.45954311,亲密,社会比较与人生进度,0.5778172,3941
3942,这种,这种,2,tencent_ai_lab_chinese_embedding_light_mirror_mvp,0.51711003,2722,0.47156608,0.47391939,0.46803609,对象,社会比较与人生进度,0.54397416,3942
3943,保研,保研,2,tencent_ai_lab_chinese_embedding_light_mirror_mvp,0.49895524,3715,0.47156423,0.47397786,0.46794382,追求,表白与追求,0.47449541,3943
3944,小表弟,小表弟,3,tencent_ai_lab_chinese_embedding_light_mirror_mvp,0.55934569,1334,0.47154054,0.50338352,0.42377606,表白,表白与追求,0.47461736,3944
3945,当做,当做,2,tencent_ai_lab_chinese_embedding_light_mirror_mvp,0.50167197,3555,0.47148526,0.47531217,0.46574488,被追,社会比较与人生进度,0.5727495,3945
3946,撒娇,撒娇,2,tencent_ai_lab_chinese_embedding_light_mirror_mvp,0.58202391,941,0.47147685,0.47728795,0.46276012,接吻,表白与追求,0.54279792,3946
3947,出发点,出发点,3,tencent_ai_lab_chinese_embedding_light_mirror_mvp,0.4912177,4239,0.47147325,0.47229624,0.47023869,落后,社会比较与人生进度,0.55457449,3947
3948,荏苒,荏苒,2,tencent_ai_lab_chinese_embedding_light_mirror_mvp,0.55715218,1391,0.47146967,0.47343349,0.46852386,伴侣,社会比较与人生进度,0.56031853,3948
3949,其父,其父,2,tencent_ai_lab_chinese_embedding_light_mirror_mvp,0.55446718,1451,0.4713662,0.47839314,0.46082577,丈夫,婚恋,0.49591523,3949
3950,上半场,上半场,3,tencent_ai_lab_chinese_embedding_light_mirror_mvp,0.49882153,3725,0.47133863,0.47531945,0.46536732,散步,社会比较与人生进度,0.56602281,3950
3951,我爽,我爽,2,tencent_ai_lab_chinese_embedding_light_mirror_mvp,0.49725289,3827,0.47125244,0.47757429,0.46176967,亲密,社会比较与人生进度,0.55110872,3951
3952,短裤,短裤,2,tencent_ai_lab_chinese_embedding_light_mirror_mvp,0.57699168,1030,0.47117937,0.480367,0.45739779,单身,单身与脱单,0.48906457,3952
3953,来句,来句,2,tencent_ai_lab_chinese_embedding_light_mirror_mvp,0.51354368,2908,0.47112659,0.48290747,0.45345521,对象,社会比较与人生进度,0.53083116,3953
3954,这代,这代,2,tencent_ai_lab_chinese_embedding_light_mirror_mvp,0.49102826,4251,0.47111917,0.47590449,0.46394113,同龄人,社会比较与人生进度,0.56746274,3954
3955,媒人,媒人,2,tencent_ai_lab_chinese_embedding_light_mirror_mvp,0.63725812,420,0.4710471,0.48177201,0.45495972,同龄人,社会比较与人生进度,0.49570024,3955
3956,复习功课,复习功课,4,tencent_ai_lab_chinese_embedding_light_mirror_mvp,0.51483147,2840,0.47102699,0.48085785,0.45628062,恋爱经验,社会比较与人生进度,0.51416993,3956
3957,息影,息影,2,tencent_ai_lab_chinese_embedding_light_mirror_mvp,0.49823185,3759,0.47097379,0.50059527,0.42654157,看电影,约会,0.44488508,3957
3958,若即若离,若即若离,4,tencent_ai_lab_chinese_embedding_light_mirror_mvp,0.56194768,1291,0.47095901,0.47384536,0.46662942,落后,社会比较与人生进度,0.52401781,3958
3959,亡母,亡母,2,tencent_ai_lab_chinese_embedding_light_mirror_mvp,0.49482759,3997,0.47087005,0.48860782,0.44426337,母胎单身,婚恋,0.44148806,3959
3960,值日,值日,2,tencent_ai_lab_chinese_embedding_light_mirror_mvp,0.50115303,3584,0.4707408,0.48015144,0.45662472,被追,社会比较与人生进度,0.52833128,3960
3961,心心相印,心心相印,4,tencent_ai_lab_chinese_embedding_light_mirror_mvp,0.6330391,442,0.47067547,0.47523239,0.46384001,牵手,表白与追求,0.50081325,3961
3962,吵嘴,吵嘴,2,tencent_ai_lab_chinese_embedding_light_mirror_mvp,0.53555088,2016,0.47063619,0.48031658,0.45611563,同桌,亲密行为,0.48524976,3962
3963,管钱,管钱,2,tencent_ai_lab_chinese_embedding_light_mirror_mvp,0.55289698,1497,0.47063124,0.47197375,0.46861741,被追,社会比较与人生进度,0.49551105,3963
3964,天赋,天赋,2,tencent_ai_lab_chinese_embedding_light_mirror_mvp,0.49181308,4199,0.47058362,0.47775906,0.45982036,人生阶段,社会比较与人生进度,0.55801487,3964
3965,生育权,生育权,3,tencent_ai_lab_chinese_embedding_light_mirror_mvp,0.48644372,4596,0.47057438,0.47928572,0.45750737,母胎单身,婚恋,0.49637967,3965
3966,倘若,倘若,2,tencent_ai_lab_chinese_embedding_light_mirror_mvp,0.49267055,4144,0.47055072,0.47509775,0.46373019,追求,社会比较与人生进度,0.55381131,3966
3967,二女儿,二女儿,3,tencent_ai_lab_chinese_embedding_light_mirror_mvp,0.67791278,238,0.47054821,0.48403507,0.45031786,前女友,社会比较与人生进度,0.48601985,3967
3968,长微博,长微博,3,tencent_ai_lab_chinese_embedding_light_mirror_mvp,0.51102327,3040,0.47036219,0.47852302,0.45812091,亲密,社会比较与人生进度,0.50802279,3968
3969,过节,过节,2,tencent_ai_lab_chinese_embedding_light_mirror_mvp,0.51904552,2646,0.47034502,0.47116029,0.46912208,散步,社会比较与人生进度,0.5485698,3969
3970,殿堂,殿堂,2,tencent_ai_lab_chinese_embedding_light_mirror_mvp,0.51947396,2626,0.47034168,0.47924268,0.45699015,婚礼,社会比较与人生进度,0.48661482,3970
3971,推心置腹,推心置腹,4,tencent_ai_lab_chinese_embedding_light_mirror_mvp,0.53954738,1891,0.4703052,0.47958788,0.45638111,拥抱,表白与追求,0.49203146,3971
3972,美丽,美丽,2,tencent_ai_lab_chinese_embedding_light_mirror_mvp,0.54991727,1570,0.4702729,0.47563159,0.46223488,爱情,表白与追求,0.51175958,3972
3973,虐到,虐到,2,tencent_ai_lab_chinese_embedding_light_mirror_mvp,0.48542082,4682,0.47026598,0.47221512,0.46734223,感情史,社会比较与人生进度,0.51946121,3973
3974,崩盘,崩盘,2,tencent_ai_lab_chinese_embedding_light_mirror_mvp,0.48695359,4559,0.47016674,0.48456156,0.44857454,脱单,社会比较与人生进度,0.50852442,3974
3975,沐浴,沐浴,2,tencent_ai_lab_chinese_embedding_light_mirror_mvp,0.51245577,2969,0.47014764,0.47890657,0.45700923,拥抱,亲密行为,0.52320719,3975
3976,成名成家,成名成家,4,tencent_ai_lab_chinese_embedding_light_mirror_mvp,0.508899,3165,0.47014272,0.47759038,0.45897117,订婚,社会比较与人生进度,0.52182782,3976
3977,一天,一天,2,tencent_ai_lab_chinese_embedding_light_mirror_mvp,0.49993111,3664,0.47005433,0.4754782,0.46191847,散步,约会,0.54905295,3977
3978,当成,当成,2,tencent_ai_lab_chinese_embedding_light_mirror_mvp,0.49770558,3802,0.47003287,0.47337323,0.46502233,被追,社会比较与人生进度,0.54612195,3978
3979,无限,无限,2,tencent_ai_lab_chinese_embedding_light_mirror_mvp,0.4878653,4485,0.46998906,0.47855771,0.45713606,没有对象,单身与脱单,0.52007782,3979
3980,借位,借位,2,tencent_ai_lab_chinese_embedding_light_mirror_mvp,0.57937524,986,0.46995011,0.47561395,0.4614543,对象,约会,0.50609875,3980
3981,养宠物,养宠物,3,tencent_ai_lab_chinese_embedding_light_mirror_mvp,0.49550838,3946,0.46994376,0.48351315,0.44958964,拥抱,对象关系,0.47684509,3981
3982,但我,但我,2,tencent_ai_lab_chinese_embedding_light_mirror_mvp,0.48994141,4327,0.46990317,0.47476453,0.46261105,单身,社会比较与人生进度,0.55007017,3982
3983,脾气好,脾气好,3,tencent_ai_lab_chinese_embedding_light_mirror_mvp,0.52997311,2227,0.46989375,0.47993487,0.45483199,落后,社会比较与人生进度,0.5309509,3983
3984,笑话,笑话,2,tencent_ai_lab_chinese_embedding_light_mirror_mvp,0.48237791,4931,0.46988761,0.47480613,0.46250987,别人都有对象,社会比较与人生进度,0.53561032,3984
3985,流年,流年,2,tencent_ai_lab_chinese_embedding_light_mirror_mvp,0.51015722,3092,0.46988562,0.47921765,0.45588753,青春,社会比较与人生进度,0.53984654,3985
3986,说家,说家,2,tencent_ai_lab_chinese_embedding_light_mirror_mvp,0.50703751,3262,0.46984357,0.47586858,0.46080598,老公,婚恋,0.52426028,3986
3987,倾听,倾听,2,tencent_ai_lab_chinese_embedding_light_mirror_mvp,0.48400229,4805,0.46966863,0.47235411,0.46564031,拥抱,表白与追求,0.56919259,3987
3988,背债,背债,2,tencent_ai_lab_chinese_embedding_light_mirror_mvp,0.50194633,3537,0.4695994,0.48590523,0.4451406,脱单,婚恋,0.47540051,3988
3989,无怨无悔,无怨无悔,4,tencent_ai_lab_chinese_embedding_light_mirror_mvp,0.52001969,2593,0.4695355,0.47690982,0.45847401,错过青春,社会比较与人生进度,0.54061878,3989
3990,妥协,妥协,2,tencent_ai_lab_chinese_embedding_light_mirror_mvp,0.55400476,1469,0.46952474,0.47512063,0.46113089,脱单,约会,0.50399822,3990
3991,怨偶,怨偶,2,tencent_ai_lab_chinese_embedding_light_mirror_mvp,0.62162948,521,0.46949959,0.4839218,0.44786629,妻子,婚恋,0.49028546,3991
3992,真帅,真帅,2,tencent_ai_lab_chinese_embedding_light_mirror_mvp,0.50170474,3550,0.4694528,0.47241771,0.46500543,老公,社会比较与人生进度,0.52616256,3992
3993,二姐,二姐,2,tencent_ai_lab_chinese_embedding_light_mirror_mvp,0.63837315,405,0.46941519,0.47699428,0.45804647,前女友,社会比较与人生进度,0.50872314,3993
3994,自杀,自杀,2,tencent_ai_lab_chinese_embedding_light_mirror_mvp,0.50649267,3293,0.46938926,0.4712851,0.46654543,暗恋,社会比较与人生进度,0.54856038,3994
3995,堂姐,堂姐,2,tencent_ai_lab_chinese_embedding_light_mirror_mvp,0.63951898,398,0.46934384,0.47670835,0.45829701,约会,婚恋,0.50188994,3995
3996,脸红,脸红,2,tencent_ai_lab_chinese_embedding_light_mirror_mvp,0.4844524,4771,0.46927053,0.47562072,0.45974526,亲密,社会比较与人生进度,0.55880558,3996
3997,俩宝,俩宝,2,tencent_ai_lab_chinese_embedding_light_mirror_mvp,0.54452862,1731,0.4692052,0.47164541,0.46554479,妻子,婚恋,0.49145856,3997
3998,哎呀,哎呀,2,tencent_ai_lab_chinese_embedding_light_mirror_mvp,0.51412488,2874,0.46919215,0.47140408,0.4658742,恋情,社会比较与人生进度,0.5494706,3998
3999,总之,总之,2,tencent_ai_lab_chinese_embedding_light_mirror_mvp,0.52566364,2387,0.46915656,0.47219852,0.46459356,落后,社会比较与人生进度,0.5337851,3999
4000,时装,时装,2,tencent_ai_lab_chinese_embedding_light_mirror_mvp,0.49024616,4306,0.46914047,0.48430017,0.44640085,校服,社会比较与人生进度,0.5098542,4000
4001,出国留学,出国留学,4,tencent_ai_lab_chinese_embedding_light_mirror_mvp,0.53380651,2078,0.46912968,0.4852798,0.44490448,大学恋爱,社会比较与人生进度,0.51288098,4001
4002,嬉笑,嬉笑,2,tencent_ai_lab_chinese_embedding_light_mirror_mvp,0.48703136,4550,0.46907398,0.4694891,0.46845129,散步,表白与追求,0.54152715,4002
4003,外界,外界,2,tencent_ai_lab_chinese_embedding_light_mirror_mvp,0.48358064,4836,0.46906322,0.47082463,0.4664211,落后,社会比较与人生进度,0.54409468,4003
4004,出人头地,出人头地,4,tencent_ai_lab_chinese_embedding_light_mirror_mvp,0.4852703,4696,0.46905231,0.47761512,0.45620808,别人都有对象,社会比较与人生进度,0.52942878,4004
4005,口是心非,口是心非,4,tencent_ai_lab_chinese_embedding_light_mirror_mvp,0.53177395,2162,0.46895212,0.47263449,0.4634285,感情史,社会比较与人生进度,0.54382622,4005
4006,天长地久,天长地久,4,tencent_ai_lab_chinese_embedding_light_mirror_mvp,0.72084756,139,0.46891457,0.47366399,0.46179041,亲密,社会比较与人生进度,0.52923054,4006
4007,哲学,哲学,2,tencent_ai_lab_chinese_embedding_light_mirror_mvp,0.54406629,1744,0.46891421,0.4786914,0.45424843,追求,表白与追求,0.49539563,4007
4008,卧槽,卧槽,2,tencent_ai_lab_chinese_embedding_light_mirror_mvp,0.49064232,4280,0.46883252,0.47593483,0.45817903,散步,社会比较与人生进度,0.53300756,4008
4009,奶爸,奶爸,2,tencent_ai_lab_chinese_embedding_light_mirror_mvp,0.54590222,1686,0.46876276,0.47101068,0.4653908,丈夫,亲密行为,0.48859882,4009
4010,野心,野心,2,tencent_ai_lab_chinese_embedding_light_mirror_mvp,0.49569219,3931,0.4686712,0.47419789,0.46038118,拥抱,社会比较与人生进度,0.52251488,4010
4011,大比分,大比分,3,tencent_ai_lab_chinese_embedding_light_mirror_mvp,0.55150137,1527,0.46860683,0.48102066,0.44998613,大学恋爱,社会比较与人生进度,0.51009822,4011
4012,思维,思维,2,tencent_ai_lab_chinese_embedding_light_mirror_mvp,0.48605027,4629,0.46858647,0.47162148,0.46403393,对象,社会比较与人生进度,0.53676355,4012
4013,心塞,心塞,2,tencent_ai_lab_chinese_embedding_light_mirror_mvp,0.53380345,2079,0.46855205,0.47003141,0.46633294,拥抱,亲密行为,0.53758085,4013
4014,天性,天性,2,tencent_ai_lab_chinese_embedding_light_mirror_mvp,0.51236544,2976,0.46849787,0.47117949,0.46447548,感情史,社会比较与人生进度,0.54509658,4014
4015,气质,气质,2,tencent_ai_lab_chinese_embedding_light_mirror_mvp,0.50144441,3566,0.46836472,0.47008312,0.46578705,人生阶段,社会比较与人生进度,0.56372631,4015
4016,隔三差五,隔三差五,4,tencent_ai_lab_chinese_embedding_light_mirror_mvp,0.48913758,4390,0.46836236,0.47302815,0.46136364,别人都有对象,社会比较与人生进度,0.58780408,4016
4017,预产期,预产期,3,tencent_ai_lab_chinese_embedding_light_mirror_mvp,0.54951817,1582,0.46832061,0.47358632,0.46042204,人生阶段,婚恋,0.49827784,4017
4018,文艺,文艺,2,tencent_ai_lab_chinese_embedding_light_mirror_mvp,0.54701346,1667,0.46827441,0.47226027,0.46229568,告白,表白与追求,0.53345966,4018
4019,嘴贱,嘴贱,2,tencent_ai_lab_chinese_embedding_light_mirror_mvp,0.54846206,1615,0.46824908,0.47436905,0.4590691,接吻,社会比较与人生进度,0.52082157,4019
4020,生父,生父,2,tencent_ai_lab_chinese_embedding_light_mirror_mvp,0.59728035,745,0.4681854,0.46935394,0.46643257,老公,婚恋,0.54181314,4020
4021,献唱,献唱,2,tencent_ai_lab_chinese_embedding_light_mirror_mvp,0.50103935,3587,0.46818233,0.47468972,0.45842123,拥抱,表白与追求,0.50440675,4021
4022,一味,一味,2,tencent_ai_lab_chinese_embedding_light_mirror_mvp,0.56563703,1219,0.4678863,0.47255382,0.46088502,约饭,亲密行为,0.50925982,4022
4023,一心一意,一心一意,4,tencent_ai_lab_chinese_embedding_light_mirror_mvp,0.51980343,2602,0.46788436,0.47195154,0.4617835,感情史,表白与追求,0.52076924,4023
4024,军装,军装,2,tencent_ai_lab_chinese_embedding_light_mirror_mvp,0.60954037,610,0.46783459,0.5011043,0.41792998,校服,社会比较与人生进度,0.40079311,4024
4025,忍耐,忍耐,2,tencent_ai_lab_chinese_embedding_light_mirror_mvp,0.50164237,3556,0.46782568,0.47143209,0.46241602,亲密,社会比较与人生进度,0.53226155,4025
4026,因车祸,因车祸,3,tencent_ai_lab_chinese_embedding_light_mirror_mvp,0.52026933,2584,0.46782255,0.49031964,0.43407682,被追,社会比较与人生进度,0.47798043,4026
4027,继父,继父,2,tencent_ai_lab_chinese_embedding_light_mirror_mvp,0.7195858,141,0.46777803,0.47006008,0.46435484,前男友,婚恋,0.50221062,4027
4028,气坏,气坏,2,tencent_ai_lab_chinese_embedding_light_mirror_mvp,0.50013046,3654,0.46775037,0.49776062,0.42273498,落后,社会比较与人生进度,0.48118663,4028
4029,负气,负气,2,tencent_ai_lab_chinese_embedding_light_mirror_mvp,0.48684131,4569,0.46769628,0.48284703,0.44497013,落后,社会比较与人生进度,0.49932265,4029
4030,妩媚,妩媚,2,tencent_ai_lab_chinese_embedding_light_mirror_mvp,0.48801234,4474,0.46763402,0.47026581,0.46368632,表白,表白与追求,0.53287655,4030
4031,小孩,小孩,2,tencent_ai_lab_chinese_embedding_light_mirror_mvp,0.55460455,1445,0.46763179,0.47155046,0.46175376,同龄人,社会比较与人生进度,0.53760469,4031
4032,连帽,连帽,2,tencent_ai_lab_chinese_embedding_light_mirror_mvp,0.48533421,4689,0.46759009,0.47907495,0.4503628,校服,亲密行为,0.48270231,4032
4033,跪地,跪地,2,tencent_ai_lab_chinese_embedding_light_mirror_mvp,0.49619439,3902,0.46757489,0.47259125,0.46005031,拥抱,表白与追求,0.48423338,4033
4034,谈笑风生,谈笑风生,4,tencent_ai_lab_chinese_embedding_light_mirror_mvp,0.51951045,2622,0.46744162,0.47268453,0.45957723,学生情侣,社会比较与人生进度,0.51711047,4034
4035,敌意,敌意,2,tencent_ai_lab_chinese_embedding_light_mirror_mvp,0.500843,3604,0.46735346,0.47171813,0.46080637,对象,社会比较与人生进度,0.53442025,4035
4036,坐月子,坐月子,3,tencent_ai_lab_chinese_embedding_light_mirror_mvp,0.58104557,960,0.46731979,0.47672355,0.45321417,妻子,婚恋,0.5095799,4036
4037,童话,童话,2,tencent_ai_lab_chinese_embedding_light_mirror_mvp,0.52373354,2453,0.46730316,0.47492838,0.45586529,伴侣,社会比较与人生进度,0.53077304,4037
4038,遥遥领先,遥遥领先,4,tencent_ai_lab_chinese_embedding_light_mirror_mvp,0.52767329,2322,0.46728921,0.47803023,0.45117763,落后,社会比较与人生进度,0.51422292,4038
4039,唤醒,唤醒,2,tencent_ai_lab_chinese_embedding_light_mirror_mvp,0.48667171,4582,0.46727979,0.47367701,0.45768389,拥抱,表白与追求,0.52750456,4039
4040,豆蔻年华,豆蔻年华,4,tencent_ai_lab_chinese_embedding_light_mirror_mvp,0.59963506,714,0.46724883,0.47585005,0.45434698,青春,社会比较与人生进度,0.53280759,4040
4041,所作所为,所作所为,4,tencent_ai_lab_chinese_embedding_light_mirror_mvp,0.50843282,3187,0.46724319,0.47056961,0.46225354,被追,表白与追求,0.52895957,4041
4042,紧身裤,紧身裤,3,tencent_ai_lab_chinese_embedding_light_mirror_mvp,0.51649928,2752,0.46724296,0.47458845,0.45622471,单身,亲密行为,0.49725997,4042
4043,背道而驰,背道而驰,4,tencent_ai_lab_chinese_embedding_light_mirror_mvp,0.50864438,3174,0.46722966,0.47569031,0.45453867,散步,社会比较与人生进度,0.49812198,4043
4044,远大理想,远大理想,4,tencent_ai_lab_chinese_embedding_light_mirror_mvp,0.51357834,2904,0.46714538,0.49034727,0.43234256,大学恋爱,社会比较与人生进度,0.4620654,4044
4045,大美女,大美女,3,tencent_ai_lab_chinese_embedding_light_mirror_mvp,0.54153414,1829,0.46710712,0.46837884,0.46519947,老婆,婚恋,0.43505818,4045
4046,我气,我气,2,tencent_ai_lab_chinese_embedding_light_mirror_mvp,0.60413477,669,0.46710479,0.47020483,0.46245468,被追,社会比较与人生进度,0.56854993,4046
4047,发福,发福,2,tencent_ai_lab_chinese_embedding_light_mirror_mvp,0.49029377,4305,0.4670729,0.46984786,0.4629105,伴侣,社会比较与人生进度,0.51340204,4047
4048,工作狂,工作狂,3,tencent_ai_lab_chinese_embedding_light_mirror_mvp,0.51030512,3079,0.46703193,0.47685719,0.45229396,被追,社会比较与人生进度,0.53341699,4048
4049,杀人犯,杀人犯,3,tencent_ai_lab_chinese_embedding_light_mirror_mvp,0.48703383,4549,0.46701741,0.48222485,0.44420621,恋人,社会比较与人生进度,0.46825257,4049
4050,恐惧,恐惧,2,tencent_ai_lab_chinese_embedding_light_mirror_mvp,0.50200343,3531,0.46688938,0.47148806,0.45999131,暗恋,表白与追求,0.52882016,4050
4051,凭什么,凭什么,3,tencent_ai_lab_chinese_embedding_light_mirror_mvp,0.48164444,4992,0.46673924,0.48145029,0.44467258,追求,表白与追求,0.47115958,4051
4052,当红,当红,2,tencent_ai_lab_chinese_embedding_light_mirror_mvp,0.52352511,2458,0.46670884,0.46842578,0.46413335,青春,社会比较与人生进度,0.55923295,4052
4053,圈内,圈内,2,tencent_ai_lab_chinese_embedding_light_mirror_mvp,0.51742314,2710,0.46664661,0.47182363,0.45888099,同龄人,社会比较与人生进度,0.5538286,4053
4054,仇敌,仇敌,2,tencent_ai_lab_chinese_embedding_light_mirror_mvp,0.4970852,3834,0.46652168,0.47721291,0.45048487,感情史,社会比较与人生进度,0.50540185,4054
4055,短袖,短袖,2,tencent_ai_lab_chinese_embedding_light_mirror_mvp,0.55838389,1357,0.46646973,0.4685843,0.46329787,散步,约会,0.48868167,4055
4056,大吵,大吵,2,tencent_ai_lab_chinese_embedding_light_mirror_mvp,0.52550167,2392,0.46643963,0.47245234,0.45742056,同桌,社会比较与人生进度,0.51886362,4056
4057,泪点,泪点,2,tencent_ai_lab_chinese_embedding_light_mirror_mvp,0.48606658,4628,0.46642178,0.46700984,0.46553969,暗恋,社会比较与人生进度,0.53002894,4057
4058,超帅,超帅,2,tencent_ai_lab_chinese_embedding_light_mirror_mvp,0.49806011,3772,0.46628201,0.4728815,0.45638278,男朋友,社会比较与人生进度,0.53397435,4058
4059,剪彩,剪彩,2,tencent_ai_lab_chinese_embedding_light_mirror_mvp,0.49183424,4198,0.46624914,0.47863513,0.44767013,脱单,表白与追求,0.47636849,4059
4060,钓鱼,钓鱼,2,tencent_ai_lab_chinese_embedding_light_mirror_mvp,0.51911778,2642,0.46623608,0.47074938,0.45946613,对象,表白与追求,0.50404692,4060
4061,假日,假日,2,tencent_ai_lab_chinese_embedding_light_mirror_mvp,0.48670217,4578,0.46618235,0.47288162,0.45613346,约会,约会,0.51958907,4061
4062,做产,做产,2,tencent_ai_lab_chinese_embedding_light_mirror_mvp,0.51017798,3091,0.46608549,0.46867123,0.46220681,老公,婚恋,0.51912487,4062
4063,出国,出国,2,tencent_ai_lab_chinese_embedding_light_mirror_mvp,0.50242389,3508,0.46604651,0.46837574,0.46255264,约会,约会,0.54018754,4063
4064,晚年,晚年,2,tencent_ai_lab_chinese_embedding_light_mirror_mvp,0.49278381,4134,0.46589932,0.46738151,0.46367601,青春,社会比较与人生进度,0.54906416,4064
4065,赏花,赏花,2,tencent_ai_lab_chinese_embedding_light_mirror_mvp,0.52259673,2485,0.46587896,0.47022954,0.45935306,约会,约会,0.52579141,4065
4066,界限,界限,2,tencent_ai_lab_chinese_embedding_light_mirror_mvp,0.48172943,4983,0.465857,0.47269663,0.45559749,对象,社会比较与人生进度,0.52937198,4066
4067,辞世,辞世,2,tencent_ai_lab_chinese_embedding_light_mirror_mvp,0.49821447,3762,0.46585226,0.47178474,0.4569535,前任,社会比较与人生进度,0.49658477,4067
4068,这钱,这钱,2,tencent_ai_lab_chinese_embedding_light_mirror_mvp,0.51971967,2609,0.46581182,0.4714998,0.45727983,追求,表白与追求,0.49598593,4068
4069,甜馨,甜馨,2,tencent_ai_lab_chinese_embedding_light_mirror_mvp,0.51355579,2907,0.46578801,0.46971059,0.4599041,暗恋,亲密行为,0.51713043,4069
4070,含辛茹苦,含辛茹苦,4,tencent_ai_lab_chinese_embedding_light_mirror_mvp,0.52044547,2576,0.46578109,0.47527072,0.45154658,约饭,表白与追求,0.52590644,4070
4071,争风吃醋,争风吃醋,4,tencent_ai_lab_chinese_embedding_light_mirror_mvp,0.49050171,4289,0.46577394,0.4827795,0.44026551,约饭,表白与追求,0.48367506,4071
4072,财主,财主,2,tencent_ai_lab_chinese_embedding_light_mirror_mvp,0.49586091,3925,0.465756,0.4800567,0.44430494,老公,婚恋,0.49050117,4072
4073,贤惠,贤惠,2,tencent_ai_lab_chinese_embedding_light_mirror_mvp,0.64523687,370,0.46571764,0.47272962,0.45519963,妻子,婚恋,0.51373863,4073
4074,超越,超越,2,tencent_ai_lab_chinese_embedding_light_mirror_mvp,0.51325328,2926,0.46570635,0.47147959,0.45704642,追求,社会比较与人生进度,0.52152634,4074
4075,佣人,佣人,2,tencent_ai_lab_chinese_embedding_light_mirror_mvp,0.53134745,2182,0.46566343,0.47307277,0.45454946,同龄人,社会比较与人生进度,0.47655261,4075
4076,课本,课本,2,tencent_ai_lab_chinese_embedding_light_mirror_mvp,0.49520397,3962,0.46562207,0.4757455,0.45043695,校服,校园恋爱,0.51122725,4076
4077,娃生,娃生,2,tencent_ai_lab_chinese_embedding_light_mirror_mvp,0.55902936,1341,0.46536344,0.47246331,0.45471358,母胎单身,社会比较与人生进度,0.48578358,4077
4078,而立之年,而立之年,4,tencent_ai_lab_chinese_embedding_light_mirror_mvp,0.54305265,1778,0.46517041,0.47069249,0.45688725,婚礼,社会比较与人生进度,0.52795219,4078
4079,焦虑症,焦虑症,3,tencent_ai_lab_chinese_embedding_light_mirror_mvp,0.48490527,4731,0.46515203,0.47217026,0.45462462,伴侣,社会比较与人生进度,0.55707663,4079
4080,好孩子,好孩子,3,tencent_ai_lab_chinese_embedding_light_mirror_mvp,0.4835111,4842,0.46510738,0.46902937,0.45922437,妻子,社会比较与人生进度,0.5635072,4080
4081,楼下,楼下,2,tencent_ai_lab_chinese_embedding_light_mirror_mvp,0.49655707,3871,0.46510661,0.46564919,0.46429268,落后,社会比较与人生进度,0.52591962,4081
4082,打成一片,打成一片,4,tencent_ai_lab_chinese_embedding_light_mirror_mvp,0.48795952,4478,0.46489966,0.47085616,0.45596492,拥抱,社会比较与人生进度,0.51638865,4082
4083,点点滴滴,点点滴滴,4,tencent_ai_lab_chinese_embedding_light_mirror_mvp,0.51816519,2682,0.46479547,0.46741745,0.46086249,约会,约会,0.54036331,4083
4084,本来,本来,2,tencent_ai_lab_chinese_embedding_light_mirror_mvp,0.51448994,2852,0.46478382,0.46580681,0.4632493,前男友,社会比较与人生进度,0.54740131,4084
4085,疑心病,疑心病,3,tencent_ai_lab_chinese_embedding_light_mirror_mvp,0.48748306,4516,0.4647609,0.47376496,0.45125476,感情史,恋爱历史,0.51128781,4085
4086,少女情怀总是诗,少女情怀总是诗,7,tencent_ai_lab_chinese_embedding_light_mirror_mvp,0.56090168,1307,0.46472844,0.47234294,0.45330665,青春,社会比较与人生进度,0.50715297,4086
4087,永恒,永恒,2,tencent_ai_lab_chinese_embedding_light_mirror_mvp,0.54120461,1839,0.46470082,0.47064608,0.45578286,感情史,亲密行为,0.48447099,4087
4088,代名词,代名词,3,tencent_ai_lab_chinese_embedding_light_mirror_mvp,0.4982236,3760,0.46469724,0.47567061,0.44823718,对象,社会比较与人生进度,0.51075989,4088
4089,强子,强子,2,tencent_ai_lab_chinese_embedding_light_mirror_mvp,0.60783234,628,0.46465635,0.47995764,0.44170442,妻子,婚恋,0.44786984,4089
4090,吃火锅,吃火锅,3,tencent_ai_lab_chinese_embedding_light_mirror_mvp,0.51411105,2875,0.46465504,0.47301,0.45212254,约饭,约会,0.48100972,4090
4091,打麻将,打麻将,3,tencent_ai_lab_chinese_embedding_light_mirror_mvp,0.53767283,1956,0.46458206,0.47032237,0.45597157,约会,约会,0.53736901,4091
4092,道别,道别,2,tencent_ai_lab_chinese_embedding_light_mirror_mvp,0.54809878,1627,0.46445832,0.47385681,0.45036054,告白,社会比较与人生进度,0.51607758,4092
4093,喝多,喝多,2,tencent_ai_lab_chinese_embedding_light_mirror_mvp,0.51765736,2697,0.4643724,0.48026082,0.44053972,约饭,约会,0.49991184,4093
4094,喝杯,喝杯,2,tencent_ai_lab_chinese_embedding_light_mirror_mvp,0.50019296,3649,0.46435714,0.4691388,0.45718464,同桌,约会,0.52228439,4094
4095,倾吐,倾吐,2,tencent_ai_lab_chinese_embedding_light_mirror_mvp,0.50143682,3568,0.4643223,0.47097886,0.45433745,拥抱,表白与追求,0.50714183,4095
4096,胖子,胖子,2,tencent_ai_lab_chinese_embedding_light_mirror_mvp,0.54328249,1773,0.46431622,0.4673751,0.45972785,妻子,社会比较与人生进度,0.48881114,4096
4097,微博,微博,2,tencent_ai_lab_chinese_embedding_light_mirror_mvp,0.52459321,2427,0.46424544,0.46702826,0.46007118,亲密,表白与追求,0.5267989,4097
4098,左邻右舍,左邻右舍,4,tencent_ai_lab_chinese_embedding_light_mirror_mvp,0.48879064,4414,0.4641839,0.47472757,0.44836834,同桌,社会比较与人生进度,0.46929598,4098
4099,戒指,戒指,2,tencent_ai_lab_chinese_embedding_light_mirror_mvp,0.52995969,2230,0.46416986,0.47069556,0.4543812,脱单,社会比较与人生进度,0.48292381,4099
4100,责备,责备,2,tencent_ai_lab_chinese_embedding_light_mirror_mvp,0.48756735,4510,0.46415791,0.47161356,0.45297444,拥抱,亲密行为,0.48058772,4100
4101,喝了酒,喝了酒,3,tencent_ai_lab_chinese_embedding_light_mirror_mvp,0.51135457,3023,0.46409255,0.46644682,0.46056113,约饭,表白与追求,0.54315865,4101
4102,非议,非议,2,tencent_ai_lab_chinese_embedding_light_mirror_mvp,0.49767931,3806,0.46407813,0.46835044,0.45766959,落后,社会比较与人生进度,0.51170892,4102
4103,内裤,内裤,2,tencent_ai_lab_chinese_embedding_light_mirror_mvp,0.51343915,2915,0.46404931,0.48738563,0.42904481,校服,婚恋,0.42611301,4103
4104,说养,说养,2,tencent_ai_lab_chinese_embedding_light_mirror_mvp,0.49142324,4227,0.46404913,0.46703327,0.45957288,追求,表白与追求,0.49748015,4104
4105,做操,做操,2,tencent_ai_lab_chinese_embedding_light_mirror_mvp,0.55024427,1562,0.46404648,0.47217453,0.45185444,散步,社会比较与人生进度,0.4884001,4105
4106,你长,你长,2,tencent_ai_lab_chinese_embedding_light_mirror_mvp,0.48272536,4904,0.46394026,0.4661631,0.46060595,亲密,社会比较与人生进度,0.55487251,4106
4107,阿爸,阿爸,2,tencent_ai_lab_chinese_embedding_light_mirror_mvp,0.49901168,3712,0.4638184,0.47301826,0.45001855,丈夫,婚恋,0.4679082,4107
4108,补习班,补习班,3,tencent_ai_lab_chinese_embedding_light_mirror_mvp,0.48807076,4469,0.46379989,0.48020786,0.43918791,追求,社会比较与人生进度,0.459454,4108
4109,胞弟,胞弟,2,tencent_ai_lab_chinese_embedding_light_mirror_mvp,0.4928073,4131,0.46375537,0.46860868,0.45647541,同龄人,社会比较与人生进度,0.47965893,4109
4110,这部,这部,2,tencent_ai_lab_chinese_embedding_light_mirror_mvp,0.51427237,2863,0.4637444,0.46682501,0.45912349,被追,社会比较与人生进度,0.5512985,4110
4111,玩闹,玩闹,2,tencent_ai_lab_chinese_embedding_light_mirror_mvp,0.56051748,1317,0.46373838,0.46953157,0.45504859,散步,约会,0.52200478,4111
4112,创新,创新,2,tencent_ai_lab_chinese_embedding_light_mirror_mvp,0.48625413,4615,0.46365875,0.47509539,0.44650373,追求,社会比较与人生进度,0.48028272,4112
4113,今年过年,今年过年,4,tencent_ai_lab_chinese_embedding_light_mirror_mvp,0.54511286,1712,0.46364439,0.46556717,0.46076012,约会,社会比较与人生进度,0.53198302,4113
4114,暴富,暴富,2,tencent_ai_lab_chinese_embedding_light_mirror_mvp,0.51446027,2854,0.46362829,0.47362354,0.44863531,被追,表白与追求,0.52227199,4114
4115,省吃俭用,省吃俭用,4,tencent_ai_lab_chinese_embedding_light_mirror_mvp,0.50325245,3454,0.46358675,0.47021788,0.45363998,约饭,社会比较与人生进度,0.52457964,4115
4116,置办,置办,2,tencent_ai_lab_chinese_embedding_light_mirror_mvp,0.48716865,4537,0.46345121,0.46722627,0.4577885,订婚,婚恋,0.49096268,4116
4117,才生,才生,2,tencent_ai_lab_chinese_embedding_light_mirror_mvp,0.53108302,2192,0.46335912,0.47763562,0.44194424,人生阶段,社会比较与人生进度,0.51609904,4117
4118,二货,二货,2,tencent_ai_lab_chinese_embedding_light_mirror_mvp,0.59224756,801,0.46335399,0.47188094,0.45056352,对象,社会比较与人生进度,0.52930242,4118
4119,好好学习,好好学习,4,tencent_ai_lab_chinese_embedding_light_mirror_mvp,0.54361835,1762,0.4633404,0.47242892,0.44970763,追求,社会比较与人生进度,0.55975866,4119
4120,年迈,年迈,2,tencent_ai_lab_chinese_embedding_light_mirror_mvp,0.58963418,834,0.46333641,0.46909061,0.45470503,散步,社会比较与人生进度,0.52165139,4120
4121,刻骨铭心,刻骨铭心,4,tencent_ai_lab_chinese_embedding_light_mirror_mvp,0.67496643,247,0.46331662,0.47329381,0.44835088,感情史,表白与追求,0.51913673,4121
4122,天各一方,天各一方,4,tencent_ai_lab_chinese_embedding_light_mirror_mvp,0.57433953,1064,0.46324277,0.46861225,0.45518848,对象,婚恋,0.4924624,4122
4123,堂客,堂客,2,tencent_ai_lab_chinese_embedding_light_mirror_mvp,0.52473594,2421,0.46312934,0.47482067,0.44559237,约饭,约会,0.48299637,4123
4124,受气,受气,2,tencent_ai_lab_chinese_embedding_light_mirror_mvp,0.48827062,4453,0.46305269,0.46591371,0.45876113,拥抱,社会比较与人生进度,0.50333577,4124
4125,履行诺言,履行诺言,4,tencent_ai_lab_chinese_embedding_light_mirror_mvp,0.5119001,2991,0.46302587,0.46963304,0.45311508,告白,社会比较与人生进度,0.51110333,4125
4126,大哥,大哥,2,tencent_ai_lab_chinese_embedding_light_mirror_mvp,0.61154013,588,0.46299231,0.46583378,0.4587301,同龄人,社会比较与人生进度,0.49310508,4126
4127,第三节,第三节,3,tencent_ai_lab_chinese_embedding_light_mirror_mvp,0.50682467,3275,0.4629055,0.46733171,0.45626616,感情史,社会比较与人生进度,0.50196195,4127
4128,林爸,林爸,2,tencent_ai_lab_chinese_embedding_light_mirror_mvp,0.53022742,2221,0.46286446,0.46801019,0.45514584,妻子,婚恋,0.47735742,4128
4129,本性,本性,2,tencent_ai_lab_chinese_embedding_light_mirror_mvp,0.49491072,3988,0.46285695,0.46816832,0.45488986,追求,社会比较与人生进度,0.51268893,4129
4130,出镜,出镜,2,tencent_ai_lab_chinese_embedding_light_mirror_mvp,0.48268938,4912,0.46284923,0.46337923,0.46205416,脱单,社会比较与人生进度,0.55183685,4130
4131,这货,这货,2,tencent_ai_lab_chinese_embedding_light_mirror_mvp,0.53511144,2032,0.46279752,0.46599749,0.45799753,对象,社会比较与人生进度,0.52644348,4131
4132,摊牌,摊牌,2,tencent_ai_lab_chinese_embedding_light_mirror_mvp,0.58305328,927,0.46266487,0.46898809,0.45317999,散步,约会,0.51042926,4132
4133,几万块,几万块,3,tencent_ai_lab_chinese_embedding_light_mirror_mvp,0.50069405,3613,0.46261066,0.46575272,0.45789754,被追,社会比较与人生进度,0.55162394,4133
4134,小朱,小朱,2,tencent_ai_lab_chinese_embedding_light_mirror_mvp,0.51609356,2769,0.46260217,0.46648759,0.456774,老公,表白与追求,0.50070244,4134
4135,坏话,坏话,2,tencent_ai_lab_chinese_embedding_light_mirror_mvp,0.50547498,3342,0.46258754,0.47217864,0.44820079,落后,社会比较与人生进度,0.53155273,4135
4136,非主流,非主流,3,tencent_ai_lab_chinese_embedding_light_mirror_mvp,0.49076432,4274,0.46254683,0.4763971,0.44177142,落后,社会比较与人生进度,0.51782346,4136
4137,朝气,朝气,2,tencent_ai_lab_chinese_embedding_light_mirror_mvp,0.60572407,655,0.46253639,0.46597987,0.45737115,落后,社会比较与人生进度,0.51438177,4137
4138,西装,西装,2,tencent_ai_lab_chinese_embedding_light_mirror_mvp,0.57905777,997,0.46252269,0.49185941,0.41851759,校服,社会比较与人生进度,0.41985539,4138
4139,太抠,太抠,2,tencent_ai_lab_chinese_embedding_light_mirror_mvp,0.54125021,1838,0.46247479,0.47098893,0.44970354,落后,社会比较与人生进度,0.49922442,4139
4140,入伍,入伍,2,tencent_ai_lab_chinese_embedding_light_mirror_mvp,0.48740444,4523,0.46241915,0.46640772,0.45643625,被追,社会比较与人生进度,0.5524658,4140
4141,芬芳,芬芳,2,tencent_ai_lab_chinese_embedding_light_mirror_mvp,0.52694073,2352,0.46240735,0.46785271,0.45423922,拥抱,社会比较与人生进度,0.50031251,4141
4142,打拳,打拳,2,tencent_ai_lab_chinese_embedding_light_mirror_mvp,0.50958501,3128,0.46236461,0.46846265,0.45321754,散步,约会,0.53195721,4142
4143,干活,干活,2,tencent_ai_lab_chinese_embedding_light_mirror_mvp,0.52446706,2431,0.46226436,0.46510002,0.45801079,牵手,社会比较与人生进度,0.52657592,4143
4144,小孩子,小孩子,3,tencent_ai_lab_chinese_embedding_light_mirror_mvp,0.51708163,2728,0.46215463,0.46455979,0.45854691,青春,社会比较与人生进度,0.53959578,4144
4145,债主,债主,2,tencent_ai_lab_chinese_embedding_light_mirror_mvp,0.49526227,3960,0.46211076,0.46878809,0.4520947,老公,婚恋,0.48866946,4145
4146,剧终,剧终,2,tencent_ai_lab_chinese_embedding_light_mirror_mvp,0.52802969,2314,0.4620707,0.46388161,0.45935428,追求,表白与追求,0.52444398,4146
4147,骑马,骑马,2,tencent_ai_lab_chinese_embedding_light_mirror_mvp,0.50561912,3336,0.46202528,0.47099298,0.44857362,散步,约会,0.44764954,4147
4148,喂奶,喂奶,2,tencent_ai_lab_chinese_embedding_light_mirror_mvp,0.49341865,4093,0.4619517,0.46346116,0.45968747,拥抱,亲密行为,0.49926805,4148
4149,车祸,车祸,2,tencent_ai_lab_chinese_embedding_light_mirror_mvp,0.4816134,4996,0.46189579,0.47703931,0.43918049,被追,社会比较与人生进度,0.48425627,4149
4150,凳子,凳子,2,tencent_ai_lab_chinese_embedding_light_mirror_mvp,0.48839172,4442,0.46185964,0.4673987,0.45355105,同桌,婚恋,0.45920444,4150
4151,暴力行为,暴力行为,4,tencent_ai_lab_chinese_embedding_light_mirror_mvp,0.51515054,2816,0.46182138,0.46963513,0.45010075,被追,表白与追求,0.47864777,4151
4152,养子,养子,2,tencent_ai_lab_chinese_embedding_light_mirror_mvp,0.55645455,1405,0.46177545,0.47605616,0.44035435,妻子,婚恋,0.46215397,4152
4153,胖妹,胖妹,2,tencent_ai_lab_chinese_embedding_light_mirror_mvp,0.52918015,2267,0.46174693,0.46720201,0.45356429,女朋友,社会比较与人生进度,0.48725122,4153
4154,狠话,狠话,2,tencent_ai_lab_chinese_embedding_light_mirror_mvp,0.51117629,3028,0.46170151,0.46752018,0.45297346,暗恋,表白与追求,0.54066801,4154
4155,游泳,游泳,2,tencent_ai_lab_chinese_embedding_light_mirror_mvp,0.57089468,1115,0.46169859,0.47438431,0.44266996,散步,约会,0.48535436,4155
4156,蛮帅,蛮帅,2,tencent_ai_lab_chinese_embedding_light_mirror_mvp,0.4902229,4307,0.46167284,0.46749127,0.4529452,前男友,社会比较与人生进度,0.49880403,4156
4157,自然地,自然地,3,tencent_ai_lab_chinese_embedding_light_mirror_mvp,0.49236095,4161,0.46159542,0.47361642,0.44356385,落后,社会比较与人生进度,0.4787724,4157
4158,出道,出道,2,tencent_ai_lab_chinese_embedding_light_mirror_mvp,0.5634496,1261,0.46152401,0.46848971,0.45107546,青春,社会比较与人生进度,0.54937685,4158
4159,零花钱,零花钱,3,tencent_ai_lab_chinese_embedding_light_mirror_mvp,0.54096254,1845,0.46148795,0.46591377,0.45484912,被追,社会比较与人生进度,0.54852891,4159
4160,避忌,避忌,2,tencent_ai_lab_chinese_embedding_light_mirror_mvp,0.48774563,4499,0.46147782,0.46613014,0.45449924,接吻,社会比较与人生进度,0.53793722,4160
4161,一儿,一儿,2,tencent_ai_lab_chinese_embedding_light_mirror_mvp,0.61796398,548,0.46139205,0.46528998,0.4555451,拥抱,社会比较与人生进度,0.51405436,4161
4162,可我,可我,2,tencent_ai_lab_chinese_embedding_light_mirror_mvp,0.54733975,1655,0.46137121,0.46771371,0.45185745,亲密,社会比较与人生进度,0.50739443,4162
4163,异国,异国,2,tencent_ai_lab_chinese_embedding_light_mirror_mvp,0.50337182,3449,0.46133116,0.4669095,0.45296362,单身,社会比较与人生进度,0.52098846,4163
4164,排场,排场,2,tencent_ai_lab_chinese_embedding_light_mirror_mvp,0.50970507,3116,0.4612959,0.46861249,0.45032096,约会,约会,0.51986289,4164
4165,骗财骗色,骗财骗色,4,tencent_ai_lab_chinese_embedding_light_mirror_mvp,0.55049105,1559,0.46123683,0.47007516,0.44797936,被追,表白与追求,0.53034508,4165
4166,圣诞快乐,圣诞快乐,4,tencent_ai_lab_chinese_embedding_light_mirror_mvp,0.48537025,4685,0.46122617,0.47164631,0.44559589,婚礼,表白与追求,0.47359055,4166
4167,爆出,爆出,2,tencent_ai_lab_chinese_embedding_light_mirror_mvp,0.50959698,3126,0.46103561,0.47023416,0.44723773,被追,社会比较与人生进度,0.50093085,4167
4168,死讯,死讯,2,tencent_ai_lab_chinese_embedding_light_mirror_mvp,0.48779944,4491,0.46103376,0.46671906,0.45250574,被追,表白与追求,0.52892113,4168
4169,现实主义,现实主义,4,tencent_ai_lab_chinese_embedding_light_mirror_mvp,0.5090878,3157,0.46103215,0.46426991,0.45617548,人生阶段,社会比较与人生进度,0.53544551,4169
4170,尽善尽美,尽善尽美,4,tencent_ai_lab_chinese_embedding_light_mirror_mvp,0.49552947,3944,0.46094912,0.46440434,0.45576629,落后,社会比较与人生进度,0.51326913,4170
4171,夜晚,夜晚,2,tencent_ai_lab_chinese_embedding_light_mirror_mvp,0.48187658,4965,0.46087518,0.46299243,0.4576993,暗恋,表白与追求,0.53344727,4171
4172,太作,太作,2,tencent_ai_lab_chinese_embedding_light_mirror_mvp,0.62686174,484,0.46086007,0.46438214,0.4555769,丈夫,社会比较与人生进度,0.4819859,4172
4173,上床,上床,2,tencent_ai_lab_chinese_embedding_light_mirror_mvp,0.58011396,974,0.46081769,0.46311033,0.45737872,结婚,婚恋,0.52448571,4173
4174,白大褂,白大褂,3,tencent_ai_lab_chinese_embedding_light_mirror_mvp,0.49081481,4270,0.46080291,0.47074321,0.44589248,校服,表白与追求,0.42765999,4174
4175,录制,录制,2,tencent_ai_lab_chinese_embedding_light_mirror_mvp,0.48592671,4639,0.46078271,0.46883661,0.44870177,对象,社会比较与人生进度,0.51363927,4175
4176,那货,那货,2,tencent_ai_lab_chinese_embedding_light_mirror_mvp,0.55390108,1473,0.46069801,0.46741742,0.45061889,追求,社会比较与人生进度,0.53233409,4176
4177,誓言,誓言,2,tencent_ai_lab_chinese_embedding_light_mirror_mvp,0.48548604,4675,0.46065125,0.46367666,0.45611307,告白,表白与追求,0.53315604,4177
4178,来世,来世,2,tencent_ai_lab_chinese_embedding_light_mirror_mvp,0.48257549,4918,0.46064913,0.46694374,0.45120719,求婚,社会比较与人生进度,0.52759564,4178
4179,名牌,名牌,2,tencent_ai_lab_chinese_embedding_light_mirror_mvp,0.51336174,2919,0.46061617,0.47489122,0.43920365,落后,社会比较与人生进度,0.50838244,4179
4180,咱俩,咱俩,2,tencent_ai_lab_chinese_embedding_light_mirror_mvp,0.50425735,3397,0.46061021,0.4610309,0.45997915,对象,社会比较与人生进度,0.51667136,4180
4181,花样年华,花样年华,4,tencent_ai_lab_chinese_embedding_light_mirror_mvp,0.62203979,515,0.46053439,0.47624499,0.43696848,青春,社会比较与人生进度,0.51570016,4181
4182,胖哥,胖哥,2,tencent_ai_lab_chinese_embedding_light_mirror_mvp,0.48234212,4934,0.46051955,0.46719879,0.45050073,男朋友,社会比较与人生进度,0.45197207,4182
4183,念书,念书,2,tencent_ai_lab_chinese_embedding_light_mirror_mvp,0.5443917,1733,0.4605124,0.46525711,0.45339537,追求,表白与追求,0.54289722,4183
4184,小孩儿,小孩儿,3,tencent_ai_lab_chinese_embedding_light_mirror_mvp,0.50999925,3101,0.4604356,0.46776518,0.44944122,青春,社会比较与人生进度,0.52331996,4184
4185,复读,复读,2,tencent_ai_lab_chinese_embedding_light_mirror_mvp,0.53493541,2037,0.46043283,0.46241209,0.45746395,错过青春,社会比较与人生进度,0.54803693,4185
4186,第三者,第三者,3,tencent_ai_lab_chinese_embedding_light_mirror_mvp,0.63291773,444,0.46041042,0.4633922,0.45593762,伴侣,社会比较与人生进度,0.49297893,4186
4187,双宋,双宋,2,tencent_ai_lab_chinese_embedding_light_mirror_mvp,0.58802049,859,0.46032482,0.46610594,0.45165315,单身,单身与脱单,0.48669112,4187
4188,诀别,诀别,2,tencent_ai_lab_chinese_embedding_light_mirror_mvp,0.53929464,1899,0.46020567,0.46100748,0.45900297,亲密,社会比较与人生进度,0.53935671,4188
4189,拉大,拉大,2,tencent_ai_lab_chinese_embedding_light_mirror_mvp,0.52720058,2339,0.46010509,0.46672121,0.45018092,拥抱,亲密行为,0.50809497,4189
4190,知足常乐,知足常乐,4,tencent_ai_lab_chinese_embedding_light_mirror_mvp,0.52733459,2331,0.46009839,0.466474,0.45053491,伴侣,社会比较与人生进度,0.55472791,4190
4191,佳话,佳话,2,tencent_ai_lab_chinese_embedding_light_mirror_mvp,0.50718795,3249,0.46004325,0.46061248,0.45918941,妻子,社会比较与人生进度,0.54563117,4191
4192,自主性,自主性,3,tencent_ai_lab_chinese_embedding_light_mirror_mvp,0.48183276,4967,0.46001929,0.46350706,0.45478758,落后,社会比较与人生进度,0.55420589,4192
4193,撒尿,撒尿,2,tencent_ai_lab_chinese_embedding_light_mirror_mvp,0.4853143,4690,0.45998982,0.46917087,0.44621816,老公,约会,0.49506766,4193
4194,昊然,昊然,2,tencent_ai_lab_chinese_embedding_light_mirror_mvp,0.51768718,2696,0.45993966,0.46428376,0.4534235,青春,社会比较与人生进度,0.51178813,4194
4195,平凡,平凡,2,tencent_ai_lab_chinese_embedding_light_mirror_mvp,0.52866378,2282,0.45991921,0.46347457,0.45458618,落后,社会比较与人生进度,0.57361972,4195
4196,登山,登山,2,tencent_ai_lab_chinese_embedding_light_mirror_mvp,0.48383518,4820,0.45983356,0.47668812,0.43455169,散步,约会,0.44659132,4196
4197,本能,本能,2,tencent_ai_lab_chinese_embedding_light_mirror_mvp,0.48500828,4722,0.45983216,0.4706828,0.44355616,丈夫,社会比较与人生进度,0.47224581,4197
4198,发糖,发糖,2,tencent_ai_lab_chinese_embedding_light_mirror_mvp,0.58677356,874,0.45979306,0.46371913,0.45390388,表白,表白与追求,0.51482838,4198
4199,有染,有染,2,tencent_ai_lab_chinese_embedding_light_mirror_mvp,0.53874564,1916,0.45974946,0.46096927,0.45791963,没有对象,社会比较与人生进度,0.52841842,4199
4200,痛哭流涕,痛哭流涕,4,tencent_ai_lab_chinese_embedding_light_mirror_mvp,0.51409135,2876,0.45971787,0.46465296,0.45231524,恋情,社会比较与人生进度,0.51846409,4200
4201,搞怪,搞怪,2,tencent_ai_lab_chinese_embedding_light_mirror_mvp,0.50191588,3540,0.45963871,0.46138793,0.45701489,对象,社会比较与人生进度,0.5233866,4201
4202,挂科,挂科,2,tencent_ai_lab_chinese_embedding_light_mirror_mvp,0.49271845,4138,0.45960146,0.4742257,0.43766508,校服,社会比较与人生进度,0.4634251,4202
4203,爬山,爬山,2,tencent_ai_lab_chinese_embedding_light_mirror_mvp,0.59825726,729,0.45954043,0.48069921,0.42780218,散步,约会,0.45045111,4203
4204,女警察,女警察,3,tencent_ai_lab_chinese_embedding_light_mirror_mvp,0.51174693,3000,0.45952943,0.47241777,0.4401969,女朋友,对象关系,0.42461312,4204
4205,泡吧,泡吧,2,tencent_ai_lab_chinese_embedding_light_mirror_mvp,0.55885683,1344,0.45952648,0.46841085,0.44619989,约会,约会,0.52613962,4205
4206,俗世,俗世,2,tencent_ai_lab_chinese_embedding_light_mirror_mvp,0.51379913,2888,0.45952049,0.46086508,0.45750356,老公,社会比较与人生进度,0.53499997,4206
4207,创造,创造,2,tencent_ai_lab_chinese_embedding_light_mirror_mvp,0.48195107,4959,0.45946857,0.46761465,0.44724941,追求,社会比较与人生进度,0.49155986,4207
4208,变心,变心,2,tencent_ai_lab_chinese_embedding_light_mirror_mvp,0.67420912,250,0.45926583,0.46173024,0.45556918,感情史,表白与追求,0.51599109,4208
4209,理想化,理想化,3,tencent_ai_lab_chinese_embedding_light_mirror_mvp,0.58391089,915,0.45915103,0.46597332,0.44891763,追求,社会比较与人生进度,0.529728,4209
4210,发脾气,发脾气,3,tencent_ai_lab_chinese_embedding_light_mirror_mvp,0.54466671,1724,0.4591383,0.46000531,0.45783773,表白,社会比较与人生进度,0.52392393,4210
4211,做孕检,做孕检,3,tencent_ai_lab_chinese_embedding_light_mirror_mvp,0.54181356,1819,0.45912021,0.46461689,0.45087516,母胎单身,婚恋,0.48961383,4211
4212,怯懦,怯懦,2,tencent_ai_lab_chinese_embedding_light_mirror_mvp,0.48270851,4907,0.4590627,0.46097523,0.45619383,散步,社会比较与人生进度,0.53978604,4212
4213,瞎了眼,瞎了眼,3,tencent_ai_lab_chinese_embedding_light_mirror_mvp,0.49301002,4118,0.45903322,0.46158227,0.45520961,错过青春,社会比较与人生进度,0.54212093,4213
4214,妈蛋,妈蛋,2,tencent_ai_lab_chinese_embedding_light_mirror_mvp,0.50585181,3329,0.45893121,0.47860956,0.42941359,母胎单身,婚恋,0.45943069,4214
4215,继母,继母,2,tencent_ai_lab_chinese_embedding_light_mirror_mvp,0.73293284,115,0.45892131,0.46275616,0.45316902,母胎单身,婚恋,0.5011428,4215
4216,程序员,程序员,3,tencent_ai_lab_chinese_embedding_light_mirror_mvp,0.49318573,4107,0.45887381,0.46097559,0.45572111,同龄人,社会比较与人生进度,0.50080901,4216
4217,天真烂漫,天真烂漫,4,tencent_ai_lab_chinese_embedding_light_mirror_mvp,0.53568797,2015,0.45880431,0.47431955,0.43553141,落后,社会比较与人生进度,0.50834727,4217
4218,一年级,一年级,3,tencent_ai_lab_chinese_embedding_light_mirror_mvp,0.5298144,2235,0.45869985,0.46009922,0.45660079,校园恋爱,校园恋爱,0.54079551,4218
4219,活动量,活动量,3,tencent_ai_lab_chinese_embedding_light_mirror_mvp,0.49488832,3991,0.4585309,0.46090269,0.45497322,约会对象,约会,0.50877011,4219
4220,师徒,师徒,2,tencent_ai_lab_chinese_embedding_light_mirror_mvp,0.51773109,2694,0.45841688,0.46017635,0.45577767,伴侣,社会比较与人生进度,0.47886908,4220
4221,这娃,这娃,2,tencent_ai_lab_chinese_embedding_light_mirror_mvp,0.51961216,2613,0.45833439,0.46314469,0.45111892,老公,社会比较与人生进度,0.50897622,4221
4222,咱家,咱家,2,tencent_ai_lab_chinese_embedding_light_mirror_mvp,0.50604548,3317,0.45829478,0.46120748,0.45392573,婚礼,婚恋,0.52356243,4222
4223,多疑,多疑,2,tencent_ai_lab_chinese_embedding_light_mirror_mvp,0.49568263,3934,0.45828414,0.46456945,0.44885615,亲密,社会比较与人生进度,0.50365412,4223
4224,真渣,真渣,2,tencent_ai_lab_chinese_embedding_light_mirror_mvp,0.50697132,3265,0.45821327,0.45985967,0.45574364,前任,恋爱历史,0.51100361,4224
4225,标榜,标榜,2,tencent_ai_lab_chinese_embedding_light_mirror_mvp,0.55053252,1555,0.45811495,0.46358168,0.44991484,追求,社会比较与人生进度,0.52699333,4225
4226,期末考,期末考,3,tencent_ai_lab_chinese_embedding_light_mirror_mvp,0.49542348,3951,0.45809537,0.46507522,0.44762561,人生阶段,社会比较与人生进度,0.51028621,4226
4227,强奸犯,强奸犯,3,tencent_ai_lab_chinese_embedding_light_mirror_mvp,0.50492843,3369,0.45803654,0.47453123,0.43329442,被追,社会比较与人生进度,0.49121389,4227
4228,患病,患病,2,tencent_ai_lab_chinese_embedding_light_mirror_mvp,0.51010964,3094,0.45801264,0.45979315,0.45534182,伴侣,社会比较与人生进度,0.52706254,4228
4229,大儿子,大儿子,3,tencent_ai_lab_chinese_embedding_light_mirror_mvp,0.70996737,161,0.45785117,0.46551579,0.44635424,妻子,婚恋,0.47590297,4229
4230,开局,开局,2,tencent_ai_lab_chinese_embedding_light_mirror_mvp,0.5017481,3547,0.45785069,0.46153468,0.45232466,人生阶段,社会比较与人生进度,0.52488577,4230
4231,七大姑八大姨,七大姑八大姨,6,tencent_ai_lab_chinese_embedding_light_mirror_mvp,0.51833615,2671,0.45784497,0.46487266,0.44730344,同龄人,社会比较与人生进度,0.48912847,4231
4232,傍晚,傍晚,2,tencent_ai_lab_chinese_embedding_light_mirror_mvp,0.56822814,1158,0.45782188,0.4609434,0.45313954,伴侣,表白与追求,0.54054397,4232
4233,说媒,说媒,2,tencent_ai_lab_chinese_embedding_light_mirror_mvp,0.56568022,1217,0.45777458,0.46785498,0.44265401,告白,表白与追求,0.48663256,4233
4234,现代,现代,2,tencent_ai_lab_chinese_embedding_light_mirror_mvp,0.48444225,4772,0.45766982,0.46037757,0.45360819,落后,社会比较与人生进度,0.56582725,4234
4235,一整天,一整天,3,tencent_ai_lab_chinese_embedding_light_mirror_mvp,0.48555926,4672,0.45765722,0.45883593,0.45588908,老公,社会比较与人生进度,0.53744781,4235
4236,风波,风波,2,tencent_ai_lab_chinese_embedding_light_mirror_mvp,0.49127407,4234,0.45762467,0.46062875,0.45311847,被追,社会比较与人生进度,0.48652285,4236
4237,在台,在台,2,tencent_ai_lab_chinese_embedding_light_mirror_mvp,0.50005778,3657,0.45759016,0.45803362,0.45692492,约会,约会,0.51474351,4237
4238,物质条件,物质条件,4,tencent_ai_lab_chinese_embedding_light_mirror_mvp,0.54986846,1573,0.45758027,0.46093878,0.45254239,对象,社会比较与人生进度,0.48055959,4238
4239,越轨行为,越轨行为,4,tencent_ai_lab_chinese_embedding_light_mirror_mvp,0.57100568,1114,0.45757031,0.45980471,0.45421872,脱单,社会比较与人生进度,0.49529636,4239
4240,妓女,妓女,2,tencent_ai_lab_chinese_embedding_light_mirror_mvp,0.48473859,4743,0.45749986,0.46122652,0.45190987,老婆,婚恋,0.47942883,4240
4241,两百块,两百块,3,tencent_ai_lab_chinese_embedding_light_mirror_mvp,0.48635556,4609,0.45738238,0.46443886,0.44679761,被追,社会比较与人生进度,0.52773726,4241
4242,大好形势,大好形势,4,tencent_ai_lab_chinese_embedding_light_mirror_mvp,0.49976174,3669,0.45734078,0.45981431,0.45363042,人生阶段,社会比较与人生进度,0.53370917,4242
4243,一脸,一脸,2,tencent_ai_lab_chinese_embedding_light_mirror_mvp,0.50911984,3156,0.45733637,0.46239609,0.44974676,拥抱,社会比较与人生进度,0.53466868,4243
4244,盲从,盲从,2,tencent_ai_lab_chinese_embedding_light_mirror_mvp,0.49203433,4184,0.45726711,0.47012508,0.43798015,被追,社会比较与人生进度,0.4926703,4244
4245,七年级,七年级,3,tencent_ai_lab_chinese_embedding_light_mirror_mvp,0.51184812,2996,0.45714569,0.46221957,0.44953489,早恋,校园恋爱,0.51600438,4245
4246,做月子,做月子,3,tencent_ai_lab_chinese_embedding_light_mirror_mvp,0.53965784,1887,0.45707339,0.46684679,0.44241324,妻子,婚恋,0.50632048,4246
4247,什么,什么,2,tencent_ai_lab_chinese_embedding_light_mirror_mvp,0.5119589,2990,0.45707071,0.47980645,0.42296708,追求,表白与追求,0.46583757,4247
4248,宅女,宅女,2,tencent_ai_lab_chinese_embedding_light_mirror_mvp,0.51757767,2703,0.45698255,0.45821929,0.45512739,老婆,社会比较与人生进度,0.48562127,4248
4249,上下级,上下级,3,tencent_ai_lab_chinese_embedding_light_mirror_mvp,0.50536287,3347,0.45694774,0.46432447,0.44588259,落后,社会比较与人生进度,0.53053033,4249
4250,哲思,哲思,2,tencent_ai_lab_chinese_embedding_light_mirror_mvp,0.50912095,3155,0.4569425,0.45873547,0.45425299,追求,表白与追求,0.51371962,4250
4251,戏中,戏中,2,tencent_ai_lab_chinese_embedding_light_mirror_mvp,0.53569136,2014,0.45688152,0.46177399,0.44954279,妻子,表白与追求,0.5368154,4251
4252,真理,真理,2,tencent_ai_lab_chinese_embedding_light_mirror_mvp,0.48296535,4881,0.45684999,0.47048119,0.43640313,亲密,社会比较与人生进度,0.47550517,4252
4253,梦境,梦境,2,tencent_ai_lab_chinese_embedding_light_mirror_mvp,0.51275413,2956,0.45683095,0.45877838,0.45390978,暗恋,表白与追求,0.52496076,4253
4254,双鱼,双鱼,2,tencent_ai_lab_chinese_embedding_light_mirror_mvp,0.60364109,673,0.45670718,0.46017277,0.45150879,单身,单身与脱单,0.47611776,4254
4255,抠门,抠门,2,tencent_ai_lab_chinese_embedding_light_mirror_mvp,0.53757265,1961,0.45668596,0.46142906,0.44957134,脱单,约会,0.48255277,4255
4256,大典,大典,2,tencent_ai_lab_chinese_embedding_light_mirror_mvp,0.51209165,2988,0.45658645,0.47024351,0.43610081,婚礼,约会,0.43114978,4256
4257,转变,转变,2,tencent_ai_lab_chinese_embedding_light_mirror_mvp,0.48852693,4433,0.45654839,0.46601945,0.44234177,追求,社会比较与人生进度,0.50168121,4257
4258,爆红,爆红,2,tencent_ai_lab_chinese_embedding_light_mirror_mvp,0.50376226,3428,0.45643324,0.46118534,0.44930497,落后,社会比较与人生进度,0.53875351,4258
4259,神经症,神经症,3,tencent_ai_lab_chinese_embedding_light_mirror_mvp,0.51972345,2608,0.45631433,0.45841932,0.4531568,感情史,社会比较与人生进度,0.49769408,4259
4260,肚子,肚子,2,tencent_ai_lab_chinese_embedding_light_mirror_mvp,0.51915317,2641,0.45630616,0.45868605,0.45273629,拥抱,亲密行为,0.47863936,4260
4261,换言之,换言之,3,tencent_ai_lab_chinese_embedding_light_mirror_mvp,0.4844128,4775,0.45627016,0.45783463,0.45392346,追求,社会比较与人生进度,0.53236067,4261
4262,好工作,好工作,3,tencent_ai_lab_chinese_embedding_light_mirror_mvp,0.49317447,4109,0.45625132,0.46128553,0.44869995,对象,社会比较与人生进度,0.55236995,4262
4263,心理专家,心理专家,4,tencent_ai_lab_chinese_embedding_light_mirror_mvp,0.51359298,2903,0.45621601,0.45790058,0.4536891,亲密关系,社会比较与人生进度,0.52871132,4263
4264,喝醉酒,喝醉酒,3,tencent_ai_lab_chinese_embedding_light_mirror_mvp,0.52998364,2226,0.45617694,0.46099567,0.44894886,约饭,表白与追求,0.52060151,4264
4265,半夜,半夜,2,tencent_ai_lab_chinese_embedding_light_mirror_mvp,0.5005268,3625,0.45610175,0.45875329,0.45212439,告白,社会比较与人生进度,0.52696878,4265
4266,操场,操场,2,tencent_ai_lab_chinese_embedding_light_mirror_mvp,0.5586418,1350,0.45602113,0.46898636,0.4365733,散步,社会比较与人生进度,0.46344674,4266
4267,遛狗,遛狗,2,tencent_ai_lab_chinese_embedding_light_mirror_mvp,0.6646764,280,0.45589852,0.47804841,0.4226737,散步,约会,0.44023025,4267
4268,出狱,出狱,2,tencent_ai_lab_chinese_embedding_light_mirror_mvp,0.52878973,2279,0.45579982,0.46236932,0.44594553,脱单,社会比较与人生进度,0.51529253,4268
4269,春暖花开,春暖花开,4,tencent_ai_lab_chinese_embedding_light_mirror_mvp,0.50704937,3260,0.45579767,0.46567029,0.44098863,青春,社会比较与人生进度,0.46308601,4269
4270,顾家,顾家,2,tencent_ai_lab_chinese_embedding_light_mirror_mvp,0.58732189,867,0.45577091,0.46041209,0.44880912,妻子,婚恋,0.48362371,4270
4271,东哥,东哥,2,tencent_ai_lab_chinese_embedding_light_mirror_mvp,0.55035322,1561,0.4557386,0.46918458,0.43556952,前男友,恋爱历史,0.44593459,4271
4272,心理学家,心理学家,4,tencent_ai_lab_chinese_embedding_light_mirror_mvp,0.58160844,949,0.45565349,0.46243194,0.44548574,感情史,社会比较与人生进度,0.51811802,4272
4273,喜结连理,喜结连理,4,tencent_ai_lab_chinese_embedding_light_mirror_mvp,0.69327899,194,0.45561808,0.461308,0.44708323,喜欢的人,表白与追求,0.49758768,4273
4274,操场上,操场上,3,tencent_ai_lab_chinese_embedding_light_mirror_mvp,0.56862808,1150,0.45559257,0.46765846,0.43749371,散步,社会比较与人生进度,0.50329745,4274
4275,多好,多好,2,tencent_ai_lab_chinese_embedding_light_mirror_mvp,0.52517679,2404,0.45554668,0.45786959,0.45206228,落后,社会比较与人生进度,0.55387878,4275
4276,肉体,肉体,2,tencent_ai_lab_chinese_embedding_light_mirror_mvp,0.51435118,2859,0.45553458,0.45927596,0.44992247,亲密,亲密行为,0.48922202,4276
4277,睡觉,睡觉,2,tencent_ai_lab_chinese_embedding_light_mirror_mvp,0.53546934,2019,0.45550323,0.45982355,0.44902277,爱情,社会比较与人生进度,0.51003432,4277
4278,票圈,票圈,2,tencent_ai_lab_chinese_embedding_light_mirror_mvp,0.48535377,4687,0.45550245,0.459604,0.44935009,约会,社会比较与人生进度,0.52167422,4278
4279,虐狗,虐狗,2,tencent_ai_lab_chinese_embedding_light_mirror_mvp,0.66362565,284,0.45542794,0.45864323,0.45060503,恋情,恋爱核心,0.49252701,4279
4280,书包,书包,2,tencent_ai_lab_chinese_embedding_light_mirror_mvp,0.57804842,1009,0.45536864,0.46504664,0.44085157,拥抱,表白与追求,0.43321329,4280
4281,勃起,勃起,2,tencent_ai_lab_chinese_embedding_light_mirror_mvp,0.50529298,3349,0.45533729,0.45784712,0.45157251,拥抱,亲密行为,0.48929313,4281
4282,负面新闻,负面新闻,4,tencent_ai_lab_chinese_embedding_light_mirror_mvp,0.5271194,2344,0.45532274,0.46136108,0.44626522,被追,社会比较与人生进度,0.49306411,4282
4283,开花结果,开花结果,4,tencent_ai_lab_chinese_embedding_light_mirror_mvp,0.5257561,2384,0.45529133,0.46029177,0.44779062,落后,社会比较与人生进度,0.49467921,4283
4284,冻卵,冻卵,2,tencent_ai_lab_chinese_embedding_light_mirror_mvp,0.48526685,4697,0.45524406,0.46543953,0.43995085,母胎单身,单身与脱单,0.48704398,4284
4285,教育体制,教育体制,4,tencent_ai_lab_chinese_embedding_light_mirror_mvp,0.48352951,4840,0.45523983,0.46931443,0.43412784,校服,社会比较与人生进度,0.48687291,4285
4286,发小,发小,2,tencent_ai_lab_chinese_embedding_light_mirror_mvp,0.68127007,227,0.45513991,0.45612878,0.45365652,拥抱,社会比较与人生进度,0.5383693,4286
4287,泳衣,泳衣,2,tencent_ai_lab_chinese_embedding_light_mirror_mvp,0.53538896,2023,0.45511252,0.48218584,0.4145025,校服,亲密行为,0.4134894,4287
4288,决裂,决裂,2,tencent_ai_lab_chinese_embedding_light_mirror_mvp,0.52652385,2363,0.45509964,0.46012586,0.44756022,订婚,约会,0.48839146,4288
4289,死别,死别,2,tencent_ai_lab_chinese_embedding_light_mirror_mvp,0.54788663,1634,0.45507795,0.45697641,0.45223022,告白,社会比较与人生进度,0.52130955,4289
4290,鼓足勇气,鼓足勇气,4,tencent_ai_lab_chinese_embedding_light_mirror_mvp,0.55747764,1382,0.45507449,0.46490893,0.44032279,拥抱,社会比较与人生进度,0.49671888,4290
4291,淘气,淘气,2,tencent_ai_lab_chinese_embedding_light_mirror_mvp,0.51030256,3080,0.45505348,0.46913391,0.43393275,落后,社会比较与人生进度,0.4897382,4291
4292,英语课,英语课,3,tencent_ai_lab_chinese_embedding_light_mirror_mvp,0.56072904,1311,0.45486057,0.4599916,0.44716394,早恋,校园恋爱,0.5053978,4292
4293,高富帅,高富帅,3,tencent_ai_lab_chinese_embedding_light_mirror_mvp,0.60527228,665,0.45482928,0.46484423,0.43980679,高中恋爱,社会比较与人生进度,0.50010359,4293
4294,荧屏,荧屏,2,tencent_ai_lab_chinese_embedding_light_mirror_mvp,0.50935478,3143,0.45481128,0.45745245,0.45084941,看电影,表白与追求,0.49490619,4294
4295,粉色,粉色,2,tencent_ai_lab_chinese_embedding_light_mirror_mvp,0.50045408,3630,0.454808,0.45994014,0.44710979,表白,表白与追求,0.55778515,4295
4296,幼子,幼子,2,tencent_ai_lab_chinese_embedding_light_mirror_mvp,0.57788804,1013,0.45479578,0.45704085,0.45142809,拥抱,亲密行为,0.51032132,4296
4297,身体语言,身体语言,4,tencent_ai_lab_chinese_embedding_light_mirror_mvp,0.49061946,4282,0.45476192,0.45828149,0.44948253,人生阶段,社会比较与人生进度,0.53197241,4297
4298,盛大,盛大,2,tencent_ai_lab_chinese_embedding_light_mirror_mvp,0.5414305,1832,0.45475113,0.45667046,0.45187211,大学恋爱,社会比较与人生进度,0.49858832,4298
4299,六年级,六年级,3,tencent_ai_lab_chinese_embedding_light_mirror_mvp,0.53853273,1925,0.45469075,0.46234012,0.44321665,同桌,社会比较与人生进度,0.51536441,4299
4300,诱奸,诱奸,2,tencent_ai_lab_chinese_embedding_light_mirror_mvp,0.51353167,2909,0.45462698,0.4614591,0.44437876,被追,亲密行为,0.50541407,4300
4301,演艺圈,演艺圈,3,tencent_ai_lab_chinese_embedding_light_mirror_mvp,0.54718546,1659,0.45458078,0.45930767,0.44749048,约会,社会比较与人生进度,0.53186095,4301
4302,一句,一句,2,tencent_ai_lab_chinese_embedding_light_mirror_mvp,0.49229947,4165,0.45457369,0.45625216,0.45205593,对象,社会比较与人生进度,0.53261352,4302
4303,洗澡,洗澡,2,tencent_ai_lab_chinese_embedding_light_mirror_mvp,0.52841636,2296,0.45450386,0.459162,0.44751665,接吻,约会,0.52757466,4303
4304,发型,发型,2,tencent_ai_lab_chinese_embedding_light_mirror_mvp,0.52675463,2354,0.45447168,0.4579488,0.44925591,结婚,社会比较与人生进度,0.52804565,4304
4305,调戏,调戏,2,tencent_ai_lab_chinese_embedding_light_mirror_mvp,0.4950907,3966,0.45444804,0.4621591,0.44288144,求婚,表白与追求,0.48290831,4305
4306,人间烟火,人间烟火,4,tencent_ai_lab_chinese_embedding_light_mirror_mvp,0.49086304,4264,0.45437902,0.46579054,0.4372617,人生阶段,社会比较与人生进度,0.52275491,4306
4307,忍让,忍让,2,tencent_ai_lab_chinese_embedding_light_mirror_mvp,0.53231584,2142,0.45433646,0.45598191,0.45186821,丈夫,亲密行为,0.5129323,4307
4308,大器晚成,大器晚成,4,tencent_ai_lab_chinese_embedding_light_mirror_mvp,0.48224694,4938,0.45423806,0.48019373,0.41530457,落后,社会比较与人生进度,0.49365157,4308
4309,精神世界,精神世界,4,tencent_ai_lab_chinese_embedding_light_mirror_mvp,0.56804539,1162,0.45422024,0.45850784,0.44778886,人生阶段,社会比较与人生进度,0.52599537,4309
4310,抚养费,抚养费,3,tencent_ai_lab_chinese_embedding_light_mirror_mvp,0.52574376,2386,0.45416313,0.45905417,0.44682655,被追,婚恋,0.47250983,4310
4311,人老珠黄,人老珠黄,4,tencent_ai_lab_chinese_embedding_light_mirror_mvp,0.50372306,3430,0.45415235,0.46647409,0.43566966,同龄人,社会比较与人生进度,0.48926768,4311
4312,浮华,浮华,2,tencent_ai_lab_chinese_embedding_light_mirror_mvp,0.5296423,2244,0.45412037,0.46167803,0.44278383,暗恋,表白与追求,0.51689649,4312
4313,魔羯座,魔羯座,3,tencent_ai_lab_chinese_embedding_light_mirror_mvp,0.59670556,754,0.45411521,0.45610878,0.45112482,对象,对象关系,0.50332057,4313
4314,死乞白赖,死乞白赖,4,tencent_ai_lab_chinese_embedding_light_mirror_mvp,0.50578679,3330,0.45408058,0.46375817,0.43956408,告白,表白与追求,0.50009704,4314
4315,自杀身亡,自杀身亡,4,tencent_ai_lab_chinese_embedding_light_mirror_mvp,0.49277602,4135,0.45406759,0.46195629,0.44223452,单身,社会比较与人生进度,0.50800681,4315
4316,其母,其母,2,tencent_ai_lab_chinese_embedding_light_mirror_mvp,0.57604215,1038,0.4540529,0.45753476,0.44883004,妻子,婚恋,0.48119834,4316
4317,班长,班长,2,tencent_ai_lab_chinese_embedding_light_mirror_mvp,0.6092845,614,0.453866,0.46049172,0.44392744,同桌,社会比较与人生进度,0.50272065,4317
4318,赤子之心,赤子之心,4,tencent_ai_lab_chinese_embedding_light_mirror_mvp,0.54805053,1629,0.45380318,0.45784047,0.44774723,妻子,亲密行为,0.48368075,4318
4319,还生,还生,2,tencent_ai_lab_chinese_embedding_light_mirror_mvp,0.56365862,1256,0.45375127,0.45459366,0.45248759,人生阶段,婚恋,0.49905801,4319
4320,属相,属相,2,tencent_ai_lab_chinese_embedding_light_mirror_mvp,0.49101397,4253,0.4537155,0.46864623,0.43131939,对象,社会比较与人生进度,0.48635119,4320
4321,模样,模样,2,tencent_ai_lab_chinese_embedding_light_mirror_mvp,0.50772218,3222,0.45362556,0.45440802,0.45245185,亲密,社会比较与人生进度,0.52078331,4321
4322,风雨同舟,风雨同舟,4,tencent_ai_lab_chinese_embedding_light_mirror_mvp,0.50801209,3214,0.45361316,0.4587425,0.44591907,同桌,社会比较与人生进度,0.51015657,4322
4323,蜜月,蜜月,2,tencent_ai_lab_chinese_embedding_light_mirror_mvp,0.64449985,373,0.45359021,0.4604733,0.44326559,伴侣,亲密行为,0.48757869,4323
4324,班集体,班集体,3,tencent_ai_lab_chinese_embedding_light_mirror_mvp,0.51209496,2987,0.45344666,0.46074504,0.44249907,约会,约会,0.50321537,4324
4325,花季,花季,2,tencent_ai_lab_chinese_embedding_light_mirror_mvp,0.60921346,616,0.45344576,0.46069437,0.44257283,婚礼,社会比较与人生进度,0.49652413,4325
4326,装束,装束,2,tencent_ai_lab_chinese_embedding_light_mirror_mvp,0.49112035,4245,0.45341587,0.45836997,0.44598469,落后,约会,0.47394595,4326
4327,安心工作,安心工作,4,tencent_ai_lab_chinese_embedding_light_mirror_mvp,0.51488837,2832,0.453385,0.45541769,0.45033583,追求,社会比较与人生进度,0.51498038,4327
4328,英子,英子,2,tencent_ai_lab_chinese_embedding_light_mirror_mvp,0.5792598,991,0.45334405,0.47591347,0.41948986,妻子,社会比较与人生进度,0.45329326,4328
4329,天真无邪,天真无邪,4,tencent_ai_lab_chinese_embedding_light_mirror_mvp,0.51709912,2724,0.45333183,0.46777511,0.43166694,亲密,亲密行为,0.44569123,4329
4330,大办,大办,2,tencent_ai_lab_chinese_embedding_light_mirror_mvp,0.5723612,1091,0.45330328,0.4610309,0.44171181,婚礼,约会,0.44473958,4330
4331,体育课,体育课,3,tencent_ai_lab_chinese_embedding_light_mirror_mvp,0.58477147,901,0.45313805,0.46102628,0.44130573,散步,约会,0.50687349,4331
4332,宁缺毋滥,宁缺毋滥,4,tencent_ai_lab_chinese_embedding_light_mirror_mvp,0.59683681,753,0.45298854,0.45408973,0.45133671,脱单,社会比较与人生进度,0.51914191,4332
4333,真谛,真谛,2,tencent_ai_lab_chinese_embedding_light_mirror_mvp,0.52136759,2535,0.4529278,0.46676993,0.43216458,亲密,表白与追求,0.46965337,4333
4334,光阴,光阴,2,tencent_ai_lab_chinese_embedding_light_mirror_mvp,0.59983011,711,0.4529081,0.45455277,0.45044109,暗恋,社会比较与人生进度,0.52612299,4334
4335,父兄,父兄,2,tencent_ai_lab_chinese_embedding_light_mirror_mvp,0.49528553,3959,0.45288187,0.45337117,0.45214787,亲密关系,亲密行为,0.4705928,4335
4336,更帅,更帅,2,tencent_ai_lab_chinese_embedding_light_mirror_mvp,0.49560009,3937,0.45286387,0.45394602,0.45124063,前男友,社会比较与人生进度,0.53701109,4336
4337,物欲横流,物欲横流,4,tencent_ai_lab_chinese_embedding_light_mirror_mvp,0.51836408,2670,0.45281711,0.45646331,0.44734776,感情史,表白与追求,0.49822694,4337
4338,闹意见,闹意见,3,tencent_ai_lab_chinese_embedding_light_mirror_mvp,0.48736671,4525,0.45280117,0.46428037,0.43558237,对象,社会比较与人生进度,0.50453866,4338
4339,街坊邻居,街坊邻居,4,tencent_ai_lab_chinese_embedding_light_mirror_mvp,0.5285737,2288,0.45276463,0.45762396,0.44547558,同龄人,社会比较与人生进度,0.4693442,4339
4340,上心,上心,2,tencent_ai_lab_chinese_embedding_light_mirror_mvp,0.48956827,4359,0.45271048,0.45481545,0.44955298,初恋,社会比较与人生进度,0.50342923,4340
4341,八班,八班,2,tencent_ai_lab_chinese_embedding_light_mirror_mvp,0.54840182,1617,0.4525865,0.46675229,0.4313378,同桌,社会比较与人生进度,0.47926632,4341
4342,咋啦,咋啦,2,tencent_ai_lab_chinese_embedding_light_mirror_mvp,0.48281765,4892,0.45253795,0.45802507,0.4443073,被追,社会比较与人生进度,0.53274864,4342
4343,辛苦工作,辛苦工作,4,tencent_ai_lab_chinese_embedding_light_mirror_mvp,0.51366618,2895,0.45248097,0.45456988,0.44934753,亲密,社会比较与人生进度,0.56324619,4343
4344,裤衩,裤衩,2,tencent_ai_lab_chinese_embedding_light_mirror_mvp,0.50244389,3503,0.45238811,0.46630919,0.43150651,校服,亲密行为,0.44010115,4344
4345,小倪,小倪,2,tencent_ai_lab_chinese_embedding_light_mirror_mvp,0.53469597,2045,0.45230097,0.45780259,0.44404849,丈夫,约会,0.47076249,4345
4346,床上运动,床上运动,4,tencent_ai_lab_chinese_embedding_light_mirror_mvp,0.52891901,2275,0.45225811,0.47039795,0.42504826,散步,社会比较与人生进度,0.44680041,4346
4347,好多好多,好多好多,4,tencent_ai_lab_chinese_embedding_light_mirror_mvp,0.49532497,3958,0.45223486,0.45587078,0.44678101,对象,社会比较与人生进度,0.5462026,4347
4348,侄儿,侄儿,2,tencent_ai_lab_chinese_embedding_light_mirror_mvp,0.53043468,2216,0.45221198,0.45334816,0.45050764,同龄人,社会比较与人生进度,0.4944672,4348
4349,摩羯座,摩羯座,3,tencent_ai_lab_chinese_embedding_light_mirror_mvp,0.60947442,611,0.45220792,0.45792103,0.44363821,对象,对象关系,0.50153649,4349
4350,姑妈,姑妈,2,tencent_ai_lab_chinese_embedding_light_mirror_mvp,0.65948179,302,0.45217878,0.4541589,0.4492085,前女友,婚恋,0.5159508,4350
4351,扒姐,扒姐,2,tencent_ai_lab_chinese_embedding_light_mirror_mvp,0.51717708,2719,0.4521575,0.46570909,0.43183005,脱单,亲密行为,0.45836022,4351
4352,陈奕迅,陈奕迅,3,tencent_ai_lab_chinese_embedding_light_mirror_mvp,0.49494225,3985,0.45212814,0.45629445,0.44587865,前男友,恋爱历史,0.4956286,4352
4353,照曝光,照曝光,3,tencent_ai_lab_chinese_embedding_light_mirror_mvp,0.48330278,4863,0.45205492,0.45754477,0.44382015,对象,亲密行为,0.49264085,4353
4354,撑伞,撑伞,2,tencent_ai_lab_chinese_embedding_light_mirror_mvp,0.48296031,4882,0.45194262,0.46972185,0.42527375,拥抱,亲密行为,0.41857654,4354
4355,历久弥新,历久弥新,4,tencent_ai_lab_chinese_embedding_light_mirror_mvp,0.51919664,2639,0.45189285,0.45336407,0.44968593,落后,恋爱历史,0.51147199,4355
4356,暴脾气,暴脾气,3,tencent_ai_lab_chinese_embedding_light_mirror_mvp,0.52315451,2473,0.4518612,0.45570755,0.44609168,老公,社会比较与人生进度,0.49160805,4356
4357,剖腹产,剖腹产,3,tencent_ai_lab_chinese_embedding_light_mirror_mvp,0.52901889,2274,0.45183325,0.45868474,0.44155598,母胎单身,婚恋,0.48193163,4357
4358,失声痛哭,失声痛哭,4,tencent_ai_lab_chinese_embedding_light_mirror_mvp,0.5118802,2993,0.45157707,0.45399183,0.44795489,拥抱,社会比较与人生进度,0.5168004,4358
4359,装傻,装傻,2,tencent_ai_lab_chinese_embedding_light_mirror_mvp,0.50892441,3163,0.45140955,0.45214248,0.45031011,脱单,社会比较与人生进度,0.56236988,4359
4360,当代,当代,2,tencent_ai_lab_chinese_embedding_light_mirror_mvp,0.48911968,4392,0.45137993,0.46008235,0.43832621,前任,社会比较与人生进度,0.53282917,4360
4361,逆转,逆转,2,tencent_ai_lab_chinese_embedding_light_mirror_mvp,0.51690359,2738,0.45137477,0.45869485,0.44039461,落后,社会比较与人生进度,0.48339695,4361
4362,棉裤,棉裤,2,tencent_ai_lab_chinese_embedding_light_mirror_mvp,0.4886652,4425,0.45131564,0.4631792,0.43352029,校服,婚恋,0.43237066,4362
4363,迷奸,迷奸,2,tencent_ai_lab_chinese_embedding_light_mirror_mvp,0.49980769,3667,0.45129889,0.45692083,0.44286588,亲密,表白与追求,0.49081415,4363
4364,见异思迁,见异思迁,4,tencent_ai_lab_chinese_embedding_light_mirror_mvp,0.563957,1248,0.45127124,0.45362258,0.44774425,恋情,社会比较与人生进度,0.51748991,4364
4365,出车祸,出车祸,3,tencent_ai_lab_chinese_embedding_light_mirror_mvp,0.56683048,1190,0.45119935,0.45501196,0.44548047,被追,社会比较与人生进度,0.50790811,4365
4366,玩水,玩水,2,tencent_ai_lab_chinese_embedding_light_mirror_mvp,0.49602463,3914,0.45107788,0.45843741,0.44003853,接吻,约会,0.50442672,4366
4367,进网吧,进网吧,3,tencent_ai_lab_chinese_embedding_light_mirror_mvp,0.57751836,1019,0.45104352,0.46013698,0.43740332,被追,社会比较与人生进度,0.51587641,4367
4368,花完,花完,2,tencent_ai_lab_chinese_embedding_light_mirror_mvp,0.48514359,4708,0.45097947,0.45565501,0.44396615,婚礼,社会比较与人生进度,0.50366664,4368
4369,为啥,为啥,2,tencent_ai_lab_chinese_embedding_light_mirror_mvp,0.49285774,4126,0.45090288,0.45792025,0.44037673,追求,社会比较与人生进度,0.50089031,4369
4370,转学,转学,2,tencent_ai_lab_chinese_embedding_light_mirror_mvp,0.53423077,2063,0.45089713,0.45790064,0.44039181,大学恋爱,社会比较与人生进度,0.48699301,4370
4371,五年级,五年级,3,tencent_ai_lab_chinese_embedding_light_mirror_mvp,0.54661477,1676,0.45083165,0.4569363,0.44167468,青春,社会比较与人生进度,0.51978576,4371
4372,绝交,绝交,2,tencent_ai_lab_chinese_embedding_light_mirror_mvp,0.64892991,359,0.45077682,0.45191064,0.44907606,接吻,社会比较与人生进度,0.51654333,4372
4373,自尊,自尊,2,tencent_ai_lab_chinese_embedding_light_mirror_mvp,0.56606704,1209,0.45064586,0.45324373,0.446749,亲密,社会比较与人生进度,0.55434918,4373
4374,度蜜月,度蜜月,3,tencent_ai_lab_chinese_embedding_light_mirror_mvp,0.64521506,371,0.45063531,0.45916396,0.43784234,伴侣,对象关系,0.47669762,4374
4375,抽烟,抽烟,2,tencent_ai_lab_chinese_embedding_light_mirror_mvp,0.50622562,3306,0.45060986,0.45247108,0.44781804,散步,约会,0.53227842,4375
4376,我知道,我知道,3,tencent_ai_lab_chinese_embedding_light_mirror_mvp,0.53806264,1942,0.45058161,0.45364597,0.44598505,亲密,社会比较与人生进度,0.54227722,4376
4377,虚荣心,虚荣心,3,tencent_ai_lab_chinese_embedding_light_mirror_mvp,0.50478643,3380,0.45057666,0.4563936,0.44185123,感情史,社会比较与人生进度,0.54317474,4377
4378,长裤,长裤,2,tencent_ai_lab_chinese_embedding_light_mirror_mvp,0.54460815,1727,0.45050436,0.45990622,0.43640146,校服,婚恋,0.455037,4378
4379,因此,因此,2,tencent_ai_lab_chinese_embedding_light_mirror_mvp,0.50886829,3166,0.45046818,0.45474094,0.44405898,对象,社会比较与人生进度,0.51754987,4379
4380,酗酒,酗酒,2,tencent_ai_lab_chinese_embedding_light_mirror_mvp,0.50716927,3250,0.45043308,0.45605063,0.44200674,约饭,社会比较与人生进度,0.52271384,4380
4381,删博,删博,2,tencent_ai_lab_chinese_embedding_light_mirror_mvp,0.5626375,1276,0.45037699,0.45482057,0.44371155,被追,表白与追求,0.50041217,4381
4382,帽子,帽子,2,tencent_ai_lab_chinese_embedding_light_mirror_mvp,0.49988333,3665,0.45036939,0.45987263,0.43611452,校服,亲密行为,0.45475274,4382
4383,针织衫,针织衫,3,tencent_ai_lab_chinese_embedding_light_mirror_mvp,0.52814467,2309,0.45034337,0.4721238,0.41767263,校服,社会比较与人生进度,0.41421241,4383
4384,骚货,骚货,2,tencent_ai_lab_chinese_embedding_light_mirror_mvp,0.53218009,2145,0.45027435,0.4561744,0.44142422,被追,社会比较与人生进度,0.48297349,4384
4385,许下,许下,2,tencent_ai_lab_chinese_embedding_light_mirror_mvp,0.53758558,1959,0.45023397,0.45522398,0.44274887,约饭,社会比较与人生进度,0.50537968,4385
4386,自我牺牲,自我牺牲,4,tencent_ai_lab_chinese_embedding_light_mirror_mvp,0.52625734,2372,0.4500989,0.45717597,0.43948328,被追,社会比较与人生进度,0.52239048,4386
4387,数学老师,数学老师,4,tencent_ai_lab_chinese_embedding_light_mirror_mvp,0.66605968,278,0.450068,0.45302516,0.44563222,对象,社会比较与人生进度,0.46121162,4387
4388,袜子,袜子,2,tencent_ai_lab_chinese_embedding_light_mirror_mvp,0.52244455,2496,0.45000288,0.45654255,0.44019333,妻子,婚恋,0.45629317,4388
4389,仿佛,仿佛,2,tencent_ai_lab_chinese_embedding_light_mirror_mvp,0.4997472,3671,0.44998109,0.45549268,0.44171372,对象,社会比较与人生进度,0.49555442,4389
4390,侄子,侄子,2,tencent_ai_lab_chinese_embedding_light_mirror_mvp,0.58416395,911,0.44990903,0.45232168,0.44629002,同龄人,社会比较与人生进度,0.47899526,4390
4391,坚贞,坚贞,2,tencent_ai_lab_chinese_embedding_light_mirror_mvp,0.57699982,1029,0.44989401,0.45396876,0.44378185,订婚,表白与追求,0.48853827,4391
4392,当妈,当妈,2,tencent_ai_lab_chinese_embedding_light_mirror_mvp,0.63446957,435,0.44987428,0.45742524,0.43854785,母胎单身,婚恋,0.50145364,4392
4393,毛衣,毛衣,2,tencent_ai_lab_chinese_embedding_light_mirror_mvp,0.56690022,1188,0.44985589,0.46055022,0.43381438,校服,婚恋,0.4706983,4393
4394,伦理,伦理,2,tencent_ai_lab_chinese_embedding_light_mirror_mvp,0.52048953,2574,0.4498319,0.4590795,0.43596044,伴侣,社会比较与人生进度,0.49218571,4394
4395,撕书,撕书,2,tencent_ai_lab_chinese_embedding_light_mirror_mvp,0.51581472,2784,0.44983035,0.46259594,0.43068194,感情史,表白与追求,0.46644318,4395
4396,病态,病态,2,tencent_ai_lab_chinese_embedding_light_mirror_mvp,0.48774499,4500,0.44981402,0.45469651,0.44249025,感情史,社会比较与人生进度,0.52183396,4396
4397,变胖,变胖,2,tencent_ai_lab_chinese_embedding_light_mirror_mvp,0.51950973,2623,0.44979426,0.45240739,0.44587454,单身,社会比较与人生进度,0.51290053,4397
4398,死者,死者,2,tencent_ai_lab_chinese_embedding_light_mirror_mvp,0.48782141,4489,0.44972402,0.46125102,0.43243352,妻子,婚恋,0.45266825,4398
4399,履新,履新,2,tencent_ai_lab_chinese_embedding_light_mirror_mvp,0.48775615,4498,0.44968128,0.45844269,0.43653917,前任,恋爱历史,0.47687694,4399
4400,小然,小然,2,tencent_ai_lab_chinese_embedding_light_mirror_mvp,0.50076395,3610,0.44967324,0.45512581,0.44149438,约饭,社会比较与人生进度,0.51899576,4400
4401,卧床,卧床,2,tencent_ai_lab_chinese_embedding_light_mirror_mvp,0.50627694,3302,0.44964534,0.4552899,0.44117847,单身,婚恋,0.503847,4401
4402,划清界限,划清界限,4,tencent_ai_lab_chinese_embedding_light_mirror_mvp,0.5153476,2809,0.44959861,0.45521206,0.44117835,脱单,社会比较与人生进度,0.49164706,4402
4403,小张,小张,2,tencent_ai_lab_chinese_embedding_light_mirror_mvp,0.60310253,678,0.44957876,0.46045905,0.43325821,老公,亲密行为,0.48712814,4403
4404,经济基础,经济基础,4,tencent_ai_lab_chinese_embedding_light_mirror_mvp,0.49487944,3992,0.44957674,0.45256326,0.44509697,人生阶段,社会比较与人生进度,0.50214815,4404
4405,一听,一听,2,tencent_ai_lab_chinese_embedding_light_mirror_mvp,0.48682865,4570,0.44954461,0.45252943,0.44506741,看电影,约会,0.523283,4405
4406,军训,军训,2,tencent_ai_lab_chinese_embedding_light_mirror_mvp,0.49191623,4191,0.44953173,0.4613905,0.43174353,校服,社会比较与人生进度,0.48502567,4406
4407,上帝,上帝,2,tencent_ai_lab_chinese_embedding_light_mirror_mvp,0.48216038,4943,0.44948429,0.46059087,0.4328244,老公,社会比较与人生进度,0.48482352,4407
4408,射手座,射手座,3,tencent_ai_lab_chinese_embedding_light_mirror_mvp,0.62184514,518,0.4494198,0.45906562,0.43495098,牵手,对象关系,0.48070124,4408
4409,守护星,守护星,3,tencent_ai_lab_chinese_embedding_light_mirror_mvp,0.49101914,4252,0.44935581,0.48014051,0.40317869,拥抱,表白与追求,0.41594499,4409
4410,父母之命,父母之命,4,tencent_ai_lab_chinese_embedding_light_mirror_mvp,0.59632769,756,0.44935158,0.4527553,0.44424593,妻子,社会比较与人生进度,0.48848027,4410
4411,小侄女,小侄女,3,tencent_ai_lab_chinese_embedding_light_mirror_mvp,0.64060106,394,0.44931489,0.45280516,0.44407943,同龄人,社会比较与人生进度,0.50044137,4411
4412,至上,至上,2,tencent_ai_lab_chinese_embedding_light_mirror_mvp,0.4864575,4594,0.4493117,0.45351511,0.44300652,约饭,社会比较与人生进度,0.5051927,4412
4413,风雨兼程,风雨兼程,4,tencent_ai_lab_chinese_embedding_light_mirror_mvp,0.5022369,3521,0.44930062,0.45298576,0.44377288,散步,社会比较与人生进度,0.5220446,4413
4414,家门,家门,2,tencent_ai_lab_chinese_embedding_light_mirror_mvp,0.49836558,3750,0.44925797,0.45444328,0.44148001,落后,婚恋,0.49733943,4414
4415,玩乐,玩乐,2,tencent_ai_lab_chinese_embedding_light_mirror_mvp,0.53419983,2065,0.4492408,0.45005929,0.44801304,恋爱,约会,0.5076679,4415
4416,花开,花开,2,tencent_ai_lab_chinese_embedding_light_mirror_mvp,0.50413777,3402,0.4492372,0.45222425,0.4447566,婚礼,社会比较与人生进度,0.50814736,4416
4417,娜姐,娜姐,2,tencent_ai_lab_chinese_embedding_light_mirror_mvp,0.55460305,1446,0.44921401,0.45215315,0.44480523,老婆,婚恋,0.48838836,4417
4418,教育者,教育者,3,tencent_ai_lab_chinese_embedding_light_mirror_mvp,0.48189895,4963,0.44920471,0.45199358,0.44502139,同龄人,社会比较与人生进度,0.52137673,4418
4419,一忍再忍,一忍再忍,4,tencent_ai_lab_chinese_embedding_light_mirror_mvp,0.49653686,3874,0.44918174,0.45438451,0.44137749,前男友,约会,0.49657524,4419
4420,无病呻吟,无病呻吟,4,tencent_ai_lab_chinese_embedding_light_mirror_mvp,0.48312157,4874,0.44916826,0.45238021,0.44435033,感情史,社会比较与人生进度,0.53214371,4420
4421,贤慧,贤慧,2,tencent_ai_lab_chinese_embedding_light_mirror_mvp,0.57188032,1099,0.44914004,0.457304,0.43689406,妻子,婚恋,0.45727491,4421
4422,整容,整容,2,tencent_ai_lab_chinese_embedding_light_mirror_mvp,0.49785721,3790,0.44910428,0.45102978,0.44621602,订婚,社会比较与人生进度,0.50234622,4422
4423,知冷知热,知冷知热,4,tencent_ai_lab_chinese_embedding_light_mirror_mvp,0.53097696,2198,0.44906789,0.45045322,0.44698977,表白,表白与追求,0.53817296,4423
4424,巨蟹座,巨蟹座,3,tencent_ai_lab_chinese_embedding_light_mirror_mvp,0.63445163,436,0.44894278,0.45530361,0.43940148,伴侣,对象关系,0.50474274,4424
4425,空姐,空姐,2,tencent_ai_lab_chinese_embedding_light_mirror_mvp,0.51385894,2884,0.44881469,0.45545644,0.43885198,脱单,单身与脱单,0.48796636,4425
4426,胞兄,胞兄,2,tencent_ai_lab_chinese_embedding_light_mirror_mvp,0.48843149,4439,0.44878548,0.45449662,0.44021878,亲密,亲密行为,0.4768213,4426
4427,谈天说地,谈天说地,4,tencent_ai_lab_chinese_embedding_light_mirror_mvp,0.4980143,3776,0.44871774,0.45252436,0.4430078,约会,约会,0.52191812,4427
4428,臭味相投,臭味相投,4,tencent_ai_lab_chinese_embedding_light_mirror_mvp,0.4859359,4637,0.4486587,0.45009995,0.44649684,亲密关系,表白与追求,0.50906575,4428
4429,浪子,浪子,2,tencent_ai_lab_chinese_embedding_light_mirror_mvp,0.51234797,2977,0.44862098,0.45723963,0.43569291,妻子,社会比较与人生进度,0.46746439,4429
4430,总说,总说,2,tencent_ai_lab_chinese_embedding_light_mirror_mvp,0.53243603,2134,0.44856492,0.45296144,0.44197008,追求,社会比较与人生进度,0.50909877,4430
4431,晒太阳,晒太阳,3,tencent_ai_lab_chinese_embedding_light_mirror_mvp,0.60909865,619,0.44855899,0.45565128,0.43792057,表白,社会比较与人生进度,0.49869257,4431
4432,耍大牌,耍大牌,3,tencent_ai_lab_chinese_embedding_light_mirror_mvp,0.52705929,2346,0.44853067,0.44977069,0.44667068,被追,约会,0.51590472,4432
4433,翻脸,翻脸,2,tencent_ai_lab_chinese_embedding_light_mirror_mvp,0.52097256,2551,0.448524,0.46030813,0.43084773,错过青春,社会比较与人生进度,0.50544822,4433
4434,咖啡馆,咖啡馆,3,tencent_ai_lab_chinese_embedding_light_mirror_mvp,0.48469552,4749,0.44826728,0.4533298,0.4406735,约会,约会,0.50337338,4434
4435,无袖,无袖,2,tencent_ai_lab_chinese_embedding_light_mirror_mvp,0.4962992,3890,0.44826317,0.45177972,0.44298831,脱单,单身与脱单,0.48569602,4435
4436,传宗接代,传宗接代,4,tencent_ai_lab_chinese_embedding_light_mirror_mvp,0.58173308,945,0.44813401,0.4525187,0.4415569,被追,社会比较与人生进度,0.49297851,4436
4437,潮流,潮流,2,tencent_ai_lab_chinese_embedding_light_mirror_mvp,0.5061018,3314,0.44799948,0.45351282,0.43972948,青春,社会比较与人生进度,0.54519582,4437
4438,病倒,病倒,2,tencent_ai_lab_chinese_embedding_light_mirror_mvp,0.52667153,2357,0.44786692,0.45542705,0.43652669,落后,社会比较与人生进度,0.51512879,4438
4439,期末考试,期末考试,4,tencent_ai_lab_chinese_embedding_light_mirror_mvp,0.51340842,2916,0.44776952,0.45009154,0.4442865,人生阶段,社会比较与人生进度,0.53125077,4439
4440,气死,气死,2,tencent_ai_lab_chinese_embedding_light_mirror_mvp,0.50043584,3633,0.44764096,0.46270502,0.42504478,落后,社会比较与人生进度,0.5014925,4440
4441,玫瑰花,玫瑰花,3,tencent_ai_lab_chinese_embedding_light_mirror_mvp,0.50663459,3287,0.44743204,0.45196366,0.44063458,婚礼,婚恋,0.45471868,4441
4442,什么事,什么事,3,tencent_ai_lab_chinese_embedding_light_mirror_mvp,0.48948511,4368,0.44722581,0.45479822,0.4358671,追求,社会比较与人生进度,0.49616385,4442
4443,二哥,二哥,2,tencent_ai_lab_chinese_embedding_light_mirror_mvp,0.55934005,1335,0.44705695,0.46195567,0.42470884,前男友,社会比较与人生进度,0.47195017,4443
4444,大表哥,大表哥,3,tencent_ai_lab_chinese_embedding_light_mirror_mvp,0.54428179,1735,0.44704252,0.47520143,0.40480408,表白,表白与追求,0.42824885,4444
4445,围巾,围巾,2,tencent_ai_lab_chinese_embedding_light_mirror_mvp,0.5038361,3424,0.4470318,0.46408761,0.42144799,拥抱,亲密行为,0.45624465,4445
4446,庆生,庆生,2,tencent_ai_lab_chinese_embedding_light_mirror_mvp,0.57030587,1124,0.44701761,0.46648896,0.41781056,学生情侣,校园恋爱,0.44766539,4446
4447,无畏,无畏,2,tencent_ai_lab_chinese_embedding_light_mirror_mvp,0.50196955,3534,0.44699657,0.45372754,0.43690014,落后,社会比较与人生进度,0.48349157,4447
4448,二班,二班,2,tencent_ai_lab_chinese_embedding_light_mirror_mvp,0.50995989,3102,0.44697553,0.46296942,0.42298469,同桌,社会比较与人生进度,0.51934642,4448
4449,许配,许配,2,tencent_ai_lab_chinese_embedding_light_mirror_mvp,0.55765285,1378,0.4469074,0.45196864,0.43931547,伴侣,社会比较与人生进度,0.48741269,4449
4450,回心转意,回心转意,4,tencent_ai_lab_chinese_embedding_light_mirror_mvp,0.55858554,1351,0.44681507,0.44829702,0.44459212,喜欢的人,表白与追求,0.52733076,4450
4451,管教,管教,2,tencent_ai_lab_chinese_embedding_light_mirror_mvp,0.51059546,3062,0.44669691,0.45795846,0.42980453,校服,社会比较与人生进度,0.48538941,4451
4452,死党,死党,2,tencent_ai_lab_chinese_embedding_light_mirror_mvp,0.63826888,409,0.44665748,0.45024318,0.44127893,前任,社会比较与人生进度,0.51433808,4452
4453,多金,多金,2,tencent_ai_lab_chinese_embedding_light_mirror_mvp,0.54151425,1830,0.44659144,0.45870674,0.4284184,脱单,单身与脱单,0.45199937,4453
4454,小万,小万,2,tencent_ai_lab_chinese_embedding_light_mirror_mvp,0.49568388,3933,0.4464936,0.45253593,0.43743005,老公,婚恋,0.48484468,4454
4455,碎花,碎花,2,tencent_ai_lab_chinese_embedding_light_mirror_mvp,0.50671661,3281,0.44633991,0.4495551,0.44151711,散步,社会比较与人生进度,0.46542189,4455
4456,狱中,狱中,2,tencent_ai_lab_chinese_embedding_light_mirror_mvp,0.48850725,4436,0.44628805,0.44849437,0.44297847,被追,社会比较与人生进度,0.5042941,4456
4457,神经病,神经病,3,tencent_ai_lab_chinese_embedding_light_mirror_mvp,0.5109768,3044,0.44625494,0.44957671,0.44127226,亲密关系,社会比较与人生进度,0.48544317,4457
4458,养眼,养眼,2,tencent_ai_lab_chinese_embedding_light_mirror_mvp,0.48881029,4412,0.44623035,0.45491445,0.43320417,拥抱,亲密行为,0.48847467,4458
4459,小姑,小姑,2,tencent_ai_lab_chinese_embedding_light_mirror_mvp,0.59359112,789,0.44613278,0.45447958,0.43361259,丈夫,婚恋,0.49884272,4459
4460,开朗,开朗,2,tencent_ai_lab_chinese_embedding_light_mirror_mvp,0.5014282,3569,0.44596571,0.44680792,0.4447023,拥抱,社会比较与人生进度,0.51051688,4460
4461,年过半百,年过半百,4,tencent_ai_lab_chinese_embedding_light_mirror_mvp,0.52554007,2391,0.44595158,0.45002043,0.43984827,错过青春,社会比较与人生进度,0.56914008,4461
4462,道德败坏,道德败坏,4,tencent_ai_lab_chinese_embedding_light_mirror_mvp,0.48717924,4535,0.44590586,0.45900857,0.42625174,落后,社会比较与人生进度,0.51518714,4462
4463,狗子,狗子,2,tencent_ai_lab_chinese_embedding_light_mirror_mvp,0.5369117,1984,0.44589025,0.4560138,0.43070492,妻子,亲密行为,0.45992351,4463
4464,永别,永别,2,tencent_ai_lab_chinese_embedding_light_mirror_mvp,0.48743104,4520,0.44579318,0.44913101,0.44078639,别人都有对象,表白与追求,0.50808799,4464
4465,黄昏,黄昏,2,tencent_ai_lab_chinese_embedding_light_mirror_mvp,0.49112339,4243,0.44575173,0.45079643,0.43818471,落后,社会比较与人生进度,0.48645315,4465
4466,一世,一世,2,tencent_ai_lab_chinese_embedding_light_mirror_mvp,0.4856271,4667,0.44562876,0.4487251,0.44098422,人生阶段,社会比较与人生进度,0.47503388,4466
4467,誓词,誓词,2,tencent_ai_lab_chinese_embedding_light_mirror_mvp,0.4906146,4283,0.44554603,0.45328811,0.43393287,婚礼,表白与追求,0.48994005,4467
4468,阵子,阵子,2,tencent_ai_lab_chinese_embedding_light_mirror_mvp,0.49760785,3813,0.44519433,0.45115364,0.43625534,妻子,社会比较与人生进度,0.4837918,4468
4469,隽永,隽永,2,tencent_ai_lab_chinese_embedding_light_mirror_mvp,0.52338961,2466,0.44510415,0.44734088,0.44174901,感情史,表白与追求,0.50576031,4469
4470,光彩,光彩,2,tencent_ai_lab_chinese_embedding_light_mirror_mvp,0.4870245,4552,0.44504285,0.44816381,0.44036135,对象,表白与追求,0.49515909,4470
4471,宿命,宿命,2,tencent_ai_lab_chinese_embedding_light_mirror_mvp,0.53966641,1886,0.4450393,0.44864312,0.43963358,伴侣,社会比较与人生进度,0.53248745,4471
4472,这桩,这桩,2,tencent_ai_lab_chinese_embedding_light_mirror_mvp,0.51362469,2899,0.44497436,0.44850171,0.43968335,拥抱,婚恋,0.48201388,4472
4473,从来,从来,2,tencent_ai_lab_chinese_embedding_light_mirror_mvp,0.50623192,3305,0.44491279,0.44765043,0.44080624,落后,社会比较与人生进度,0.52011371,4473
4474,炫富,炫富,2,tencent_ai_lab_chinese_embedding_light_mirror_mvp,0.50744374,3231,0.44487572,0.44717756,0.44142285,追求,表白与追求,0.52433354,4474
4475,嫖妓,嫖妓,2,tencent_ai_lab_chinese_embedding_light_mirror_mvp,0.50018498,3650,0.44487491,0.44854671,0.4393672,约会,约会,0.50276208,4475
4476,杰爸,杰爸,2,tencent_ai_lab_chinese_embedding_light_mirror_mvp,0.50046682,3629,0.44486615,0.44916946,0.43841115,丈夫,婚恋,0.47305322,4476
4477,小乐,小乐,2,tencent_ai_lab_chinese_embedding_light_mirror_mvp,0.54749995,1648,0.4447436,0.45208949,0.43372473,拥抱,社会比较与人生进度,0.48363566,4477
4478,性丑闻,性丑闻,3,tencent_ai_lab_chinese_embedding_light_mirror_mvp,0.49736853,3821,0.44474089,0.45058453,0.43597546,感情史,恋爱历史,0.48158079,4478
4479,放风筝,放风筝,3,tencent_ai_lab_chinese_embedding_light_mirror_mvp,0.5336427,2092,0.4446696,0.46924233,0.40781045,散步,约会,0.41397202,4479
4480,贞节,贞节,2,tencent_ai_lab_chinese_embedding_light_mirror_mvp,0.4978588,3789,0.44464993,0.45254523,0.43280697,订婚,婚恋,0.46594995,4480
4481,衬衫,衬衫,2,tencent_ai_lab_chinese_embedding_light_mirror_mvp,0.58827627,857,0.44457662,0.45313382,0.43174085,校服,婚恋,0.44060752,4481
4482,语文课,语文课,3,tencent_ai_lab_chinese_embedding_light_mirror_mvp,0.55458106,1447,0.44444811,0.44808459,0.4389933,高中恋爱,校园恋爱,0.49572554,4482
4483,连生,连生,2,tencent_ai_lab_chinese_embedding_light_mirror_mvp,0.56512734,1227,0.44442421,0.45733774,0.42505392,被追,社会比较与人生进度,0.46732506,4483
4484,铺张浪费,铺张浪费,4,tencent_ai_lab_chinese_embedding_light_mirror_mvp,0.48688412,4565,0.44421411,0.45312482,0.430848,被追,社会比较与人生进度,0.49254805,4484
4485,哥姐,哥姐,2,tencent_ai_lab_chinese_embedding_light_mirror_mvp,0.48206592,4950,0.44418567,0.44746405,0.43926802,亲密,社会比较与人生进度,0.48400688,4485
4486,街心公园,街心公园,4,tencent_ai_lab_chinese_embedding_light_mirror_mvp,0.53254819,2125,0.44413853,0.45711678,0.42467108,校园恋爱,校园恋爱,0.41175839,4486
4487,运动量,运动量,3,tencent_ai_lab_chinese_embedding_light_mirror_mvp,0.50401962,3412,0.44406256,0.46322489,0.41531906,散步,约会,0.45975333,4487
4488,游乐园,游乐园,3,tencent_ai_lab_chinese_embedding_light_mirror_mvp,0.50729032,3243,0.44403702,0.47123706,0.4032369,校园恋爱,校园恋爱,0.41426727,4488
4489,内弟,内弟,2,tencent_ai_lab_chinese_embedding_light_mirror_mvp,0.55506531,1432,0.44393241,0.45774353,0.42321575,前男友,社会比较与人生进度,0.4375608,4489
4490,三心二意,三心二意,4,tencent_ai_lab_chinese_embedding_light_mirror_mvp,0.50860189,3177,0.44387633,0.45477441,0.4275291,感情史,社会比较与人生进度,0.4704321,4490
4491,咖啡厅,咖啡厅,3,tencent_ai_lab_chinese_embedding_light_mirror_mvp,0.55699158,1394,0.44381154,0.45014471,0.43431178,约会,约会,0.47904456,4491
4492,城里,城里,2,tencent_ai_lab_chinese_embedding_light_mirror_mvp,0.49503292,3973,0.44373512,0.44480053,0.44213697,恋人,社会比较与人生进度,0.54121959,4492
4493,笑场,笑场,2,tencent_ai_lab_chinese_embedding_light_mirror_mvp,0.52380927,2449,0.44365168,0.44442147,0.44249693,别人都有对象,社会比较与人生进度,0.51964533,4493
4494,点名册,点名册,3,tencent_ai_lab_chinese_embedding_light_mirror_mvp,0.52620307,2373,0.44362327,0.45311511,0.42938551,对象,社会比较与人生进度,0.48990047,4494
4495,冷战,冷战,2,tencent_ai_lab_chinese_embedding_light_mirror_mvp,0.5021023,3524,0.44358894,0.44592848,0.44007957,感情史,社会比较与人生进度,0.51061809,4495
4496,文学,文学,2,tencent_ai_lab_chinese_embedding_light_mirror_mvp,0.49875288,3728,0.44357619,0.44603887,0.43988213,感情史,表白与追求,0.49557391,4496
4497,拍档,拍档,2,tencent_ai_lab_chinese_embedding_light_mirror_mvp,0.54666623,1673,0.4434514,0.44754812,0.43730626,脱单,亲密行为,0.45180029,4497
4498,敌视,敌视,2,tencent_ai_lab_chinese_embedding_light_mirror_mvp,0.49839606,3748,0.44324863,0.44983071,0.43337551,被追,社会比较与人生进度,0.49561495,4498
4499,我忍,我忍,2,tencent_ai_lab_chinese_embedding_light_mirror_mvp,0.49975491,3670,0.44319922,0.44434839,0.44147548,前男友,社会比较与人生进度,0.48017982,4499
4500,实用主义,实用主义,4,tencent_ai_lab_chinese_embedding_light_mirror_mvp,0.55992154,1327,0.44312984,0.44580352,0.43911925,亲密,社会比较与人生进度,0.51294643,4500
4501,四年级,四年级,3,tencent_ai_lab_chinese_embedding_light_mirror_mvp,0.54193714,1816,0.44304138,0.44931614,0.43362924,青春,社会比较与人生进度,0.52451742,4501
4502,做媒,做媒,2,tencent_ai_lab_chinese_embedding_light_mirror_mvp,0.55216293,1518,0.44300652,0.45154208,0.4302032,告白,表白与追求,0.47577208,4502
4503,病情恶化,病情恶化,4,tencent_ai_lab_chinese_embedding_light_mirror_mvp,0.4895821,4357,0.44288662,0.44865906,0.43422794,感情史,社会比较与人生进度,0.49678236,4503
4504,出月子,出月子,3,tencent_ai_lab_chinese_embedding_light_mirror_mvp,0.58536576,892,0.44279754,0.45155525,0.42966101,妻子,婚恋,0.49038976,4504
4505,祖父,祖父,2,tencent_ai_lab_chinese_embedding_light_mirror_mvp,0.52851553,2293,0.44276398,0.4495185,0.43263218,丈夫,婚恋,0.49279004,4505
4506,玩世不恭,玩世不恭,4,tencent_ai_lab_chinese_embedding_light_mirror_mvp,0.4887073,4421,0.44270843,0.44644865,0.43709803,感情史,社会比较与人生进度,0.50237036,4506
4507,一袭,一袭,2,tencent_ai_lab_chinese_embedding_light_mirror_mvp,0.50094811,3592,0.44262031,0.45824853,0.41917792,被追,社会比较与人生进度,0.47584897,4507
4508,懦弱,懦弱,2,tencent_ai_lab_chinese_embedding_light_mirror_mvp,0.53404658,2071,0.44257867,0.44614369,0.43723115,落后,社会比较与人生进度,0.53199309,4508
4509,军训教官,军训教官,4,tencent_ai_lab_chinese_embedding_light_mirror_mvp,0.50696615,3266,0.44223177,0.45676792,0.42042759,校服,校园恋爱,0.45593786,4509
4510,恶语相向,恶语相向,4,tencent_ai_lab_chinese_embedding_light_mirror_mvp,0.5257489,2385,0.44223118,0.44273862,0.44146994,亲密,表白与追求,0.53499019,4510
4511,拖鞋,拖鞋,2,tencent_ai_lab_chinese_embedding_light_mirror_mvp,0.51831851,2673,0.44223076,0.45606512,0.42147923,牵手,婚恋,0.38609225,4511
4512,动物性,动物性,3,tencent_ai_lab_chinese_embedding_light_mirror_mvp,0.48892583,4403,0.44221336,0.44752288,0.43424901,对象,对象关系,0.47415954,4512
4513,超短裙,超短裙,3,tencent_ai_lab_chinese_embedding_light_mirror_mvp,0.54547299,1703,0.44217438,0.44272333,0.44135094,单身,单身与脱单,0.47975716,4513
4514,监考,监考,2,tencent_ai_lab_chinese_embedding_light_mirror_mvp,0.49653744,3873,0.44211477,0.45320988,0.42547205,被追,社会比较与人生进度,0.46244961,4514
4515,领头羊,领头羊,3,tencent_ai_lab_chinese_embedding_light_mirror_mvp,0.52424649,2439,0.44195038,0.45067728,0.42886007,牵手,社会比较与人生进度,0.48208889,4515
4516,主义者,主义者,3,tencent_ai_lab_chinese_embedding_light_mirror_mvp,0.53241525,2135,0.44187772,0.45129794,0.42774734,喜欢的人,社会比较与人生进度,0.48530018,4516
4517,反扑,反扑,2,tencent_ai_lab_chinese_embedding_light_mirror_mvp,0.48872733,4420,0.44176102,0.45916796,0.41565061,被追,表白与追求,0.43147379,4517
4518,自我中心,自我中心,4,tencent_ai_lab_chinese_embedding_light_mirror_mvp,0.56496894,1231,0.4416821,0.44400021,0.43820491,单身,社会比较与人生进度,0.53432417,4518
4519,新生代,新生代,3,tencent_ai_lab_chinese_embedding_light_mirror_mvp,0.49980751,3668,0.44161594,0.44490013,0.43668962,同龄人,社会比较与人生进度,0.50786847,4519
4520,百年好合,百年好合,4,tencent_ai_lab_chinese_embedding_light_mirror_mvp,0.56150173,1297,0.44147176,0.44680828,0.43346691,伴侣,婚恋,0.47710192,4520
4521,法官,法官,2,tencent_ai_lab_chinese_embedding_light_mirror_mvp,0.51737275,2714,0.44147128,0.4514955,0.42643499,对象,婚恋,0.47632852,4521
4522,引产,引产,2,tencent_ai_lab_chinese_embedding_light_mirror_mvp,0.48469099,4750,0.44127873,0.4451499,0.43547189,妻子,婚恋,0.47907025,4522
4523,三年级,三年级,3,tencent_ai_lab_chinese_embedding_light_mirror_mvp,0.51549813,2800,0.44122857,0.44609609,0.43392727,青春,社会比较与人生进度,0.50883323,4523
4524,不惑之年,不惑之年,4,tencent_ai_lab_chinese_embedding_light_mirror_mvp,0.52306005,2476,0.4411698,0.44172195,0.44034147,婚礼,社会比较与人生进度,0.54485029,4524
4525,留级,留级,2,tencent_ai_lab_chinese_embedding_light_mirror_mvp,0.60372367,672,0.44113153,0.44936195,0.42878595,落后,社会比较与人生进度,0.49685174,4525
4526,微博秀,微博秀,3,tencent_ai_lab_chinese_embedding_light_mirror_mvp,0.56970925,1132,0.44090402,0.44324413,0.43739381,恋爱,社会比较与人生进度,0.52028424,4526
4527,教育制度,教育制度,4,tencent_ai_lab_chinese_embedding_light_mirror_mvp,0.49555598,3939,0.44082421,0.44271109,0.43799385,人生阶段,社会比较与人生进度,0.50673711,4527
4528,演技,演技,2,tencent_ai_lab_chinese_embedding_light_mirror_mvp,0.51102057,3041,0.44081241,0.44590163,0.43317857,看电影,表白与追求,0.50350171,4528
4529,花轿,花轿,2,tencent_ai_lab_chinese_embedding_light_mirror_mvp,0.52760729,2326,0.44074589,0.45423636,0.4205102,婚礼,婚恋,0.44367433,4529
4530,乘凉,乘凉,2,tencent_ai_lab_chinese_embedding_light_mirror_mvp,0.50373243,3429,0.44071519,0.44228914,0.43835422,脱单,约会,0.48827308,4530
4531,发带,发带,2,tencent_ai_lab_chinese_embedding_light_mirror_mvp,0.48858705,4429,0.44061857,0.44915152,0.42781916,拥抱,亲密行为,0.47410706,4531
4532,童话故事,童话故事,4,tencent_ai_lab_chinese_embedding_light_mirror_mvp,0.50235686,3512,0.44058019,0.44393241,0.43555185,伴侣,社会比较与人生进度,0.48974246,4532
4533,能干,能干,2,tencent_ai_lab_chinese_embedding_light_mirror_mvp,0.5177034,2695,0.44055259,0.44145006,0.43920636,对象,社会比较与人生进度,0.50725365,4533
4534,之梦,之梦,2,tencent_ai_lab_chinese_embedding_light_mirror_mvp,0.48341534,4854,0.44047105,0.44739774,0.43008101,初恋,表白与追求,0.47570869,4534
4535,养家糊口,养家糊口,4,tencent_ai_lab_chinese_embedding_light_mirror_mvp,0.486029,4631,0.44043925,0.44530597,0.43313912,老公,社会比较与人生进度,0.49662411,4535
4536,物质财富,物质财富,4,tencent_ai_lab_chinese_embedding_light_mirror_mvp,0.53265612,2120,0.44031644,0.4478476,0.4290196,追求,社会比较与人生进度,0.46389979,4536
4537,眼瞎,眼瞎,2,tencent_ai_lab_chinese_embedding_light_mirror_mvp,0.52011354,2589,0.44020212,0.44186848,0.43770257,暗恋,社会比较与人生进度,0.55077934,4537
4538,完美主义,完美主义,4,tencent_ai_lab_chinese_embedding_light_mirror_mvp,0.53467151,2046,0.44016063,0.44417629,0.43413711,追求,社会比较与人生进度,0.47636265,4538
4539,姑姐,姑姐,2,tencent_ai_lab_chinese_embedding_light_mirror_mvp,0.66275887,288,0.440099,0.44351596,0.43497357,丈夫,婚恋,0.47266442,4539
4540,演艺界,演艺界,3,tencent_ai_lab_chinese_embedding_light_mirror_mvp,0.52753174,2329,0.44009271,0.44846654,0.42753196,约会,约会,0.50791991,4540
4541,装嫩,装嫩,2,tencent_ai_lab_chinese_embedding_light_mirror_mvp,0.48972098,4347,0.43997967,0.4418878,0.43711743,约饭,社会比较与人生进度,0.51823819,4541
4542,新剧,新剧,2,tencent_ai_lab_chinese_embedding_light_mirror_mvp,0.52993919,2231,0.43997949,0.44046038,0.43925819,初恋,恋爱历史,0.50439602,4542
4543,信条,信条,2,tencent_ai_lab_chinese_embedding_light_mirror_mvp,0.51279089,2952,0.43980995,0.44638062,0.42995393,亲密,表白与追求,0.48881108,4543
4544,浪漫主义,浪漫主义,4,tencent_ai_lab_chinese_embedding_light_mirror_mvp,0.56570238,1216,0.43958607,0.44719285,0.42817584,爱情,社会比较与人生进度,0.49414152,4544
4545,小新,小新,2,tencent_ai_lab_chinese_embedding_light_mirror_mvp,0.53975694,1884,0.439493,0.44031036,0.43826687,初恋,社会比较与人生进度,0.50003964,4545
4546,闹别扭,闹别扭,3,tencent_ai_lab_chinese_embedding_light_mirror_mvp,0.60761318,629,0.4392128,0.44169414,0.4354907,别人都有对象,社会比较与人生进度,0.48602903,4546
4547,宵夜,宵夜,2,tencent_ai_lab_chinese_embedding_light_mirror_mvp,0.49548556,3950,0.43920836,0.44464964,0.4310464,暗恋,表白与追求,0.4867698,4547
4548,副总,副总,2,tencent_ai_lab_chinese_embedding_light_mirror_mvp,0.50699085,3264,0.43915391,0.4585852,0.41000688,前任,社会比较与人生进度,0.41579247,4548
4549,风华正茂,风华正茂,4,tencent_ai_lab_chinese_embedding_light_mirror_mvp,0.58315086,923,0.43913186,0.45141262,0.42071065,落后,社会比较与人生进度,0.50718427,4549
4550,淋雨,淋雨,2,tencent_ai_lab_chinese_embedding_light_mirror_mvp,0.49314637,4112,0.43905902,0.44568956,0.42911315,散步,亲密行为,0.46700376,4550
4551,是谁,是谁,2,tencent_ai_lab_chinese_embedding_light_mirror_mvp,0.5081214,3204,0.43901306,0.44349006,0.4322975,别人都有对象,表白与追求,0.46648431,4551
4552,永驻,永驻,2,tencent_ai_lab_chinese_embedding_light_mirror_mvp,0.53994946,1877,0.43901289,0.44302481,0.43299496,被追,表白与追求,0.47023299,4552
4553,光阴似箭,光阴似箭,4,tencent_ai_lab_chinese_embedding_light_mirror_mvp,0.50948114,3135,0.43901098,0.4451682,0.42977515,暗恋,表白与追求,0.49305585,4553
4554,小萱,小萱,2,tencent_ai_lab_chinese_embedding_light_mirror_mvp,0.63794348,412,0.43895882,0.44174767,0.43477547,老公,社会比较与人生进度,0.50285959,4554
4555,赡养费,赡养费,3,tencent_ai_lab_chinese_embedding_light_mirror_mvp,0.53130798,2184,0.43889666,0.44326037,0.43235102,被追,婚恋,0.48880225,4555
4556,铭心刻骨,铭心刻骨,4,tencent_ai_lab_chinese_embedding_light_mirror_mvp,0.60679569,641,0.43887901,0.44645917,0.42750874,感情史,表白与追求,0.49451715,4556
4557,意气风发,意气风发,4,tencent_ai_lab_chinese_embedding_light_mirror_mvp,0.49106851,4250,0.43886632,0.44399342,0.43117556,落后,社会比较与人生进度,0.50099814,4557
4558,睡懒觉,睡懒觉,3,tencent_ai_lab_chinese_embedding_light_mirror_mvp,0.49638134,3886,0.43877435,0.44123644,0.43508124,单身,社会比较与人生进度,0.48713037,4558
4559,好色,好色,2,tencent_ai_lab_chinese_embedding_light_mirror_mvp,0.49675025,3861,0.43868035,0.4435789,0.4313325,表白,表白与追求,0.52355158,4559
4560,汗衫,汗衫,2,tencent_ai_lab_chinese_embedding_light_mirror_mvp,0.53577033,2010,0.43859011,0.44200635,0.43346572,校服,约会,0.43572074,4560
4561,心田,心田,2,tencent_ai_lab_chinese_embedding_light_mirror_mvp,0.48512446,4710,0.4385539,0.44202888,0.43334141,初恋,社会比较与人生进度,0.46562156,4561
4562,拳脚相加,拳脚相加,4,tencent_ai_lab_chinese_embedding_light_mirror_mvp,0.4922177,4173,0.43854022,0.45452368,0.414565,牵手,约会,0.44857669,4562
4563,灰姑娘,灰姑娘,3,tencent_ai_lab_chinese_embedding_light_mirror_mvp,0.50636324,3297,0.43843883,0.44145149,0.43391976,暗恋,表白与追求,0.49299684,4563
4564,传闻,传闻,2,tencent_ai_lab_chinese_embedding_light_mirror_mvp,0.52090099,2554,0.43820673,0.44175386,0.43288603,被追,亲密行为,0.46818492,4564
4565,护士,护士,2,tencent_ai_lab_chinese_embedding_light_mirror_mvp,0.54930789,1587,0.43816993,0.44154388,0.43310896,伴侣,社会比较与人生进度,0.46555367,4565
4566,疑神疑鬼,疑神疑鬼,4,tencent_ai_lab_chinese_embedding_light_mirror_mvp,0.48176078,4980,0.43811649,0.43893063,0.43689528,被追,表白与追求,0.47420895,4566
4567,树林,树林,2,tencent_ai_lab_chinese_embedding_light_mirror_mvp,0.48168657,4986,0.43809384,0.46030211,0.40478143,拥抱,亲密行为,0.42848009,4567
4568,降生,降生,2,tencent_ai_lab_chinese_embedding_light_mirror_mvp,0.48789754,4482,0.43808621,0.44625598,0.42583156,脱单,社会比较与人生进度,0.43927908,4568
4569,坏脾气,坏脾气,3,tencent_ai_lab_chinese_embedding_light_mirror_mvp,0.54303114,1780,0.43799275,0.44296253,0.43053806,落后,社会比较与人生进度,0.49913657,4569
4570,芳心,芳心,2,tencent_ai_lab_chinese_embedding_light_mirror_mvp,0.5133307,2920,0.43792748,0.44247884,0.43110037,初恋,社会比较与人生进度,0.46509987,4570
4571,吃苦,吃苦,2,tencent_ai_lab_chinese_embedding_light_mirror_mvp,0.48279286,4895,0.4379245,0.44280064,0.43061021,追求,社会比较与人生进度,0.51219553,4571
4572,痞帅,痞帅,2,tencent_ai_lab_chinese_embedding_light_mirror_mvp,0.50469657,3387,0.43787712,0.44576007,0.42605269,暗恋,社会比较与人生进度,0.4766115,4572
4573,变丑,变丑,2,tencent_ai_lab_chinese_embedding_light_mirror_mvp,0.48176666,4978,0.43773293,0.44786477,0.42253515,落后,社会比较与人生进度,0.49306372,4573
4574,压马路,压马路,3,tencent_ai_lab_chinese_embedding_light_mirror_mvp,0.61651503,555,0.43768811,0.45526242,0.41132653,散步,约会,0.40171558,4574
4575,平衡,平衡,2,tencent_ai_lab_chinese_embedding_light_mirror_mvp,0.50384271,3423,0.43768576,0.44271538,0.4301413,落后,社会比较与人生进度,0.46298057,4575
4576,权力,权力,2,tencent_ai_lab_chinese_embedding_light_mirror_mvp,0.4899274,4329,0.43746358,0.44206297,0.4305644,对象,亲密行为,0.44439119,4576
4577,神魂颠倒,神魂颠倒,4,tencent_ai_lab_chinese_embedding_light_mirror_mvp,0.50232359,3514,0.43741125,0.4429841,0.429052,被追,社会比较与人生进度,0.45188016,4577
4578,天蝎座,天蝎座,3,tencent_ai_lab_chinese_embedding_light_mirror_mvp,0.62939513,469,0.43736759,0.43941665,0.43429396,爱情,对象关系,0.4936074,4578
4579,成全,成全,2,tencent_ai_lab_chinese_embedding_light_mirror_mvp,0.51961544,2612,0.43730584,0.44854349,0.42044929,订婚,社会比较与人生进度,0.43923226,4579
4580,飙泪,飙泪,2,tencent_ai_lab_chinese_embedding_light_mirror_mvp,0.53364625,2091,0.43727642,0.44314399,0.42847502,暗恋,表白与追求,0.49526936,4580
4581,脑残粉,脑残粉,3,tencent_ai_lab_chinese_embedding_light_mirror_mvp,0.5518867,1521,0.43727088,0.44282898,0.42893374,暗恋,表白与追求,0.50852716,4581
4582,发火,发火,2,tencent_ai_lab_chinese_embedding_light_mirror_mvp,0.5010179,3589,0.43697768,0.43819743,0.43514797,散步,社会比较与人生进度,0.49712163,4582
4583,咖啡店,咖啡店,3,tencent_ai_lab_chinese_embedding_light_mirror_mvp,0.50827001,3198,0.43693092,0.44167811,0.42981014,伴侣,约会,0.48359129,4583
4584,辣妈,辣妈,2,tencent_ai_lab_chinese_embedding_light_mirror_mvp,0.54464678,1725,0.43680796,0.44604123,0.42295805,老婆,对象关系,0.43508029,4584
4585,大伯,大伯,2,tencent_ai_lab_chinese_embedding_light_mirror_mvp,0.5322286,2143,0.43672138,0.43876666,0.43365344,亲密,亲密行为,0.48511553,4585
4586,辅导员,辅导员,3,tencent_ai_lab_chinese_embedding_light_mirror_mvp,0.54890457,1598,0.4366793,0.43883115,0.43345156,对象,社会比较与人生进度,0.47108668,4586
4587,小白鞋,小白鞋,3,tencent_ai_lab_chinese_embedding_light_mirror_mvp,0.51975656,2605,0.43664533,0.45038122,0.41604146,告白,表白与追求,0.45516774,4587
4588,口臭,口臭,2,tencent_ai_lab_chinese_embedding_light_mirror_mvp,0.50043838,3632,0.43658999,0.44465512,0.42449227,接吻,社会比较与人生进度,0.46080109,4588
4589,踢毽子,踢毽子,3,tencent_ai_lab_chinese_embedding_light_mirror_mvp,0.49875525,3727,0.43637234,0.45880014,0.40273061,散步,校园恋爱,0.40116596,4589
4590,象牙塔,象牙塔,3,tencent_ai_lab_chinese_embedding_light_mirror_mvp,0.50314095,3468,0.43609002,0.4483515,0.41769779,对象,亲密行为,0.38553369,4590
4591,尘世,尘世,2,tencent_ai_lab_chinese_embedding_light_mirror_mvp,0.48696605,4558,0.43602079,0.4381243,0.43286547,落后,社会比较与人生进度,0.50472063,4591
4592,删微博,删微博,3,tencent_ai_lab_chinese_embedding_light_mirror_mvp,0.6368219,427,0.43591586,0.43719697,0.43399414,被追,社会比较与人生进度,0.49013001,4592
4593,外孙子,外孙子,3,tencent_ai_lab_chinese_embedding_light_mirror_mvp,0.56757417,1175,0.43581852,0.44590062,0.4206953,妻子,社会比较与人生进度,0.44308752,4593
4594,文静,文静,2,tencent_ai_lab_chinese_embedding_light_mirror_mvp,0.52837806,2300,0.43575704,0.44783074,0.4176465,亲密,社会比较与人生进度,0.46450007,4594
4595,时装周,时装周,3,tencent_ai_lab_chinese_embedding_light_mirror_mvp,0.50275598,3489,0.43566799,0.44909894,0.41552153,校服,社会比较与人生进度,0.46728763,4595
4596,好事多磨,好事多磨,4,tencent_ai_lab_chinese_embedding_light_mirror_mvp,0.49621121,3899,0.43551946,0.43880776,0.43058705,恋爱经历,社会比较与人生进度,0.53839964,4596
4597,版型,版型,2,tencent_ai_lab_chinese_embedding_light_mirror_mvp,0.48335589,4860,0.43549758,0.43915328,0.43001398,落后,社会比较与人生进度,0.51357025,4597
4598,甜炸,甜炸,2,tencent_ai_lab_chinese_embedding_light_mirror_mvp,0.52852602,2292,0.43546221,0.44220385,0.42534968,暗恋,校园恋爱,0.43588081,4598
4599,聪明能干,聪明能干,4,tencent_ai_lab_chinese_embedding_light_mirror_mvp,0.50748659,3229,0.4354406,0.44145325,0.42642155,亲密,社会比较与人生进度,0.50491911,4599
4600,悲观主义,悲观主义,4,tencent_ai_lab_chinese_embedding_light_mirror_mvp,0.56567769,1218,0.4353562,0.44195545,0.42545724,感情史,社会比较与人生进度,0.48271459,4600
4601,胸罩,胸罩,2,tencent_ai_lab_chinese_embedding_light_mirror_mvp,0.49692603,3841,0.43535531,0.44649982,0.41863856,拥抱,亲密行为,0.44382107,4601
4602,宋喆,宋喆,2,tencent_ai_lab_chinese_embedding_light_mirror_mvp,0.56480527,1232,0.4352895,0.43972969,0.42862916,约饭,社会比较与人生进度,0.46745247,4602
4603,偷腥,偷腥,2,tencent_ai_lab_chinese_embedding_light_mirror_mvp,0.57143011,1110,0.43528414,0.43896392,0.42976448,被追,表白与追求,0.44955271,4603
4604,喝奶,喝奶,2,tencent_ai_lab_chinese_embedding_light_mirror_mvp,0.48590437,4642,0.43528122,0.43993226,0.42830464,接吻,表白与追求,0.46267283,4604
4605,毒舌,毒舌,2,tencent_ai_lab_chinese_embedding_light_mirror_mvp,0.50883747,3167,0.43524939,0.43666413,0.43312719,接吻,亲密行为,0.47010374,4605
4606,鉴赏力,鉴赏力,3,tencent_ai_lab_chinese_embedding_light_mirror_mvp,0.48676592,4575,0.435224,0.44151849,0.4257822,感情史,社会比较与人生进度,0.4655574,4606
4607,假装,假装,2,tencent_ai_lab_chinese_embedding_light_mirror_mvp,0.54002215,1874,0.43519786,0.43693727,0.43258867,亲密,表白与追求,0.51122522,4607
4608,衷肠,衷肠,2,tencent_ai_lab_chinese_embedding_light_mirror_mvp,0.5042961,3395,0.43512571,0.44069228,0.42677578,初吻,亲密行为,0.4859561,4608
4609,泡澡,泡澡,2,tencent_ai_lab_chinese_embedding_light_mirror_mvp,0.55388967,1474,0.43494087,0.43781805,0.43062511,接吻,约会,0.51198626,4609
4610,心如刀割,心如刀割,4,tencent_ai_lab_chinese_embedding_light_mirror_mvp,0.48827156,4452,0.43493646,0.43963021,0.42789575,感情史,恋爱历史,0.48560283,4610
4611,睡午觉,睡午觉,3,tencent_ai_lab_chinese_embedding_light_mirror_mvp,0.51044989,3072,0.43477881,0.44696629,0.41649762,约饭,约会,0.46500868,4611
4612,发酒疯,发酒疯,3,tencent_ai_lab_chinese_embedding_light_mirror_mvp,0.4995109,3685,0.4345625,0.45111132,0.40973929,被追,表白与追求,0.48660183,4612
4613,旧照,旧照,2,tencent_ai_lab_chinese_embedding_light_mirror_mvp,0.48780144,4490,0.43434042,0.43476626,0.43370166,感情史,恋爱历史,0.49481857,4613
4614,热血,热血,2,tencent_ai_lab_chinese_embedding_light_mirror_mvp,0.58362556,919,0.43432719,0.43990046,0.42596722,青春,表白与追求,0.4622426,4614
4615,上吊自杀,上吊自杀,4,tencent_ai_lab_chinese_embedding_light_mirror_mvp,0.50068761,3616,0.43416777,0.44012779,0.42522773,被追,社会比较与人生进度,0.47786653,4615
4616,肉麻,肉麻,2,tencent_ai_lab_chinese_embedding_light_mirror_mvp,0.51882868,2654,0.43416083,0.44800031,0.41340157,约饭,亲密行为,0.43935275,4616
4617,腻歪,腻歪,2,tencent_ai_lab_chinese_embedding_light_mirror_mvp,0.5826355,934,0.43413281,0.43929243,0.42639336,散步,社会比较与人生进度,0.47033811,4617
4618,警察,警察,2,tencent_ai_lab_chinese_embedding_light_mirror_mvp,0.49930152,3698,0.43411684,0.44749707,0.4140465,被追,表白与追求,0.44372219,4618
4619,东子,东子,2,tencent_ai_lab_chinese_embedding_light_mirror_mvp,0.59717636,748,0.43410224,0.44534254,0.41724172,妻子,社会比较与人生进度,0.43737537,4619
4620,亡故,亡故,2,tencent_ai_lab_chinese_embedding_light_mirror_mvp,0.50490903,3372,0.43399769,0.43779504,0.42830166,落后,社会比较与人生进度,0.45121253,4620
4621,天分,天分,2,tencent_ai_lab_chinese_embedding_light_mirror_mvp,0.49233017,4163,0.43394303,0.44100267,0.42335358,落后,社会比较与人生进度,0.48807418,4621
4622,替父,替父,2,tencent_ai_lab_chinese_embedding_light_mirror_mvp,0.4927582,4137,0.43383944,0.43832716,0.42710778,丈夫,婚恋,0.46308029,4622
4623,座位表,座位表,3,tencent_ai_lab_chinese_embedding_light_mirror_mvp,0.51150566,3016,0.43373716,0.43623239,0.42999426,对象,约会,0.46022081,4623
4624,一万块,一万块,3,tencent_ai_lab_chinese_embedding_light_mirror_mvp,0.5158978,2778,0.43372965,0.43750167,0.42807165,第一次约会,社会比较与人生进度,0.47810954,4624
4625,胖小子,胖小子,3,tencent_ai_lab_chinese_embedding_light_mirror_mvp,0.53412514,2068,0.43351588,0.43534103,0.43077812,妻子,社会比较与人生进度,0.47851652,4625
4626,成天,成天,2,tencent_ai_lab_chinese_embedding_light_mirror_mvp,0.48437487,4778,0.43351406,0.43652445,0.4289985,结婚,社会比较与人生进度,0.51470369,4626
4627,调适,调适,2,tencent_ai_lab_chinese_embedding_light_mirror_mvp,0.50502406,3360,0.43342492,0.43560648,0.43015257,求婚,亲密行为,0.47444218,4627
4628,抠门儿,抠门儿,3,tencent_ai_lab_chinese_embedding_light_mirror_mvp,0.49210055,4178,0.43339851,0.4340598,0.43240657,落后,社会比较与人生进度,0.4867304,4628
4629,出格,出格,2,tencent_ai_lab_chinese_embedding_light_mirror_mvp,0.48576039,4657,0.43325609,0.43576932,0.42948619,落后,社会比较与人生进度,0.48300362,4629
4630,大姑,大姑,2,tencent_ai_lab_chinese_embedding_light_mirror_mvp,0.57523961,1049,0.43314964,0.43531179,0.42990637,丈夫,婚恋,0.48775271,4630
4631,玻璃心,玻璃心,3,tencent_ai_lab_chinese_embedding_light_mirror_mvp,0.49306054,4116,0.43311954,0.43825871,0.42541066,暗恋,恋爱历史,0.47411385,4631
4632,扣子,扣子,2,tencent_ai_lab_chinese_embedding_light_mirror_mvp,0.49960065,3680,0.4329958,0.44344634,0.41732001,被追,社会比较与人生进度,0.40793711,4632
4633,一怒之下,一怒之下,4,tencent_ai_lab_chinese_embedding_light_mirror_mvp,0.49292105,4122,0.43281275,0.44015419,0.42180052,感情史,社会比较与人生进度,0.46364826,4633
4634,临产,临产,2,tencent_ai_lab_chinese_embedding_light_mirror_mvp,0.52546819,2396,0.43275395,0.43441916,0.43025613,老公,婚恋,0.48325464,4634
4635,兵哥哥,兵哥哥,3,tencent_ai_lab_chinese_embedding_light_mirror_mvp,0.56379735,1252,0.43261838,0.44329262,0.41660699,前男友,社会比较与人生进度,0.43963093,4635
4636,临盆,临盆,2,tencent_ai_lab_chinese_embedding_light_mirror_mvp,0.53833787,1929,0.43258834,0.44327003,0.41656578,婚礼,婚恋,0.45240077,4636
4637,认干,认干,2,tencent_ai_lab_chinese_embedding_light_mirror_mvp,0.51877644,2656,0.43256256,0.43841201,0.42378834,订婚,社会比较与人生进度,0.45317361,4637
4638,酱紫,酱紫,2,tencent_ai_lab_chinese_embedding_light_mirror_mvp,0.48469028,4751,0.43241596,0.4427729,0.41688052,约饭,表白与追求,0.44411796,4638
4639,夏日,夏日,2,tencent_ai_lab_chinese_embedding_light_mirror_mvp,0.49839801,3747,0.43218619,0.43732548,0.42447722,青春,社会比较与人生进度,0.48197627,4639
4640,秋日,秋日,2,tencent_ai_lab_chinese_embedding_light_mirror_mvp,0.48519018,4705,0.4320944,0.4414624,0.41804233,婚礼,社会比较与人生进度,0.47565845,4640
4641,耍酒疯,耍酒疯,3,tencent_ai_lab_chinese_embedding_light_mirror_mvp,0.5020784,3527,0.43204683,0.44128516,0.41818932,被追,表白与追求,0.47484234,4641
4642,死皮赖脸,死皮赖脸,4,tencent_ai_lab_chinese_embedding_light_mirror_mvp,0.5234998,2462,0.43204218,0.43772605,0.4235163,妻子,亲密行为,0.46126592,4642
4643,爬楼梯,爬楼梯,3,tencent_ai_lab_chinese_embedding_light_mirror_mvp,0.50349388,3441,0.43203196,0.4450095,0.41256562,散步,社会比较与人生进度,0.42109507,4643
4644,自闭症,自闭症,3,tencent_ai_lab_chinese_embedding_light_mirror_mvp,0.49498608,3977,0.43199301,0.43496427,0.4275361,亲密关系,社会比较与人生进度,0.5173912,4644
4645,成见,成见,2,tencent_ai_lab_chinese_embedding_light_mirror_mvp,0.48937079,4371,0.43163767,0.43264535,0.4301261,落后,社会比较与人生进度,0.51026326,4645
4646,赌气,赌气,2,tencent_ai_lab_chinese_embedding_light_mirror_mvp,0.50845397,3186,0.43160862,0.43248117,0.43029979,落后,社会比较与人生进度,0.49942851,4646
4647,语文,语文,2,tencent_ai_lab_chinese_embedding_light_mirror_mvp,0.48180437,4970,0.43160078,0.43218094,0.43073049,落后,社会比较与人生进度,0.50995636,4647
4648,天真,天真,2,tencent_ai_lab_chinese_embedding_light_mirror_mvp,0.51755881,2704,0.43156713,0.44520602,0.41110876,亲密,社会比较与人生进度,0.46832561,4648
4649,数学课,数学课,3,tencent_ai_lab_chinese_embedding_light_mirror_mvp,0.59629271,758,0.43150643,0.43806201,0.42167297,同桌,校园恋爱,0.4676038,4649
4650,鞋子,鞋子,2,tencent_ai_lab_chinese_embedding_light_mirror_mvp,0.51442821,2855,0.43136936,0.44231305,0.4149538,散步,社会比较与人生进度,0.42354858,4650
4651,旧病复发,旧病复发,4,tencent_ai_lab_chinese_embedding_light_mirror_mvp,0.48369389,4830,0.43134081,0.43354899,0.42802849,前男友,社会比较与人生进度,0.49835747,4651
4652,重病,重病,2,tencent_ai_lab_chinese_embedding_light_mirror_mvp,0.5303332,2218,0.43125606,0.4342694,0.426736,前男友,社会比较与人生进度,0.51380736,4652
4653,涵哥,涵哥,2,tencent_ai_lab_chinese_embedding_light_mirror_mvp,0.50715928,3251,0.43124017,0.44018608,0.41782126,拥抱,对象关系,0.44771487,4653
4654,特么,特么,2,tencent_ai_lab_chinese_embedding_light_mirror_mvp,0.52657316,2361,0.43123883,0.433568,0.42774507,亲密,表白与追求,0.48419774,4654
4655,上厕所,上厕所,3,tencent_ai_lab_chinese_embedding_light_mirror_mvp,0.49619488,3901,0.43121618,0.43365985,0.4275507,同桌,约会,0.46235168,4655
4656,异乡,异乡,2,tencent_ai_lab_chinese_embedding_light_mirror_mvp,0.49112123,4244,0.43105602,0.43300486,0.42813268,散步,社会比较与人生进度,0.52157944,4656
4657,钱全,钱全,2,tencent_ai_lab_chinese_embedding_light_mirror_mvp,0.52141187,2532,0.43093672,0.43141347,0.43022156,对象,婚恋,0.47131085,4657
4658,小夏,小夏,2,tencent_ai_lab_chinese_embedding_light_mirror_mvp,0.59261035,795,0.43082213,0.43716314,0.42131057,青春,社会比较与人生进度,0.48543179,4658
4659,外祖母,外祖母,3,tencent_ai_lab_chinese_embedding_light_mirror_mvp,0.51252915,2966,0.43051147,0.43388194,0.42545572,老婆,婚恋,0.45723677,4659
4660,自控力,自控力,3,tencent_ai_lab_chinese_embedding_light_mirror_mvp,0.55139711,1532,0.4304378,0.43409705,0.42494893,牵手,社会比较与人生进度,0.49279046,4660
4661,一职,一职,2,tencent_ai_lab_chinese_embedding_light_mirror_mvp,0.49500849,3976,0.43023711,0.43499553,0.42309943,前任,社会比较与人生进度,0.4804092,4661
4662,霸凌,霸凌,2,tencent_ai_lab_chinese_embedding_light_mirror_mvp,0.56727962,1180,0.43021011,0.43352479,0.42523804,落后,社会比较与人生进度,0.47057551,4662
4663,多病,多病,2,tencent_ai_lab_chinese_embedding_light_mirror_mvp,0.49436188,4030,0.43018907,0.43078467,0.42929569,同龄人,社会比较与人生进度,0.51740748,4663
4664,招妓,招妓,2,tencent_ai_lab_chinese_embedding_light_mirror_mvp,0.5092386,3149,0.43006247,0.43121049,0.42834044,求婚,婚恋,0.47952008,4664
4665,潜力股,潜力股,3,tencent_ai_lab_chinese_embedding_light_mirror_mvp,0.48530385,4691,0.43005294,0.43195724,0.4271965,喜欢的人,社会比较与人生进度,0.48128712,4665
4666,演员,演员,2,tencent_ai_lab_chinese_embedding_light_mirror_mvp,0.49917092,3703,0.42997462,0.43402708,0.42389581,看电影,约会,0.49708715,4666
4667,自省,自省,2,tencent_ai_lab_chinese_embedding_light_mirror_mvp,0.50545144,3343,0.42981774,0.43369621,0.42400002,被追,社会比较与人生进度,0.55532795,4667
4668,千金,千金,2,tencent_ai_lab_chinese_embedding_light_mirror_mvp,0.49255019,4154,0.42972893,0.44115859,0.41258433,脱单,婚恋,0.45254356,4668
4669,一气之下,一气之下,4,tencent_ai_lab_chinese_embedding_light_mirror_mvp,0.56757421,1174,0.42970651,0.43900865,0.41575322,落后,社会比较与人生进度,0.46153516,4669
4670,如诗,如诗,2,tencent_ai_lab_chinese_embedding_light_mirror_mvp,0.4854797,4676,0.42960709,0.43230218,0.42556438,恋情,社会比较与人生进度,0.50141108,4670
4671,脚踏两只船,脚踏两只船,5,tencent_ai_lab_chinese_embedding_light_mirror_mvp,0.62967291,467,0.42949754,0.43430382,0.42228809,散步,单身与脱单,0.39705491,4671
4672,高领,高领,2,tencent_ai_lab_chinese_embedding_light_mirror_mvp,0.48360559,4832,0.4294515,0.43250507,0.42487106,拥抱,社会比较与人生进度,0.47809222,4672
4673,醋意,醋意,2,tencent_ai_lab_chinese_embedding_light_mirror_mvp,0.52002513,2592,0.42928481,0.43412229,0.42202857,约饭,对象关系,0.47693664,4673
4674,卷子,卷子,2,tencent_ai_lab_chinese_embedding_light_mirror_mvp,0.55426553,1458,0.42923886,0.43478578,0.42091849,妻子,社会比较与人生进度,0.48400497,4674
4675,伊一,伊一,2,tencent_ai_lab_chinese_embedding_light_mirror_mvp,0.49388971,4065,0.42911208,0.43599644,0.41878545,初吻,恋爱历史,0.44333628,4675
4676,献花,献花,2,tencent_ai_lab_chinese_embedding_light_mirror_mvp,0.53189782,2156,0.42894453,0.43395334,0.4214313,拥抱,表白与追求,0.49303007,4676
4677,保镖,保镖,2,tencent_ai_lab_chinese_embedding_light_mirror_mvp,0.48189763,4964,0.42876589,0.43435109,0.4203881,老婆,约会,0.46124911,4677
4678,生离死别,生离死别,4,tencent_ai_lab_chinese_embedding_light_mirror_mvp,0.54453809,1730,0.42869848,0.43036869,0.42619315,老公,社会比较与人生进度,0.4763743,4678
4679,小流氓,小流氓,3,tencent_ai_lab_chinese_embedding_light_mirror_mvp,0.50537949,3346,0.42866209,0.43081555,0.42543188,散步,社会比较与人生进度,0.51888233,4679
4680,风华,风华,2,tencent_ai_lab_chinese_embedding_light_mirror_mvp,0.52479854,2419,0.4286328,0.42981821,0.42685461,初恋,社会比较与人生进度,0.50467277,4680
4681,如花,如花,2,tencent_ai_lab_chinese_embedding_light_mirror_mvp,0.54035606,1862,0.42853642,0.432955,0.42190853,初恋,社会比较与人生进度,0.48546013,4681
4682,小李,小李,2,tencent_ai_lab_chinese_embedding_light_mirror_mvp,0.56169229,1295,0.42828938,0.43197799,0.42275643,青春,社会比较与人生进度,0.49602771,4682
4683,铁哥们,铁哥们,3,tencent_ai_lab_chinese_embedding_light_mirror_mvp,0.57180964,1101,0.42821586,0.42904842,0.42696694,拥抱,社会比较与人生进度,0.49369633,4683
4684,秀场,秀场,2,tencent_ai_lab_chinese_embedding_light_mirror_mvp,0.48963735,4353,0.42820954,0.42898482,0.42704654,约会,社会比较与人生进度,0.48800063,4684
4685,逆反心理,逆反心理,4,tencent_ai_lab_chinese_embedding_light_mirror_mvp,0.53901749,1909,0.42815548,0.43020907,0.42507508,被追,社会比较与人生进度,0.53537732,4685
4686,运动鞋,运动鞋,3,tencent_ai_lab_chinese_embedding_light_mirror_mvp,0.54700727,1668,0.42810559,0.44982326,0.39552903,散步,社会比较与人生进度,0.37748578,4686
4687,替儿,替儿,2,tencent_ai_lab_chinese_embedding_light_mirror_mvp,0.49286062,4125,0.42779291,0.42859,0.42659721,被追,表白与追求,0.45575744,4687
4688,插刀,插刀,2,tencent_ai_lab_chinese_embedding_light_mirror_mvp,0.49405314,4043,0.42755622,0.43261439,0.41996893,牵手,亲密行为,0.45407793,4688
4689,吊带裙,吊带裙,3,tencent_ai_lab_chinese_embedding_light_mirror_mvp,0.52771435,2320,0.427371,0.44191617,0.40555319,校服,单身与脱单,0.3954559,4689
4690,买豪车,买豪车,3,tencent_ai_lab_chinese_embedding_light_mirror_mvp,0.50967236,3118,0.42735317,0.43479413,0.41619173,订婚,社会比较与人生进度,0.45856136,4690
4691,吊带,吊带,2,tencent_ai_lab_chinese_embedding_light_mirror_mvp,0.50660663,3288,0.42727607,0.43695843,0.41275251,拥抱,单身与脱单,0.40474698,4691
4692,补拍,补拍,2,tencent_ai_lab_chinese_embedding_light_mirror_mvp,0.49308873,4113,0.42712259,0.42826742,0.42540535,被追,表白与追求,0.47997773,4692
4693,英语书,英语书,3,tencent_ai_lab_chinese_embedding_light_mirror_mvp,0.48319685,4868,0.42710876,0.43589425,0.41393054,感情史,社会比较与人生进度,0.45369384,4693
4694,大庭广众,大庭广众,4,tencent_ai_lab_chinese_embedding_light_mirror_mvp,0.48664492,4584,0.42695415,0.43790042,0.41053471,婚礼,婚恋,0.4602322,4694
4695,艺术,艺术,2,tencent_ai_lab_chinese_embedding_light_mirror_mvp,0.53664143,1987,0.42684966,0.43365872,0.41663602,散步,表白与追求,0.47295547,4695
4696,草地,草地,2,tencent_ai_lab_chinese_embedding_light_mirror_mvp,0.51004857,3097,0.42683235,0.44128609,0.4051517,散步,社会比较与人生进度,0.4138481,4696
4697,闹僵,闹僵,2,tencent_ai_lab_chinese_embedding_light_mirror_mvp,0.53459916,2050,0.42678261,0.43604147,0.41289422,脱单,亲密行为,0.47168845,4697
4698,卧床不起,卧床不起,4,tencent_ai_lab_chinese_embedding_light_mirror_mvp,0.54180007,1820,0.42672986,0.42913914,0.42311594,老公,社会比较与人生进度,0.49126965,4698
4699,体弱多病,体弱多病,4,tencent_ai_lab_chinese_embedding_light_mirror_mvp,0.51022542,3086,0.42672503,0.43144256,0.41964868,单身,社会比较与人生进度,0.50509202,4699
4700,长发,长发,2,tencent_ai_lab_chinese_embedding_light_mirror_mvp,0.51494759,2825,0.42654288,0.42900407,0.42285109,订婚,社会比较与人生进度,0.50029886,4700
4701,服毒自杀,服毒自杀,4,tencent_ai_lab_chinese_embedding_light_mirror_mvp,0.48505222,4716,0.42631197,0.43151534,0.41850686,脱单,表白与追求,0.46054327,4701
4702,审美标准,审美标准,4,tencent_ai_lab_chinese_embedding_light_mirror_mvp,0.51632054,2759,0.42616624,0.42768979,0.42388093,落后,社会比较与人生进度,0.52242166,4702
4703,揩油,揩油,2,tencent_ai_lab_chinese_embedding_light_mirror_mvp,0.51050633,3068,0.42613977,0.42783108,0.42360273,约会,约会,0.47058225,4703
4704,恒久,恒久,2,tencent_ai_lab_chinese_embedding_light_mirror_mvp,0.49894495,3718,0.42591208,0.42637336,0.42522016,约会,约会,0.46347108,4704
4705,政教处,政教处,3,tencent_ai_lab_chinese_embedding_light_mirror_mvp,0.52477385,2420,0.42579165,0.44277245,0.40032044,校服,校园恋爱,0.42522559,4705
4706,军哥,军哥,2,tencent_ai_lab_chinese_embedding_light_mirror_mvp,0.49108918,4248,0.42577723,0.43611529,0.41027009,前男友,社会比较与人生进度,0.45820159,4706
4707,病重,病重,2,tencent_ai_lab_chinese_embedding_light_mirror_mvp,0.5382331,1934,0.42571694,0.43021145,0.41897509,老公,社会比较与人生进度,0.48922813,4707
4708,新戏,新戏,2,tencent_ai_lab_chinese_embedding_light_mirror_mvp,0.540869,1851,0.42558014,0.42722285,0.42311606,婚礼,婚恋,0.48414347,4708
4709,抹胸,抹胸,2,tencent_ai_lab_chinese_embedding_light_mirror_mvp,0.48966542,4350,0.42549208,0.43082336,0.41749513,拥抱,亲密行为,0.45665455,4709
4710,瘸子,瘸子,2,tencent_ai_lab_chinese_embedding_light_mirror_mvp,0.48294394,4884,0.4254396,0.43311685,0.41392374,妻子,社会比较与人生进度,0.44028634,4710
4711,泥萌,泥萌,2,tencent_ai_lab_chinese_embedding_light_mirror_mvp,0.48510503,4711,0.42543429,0.43727052,0.40767995,暗恋,表白与追求,0.45553213,4711
4712,赏月,赏月,2,tencent_ai_lab_chinese_embedding_light_mirror_mvp,0.51618854,2765,0.42539263,0.4277432,0.42186677,拥抱,约会,0.47995204,4712
4713,床照,床照,2,tencent_ai_lab_chinese_embedding_light_mirror_mvp,0.63791376,413,0.42533201,0.42692134,0.422948,伴侣,婚恋,0.47581738,4713
4714,富商,富商,2,tencent_ai_lab_chinese_embedding_light_mirror_mvp,0.52031351,2583,0.42528832,0.42708033,0.42260024,落后,社会比较与人生进度,0.48534137,4714
4715,家狗,家狗,2,tencent_ai_lab_chinese_embedding_light_mirror_mvp,0.49770052,3803,0.42525637,0.43064117,0.4171792,老公,婚恋,0.44912648,4715
4716,微博号,微博号,3,tencent_ai_lab_chinese_embedding_light_mirror_mvp,0.4955356,3942,0.42522186,0.42584062,0.42429367,别人都有对象,社会比较与人生进度,0.49692476,4716
4717,心灵鸡汤,心灵鸡汤,4,tencent_ai_lab_chinese_embedding_light_mirror_mvp,0.48701758,4554,0.42517292,0.42818543,0.42065415,感情史,社会比较与人生进度,0.47561753,4717
4718,夜店,夜店,2,tencent_ai_lab_chinese_embedding_light_mirror_mvp,0.56457788,1238,0.42516994,0.42799729,0.42092893,订婚,约会,0.47356838,4718
4719,作弄,作弄,2,tencent_ai_lab_chinese_embedding_light_mirror_mvp,0.48874928,4416,0.42512277,0.43312317,0.41312209,告白,表白与追求,0.46907425,4719
4720,花儿,花儿,2,tencent_ai_lab_chinese_embedding_light_mirror_mvp,0.48927119,4376,0.42510769,0.42618728,0.42348823,青春,社会比较与人生进度,0.46931398,4720
4721,护工,护工,2,tencent_ai_lab_chinese_embedding_light_mirror_mvp,0.53274186,2118,0.42503768,0.43394297,0.41167974,拥抱,亲密行为,0.43600234,4721
4722,小葵,小葵,2,tencent_ai_lab_chinese_embedding_light_mirror_mvp,0.54258326,1795,0.42492059,0.43572953,0.40870711,初恋,社会比较与人生进度,0.47288018,4722
4723,高管,高管,2,tencent_ai_lab_chinese_embedding_light_mirror_mvp,0.49506794,3968,0.42483878,0.42716676,0.42134681,前任,社会比较与人生进度,0.49390295,4723
4724,家教,家教,2,tencent_ai_lab_chinese_embedding_light_mirror_mvp,0.51692196,2737,0.42421311,0.42830178,0.41808006,老公,婚恋,0.46821895,4724
4725,戏水,戏水,2,tencent_ai_lab_chinese_embedding_light_mirror_mvp,0.51242731,2971,0.42406416,0.42641932,0.42053142,接吻,亲密行为,0.46825165,4725
4726,飞哥,飞哥,2,tencent_ai_lab_chinese_embedding_light_mirror_mvp,0.49278615,4132,0.42387873,0.43794101,0.40278521,前男友,表白与追求,0.44008172,4726
4727,膝下,膝下,2,tencent_ai_lab_chinese_embedding_light_mirror_mvp,0.50775529,3221,0.4238337,0.42531163,0.42161679,拥抱,亲密行为,0.45018858,4727
4728,旭哥,旭哥,2,tencent_ai_lab_chinese_embedding_light_mirror_mvp,0.53939788,1894,0.42371935,0.42986667,0.4144983,前男友,亲密行为,0.44927633,4728
4729,美学,美学,2,tencent_ai_lab_chinese_embedding_light_mirror_mvp,0.53090173,2201,0.42364502,0.43079969,0.41291294,校服,表白与追求,0.45943025,4729
4730,排座位,排座位,3,tencent_ai_lab_chinese_embedding_light_mirror_mvp,0.52165891,2522,0.42360952,0.42641371,0.41940323,同桌,约会,0.47698027,4730
4731,金毛,金毛,2,tencent_ai_lab_chinese_embedding_light_mirror_mvp,0.50400693,3416,0.4235568,0.42612755,0.41970062,初吻,亲密行为,0.48201293,4731
4732,谁知,谁知,2,tencent_ai_lab_chinese_embedding_light_mirror_mvp,0.53181462,2161,0.42352337,0.42503271,0.42125928,别人都有对象,社会比较与人生进度,0.50529349,4732
4733,扳平,扳平,2,tencent_ai_lab_chinese_embedding_light_mirror_mvp,0.50475533,3382,0.4233591,0.43094939,0.4119736,牵手,亲密行为,0.42038858,4733
4734,产检,产检,2,tencent_ai_lab_chinese_embedding_light_mirror_mvp,0.51473073,2844,0.42319408,0.43340346,0.40787995,母胎单身,社会比较与人生进度,0.44941217,4734
4735,创造出,创造出,3,tencent_ai_lab_chinese_embedding_light_mirror_mvp,0.48411641,4802,0.42318097,0.42946488,0.41375509,追求,社会比较与人生进度,0.48690671,4735
4736,小坏,小坏,2,tencent_ai_lab_chinese_embedding_light_mirror_mvp,0.48616125,4624,0.42309922,0.43021429,0.41242662,落后,社会比较与人生进度,0.48947853,4736
4737,试卷,试卷,2,tencent_ai_lab_chinese_embedding_light_mirror_mvp,0.49321586,4104,0.42294562,0.42592329,0.41847908,对象,社会比较与人生进度,0.49801585,4737
4738,媒妁,媒妁,2,tencent_ai_lab_chinese_embedding_light_mirror_mvp,0.56545868,1223,0.42282107,0.43594047,0.40314198,被追,表白与追求,0.4359715,4738
4739,刻骨,刻骨,2,tencent_ai_lab_chinese_embedding_light_mirror_mvp,0.5786891,1001,0.42273262,0.4261004,0.41768089,妻子,婚恋,0.45939401,4739
4740,框照,框照,2,tencent_ai_lab_chinese_embedding_light_mirror_mvp,0.49140688,4228,0.422409,0.4250443,0.41845605,伴侣,亲密行为,0.44100112,4740
4741,堂哥,堂哥,2,tencent_ai_lab_chinese_embedding_light_mirror_mvp,0.59435866,781,0.42218381,0.4257586,0.4168216,同桌,社会比较与人生进度,0.44621184,4741
4742,丑闻,丑闻,2,tencent_ai_lab_chinese_embedding_light_mirror_mvp,0.49846509,3744,0.42210144,0.42987743,0.41043743,被追,表白与追求,0.46246797,4742
4743,芙蓉姐姐,芙蓉姐姐,4,tencent_ai_lab_chinese_embedding_light_mirror_mvp,0.4879481,4479,0.42186898,0.42665288,0.41469315,伴侣,社会比较与人生进度,0.46081072,4743
4744,动机,动机,2,tencent_ai_lab_chinese_embedding_light_mirror_mvp,0.50646447,3295,0.42182779,0.42232317,0.42108464,散步,社会比较与人生进度,0.46253851,4744
4745,冷暴力,冷暴力,3,tencent_ai_lab_chinese_embedding_light_mirror_mvp,0.56173464,1292,0.42182344,0.43102038,0.40802798,暗恋,表白与追求,0.45273876,4745
4746,黑裤,黑裤,2,tencent_ai_lab_chinese_embedding_light_mirror_mvp,0.5157689,2785,0.42170256,0.42745903,0.41306785,脱单,单身与脱单,0.42375726,4746
4747,大肚子,大肚子,3,tencent_ai_lab_chinese_embedding_light_mirror_mvp,0.5548172,1441,0.42170155,0.42453882,0.41744557,母胎单身,亲密行为,0.4593634,4747
4748,小五,小五,2,tencent_ai_lab_chinese_embedding_light_mirror_mvp,0.490845,4267,0.42167729,0.42474586,0.41707444,同龄人,社会比较与人生进度,0.49075043,4748
4749,化妆,化妆,2,tencent_ai_lab_chinese_embedding_light_mirror_mvp,0.49590311,3923,0.42157704,0.42479607,0.41674849,恋情,社会比较与人生进度,0.49106276,4749
4750,花心,花心,2,tencent_ai_lab_chinese_embedding_light_mirror_mvp,0.61124462,592,0.4214814,0.42367625,0.41818908,拥抱,校园恋爱,0.45849407,4750
4751,著名演员,著名演员,4,tencent_ai_lab_chinese_embedding_light_mirror_mvp,0.48479913,4737,0.42140916,0.43353903,0.40321431,喜欢的人,社会比较与人生进度,0.4451285,4751
4752,捣蛋,捣蛋,2,tencent_ai_lab_chinese_embedding_light_mirror_mvp,0.48176633,4979,0.42132014,0.42388773,0.41746864,同桌,表白与追求,0.47527182,4752
4753,生理反应,生理反应,4,tencent_ai_lab_chinese_embedding_light_mirror_mvp,0.54463553,1726,0.42118102,0.42666519,0.41295472,亲密关系,社会比较与人生进度,0.46546954,4753
4754,小董,小董,2,tencent_ai_lab_chinese_embedding_light_mirror_mvp,0.54582543,1690,0.42115331,0.424923,0.4154987,约饭,社会比较与人生进度,0.47148889,4754
4755,热巴,热巴,2,tencent_ai_lab_chinese_embedding_light_mirror_mvp,0.48740932,4522,0.42113957,0.42463619,0.4158946,约饭,亲密行为,0.47191134,4755
4756,豪哥,豪哥,2,tencent_ai_lab_chinese_embedding_light_mirror_mvp,0.50204022,3529,0.42112905,0.44009364,0.39268208,前男友,社会比较与人生进度,0.41842338,4756
4757,病危,病危,2,tencent_ai_lab_chinese_embedding_light_mirror_mvp,0.48466563,4753,0.4211283,0.42227793,0.41940382,亲密关系,社会比较与人生进度,0.47486365,4757
4758,踢足球,踢足球,3,tencent_ai_lab_chinese_embedding_light_mirror_mvp,0.51277763,2954,0.42110825,0.43742588,0.39663172,散步,约会,0.44159698,4758
4759,桃花运,桃花运,3,tencent_ai_lab_chinese_embedding_light_mirror_mvp,0.6686533,265,0.42105603,0.42382497,0.41690254,初恋,社会比较与人生进度,0.49885988,4759
4760,工头,工头,2,tencent_ai_lab_chinese_embedding_light_mirror_mvp,0.5098408,3108,0.42098957,0.4217667,0.4198238,老公,婚恋,0.44681883,4760
4761,天秤座,天秤座,3,tencent_ai_lab_chinese_embedding_light_mirror_mvp,0.63465958,434,0.42081153,0.42456189,0.41518602,对象,对象关系,0.47594693,4761
4762,体罚,体罚,2,tencent_ai_lab_chinese_embedding_light_mirror_mvp,0.52809547,2311,0.42066017,0.42938,0.40758035,被追,社会比较与人生进度,0.4529739,4762
4763,弄假成真,弄假成真,4,tencent_ai_lab_chinese_embedding_light_mirror_mvp,0.48263022,4916,0.4204793,0.42771381,0.40962753,订婚,社会比较与人生进度,0.43826967,4763
4764,猫爸,猫爸,2,tencent_ai_lab_chinese_embedding_light_mirror_mvp,0.51475865,2843,0.42047131,0.42127466,0.41926622,亲密,亲密行为,0.47222039,4764
4765,天菜,天菜,2,tencent_ai_lab_chinese_embedding_light_mirror_mvp,0.49855044,3740,0.42046303,0.44472873,0.38406444,约饭,约会,0.38951147,4765
4766,升职,升职,2,tencent_ai_lab_chinese_embedding_light_mirror_mvp,0.49376734,4072,0.42045286,0.42443269,0.4144831,前任,社会比较与人生进度,0.48358145,4766
4767,速配,速配,2,tencent_ai_lab_chinese_embedding_light_mirror_mvp,0.55054218,1554,0.42029589,0.42476702,0.41358921,被追,表白与追求,0.45267129,4767
4768,八万块,八万块,3,tencent_ai_lab_chinese_embedding_light_mirror_mvp,0.54551756,1700,0.41958693,0.42484671,0.41169724,订婚,社会比较与人生进度,0.47781745,4768
4769,来日方长,来日方长,4,tencent_ai_lab_chinese_embedding_light_mirror_mvp,0.49667099,3864,0.41951135,0.42739952,0.40767908,对象,社会比较与人生进度,0.48964614,4769
4770,小冯,小冯,2,tencent_ai_lab_chinese_embedding_light_mirror_mvp,0.52547946,2394,0.41948181,0.42202044,0.41567382,同龄人,社会比较与人生进度,0.48964936,4770
4771,出类拔萃,出类拔萃,4,tencent_ai_lab_chinese_embedding_light_mirror_mvp,0.51052979,3067,0.41948032,0.42363465,0.41324878,落后,社会比较与人生进度,0.49097577,4771
4772,超哥,超哥,2,tencent_ai_lab_chinese_embedding_light_mirror_mvp,0.53630844,1995,0.41923448,0.42630571,0.4086276,男朋友,社会比较与人生进度,0.45209026,4772
4773,师父,师父,2,tencent_ai_lab_chinese_embedding_light_mirror_mvp,0.50243071,3506,0.41922063,0.4268536,0.40777111,丈夫,婚恋,0.46109062,4773
4774,妒火中烧,妒火中烧,4,tencent_ai_lab_chinese_embedding_light_mirror_mvp,0.51174197,3001,0.41911167,0.43203595,0.3997252,暗恋,社会比较与人生进度,0.44287616,4774
4775,媒体,媒体,2,tencent_ai_lab_chinese_embedding_light_mirror_mvp,0.48199537,4955,0.41900408,0.42043364,0.41685963,对象,约会,0.47567344,4775
4776,铁石心肠,铁石心肠,4,tencent_ai_lab_chinese_embedding_light_mirror_mvp,0.48458004,4761,0.41898006,0.42998037,0.40247956,感情史,亲密行为,0.44148573,4776
4777,鱼与熊掌,鱼与熊掌,4,tencent_ai_lab_chinese_embedding_light_mirror_mvp,0.48180662,4969,0.41885298,0.42738682,0.4060522,接吻,亲密行为,0.46229643,4777
4778,绝缘体,绝缘体,3,tencent_ai_lab_chinese_embedding_light_mirror_mvp,0.48290973,4888,0.41878527,0.42145997,0.4147732,单身,亲密行为,0.44587582,4778
4779,大操大办,大操大办,4,tencent_ai_lab_chinese_embedding_light_mirror_mvp,0.59092674,822,0.41860557,0.42959964,0.40211439,校服,校园恋爱,0.40828061,4779
4780,朝三暮四,朝三暮四,4,tencent_ai_lab_chinese_embedding_light_mirror_mvp,0.53108013,2193,0.4185549,0.42471015,0.40932202,落后,社会比较与人生进度,0.50648087,4780
4781,乐观主义,乐观主义,4,tencent_ai_lab_chinese_embedding_light_mirror_mvp,0.51850197,2664,0.41845804,0.42067462,0.41513315,拥抱,社会比较与人生进度,0.46955794,4781
4782,貌美如花,貌美如花,4,tencent_ai_lab_chinese_embedding_light_mirror_mvp,0.55277537,1500,0.41837144,0.42113596,0.41422462,恋情,社会比较与人生进度,0.48758584,4782
4783,下铺,下铺,2,tencent_ai_lab_chinese_embedding_light_mirror_mvp,0.50828592,3195,0.41833299,0.42692792,0.4054406,校服,约会,0.43787992,4783
4784,射精,射精,2,tencent_ai_lab_chinese_embedding_light_mirror_mvp,0.5344294,2057,0.41827506,0.41946334,0.41649255,单身,婚恋,0.47652346,4784
4785,水到渠成,水到渠成,4,tencent_ai_lab_chinese_embedding_light_mirror_mvp,0.49641966,3882,0.41802788,0.42030823,0.41460729,拥抱,亲密行为,0.48219514,4785
4786,乱伦,乱伦,2,tencent_ai_lab_chinese_embedding_light_mirror_mvp,0.52401779,2444,0.41800925,0.42293674,0.41061795,暗恋,社会比较与人生进度,0.4597581,4786
4787,风尘,风尘,2,tencent_ai_lab_chinese_embedding_light_mirror_mvp,0.48346304,4847,0.41800782,0.42215824,0.41178218,恋人,社会比较与人生进度,0.44662315,4787
4788,诗意,诗意,2,tencent_ai_lab_chinese_embedding_light_mirror_mvp,0.54829259,1621,0.41794893,0.41989723,0.41502646,爱情,表白与追求,0.49308509,4788
4789,翔子,翔子,2,tencent_ai_lab_chinese_embedding_light_mirror_mvp,0.50347022,3444,0.41778934,0.42088848,0.41314054,亲密,婚恋,0.44589198,4789
4790,冷场,冷场,2,tencent_ai_lab_chinese_embedding_light_mirror_mvp,0.48199458,4956,0.41768005,0.4225052,0.41044226,暗恋,约会,0.46492875,4790
4791,可岚,可岚,2,tencent_ai_lab_chinese_embedding_light_mirror_mvp,0.49964139,3675,0.4176724,0.4238089,0.40846753,同桌,社会比较与人生进度,0.43424261,4791
4792,学习障碍,学习障碍,4,tencent_ai_lab_chinese_embedding_light_mirror_mvp,0.48248787,4920,0.41748166,0.41835505,0.41617158,恋爱关系,社会比较与人生进度,0.52505183,4792
4793,真命天子,真命天子,4,tencent_ai_lab_chinese_embedding_light_mirror_mvp,0.56465044,1237,0.4174639,0.42973757,0.39905334,妻子,社会比较与人生进度,0.43794525,4793
4794,巨额财产,巨额财产,4,tencent_ai_lab_chinese_embedding_light_mirror_mvp,0.48778634,4493,0.4172042,0.42539954,0.40491119,被追,社会比较与人生进度,0.43503961,4794
4795,戏剧,戏剧,2,tencent_ai_lab_chinese_embedding_light_mirror_mvp,0.51540942,2805,0.41707683,0.41988641,0.41286239,感情史,表白与追求,0.47717881,4795
4796,政治课,政治课,3,tencent_ai_lab_chinese_embedding_light_mirror_mvp,0.49473629,4005,0.41697824,0.42670006,0.40239549,感情史,校园恋爱,0.44351175,4796
4797,狗血,狗血,2,tencent_ai_lab_chinese_embedding_light_mirror_mvp,0.56505127,1229,0.41692337,0.41943944,0.41314921,感情史,亲密行为,0.47501922,4797
4798,张馨予,张馨予,3,tencent_ai_lab_chinese_embedding_light_mirror_mvp,0.58444769,909,0.4169074,0.41938004,0.41319838,妻子,亲密行为,0.47396648,4798
4799,洗脚,洗脚,2,tencent_ai_lab_chinese_embedding_light_mirror_mvp,0.48327442,4864,0.41686904,0.43272692,0.39308214,散步,约会,0.39589515,4799
4800,言听计从,言听计从,4,tencent_ai_lab_chinese_embedding_light_mirror_mvp,0.49485601,3994,0.41671044,0.42056352,0.41093078,约饭,约会,0.46738929,4800
4801,高磊鑫,高磊鑫,3,tencent_ai_lab_chinese_embedding_light_mirror_mvp,0.5593102,1337,0.41653699,0.42378452,0.40566567,高中恋爱,社会比较与人生进度,0.46362197,4801
4802,口口声声,口口声声,4,tencent_ai_lab_chinese_embedding_light_mirror_mvp,0.48417752,4796,0.41652679,0.41793501,0.41441441,亲密关系,亲密行为,0.49362451,4802
4803,写作文,写作文,3,tencent_ai_lab_chinese_embedding_light_mirror_mvp,0.50738351,3238,0.41649389,0.42402178,0.405202,告白,社会比较与人生进度,0.45825064,4803
4804,防御机制,防御机制,4,tencent_ai_lab_chinese_embedding_light_mirror_mvp,0.5270955,2345,0.4162907,0.42974666,0.39610681,亲密关系,亲密行为,0.41889924,4804
4805,吊带装,吊带装,3,tencent_ai_lab_chinese_embedding_light_mirror_mvp,0.51656632,2748,0.41602588,0.42725271,0.39918557,校服,婚恋,0.36346614,4805
4806,大强,大强,2,tencent_ai_lab_chinese_embedding_light_mirror_mvp,0.49772762,3798,0.41593117,0.42513603,0.4021239,被追,表白与追求,0.43854719,4806
4807,干爹,干爹,2,tencent_ai_lab_chinese_embedding_light_mirror_mvp,0.58379993,918,0.41565865,0.41758192,0.4127737,老公,婚恋,0.47204024,4807
4808,河边,河边,2,tencent_ai_lab_chinese_embedding_light_mirror_mvp,0.56575228,1214,0.41561204,0.42673752,0.39892384,拥抱,亲密行为,0.46436262,4808
4809,三哥,三哥,2,tencent_ai_lab_chinese_embedding_light_mirror_mvp,0.5190467,2645,0.41554978,0.42050284,0.40812016,男朋友,社会比较与人生进度,0.43768147,4809
4810,长头发,长头发,3,tencent_ai_lab_chinese_embedding_light_mirror_mvp,0.5084558,3185,0.41541183,0.41967565,0.40901613,青春,社会比较与人生进度,0.49266005,4810
4811,傧相,傧相,2,tencent_ai_lab_chinese_embedding_light_mirror_mvp,0.58272063,932,0.41532493,0.41821605,0.41098818,感情史,社会比较与人生进度,0.4620772,4811
4812,长文,长文,2,tencent_ai_lab_chinese_embedding_light_mirror_mvp,0.51033533,3078,0.41529632,0.42087013,0.40693554,亲密,社会比较与人生进度,0.4556331,4812
4813,肝胆相照,肝胆相照,4,tencent_ai_lab_chinese_embedding_light_mirror_mvp,0.49236534,4160,0.41525269,0.4191491,0.409408,亲密,亲密行为,0.45017451,4813
4814,金牛座,金牛座,3,tencent_ai_lab_chinese_embedding_light_mirror_mvp,0.59331846,792,0.41493666,0.41803509,0.41028902,约会对象,社会比较与人生进度,0.45363477,4814
4815,动因,动因,2,tencent_ai_lab_chinese_embedding_light_mirror_mvp,0.48403234,4804,0.41485429,0.41796854,0.41018283,对象,社会比较与人生进度,0.47002152,4815
4816,班花,班花,2,tencent_ai_lab_chinese_embedding_light_mirror_mvp,0.72926917,126,0.4147976,0.41810548,0.40983567,校园恋爱,社会比较与人生进度,0.45409501,4816
4817,迷彩,迷彩,2,tencent_ai_lab_chinese_embedding_light_mirror_mvp,0.51237209,2973,0.41457146,0.41757458,0.41006675,暗恋,表白与追求,0.49443397,4817
4818,逗狗,逗狗,2,tencent_ai_lab_chinese_embedding_light_mirror_mvp,0.51134789,3024,0.41453284,0.41844285,0.40866771,拥抱,亲密行为,0.45131242,4818
4819,红地毯,红地毯,3,tencent_ai_lab_chinese_embedding_light_mirror_mvp,0.54674835,1671,0.41453019,0.42677236,0.39616689,婚礼,亲密行为,0.42793602,4819
4820,复联,复联,2,tencent_ai_lab_chinese_embedding_light_mirror_mvp,0.49957074,3682,0.41394669,0.4141452,0.41364887,单身,社会比较与人生进度,0.45487055,4820
4821,三奶,三奶,2,tencent_ai_lab_chinese_embedding_light_mirror_mvp,0.51350058,2911,0.41372687,0.4272227,0.39348307,老婆,亲密行为,0.4086448,4821
4822,心肝宝贝,心肝宝贝,4,tencent_ai_lab_chinese_embedding_light_mirror_mvp,0.5072263,3247,0.41372633,0.4215979,0.40191898,感情史,亲密行为,0.44227466,4822
4823,乖孩子,乖孩子,3,tencent_ai_lab_chinese_embedding_light_mirror_mvp,0.49625645,3895,0.41364869,0.41493809,0.41171455,亲密,亲密行为,0.4686631,4823
4824,属鸡,属鸡,2,tencent_ai_lab_chinese_embedding_light_mirror_mvp,0.52322047,2472,0.41356629,0.42080337,0.40271065,伴侣,社会比较与人生进度,0.46429446,4824
4825,喇叭裤,喇叭裤,3,tencent_ai_lab_chinese_embedding_light_mirror_mvp,0.50328058,3452,0.41337693,0.42468432,0.39641586,校服,亲密行为,0.38679558,4825
4826,陈妍希,陈妍希,3,tencent_ai_lab_chinese_embedding_light_mirror_mvp,0.56589555,1212,0.41321856,0.41502964,0.41050193,老婆,表白与追求,0.47935319,4826
4827,夹克,夹克,2,tencent_ai_lab_chinese_embedding_light_mirror_mvp,0.56310911,1267,0.41311324,0.41655445,0.40795135,拥抱,约会,0.43370962,4827
4828,浪迹天涯,浪迹天涯,4,tencent_ai_lab_chinese_embedding_light_mirror_mvp,0.49486064,3993,0.41300684,0.41791838,0.4056395,爱情,社会比较与人生进度,0.45395645,4828
4829,貌合神离,貌合神离,4,tencent_ai_lab_chinese_embedding_light_mirror_mvp,0.55449435,1450,0.41262162,0.41599864,0.40755606,约饭,约会,0.44876468,4829
4830,小井,小井,2,tencent_ai_lab_chinese_embedding_light_mirror_mvp,0.4850823,4715,0.41255695,0.41377079,0.41073611,初吻,社会比较与人生进度,0.44366765,4830
4831,湖畔,湖畔,2,tencent_ai_lab_chinese_embedding_light_mirror_mvp,0.49643556,3881,0.41243088,0.41822201,0.40374413,恋人,亲密行为,0.46048385,4831
4832,调皮,调皮,2,tencent_ai_lab_chinese_embedding_light_mirror_mvp,0.50620298,3308,0.41236538,0.41856277,0.40306923,亲密,亲密行为,0.46048898,4832
4833,百依百顺,百依百顺,4,tencent_ai_lab_chinese_embedding_light_mirror_mvp,0.63202024,449,0.41225129,0.41423967,0.40926871,牵手,亲密行为,0.47070181,4833
4834,丹哥,丹哥,2,tencent_ai_lab_chinese_embedding_light_mirror_mvp,0.51936544,2633,0.41202527,0.41510922,0.40739933,亲密,社会比较与人生进度,0.44807667,4834
4835,游山玩水,游山玩水,4,tencent_ai_lab_chinese_embedding_light_mirror_mvp,0.5284058,2297,0.41186726,0.42678267,0.38949409,散步,约会,0.44364882,4835
4836,教导处,教导处,3,tencent_ai_lab_chinese_embedding_light_mirror_mvp,0.4955315,3943,0.41185805,0.41365695,0.40915969,学生情侣,社会比较与人生进度,0.45315155,4836
4837,海滩,海滩,2,tencent_ai_lab_chinese_embedding_light_mirror_mvp,0.48465168,4755,0.41175538,0.4195306,0.40009248,散步,对象关系,0.41447613,4837
4838,彩排,彩排,2,tencent_ai_lab_chinese_embedding_light_mirror_mvp,0.55325958,1491,0.41163975,0.41427279,0.40769017,牵手,约会,0.44953632,4838
4839,天秤,天秤,2,tencent_ai_lab_chinese_embedding_light_mirror_mvp,0.61035399,598,0.41163498,0.4170813,0.40346542,对象,对象关系,0.46049619,4839
4840,半袖,半袖,2,tencent_ai_lab_chinese_embedding_light_mirror_mvp,0.54971263,1577,0.41139269,0.41440374,0.40687609,校服,社会比较与人生进度,0.45463479,4840
4841,露骨,露骨,2,tencent_ai_lab_chinese_embedding_light_mirror_mvp,0.51545287,2804,0.4112969,0.41646934,0.40353826,告白,亲密行为,0.44453442,4841
4842,小气,小气,2,tencent_ai_lab_chinese_embedding_light_mirror_mvp,0.50444797,3391,0.41122323,0.41279647,0.40886331,拥抱,社会比较与人生进度,0.47928607,4842
4843,作文课,作文课,3,tencent_ai_lab_chinese_embedding_light_mirror_mvp,0.50266056,3495,0.41118351,0.41338384,0.40788296,同桌,表白与追求,0.44738838,4843
4844,黑粉,黑粉,2,tencent_ai_lab_chinese_embedding_light_mirror_mvp,0.54889326,1600,0.41099364,0.41525483,0.40460181,暗恋,表白与追求,0.48319581,4844
4845,尖子生,尖子生,3,tencent_ai_lab_chinese_embedding_light_mirror_mvp,0.5746061,1060,0.41076854,0.41285503,0.40763876,学生情侣,社会比较与人生进度,0.48814785,4845
4846,跳楼自杀,跳楼自杀,4,tencent_ai_lab_chinese_embedding_light_mirror_mvp,0.49497483,3979,0.41050145,0.41161376,0.40883294,错过青春,社会比较与人生进度,0.50161159,4846
4847,强哥,强哥,2,tencent_ai_lab_chinese_embedding_light_mirror_mvp,0.54368551,1759,0.4103322,0.41284549,0.40656221,被追,亲密行为,0.45186168,4847
4848,肚子疼,肚子疼,3,tencent_ai_lab_chinese_embedding_light_mirror_mvp,0.50594254,3325,0.40993726,0.41046336,0.40914807,老公,社会比较与人生进度,0.46765351,4848
4849,小欧,小欧,2,tencent_ai_lab_chinese_embedding_light_mirror_mvp,0.57551785,1045,0.40975884,0.41982466,0.39466009,脱单,表白与追求,0.45308292,4849
4850,湖边,湖边,2,tencent_ai_lab_chinese_embedding_light_mirror_mvp,0.58568871,888,0.40951997,0.41382045,0.40306923,拥抱,亲密行为,0.46200565,4850
4851,中山装,中山装,3,tencent_ai_lab_chinese_embedding_light_mirror_mvp,0.55766954,1377,0.40948284,0.43584454,0.36994019,校服,社会比较与人生进度,0.37312144,4851
4852,生殖器,生殖器,3,tencent_ai_lab_chinese_embedding_light_mirror_mvp,0.50592595,3326,0.40938014,0.41396713,0.40249959,母胎单身,婚恋,0.42802215,4852
4853,划船,划船,2,tencent_ai_lab_chinese_embedding_light_mirror_mvp,0.52472816,2422,0.40910771,0.41266939,0.40376517,约会,约会,0.44026357,4853
4854,媒妁之言,媒妁之言,4,tencent_ai_lab_chinese_embedding_light_mirror_mvp,0.56818836,1159,0.40901685,0.410088,0.40741006,约饭,社会比较与人生进度,0.46746489,4854
4855,团支书,团支书,3,tencent_ai_lab_chinese_embedding_light_mirror_mvp,0.55778689,1374,0.40862954,0.41084096,0.40531239,校服,约会,0.42155802,4855
4856,游乐场,游乐场,3,tencent_ai_lab_chinese_embedding_light_mirror_mvp,0.52467155,2425,0.40851134,0.41200396,0.40327236,约会,约会,0.45466632,4856
4857,主奴,主奴,2,tencent_ai_lab_chinese_embedding_light_mirror_mvp,0.51692569,2735,0.40837657,0.41412154,0.39975905,老公,社会比较与人生进度,0.45913941,4857
4858,江边,江边,2,tencent_ai_lab_chinese_embedding_light_mirror_mvp,0.50351955,3439,0.40795726,0.41301882,0.40036488,妻子,社会比较与人生进度,0.43365893,4858
4859,柴米油盐,柴米油盐,4,tencent_ai_lab_chinese_embedding_light_mirror_mvp,0.60558101,658,0.40785044,0.42463842,0.3826685,约饭,社会比较与人生进度,0.39812577,4859
4860,狮子座,狮子座,3,tencent_ai_lab_chinese_embedding_light_mirror_mvp,0.59739248,744,0.40775737,0.40846974,0.40668878,母胎单身,对象关系,0.45366883,4860
4861,细水长流,细水长流,4,tencent_ai_lab_chinese_embedding_light_mirror_mvp,0.5781652,1007,0.40730125,0.4126057,0.39934453,亲密,亲密行为,0.45648915,4861
4862,变美变,变美变,3,tencent_ai_lab_chinese_embedding_light_mirror_mvp,0.51075758,3056,0.4070667,0.41499388,0.39517596,落后,社会比较与人生进度,0.47023746,4862
4863,艺术创作,艺术创作,4,tencent_ai_lab_chinese_embedding_light_mirror_mvp,0.49886895,3723,0.40690327,0.41309023,0.39762279,爱情,表白与追求,0.45919842,4863
4864,芳华,芳华,2,tencent_ai_lab_chinese_embedding_light_mirror_mvp,0.57411945,1069,0.40685523,0.40947449,0.40292636,初恋,社会比较与人生进度,0.49512792,4864
4865,面基,面基,2,tencent_ai_lab_chinese_embedding_light_mirror_mvp,0.59141061,813,0.40661758,0.41208756,0.39841256,脱单,婚恋,0.43693206,4865
4866,剧组,剧组,2,tencent_ai_lab_chinese_embedding_light_mirror_mvp,0.5149253,2826,0.40655464,0.41651636,0.39161205,被追,社会比较与人生进度,0.44394517,4866
4867,愚人节,愚人节,3,tencent_ai_lab_chinese_embedding_light_mirror_mvp,0.56341367,1263,0.40631288,0.41635889,0.39124379,恋人,社会比较与人生进度,0.42273206,4867
4868,外孙,外孙,2,tencent_ai_lab_chinese_embedding_light_mirror_mvp,0.61072673,596,0.40615636,0.4117831,0.39771628,同龄人,社会比较与人生进度,0.42136782,4868
4869,网管,网管,2,tencent_ai_lab_chinese_embedding_light_mirror_mvp,0.48350645,4843,0.40615302,0.41079432,0.39919099,校服,亲密行为,0.42566597,4869
4870,五五开,五五开,3,tencent_ai_lab_chinese_embedding_light_mirror_mvp,0.48719559,4534,0.40588063,0.41377836,0.394034,被追,社会比较与人生进度,0.46202406,4870
4871,打屁股,打屁股,3,tencent_ai_lab_chinese_embedding_light_mirror_mvp,0.49389127,4064,0.40585595,0.41151896,0.39736137,老公,约会,0.41766179,4871
4872,下地干活,下地干活,4,tencent_ai_lab_chinese_embedding_light_mirror_mvp,0.50413947,3401,0.40555197,0.41240525,0.39527205,人生阶段,社会比较与人生进度,0.45139611,4872
4873,海枯石烂,海枯石烂,4,tencent_ai_lab_chinese_embedding_light_mirror_mvp,0.56708815,1184,0.40532359,0.42639306,0.37371933,落后,表白与追求,0.37064105,4873
4874,倒插门,倒插门,3,tencent_ai_lab_chinese_embedding_light_mirror_mvp,0.57335899,1079,0.40519559,0.41035512,0.39745626,落后,亲密行为,0.40313169,4874
4875,小军,小军,2,tencent_ai_lab_chinese_embedding_light_mirror_mvp,0.51361593,2900,0.40510321,0.40548259,0.40453407,拥抱,社会比较与人生进度,0.49438503,4875
4876,风雨,风雨,2,tencent_ai_lab_chinese_embedding_light_mirror_mvp,0.48211273,4948,0.40442038,0.40493375,0.40365031,感情史,社会比较与人生进度,0.46586674,4876
4877,艳照,艳照,2,tencent_ai_lab_chinese_embedding_light_mirror_mvp,0.60250037,684,0.40433455,0.40708274,0.4002122,拥抱,表白与追求,0.44439146,4877
4878,民政局,民政局,3,tencent_ai_lab_chinese_embedding_light_mirror_mvp,0.53932729,1898,0.4041855,0.40689087,0.40012744,结婚,社会比较与人生进度,0.43150359,4878
4879,花车,花车,2,tencent_ai_lab_chinese_embedding_light_mirror_mvp,0.50482767,3378,0.40396354,0.41035455,0.39437699,散步,约会,0.40810928,4879
4880,晃悠,晃悠,2,tencent_ai_lab_chinese_embedding_light_mirror_mvp,0.48172771,4984,0.40382227,0.41452992,0.38776076,散步,表白与追求,0.43961191,4880
4881,素芳,素芳,2,tencent_ai_lab_chinese_embedding_light_mirror_mvp,0.51903567,2648,0.40368497,0.40770614,0.39765325,拥抱,社会比较与人生进度,0.45017755,4881
4882,二奶,二奶,2,tencent_ai_lab_chinese_embedding_light_mirror_mvp,0.60798174,627,0.40368432,0.40472919,0.40211701,接吻,亲密行为,0.44205189,4882
4883,海边,海边,2,tencent_ai_lab_chinese_embedding_light_mirror_mvp,0.54500828,1716,0.40368122,0.40984204,0.39443991,拥抱,亲密行为,0.43495345,4883
4884,绿帽子,绿帽子,3,tencent_ai_lab_chinese_embedding_light_mirror_mvp,0.56087074,1309,0.40342578,0.41099626,0.39207003,拥抱,亲密行为,0.41477746,4884
4885,小西,小西,2,tencent_ai_lab_chinese_embedding_light_mirror_mvp,0.57733138,1023,0.4033758,0.40464586,0.40147066,丈夫,社会比较与人生进度,0.4610042,4885
4886,佳妮,佳妮,2,tencent_ai_lab_chinese_embedding_light_mirror_mvp,0.56768072,1171,0.40323797,0.40705529,0.39751196,妻子,婚恋,0.42273873,4886
4887,草坪,草坪,2,tencent_ai_lab_chinese_embedding_light_mirror_mvp,0.53789331,1947,0.40323532,0.42617375,0.36882767,散步,约会,0.36186111,4887
4888,狮子,狮子,2,tencent_ai_lab_chinese_embedding_light_mirror_mvp,0.49495374,3982,0.40305161,0.40393662,0.40172413,单身,对象关系,0.44659919,4888
4889,阿坤,阿坤,2,tencent_ai_lab_chinese_embedding_light_mirror_mvp,0.50346345,3446,0.40277648,0.40902573,0.39340258,青春,社会比较与人生进度,0.45613649,4889
4890,自由主义,自由主义,4,tencent_ai_lab_chinese_embedding_light_mirror_mvp,0.48479289,4738,0.40238625,0.40567228,0.39745721,单身,社会比较与人生进度,0.4575547,4890
4891,换尿布,换尿布,3,tencent_ai_lab_chinese_embedding_light_mirror_mvp,0.50321306,3459,0.40232426,0.40690297,0.39545619,前男友,婚恋,0.41179174,4891
4892,剧本,剧本,2,tencent_ai_lab_chinese_embedding_light_mirror_mvp,0.48648171,4593,0.40228033,0.40390277,0.39984664,亲密,社会比较与人生进度,0.46491545,4892
4893,绝地反击,绝地反击,4,tencent_ai_lab_chinese_embedding_light_mirror_mvp,0.49692777,3839,0.40203023,0.40845579,0.39239183,被追,社会比较与人生进度,0.41606361,4893
4894,安年,安年,2,tencent_ai_lab_chinese_embedding_light_mirror_mvp,0.49428005,4033,0.40197796,0.40501857,0.39741704,青春,社会比较与人生进度,0.44281441,4894
4895,露背,露背,2,tencent_ai_lab_chinese_embedding_light_mirror_mvp,0.48785483,4486,0.40181273,0.4058494,0.39575768,单身,亲密行为,0.43181098,4895
4896,牢狱之灾,牢狱之灾,4,tencent_ai_lab_chinese_embedding_light_mirror_mvp,0.48416109,4797,0.40105799,0.41252491,0.38385761,被追,社会比较与人生进度,0.43072185,4896
4897,黑哥,黑哥,2,tencent_ai_lab_chinese_embedding_light_mirror_mvp,0.50288343,3477,0.40094221,0.40894657,0.38893566,前男友,社会比较与人生进度,0.42026827,4897
4898,棉袜,棉袜,2,tencent_ai_lab_chinese_embedding_light_mirror_mvp,0.48714235,4543,0.40090877,0.40941322,0.38815212,校服,亲密行为,0.40258583,4898
4899,昆凌,昆凌,2,tencent_ai_lab_chinese_embedding_light_mirror_mvp,0.55119181,1537,0.40018287,0.40122858,0.39861429,伴侣,社会比较与人生进度,0.42816567,4899
4900,主治医生,主治医生,4,tencent_ai_lab_chinese_embedding_light_mirror_mvp,0.49139898,4229,0.40011892,0.40690809,0.38993511,老公,社会比较与人生进度,0.4425801,4900
4901,美眉,美眉,2,tencent_ai_lab_chinese_embedding_light_mirror_mvp,0.48158031,4999,0.40010613,0.40322286,0.39543107,老婆,社会比较与人生进度,0.43898398,4901
4902,尸骨未寒,尸骨未寒,4,tencent_ai_lab_chinese_embedding_light_mirror_mvp,0.4829456,4883,0.40004438,0.40078843,0.39892825,没有对象,单身与脱单,0.43430457,4902
4903,课堂纪律,课堂纪律,4,tencent_ai_lab_chinese_embedding_light_mirror_mvp,0.53250505,2130,0.39997271,0.40294224,0.39551839,校园恋爱,校园恋爱,0.46416917,4903
4904,朝九晚五,朝九晚五,4,tencent_ai_lab_chinese_embedding_light_mirror_mvp,0.48641313,4603,0.39996943,0.40346646,0.39472386,约饭,社会比较与人生进度,0.47119796,4904
4905,牛仔裤,牛仔裤,3,tencent_ai_lab_chinese_embedding_light_mirror_mvp,0.56645167,1197,0.39983699,0.40269271,0.39555338,男朋友,亲密行为,0.41793144,4905
4906,怄气,怄气,2,tencent_ai_lab_chinese_embedding_light_mirror_mvp,0.50504891,3358,0.39978957,0.40600893,0.39046052,拥抱,社会比较与人生进度,0.44218248,4906
4907,牙医,牙医,2,tencent_ai_lab_chinese_embedding_light_mirror_mvp,0.48990293,4331,0.39973772,0.40134853,0.39732146,接吻,婚恋,0.4415547,4907
4908,试管婴儿,试管婴儿,4,tencent_ai_lab_chinese_embedding_light_mirror_mvp,0.49503392,3972,0.39965865,0.40147746,0.39693043,母胎单身,亲密行为,0.44088477,4908
4909,剧外,剧外,2,tencent_ai_lab_chinese_embedding_light_mirror_mvp,0.55624335,1408,0.39932716,0.4049961,0.39082369,老公,表白与追求,0.42947394,4909
4910,尿床,尿床,2,tencent_ai_lab_chinese_embedding_light_mirror_mvp,0.49795865,3780,0.39909768,0.40688962,0.38740978,老公,婚恋,0.44052035,4910
4911,丝袜,丝袜,2,tencent_ai_lab_chinese_embedding_light_mirror_mvp,0.5207872,2560,0.39909378,0.40218037,0.39446387,亲密,亲密行为,0.43896937,4911
4912,纽扣,纽扣,2,tencent_ai_lab_chinese_embedding_light_mirror_mvp,0.48391767,4812,0.39901197,0.40625638,0.3881453,被追,亲密行为,0.40057063,4912
4913,大发雷霆,大发雷霆,4,tencent_ai_lab_chinese_embedding_light_mirror_mvp,0.52170566,2519,0.39898205,0.40216208,0.39421201,前男友,社会比较与人生进度,0.45625642,4913
4914,黄父,黄父,2,tencent_ai_lab_chinese_embedding_light_mirror_mvp,0.54995608,1566,0.3989225,0.40547681,0.38909104,丈夫,婚恋,0.4449231,4914
4915,村长,村长,2,tencent_ai_lab_chinese_embedding_light_mirror_mvp,0.49000775,4321,0.39884961,0.39930379,0.3981683,前任,婚恋,0.45705944,4915
4916,大林,大林,2,tencent_ai_lab_chinese_embedding_light_mirror_mvp,0.49203538,4183,0.39866531,0.40311614,0.39198902,大学恋爱,亲密行为,0.41438043,4916
4917,贤内助,贤内助,3,tencent_ai_lab_chinese_embedding_light_mirror_mvp,0.62964094,468,0.39851004,0.39958066,0.39690408,前男友,恋爱历史,0.41596672,4917
4918,赌王,赌王,2,tencent_ai_lab_chinese_embedding_light_mirror_mvp,0.49372967,4076,0.39824909,0.40309989,0.39097285,脱单,单身与脱单,0.43051517,4918
4919,阿水,阿水,2,tencent_ai_lab_chinese_embedding_light_mirror_mvp,0.50441898,3392,0.39823854,0.40094399,0.39418033,接吻,亲密行为,0.45776594,4919
4920,华哥,华哥,2,tencent_ai_lab_chinese_embedding_light_mirror_mvp,0.58255571,936,0.39783442,0.39961064,0.39517012,男朋友,社会比较与人生进度,0.43951458,4920
4921,南湖公园,南湖公园,4,tencent_ai_lab_chinese_embedding_light_mirror_mvp,0.48415153,4799,0.39777476,0.40910044,0.38078621,校园恋爱,社会比较与人生进度,0.40150243,4921
4922,故乡,故乡,2,tencent_ai_lab_chinese_embedding_light_mirror_mvp,0.50168812,3553,0.39737415,0.39962724,0.39399445,青春,社会比较与人生进度,0.48403928,4922
4923,爆光,爆光,2,tencent_ai_lab_chinese_embedding_light_mirror_mvp,0.48825039,4455,0.39725718,0.39893544,0.39473978,被追,社会比较与人生进度,0.43882236,4923
4924,三毛,三毛,2,tencent_ai_lab_chinese_embedding_light_mirror_mvp,0.51483911,2836,0.3970986,0.39812851,0.39555368,拥抱,社会比较与人生进度,0.47833866,4924
4925,护士长,护士长,3,tencent_ai_lab_chinese_embedding_light_mirror_mvp,0.48746681,4517,0.39708641,0.40135095,0.39068958,伴侣,社会比较与人生进度,0.43167314,4925
4926,混圈,混圈,2,tencent_ai_lab_chinese_embedding_light_mirror_mvp,0.51113064,3032,0.39690602,0.39734387,0.3962492,落后,社会比较与人生进度,0.48793954,4926
4927,马苏,马苏,2,tencent_ai_lab_chinese_embedding_light_mirror_mvp,0.58998696,829,0.39683944,0.40488398,0.38477263,被追,社会比较与人生进度,0.43204349,4927
4928,大逆转,大逆转,3,tencent_ai_lab_chinese_embedding_light_mirror_mvp,0.48924743,4379,0.39676958,0.40283346,0.38767371,落后,社会比较与人生进度,0.44590947,4928
4929,日记本,日记本,3,tencent_ai_lab_chinese_embedding_light_mirror_mvp,0.4852449,4700,0.39657944,0.39737153,0.39539132,感情史,社会比较与人生进度,0.44358942,4929
4930,英雄主义,英雄主义,4,tencent_ai_lab_chinese_embedding_light_mirror_mvp,0.51502632,2822,0.39656758,0.3972784,0.39550138,追求,社会比较与人生进度,0.44089025,4930
4931,上纲上线,上纲上线,4,tencent_ai_lab_chinese_embedding_light_mirror_mvp,0.48644421,4595,0.39646906,0.40085906,0.389884,拥抱,社会比较与人生进度,0.47769141,4931
4932,六叔,六叔,2,tencent_ai_lab_chinese_embedding_light_mirror_mvp,0.53531961,2025,0.39609349,0.40289631,0.38588917,同龄人,婚恋,0.40746552,4932
4933,房祖名,房祖名,3,tencent_ai_lab_chinese_embedding_light_mirror_mvp,0.53216503,2146,0.39577958,0.39932221,0.39046559,结婚,婚恋,0.44852242,4933
4934,大壮,大壮,2,tencent_ai_lab_chinese_embedding_light_mirror_mvp,0.55149473,1528,0.39559472,0.39690033,0.39363626,拥抱,亲密行为,0.43801454,4934
4935,如胶似漆,如胶似漆,4,tencent_ai_lab_chinese_embedding_light_mirror_mvp,0.66148274,297,0.3955332,0.41019928,0.37353405,亲密,表白与追求,0.43126464,4935
4936,黄觉,黄觉,2,tencent_ai_lab_chinese_embedding_light_mirror_mvp,0.49125012,4237,0.39521432,0.39762253,0.39160204,感情史,社会比较与人生进度,0.46667051,4936
4937,无业游民,无业游民,4,tencent_ai_lab_chinese_embedding_light_mirror_mvp,0.4961036,3909,0.39489132,0.39491647,0.39485359,没有对象,单身与脱单,0.44674733,4937
4938,安度晚年,安度晚年,4,tencent_ai_lab_chinese_embedding_light_mirror_mvp,0.50323678,3455,0.39468348,0.39509469,0.39406666,约饭,社会比较与人生进度,0.45917374,4938
4939,暖化,暖化,2,tencent_ai_lab_chinese_embedding_light_mirror_mvp,0.49560715,3936,0.39427418,0.39948237,0.38646182,散步,亲密行为,0.43260646,4939
4940,蹦迪,蹦迪,2,tencent_ai_lab_chinese_embedding_light_mirror_mvp,0.49779652,3793,0.39391363,0.39852318,0.38699928,脱单,约会,0.4283123,4940
4941,甚笃,甚笃,2,tencent_ai_lab_chinese_embedding_light_mirror_mvp,0.51346912,2913,0.39377475,0.39602274,0.3904027,亲密,表白与追求,0.43132427,4941
4942,地久天长,地久天长,4,tencent_ai_lab_chinese_embedding_light_mirror_mvp,0.5923154,799,0.39371735,0.39583829,0.39053595,喜欢的人,社会比较与人生进度,0.45623595,4942
4943,三姑,三姑,2,tencent_ai_lab_chinese_embedding_light_mirror_mvp,0.48820811,4457,0.39331055,0.39374006,0.39266625,订婚,婚恋,0.46707445,4943
4944,作业本,作业本,3,tencent_ai_lab_chinese_embedding_light_mirror_mvp,0.60579497,652,0.39305556,0.39472905,0.39054528,学生情侣,校园恋爱,0.44109073,4944
4945,亮哥,亮哥,2,tencent_ai_lab_chinese_embedding_light_mirror_mvp,0.58261337,935,0.39286372,0.39418507,0.39088166,男朋友,表白与追求,0.45474893,4945
4946,嬉皮笑脸,嬉皮笑脸,4,tencent_ai_lab_chinese_embedding_light_mirror_mvp,0.48177001,4977,0.39284644,0.39484933,0.38984203,暗恋,社会比较与人生进度,0.43332195,4946
4947,罚站,罚站,2,tencent_ai_lab_chinese_embedding_light_mirror_mvp,0.54003633,1873,0.39194143,0.40093967,0.37844399,被追,约会,0.39790705,4947
4948,代沟,代沟,2,tencent_ai_lab_chinese_embedding_light_mirror_mvp,0.51678978,2742,0.39190364,0.39269733,0.39071301,同龄人,社会比较与人生进度,0.43689275,4948
4949,狗仔队,狗仔队,3,tencent_ai_lab_chinese_embedding_light_mirror_mvp,0.5163987,2756,0.39147162,0.39847761,0.38096261,前男友,亲密行为,0.41728038,4949
4950,兜风,兜风,2,tencent_ai_lab_chinese_embedding_light_mirror_mvp,0.54994655,1568,0.39094132,0.39303115,0.38780656,牵手,亲密行为,0.4070875,4950
4951,志军,志军,2,tencent_ai_lab_chinese_embedding_light_mirror_mvp,0.50276259,3486,0.39088529,0.39143631,0.39005879,男朋友,社会比较与人生进度,0.43668085,4951
4952,四奶,四奶,2,tencent_ai_lab_chinese_embedding_light_mirror_mvp,0.48359414,4834,0.3907885,0.39469391,0.38493028,约饭,亲密行为,0.41293257,4952
4953,风花雪月,风花雪月,4,tencent_ai_lab_chinese_embedding_light_mirror_mvp,0.57975324,980,0.38996175,0.39244866,0.38623133,恋人,恋爱核心,0.42181265,4953
4954,循规蹈矩,循规蹈矩,4,tencent_ai_lab_chinese_embedding_light_mirror_mvp,0.49317703,4108,0.38989216,0.39301431,0.38520893,散步,社会比较与人生进度,0.44788247,4954
4955,李玟,李玟,2,tencent_ai_lab_chinese_embedding_light_mirror_mvp,0.48544298,4679,0.38891378,0.38988099,0.38746294,单身,恋爱历史,0.42611176,4955
4956,主旋律,主旋律,3,tencent_ai_lab_chinese_embedding_light_mirror_mvp,0.48769767,4502,0.38868123,0.38932014,0.38772282,青春,社会比较与人生进度,0.44247341,4956
4957,文工团,文工团,3,tencent_ai_lab_chinese_embedding_light_mirror_mvp,0.4843545,4782,0.38866848,0.39234126,0.38315928,青春,社会比较与人生进度,0.43333852,4957
4958,闹洞房,闹洞房,3,tencent_ai_lab_chinese_embedding_light_mirror_mvp,0.59694781,750,0.38859341,0.39634424,0.3769671,婚礼,亲密行为,0.41299552,4958
4959,三角裤,三角裤,3,tencent_ai_lab_chinese_embedding_light_mirror_mvp,0.49856143,3737,0.38824773,0.39907223,0.37201095,校服,亲密行为,0.38611615,4959
4960,扎小辫,扎小辫,3,tencent_ai_lab_chinese_embedding_light_mirror_mvp,0.48243655,4924,0.38809627,0.39210027,0.38209024,订婚,社会比较与人生进度,0.42526335,4960
4961,王室,王室,2,tencent_ai_lab_chinese_embedding_light_mirror_mvp,0.49113743,4240,0.38698265,0.38901919,0.38392782,落后,表白与追求,0.43959939,4961
4962,灯芯绒,灯芯绒,3,tencent_ai_lab_chinese_embedding_light_mirror_mvp,0.48988611,4333,0.38686049,0.40622312,0.35781646,校服,亲密行为,0.36779827,4962
4963,水瓶座,水瓶座,3,tencent_ai_lab_chinese_embedding_light_mirror_mvp,0.61957383,538,0.38621837,0.39146882,0.37834263,对象,对象关系,0.42924935,4963
4964,满月酒,满月酒,3,tencent_ai_lab_chinese_embedding_light_mirror_mvp,0.62909514,475,0.38556308,0.39291525,0.37453476,约饭,社会比较与人生进度,0.3948862,4964
4965,洋娃娃,洋娃娃,3,tencent_ai_lab_chinese_embedding_light_mirror_mvp,0.51666499,2745,0.38543573,0.39294112,0.3741776,母胎单身,社会比较与人生进度,0.40182674,4965
4966,满城风雨,满城风雨,4,tencent_ai_lab_chinese_embedding_light_mirror_mvp,0.4962606,3894,0.38525337,0.39326543,0.37323532,落后,社会比较与人生进度,0.44149557,4966
4967,压哨,压哨,2,tencent_ai_lab_chinese_embedding_light_mirror_mvp,0.48342774,4851,0.38332528,0.38467187,0.38130534,被追,社会比较与人生进度,0.42909041,4967
4968,水瓶,水瓶,2,tencent_ai_lab_chinese_embedding_light_mirror_mvp,0.54397931,1747,0.38181117,0.38322222,0.37969458,对象,表白与追求,0.43984681,4968
4969,小海,小海,2,tencent_ai_lab_chinese_embedding_light_mirror_mvp,0.51381788,2887,0.38172644,0.3841497,0.37809154,拥抱,社会比较与人生进度,0.4304353,4969
4970,大宝,大宝,2,tencent_ai_lab_chinese_embedding_light_mirror_mvp,0.51422958,2868,0.38147682,0.38422316,0.37735724,大学恋爱,社会比较与人生进度,0.41400108,4970
4971,阿江,阿江,2,tencent_ai_lab_chinese_embedding_light_mirror_mvp,0.53244785,2132,0.38044745,0.38593698,0.3722131,拥抱,约会,0.42445222,4971
4972,修理工,修理工,3,tencent_ai_lab_chinese_embedding_light_mirror_mvp,0.48167583,4988,0.38016289,0.38310307,0.37575257,追求,婚恋,0.42706642,4972
4973,炎亚纶,炎亚纶,3,tencent_ai_lab_chinese_embedding_light_mirror_mvp,0.52719288,2340,0.37934726,0.39716589,0.35261926,前男友,恋爱历史,0.39548916,4973
4974,丽萨,丽萨,2,tencent_ai_lab_chinese_embedding_light_mirror_mvp,0.50185183,3543,0.37880361,0.37914455,0.3782922,老婆,婚恋,0.40924212,4974
4975,笔袋,笔袋,2,tencent_ai_lab_chinese_embedding_light_mirror_mvp,0.49728489,3825,0.37869519,0.38387769,0.37092137,牵手,亲密行为,0.42360258,4975
4976,开豪车,开豪车,3,tencent_ai_lab_chinese_embedding_light_mirror_mvp,0.51812744,2683,0.37863716,0.37985513,0.37681019,婚礼,社会比较与人生进度,0.4328748,4976
4977,泡温泉,泡温泉,3,tencent_ai_lab_chinese_embedding_light_mirror_mvp,0.53167624,2167,0.37843543,0.38095069,0.37466249,爱情,亲密行为,0.4093554,4977
4978,辣鸡,辣鸡,2,tencent_ai_lab_chinese_embedding_light_mirror_mvp,0.54272017,1787,0.37817121,0.38702938,0.3648839,约饭,社会比较与人生进度,0.38920325,4978
4979,港媒,港媒,2,tencent_ai_lab_chinese_embedding_light_mirror_mvp,0.51556972,2797,0.37817007,0.37901533,0.37690222,感情史,社会比较与人生进度,0.44106501,4979
4980,金牛,金牛,2,tencent_ai_lab_chinese_embedding_light_mirror_mvp,0.5460326,1683,0.37798178,0.37870419,0.37689814,情侣,社会比较与人生进度,0.41296262,4980
4981,天伦之乐,天伦之乐,4,tencent_ai_lab_chinese_embedding_light_mirror_mvp,0.48430753,4786,0.37743008,0.38197368,0.37061468,伴侣,社会比较与人生进度,0.40253448,4981
4982,尼坤,尼坤,2,tencent_ai_lab_chinese_embedding_light_mirror_mvp,0.50064557,3619,0.37601608,0.38366473,0.36454305,脱单,社会比较与人生进度,0.422232,4982
4983,山盟海誓,山盟海誓,4,tencent_ai_lab_chinese_embedding_light_mirror_mvp,0.6587435,306,0.37543684,0.38556439,0.36024556,婚礼,表白与追求,0.37969759,4983
4984,美华,美华,2,tencent_ai_lab_chinese_embedding_light_mirror_mvp,0.49484679,3996,0.37540382,0.37781179,0.37179187,老婆,表白与追求,0.43666166,4984
4985,耳语,耳语,2,tencent_ai_lab_chinese_embedding_light_mirror_mvp,0.5175843,2702,0.37469652,0.377794,0.37005028,恋人,社会比较与人生进度,0.42778766,4985
4986,桃色新闻,桃色新闻,4,tencent_ai_lab_chinese_embedding_light_mirror_mvp,0.58635925,878,0.37448168,0.3756316,0.37275675,感情史,恋爱历史,0.42831659,4986
4987,菅纫姿,菅纫姿,3,tencent_ai_lab_chinese_embedding_light_mirror_mvp,0.50013072,3653,0.37182388,0.37733799,0.36355266,丈夫,婚恋,0.41055512,4987
4988,香港媒体,香港媒体,4,tencent_ai_lab_chinese_embedding_light_mirror_mvp,0.53134719,2183,0.36995369,0.37021083,0.36956802,感情史,亲密行为,0.42206481,4988
4989,年轮,年轮,2,tencent_ai_lab_chinese_embedding_light_mirror_mvp,0.54236873,1805,0.36972201,0.37304759,0.36473355,母胎单身,社会比较与人生进度,0.42984533,4989
4990,花天酒地,花天酒地,4,tencent_ai_lab_chinese_embedding_light_mirror_mvp,0.55980067,1330,0.36912298,0.37389761,0.36196098,婚礼,约会,0.3941339,4990
4991,碧池,碧池,2,tencent_ai_lab_chinese_embedding_light_mirror_mvp,0.52828131,2303,0.36597115,0.37102365,0.35839233,初恋,表白与追求,0.38811129,4991
4992,鸡毛蒜皮,鸡毛蒜皮,4,tencent_ai_lab_chinese_embedding_light_mirror_mvp,0.48441843,4774,0.36250603,0.36446607,0.35956594,亲密,对象关系,0.39981371,4992
4993,巴厘岛,巴厘岛,3,tencent_ai_lab_chinese_embedding_light_mirror_mvp,0.48965247,4352,0.35952187,0.36087608,0.35749051,约会,约会,0.43112633,4993
4994,保鲜剂,保鲜剂,3,tencent_ai_lab_chinese_embedding_light_mirror_mvp,0.48578533,4655,0.35762453,0.35979223,0.35437301,追求,亲密行为,0.38662392,4994
4995,花花世界,花花世界,4,tencent_ai_lab_chinese_embedding_light_mirror_mvp,0.4845009,4767,0.35676417,0.35937211,0.35285223,校园恋爱,社会比较与人生进度,0.42436704,4995
4996,至尊宝,至尊宝,3,tencent_ai_lab_chinese_embedding_light_mirror_mvp,0.49633315,3888,0.3561765,0.35748231,0.35421777,落后,社会比较与人生进度,0.39157295,4996
4997,红杏出墙,红杏出墙,4,tencent_ai_lab_chinese_embedding_light_mirror_mvp,0.58118411,958,0.34689131,0.34772578,0.34563959,告白,社会比较与人生进度,0.40336221,4997
4998,大吐苦水,大吐苦水,4,tencent_ai_lab_chinese_embedding_light_mirror_mvp,0.48270804,4908,0.34338763,0.34538066,0.34039807,初吻,亲密行为,0.36346397,4998
4999,神补刀,神补刀,3,tencent_ai_lab_chinese_embedding_light_mirror_mvp,0.53088493,2202,0.34152207,0.34475315,0.33667541,前男友,表白与追求,0.35225791,4999
5000,平底鞋,平底鞋,3,tencent_ai_lab_chinese_embedding_light_mirror_mvp,0.49535186,3957,0.33100373,0.33292019,0.32812896,女朋友,社会比较与人生进度,0.37906986,5000
