id,term,normalized_term,length,source,fusion_score,fusion_rank,tencent_score,tencent_rank,bge_score,bge_rank,best_seed,best_category,review_status
1,前男友,前男友,3,tencent_ai_lab_chinese_embedding_light_mirror_mvp,0.99066609,1,0.95952582,6,0.95487571,4,前男友,恋爱历史,manual_keep
2,前女友,前女友,3,tencent_ai_lab_chinese_embedding_light_mirror_mvp,0.99051115,2,0.96191959,4,0.9500457,5,前女友,恋爱历史,manual_keep
3,老婆,老婆,2,tencent_ai_lab_chinese_embedding_light_mirror_mvp,0.99023332,3,0.96671963,2,0.94074512,13,老婆,婚恋,manual_keep
4,恋爱,恋爱,2,tencent_ai_lab_chinese_embedding_light_mirror_mvp,0.98996819,4,0.93890723,15,0.96197116,2,恋爱,恋爱核心,manual_keep
5,妻子,妻子,2,tencent_ai_lab_chinese_embedding_light_mirror_mvp,0.98989665,5,0.96703861,1,0.93477702,19,妻子,婚恋,manual_keep
6,丈夫,丈夫,2,tencent_ai_lab_chinese_embedding_light_mirror_mvp,0.98984149,6,0.96635027,3,0.9348222,18,丈夫,婚恋,manual_keep
7,约会,约会,2,tencent_ai_lab_chinese_embedding_light_mirror_mvp,0.98945397,7,0.93756411,16,0.95536816,3,约会,约会,manual_keep
8,恋情,恋情,2,tencent_ai_lab_chinese_embedding_light_mirror_mvp,0.98934268,8,0.92644799,24,0.96379173,1,恋情,恋爱核心,manual_keep
9,男朋友,男朋友,3,tencent_ai_lab_chinese_embedding_light_mirror_mvp,0.98917492,9,0.95656223,7,0.93382657,20,男朋友,对象关系,manual_keep
10,恋人,恋人,2,tencent_ai_lab_chinese_embedding_light_mirror_mvp,0.98910122,10,0.94397521,10,0.94449329,9,恋人,恋爱核心,manual_keep
11,女朋友,女朋友,3,tencent_ai_lab_chinese_embedding_light_mirror_mvp,0.98905844,11,0.95994987,5,0.92869103,26,女朋友,对象关系,manual_keep
12,爱情,爱情,2,tencent_ai_lab_chinese_embedding_light_mirror_mvp,0.98901777,12,0.94012864,14,0.94683266,8,爱情,恋爱核心,manual_keep
13,结婚,结婚,2,tencent_ai_lab_chinese_embedding_light_mirror_mvp,0.98884003,13,0.943651,11,0.94117951,11,结婚,婚恋,manual_keep
14,情侣,情侣,2,tencent_ai_lab_chinese_embedding_light_mirror_mvp,0.98848704,14,0.92879524,22,0.94966012,6,情侣,对象关系,manual_keep
15,订婚,订婚,2,tencent_ai_lab_chinese_embedding_light_mirror_mvp,0.98817748,15,0.9444724,9,0.93058562,25,订婚,婚恋,manual_keep
16,伴侣,伴侣,2,tencent_ai_lab_chinese_embedding_light_mirror_mvp,0.98771977,16,0.9337019,20,0.93552703,17,伴侣,对象关系,manual_keep
17,单身,单身,2,tencent_ai_lab_chinese_embedding_light_mirror_mvp,0.98766684,17,0.93700039,17,0.93157816,23,单身,单身与脱单,manual_keep
18,告白,告白,2,tencent_ai_lab_chinese_embedding_light_mirror_mvp,0.98762228,18,0.95130222,8,0.91701639,31,告白,表白与追求,manual_keep
19,初恋,初恋,2,tencent_ai_lab_chinese_embedding_light_mirror_mvp,0.9875559,19,0.93633118,19,0.93097651,24,初恋,恋爱核心,manual_keep
20,亲密关系,亲密关系,4,tencent_ai_lab_chinese_embedding_light_mirror_mvp,0.98752485,20,0.91592385,26,0.94851494,7,亲密关系,亲密行为,manual_keep
21,表白,表白,2,tencent_ai_lab_chinese_embedding_light_mirror_mvp,0.98739357,21,0.9425822,12,0.92239261,28,表白,表白与追求,manual_keep
22,婚礼,婚礼,2,tencent_ai_lab_chinese_embedding_light_mirror_mvp,0.98735258,22,0.93290451,21,0.9317534,22,婚礼,婚恋,manual_keep
23,第一次约会,第一次约会,5,tencent_ai_lab_chinese_embedding_light_mirror_mvp,0.98729072,23,0.92739258,23,0.93574822,16,第一次约会,约会,manual_keep
24,暗恋,暗恋,2,tencent_ai_lab_chinese_embedding_light_mirror_mvp,0.98713639,24,0.94219704,13,0.91963577,29,暗恋,表白与追求,manual_keep
25,前任,前任,2,tencent_ai_lab_chinese_embedding_light_mirror_mvp,0.98669246,25,0.91308937,27,0.94105172,12,前任,恋爱历史,manual_keep
26,求婚,求婚,2,tencent_ai_lab_chinese_embedding_light_mirror_mvp,0.98661835,26,0.93652747,18,0.91898113,30,求婚,婚恋,manual_keep
27,早恋,早恋,2,tencent_ai_lab_chinese_embedding_light_mirror_mvp,0.98563207,27,0.90824544,28,0.93358994,21,早恋,校园恋爱,manual_keep
28,亲密,亲密,2,tencent_ai_lab_chinese_embedding_light_mirror_mvp,0.98553102,28,0.90194061,30,0.93786275,15,亲密,亲密行为,manual_keep
29,青春,青春,2,tencent_ai_lab_chinese_embedding_light_mirror_mvp,0.98495337,29,0.89310684,34,0.93957388,14,青春,社会比较与人生进度,manual_keep
30,接吻,接吻,2,tencent_ai_lab_chinese_embedding_light_mirror_mvp,0.98434173,30,0.90099597,31,0.92672825,27,接吻,亲密行为,manual_keep
31,脱单,脱单,2,tencent_ai_lab_chinese_embedding_light_mirror_mvp,0.9841267,31,0.92546068,25,0.90238994,35,脱单,单身与脱单,manual_keep
32,对象,对象,2,tencent_ai_lab_chinese_embedding_light_mirror_mvp,0.98392618,32,0.87711277,35,0.94300234,10,对象,对象关系,manual_keep
33,牵手,牵手,2,tencent_ai_lab_chinese_embedding_light_mirror_mvp,0.98082443,33,0.90379534,29,0.89173889,39,牵手,亲密行为,manual_keep
34,拥抱,拥抱,2,tencent_ai_lab_chinese_embedding_light_mirror_mvp,0.98011591,34,0.89452015,32,0.89455402,37,拥抱,亲密行为,manual_keep
35,追求,追求,2,tencent_ai_lab_chinese_embedding_light_mirror_mvp,0.97922425,35,0.87148339,37,0.90822423,33,追求,表白与追求,manual_keep
36,前任女友,前任女友,4,tencent_ai_lab_chinese_embedding_light_mirror_mvp,0.9789075,36,0.87482831,36,0.90287542,34,前女友,恋爱历史,manual_keep
37,同桌,同桌,2,tencent_ai_lab_chinese_embedding_light_mirror_mvp,0.97816142,37,0.89336903,33,0.88058263,42,同桌,校园恋爱,manual_keep
38,男友,男友,2,tencent_ai_lab_chinese_embedding_light_mirror_mvp,0.97786283,38,0.8584712,41,0.90967381,32,男朋友,对象关系,manual_keep
39,同龄人,同龄人,3,tencent_ai_lab_chinese_embedding_light_mirror_mvp,0.97615567,39,0.86271603,39,0.89424312,38,同龄人,社会比较与人生进度,manual_keep
40,散步,散步,2,tencent_ai_lab_chinese_embedding_light_mirror_mvp,0.97252984,40,0.86934829,38,0.86544704,46,散步,约会,manual_keep
41,女友,女友,2,tencent_ai_lab_chinese_embedding_light_mirror_mvp,0.97214195,41,0.83992349,44,0.88964283,40,女朋友,对象关系,manual_keep
42,校服,校服,2,tencent_ai_lab_chinese_embedding_light_mirror_mvp,0.9718809,42,0.8606405,40,0.86965871,44,校服,校园恋爱,manual_keep
43,谈恋爱,谈恋爱,3,tencent_ai_lab_chinese_embedding_light_mirror_mvp,0.97174244,43,0.8402523,43,0.8870579,41,恋爱,恋爱核心,manual_keep
44,结婚典礼,结婚典礼,4,tencent_ai_lab_chinese_embedding_light_mirror_mvp,0.96205312,44,0.83131949,46,0.84749925,52,婚礼,婚恋,manual_keep
45,落后,落后,2,tencent_ai_lab_chinese_embedding_light_mirror_mvp,0.96160859,45,0.82336135,47,0.85277951,50,落后,社会比较与人生进度,manual_keep
46,结了婚,结了婚,3,tencent_ai_lab_chinese_embedding_light_mirror_mvp,0.95897536,46,0.78585457,67,0.87585682,43,结婚,婚恋,manual_keep
47,初恋女友,初恋女友,4,tencent_ai_lab_chinese_embedding_light_mirror_mvp,0.95526661,47,0.83315423,45,0.81856954,64,初恋,恋爱历史,manual_keep
48,男女朋友,男女朋友,4,tencent_ai_lab_chinese_embedding_light_mirror_mvp,0.95340284,48,0.74235528,101,0.89470971,36,男朋友,对象关系,manual_keep
49,情爱,情爱,2,tencent_ai_lab_chinese_embedding_light_mirror_mvp,0.94494065,49,0.74382007,100,0.86633849,45,爱情,恋爱核心,manual_keep
50,媳妇,媳妇,2,tencent_ai_lab_chinese_embedding_light_mirror_mvp,0.94460142,50,0.85249555,42,0.76447213,110,老婆,婚恋,manual_keep
51,同龄,同龄,2,tencent_ai_lab_chinese_embedding_light_mirror_mvp,0.94126701,51,0.76053621,82,0.84038818,53,同龄人,社会比较与人生进度,manual_keep
52,成婚,成婚,2,tencent_ai_lab_chinese_embedding_light_mirror_mvp,0.9395066,52,0.80351181,52,0.79530555,77,结婚,婚恋,manual_keep
53,感情,感情,2,tencent_ai_lab_chinese_embedding_light_mirror_mvp,0.93947433,53,0.8134701,50,0.78579795,89,感情史,恋爱核心,manual_keep
54,亲吻,亲吻,2,tencent_ai_lab_chinese_embedding_light_mirror_mvp,0.93719552,54,0.72434738,133,0.86344588,47,接吻,亲密行为,manual_keep
55,接吻时,接吻时,3,tencent_ai_lab_chinese_embedding_light_mirror_mvp,0.93239723,55,0.75087056,91,0.82613575,58,接吻,亲密行为,manual_keep
56,完婚,完婚,2,tencent_ai_lab_chinese_embedding_light_mirror_mvp,0.93175348,56,0.7986048,57,0.77953935,94,结婚,婚恋,manual_keep
57,手牵手,手牵手,3,tencent_ai_lab_chinese_embedding_light_mirror_mvp,0.93146547,57,0.71355281,153,0.85944879,48,牵手,亲密行为,manual_keep
58,爱侣,爱侣,2,tencent_ai_lab_chinese_embedding_light_mirror_mvp,0.93102786,58,0.74589969,95,0.82730591,57,情侣,对象关系,manual_keep
59,散散步,散散步,3,tencent_ai_lab_chinese_embedding_light_mirror_mvp,0.93100311,59,0.73700402,112,0.83586854,55,散步,约会,manual_review
60,婚宴,婚宴,2,tencent_ai_lab_chinese_embedding_light_mirror_mvp,0.92995903,60,0.77407451,71,0.79931056,72,婚礼,婚恋,manual_keep
61,结过婚,结过婚,3,tencent_ai_lab_chinese_embedding_light_mirror_mvp,0.92975276,61,0.7327032,116,0.83679855,54,结婚,婚恋,manual_keep
62,婚姻,婚姻,2,tencent_ai_lab_chinese_embedding_light_mirror_mvp,0.92906427,62,0.78624923,66,0.78520679,90,结婚,婚恋,manual_keep
63,恋爱中,恋爱中,3,tencent_ai_lab_chinese_embedding_light_mirror_mvp,0.92720887,63,0.75608525,86,0.80927145,67,恋爱,恋爱核心,manual_keep
64,婚后,婚后,2,tencent_ai_lab_chinese_embedding_light_mirror_mvp,0.92253583,64,0.7969579,60,0.75900537,123,结婚,婚恋,manual_keep
65,夫妻,夫妻,2,tencent_ai_lab_chinese_embedding_light_mirror_mvp,0.92144195,65,0.73020989,123,0.82081413,61,妻子,婚恋,manual_keep
66,青春岁月,青春岁月,4,tencent_ai_lab_chinese_embedding_light_mirror_mvp,0.92096353,66,0.73026621,122,0.81976426,63,青春,社会比较与人生进度,manual_keep
67,亲密无间,亲密无间,4,tencent_ai_lab_chinese_embedding_light_mirror_mvp,0.9192794,67,0.75723659,84,0.79138809,84,亲密,亲密行为,manual_keep
68,相恋,相恋,2,tencent_ai_lab_chinese_embedding_light_mirror_mvp,0.91650925,68,0.75243666,88,0.79015517,86,恋爱,恋爱核心,manual_keep
69,热恋,热恋,2,tencent_ai_lab_chinese_embedding_light_mirror_mvp,0.91606453,69,0.76729207,77,0.77437013,102,恋爱,恋爱核心,manual_keep
70,媳妇儿,媳妇儿,3,tencent_ai_lab_chinese_embedding_light_mirror_mvp,0.91261635,70,0.8160691,48,0.71676165,217,妻子,婚恋,manual_keep
71,前妻,前妻,2,tencent_ai_lab_chinese_embedding_light_mirror_mvp,0.91150571,71,0.79982343,56,0.73145998,174,前任,恋爱历史,manual_keep
72,男盆友,男盆友,3,tencent_ai_lab_chinese_embedding_light_mirror_mvp,0.91116468,72,0.73780158,108,0.79317617,79,男朋友,对象关系,manual_keep
73,前女,前女,2,tencent_ai_lab_chinese_embedding_light_mirror_mvp,0.9107461,73,0.72515671,131,0.80431646,70,前女友,恋爱历史,manual_reject
74,单身男女,单身男女,4,tencent_ai_lab_chinese_embedding_light_mirror_mvp,0.90902976,74,0.6757159,246,0.84977049,51,单身,单身与脱单,manual_keep
75,爱人,爱人,2,tencent_ai_lab_chinese_embedding_light_mirror_mvp,0.90720555,75,0.79640616,61,0.72630882,192,恋人,对象关系,manual_keep
76,婚事,婚事,2,tencent_ai_lab_chinese_embedding_light_mirror_mvp,0.90709961,76,0.74569033,96,0.77860069,95,结婚,婚恋,manual_keep
77,女票,女票,2,tencent_ai_lab_chinese_embedding_light_mirror_mvp,0.90648138,77,0.79324436,63,0.72829807,184,女朋友,对象关系,manual_keep
78,两性关系,两性关系,4,tencent_ai_lab_chinese_embedding_light_mirror_mvp,0.90375699,78,0.79755802,59,0.71797943,213,亲密关系,对象关系,manual_keep
79,公婆,公婆,2,tencent_ai_lab_chinese_embedding_light_mirror_mvp,0.90097835,79,0.78732662,65,0.72332186,199,老公,婚恋,manual_reject
80,校园爱情,校园爱情,4,tencent_ai_lab_chinese_embedding_light_mirror_mvp,0.89900042,80,0.65422907,333,0.85517216,49,校园恋爱,校园恋爱,manual_keep
81,找对象,找对象,3,tencent_ai_lab_chinese_embedding_light_mirror_mvp,0.89714797,81,0.67877604,235,0.82563579,59,对象,单身与脱单,manual_keep
82,前夫,前夫,2,tencent_ai_lab_chinese_embedding_light_mirror_mvp,0.89598143,82,0.79823043,58,0.7014342,277,前任,恋爱历史,manual_keep
83,青春年华,青春年华,4,tencent_ai_lab_chinese_embedding_light_mirror_mvp,0.89446386,83,0.71010051,160,0.79073632,85,青春,社会比较与人生进度,manual_keep
84,新婚,新婚,2,tencent_ai_lab_chinese_embedding_light_mirror_mvp,0.89331146,84,0.70536141,167,0.79316562,80,结婚,婚恋,manual_keep
85,妻儿,妻儿,2,tencent_ai_lab_chinese_embedding_light_mirror_mvp,0.89240326,85,0.683325,224,0.8134467,65,妻子,婚恋,manual_reject
86,亲昵,亲昵,2,tencent_ai_lab_chinese_embedding_light_mirror_mvp,0.89133785,86,0.72051408,140,0.7759726,98,亲密,亲密行为,manual_keep
87,婚姻关系,婚姻关系,4,tencent_ai_lab_chinese_embedding_light_mirror_mvp,0.89056155,87,0.73660443,113,0.75949824,121,恋爱关系,婚恋,auto_accept_candidate
88,热吻,热吻,2,tencent_ai_lab_chinese_embedding_light_mirror_mvp,0.88803043,88,0.69131339,200,0.79850602,73,接吻,亲密行为,manual_keep
89,情人,情人,2,tencent_ai_lab_chinese_embedding_light_mirror_mvp,0.88708861,89,0.7626161,79,0.72397476,197,恋人,对象关系,manual_keep
90,性伴侣,性伴侣,3,tencent_ai_lab_chinese_embedding_light_mirror_mvp,0.88654392,90,0.65756438,311,0.83104277,56,伴侣,对象关系,manual_keep
91,闺密,闺密,2,tencent_ai_lab_chinese_embedding_light_mirror_mvp,0.88470857,91,0.781389,69,0.69938231,283,亲密,亲密行为,manual_reject
92,亲近,亲近,2,tencent_ai_lab_chinese_embedding_light_mirror_mvp,0.88251596,92,0.70657927,165,0.77584136,99,亲密,亲密行为,manual_review
93,情史,情史,2,tencent_ai_lab_chinese_embedding_light_mirror_mvp,0.88234771,93,0.69418873,189,0.78728402,88,感情史,恋爱历史,manual_keep
94,男同学,男同学,3,tencent_ai_lab_chinese_embedding_light_mirror_mvp,0.88183359,94,0.77349494,72,0.70278078,271,男朋友,校园恋爱,manual_review
95,夫妻俩,夫妻俩,3,tencent_ai_lab_chinese_embedding_light_mirror_mvp,0.88005262,95,0.73756527,109,0.7409898,148,妻子,婚恋,auto_accept_candidate
96,儿媳妇,儿媳妇,3,tencent_ai_lab_chinese_embedding_light_mirror_mvp,0.87917917,96,0.80325906,54,0.66429657,437,妻子,婚恋,manual_reject
97,感情生活,感情生活,4,tencent_ai_lab_chinese_embedding_light_mirror_mvp,0.8788435,97,0.74853718,92,0.72570992,193,感情史,对象关系,manual_keep
98,相爱,相爱,2,tencent_ai_lab_chinese_embedding_light_mirror_mvp,0.87782893,98,0.75608575,85,0.71570551,220,爱情,恋爱核心,manual_keep
99,离婚,离婚,2,tencent_ai_lab_chinese_embedding_light_mirror_mvp,0.87775889,99,0.77629497,70,0.69269252,308,结婚,婚恋,manual_keep
100,终身伴侣,终身伴侣,4,tencent_ai_lab_chinese_embedding_light_mirror_mvp,0.87765552,100,0.73745008,110,0.73726875,160,伴侣,对象关系,auto_accept_candidate
101,谈婚论嫁,谈婚论嫁,4,tencent_ai_lab_chinese_embedding_light_mirror_mvp,0.87497655,101,0.76115282,80,0.70514047,257,结婚,婚恋,manual_keep
102,男生,男生,2,tencent_ai_lab_chinese_embedding_light_mirror_mvp,0.87163978,102,0.75211996,89,0.71045184,232,男朋友,社会比较与人生进度,manual_review
103,亲嘴,亲嘴,2,tencent_ai_lab_chinese_embedding_light_mirror_mvp,0.87137052,103,0.77138996,74,0.68776542,326,接吻,亲密行为,manual_keep
104,情感,情感,2,tencent_ai_lab_chinese_embedding_light_mirror_mvp,0.87105199,104,0.7121365,157,0.75516891,128,感情史,恋爱核心,auto_accept_candidate
105,高中同学,高中同学,4,tencent_ai_lab_chinese_embedding_light_mirror_mvp,0.87065051,105,0.73115141,119,0.73377752,167,高中恋爱,校园恋爱,auto_accept_candidate
106,已婚,已婚,2,tencent_ai_lab_chinese_embedding_light_mirror_mvp,0.86982288,106,0.72190039,138,0.74397004,147,结婚,婚恋,auto_accept_candidate
107,青春期,青春期,3,tencent_ai_lab_chinese_embedding_light_mirror_mvp,0.86966957,107,0.64601886,369,0.81992215,62,青春,社会比较与人生进度,manual_keep
108,未婚,未婚,2,tencent_ai_lab_chinese_embedding_light_mirror_mvp,0.86869553,108,0.73954409,106,0.72055483,207,结婚,婚恋,auto_accept_candidate
109,再婚,再婚,2,tencent_ai_lab_chinese_embedding_light_mirror_mvp,0.86867655,109,0.75846829,83,0.69809556,284,订婚,婚恋,manual_keep
110,婚姻生活,婚姻生活,4,tencent_ai_lab_chinese_embedding_light_mirror_mvp,0.86672029,110,0.73001295,125,0.72974873,179,结婚,婚恋,auto_accept_candidate
111,爱妻子,爱妻子,3,tencent_ai_lab_chinese_embedding_light_mirror_mvp,0.86563026,111,0.65006082,356,0.81036019,66,妻子,婚恋,manual_review
112,婚约,婚约,2,tencent_ai_lab_chinese_embedding_light_mirror_mvp,0.86014555,112,0.68799474,212,0.76400334,112,订婚,婚恋,auto_accept_candidate
113,分手,分手,2,tencent_ai_lab_chinese_embedding_light_mirror_mvp,0.85903804,113,0.77204361,73,0.66690588,425,前任,恋爱历史,manual_keep
114,结婚证,结婚证,3,tencent_ai_lab_chinese_embedding_light_mirror_mvp,0.85811178,114,0.65743037,312,0.79232943,82,结婚,婚恋,manual_keep
115,喜欢你,喜欢你,3,tencent_ai_lab_chinese_embedding_light_mirror_mvp,0.85769197,115,0.74139835,103,0.70145357,276,喜欢的人,表白与追求,auto_accept_candidate
116,另一半,另一半,3,tencent_ai_lab_chinese_embedding_light_mirror_mvp,0.85584707,116,0.80333999,53,0.61964947,781,伴侣,对象关系,manual_keep
117,丈母娘,丈母娘,3,tencent_ai_lab_chinese_embedding_light_mirror_mvp,0.85385328,117,0.78181157,68,0.64687258,540,丈夫,婚恋,manual_reject
118,二婚,二婚,2,tencent_ai_lab_chinese_embedding_light_mirror_mvp,0.85221922,118,0.74063947,104,0.69477737,292,订婚,婚恋,unreviewed
119,嫁人,嫁人,2,tencent_ai_lab_chinese_embedding_light_mirror_mvp,0.85148396,119,0.73118114,118,0.70531929,256,结婚,婚恋,unreviewed
120,婚姻恋爱,婚姻恋爱,4,tencent_ai_lab_chinese_embedding_light_mirror_mvp,0.85067397,120,0.62192273,517,0.82429421,60,恋爱,恋爱核心,manual_keep
121,同班,同班,2,tencent_ai_lab_chinese_embedding_light_mirror_mvp,0.85036225,121,0.74714479,93,0.68339014,345,同桌,社会比较与人生进度,manual_review
122,求爱,求爱,2,tencent_ai_lab_chinese_embedding_light_mirror_mvp,0.84970067,122,0.72353253,134,0.71304023,226,求婚,表白与追求,unreviewed
123,夫妻关系,夫妻关系,4,tencent_ai_lab_chinese_embedding_light_mirror_mvp,0.84951923,123,0.70130181,176,0.73887873,157,亲密关系,婚恋,unreviewed
124,夫妇,夫妇,2,tencent_ai_lab_chinese_embedding_light_mirror_mvp,0.84899824,124,0.66810884,270,0.77035499,107,妻子,婚恋,unreviewed
125,婚庆,婚庆,2,tencent_ai_lab_chinese_embedding_light_mirror_mvp,0.84862308,125,0.63832455,407,0.8019253,71,婚礼,婚恋,manual_keep
126,儿媳,儿媳,2,tencent_ai_lab_chinese_embedding_light_mirror_mvp,0.84858855,126,0.79586613,62,0.6173147,810,妻子,婚恋,manual_reject
127,激吻,激吻,2,tencent_ai_lab_chinese_embedding_light_mirror_mvp,0.84721621,127,0.67599968,244,0.7603718,119,接吻,亲密行为,unreviewed
128,妻子儿女,妻子儿女,4,tencent_ai_lab_chinese_embedding_light_mirror_mvp,0.84533952,128,0.63975946,397,0.79634064,75,妻子,婚恋,manual_reject
129,婚龄,婚龄,2,tencent_ai_lab_chinese_embedding_light_mirror_mvp,0.84408126,129,0.68191717,226,0.75116336,136,结婚,婚恋,unreviewed
130,真爱,真爱,2,tencent_ai_lab_chinese_embedding_light_mirror_mvp,0.84388818,130,0.76697161,78,0.64972657,522,恋爱,恋爱核心,manual_keep
131,好丈夫,好丈夫,3,tencent_ai_lab_chinese_embedding_light_mirror_mvp,0.84383122,131,0.64277837,384,0.79152751,83,丈夫,婚恋,manual_keep
132,亲情,亲情,2,tencent_ai_lab_chinese_embedding_light_mirror_mvp,0.84373264,132,0.70112779,178,0.732759,171,亲密,亲密行为,unreviewed
133,同学,同学,2,tencent_ai_lab_chinese_embedding_light_mirror_mvp,0.84294569,133,0.71333195,154,0.7168709,216,同桌,校园恋爱,unreviewed
134,婚讯,婚讯,2,tencent_ai_lab_chinese_embedding_light_mirror_mvp,0.84251407,134,0.74406331,99,0.67627859,377,婚礼,婚恋,manual_keep
135,女同学,女同学,3,tencent_ai_lab_chinese_embedding_light_mirror_mvp,0.84149673,135,0.76754698,76,0.64474159,560,女朋友,校园恋爱,manual_review
136,其妻,其妻,2,tencent_ai_lab_chinese_embedding_light_mirror_mvp,0.83738845,136,0.68857204,208,0.73750442,159,妻子,婚恋,unreviewed
137,儿子,儿子,2,tencent_ai_lab_chinese_embedding_light_mirror_mvp,0.83721366,137,0.81544883,49,0.54074043,2008,妻子,婚恋,manual_reject
138,女儿,女儿,2,tencent_ai_lab_chinese_embedding_light_mirror_mvp,0.83562732,138,0.81321347,51,0.51013833,2846,女朋友,婚恋,manual_reject
139,女性朋友,女性朋友,4,tencent_ai_lab_chinese_embedding_light_mirror_mvp,0.83527406,139,0.62349389,509,0.80470395,69,女朋友,对象关系,manual_review
140,悔婚,悔婚,2,tencent_ai_lab_chinese_embedding_light_mirror_mvp,0.83360391,140,0.73837094,107,0.67118812,401,结婚,婚恋,unreviewed
141,示爱,示爱,2,tencent_ai_lab_chinese_embedding_light_mirror_mvp,0.83072503,141,0.80051304,55,0.57064438,1377,表白,表白与追求,manual_keep
142,未婚夫,未婚夫,3,tencent_ai_lab_chinese_embedding_light_mirror_mvp,0.83056905,142,0.74191198,102,0.66226983,449,结婚,婚恋,unreviewed
143,婚恋,婚恋,2,tencent_ai_lab_chinese_embedding_light_mirror_mvp,0.83008265,143,0.63831922,408,0.78142214,93,恋爱,恋爱核心,manual_keep
144,未婚妻,未婚妻,3,tencent_ai_lab_chinese_embedding_light_mirror_mvp,0.82893058,144,0.72755234,127,0.67942458,365,妻子,婚恋,unreviewed
145,婚前,婚前,2,tencent_ai_lab_chinese_embedding_light_mirror_mvp,0.82746315,145,0.6981555,182,0.71617919,219,结婚,婚恋,unreviewed
146,这婚,这婚,2,tencent_ai_lab_chinese_embedding_light_mirror_mvp,0.82696597,146,0.66243449,290,0.75212789,133,结婚,婚恋,unreviewed
147,男人,男人,2,tencent_ai_lab_chinese_embedding_light_mirror_mvp,0.82610853,147,0.72316327,135,0.68160582,355,男朋友,对象关系,unreviewed
148,女网友,女网友,3,tencent_ai_lab_chinese_embedding_light_mirror_mvp,0.82595565,148,0.68956544,207,0.72530419,195,女朋友,对象关系,unreviewed
149,婚房,婚房,2,tencent_ai_lab_chinese_embedding_light_mirror_mvp,0.82524465,149,0.63780369,415,0.77712733,97,结婚,婚恋,manual_keep
150,爱妻,爱妻,2,tencent_ai_lab_chinese_embedding_light_mirror_mvp,0.82516224,150,0.65449057,331,0.75897908,124,妻子,婚恋,unreviewed
151,嫁给,嫁给,2,tencent_ai_lab_chinese_embedding_light_mirror_mvp,0.8231176,151,0.7018809,174,0.70594764,252,结婚,婚恋,unreviewed
152,姐夫,姐夫,2,tencent_ai_lab_chinese_embedding_light_mirror_mvp,0.8227537,152,0.71499317,148,0.68796241,325,丈夫,婚恋,unreviewed
153,闺蜜,闺蜜,2,tencent_ai_lab_chinese_embedding_light_mirror_mvp,0.82120727,153,0.79004282,64,0.57077742,1374,亲密,对象关系,manual_reject
154,夫妻之间,夫妻之间,4,tencent_ai_lab_chinese_embedding_light_mirror_mvp,0.81863538,154,0.67471198,248,0.73178107,172,妻子,婚恋,unreviewed
155,女生,女生,2,tencent_ai_lab_chinese_embedding_light_mirror_mvp,0.81752881,155,0.72264664,137,0.67159569,398,女朋友,对象关系,unreviewed
156,老伴,老伴,2,tencent_ai_lab_chinese_embedding_light_mirror_mvp,0.81647245,156,0.66793532,271,0.73629141,162,伴侣,婚恋,unreviewed
157,婚照,婚照,2,tencent_ai_lab_chinese_embedding_light_mirror_mvp,0.81456001,157,0.65283352,343,0.75045347,138,婚礼,婚恋,unreviewed
158,刻意追求,刻意追求,4,tencent_ai_lab_chinese_embedding_light_mirror_mvp,0.81366374,158,0.63512079,433,0.7687313,109,追求,表白与追求,unreviewed
159,男同事,男同事,3,tencent_ai_lab_chinese_embedding_light_mirror_mvp,0.81274168,159,0.7013739,175,0.693995,297,男朋友,对象关系,unreviewed
160,追逐,追逐,2,tencent_ai_lab_chinese_embedding_light_mirror_mvp,0.81221799,160,0.62048604,531,0.78463638,91,追求,表白与追求,manual_reject
161,结婚纪念日,结婚纪念日,5,tencent_ai_lab_chinese_embedding_light_mirror_mvp,0.8118895,161,0.64279559,383,0.75813675,125,结婚,婚恋,unreviewed
162,强吻,强吻,2,tencent_ai_lab_chinese_embedding_light_mirror_mvp,0.81149101,162,0.65914725,304,0.74019504,151,接吻,亲密行为,unreviewed
163,婚车,婚车,2,tencent_ai_lab_chinese_embedding_light_mirror_mvp,0.8111647,163,0.6613095,299,0.73798335,158,婚礼,婚恋,unreviewed
164,老妈,老妈,2,tencent_ai_lab_chinese_embedding_light_mirror_mvp,0.81047416,164,0.73053122,121,0.65140498,504,老婆,婚恋,unreviewed
165,独身,独身,2,tencent_ai_lab_chinese_embedding_light_mirror_mvp,0.80967528,165,0.69367273,191,0.70031011,281,单身,单身与脱单,unreviewed
166,老爸,老爸,2,tencent_ai_lab_chinese_embedding_light_mirror_mvp,0.80860541,166,0.7441704,98,0.62704271,707,老婆,婚恋,manual_reject
167,网恋,网恋,2,tencent_ai_lab_chinese_embedding_light_mirror_mvp,0.80687414,167,0.67928072,232,0.71672863,218,恋情,恋爱核心,unreviewed
168,现任,现任,2,tencent_ai_lab_chinese_embedding_light_mirror_mvp,0.80656088,168,0.64890416,361,0.74694818,143,前任,恋爱历史,unreviewed
169,嫂子,嫂子,2,tencent_ai_lab_chinese_embedding_light_mirror_mvp,0.8062744,169,0.74705011,94,0.61847717,793,妻子,婚恋,manual_reject
170,结婚登记,结婚登记,4,tencent_ai_lab_chinese_embedding_light_mirror_mvp,0.80605062,170,0.60681353,640,0.7956742,76,结婚,婚恋,manual_keep
171,同居,同居,2,tencent_ai_lab_chinese_embedding_light_mirror_mvp,0.80526826,171,0.74518422,97,0.62042767,768,同桌,婚恋,manual_keep
172,夫妻间,夫妻间,3,tencent_ai_lab_chinese_embedding_light_mirror_mvp,0.80517454,172,0.67167759,255,0.72232556,203,妻子,婚恋,unreviewed
173,出嫁,出嫁,2,tencent_ai_lab_chinese_embedding_light_mirror_mvp,0.80504477,173,0.69069301,202,0.69968742,282,结婚,婚恋,unreviewed
174,聚会,聚会,2,tencent_ai_lab_chinese_embedding_light_mirror_mvp,0.80434015,174,0.65794725,309,0.73489934,165,约会,约会,unreviewed
175,男方,男方,2,tencent_ai_lab_chinese_embedding_light_mirror_mvp,0.8037481,175,0.70248148,173,0.68160701,354,男朋友,婚恋,unreviewed
176,人际关系,人际关系,4,tencent_ai_lab_chinese_embedding_light_mirror_mvp,0.8010827,176,0.68549869,218,0.7028774,270,亲密关系,社会比较与人生进度,unreviewed
177,晚恋,晚恋,2,tencent_ai_lab_chinese_embedding_light_mirror_mvp,0.80098539,177,0.69159751,199,0.69390887,298,早恋,恋爱核心,unreviewed
178,娇妻,娇妻,2,tencent_ai_lab_chinese_embedding_light_mirror_mvp,0.80058638,178,0.69398932,190,0.68939036,321,妻子,婚恋,unreviewed
179,同班同学,同班同学,4,tencent_ai_lab_chinese_embedding_light_mirror_mvp,0.79748379,179,0.67767509,239,0.70993507,234,同桌,社会比较与人生进度,unreviewed
180,漫步,漫步,2,tencent_ai_lab_chinese_embedding_light_mirror_mvp,0.79729432,180,0.67811642,237,0.70937914,237,散步,约会,unreviewed
181,友情,友情,2,tencent_ai_lab_chinese_embedding_light_mirror_mvp,0.79462578,181,0.71624205,145,0.65154386,502,恋情,对象关系,unreviewed
182,接亲,接亲,2,tencent_ai_lab_chinese_embedding_light_mirror_mvp,0.79433685,182,0.65580742,322,0.72848165,183,接吻,亲密行为,unreviewed
183,婚纱,婚纱,2,tencent_ai_lab_chinese_embedding_light_mirror_mvp,0.79367213,183,0.67898103,234,0.70368409,266,婚礼,婚恋,unreviewed
184,情侣装,情侣装,3,tencent_ai_lab_chinese_embedding_light_mirror_mvp,0.79361918,184,0.67202193,254,0.71178782,229,情侣,对象关系,unreviewed
185,领证,领证,2,tencent_ai_lab_chinese_embedding_light_mirror_mvp,0.79340971,185,0.76758029,75,0.54237092,1958,订婚,婚恋,manual_keep
186,好伴侣,好伴侣,3,tencent_ai_lab_chinese_embedding_light_mirror_mvp,0.79247624,186,0.5906112,824,0.80630744,68,伴侣,对象关系,manual_review
187,迎娶,迎娶,2,tencent_ai_lab_chinese_embedding_light_mirror_mvp,0.79197088,187,0.70353106,171,0.6661911,431,结婚,婚恋,unreviewed
188,做爱,做爱,2,tencent_ai_lab_chinese_embedding_light_mirror_mvp,0.79037636,188,0.72530203,130,0.63165653,663,爱情,恋爱核心,unreviewed
189,夫人,夫人,2,tencent_ai_lab_chinese_embedding_light_mirror_mvp,0.78837828,189,0.65668381,317,0.72258723,202,丈夫,婚恋,unreviewed
190,失恋,失恋,2,tencent_ai_lab_chinese_embedding_light_mirror_mvp,0.78614161,190,0.66848935,267,0.70896435,239,恋情,恋爱核心,unreviewed
191,父亲,父亲,2,tencent_ai_lab_chinese_embedding_light_mirror_mvp,0.78612437,191,0.76082945,81,0.53538018,2143,亲密关系,婚恋,manual_reject
192,人生,人生,2,tencent_ai_lab_chinese_embedding_light_mirror_mvp,0.78607004,192,0.66811081,269,0.70929712,238,人生阶段,社会比较与人生进度,unreviewed
193,怀抱,怀抱,2,tencent_ai_lab_chinese_embedding_light_mirror_mvp,0.78551164,193,0.5948702,777,0.7939173,78,拥抱,亲密行为,manual_review
194,夫妇俩,夫妇俩,3,tencent_ai_lab_chinese_embedding_light_mirror_mvp,0.78429113,194,0.67081454,259,0.70543361,255,丈夫,婚恋,unreviewed
195,母亲,母亲,2,tencent_ai_lab_chinese_embedding_light_mirror_mvp,0.78390207,195,0.75126696,90,0.57230055,1348,母胎单身,婚恋,manual_reject
196,对像,对像,2,tencent_ai_lab_chinese_embedding_light_mirror_mvp,0.7819075,196,0.67041606,261,0.70379794,265,对象,对象关系,unreviewed
197,相拥,相拥,2,tencent_ai_lab_chinese_embedding_light_mirror_mvp,0.78061755,197,0.67677717,240,0.69266307,309,拥抱,亲密行为,unreviewed
198,爸妈,爸妈,2,tencent_ai_lab_chinese_embedding_light_mirror_mvp,0.77973204,198,0.75546815,87,0.53788412,2065,老公,婚恋,manual_reject
199,弟媳,弟媳,2,tencent_ai_lab_chinese_embedding_light_mirror_mvp,0.7795079,199,0.7397752,105,0.58938223,1103,妻子,婚恋,unreviewed
200,有妇之夫,有妇之夫,4,tencent_ai_lab_chinese_embedding_light_mirror_mvp,0.77934091,200,0.67585098,245,0.6931572,304,丈夫,婚恋,unreviewed
201,姐弟恋,姐弟恋,3,tencent_ai_lab_chinese_embedding_light_mirror_mvp,0.77903054,201,0.71633697,144,0.63035494,677,恋爱,恋爱核心,unreviewed
202,夫妻感情,夫妻感情,4,tencent_ai_lab_chinese_embedding_light_mirror_mvp,0.77578028,202,0.63120258,461,0.73925918,155,妻子,婚恋,unreviewed
203,爱意,爱意,2,tencent_ai_lab_chinese_embedding_light_mirror_mvp,0.77540769,203,0.68624909,216,0.67351699,390,爱情,恋爱核心,unreviewed
204,爱一个人,爱一个人,4,tencent_ai_lab_chinese_embedding_light_mirror_mvp,0.77377359,204,0.69310763,195,0.66085052,456,喜欢的人,恋爱核心,unreviewed
205,搂抱,搂抱,2,tencent_ai_lab_chinese_embedding_light_mirror_mvp,0.77336443,205,0.6028736,680,0.77177465,106,拥抱,亲密行为,unreviewed
206,婚变,婚变,2,tencent_ai_lab_chinese_embedding_light_mirror_mvp,0.77329415,206,0.66481867,279,0.70249945,272,结婚,婚恋,unreviewed
207,大龄,大龄,2,tencent_ai_lab_chinese_embedding_light_mirror_mvp,0.77286003,207,0.6587954,305,0.7077406,246,同龄人,社会比较与人生进度,unreviewed
208,婚内,婚内,2,tencent_ai_lab_chinese_embedding_light_mirror_mvp,0.76970192,208,0.6430069,382,0.72127759,205,结婚,婚恋,unreviewed
209,深爱,深爱,2,tencent_ai_lab_chinese_embedding_light_mirror_mvp,0.76948118,209,0.71204319,158,0.62606835,714,爱情,表白与追求,unreviewed
210,婚史,婚史,2,tencent_ai_lab_chinese_embedding_light_mirror_mvp,0.76770201,210,0.62458072,501,0.7399506,152,结婚,婚恋,unreviewed
211,女人,女人,2,tencent_ai_lab_chinese_embedding_light_mirror_mvp,0.76692586,211,0.70385866,170,0.63508821,646,女朋友,婚恋,unreviewed
212,老娘,老娘,2,tencent_ai_lab_chinese_embedding_light_mirror_mvp,0.76550029,212,0.65667164,318,0.70448875,262,老婆,婚恋,unreviewed
213,爱过,爱过,2,tencent_ai_lab_chinese_embedding_light_mirror_mvp,0.76496689,213,0.69900537,180,0.64072388,598,爱情,恋爱历史,unreviewed
214,亲热,亲热,2,tencent_ai_lab_chinese_embedding_light_mirror_mvp,0.76466162,214,0.66915519,264,0.68751466,331,亲密,亲密行为,unreviewed
215,女孩子,女孩子,3,tencent_ai_lab_chinese_embedding_light_mirror_mvp,0.7642837,215,0.70594612,166,0.62870103,693,女朋友,对象关系,unreviewed
216,婆家,婆家,2,tencent_ai_lab_chinese_embedding_light_mirror_mvp,0.76354622,216,0.71463287,150,0.61288023,841,老公,婚恋,unreviewed
217,爱着,爱着,2,tencent_ai_lab_chinese_embedding_light_mirror_mvp,0.76344142,217,0.66770388,274,0.68945312,320,爱情,恋爱核心,unreviewed
218,催婚,催婚,2,tencent_ai_lab_chinese_embedding_light_mirror_mvp,0.76254589,218,0.63659472,428,0.72299337,201,结婚,婚恋,unreviewed
219,异性,异性,2,tencent_ai_lab_chinese_embedding_light_mirror_mvp,0.76212389,219,0.72545216,129,0.59013551,1092,别人都有对象,社会比较与人生进度,unreviewed
220,分手时,分手时,3,tencent_ai_lab_chinese_embedding_light_mirror_mvp,0.76011463,220,0.70780184,164,0.62037927,770,前任,恋爱历史,unreviewed
221,我妈,我妈,2,tencent_ai_lab_chinese_embedding_light_mirror_mvp,0.75944952,221,0.73716378,111,0.50354242,3029,母胎单身,社会比较与人生进度,unreviewed
222,相亲,相亲,2,tencent_ai_lab_chinese_embedding_light_mirror_mvp,0.75899962,222,0.67639074,242,0.67075938,403,约会对象,对象关系,unreviewed
223,两个人,两个人,3,tencent_ai_lab_chinese_embedding_light_mirror_mvp,0.75829767,223,0.70116472,177,0.62938285,688,别人都有对象,对象关系,unreviewed
224,爱了,爱了,2,tencent_ai_lab_chinese_embedding_light_mirror_mvp,0.7579525,224,0.65935317,303,0.69593972,289,爱情,恋爱核心,unreviewed
225,感情破裂,感情破裂,4,tencent_ai_lab_chinese_embedding_light_mirror_mvp,0.75739179,225,0.6903126,203,0.6470449,539,感情史,恋爱历史,unreviewed
226,年华,年华,2,tencent_ai_lab_chinese_embedding_light_mirror_mvp,0.75721237,226,0.73566612,114,0.5101546,2845,青春,社会比较与人生进度,unreviewed
227,性关系,性关系,3,tencent_ai_lab_chinese_embedding_light_mirror_mvp,0.75670989,227,0.64324536,381,0.71081865,230,亲密关系,亲密行为,unreviewed
228,情窦初开,情窦初开,4,tencent_ai_lab_chinese_embedding_light_mirror_mvp,0.7561314,228,0.71581361,146,0.60080481,954,初恋,恋爱历史,manual_keep
229,关系,关系,2,tencent_ai_lab_chinese_embedding_light_mirror_mvp,0.75610424,229,0.59806373,733,0.76409924,111,亲密关系,亲密行为,unreviewed
230,全班同学,全班同学,4,tencent_ai_lab_chinese_embedding_light_mirror_mvp,0.75544254,230,0.67659793,241,0.66643125,430,同桌,校园恋爱,unreviewed
231,夫妻生活,夫妻生活,4,tencent_ai_lab_chinese_embedding_light_mirror_mvp,0.75496668,231,0.63396424,439,0.71984106,211,妻子,婚恋,unreviewed
232,高中时代,高中时代,4,tencent_ai_lab_chinese_embedding_light_mirror_mvp,0.75439587,232,0.69278365,197,0.63889772,611,高中恋爱,校园恋爱,unreviewed
233,新婚夫妇,新婚夫妇,4,tencent_ai_lab_chinese_embedding_light_mirror_mvp,0.75425702,233,0.65165139,352,0.70164365,275,结婚,婚恋,unreviewed
234,婚纱照,婚纱照,3,tencent_ai_lab_chinese_embedding_light_mirror_mvp,0.7541976,234,0.69296768,196,0.63817924,618,婚礼,婚恋,unreviewed
235,继母,继母,2,tencent_ai_lab_chinese_embedding_light_mirror_mvp,0.7535929,235,0.73293284,115,0.45892131,4215,母胎单身,婚恋,unreviewed
236,新欢,新欢,2,tencent_ai_lab_chinese_embedding_light_mirror_mvp,0.75284214,236,0.73261249,117,0.53252083,2224,初恋,恋爱历史,unreviewed
237,追你,追你,2,tencent_ai_lab_chinese_embedding_light_mirror_mvp,0.75176869,237,0.63735831,418,0.71361709,225,被追,表白与追求,unreviewed
238,室友,室友,2,tencent_ai_lab_chinese_embedding_light_mirror_mvp,0.75104269,238,0.71326832,156,0.5993365,974,同桌,对象关系,manual_review
239,性爱,性爱,2,tencent_ai_lab_chinese_embedding_light_mirror_mvp,0.75103193,239,0.66851885,266,0.67483145,383,爱情,恋爱核心,unreviewed
240,老父亲,老父亲,3,tencent_ai_lab_chinese_embedding_light_mirror_mvp,0.75070208,240,0.73082637,120,0.545237,1885,老公,婚恋,unreviewed
241,表姐,表姐,2,tencent_ai_lab_chinese_embedding_light_mirror_mvp,0.75002742,241,0.72448568,132,0.57104743,1365,表白,表白与追求,unreviewed
242,闺女,闺女,2,tencent_ai_lab_chinese_embedding_light_mirror_mvp,0.7490953,242,0.73007102,124,0.54594034,1862,女朋友,社会比较与人生进度,unreviewed
243,追寻,追寻,2,tencent_ai_lab_chinese_embedding_light_mirror_mvp,0.74880446,243,0.60235088,686,0.75250125,131,追求,表白与追求,unreviewed
244,他爸,他爸,2,tencent_ai_lab_chinese_embedding_light_mirror_mvp,0.74603294,244,0.71328998,155,0.59144741,1071,老公,婚恋,unreviewed
245,爱是,爱是,2,tencent_ai_lab_chinese_embedding_light_mirror_mvp,0.74597062,245,0.66417972,281,0.67667067,376,爱情,恋爱核心,unreviewed
246,新郎,新郎,2,tencent_ai_lab_chinese_embedding_light_mirror_mvp,0.7449835,246,0.7272621,128,0.53646547,2107,订婚,婚恋,unreviewed
247,女孩,女孩,2,tencent_ai_lab_chinese_embedding_light_mirror_mvp,0.74434964,247,0.69003351,204,0.63218451,657,女朋友,对象关系,unreviewed
248,小学同学,小学同学,4,tencent_ai_lab_chinese_embedding_light_mirror_mvp,0.74248548,248,0.69724236,184,0.61565185,821,同桌,校园恋爱,unreviewed
249,早婚,早婚,2,tencent_ai_lab_chinese_embedding_light_mirror_mvp,0.74199316,249,0.62499077,496,0.71995687,209,结婚,婚恋,unreviewed
250,女婿,女婿,2,tencent_ai_lab_chinese_embedding_light_mirror_mvp,0.74140357,250,0.69112598,201,0.62639421,712,丈夫,婚恋,unreviewed
251,天长地久,天长地久,4,tencent_ai_lab_chinese_embedding_light_mirror_mvp,0.73966971,251,0.72084756,139,0.46891457,4006,亲密,社会比较与人生进度,unreviewed
252,高中,高中,2,tencent_ai_lab_chinese_embedding_light_mirror_mvp,0.73966835,252,0.60207632,690,0.74604285,145,高中恋爱,校园恋爱,unreviewed
253,班上,班上,2,tencent_ai_lab_chinese_embedding_light_mirror_mvp,0.73950193,253,0.72276635,136,0.52839965,2339,同桌,社会比较与人生进度,unreviewed
254,新郎新娘,新郎新娘,4,tencent_ai_lab_chinese_embedding_light_mirror_mvp,0.7386436,254,0.70876009,163,0.58903533,1109,婚礼,婚恋,unreviewed
255,对方,对方,2,tencent_ai_lab_chinese_embedding_light_mirror_mvp,0.73856415,255,0.5915704,807,0.75967205,120,对象,对象关系,unreviewed
256,男孩子,男孩子,3,tencent_ai_lab_chinese_embedding_light_mirror_mvp,0.73756892,256,0.67996802,231,0.64137,594,男朋友,社会比较与人生进度,unreviewed
257,继父,继父,2,tencent_ai_lab_chinese_embedding_light_mirror_mvp,0.73753116,257,0.7195858,141,0.46777803,4027,前男友,婚恋,unreviewed
258,年龄,年龄,2,tencent_ai_lab_chinese_embedding_light_mirror_mvp,0.73701848,258,0.63760512,416,0.70298696,269,同龄人,社会比较与人生进度,unreviewed
259,彩礼,彩礼,2,tencent_ai_lab_chinese_embedding_light_mirror_mvp,0.73700054,259,0.64269395,385,0.697528,286,婚礼,婚恋,unreviewed
260,新娘,新娘,2,tencent_ai_lab_chinese_embedding_light_mirror_mvp,0.735468,260,0.6944351,188,0.6117422,854,婚礼,婚恋,unreviewed
261,女同事,女同事,3,tencent_ai_lab_chinese_embedding_light_mirror_mvp,0.73462654,261,0.6881322,211,0.62375611,742,女朋友,对象关系,unreviewed
262,女方,女方,2,tencent_ai_lab_chinese_embedding_light_mirror_mvp,0.73447922,262,0.68504164,220,0.6296736,684,女朋友,婚恋,unreviewed
263,小舅子,小舅子,3,tencent_ai_lab_chinese_embedding_light_mirror_mvp,0.73408785,263,0.71689093,143,0.49768949,3215,丈夫,婚恋,unreviewed
264,两口子,两口子,3,tencent_ai_lab_chinese_embedding_light_mirror_mvp,0.73358932,264,0.71703725,142,0.55280495,1708,妻子,社会比较与人生进度,unreviewed
265,彼此,彼此,2,tencent_ai_lab_chinese_embedding_light_mirror_mvp,0.73349642,265,0.68976644,205,0.61896867,787,伴侣,对象关系,unreviewed
266,后妈,后妈,2,tencent_ai_lab_chinese_embedding_light_mirror_mvp,0.73108357,266,0.71507092,147,0.55474538,1666,前女友,恋爱历史,unreviewed
267,班里,班里,2,tencent_ai_lab_chinese_embedding_light_mirror_mvp,0.73067698,267,0.71469004,149,0.48929125,3442,同桌,社会比较与人生进度,unreviewed
268,生小孩,生小孩,3,tencent_ai_lab_chinese_embedding_light_mirror_mvp,0.73042053,268,0.71409278,152,0.47157508,3940,母胎单身,社会比较与人生进度,unreviewed
269,情愫,情愫,2,tencent_ai_lab_chinese_embedding_light_mirror_mvp,0.72887791,269,0.65206375,348,0.68328422,346,情侣,恋爱核心,unreviewed
270,出轨,出轨,2,tencent_ai_lab_chinese_embedding_light_mirror_mvp,0.72768845,270,0.71447899,151,0.54637313,1848,结婚,婚恋,unreviewed
271,晚婚,晚婚,2,tencent_ai_lab_chinese_embedding_light_mirror_mvp,0.72602755,271,0.61885488,544,0.71566308,221,结婚,婚恋,unreviewed
272,伴娘,伴娘,2,tencent_ai_lab_chinese_embedding_light_mirror_mvp,0.72474594,272,0.66732881,275,0.65127081,507,伴侣,婚恋,unreviewed
273,爱她,爱她,2,tencent_ai_lab_chinese_embedding_light_mirror_mvp,0.72429581,273,0.65698714,315,0.66882312,410,爱情,恋爱核心,unreviewed
274,生子,生子,2,tencent_ai_lab_chinese_embedding_light_mirror_mvp,0.72353945,274,0.71058121,159,0.55310255,1699,妻子,婚恋,unreviewed
275,同年龄,同年龄,3,tencent_ai_lab_chinese_embedding_light_mirror_mvp,0.72199663,275,0.56096863,1304,0.79841024,74,同龄人,社会比较与人生进度,manual_review
276,舍友,舍友,2,tencent_ai_lab_chinese_embedding_light_mirror_mvp,0.72176351,276,0.69649909,186,0.58991241,1096,同桌,对象关系,unreviewed
277,我爱你,我爱你,3,tencent_ai_lab_chinese_embedding_light_mirror_mvp,0.72128115,277,0.68822995,210,0.60722315,899,爱情,恋爱核心,unreviewed
278,班花,班花,2,tencent_ai_lab_chinese_embedding_light_mirror_mvp,0.72063834,278,0.72926917,126,0.4147976,4816,校园恋爱,社会比较与人生进度,unreviewed
279,大儿子,大儿子,3,tencent_ai_lab_chinese_embedding_light_mirror_mvp,0.72042531,279,0.70996737,161,0.45785117,4229,妻子,婚恋,unreviewed
280,亲过,亲过,2,tencent_ai_lab_chinese_embedding_light_mirror_mvp,0.71982873,280,0.63123221,460,0.69804692,285,亲密,亲密行为,unreviewed
281,小三,小三,2,tencent_ai_lab_chinese_embedding_light_mirror_mvp,0.71976774,281,0.70906334,162,0.52654731,2384,老公,婚恋,unreviewed
282,虐恋,虐恋,2,tencent_ai_lab_chinese_embedding_light_mirror_mvp,0.71967502,282,0.61814384,547,0.7117883,228,恋情,恋爱核心,unreviewed
283,谈个,谈个,2,tencent_ai_lab_chinese_embedding_light_mirror_mvp,0.71954155,283,0.70330007,172,0.56925923,1397,没谈过恋爱,约会,unreviewed
284,其他同学,其他同学,4,tencent_ai_lab_chinese_embedding_light_mirror_mvp,0.71905663,284,0.66328065,285,0.65197074,500,同龄人,社会比较与人生进度,unreviewed
285,家人,家人,2,tencent_ai_lab_chinese_embedding_light_mirror_mvp,0.71837752,285,0.69566932,187,0.58619016,1149,老公,婚恋,unreviewed
286,贤妻,贤妻,2,tencent_ai_lab_chinese_embedding_light_mirror_mvp,0.71828662,286,0.58706398,870,0.75161302,134,妻子,婚恋,unreviewed
287,一见钟情,一见钟情,4,tencent_ai_lab_chinese_embedding_light_mirror_mvp,0.71766982,287,0.6934756,193,0.59094512,1079,恋情,恋爱核心,unreviewed
288,青涩,青涩,2,tencent_ai_lab_chinese_embedding_light_mirror_mvp,0.71756717,288,0.62080952,527,0.70751595,247,青春,社会比较与人生进度,unreviewed
289,相伴,相伴,2,tencent_ai_lab_chinese_embedding_light_mirror_mvp,0.71708889,289,0.58383534,917,0.7557807,127,伴侣,对象关系,unreviewed
290,交往,交往,2,tencent_ai_lab_chinese_embedding_light_mirror_mvp,0.71708849,290,0.67615905,243,0.62522084,728,亲密关系,社会比较与人生进度,unreviewed
291,娶亲,娶亲,2,tencent_ai_lab_chinese_embedding_light_mirror_mvp,0.71674761,291,0.65444069,332,0.66681719,427,结婚,婚恋,unreviewed
292,移情别恋,移情别恋,4,tencent_ai_lab_chinese_embedding_light_mirror_mvp,0.71582359,292,0.65526867,325,0.66398132,440,恋情,恋爱核心,unreviewed
293,情书,情书,2,tencent_ai_lab_chinese_embedding_light_mirror_mvp,0.71445084,293,0.6740629,251,0.6268273,708,感情史,恋爱核心,unreviewed
294,邻桌,邻桌,2,tencent_ai_lab_chinese_embedding_light_mirror_mvp,0.71431956,294,0.62154057,524,0.7047506,260,同桌,约会,unreviewed
295,婚姻大事,婚姻大事,4,tencent_ai_lab_chinese_embedding_light_mirror_mvp,0.71399995,295,0.63274004,445,0.69244933,310,婚礼,婚恋,unreviewed
296,融洽,融洽,2,tencent_ai_lab_chinese_embedding_light_mirror_mvp,0.71394977,296,0.66959642,263,0.63404161,651,亲密,亲密行为,unreviewed
297,牵着,牵着,2,tencent_ai_lab_chinese_embedding_light_mirror_mvp,0.7137863,297,0.57035352,1121,0.77505302,101,牵手,亲密行为,unreviewed
298,生娃,生娃,2,tencent_ai_lab_chinese_embedding_light_mirror_mvp,0.71342127,298,0.70433609,168,0.52686083,2377,母胎单身,婚恋,unreviewed
299,携手,携手,2,tencent_ai_lab_chinese_embedding_light_mirror_mvp,0.71294075,299,0.61148038,589,0.71452653,223,牵手,亲密行为,unreviewed
300,同事,同事,2,tencent_ai_lab_chinese_embedding_light_mirror_mvp,0.71234136,300,0.6586858,308,0.65428162,489,同龄人,社会比较与人生进度,unreviewed
301,后爸,后爸,2,tencent_ai_lab_chinese_embedding_light_mirror_mvp,0.71221768,301,0.70392585,169,0.53690857,2094,前男友,恋爱历史,unreviewed
302,妻弟,妻弟,2,tencent_ai_lab_chinese_embedding_light_mirror_mvp,0.71060163,302,0.59381177,787,0.73643124,161,妻子,婚恋,unreviewed
303,白头偕老,白头偕老,4,tencent_ai_lab_chinese_embedding_light_mirror_mvp,0.7102331,303,0.68521934,219,0.60020828,963,告白,婚恋,manual_keep
304,选择对象,选择对象,4,tencent_ai_lab_chinese_embedding_light_mirror_mvp,0.7091926,304,0.56994607,1130,0.77249008,103,对象,对象关系,unreviewed
305,蓝颜知己,蓝颜知己,4,tencent_ai_lab_chinese_embedding_light_mirror_mvp,0.70875583,305,0.69930061,179,0.47828686,3752,暗恋,社会比较与人生进度,unreviewed
306,痴情,痴情,2,tencent_ai_lab_chinese_embedding_light_mirror_mvp,0.7086879,306,0.62917279,472,0.69283938,306,爱情,恋爱核心,unreviewed
307,相处,相处,2,tencent_ai_lab_chinese_embedding_light_mirror_mvp,0.70687888,307,0.686412,215,0.5926646,1056,伴侣,亲密行为,unreviewed
308,班主任,班主任,3,tencent_ai_lab_chinese_embedding_light_mirror_mvp,0.70497012,308,0.6974983,183,0.49963701,3155,前任,校园恋爱,unreviewed
309,白头到老,白头到老,4,tencent_ai_lab_chinese_embedding_light_mirror_mvp,0.70420924,309,0.698395,181,0.52873713,2325,告白,社会比较与人生进度,unreviewed
310,亲人,亲人,2,tencent_ai_lab_chinese_embedding_light_mirror_mvp,0.70396113,310,0.61307216,578,0.7068128,249,亲密,亲密行为,unreviewed
311,改嫁,改嫁,2,tencent_ai_lab_chinese_embedding_light_mirror_mvp,0.70242727,311,0.65991609,300,0.64061493,599,订婚,婚恋,unreviewed
312,宿友,宿友,2,tencent_ai_lab_chinese_embedding_light_mirror_mvp,0.70168048,312,0.69656186,185,0.54833573,1802,同桌,对象关系,unreviewed
313,调情,调情,2,tencent_ai_lab_chinese_embedding_light_mirror_mvp,0.70102218,313,0.68480523,221,0.58792621,1125,恋情,恋爱核心,unreviewed
314,抢婚,抢婚,2,tencent_ai_lab_chinese_embedding_light_mirror_mvp,0.69899225,314,0.63705093,424,0.67864364,369,求婚,婚恋,unreviewed
315,我哥,我哥,2,tencent_ai_lab_chinese_embedding_light_mirror_mvp,0.69780126,315,0.69348589,192,0.50236475,3064,前男友,社会比较与人生进度,unreviewed
316,暧昧,暧昧,2,tencent_ai_lab_chinese_embedding_light_mirror_mvp,0.69776736,316,0.68073964,229,0.59297287,1048,暗恋,亲密行为,manual_keep
317,谈过,谈过,2,tencent_ai_lab_chinese_embedding_light_mirror_mvp,0.69637975,317,0.63116207,462,0.68307507,348,没谈过恋爱,社会比较与人生进度,unreviewed
318,幸福,幸福,2,tencent_ai_lab_chinese_embedding_light_mirror_mvp,0.69636925,318,0.68443031,223,0.58177865,1214,伴侣,婚恋,unreviewed
319,手拉手,手拉手,3,tencent_ai_lab_chinese_embedding_light_mirror_mvp,0.69453679,319,0.66641004,277,0.61921877,784,牵手,亲密行为,unreviewed
320,喜结连理,喜结连理,4,tencent_ai_lab_chinese_embedding_light_mirror_mvp,0.69448073,320,0.69327899,194,0.45561808,4273,喜欢的人,表白与追求,unreviewed
321,妹子,妹子,2,tencent_ai_lab_chinese_embedding_light_mirror_mvp,0.69413753,321,0.67862806,236,0.59329009,1042,女朋友,社会比较与人生进度,manual_review
322,娘家,娘家,2,tencent_ai_lab_chinese_embedding_light_mirror_mvp,0.69392994,322,0.69202937,198,0.5432502,1938,婚礼,婚恋,unreviewed
323,女伴,女伴,2,tencent_ai_lab_chinese_embedding_light_mirror_mvp,0.69328448,323,0.59148477,812,0.72792947,186,伴侣,对象关系,unreviewed
324,青春活力,青春活力,4,tencent_ai_lab_chinese_embedding_light_mirror_mvp,0.69286744,324,0.57702014,1028,0.75008547,139,青春,社会比较与人生进度,manual_review
325,我姐,我姐,2,tencent_ai_lab_chinese_embedding_light_mirror_mvp,0.69240384,325,0.68957847,206,0.48585534,3545,丈夫,社会比较与人生进度,unreviewed
326,探求,探求,2,tencent_ai_lab_chinese_embedding_light_mirror_mvp,0.68982359,326,0.57471322,1057,0.75129044,135,追求,表白与追求,unreviewed
327,葬礼,葬礼,2,tencent_ai_lab_chinese_embedding_light_mirror_mvp,0.68830419,327,0.65058537,355,0.64810586,532,婚礼,婚恋,unreviewed
328,成家,成家,2,tencent_ai_lab_chinese_embedding_light_mirror_mvp,0.68764537,328,0.68856878,209,0.52870625,2328,订婚,婚恋,unreviewed
329,为了爱,为了爱,3,tencent_ai_lab_chinese_embedding_light_mirror_mvp,0.6875278,329,0.65349427,338,0.64013135,603,爱情,表白与追求,unreviewed
330,她说,她说,2,tencent_ai_lab_chinese_embedding_light_mirror_mvp,0.6864282,330,0.68788543,213,0.51225722,2779,女朋友,表白与追求,unreviewed
331,迷恋,迷恋,2,tencent_ai_lab_chinese_embedding_light_mirror_mvp,0.68640116,331,0.59336994,790,0.72088218,206,恋情,恋爱核心,unreviewed
332,逛街,逛街,2,tencent_ai_lab_chinese_embedding_light_mirror_mvp,0.68582958,332,0.68754514,214,0.54385924,1925,散步,约会,unreviewed
333,我爸,我爸,2,tencent_ai_lab_chinese_embedding_light_mirror_mvp,0.68284922,333,0.68611729,217,0.52159142,2513,老公,婚恋,unreviewed
334,开房,开房,2,tencent_ai_lab_chinese_embedding_light_mirror_mvp,0.68244776,334,0.68448012,222,0.49926311,3165,结婚,婚恋,unreviewed
335,相约,相约,2,tencent_ai_lab_chinese_embedding_light_mirror_mvp,0.6819473,335,0.57479789,1055,0.7458545,146,约会,约会,unreviewed
336,亲切,亲切,2,tencent_ai_lab_chinese_embedding_light_mirror_mvp,0.68191809,336,0.5779084,1012,0.74090278,149,亲密,亲密行为,manual_reject
337,聘礼,聘礼,2,tencent_ai_lab_chinese_embedding_light_mirror_mvp,0.68174696,337,0.64243698,387,0.65682018,475,婚礼,婚恋,unreviewed
338,学妹,学妹,2,tencent_ai_lab_chinese_embedding_light_mirror_mvp,0.68171148,338,0.68299128,225,0.55920208,1577,学生情侣,校园恋爱,unreviewed
339,约炮,约炮,2,tencent_ai_lab_chinese_embedding_light_mirror_mvp,0.68164116,339,0.65177693,349,0.6383146,617,约会,约会,unreviewed
340,甜蜜,甜蜜,2,tencent_ai_lab_chinese_embedding_light_mirror_mvp,0.68125072,340,0.67044239,260,0.59566402,1004,亲密,亲密行为,manual_keep
341,渴求,渴求,2,tencent_ai_lab_chinese_embedding_light_mirror_mvp,0.68055649,341,0.60007138,708,0.70786023,243,追求,表白与追求,unreviewed
342,互动关系,互动关系,4,tencent_ai_lab_chinese_embedding_light_mirror_mvp,0.68042155,342,0.59794502,736,0.71065605,231,亲密关系,亲密行为,unreviewed
343,两任,两任,2,tencent_ai_lab_chinese_embedding_light_mirror_mvp,0.67905589,343,0.65397557,336,0.63090205,669,前任,恋爱历史,unreviewed
344,伴郎,伴郎,2,tencent_ai_lab_chinese_embedding_light_mirror_mvp,0.67876185,344,0.65154061,353,0.6363557,634,伴侣,对象关系,unreviewed
345,提亲,提亲,2,tencent_ai_lab_chinese_embedding_light_mirror_mvp,0.67827463,345,0.66791592,272,0.59824854,979,亲密关系,亲密行为,manual_keep
346,如果爱,如果爱,3,tencent_ai_lab_chinese_embedding_light_mirror_mvp,0.67813332,346,0.66176485,294,0.6106075,866,爱情,恋爱核心,unreviewed
347,亲妈,亲妈,2,tencent_ai_lab_chinese_embedding_light_mirror_mvp,0.67787963,347,0.65741258,313,0.62014043,774,亲密,亲密行为,unreviewed
348,忘不掉,忘不掉,3,tencent_ai_lab_chinese_embedding_light_mirror_mvp,0.67596867,348,0.68006501,230,0.55609399,1637,错过青春,社会比较与人生进度,unreviewed
349,表哥,表哥,2,tencent_ai_lab_chinese_embedding_light_mirror_mvp,0.67492788,349,0.68104382,228,0.54594427,1861,表白,表白与追求,unreviewed
350,发小,发小,2,tencent_ai_lab_chinese_embedding_light_mirror_mvp,0.67390335,350,0.68127007,227,0.45513991,4286,拥抱,社会比较与人生进度,unreviewed
351,校园生活,校园生活,4,tencent_ai_lab_chinese_embedding_light_mirror_mvp,0.67386608,351,0.59516861,772,0.71044338,233,校园恋爱,校园恋爱,unreviewed
352,婚外,婚外,2,tencent_ai_lab_chinese_embedding_light_mirror_mvp,0.67375425,352,0.66203493,291,0.60475057,923,结婚,婚恋,unreviewed
353,二女儿,二女儿,3,tencent_ai_lab_chinese_embedding_light_mirror_mvp,0.67279835,353,0.67791278,238,0.47054821,3967,前女友,社会比较与人生进度,unreviewed
354,同性,同性,2,tencent_ai_lab_chinese_embedding_light_mirror_mvp,0.67224657,354,0.63897107,403,0.65477967,486,同龄人,社会比较与人生进度,unreviewed
355,绯闻,绯闻,2,tencent_ai_lab_chinese_embedding_light_mirror_mvp,0.67192341,355,0.67904179,233,0.51643217,2666,暗恋,恋爱历史,unreviewed
356,吃饭,吃饭,2,tencent_ai_lab_chinese_embedding_light_mirror_mvp,0.67050844,356,0.58412927,913,0.72395319,198,约饭,约会,unreviewed
357,爱得,爱得,2,tencent_ai_lab_chinese_embedding_light_mirror_mvp,0.6702924,357,0.65302703,341,0.62339091,744,爱情,恋爱核心,unreviewed
358,婚外恋,婚外恋,3,tencent_ai_lab_chinese_embedding_light_mirror_mvp,0.67011345,358,0.66650461,276,0.58977735,1099,恋人,恋爱核心,unreviewed
359,聚餐,聚餐,2,tencent_ai_lab_chinese_embedding_light_mirror_mvp,0.66947634,359,0.6069592,637,0.69270158,307,约饭,约会,unreviewed
360,两人,两人,2,tencent_ai_lab_chinese_embedding_light_mirror_mvp,0.66938125,360,0.65401685,335,0.61979747,779,别人都有对象,对象关系,unreviewed
361,寻求,寻求,2,tencent_ai_lab_chinese_embedding_light_mirror_mvp,0.66934058,361,0.55416844,1462,0.77513617,100,追求,表白与追求,manual_reject
362,人际交往,人际交往,4,tencent_ai_lab_chinese_embedding_light_mirror_mvp,0.66911028,362,0.6567014,316,0.61227679,846,亲密关系,社会比较与人生进度,unreviewed
363,其夫,其夫,2,tencent_ai_lab_chinese_embedding_light_mirror_mvp,0.66908856,363,0.64892613,360,0.63155568,665,丈夫,婚恋,unreviewed
364,情感交流,情感交流,4,tencent_ai_lab_chinese_embedding_light_mirror_mvp,0.66868059,364,0.60954596,609,0.68900788,323,感情史,对象关系,unreviewed
365,爱你,爱你,2,tencent_ai_lab_chinese_embedding_light_mirror_mvp,0.66766993,365,0.6202553,533,0.67687201,374,爱情,恋爱核心,unreviewed
366,手挽手,手挽手,3,tencent_ai_lab_chinese_embedding_light_mirror_mvp,0.66595086,366,0.65552738,323,0.61167353,855,牵手,亲密行为,unreviewed
367,嫁到,嫁到,2,tencent_ai_lab_chinese_embedding_light_mirror_mvp,0.66586892,367,0.58867905,849,0.71429372,224,结婚,婚恋,unreviewed
368,刻骨铭心,刻骨铭心,4,tencent_ai_lab_chinese_embedding_light_mirror_mvp,0.66527692,368,0.67496643,247,0.46331662,4121,感情史,表白与追求,unreviewed
369,怀孕,怀孕,2,tencent_ai_lab_chinese_embedding_light_mirror_mvp,0.66476142,369,0.67157183,257,0.56635314,1443,老公,婚恋,unreviewed
370,好朋友,好朋友,3,tencent_ai_lab_chinese_embedding_light_mirror_mvp,0.66468557,370,0.66197598,293,0.59553391,1008,女朋友,对象关系,manual_review
371,邀约,邀约,2,tencent_ai_lab_chinese_embedding_light_mirror_mvp,0.66376947,371,0.57048727,1120,0.74043655,150,约会,约会,unreviewed
372,母女俩,母女俩,3,tencent_ai_lab_chinese_embedding_light_mirror_mvp,0.66318938,372,0.65338674,339,0.6147213,828,母胎单身,婚恋,unreviewed
373,舅妈,舅妈,2,tencent_ai_lab_chinese_embedding_light_mirror_mvp,0.66289435,373,0.67432245,249,0.52839208,2340,老公,婚恋,unreviewed
374,变心,变心,2,tencent_ai_lab_chinese_embedding_light_mirror_mvp,0.6625735,374,0.67420912,250,0.45926583,4208,感情史,表白与追求,unreviewed
375,纯爱,纯爱,2,tencent_ai_lab_chinese_embedding_light_mirror_mvp,0.66152609,375,0.63297991,443,0.65861654,463,恋爱,恋爱核心,unreviewed
376,儿女,儿女,2,tencent_ai_lab_chinese_embedding_light_mirror_mvp,0.66148404,376,0.67221289,252,0.50022751,3135,老公,社会比较与人生进度,unreviewed
377,亲亲的,亲亲的,3,tencent_ai_lab_chinese_embedding_light_mirror_mvp,0.65971227,377,0.57367728,1074,0.73309571,169,亲密,亲密行为,unreviewed
378,父母,父母,2,tencent_ai_lab_chinese_embedding_light_mirror_mvp,0.65966032,378,0.67218623,253,0.51491767,2708,亲密关系,社会比较与人生进度,unreviewed
379,浪漫,浪漫,2,tencent_ai_lab_chinese_embedding_light_mirror_mvp,0.65818785,379,0.67157977,256,0.53047693,2285,爱情,表白与追求,unreviewed
380,炮友,炮友,2,tencent_ai_lab_chinese_embedding_light_mirror_mvp,0.65735117,380,0.67111255,258,0.54119134,1998,前男友,对象关系,unreviewed
381,亲事,亲事,2,tencent_ai_lab_chinese_embedding_light_mirror_mvp,0.65585015,381,0.60590557,651,0.68609375,337,亲密,亲密行为,unreviewed
382,相亲相爱,相亲相爱,4,tencent_ai_lab_chinese_embedding_light_mirror_mvp,0.65501982,382,0.61674385,553,0.67303264,394,恋爱,对象关系,unreviewed
383,婚外情,婚外情,3,tencent_ai_lab_chinese_embedding_light_mirror_mvp,0.65495634,383,0.66396165,283,0.57410264,1322,结婚,婚恋,unreviewed
384,生了,生了,2,tencent_ai_lab_chinese_embedding_light_mirror_mvp,0.65488115,384,0.66982119,262,0.54828417,1805,老公,婚恋,unreviewed
385,去爱,去爱,2,tencent_ai_lab_chinese_embedding_light_mirror_mvp,0.65475629,385,0.65507677,327,0.60129833,950,爱情,恋爱核心,unreviewed
386,主婚,主婚,2,tencent_ai_lab_chinese_embedding_light_mirror_mvp,0.65421905,386,0.6011535,698,0.69078362,315,结婚,婚恋,unreviewed
387,搭讪,搭讪,2,tencent_ai_lab_chinese_embedding_light_mirror_mvp,0.65338124,387,0.66153435,296,0.57929522,1256,约会对象,约会,unreviewed
388,双鱼座,双鱼座,3,tencent_ai_lab_chinese_embedding_light_mirror_mvp,0.65331431,388,0.66787806,273,0.47951728,3719,同桌,单身与脱单,unreviewed
389,回娘家,回娘家,3,tencent_ai_lab_chinese_embedding_light_mirror_mvp,0.6533123,389,0.66812336,268,0.50021935,3136,婚礼,婚恋,unreviewed
390,同辈,同辈,2,tencent_ai_lab_chinese_embedding_light_mirror_mvp,0.65155295,390,0.62373124,507,0.66394198,441,同龄人,社会比较与人生进度,unreviewed
391,情敌,情敌,2,tencent_ai_lab_chinese_embedding_light_mirror_mvp,0.65139958,391,0.66260226,289,0.57337558,1329,感情史,对象关系,unreviewed
392,朋友,朋友,2,tencent_ai_lab_chinese_embedding_light_mirror_mvp,0.65130514,392,0.6399883,396,0.63194191,660,女朋友,对象关系,unreviewed
393,课桌,课桌,2,tencent_ai_lab_chinese_embedding_light_mirror_mvp,0.65125633,393,0.61634841,557,0.67124879,400,同桌,校园恋爱,unreviewed
394,同校,同校,2,tencent_ai_lab_chinese_embedding_light_mirror_mvp,0.65045795,394,0.63187937,451,0.65158105,501,同桌,校园恋爱,unreviewed
395,再娶,再娶,2,tencent_ai_lab_chinese_embedding_light_mirror_mvp,0.64980106,395,0.64353306,376,0.62151229,759,订婚,婚恋,unreviewed
396,典礼,典礼,2,tencent_ai_lab_chinese_embedding_light_mirror_mvp,0.6496545,396,0.62236295,514,0.66409534,438,婚礼,婚恋,unreviewed
397,几岁,几岁,2,tencent_ai_lab_chinese_embedding_light_mirror_mvp,0.64946836,397,0.64858423,363,0.61152697,857,同龄人,社会比较与人生进度,unreviewed
398,配偶,配偶,2,tencent_ai_lab_chinese_embedding_light_mirror_mvp,0.64847645,398,0.63685342,426,0.63839918,614,妻子,婚恋,unreviewed
399,婆媳关系,婆媳关系,4,tencent_ai_lab_chinese_embedding_light_mirror_mvp,0.64815984,399,0.60084779,700,0.68756783,329,亲密关系,婚恋,unreviewed
400,依恋,依恋,2,tencent_ai_lab_chinese_embedding_light_mirror_mvp,0.64763585,400,0.57159528,1104,0.72871339,181,恋情,恋爱核心,unreviewed
401,追梦,追梦,2,tencent_ai_lab_chinese_embedding_light_mirror_mvp,0.64625332,401,0.59491874,775,0.69418383,296,追求,表白与追求,unreviewed
402,好男人,好男人,3,tencent_ai_lab_chinese_embedding_light_mirror_mvp,0.64386254,402,0.64333797,380,0.6160481,816,喜欢的人,社会比较与人生进度,unreviewed
403,年纪,年纪,2,tencent_ai_lab_chinese_embedding_light_mirror_mvp,0.64365164,403,0.647103,366,0.60810298,888,同龄人,社会比较与人生进度,unreviewed
404,女人说,女人说,3,tencent_ai_lab_chinese_embedding_light_mirror_mvp,0.64315404,404,0.65956095,301,0.56958115,1394,女朋友,对象关系,unreviewed
405,数学老师,数学老师,4,tencent_ai_lab_chinese_embedding_light_mirror_mvp,0.64310877,405,0.66605968,278,0.450068,4387,对象,社会比较与人生进度,unreviewed
406,遛狗,遛狗,2,tencent_ai_lab_chinese_embedding_light_mirror_mvp,0.64298499,406,0.6646764,280,0.45589852,4267,散步,约会,unreviewed
407,表弟,表弟,2,tencent_ai_lab_chinese_embedding_light_mirror_mvp,0.64289387,407,0.66414268,282,0.52203631,2498,表白,表白与追求,unreviewed
408,老同学,老同学,3,tencent_ai_lab_chinese_embedding_light_mirror_mvp,0.64191239,408,0.62256809,512,0.65934092,458,同龄人,校园恋爱,unreviewed
409,我妈妈,我妈妈,3,tencent_ai_lab_chinese_embedding_light_mirror_mvp,0.64181923,409,0.66321386,287,0.51267457,2771,母胎单身,社会比较与人生进度,unreviewed
410,离异,离异,2,tencent_ai_lab_chinese_embedding_light_mirror_mvp,0.64101716,410,0.66322119,286,0.53615999,2118,脱单,单身与脱单,unreviewed
411,十几岁,十几岁,3,tencent_ai_lab_chinese_embedding_light_mirror_mvp,0.6409917,411,0.64344193,378,0.61278361,842,同龄人,社会比较与人生进度,unreviewed
412,虐狗,虐狗,2,tencent_ai_lab_chinese_embedding_light_mirror_mvp,0.64081364,412,0.66362565,284,0.45542794,4279,恋情,恋爱核心,unreviewed
413,喜结良缘,喜结良缘,4,tencent_ai_lab_chinese_embedding_light_mirror_mvp,0.64047201,413,0.65548551,324,0.58001882,1241,结婚,婚恋,unreviewed
414,嫁过来,嫁过来,3,tencent_ai_lab_chinese_embedding_light_mirror_mvp,0.63981872,414,0.60966097,608,0.67191023,396,结婚,婚恋,unreviewed
415,爱上她,爱上她,3,tencent_ai_lab_chinese_embedding_light_mirror_mvp,0.63944545,415,0.63836215,406,0.62353188,743,爱情,恋爱核心,unreviewed
416,父母亲,父母亲,3,tencent_ai_lab_chinese_embedding_light_mirror_mvp,0.63912942,416,0.65625561,320,0.57594889,1294,亲密关系,婚恋,unreviewed
417,情投意合,情投意合,4,tencent_ai_lab_chinese_embedding_light_mirror_mvp,0.63901919,417,0.66197703,292,0.5153324,2695,情侣,表白与追求,unreviewed
418,男神,男神,2,tencent_ai_lab_chinese_embedding_light_mirror_mvp,0.63831131,418,0.64782685,365,0.60157436,946,男朋友,对象关系,unreviewed
419,情话,情话,2,tencent_ai_lab_chinese_embedding_light_mirror_mvp,0.63826903,419,0.63076524,464,0.64338559,571,恋情,恋爱核心,unreviewed
420,形同陌路,形同陌路,4,tencent_ai_lab_chinese_embedding_light_mirror_mvp,0.63721014,420,0.66154119,295,0.52032799,2548,别人都有对象,社会比较与人生进度,unreviewed
421,娘家人,娘家人,3,tencent_ai_lab_chinese_embedding_light_mirror_mvp,0.63698096,421,0.66145738,298,0.5305233,2281,丈夫,婚恋,unreviewed
422,心上人,心上人,3,tencent_ai_lab_chinese_embedding_light_mirror_mvp,0.63631291,422,0.64630094,367,0.60193604,943,恋人,社会比较与人生进度,unreviewed
423,钻戒,钻戒,2,tencent_ai_lab_chinese_embedding_light_mirror_mvp,0.6328542,423,0.65767236,310,0.4761264,3808,恋爱,恋爱核心,unreviewed
424,三角恋,三角恋,3,tencent_ai_lab_chinese_embedding_light_mirror_mvp,0.63263489,424,0.65465434,329,0.57201606,1352,恋情,恋爱核心,unreviewed
425,情妇,情妇,2,tencent_ai_lab_chinese_embedding_light_mirror_mvp,0.63133066,425,0.60926539,615,0.6677326,416,情侣,对象关系,unreviewed
426,幽会,幽会,2,tencent_ai_lab_chinese_embedding_light_mirror_mvp,0.63107858,426,0.65868849,307,0.53401464,2177,约会,约会,unreviewed
427,姑妈,姑妈,2,tencent_ai_lab_chinese_embedding_light_mirror_mvp,0.63098544,427,0.65948179,302,0.45217878,4350,前女友,婚恋,unreviewed
428,课间,课间,2,tencent_ai_lab_chinese_embedding_light_mirror_mvp,0.63098231,428,0.65733598,314,0.49837965,3195,同桌,校园恋爱,unreviewed
429,师生关系,师生关系,4,tencent_ai_lab_chinese_embedding_light_mirror_mvp,0.63072419,429,0.60396234,670,0.67381454,388,亲密关系,亲密行为,unreviewed
430,姑姐,姑姐,2,tencent_ai_lab_chinese_embedding_light_mirror_mvp,0.6304254,430,0.66275887,288,0.440099,4539,丈夫,婚恋,unreviewed
431,别人,别人,2,tencent_ai_lab_chinese_embedding_light_mirror_mvp,0.63035349,431,0.5738152,1072,0.71501613,222,别人都有对象,社会比较与人生进度,unreviewed
432,学生时代,学生时代,4,tencent_ai_lab_chinese_embedding_light_mirror_mvp,0.63010137,432,0.64949152,357,0.58655369,1135,学生情侣,社会比较与人生进度,unreviewed
433,男女之间,男女之间,4,tencent_ai_lab_chinese_embedding_light_mirror_mvp,0.62963682,433,0.65218077,347,0.57717043,1281,男朋友,对象关系,unreviewed
434,嫁女,嫁女,2,tencent_ai_lab_chinese_embedding_light_mirror_mvp,0.62793083,434,0.61273104,580,0.66190648,450,结婚,婚恋,unreviewed
435,家庭主妇,家庭主妇,4,tencent_ai_lab_chinese_embedding_light_mirror_mvp,0.62791129,435,0.63811727,410,0.61293757,840,妻子,婚恋,unreviewed
436,生下,生下,2,tencent_ai_lab_chinese_embedding_light_mirror_mvp,0.62735079,436,0.65663723,319,0.50710469,2928,人生阶段,社会比较与人生进度,unreviewed
437,贤妻良母,贤妻良母,4,tencent_ai_lab_chinese_embedding_light_mirror_mvp,0.62714745,437,0.63191962,450,0.62844622,696,妻子,婚恋,unreviewed
438,密友,密友,2,tencent_ai_lab_chinese_embedding_light_mirror_mvp,0.62696936,438,0.62364085,508,0.64957249,524,亲密,亲密行为,unreviewed
439,姑娘,姑娘,2,tencent_ai_lab_chinese_embedding_light_mirror_mvp,0.62641451,439,0.65511308,326,0.557329,1615,结婚,婚恋,unreviewed
440,桃花运,桃花运,3,tencent_ai_lab_chinese_embedding_light_mirror_mvp,0.62635653,440,0.6686533,265,0.42105603,4759,初恋,社会比较与人生进度,unreviewed
441,美好,美好,2,tencent_ai_lab_chinese_embedding_light_mirror_mvp,0.62536583,441,0.65589387,321,0.54814672,1808,落后,表白与追求,unreviewed
442,校园,校园,2,tencent_ai_lab_chinese_embedding_light_mirror_mvp,0.62475689,442,0.54719404,1658,0.76209098,117,校园恋爱,校园恋爱,unreviewed
443,握手,握手,2,tencent_ai_lab_chinese_embedding_light_mirror_mvp,0.62367848,443,0.58999155,828,0.68755811,330,牵手,亲密行为,unreviewed
444,大嫂,大嫂,2,tencent_ai_lab_chinese_embedding_light_mirror_mvp,0.62345874,444,0.655064,328,0.55089551,1744,老婆,婚恋,unreviewed
445,深情,深情,2,tencent_ai_lab_chinese_embedding_light_mirror_mvp,0.62340542,445,0.62446616,502,0.64424646,563,爱情,亲密行为,unreviewed
446,跑步,跑步,2,tencent_ai_lab_chinese_embedding_light_mirror_mvp,0.62326305,446,0.60577979,653,0.66758442,419,散步,约会,unreviewed
447,哥们,哥们,2,tencent_ai_lab_chinese_embedding_light_mirror_mvp,0.62309295,447,0.65459459,330,0.50206733,3075,同龄人,社会比较与人生进度,unreviewed
448,男主人,男主人,3,tencent_ai_lab_chinese_embedding_light_mirror_mvp,0.62272187,448,0.62605591,489,0.6389879,609,男朋友,对象关系,unreviewed
449,重点对象,重点对象,4,tencent_ai_lab_chinese_embedding_light_mirror_mvp,0.62250853,449,0.54004725,1872,0.77760112,96,对象,对象关系,manual_reject
450,还说,还说,2,tencent_ai_lab_chinese_embedding_light_mirror_mvp,0.62219421,450,0.65361688,337,0.4951061,3295,对象,表白与追求,unreviewed
451,那个人,那个人,3,tencent_ai_lab_chinese_embedding_light_mirror_mvp,0.62176234,451,0.60147902,695,0.67173815,397,喜欢的人,社会比较与人生进度,unreviewed
452,圈外人,圈外人,3,tencent_ai_lab_chinese_embedding_light_mirror_mvp,0.62079328,452,0.6485446,364,0.57655895,1285,同龄人,社会比较与人生进度,unreviewed
453,分分合合,分分合合,4,tencent_ai_lab_chinese_embedding_light_mirror_mvp,0.62035878,453,0.65418618,334,0.51968086,2574,伴侣,社会比较与人生进度,unreviewed
454,基友,基友,2,tencent_ai_lab_chinese_embedding_light_mirror_mvp,0.61998055,454,0.62491391,498,0.6395039,605,男朋友,对象关系,unreviewed
455,一家人,一家人,3,tencent_ai_lab_chinese_embedding_light_mirror_mvp,0.61977281,455,0.65274678,344,0.55728698,1617,同龄人,婚恋,unreviewed
456,宴会,宴会,2,tencent_ai_lab_chinese_embedding_light_mirror_mvp,0.61966833,456,0.62466564,499,0.63968325,604,约会,约会,unreviewed
457,插足,插足,2,tencent_ai_lab_chinese_embedding_light_mirror_mvp,0.61958696,457,0.65288692,342,0.48723769,3496,牵手,社会比较与人生进度,unreviewed
458,生儿育女,生儿育女,4,tencent_ai_lab_chinese_embedding_light_mirror_mvp,0.61918672,458,0.65272558,345,0.55675358,1625,母胎单身,婚恋,unreviewed
459,大姐,大姐,2,tencent_ai_lab_chinese_embedding_light_mirror_mvp,0.61806687,459,0.65253592,346,0.49865088,3183,大学恋爱,社会比较与人生进度,unreviewed
460,初中,初中,2,tencent_ai_lab_chinese_embedding_light_mirror_mvp,0.61750647,460,0.61872418,546,0.65049332,514,初恋,校园恋爱,unreviewed
461,男女生,男女生,3,tencent_ai_lab_chinese_embedding_light_mirror_mvp,0.61748327,461,0.59528587,771,0.67743462,372,男朋友,对象关系,unreviewed
462,坠入情网,坠入情网,4,tencent_ai_lab_chinese_embedding_light_mirror_mvp,0.61718456,462,0.65335233,340,0.53749657,2077,恋情,恋爱核心,unreviewed
463,二胎,二胎,2,tencent_ai_lab_chinese_embedding_light_mirror_mvp,0.61641501,463,0.64922781,358,0.5666163,1438,母胎单身,社会比较与人生进度,unreviewed
464,领先,领先,2,tencent_ai_lab_chinese_embedding_light_mirror_mvp,0.61632821,464,0.64120706,392,0.59182006,1066,落后,社会比较与人生进度,unreviewed
465,单亲,单亲,2,tencent_ai_lab_chinese_embedding_light_mirror_mvp,0.61554289,465,0.54429688,1734,0.76252699,114,单身,单身与脱单,unreviewed
466,爹妈,爹妈,2,tencent_ai_lab_chinese_embedding_light_mirror_mvp,0.61473414,466,0.65170966,351,0.50938201,2871,老公,婚恋,unreviewed
467,老班,老班,2,tencent_ai_lab_chinese_embedding_light_mirror_mvp,0.61448328,467,0.65172461,350,0.51373535,2745,同桌,社会比较与人生进度,unreviewed
468,同学聚会,同学聚会,4,tencent_ai_lab_chinese_embedding_light_mirror_mvp,0.6142016,468,0.59127711,816,0.68073338,360,同桌,约会,unreviewed
469,思恋,思恋,2,tencent_ai_lab_chinese_embedding_light_mirror_mvp,0.61364682,469,0.58163525,947,0.69351792,301,恋情,恋爱核心,unreviewed
470,迎亲,迎亲,2,tencent_ai_lab_chinese_embedding_light_mirror_mvp,0.61356077,470,0.62545696,494,0.63238114,656,接吻,亲密行为,unreviewed
471,晚宴,晚宴,2,tencent_ai_lab_chinese_embedding_light_mirror_mvp,0.61328926,471,0.64170625,390,0.5865292,1136,婚礼,约会,unreviewed
472,表妹,表妹,2,tencent_ai_lab_chinese_embedding_light_mirror_mvp,0.61324164,472,0.65136675,354,0.5491395,1789,表白,表白与追求,unreviewed
473,性生活,性生活,3,tencent_ai_lab_chinese_embedding_light_mirror_mvp,0.61306866,473,0.6297911,466,0.62039727,769,单身,对象关系,unreviewed
474,青春片,青春片,3,tencent_ai_lab_chinese_embedding_light_mirror_mvp,0.61306224,474,0.53221347,2144,0.79235637,81,青春,社会比较与人生进度,manual_review
475,苛求,苛求,2,tencent_ai_lab_chinese_embedding_light_mirror_mvp,0.61287604,475,0.61976228,536,0.64662522,543,追求,表白与追求,unreviewed
476,男女,男女,2,tencent_ai_lab_chinese_embedding_light_mirror_mvp,0.60968614,476,0.62250764,513,0.63551271,640,男朋友,对象关系,unreviewed
477,婚姻状况,婚姻状况,4,tencent_ai_lab_chinese_embedding_light_mirror_mvp,0.60948418,477,0.57946298,984,0.69440949,294,结婚,婚恋,manual_keep
478,盆友,盆友,2,tencent_ai_lab_chinese_embedding_light_mirror_mvp,0.60836074,478,0.6267213,485,0.62338614,745,女朋友,对象关系,unreviewed
479,挚爱,挚爱,2,tencent_ai_lab_chinese_embedding_light_mirror_mvp,0.60799349,479,0.61506902,566,0.6490519,527,恋爱,恋爱核心,unreviewed
480,上学时,上学时,3,tencent_ai_lab_chinese_embedding_light_mirror_mvp,0.60740094,480,0.64863635,362,0.54053748,2011,青春,社会比较与人生进度,unreviewed
481,怀恋,怀恋,2,tencent_ai_lab_chinese_embedding_light_mirror_mvp,0.60674798,481,0.58153181,951,0.68991113,316,恋情,恋爱核心,manual_keep
482,婚配,婚配,2,tencent_ai_lab_chinese_embedding_light_mirror_mvp,0.60669678,482,0.55656831,1403,0.73055482,176,结婚,婚恋,unreviewed
483,姻缘,姻缘,2,tencent_ai_lab_chinese_embedding_light_mirror_mvp,0.6064865,483,0.62642916,486,0.6221782,755,伴侣,婚恋,unreviewed
484,的人,的人,2,tencent_ai_lab_chinese_embedding_light_mirror_mvp,0.60637479,484,0.56363382,1257,0.71778631,214,喜欢的人,社会比较与人生进度,unreviewed
485,绝交,绝交,2,tencent_ai_lab_chinese_embedding_light_mirror_mvp,0.60475116,485,0.64892991,359,0.45077682,4372,接吻,社会比较与人生进度,unreviewed
486,从一而终,从一而终,4,tencent_ai_lab_chinese_embedding_light_mirror_mvp,0.60433344,486,0.64627452,368,0.50478923,3000,落后,社会比较与人生进度,unreviewed
487,岁月,岁月,2,tencent_ai_lab_chinese_embedding_light_mirror_mvp,0.60395673,487,0.64343716,379,0.56506145,1471,人生阶段,社会比较与人生进度,unreviewed
488,贤惠,贤惠,2,tencent_ai_lab_chinese_embedding_light_mirror_mvp,0.60351743,488,0.64523687,370,0.46571764,4073,妻子,婚恋,unreviewed
489,时光,时光,2,tencent_ai_lab_chinese_embedding_light_mirror_mvp,0.60174305,489,0.64511734,372,0.50697315,2937,青春,社会比较与人生进度,unreviewed
490,我弟,我弟,2,tencent_ai_lab_chinese_embedding_light_mirror_mvp,0.60160598,490,0.64383578,375,0.48645365,3530,前男友,社会比较与人生进度,unreviewed
491,吵架,吵架,2,tencent_ai_lab_chinese_embedding_light_mirror_mvp,0.60038729,491,0.64396958,374,0.50199294,3082,结婚,婚恋,unreviewed
492,男士,男士,2,tencent_ai_lab_chinese_embedding_light_mirror_mvp,0.60028185,492,0.57425516,1065,0.69711185,288,男朋友,对象关系,unreviewed
493,一往情深,一往情深,4,tencent_ai_lab_chinese_embedding_light_mirror_mvp,0.60015957,493,0.64349928,377,0.55601883,1640,感情史,恋爱历史,unreviewed
494,渴望,渴望,2,tencent_ai_lab_chinese_embedding_light_mirror_mvp,0.60005237,494,0.61619971,559,0.64324749,574,追求,表白与追求,unreviewed
495,无话不谈,无话不谈,4,tencent_ai_lab_chinese_embedding_light_mirror_mvp,0.59971112,495,0.63910867,400,0.57481009,1310,没谈过恋爱,单身与脱单,unreviewed
496,亲家,亲家,2,tencent_ai_lab_chinese_embedding_light_mirror_mvp,0.598057,496,0.61749833,550,0.63789207,621,亲密,亲密行为,unreviewed
497,蜜月,蜜月,2,tencent_ai_lab_chinese_embedding_light_mirror_mvp,0.59749207,497,0.64449985,373,0.45359021,4323,伴侣,亲密行为,unreviewed
498,上大学,上大学,3,tencent_ai_lab_chinese_embedding_light_mirror_mvp,0.59749079,498,0.59646775,755,0.66505152,436,大学恋爱,校园恋爱,unreviewed
499,度蜜月,度蜜月,3,tencent_ai_lab_chinese_embedding_light_mirror_mvp,0.59721677,499,0.64521506,371,0.45063531,4374,伴侣,对象关系,unreviewed
500,母子俩,母子俩,3,tencent_ai_lab_chinese_embedding_light_mirror_mvp,0.5968607,500,0.62880495,479,0.6077733,894,母胎单身,婚恋,unreviewed
501,英语老师,英语老师,4,tencent_ai_lab_chinese_embedding_light_mirror_mvp,0.59660451,501,0.64224042,388,0.4931249,3346,学生情侣,校园恋爱,unreviewed
502,家庭生活,家庭生活,4,tencent_ai_lab_chinese_embedding_light_mirror_mvp,0.59649354,502,0.6291554,473,0.60566169,915,人生阶段,社会比较与人生进度,unreviewed
503,亲如,亲如,2,tencent_ai_lab_chinese_embedding_light_mirror_mvp,0.59481589,503,0.57741342,1021,0.68967509,319,亲密,亲密行为,manual_reject
504,酒席,酒席,2,tencent_ai_lab_chinese_embedding_light_mirror_mvp,0.59476243,504,0.63935288,399,0.56637287,1442,婚礼,约会,unreviewed
505,真情,真情,2,tencent_ai_lab_chinese_embedding_light_mirror_mvp,0.59449619,505,0.61971211,537,0.62956953,685,爱情,恋爱核心,unreviewed
506,依偎,依偎,2,tencent_ai_lab_chinese_embedding_light_mirror_mvp,0.59414987,506,0.5910754,817,0.66975373,406,拥抱,亲密行为,unreviewed
507,美好的,美好的,3,tencent_ai_lab_chinese_embedding_light_mirror_mvp,0.59373446,507,0.64267319,386,0.53736901,2083,喜欢的人,表白与追求,unreviewed
508,我谈,我谈,2,tencent_ai_lab_chinese_embedding_light_mirror_mvp,0.59322558,508,0.63900721,401,0.56465,1477,没谈过恋爱,社会比较与人生进度,unreviewed
509,散心,散心,2,tencent_ai_lab_chinese_embedding_light_mirror_mvp,0.59316321,509,0.60060936,703,0.65726596,472,散步,约会,unreviewed
510,删光,删光,2,tencent_ai_lab_chinese_embedding_light_mirror_mvp,0.59282855,510,0.64033115,395,0.4760657,3811,被追,表白与追求,unreviewed
511,理想,理想,2,tencent_ai_lab_chinese_embedding_light_mirror_mvp,0.59260754,511,0.64183614,389,0.5317359,2246,追求,社会比较与人生进度,unreviewed
512,吃软饭,吃软饭,3,tencent_ai_lab_chinese_embedding_light_mirror_mvp,0.5925485,512,0.62712648,483,0.60657263,905,约饭,约会,unreviewed
513,女老师,女老师,3,tencent_ai_lab_chinese_embedding_light_mirror_mvp,0.59253358,513,0.63364189,440,0.58631909,1145,老婆,校园恋爱,unreviewed
514,抱紧,抱紧,2,tencent_ai_lab_chinese_embedding_light_mirror_mvp,0.59232977,514,0.54337314,1770,0.75108731,137,拥抱,亲密行为,unreviewed
515,上课时,上课时,3,tencent_ai_lab_chinese_embedding_light_mirror_mvp,0.59150123,515,0.64157591,391,0.539729,2024,同桌,校园恋爱,unreviewed
516,约见,约见,2,tencent_ai_lab_chinese_embedding_light_mirror_mvp,0.59134932,516,0.55348461,1485,0.72810137,185,约会,约会,unreviewed
517,堂姐,堂姐,2,tencent_ai_lab_chinese_embedding_light_mirror_mvp,0.5912516,517,0.63951898,398,0.46934384,3995,约会,婚恋,unreviewed
518,征婚,征婚,2,tencent_ai_lab_chinese_embedding_light_mirror_mvp,0.59116034,518,0.5557013,1418,0.72301513,200,求婚,婚恋,unreviewed
519,忠贞不渝,忠贞不渝,4,tencent_ai_lab_chinese_embedding_light_mirror_mvp,0.59020176,519,0.64067903,393,0.52421016,2449,感情史,社会比较与人生进度,unreviewed
520,他俩,他俩,2,tencent_ai_lab_chinese_embedding_light_mirror_mvp,0.58974756,520,0.63705524,423,0.57085979,1373,老公,婚恋,unreviewed
521,文科班,文科班,3,tencent_ai_lab_chinese_embedding_light_mirror_mvp,0.58954828,521,0.63898261,402,0.49255773,3365,同桌,校园恋爱,unreviewed
522,吻别,吻别,2,tencent_ai_lab_chinese_embedding_light_mirror_mvp,0.58949534,522,0.5477522,1638,0.73904192,156,接吻,亲密行为,unreviewed
523,幸福的人,幸福的人,4,tencent_ai_lab_chinese_embedding_light_mirror_mvp,0.58907478,523,0.5797787,979,0.68283802,349,喜欢的人,社会比较与人生进度,manual_review
524,二姐,二姐,2,tencent_ai_lab_chinese_embedding_light_mirror_mvp,0.58826083,524,0.63837315,405,0.46941519,3993,前女友,社会比较与人生进度,unreviewed
525,女主人,女主人,3,tencent_ai_lab_chinese_embedding_light_mirror_mvp,0.58796088,525,0.63053527,465,0.59271246,1055,恋人,对象关系,unreviewed
526,军恋,军恋,2,tencent_ai_lab_chinese_embedding_light_mirror_mvp,0.58706486,526,0.61237643,583,0.64036131,601,恋爱,恋爱核心,unreviewed
527,舞会,舞会,2,tencent_ai_lab_chinese_embedding_light_mirror_mvp,0.58704465,527,0.6324796,446,0.58229506,1207,约会,约会,unreviewed
528,坦白,坦白,2,tencent_ai_lab_chinese_embedding_light_mirror_mvp,0.58694581,528,0.56172208,1293,0.70971459,236,告白,表白与追求,unreviewed
529,小侄女,小侄女,3,tencent_ai_lab_chinese_embedding_light_mirror_mvp,0.58634346,529,0.64060106,394,0.44931489,4411,同龄人,社会比较与人生进度,unreviewed
530,嫌弃,嫌弃,2,tencent_ai_lab_chinese_embedding_light_mirror_mvp,0.58631161,530,0.6386152,404,0.50527167,2981,落后,社会比较与人生进度,unreviewed
531,双亲,双亲,2,tencent_ai_lab_chinese_embedding_light_mirror_mvp,0.58615361,531,0.60741529,631,0.64608932,551,亲密关系,亲密行为,unreviewed
532,送花,送花,2,tencent_ai_lab_chinese_embedding_light_mirror_mvp,0.58578282,532,0.63804543,411,0.48873565,3457,婚礼,表白与追求,unreviewed
533,媒人,媒人,2,tencent_ai_lab_chinese_embedding_light_mirror_mvp,0.58401995,533,0.63725812,420,0.4710471,3955,同龄人,社会比较与人生进度,unreviewed
534,亲爹,亲爹,2,tencent_ai_lab_chinese_embedding_light_mirror_mvp,0.58364471,534,0.62786334,481,0.59664154,994,亲密,亲密行为,manual_reject
535,感性,感性,2,tencent_ai_lab_chinese_embedding_light_mirror_mvp,0.58360121,535,0.61225398,584,0.6375246,624,感情史,社会比较与人生进度,unreviewed
536,孩子,孩子,2,tencent_ai_lab_chinese_embedding_light_mirror_mvp,0.58234245,536,0.63711443,422,0.48908719,3449,妻子,社会比较与人生进度,unreviewed
537,朋友说,朋友说,3,tencent_ai_lab_chinese_embedding_light_mirror_mvp,0.58224832,537,0.6371936,421,0.55503553,1660,女朋友,社会比较与人生进度,unreviewed
538,全班,全班,2,tencent_ai_lab_chinese_embedding_light_mirror_mvp,0.58220607,538,0.63782036,414,0.5285942,2334,同桌,社会比较与人生进度,unreviewed
539,现实生活,现实生活,4,tencent_ai_lab_chinese_embedding_light_mirror_mvp,0.58149481,539,0.63176284,452,0.57770813,1273,人生阶段,社会比较与人生进度,unreviewed
540,定情,定情,2,tencent_ai_lab_chinese_embedding_light_mirror_mvp,0.58127228,540,0.62175961,519,0.61005336,870,恋情,恋爱核心,unreviewed
541,过日子,过日子,3,tencent_ai_lab_chinese_embedding_light_mirror_mvp,0.58120381,541,0.63760371,417,0.54748547,1822,结婚,社会比较与人生进度,unreviewed
542,初识,初识,2,tencent_ai_lab_chinese_embedding_light_mirror_mvp,0.58113791,542,0.61666062,554,0.62384772,740,初恋,社会比较与人生进度,unreviewed
543,如胶似漆,如胶似漆,4,tencent_ai_lab_chinese_embedding_light_mirror_mvp,0.58112259,543,0.66148274,297,0.3955332,4935,亲密,表白与追求,manual_keep
544,男女双方,男女双方,4,tencent_ai_lab_chinese_embedding_light_mirror_mvp,0.58062357,544,0.59456389,778,0.65823454,464,对象,对象关系,unreviewed
545,带孩子,带孩子,3,tencent_ai_lab_chinese_embedding_light_mirror_mvp,0.58034715,545,0.63735267,419,0.52403015,2454,拥抱,亲密行为,unreviewed
546,外遇,外遇,2,tencent_ai_lab_chinese_embedding_light_mirror_mvp,0.57948435,546,0.63693476,425,0.50838667,2893,别人都有对象,社会比较与人生进度,unreviewed
547,爱女,爱女,2,tencent_ai_lab_chinese_embedding_light_mirror_mvp,0.57942771,547,0.60717146,635,0.64321911,576,爱情,恋爱核心,unreviewed
548,私人关系,私人关系,4,tencent_ai_lab_chinese_embedding_light_mirror_mvp,0.57933827,548,0.54104548,1844,0.74899095,142,亲密关系,亲密行为,unreviewed
549,新任,新任,2,tencent_ai_lab_chinese_embedding_light_mirror_mvp,0.57882878,549,0.57106184,1113,0.68985939,317,前任,恋爱历史,unreviewed
550,鼓起勇气,鼓起勇气,4,tencent_ai_lab_chinese_embedding_light_mirror_mvp,0.57865924,550,0.63575437,431,0.48340511,3603,拥抱,表白与追求,unreviewed
551,死党,死党,2,tencent_ai_lab_chinese_embedding_light_mirror_mvp,0.57829906,551,0.63826888,409,0.44665748,4452,前任,社会比较与人生进度,unreviewed
552,育有,育有,2,tencent_ai_lab_chinese_embedding_light_mirror_mvp,0.57827583,552,0.63614221,429,0.55224586,1720,拥抱,社会比较与人生进度,unreviewed
553,男孩,男孩,2,tencent_ai_lab_chinese_embedding_light_mirror_mvp,0.57755112,553,0.606888,638,0.64263242,581,男朋友,社会比较与人生进度,unreviewed
554,爱有,爱有,2,tencent_ai_lab_chinese_embedding_light_mirror_mvp,0.5773957,554,0.58660405,875,0.66685486,426,爱情,恋爱核心,unreviewed
555,情人节,情人节,3,tencent_ai_lab_chinese_embedding_light_mirror_mvp,0.57706564,555,0.62073083,528,0.60915214,878,恋人,对象关系,unreviewed
556,激情,激情,2,tencent_ai_lab_chinese_embedding_light_mirror_mvp,0.57691316,556,0.62818123,480,0.58629829,1146,恋情,表白与追求,unreviewed
557,亲生,亲生,2,tencent_ai_lab_chinese_embedding_light_mirror_mvp,0.57682457,557,0.59683774,752,0.65353984,492,亲密,亲密行为,unreviewed
558,爱不爱,爱不爱,3,tencent_ai_lab_chinese_embedding_light_mirror_mvp,0.57676171,558,0.58098626,961,0.67440826,386,爱情,恋爱核心,manual_keep
559,已婚女人,已婚女人,4,tencent_ai_lab_chinese_embedding_light_mirror_mvp,0.57632306,559,0.61200726,586,0.63208854,658,结婚,婚恋,unreviewed
560,姨夫,姨夫,2,tencent_ai_lab_chinese_embedding_light_mirror_mvp,0.57630971,560,0.60991403,603,0.63729692,627,丈夫,婚恋,unreviewed
561,婚姻观,婚姻观,3,tencent_ai_lab_chinese_embedding_light_mirror_mvp,0.5762312,561,0.60709178,636,0.64178604,588,结婚,婚恋,unreviewed
562,纯真,纯真,2,tencent_ai_lab_chinese_embedding_light_mirror_mvp,0.57587797,562,0.63590279,430,0.52714759,2366,亲密,亲密行为,unreviewed
563,校徽,校徽,2,tencent_ai_lab_chinese_embedding_light_mirror_mvp,0.57520403,563,0.60569938,656,0.64302832,578,校服,校园恋爱,unreviewed
564,你妈,你妈,2,tencent_ai_lab_chinese_embedding_light_mirror_mvp,0.5748254,564,0.63430068,437,0.4990809,3169,母胎单身,婚恋,unreviewed
565,家暴,家暴,2,tencent_ai_lab_chinese_embedding_light_mirror_mvp,0.57467155,565,0.63519067,432,0.51838207,2606,老公,婚恋,unreviewed
566,美满,美满,2,tencent_ai_lab_chinese_embedding_light_mirror_mvp,0.57409575,566,0.63359051,441,0.48118496,3671,拥抱,表白与追求,unreviewed
567,女子,女子,2,tencent_ai_lab_chinese_embedding_light_mirror_mvp,0.57376471,567,0.61580069,561,0.6192202,783,妻子,婚恋,unreviewed
568,相识,相识,2,tencent_ai_lab_chinese_embedding_light_mirror_mvp,0.5737168,568,0.62442307,504,0.59618437,998,对象,对象关系,manual_keep
569,大学毕业,大学毕业,4,tencent_ai_lab_chinese_embedding_light_mirror_mvp,0.5736345,569,0.60681932,639,0.64085448,596,大学恋爱,社会比较与人生进度,unreviewed
570,心心相印,心心相印,4,tencent_ai_lab_chinese_embedding_light_mirror_mvp,0.5734825,570,0.6330391,442,0.47067547,3961,牵手,表白与追求,unreviewed
571,礼服,礼服,2,tencent_ai_lab_chinese_embedding_light_mirror_mvp,0.57342123,571,0.58783929,861,0.6632483,445,校服,婚恋,unreviewed
572,谈上,谈上,2,tencent_ai_lab_chinese_embedding_light_mirror_mvp,0.57340097,572,0.63123448,459,0.56936944,1396,对象,社会比较与人生进度,unreviewed
573,丧偶,丧偶,2,tencent_ai_lab_chinese_embedding_light_mirror_mvp,0.57303559,573,0.63421932,438,0.54943776,1783,脱单,单身与脱单,unreviewed
574,姑父,姑父,2,tencent_ai_lab_chinese_embedding_light_mirror_mvp,0.57112226,574,0.63218346,447,0.4798317,3711,丈夫,婚恋,unreviewed
575,小萱,小萱,2,tencent_ai_lab_chinese_embedding_light_mirror_mvp,0.57108049,575,0.63794348,412,0.43895882,4554,老公,社会比较与人生进度,unreviewed
576,结伴,结伴,2,tencent_ai_lab_chinese_embedding_light_mirror_mvp,0.56991346,576,0.53722086,1972,0.75277984,130,伴侣,对象关系,unreviewed
577,向往,向往,2,tencent_ai_lab_chinese_embedding_light_mirror_mvp,0.56987564,577,0.63204747,448,0.55623162,1632,追求,表白与追求,unreviewed
578,第三者,第三者,3,tencent_ai_lab_chinese_embedding_light_mirror_mvp,0.56985755,578,0.63291773,444,0.46041042,4186,伴侣,社会比较与人生进度,unreviewed
579,情谊,情谊,2,tencent_ai_lab_chinese_embedding_light_mirror_mvp,0.56948167,579,0.58312011,925,0.66744864,423,情侣,对象关系,unreviewed
580,巨蟹座,巨蟹座,3,tencent_ai_lab_chinese_embedding_light_mirror_mvp,0.56944205,580,0.63445163,436,0.44894278,4424,伴侣,对象关系,unreviewed
581,当妈,当妈,2,tencent_ai_lab_chinese_embedding_light_mirror_mvp,0.5692762,581,0.63446957,435,0.44987428,4392,母胎单身,婚恋,unreviewed
582,老父,老父,2,tencent_ai_lab_chinese_embedding_light_mirror_mvp,0.56918472,582,0.63166255,454,0.55795538,1604,老婆,婚恋,unreviewed
583,个人成长,个人成长,4,tencent_ai_lab_chinese_embedding_light_mirror_mvp,0.56893579,583,0.61524239,564,0.61566097,820,人生阶段,社会比较与人生进度,unreviewed
584,情怀,情怀,2,tencent_ai_lab_chinese_embedding_light_mirror_mvp,0.56890293,584,0.61440752,570,0.61782664,802,感情史,社会比较与人生进度,unreviewed
585,陪伴,陪伴,2,tencent_ai_lab_chinese_embedding_light_mirror_mvp,0.56867169,585,0.54493828,1717,0.73303413,170,伴侣,对象关系,unreviewed
586,慢跑,慢跑,2,tencent_ai_lab_chinese_embedding_light_mirror_mvp,0.56808918,586,0.62595243,492,0.58165467,1215,散步,约会,unreviewed
587,寡妇,寡妇,2,tencent_ai_lab_chinese_embedding_light_mirror_mvp,0.56758998,587,0.62402472,505,0.58832562,1118,妻子,婚恋,unreviewed
588,一夜情,一夜情,3,tencent_ai_lab_chinese_embedding_light_mirror_mvp,0.56677569,588,0.63169724,453,0.55130386,1738,恋情,表白与追求,unreviewed
589,女老板,女老板,3,tencent_ai_lab_chinese_embedding_light_mirror_mvp,0.56653483,589,0.61313558,577,0.61887515,788,老婆,婚恋,unreviewed
590,衣服,衣服,2,tencent_ai_lab_chinese_embedding_light_mirror_mvp,0.56651843,590,0.61718073,552,0.60848129,884,校服,婚恋,unreviewed
591,晨练,晨练,2,tencent_ai_lab_chinese_embedding_light_mirror_mvp,0.56550927,591,0.63157891,455,0.51278454,2767,散步,约会,unreviewed
592,全家人,全家人,3,tencent_ai_lab_chinese_embedding_light_mirror_mvp,0.56501427,592,0.63151083,457,0.54998779,1762,老公,婚恋,unreviewed
593,和她,和她,2,tencent_ai_lab_chinese_embedding_light_mirror_mvp,0.56482351,593,0.62885847,478,0.56760943,1420,前女友,表白与追求,unreviewed
594,孩他,孩他,2,tencent_ai_lab_chinese_embedding_light_mirror_mvp,0.56476912,594,0.63154569,456,0.52383769,2460,老公,社会比较与人生进度,unreviewed
595,疏远,疏远,2,tencent_ai_lab_chinese_embedding_light_mirror_mvp,0.56471601,595,0.62910746,474,0.56453919,1481,亲密,亲密行为,unreviewed
596,跟他,跟他,2,tencent_ai_lab_chinese_embedding_light_mirror_mvp,0.56446556,596,0.61569673,562,0.61038613,868,被追,表白与追求,unreviewed
597,青少年时期,青少年时期,5,tencent_ai_lab_chinese_embedding_light_mirror_mvp,0.5642225,597,0.58478118,900,0.66231298,448,青春,社会比较与人生进度,unreviewed
598,初心,初心,2,tencent_ai_lab_chinese_embedding_light_mirror_mvp,0.56399153,598,0.58111081,959,0.66748351,421,初恋,恋爱历史,manual_reject
599,删微博,删微博,3,tencent_ai_lab_chinese_embedding_light_mirror_mvp,0.56384816,599,0.6368219,427,0.43591586,4592,被追,社会比较与人生进度,unreviewed
600,学长,学长,2,tencent_ai_lab_chinese_embedding_light_mirror_mvp,0.56372047,600,0.63146273,458,0.53564787,2132,学生情侣,校园恋爱,unreviewed
601,第二任,第二任,3,tencent_ai_lab_chinese_embedding_light_mirror_mvp,0.5627512,601,0.59904009,721,0.64397699,566,前任,恋爱历史,unreviewed
602,自我,自我,2,tencent_ai_lab_chinese_embedding_light_mirror_mvp,0.5624335,602,0.630951,463,0.51835912,2607,单身,社会比较与人生进度,unreviewed
603,同性恋,同性恋,3,tencent_ai_lab_chinese_embedding_light_mirror_mvp,0.56186268,603,0.5794435,985,0.66867924,413,恋情,恋爱核心,manual_keep
604,娶你,娶你,2,tencent_ai_lab_chinese_embedding_light_mirror_mvp,0.56174573,604,0.61537602,563,0.60852003,883,结婚,婚恋,unreviewed
605,追女,追女,2,tencent_ai_lab_chinese_embedding_light_mirror_mvp,0.5613423,605,0.56538515,1225,0.68981516,318,被追,表白与追求,unreviewed
606,婚生,婚生,2,tencent_ai_lab_chinese_embedding_light_mirror_mvp,0.56083283,606,0.55483288,1439,0.70749283,248,结婚,婚恋,unreviewed
607,亲姐,亲姐,2,tencent_ai_lab_chinese_embedding_light_mirror_mvp,0.56039602,607,0.60624571,646,0.63523173,643,亲密,亲密行为,unreviewed
608,恋父,恋父,2,tencent_ai_lab_chinese_embedding_light_mirror_mvp,0.55910371,608,0.57470846,1058,0.67398125,387,恋人,恋爱核心,unreviewed
609,处女座,处女座,3,tencent_ai_lab_chinese_embedding_light_mirror_mvp,0.55873106,609,0.62932428,470,0.52968597,2301,前女友,对象关系,unreviewed
610,床照,床照,2,tencent_ai_lab_chinese_embedding_light_mirror_mvp,0.55862339,610,0.63791376,413,0.42533201,4713,伴侣,婚恋,unreviewed
611,社会关系,社会关系,4,tencent_ai_lab_chinese_embedding_light_mirror_mvp,0.55810328,611,0.57970086,981,0.66650641,429,亲密关系,社会比较与人生进度,manual_reject
612,我妹,我妹,2,tencent_ai_lab_chinese_embedding_light_mirror_mvp,0.5576453,612,0.62782025,482,0.4850418,3567,女朋友,社会比较与人生进度,unreviewed
613,成家立业,成家立业,4,tencent_ai_lab_chinese_embedding_light_mirror_mvp,0.55754841,613,0.62924151,471,0.53783977,2066,订婚,婚恋,unreviewed
614,疼爱,疼爱,2,tencent_ai_lab_chinese_embedding_light_mirror_mvp,0.55717542,614,0.58695056,872,0.65577286,481,恋爱,恋爱核心,unreviewed
615,甜言蜜语,甜言蜜语,4,tencent_ai_lab_chinese_embedding_light_mirror_mvp,0.55699943,615,0.62908814,476,0.51870757,2595,亲密,表白与追求,unreviewed
616,正当关系,正当关系,4,tencent_ai_lab_chinese_embedding_light_mirror_mvp,0.5569819,616,0.57283232,1085,0.67546201,380,亲密关系,亲密行为,unreviewed
617,恋曲,恋曲,2,tencent_ai_lab_chinese_embedding_light_mirror_mvp,0.55695695,617,0.54489359,1719,0.72656941,190,恋情,恋爱核心,unreviewed
618,断绝关系,断绝关系,4,tencent_ai_lab_chinese_embedding_light_mirror_mvp,0.5569194,618,0.6096999,606,0.62016642,773,亲密关系,亲密行为,unreviewed
619,生女,生女,2,tencent_ai_lab_chinese_embedding_light_mirror_mvp,0.55615534,619,0.62891073,477,0.53585571,2125,前女友,社会比较与人生进度,unreviewed
620,做饭,做饭,2,tencent_ai_lab_chinese_embedding_light_mirror_mvp,0.55598239,620,0.58209023,940,0.66178429,452,约饭,约会,unreviewed
621,饭后,饭后,2,tencent_ai_lab_chinese_embedding_light_mirror_mvp,0.55531087,621,0.58072522,963,0.66347766,444,约饭,约会,manual_reject
622,爱情片,爱情片,3,tencent_ai_lab_chinese_embedding_light_mirror_mvp,0.55462926,622,0.52074476,2562,0.78775668,87,爱情,恋爱核心,manual_review
623,家室,家室,2,tencent_ai_lab_chinese_embedding_light_mirror_mvp,0.55385628,623,0.62613449,488,0.4775126,3767,老公,婚恋,unreviewed
624,挚友,挚友,2,tencent_ai_lab_chinese_embedding_light_mirror_mvp,0.55379317,624,0.62601726,491,0.55850255,1591,亲密,对象关系,unreviewed
625,步行,步行,2,tencent_ai_lab_chinese_embedding_light_mirror_mvp,0.55363944,625,0.55941269,1333,0.69489479,290,散步,约会,unreviewed
626,母女,母女,2,tencent_ai_lab_chinese_embedding_light_mirror_mvp,0.55357986,626,0.61795568,549,0.59359753,1036,母胎单身,婚恋,manual_reject
627,两性,两性,2,tencent_ai_lab_chinese_embedding_light_mirror_mvp,0.55306323,627,0.62032833,532,0.58299917,1197,感情史,对象关系,unreviewed
628,太作,太作,2,tencent_ai_lab_chinese_embedding_light_mirror_mvp,0.5530621,628,0.62686174,484,0.46086007,4172,丈夫,社会比较与人生进度,unreviewed
629,带娃,带娃,2,tencent_ai_lab_chinese_embedding_light_mirror_mvp,0.5527582,629,0.62602189,490,0.4984993,3191,伴侣,婚恋,unreviewed
630,婆媳,婆媳,2,tencent_ai_lab_chinese_embedding_light_mirror_mvp,0.55197169,630,0.56791086,1168,0.68033677,361,老婆,婚恋,unreviewed
631,聊天,聊天,2,tencent_ai_lab_chinese_embedding_light_mirror_mvp,0.55190971,631,0.61989033,535,0.58316118,1194,对象,表白与追求,unreviewed
632,在家,在家,2,tencent_ai_lab_chinese_embedding_light_mirror_mvp,0.55178582,632,0.62635771,487,0.51063192,2828,老公,婚恋,unreviewed
633,没房,没房,2,tencent_ai_lab_chinese_embedding_light_mirror_mvp,0.55090786,633,0.60637734,645,0.62678468,709,没有对象,单身与脱单,unreviewed
634,坦诚相待,坦诚相待,4,tencent_ai_lab_chinese_embedding_light_mirror_mvp,0.55071837,634,0.62444595,503,0.56240571,1513,亲密,表白与追求,unreviewed
635,爱上,爱上,2,tencent_ai_lab_chinese_embedding_light_mirror_mvp,0.54986586,635,0.59569118,766,0.64205825,587,爱情,恋爱核心,unreviewed
636,家庭妇女,家庭妇女,4,tencent_ai_lab_chinese_embedding_light_mirror_mvp,0.54974865,636,0.60863088,624,0.61798716,799,妻子,婚恋,unreviewed
637,见面,见面,2,tencent_ai_lab_chinese_embedding_light_mirror_mvp,0.54939353,637,0.60732236,632,0.62140501,760,对象,约会,unreviewed
638,大姨,大姨,2,tencent_ai_lab_chinese_embedding_light_mirror_mvp,0.54878,638,0.62459353,500,0.49685699,3237,亲密,婚恋,unreviewed
639,一子一女,一子一女,4,tencent_ai_lab_chinese_embedding_light_mirror_mvp,0.54876403,639,0.62592809,493,0.5229218,2476,妻子,社会比较与人生进度,unreviewed
640,事业有成,事业有成,4,tencent_ai_lab_chinese_embedding_light_mirror_mvp,0.54815615,640,0.62495083,497,0.5038988,3017,结婚,社会比较与人生进度,unreviewed
641,证领,证领,2,tencent_ai_lab_chinese_embedding_light_mirror_mvp,0.54726503,641,0.62520206,495,0.5340538,2174,订婚,婚恋,unreviewed
642,理想主义,理想主义,4,tencent_ai_lab_chinese_embedding_light_mirror_mvp,0.54716146,642,0.62395878,506,0.47531134,3828,追求,社会比较与人生进度,unreviewed
643,十多岁,十多岁,3,tencent_ai_lab_chinese_embedding_light_mirror_mvp,0.5470169,643,0.61632529,558,0.58978057,1098,同龄人,社会比较与人生进度,unreviewed
644,互动,互动,2,tencent_ai_lab_chinese_embedding_light_mirror_mvp,0.54674678,644,0.62320046,511,0.56149358,1528,对象,亲密行为,unreviewed
645,老两口,老两口,3,tencent_ai_lab_chinese_embedding_light_mirror_mvp,0.546717,645,0.61897666,542,0.5795033,1251,老婆,婚恋,unreviewed
646,山盟海誓,山盟海誓,4,tencent_ai_lab_chinese_embedding_light_mirror_mvp,0.5465825,646,0.6587435,306,0.37543684,4983,婚礼,表白与追求,manual_keep
647,天蝎座,天蝎座,3,tencent_ai_lab_chinese_embedding_light_mirror_mvp,0.5462725,647,0.62939513,469,0.43736759,4578,爱情,对象关系,unreviewed
648,爱前,爱前,2,tencent_ai_lab_chinese_embedding_light_mirror_mvp,0.5462445,648,0.56223561,1287,0.6870141,333,前男友,恋爱历史,unreviewed
649,毕业典礼,毕业典礼,4,tencent_ai_lab_chinese_embedding_light_mirror_mvp,0.54609458,649,0.61373501,573,0.59758663,986,婚礼,校园恋爱,manual_reject
650,亲戚,亲戚,2,tencent_ai_lab_chinese_embedding_light_mirror_mvp,0.54577826,650,0.58469267,903,0.65277219,494,亲密关系,亲密行为,unreviewed
651,天秤座,天秤座,3,tencent_ai_lab_chinese_embedding_light_mirror_mvp,0.54536687,651,0.63465958,434,0.42081153,4761,对象,对象关系,unreviewed
652,妻儿老小,妻儿老小,4,tencent_ai_lab_chinese_embedding_light_mirror_mvp,0.54463907,652,0.54044939,1859,0.72980064,178,妻子,婚恋,unreviewed
653,梦想,梦想,2,tencent_ai_lab_chinese_embedding_light_mirror_mvp,0.54398461,653,0.62201173,516,0.56141841,1529,追求,表白与追求,unreviewed
654,亲友,亲友,2,tencent_ai_lab_chinese_embedding_light_mirror_mvp,0.54321282,654,0.55223598,1516,0.70360029,267,亲密,亲密行为,unreviewed
655,说亲,说亲,2,tencent_ai_lab_chinese_embedding_light_mirror_mvp,0.54315052,655,0.60141585,696,0.63194489,659,亲密,亲密行为,unreviewed
656,互相关心,互相关心,4,tencent_ai_lab_chinese_embedding_light_mirror_mvp,0.54270259,656,0.59833348,727,0.63535279,642,亲密关系,亲密行为,unreviewed
657,嫁进,嫁进,2,tencent_ai_lab_chinese_embedding_light_mirror_mvp,0.54244515,657,0.60128278,697,0.63175339,661,结婚,婚恋,unreviewed
658,情欲,情欲,2,tencent_ai_lab_chinese_embedding_light_mirror_mvp,0.54220602,658,0.58847113,853,0.64653444,544,恋情,恋爱核心,unreviewed
659,出柜,出柜,2,tencent_ai_lab_chinese_embedding_light_mirror_mvp,0.5419878,659,0.62349259,510,0.53454077,2165,单身,单身与脱单,unreviewed
660,婚书,婚书,2,tencent_ai_lab_chinese_embedding_light_mirror_mvp,0.54154132,660,0.54420226,1740,0.71949637,212,婚礼,婚恋,unreviewed
661,怨偶,怨偶,2,tencent_ai_lab_chinese_embedding_light_mirror_mvp,0.54112685,661,0.62162948,521,0.46949959,3991,妻子,婚恋,unreviewed
662,男同胞,男同胞,3,tencent_ai_lab_chinese_embedding_light_mirror_mvp,0.54082382,662,0.55695474,1395,0.69295019,305,同龄人,社会比较与人生进度,unreviewed
663,脚踏两只船,脚踏两只船,5,tencent_ai_lab_chinese_embedding_light_mirror_mvp,0.54002913,663,0.62967291,467,0.42949754,4671,散步,单身与脱单,unreviewed
664,命中注定,命中注定,4,tencent_ai_lab_chinese_embedding_light_mirror_mvp,0.53998957,664,0.62162787,522,0.49086541,3398,被追,社会比较与人生进度,unreviewed
665,花样年华,花样年华,4,tencent_ai_lab_chinese_embedding_light_mirror_mvp,0.5398769,665,0.62203979,515,0.46053439,4181,青春,社会比较与人生进度,unreviewed
666,晚自习,晚自习,3,tencent_ai_lab_chinese_embedding_light_mirror_mvp,0.53978388,666,0.62154589,523,0.49815655,3203,早恋,社会比较与人生进度,unreviewed
667,拜金女,拜金女,3,tencent_ai_lab_chinese_embedding_light_mirror_mvp,0.53888705,667,0.62174585,520,0.50527704,2980,约会对象,约会,unreviewed
668,寻找幸福,寻找幸福,4,tencent_ai_lab_chinese_embedding_light_mirror_mvp,0.53880646,668,0.62086636,526,0.55704451,1622,追求,表白与追求,unreviewed
669,喜欢,喜欢,2,tencent_ai_lab_chinese_embedding_light_mirror_mvp,0.53855677,669,0.55109677,1542,0.70312428,268,喜欢的人,表白与追求,unreviewed
670,婚育,婚育,2,tencent_ai_lab_chinese_embedding_light_mirror_mvp,0.53834755,670,0.54776751,1637,0.70972037,235,结婚,婚恋,unreviewed
671,私密,私密,2,tencent_ai_lab_chinese_embedding_light_mirror_mvp,0.53827077,671,0.53488424,2038,0.73940355,154,亲密,亲密行为,unreviewed
672,偷情,偷情,2,tencent_ai_lab_chinese_embedding_light_mirror_mvp,0.53797325,672,0.60552766,659,0.61772645,804,恋情,恋爱核心,unreviewed
673,校草,校草,2,tencent_ai_lab_chinese_embedding_light_mirror_mvp,0.53754719,673,0.60749691,630,0.60921639,877,校服,校园恋爱,unreviewed
674,知己,知己,2,tencent_ai_lab_chinese_embedding_light_mirror_mvp,0.53749184,674,0.62071989,530,0.48085785,3676,老公,社会比较与人生进度,unreviewed
675,外甥女,外甥女,3,tencent_ai_lab_chinese_embedding_light_mirror_mvp,0.53712243,675,0.62072527,529,0.48778069,3479,同龄人,社会比较与人生进度,unreviewed
676,亲戚朋友,亲戚朋友,4,tencent_ai_lab_chinese_embedding_light_mirror_mvp,0.53627177,676,0.57597562,1039,0.66030616,457,亲密关系,亲密行为,manual_reject
677,彼此之间,彼此之间,4,tencent_ai_lab_chinese_embedding_light_mirror_mvp,0.53610036,677,0.6097019,605,0.59953576,973,伴侣,对象关系,manual_review
678,小表妹,小表妹,3,tencent_ai_lab_chinese_embedding_light_mirror_mvp,0.53569178,678,0.62023981,534,0.49729335,3227,表白,表白与追求,unreviewed
679,办喜事,办喜事,3,tencent_ai_lab_chinese_embedding_light_mirror_mvp,0.53537886,679,0.62114501,525,0.53905034,2040,婚礼,婚恋,unreviewed
680,偶遇,偶遇,2,tencent_ai_lab_chinese_embedding_light_mirror_mvp,0.53527432,680,0.61298323,579,0.58628446,1147,伴侣,社会比较与人生进度,unreviewed
681,同伴,同伴,2,tencent_ai_lab_chinese_embedding_light_mirror_mvp,0.53519437,681,0.52966466,2243,0.75226402,132,伴侣,对象关系,unreviewed
682,射手座,射手座,3,tencent_ai_lab_chinese_embedding_light_mirror_mvp,0.53464725,682,0.62184514,518,0.4494198,4408,牵手,对象关系,unreviewed
683,同窗,同窗,2,tencent_ai_lab_chinese_embedding_light_mirror_mvp,0.53452296,683,0.60363311,674,0.62060273,766,同桌,社会比较与人生进度,unreviewed
684,父子关系,父子关系,4,tencent_ai_lab_chinese_embedding_light_mirror_mvp,0.53402771,684,0.56637446,1199,0.67334318,392,亲密关系,亲密行为,unreviewed
685,班级,班级,2,tencent_ai_lab_chinese_embedding_light_mirror_mvp,0.5336865,685,0.6192991,540,0.49524444,3292,同桌,社会比较与人生进度,unreviewed
686,是男人,是男人,3,tencent_ai_lab_chinese_embedding_light_mirror_mvp,0.53267625,686,0.59941785,719,0.62950385,687,男朋友,社会比较与人生进度,unreviewed
687,可是,可是,2,tencent_ai_lab_chinese_embedding_light_mirror_mvp,0.53160567,687,0.61885169,545,0.48696029,3509,对象,表白与追求,unreviewed
688,嫁妆,嫁妆,2,tencent_ai_lab_chinese_embedding_light_mirror_mvp,0.53150352,688,0.5845657,905,0.64626265,549,婚礼,婚恋,unreviewed
689,共同生活,共同生活,4,tencent_ai_lab_chinese_embedding_light_mirror_mvp,0.53146647,689,0.60478742,667,0.61435163,831,伴侣,社会比较与人生进度,unreviewed
690,我爸爸,我爸爸,3,tencent_ai_lab_chinese_embedding_light_mirror_mvp,0.53126492,690,0.61950631,539,0.51425153,2729,老公,婚恋,unreviewed
691,心爱,心爱,2,tencent_ai_lab_chinese_embedding_light_mirror_mvp,0.52970789,691,0.57786138,1014,0.65440452,487,爱情,恋爱核心,manual_keep
692,郊游,郊游,2,tencent_ai_lab_chinese_embedding_light_mirror_mvp,0.52951048,692,0.61903238,541,0.52412015,2451,散步,约会,unreviewed
693,百依百顺,百依百顺,4,tencent_ai_lab_chinese_embedding_light_mirror_mvp,0.52913173,693,0.63202024,449,0.41225129,4833,牵手,亲密行为,unreviewed
694,想生,想生,2,tencent_ai_lab_chinese_embedding_light_mirror_mvp,0.52851573,694,0.61897579,543,0.53583872,2126,人生阶段,社会比较与人生进度,unreviewed
695,聊天记录,聊天记录,4,tencent_ai_lab_chinese_embedding_light_mirror_mvp,0.52828388,695,0.61072252,597,0.5864042,1143,恋爱经历,社会比较与人生进度,unreviewed
696,旅伴,旅伴,2,tencent_ai_lab_chinese_embedding_light_mirror_mvp,0.5279201,696,0.59809825,732,0.62866986,694,伴侣,对象关系,unreviewed
697,一儿,一儿,2,tencent_ai_lab_chinese_embedding_light_mirror_mvp,0.52743439,697,0.61796398,548,0.46139205,4161,拥抱,社会比较与人生进度,unreviewed
698,拉手,拉手,2,tencent_ai_lab_chinese_embedding_light_mirror_mvp,0.52688753,698,0.58274879,931,0.64629281,547,牵手,亲密行为,unreviewed
699,爱自己,爱自己,3,tencent_ai_lab_chinese_embedding_light_mirror_mvp,0.52528373,699,0.61017418,599,0.58342087,1193,爱情,社会比较与人生进度,unreviewed
700,相夫教子,相夫教子,4,tencent_ai_lab_chinese_embedding_light_mirror_mvp,0.52504439,700,0.61319232,575,0.5709942,1368,丈夫,婚恋,unreviewed
701,结为,结为,2,tencent_ai_lab_chinese_embedding_light_mirror_mvp,0.52459592,701,0.5815852,950,0.64670587,542,结婚,婚恋,unreviewed
702,删掉,删掉,2,tencent_ai_lab_chinese_embedding_light_mirror_mvp,0.52457338,702,0.61718795,551,0.5255546,2408,脱单,社会比较与人生进度,unreviewed
703,做爱时,做爱时,3,tencent_ai_lab_chinese_embedding_light_mirror_mvp,0.52427411,703,0.59933202,720,0.62567544,721,爱情,恋爱核心,unreviewed
704,男人女人,男人女人,4,tencent_ai_lab_chinese_embedding_light_mirror_mvp,0.52425736,704,0.5910552,818,0.63518059,644,恋人,对象关系,unreviewed
705,友人,友人,2,tencent_ai_lab_chinese_embedding_light_mirror_mvp,0.52402613,705,0.59444162,779,0.63093036,668,恋人,对象关系,unreviewed
706,告诉她,告诉她,3,tencent_ai_lab_chinese_embedding_light_mirror_mvp,0.52368205,706,0.60591366,650,0.60222566,940,告白,表白与追求,unreviewed
707,回到家,回到家,3,tencent_ai_lab_chinese_embedding_light_mirror_mvp,0.52327634,707,0.61640937,556,0.51438862,2724,散步,约会,unreviewed
708,骑单车,骑单车,3,tencent_ai_lab_chinese_embedding_light_mirror_mvp,0.5228598,708,0.60010259,707,0.62085146,763,单身,单身与脱单,unreviewed
709,财礼,财礼,2,tencent_ai_lab_chinese_embedding_light_mirror_mvp,0.52240606,709,0.58971254,833,0.63572836,637,婚礼,婚恋,unreviewed
710,一见倾心,一见倾心,4,tencent_ai_lab_chinese_embedding_light_mirror_mvp,0.52233889,710,0.61611323,560,0.50803804,2901,初恋,表白与追求,unreviewed
711,年少,年少,2,tencent_ai_lab_chinese_embedding_light_mirror_mvp,0.52202907,711,0.60223143,688,0.61315566,839,青春,社会比较与人生进度,unreviewed
712,诉求,诉求,2,tencent_ai_lab_chinese_embedding_light_mirror_mvp,0.52171559,712,0.55538195,1426,0.68542027,339,追求,表白与追求,unreviewed
713,年龄段,年龄段,3,tencent_ai_lab_chinese_embedding_light_mirror_mvp,0.52170495,713,0.55622054,1409,0.68396074,344,人生阶段,社会比较与人生进度,unreviewed
714,贫贱夫妻百事哀,贫贱夫妻百事哀,7,tencent_ai_lab_chinese_embedding_light_mirror_mvp,0.52170113,714,0.60533921,664,0.60374111,929,妻子,婚恋,unreviewed
715,非你不可,非你不可,4,tencent_ai_lab_chinese_embedding_light_mirror_mvp,0.52048023,715,0.61406124,571,0.4742586,3870,脱单,单身与脱单,unreviewed
716,性教育,性教育,3,tencent_ai_lab_chinese_embedding_light_mirror_mvp,0.52040559,716,0.61519651,565,0.50888294,2885,感情史,校园恋爱,unreviewed
717,爱时,爱时,2,tencent_ai_lab_chinese_embedding_light_mirror_mvp,0.519963,717,0.6022352,687,0.61084205,863,爱情,恋爱核心,unreviewed
718,嫁不出去,嫁不出去,4,tencent_ai_lab_chinese_embedding_light_mirror_mvp,0.5191109,718,0.60208371,689,0.61066884,864,结婚,单身与脱单,unreviewed
719,因为她,因为她,3,tencent_ai_lab_chinese_embedding_light_mirror_mvp,0.51877101,719,0.61482437,567,0.51429862,2727,女朋友,社会比较与人生进度,unreviewed
720,离任,离任,2,tencent_ai_lab_chinese_embedding_light_mirror_mvp,0.51872441,720,0.55117966,1538,0.69216716,311,前任,恋爱历史,unreviewed
721,走路,走路,2,tencent_ai_lab_chinese_embedding_light_mirror_mvp,0.51829588,721,0.57915893,995,0.64717078,538,散步,约会,manual_reject
722,第一任,第一任,3,tencent_ai_lab_chinese_embedding_light_mirror_mvp,0.5182375,722,0.57275689,1086,0.65540248,482,前任,恋爱历史,unreviewed
723,身孕,身孕,2,tencent_ai_lab_chinese_embedding_light_mirror_mvp,0.51811364,723,0.60938262,612,0.57875556,1263,母胎单身,婚恋,unreviewed
724,派对,派对,2,tencent_ai_lab_chinese_embedding_light_mirror_mvp,0.51802671,724,0.61326634,574,0.5570879,1620,对象,约会,unreviewed
725,生气,生气,2,tencent_ai_lab_chinese_embedding_light_mirror_mvp,0.51779476,725,0.6140415,572,0.50204211,3078,对象,社会比较与人生进度,unreviewed
726,有娃,有娃,2,tencent_ai_lab_chinese_embedding_light_mirror_mvp,0.51754284,726,0.61444601,569,0.52833778,2343,别人都有对象,社会比较与人生进度,unreviewed
727,她想,她想,2,tencent_ai_lab_chinese_embedding_light_mirror_mvp,0.5170384,727,0.61469642,568,0.53692448,2093,追求,表白与追求,unreviewed
728,所爱,所爱,2,tencent_ai_lab_chinese_embedding_light_mirror_mvp,0.51682862,728,0.6093375,613,0.57782847,1271,爱情,表白与追求,unreviewed
729,忠贞,忠贞,2,tencent_ai_lab_chinese_embedding_light_mirror_mvp,0.51524547,729,0.61256015,582,0.47571373,3817,感情史,表白与追求,unreviewed
730,穿着,穿着,2,tencent_ai_lab_chinese_embedding_light_mirror_mvp,0.51446584,730,0.61315731,576,0.54874754,1795,校服,社会比较与人生进度,unreviewed
731,同性爱,同性爱,3,tencent_ai_lab_chinese_embedding_light_mirror_mvp,0.51404692,731,0.59054801,825,0.6307205,671,爱情,恋爱核心,unreviewed
732,侄女,侄女,2,tencent_ai_lab_chinese_embedding_light_mirror_mvp,0.51392382,732,0.61212821,585,0.47754937,3766,前女友,社会比较与人生进度,unreviewed
733,晚饭,晚饭,2,tencent_ai_lab_chinese_embedding_light_mirror_mvp,0.51287574,733,0.566271,1204,0.66271096,447,约饭,约会,unreviewed
734,dating,dating,6,tencent_ai_lab_chinese_embedding_light_mirror_mvp,0.51286168,734,0.61139489,590,0.47189498,3936,拥抱,社会比较与人生进度,unreviewed
735,撩汉,撩汉,2,tencent_ai_lab_chinese_embedding_light_mirror_mvp,0.5126679,735,0.61266072,581,0.51241243,2776,牵手,表白与追求,unreviewed
736,追随,追随,2,tencent_ai_lab_chinese_embedding_light_mirror_mvp,0.51213325,736,0.52168742,2520,0.75944102,122,追求,表白与追求,unreviewed
737,良缘,良缘,2,tencent_ai_lab_chinese_embedding_light_mirror_mvp,0.51180477,737,0.61127343,591,0.49567762,3282,伴侣,社会比较与人生进度,unreviewed
738,学姐,学姐,2,tencent_ai_lab_chinese_embedding_light_mirror_mvp,0.51168681,738,0.61090533,595,0.56033075,1556,学生情侣,校园恋爱,unreviewed
739,般配,般配,2,tencent_ai_lab_chinese_embedding_light_mirror_mvp,0.51076272,739,0.61158673,587,0.50277597,3051,对象,社会比较与人生进度,unreviewed
740,潜意识,潜意识,3,tencent_ai_lab_chinese_embedding_light_mirror_mvp,0.5107414,740,0.61106923,594,0.48037714,3693,亲密关系,社会比较与人生进度,unreviewed
741,大哥,大哥,2,tencent_ai_lab_chinese_embedding_light_mirror_mvp,0.51048837,741,0.61154013,588,0.46299231,4126,同龄人,社会比较与人生进度,unreviewed
742,压马路,压马路,3,tencent_ai_lab_chinese_embedding_light_mirror_mvp,0.51044549,742,0.61651503,555,0.43768811,4574,散步,约会,unreviewed
743,男孩儿,男孩儿,3,tencent_ai_lab_chinese_embedding_light_mirror_mvp,0.51006383,743,0.58689725,873,0.63326281,652,男朋友,社会比较与人生进度,unreviewed
744,你说,你说,2,tencent_ai_lab_chinese_embedding_light_mirror_mvp,0.50985488,744,0.61108985,593,0.49928939,3163,对象,表白与追求,unreviewed
745,一代人,一代人,3,tencent_ai_lab_chinese_embedding_light_mirror_mvp,0.50891375,745,0.60080388,701,0.60485911,922,同龄人,社会比较与人生进度,unreviewed
746,网聊,网聊,2,tencent_ai_lab_chinese_embedding_light_mirror_mvp,0.50819332,746,0.61010308,600,0.48608556,3540,亲密,表白与追求,unreviewed
747,陌路,陌路,2,tencent_ai_lab_chinese_embedding_light_mirror_mvp,0.5070755,747,0.61010118,601,0.48770535,3481,散步,社会比较与人生进度,unreviewed
748,人际,人际,2,tencent_ai_lab_chinese_embedding_light_mirror_mvp,0.50696511,748,0.60976765,604,0.55760467,1609,人生阶段,社会比较与人生进度,unreviewed
749,追赶,追赶,2,tencent_ai_lab_chinese_embedding_light_mirror_mvp,0.50560696,749,0.52952811,2252,0.73568273,164,追求,表白与追求,unreviewed
750,大学,大学,2,tencent_ai_lab_chinese_embedding_light_mirror_mvp,0.50489725,750,0.54799199,1631,0.69149232,314,大学恋爱,校园恋爱,unreviewed
751,贤内助,贤内助,3,tencent_ai_lab_chinese_embedding_light_mirror_mvp,0.5047599,751,0.62964094,468,0.39851004,4917,前男友,恋爱历史,manual_keep
752,军装,军装,2,tencent_ai_lab_chinese_embedding_light_mirror_mvp,0.50474954,752,0.60954037,610,0.46783459,4024,校服,社会比较与人生进度,unreviewed
753,生活,生活,2,tencent_ai_lab_chinese_embedding_light_mirror_mvp,0.50467099,753,0.59620287,760,0.61907732,785,人生阶段,社会比较与人生进度,unreviewed
754,相守,相守,2,tencent_ai_lab_chinese_embedding_light_mirror_mvp,0.50442522,754,0.60999382,602,0.5124439,2774,牵手,亲密行为,unreviewed
755,嫁个,嫁个,2,tencent_ai_lab_chinese_embedding_light_mirror_mvp,0.50376454,755,0.55353166,1484,0.67995346,363,结婚,婚恋,unreviewed
756,自己,自己,2,tencent_ai_lab_chinese_embedding_light_mirror_mvp,0.5035172,756,0.6096792,607,0.55070883,1750,单身,社会比较与人生进度,unreviewed
757,年轻,年轻,2,tencent_ai_lab_chinese_embedding_light_mirror_mvp,0.50338709,757,0.57229919,1093,0.64877939,528,青春,社会比较与人生进度,unreviewed
758,年轻人,年轻人,3,tencent_ai_lab_chinese_embedding_light_mirror_mvp,0.50310843,758,0.55831741,1360,0.67033494,405,同龄人,社会比较与人生进度,unreviewed
759,爱我,爱我,2,tencent_ai_lab_chinese_embedding_light_mirror_mvp,0.50299052,759,0.57226146,1095,0.64871401,529,爱情,恋爱核心,unreviewed
760,当爸,当爸,2,tencent_ai_lab_chinese_embedding_light_mirror_mvp,0.50189907,760,0.6087492,621,0.48011482,3702,丈夫,婚恋,unreviewed
761,爱到深处,爱到深处,4,tencent_ai_lab_chinese_embedding_light_mirror_mvp,0.50178479,761,0.6062218,647,0.57357508,1327,爱情,亲密行为,unreviewed
762,子女,子女,2,tencent_ai_lab_chinese_embedding_light_mirror_mvp,0.50119187,762,0.60721858,633,0.56538272,1465,妻子,社会比较与人生进度,unreviewed
763,重婚,重婚,2,tencent_ai_lab_chinese_embedding_light_mirror_mvp,0.50111639,763,0.54104726,1842,0.70450425,261,结婚,婚恋,unreviewed
764,无悔,无悔,2,tencent_ai_lab_chinese_embedding_light_mirror_mvp,0.5001565,764,0.6091603,617,0.51256067,2772,错过青春,社会比较与人生进度,unreviewed
765,她要,她要,2,tencent_ai_lab_chinese_embedding_light_mirror_mvp,0.49970109,765,0.60913897,618,0.53004348,2296,追求,表白与追求,unreviewed
766,女士,女士,2,tencent_ai_lab_chinese_embedding_light_mirror_mvp,0.49949902,766,0.57510009,1050,0.643354,572,女朋友,对象关系,manual_reject
767,抱住,抱住,2,tencent_ai_lab_chinese_embedding_light_mirror_mvp,0.49942676,767,0.51840609,2669,0.76222229,116,拥抱,亲密行为,unreviewed
768,过生日,过生日,3,tencent_ai_lab_chinese_embedding_light_mirror_mvp,0.49927899,768,0.60869527,623,0.55173707,1731,结婚,社会比较与人生进度,unreviewed
769,心仪,心仪,2,tencent_ai_lab_chinese_embedding_light_mirror_mvp,0.49907157,769,0.60899289,620,0.53104138,2269,亲密,表白与追求,unreviewed
770,爱是个,爱是个,3,tencent_ai_lab_chinese_embedding_light_mirror_mvp,0.49888984,770,0.57926177,990,0.63802278,620,爱情,恋爱核心,manual_reject
771,念念不忘,念念不忘,4,tencent_ai_lab_chinese_embedding_light_mirror_mvp,0.49874726,771,0.60799916,626,0.55496317,1662,初恋,恋爱历史,unreviewed
772,摩羯座,摩羯座,3,tencent_ai_lab_chinese_embedding_light_mirror_mvp,0.49867401,772,0.60947442,611,0.45220792,4349,对象,对象关系,unreviewed
773,班长,班长,2,tencent_ai_lab_chinese_embedding_light_mirror_mvp,0.49853387,773,0.6092845,614,0.453866,4317,同桌,社会比较与人生进度,unreviewed
774,她家,她家,2,tencent_ai_lab_chinese_embedding_light_mirror_mvp,0.49808401,774,0.6057781,654,0.57128227,1362,妻子,婚恋,unreviewed
775,锻炼身体,锻炼身体,4,tencent_ai_lab_chinese_embedding_light_mirror_mvp,0.49795087,775,0.60830604,625,0.5097664,2859,散步,社会比较与人生进度,unreviewed
776,花季,花季,2,tencent_ai_lab_chinese_embedding_light_mirror_mvp,0.49781266,776,0.60921346,616,0.45344576,4325,婚礼,社会比较与人生进度,unreviewed
777,社交圈,社交圈,3,tencent_ai_lab_chinese_embedding_light_mirror_mvp,0.49772878,777,0.60871732,622,0.53355831,2192,同龄人,社会比较与人生进度,unreviewed
778,强子,强子,2,tencent_ai_lab_chinese_embedding_light_mirror_mvp,0.49731243,778,0.60783234,628,0.46465635,4089,妻子,婚恋,unreviewed
779,搂着,搂着,2,tencent_ai_lab_chinese_embedding_light_mirror_mvp,0.49724339,779,0.54172006,1823,0.7011587,278,拥抱,亲密行为,unreviewed
780,相互依赖,相互依赖,4,tencent_ai_lab_chinese_embedding_light_mirror_mvp,0.49705403,780,0.60075625,702,0.59278941,1053,伴侣,亲密行为,unreviewed
781,哥们儿,哥们儿,3,tencent_ai_lab_chinese_embedding_light_mirror_mvp,0.49684366,781,0.60719889,634,0.48054898,3688,同龄人,社会比较与人生进度,unreviewed
782,两岁,两岁,2,tencent_ai_lab_chinese_embedding_light_mirror_mvp,0.49641789,782,0.60550556,660,0.57093883,1371,同龄人,社会比较与人生进度,unreviewed
783,晒太阳,晒太阳,3,tencent_ai_lab_chinese_embedding_light_mirror_mvp,0.49547227,783,0.60909865,619,0.44855899,4431,表白,社会比较与人生进度,unreviewed
784,理想情人,理想情人,4,tencent_ai_lab_chinese_embedding_light_mirror_mvp,0.49544031,784,0.59610879,761,0.61050129,867,恋人,对象关系,unreviewed
785,一个女孩,一个女孩,4,tencent_ai_lab_chinese_embedding_light_mirror_mvp,0.49427912,785,0.60567081,657,0.56632698,1445,女朋友,社会比较与人生进度,unreviewed
786,逛商场,逛商场,3,tencent_ai_lab_chinese_embedding_light_mirror_mvp,0.49413419,786,0.60668317,644,0.49298853,3354,约会,约会,unreviewed
787,酒会,酒会,2,tencent_ai_lab_chinese_embedding_light_mirror_mvp,0.49275644,787,0.5951599,773,0.61175603,853,约会,约会,unreviewed
788,陌生人,陌生人,3,tencent_ai_lab_chinese_embedding_light_mirror_mvp,0.49194594,788,0.58607345,881,0.62583029,719,同龄人,社会比较与人生进度,unreviewed
789,孝顺,孝顺,2,tencent_ai_lab_chinese_embedding_light_mirror_mvp,0.49186989,789,0.60676897,643,0.50835705,2895,老公,婚恋,unreviewed
790,家里,家里,2,tencent_ai_lab_chinese_embedding_light_mirror_mvp,0.49151537,790,0.60679438,642,0.54810011,1811,老公,婚恋,unreviewed
791,相知,相知,2,tencent_ai_lab_chinese_embedding_light_mirror_mvp,0.49147424,791,0.60603249,649,0.4962953,3253,对象,表白与追求,unreviewed
792,在一起,在一起,3,tencent_ai_lab_chinese_embedding_light_mirror_mvp,0.49117227,792,0.59487259,776,0.61108136,862,对象,对象关系,unreviewed
793,男主,男主,2,tencent_ai_lab_chinese_embedding_light_mirror_mvp,0.49089274,793,0.57924156,992,0.63429499,648,男朋友,对象关系,manual_reject
794,一男,一男,2,tencent_ai_lab_chinese_embedding_light_mirror_mvp,0.49043315,794,0.58707714,869,0.62408644,737,前男友,社会比较与人生进度,unreviewed
795,老板娘,老板娘,3,tencent_ai_lab_chinese_embedding_light_mirror_mvp,0.49009933,795,0.59866841,725,0.59404767,1033,老婆,婚恋,manual_reject
796,请客吃饭,请客吃饭,4,tencent_ai_lab_chinese_embedding_light_mirror_mvp,0.48983881,796,0.55234472,1510,0.67460799,385,约饭,约会,unreviewed
797,同年级,同年级,3,tencent_ai_lab_chinese_embedding_light_mirror_mvp,0.4895849,797,0.57314134,1081,0.64141542,593,同龄人,社会比较与人生进度,unreviewed
798,花前月下,花前月下,4,tencent_ai_lab_chinese_embedding_light_mirror_mvp,0.48859416,798,0.60621114,648,0.52181989,2507,前女友,恋爱历史,unreviewed
799,追星,追星,2,tencent_ai_lab_chinese_embedding_light_mirror_mvp,0.48813718,799,0.57111354,1112,0.6432386,575,追求,表白与追求,unreviewed
800,朝气,朝气,2,tencent_ai_lab_chinese_embedding_light_mirror_mvp,0.48810334,800,0.60572407,655,0.46253639,4137,落后,社会比较与人生进度,unreviewed
801,真挚,真挚,2,tencent_ai_lab_chinese_embedding_light_mirror_mvp,0.48783604,801,0.58292611,928,0.62792069,703,亲密,亲密行为,unreviewed
802,成年人,成年人,3,tencent_ai_lab_chinese_embedding_light_mirror_mvp,0.48772872,802,0.5515739,1526,0.67479295,384,同龄人,社会比较与人生进度,unreviewed
803,之爱,之爱,2,tencent_ai_lab_chinese_embedding_light_mirror_mvp,0.48721673,803,0.59975357,712,0.58407408,1182,爱情,恋爱核心,unreviewed
804,男性,男性,2,tencent_ai_lab_chinese_embedding_light_mirror_mvp,0.4871678,804,0.55521239,1431,0.66756654,420,男朋友,对象关系,unreviewed
805,外甥,外甥,2,tencent_ai_lab_chinese_embedding_light_mirror_mvp,0.48705006,805,0.60483856,666,0.49241444,3372,同龄人,社会比较与人生进度,unreviewed
806,同性恋者,同性恋者,4,tencent_ai_lab_chinese_embedding_light_mirror_mvp,0.48703888,806,0.56372185,1253,0.65334594,493,同龄人,对象关系,unreviewed
807,执着,执着,2,tencent_ai_lab_chinese_embedding_light_mirror_mvp,0.48688715,807,0.60375652,671,0.56286603,1509,追求,表白与追求,unreviewed
808,没钱,没钱,2,tencent_ai_lab_chinese_embedding_light_mirror_mvp,0.48646251,808,0.58400388,914,0.62596881,718,没有对象,单身与脱单,unreviewed
809,家庭,家庭,2,tencent_ai_lab_chinese_embedding_light_mirror_mvp,0.4862385,809,0.5994514,717,0.58475655,1172,妻子,婚恋,unreviewed
810,孤单,孤单,2,tencent_ai_lab_chinese_embedding_light_mirror_mvp,0.4861766,810,0.53706944,1982,0.70593292,253,单身,单身与脱单,unreviewed
811,性幻想,性幻想,3,tencent_ai_lab_chinese_embedding_light_mirror_mvp,0.48557658,811,0.60534116,662,0.51347446,2752,感情史,恋爱历史,unreviewed
812,嫁于,嫁于,2,tencent_ai_lab_chinese_embedding_light_mirror_mvp,0.48554998,812,0.54868343,1609,0.67965245,364,结婚,婚恋,unreviewed
813,合作关系,合作关系,4,tencent_ai_lab_chinese_embedding_light_mirror_mvp,0.48518197,813,0.54655657,1677,0.68412006,343,亲密关系,亲密行为,unreviewed
814,想亲,想亲,2,tencent_ai_lab_chinese_embedding_light_mirror_mvp,0.48502423,814,0.56670308,1192,0.64783275,534,亲密,亲密行为,unreviewed
815,我气,我气,2,tencent_ai_lab_chinese_embedding_light_mirror_mvp,0.48484465,815,0.60413477,669,0.46710479,4046,被追,社会比较与人生进度,unreviewed
816,后爹,后爹,2,tencent_ai_lab_chinese_embedding_light_mirror_mvp,0.48483569,816,0.60548506,661,0.5208596,2533,前男友,恋爱历史,unreviewed
817,出去玩,出去玩,3,tencent_ai_lab_chinese_embedding_light_mirror_mvp,0.4845493,817,0.60534074,663,0.54682893,1837,散步,约会,unreviewed
818,满月酒,满月酒,3,tencent_ai_lab_chinese_embedding_light_mirror_mvp,0.48454485,818,0.62909514,475,0.38556308,4964,约饭,社会比较与人生进度,manual_reject
819,一对,一对,2,tencent_ai_lab_chinese_embedding_light_mirror_mvp,0.48447151,819,0.59240866,796,0.61220813,848,对象,对象关系,unreviewed
820,初夜,初夜,2,tencent_ai_lab_chinese_embedding_light_mirror_mvp,0.48400468,820,0.58140652,953,0.62809324,700,初吻,社会比较与人生进度,manual_keep
821,十岁,十岁,2,tencent_ai_lab_chinese_embedding_light_mirror_mvp,0.4837271,821,0.60044203,704,0.57631791,1288,同龄人,社会比较与人生进度,unreviewed
822,闹别扭,闹别扭,3,tencent_ai_lab_chinese_embedding_light_mirror_mvp,0.4831182,822,0.60761318,629,0.4392128,4546,别人都有对象,社会比较与人生进度,unreviewed
823,亲个,亲个,2,tencent_ai_lab_chinese_embedding_light_mirror_mvp,0.48288615,823,0.55495183,1437,0.66601419,434,亲密,亲密行为,unreviewed
824,爱情神话,爱情神话,4,tencent_ai_lab_chinese_embedding_light_mirror_mvp,0.48283921,824,0.56466912,1236,0.65002674,519,爱情,恋爱核心,unreviewed
825,妹纸,妹纸,2,tencent_ai_lab_chinese_embedding_light_mirror_mvp,0.48269084,825,0.60472267,668,0.54701608,1833,女朋友,对象关系,unreviewed
826,高富帅,高富帅,3,tencent_ai_lab_chinese_embedding_light_mirror_mvp,0.48226127,826,0.60527228,665,0.45482928,4293,高中恋爱,社会比较与人生进度,unreviewed
827,娱乐圈,娱乐圈,3,tencent_ai_lab_chinese_embedding_light_mirror_mvp,0.48195096,827,0.60332587,677,0.4771632,3773,约会,社会比较与人生进度,unreviewed
828,婚纱店,婚纱店,3,tencent_ai_lab_chinese_embedding_light_mirror_mvp,0.48176533,828,0.56636077,1201,0.64686918,541,婚礼,婚恋,unreviewed
829,行走,行走,2,tencent_ai_lab_chinese_embedding_light_mirror_mvp,0.48163265,829,0.5593291,1336,0.65734321,469,散步,约会,unreviewed
830,温柔,温柔,2,tencent_ai_lab_chinese_embedding_light_mirror_mvp,0.48104273,830,0.59722078,746,0.59028125,1091,亲密,亲密行为,unreviewed
831,奋起直追,奋起直追,4,tencent_ai_lab_chinese_embedding_light_mirror_mvp,0.48089198,831,0.59793092,737,0.58601224,1155,被追,表白与追求,unreviewed
832,互爱,互爱,2,tencent_ai_lab_chinese_embedding_light_mirror_mvp,0.48084631,832,0.57698345,1031,0.63239884,655,爱情,恋爱核心,manual_keep
833,礼金,礼金,2,tencent_ai_lab_chinese_embedding_light_mirror_mvp,0.48057909,833,0.58944827,838,0.61717618,811,婚礼,婚恋,unreviewed
834,亲到,亲到,2,tencent_ai_lab_chinese_embedding_light_mirror_mvp,0.48057843,834,0.54734714,1654,0.68007672,362,亲密,亲密行为,unreviewed
835,生个,生个,2,tencent_ai_lab_chinese_embedding_light_mirror_mvp,0.48050984,835,0.60277205,682,0.49280214,3357,人生阶段,社会比较与人生进度,unreviewed
836,地爱,地爱,2,tencent_ai_lab_chinese_embedding_light_mirror_mvp,0.48049165,836,0.60347775,675,0.55065161,1752,爱情,恋爱核心,unreviewed
837,亲友们,亲友们,3,tencent_ai_lab_chinese_embedding_light_mirror_mvp,0.48039512,837,0.56058354,1315,0.65494156,484,亲密,亲密行为,unreviewed
838,某女,某女,2,tencent_ai_lab_chinese_embedding_light_mirror_mvp,0.47979599,838,0.59801273,735,0.58373463,1189,女朋友,对象关系,unreviewed
839,花心,花心,2,tencent_ai_lab_chinese_embedding_light_mirror_mvp,0.47970211,839,0.61124462,592,0.4214814,4750,拥抱,校园恋爱,unreviewed
840,铭心刻骨,铭心刻骨,4,tencent_ai_lab_chinese_embedding_light_mirror_mvp,0.47950017,840,0.60679569,641,0.43887901,4556,感情史,表白与追求,unreviewed
841,但她,但她,2,tencent_ai_lab_chinese_embedding_light_mirror_mvp,0.47940317,841,0.60338416,676,0.5161739,2671,女朋友,表白与追求,unreviewed
842,好聚好散,好聚好散,4,tencent_ai_lab_chinese_embedding_light_mirror_mvp,0.47934258,842,0.60270144,683,0.55496037,1663,散步,约会,unreviewed
843,双鱼,双鱼,2,tencent_ai_lab_chinese_embedding_light_mirror_mvp,0.47898487,843,0.60364109,673,0.45670718,4254,单身,单身与脱单,unreviewed
844,这段,这段,2,tencent_ai_lab_chinese_embedding_light_mirror_mvp,0.47891475,844,0.59755262,743,0.58678669,1131,人生阶段,社会比较与人生进度,unreviewed
845,物质生活,物质生活,4,tencent_ai_lab_chinese_embedding_light_mirror_mvp,0.47829241,845,0.60296805,679,0.54162753,1985,人生阶段,社会比较与人生进度,unreviewed
846,美女,美女,2,tencent_ai_lab_chinese_embedding_light_mirror_mvp,0.47678517,846,0.60280623,681,0.53487325,2153,老婆,对象关系,unreviewed
847,回老家,回老家,3,tencent_ai_lab_chinese_embedding_light_mirror_mvp,0.47562019,847,0.60243275,685,0.5258944,2399,老婆,婚恋,unreviewed
848,老板,老板,2,tencent_ai_lab_chinese_embedding_light_mirror_mvp,0.47547744,848,0.59101199,819,0.60999048,871,老婆,婚恋,unreviewed
849,争吵,争吵,2,tencent_ai_lab_chinese_embedding_light_mirror_mvp,0.47530763,849,0.60201277,691,0.50328159,3036,追求,社会比较与人生进度,unreviewed
850,人家,人家,2,tencent_ai_lab_chinese_embedding_light_mirror_mvp,0.475051,850,0.59988101,710,0.56692475,1430,别人都有对象,社会比较与人生进度,unreviewed
851,学生,学生,2,tencent_ai_lab_chinese_embedding_light_mirror_mvp,0.47481544,851,0.54237218,1804,0.68758446,328,学生情侣,校园恋爱,unreviewed
852,小张,小张,2,tencent_ai_lab_chinese_embedding_light_mirror_mvp,0.47459396,852,0.60310253,678,0.44957876,4403,老公,亲密行为,unreviewed
853,妈咪,妈咪,2,tencent_ai_lab_chinese_embedding_light_mirror_mvp,0.47441719,853,0.60196962,692,0.51077741,2823,母胎单身,亲密行为,unreviewed
854,专一,专一,2,tencent_ai_lab_chinese_embedding_light_mirror_mvp,0.47426857,854,0.60115345,699,0.49784958,3214,亲密,表白与追求,unreviewed
855,多情,多情,2,tencent_ai_lab_chinese_embedding_light_mirror_mvp,0.47408604,855,0.57771049,1018,0.62845278,695,爱情,恋爱核心,manual_keep
856,柔情,柔情,2,tencent_ai_lab_chinese_embedding_light_mirror_mvp,0.47358181,856,0.56086779,1310,0.65117621,509,爱情,亲密行为,unreviewed
857,生育,生育,2,tencent_ai_lab_chinese_embedding_light_mirror_mvp,0.47349323,857,0.6017935,693,0.52865708,2332,结婚,社会比较与人生进度,unreviewed
858,老纪,老纪,2,tencent_ai_lab_chinese_embedding_light_mirror_mvp,0.47295452,858,0.60171959,694,0.54272813,1948,老婆,社会比较与人生进度,unreviewed
859,亲朋,亲朋,2,tencent_ai_lab_chinese_embedding_light_mirror_mvp,0.47218049,859,0.52944374,2255,0.71712375,215,亲密,亲密行为,unreviewed
860,吃饭时,吃饭时,3,tencent_ai_lab_chinese_embedding_light_mirror_mvp,0.47177813,860,0.54542961,1705,0.67918128,366,约饭,约会,unreviewed
861,独处,独处,2,tencent_ai_lab_chinese_embedding_light_mirror_mvp,0.47157,861,0.59823296,730,0.57145107,1359,单身,社会比较与人生进度,unreviewed
862,外婆,外婆,2,tencent_ai_lab_chinese_embedding_light_mirror_mvp,0.47145919,862,0.58560038,891,0.61759478,808,老婆,婚恋,unreviewed
863,打游戏,打游戏,3,tencent_ai_lab_chinese_embedding_light_mirror_mvp,0.47109302,863,0.60005391,709,0.49370128,3334,看电影,约会,unreviewed
864,早熟,早熟,2,tencent_ai_lab_chinese_embedding_light_mirror_mvp,0.47088523,864,0.5768404,1032,0.628133,699,早恋,社会比较与人生进度,manual_review
865,宴席,宴席,2,tencent_ai_lab_chinese_embedding_light_mirror_mvp,0.4708703,865,0.58219273,938,0.62089437,762,婚礼,约会,unreviewed
866,紧密,紧密,2,tencent_ai_lab_chinese_embedding_light_mirror_mvp,0.47051068,866,0.51112355,3033,0.7699517,108,亲密,亲密行为,unreviewed
867,留级,留级,2,tencent_ai_lab_chinese_embedding_light_mirror_mvp,0.47043851,867,0.60372367,672,0.44113153,4525,落后,社会比较与人生进度,unreviewed
868,人生态度,人生态度,4,tencent_ai_lab_chinese_embedding_light_mirror_mvp,0.46992485,868,0.57248201,1089,0.6325739,653,人生阶段,社会比较与人生进度,unreviewed
869,豆蔻年华,豆蔻年华,4,tencent_ai_lab_chinese_embedding_light_mirror_mvp,0.46893764,869,0.59963506,714,0.46724883,4040,青春,社会比较与人生进度,unreviewed
870,她在,她在,2,tencent_ai_lab_chinese_embedding_light_mirror_mvp,0.46891969,870,0.60026904,705,0.52789557,2354,女朋友,社会比较与人生进度,unreviewed
871,久别重逢,久别重逢,4,tencent_ai_lab_chinese_embedding_light_mirror_mvp,0.46886178,871,0.60015472,706,0.51321328,2756,错过青春,社会比较与人生进度,unreviewed
872,性经验,性经验,3,tencent_ai_lab_chinese_embedding_light_mirror_mvp,0.4685288,872,0.54472101,1721,0.6787163,368,恋爱经验,社会比较与人生进度,unreviewed
873,买房子,买房子,3,tencent_ai_lab_chinese_embedding_light_mirror_mvp,0.46774132,873,0.5995551,715,0.55400646,1681,结婚,婚恋,unreviewed
874,情深,情深,2,tencent_ai_lab_chinese_embedding_light_mirror_mvp,0.46762262,874,0.58866168,851,0.61200607,849,恋情,恋爱核心,unreviewed
875,女孩儿,女孩儿,3,tencent_ai_lab_chinese_embedding_light_mirror_mvp,0.46673211,875,0.59292977,794,0.5928514,1052,女朋友,对象关系,unreviewed
876,天秤,天秤,2,tencent_ai_lab_chinese_embedding_light_mirror_mvp,0.46671361,876,0.61035399,598,0.41163498,4839,对象,对象关系,unreviewed
877,玩耍,玩耍,2,tencent_ai_lab_chinese_embedding_light_mirror_mvp,0.46617897,877,0.59965079,713,0.52955025,2306,散步,约会,unreviewed
878,有情人终成眷属,有情人终成眷属,7,tencent_ai_lab_chinese_embedding_light_mirror_mvp,0.4657134,878,0.59427924,782,0.58523369,1166,别人都有对象,社会比较与人生进度,unreviewed
879,体贴,体贴,2,tencent_ai_lab_chinese_embedding_light_mirror_mvp,0.46495969,879,0.59942279,718,0.52801585,2350,亲密,亲密行为,unreviewed
880,任课老师,任课老师,4,tencent_ai_lab_chinese_embedding_light_mirror_mvp,0.46474046,880,0.59878857,724,0.55394554,1682,前任,校园恋爱,unreviewed
881,知心朋友,知心朋友,4,tencent_ai_lab_chinese_embedding_light_mirror_mvp,0.46446072,881,0.59954762,716,0.53802633,2061,女朋友,社会比较与人生进度,unreviewed
882,钟情,钟情,2,tencent_ai_lab_chinese_embedding_light_mirror_mvp,0.46442044,882,0.55826455,1362,0.65070015,513,爱情,恋爱核心,unreviewed
883,电影,电影,2,tencent_ai_lab_chinese_embedding_light_mirror_mvp,0.46442031,883,0.50967008,3119,0.77195042,105,看电影,约会,unreviewed
884,光阴,光阴,2,tencent_ai_lab_chinese_embedding_light_mirror_mvp,0.46431604,884,0.59983011,711,0.4529081,4334,暗恋,社会比较与人生进度,unreviewed
885,她却,她却,2,tencent_ai_lab_chinese_embedding_light_mirror_mvp,0.46427419,885,0.59884162,723,0.50917518,2879,妻子,表白与追求,unreviewed
886,妯娌,妯娌,2,tencent_ai_lab_chinese_embedding_light_mirror_mvp,0.46425098,886,0.59849219,726,0.49960977,3156,亲密,社会比较与人生进度,unreviewed
887,讲求,讲求,2,tencent_ai_lab_chinese_embedding_light_mirror_mvp,0.46402231,887,0.54890375,1599,0.6676439,418,追求,表白与追求,unreviewed
888,其他人,其他人,3,tencent_ai_lab_chinese_embedding_light_mirror_mvp,0.46334949,888,0.55882502,1346,0.64915675,525,同龄人,社会比较与人生进度,unreviewed
889,学校,学校,2,tencent_ai_lab_chinese_embedding_light_mirror_mvp,0.4632405,889,0.5584614,1355,0.64973259,521,校服,校园恋爱,unreviewed
890,妈去,妈去,2,tencent_ai_lab_chinese_embedding_light_mirror_mvp,0.46319754,890,0.59814975,731,0.48713923,3501,母胎单身,约会,unreviewed
891,怦然心动,怦然心动,4,tencent_ai_lab_chinese_embedding_light_mirror_mvp,0.46301556,891,0.5989486,722,0.52692473,2372,恋情,恋爱核心,unreviewed
892,童年,童年,2,tencent_ai_lab_chinese_embedding_light_mirror_mvp,0.46222344,892,0.59786075,739,0.55867046,1587,青春,社会比较与人生进度,unreviewed
893,老舅,老舅,2,tencent_ai_lab_chinese_embedding_light_mirror_mvp,0.46169787,893,0.57775931,1015,0.6226759,749,老婆,婚恋,manual_reject
894,好学生,好学生,3,tencent_ai_lab_chinese_embedding_light_mirror_mvp,0.46148598,894,0.59497663,774,0.57644236,1287,学生情侣,社会比较与人生进度,unreviewed
895,爬山,爬山,2,tencent_ai_lab_chinese_embedding_light_mirror_mvp,0.46118673,895,0.59825726,729,0.45954043,4203,散步,约会,unreviewed
896,旷课,旷课,2,tencent_ai_lab_chinese_embedding_light_mirror_mvp,0.46105966,896,0.59765997,742,0.48193905,3656,散步,约会,unreviewed
897,忘不了,忘不了,3,tencent_ai_lab_chinese_embedding_light_mirror_mvp,0.46091058,897,0.59825869,728,0.52688724,2375,错过青春,社会比较与人生进度,unreviewed
898,见面会,见面会,3,tencent_ai_lab_chinese_embedding_light_mirror_mvp,0.46071237,898,0.52162983,2525,0.7298758,177,约会,约会,unreviewed
899,外孙,外孙,2,tencent_ai_lab_chinese_embedding_light_mirror_mvp,0.46062556,899,0.61072673,596,0.40615636,4868,同龄人,社会比较与人生进度,unreviewed
900,密切,密切,2,tencent_ai_lab_chinese_embedding_light_mirror_mvp,0.46049106,900,0.51608047,2770,0.74653774,144,亲密,亲密行为,unreviewed
901,退亲,退亲,2,tencent_ai_lab_chinese_embedding_light_mirror_mvp,0.45963627,901,0.59583232,764,0.56888652,1404,脱单,单身与脱单,unreviewed
902,生父,生父,2,tencent_ai_lab_chinese_embedding_light_mirror_mvp,0.45945092,902,0.59728035,745,0.4681854,4020,老公,婚恋,unreviewed
903,水瓶座,水瓶座,3,tencent_ai_lab_chinese_embedding_light_mirror_mvp,0.45895943,903,0.61957383,538,0.38621837,4963,对象,对象关系,manual_review
904,打胎,打胎,2,tencent_ai_lab_chinese_embedding_light_mirror_mvp,0.45894055,904,0.59802942,734,0.53911376,2038,母胎单身,婚恋,unreviewed
905,好女孩,好女孩,3,tencent_ai_lab_chinese_embedding_light_mirror_mvp,0.45889015,905,0.59787357,738,0.54437131,1913,女朋友,社会比较与人生进度,unreviewed
906,养女,养女,2,tencent_ai_lab_chinese_embedding_light_mirror_mvp,0.45880845,906,0.59783447,740,0.51016194,2844,母胎单身,婚恋,unreviewed
907,内心世界,内心世界,4,tencent_ai_lab_chinese_embedding_light_mirror_mvp,0.45866658,907,0.59720297,747,0.48700988,3507,感情史,社会比较与人生进度,unreviewed
908,好友,好友,2,tencent_ai_lab_chinese_embedding_light_mirror_mvp,0.45811931,908,0.590117,827,0.59632927,996,前女友,对象关系,manual_reject
909,孤独,孤独,2,tencent_ai_lab_chinese_embedding_light_mirror_mvp,0.45803264,909,0.57289922,1083,0.62673604,710,单身,单身与脱单,unreviewed
910,背叛,背叛,2,tencent_ai_lab_chinese_embedding_light_mirror_mvp,0.45717683,910,0.59781681,741,0.52201575,2500,脱单,社会比较与人生进度,unreviewed
911,走着,走着,2,tencent_ai_lab_chinese_embedding_light_mirror_mvp,0.45645471,911,0.56041858,1318,0.64369822,569,散步,社会比较与人生进度,unreviewed
912,合照,合照,2,tencent_ai_lab_chinese_embedding_light_mirror_mvp,0.45603359,912,0.59697285,749,0.50539881,2978,伴侣,社会比较与人生进度,unreviewed
913,她也,她也,2,tencent_ai_lab_chinese_embedding_light_mirror_mvp,0.45586683,913,0.59630766,757,0.55766904,1607,老婆,婚恋,unreviewed
914,热爱,热爱,2,tencent_ai_lab_chinese_embedding_light_mirror_mvp,0.45511006,914,0.56909168,1144,0.63024312,678,恋爱,表白与追求,unreviewed
915,有次,有次,2,tencent_ai_lab_chinese_embedding_light_mirror_mvp,0.45457089,915,0.58947331,837,0.59557265,1007,第一次约会,社会比较与人生进度,manual_reject
916,恋母,恋母,2,tencent_ai_lab_chinese_embedding_light_mirror_mvp,0.45404087,916,0.55864213,1349,0.64493018,557,恋人,恋爱核心,unreviewed
917,同房,同房,2,tencent_ai_lab_chinese_embedding_light_mirror_mvp,0.45400781,917,0.55499119,1436,0.65095854,511,同桌,婚恋,unreviewed
918,爱河,爱河,2,tencent_ai_lab_chinese_embedding_light_mirror_mvp,0.45377531,918,0.59688402,751,0.52223283,2494,爱情,恋爱核心,unreviewed
919,送礼物,送礼物,3,tencent_ai_lab_chinese_embedding_light_mirror_mvp,0.45361062,919,0.59177924,804,0.57968718,1248,婚礼,表白与追求,unreviewed
920,爱与恨,爱与恨,3,tencent_ai_lab_chinese_embedding_light_mirror_mvp,0.45215756,920,0.596278,759,0.54196954,1976,爱情,恋爱核心,unreviewed
921,年轻时,年轻时,3,tencent_ai_lab_chinese_embedding_light_mirror_mvp,0.4517175,921,0.56559796,1221,0.63416666,649,青春,社会比较与人生进度,unreviewed
922,魔羯座,魔羯座,3,tencent_ai_lab_chinese_embedding_light_mirror_mvp,0.45163118,922,0.59670556,754,0.45411521,4313,对象,对象关系,unreviewed
923,携手并肩,携手并肩,4,tencent_ai_lab_chinese_embedding_light_mirror_mvp,0.45157115,923,0.54409119,1742,0.67113948,402,牵手,亲密行为,unreviewed
924,不帅,不帅,2,tencent_ai_lab_chinese_embedding_light_mirror_mvp,0.45152912,924,0.59587694,762,0.55098009,1742,没有对象,社会比较与人生进度,unreviewed
925,学弟,学弟,2,tencent_ai_lab_chinese_embedding_light_mirror_mvp,0.45150375,925,0.59536455,768,0.55564427,1649,学生情侣,校园恋爱,unreviewed
926,美好时光,美好时光,4,tencent_ai_lab_chinese_embedding_light_mirror_mvp,0.45143958,926,0.59533732,769,0.47718868,3772,错过青春,社会比较与人生进度,unreviewed
927,独白,独白,2,tencent_ai_lab_chinese_embedding_light_mirror_mvp,0.45137652,927,0.56759418,1173,0.63065553,675,告白,表白与追求,unreviewed
928,宁缺毋滥,宁缺毋滥,4,tencent_ai_lab_chinese_embedding_light_mirror_mvp,0.45134995,928,0.59683681,753,0.45298854,4332,脱单,社会比较与人生进度,unreviewed
929,兄弟,兄弟,2,tencent_ai_lab_chinese_embedding_light_mirror_mvp,0.4504123,929,0.59583409,763,0.53079426,2273,亲密,亲密行为,unreviewed
930,自由,自由,2,tencent_ai_lab_chinese_embedding_light_mirror_mvp,0.45025802,930,0.59565855,767,0.51009703,2848,单身,社会比较与人生进度,unreviewed
931,母子,母子,2,tencent_ai_lab_chinese_embedding_light_mirror_mvp,0.45004306,931,0.59128652,814,0.57859766,1264,妻子,婚恋,unreviewed
932,一起回家,一起回家,4,tencent_ai_lab_chinese_embedding_light_mirror_mvp,0.4499479,932,0.59569573,765,0.53018302,2292,拥抱,约会,unreviewed
933,牵挂,牵挂,2,tencent_ai_lab_chinese_embedding_light_mirror_mvp,0.44905145,933,0.52058997,2570,0.72646093,191,牵手,亲密行为,unreviewed
934,父母之命,父母之命,4,tencent_ai_lab_chinese_embedding_light_mirror_mvp,0.44882413,934,0.59632769,756,0.44935158,4410,妻子,社会比较与人生进度,unreviewed
935,无性,无性,2,tencent_ai_lab_chinese_embedding_light_mirror_mvp,0.44827099,935,0.59533412,770,0.54342461,1932,没有对象,单身与脱单,unreviewed
936,处男,处男,2,tencent_ai_lab_chinese_embedding_light_mirror_mvp,0.44809213,936,0.54968069,1580,0.65790629,467,前男友,恋爱历史,unreviewed
937,二奶,二奶,2,tencent_ai_lab_chinese_embedding_light_mirror_mvp,0.44720893,937,0.60798174,627,0.40368432,4882,接吻,亲密行为,unreviewed
938,全校,全校,2,tencent_ai_lab_chinese_embedding_light_mirror_mvp,0.44692607,938,0.57458578,1061,0.61983085,778,校服,校园恋爱,unreviewed
939,幻想,幻想,2,tencent_ai_lab_chinese_embedding_light_mirror_mvp,0.44687755,939,0.59437683,780,0.50043726,3128,追求,表白与追求,unreviewed
940,损友,损友,2,tencent_ai_lab_chinese_embedding_light_mirror_mvp,0.44594593,940,0.59377675,788,0.4946183,3312,前男友,对象关系,unreviewed
941,晚婚晚育,晚婚晚育,4,tencent_ai_lab_chinese_embedding_light_mirror_mvp,0.44568937,941,0.58838093,855,0.5901224,1093,结婚,婚恋,unreviewed
942,和他,和他,2,tencent_ai_lab_chinese_embedding_light_mirror_mvp,0.4456498,942,0.58760157,864,0.59429586,1030,前男友,表白与追求,manual_reject
943,杀妻,杀妻,2,tencent_ai_lab_chinese_embedding_light_mirror_mvp,0.44535001,943,0.5553146,1428,0.64628547,548,妻子,婚恋,unreviewed
944,饭局,饭局,2,tencent_ai_lab_chinese_embedding_light_mirror_mvp,0.44521314,944,0.54855255,1613,0.65866417,462,约饭,约会,unreviewed
945,喜哥,喜哥,2,tencent_ai_lab_chinese_embedding_light_mirror_mvp,0.44511758,945,0.59422085,783,0.50355941,3028,喜欢的人,表白与追求,unreviewed
946,他妈,他妈,2,tencent_ai_lab_chinese_embedding_light_mirror_mvp,0.4442665,946,0.59159245,806,0.56819403,1411,老公,婚恋,unreviewed
947,陪她,陪她,2,tencent_ai_lab_chinese_embedding_light_mirror_mvp,0.44392619,947,0.58625118,879,0.59817785,981,伴侣,约会,manual_review
948,价值观,价值观,3,tencent_ai_lab_chinese_embedding_light_mirror_mvp,0.44388054,948,0.59336878,791,0.48766407,3485,人生阶段,社会比较与人生进度,unreviewed
949,发微信,发微信,3,tencent_ai_lab_chinese_embedding_light_mirror_mvp,0.44274788,949,0.59397724,784,0.53734469,2084,表白,表白与追求,unreviewed
950,休掉,休掉,2,tencent_ai_lab_chinese_embedding_light_mirror_mvp,0.4426743,950,0.59382024,786,0.54765439,1815,脱单,社会比较与人生进度,unreviewed
951,害羞,害羞,2,tencent_ai_lab_chinese_embedding_light_mirror_mvp,0.44267286,951,0.59385952,785,0.53479326,2158,暗恋,社会比较与人生进度,unreviewed
952,柴米油盐,柴米油盐,4,tencent_ai_lab_chinese_embedding_light_mirror_mvp,0.4426661,952,0.60558101,658,0.40785044,4859,约饭,社会比较与人生进度,unreviewed
953,同框,同框,2,tencent_ai_lab_chinese_embedding_light_mirror_mvp,0.44221526,953,0.58318419,922,0.60681653,902,同桌,社会比较与人生进度,unreviewed
954,男子,男子,2,tencent_ai_lab_chinese_embedding_light_mirror_mvp,0.44095156,954,0.55233999,1511,0.64959741,523,男朋友,对象关系,unreviewed
955,他说,他说,2,tencent_ai_lab_chinese_embedding_light_mirror_mvp,0.44016321,955,0.59330443,793,0.52079326,2535,老公,表白与追求,unreviewed
956,去世,去世,2,tencent_ai_lab_chinese_embedding_light_mirror_mvp,0.44002309,956,0.59203243,803,0.48294204,3621,前任,表白与追求,unreviewed
957,东子,东子,2,tencent_ai_lab_chinese_embedding_light_mirror_mvp,0.43976608,957,0.59717636,748,0.43410224,4619,妻子,社会比较与人生进度,unreviewed
958,复合,复合,2,tencent_ai_lab_chinese_embedding_light_mirror_mvp,0.43968567,958,0.59224246,802,0.49999258,3146,单身,亲密行为,unreviewed
959,备胎,备胎,2,tencent_ai_lab_chinese_embedding_light_mirror_mvp,0.43930972,959,0.58251857,937,0.60653645,906,母胎单身,单身与脱单,unreviewed
960,生活品质,生活品质,4,tencent_ai_lab_chinese_embedding_light_mirror_mvp,0.43890148,960,0.59235355,797,0.54877734,1794,人生阶段,社会比较与人生进度,unreviewed
961,二货,二货,2,tencent_ai_lab_chinese_embedding_light_mirror_mvp,0.43884902,961,0.59224756,801,0.46335399,4118,对象,社会比较与人生进度,unreviewed
962,性事,性事,2,tencent_ai_lab_chinese_embedding_light_mirror_mvp,0.43852002,962,0.59154369,810,0.55795085,1605,感情史,对象关系,unreviewed
963,年轻漂亮,年轻漂亮,4,tencent_ai_lab_chinese_embedding_light_mirror_mvp,0.43850868,963,0.58504268,894,0.59763706,985,青春,社会比较与人生进度,manual_review
964,游玩,游玩,2,tencent_ai_lab_chinese_embedding_light_mirror_mvp,0.4381554,964,0.59234257,798,0.53245831,2226,散步,约会,unreviewed
965,生完,生完,2,tencent_ai_lab_chinese_embedding_light_mirror_mvp,0.43775609,965,0.59150934,811,0.49419498,3319,结婚,婚恋,unreviewed
966,性体验,性体验,3,tencent_ai_lab_chinese_embedding_light_mirror_mvp,0.43751874,966,0.58885362,848,0.57625759,1292,恋爱经验,社会比较与人生进度,unreviewed
967,血缘关系,血缘关系,4,tencent_ai_lab_chinese_embedding_light_mirror_mvp,0.43719505,967,0.54405805,1745,0.6638732,442,亲密关系,亲密行为,unreviewed
968,邻居,邻居,2,tencent_ai_lab_chinese_embedding_light_mirror_mvp,0.43719121,968,0.59229933,800,0.53940266,2030,同桌,婚恋,unreviewed
969,超友谊,超友谊,3,tencent_ai_lab_chinese_embedding_light_mirror_mvp,0.43673204,969,0.59063351,823,0.56295335,1507,伴侣,对象关系,unreviewed
970,朝气蓬勃,朝气蓬勃,4,tencent_ai_lab_chinese_embedding_light_mirror_mvp,0.43640623,970,0.59156293,808,0.50226128,3066,落后,社会比较与人生进度,unreviewed
971,纯粹,纯粹,2,tencent_ai_lab_chinese_embedding_light_mirror_mvp,0.43623248,971,0.59177411,805,0.54176348,1980,亲密,社会比较与人生进度,unreviewed
972,小姑,小姑,2,tencent_ai_lab_chinese_embedding_light_mirror_mvp,0.43593523,972,0.59359112,789,0.44613278,4459,丈夫,婚恋,unreviewed
973,拥入,拥入,2,tencent_ai_lab_chinese_embedding_light_mirror_mvp,0.43512157,973,0.54725622,1657,0.65636629,476,拥抱,亲密行为,unreviewed
974,饭桌,饭桌,2,tencent_ai_lab_chinese_embedding_light_mirror_mvp,0.43475007,974,0.5291806,2266,0.69731069,287,同桌,约会,unreviewed
975,相互信任,相互信任,4,tencent_ai_lab_chinese_embedding_light_mirror_mvp,0.43475004,975,0.57997792,977,0.60759372,895,亲密,亲密行为,manual_keep
976,结缘,结缘,2,tencent_ai_lab_chinese_embedding_light_mirror_mvp,0.43463957,976,0.53055377,2212,0.69363797,300,结婚,婚恋,unreviewed
977,完亲,完亲,2,tencent_ai_lab_chinese_embedding_light_mirror_mvp,0.4344995,977,0.54460719,1728,0.66124797,454,亲密,亲密行为,unreviewed
978,因为寂寞,因为寂寞,4,tencent_ai_lab_chinese_embedding_light_mirror_mvp,0.43426181,978,0.59155209,809,0.52202696,2499,单身,社会比较与人生进度,unreviewed
979,数学课,数学课,3,tencent_ai_lab_chinese_embedding_light_mirror_mvp,0.43412288,979,0.59629271,758,0.43150643,4649,同桌,校园恋爱,unreviewed
980,精神境界,精神境界,4,tencent_ai_lab_chinese_embedding_light_mirror_mvp,0.43390987,980,0.59127818,815,0.51110137,2816,人生阶段,社会比较与人生进度,unreviewed
981,问她,问她,2,tencent_ai_lab_chinese_embedding_light_mirror_mvp,0.43184533,981,0.59099604,820,0.52964449,2304,追求,表白与追求,unreviewed
982,单纯,单纯,2,tencent_ai_lab_chinese_embedding_light_mirror_mvp,0.43166721,982,0.55693345,1397,0.63756043,623,单身,单身与脱单,unreviewed
983,男士们,男士们,3,tencent_ai_lab_chinese_embedding_light_mirror_mvp,0.43157433,983,0.55807967,1370,0.63564187,638,男朋友,社会比较与人生进度,unreviewed
984,亲朋好友,亲朋好友,4,tencent_ai_lab_chinese_embedding_light_mirror_mvp,0.43125422,984,0.53810899,1940,0.6737349,389,亲密关系,亲密行为,unreviewed
985,家务活,家务活,3,tencent_ai_lab_chinese_embedding_light_mirror_mvp,0.43122272,985,0.59095063,821,0.52664459,2379,老公,婚恋,unreviewed
986,还小,还小,2,tencent_ai_lab_chinese_embedding_light_mirror_mvp,0.43114288,986,0.5898041,832,0.49277616,3359,落后,社会比较与人生进度,unreviewed
987,同学们,同学们,3,tencent_ai_lab_chinese_embedding_light_mirror_mvp,0.43101139,987,0.55244405,1508,0.64458007,561,同桌,校园恋爱,unreviewed
988,为情所困,为情所困,4,tencent_ai_lab_chinese_embedding_light_mirror_mvp,0.43090136,988,0.58867197,850,0.56781816,1418,恋情,表白与追求,unreviewed
989,交朋友,交朋友,3,tencent_ai_lab_chinese_embedding_light_mirror_mvp,0.4296409,989,0.552858,1498,0.64328992,573,男朋友,对象关系,unreviewed
990,没删,没删,2,tencent_ai_lab_chinese_embedding_light_mirror_mvp,0.42954734,990,0.58906958,842,0.56133693,1532,没有对象,表白与追求,unreviewed
991,女神,女神,2,tencent_ai_lab_chinese_embedding_light_mirror_mvp,0.42938351,991,0.59038397,826,0.5244087,2439,女朋友,对象关系,unreviewed
992,分居,分居,2,tencent_ai_lab_chinese_embedding_light_mirror_mvp,0.42888597,992,0.58899716,844,0.55979949,1571,单身,婚恋,unreviewed
993,温情,温情,2,tencent_ai_lab_chinese_embedding_light_mirror_mvp,0.42883608,993,0.56355361,1260,0.62618315,713,爱情,亲密行为,unreviewed
994,老师,老师,2,tencent_ai_lab_chinese_embedding_light_mirror_mvp,0.42863107,994,0.58893774,845,0.56045008,1554,老婆,校园恋爱,unreviewed
995,艳照,艳照,2,tencent_ai_lab_chinese_embedding_light_mirror_mvp,0.42852155,995,0.60250037,684,0.40433455,4877,拥抱,表白与追求,unreviewed
996,年迈,年迈,2,tencent_ai_lab_chinese_embedding_light_mirror_mvp,0.42848932,996,0.58963418,834,0.46333641,4120,散步,社会比较与人生进度,unreviewed
997,外套,外套,2,tencent_ai_lab_chinese_embedding_light_mirror_mvp,0.42843516,997,0.5891381,841,0.4749462,3842,校服,单身与脱单,unreviewed
998,亲爱的,亲爱的,3,tencent_ai_lab_chinese_embedding_light_mirror_mvp,0.42753775,998,0.52859672,2285,0.69451046,293,亲密,亲密行为,unreviewed
999,敢爱敢恨,敢爱敢恨,4,tencent_ai_lab_chinese_embedding_light_mirror_mvp,0.42745737,999,0.589814,831,0.53555346,2136,爱情,表白与追求,unreviewed
1000,邂逅,邂逅,2,tencent_ai_lab_chinese_embedding_light_mirror_mvp,0.42742292,1000,0.58986843,830,0.53746176,2079,恋爱经历,表白与追求,unreviewed
1001,我生,我生,2,tencent_ai_lab_chinese_embedding_light_mirror_mvp,0.42699463,1001,0.58956686,835,0.5451799,1888,人生阶段,社会比较与人生进度,unreviewed
1002,比较落后,比较落后,4,tencent_ai_lab_chinese_embedding_light_mirror_mvp,0.42652162,1002,0.50034511,3638,0.78379101,92,落后,社会比较与人生进度,manual_reject
1003,撩妹,撩妹,2,tencent_ai_lab_chinese_embedding_light_mirror_mvp,0.42587318,1003,0.58949699,836,0.52322966,2467,牵手,对象关系,unreviewed
1004,作业本,作业本,3,tencent_ai_lab_chinese_embedding_light_mirror_mvp,0.42584693,1004,0.60579497,652,0.39305556,4944,学生情侣,校园恋爱,manual_review
1005,一女,一女,2,tencent_ai_lab_chinese_embedding_light_mirror_mvp,0.42570915,1005,0.58941443,839,0.53228951,2232,前女友,社会比较与人生进度,unreviewed
1006,入赘,入赘,2,tencent_ai_lab_chinese_embedding_light_mirror_mvp,0.42560035,1006,0.58922384,840,0.51460606,2716,脱单,单身与脱单,unreviewed
1007,少年,少年,2,tencent_ai_lab_chinese_embedding_light_mirror_mvp,0.42526959,1007,0.58493373,898,0.58070695,1232,青春,社会比较与人生进度,unreviewed
1008,女性,女性,2,tencent_ai_lab_chinese_embedding_light_mirror_mvp,0.42510628,1008,0.56795752,1166,0.61821651,796,女朋友,对象关系,unreviewed
1009,第二胎,第二胎,3,tencent_ai_lab_chinese_embedding_light_mirror_mvp,0.42493294,1009,0.58904392,843,0.54489541,1901,母胎单身,社会比较与人生进度,unreviewed
1010,第一胎,第一胎,3,tencent_ai_lab_chinese_embedding_light_mirror_mvp,0.42464629,1010,0.58839562,854,0.55738676,1613,母胎单身,婚恋,unreviewed
1011,情场,情场,2,tencent_ai_lab_chinese_embedding_light_mirror_mvp,0.42423962,1011,0.57671481,1035,0.60710853,900,恋情,恋爱核心,manual_keep
1012,家务,家务,2,tencent_ai_lab_chinese_embedding_light_mirror_mvp,0.42399943,1012,0.58889421,846,0.54434466,1914,老公,婚恋,unreviewed
1013,邻座,邻座,2,tencent_ai_lab_chinese_embedding_light_mirror_mvp,0.42338099,1013,0.58885472,847,0.52946043,2310,同桌,约会,unreviewed
1014,死缠烂打,死缠烂打,4,tencent_ai_lab_chinese_embedding_light_mirror_mvp,0.42322533,1014,0.58787928,860,0.47315538,3898,被追,表白与追求,unreviewed
1015,发微博,发微博,3,tencent_ai_lab_chinese_embedding_light_mirror_mvp,0.42275878,1015,0.58835038,856,0.5005638,3124,表白,表白与追求,unreviewed
1016,处女,处女,2,tencent_ai_lab_chinese_embedding_light_mirror_mvp,0.421698,1016,0.5844547,908,0.57938534,1253,前女友,恋爱历史,unreviewed
1017,意中人,意中人,3,tencent_ai_lab_chinese_embedding_light_mirror_mvp,0.42162332,1017,0.58864769,852,0.53972471,2025,喜欢的人,社会比较与人生进度,unreviewed
1018,答应,答应,2,tencent_ai_lab_chinese_embedding_light_mirror_mvp,0.42100153,1018,0.58564795,889,0.57154548,1357,对象,表白与追求,unreviewed
1019,小夏,小夏,2,tencent_ai_lab_chinese_embedding_light_mirror_mvp,0.42086432,1019,0.59261035,795,0.43082213,4658,青春,社会比较与人生进度,unreviewed
1020,性冲动,性冲动,3,tencent_ai_lab_chinese_embedding_light_mirror_mvp,0.42066134,1020,0.58764222,863,0.50002426,3144,感情史,亲密行为,unreviewed
1021,校规,校规,2,tencent_ai_lab_chinese_embedding_light_mirror_mvp,0.42051731,1021,0.56368403,1254,0.62217623,756,校服,校园恋爱,unreviewed
1022,双宋,双宋,2,tencent_ai_lab_chinese_embedding_light_mirror_mvp,0.42028433,1022,0.58802049,859,0.46032482,4187,单身,单身与脱单,unreviewed
1023,形影不离,形影不离,4,tencent_ai_lab_chinese_embedding_light_mirror_mvp,0.41991329,1023,0.58702474,871,0.47412249,3874,看电影,约会,unreviewed
1024,亲属,亲属,2,tencent_ai_lab_chinese_embedding_light_mirror_mvp,0.419277,1024,0.53368024,2087,0.67729211,373,亲密关系,亲密行为,unreviewed
1025,有说有笑,有说有笑,4,tencent_ai_lab_chinese_embedding_light_mirror_mvp,0.41914943,1025,0.58810494,858,0.5369274,2092,别人都有对象,社会比较与人生进度,unreviewed
1026,友好关系,友好关系,4,tencent_ai_lab_chinese_embedding_light_mirror_mvp,0.41883015,1026,0.50827718,3196,0.74992049,140,亲密关系,亲密行为,unreviewed
1027,门当户对,门当户对,4,tencent_ai_lab_chinese_embedding_light_mirror_mvp,0.41859237,1027,0.58765459,862,0.53227305,2233,对象,社会比较与人生进度,unreviewed
1028,骑车,骑车,2,tencent_ai_lab_chinese_embedding_light_mirror_mvp,0.41855338,1028,0.58733257,866,0.50367111,3027,散步,约会,unreviewed
1029,互相照顾,互相照顾,4,tencent_ai_lab_chinese_embedding_light_mirror_mvp,0.41851688,1029,0.57950617,983,0.60053563,958,伴侣,亲密行为,manual_keep
1030,好吗,好吗,2,tencent_ai_lab_chinese_embedding_light_mirror_mvp,0.41811103,1030,0.58747542,865,0.51515913,2702,落后,社会比较与人生进度,unreviewed
1031,私生活,私生活,3,tencent_ai_lab_chinese_embedding_light_mirror_mvp,0.41799052,1031,0.58212764,939,0.58779359,1127,老公,单身与脱单,unreviewed
1032,西服,西服,2,tencent_ai_lab_chinese_embedding_light_mirror_mvp,0.41790589,1032,0.58162762,948,0.59139735,1072,校服,表白与追求,unreviewed
1033,衬衣,衬衣,2,tencent_ai_lab_chinese_embedding_light_mirror_mvp,0.41778415,1033,0.58656784,876,0.47981268,3712,校服,婚恋,unreviewed
1034,老友,老友,2,tencent_ai_lab_chinese_embedding_light_mirror_mvp,0.41765268,1034,0.55303171,1496,0.63747996,625,老婆,对象关系,unreviewed
1035,堂哥,堂哥,2,tencent_ai_lab_chinese_embedding_light_mirror_mvp,0.41743783,1035,0.59435866,781,0.42218381,4741,同桌,社会比较与人生进度,unreviewed
1036,中学生,中学生,3,tencent_ai_lab_chinese_embedding_light_mirror_mvp,0.41717509,1036,0.56252425,1280,0.62233871,753,学生情侣,校园恋爱,unreviewed
1037,追忆,追忆,2,tencent_ai_lab_chinese_embedding_light_mirror_mvp,0.41663769,1037,0.53814118,1938,0.66604871,433,追求,表白与追求,unreviewed
1038,她们,她们,2,tencent_ai_lab_chinese_embedding_light_mirror_mvp,0.41634825,1038,0.58654993,877,0.49994969,3147,女朋友,社会比较与人生进度,unreviewed
1039,上课,上课,2,tencent_ai_lab_chinese_embedding_light_mirror_mvp,0.41592063,1039,0.58721654,868,0.53676689,2097,同桌,校园恋爱,unreviewed
1040,女青年,女青年,3,tencent_ai_lab_chinese_embedding_light_mirror_mvp,0.41573838,1040,0.52158848,2526,0.70478797,259,青春,社会比较与人生进度,unreviewed
1041,金钱,金钱,2,tencent_ai_lab_chinese_embedding_light_mirror_mvp,0.41554282,1041,0.58612061,880,0.49713174,3230,对象,社会比较与人生进度,unreviewed
1042,礼物,礼物,2,tencent_ai_lab_chinese_embedding_light_mirror_mvp,0.41552558,1042,0.55269473,1502,0.63685721,628,婚礼,表白与追求,unreviewed
1043,顾家,顾家,2,tencent_ai_lab_chinese_embedding_light_mirror_mvp,0.41537369,1043,0.58732189,867,0.45577091,4270,妻子,婚恋,unreviewed
1044,发糖,发糖,2,tencent_ai_lab_chinese_embedding_light_mirror_mvp,0.41530528,1044,0.58677356,874,0.45979306,4198,表白,表白与追求,unreviewed
1045,感情用事,感情用事,4,tencent_ai_lab_chinese_embedding_light_mirror_mvp,0.415271,1045,0.52589451,2382,0.69437134,295,感情史,恋爱历史,unreviewed
1046,那你,那你,2,tencent_ai_lab_chinese_embedding_light_mirror_mvp,0.4151216,1046,0.58581216,886,0.4734211,3892,追求,表白与追求,unreviewed
1047,年长,年长,2,tencent_ai_lab_chinese_embedding_light_mirror_mvp,0.41461559,1047,0.58584638,884,0.48449785,3576,同龄人,社会比较与人生进度,unreviewed
1048,姐妹,姐妹,2,tencent_ai_lab_chinese_embedding_light_mirror_mvp,0.41457414,1048,0.58602757,882,0.4997043,3153,伴侣,社会比较与人生进度,unreviewed
1049,同床,同床,2,tencent_ai_lab_chinese_embedding_light_mirror_mvp,0.41390334,1049,0.5476522,1645,0.64502543,555,同桌,婚恋,unreviewed
1050,狮子座,狮子座,3,tencent_ai_lab_chinese_embedding_light_mirror_mvp,0.41354815,1050,0.59739248,744,0.40775737,4860,母胎单身,对象关系,unreviewed
1051,衬衫,衬衫,2,tencent_ai_lab_chinese_embedding_light_mirror_mvp,0.41345291,1051,0.58827627,857,0.44457662,4481,校服,婚恋,unreviewed
1052,独生女,独生女,3,tencent_ai_lab_chinese_embedding_light_mirror_mvp,0.41264659,1052,0.58586822,883,0.55080867,1746,母胎单身,单身与脱单,unreviewed
1053,照顾,照顾,2,tencent_ai_lab_chinese_embedding_light_mirror_mvp,0.41259987,1053,0.58494644,897,0.56153345,1527,拥抱,婚恋,unreviewed
1054,名利,名利,2,tencent_ai_lab_chinese_embedding_light_mirror_mvp,0.41225072,1054,0.5852036,893,0.48035812,3694,落后,社会比较与人生进度,unreviewed
1055,志趣相投,志趣相投,4,tencent_ai_lab_chinese_embedding_light_mirror_mvp,0.41159792,1055,0.58497767,896,0.49241072,3373,追求,表白与追求,unreviewed
1056,相互理解,相互理解,4,tencent_ai_lab_chinese_embedding_light_mirror_mvp,0.41146355,1056,0.58584151,885,0.54748452,1823,对象,表白与追求,unreviewed
1057,每对,每对,2,tencent_ai_lab_chinese_embedding_light_mirror_mvp,0.41103736,1057,0.58138393,955,0.58408672,1181,对象,约会,manual_reject
1058,社会交往,社会交往,4,tencent_ai_lab_chinese_embedding_light_mirror_mvp,0.41073137,1058,0.57507488,1051,0.60232979,939,亲密关系,社会比较与人生进度,unreviewed
1059,爷爷奶奶,爷爷奶奶,4,tencent_ai_lab_chinese_embedding_light_mirror_mvp,0.41064251,1059,0.58561875,890,0.51398265,2737,老公,婚恋,unreviewed
1060,性行为,性行为,3,tencent_ai_lab_chinese_embedding_light_mirror_mvp,0.41026262,1060,0.58574589,887,0.5387311,2048,亲密关系,社会比较与人生进度,unreviewed
1061,生活方式,生活方式,4,tencent_ai_lab_chinese_embedding_light_mirror_mvp,0.40951188,1061,0.56674826,1191,0.61253393,843,人生阶段,社会比较与人生进度,unreviewed
1062,这样的人,这样的人,4,tencent_ai_lab_chinese_embedding_light_mirror_mvp,0.40935766,1062,0.54296539,1781,0.65146875,503,喜欢的人,社会比较与人生进度,unreviewed
1063,互相理解,互相理解,4,tencent_ai_lab_chinese_embedding_light_mirror_mvp,0.40873926,1063,0.58501697,895,0.54491758,1900,对象,表白与追求,unreviewed
1064,她有,她有,2,tencent_ai_lab_chinese_embedding_light_mirror_mvp,0.40825585,1064,0.58415797,912,0.55999374,1565,别人都有对象,表白与追求,unreviewed
1065,良人,良人,2,tencent_ai_lab_chinese_embedding_light_mirror_mvp,0.40822948,1065,0.58445652,907,0.4828921,3623,恋人,社会比较与人生进度,unreviewed
1066,男艺人,男艺人,3,tencent_ai_lab_chinese_embedding_light_mirror_mvp,0.40794851,1066,0.55738997,1387,0.62552321,724,男朋友,对象关系,unreviewed
1067,懵懂,懵懂,2,tencent_ai_lab_chinese_embedding_light_mirror_mvp,0.40770251,1067,0.58469615,902,0.50252026,3060,错过青春,社会比较与人生进度,unreviewed
1068,徒步,徒步,2,tencent_ai_lab_chinese_embedding_light_mirror_mvp,0.40752105,1068,0.52452309,2430,0.69346762,302,散步,约会,unreviewed
1069,校花,校花,2,tencent_ai_lab_chinese_embedding_light_mirror_mvp,0.40749725,1069,0.55362177,1481,0.63127768,666,校服,校园恋爱,unreviewed
1070,教室,教室,2,tencent_ai_lab_chinese_embedding_light_mirror_mvp,0.40697844,1070,0.58482605,899,0.51886445,2592,校服,校园恋爱,unreviewed
1071,离家出走,离家出走,4,tencent_ai_lab_chinese_embedding_light_mirror_mvp,0.40685623,1071,0.58129461,956,0.57845449,1266,散步,约会,manual_reject
1072,同学会,同学会,3,tencent_ai_lab_chinese_embedding_light_mirror_mvp,0.40676406,1072,0.53474383,2042,0.66765684,417,同桌,约会,unreviewed
1073,金牛座,金牛座,3,tencent_ai_lab_chinese_embedding_light_mirror_mvp,0.40670754,1073,0.59331846,792,0.41493666,4814,约会对象,社会比较与人生进度,unreviewed
1074,生命,生命,2,tencent_ai_lab_chinese_embedding_light_mirror_mvp,0.40571643,1074,0.58465492,904,0.51770979,2623,人生阶段,社会比较与人生进度,unreviewed
1075,逢场作戏,逢场作戏,4,tencent_ai_lab_chinese_embedding_light_mirror_mvp,0.4052306,1075,0.58340864,920,0.47229558,3928,约会,约会,unreviewed
1076,裙子,裙子,2,tencent_ai_lab_chinese_embedding_light_mirror_mvp,0.40507993,1076,0.58454511,906,0.52058136,2544,校服,婚恋,unreviewed
1077,人到中年,人到中年,4,tencent_ai_lab_chinese_embedding_light_mirror_mvp,0.40482308,1077,0.57918437,994,0.5908736,1080,同龄人,社会比较与人生进度,manual_review
1078,过亲,过亲,2,tencent_ai_lab_chinese_embedding_light_mirror_mvp,0.40465797,1078,0.54338911,1769,0.64854515,531,亲密,亲密行为,unreviewed
1079,体育课,体育课,3,tencent_ai_lab_chinese_embedding_light_mirror_mvp,0.40438228,1079,0.58477147,901,0.45313805,4331,散步,约会,unreviewed
1080,被人,被人,2,tencent_ai_lab_chinese_embedding_light_mirror_mvp,0.40381016,1080,0.51278623,2953,0.72531819,194,被追,社会比较与人生进度,unreviewed
1081,就生,就生,2,tencent_ai_lab_chinese_embedding_light_mirror_mvp,0.40378329,1081,0.58333236,921,0.48439968,3581,人生阶段,社会比较与人生进度,unreviewed
1082,男模,男模,2,tencent_ai_lab_chinese_embedding_light_mirror_mvp,0.40331259,1082,0.58417534,910,0.52243418,2486,男朋友,对象关系,unreviewed
1083,坦诚,坦诚,2,tencent_ai_lab_chinese_embedding_light_mirror_mvp,0.40287013,1083,0.58014474,973,0.58011949,1239,亲密,表白与追求,manual_review
1084,桃花,桃花,2,tencent_ai_lab_chinese_embedding_light_mirror_mvp,0.40274793,1084,0.58310361,926,0.48025745,3698,初恋,社会比较与人生进度,unreviewed
1085,理想化,理想化,3,tencent_ai_lab_chinese_embedding_light_mirror_mvp,0.4026861,1085,0.58391089,915,0.45915103,4209,追求,社会比较与人生进度,unreviewed
1086,共处一室,共处一室,4,tencent_ai_lab_chinese_embedding_light_mirror_mvp,0.40258663,1086,0.5838956,916,0.54224342,1966,同桌,约会,unreviewed
1087,我们家,我们家,3,tencent_ai_lab_chinese_embedding_light_mirror_mvp,0.40205124,1087,0.58313882,924,0.50019991,3139,拥抱,婚恋,unreviewed
1088,闹婚,闹婚,2,tencent_ai_lab_chinese_embedding_light_mirror_mvp,0.4017548,1088,0.51919632,2640,0.70424324,264,结婚,婚恋,unreviewed
1089,帽衫,帽衫,2,tencent_ai_lab_chinese_embedding_light_mirror_mvp,0.40120733,1089,0.58288885,929,0.48354235,3598,校服,社会比较与人生进度,unreviewed
1090,大操大办,大操大办,4,tencent_ai_lab_chinese_embedding_light_mirror_mvp,0.40104051,1090,0.59092674,822,0.41860557,4779,校服,校园恋爱,unreviewed
1091,取关,取关,2,tencent_ai_lab_chinese_embedding_light_mirror_mvp,0.40095494,1091,0.58284583,930,0.48880321,3456,脱单,亲密行为,unreviewed
1092,出月子,出月子,3,tencent_ai_lab_chinese_embedding_light_mirror_mvp,0.40093655,1092,0.58536576,892,0.44279754,4504,妻子,婚恋,unreviewed
1093,生日礼物,生日礼物,4,tencent_ai_lab_chinese_embedding_light_mirror_mvp,0.4005623,1093,0.57855982,1003,0.58858562,1114,婚礼,婚恋,manual_review
1094,五岁,五岁,2,tencent_ai_lab_chinese_embedding_light_mirror_mvp,0.40052256,1094,0.58057144,967,0.57469499,1313,同龄人,社会比较与人生进度,manual_reject
1095,摊牌,摊牌,2,tencent_ai_lab_chinese_embedding_light_mirror_mvp,0.4001176,1095,0.58305328,927,0.46266487,4132,散步,约会,unreviewed
1096,服装,服装,2,tencent_ai_lab_chinese_embedding_light_mirror_mvp,0.4000902,1096,0.55672059,1398,0.62266988,750,校服,社会比较与人生进度,unreviewed
1097,人性,人性,2,tencent_ai_lab_chinese_embedding_light_mirror_mvp,0.39993673,1097,0.57936053,987,0.58156025,1217,人生阶段,社会比较与人生进度,manual_reject
1098,侄子,侄子,2,tencent_ai_lab_chinese_embedding_light_mirror_mvp,0.39991887,1098,0.58416395,911,0.44990903,4390,同龄人,社会比较与人生进度,unreviewed
1099,交友,交友,2,tencent_ai_lab_chinese_embedding_light_mirror_mvp,0.39981975,1099,0.55217309,1517,0.63005102,679,伴侣,对象关系,unreviewed
1100,需求,需求,2,tencent_ai_lab_chinese_embedding_light_mirror_mvp,0.39891996,1100,0.52606863,2377,0.68520832,340,追求,社会比较与人生进度,unreviewed
1101,撒娇,撒娇,2,tencent_ai_lab_chinese_embedding_light_mirror_mvp,0.39886221,1101,0.58202391,941,0.47147685,3946,接吻,表白与追求,unreviewed
1102,老人,老人,2,tencent_ai_lab_chinese_embedding_light_mirror_mvp,0.39883112,1102,0.55080147,1546,0.63157374,664,同龄人,婚恋,unreviewed
1103,相聚,相聚,2,tencent_ai_lab_chinese_embedding_light_mirror_mvp,0.39879728,1103,0.54950137,1583,0.63412845,650,约会,约会,unreviewed
1104,自恋,自恋,2,tencent_ai_lab_chinese_embedding_light_mirror_mvp,0.39853538,1104,0.53778998,1952,0.65708649,474,初恋,恋爱核心,unreviewed
1105,女主,女主,2,tencent_ai_lab_chinese_embedding_light_mirror_mvp,0.39830486,1105,0.58032376,969,0.57266074,1342,女朋友,对象关系,manual_reject
1106,我俩,我俩,2,tencent_ai_lab_chinese_embedding_light_mirror_mvp,0.3974412,1106,0.58265889,933,0.53215551,2238,别人都有对象,社会比较与人生进度,unreviewed
1107,人生路,人生路,3,tencent_ai_lab_chinese_embedding_light_mirror_mvp,0.39669469,1107,0.54487088,1720,0.64177001,589,人生阶段,社会比较与人生进度,unreviewed
1108,恋旧,恋旧,2,tencent_ai_lab_chinese_embedding_light_mirror_mvp,0.39576867,1108,0.52104748,2548,0.69483709,291,恋爱,恋爱核心,unreviewed
1109,双子,双子,2,tencent_ai_lab_chinese_embedding_light_mirror_mvp,0.39574955,1109,0.58198709,943,0.50597835,2967,妻子,单身与脱单,unreviewed
1110,父女,父女,2,tencent_ai_lab_chinese_embedding_light_mirror_mvp,0.39558997,1110,0.58198825,942,0.50984967,2856,妻子,婚恋,unreviewed
1111,嫁错,嫁错,2,tencent_ai_lab_chinese_embedding_light_mirror_mvp,0.39548394,1111,0.56131729,1298,0.61366922,835,订婚,婚恋,unreviewed
1112,友好,友好,2,tencent_ai_lab_chinese_embedding_light_mirror_mvp,0.39544556,1112,0.56906958,1145,0.60265434,936,亲密,对象关系,unreviewed
1113,反超,反超,2,tencent_ai_lab_chinese_embedding_light_mirror_mvp,0.39527441,1113,0.58146994,952,0.48021525,3699,被追,社会比较与人生进度,manual_reject
1114,遗孀,遗孀,2,tencent_ai_lab_chinese_embedding_light_mirror_mvp,0.39468246,1114,0.57817314,1006,0.58190262,1211,妻子,婚恋,manual_reject
1115,患得患失,患得患失,4,tencent_ai_lab_chinese_embedding_light_mirror_mvp,0.39448839,1115,0.58167131,946,0.50923198,2875,落后,社会比较与人生进度,unreviewed
1116,初三,初三,2,tencent_ai_lab_chinese_embedding_light_mirror_mvp,0.39388717,1116,0.56442525,1240,0.60866582,882,初恋,社会比较与人生进度,unreviewed
1117,睡衣,睡衣,2,tencent_ai_lab_chinese_embedding_light_mirror_mvp,0.39357315,1117,0.58121413,957,0.48468739,3572,校服,婚恋,manual_reject
1118,观念,观念,2,tencent_ai_lab_chinese_embedding_light_mirror_mvp,0.39352078,1118,0.58187524,944,0.53358394,2188,追求,社会比较与人生进度,unreviewed
1119,伙伴,伙伴,2,tencent_ai_lab_chinese_embedding_light_mirror_mvp,0.39323392,1119,0.51257222,2965,0.71992558,210,伴侣,对象关系,unreviewed
1120,坐月子,坐月子,3,tencent_ai_lab_chinese_embedding_light_mirror_mvp,0.39244401,1120,0.58104557,960,0.46731979,4036,妻子,婚恋,manual_reject
1121,告别,告别,2,tencent_ai_lab_chinese_embedding_light_mirror_mvp,0.39204402,1121,0.54995058,1567,0.62975949,682,告白,表白与追求,unreviewed
1122,心理学家,心理学家,4,tencent_ai_lab_chinese_embedding_light_mirror_mvp,0.39092865,1122,0.58160844,949,0.45565349,4272,感情史,社会比较与人生进度,unreviewed
1123,二十多岁,二十多岁,4,tencent_ai_lab_chinese_embedding_light_mirror_mvp,0.39091408,1123,0.57899748,998,0.57303923,1336,同龄人,社会比较与人生进度,manual_review
1124,愧疚,愧疚,2,tencent_ai_lab_chinese_embedding_light_mirror_mvp,0.39071773,1124,0.58140426,954,0.53496009,2148,错过青春,社会比较与人生进度,manual_review
1125,伙伴关系,伙伴关系,4,tencent_ai_lab_chinese_embedding_light_mirror_mvp,0.39043714,1125,0.50957612,3130,0.72852898,182,伴侣,对象关系,unreviewed
1126,圈内人,圈内人,3,tencent_ai_lab_chinese_embedding_light_mirror_mvp,0.3901839,1126,0.57003632,1129,0.59908044,975,同龄人,社会比较与人生进度,manual_reject
1127,考大学,考大学,3,tencent_ai_lab_chinese_embedding_light_mirror_mvp,0.39012204,1127,0.57676784,1034,0.58579892,1158,大学恋爱,校园恋爱,manual_reject
1128,面基,面基,2,tencent_ai_lab_chinese_embedding_light_mirror_mvp,0.39000192,1128,0.59141061,813,0.40661758,4865,脱单,婚恋,unreviewed
1129,传宗接代,传宗接代,4,tencent_ai_lab_chinese_embedding_light_mirror_mvp,0.38968554,1129,0.58173308,945,0.44813401,4436,被追,社会比较与人生进度,unreviewed
1130,最亲,最亲,2,tencent_ai_lab_chinese_embedding_light_mirror_mvp,0.38946495,1130,0.52021959,2586,0.69382459,299,亲密,亲密行为,unreviewed
1131,说要,说要,2,tencent_ai_lab_chinese_embedding_light_mirror_mvp,0.38906565,1131,0.58095936,962,0.54579377,1865,追求,表白与追求,manual_reject
1132,丧事,丧事,2,tencent_ai_lab_chinese_embedding_light_mirror_mvp,0.38879007,1132,0.58010902,975,0.48126692,3670,老公,婚恋,manual_reject
1133,扒出,扒出,2,tencent_ai_lab_chinese_embedding_light_mirror_mvp,0.38872672,1133,0.58057976,966,0.50845873,2891,被追,表白与追求,manual_reject
1134,风华正茂,风华正茂,4,tencent_ai_lab_chinese_embedding_light_mirror_mvp,0.38864386,1134,0.58315086,923,0.43913186,4549,落后,社会比较与人生进度,unreviewed
1135,喜糖,喜糖,2,tencent_ai_lab_chinese_embedding_light_mirror_mvp,0.38857788,1135,0.58044801,968,0.50481671,2997,喜欢的人,表白与追求,manual_keep
1136,放弃,放弃,2,tencent_ai_lab_chinese_embedding_light_mirror_mvp,0.38854797,1136,0.58063815,964,0.51628011,2668,散步,表白与追求,manual_review
1137,她俩,她俩,2,tencent_ai_lab_chinese_embedding_light_mirror_mvp,0.38853211,1137,0.57771554,1017,0.57717395,1280,妻子,婚恋,manual_reject
1138,你们,你们,2,tencent_ai_lab_chinese_embedding_light_mirror_mvp,0.38835493,1138,0.58022935,971,0.5007416,3119,对象,社会比较与人生进度,manual_reject
1139,情歌,情歌,2,tencent_ai_lab_chinese_embedding_light_mirror_mvp,0.38820995,1139,0.52996882,2229,0.66948926,407,爱情,恋爱核心,unreviewed
1140,闹洞房,闹洞房,3,tencent_ai_lab_chinese_embedding_light_mirror_mvp,0.38780184,1140,0.59694781,750,0.38859341,4958,婚礼,亲密行为,manual_keep
1141,受委屈,受委屈,3,tencent_ai_lab_chinese_embedding_light_mirror_mvp,0.38777306,1141,0.58061477,965,0.52129,2523,被追,社会比较与人生进度,manual_review
1142,落幕,落幕,2,tencent_ai_lab_chinese_embedding_light_mirror_mvp,0.38697936,1142,0.53572673,2012,0.65495533,483,落后,社会比较与人生进度,unreviewed
1143,光棍,光棍,2,tencent_ai_lab_chinese_embedding_light_mirror_mvp,0.38670429,1143,0.58027663,970,0.52990621,2297,单身,单身与脱单,manual_keep
1144,轻吻,轻吻,2,tencent_ai_lab_chinese_embedding_light_mirror_mvp,0.3865259,1144,0.49937948,3693,0.76261103,113,接吻,亲密行为,unreviewed
1145,热血,热血,2,tencent_ai_lab_chinese_embedding_light_mirror_mvp,0.38642503,1145,0.58362556,919,0.43432719,4614,青春,表白与追求,unreviewed
1146,上床,上床,2,tencent_ai_lab_chinese_embedding_light_mirror_mvp,0.38620516,1146,0.58011396,974,0.46081769,4173,结婚,婚恋,manual_keep
1147,吃完饭,吃完饭,3,tencent_ai_lab_chinese_embedding_light_mirror_mvp,0.38619316,1147,0.54155874,1827,0.64311075,577,约饭,约会,unreviewed
1148,买房,买房,2,tencent_ai_lab_chinese_embedding_light_mirror_mvp,0.38616527,1148,0.57812932,1008,0.57014936,1386,结婚,婚恋,manual_review
1149,相携,相携,2,tencent_ai_lab_chinese_embedding_light_mirror_mvp,0.3861606,1149,0.55499523,1435,0.61870188,790,牵手,亲密行为,unreviewed
1150,不在家,不在家,3,tencent_ai_lab_chinese_embedding_light_mirror_mvp,0.38609326,1150,0.58018513,972,0.54243106,1957,没有对象,单身与脱单,manual_reject
1151,交情,交情,2,tencent_ai_lab_chinese_embedding_light_mirror_mvp,0.3859022,1151,0.54345156,1767,0.63922465,607,感情史,亲密行为,unreviewed
1152,借位,借位,2,tencent_ai_lab_chinese_embedding_light_mirror_mvp,0.38584527,1152,0.57937524,986,0.46995011,3980,对象,约会,manual_reject
1153,互相,互相,2,tencent_ai_lab_chinese_embedding_light_mirror_mvp,0.3858016,1153,0.57247297,1090,0.5942235,1031,对象,亲密行为,manual_review
1154,执手,执手,2,tencent_ai_lab_chinese_embedding_light_mirror_mvp,0.3857595,1154,0.57475179,1056,0.58970511,1101,牵手,亲密行为,unreviewed
1155,内心,内心,2,tencent_ai_lab_chinese_embedding_light_mirror_mvp,0.385605,1155,0.58003784,976,0.51312101,2758,追求,社会比较与人生进度,manual_reject
1156,走在,走在,2,tencent_ai_lab_chinese_embedding_light_mirror_mvp,0.38553828,1156,0.56344347,1262,0.60625696,907,散步,社会比较与人生进度,unreviewed
1157,婚否,婚否,2,tencent_ai_lab_chinese_embedding_light_mirror_mvp,0.38533405,1157,0.5068621,3269,0.73444086,166,结婚,婚恋,unreviewed
1158,幸福生活,幸福生活,4,tencent_ai_lab_chinese_embedding_light_mirror_mvp,0.38520688,1158,0.57791173,1011,0.57006723,1387,伴侣,社会比较与人生进度,manual_review
1159,结个,结个,2,tencent_ai_lab_chinese_embedding_light_mirror_mvp,0.38500523,1159,0.54565791,1693,0.63431102,647,结婚,婚恋,unreviewed
1160,风衣,风衣,2,tencent_ai_lab_chinese_embedding_light_mirror_mvp,0.38500173,1160,0.57931535,989,0.47665215,3796,校服,恋爱核心,manual_reject
1161,七夕节,七夕节,3,tencent_ai_lab_chinese_embedding_light_mirror_mvp,0.38480313,1161,0.57967396,982,0.50600368,2966,伴侣,对象关系,manual_keep
1162,私房钱,私房钱,3,tencent_ai_lab_chinese_embedding_light_mirror_mvp,0.38433323,1162,0.57992759,978,0.54606295,1855,老公,婚恋,manual_keep
1163,少男少女,少男少女,4,tencent_ai_lab_chinese_embedding_light_mirror_mvp,0.38417348,1163,0.57935541,988,0.5546217,1670,青春,校园恋爱,manual_review
1164,家庭教育,家庭教育,4,tencent_ai_lab_chinese_embedding_light_mirror_mvp,0.38384276,1164,0.57923281,993,0.47674674,3789,亲密关系,社会比较与人生进度,manual_reject
1165,校纪,校纪,2,tencent_ai_lab_chinese_embedding_light_mirror_mvp,0.38349422,1165,0.54139849,1833,0.64208239,584,校服,校园恋爱,unreviewed
1166,回忆,回忆,2,tencent_ai_lab_chinese_embedding_light_mirror_mvp,0.38287834,1166,0.57830842,1005,0.56306577,1504,初恋,社会比较与人生进度,manual_review
1167,阅历,阅历,2,tencent_ai_lab_chinese_embedding_light_mirror_mvp,0.38265394,1167,0.56617311,1207,0.60084802,953,恋爱经历,社会比较与人生进度,manual_review
1168,外在,外在,2,tencent_ai_lab_chinese_embedding_light_mirror_mvp,0.38239605,1168,0.57887598,999,0.49306786,3352,散步,社会比较与人生进度,manual_review
1169,不爱,不爱,2,tencent_ai_lab_chinese_embedding_light_mirror_mvp,0.38234132,1169,0.55074896,1549,0.62401712,739,爱情,单身与脱单,unreviewed
1170,腻歪,腻歪,2,tencent_ai_lab_chinese_embedding_light_mirror_mvp,0.38198591,1170,0.5826355,934,0.43413281,4617,散步,社会比较与人生进度,unreviewed
1171,眷恋,眷恋,2,tencent_ai_lab_chinese_embedding_light_mirror_mvp,0.38087504,1171,0.52964197,2245,0.66666126,428,初恋,恋爱核心,unreviewed
1172,西装,西装,2,tencent_ai_lab_chinese_embedding_light_mirror_mvp,0.38083133,1172,0.57905777,997,0.46252269,4138,校服,社会比较与人生进度,manual_reject
1173,心如,心如,2,tencent_ai_lab_chinese_embedding_light_mirror_mvp,0.38066621,1173,0.57833593,1004,0.47958463,3716,恋情,表白与追求,manual_reject
1174,事业,事业,2,tencent_ai_lab_chinese_embedding_light_mirror_mvp,0.38059013,1174,0.57907628,996,0.51051247,2833,伴侣,社会比较与人生进度,manual_reject
1175,当初,当初,2,tencent_ai_lab_chinese_embedding_light_mirror_mvp,0.38045537,1175,0.56812433,1160,0.59671873,992,初恋,社会比较与人生进度,manual_review
1176,常人,常人,2,tencent_ai_lab_chinese_embedding_light_mirror_mvp,0.38041657,1176,0.54874831,1605,0.62639868,711,同龄人,社会比较与人生进度,unreviewed
1177,一生,一生,2,tencent_ai_lab_chinese_embedding_light_mirror_mvp,0.37987847,1177,0.57368782,1073,0.58843935,1116,人生阶段,社会比较与人生进度,unreviewed
1178,欲望,欲望,2,tencent_ai_lab_chinese_embedding_light_mirror_mvp,0.37916157,1178,0.57528011,1048,0.57724756,1279,追求,表白与追求,manual_review
1179,英子,英子,2,tencent_ai_lab_chinese_embedding_light_mirror_mvp,0.37904767,1179,0.5792598,991,0.45334405,4328,妻子,社会比较与人生进度,manual_reject
1180,地久天长,地久天长,4,tencent_ai_lab_chinese_embedding_light_mirror_mvp,0.37874462,1180,0.5923154,799,0.39371735,4942,喜欢的人,社会比较与人生进度,manual_keep
1181,六岁,六岁,2,tencent_ai_lab_chinese_embedding_light_mirror_mvp,0.37874108,1181,0.57715845,1024,0.56502295,1472,同龄人,社会比较与人生进度,manual_reject
1182,宴请,宴请,2,tencent_ai_lab_chinese_embedding_light_mirror_mvp,0.37864184,1182,0.55428431,1457,0.61652493,814,婚礼,约会,unreviewed
1183,难忘,难忘,2,tencent_ai_lab_chinese_embedding_light_mirror_mvp,0.3783595,1183,0.56423023,1243,0.60145724,948,亲密,亲密行为,unreviewed
1184,回家,回家,2,tencent_ai_lab_chinese_embedding_light_mirror_mvp,0.37813798,1184,0.5788218,1000,0.53635913,2111,散步,约会,manual_reject
1185,也许,也许,2,tencent_ai_lab_chinese_embedding_light_mirror_mvp,0.37760641,1185,0.57866445,1002,0.53318787,2198,对象,社会比较与人生进度,manual_reject
1186,期望,期望,2,tencent_ai_lab_chinese_embedding_light_mirror_mvp,0.37670595,1186,0.57169627,1102,0.59132338,1075,追求,表白与追求,unreviewed
1187,直男癌,直男癌,3,tencent_ai_lab_chinese_embedding_light_mirror_mvp,0.37665344,1187,0.57648007,1036,0.56795859,1414,前男友,恋爱历史,manual_review
1188,短裙,短裙,2,tencent_ai_lab_chinese_embedding_light_mirror_mvp,0.37617557,1188,0.57749013,1020,0.47549555,3823,单身,单身与脱单,manual_reject
1189,美好回忆,美好回忆,4,tencent_ai_lab_chinese_embedding_light_mirror_mvp,0.37586071,1189,0.57801859,1010,0.53031659,2288,亲密,亲密行为,manual_review
1190,不信任,不信任,3,tencent_ai_lab_chinese_embedding_light_mirror_mvp,0.37566705,1190,0.57416556,1068,0.57975924,1246,前任,社会比较与人生进度,unreviewed
1191,岁数,岁数,2,tencent_ai_lab_chinese_embedding_light_mirror_mvp,0.37563105,1191,0.56844579,1154,0.59437048,1028,同龄人,社会比较与人生进度,manual_review
1192,倾心,倾心,2,tencent_ai_lab_chinese_embedding_light_mirror_mvp,0.37519225,1192,0.57775424,1016,0.5098353,2857,拥抱,表白与追求,manual_keep
1193,结过,结过,2,tencent_ai_lab_chinese_embedding_light_mirror_mvp,0.37496213,1193,0.53197917,2150,0.65728605,471,结婚,婚恋,unreviewed
1194,少女,少女,2,tencent_ai_lab_chinese_embedding_light_mirror_mvp,0.37436195,1194,0.57739229,1022,0.5017665,3090,青春,社会比较与人生进度,manual_review
1195,书包,书包,2,tencent_ai_lab_chinese_embedding_light_mirror_mvp,0.37425513,1195,0.57804842,1009,0.45536864,4280,拥抱,表白与追求,manual_review
1196,动情,动情,2,tencent_ai_lab_chinese_embedding_light_mirror_mvp,0.37425037,1196,0.53183086,2158,0.65733546,470,恋情,恋爱核心,unreviewed
1197,短裤,短裤,2,tencent_ai_lab_chinese_embedding_light_mirror_mvp,0.37422827,1197,0.57699168,1030,0.47117937,3952,单身,单身与脱单,manual_reject
1198,马苏,马苏,2,tencent_ai_lab_chinese_embedding_light_mirror_mvp,0.37359548,1198,0.58998696,829,0.39683944,4927,被追,社会比较与人生进度,manual_reject
1199,真心,真心,2,tencent_ai_lab_chinese_embedding_light_mirror_mvp,0.37355837,1199,0.575823,1041,0.56487608,1475,亲密,亲密行为,manual_keep
1200,张馨予,张馨予,3,tencent_ai_lab_chinese_embedding_light_mirror_mvp,0.3734666,1200,0.58444769,909,0.4169074,4798,妻子,亲密行为,unreviewed
1201,不结,不结,2,tencent_ai_lab_chinese_embedding_light_mirror_mvp,0.37343528,1201,0.55746838,1383,0.60889876,879,结婚,单身与脱单,unreviewed
1202,幼子,幼子,2,tencent_ai_lab_chinese_embedding_light_mirror_mvp,0.37328248,1202,0.57788804,1013,0.45479578,4296,拥抱,亲密行为,manual_reject
1203,很爱很爱你,很爱很爱你,5,tencent_ai_lab_chinese_embedding_light_mirror_mvp,0.37314706,1203,0.57199359,1097,0.58883411,1110,爱情,表白与追求,unreviewed
1204,介绍人,介绍人,3,tencent_ai_lab_chinese_embedding_light_mirror_mvp,0.37298425,1204,0.57249832,1088,0.58498949,1167,同龄人,社会比较与人生进度,unreviewed
1205,狂撒,狂撒,2,tencent_ai_lab_chinese_embedding_light_mirror_mvp,0.37194877,1205,0.57607679,1037,0.47230759,3927,被追,表白与追求,manual_reject
1206,没亲,没亲,2,tencent_ai_lab_chinese_embedding_light_mirror_mvp,0.37192914,1206,0.52349395,2463,0.67589366,378,没有对象,亲密行为,unreviewed
1207,你俩,你俩,2,tencent_ai_lab_chinese_embedding_light_mirror_mvp,0.37147662,1207,0.57704898,1027,0.51297808,2761,情侣,对象关系,manual_review
1208,她又,她又,2,tencent_ai_lab_chinese_embedding_light_mirror_mvp,0.37127468,1208,0.57706094,1026,0.53194594,2241,前女友,婚恋,manual_reject
1209,进班,进班,2,tencent_ai_lab_chinese_embedding_light_mirror_mvp,0.37105195,1209,0.57714767,1025,0.52163416,2510,同桌,社会比较与人生进度,manual_reject
1210,湖边,湖边,2,tencent_ai_lab_chinese_embedding_light_mirror_mvp,0.3710496,1210,0.58568871,888,0.40951997,4850,拥抱,亲密行为,unreviewed
1211,走过,走过,2,tencent_ai_lab_chinese_embedding_light_mirror_mvp,0.37103895,1211,0.55391724,1472,0.61353242,837,散步,社会比较与人生进度,unreviewed
1212,军服,军服,2,tencent_ai_lab_chinese_embedding_light_mirror_mvp,0.37091371,1212,0.5384322,1927,0.64166802,590,校服,校园恋爱,unreviewed
1213,二十岁,二十岁,3,tencent_ai_lab_chinese_embedding_light_mirror_mvp,0.37089662,1213,0.57449665,1062,0.5705049,1381,同龄人,社会比较与人生进度,unreviewed
1214,去找,去找,2,tencent_ai_lab_chinese_embedding_light_mirror_mvp,0.37076741,1214,0.57501497,1052,0.56672394,1433,求婚,表白与追求,unreviewed
1215,经济关系,经济关系,4,tencent_ai_lab_chinese_embedding_light_mirror_mvp,0.37071044,1215,0.54392136,1749,0.63056016,676,亲密关系,社会比较与人生进度,unreviewed
1216,倾慕,倾慕,2,tencent_ai_lab_chinese_embedding_light_mirror_mvp,0.37054214,1216,0.57313379,1082,0.57823879,1269,暗恋,表白与追求,unreviewed
1217,未孕,未孕,2,tencent_ai_lab_chinese_embedding_light_mirror_mvp,0.37043163,1217,0.5767931,1033,0.55074733,1749,没谈过恋爱,单身与脱单,manual_review
1218,婚姻自由,婚姻自由,4,tencent_ai_lab_chinese_embedding_light_mirror_mvp,0.37027451,1218,0.53587132,2005,0.64609128,550,结婚,婚恋,unreviewed
1219,普通人,普通人,3,tencent_ai_lab_chinese_embedding_light_mirror_mvp,0.37013501,1219,0.54929397,1588,0.62042928,767,同龄人,社会比较与人生进度,unreviewed
1220,进网吧,进网吧,3,tencent_ai_lab_chinese_embedding_light_mirror_mvp,0.36992957,1220,0.57751836,1019,0.45104352,4367,被追,社会比较与人生进度,manual_reject
1221,干爹,干爹,2,tencent_ai_lab_chinese_embedding_light_mirror_mvp,0.36947107,1221,0.58379993,918,0.41565865,4807,老公,婚恋,unreviewed
1222,大学校园,大学校园,4,tencent_ai_lab_chinese_embedding_light_mirror_mvp,0.36916632,1222,0.5122304,2979,0.70669436,250,大学恋爱,校园恋爱,unreviewed
1223,没车,没车,2,tencent_ai_lab_chinese_embedding_light_mirror_mvp,0.36885423,1223,0.54125311,1837,0.63516915,645,没有对象,单身与脱单,unreviewed
1224,待产,待产,2,tencent_ai_lab_chinese_embedding_light_mirror_mvp,0.36869542,1224,0.5754838,1046,0.4793126,3725,妻子,婚恋,manual_reject
1225,妇人,妇人,2,tencent_ai_lab_chinese_embedding_light_mirror_mvp,0.36833582,1225,0.53626617,1996,0.64444607,562,妻子,婚恋,unreviewed
1226,憧憬,憧憬,2,tencent_ai_lab_chinese_embedding_light_mirror_mvp,0.36831099,1226,0.5505873,1552,0.61770332,806,追求,表白与追求,unreviewed
1227,怀念,怀念,2,tencent_ai_lab_chinese_embedding_light_mirror_mvp,0.36821902,1227,0.56468217,1235,0.59601575,1001,拥抱,表白与追求,manual_review
1228,生日,生日,2,tencent_ai_lab_chinese_embedding_light_mirror_mvp,0.36728079,1228,0.57594454,1040,0.5484513,1799,婚礼,社会比较与人生进度,manual_review
1229,永远,永远,2,tencent_ai_lab_chinese_embedding_light_mirror_mvp,0.36727645,1229,0.5757127,1043,0.50929826,2873,亲密,表白与追求,manual_review
1230,坚贞,坚贞,2,tencent_ai_lab_chinese_embedding_light_mirror_mvp,0.3668967,1230,0.57699982,1029,0.44989401,4391,订婚,表白与追求,manual_keep
1231,蹉跎岁月,蹉跎岁月,4,tencent_ai_lab_chinese_embedding_light_mirror_mvp,0.36671533,1231,0.57536812,1047,0.55308777,1702,错过青春,社会比较与人生进度,manual_review
1232,和好,和好,2,tencent_ai_lab_chinese_embedding_light_mirror_mvp,0.36664136,1232,0.57579069,1042,0.51537091,2692,伴侣,表白与追求,manual_keep
1233,奔跑,奔跑,2,tencent_ai_lab_chinese_embedding_light_mirror_mvp,0.36640409,1233,0.56394012,1250,0.59617984,999,散步,约会,manual_reject
1234,留恋,留恋,2,tencent_ai_lab_chinese_embedding_light_mirror_mvp,0.36597233,1234,0.51302722,2934,0.70234674,273,恋情,恋爱核心,unreviewed
1235,其母,其母,2,tencent_ai_lab_chinese_embedding_light_mirror_mvp,0.365944,1235,0.57604215,1038,0.4540529,4316,妻子,婚恋,manual_reject
1236,人与人之间,人与人之间,5,tencent_ai_lab_chinese_embedding_light_mirror_mvp,0.36575353,1236,0.56113458,1299,0.59972072,971,人生阶段,社会比较与人生进度,manual_reject
1237,真诚,真诚,2,tencent_ai_lab_chinese_embedding_light_mirror_mvp,0.36556382,1237,0.54514537,1710,0.62570655,720,亲密,亲密行为,unreviewed
1238,学生妹,学生妹,3,tencent_ai_lab_chinese_embedding_light_mirror_mvp,0.36544882,1238,0.53684815,1985,0.64225292,583,学生情侣,校园恋爱,unreviewed
1239,信任,信任,2,tencent_ai_lab_chinese_embedding_light_mirror_mvp,0.3652832,1239,0.56263235,1277,0.59754902,987,前任,表白与追求,manual_review
1240,上班,上班,2,tencent_ai_lab_chinese_embedding_light_mirror_mvp,0.36527821,1240,0.5755573,1044,0.53561091,2133,老公,社会比较与人生进度,manual_reject
1241,男同志,男同志,3,tencent_ai_lab_chinese_embedding_light_mirror_mvp,0.36505456,1241,0.51984054,2600,0.68110245,358,男朋友,对象关系,unreviewed
1242,傧相,傧相,2,tencent_ai_lab_chinese_embedding_light_mirror_mvp,0.36503835,1242,0.58272063,932,0.41532493,4811,感情史,社会比较与人生进度,unreviewed
1243,上司,上司,2,tencent_ai_lab_chinese_embedding_light_mirror_mvp,0.36479085,1243,0.57469287,1059,0.48424,3586,老公,婚恋,unreviewed
1244,宠爱,宠爱,2,tencent_ai_lab_chinese_embedding_light_mirror_mvp,0.36400225,1244,0.53305491,2110,0.64906836,526,恋爱,恋爱核心,unreviewed
1245,逝去,逝去,2,tencent_ai_lab_chinese_embedding_light_mirror_mvp,0.36380931,1245,0.57497443,1053,0.51411194,2733,落后,社会比较与人生进度,unreviewed
1246,配对,配对,2,tencent_ai_lab_chinese_embedding_light_mirror_mvp,0.36366775,1246,0.54559691,1697,0.62405932,738,对象,亲密行为,unreviewed
1247,三任,三任,2,tencent_ai_lab_chinese_embedding_light_mirror_mvp,0.36352323,1247,0.57343855,1078,0.56585252,1455,前任,恋爱历史,unreviewed
1248,没娃,没娃,2,tencent_ai_lab_chinese_embedding_light_mirror_mvp,0.36345937,1248,0.55012759,1563,0.61596829,819,没有对象,单身与脱单,unreviewed
1249,徒步走,徒步走,3,tencent_ai_lab_chinese_embedding_light_mirror_mvp,0.36330705,1249,0.5175069,2708,0.68685126,334,散步,约会,unreviewed
1250,漂亮女人,漂亮女人,4,tencent_ai_lab_chinese_embedding_light_mirror_mvp,0.3632881,1250,0.57443593,1063,0.55574071,1647,女朋友,对象关系,unreviewed
1251,送亲,送亲,2,tencent_ai_lab_chinese_embedding_light_mirror_mvp,0.36318715,1251,0.55371124,1480,0.61017323,869,亲密,亲密行为,unreviewed
1252,护士服,护士服,3,tencent_ai_lab_chinese_embedding_light_mirror_mvp,0.36298663,1252,0.57398118,1071,0.5604676,1553,校服,对象关系,unreviewed
1253,相会,相会,2,tencent_ai_lab_chinese_embedding_light_mirror_mvp,0.36287498,1253,0.54675629,1670,0.62181586,757,约会,约会,unreviewed
1254,执著,执著,2,tencent_ai_lab_chinese_embedding_light_mirror_mvp,0.36279661,1254,0.57493711,1054,0.52510375,2422,追求,表白与追求,unreviewed
1255,老太,老太,2,tencent_ai_lab_chinese_embedding_light_mirror_mvp,0.3627237,1255,0.55109179,1543,0.61411113,833,老婆,婚恋,unreviewed
1256,密会,密会,2,tencent_ai_lab_chinese_embedding_light_mirror_mvp,0.3625681,1256,0.5388586,1913,0.6365934,631,亲密,亲密行为,unreviewed
1257,亲口,亲口,2,tencent_ai_lab_chinese_embedding_light_mirror_mvp,0.36255714,1257,0.51053799,3065,0.7080729,242,亲密,亲密行为,unreviewed
1258,长子,长子,2,tencent_ai_lab_chinese_embedding_light_mirror_mvp,0.36164682,1258,0.57401516,1070,0.49596843,3267,妻子,婚恋,unreviewed
1259,天各一方,天各一方,4,tencent_ai_lab_chinese_embedding_light_mirror_mvp,0.36163359,1259,0.57433953,1064,0.46324277,4122,对象,婚恋,unreviewed
1260,一辈子,一辈子,3,tencent_ai_lab_chinese_embedding_light_mirror_mvp,0.36063041,1260,0.57424558,1066,0.55088162,1745,人生阶段,社会比较与人生进度,unreviewed
1261,法定年龄,法定年龄,4,tencent_ai_lab_chinese_embedding_light_mirror_mvp,0.3601159,1261,0.56015301,1325,0.59843099,977,同龄人,社会比较与人生进度,manual_review
1262,纯美,纯美,2,tencent_ai_lab_chinese_embedding_light_mirror_mvp,0.36006634,1262,0.57360427,1076,0.47776723,3761,暗恋,亲密行为,unreviewed
1263,生活态度,生活态度,4,tencent_ai_lab_chinese_embedding_light_mirror_mvp,0.35976192,1263,0.56938105,1138,0.5864948,1138,人生阶段,社会比较与人生进度,unreviewed
1264,抛弃,抛弃,2,tencent_ai_lab_chinese_embedding_light_mirror_mvp,0.35900534,1264,0.57420129,1067,0.53403842,2175,散步,表白与追求,unreviewed
1265,关爱,关爱,2,tencent_ai_lab_chinese_embedding_light_mirror_mvp,0.35868156,1265,0.51819394,2679,0.68224043,351,恋爱关系,恋爱核心,unreviewed
1266,片面追求,片面追求,4,tencent_ai_lab_chinese_embedding_light_mirror_mvp,0.35864109,1266,0.49305309,4117,0.77216637,104,追求,表白与追求,unreviewed
1267,老家,老家,2,tencent_ai_lab_chinese_embedding_light_mirror_mvp,0.358493,1267,0.5715719,1105,0.57023239,1385,老婆,婚恋,unreviewed
1268,私下,私下,2,tencent_ai_lab_chinese_embedding_light_mirror_mvp,0.35835209,1268,0.56722411,1181,0.58870602,1112,老公,婚恋,unreviewed
1269,同路人,同路人,3,tencent_ai_lab_chinese_embedding_light_mirror_mvp,0.35808924,1269,0.51941277,2631,0.67881793,367,同龄人,社会比较与人生进度,unreviewed
1270,全校同学,全校同学,4,tencent_ai_lab_chinese_embedding_light_mirror_mvp,0.35772628,1270,0.53610634,2001,0.63948512,606,同桌,校园恋爱,unreviewed
1271,开心,开心,2,tencent_ai_lab_chinese_embedding_light_mirror_mvp,0.35758891,1271,0.57366036,1075,0.54174757,1982,亲密,表白与追求,unreviewed
1272,对她说,对她说,3,tencent_ai_lab_chinese_embedding_light_mirror_mvp,0.35754309,1272,0.57359576,1077,0.54954922,1779,对象,表白与追求,unreviewed
1273,寝室,寝室,2,tencent_ai_lab_chinese_embedding_light_mirror_mvp,0.3572579,1273,0.571684,1103,0.56799698,1413,同桌,校园恋爱,unreviewed
1274,洒脱,洒脱,2,tencent_ai_lab_chinese_embedding_light_mirror_mvp,0.35723707,1274,0.53549122,2018,0.64037007,600,脱单,表白与追求,unreviewed
1275,打闹,打闹,2,tencent_ai_lab_chinese_embedding_light_mirror_mvp,0.35676237,1275,0.57273133,1087,0.48432741,3583,被追,约会,unreviewed
1276,下班后,下班后,3,tencent_ai_lab_chinese_embedding_light_mirror_mvp,0.35630921,1276,0.57234696,1092,0.55914372,1580,落后,社会比较与人生进度,unreviewed
1277,失约,失约,2,tencent_ai_lab_chinese_embedding_light_mirror_mvp,0.3562974,1277,0.52258955,2486,0.66874218,411,约会,约会,unreviewed
1278,亲娘,亲娘,2,tencent_ai_lab_chinese_embedding_light_mirror_mvp,0.35573678,1278,0.54564821,1694,0.62002158,776,亲密,亲密行为,unreviewed
1279,学霸,学霸,2,tencent_ai_lab_chinese_embedding_light_mirror_mvp,0.35548413,1279,0.57333701,1080,0.52338332,2465,学生情侣,校园恋爱,unreviewed
1280,遇见,遇见,2,tencent_ai_lab_chinese_embedding_light_mirror_mvp,0.35527239,1280,0.57288072,1084,0.54970151,1775,恋爱经历,社会比较与人生进度,unreviewed
1281,知心,知心,2,tencent_ai_lab_chinese_embedding_light_mirror_mvp,0.35506672,1281,0.57229551,1094,0.47962922,3714,拥抱,表白与追求,unreviewed
1282,秘密情感,秘密情感,4,tencent_ai_lab_chinese_embedding_light_mirror_mvp,0.35450159,1282,0.50982894,3109,0.7059828,251,亲密,亲密行为,unreviewed
1283,人生在世,人生在世,4,tencent_ai_lab_chinese_embedding_light_mirror_mvp,0.3544169,1283,0.53259606,2121,0.64486945,558,人生阶段,社会比较与人生进度,unreviewed
1284,没生,没生,2,tencent_ai_lab_chinese_embedding_light_mirror_mvp,0.35392785,1284,0.56655132,1195,0.58769339,1128,没有对象,单身与脱单,unreviewed
1285,午宴,午宴,2,tencent_ai_lab_chinese_embedding_light_mirror_mvp,0.3535262,1285,0.56091189,1306,0.59436518,1029,约饭,约会,manual_reject
1286,刻骨,刻骨,2,tencent_ai_lab_chinese_embedding_light_mirror_mvp,0.35341804,1286,0.5786891,1001,0.42273262,4739,妻子,婚恋,manual_review
1287,高一,高一,2,tencent_ai_lab_chinese_embedding_light_mirror_mvp,0.35306177,1287,0.54252146,1798,0.62479228,732,高中恋爱,校园恋爱,unreviewed
1288,曾经,曾经,2,tencent_ai_lab_chinese_embedding_light_mirror_mvp,0.35264672,1288,0.53366957,2089,0.64208066,585,前任,恋爱历史,unreviewed
1289,一个人,一个人,3,tencent_ai_lab_chinese_embedding_light_mirror_mvp,0.35248034,1289,0.53893559,1910,0.63097417,667,喜欢的人,社会比较与人生进度,unreviewed
1290,裤子,裤子,2,tencent_ai_lab_chinese_embedding_light_mirror_mvp,0.3524138,1290,0.57156383,1106,0.4741931,3872,校服,婚恋,unreviewed
1291,情绪,情绪,2,tencent_ai_lab_chinese_embedding_light_mirror_mvp,0.35235536,1291,0.5534658,1486,0.60530668,917,感情史,社会比较与人生进度,unreviewed
1292,订好,订好,2,tencent_ai_lab_chinese_embedding_light_mirror_mvp,0.35166822,1292,0.51364555,2897,0.69172645,313,订婚,婚恋,unreviewed
1293,辣妹,辣妹,2,tencent_ai_lab_chinese_embedding_light_mirror_mvp,0.35132703,1293,0.57149475,1108,0.48572811,3549,女朋友,对象关系,unreviewed
1294,我亲,我亲,2,tencent_ai_lab_chinese_embedding_light_mirror_mvp,0.3511534,1294,0.5256016,2389,0.6592834,459,亲密,亲密行为,unreviewed
1295,大肚婆,大肚婆,3,tencent_ai_lab_chinese_embedding_light_mirror_mvp,0.35113979,1295,0.57022717,1125,0.56788814,1416,老婆,婚恋,unreviewed
1296,信仰,信仰,2,tencent_ai_lab_chinese_embedding_light_mirror_mvp,0.35112375,1296,0.57147636,1109,0.47666955,3794,追求,表白与追求,unreviewed
1297,伤感情,伤感情,3,tencent_ai_lab_chinese_embedding_light_mirror_mvp,0.35108727,1297,0.51792629,2687,0.67850637,370,感情史,恋爱历史,unreviewed
1298,想要,想要,2,tencent_ai_lab_chinese_embedding_light_mirror_mvp,0.35102822,1298,0.55432864,1455,0.60269231,935,追求,表白与追求,unreviewed
1299,老张,老张,2,tencent_ai_lab_chinese_embedding_light_mirror_mvp,0.350737,1299,0.57207444,1096,0.53371787,2185,老公,婚恋,unreviewed
1300,情意,情意,2,tencent_ai_lab_chinese_embedding_light_mirror_mvp,0.35065527,1300,0.56152744,1296,0.59249616,1058,恋情,恋爱核心,unreviewed
1301,大办,大办,2,tencent_ai_lab_chinese_embedding_light_mirror_mvp,0.35056101,1301,0.5723612,1091,0.45330328,4330,婚礼,约会,unreviewed
1302,打电话,打电话,3,tencent_ai_lab_chinese_embedding_light_mirror_mvp,0.35048298,1302,0.57193499,1098,0.51797831,2616,对象,约会,unreviewed
1303,持家,持家,2,tencent_ai_lab_chinese_embedding_light_mirror_mvp,0.35033242,1303,0.57149642,1107,0.55419564,1677,拥抱,婚恋,unreviewed
1304,性无能,性无能,3,tencent_ai_lab_chinese_embedding_light_mirror_mvp,0.34997971,1304,0.57186545,1100,0.51991928,2563,没有对象,单身与脱单,unreviewed
1305,追到,追到,2,tencent_ai_lab_chinese_embedding_light_mirror_mvp,0.34919471,1305,0.49398745,4048,0.76173544,118,被追,表白与追求,unreviewed
1306,大姑,大姑,2,tencent_ai_lab_chinese_embedding_light_mirror_mvp,0.34909805,1306,0.57523961,1049,0.43314964,4630,丈夫,婚恋,manual_reject
1307,升华,升华,2,tencent_ai_lab_chinese_embedding_light_mirror_mvp,0.34904209,1307,0.57077372,1116,0.49450731,3315,落后,社会比较与人生进度,unreviewed
1308,情感障碍,情感障碍,4,tencent_ai_lab_chinese_embedding_light_mirror_mvp,0.34863533,1308,0.53813956,1939,0.63073152,670,感情史,社会比较与人生进度,unreviewed
1309,与人,与人,2,tencent_ai_lab_chinese_embedding_light_mirror_mvp,0.34809198,1309,0.54831139,1619,0.61163771,856,喜欢的人,社会比较与人生进度,unreviewed
1310,世俗,世俗,2,tencent_ai_lab_chinese_embedding_light_mirror_mvp,0.34772271,1310,0.5705894,1118,0.49036208,3414,婚礼,社会比较与人生进度,unreviewed
1311,许愿,许愿,2,tencent_ai_lab_chinese_embedding_light_mirror_mvp,0.34771087,1311,0.57064931,1117,0.4879123,3475,伴侣,表白与追求,unreviewed
1312,贤慧,贤慧,2,tencent_ai_lab_chinese_embedding_light_mirror_mvp,0.3472534,1312,0.57188032,1099,0.44914004,4421,妻子,婚恋,unreviewed
1313,游泳,游泳,2,tencent_ai_lab_chinese_embedding_light_mirror_mvp,0.34688278,1313,0.57089468,1115,0.46169859,4155,散步,约会,unreviewed
1314,捉奸,捉奸,2,tencent_ai_lab_chinese_embedding_light_mirror_mvp,0.34688258,1314,0.57049351,1119,0.49903023,3170,被追,表白与追求,unreviewed
1315,舍弃,舍弃,2,tencent_ai_lab_chinese_embedding_light_mirror_mvp,0.34681306,1315,0.57120132,1111,0.52580696,2400,散步,社会比较与人生进度,unreviewed
1316,观礼,观礼,2,tencent_ai_lab_chinese_embedding_light_mirror_mvp,0.34594283,1316,0.55986557,1328,0.59248912,1059,婚礼,约会,unreviewed
1317,越轨行为,越轨行为,4,tencent_ai_lab_chinese_embedding_light_mirror_mvp,0.34573435,1317,0.57100568,1114,0.45757031,4239,脱单,社会比较与人生进度,unreviewed
1318,被他,被他,2,tencent_ai_lab_chinese_embedding_light_mirror_mvp,0.34551732,1318,0.50734305,3241,0.70875287,241,被追,表白与追求,unreviewed
1319,华哥,华哥,2,tencent_ai_lab_chinese_embedding_light_mirror_mvp,0.34429789,1319,0.58255571,936,0.39783442,4920,男朋友,社会比较与人生进度,manual_reject
1320,回去,回去,2,tencent_ai_lab_chinese_embedding_light_mirror_mvp,0.34429175,1320,0.56938791,1137,0.56101805,1537,散步,社会比较与人生进度,unreviewed
1321,犯贱,犯贱,2,tencent_ai_lab_chinese_embedding_light_mirror_mvp,0.34425869,1321,0.57006813,1128,0.50188774,3086,被追,社会比较与人生进度,unreviewed
1322,有孩,有孩,2,tencent_ai_lab_chinese_embedding_light_mirror_mvp,0.34370307,1322,0.57032623,1123,0.54706645,1831,没有对象,社会比较与人生进度,unreviewed
1323,懂事,懂事,2,tencent_ai_lab_chinese_embedding_light_mirror_mvp,0.34366659,1323,0.57017064,1126,0.51363486,2748,告白,社会比较与人生进度,unreviewed
1324,温存,温存,2,tencent_ai_lab_chinese_embedding_light_mirror_mvp,0.34349787,1324,0.5695145,1135,0.4757514,3816,拥抱,表白与追求,unreviewed
1325,悲伤,悲伤,2,tencent_ai_lab_chinese_embedding_light_mirror_mvp,0.34340638,1325,0.57034409,1122,0.53631449,2112,暗恋,社会比较与人生进度,unreviewed
1326,独自,独自,2,tencent_ai_lab_chinese_embedding_light_mirror_mvp,0.34303072,1326,0.54225354,1808,0.62029606,772,单身,单身与脱单,unreviewed
1327,烂漫,烂漫,2,tencent_ai_lab_chinese_embedding_light_mirror_mvp,0.34301763,1327,0.56954843,1134,0.48798919,3472,落后,社会比较与人生进度,unreviewed
1328,离婚案,离婚案,3,tencent_ai_lab_chinese_embedding_light_mirror_mvp,0.34301285,1328,0.55134301,1534,0.60378981,928,求婚,婚恋,unreviewed
1329,生母,生母,2,tencent_ai_lab_chinese_embedding_light_mirror_mvp,0.34297469,1329,0.56973026,1131,0.55213463,1723,母胎单身,婚恋,unreviewed
1330,自卑,自卑,2,tencent_ai_lab_chinese_embedding_light_mirror_mvp,0.34279543,1330,0.57016431,1127,0.518314,2609,落后,社会比较与人生进度,unreviewed
1331,功利,功利,2,tencent_ai_lab_chinese_embedding_light_mirror_mvp,0.34221864,1331,0.56969315,1133,0.50338805,3034,落后,社会比较与人生进度,unreviewed
1332,我前,我前,2,tencent_ai_lab_chinese_embedding_light_mirror_mvp,0.34196765,1332,0.5132055,2928,0.6876834,327,前男友,恋爱历史,unreviewed
1333,走动,走动,2,tencent_ai_lab_chinese_embedding_light_mirror_mvp,0.34184257,1333,0.53148357,2176,0.64156234,592,散步,约会,unreviewed
1334,心灵,心灵,2,tencent_ai_lab_chinese_embedding_light_mirror_mvp,0.34153486,1334,0.56935819,1140,0.49924386,3166,人生阶段,社会比较与人生进度,unreviewed
1335,性高潮,性高潮,3,tencent_ai_lab_chinese_embedding_light_mirror_mvp,0.34146022,1335,0.56937957,1139,0.50170642,3094,感情史,社会比较与人生进度,unreviewed
1336,初二,初二,2,tencent_ai_lab_chinese_embedding_light_mirror_mvp,0.34075116,1336,0.56385654,1251,0.58544171,1163,初恋,社会比较与人生进度,unreviewed
1337,对话,对话,2,tencent_ai_lab_chinese_embedding_light_mirror_mvp,0.34065577,1337,0.51634768,2758,0.67675138,375,对象,社会比较与人生进度,unreviewed
1338,人格障碍,人格障碍,4,tencent_ai_lab_chinese_embedding_light_mirror_mvp,0.34006466,1338,0.56950383,1136,0.52543771,2413,人生阶段,社会比较与人生进度,unreviewed
1339,男星,男星,2,tencent_ai_lab_chinese_embedding_light_mirror_mvp,0.3394808,1339,0.56742747,1178,0.57097936,1370,男朋友,对象关系,unreviewed
1340,友爱,友爱,2,tencent_ai_lab_chinese_embedding_light_mirror_mvp,0.33921727,1340,0.5239567,2445,0.65629512,478,恋爱,对象关系,unreviewed
1341,对不起,对不起,3,tencent_ai_lab_chinese_embedding_light_mirror_mvp,0.3391116,1341,0.54198401,1813,0.61877251,789,没有对象,社会比较与人生进度,unreviewed
1342,忘年,忘年,2,tencent_ai_lab_chinese_embedding_light_mirror_mvp,0.3389565,1342,0.56835625,1155,0.4729923,3904,错过青春,社会比较与人生进度,unreviewed
1343,庆生,庆生,2,tencent_ai_lab_chinese_embedding_light_mirror_mvp,0.33877213,1343,0.57030587,1124,0.44701761,4446,学生情侣,校园恋爱,unreviewed
1344,亮哥,亮哥,2,tencent_ai_lab_chinese_embedding_light_mirror_mvp,0.33872407,1344,0.58261337,935,0.39286372,4945,男朋友,表白与追求,manual_reject
1345,倾诉,倾诉,2,tencent_ai_lab_chinese_embedding_light_mirror_mvp,0.33869573,1345,0.56918119,1142,0.53059155,2277,告白,表白与追求,unreviewed
1346,私定,私定,2,tencent_ai_lab_chinese_embedding_light_mirror_mvp,0.33864349,1346,0.56929394,1141,0.53335965,2195,订婚,婚恋,unreviewed
1347,爱神,爱神,2,tencent_ai_lab_chinese_embedding_light_mirror_mvp,0.33858735,1347,0.5678823,1169,0.56518507,1467,爱情,恋爱核心,unreviewed
1348,心疼,心疼,2,tencent_ai_lab_chinese_embedding_light_mirror_mvp,0.33854096,1348,0.56914214,1143,0.51969492,2573,感情史,表白与追求,unreviewed
1349,留任,留任,2,tencent_ai_lab_chinese_embedding_light_mirror_mvp,0.33843742,1349,0.53605658,2002,0.62956744,686,前任,恋爱历史,unreviewed
1350,得子,得子,2,tencent_ai_lab_chinese_embedding_light_mirror_mvp,0.33835137,1350,0.56849079,1153,0.48943645,3438,妻子,婚恋,unreviewed
1351,年少无知,年少无知,4,tencent_ai_lab_chinese_embedding_light_mirror_mvp,0.33830889,1351,0.56700928,1185,0.57230282,1347,青春,社会比较与人生进度,unreviewed
1352,感动,感动,2,tencent_ai_lab_chinese_embedding_light_mirror_mvp,0.33811309,1352,0.55776633,1375,0.59177387,1067,感情史,表白与追求,unreviewed
1353,缠绵悱恻,缠绵悱恻,4,tencent_ai_lab_chinese_embedding_light_mirror_mvp,0.33780673,1353,0.56626477,1205,0.57808751,1270,亲密,亲密行为,unreviewed
1354,在乎,在乎,2,tencent_ai_lab_chinese_embedding_light_mirror_mvp,0.33774158,1354,0.56874065,1148,0.5102663,2840,追求,社会比较与人生进度,unreviewed
1355,某班,某班,2,tencent_ai_lab_chinese_embedding_light_mirror_mvp,0.33730787,1355,0.56876171,1147,0.52950281,2308,同桌,社会比较与人生进度,unreviewed
1356,善良,善良,2,tencent_ai_lab_chinese_embedding_light_mirror_mvp,0.33717039,1356,0.5688584,1146,0.52593386,2396,亲密,亲密行为,unreviewed
1357,家宴,家宴,2,tencent_ai_lab_chinese_embedding_light_mirror_mvp,0.33697041,1357,0.56041844,1319,0.58792746,1124,婚礼,婚恋,unreviewed
1358,喜不喜欢,喜不喜欢,4,tencent_ai_lab_chinese_embedding_light_mirror_mvp,0.33687615,1358,0.52860677,2284,0.6450243,556,喜欢的人,表白与追求,unreviewed
1359,卸任,卸任,2,tencent_ai_lab_chinese_embedding_light_mirror_mvp,0.33679245,1359,0.53782904,1950,0.6255483,723,前任,社会比较与人生进度,unreviewed
1360,家庭事务,家庭事务,4,tencent_ai_lab_chinese_embedding_light_mirror_mvp,0.336641,1360,0.56856091,1151,0.51160538,2798,伴侣,婚恋,unreviewed
1361,裸照,裸照,2,tencent_ai_lab_chinese_embedding_light_mirror_mvp,0.33659796,1361,0.5686904,1149,0.51771235,2622,单身,单身与脱单,unreviewed
1362,虚荣,虚荣,2,tencent_ai_lab_chinese_embedding_light_mirror_mvp,0.33655564,1362,0.56800164,1165,0.4745006,3862,落后,社会比较与人生进度,unreviewed
1363,晚餐,晚餐,2,tencent_ai_lab_chinese_embedding_light_mirror_mvp,0.3360228,1363,0.54709815,1663,0.6080597,889,约饭,约会,unreviewed
1364,男男女女,男男女女,4,tencent_ai_lab_chinese_embedding_light_mirror_mvp,0.3358329,1364,0.53593253,2004,0.62841278,697,男朋友,对象关系,unreviewed
1365,珍惜,珍惜,2,tencent_ai_lab_chinese_embedding_light_mirror_mvp,0.335798,1365,0.56804345,1163,0.5562762,1630,恋情,表白与追求,unreviewed
1366,细水长流,细水长流,4,tencent_ai_lab_chinese_embedding_light_mirror_mvp,0.33579447,1366,0.5781652,1007,0.40730125,4861,亲密,亲密行为,manual_keep
1367,痴心,痴心,2,tencent_ai_lab_chinese_embedding_light_mirror_mvp,0.33569596,1367,0.56668894,1193,0.57077736,1375,初恋,恋爱核心,unreviewed
1368,自我意识,自我意识,4,tencent_ai_lab_chinese_embedding_light_mirror_mvp,0.33558891,1368,0.56795141,1167,0.48109031,3674,人生阶段,社会比较与人生进度,unreviewed
1369,野餐,野餐,2,tencent_ai_lab_chinese_embedding_light_mirror_mvp,0.33555343,1369,0.56853824,1152,0.53557134,2134,约饭,约会,unreviewed
1370,老母,老母,2,tencent_ai_lab_chinese_embedding_light_mirror_mvp,0.33527035,1370,0.53938106,1895,0.62156165,758,老婆,婚恋,unreviewed
1371,浪漫的事,浪漫的事,4,tencent_ai_lab_chinese_embedding_light_mirror_mvp,0.33516917,1371,0.56832553,1156,0.51702964,2647,恋爱经历,表白与追求,unreviewed
1372,中学校园,中学校园,4,tencent_ai_lab_chinese_embedding_light_mirror_mvp,0.33504484,1372,0.52515196,2405,0.65130365,506,校园恋爱,校园恋爱,unreviewed
1373,操场上,操场上,3,tencent_ai_lab_chinese_embedding_light_mirror_mvp,0.33492865,1373,0.56862808,1150,0.45559257,4274,散步,社会比较与人生进度,unreviewed
1374,叛逆,叛逆,2,tencent_ai_lab_chinese_embedding_light_mirror_mvp,0.33469835,1374,0.56808189,1161,0.50828236,2898,错过青春,社会比较与人生进度,unreviewed
1375,走心,走心,2,tencent_ai_lab_chinese_embedding_light_mirror_mvp,0.33436023,1375,0.5470915,1664,0.6073209,898,散步,亲密行为,unreviewed
1376,庆典,庆典,2,tencent_ai_lab_chinese_embedding_light_mirror_mvp,0.33434149,1376,0.56832074,1157,0.53609008,2120,婚礼,约会,unreviewed
1377,偷腥,偷腥,2,tencent_ai_lab_chinese_embedding_light_mirror_mvp,0.33433693,1377,0.57143011,1110,0.43528414,4603,被追,表白与追求,unreviewed
1378,人生观,人生观,3,tencent_ai_lab_chinese_embedding_light_mirror_mvp,0.33425322,1378,0.5277303,2319,0.64569288,552,人生阶段,社会比较与人生进度,unreviewed
1379,傍晚,傍晚,2,tencent_ai_lab_chinese_embedding_light_mirror_mvp,0.3338886,1379,0.56822814,1158,0.45782188,4232,伴侣,表白与追求,unreviewed
1380,人世间,人世间,3,tencent_ai_lab_chinese_embedding_light_mirror_mvp,0.33374215,1380,0.566216,1206,0.57290459,1338,人生阶段,社会比较与人生进度,unreviewed
1381,来访者,来访者,3,tencent_ai_lab_chinese_embedding_light_mirror_mvp,0.33336101,1381,0.56801968,1164,0.54136217,1991,对象,约会,unreviewed
1382,性欲,性欲,2,tencent_ai_lab_chinese_embedding_light_mirror_mvp,0.33201966,1382,0.56745286,1177,0.55432296,1675,感情史,表白与追求,unreviewed
1383,微博秀,微博秀,3,tencent_ai_lab_chinese_embedding_light_mirror_mvp,0.33201066,1383,0.56970925,1132,0.44090402,4526,恋爱,社会比较与人生进度,unreviewed
1384,男宝,男宝,2,tencent_ai_lab_chinese_embedding_light_mirror_mvp,0.33189814,1384,0.52816594,2306,0.64368272,570,男朋友,对象关系,unreviewed
1385,精神世界,精神世界,4,tencent_ai_lab_chinese_embedding_light_mirror_mvp,0.33183919,1385,0.56804539,1162,0.45422024,4309,人生阶段,社会比较与人生进度,unreviewed
1386,后半生,后半生,3,tencent_ai_lab_chinese_embedding_light_mirror_mvp,0.33175035,1386,0.56773546,1170,0.53205448,2240,人生阶段,社会比较与人生进度,unreviewed
1387,看电视,看电视,3,tencent_ai_lab_chinese_embedding_light_mirror_mvp,0.33154024,1387,0.52714745,2342,0.64562631,554,看电影,约会,unreviewed
1388,全家,全家,2,tencent_ai_lab_chinese_embedding_light_mirror_mvp,0.3313655,1388,0.56760805,1172,0.51698482,2650,老公,婚恋,unreviewed
1389,甜蜜蜜,甜蜜蜜,3,tencent_ai_lab_chinese_embedding_light_mirror_mvp,0.33120328,1389,0.56711576,1183,0.55661023,1627,亲密,亲密行为,unreviewed
1390,自慰,自慰,2,tencent_ai_lab_chinese_embedding_light_mirror_mvp,0.33085862,1390,0.56697642,1186,0.49267346,3362,告白,表白与追求,unreviewed
1391,婚介,婚介,2,tencent_ai_lab_chinese_embedding_light_mirror_mvp,0.33081163,1391,0.49960091,3679,0.72692281,189,结婚,婚恋,unreviewed
1392,男青年,男青年,3,tencent_ai_lab_chinese_embedding_light_mirror_mvp,0.3306826,1392,0.50565025,3334,0.70546746,254,青春,社会比较与人生进度,unreviewed
1393,铁哥们,铁哥们,3,tencent_ai_lab_chinese_embedding_light_mirror_mvp,0.33064838,1393,0.57180964,1101,0.42821586,4683,拥抱,社会比较与人生进度,unreviewed
1394,执念,执念,2,tencent_ai_lab_chinese_embedding_light_mirror_mvp,0.33054888,1394,0.56751803,1176,0.54166359,1984,拥抱,表白与追求,unreviewed
1395,青年人,青年人,3,tencent_ai_lab_chinese_embedding_light_mirror_mvp,0.33049185,1395,0.50080606,3606,0.7222929,204,青春,社会比较与人生进度,unreviewed
1396,出差,出差,2,tencent_ai_lab_chinese_embedding_light_mirror_mvp,0.33025399,1396,0.56689568,1189,0.49193603,3383,散步,约会,unreviewed
1397,桃色新闻,桃色新闻,4,tencent_ai_lab_chinese_embedding_light_mirror_mvp,0.33003915,1397,0.58635925,878,0.37448168,4986,感情史,恋爱历史,manual_keep
1398,老实人,老实人,3,tencent_ai_lab_chinese_embedding_light_mirror_mvp,0.3294933,1398,0.56500756,1230,0.57550329,1301,老婆,社会比较与人生进度,unreviewed
1399,见过面,见过面,3,tencent_ai_lab_chinese_embedding_light_mirror_mvp,0.32937641,1399,0.56222486,1288,0.5824942,1202,别人都有对象,约会,unreviewed
1400,隆重,隆重,2,tencent_ai_lab_chinese_embedding_light_mirror_mvp,0.32936179,1400,0.56740533,1179,0.53254908,2221,亲密,亲密行为,unreviewed
1401,偷欢,偷欢,2,tencent_ai_lab_chinese_embedding_light_mirror_mvp,0.32913831,1401,0.56510189,1228,0.57416672,1321,暗恋,表白与追求,unreviewed
1402,基情,基情,2,tencent_ai_lab_chinese_embedding_light_mirror_mvp,0.32833429,1402,0.54880846,1604,0.60071373,957,感情史,恋爱核心,manual_keep
1403,小欧,小欧,2,tencent_ai_lab_chinese_embedding_light_mirror_mvp,0.32824488,1403,0.57551785,1045,0.40975884,4849,脱单,表白与追求,manual_reject
1404,跑跑步,跑跑步,3,tencent_ai_lab_chinese_embedding_light_mirror_mvp,0.32811375,1404,0.54869961,1607,0.60073477,955,散步,约会,manual_reject
1405,体贴入微,体贴入微,4,tencent_ai_lab_chinese_embedding_light_mirror_mvp,0.32784421,1405,0.56714121,1182,0.53758037,2073,亲密,亲密行为,unreviewed
1406,小西,小西,2,tencent_ai_lab_chinese_embedding_light_mirror_mvp,0.32744268,1406,0.57733138,1023,0.4033758,4885,丈夫,社会比较与人生进度,manual_reject
1407,家庭中,家庭中,3,tencent_ai_lab_chinese_embedding_light_mirror_mvp,0.32731903,1407,0.56629684,1203,0.55843997,1594,老公,社会比较与人生进度,unreviewed
1408,棉服,棉服,2,tencent_ai_lab_chinese_embedding_light_mirror_mvp,0.32702555,1408,0.56298681,1270,0.58048451,1234,校服,亲密行为,unreviewed
1409,对了,对了,2,tencent_ai_lab_chinese_embedding_light_mirror_mvp,0.32700169,1409,0.53935199,1896,0.61772341,805,对象,社会比较与人生进度,unreviewed
1410,发消息,发消息,3,tencent_ai_lab_chinese_embedding_light_mirror_mvp,0.3269776,1410,0.56697094,1187,0.53629392,2113,被追,表白与追求,unreviewed
1411,性交,性交,2,tencent_ai_lab_chinese_embedding_light_mirror_mvp,0.32672003,1411,0.56241908,1283,0.58114582,1226,伴侣,对象关系,unreviewed
1412,亲上,亲上,2,tencent_ai_lab_chinese_embedding_light_mirror_mvp,0.32667542,1412,0.51906703,2644,0.66154599,453,亲密,亲密行为,unreviewed
1413,三十岁,三十岁,3,tencent_ai_lab_chinese_embedding_light_mirror_mvp,0.32646397,1413,0.56560295,1220,0.56560194,1461,同龄人,社会比较与人生进度,unreviewed
1414,经济落后,经济落后,4,tencent_ai_lab_chinese_embedding_light_mirror_mvp,0.32635698,1414,0.49779094,3794,0.73102653,175,落后,社会比较与人生进度,unreviewed
1415,抱有,抱有,2,tencent_ai_lab_chinese_embedding_light_mirror_mvp,0.32633178,1415,0.49165072,4211,0.75700295,126,拥抱,亲密行为,unreviewed
1416,尖子生,尖子生,3,tencent_ai_lab_chinese_embedding_light_mirror_mvp,0.32554714,1416,0.5746061,1060,0.41076854,4845,学生情侣,社会比较与人生进度,unreviewed
1417,女强人,女强人,3,tencent_ai_lab_chinese_embedding_light_mirror_mvp,0.32524241,1417,0.56644572,1198,0.51280403,2766,女朋友,社会比较与人生进度,unreviewed
1418,父子俩,父子俩,3,tencent_ai_lab_chinese_embedding_light_mirror_mvp,0.32517983,1418,0.56636527,1200,0.55080575,1747,妻子,婚恋,unreviewed
1419,注重,注重,2,tencent_ai_lab_chinese_embedding_light_mirror_mvp,0.32498112,1419,0.56665078,1194,0.53767079,2070,亲密,社会比较与人生进度,unreviewed
1420,星座,星座,2,tencent_ai_lab_chinese_embedding_light_mirror_mvp,0.3248753,1420,0.56598115,1211,0.49512047,3294,对象,对象关系,unreviewed
1421,自私,自私,2,tencent_ai_lab_chinese_embedding_light_mirror_mvp,0.32477391,1421,0.56649699,1196,0.53359133,2187,亲密,社会比较与人生进度,unreviewed
1422,交心,交心,2,tencent_ai_lab_chinese_embedding_light_mirror_mvp,0.32396794,1422,0.56574144,1215,0.49480447,3305,感情史,亲密行为,unreviewed
1423,毛衣,毛衣,2,tencent_ai_lab_chinese_embedding_light_mirror_mvp,0.32380831,1423,0.56690022,1188,0.44985589,4393,校服,婚恋,unreviewed
1424,出车祸,出车祸,3,tencent_ai_lab_chinese_embedding_light_mirror_mvp,0.32378421,1424,0.56683048,1190,0.45119935,4365,被追,社会比较与人生进度,unreviewed
1425,说真的,说真的,3,tencent_ai_lab_chinese_embedding_light_mirror_mvp,0.32363496,1425,0.56630896,1202,0.52030122,2550,亲密,社会比较与人生进度,unreviewed
1426,无妻,无妻,2,tencent_ai_lab_chinese_embedding_light_mirror_mvp,0.32312928,1426,0.51479416,2842,0.67131275,399,妻子,婚恋,unreviewed
1427,一桌,一桌,2,tencent_ai_lab_chinese_embedding_light_mirror_mvp,0.32306243,1427,0.510101,3095,0.68653691,336,同桌,约会,unreviewed
1428,风花雪月,风花雪月,4,tencent_ai_lab_chinese_embedding_light_mirror_mvp,0.32305424,1428,0.57975324,980,0.38996175,4953,恋人,恋爱核心,manual_keep
1429,游逛,游逛,2,tencent_ai_lab_chinese_embedding_light_mirror_mvp,0.32267065,1429,0.56614245,1208,0.54567903,1871,散步,约会,unreviewed
1430,谈心,谈心,2,tencent_ai_lab_chinese_embedding_light_mirror_mvp,0.32264451,1430,0.56018953,1322,0.58178729,1213,没谈过恋爱,约会,unreviewed
1431,一味,一味,2,tencent_ai_lab_chinese_embedding_light_mirror_mvp,0.32256365,1431,0.56563703,1219,0.4678863,4022,约饭,亲密行为,unreviewed
1432,妇女,妇女,2,tencent_ai_lab_chinese_embedding_light_mirror_mvp,0.3224147,1432,0.52962515,2247,0.63536465,641,妻子,婚恋,unreviewed
1433,思念,思念,2,tencent_ai_lab_chinese_embedding_light_mirror_mvp,0.32187999,1433,0.56600325,1210,0.52629209,2390,初恋,表白与追求,unreviewed
1434,一夫一妻,一夫一妻,4,tencent_ai_lab_chinese_embedding_light_mirror_mvp,0.3217856,1434,0.50421575,3399,0.7043007,263,妻子,婚恋,unreviewed
1435,大吵大闹,大吵大闹,4,tencent_ai_lab_chinese_embedding_light_mirror_mvp,0.32132149,1435,0.56544397,1224,0.48747855,3491,同桌,社会比较与人生进度,unreviewed
1436,接任,接任,2,tencent_ai_lab_chinese_embedding_light_mirror_mvp,0.32111423,1436,0.52203811,2509,0.65029985,518,前任,亲密行为,unreviewed
1437,欢笑,欢笑,2,tencent_ai_lab_chinese_embedding_light_mirror_mvp,0.32095047,1437,0.56422598,1244,0.56744742,1423,喜欢的人,表白与追求,unreviewed
1438,自我表现,自我表现,4,tencent_ai_lab_chinese_embedding_light_mirror_mvp,0.32093116,1438,0.56581131,1213,0.52069956,2538,人生阶段,社会比较与人生进度,unreviewed
1439,情商,情商,2,tencent_ai_lab_chinese_embedding_light_mirror_mvp,0.32021818,1439,0.56411538,1245,0.56604153,1453,情侣,社会比较与人生进度,unreviewed
1440,说媒,说媒,2,tencent_ai_lab_chinese_embedding_light_mirror_mvp,0.31976391,1440,0.56568022,1217,0.45777458,4233,告白,表白与追求,unreviewed
1441,女主角,女主角,3,tencent_ai_lab_chinese_embedding_light_mirror_mvp,0.31952891,1441,0.56554644,1222,0.52784795,2356,女朋友,对象关系,unreviewed
1442,见面礼,见面礼,3,tencent_ai_lab_chinese_embedding_light_mirror_mvp,0.31949293,1442,0.50900799,3160,0.6879797,324,婚礼,约会,unreviewed
1443,现实,现实,2,tencent_ai_lab_chinese_embedding_light_mirror_mvp,0.31915977,1443,0.56447332,1239,0.56114507,1535,亲密,社会比较与人生进度,unreviewed
1444,自尊,自尊,2,tencent_ai_lab_chinese_embedding_light_mirror_mvp,0.318989,1444,0.56606704,1209,0.45064586,4373,亲密,社会比较与人生进度,unreviewed
1445,就说,就说,2,tencent_ai_lab_chinese_embedding_light_mirror_mvp,0.3188057,1445,0.56479447,1233,0.4970153,3232,对象,约会,unreviewed
1446,你会,你会,2,tencent_ai_lab_chinese_embedding_light_mirror_mvp,0.3188012,1446,0.53978775,1882,0.61235499,845,约会,约会,unreviewed
1447,芳华,芳华,2,tencent_ai_lab_chinese_embedding_light_mirror_mvp,0.31879307,1447,0.57411945,1069,0.40685523,4864,初恋,社会比较与人生进度,unreviewed
1448,快乐,快乐,2,tencent_ai_lab_chinese_embedding_light_mirror_mvp,0.31842231,1448,0.5652794,1226,0.54746616,1825,亲密,表白与追求,unreviewed
1449,动人,动人,2,tencent_ai_lab_chinese_embedding_light_mirror_mvp,0.31780967,1449,0.55538597,1425,0.58584559,1157,恋人,社会比较与人生进度,unreviewed
1450,外孙子,外孙子,3,tencent_ai_lab_chinese_embedding_light_mirror_mvp,0.3177499,1450,0.56757417,1175,0.43581852,4593,妻子,社会比较与人生进度,unreviewed
1451,午饭,午饭,2,tencent_ai_lab_chinese_embedding_light_mirror_mvp,0.31757813,1451,0.50968736,3117,0.68440765,342,约饭,约会,unreviewed
1452,伉俪,伉俪,2,tencent_ai_lab_chinese_embedding_light_mirror_mvp,0.31747648,1452,0.5312638,2187,0.62916368,691,妻子,婚恋,unreviewed
1453,情义,情义,2,tencent_ai_lab_chinese_embedding_light_mirror_mvp,0.31738332,1453,0.56255302,1279,0.5755499,1299,爱情,恋爱核心,unreviewed
1454,求职,求职,2,tencent_ai_lab_chinese_embedding_light_mirror_mvp,0.31733144,1454,0.51897036,2652,0.65636361,477,求婚,表白与追求,unreviewed
1455,老去,老去,2,tencent_ai_lab_chinese_embedding_light_mirror_mvp,0.31722333,1455,0.56362358,1258,0.56629276,1446,老婆,社会比较与人生进度,unreviewed
1456,进校,进校,2,tencent_ai_lab_chinese_embedding_light_mirror_mvp,0.31697,1456,0.53753992,1962,0.61612815,815,校服,校园恋爱,unreviewed
1457,离世,离世,2,tencent_ai_lab_chinese_embedding_light_mirror_mvp,0.31678632,1457,0.56425289,1241,0.49009588,3421,老公,社会比较与人生进度,unreviewed
1458,婚生子,婚生子,3,tencent_ai_lab_chinese_embedding_light_mirror_mvp,0.31599855,1458,0.51435306,2858,0.66806114,414,结婚,婚恋,unreviewed
1459,父爱,父爱,2,tencent_ai_lab_chinese_embedding_light_mirror_mvp,0.31595893,1459,0.56471281,1234,0.51767194,2624,老公,婚恋,unreviewed
1460,挥手告别,挥手告别,4,tencent_ai_lab_chinese_embedding_light_mirror_mvp,0.315005,1460,0.54917027,1590,0.59343284,1039,告白,表白与追求,manual_review
1461,缘分,缘分,2,tencent_ai_lab_chinese_embedding_light_mirror_mvp,0.31471587,1461,0.56423705,1242,0.54922086,1787,伴侣,社会比较与人生进度,unreviewed
1462,有性,有性,2,tencent_ai_lab_chinese_embedding_light_mirror_mvp,0.31445794,1462,0.56366484,1255,0.55861157,1588,别人都有对象,社会比较与人生进度,unreviewed
1463,倒插门,倒插门,3,tencent_ai_lab_chinese_embedding_light_mirror_mvp,0.31425244,1463,0.57335899,1079,0.40519559,4874,落后,亲密行为,unreviewed
1464,却说,却说,2,tencent_ai_lab_chinese_embedding_light_mirror_mvp,0.31415512,1464,0.56399724,1247,0.50208962,3073,被追,表白与追求,unreviewed
1465,没出息,没出息,3,tencent_ai_lab_chinese_embedding_light_mirror_mvp,0.31353462,1465,0.56282041,1273,0.56608552,1452,没有对象,社会比较与人生进度,unreviewed
1466,一气之下,一气之下,4,tencent_ai_lab_chinese_embedding_light_mirror_mvp,0.31336075,1466,0.56757421,1174,0.42970651,4669,落后,社会比较与人生进度,unreviewed
1467,交谈,交谈,2,tencent_ai_lab_chinese_embedding_light_mirror_mvp,0.31319069,1467,0.55334452,1489,0.58675569,1132,对象,约会,unreviewed
1468,善解人意,善解人意,4,tencent_ai_lab_chinese_embedding_light_mirror_mvp,0.31291631,1468,0.56403372,1246,0.52390063,2455,喜欢的人,表白与追求,unreviewed
1469,枕边人,枕边人,3,tencent_ai_lab_chinese_embedding_light_mirror_mvp,0.31275914,1469,0.56394155,1249,0.54210079,1973,恋人,社会比较与人生进度,unreviewed
1470,有房,有房,2,tencent_ai_lab_chinese_embedding_light_mirror_mvp,0.31245311,1470,0.56291652,1271,0.56314069,1501,结婚,婚恋,unreviewed
1471,情事,情事,2,tencent_ai_lab_chinese_embedding_light_mirror_mvp,0.31234685,1471,0.53495041,2036,0.61825424,795,恋情,恋爱核心,unreviewed
1472,霸凌,霸凌,2,tencent_ai_lab_chinese_embedding_light_mirror_mvp,0.31225304,1472,0.56727962,1180,0.43021011,4662,落后,社会比较与人生进度,unreviewed
1473,冷落,冷落,2,tencent_ai_lab_chinese_embedding_light_mirror_mvp,0.3118653,1473,0.51960878,2614,0.65112883,510,落后,社会比较与人生进度,unreviewed
1474,连生,连生,2,tencent_ai_lab_chinese_embedding_light_mirror_mvp,0.31158934,1474,0.56512734,1227,0.44442421,4483,被追,社会比较与人生进度,unreviewed
1475,四岁,四岁,2,tencent_ai_lab_chinese_embedding_light_mirror_mvp,0.31147245,1475,0.56330464,1264,0.55620807,1635,同龄人,社会比较与人生进度,unreviewed
1476,还发,还发,2,tencent_ai_lab_chinese_embedding_light_mirror_mvp,0.31137834,1476,0.56356316,1259,0.50218385,3069,被追,表白与追求,unreviewed
1477,相遇,相遇,2,tencent_ai_lab_chinese_embedding_light_mirror_mvp,0.31129791,1477,0.55179796,1523,0.58813292,1121,伴侣,社会比较与人生进度,unreviewed
1478,同台,同台,2,tencent_ai_lab_chinese_embedding_light_mirror_mvp,0.31115758,1478,0.52079066,2559,0.6476509,536,同桌,社会比较与人生进度,unreviewed
1479,浪漫主义,浪漫主义,4,tencent_ai_lab_chinese_embedding_light_mirror_mvp,0.31072422,1479,0.56570238,1216,0.43958607,4544,爱情,社会比较与人生进度,unreviewed
1480,上衣,上衣,2,tencent_ai_lab_chinese_embedding_light_mirror_mvp,0.31055314,1480,0.56306959,1269,0.49341357,3337,校服,婚恋,unreviewed
1481,偏爱,偏爱,2,tencent_ai_lab_chinese_embedding_light_mirror_mvp,0.31042889,1481,0.53809714,1941,0.61150604,858,喜欢的人,表白与追求,unreviewed
1482,出道,出道,2,tencent_ai_lab_chinese_embedding_light_mirror_mvp,0.31038952,1482,0.5634496,1261,0.46152401,4158,青春,社会比较与人生进度,unreviewed
1483,农妇,农妇,2,tencent_ai_lab_chinese_embedding_light_mirror_mvp,0.30989054,1483,0.56290574,1272,0.55686617,1624,妻子,婚恋,unreviewed
1484,见异思迁,见异思迁,4,tencent_ai_lab_chinese_embedding_light_mirror_mvp,0.30974001,1484,0.563957,1248,0.45127124,4364,恋情,社会比较与人生进度,unreviewed
1485,对于,对于,2,tencent_ai_lab_chinese_embedding_light_mirror_mvp,0.30967805,1485,0.53153125,2173,0.62434387,736,对象,社会比较与人生进度,unreviewed
1486,陪着,陪着,2,tencent_ai_lab_chinese_embedding_light_mirror_mvp,0.30918714,1486,0.53191545,2155,0.62307847,746,拥抱,表白与追求,unreviewed
1487,还生,还生,2,tencent_ai_lab_chinese_embedding_light_mirror_mvp,0.30905488,1487,0.56365862,1256,0.45375127,4319,人生阶段,婚恋,unreviewed
1488,再见面,再见面,3,tencent_ai_lab_chinese_embedding_light_mirror_mvp,0.30891849,1488,0.55590343,1412,0.5811193,1228,第一次约会,约会,unreviewed
1489,自我中心,自我中心,4,tencent_ai_lab_chinese_embedding_light_mirror_mvp,0.30869025,1489,0.56496894,1231,0.4416821,4518,单身,社会比较与人生进度,unreviewed
1490,亲生父母,亲生父母,4,tencent_ai_lab_chinese_embedding_light_mirror_mvp,0.30868007,1490,0.56242561,1282,0.55957019,1574,亲密关系,亲密行为,unreviewed
1491,觉得,觉得,2,tencent_ai_lab_chinese_embedding_light_mirror_mvp,0.30856886,1491,0.56312687,1266,0.54074371,2007,追求,社会比较与人生进度,unreviewed
1492,我爹,我爹,2,tencent_ai_lab_chinese_embedding_light_mirror_mvp,0.3085071,1492,0.56280041,1274,0.49932885,3161,老公,婚恋,unreviewed
1493,新鲜感,新鲜感,3,tencent_ai_lab_chinese_embedding_light_mirror_mvp,0.30844608,1493,0.56274426,1275,0.49994618,3148,感情史,社会比较与人生进度,unreviewed
1494,看她,看她,2,tencent_ai_lab_chinese_embedding_light_mirror_mvp,0.30837639,1494,0.56325696,1265,0.53447312,2166,看电影,表白与追求,unreviewed
1495,想着,想着,2,tencent_ai_lab_chinese_embedding_light_mirror_mvp,0.3079193,1495,0.54274457,1785,0.60095513,952,追求,表白与追求,manual_reject
1496,联姻,联姻,2,tencent_ai_lab_chinese_embedding_light_mirror_mvp,0.30768478,1496,0.5481235,1626,0.5919897,1064,伴侣,婚恋,unreviewed
1497,忧伤,忧伤,2,tencent_ai_lab_chinese_embedding_light_mirror_mvp,0.30740516,1497,0.56310574,1268,0.52241004,2487,拥抱,社会比较与人生进度,unreviewed
1498,悲观主义,悲观主义,4,tencent_ai_lab_chinese_embedding_light_mirror_mvp,0.30737831,1498,0.56567769,1218,0.4353562,4600,感情史,社会比较与人生进度,unreviewed
1499,夜跑,夜跑,2,tencent_ai_lab_chinese_embedding_light_mirror_mvp,0.30705917,1499,0.56241543,1284,0.47756946,3765,散步,约会,unreviewed
1500,告诉我,告诉我,3,tencent_ai_lab_chinese_embedding_light_mirror_mvp,0.30695715,1500,0.55001843,1564,0.58850145,1115,告白,表白与追求,unreviewed
1501,不删,不删,2,tencent_ai_lab_chinese_embedding_light_mirror_mvp,0.3063476,1501,0.56256912,1278,0.50395435,3013,没有对象,表白与追求,unreviewed
1502,伤感,伤感,2,tencent_ai_lab_chinese_embedding_light_mirror_mvp,0.30621864,1502,0.55443127,1453,0.58192557,1210,感情史,社会比较与人生进度,unreviewed
1503,浓情,浓情,2,tencent_ai_lab_chinese_embedding_light_mirror_mvp,0.30620389,1503,0.54270048,1790,0.6003722,961,爱情,亲密行为,manual_keep
1504,交际,交际,2,tencent_ai_lab_chinese_embedding_light_mirror_mvp,0.30600931,1504,0.56244195,1281,0.50654399,2950,亲密,社会比较与人生进度,unreviewed
1505,若即若离,若即若离,4,tencent_ai_lab_chinese_embedding_light_mirror_mvp,0.30597015,1505,0.56194768,1291,0.47095901,3958,落后,社会比较与人生进度,unreviewed
1506,认识,认识,2,tencent_ai_lab_chinese_embedding_light_mirror_mvp,0.30584287,1506,0.55466733,1444,0.58140039,1221,对象,社会比较与人生进度,unreviewed
1507,课间操,课间操,3,tencent_ai_lab_chinese_embedding_light_mirror_mvp,0.3055256,1507,0.56206419,1289,0.4961738,3258,校服,校园恋爱,unreviewed
1508,认识了,认识了,3,tencent_ai_lab_chinese_embedding_light_mirror_mvp,0.30472824,1508,0.55371282,1479,0.58250445,1201,对象,社会比较与人生进度,unreviewed
1509,爱要,爱要,2,tencent_ai_lab_chinese_embedding_light_mirror_mvp,0.3043018,1509,0.54225526,1807,0.6003257,962,爱情,表白与追求,manual_reject
1510,亲爱,亲爱,2,tencent_ai_lab_chinese_embedding_light_mirror_mvp,0.30417613,1510,0.49367326,4078,0.73372048,168,亲密,亲密行为,unreviewed
1511,抚养,抚养,2,tencent_ai_lab_chinese_embedding_light_mirror_mvp,0.30404119,1511,0.56235771,1285,0.54588932,1864,拥抱,亲密行为,unreviewed
1512,合影,合影,2,tencent_ai_lab_chinese_embedding_light_mirror_mvp,0.30398495,1512,0.56224113,1286,0.54145539,1989,看电影,约会,unreviewed
1513,宋喆,宋喆,2,tencent_ai_lab_chinese_embedding_light_mirror_mvp,0.30383944,1513,0.56480527,1232,0.4352895,4602,约饭,社会比较与人生进度,unreviewed
1514,羞涩,羞涩,2,tencent_ai_lab_chinese_embedding_light_mirror_mvp,0.30381397,1514,0.56087912,1308,0.56388533,1490,暗恋,社会比较与人生进度,unreviewed
1515,乖乖女,乖乖女,3,tencent_ai_lab_chinese_embedding_light_mirror_mvp,0.30327956,1515,0.56108184,1301,0.47242272,3921,女朋友,社会比较与人生进度,unreviewed
1516,删博,删博,2,tencent_ai_lab_chinese_embedding_light_mirror_mvp,0.30277991,1516,0.5626375,1276,0.45037699,4381,被追,表白与追求,unreviewed
1517,探班,探班,2,tencent_ai_lab_chinese_embedding_light_mirror_mvp,0.30251522,1517,0.56105955,1302,0.48599917,3543,被追,约会,unreviewed
1518,迷彩服,迷彩服,3,tencent_ai_lab_chinese_embedding_light_mirror_mvp,0.30245162,1518,0.56200939,1290,0.52591681,2398,校服,表白与追求,unreviewed
1519,飞吻,飞吻,2,tencent_ai_lab_chinese_embedding_light_mirror_mvp,0.30240872,1519,0.49390807,4062,0.73154628,173,接吻,亲密行为,unreviewed
1520,要房,要房,2,tencent_ai_lab_chinese_embedding_light_mirror_mvp,0.30221596,1520,0.56038897,1320,0.56660229,1439,求婚,婚恋,unreviewed
1521,工作服,工作服,3,tencent_ai_lab_chinese_embedding_light_mirror_mvp,0.30199652,1521,0.5400576,1870,0.60278928,933,校服,婚恋,unreviewed
1522,有些人,有些人,3,tencent_ai_lab_chinese_embedding_light_mirror_mvp,0.30181469,1522,0.50704544,3261,0.68323231,347,同龄人,社会比较与人生进度,unreviewed
1523,女家,女家,2,tencent_ai_lab_chinese_embedding_light_mirror_mvp,0.30172688,1523,0.56169708,1294,0.54346424,1931,妻子,婚恋,unreviewed
1524,乱搞,乱搞,2,tencent_ai_lab_chinese_embedding_light_mirror_mvp,0.30144866,1524,0.56094507,1305,0.49329257,3338,落后,社会比较与人生进度,unreviewed
1525,演唱会,演唱会,3,tencent_ai_lab_chinese_embedding_light_mirror_mvp,0.30049788,1525,0.54238198,1802,0.5979827,983,约会,约会,manual_review
1526,要生,要生,2,tencent_ai_lab_chinese_embedding_light_mirror_mvp,0.30043678,1526,0.56112933,1300,0.51422495,2730,求婚,婚恋,unreviewed
1527,进产房,进产房,3,tencent_ai_lab_chinese_embedding_light_mirror_mvp,0.30001348,1527,0.56072001,1312,0.48675975,3516,妻子,婚恋,unreviewed
1528,少女情怀总是诗,少女情怀总是诗,7,tencent_ai_lab_chinese_embedding_light_mirror_mvp,0.29985353,1528,0.56090168,1307,0.46472844,4086,青春,社会比较与人生进度,unreviewed
1529,举行仪式,举行仪式,4,tencent_ai_lab_chinese_embedding_light_mirror_mvp,0.29960081,1529,0.56101613,1303,0.54126334,1996,婚礼,约会,unreviewed
1530,家中,家中,2,tencent_ai_lab_chinese_embedding_light_mirror_mvp,0.29936869,1530,0.56056457,1316,0.4954927,3285,老公,社会比较与人生进度,unreviewed
1531,没本事,没本事,3,tencent_ai_lab_chinese_embedding_light_mirror_mvp,0.29863626,1531,0.5421134,1810,0.5974707,988,没有对象,单身与脱单,manual_reject
1532,媒妁之言,媒妁之言,4,tencent_ai_lab_chinese_embedding_light_mirror_mvp,0.29793569,1532,0.56818836,1159,0.40901685,4854,约饭,社会比较与人生进度,unreviewed
1533,玩闹,玩闹,2,tencent_ai_lab_chinese_embedding_light_mirror_mvp,0.29754511,1533,0.56051748,1317,0.46373838,4111,散步,约会,unreviewed
1534,过得,过得,2,tencent_ai_lab_chinese_embedding_light_mirror_mvp,0.29752153,1534,0.54987309,1572,0.58451527,1175,落后,社会比较与人生进度,unreviewed
1535,奋斗,奋斗,2,tencent_ai_lab_chinese_embedding_light_mirror_mvp,0.297329,1535,0.5599292,1326,0.55828118,1598,追求,社会比较与人生进度,unreviewed
1536,兵哥哥,兵哥哥,3,tencent_ai_lab_chinese_embedding_light_mirror_mvp,0.29714409,1536,0.56379735,1252,0.43261838,4635,前男友,社会比较与人生进度,unreviewed
1537,度假,度假,2,tencent_ai_lab_chinese_embedding_light_mirror_mvp,0.29702218,1537,0.56065795,1313,0.53175795,2245,约会,约会,unreviewed
1538,会谈,会谈,2,tencent_ai_lab_chinese_embedding_light_mirror_mvp,0.29695248,1538,0.5049351,3366,0.68667173,335,约会,约会,unreviewed
1539,一段,一段,2,tencent_ai_lab_chinese_embedding_light_mirror_mvp,0.29668743,1539,0.53775078,1954,0.6049298,921,人生阶段,社会比较与人生进度,unreviewed
1540,一辈,一辈,2,tencent_ai_lab_chinese_embedding_light_mirror_mvp,0.29659914,1540,0.56064075,1314,0.52444595,2438,人生阶段,社会比较与人生进度,unreviewed
1541,校霸,校霸,2,tencent_ai_lab_chinese_embedding_light_mirror_mvp,0.29645063,1541,0.54104658,1843,0.5982393,980,校服,校园恋爱,manual_reject
1542,年青,年青,2,tencent_ai_lab_chinese_embedding_light_mirror_mvp,0.29636003,1542,0.49094449,4258,0.73945975,153,青春,社会比较与人生进度,unreviewed
1543,媒妁,媒妁,2,tencent_ai_lab_chinese_embedding_light_mirror_mvp,0.29618895,1543,0.56545868,1223,0.42282107,4738,被追,表白与追求,unreviewed
1544,英语课,英语课,3,tencent_ai_lab_chinese_embedding_light_mirror_mvp,0.2959331,1544,0.56072904,1311,0.45486057,4292,早恋,校园恋爱,unreviewed
1545,羞耻感,羞耻感,3,tencent_ai_lab_chinese_embedding_light_mirror_mvp,0.29545812,1545,0.56016493,1324,0.50393414,3016,感情史,社会比较与人生进度,unreviewed
1546,小表弟,小表弟,3,tencent_ai_lab_chinese_embedding_light_mirror_mvp,0.29534809,1546,0.55934569,1334,0.47154054,3944,表白,表白与追求,unreviewed
1547,说前,说前,2,tencent_ai_lab_chinese_embedding_light_mirror_mvp,0.29533899,1547,0.52954155,2251,0.6208514,764,前男友,恋爱历史,unreviewed
1548,穿上,穿上,2,tencent_ai_lab_chinese_embedding_light_mirror_mvp,0.29497562,1548,0.56017835,1323,0.51212645,2781,校服,社会比较与人生进度,unreviewed
1549,表亲,表亲,2,tencent_ai_lab_chinese_embedding_light_mirror_mvp,0.29474839,1549,0.52484688,2414,0.62995362,680,表白,亲密行为,unreviewed
1550,离别,离别,2,tencent_ai_lab_chinese_embedding_light_mirror_mvp,0.29474553,1550,0.56036036,1321,0.53640163,2109,散步,社会比较与人生进度,unreviewed
1551,夜店,夜店,2,tencent_ai_lab_chinese_embedding_light_mirror_mvp,0.29467065,1551,0.56457788,1238,0.42516994,4718,订婚,约会,unreviewed
1552,要是,要是,2,tencent_ai_lab_chinese_embedding_light_mirror_mvp,0.29450981,1552,0.55828633,1361,0.5699898,1388,追求,表白与追求,unreviewed
1553,两对,两对,2,tencent_ai_lab_chinese_embedding_light_mirror_mvp,0.29398775,1553,0.53469661,2044,0.60879982,880,对象,对象关系,unreviewed
1554,无理取闹,无理取闹,4,tencent_ai_lab_chinese_embedding_light_mirror_mvp,0.29397252,1554,0.55917218,1338,0.47936645,3723,没有对象,社会比较与人生进度,unreviewed
1555,一岁,一岁,2,tencent_ai_lab_chinese_embedding_light_mirror_mvp,0.29386213,1555,0.54823966,1623,0.58544409,1162,同龄人,社会比较与人生进度,unreviewed
1556,高年级,高年级,3,tencent_ai_lab_chinese_embedding_light_mirror_mvp,0.29385669,1556,0.54772263,1640,0.5862475,1148,高中恋爱,社会比较与人生进度,unreviewed
1557,蹉跎,蹉跎,2,tencent_ai_lab_chinese_embedding_light_mirror_mvp,0.2937955,1557,0.55945461,1332,0.55314016,1698,错过青春,社会比较与人生进度,unreviewed
1558,经历,经历,2,tencent_ai_lab_chinese_embedding_light_mirror_mvp,0.29378366,1558,0.48572286,4662,0.76246011,115,恋爱经历,社会比较与人生进度,unreviewed
1559,恋童,恋童,2,tencent_ai_lab_chinese_embedding_light_mirror_mvp,0.29353161,1559,0.5133662,2918,0.65782845,468,恋爱,恋爱核心,unreviewed
1560,内在,内在,2,tencent_ai_lab_chinese_embedding_light_mirror_mvp,0.29290888,1560,0.55980679,1329,0.52560484,2405,落后,社会比较与人生进度,unreviewed
1561,百年好合,百年好合,4,tencent_ai_lab_chinese_embedding_light_mirror_mvp,0.29269341,1561,0.56150173,1297,0.44147176,4520,伴侣,婚恋,unreviewed
1562,说不出口,说不出口,4,tencent_ai_lab_chinese_embedding_light_mirror_mvp,0.29246847,1562,0.55961342,1331,0.53969526,2027,没有对象,社会比较与人生进度,unreviewed
1563,过分,过分,2,tencent_ai_lab_chinese_embedding_light_mirror_mvp,0.29232938,1563,0.55823584,1363,0.5672887,1425,落后,社会比较与人生进度,unreviewed
1564,娃生,娃生,2,tencent_ai_lab_chinese_embedding_light_mirror_mvp,0.29208299,1564,0.55902936,1341,0.46536344,4077,母胎单身,社会比较与人生进度,unreviewed
1565,河边,河边,2,tencent_ai_lab_chinese_embedding_light_mirror_mvp,0.29195838,1565,0.56575228,1214,0.41561204,4808,拥抱,亲密行为,unreviewed
1566,青春偶像,青春偶像,4,tencent_ai_lab_chinese_embedding_light_mirror_mvp,0.29193795,1566,0.48807641,4468,0.74954736,141,青春,社会比较与人生进度,unreviewed
1567,晚会,晚会,2,tencent_ai_lab_chinese_embedding_light_mirror_mvp,0.29191802,1567,0.53815829,1937,0.60128593,951,约会,约会,manual_reject
1568,老大,老大,2,tencent_ai_lab_chinese_embedding_light_mirror_mvp,0.29190275,1568,0.55124606,1535,0.57980537,1242,老婆,社会比较与人生进度,unreviewed
1569,他人,他人,2,tencent_ai_lab_chinese_embedding_light_mirror_mvp,0.29178032,1569,0.52507734,2407,0.62803042,702,别人都有对象,社会比较与人生进度,unreviewed
1570,所以,所以,2,tencent_ai_lab_chinese_embedding_light_mirror_mvp,0.29177118,1570,0.558768,1347,0.47669464,3792,追求,表白与追求,unreviewed
1571,共处,共处,2,tencent_ai_lab_chinese_embedding_light_mirror_mvp,0.29140905,1571,0.55482903,1440,0.57422316,1318,伴侣,亲密行为,unreviewed
1572,维系,维系,2,tencent_ai_lab_chinese_embedding_light_mirror_mvp,0.291225,1572,0.54560149,1696,0.58810496,1122,亲密关系,亲密行为,unreviewed
1573,入校,入校,2,tencent_ai_lab_chinese_embedding_light_mirror_mvp,0.2910547,1573,0.5198602,2598,0.63880014,613,校服,校园恋爱,unreviewed
1574,网友,网友,2,tencent_ai_lab_chinese_embedding_light_mirror_mvp,0.29078854,1574,0.55909239,1340,0.54402858,1920,女朋友,社会比较与人生进度,unreviewed
1575,问我,问我,2,tencent_ai_lab_chinese_embedding_light_mirror_mvp,0.29042334,1575,0.55911586,1339,0.53290457,2209,追求,表白与追求,unreviewed
1576,拍戏,拍戏,2,tencent_ai_lab_chinese_embedding_light_mirror_mvp,0.29030871,1576,0.55856135,1352,0.49119571,3393,看电影,约会,unreviewed
1577,朋友家,朋友家,3,tencent_ai_lab_chinese_embedding_light_mirror_mvp,0.2902133,1577,0.55896244,1342,0.54100984,2000,男朋友,对象关系,unreviewed
1578,陈妍希,陈妍希,3,tencent_ai_lab_chinese_embedding_light_mirror_mvp,0.29018621,1578,0.56589555,1212,0.41321856,4826,老婆,表白与追求,unreviewed
1579,泡吧,泡吧,2,tencent_ai_lab_chinese_embedding_light_mirror_mvp,0.28990462,1579,0.55885683,1344,0.45952648,4205,约会,约会,unreviewed
1580,狗血,狗血,2,tencent_ai_lab_chinese_embedding_light_mirror_mvp,0.28972988,1580,0.56505127,1229,0.41692337,4797,感情史,亲密行为,unreviewed
1581,筹办,筹办,2,tencent_ai_lab_chinese_embedding_light_mirror_mvp,0.28945441,1581,0.55834186,1358,0.48065016,3687,婚礼,婚恋,unreviewed
1582,强求,强求,2,tencent_ai_lab_chinese_embedding_light_mirror_mvp,0.28944726,1582,0.5085892,3178,0.67043,404,追求,表白与追求,unreviewed
1583,了吧,了吧,2,tencent_ai_lab_chinese_embedding_light_mirror_mvp,0.28943107,1583,0.55886682,1343,0.53437823,2169,落后,社会比较与人生进度,unreviewed
1584,仇人,仇人,2,tencent_ai_lab_chinese_embedding_light_mirror_mvp,0.28923466,1584,0.55842111,1356,0.4968791,3235,恋人,社会比较与人生进度,unreviewed
1585,佳妮,佳妮,2,tencent_ai_lab_chinese_embedding_light_mirror_mvp,0.28913044,1585,0.56768072,1171,0.40323797,4886,妻子,婚恋,unreviewed
1586,短袖,短袖,2,tencent_ai_lab_chinese_embedding_light_mirror_mvp,0.28893667,1586,0.55838389,1357,0.46646973,4055,散步,约会,unreviewed
1587,让他,让他,2,tencent_ai_lab_chinese_embedding_light_mirror_mvp,0.28877455,1587,0.55885123,1345,0.53689599,2095,被追,表白与追求,unreviewed
1588,重逢,重逢,2,tencent_ai_lab_chinese_embedding_light_mirror_mvp,0.28864044,1588,0.55871845,1348,0.51791251,2619,错过青春,社会比较与人生进度,unreviewed
1589,真命天子,真命天子,4,tencent_ai_lab_chinese_embedding_light_mirror_mvp,0.28839621,1589,0.56465044,1237,0.4174639,4793,妻子,社会比较与人生进度,unreviewed
1590,海枯石烂,海枯石烂,4,tencent_ai_lab_chinese_embedding_light_mirror_mvp,0.28830616,1590,0.56708815,1184,0.40532359,4873,落后,表白与追求,unreviewed
1591,一亲,一亲,2,tencent_ai_lab_chinese_embedding_light_mirror_mvp,0.28824503,1591,0.5148029,2841,0.65034449,516,亲密,亲密行为,unreviewed
1592,抱娃,抱娃,2,tencent_ai_lab_chinese_embedding_light_mirror_mvp,0.28803201,1592,0.51789805,2689,0.64206702,586,拥抱,亲密行为,unreviewed
1593,没想到,没想到,3,tencent_ai_lab_chinese_embedding_light_mirror_mvp,0.28786128,1593,0.55792866,1373,0.56190246,1522,没有对象,社会比较与人生进度,unreviewed
1594,公园,公园,2,tencent_ai_lab_chinese_embedding_light_mirror_mvp,0.28774955,1594,0.55823008,1364,0.48320442,3607,散步,社会比较与人生进度,unreviewed
1595,第三胎,第三胎,3,tencent_ai_lab_chinese_embedding_light_mirror_mvp,0.28770136,1595,0.55854473,1353,0.53225785,2234,母胎单身,婚恋,unreviewed
1596,正当年,正当年,3,tencent_ai_lab_chinese_embedding_light_mirror_mvp,0.2874994,1596,0.5583281,1359,0.50269914,3055,青春,社会比较与人生进度,unreviewed
1597,行房,行房,2,tencent_ai_lab_chinese_embedding_light_mirror_mvp,0.28744466,1597,0.55811884,1368,0.49270076,3361,订婚,婚恋,unreviewed
1598,二哥,二哥,2,tencent_ai_lab_chinese_embedding_light_mirror_mvp,0.28719997,1598,0.55934005,1335,0.44705695,4443,前男友,社会比较与人生进度,unreviewed
1599,相互了解,相互了解,4,tencent_ai_lab_chinese_embedding_light_mirror_mvp,0.28719845,1599,0.54072571,1853,0.59418714,1032,对象,社会比较与人生进度,manual_keep
1600,患难与共,患难与共,4,tencent_ai_lab_chinese_embedding_light_mirror_mvp,0.28717417,1600,0.55848517,1354,0.52027148,2552,伴侣,社会比较与人生进度,unreviewed
1601,考研,考研,2,tencent_ai_lab_chinese_embedding_light_mirror_mvp,0.28714856,1601,0.55817745,1366,0.49663886,3240,大学恋爱,表白与追求,unreviewed
1602,薄情,薄情,2,tencent_ai_lab_chinese_embedding_light_mirror_mvp,0.2871237,1602,0.54798031,1632,0.5826,1200,感情史,恋爱核心,unreviewed
1603,操场,操场,2,tencent_ai_lab_chinese_embedding_light_mirror_mvp,0.28697362,1603,0.5586418,1350,0.45602113,4266,散步,社会比较与人生进度,unreviewed
1604,实用主义,实用主义,4,tencent_ai_lab_chinese_embedding_light_mirror_mvp,0.2868645,1604,0.55992154,1327,0.44312984,4500,亲密,社会比较与人生进度,unreviewed
1605,消极情绪,消极情绪,4,tencent_ai_lab_chinese_embedding_light_mirror_mvp,0.28625021,1605,0.55822558,1365,0.50314522,3041,亲密关系,社会比较与人生进度,unreviewed
1606,那种,那种,2,tencent_ai_lab_chinese_embedding_light_mirror_mvp,0.28597527,1606,0.55815806,1367,0.50251764,3061,追求,社会比较与人生进度,unreviewed
1607,性快感,性快感,3,tencent_ai_lab_chinese_embedding_light_mirror_mvp,0.28594439,1607,0.55805222,1371,0.55444521,1674,感情史,恋爱历史,unreviewed
1608,羽绒服,羽绒服,3,tencent_ai_lab_chinese_embedding_light_mirror_mvp,0.28437769,1608,0.55810862,1369,0.5455327,1874,校服,校园恋爱,unreviewed
1609,住校,住校,2,tencent_ai_lab_chinese_embedding_light_mirror_mvp,0.28434759,1609,0.52967368,2242,0.61455345,829,校服,校园恋爱,unreviewed
1610,年岁,年岁,2,tencent_ai_lab_chinese_embedding_light_mirror_mvp,0.28402985,1610,0.5426174,1793,0.58969098,1102,同龄人,社会比较与人生进度,unreviewed
1611,大衣,大衣,2,tencent_ai_lab_chinese_embedding_light_mirror_mvp,0.28385601,1611,0.55744673,1384,0.48658472,3525,校服,婚恋,unreviewed
1612,相互尊重,相互尊重,4,tencent_ai_lab_chinese_embedding_light_mirror_mvp,0.28383646,1612,0.55484858,1438,0.57068312,1376,亲密关系,亲密行为,unreviewed
1613,有前,有前,2,tencent_ai_lab_chinese_embedding_light_mirror_mvp,0.28381353,1613,0.50349226,3442,0.68272078,350,前男友,恋爱历史,unreviewed
1614,小李,小李,2,tencent_ai_lab_chinese_embedding_light_mirror_mvp,0.28380032,1614,0.56169229,1295,0.42828938,4682,青春,社会比较与人生进度,unreviewed
1615,回心转意,回心转意,4,tencent_ai_lab_chinese_embedding_light_mirror_mvp,0.28360223,1615,0.55858554,1351,0.44681507,4450,喜欢的人,表白与追求,unreviewed
1616,俊哥,俊哥,2,tencent_ai_lab_chinese_embedding_light_mirror_mvp,0.28347363,1616,0.55743794,1385,0.48691189,3512,前男友,社会比较与人生进度,unreviewed
1617,上学,上学,2,tencent_ai_lab_chinese_embedding_light_mirror_mvp,0.2833295,1617,0.55793617,1372,0.52462369,2432,青春,社会比较与人生进度,unreviewed
1618,期许,期许,2,tencent_ai_lab_chinese_embedding_light_mirror_mvp,0.28314035,1618,0.55742884,1386,0.49112576,3395,约会,社会比较与人生进度,unreviewed
1619,荏苒,荏苒,2,tencent_ai_lab_chinese_embedding_light_mirror_mvp,0.28302271,1619,0.55715218,1391,0.47146967,3948,伴侣,社会比较与人生进度,unreviewed
1620,痴情女,痴情女,3,tencent_ai_lab_chinese_embedding_light_mirror_mvp,0.28296982,1620,0.54020119,1869,0.59296709,1049,爱情,恋爱核心,manual_keep
1621,重来,重来,2,tencent_ai_lab_chinese_embedding_light_mirror_mvp,0.28296451,1621,0.55756432,1380,0.50236923,3063,被追,社会比较与人生进度,unreviewed
1622,十七岁,十七岁,3,tencent_ai_lab_chinese_embedding_light_mirror_mvp,0.28281834,1622,0.55774364,1376,0.54542935,1878,同龄人,社会比较与人生进度,unreviewed
1623,失身,失身,2,tencent_ai_lab_chinese_embedding_light_mirror_mvp,0.28251827,1623,0.51922219,2638,0.63595158,636,单身,单身与脱单,unreviewed
1624,父子,父子,2,tencent_ai_lab_chinese_embedding_light_mirror_mvp,0.28245884,1624,0.55757728,1379,0.54458326,1908,妻子,婚恋,unreviewed
1625,宿舍,宿舍,2,tencent_ai_lab_chinese_embedding_light_mirror_mvp,0.28242234,1625,0.55735224,1389,0.5561353,1636,校服,校园恋爱,unreviewed
1626,超脱,超脱,2,tencent_ai_lab_chinese_embedding_light_mirror_mvp,0.28232314,1626,0.52465719,2426,0.62380236,741,脱单,单身与脱单,unreviewed
1627,上任,上任,2,tencent_ai_lab_chinese_embedding_light_mirror_mvp,0.28230575,1627,0.50241375,3509,0.68565273,338,前任,恋爱历史,unreviewed
1628,心理疾病,心理疾病,4,tencent_ai_lab_chinese_embedding_light_mirror_mvp,0.28226542,1628,0.55737833,1388,0.49986506,3149,感情史,社会比较与人生进度,unreviewed
1629,抱负,抱负,2,tencent_ai_lab_chinese_embedding_light_mirror_mvp,0.28220033,1629,0.50355583,3438,0.68149233,357,拥抱,亲密行为,unreviewed
1630,过世,过世,2,tencent_ai_lab_chinese_embedding_light_mirror_mvp,0.28204731,1630,0.55717478,1390,0.49836218,3197,人生阶段,社会比较与人生进度,unreviewed
1631,互相爱护,互相爱护,4,tencent_ai_lab_chinese_embedding_light_mirror_mvp,0.28193809,1631,0.5409438,1847,0.59134275,1074,伴侣,亲密行为,unreviewed
1632,开玩笑,开玩笑,3,tencent_ai_lab_chinese_embedding_light_mirror_mvp,0.28187563,1632,0.55693592,1396,0.47199017,3933,亲密,社会比较与人生进度,unreviewed
1633,结局,结局,2,tencent_ai_lab_chinese_embedding_light_mirror_mvp,0.28147909,1633,0.53320869,2105,0.60535002,916,结婚,社会比较与人生进度,unreviewed
1634,挣钱,挣钱,2,tencent_ai_lab_chinese_embedding_light_mirror_mvp,0.28120539,1634,0.55750378,1381,0.53391612,2179,追求,社会比较与人生进度,unreviewed
1635,男爱,男爱,2,tencent_ai_lab_chinese_embedding_light_mirror_mvp,0.28089705,1635,0.4856882,4663,0.75330091,129,男朋友,对象关系,unreviewed
1636,精神生活,精神生活,4,tencent_ai_lab_chinese_embedding_light_mirror_mvp,0.28072325,1636,0.54763921,1646,0.58028752,1238,人生阶段,社会比较与人生进度,unreviewed
1637,惦念,惦念,2,tencent_ai_lab_chinese_embedding_light_mirror_mvp,0.28021597,1637,0.55051627,1557,0.57526469,1305,拥抱,表白与追求,unreviewed
1638,鼓足勇气,鼓足勇气,4,tencent_ai_lab_chinese_embedding_light_mirror_mvp,0.2800791,1638,0.55747764,1382,0.45507449,4290,拥抱,社会比较与人生进度,unreviewed
1639,流言蜚语,流言蜚语,4,tencent_ai_lab_chinese_embedding_light_mirror_mvp,0.28005784,1639,0.55665834,1401,0.49169594,3387,落后,社会比较与人生进度,unreviewed
1640,泡妞,泡妞,2,tencent_ai_lab_chinese_embedding_light_mirror_mvp,0.27989708,1640,0.55715026,1392,0.51071846,2826,女朋友,对象关系,unreviewed
1641,牛仔裤,牛仔裤,3,tencent_ai_lab_chinese_embedding_light_mirror_mvp,0.27973405,1641,0.56645167,1197,0.39983699,4905,男朋友,亲密行为,manual_reject
1642,主妇,主妇,2,tencent_ai_lab_chinese_embedding_light_mirror_mvp,0.27934903,1642,0.5254714,2395,0.62032795,771,妻子,婚恋,unreviewed
1643,我家,我家,2,tencent_ai_lab_chinese_embedding_light_mirror_mvp,0.27931378,1643,0.55704119,1393,0.51471323,2712,老公,婚恋,unreviewed
1644,冷暴力,冷暴力,3,tencent_ai_lab_chinese_embedding_light_mirror_mvp,0.27899729,1644,0.56173464,1292,0.42182344,4745,暗恋,表白与追求,unreviewed
1645,社交活动,社交活动,4,tencent_ai_lab_chinese_embedding_light_mirror_mvp,0.27844098,1645,0.55546598,1423,0.56584859,1456,约会对象,约会,unreviewed
1646,许配,许配,2,tencent_ai_lab_chinese_embedding_light_mirror_mvp,0.27801057,1646,0.55765285,1378,0.4469074,4449,伴侣,社会比较与人生进度,unreviewed
1647,辍学,辍学,2,tencent_ai_lab_chinese_embedding_light_mirror_mvp,0.27779558,1647,0.55621586,1410,0.48692572,3511,错过青春,社会比较与人生进度,unreviewed
1648,单位领导,单位领导,4,tencent_ai_lab_chinese_embedding_light_mirror_mvp,0.27762438,1648,0.55667125,1399,0.51984566,2568,对象,社会比较与人生进度,unreviewed
1649,长辈,长辈,2,tencent_ai_lab_chinese_embedding_light_mirror_mvp,0.27748565,1649,0.55665853,1400,0.54552805,1875,同龄人,社会比较与人生进度,unreviewed
1650,夹克,夹克,2,tencent_ai_lab_chinese_embedding_light_mirror_mvp,0.2774754,1650,0.56310911,1267,0.41311324,4827,拥抱,约会,unreviewed
1651,男主角,男主角,3,tencent_ai_lab_chinese_embedding_light_mirror_mvp,0.27738453,1651,0.54510007,1714,0.58231372,1206,男朋友,社会比较与人生进度,unreviewed
1652,难以相处,难以相处,4,tencent_ai_lab_chinese_embedding_light_mirror_mvp,0.27735974,1652,0.54652848,1678,0.58034742,1237,亲密,社会比较与人生进度,unreviewed
1653,外公,外公,2,tencent_ai_lab_chinese_embedding_light_mirror_mvp,0.2772995,1653,0.53105304,2195,0.6079483,893,老公,婚恋,unreviewed
1654,想找,想找,2,tencent_ai_lab_chinese_embedding_light_mirror_mvp,0.2771088,1654,0.53855721,1923,0.59288222,1051,求婚,表白与追求,unreviewed
1655,粉丝,粉丝,2,tencent_ai_lab_chinese_embedding_light_mirror_mvp,0.27710137,1655,0.55640336,1406,0.50564325,2972,喜欢的人,表白与追求,unreviewed
1656,养子,养子,2,tencent_ai_lab_chinese_embedding_light_mirror_mvp,0.27707515,1656,0.55645455,1405,0.46177545,4152,妻子,婚恋,unreviewed
1657,怀旧,怀旧,2,tencent_ai_lab_chinese_embedding_light_mirror_mvp,0.2769487,1657,0.55663723,1402,0.54283869,1944,拥抱,恋爱历史,unreviewed
1658,曝出,曝出,2,tencent_ai_lab_chinese_embedding_light_mirror_mvp,0.27675695,1658,0.55638373,1407,0.50989109,2854,被追,社会比较与人生进度,unreviewed
1659,明媚,明媚,2,tencent_ai_lab_chinese_embedding_light_mirror_mvp,0.27662973,1659,0.55582844,1413,0.49759644,3218,表白,表白与追求,unreviewed
1660,散场,散场,2,tencent_ai_lab_chinese_embedding_light_mirror_mvp,0.27657812,1660,0.50441211,3393,0.67492199,381,散步,约会,unreviewed
1661,一家老小,一家老小,4,tencent_ai_lab_chinese_embedding_light_mirror_mvp,0.27648947,1661,0.55650045,1404,0.53253847,2223,老公,婚恋,unreviewed
1662,体育老师,体育老师,4,tencent_ai_lab_chinese_embedding_light_mirror_mvp,0.27646415,1662,0.55563161,1419,0.4726342,3915,学生情侣,校园恋爱,unreviewed
1663,奔四,奔四,2,tencent_ai_lab_chinese_embedding_light_mirror_mvp,0.27588902,1663,0.55575255,1416,0.487858,3478,被追,表白与追求,unreviewed
1664,滥交,滥交,2,tencent_ai_lab_chinese_embedding_light_mirror_mvp,0.27538201,1664,0.55582757,1414,0.50626701,2961,被追,社会比较与人生进度,unreviewed
1665,逐梦,逐梦,2,tencent_ai_lab_chinese_embedding_light_mirror_mvp,0.27533964,1665,0.55573395,1417,0.55371261,1691,追求,表白与追求,unreviewed
1666,矢志不渝,矢志不渝,4,tencent_ai_lab_chinese_embedding_light_mirror_mvp,0.27532284,1666,0.55553293,1422,0.48643664,3531,落后,社会比较与人生进度,unreviewed
1667,对手,对手,2,tencent_ai_lab_chinese_embedding_light_mirror_mvp,0.27495361,1667,0.50476015,3381,0.67318463,393,对象,亲密行为,unreviewed
1668,三岁,三岁,2,tencent_ai_lab_chinese_embedding_light_mirror_mvp,0.27484766,1668,0.55596647,1411,0.54570997,1870,同龄人,社会比较与人生进度,unreviewed
1669,多岁,多岁,2,tencent_ai_lab_chinese_embedding_light_mirror_mvp,0.27474011,1669,0.52537047,2398,0.61808437,798,同龄人,社会比较与人生进度,unreviewed
1670,小伙,小伙,2,tencent_ai_lab_chinese_embedding_light_mirror_mvp,0.27422543,1670,0.55535054,1427,0.55745399,1611,同龄人,社会比较与人生进度,unreviewed
1671,性格内向,性格内向,4,tencent_ai_lab_chinese_embedding_light_mirror_mvp,0.27421649,1671,0.55578012,1415,0.51463288,2715,喜欢的人,社会比较与人生进度,unreviewed
1672,装扮,装扮,2,tencent_ai_lab_chinese_embedding_light_mirror_mvp,0.27378045,1672,0.5555501,1421,0.50610417,2963,校服,表白与追求,unreviewed
1673,打工,打工,2,tencent_ai_lab_chinese_embedding_light_mirror_mvp,0.27369849,1673,0.55561973,1420,0.50832695,2896,结婚,社会比较与人生进度,unreviewed
1674,人缘,人缘,2,tencent_ai_lab_chinese_embedding_light_mirror_mvp,0.27353379,1674,0.5361876,1999,0.59494716,1018,同龄人,社会比较与人生进度,manual_review
1675,言情,言情,2,tencent_ai_lab_chinese_embedding_light_mirror_mvp,0.27345026,1675,0.50087873,3597,0.68500817,341,爱情,恋爱核心,unreviewed
1676,高调,高调,2,tencent_ai_lab_chinese_embedding_light_mirror_mvp,0.27322118,1676,0.55504667,1434,0.47421318,3871,落后,社会比较与人生进度,unreviewed
1677,红杏出墙,红杏出墙,4,tencent_ai_lab_chinese_embedding_light_mirror_mvp,0.27308354,1677,0.58118411,958,0.34689131,4997,告白,社会比较与人生进度,manual_keep
1678,咖啡厅,咖啡厅,3,tencent_ai_lab_chinese_embedding_light_mirror_mvp,0.27260048,1678,0.55699158,1394,0.44381154,4491,约会,约会,unreviewed
1679,说别,说别,2,tencent_ai_lab_chinese_embedding_light_mirror_mvp,0.27241413,1679,0.5554009,1424,0.51425409,2728,别人都有对象,社会比较与人生进度,unreviewed
1680,不喜欢,不喜欢,3,tencent_ai_lab_chinese_embedding_light_mirror_mvp,0.27237245,1680,0.54035935,1861,0.58739513,1129,喜欢的人,表白与追求,unreviewed
1681,村里人,村里人,3,tencent_ai_lab_chinese_embedding_light_mirror_mvp,0.2717036,1681,0.55479517,1442,0.55889648,1585,同龄人,社会比较与人生进度,unreviewed
1682,愚人节,愚人节,3,tencent_ai_lab_chinese_embedding_light_mirror_mvp,0.27169059,1682,0.56341367,1263,0.40631288,4867,恋人,社会比较与人生进度,unreviewed
1683,并肩,并肩,2,tencent_ai_lab_chinese_embedding_light_mirror_mvp,0.27161686,1683,0.54701552,1666,0.57663673,1283,拥抱,亲密行为,unreviewed
1684,那种心跳的感觉,那种心跳的感觉,7,tencent_ai_lab_chinese_embedding_light_mirror_mvp,0.27110587,1684,0.55505564,1433,0.50301588,3044,恋爱经历,社会比较与人生进度,unreviewed
1685,三四岁,三四岁,3,tencent_ai_lab_chinese_embedding_light_mirror_mvp,0.27078394,1685,0.54082907,1852,0.58609426,1150,同龄人,社会比较与人生进度,unreviewed
1686,认同,认同,2,tencent_ai_lab_chinese_embedding_light_mirror_mvp,0.2706751,1686,0.5552614,1429,0.53298301,2206,同龄人,社会比较与人生进度,unreviewed
1687,挽留,挽留,2,tencent_ai_lab_chinese_embedding_light_mirror_mvp,0.27039719,1687,0.55523465,1430,0.52159375,2512,牵手,表白与追求,unreviewed
1688,小孩,小孩,2,tencent_ai_lab_chinese_embedding_light_mirror_mvp,0.2700541,1688,0.55460455,1445,0.46763179,4031,同龄人,社会比较与人生进度,unreviewed
1689,其父,其父,2,tencent_ai_lab_chinese_embedding_light_mirror_mvp,0.2697879,1689,0.55446718,1451,0.4713662,3949,丈夫,婚恋,unreviewed
1690,男娃,男娃,2,tencent_ai_lab_chinese_embedding_light_mirror_mvp,0.26865833,1690,0.54710854,1661,0.57495677,1308,男朋友,社会比较与人生进度,unreviewed
1691,家庭成员,家庭成员,4,tencent_ai_lab_chinese_embedding_light_mirror_mvp,0.26856292,1691,0.55446677,1452,0.55557495,1651,同龄人,社会比较与人生进度,unreviewed
1692,婚闹,婚闹,2,tencent_ai_lab_chinese_embedding_light_mirror_mvp,0.26847708,1692,0.49801911,3775,0.69206166,312,婚礼,婚恋,unreviewed
1693,为情,为情,2,tencent_ai_lab_chinese_embedding_light_mirror_mvp,0.26839548,1693,0.52482431,2417,0.61556369,822,爱情,恋爱核心,unreviewed
1694,接纳,接纳,2,tencent_ai_lab_chinese_embedding_light_mirror_mvp,0.26836274,1694,0.55401038,1468,0.56402862,1486,接吻,亲密行为,unreviewed
1695,说好,说好,2,tencent_ai_lab_chinese_embedding_light_mirror_mvp,0.26812774,1695,0.55469449,1443,0.51724303,2640,落后,社会比较与人生进度,unreviewed
1696,发博,发博,2,tencent_ai_lab_chinese_embedding_light_mirror_mvp,0.26796218,1696,0.55430645,1456,0.47760129,3763,表白,表白与追求,unreviewed
1697,为情所伤,为情所伤,4,tencent_ai_lab_chinese_embedding_light_mirror_mvp,0.2678277,1697,0.54339756,1768,0.58043122,1236,感情史,表白与追求,unreviewed
1698,退学,退学,2,tencent_ai_lab_chinese_embedding_light_mirror_mvp,0.26763856,1698,0.55454375,1449,0.50989318,2853,脱单,社会比较与人生进度,unreviewed
1699,下课时间,下课时间,4,tencent_ai_lab_chinese_embedding_light_mirror_mvp,0.26759337,1699,0.55433396,1454,0.50126177,3108,同桌,校园恋爱,unreviewed
1700,老同事,老同事,3,tencent_ai_lab_chinese_embedding_light_mirror_mvp,0.26744469,1700,0.51148832,3018,0.64752454,537,同龄人,婚恋,unreviewed
1701,贪恋,贪恋,2,tencent_ai_lab_chinese_embedding_light_mirror_mvp,0.2670341,1701,0.48912987,4391,0.72706711,188,暗恋,恋爱核心,unreviewed
1702,共同兴趣,共同兴趣,4,tencent_ai_lab_chinese_embedding_light_mirror_mvp,0.26695991,1702,0.54545302,1704,0.57649595,1286,同龄人,社会比较与人生进度,unreviewed
1703,迎合,迎合,2,tencent_ai_lab_chinese_embedding_light_mirror_mvp,0.26682442,1703,0.5488811,1601,0.57104194,1366,拥抱,亲密行为,unreviewed
1704,用餐,用餐,2,tencent_ai_lab_chinese_embedding_light_mirror_mvp,0.26682313,1704,0.51438043,2857,0.6388061,612,约饭,约会,unreviewed
1705,受不了,受不了,3,tencent_ai_lab_chinese_embedding_light_mirror_mvp,0.26666185,1705,0.55455285,1448,0.52189219,2504,被追,社会比较与人生进度,unreviewed
1706,五桌,五桌,2,tencent_ai_lab_chinese_embedding_light_mirror_mvp,0.26664362,1706,0.51554455,2799,0.63559282,639,同桌,约会,unreviewed
1707,招待会,招待会,3,tencent_ai_lab_chinese_embedding_light_mirror_mvp,0.26661905,1707,0.52917922,2268,0.60582376,910,约会,约会,unreviewed
1708,让爱,让爱,2,tencent_ai_lab_chinese_embedding_light_mirror_mvp,0.26653362,1708,0.531935,2153,0.59961903,972,爱情,恋爱核心,manual_review
1709,世间,世间,2,tencent_ai_lab_chinese_embedding_light_mirror_mvp,0.26633955,1709,0.55406089,1466,0.48213407,3647,人生阶段,社会比较与人生进度,unreviewed
1710,这个世界,这个世界,4,tencent_ai_lab_chinese_embedding_light_mirror_mvp,0.26609632,1710,0.55397087,1470,0.47407031,3876,人生阶段,社会比较与人生进度,unreviewed
1711,虚度,虚度,2,tencent_ai_lab_chinese_embedding_light_mirror_mvp,0.2659816,1711,0.55408871,1465,0.48998249,3423,落后,社会比较与人生进度,unreviewed
1712,妥协,妥协,2,tencent_ai_lab_chinese_embedding_light_mirror_mvp,0.2658894,1712,0.55400476,1469,0.46952474,3990,脱单,约会,unreviewed
1713,勇敢,勇敢,2,tencent_ai_lab_chinese_embedding_light_mirror_mvp,0.26548164,1713,0.55395414,1471,0.48201573,3652,追求,表白与追求,unreviewed
1714,我想,我想,2,tencent_ai_lab_chinese_embedding_light_mirror_mvp,0.26508159,1714,0.55425541,1459,0.51956314,2579,追求,表白与追求,unreviewed
1715,本班,本班,2,tencent_ai_lab_chinese_embedding_light_mirror_mvp,0.26501637,1715,0.55404078,1467,0.50139624,3102,同桌,社会比较与人生进度,unreviewed
1716,分道扬镳,分道扬镳,4,tencent_ai_lab_chinese_embedding_light_mirror_mvp,0.26491755,1716,0.55419452,1461,0.54872674,1796,散步,社会比较与人生进度,unreviewed
1717,滞后,滞后,2,tencent_ai_lab_chinese_embedding_light_mirror_mvp,0.26490426,1717,0.51187425,2995,0.64480287,559,落后,社会比较与人生进度,unreviewed
1718,高磊鑫,高磊鑫,3,tencent_ai_lab_chinese_embedding_light_mirror_mvp,0.26469989,1718,0.5593102,1337,0.41653699,4801,高中恋爱,社会比较与人生进度,unreviewed
1719,娜姐,娜姐,2,tencent_ai_lab_chinese_embedding_light_mirror_mvp,0.26469404,1719,0.55460305,1446,0.44921401,4417,老婆,婚恋,unreviewed
1720,共度,共度,2,tencent_ai_lab_chinese_embedding_light_mirror_mvp,0.26467602,1720,0.55423114,1460,0.53234464,2229,拥抱,社会比较与人生进度,unreviewed
1721,喝醉,喝醉,2,tencent_ai_lab_chinese_embedding_light_mirror_mvp,0.26426753,1721,0.55376706,1476,0.482384,3638,接吻,表白与追求,unreviewed
1722,幼稚,幼稚,2,tencent_ai_lab_chinese_embedding_light_mirror_mvp,0.26423935,1722,0.55416117,1463,0.53148872,2255,青春,社会比较与人生进度,unreviewed
1723,内弟,内弟,2,tencent_ai_lab_chinese_embedding_light_mirror_mvp,0.26423336,1723,0.55506531,1432,0.44393241,4489,前男友,社会比较与人生进度,unreviewed
1724,生前,生前,2,tencent_ai_lab_chinese_embedding_light_mirror_mvp,0.26379157,1724,0.51187679,2994,0.64409733,565,前男友,恋爱历史,unreviewed
1725,当然,当然,2,tencent_ai_lab_chinese_embedding_light_mirror_mvp,0.26374025,1725,0.55409405,1464,0.51858455,2598,落后,社会比较与人生进度,unreviewed
1726,忘怀,忘怀,2,tencent_ai_lab_chinese_embedding_light_mirror_mvp,0.26334623,1726,0.55071485,1551,0.56669533,1434,感情史,社会比较与人生进度,unreviewed
1727,愿望,愿望,2,tencent_ai_lab_chinese_embedding_light_mirror_mvp,0.26305913,1727,0.54378808,1756,0.57732612,1278,追求,表白与追求,unreviewed
1728,追捧,追捧,2,tencent_ai_lab_chinese_embedding_light_mirror_mvp,0.26283668,1728,0.48992742,4328,0.72040379,208,追求,表白与追求,unreviewed
1729,那货,那货,2,tencent_ai_lab_chinese_embedding_light_mirror_mvp,0.2626954,1729,0.55390108,1473,0.46069801,4176,追求,社会比较与人生进度,unreviewed
1730,解约,解约,2,tencent_ai_lab_chinese_embedding_light_mirror_mvp,0.26250496,1730,0.50670285,3283,0.65900791,460,约会,约会,unreviewed
1731,性感受,性感受,3,tencent_ai_lab_chinese_embedding_light_mirror_mvp,0.26245041,1731,0.53457566,2051,0.5921489,1062,感情史,亲密行为,unreviewed
1732,清纯,清纯,2,tencent_ai_lab_chinese_embedding_light_mirror_mvp,0.26236873,1732,0.55335982,1488,0.4744305,3864,亲密,表白与追求,unreviewed
1733,仪式,仪式,2,tencent_ai_lab_chinese_embedding_light_mirror_mvp,0.26222287,1733,0.53826815,1933,0.58602011,1153,婚礼,约会,unreviewed
1734,辞职,辞职,2,tencent_ai_lab_chinese_embedding_light_mirror_mvp,0.26205706,1734,0.55356522,1482,0.50107765,3111,前任,社会比较与人生进度,unreviewed
1735,请客,请客,2,tencent_ai_lab_chinese_embedding_light_mirror_mvp,0.26177942,1735,0.55377648,1475,0.54330719,1934,约会,约会,unreviewed
1736,对立,对立,2,tencent_ai_lab_chinese_embedding_light_mirror_mvp,0.26175043,1736,0.53542446,2020,0.59029448,1090,对象,社会比较与人生进度,unreviewed
1737,矛盾,矛盾,2,tencent_ai_lab_chinese_embedding_light_mirror_mvp,0.26159032,1737,0.55372344,1477,0.51611453,2673,对象,表白与追求,unreviewed
1738,语文课,语文课,3,tencent_ai_lab_chinese_embedding_light_mirror_mvp,0.26157023,1738,0.55458106,1447,0.44444811,4482,高中恋爱,校园恋爱,unreviewed
1739,比我,比我,2,tencent_ai_lab_chinese_embedding_light_mirror_mvp,0.26109496,1739,0.55356433,1483,0.50702137,2933,对象,社会比较与人生进度,unreviewed
1740,重点高中,重点高中,4,tencent_ai_lab_chinese_embedding_light_mirror_mvp,0.26104469,1740,0.53256693,2123,0.59493577,1019,高中恋爱,校园恋爱,manual_reject
1741,阳光男孩,阳光男孩,4,tencent_ai_lab_chinese_embedding_light_mirror_mvp,0.26083496,1741,0.55371954,1478,0.53403312,2176,男朋友,社会比较与人生进度,unreviewed
1742,他对,他对,2,tencent_ai_lab_chinese_embedding_light_mirror_mvp,0.26070628,1742,0.53110836,2190,0.59807336,982,对象,表白与追求,manual_reject
1743,在意,在意,2,tencent_ai_lab_chinese_embedding_light_mirror_mvp,0.2605727,1743,0.5533848,1487,0.5025087,3062,对象,表白与追求,unreviewed
1744,下跪,下跪,2,tencent_ai_lab_chinese_embedding_light_mirror_mvp,0.26051659,1744,0.55307423,1494,0.47775021,3762,落后,社会比较与人生进度,unreviewed
1745,溺爱,溺爱,2,tencent_ai_lab_chinese_embedding_light_mirror_mvp,0.26048356,1745,0.51384106,2886,0.63656908,632,恋爱,恋爱核心,unreviewed
1746,自卑心理,自卑心理,4,tencent_ai_lab_chinese_embedding_light_mirror_mvp,0.2604225,1746,0.55311172,1493,0.4890565,3450,人生阶段,社会比较与人生进度,unreviewed
1747,管钱,管钱,2,tencent_ai_lab_chinese_embedding_light_mirror_mvp,0.2602322,1747,0.55289698,1497,0.47063124,3963,被追,社会比较与人生进度,unreviewed
1748,筵席,筵席,2,tencent_ai_lab_chinese_embedding_light_mirror_mvp,0.26003561,1748,0.52857808,2287,0.60293913,931,婚礼,约会,unreviewed
1749,告诉他,告诉他,3,tencent_ai_lab_chinese_embedding_light_mirror_mvp,0.25979416,1749,0.52853016,2291,0.60296178,930,告白,表白与追求,unreviewed
1750,相见,相见,2,tencent_ai_lab_chinese_embedding_light_mirror_mvp,0.25966329,1750,0.55303764,1495,0.55486822,1664,对象,表白与追求,unreviewed
1751,老师上课,老师上课,4,tencent_ai_lab_chinese_embedding_light_mirror_mvp,0.25959118,1751,0.55328773,1490,0.50778204,2911,同桌,校园恋爱,unreviewed
1752,羁绊,羁绊,2,tencent_ai_lab_chinese_embedding_light_mirror_mvp,0.25933708,1752,0.55317519,1492,0.50564313,2973,牵手,社会比较与人生进度,unreviewed
1753,以前,以前,2,tencent_ai_lab_chinese_embedding_light_mirror_mvp,0.2592059,1753,0.50319846,3460,0.66746426,422,前男友,恋爱历史,unreviewed
1754,谈崩,谈崩,2,tencent_ai_lab_chinese_embedding_light_mirror_mvp,0.25912412,1754,0.55285361,1499,0.49649575,3248,没谈过恋爱,单身与脱单,unreviewed
1755,二嫁,二嫁,2,tencent_ai_lab_chinese_embedding_light_mirror_mvp,0.25861845,1755,0.52407156,2443,0.61127532,859,订婚,婚恋,unreviewed
1756,绿帽子,绿帽子,3,tencent_ai_lab_chinese_embedding_light_mirror_mvp,0.25851911,1756,0.56087074,1309,0.40342578,4884,拥抱,亲密行为,unreviewed
1757,勇敢的人,勇敢的人,4,tencent_ai_lab_chinese_embedding_light_mirror_mvp,0.25838508,1757,0.53276762,2117,0.59324968,1043,喜欢的人,表白与追求,manual_reject
1758,矫情,矫情,2,tencent_ai_lab_chinese_embedding_light_mirror_mvp,0.25823132,1758,0.53997622,1875,0.5811435,1227,恋情,社会比较与人生进度,unreviewed
1759,见个面,见个面,3,tencent_ai_lab_chinese_embedding_light_mirror_mvp,0.25800993,1759,0.55252573,1507,0.55762529,1608,约饭,约会,unreviewed
1760,欢愉,欢愉,2,tencent_ai_lab_chinese_embedding_light_mirror_mvp,0.25800392,1760,0.53712113,1980,0.58607346,1151,喜欢的人,表白与追求,unreviewed
1761,特别的人,特别的人,4,tencent_ai_lab_chinese_embedding_light_mirror_mvp,0.25789517,1761,0.51121545,3026,0.6423313,582,喜欢的人,社会比较与人生进度,unreviewed
1762,悲痛欲绝,悲痛欲绝,4,tencent_ai_lab_chinese_embedding_light_mirror_mvp,0.25775501,1762,0.55260072,1506,0.4961921,3257,暗恋,表白与追求,unreviewed
1763,被宠,被宠,2,tencent_ai_lab_chinese_embedding_light_mirror_mvp,0.25745036,1763,0.51751535,2707,0.62511182,729,被追,表白与追求,unreviewed
1764,学龄,学龄,2,tencent_ai_lab_chinese_embedding_light_mirror_mvp,0.25717486,1764,0.50805482,3210,0.6513685,505,同龄人,社会比较与人生进度,unreviewed
1765,目标,目标,2,tencent_ai_lab_chinese_embedding_light_mirror_mvp,0.2565774,1765,0.54354119,1764,0.57429987,1317,追求,社会比较与人生进度,unreviewed
1766,爹娘,爹娘,2,tencent_ai_lab_chinese_embedding_light_mirror_mvp,0.25651452,1766,0.55276656,1501,0.5401569,2020,结婚,婚恋,unreviewed
1767,回首往事,回首往事,4,tencent_ai_lab_chinese_embedding_light_mirror_mvp,0.25650225,1767,0.55268219,1503,0.51391137,2738,错过青春,社会比较与人生进度,unreviewed
1768,虚情假意,虚情假意,4,tencent_ai_lab_chinese_embedding_light_mirror_mvp,0.25632173,1768,0.55223658,1515,0.49412027,3322,爱情,社会比较与人生进度,unreviewed
1769,买包,买包,2,tencent_ai_lab_chinese_embedding_light_mirror_mvp,0.25626571,1769,0.55242269,1509,0.50189281,3085,拥抱,表白与追求,unreviewed
1770,强调,强调,2,tencent_ai_lab_chinese_embedding_light_mirror_mvp,0.25623653,1770,0.55261358,1505,0.51372141,2746,亲密,表白与追求,unreviewed
1771,少年时期,少年时期,4,tencent_ai_lab_chinese_embedding_light_mirror_mvp,0.25623262,1771,0.5526317,1504,0.54887754,1792,青春,社会比较与人生进度,unreviewed
1772,闲聊,闲聊,2,tencent_ai_lab_chinese_embedding_light_mirror_mvp,0.25610674,1772,0.55226352,1514,0.55596477,1642,亲密,社会比较与人生进度,unreviewed
1773,干嘛,干嘛,2,tencent_ai_lab_chinese_embedding_light_mirror_mvp,0.25609344,1773,0.55229627,1512,0.49896368,3174,追求,表白与追求,unreviewed
1774,女人一生,女人一生,4,tencent_ai_lab_chinese_embedding_light_mirror_mvp,0.25545904,1774,0.53423551,2062,0.58914375,1106,人生阶段,社会比较与人生进度,unreviewed
1775,校门口,校门口,3,tencent_ai_lab_chinese_embedding_light_mirror_mvp,0.25508329,1775,0.5156112,2795,0.62835807,698,校服,校园恋爱,unreviewed
1776,告吹,告吹,2,tencent_ai_lab_chinese_embedding_light_mirror_mvp,0.25506648,1776,0.54548162,1702,0.570553,1380,告白,表白与追求,unreviewed
1777,校园内,校园内,3,tencent_ai_lab_chinese_embedding_light_mirror_mvp,0.25496432,1777,0.49677203,3857,0.68750453,332,校园恋爱,校园恋爱,unreviewed
1778,踱步,踱步,2,tencent_ai_lab_chinese_embedding_light_mirror_mvp,0.25475585,1778,0.49035107,4300,0.71271729,227,散步,约会,unreviewed
1779,同舍,同舍,2,tencent_ai_lab_chinese_embedding_light_mirror_mvp,0.25460631,1779,0.53326222,2104,0.59068239,1084,同桌,社会比较与人生进度,unreviewed
1780,学习成绩,学习成绩,4,tencent_ai_lab_chinese_embedding_light_mirror_mvp,0.25454906,1780,0.55170711,1525,0.47161266,3939,高中恋爱,社会比较与人生进度,unreviewed
1781,就订,就订,2,tencent_ai_lab_chinese_embedding_light_mirror_mvp,0.25435875,1781,0.49308867,4114,0.70181477,274,订婚,婚恋,unreviewed
1782,女博士,女博士,3,tencent_ai_lab_chinese_embedding_light_mirror_mvp,0.25434851,1782,0.5522866,1513,0.51503032,2705,女朋友,对象关系,unreviewed
1783,要求,要求,2,tencent_ai_lab_chinese_embedding_light_mirror_mvp,0.25408584,1783,0.51028465,3082,0.64294237,579,追求,表白与追求,unreviewed
1784,老了,老了,2,tencent_ai_lab_chinese_embedding_light_mirror_mvp,0.2538232,1784,0.53152853,2174,0.59348893,1038,老婆,社会比较与人生进度,manual_reject
1785,大比分,大比分,3,tencent_ai_lab_chinese_embedding_light_mirror_mvp,0.2535952,1785,0.55150137,1527,0.46860683,4011,大学恋爱,社会比较与人生进度,unreviewed
1786,主义,主义,2,tencent_ai_lab_chinese_embedding_light_mirror_mvp,0.25348566,1786,0.55142252,1531,0.4723691,3923,追求,社会比较与人生进度,unreviewed
1787,十八岁,十八岁,3,tencent_ai_lab_chinese_embedding_light_mirror_mvp,0.25347347,1787,0.55194001,1519,0.55063641,1753,同龄人,社会比较与人生进度,unreviewed
1788,共同语言,共同语言,4,tencent_ai_lab_chinese_embedding_light_mirror_mvp,0.25278849,1788,0.5514805,1529,0.5562315,1633,同桌,社会比较与人生进度,unreviewed
1789,心碎,心碎,2,tencent_ai_lab_chinese_embedding_light_mirror_mvp,0.25251669,1789,0.55190639,1520,0.53157777,2251,暗恋,表白与追求,unreviewed
1790,早逝,早逝,2,tencent_ai_lab_chinese_embedding_light_mirror_mvp,0.25251585,1790,0.55116987,1539,0.56018555,1563,早恋,社会比较与人生进度,unreviewed
1791,缠绵,缠绵,2,tencent_ai_lab_chinese_embedding_light_mirror_mvp,0.25236086,1791,0.54273057,1786,0.57326317,1330,牵手,亲密行为,unreviewed
1792,衷情,衷情,2,tencent_ai_lab_chinese_embedding_light_mirror_mvp,0.25229694,1792,0.53385507,2075,0.58814567,1120,恋情,恋爱核心,unreviewed
1793,不高兴,不高兴,3,tencent_ai_lab_chinese_embedding_light_mirror_mvp,0.25217725,1793,0.55188315,1522,0.54327595,1935,没有对象,社会比较与人生进度,unreviewed
1794,吃东西,吃东西,3,tencent_ai_lab_chinese_embedding_light_mirror_mvp,0.2518958,1794,0.55175726,1524,0.5309816,2271,约饭,约会,unreviewed
1795,领先于,领先于,3,tencent_ai_lab_chinese_embedding_light_mirror_mvp,0.25127764,1795,0.54969326,1579,0.56241745,1512,落后,社会比较与人生进度,unreviewed
1796,开业典礼,开业典礼,4,tencent_ai_lab_chinese_embedding_light_mirror_mvp,0.25093074,1796,0.53517359,2030,0.58524239,1165,婚礼,婚恋,unreviewed
1797,泡澡,泡澡,2,tencent_ai_lab_chinese_embedding_light_mirror_mvp,0.25061164,1797,0.55388967,1474,0.43494087,4609,接吻,约会,unreviewed
1798,冷漠,冷漠,2,tencent_ai_lab_chinese_embedding_light_mirror_mvp,0.25047513,1798,0.5509464,1544,0.49465746,3311,落后,单身与脱单,unreviewed
1799,信念,信念,2,tencent_ai_lab_chinese_embedding_light_mirror_mvp,0.2504685,1799,0.5505681,1553,0.56082571,1543,追求,表白与追求,unreviewed
1800,进餐,进餐,2,tencent_ai_lab_chinese_embedding_light_mirror_mvp,0.25022542,1800,0.51593066,2776,0.62449479,734,约饭,约会,unreviewed
1801,只爱,只爱,2,tencent_ai_lab_chinese_embedding_light_mirror_mvp,0.25011017,1801,0.52840521,2298,0.59768796,984,爱情,单身与脱单,manual_review
1802,中山装,中山装,3,tencent_ai_lab_chinese_embedding_light_mirror_mvp,0.25010244,1802,0.55766954,1377,0.40948284,4851,校服,社会比较与人生进度,unreviewed
1803,长大,长大,2,tencent_ai_lab_chinese_embedding_light_mirror_mvp,0.24996045,1803,0.55138876,1533,0.52940375,2311,青春,社会比较与人生进度,unreviewed
1804,团支书,团支书,3,tencent_ai_lab_chinese_embedding_light_mirror_mvp,0.24985274,1804,0.55778689,1374,0.40862954,4855,校服,约会,unreviewed
1805,出门,出门,2,tencent_ai_lab_chinese_embedding_light_mirror_mvp,0.24977994,1805,0.55142946,1530,0.53814936,2059,散步,约会,unreviewed
1806,面对现实,面对现实,4,tencent_ai_lab_chinese_embedding_light_mirror_mvp,0.24976432,1806,0.53070505,2207,0.59300411,1047,对象,社会比较与人生进度,manual_reject
1807,卷子,卷子,2,tencent_ai_lab_chinese_embedding_light_mirror_mvp,0.24957584,1807,0.55426553,1458,0.42923886,4674,妻子,社会比较与人生进度,unreviewed
1808,天生一对,天生一对,4,tencent_ai_lab_chinese_embedding_light_mirror_mvp,0.24947369,1808,0.55074949,1548,0.4943018,3317,学生情侣,社会比较与人生进度,unreviewed
1809,有钱,有钱,2,tencent_ai_lab_chinese_embedding_light_mirror_mvp,0.24932846,1809,0.55124364,1536,0.53136134,2258,没有对象,社会比较与人生进度,unreviewed
1810,失落,失落,2,tencent_ai_lab_chinese_embedding_light_mirror_mvp,0.24924894,1810,0.48454478,4764,0.73580664,163,落后,社会比较与人生进度,unreviewed
1811,放在心里,放在心里,4,tencent_ai_lab_chinese_embedding_light_mirror_mvp,0.2488705,1811,0.54683558,1669,0.56565142,1459,拥抱,表白与追求,unreviewed
1812,推崇,推崇,2,tencent_ai_lab_chinese_embedding_light_mirror_mvp,0.24875092,1812,0.53366098,2090,0.58675122,1134,追求,表白与追求,unreviewed
1813,有的人,有的人,3,tencent_ai_lab_chinese_embedding_light_mirror_mvp,0.24874941,1813,0.49048804,4290,0.70781338,245,别人都有对象,社会比较与人生进度,unreviewed
1814,我要,我要,2,tencent_ai_lab_chinese_embedding_light_mirror_mvp,0.24866543,1814,0.55115014,1540,0.54226089,1965,被追,表白与追求,unreviewed
1815,裸身,裸身,2,tencent_ai_lab_chinese_embedding_light_mirror_mvp,0.24846625,1815,0.51425712,2867,0.62809187,701,单身,单身与脱单,unreviewed
1816,知心人,知心人,3,tencent_ai_lab_chinese_embedding_light_mirror_mvp,0.24844835,1816,0.53524635,2026,0.58382702,1188,喜欢的人,社会比较与人生进度,unreviewed
1817,性意识,性意识,3,tencent_ai_lab_chinese_embedding_light_mirror_mvp,0.24829415,1817,0.55112557,1541,0.52870679,2327,感情史,社会比较与人生进度,unreviewed
1818,同父异母,同父异母,4,tencent_ai_lab_chinese_embedding_light_mirror_mvp,0.24787734,1818,0.51505849,2820,0.6253624,726,母胎单身,单身与脱单,unreviewed
1819,搂住,搂住,2,tencent_ai_lab_chinese_embedding_light_mirror_mvp,0.24785777,1819,0.49715881,3830,0.68090892,359,拥抱,亲密行为,unreviewed
1820,个人主义,个人主义,4,tencent_ai_lab_chinese_embedding_light_mirror_mvp,0.24751591,1820,0.55081222,1545,0.53018934,2291,人生阶段,社会比较与人生进度,unreviewed
1821,血缘,血缘,2,tencent_ai_lab_chinese_embedding_light_mirror_mvp,0.24738397,1821,0.5505273,1556,0.48777252,3480,感情史,社会比较与人生进度,unreviewed
1822,放学,放学,2,tencent_ai_lab_chinese_embedding_light_mirror_mvp,0.24715264,1822,0.55079939,1547,0.51983416,2570,同桌,校园恋爱,unreviewed
1823,现阶段,现阶段,3,tencent_ai_lab_chinese_embedding_light_mirror_mvp,0.24712428,1823,0.4920781,4181,0.70057106,280,人生阶段,社会比较与人生进度,unreviewed
1824,大肚子,大肚子,3,tencent_ai_lab_chinese_embedding_light_mirror_mvp,0.24704363,1824,0.5548172,1441,0.42170155,4747,母胎单身,亲密行为,unreviewed
1825,想念,想念,2,tencent_ai_lab_chinese_embedding_light_mirror_mvp,0.24691586,1825,0.54252795,1797,0.5710026,1367,拥抱,表白与追求,unreviewed
1826,欢乐,欢乐,2,tencent_ai_lab_chinese_embedding_light_mirror_mvp,0.24685961,1826,0.53851147,1926,0.57769978,1274,喜欢的人,表白与追求,unreviewed
1827,做媒,做媒,2,tencent_ai_lab_chinese_embedding_light_mirror_mvp,0.24677754,1827,0.55216293,1518,0.44300652,4502,告白,表白与追求,unreviewed
1828,去逝,去逝,2,tencent_ai_lab_chinese_embedding_light_mirror_mvp,0.24676256,1828,0.55041577,1560,0.49716544,3229,散步,表白与追求,unreviewed
1829,爱在,爱在,2,tencent_ai_lab_chinese_embedding_light_mirror_mvp,0.24632431,1829,0.50945271,3139,0.64095831,595,爱情,恋爱核心,unreviewed
1830,只在乎,只在乎,3,tencent_ai_lab_chinese_embedding_light_mirror_mvp,0.24619938,1830,0.5507426,1550,0.5203675,2546,没有对象,单身与脱单,unreviewed
1831,找他,找他,2,tencent_ai_lab_chinese_embedding_light_mirror_mvp,0.24615455,1831,0.54089483,1849,0.5731954,1332,被追,表白与追求,unreviewed
1832,纠葛,纠葛,2,tencent_ai_lab_chinese_embedding_light_mirror_mvp,0.24611112,1832,0.5499788,1565,0.49451351,3314,被追,表白与追求,unreviewed
1833,女艺人,女艺人,3,tencent_ai_lab_chinese_embedding_light_mirror_mvp,0.2455296,1833,0.54871843,1606,0.5609867,1538,女朋友,对象关系,unreviewed
1834,骗财骗色,骗财骗色,4,tencent_ai_lab_chinese_embedding_light_mirror_mvp,0.24546458,1834,0.55049105,1559,0.46123683,4165,被追,表白与追求,unreviewed
1835,做操,做操,2,tencent_ai_lab_chinese_embedding_light_mirror_mvp,0.24543866,1835,0.55024427,1562,0.46404648,4105,散步,社会比较与人生进度,unreviewed
1836,美丽,美丽,2,tencent_ai_lab_chinese_embedding_light_mirror_mvp,0.24539678,1836,0.54991727,1570,0.4702729,3972,爱情,表白与追求,unreviewed
1837,有儿,有儿,2,tencent_ai_lab_chinese_embedding_light_mirror_mvp,0.24522845,1837,0.55050756,1558,0.51955163,2580,拥抱,社会比较与人生进度,unreviewed
1838,标榜,标榜,2,tencent_ai_lab_chinese_embedding_light_mirror_mvp,0.24506275,1838,0.55053252,1555,0.45811495,4225,追求,社会比较与人生进度,unreviewed
1839,绝情,绝情,2,tencent_ai_lab_chinese_embedding_light_mirror_mvp,0.24490163,1839,0.54155229,1828,0.57147944,1358,爱情,恋爱核心,unreviewed
1840,说生,说生,2,tencent_ai_lab_chinese_embedding_light_mirror_mvp,0.24478011,1840,0.54989357,1571,0.48474652,3571,人生阶段,社会比较与人生进度,unreviewed
1841,灵魂,灵魂,2,tencent_ai_lab_chinese_embedding_light_mirror_mvp,0.24477531,1841,0.54992759,1569,0.48766917,3484,暗恋,表白与追求,unreviewed
1842,记忆,记忆,2,tencent_ai_lab_chinese_embedding_light_mirror_mvp,0.24451042,1842,0.54986086,1574,0.55736983,1614,感情史,社会比较与人生进度,unreviewed
1843,婚检,婚检,2,tencent_ai_lab_chinese_embedding_light_mirror_mvp,0.24440075,1843,0.50553901,3340,0.65042239,515,结婚,婚恋,unreviewed
1844,没要,没要,2,tencent_ai_lab_chinese_embedding_light_mirror_mvp,0.24395177,1844,0.5451975,1708,0.56535292,1466,没有对象,表白与追求,unreviewed
1845,又帅,又帅,2,tencent_ai_lab_chinese_embedding_light_mirror_mvp,0.24347295,1845,0.54978325,1575,0.48800352,3470,前男友,社会比较与人生进度,unreviewed
1846,阶段,阶段,2,tencent_ai_lab_chinese_embedding_light_mirror_mvp,0.24343868,1846,0.48498626,4726,0.72917008,180,人生阶段,社会比较与人生进度,unreviewed
1847,东哥,东哥,2,tencent_ai_lab_chinese_embedding_light_mirror_mvp,0.24314404,1847,0.55035322,1561,0.4557386,4271,前男友,恋爱历史,unreviewed
1848,心想,心想,2,tencent_ai_lab_chinese_embedding_light_mirror_mvp,0.24290406,1848,0.5400503,1871,0.57270783,1340,追求,表白与追求,unreviewed
1849,互相支持,互相支持,4,tencent_ai_lab_chinese_embedding_light_mirror_mvp,0.24279906,1849,0.54549226,1701,0.56442761,1483,伴侣,亲密行为,unreviewed
1850,预产期,预产期,3,tencent_ai_lab_chinese_embedding_light_mirror_mvp,0.24277354,1850,0.54951817,1582,0.46832061,4017,人生阶段,婚恋,unreviewed
1851,脑残粉,脑残粉,3,tencent_ai_lab_chinese_embedding_light_mirror_mvp,0.24268807,1851,0.5518867,1521,0.43727088,4581,暗恋,表白与追求,unreviewed
1852,九岁,九岁,2,tencent_ai_lab_chinese_embedding_light_mirror_mvp,0.2426753,1852,0.54934342,1585,0.55834764,1597,同龄人,社会比较与人生进度,unreviewed
1853,下订,下订,2,tencent_ai_lab_chinese_embedding_light_mirror_mvp,0.24222757,1853,0.50595921,3324,0.64807582,533,订婚,约会,unreviewed
1854,堕胎,堕胎,2,tencent_ai_lab_chinese_embedding_light_mirror_mvp,0.24165981,1854,0.54860258,1610,0.55952805,1575,母胎单身,单身与脱单,unreviewed
1855,问候,问候,2,tencent_ai_lab_chinese_embedding_light_mirror_mvp,0.24151614,1855,0.54975737,1576,0.54534215,1880,追求,社会比较与人生进度,unreviewed
1856,物质条件,物质条件,4,tencent_ai_lab_chinese_embedding_light_mirror_mvp,0.24151402,1856,0.54986846,1573,0.45758027,4238,对象,社会比较与人生进度,unreviewed
1857,看重,看重,2,tencent_ai_lab_chinese_embedding_light_mirror_mvp,0.24117671,1857,0.54901801,1595,0.55854714,1590,追求,社会比较与人生进度,unreviewed
1858,往事,往事,2,tencent_ai_lab_chinese_embedding_light_mirror_mvp,0.24098706,1858,0.54970492,1578,0.52003455,2560,感情史,社会比较与人生进度,unreviewed
1859,完美男人,完美男人,4,tencent_ai_lab_chinese_embedding_light_mirror_mvp,0.2409063,1859,0.54091862,1848,0.57058114,1379,男朋友,对象关系,unreviewed
1860,社交,社交,2,tencent_ai_lab_chinese_embedding_light_mirror_mvp,0.24072095,1860,0.54774355,1639,0.56032383,1557,恋爱关系,社会比较与人生进度,unreviewed
1861,心理,心理,2,tencent_ai_lab_chinese_embedding_light_mirror_mvp,0.2405842,1861,0.5495803,1581,0.54029113,2017,人生阶段,社会比较与人生进度,unreviewed
1862,人渣,人渣,2,tencent_ai_lab_chinese_embedding_light_mirror_mvp,0.24053471,1862,0.5491017,1593,0.49313635,3344,人生阶段,社会比较与人生进度,unreviewed
1863,关心,关心,2,tencent_ai_lab_chinese_embedding_light_mirror_mvp,0.24036832,1863,0.53279091,2116,0.58395272,1186,亲密关系,表白与追求,unreviewed
1864,身边,身边,2,tencent_ai_lab_chinese_embedding_light_mirror_mvp,0.24014766,1864,0.54740713,1651,0.56053662,1551,单身,社会比较与人生进度,unreviewed
1865,煽情,煽情,2,tencent_ai_lab_chinese_embedding_light_mirror_mvp,0.24011631,1865,0.54730741,1656,0.56066585,1546,感情史,表白与追求,unreviewed
1866,脱裤子,脱裤子,3,tencent_ai_lab_chinese_embedding_light_mirror_mvp,0.24004924,1866,0.52249264,2493,0.60285056,932,脱单,单身与脱单,unreviewed
1867,今生,今生,2,tencent_ai_lab_chinese_embedding_light_mirror_mvp,0.23996702,1867,0.54949915,1584,0.54230267,1961,前任,恋爱历史,unreviewed
1868,请帖,请帖,2,tencent_ai_lab_chinese_embedding_light_mirror_mvp,0.23980287,1868,0.5490418,1594,0.55498195,1661,求婚,表白与追求,unreviewed
1869,牵线,牵线,2,tencent_ai_lab_chinese_embedding_light_mirror_mvp,0.23975939,1869,0.50360668,3436,0.65260518,496,牵手,亲密行为,unreviewed
1870,小伙伴,小伙伴,3,tencent_ai_lab_chinese_embedding_light_mirror_mvp,0.23952949,1870,0.50410044,3404,0.65088916,512,伴侣,社会比较与人生进度,unreviewed
1871,不求,不求,2,tencent_ai_lab_chinese_embedding_light_mirror_mvp,0.23952648,1871,0.49967959,3673,0.66609979,432,追求,表白与追求,unreviewed
1872,认知,认知,2,tencent_ai_lab_chinese_embedding_light_mirror_mvp,0.23946614,1872,0.54932024,1586,0.51986653,2567,人生阶段,社会比较与人生进度,unreviewed
1873,开场白,开场白,3,tencent_ai_lab_chinese_embedding_light_mirror_mvp,0.2394305,1873,0.51176871,2998,0.62924784,689,告白,表白与追求,unreviewed
1874,高考,高考,2,tencent_ai_lab_chinese_embedding_light_mirror_mvp,0.23910539,1874,0.54921043,1589,0.53126252,2264,高中恋爱,社会比较与人生进度,unreviewed
1875,大款,大款,2,tencent_ai_lab_chinese_embedding_light_mirror_mvp,0.23910221,1875,0.54885753,1602,0.47610092,3809,订婚,婚恋,unreviewed
1876,看我,看我,2,tencent_ai_lab_chinese_embedding_light_mirror_mvp,0.23893183,1876,0.54898887,1596,0.55310255,1700,看电影,表白与追求,unreviewed
1877,愉快,愉快,2,tencent_ai_lab_chinese_embedding_light_mirror_mvp,0.23887873,1877,0.53922393,1901,0.57207084,1351,亲密,表白与追求,unreviewed
1878,邻居们,邻居们,3,tencent_ai_lab_chinese_embedding_light_mirror_mvp,0.23871876,1878,0.54916303,1591,0.54082131,2005,同龄人,社会比较与人生进度,unreviewed
1879,理念,理念,2,tencent_ai_lab_chinese_embedding_light_mirror_mvp,0.2384279,1879,0.54914484,1592,0.52843225,2337,追求,社会比较与人生进度,unreviewed
1880,充满希望,充满希望,4,tencent_ai_lab_chinese_embedding_light_mirror_mvp,0.23825322,1880,0.53368218,2086,0.58127302,1224,追求,表白与追求,unreviewed
1881,貌合神离,貌合神离,4,tencent_ai_lab_chinese_embedding_light_mirror_mvp,0.23818773,1881,0.55449435,1450,0.41262162,4829,约饭,约会,unreviewed
1882,人格,人格,2,tencent_ai_lab_chinese_embedding_light_mirror_mvp,0.23789446,1882,0.52049799,2573,0.60611451,908,人生阶段,社会比较与人生进度,unreviewed
1883,难过,难过,2,tencent_ai_lab_chinese_embedding_light_mirror_mvp,0.2377084,1883,0.52675179,2355,0.59376335,1034,错过青春,社会比较与人生进度,manual_reject
1884,问他,问他,2,tencent_ai_lab_chinese_embedding_light_mirror_mvp,0.2376389,1884,0.54896789,1597,0.54833031,1803,追求,表白与追求,unreviewed
1885,被删,被删,2,tencent_ai_lab_chinese_embedding_light_mirror_mvp,0.237185,1885,0.5085842,3179,0.63736862,626,被追,社会比较与人生进度,unreviewed
1886,嘴贱,嘴贱,2,tencent_ai_lab_chinese_embedding_light_mirror_mvp,0.2366161,1886,0.54846206,1615,0.46824908,4019,接吻,社会比较与人生进度,unreviewed
1887,嬉戏,嬉戏,2,tencent_ai_lab_chinese_embedding_light_mirror_mvp,0.2364701,1887,0.5484625,1614,0.48708779,3503,散步,约会,unreviewed
1888,踏入社会,踏入社会,4,tencent_ai_lab_chinese_embedding_light_mirror_mvp,0.23609998,1888,0.54883165,1603,0.53266472,2215,人生阶段,社会比较与人生进度,unreviewed
1889,游戏人生,游戏人生,4,tencent_ai_lab_chinese_embedding_light_mirror_mvp,0.23606114,1889,0.53974192,1885,0.56990272,1390,人生阶段,社会比较与人生进度,unreviewed
1890,一任,一任,2,tencent_ai_lab_chinese_embedding_light_mirror_mvp,0.23598277,1890,0.51161636,3007,0.62751007,704,前任,恋爱历史,unreviewed
1891,自控力,自控力,3,tencent_ai_lab_chinese_embedding_light_mirror_mvp,0.23593084,1891,0.55139711,1532,0.4304378,4660,牵手,社会比较与人生进度,unreviewed
1892,心理学,心理学,3,tencent_ai_lab_chinese_embedding_light_mirror_mvp,0.23571328,1892,0.54855328,1612,0.50644606,2953,感情史,社会比较与人生进度,unreviewed
1893,悠闲,悠闲,2,tencent_ai_lab_chinese_embedding_light_mirror_mvp,0.23533433,1893,0.54869286,1608,0.53259701,2220,散步,社会比较与人生进度,unreviewed
1894,辞掉,辞掉,2,tencent_ai_lab_chinese_embedding_light_mirror_mvp,0.23526035,1894,0.54844724,1616,0.55315703,1697,脱单,社会比较与人生进度,unreviewed
1895,知道,知道,2,tencent_ai_lab_chinese_embedding_light_mirror_mvp,0.23458614,1895,0.54817396,1624,0.49720359,3228,告白,社会比较与人生进度,unreviewed
1896,狗男女,狗男女,3,tencent_ai_lab_chinese_embedding_light_mirror_mvp,0.23445197,1896,0.54860127,1611,0.53637791,2110,男朋友,对象关系,unreviewed
1897,剧外,剧外,2,tencent_ai_lab_chinese_embedding_light_mirror_mvp,0.23439793,1897,0.55624335,1408,0.39932716,4909,老公,表白与追求,manual_reject
1898,谋求,谋求,2,tencent_ai_lab_chinese_embedding_light_mirror_mvp,0.23411264,1898,0.49446677,4023,0.68176806,353,追求,表白与追求,unreviewed
1899,取悦,取悦,2,tencent_ai_lab_chinese_embedding_light_mirror_mvp,0.23396256,1899,0.54834045,1618,0.51082587,2820,拥抱,表白与追求,unreviewed
1900,校领导,校领导,3,tencent_ai_lab_chinese_embedding_light_mirror_mvp,0.23395091,1900,0.53059945,2209,0.58477521,1171,校服,校园恋爱,unreviewed
1901,出殡,出殡,2,tencent_ai_lab_chinese_embedding_light_mirror_mvp,0.23394259,1901,0.54827058,1622,0.50606698,2964,婚礼,婚恋,unreviewed
1902,动手动脚,动手动脚,4,tencent_ai_lab_chinese_embedding_light_mirror_mvp,0.23367366,1902,0.54593667,1685,0.55917633,1578,牵手,亲密行为,unreviewed
1903,年轻美貌,年轻美貌,4,tencent_ai_lab_chinese_embedding_light_mirror_mvp,0.23348509,1903,0.52698424,2349,0.59127849,1076,青春,社会比较与人生进度,unreviewed
1904,貌美如花,貌美如花,4,tencent_ai_lab_chinese_embedding_light_mirror_mvp,0.23347402,1904,0.55277537,1500,0.41837144,4782,恋情,社会比较与人生进度,unreviewed
1905,想法,想法,2,tencent_ai_lab_chinese_embedding_light_mirror_mvp,0.23337748,1905,0.51973287,2607,0.60516286,919,追求,社会比较与人生进度,unreviewed
1906,姥爷,姥爷,2,tencent_ai_lab_chinese_embedding_light_mirror_mvp,0.23335422,1906,0.54830234,1620,0.5157373,2681,老婆,婚恋,unreviewed
1907,道别,道别,2,tencent_ai_lab_chinese_embedding_light_mirror_mvp,0.23317214,1907,0.54809878,1627,0.46445832,4092,告白,社会比较与人生进度,unreviewed
1908,温暖,温暖,2,tencent_ai_lab_chinese_embedding_light_mirror_mvp,0.2327441,1908,0.54361634,1763,0.56219697,1518,亲密,亲密行为,unreviewed
1909,制服,制服,2,tencent_ai_lab_chinese_embedding_light_mirror_mvp,0.23266721,1909,0.50713807,3253,0.63832265,616,校服,婚恋,unreviewed
1910,人设,人设,2,tencent_ai_lab_chinese_embedding_light_mirror_mvp,0.23243101,1910,0.54281709,1784,0.56311387,1502,人生阶段,社会比较与人生进度,unreviewed
1911,同住,同住,2,tencent_ai_lab_chinese_embedding_light_mirror_mvp,0.23238195,1911,0.51589026,2779,0.61362201,836,同桌,社会比较与人生进度,unreviewed
1912,公开,公开,2,tencent_ai_lab_chinese_embedding_light_mirror_mvp,0.23223981,1912,0.54814005,1625,0.51793367,2617,老公,社会比较与人生进度,unreviewed
1913,一抱,一抱,2,tencent_ai_lab_chinese_embedding_light_mirror_mvp,0.2321134,1913,0.48354833,4839,0.72709537,187,拥抱,亲密行为,unreviewed
1914,十一岁,十一岁,3,tencent_ai_lab_chinese_embedding_light_mirror_mvp,0.23208039,1914,0.54740258,1652,0.55665672,1626,同龄人,社会比较与人生进度,unreviewed
1915,八班,八班,2,tencent_ai_lab_chinese_embedding_light_mirror_mvp,0.2319416,1915,0.54840182,1617,0.4525865,4341,同桌,社会比较与人生进度,unreviewed
1916,年轻貌美,年轻貌美,4,tencent_ai_lab_chinese_embedding_light_mirror_mvp,0.23160325,1916,0.54307733,1777,0.56234902,1516,青春,社会比较与人生进度,unreviewed
1917,安慰,安慰,2,tencent_ai_lab_chinese_embedding_light_mirror_mvp,0.23157663,1917,0.5437604,1757,0.56133169,1533,告白,表白与追求,unreviewed
1918,年级,年级,2,tencent_ai_lab_chinese_embedding_light_mirror_mvp,0.23157618,1918,0.54805659,1628,0.52067071,2540,青春,社会比较与人生进度,unreviewed
1919,而对,而对,2,tencent_ai_lab_chinese_embedding_light_mirror_mvp,0.23145075,1919,0.5310986,2191,0.58247477,1203,对象,社会比较与人生进度,unreviewed
1920,女同胞,女同胞,3,tencent_ai_lab_chinese_embedding_light_mirror_mvp,0.23129919,1920,0.51629126,2761,0.61191416,850,女朋友,对象关系,unreviewed
1921,中年妇女,中年妇女,4,tencent_ai_lab_chinese_embedding_light_mirror_mvp,0.23114987,1921,0.54804246,1630,0.52090585,2531,老婆,社会比较与人生进度,unreviewed
1922,拼搏,拼搏,2,tencent_ai_lab_chinese_embedding_light_mirror_mvp,0.23105218,1922,0.54792944,1633,0.54092896,2001,追求,社会比较与人生进度,unreviewed
1923,工服,工服,2,tencent_ai_lab_chinese_embedding_light_mirror_mvp,0.23065082,1923,0.51613196,2767,0.61189073,852,校服,婚恋,unreviewed
1924,合拍,合拍,2,tencent_ai_lab_chinese_embedding_light_mirror_mvp,0.23050987,1924,0.54770849,1641,0.5027287,3054,接吻,亲密行为,unreviewed
1925,满足,满足,2,tencent_ai_lab_chinese_embedding_light_mirror_mvp,0.23048349,1925,0.5478011,1636,0.54319447,1940,落后,社会比较与人生进度,unreviewed
1926,护士,护士,2,tencent_ai_lab_chinese_embedding_light_mirror_mvp,0.23036392,1926,0.54930789,1587,0.43816993,4565,伴侣,社会比较与人生进度,unreviewed
1927,女明星,女明星,3,tencent_ai_lab_chinese_embedding_light_mirror_mvp,0.23024264,1927,0.54766841,1642,0.50562125,2974,女朋友,对象关系,unreviewed
1928,心理障碍,心理障碍,4,tencent_ai_lab_chinese_embedding_light_mirror_mvp,0.23022251,1928,0.54766257,1643,0.50263155,3058,恋爱关系,社会比较与人生进度,unreviewed
1929,赤子之心,赤子之心,4,tencent_ai_lab_chinese_embedding_light_mirror_mvp,0.23020673,1929,0.54805053,1629,0.45380318,4318,妻子,亲密行为,unreviewed
1930,彩排,彩排,2,tencent_ai_lab_chinese_embedding_light_mirror_mvp,0.22998977,1930,0.55325958,1491,0.41163975,4838,牵手,约会,unreviewed
1931,同屋,同屋,2,tencent_ai_lab_chinese_embedding_light_mirror_mvp,0.22992519,1931,0.52093884,2553,0.60005867,966,同桌,婚恋,manual_reject
1932,讲真,讲真,2,tencent_ai_lab_chinese_embedding_light_mirror_mvp,0.22990001,1932,0.54737226,1653,0.49407399,3324,亲密,表白与追求,unreviewed
1933,高学历,高学历,3,tencent_ai_lab_chinese_embedding_light_mirror_mvp,0.22984454,1933,0.54781473,1635,0.53775162,2068,高中恋爱,社会比较与人生进度,unreviewed
1934,走到,走到,2,tencent_ai_lab_chinese_embedding_light_mirror_mvp,0.22953678,1934,0.52334211,2467,0.59501535,1017,散步,社会比较与人生进度,manual_reject
1935,死别,死别,2,tencent_ai_lab_chinese_embedding_light_mirror_mvp,0.22952501,1935,0.54788663,1634,0.45507795,4289,告白,社会比较与人生进度,unreviewed
1936,技术落后,技术落后,4,tencent_ai_lab_chinese_embedding_light_mirror_mvp,0.22951791,1936,0.48377484,4824,0.72416949,196,落后,社会比较与人生进度,unreviewed
1937,棉袄,棉袄,2,tencent_ai_lab_chinese_embedding_light_mirror_mvp,0.22950829,1937,0.54748812,1650,0.50126356,3107,校服,婚恋,unreviewed
1938,做自己,做自己,3,tencent_ai_lab_chinese_embedding_light_mirror_mvp,0.22936365,1938,0.54752438,1647,0.50581658,2969,单身,社会比较与人生进度,unreviewed
1939,警服,警服,2,tencent_ai_lab_chinese_embedding_light_mirror_mvp,0.22930182,1939,0.52227587,2502,0.59666735,993,校服,表白与追求,manual_reject
1940,离婚率,离婚率,3,tencent_ai_lab_chinese_embedding_light_mirror_mvp,0.22924141,1940,0.53410438,2069,0.57537526,1304,结婚,婚恋,unreviewed
1941,反感,反感,2,tencent_ai_lab_chinese_embedding_light_mirror_mvp,0.22918862,1941,0.5476558,1644,0.51688415,2652,感情史,社会比较与人生进度,unreviewed
1942,旁人,旁人,2,tencent_ai_lab_chinese_embedding_light_mirror_mvp,0.22916952,1942,0.52880781,2278,0.58548999,1161,别人都有对象,社会比较与人生进度,unreviewed
1943,他家,他家,2,tencent_ai_lab_chinese_embedding_light_mirror_mvp,0.22909089,1943,0.53625796,1997,0.57155907,1356,老公,婚恋,unreviewed
1944,归宿,归宿,2,tencent_ai_lab_chinese_embedding_light_mirror_mvp,0.22892376,1944,0.547498,1649,0.50701016,2934,伴侣,社会比较与人生进度,unreviewed
1945,努力,努力,2,tencent_ai_lab_chinese_embedding_light_mirror_mvp,0.22880512,1945,0.53960934,1890,0.56625593,1447,追求,表白与追求,unreviewed
1946,对等,对等,2,tencent_ai_lab_chinese_embedding_light_mirror_mvp,0.2284575,1946,0.51388068,2883,0.61663765,813,对象,社会比较与人生进度,unreviewed
1947,微妙,微妙,2,tencent_ai_lab_chinese_embedding_light_mirror_mvp,0.22832817,1947,0.52672675,2356,0.58877277,1111,亲密,亲密行为,unreviewed
1948,先亲,先亲,2,tencent_ai_lab_chinese_embedding_light_mirror_mvp,0.22832474,1948,0.51606835,2771,0.61063868,865,亲密,亲密行为,unreviewed
1949,老朋友,老朋友,3,tencent_ai_lab_chinese_embedding_light_mirror_mvp,0.22822785,1949,0.50493188,3368,0.64157337,591,男朋友,对象关系,unreviewed
1950,性道德,性道德,3,tencent_ai_lab_chinese_embedding_light_mirror_mvp,0.22802339,1950,0.54709872,1662,0.48677266,3515,感情史,社会比较与人生进度,unreviewed
1951,可我,可我,2,tencent_ai_lab_chinese_embedding_light_mirror_mvp,0.22765782,1951,0.54733975,1655,0.46137121,4162,亲密,社会比较与人生进度,unreviewed
1952,辅导员,辅导员,3,tencent_ai_lab_chinese_embedding_light_mirror_mvp,0.22751601,1952,0.54890457,1598,0.4366793,4586,对象,社会比较与人生进度,unreviewed
1953,文艺,文艺,2,tencent_ai_lab_chinese_embedding_light_mirror_mvp,0.22732899,1953,0.54701346,1667,0.46827441,4018,告白,表白与追求,unreviewed
1954,相依为命,相依为命,4,tencent_ai_lab_chinese_embedding_light_mirror_mvp,0.22708158,1954,0.54716587,1660,0.50282472,3050,伴侣,社会比较与人生进度,unreviewed
1955,陪你,陪你,2,tencent_ai_lab_chinese_embedding_light_mirror_mvp,0.22666073,1955,0.52625742,2371,0.58859849,1113,伴侣,对象关系,unreviewed
1956,没事,没事,2,tencent_ai_lab_chinese_embedding_light_mirror_mvp,0.22570775,1956,0.5380433,1943,0.56702161,1429,没有对象,社会比较与人生进度,unreviewed
1957,一夫一妻制,一夫一妻制,5,tencent_ai_lab_chinese_embedding_light_mirror_mvp,0.22570325,1957,0.5139709,2878,0.61452943,830,妻子,婚恋,unreviewed
1958,如初,如初,2,tencent_ai_lab_chinese_embedding_light_mirror_mvp,0.22541835,1958,0.5185665,2662,0.6027531,934,初恋,社会比较与人生进度,unreviewed
1959,性早熟,性早熟,3,tencent_ai_lab_chinese_embedding_light_mirror_mvp,0.22536068,1959,0.51586249,2782,0.60922581,876,早恋,社会比较与人生进度,unreviewed
1960,前提,前提,2,tencent_ai_lab_chinese_embedding_light_mirror_mvp,0.22529352,1960,0.52379909,2450,0.59187138,1065,前任,恋爱历史,unreviewed
1961,带给,带给,2,tencent_ai_lab_chinese_embedding_light_mirror_mvp,0.22521987,1961,0.52727435,2335,0.58605093,1152,拥抱,表白与追求,unreviewed
1962,在任,在任,2,tencent_ai_lab_chinese_embedding_light_mirror_mvp,0.22508035,1962,0.49791566,3785,0.66185373,451,前任,恋爱历史,unreviewed
1963,演艺圈,演艺圈,3,tencent_ai_lab_chinese_embedding_light_mirror_mvp,0.22506497,1963,0.54718546,1659,0.45458078,4301,约会,社会比较与人生进度,unreviewed
1964,伺候,伺候,2,tencent_ai_lab_chinese_embedding_light_mirror_mvp,0.22495876,1964,0.54705489,1665,0.53381276,2182,伴侣,婚恋,unreviewed
1965,正常人,正常人,3,tencent_ai_lab_chinese_embedding_light_mirror_mvp,0.22480252,1965,0.50085651,3599,0.65125573,508,同龄人,社会比较与人生进度,unreviewed
1966,速配,速配,2,tencent_ai_lab_chinese_embedding_light_mirror_mvp,0.22475574,1966,0.55054218,1554,0.42029589,4767,被追,表白与追求,unreviewed
1967,我哥哥,我哥哥,3,tencent_ai_lab_chinese_embedding_light_mirror_mvp,0.22468535,1967,0.54642656,1679,0.49835989,3198,前男友,社会比较与人生进度,unreviewed
1968,一样的人,一样的人,4,tencent_ai_lab_chinese_embedding_light_mirror_mvp,0.2246603,1968,0.49761173,3812,0.66300535,446,喜欢的人,社会比较与人生进度,unreviewed
1969,公共场合,公共场合,4,tencent_ai_lab_chinese_embedding_light_mirror_mvp,0.22443326,1969,0.54662999,1674,0.50943696,2870,约会对象,约会,unreviewed
1970,情调,情调,2,tencent_ai_lab_chinese_embedding_light_mirror_mvp,0.22412549,1970,0.52500796,2411,0.58927286,1105,恋情,恋爱核心,unreviewed
1971,下厨,下厨,2,tencent_ai_lab_chinese_embedding_light_mirror_mvp,0.22394961,1971,0.53731486,1970,0.56734782,1424,约饭,约会,unreviewed
1972,自卑感,自卑感,3,tencent_ai_lab_chinese_embedding_light_mirror_mvp,0.22377408,1972,0.54662035,1675,0.51446354,2722,落后,社会比较与人生进度,unreviewed
1973,凄美,凄美,2,tencent_ai_lab_chinese_embedding_light_mirror_mvp,0.22367997,1973,0.54669214,1672,0.52032387,2549,落后,社会比较与人生进度,unreviewed
1974,情境,情境,2,tencent_ai_lab_chinese_embedding_light_mirror_mvp,0.22367004,1974,0.51848572,2666,0.60188013,944,恋情,社会比较与人生进度,unreviewed
1975,聊聊天,聊聊天,3,tencent_ai_lab_chinese_embedding_light_mirror_mvp,0.22365586,1975,0.5340433,2072,0.5723201,1346,对象,表白与追求,unreviewed
1976,奶爸,奶爸,2,tencent_ai_lab_chinese_embedding_light_mirror_mvp,0.2236109,1976,0.54590222,1686,0.46876276,4009,丈夫,亲密行为,unreviewed
1977,前段时间,前段时间,4,tencent_ai_lab_chinese_embedding_light_mirror_mvp,0.22338984,1977,0.50470884,3385,0.63906407,608,前任,社会比较与人生进度,unreviewed
1978,私底下,私底下,3,tencent_ai_lab_chinese_embedding_light_mirror_mvp,0.22338907,1978,0.54634602,1680,0.50480163,2998,老公,社会比较与人生进度,unreviewed
1979,小乐,小乐,2,tencent_ai_lab_chinese_embedding_light_mirror_mvp,0.22327964,1979,0.54749995,1648,0.4447436,4477,拥抱,社会比较与人生进度,unreviewed
1980,享乐,享乐,2,tencent_ai_lab_chinese_embedding_light_mirror_mvp,0.223188,1980,0.52939887,2258,0.58115065,1225,拥抱,约会,unreviewed
1981,对事,对事,2,tencent_ai_lab_chinese_embedding_light_mirror_mvp,0.22284194,1981,0.49939342,3692,0.65488756,485,对象,社会比较与人生进度,unreviewed
1982,呵护,呵护,2,tencent_ai_lab_chinese_embedding_light_mirror_mvp,0.22283582,1982,0.52830144,2302,0.58300591,1196,拥抱,亲密行为,unreviewed
1983,礼堂,礼堂,2,tencent_ai_lab_chinese_embedding_light_mirror_mvp,0.22278035,1983,0.52308706,2475,0.59171754,1068,婚礼,婚恋,unreviewed
1984,诞下,诞下,2,tencent_ai_lab_chinese_embedding_light_mirror_mvp,0.22266793,1984,0.54586772,1688,0.48789734,3477,脱单,社会比较与人生进度,unreviewed
1985,不切实际,不切实际,4,tencent_ai_lab_chinese_embedding_light_mirror_mvp,0.22266132,1985,0.53576277,2011,0.56892085,1403,亲密,社会比较与人生进度,unreviewed
1986,旅行,旅行,2,tencent_ai_lab_chinese_embedding_light_mirror_mvp,0.22263925,1986,0.53890188,1912,0.56406498,1484,散步,约会,unreviewed
1987,要钱,要钱,2,tencent_ai_lab_chinese_embedding_light_mirror_mvp,0.22260323,1987,0.54237775,1803,0.55904758,1582,被追,表白与追求,unreviewed
1988,初见,初见,2,tencent_ai_lab_chinese_embedding_light_mirror_mvp,0.2221952,1988,0.49996729,3663,0.65263534,495,初恋,社会比较与人生进度,unreviewed
1989,亲得,亲得,2,tencent_ai_lab_chinese_embedding_light_mirror_mvp,0.22208426,1989,0.49010319,4312,0.68934733,322,亲密,亲密行为,unreviewed
1990,多爱,多爱,2,tencent_ai_lab_chinese_embedding_light_mirror_mvp,0.22204512,1990,0.54111394,1841,0.56049633,1552,爱情,恋爱核心,unreviewed
1991,新衣服,新衣服,3,tencent_ai_lab_chinese_embedding_light_mirror_mvp,0.22194302,1991,0.54520764,1707,0.55445397,1673,校服,婚恋,unreviewed
1992,喜好,喜好,2,tencent_ai_lab_chinese_embedding_light_mirror_mvp,0.2219054,1992,0.51275266,2958,0.61603868,818,喜欢的人,表白与追求,unreviewed
1993,大学老师,大学老师,4,tencent_ai_lab_chinese_embedding_light_mirror_mvp,0.22182431,1993,0.52938262,2260,0.58044916,1235,大学恋爱,校园恋爱,unreviewed
1994,学前班,学前班,3,tencent_ai_lab_chinese_embedding_light_mirror_mvp,0.22182171,1994,0.54590173,1687,0.50755,2921,前男友,校园恋爱,unreviewed
1995,发他,发他,2,tencent_ai_lab_chinese_embedding_light_mirror_mvp,0.22170637,1995,0.54625437,1681,0.53643584,2108,被追,表白与追求,unreviewed
1996,他生,他生,2,tencent_ai_lab_chinese_embedding_light_mirror_mvp,0.2216563,1996,0.54623818,1682,0.53305757,2202,老公,社会比较与人生进度,unreviewed
1997,理想境界,理想境界,4,tencent_ai_lab_chinese_embedding_light_mirror_mvp,0.22160376,1997,0.54556119,1698,0.49470282,3310,人生阶段,社会比较与人生进度,unreviewed
1998,反正,反正,2,tencent_ai_lab_chinese_embedding_light_mirror_mvp,0.2215771,1998,0.54600129,1684,0.53153211,2254,对象,社会比较与人生进度,unreviewed
1999,平等,平等,2,tencent_ai_lab_chinese_embedding_light_mirror_mvp,0.22124942,1999,0.54585365,1689,0.50397032,3012,对象,社会比较与人生进度,unreviewed
2000,婚事新办,婚事新办,4,tencent_ai_lab_chinese_embedding_light_mirror_mvp,0.22098181,2000,0.48574667,4659,0.70781702,244,婚礼,婚恋,unreviewed
2001,内心深处,内心深处,4,tencent_ai_lab_chinese_embedding_light_mirror_mvp,0.22095241,2001,0.54574682,1691,0.55061597,1754,亲密关系,社会比较与人生进度,unreviewed
2002,一生中,一生中,3,tencent_ai_lab_chinese_embedding_light_mirror_mvp,0.22091454,2002,0.52066704,2567,0.59503353,1016,人生阶段,社会比较与人生进度,manual_reject
2003,健身,健身,2,tencent_ai_lab_chinese_embedding_light_mirror_mvp,0.22091297,2003,0.53541574,2022,0.56852502,1410,单身,单身与脱单,unreviewed
2004,五年级,五年级,3,tencent_ai_lab_chinese_embedding_light_mirror_mvp,0.2207353,2004,0.54661477,1676,0.45083165,4371,青春,社会比较与人生进度,unreviewed
2005,暖心,暖心,2,tencent_ai_lab_chinese_embedding_light_mirror_mvp,0.22071459,2005,0.5318723,2157,0.57475835,1311,亲密,亲密行为,unreviewed
2006,没办法,没办法,3,tencent_ai_lab_chinese_embedding_light_mirror_mvp,0.22057189,2006,0.52301533,2477,0.5905813,1085,没有对象,单身与脱单,unreviewed
2007,没分,没分,2,tencent_ai_lab_chinese_embedding_light_mirror_mvp,0.22035814,2007,0.5183201,2672,0.60017061,964,没有对象,单身与脱单,manual_reject
2008,埋怨,埋怨,2,tencent_ai_lab_chinese_embedding_light_mirror_mvp,0.22033116,2008,0.54538312,1706,0.49235407,3375,暗恋,表白与追求,unreviewed
2009,见见面,见见面,3,tencent_ai_lab_chinese_embedding_light_mirror_mvp,0.22017879,2009,0.52137182,2534,0.59313416,1045,约会对象,约会,manual_review
2010,影片,影片,2,tencent_ai_lab_chinese_embedding_light_mirror_mvp,0.22013511,2010,0.49269675,4142,0.67808115,371,看电影,约会,unreviewed
2011,女星,女星,2,tencent_ai_lab_chinese_embedding_light_mirror_mvp,0.21967962,2011,0.54561911,1695,0.52785689,2355,女朋友,对象关系,unreviewed
2012,宠溺,宠溺,2,tencent_ai_lab_chinese_embedding_light_mirror_mvp,0.21965079,2012,0.54569027,1692,0.52167398,2509,拥抱,亲密行为,unreviewed
2013,女粉,女粉,2,tencent_ai_lab_chinese_embedding_light_mirror_mvp,0.21942418,2013,0.54510601,1713,0.47207987,3932,女朋友,表白与追求,unreviewed
2014,永远爱你,永远爱你,4,tencent_ai_lab_chinese_embedding_light_mirror_mvp,0.21940363,2014,0.53173549,2165,0.57432342,1316,爱情,恋爱核心,unreviewed
2015,个班,个班,2,tencent_ai_lab_chinese_embedding_light_mirror_mvp,0.21902863,2015,0.5451185,1711,0.48084575,3678,同桌,社会比较与人生进度,unreviewed
2016,花天酒地,花天酒地,4,tencent_ai_lab_chinese_embedding_light_mirror_mvp,0.21885821,2016,0.55980067,1330,0.36912298,4990,婚礼,约会,manual_review
2017,婚姻自主,婚姻自主,4,tencent_ai_lab_chinese_embedding_light_mirror_mvp,0.21867864,2017,0.51049297,3069,0.6196481,782,结婚,婚恋,unreviewed
2018,母校,母校,2,tencent_ai_lab_chinese_embedding_light_mirror_mvp,0.21860885,2018,0.52172446,2517,0.59148663,1070,校服,校园恋爱,unreviewed
2019,离职,离职,2,tencent_ai_lab_chinese_embedding_light_mirror_mvp,0.21855899,2019,0.54554574,1699,0.53904784,2041,前任,社会比较与人生进度,unreviewed
2020,大叔,大叔,2,tencent_ai_lab_chinese_embedding_light_mirror_mvp,0.2185025,2020,0.5450886,1715,0.48513782,3564,同龄人,社会比较与人生进度,unreviewed
2021,拍档,拍档,2,tencent_ai_lab_chinese_embedding_light_mirror_mvp,0.21823268,2021,0.54666623,1673,0.4434514,4497,脱单,亲密行为,unreviewed
2022,热衷,热衷,2,tencent_ai_lab_chinese_embedding_light_mirror_mvp,0.21808793,2022,0.54194609,1814,0.55730009,1616,喜欢的人,表白与追求,unreviewed
2023,婚姻介绍所,婚姻介绍所,5,tencent_ai_lab_chinese_embedding_light_mirror_mvp,0.21807117,2023,0.5153891,2806,0.6057719,911,结婚,婚恋,unreviewed
2024,今年过年,今年过年,4,tencent_ai_lab_chinese_embedding_light_mirror_mvp,0.21767202,2024,0.54511286,1712,0.46364439,4113,约会,社会比较与人生进度,unreviewed
2025,迎头赶上,迎头赶上,4,tencent_ai_lab_chinese_embedding_light_mirror_mvp,0.21703359,2025,0.54515922,1709,0.52409625,2452,被追,表白与追求,unreviewed
2026,他们,他们,2,tencent_ai_lab_chinese_embedding_light_mirror_mvp,0.21701568,2026,0.54468108,1723,0.48026496,3697,拥抱,社会比较与人生进度,unreviewed
2027,男医生,男医生,3,tencent_ai_lab_chinese_embedding_light_mirror_mvp,0.21697811,2027,0.51141887,3020,0.61604208,817,男朋友,对象关系,unreviewed
2028,大学生,大学生,3,tencent_ai_lab_chinese_embedding_light_mirror_mvp,0.21694628,2028,0.49465774,4008,0.66797125,415,大学恋爱,校园恋爱,unreviewed
2029,性情,性情,2,tencent_ai_lab_chinese_embedding_light_mirror_mvp,0.21689592,2029,0.49110479,4246,0.68154806,356,感情史,对象关系,unreviewed
2030,成年,成年,2,tencent_ai_lab_chinese_embedding_light_mirror_mvp,0.21677757,2030,0.54031337,1866,0.55901194,1583,同龄人,社会比较与人生进度,unreviewed
2031,放手,放手,2,tencent_ai_lab_chinese_embedding_light_mirror_mvp,0.21652124,2031,0.49554407,3940,0.66409034,439,牵手,亲密行为,unreviewed
2032,很帅,很帅,2,tencent_ai_lab_chinese_embedding_light_mirror_mvp,0.21644269,2032,0.5449355,1718,0.50887245,2886,喜欢的人,社会比较与人生进度,unreviewed
2033,宴客,宴客,2,tencent_ai_lab_chinese_embedding_light_mirror_mvp,0.21642623,2033,0.53715512,1976,0.5637337,1492,约饭,约会,unreviewed
2034,表达方式,表达方式,4,tencent_ai_lab_chinese_embedding_light_mirror_mvp,0.21638069,2034,0.51273401,2959,0.61224985,847,表白,表白与追求,unreviewed
2035,全体同学,全体同学,4,tencent_ai_lab_chinese_embedding_light_mirror_mvp,0.21596795,2035,0.50369177,3432,0.6366021,629,同桌,校园恋爱,unreviewed
2036,亲娃,亲娃,2,tencent_ai_lab_chinese_embedding_light_mirror_mvp,0.21595403,2036,0.502888,3476,0.63890898,610,亲密,亲密行为,unreviewed
2037,俩宝,俩宝,2,tencent_ai_lab_chinese_embedding_light_mirror_mvp,0.21577143,2037,0.54452862,1731,0.4692052,3997,妻子,婚恋,unreviewed
2038,高龄产妇,高龄产妇,4,tencent_ai_lab_chinese_embedding_light_mirror_mvp,0.21547764,2038,0.53509393,2033,0.56609488,1451,同龄人,社会比较与人生进度,unreviewed
2039,没关系,没关系,3,tencent_ai_lab_chinese_embedding_light_mirror_mvp,0.21477818,2039,0.50618773,3311,0.62922966,690,没有对象,单身与脱单,unreviewed
2040,或许,或许,2,tencent_ai_lab_chinese_embedding_light_mirror_mvp,0.21461284,2040,0.54471117,1722,0.52696824,2371,对象,社会比较与人生进度,unreviewed
2041,发脾气,发脾气,3,tencent_ai_lab_chinese_embedding_light_mirror_mvp,0.21453486,2041,0.54466671,1724,0.4591383,4210,表白,社会比较与人生进度,unreviewed
2042,兄妹,兄妹,2,tencent_ai_lab_chinese_embedding_light_mirror_mvp,0.21427946,2042,0.54426107,1738,0.47679216,3786,伴侣,亲密行为,unreviewed
2043,没人,没人,2,tencent_ai_lab_chinese_embedding_light_mirror_mvp,0.21398223,2043,0.511501,3017,0.61373299,834,没有对象,社会比较与人生进度,unreviewed
2044,对人,对人,2,tencent_ai_lab_chinese_embedding_light_mirror_mvp,0.21385658,2044,0.49813719,3770,0.65253383,498,对象,社会比较与人生进度,unreviewed
2045,半袖,半袖,2,tencent_ai_lab_chinese_embedding_light_mirror_mvp,0.2138225,2045,0.54971263,1577,0.41139269,4840,校服,社会比较与人生进度,unreviewed
2046,月子,月子,2,tencent_ai_lab_chinese_embedding_light_mirror_mvp,0.21381933,2046,0.5442634,1737,0.49910387,3168,妻子,婚恋,unreviewed
2047,真情流露,真情流露,4,tencent_ai_lab_chinese_embedding_light_mirror_mvp,0.21376991,2047,0.52035503,2582,0.59171653,1069,恋情,恋爱核心,unreviewed
2048,有缘人,有缘人,3,tencent_ai_lab_chinese_embedding_light_mirror_mvp,0.2136458,2048,0.49382272,4067,0.6687336,412,别人都有对象,社会比较与人生进度,unreviewed
2049,哲学,哲学,2,tencent_ai_lab_chinese_embedding_light_mirror_mvp,0.21356814,2049,0.54406629,1744,0.46891421,4007,追求,表白与追求,unreviewed
2050,赔钱货,赔钱货,3,tencent_ai_lab_chinese_embedding_light_mirror_mvp,0.21353307,2050,0.54407177,1743,0.48166144,3658,对象,婚恋,unreviewed
2051,踏青,踏青,2,tencent_ai_lab_chinese_embedding_light_mirror_mvp,0.21348051,2051,0.54460196,1729,0.53970456,2026,青春,社会比较与人生进度,unreviewed
2052,念书,念书,2,tencent_ai_lab_chinese_embedding_light_mirror_mvp,0.21340104,2052,0.5443917,1733,0.4605124,4183,追求,表白与追求,unreviewed
2053,女佣,女佣,2,tencent_ai_lab_chinese_embedding_light_mirror_mvp,0.2132062,2053,0.54403186,1746,0.47849399,3747,女朋友,婚恋,unreviewed
2054,自爱,自爱,2,tencent_ai_lab_chinese_embedding_light_mirror_mvp,0.21294044,2054,0.54444336,1732,0.52489579,2427,爱情,恋爱核心,unreviewed
2055,谈会,谈会,2,tencent_ai_lab_chinese_embedding_light_mirror_mvp,0.21277905,2055,0.48420797,4794,0.7087909,240,约会,约会,unreviewed
2056,热衷于,热衷于,3,tencent_ai_lab_chinese_embedding_light_mirror_mvp,0.21276107,2056,0.53934895,1897,0.55834967,1596,喜欢的人,表白与追求,unreviewed
2057,本身,本身,2,tencent_ai_lab_chinese_embedding_light_mirror_mvp,0.21267892,2057,0.54426584,1736,0.5123812,2777,单身,社会比较与人生进度,unreviewed
2058,从小,从小,2,tencent_ai_lab_chinese_embedding_light_mirror_mvp,0.21227929,2058,0.54423648,1739,0.51154143,2801,同龄人,社会比较与人生进度,unreviewed
2059,超短裙,超短裙,3,tencent_ai_lab_chinese_embedding_light_mirror_mvp,0.21208062,2059,0.54547299,1703,0.44217438,4513,单身,单身与脱单,unreviewed
2060,难舍难分,难舍难分,4,tencent_ai_lab_chinese_embedding_light_mirror_mvp,0.21180426,2060,0.54418659,1741,0.54130876,1993,亲密,亲密行为,unreviewed
2061,微信里,微信里,3,tencent_ai_lab_chinese_embedding_light_mirror_mvp,0.21169436,2061,0.54380977,1754,0.49280387,3356,别人都有对象,表白与追求,unreviewed
2062,长裤,长裤,2,tencent_ai_lab_chinese_embedding_light_mirror_mvp,0.21145629,2062,0.54460815,1727,0.45050436,4378,校服,婚恋,unreviewed
2063,诗意,诗意,2,tencent_ai_lab_chinese_embedding_light_mirror_mvp,0.21124116,2063,0.54829259,1621,0.41794893,4788,爱情,表白与追求,unreviewed
2064,胖妞,胖妞,2,tencent_ai_lab_chinese_embedding_light_mirror_mvp,0.21117991,2064,0.54381331,1753,0.48808014,3467,女朋友,对象关系,unreviewed
2065,昆凌,昆凌,2,tencent_ai_lab_chinese_embedding_light_mirror_mvp,0.21117565,2065,0.55119181,1537,0.40018287,4899,伴侣,社会比较与人生进度,unreviewed
2066,双胞胎,双胞胎,3,tencent_ai_lab_chinese_embedding_light_mirror_mvp,0.21055036,2066,0.52922269,2264,0.57403415,1324,母胎单身,单身与脱单,unreviewed
2067,真的,真的,2,tencent_ai_lab_chinese_embedding_light_mirror_mvp,0.21034204,2067,0.54394959,1748,0.51882654,2594,亲密,社会比较与人生进度,unreviewed
2068,平平淡淡,平平淡淡,4,tencent_ai_lab_chinese_embedding_light_mirror_mvp,0.21027785,2068,0.54391174,1750,0.5168792,2653,落后,社会比较与人生进度,unreviewed
2069,运动鞋,运动鞋,3,tencent_ai_lab_chinese_embedding_light_mirror_mvp,0.21024736,2069,0.54700727,1668,0.42810559,4686,散步,社会比较与人生进度,unreviewed
2070,你生,你生,2,tencent_ai_lab_chinese_embedding_light_mirror_mvp,0.21012733,2070,0.54384764,1752,0.51072872,2824,人生阶段,社会比较与人生进度,unreviewed
2071,父辈,父辈,2,tencent_ai_lab_chinese_embedding_light_mirror_mvp,0.21005326,2071,0.5436729,1760,0.50013345,3141,老公,社会比较与人生进度,unreviewed
2072,死心,死心,2,tencent_ai_lab_chinese_embedding_light_mirror_mvp,0.20999727,2072,0.54347953,1765,0.47933197,3724,暗恋,表白与追求,unreviewed
2073,不愉快,不愉快,3,tencent_ai_lab_chinese_embedding_light_mirror_mvp,0.20978366,2073,0.54200444,1812,0.55300289,1704,落后,社会比较与人生进度,unreviewed
2074,包养,包养,2,tencent_ai_lab_chinese_embedding_light_mirror_mvp,0.20972969,2074,0.54388804,1751,0.52439958,2440,拥抱,亲密行为,unreviewed
2075,共事,共事,2,tencent_ai_lab_chinese_embedding_light_mirror_mvp,0.20968965,2075,0.53571794,2013,0.56190681,1521,伴侣,约会,unreviewed
2076,黑粉,黑粉,2,tencent_ai_lab_chinese_embedding_light_mirror_mvp,0.20954419,2076,0.54889326,1600,0.41099364,4844,暗恋,表白与追求,unreviewed
2077,大壮,大壮,2,tencent_ai_lab_chinese_embedding_light_mirror_mvp,0.20921296,2077,0.55149473,1528,0.39559472,4934,拥抱,亲密行为,manual_reject
2078,说会,说会,2,tencent_ai_lab_chinese_embedding_light_mirror_mvp,0.20910618,2078,0.49825102,3757,0.64858371,530,约会,约会,unreviewed
2079,好好学习,好好学习,4,tencent_ai_lab_chinese_embedding_light_mirror_mvp,0.20908716,2079,0.54361835,1762,0.4633404,4119,追求,社会比较与人生进度,unreviewed
2080,当众,当众,2,tencent_ai_lab_chinese_embedding_light_mirror_mvp,0.20900012,2080,0.54380305,1755,0.52564597,2404,落后,社会比较与人生进度,unreviewed
2081,结束时,结束时,3,tencent_ai_lab_chinese_embedding_light_mirror_mvp,0.20897068,2081,0.52837883,2299,0.57469881,1312,结婚,社会比较与人生进度,unreviewed
2082,大表哥,大表哥,3,tencent_ai_lab_chinese_embedding_light_mirror_mvp,0.20894468,2082,0.54428179,1735,0.44704252,4444,表白,表白与追求,unreviewed
2083,可人,可人,2,tencent_ai_lab_chinese_embedding_light_mirror_mvp,0.20882976,2083,0.53462797,2049,0.56315231,1500,恋人,社会比较与人生进度,unreviewed
2084,不是,不是,2,tencent_ai_lab_chinese_embedding_light_mirror_mvp,0.2085978,2084,0.5437319,1758,0.54648584,1843,没有对象,社会比较与人生进度,unreviewed
2085,脱下来,脱下来,3,tencent_ai_lab_chinese_embedding_light_mirror_mvp,0.20852968,2085,0.49610578,3908,0.65607929,480,脱单,社会比较与人生进度,unreviewed
2086,楼主,楼主,2,tencent_ai_lab_chinese_embedding_light_mirror_mvp,0.20832732,2086,0.53987473,1879,0.55530471,1659,恋爱经验,社会比较与人生进度,unreviewed
2087,手淫,手淫,2,tencent_ai_lab_chinese_embedding_light_mirror_mvp,0.20829005,2087,0.543223,1775,0.47608149,3810,牵手,表白与追求,unreviewed
2088,校门,校门,2,tencent_ai_lab_chinese_embedding_light_mirror_mvp,0.20820814,2088,0.50067914,3617,0.64073306,597,校服,校园恋爱,unreviewed
2089,审美,审美,2,tencent_ai_lab_chinese_embedding_light_mirror_mvp,0.20802982,2089,0.54310869,1776,0.47995305,3705,追求,社会比较与人生进度,unreviewed
2090,哭了,哭了,2,tencent_ai_lab_chinese_embedding_light_mirror_mvp,0.20799112,2090,0.5430508,1779,0.47432959,3868,恋情,社会比较与人生进度,unreviewed
2091,代人,代人,2,tencent_ai_lab_chinese_embedding_light_mirror_mvp,0.20790355,2091,0.52379183,2451,0.58189774,1212,同龄人,社会比较与人生进度,unreviewed
2092,思想,思想,2,tencent_ai_lab_chinese_embedding_light_mirror_mvp,0.20783045,2092,0.54365273,1761,0.53845268,2053,追求,社会比较与人生进度,unreviewed
2093,忽略,忽略,2,tencent_ai_lab_chinese_embedding_light_mirror_mvp,0.20742898,2093,0.54347602,1766,0.54591703,1863,落后,社会比较与人生进度,unreviewed
2094,胖子,胖子,2,tencent_ai_lab_chinese_embedding_light_mirror_mvp,0.20737614,2094,0.54328249,1773,0.46431622,4096,妻子,社会比较与人生进度,unreviewed
2095,同床异梦,同床异梦,4,tencent_ai_lab_chinese_embedding_light_mirror_mvp,0.20683793,2095,0.54335766,1771,0.52839053,2342,同桌,恋爱历史,unreviewed
2096,很喜欢,很喜欢,3,tencent_ai_lab_chinese_embedding_light_mirror_mvp,0.20677879,2096,0.5055865,3339,0.62527424,727,喜欢的人,表白与追求,unreviewed
2097,表象,表象,2,tencent_ai_lab_chinese_embedding_light_mirror_mvp,0.20670468,2097,0.48642195,4601,0.69322789,303,对象,表白与追求,unreviewed
2098,而立之年,而立之年,4,tencent_ai_lab_chinese_embedding_light_mirror_mvp,0.206669,2098,0.54305265,1778,0.46517041,4078,婚礼,社会比较与人生进度,unreviewed
2099,合适,合适,2,tencent_ai_lab_chinese_embedding_light_mirror_mvp,0.20664951,2099,0.54288172,1783,0.48409432,3588,对象,社会比较与人生进度,unreviewed
2100,一家子,一家子,3,tencent_ai_lab_chinese_embedding_light_mirror_mvp,0.20611775,2100,0.54326352,1774,0.54750162,1820,妻子,婚恋,unreviewed
2101,好不好,好不好,3,tencent_ai_lab_chinese_embedding_light_mirror_mvp,0.20610484,2101,0.54329995,1772,0.53572124,2130,落后,社会比较与人生进度,unreviewed
2102,将爱,将爱,2,tencent_ai_lab_chinese_embedding_light_mirror_mvp,0.20606145,2102,0.516571,2747,0.59482479,1022,恋爱,恋爱核心,manual_review
2103,那段,那段,2,tencent_ai_lab_chinese_embedding_light_mirror_mvp,0.2059827,2103,0.52106295,2547,0.5855611,1160,人生阶段,社会比较与人生进度,unreviewed
2104,十六岁,十六岁,3,tencent_ai_lab_chinese_embedding_light_mirror_mvp,0.20590922,2104,0.53345006,2097,0.56373203,1493,同龄人,社会比较与人生进度,unreviewed
2105,出任,出任,2,tencent_ai_lab_chinese_embedding_light_mirror_mvp,0.20590179,2105,0.49362108,4082,0.66369504,443,前任,恋爱历史,unreviewed
2106,四五岁,四五岁,3,tencent_ai_lab_chinese_embedding_light_mirror_mvp,0.20559882,2106,0.51907251,2643,0.58971304,1100,同龄人,社会比较与人生进度,unreviewed
2107,心底,心底,2,tencent_ai_lab_chinese_embedding_light_mirror_mvp,0.20544798,2107,0.54293184,1782,0.50764424,2916,感情史,社会比较与人生进度,unreviewed
2108,辣妈,辣妈,2,tencent_ai_lab_chinese_embedding_light_mirror_mvp,0.20534407,2108,0.54464678,1725,0.43680796,4584,老婆,对象关系,unreviewed
2109,某校,某校,2,tencent_ai_lab_chinese_embedding_light_mirror_mvp,0.2052881,2109,0.50548515,3341,0.62437457,735,校服,校园恋爱,unreviewed
2110,黄父,黄父,2,tencent_ai_lab_chinese_embedding_light_mirror_mvp,0.20524791,2110,0.54995608,1566,0.3989225,4914,丈夫,婚恋,manual_reject
2111,唠叨,唠叨,2,tencent_ai_lab_chinese_embedding_light_mirror_mvp,0.20519543,2111,0.54270804,1789,0.498676,3182,伴侣,表白与追求,unreviewed
2112,老四,老四,2,tencent_ai_lab_chinese_embedding_light_mirror_mvp,0.20476187,2112,0.54261026,1794,0.49785793,3213,老公,社会比较与人生进度,unreviewed
2113,整天,整天,2,tencent_ai_lab_chinese_embedding_light_mirror_mvp,0.20472852,2113,0.54256682,1796,0.48039991,3692,老公,约会,unreviewed
2114,情色,情色,2,tencent_ai_lab_chinese_embedding_light_mirror_mvp,0.20464143,2114,0.50007654,3656,0.64018285,602,恋情,恋爱核心,unreviewed
2115,教养,教养,2,tencent_ai_lab_chinese_embedding_light_mirror_mvp,0.20408315,2115,0.54249784,1800,0.47529811,3829,拥抱,社会比较与人生进度,unreviewed
2116,给他,给他,2,tencent_ai_lab_chinese_embedding_light_mirror_mvp,0.20403543,2116,0.54271065,1788,0.54469192,1905,被追,表白与追求,unreviewed
2117,败家,败家,2,tencent_ai_lab_chinese_embedding_light_mirror_mvp,0.20360545,2117,0.54268403,1791,0.54432714,1915,落后,婚恋,unreviewed
2118,三观,三观,2,tencent_ai_lab_chinese_embedding_light_mirror_mvp,0.20356776,2118,0.54246062,1801,0.48355347,3597,老公,社会比较与人生进度,unreviewed
2119,其女,其女,2,tencent_ai_lab_chinese_embedding_light_mirror_mvp,0.20330684,2119,0.53352368,2094,0.56206435,1519,前女友,社会比较与人生进度,unreviewed
2120,留校察看,留校察看,4,tencent_ai_lab_chinese_embedding_light_mirror_mvp,0.20318884,2120,0.54262656,1792,0.5193491,2584,校服,校园恋爱,unreviewed
2121,亲子,亲子,2,tencent_ai_lab_chinese_embedding_light_mirror_mvp,0.20314727,2121,0.49035751,4298,0.67351651,391,亲密,亲密行为,unreviewed
2122,自习,自习,2,tencent_ai_lab_chinese_embedding_light_mirror_mvp,0.20284309,2122,0.54227039,1806,0.49056435,3411,同桌,校园恋爱,unreviewed
2123,境界,境界,2,tencent_ai_lab_chinese_embedding_light_mirror_mvp,0.20233487,2123,0.5420812,1811,0.47923994,3726,人生阶段,社会比较与人生进度,unreviewed
2124,交集,交集,2,tencent_ai_lab_chinese_embedding_light_mirror_mvp,0.20219188,2124,0.54250593,1799,0.51600993,2676,亲密,亲密行为,unreviewed
2125,毕业,毕业,2,tencent_ai_lab_chinese_embedding_light_mirror_mvp,0.20148947,2125,0.53816516,1936,0.5541569,1679,青春,社会比较与人生进度,unreviewed
2126,小董,小董,2,tencent_ai_lab_chinese_embedding_light_mirror_mvp,0.20147344,2126,0.54582543,1690,0.42115331,4754,约饭,社会比较与人生进度,unreviewed
2127,换亲,换亲,2,tencent_ai_lab_chinese_embedding_light_mirror_mvp,0.20141203,2127,0.51807822,2685,0.58911663,1107,接吻,亲密行为,unreviewed
2128,结尾,结尾,2,tencent_ai_lab_chinese_embedding_light_mirror_mvp,0.20116738,2128,0.52172301,2518,0.58133078,1223,结婚,社会比较与人生进度,unreviewed
2129,心扉,心扉,2,tencent_ai_lab_chinese_embedding_light_mirror_mvp,0.20068236,2129,0.53820784,1935,0.55372727,1690,感情史,社会比较与人生进度,unreviewed
2130,走走停停,走走停停,4,tencent_ai_lab_chinese_embedding_light_mirror_mvp,0.20060392,2130,0.50201924,3530,0.63067055,674,散步,约会,unreviewed
2131,桌子,桌子,2,tencent_ai_lab_chinese_embedding_light_mirror_mvp,0.2005865,2131,0.50033191,3639,0.63637984,633,同桌,校园恋爱,unreviewed
2132,坎坷,坎坷,2,tencent_ai_lab_chinese_embedding_light_mirror_mvp,0.20055013,2132,0.54192271,1817,0.50020075,3138,人生阶段,社会比较与人生进度,unreviewed
2133,红地毯,红地毯,3,tencent_ai_lab_chinese_embedding_light_mirror_mvp,0.20053749,2133,0.54674835,1671,0.41453019,4819,婚礼,亲密行为,unreviewed
2134,因为,因为,2,tencent_ai_lab_chinese_embedding_light_mirror_mvp,0.20048635,2134,0.54171002,1824,0.47452581,3860,被追,社会比较与人生进度,unreviewed
2135,亲自,亲自,2,tencent_ai_lab_chinese_embedding_light_mirror_mvp,0.20027615,2135,0.48271211,4905,0.7049498,258,亲密,亲密行为,manual_reject
2136,婚姻法,婚姻法,3,tencent_ai_lab_chinese_embedding_light_mirror_mvp,0.20014604,2136,0.50193707,3538,0.63069022,673,结婚,婚恋,unreviewed
2137,气不过,气不过,3,tencent_ai_lab_chinese_embedding_light_mirror_mvp,0.20007001,2137,0.53487873,2039,0.55804074,1600,落后,社会比较与人生进度,unreviewed
2138,情圣,情圣,2,tencent_ai_lab_chinese_embedding_light_mirror_mvp,0.19996651,2138,0.54222538,1809,0.53661919,2103,情侣,恋爱核心,unreviewed
2139,活力,活力,2,tencent_ai_lab_chinese_embedding_light_mirror_mvp,0.1998942,2139,0.54164362,1825,0.48490882,3569,追求,社会比较与人生进度,unreviewed
2140,年纪轻轻,年纪轻轻,4,tencent_ai_lab_chinese_embedding_light_mirror_mvp,0.19988007,2140,0.50525205,3351,0.6209541,761,青春,社会比较与人生进度,unreviewed
2141,生离死别,生离死别,4,tencent_ai_lab_chinese_embedding_light_mirror_mvp,0.19976487,2141,0.54453809,1730,0.42869848,4678,老公,社会比较与人生进度,unreviewed
2142,诚然,诚然,2,tencent_ai_lab_chinese_embedding_light_mirror_mvp,0.19970169,2142,0.5290818,2272,0.56789958,1415,亲密,表白与追求,unreviewed
2143,人生道路,人生道路,4,tencent_ai_lab_chinese_embedding_light_mirror_mvp,0.19953661,2143,0.49131877,4232,0.66693288,424,人生阶段,社会比较与人生进度,unreviewed
2144,情趣,情趣,2,tencent_ai_lab_chinese_embedding_light_mirror_mvp,0.1994492,2144,0.49700489,3837,0.64567947,553,情侣,对象关系,unreviewed
2145,会面,会面,2,tencent_ai_lab_chinese_embedding_light_mirror_mvp,0.19935461,2145,0.50835327,3191,0.61241281,844,约会,约会,unreviewed
2146,私情,私情,2,tencent_ai_lab_chinese_embedding_light_mirror_mvp,0.19919067,2146,0.51038069,3075,0.60661811,904,感情史,亲密行为,unreviewed
2147,百般,百般,2,tencent_ai_lab_chinese_embedding_light_mirror_mvp,0.19915839,2147,0.54189129,1818,0.54437673,1912,落后,社会比较与人生进度,unreviewed
2148,长久,长久,2,tencent_ai_lab_chinese_embedding_light_mirror_mvp,0.1991531,2148,0.54194398,1815,0.53279066,2213,亲密,社会比较与人生进度,unreviewed
2149,大美女,大美女,3,tencent_ai_lab_chinese_embedding_light_mirror_mvp,0.19906666,2149,0.54153414,1829,0.46710712,4045,老婆,婚恋,unreviewed
2150,中考,中考,2,tencent_ai_lab_chinese_embedding_light_mirror_mvp,0.19906346,2150,0.5417408,1822,0.50656366,2949,高中恋爱,社会比较与人生进度,unreviewed
2151,快乐的,快乐的,3,tencent_ai_lab_chinese_embedding_light_mirror_mvp,0.19894718,2151,0.5333616,2099,0.56006825,1564,喜欢的人,表白与追求,unreviewed
2152,上进心,上进心,3,tencent_ai_lab_chinese_embedding_light_mirror_mvp,0.19891331,2152,0.54143252,1831,0.48289031,3624,追求,社会比较与人生进度,unreviewed
2153,做孕检,做孕检,3,tencent_ai_lab_chinese_embedding_light_mirror_mvp,0.19877814,2153,0.54181356,1819,0.45912021,4211,母胎单身,婚恋,unreviewed
2154,继任,继任,2,tencent_ai_lab_chinese_embedding_light_mirror_mvp,0.19877559,2154,0.48914108,4389,0.6749059,382,前任,恋爱历史,unreviewed
2155,八万块,八万块,3,tencent_ai_lab_chinese_embedding_light_mirror_mvp,0.19876812,2155,0.54551756,1700,0.41958693,4768,订婚,社会比较与人生进度,unreviewed
2156,人好,人好,2,tencent_ai_lab_chinese_embedding_light_mirror_mvp,0.19868143,2156,0.50870504,3172,0.61110461,861,喜欢的人,社会比较与人生进度,unreviewed
2157,小伙子,小伙子,3,tencent_ai_lab_chinese_embedding_light_mirror_mvp,0.19836196,2157,0.54176044,1821,0.54543906,1876,同龄人,社会比较与人生进度,unreviewed
2158,找了,找了,2,tencent_ai_lab_chinese_embedding_light_mirror_mvp,0.19816122,2158,0.52097872,2550,0.58102703,1229,求婚,表白与追求,unreviewed
2159,兜风,兜风,2,tencent_ai_lab_chinese_embedding_light_mirror_mvp,0.19810007,2159,0.54994655,1568,0.39094132,4950,牵手,亲密行为,manual_review
2160,享受性,享受性,3,tencent_ai_lab_chinese_embedding_light_mirror_mvp,0.19808171,2160,0.54161448,1826,0.54751754,1819,拥抱,社会比较与人生进度,unreviewed
2161,走下去,走下去,3,tencent_ai_lab_chinese_embedding_light_mirror_mvp,0.19789989,2161,0.5060697,3316,0.61798209,800,散步,社会比较与人生进度,unreviewed
2162,亲同,亲同,2,tencent_ai_lab_chinese_embedding_light_mirror_mvp,0.19787316,2162,0.48321867,4866,0.70089293,279,亲密,亲密行为,unreviewed
2163,一些人,一些人,3,tencent_ai_lab_chinese_embedding_light_mirror_mvp,0.19732186,2163,0.48715601,4540,0.68218768,352,同龄人,社会比较与人生进度,unreviewed
2164,坏脾气,坏脾气,3,tencent_ai_lab_chinese_embedding_light_mirror_mvp,0.19706937,2164,0.54303114,1780,0.43799275,4569,落后,社会比较与人生进度,unreviewed
2165,坚信,坚信,2,tencent_ai_lab_chinese_embedding_light_mirror_mvp,0.19700837,2165,0.53140634,2178,0.56225663,1517,追求,表白与追求,unreviewed
2166,情深意长,情深意长,4,tencent_ai_lab_chinese_embedding_light_mirror_mvp,0.19699761,2166,0.53328979,2103,0.55912179,1581,感情史,表白与追求,unreviewed
2167,以后,以后,2,tencent_ai_lab_chinese_embedding_light_mirror_mvp,0.19683647,2167,0.49948251,3686,0.63608056,635,落后,社会比较与人生进度,unreviewed
2168,热望,热望,2,tencent_ai_lab_chinese_embedding_light_mirror_mvp,0.19667549,2168,0.52700155,2348,0.56990004,1391,追求,表白与追求,unreviewed
2169,拍到,拍到,2,tencent_ai_lab_chinese_embedding_light_mirror_mvp,0.19658679,2169,0.54095514,1846,0.4926196,3364,对象,社会比较与人生进度,unreviewed
2170,永恒,永恒,2,tencent_ai_lab_chinese_embedding_light_mirror_mvp,0.19656538,2170,0.54120461,1839,0.46470082,4087,感情史,亲密行为,unreviewed
2171,太抠,太抠,2,tencent_ai_lab_chinese_embedding_light_mirror_mvp,0.19643371,2171,0.54125021,1838,0.46247479,4139,落后,社会比较与人生进度,unreviewed
2172,男女性,男女性,3,tencent_ai_lab_chinese_embedding_light_mirror_mvp,0.19634826,2172,0.50591394,3327,0.61755061,809,男朋友,对象关系,unreviewed
2173,配不上,配不上,3,tencent_ai_lab_chinese_embedding_light_mirror_mvp,0.19631515,2173,0.54139295,1834,0.52965516,2303,没有对象,社会比较与人生进度,unreviewed
2174,打动,打动,2,tencent_ai_lab_chinese_embedding_light_mirror_mvp,0.19627968,2174,0.52912577,2270,0.56597131,1454,牵手,表白与追求,unreviewed
2175,相互,相互,2,tencent_ai_lab_chinese_embedding_light_mirror_mvp,0.19603064,2175,0.5189925,2650,0.58410466,1180,对象,亲密行为,unreviewed
2176,长跑,长跑,2,tencent_ai_lab_chinese_embedding_light_mirror_mvp,0.19602358,2176,0.54132617,1835,0.51849127,2602,散步,约会,unreviewed
2177,十四岁,十四岁,3,tencent_ai_lab_chinese_embedding_light_mirror_mvp,0.19598585,2177,0.52206438,2507,0.57750481,1276,同龄人,社会比较与人生进度,unreviewed
2178,重男轻女,重男轻女,4,tencent_ai_lab_chinese_embedding_light_mirror_mvp,0.19598461,2178,0.53764107,1958,0.55215895,1722,前男友,社会比较与人生进度,unreviewed
2179,初一学生,初一学生,4,tencent_ai_lab_chinese_embedding_light_mirror_mvp,0.19582875,2179,0.49439533,4029,0.65254629,497,初恋,校园恋爱,unreviewed
2180,相好,相好,2,tencent_ai_lab_chinese_embedding_light_mirror_mvp,0.19569242,2180,0.54131444,1836,0.52285761,2479,对象,社会比较与人生进度,unreviewed
2181,真正,真正,2,tencent_ai_lab_chinese_embedding_light_mirror_mvp,0.19562947,2181,0.54116195,1840,0.51139033,2805,亲密,社会比较与人生进度,unreviewed
2182,好想,好想,2,tencent_ai_lab_chinese_embedding_light_mirror_mvp,0.19561359,2182,0.52769371,2321,0.56783295,1417,追求,表白与追求,unreviewed
2183,生理反应,生理反应,4,tencent_ai_lab_chinese_embedding_light_mirror_mvp,0.19556297,2183,0.54463553,1726,0.42118102,4753,亲密关系,社会比较与人生进度,unreviewed
2184,盛大,盛大,2,tencent_ai_lab_chinese_embedding_light_mirror_mvp,0.19553253,2184,0.5414305,1832,0.45475113,4298,大学恋爱,社会比较与人生进度,unreviewed
2185,错失,错失,2,tencent_ai_lab_chinese_embedding_light_mirror_mvp,0.19517409,2185,0.50457321,3388,0.61969459,780,错过青春,社会比较与人生进度,unreviewed
2186,情感淡漠,情感淡漠,4,tencent_ai_lab_chinese_embedding_light_mirror_mvp,0.19512815,2186,0.50623876,3304,0.61537796,823,感情史,单身与脱单,unreviewed
2187,零花钱,零花钱,3,tencent_ai_lab_chinese_embedding_light_mirror_mvp,0.19499964,2187,0.54096254,1845,0.46148795,4159,被追,社会比较与人生进度,unreviewed
2188,忘掉,忘掉,2,tencent_ai_lab_chinese_embedding_light_mirror_mvp,0.1949807,2188,0.53663249,1988,0.55298483,1705,错过青春,社会比较与人生进度,unreviewed
2189,委曲求全,委曲求全,4,tencent_ai_lab_chinese_embedding_light_mirror_mvp,0.194911,2189,0.54053051,1856,0.49246359,3369,求婚,表白与追求,unreviewed
2190,经纪人,经纪人,3,tencent_ai_lab_chinese_embedding_light_mirror_mvp,0.19461547,2190,0.51781417,2692,0.58536154,1164,同龄人,社会比较与人生进度,unreviewed
2191,娘子,娘子,2,tencent_ai_lab_chinese_embedding_light_mirror_mvp,0.19452647,2191,0.52108443,2545,0.57852936,1265,妻子,婚恋,unreviewed
2192,倾向,倾向,2,tencent_ai_lab_chinese_embedding_light_mirror_mvp,0.19417267,2192,0.53450953,2052,0.55548501,1655,追求,社会比较与人生进度,unreviewed
2193,寻找,寻找,2,tencent_ai_lab_chinese_embedding_light_mirror_mvp,0.19403108,2193,0.50020101,3648,0.63170338,662,追求,表白与追求,unreviewed
2194,没良心,没良心,3,tencent_ai_lab_chinese_embedding_light_mirror_mvp,0.1938872,2194,0.54051975,1857,0.5467751,1838,没有对象,社会比较与人生进度,unreviewed
2195,四年级,四年级,3,tencent_ai_lab_chinese_embedding_light_mirror_mvp,0.19387585,2195,0.54193714,1816,0.44304138,4501,青春,社会比较与人生进度,unreviewed
2196,谈话,谈话,2,tencent_ai_lab_chinese_embedding_light_mirror_mvp,0.19379629,2196,0.50195903,3535,0.62599027,716,对象,约会,unreviewed
2197,大三,大三,2,tencent_ai_lab_chinese_embedding_light_mirror_mvp,0.19376524,2197,0.51568561,2791,0.58931613,1104,大学恋爱,校园恋爱,unreviewed
2198,共感,共感,2,tencent_ai_lab_chinese_embedding_light_mirror_mvp,0.19375406,2198,0.51310005,2932,0.59544802,1011,感情史,亲密行为,manual_reject
2199,妈家,妈家,2,tencent_ai_lab_chinese_embedding_light_mirror_mvp,0.19362689,2199,0.54033625,1863,0.47739881,3771,母胎单身,婚恋,unreviewed
2200,屌丝,屌丝,2,tencent_ai_lab_chinese_embedding_light_mirror_mvp,0.19355787,2200,0.54032922,1864,0.48083556,3680,青春,社会比较与人生进度,unreviewed
2201,十二岁,十二岁,3,tencent_ai_lab_chinese_embedding_light_mirror_mvp,0.19352984,2201,0.53197647,2151,0.55923057,1576,同龄人,社会比较与人生进度,unreviewed
2202,多金,多金,2,tencent_ai_lab_chinese_embedding_light_mirror_mvp,0.1934353,2202,0.54151425,1830,0.44659144,4453,脱单,单身与脱单,unreviewed
2203,卑微,卑微,2,tencent_ai_lab_chinese_embedding_light_mirror_mvp,0.19340937,2203,0.53165166,2168,0.55995184,1567,落后,社会比较与人生进度,unreviewed
2204,汉服,汉服,2,tencent_ai_lab_chinese_embedding_light_mirror_mvp,0.19339806,2204,0.54024588,1868,0.54696089,1834,校服,校园恋爱,unreviewed
2205,唯美,唯美,2,tencent_ai_lab_chinese_embedding_light_mirror_mvp,0.19338068,2205,0.54031878,1865,0.48668385,3521,单身,单身与脱单,unreviewed
2206,自身,自身,2,tencent_ai_lab_chinese_embedding_light_mirror_mvp,0.19335703,2206,0.51492114,2828,0.590693,1082,单身,单身与脱单,unreviewed
2207,当下,当下,2,tencent_ai_lab_chinese_embedding_light_mirror_mvp,0.19330248,2207,0.54087198,1850,0.52237725,2488,落后,社会比较与人生进度,unreviewed
2208,有多爱,有多爱,3,tencent_ai_lab_chinese_embedding_light_mirror_mvp,0.19327886,2208,0.51428056,2862,0.59216881,1061,爱情,恋爱核心,unreviewed
2209,情结,情结,2,tencent_ai_lab_chinese_embedding_light_mirror_mvp,0.19326198,2209,0.49209983,4179,0.65867615,461,感情史,对象关系,unreviewed
2210,心里,心里,2,tencent_ai_lab_chinese_embedding_light_mirror_mvp,0.19303964,2210,0.54067717,1855,0.54389042,1922,喜欢的人,表白与追求,unreviewed
2211,下班,下班,2,tencent_ai_lab_chinese_embedding_light_mirror_mvp,0.19299364,2211,0.54069872,1854,0.51886064,2593,约会,社会比较与人生进度,unreviewed
2212,礼貌,礼貌,2,tencent_ai_lab_chinese_embedding_light_mirror_mvp,0.19296061,2212,0.51113952,3030,0.5999431,968,婚礼,表白与追求,manual_reject
2213,猜疑,猜疑,2,tencent_ai_lab_chinese_embedding_light_mirror_mvp,0.19287982,2213,0.54047775,1858,0.50847495,2890,被追,表白与追求,unreviewed
2214,备孕,备孕,2,tencent_ai_lab_chinese_embedding_light_mirror_mvp,0.19285796,2214,0.52618759,2374,0.56883419,1406,订婚,婚恋,unreviewed
2215,辈子,辈子,2,tencent_ai_lab_chinese_embedding_light_mirror_mvp,0.19285795,2215,0.52198069,2511,0.57557195,1298,人生阶段,社会比较与人生进度,unreviewed
2216,赴宴,赴宴,2,tencent_ai_lab_chinese_embedding_light_mirror_mvp,0.19238151,2216,0.51293025,2944,0.59503567,1015,约饭,约会,manual_reject
2217,小小年纪,小小年纪,4,tencent_ai_lab_chinese_embedding_light_mirror_mvp,0.19236007,2217,0.53379931,2080,0.55560982,1650,同龄人,社会比较与人生进度,unreviewed
2218,退行,退行,2,tencent_ai_lab_chinese_embedding_light_mirror_mvp,0.19208482,2218,0.51974195,2606,0.57976085,1245,散步,社会比较与人生进度,unreviewed
2219,道歉,道歉,2,tencent_ai_lab_chinese_embedding_light_mirror_mvp,0.19206883,2219,0.54025954,1867,0.54625082,1851,告白,社会比较与人生进度,unreviewed
2220,情思,情思,2,tencent_ai_lab_chinese_embedding_light_mirror_mvp,0.19205407,2220,0.49787021,3788,0.63773525,622,恋情,恋爱核心,unreviewed
2221,都说,都说,2,tencent_ai_lab_chinese_embedding_light_mirror_mvp,0.1916622,2221,0.53994926,1878,0.47463471,3855,对象,社会比较与人生进度,unreviewed
2222,奋斗不息,奋斗不息,4,tencent_ai_lab_chinese_embedding_light_mirror_mvp,0.19160051,2222,0.54044006,1860,0.53720558,2087,追求,社会比较与人生进度,unreviewed
2223,大多数人,大多数人,4,tencent_ai_lab_chinese_embedding_light_mirror_mvp,0.19155527,2223,0.50054711,3623,0.62877929,692,同龄人,社会比较与人生进度,unreviewed
2224,进步,进步,2,tencent_ai_lab_chinese_embedding_light_mirror_mvp,0.19128064,2224,0.50518762,3355,0.61529565,825,散步,社会比较与人生进度,unreviewed
2225,感人,感人,2,tencent_ai_lab_chinese_embedding_light_mirror_mvp,0.19113235,2225,0.50160133,3561,0.62540507,725,感情史,社会比较与人生进度,unreviewed
2226,超前,超前,2,tencent_ai_lab_chinese_embedding_light_mirror_mvp,0.19109193,2226,0.51438855,2856,0.59056479,1086,前男友,恋爱历史,unreviewed
2227,不论男女,不论男女,4,tencent_ai_lab_chinese_embedding_light_mirror_mvp,0.19094665,2227,0.52130903,2537,0.57560742,1297,别人都有对象,社会比较与人生进度,unreviewed
2228,饭前,饭前,2,tencent_ai_lab_chinese_embedding_light_mirror_mvp,0.19080461,2228,0.48891734,4405,0.66913909,409,约饭,恋爱历史,unreviewed
2229,有理想,有理想,3,tencent_ai_lab_chinese_embedding_light_mirror_mvp,0.19036209,2229,0.53871299,1919,0.54748881,1821,追求,社会比较与人生进度,unreviewed
2230,大二,大二,2,tencent_ai_lab_chinese_embedding_light_mirror_mvp,0.19011709,2230,0.51588579,2780,0.58641565,1142,大学恋爱,校园恋爱,unreviewed
2231,价值观念,价值观念,4,tencent_ai_lab_chinese_embedding_light_mirror_mvp,0.19005795,2231,0.53964933,1888,0.49232209,3376,人生阶段,社会比较与人生进度,unreviewed
2232,快走,快走,2,tencent_ai_lab_chinese_embedding_light_mirror_mvp,0.1900021,2232,0.50719966,3248,0.60870904,881,散步,约会,unreviewed
2233,年龄层,年龄层,3,tencent_ai_lab_chinese_embedding_light_mirror_mvp,0.18990283,2233,0.49946418,3687,0.63071823,672,同龄人,社会比较与人生进度,unreviewed
2234,每个人,每个人,3,tencent_ai_lab_chinese_embedding_light_mirror_mvp,0.18986352,2234,0.51374941,2893,0.591362,1073,同龄人,社会比较与人生进度,unreviewed
2235,敌对,敌对,2,tencent_ai_lab_chinese_embedding_light_mirror_mvp,0.18970235,2235,0.52084783,2558,0.57580978,1295,对象,社会比较与人生进度,unreviewed
2236,推心置腹,推心置腹,4,tencent_ai_lab_chinese_embedding_light_mirror_mvp,0.18958379,2236,0.53954738,1891,0.4703052,3971,拥抱,表白与追求,unreviewed
2237,内疚,内疚,2,tencent_ai_lab_chinese_embedding_light_mirror_mvp,0.18955664,2237,0.53997332,1876,0.52844012,2336,前任,社会比较与人生进度,unreviewed
2238,共赴,共赴,2,tencent_ai_lab_chinese_embedding_light_mirror_mvp,0.18953596,2238,0.53345258,2096,0.55465925,1668,约会,约会,unreviewed
2239,表达,表达,2,tencent_ai_lab_chinese_embedding_light_mirror_mvp,0.18937198,2239,0.49242095,4157,0.65437579,488,表白,表白与追求,unreviewed
2240,校长,校长,2,tencent_ai_lab_chinese_embedding_light_mirror_mvp,0.18918895,2240,0.51755133,2705,0.58245981,1204,校服,校园恋爱,unreviewed
2241,小朋友,小朋友,3,tencent_ai_lab_chinese_embedding_light_mirror_mvp,0.18893075,2241,0.51136193,3022,0.59634107,995,男朋友,对象关系,manual_reject
2242,年轻一代,年轻一代,4,tencent_ai_lab_chinese_embedding_light_mirror_mvp,0.18885522,2242,0.51684902,2740,0.58394444,1187,青春,社会比较与人生进度,unreviewed
2243,付账,付账,2,tencent_ai_lab_chinese_embedding_light_mirror_mvp,0.18866975,2243,0.53978004,1883,0.5156762,2686,对象,婚恋,unreviewed
2244,女学霸,女学霸,3,tencent_ai_lab_chinese_embedding_light_mirror_mvp,0.18866101,2244,0.53984358,1880,0.52154529,2515,女朋友,校园恋爱,unreviewed
2245,买菜,买菜,2,tencent_ai_lab_chinese_embedding_light_mirror_mvp,0.18859353,2245,0.53980616,1881,0.51745892,2628,约饭,约会,unreviewed
2246,老人家,老人家,3,tencent_ai_lab_chinese_embedding_light_mirror_mvp,0.18831709,2246,0.50800403,3215,0.60575819,912,老公,婚恋,unreviewed
2247,所谓,所谓,2,tencent_ai_lab_chinese_embedding_light_mirror_mvp,0.18823154,2247,0.53963319,1889,0.503824,3019,别人都有对象,社会比较与人生进度,unreviewed
2248,红毯,红毯,2,tencent_ai_lab_chinese_embedding_light_mirror_mvp,0.18812264,2248,0.53920441,1902,0.47189924,3935,婚礼,亲密行为,unreviewed
2249,觉察,觉察,2,tencent_ai_lab_chinese_embedding_light_mirror_mvp,0.18770096,2249,0.53924687,1900,0.49315155,3341,被追,表白与追求,unreviewed
2250,怀胎,怀胎,2,tencent_ai_lab_chinese_embedding_light_mirror_mvp,0.18768577,2250,0.52543302,2397,0.56668139,1435,母胎单身,婚恋,unreviewed
2251,阳光灿烂的日子,阳光灿烂的日子,7,tencent_ai_lab_chinese_embedding_light_mirror_mvp,0.18763871,2251,0.53912543,1905,0.47272021,3912,青春,社会比较与人生进度,unreviewed
2252,西餐厅,西餐厅,3,tencent_ai_lab_chinese_embedding_light_mirror_mvp,0.18760308,2252,0.5392009,1903,0.47909009,3730,约饭,约会,unreviewed
2253,同行,同行,2,tencent_ai_lab_chinese_embedding_light_mirror_mvp,0.1873418,2253,0.50242935,3507,0.62000608,777,同桌,社会比较与人生进度,unreviewed
2254,小葵,小葵,2,tencent_ai_lab_chinese_embedding_light_mirror_mvp,0.18733261,2254,0.54258326,1795,0.42492059,4722,初恋,社会比较与人生进度,unreviewed
2255,避嫌,避嫌,2,tencent_ai_lab_chinese_embedding_light_mirror_mvp,0.18731979,2255,0.53951521,1892,0.51530743,2697,亲密,社会比较与人生进度,unreviewed
2256,蜜语,蜜语,2,tencent_ai_lab_chinese_embedding_light_mirror_mvp,0.1872851,2256,0.53917543,1904,0.48669058,3520,亲密,亲密行为,unreviewed
2257,肥婆,肥婆,2,tencent_ai_lab_chinese_embedding_light_mirror_mvp,0.18727724,2257,0.50670555,3282,0.60841167,886,老婆,婚恋,unreviewed
2258,做月子,做月子,3,tencent_ai_lab_chinese_embedding_light_mirror_mvp,0.18719917,2258,0.53965784,1887,0.45707339,4246,妻子,婚恋,unreviewed
2259,早读课,早读课,3,tencent_ai_lab_chinese_embedding_light_mirror_mvp,0.1870476,2259,0.50619435,3309,0.60956132,873,早恋,校园恋爱,unreviewed
2260,二十四岁,二十四岁,4,tencent_ai_lab_chinese_embedding_light_mirror_mvp,0.18698223,2260,0.51937318,2632,0.57752866,1275,同龄人,社会比较与人生进度,unreviewed
2261,懂得,懂得,2,tencent_ai_lab_chinese_embedding_light_mirror_mvp,0.18668086,2261,0.53946257,1893,0.52145475,2518,告白,社会比较与人生进度,unreviewed
2262,怎么,怎么,2,tencent_ai_lab_chinese_embedding_light_mirror_mvp,0.18663694,2262,0.53907355,1907,0.48306823,3613,追求,社会比较与人生进度,unreviewed
2263,诀别,诀别,2,tencent_ai_lab_chinese_embedding_light_mirror_mvp,0.18631047,2263,0.53929464,1899,0.46020567,4188,亲密,社会比较与人生进度,unreviewed
2264,长大成人,长大成人,4,tencent_ai_lab_chinese_embedding_light_mirror_mvp,0.18609853,2264,0.53714931,1978,0.54758435,1818,同龄人,社会比较与人生进度,unreviewed
2265,理智,理智,2,tencent_ai_lab_chinese_embedding_light_mirror_mvp,0.18575486,2265,0.53877244,1914,0.4801262,3700,亲密,表白与追求,unreviewed
2266,挂牵,挂牵,2,tencent_ai_lab_chinese_embedding_light_mirror_mvp,0.18531053,2266,0.48985884,4337,0.66088146,455,牵手,亲密行为,unreviewed
2267,相反,相反,2,tencent_ai_lab_chinese_embedding_light_mirror_mvp,0.18511852,2267,0.53908715,1906,0.54150075,1988,对象,社会比较与人生进度,unreviewed
2268,事情,事情,2,tencent_ai_lab_chinese_embedding_light_mirror_mvp,0.1849368,2268,0.51222434,2981,0.59201896,1063,恋情,社会比较与人生进度,unreviewed
2269,不知道,不知道,3,tencent_ai_lab_chinese_embedding_light_mirror_mvp,0.18473139,2269,0.53871551,1918,0.49670699,3239,没有对象,社会比较与人生进度,unreviewed
2270,海边,海边,2,tencent_ai_lab_chinese_embedding_light_mirror_mvp,0.18465436,2270,0.54500828,1716,0.40368122,4883,拥抱,亲密行为,unreviewed
2271,快亲,快亲,2,tencent_ai_lab_chinese_embedding_light_mirror_mvp,0.18442114,2271,0.49363213,4081,0.64642406,545,亲密,亲密行为,unreviewed
2272,还好,还好,2,tencent_ai_lab_chinese_embedding_light_mirror_mvp,0.18437432,2272,0.52329303,2469,0.56811732,1412,落后,社会比较与人生进度,unreviewed
2273,落泪,落泪,2,tencent_ai_lab_chinese_embedding_light_mirror_mvp,0.18437124,2273,0.50724179,3246,0.60453439,924,落后,社会比较与人生进度,unreviewed
2274,卧床不起,卧床不起,4,tencent_ai_lab_chinese_embedding_light_mirror_mvp,0.18436614,2274,0.54180007,1820,0.42672986,4698,老公,社会比较与人生进度,unreviewed
2275,勇往直前,勇往直前,4,tencent_ai_lab_chinese_embedding_light_mirror_mvp,0.18427269,2275,0.53902417,1908,0.52092165,2529,前男友,社会比较与人生进度,unreviewed
2276,拉近,拉近,2,tencent_ai_lab_chinese_embedding_light_mirror_mvp,0.18425189,2276,0.51700411,2732,0.58050758,1233,亲密,亲密行为,unreviewed
2277,晚安,晚安,2,tencent_ai_lab_chinese_embedding_light_mirror_mvp,0.18404483,2277,0.53839083,1928,0.47242987,3919,暗恋,表白与追求,unreviewed
2278,触摸,触摸,2,tencent_ai_lab_chinese_embedding_light_mirror_mvp,0.18400567,2278,0.5386349,1922,0.48837292,3460,接吻,亲密行为,unreviewed
2279,出游,出游,2,tencent_ai_lab_chinese_embedding_light_mirror_mvp,0.18384508,2279,0.53890812,1911,0.53614819,2119,散步,约会,unreviewed
2280,悲欢离合,悲欢离合,4,tencent_ai_lab_chinese_embedding_light_mirror_mvp,0.18382681,2280,0.53853612,1924,0.49856645,3189,喜欢的人,表白与追求,unreviewed
2281,宿命,宿命,2,tencent_ai_lab_chinese_embedding_light_mirror_mvp,0.18374123,2281,0.53966641,1886,0.4450393,4471,伴侣,社会比较与人生进度,unreviewed
2282,有染,有染,2,tencent_ai_lab_chinese_embedding_light_mirror_mvp,0.18363345,2282,0.53874564,1916,0.45974946,4199,没有对象,社会比较与人生进度,unreviewed
2283,就算,就算,2,tencent_ai_lab_chinese_embedding_light_mirror_mvp,0.1834849,2283,0.53201783,2148,0.55360872,1695,对象,社会比较与人生进度,unreviewed
2284,我娘,我娘,2,tencent_ai_lab_chinese_embedding_light_mirror_mvp,0.18334019,2284,0.53872899,1917,0.51573366,2682,结婚,婚恋,unreviewed
2285,志趣,志趣,2,tencent_ai_lab_chinese_embedding_light_mirror_mvp,0.18331277,2285,0.53830829,1931,0.49478576,3307,追求,社会比较与人生进度,unreviewed
2286,无欲无求,无欲无求,4,tencent_ai_lab_chinese_embedding_light_mirror_mvp,0.18328623,2286,0.51062723,3060,0.5944891,1026,追求,表白与追求,manual_reject
2287,强哥,强哥,2,tencent_ai_lab_chinese_embedding_light_mirror_mvp,0.18320945,2287,0.54368551,1759,0.4103322,4847,被追,亲密行为,unreviewed
2288,四十岁,四十岁,3,tencent_ai_lab_chinese_embedding_light_mirror_mvp,0.1832065,2288,0.52225984,2503,0.56912494,1399,同龄人,社会比较与人生进度,unreviewed
2289,说出,说出,2,tencent_ai_lab_chinese_embedding_light_mirror_mvp,0.18315975,2289,0.53877101,1915,0.53878355,2046,告白,表白与追求,unreviewed
2290,倾向于,倾向于,3,tencent_ai_lab_chinese_embedding_light_mirror_mvp,0.1828016,2290,0.5286294,2283,0.5587697,1586,追求,社会比较与人生进度,unreviewed
2291,坚持,坚持,2,tencent_ai_lab_chinese_embedding_light_mirror_mvp,0.18274894,2291,0.5223754,2500,0.56874824,1408,追求,表白与追求,unreviewed
2292,好像,好像,2,tencent_ai_lab_chinese_embedding_light_mirror_mvp,0.1827118,2292,0.53586327,2006,0.54716229,1829,对象,社会比较与人生进度,unreviewed
2293,回来,回来,2,tencent_ai_lab_chinese_embedding_light_mirror_mvp,0.18255802,2293,0.53866777,1920,0.52310157,2473,被追,社会比较与人生进度,unreviewed
2294,联结,联结,2,tencent_ai_lab_chinese_embedding_light_mirror_mvp,0.18243688,2294,0.53864052,1921,0.53530657,2144,结婚,亲密行为,unreviewed
2295,公主,公主,2,tencent_ai_lab_chinese_embedding_light_mirror_mvp,0.18225289,2295,0.53384018,2077,0.54987419,1769,老公,婚恋,unreviewed
2296,永驻,永驻,2,tencent_ai_lab_chinese_embedding_light_mirror_mvp,0.18221049,2296,0.53994946,1877,0.43901289,4552,被追,表白与追求,unreviewed
2297,紧身,紧身,2,tencent_ai_lab_chinese_embedding_light_mirror_mvp,0.18202075,2297,0.52141236,2531,0.56986278,1392,亲密,亲密行为,unreviewed
2298,而言,而言,2,tencent_ai_lab_chinese_embedding_light_mirror_mvp,0.18200243,2298,0.53832761,1930,0.50296557,3045,对象,社会比较与人生进度,unreviewed
2299,老实,老实,2,tencent_ai_lab_chinese_embedding_light_mirror_mvp,0.18138207,2299,0.51072652,3057,0.59305793,1046,老婆,社会比较与人生进度,manual_reject
2300,小新,小新,2,tencent_ai_lab_chinese_embedding_light_mirror_mvp,0.18138113,2300,0.53975694,1884,0.439493,4545,初恋,社会比较与人生进度,unreviewed
2301,棉衣,棉衣,2,tencent_ai_lab_chinese_embedding_light_mirror_mvp,0.18136386,2301,0.5379158,1946,0.47374934,3883,校服,婚恋,unreviewed
2302,不欢而散,不欢而散,4,tencent_ai_lab_chinese_embedding_light_mirror_mvp,0.18125506,2302,0.51001173,3100,0.59486949,1021,散步,约会,manual_review
2303,六年级,六年级,3,tencent_ai_lab_chinese_embedding_light_mirror_mvp,0.18102318,2303,0.53853273,1925,0.45469075,4299,同桌,社会比较与人生进度,unreviewed
2304,生疏,生疏,2,tencent_ai_lab_chinese_embedding_light_mirror_mvp,0.18098078,2304,0.53801718,1944,0.48916787,3446,亲密,亲密行为,unreviewed
2305,假装,假装,2,tencent_ai_lab_chinese_embedding_light_mirror_mvp,0.1809511,2305,0.54002215,1874,0.43519786,4607,亲密,表白与追求,unreviewed
2306,熟识,熟识,2,tencent_ai_lab_chinese_embedding_light_mirror_mvp,0.18083381,2306,0.53829477,1932,0.52701235,2370,亲密,社会比较与人生进度,unreviewed
2307,平庸,平庸,2,tencent_ai_lab_chinese_embedding_light_mirror_mvp,0.18022868,2307,0.5377933,1951,0.49593288,3272,落后,社会比较与人生进度,unreviewed
2308,大聚会,大聚会,3,tencent_ai_lab_chinese_embedding_light_mirror_mvp,0.18007763,2308,0.49259427,4147,0.64640737,546,约会,约会,unreviewed
2309,吵着,吵着,2,tencent_ai_lab_chinese_embedding_light_mirror_mvp,0.1796974,2309,0.53772153,1955,0.49536908,3288,老公,社会比较与人生进度,unreviewed
2310,社会中,社会中,3,tencent_ai_lab_chinese_embedding_light_mirror_mvp,0.17968824,2310,0.53171434,2166,0.55208147,1725,人生阶段,社会比较与人生进度,unreviewed
2311,看望,看望,2,tencent_ai_lab_chinese_embedding_light_mirror_mvp,0.17967174,2311,0.50470468,3386,0.60804766,890,追求,表白与追求,unreviewed
2312,比分,比分,2,tencent_ai_lab_chinese_embedding_light_mirror_mvp,0.17964629,2312,0.53777041,1953,0.49730349,3226,对象,社会比较与人生进度,unreviewed
2313,没领,没领,2,tencent_ai_lab_chinese_embedding_light_mirror_mvp,0.1795578,2313,0.50225176,3519,0.61473411,827,没有对象,单身与脱单,unreviewed
2314,性知识,性知识,3,tencent_ai_lab_chinese_embedding_light_mirror_mvp,0.1794861,2314,0.53654959,1991,0.54502839,1895,感情史,社会比较与人生进度,unreviewed
2315,如果说,如果说,3,tencent_ai_lab_chinese_embedding_light_mirror_mvp,0.17947277,2315,0.5379949,1945,0.51385665,2740,对象,社会比较与人生进度,unreviewed
2316,悲欢,悲欢,2,tencent_ai_lab_chinese_embedding_light_mirror_mvp,0.17939888,2316,0.51740861,2713,0.5763042,1289,喜欢的人,表白与追求,unreviewed
2317,相逢,相逢,2,tencent_ai_lab_chinese_embedding_light_mirror_mvp,0.17935276,2317,0.52609948,2376,0.5607,1544,伴侣,亲密行为,unreviewed
2318,主人公,主人公,3,tencent_ai_lab_chinese_embedding_light_mirror_mvp,0.17933969,2318,0.49804787,3773,0.62705487,706,老公,婚恋,unreviewed
2319,如花,如花,2,tencent_ai_lab_chinese_embedding_light_mirror_mvp,0.17900948,2319,0.54035606,1862,0.42853642,4681,初恋,社会比较与人生进度,unreviewed
2320,新戏,新戏,2,tencent_ai_lab_chinese_embedding_light_mirror_mvp,0.178953,2320,0.540869,1851,0.42558014,4708,婚礼,婚恋,unreviewed
2321,晚饭时间,晚饭时间,4,tencent_ai_lab_chinese_embedding_light_mirror_mvp,0.17894463,2321,0.49934844,3694,0.62291497,748,约饭,约会,unreviewed
2322,在他,在他,2,tencent_ai_lab_chinese_embedding_light_mirror_mvp,0.17885092,2322,0.53026646,2220,0.5538106,1686,老公,表白与追求,unreviewed
2323,友善,友善,2,tencent_ai_lab_chinese_embedding_light_mirror_mvp,0.17884874,2323,0.53447108,2054,0.54703772,1832,亲密,亲密行为,unreviewed
2324,看书,看书,2,tencent_ai_lab_chinese_embedding_light_mirror_mvp,0.17871827,2324,0.52808683,2312,0.55748922,1610,看电影,社会比较与人生进度,unreviewed
2325,女经理,女经理,3,tencent_ai_lab_chinese_embedding_light_mirror_mvp,0.17861911,2325,0.53783453,1949,0.51946586,2582,女朋友,婚恋,unreviewed
2326,打麻将,打麻将,3,tencent_ai_lab_chinese_embedding_light_mirror_mvp,0.17852503,2326,0.53767283,1956,0.46458206,4091,约会,约会,unreviewed
2327,病故,病故,2,tencent_ai_lab_chinese_embedding_light_mirror_mvp,0.17849622,2327,0.53741286,1966,0.47297931,3905,感情史,社会比较与人生进度,unreviewed
2328,低年级,低年级,3,tencent_ai_lab_chinese_embedding_light_mirror_mvp,0.17849222,2328,0.53750275,1964,0.48203343,3651,同龄人,社会比较与人生进度,unreviewed
2329,女患者,女患者,3,tencent_ai_lab_chinese_embedding_light_mirror_mvp,0.17843319,2329,0.5378396,1948,0.52520168,2418,女朋友,对象关系,unreviewed
2330,小盆友,小盆友,3,tencent_ai_lab_chinese_embedding_light_mirror_mvp,0.17840311,2330,0.50707704,3258,0.6004796,959,女朋友,对象关系,manual_reject
2331,之前,之前,2,tencent_ai_lab_chinese_embedding_light_mirror_mvp,0.17775901,2331,0.48889635,4407,0.65804017,466,前男友,恋爱历史,unreviewed
2332,养家,养家,2,tencent_ai_lab_chinese_embedding_light_mirror_mvp,0.17764798,2332,0.53757675,1960,0.50315559,3040,拥抱,婚恋,unreviewed
2333,深挚,深挚,2,tencent_ai_lab_chinese_embedding_light_mirror_mvp,0.17754728,2333,0.51390283,2881,0.58286887,1199,亲密,亲密行为,unreviewed
2334,财产关系,财产关系,4,tencent_ai_lab_chinese_embedding_light_mirror_mvp,0.17751561,2334,0.49675545,3860,0.62995076,681,亲密关系,婚恋,unreviewed
2335,他养,他养,2,tencent_ai_lab_chinese_embedding_light_mirror_mvp,0.17739831,2335,0.53764992,1957,0.54025352,2018,老公,婚恋,unreviewed
2336,我知道,我知道,3,tencent_ai_lab_chinese_embedding_light_mirror_mvp,0.17733475,2336,0.53806264,1942,0.45058161,4376,亲密,社会比较与人生进度,unreviewed
2337,买醉,买醉,2,tencent_ai_lab_chinese_embedding_light_mirror_mvp,0.17728133,2337,0.5373552,1968,0.48831934,3464,约饭,约会,unreviewed
2338,家庭暴力,家庭暴力,4,tencent_ai_lab_chinese_embedding_light_mirror_mvp,0.17690472,2338,0.53719735,1974,0.48051757,3689,亲密关系,社会比较与人生进度,unreviewed
2339,戴套,戴套,2,tencent_ai_lab_chinese_embedding_light_mirror_mvp,0.17672521,2339,0.53721709,1973,0.48913264,3447,拥抱,亲密行为,unreviewed
2340,结就,结就,2,tencent_ai_lab_chinese_embedding_light_mirror_mvp,0.17652952,2340,0.48860698,4428,0.65807652,465,结婚,婚恋,unreviewed
2341,勾搭,勾搭,2,tencent_ai_lab_chinese_embedding_light_mirror_mvp,0.17643585,2341,0.53749012,1965,0.54126769,1995,牵手,亲密行为,unreviewed
2342,孝子,孝子,2,tencent_ai_lab_chinese_embedding_light_mirror_mvp,0.17628909,2342,0.53752588,1963,0.51746273,2626,妻子,婚恋,unreviewed
2343,随遇而安,随遇而安,4,tencent_ai_lab_chinese_embedding_light_mirror_mvp,0.176235,2343,0.53731625,1969,0.50531381,2979,恋爱经历,表白与追求,unreviewed
2344,后来,后来,2,tencent_ai_lab_chinese_embedding_light_mirror_mvp,0.17622185,2344,0.51898537,2651,0.57121062,1364,落后,社会比较与人生进度,unreviewed
2345,就任,就任,2,tencent_ai_lab_chinese_embedding_light_mirror_mvp,0.17617131,2345,0.48457322,4762,0.67584753,379,前任,恋爱历史,unreviewed
2346,抠门,抠门,2,tencent_ai_lab_chinese_embedding_light_mirror_mvp,0.17611737,2346,0.53757265,1961,0.45668596,4255,脱单,约会,unreviewed
2347,说实话,说实话,3,tencent_ai_lab_chinese_embedding_light_mirror_mvp,0.17579014,2347,0.53478347,2040,0.54512417,1891,亲密,社会比较与人生进度,unreviewed
2348,联欢会,联欢会,3,tencent_ai_lab_chinese_embedding_light_mirror_mvp,0.17562133,2348,0.49228219,4169,0.64397192,567,约会,约会,unreviewed
2349,路人,路人,2,tencent_ai_lab_chinese_embedding_light_mirror_mvp,0.17560663,2349,0.53738955,1967,0.53580564,2128,喜欢的人,社会比较与人生进度,unreviewed
2350,八婆,八婆,2,tencent_ai_lab_chinese_embedding_light_mirror_mvp,0.17558337,2350,0.51108053,3037,0.58837169,1117,老婆,婚恋,unreviewed
2351,年幼,年幼,2,tencent_ai_lab_chinese_embedding_light_mirror_mvp,0.17557052,2351,0.52713364,2343,0.55708253,1621,同龄人,社会比较与人生进度,unreviewed
2352,贱人,贱人,2,tencent_ai_lab_chinese_embedding_light_mirror_mvp,0.17531151,2352,0.52698406,2350,0.55723286,1619,恋人,社会比较与人生进度,unreviewed
2353,家要,家要,2,tencent_ai_lab_chinese_embedding_light_mirror_mvp,0.17498985,2353,0.53728001,1971,0.53628129,2114,拥抱,婚恋,unreviewed
2354,许下,许下,2,tencent_ai_lab_chinese_embedding_light_mirror_mvp,0.17484922,2354,0.53758558,1959,0.45023397,4385,约饭,社会比较与人生进度,unreviewed
2355,心意,心意,2,tencent_ai_lab_chinese_embedding_light_mirror_mvp,0.17473531,2355,0.53718946,1975,0.53161597,2249,喜欢的人,表白与追求,unreviewed
2356,小学老师,小学老师,4,tencent_ai_lab_chinese_embedding_light_mirror_mvp,0.17462927,2356,0.53661293,1989,0.47815013,3754,学生情侣,校园恋爱,unreviewed
2357,庸俗,庸俗,2,tencent_ai_lab_chinese_embedding_light_mirror_mvp,0.17447,2357,0.53715143,1977,0.51811725,2614,落后,社会比较与人生进度,unreviewed
2358,包容,包容,2,tencent_ai_lab_chinese_embedding_light_mirror_mvp,0.17440008,2358,0.53377938,2081,0.54575413,1867,拥抱,亲密行为,unreviewed
2359,拘谨,拘谨,2,tencent_ai_lab_chinese_embedding_light_mirror_mvp,0.17434778,2359,0.53714702,1979,0.53105736,2268,被追,表白与追求,unreviewed
2360,想我,想我,2,tencent_ai_lab_chinese_embedding_light_mirror_mvp,0.17434107,2360,0.53681128,1986,0.50154781,3098,追求,表白与追求,unreviewed
2361,挽回,挽回,2,tencent_ai_lab_chinese_embedding_light_mirror_mvp,0.17413435,2361,0.52165024,2523,0.56446236,1482,被追,表白与追求,unreviewed
2362,务实,务实,2,tencent_ai_lab_chinese_embedding_light_mirror_mvp,0.17410251,2362,0.52481154,2418,0.55965173,1573,亲密,社会比较与人生进度,unreviewed
2363,孤独感,孤独感,3,tencent_ai_lab_chinese_embedding_light_mirror_mvp,0.17383971,2363,0.51258274,2964,0.58396626,1185,单身,单身与脱单,unreviewed
2364,付出,付出,2,tencent_ai_lab_chinese_embedding_light_mirror_mvp,0.17375728,2364,0.53709018,1981,0.53283972,2211,追求,表白与追求,unreviewed
2365,另一方,另一方,3,tencent_ai_lab_chinese_embedding_light_mirror_mvp,0.17374138,2365,0.50609683,3315,0.59986305,970,对象,婚恋,manual_review
2366,小哥,小哥,2,tencent_ai_lab_chinese_embedding_light_mirror_mvp,0.17355683,2366,0.53620987,1998,0.47382504,3881,前男友,社会比较与人生进度,unreviewed
2367,家境,家境,2,tencent_ai_lab_chinese_embedding_light_mirror_mvp,0.17343038,2367,0.53704743,1983,0.53903985,2042,人生阶段,社会比较与人生进度,unreviewed
2368,沟通,沟通,2,tencent_ai_lab_chinese_embedding_light_mirror_mvp,0.17330299,2368,0.50497383,3365,0.60194671,942,亲密关系,亲密行为,unreviewed
2369,得知,得知,2,tencent_ai_lab_chinese_embedding_light_mirror_mvp,0.17313744,2369,0.53657941,1990,0.50974166,2861,求婚,社会比较与人生进度,unreviewed
2370,奢望,奢望,2,tencent_ai_lab_chinese_embedding_light_mirror_mvp,0.17305297,2370,0.50727762,3244,0.59564853,1005,追求,表白与追求,manual_review
2371,偷拍,偷拍,2,tencent_ai_lab_chinese_embedding_light_mirror_mvp,0.17281707,2371,0.53645825,1993,0.50615567,2962,被追,表白与追求,unreviewed
2372,吵起来,吵起来,3,tencent_ai_lab_chinese_embedding_light_mirror_mvp,0.17271243,2372,0.53611205,2000,0.4840613,3589,同桌,社会比较与人生进度,unreviewed
2373,那么,那么,2,tencent_ai_lab_chinese_embedding_light_mirror_mvp,0.17257807,2373,0.53652527,1992,0.51366162,2747,追求,表白与追求,unreviewed
2374,答谢宴会,答谢宴会,4,tencent_ai_lab_chinese_embedding_light_mirror_mvp,0.17220012,2374,0.51034008,3077,0.58788085,1126,约会,约会,unreviewed
2375,逆反心理,逆反心理,4,tencent_ai_lab_chinese_embedding_light_mirror_mvp,0.17196225,2375,0.53901749,1909,0.42815548,4685,被追,社会比较与人生进度,unreviewed
2376,课室,课室,2,tencent_ai_lab_chinese_embedding_light_mirror_mvp,0.17157388,2376,0.5364271,1994,0.52331179,2466,同桌,校园恋爱,unreviewed
2377,前几天,前几天,3,tencent_ai_lab_chinese_embedding_light_mirror_mvp,0.17154495,2377,0.50729291,3242,0.59464717,1024,前任,恋爱历史,manual_reject
2378,只求,只求,2,tencent_ai_lab_chinese_embedding_light_mirror_mvp,0.171535,2378,0.48803039,4473,0.65617061,479,追求,表白与追求,unreviewed
2379,旭哥,旭哥,2,tencent_ai_lab_chinese_embedding_light_mirror_mvp,0.17147235,2379,0.53939788,1894,0.42371935,4728,前男友,亲密行为,unreviewed
2380,临盆,临盆,2,tencent_ai_lab_chinese_embedding_light_mirror_mvp,0.17140701,2380,0.53833787,1929,0.43258834,4636,婚礼,婚恋,unreviewed
2381,独生子女,独生子女,4,tencent_ai_lab_chinese_embedding_light_mirror_mvp,0.17131782,2381,0.52036463,2581,0.56513286,1469,母胎单身,单身与脱单,unreviewed
2382,此生,此生,2,tencent_ai_lab_chinese_embedding_light_mirror_mvp,0.17108781,2382,0.52343985,2465,0.55990672,1568,人生阶段,社会比较与人生进度,unreviewed
2383,爱好,爱好,2,tencent_ai_lab_chinese_embedding_light_mirror_mvp,0.17103993,2383,0.51926867,2636,0.56710917,1428,爱情,社会比较与人生进度,unreviewed
2384,老头,老头,2,tencent_ai_lab_chinese_embedding_light_mirror_mvp,0.17091993,2384,0.50021678,3646,0.61428404,832,老婆,婚恋,unreviewed
2385,吵嘴,吵嘴,2,tencent_ai_lab_chinese_embedding_light_mirror_mvp,0.17068838,2385,0.53555088,2016,0.47063619,3962,同桌,亲密行为,unreviewed
2386,轰轰烈烈,轰轰烈烈,4,tencent_ai_lab_chinese_embedding_light_mirror_mvp,0.17064619,2386,0.53549843,2017,0.47391307,3877,落后,社会比较与人生进度,unreviewed
2387,心心念念,心心念念,4,tencent_ai_lab_chinese_embedding_light_mirror_mvp,0.17064061,2387,0.53603647,2003,0.52784693,2357,暗恋,表白与追求,unreviewed
2388,摆脱,摆脱,2,tencent_ai_lab_chinese_embedding_light_mirror_mvp,0.17047915,2388,0.48832076,4445,0.6537233,491,脱单,单身与脱单,unreviewed
2389,取舍,取舍,2,tencent_ai_lab_chinese_embedding_light_mirror_mvp,0.17034142,2389,0.53057415,2210,0.54840595,1800,追求,社会比较与人生进度,unreviewed
2390,再说,再说,2,tencent_ai_lab_chinese_embedding_light_mirror_mvp,0.17032798,2390,0.53577127,2009,0.5022108,3068,落后,社会比较与人生进度,unreviewed
2391,性福,性福,2,tencent_ai_lab_chinese_embedding_light_mirror_mvp,0.17029438,2391,0.53585664,2007,0.51031083,2839,伴侣,婚恋,unreviewed
2392,两位数,两位数,3,tencent_ai_lab_chinese_embedding_light_mirror_mvp,0.17020895,2392,0.535841,2008,0.50791931,2905,对象,社会比较与人生进度,unreviewed
2393,情绪化,情绪化,3,tencent_ai_lab_chinese_embedding_light_mirror_mvp,0.17002449,2393,0.53308215,2108,0.54462099,1906,感情史,社会比较与人生进度,unreviewed
2394,狗子,狗子,2,tencent_ai_lab_chinese_embedding_light_mirror_mvp,0.16996279,2394,0.5369117,1984,0.44589025,4463,妻子,亲密行为,unreviewed
2395,独自一人,独自一人,4,tencent_ai_lab_chinese_embedding_light_mirror_mvp,0.16962858,2395,0.50877222,3169,0.59011644,1094,单身,单身与脱单,unreviewed
2396,因爱而生,因爱而生,4,tencent_ai_lab_chinese_embedding_light_mirror_mvp,0.16956872,2396,0.51569961,2790,0.57315397,1334,爱情,表白与追求,unreviewed
2397,刚出道,刚出道,3,tencent_ai_lab_chinese_embedding_light_mirror_mvp,0.16915488,2397,0.53520851,2028,0.47285664,3907,前男友,社会比较与人生进度,unreviewed
2398,金牛,金牛,2,tencent_ai_lab_chinese_embedding_light_mirror_mvp,0.16891342,2398,0.5460326,1683,0.37798178,4980,情侣,社会比较与人生进度,manual_reject
2399,午餐,午餐,2,tencent_ai_lab_chinese_embedding_light_mirror_mvp,0.16880973,2399,0.49771724,3799,0.62012613,775,约饭,约会,unreviewed
2400,被性,被性,2,tencent_ai_lab_chinese_embedding_light_mirror_mvp,0.16875623,2400,0.48901254,4397,0.6497826,520,被追,表白与追求,unreviewed
2401,天真烂漫,天真烂漫,4,tencent_ai_lab_chinese_embedding_light_mirror_mvp,0.16875107,2401,0.53568797,2015,0.45880431,4217,落后,社会比较与人生进度,unreviewed
2402,补课,补课,2,tencent_ai_lab_chinese_embedding_light_mirror_mvp,0.16840663,2402,0.53521404,2027,0.49886858,3178,追求,校园恋爱,unreviewed
2403,戏中,戏中,2,tencent_ai_lab_chinese_embedding_light_mirror_mvp,0.16827477,2403,0.53569136,2014,0.45688152,4251,妻子,表白与追求,unreviewed
2404,居然,居然,2,tencent_ai_lab_chinese_embedding_light_mirror_mvp,0.16825899,2404,0.53334777,2100,0.54325086,1937,落后,社会比较与人生进度,unreviewed
2405,抚养权,抚养权,3,tencent_ai_lab_chinese_embedding_light_mirror_mvp,0.16806258,2405,0.53519883,2029,0.4880293,3468,拥抱,亲密行为,unreviewed
2406,深厚感情,深厚感情,4,tencent_ai_lab_chinese_embedding_light_mirror_mvp,0.16776238,2406,0.48349831,4845,0.6727283,395,感情史,亲密行为,unreviewed
2407,外出,外出,2,tencent_ai_lab_chinese_embedding_light_mirror_mvp,0.16771442,2407,0.52043761,2578,0.56261575,1511,散步,约会,unreviewed
2408,家长,家长,2,tencent_ai_lab_chinese_embedding_light_mirror_mvp,0.16767027,2408,0.53515251,2031,0.50051558,3127,学生情侣,社会比较与人生进度,unreviewed
2409,腼腆,腼腆,2,tencent_ai_lab_chinese_embedding_light_mirror_mvp,0.16760319,2409,0.5354233,2021,0.53423089,2172,青春,表白与追求,unreviewed
2410,搞好学习,搞好学习,4,tencent_ai_lab_chinese_embedding_light_mirror_mvp,0.16759915,2410,0.53496207,2035,0.48399413,3590,追求,社会比较与人生进度,unreviewed
2411,始终如一,始终如一,4,tencent_ai_lab_chinese_embedding_light_mirror_mvp,0.16757208,2411,0.52731447,2333,0.55193824,1728,落后,社会比较与人生进度,unreviewed
2412,聊起来,聊起来,3,tencent_ai_lab_chinese_embedding_light_mirror_mvp,0.16734593,2412,0.51708853,2726,0.56886846,1405,对象,社会比较与人生进度,unreviewed
2413,睡觉,睡觉,2,tencent_ai_lab_chinese_embedding_light_mirror_mvp,0.1671387,2413,0.53546934,2019,0.45550323,4277,爱情,社会比较与人生进度,unreviewed
2414,心伤,心伤,2,tencent_ai_lab_chinese_embedding_light_mirror_mvp,0.16709433,2414,0.53532898,2024,0.52225924,2493,感情史,社会比较与人生进度,unreviewed
2415,这货,这货,2,tencent_ai_lab_chinese_embedding_light_mirror_mvp,0.16701916,2415,0.53511144,2032,0.46279752,4131,对象,社会比较与人生进度,unreviewed
2416,高冷,高冷,2,tencent_ai_lab_chinese_embedding_light_mirror_mvp,0.16697757,2416,0.53474817,2041,0.47853935,3745,落后,社会比较与人生进度,unreviewed
2417,病重,病重,2,tencent_ai_lab_chinese_embedding_light_mirror_mvp,0.1669045,2417,0.5382331,1934,0.42571694,4707,老公,社会比较与人生进度,unreviewed
2418,态度,态度,2,tencent_ai_lab_chinese_embedding_light_mirror_mvp,0.16661308,2418,0.53249725,2131,0.54351139,1929,对象,社会比较与人生进度,unreviewed
2419,泳衣,泳衣,2,tencent_ai_lab_chinese_embedding_light_mirror_mvp,0.16658784,2419,0.53538896,2023,0.45511252,4287,校服,亲密行为,unreviewed
2420,剧情,剧情,2,tencent_ai_lab_chinese_embedding_light_mirror_mvp,0.16653927,2420,0.49227242,4170,0.63659906,630,爱情,恋爱核心,unreviewed
2421,事后,事后,2,tencent_ai_lab_chinese_embedding_light_mirror_mvp,0.16643819,2421,0.50376853,3427,0.59986556,969,落后,社会比较与人生进度,manual_reject
2422,打招呼,打招呼,3,tencent_ai_lab_chinese_embedding_light_mirror_mvp,0.16634414,2422,0.53470356,2043,0.49811584,3205,对象,表白与追求,unreviewed
2423,怎么样,怎么样,3,tencent_ai_lab_chinese_embedding_light_mirror_mvp,0.16615949,2423,0.53465712,2047,0.48637348,3532,落后,社会比较与人生进度,unreviewed
2424,不懂事,不懂事,3,tencent_ai_lab_chinese_embedding_light_mirror_mvp,0.16607998,2424,0.52113709,2544,0.56027031,1559,没有对象,社会比较与人生进度,unreviewed
2425,劣势,劣势,2,tencent_ai_lab_chinese_embedding_light_mirror_mvp,0.16603715,2425,0.53502504,2034,0.51976812,2571,落后,社会比较与人生进度,unreviewed
2426,复读,复读,2,tencent_ai_lab_chinese_embedding_light_mirror_mvp,0.16596987,2426,0.53493541,2037,0.46043283,4185,错过青春,社会比较与人生进度,unreviewed
2427,误会,误会,2,tencent_ai_lab_chinese_embedding_light_mirror_mvp,0.16596313,2427,0.51513333,2817,0.57185632,1353,约会,社会比较与人生进度,unreviewed
2428,感受,感受,2,tencent_ai_lab_chinese_embedding_light_mirror_mvp,0.16594156,2428,0.51263427,2962,0.57839942,1267,感情史,社会比较与人生进度,unreviewed
2429,出去,出去,2,tencent_ai_lab_chinese_embedding_light_mirror_mvp,0.16580772,2429,0.51646261,2753,0.56899083,1401,散步,约会,unreviewed
2430,志同道合,志同道合,4,tencent_ai_lab_chinese_embedding_light_mirror_mvp,0.1652759,2430,0.52593172,2379,0.55253565,1715,同桌,社会比较与人生进度,unreviewed
2431,那女,那女,2,tencent_ai_lab_chinese_embedding_light_mirror_mvp,0.16527426,2431,0.51949403,2625,0.56300551,1505,前女友,恋爱历史,unreviewed
2432,不期而遇,不期而遇,4,tencent_ai_lab_chinese_embedding_light_mirror_mvp,0.16523534,2432,0.52939454,2259,0.54744589,1826,约会,社会比较与人生进度,unreviewed
2433,嫖娼,嫖娼,2,tencent_ai_lab_chinese_embedding_light_mirror_mvp,0.16518592,2433,0.53449697,2053,0.49312651,3345,对象,表白与追求,unreviewed
2434,希望,希望,2,tencent_ai_lab_chinese_embedding_light_mirror_mvp,0.16507952,2434,0.51504351,2821,0.57143778,1360,追求,表白与追求,unreviewed
2435,刷牙,刷牙,2,tencent_ai_lab_chinese_embedding_light_mirror_mvp,0.1650216,2435,0.53445793,2055,0.47787935,3760,接吻,亲密行为,unreviewed
2436,生理,生理,2,tencent_ai_lab_chinese_embedding_light_mirror_mvp,0.16486948,2436,0.53443451,2056,0.48244852,3636,人生阶段,社会比较与人生进度,unreviewed
2437,没面子,没面子,3,tencent_ai_lab_chinese_embedding_light_mirror_mvp,0.16486449,2437,0.50383264,3425,0.59829038,978,没有对象,单身与脱单,manual_reject
2438,二十一岁,二十一岁,4,tencent_ai_lab_chinese_embedding_light_mirror_mvp,0.16471765,2438,0.52067847,2566,0.56028539,1558,同龄人,社会比较与人生进度,unreviewed
2439,自我完善,自我完善,4,tencent_ai_lab_chinese_embedding_light_mirror_mvp,0.16453292,2439,0.53434504,2059,0.4937543,3333,亲密,社会比较与人生进度,unreviewed
2440,性趣,性趣,2,tencent_ai_lab_chinese_embedding_light_mirror_mvp,0.16450285,2440,0.53066465,2208,0.54520863,1887,感情史,对象关系,unreviewed
2441,十年前,十年前,3,tencent_ai_lab_chinese_embedding_light_mirror_mvp,0.16444214,2441,0.51431366,2860,0.57269984,1341,前男友,恋爱历史,unreviewed
2442,而有,而有,2,tencent_ai_lab_chinese_embedding_light_mirror_mvp,0.16428435,2442,0.53253469,2126,0.54215646,1968,别人都有对象,表白与追求,unreviewed
2443,一心,一心,2,tencent_ai_lab_chinese_embedding_light_mirror_mvp,0.16423228,2443,0.53429196,2061,0.48539585,3558,拥抱,表白与追求,unreviewed
2444,潜在,潜在,2,tencent_ai_lab_chinese_embedding_light_mirror_mvp,0.16421886,2444,0.52762107,2324,0.54950851,1780,亲密,社会比较与人生进度,unreviewed
2445,妹纸们,妹纸们,3,tencent_ai_lab_chinese_embedding_light_mirror_mvp,0.16405704,2445,0.53075449,2205,0.54494673,1899,女朋友,社会比较与人生进度,unreviewed
2446,相互支持,相互支持,4,tencent_ai_lab_chinese_embedding_light_mirror_mvp,0.16378519,2446,0.51930326,2634,0.56237632,1515,伴侣,亲密行为,unreviewed
2447,没了,没了,2,tencent_ai_lab_chinese_embedding_light_mirror_mvp,0.1637817,2447,0.51023593,3083,0.58222479,1208,没有对象,社会比较与人生进度,unreviewed
2448,合作,合作,2,tencent_ai_lab_chinese_embedding_light_mirror_mvp,0.16359973,2448,0.53465149,2048,0.53820109,2057,伴侣,约会,unreviewed
2449,几桌,几桌,2,tencent_ai_lab_chinese_embedding_light_mirror_mvp,0.16336211,2449,0.48715658,4539,0.65218258,499,同桌,社会比较与人生进度,unreviewed
2450,体现,体现,2,tencent_ai_lab_chinese_embedding_light_mirror_mvp,0.16328606,2450,0.52757301,2328,0.54911017,1790,落后,社会比较与人生进度,unreviewed
2451,你好,你好,2,tencent_ai_lab_chinese_embedding_light_mirror_mvp,0.16305514,2451,0.53420533,2064,0.50032902,3131,对象,社会比较与人生进度,unreviewed
2452,晚上,晚上,2,tencent_ai_lab_chinese_embedding_light_mirror_mvp,0.16295032,2452,0.53404191,2073,0.47366929,3884,伴侣,表白与追求,unreviewed
2453,前不久,前不久,3,tencent_ai_lab_chinese_embedding_light_mirror_mvp,0.16293344,2453,0.48824379,4456,0.64769912,535,前男友,恋爱历史,unreviewed
2454,小倪,小倪,2,tencent_ai_lab_chinese_embedding_light_mirror_mvp,0.16290828,2454,0.53469597,2045,0.45230097,4345,丈夫,约会,unreviewed
2455,水瓶,水瓶,2,tencent_ai_lab_chinese_embedding_light_mirror_mvp,0.16284397,2455,0.54397931,1747,0.38181117,4968,对象,表白与追求,manual_reject
2456,七岁,七岁,2,tencent_ai_lab_chinese_embedding_light_mirror_mvp,0.1627358,2456,0.53009611,2224,0.54496521,1897,同龄人,社会比较与人生进度,unreviewed
2457,汗衫,汗衫,2,tencent_ai_lab_chinese_embedding_light_mirror_mvp,0.16272859,2457,0.53577033,2010,0.43859011,4560,校服,约会,unreviewed
2458,这身,这身,2,tencent_ai_lab_chinese_embedding_light_mirror_mvp,0.16261901,2458,0.53440886,2058,0.52513885,2421,单身,单身与脱单,unreviewed
2459,男粉,男粉,2,tencent_ai_lab_chinese_embedding_light_mirror_mvp,0.16238963,2459,0.53235823,2138,0.54156888,1987,男朋友,表白与追求,unreviewed
2460,成功人士,成功人士,4,tencent_ai_lab_chinese_embedding_light_mirror_mvp,0.16232332,2460,0.53433541,2060,0.52708924,2368,同龄人,社会比较与人生进度,unreviewed
2461,出国留学,出国留学,4,tencent_ai_lab_chinese_embedding_light_mirror_mvp,0.16201282,2461,0.53380651,2078,0.46912968,4001,大学恋爱,社会比较与人生进度,unreviewed
2462,热忱,热忱,2,tencent_ai_lab_chinese_embedding_light_mirror_mvp,0.16199834,2462,0.5171543,2721,0.56510943,1470,追求,表白与追求,unreviewed
2463,心塞,心塞,2,tencent_ai_lab_chinese_embedding_light_mirror_mvp,0.16177963,2463,0.53380345,2079,0.46855205,4013,拥抱,亲密行为,unreviewed
2464,在你,在你,2,tencent_ai_lab_chinese_embedding_light_mirror_mvp,0.16177269,2464,0.53418941,2067,0.51162964,2797,对象,表白与追求,unreviewed
2465,反观,反观,2,tencent_ai_lab_chinese_embedding_light_mirror_mvp,0.16175367,2465,0.52627004,2368,0.5498544,1770,被追,社会比较与人生进度,unreviewed
2466,出席,出席,2,tencent_ai_lab_chinese_embedding_light_mirror_mvp,0.16172744,2466,0.50920148,3150,0.58368373,1190,婚礼,约会,unreviewed
2467,兄弟般,兄弟般,3,tencent_ai_lab_chinese_embedding_light_mirror_mvp,0.16155388,2467,0.53419802,2066,0.53263015,2219,亲密,社会比较与人生进度,unreviewed
2468,生日蛋糕,生日蛋糕,4,tencent_ai_lab_chinese_embedding_light_mirror_mvp,0.1615333,2468,0.53375586,2082,0.49220628,3378,婚礼,对象关系,unreviewed
2469,开学典礼,开学典礼,4,tencent_ai_lab_chinese_embedding_light_mirror_mvp,0.16131917,2469,0.50995518,3104,0.58135545,1222,婚礼,校园恋爱,unreviewed
2470,当家人,当家人,3,tencent_ai_lab_chinese_embedding_light_mirror_mvp,0.16120963,2470,0.53405476,2070,0.5309242,2272,同龄人,社会比较与人生进度,unreviewed
2471,定义,定义,2,tencent_ai_lab_chinese_embedding_light_mirror_mvp,0.16048661,2471,0.53401212,2074,0.52439868,2441,对象,社会比较与人生进度,unreviewed
2472,艺术,艺术,2,tencent_ai_lab_chinese_embedding_light_mirror_mvp,0.16016318,2472,0.53664143,1987,0.42684966,4695,散步,表白与追求,unreviewed
2473,转学,转学,2,tencent_ai_lab_chinese_embedding_light_mirror_mvp,0.16007991,2473,0.53423077,2063,0.45089713,4370,大学恋爱,社会比较与人生进度,unreviewed
2474,走红,走红,2,tencent_ai_lab_chinese_embedding_light_mirror_mvp,0.16006947,2474,0.53384792,2076,0.5248037,2428,散步,社会比较与人生进度,unreviewed
2475,说分,说分,2,tencent_ai_lab_chinese_embedding_light_mirror_mvp,0.16003527,2475,0.53354983,2093,0.4787811,3738,对象,社会比较与人生进度,unreviewed
2476,七夕,七夕,2,tencent_ai_lab_chinese_embedding_light_mirror_mvp,0.15997563,2476,0.53213363,2147,0.54048157,2012,伴侣,对象关系,unreviewed
2477,想象,想象,2,tencent_ai_lab_chinese_embedding_light_mirror_mvp,0.15990311,2477,0.48846911,4437,0.64415574,564,对象,社会比较与人生进度,unreviewed
2478,玩乐,玩乐,2,tencent_ai_lab_chinese_embedding_light_mirror_mvp,0.15983738,2478,0.53419983,2065,0.4492408,4415,恋爱,约会,unreviewed
2479,羡慕,羡慕,2,tencent_ai_lab_chinese_embedding_light_mirror_mvp,0.15979727,2479,0.51606307,2772,0.56576163,1457,追求,表白与追求,unreviewed
2480,老奶奶,老奶奶,3,tencent_ai_lab_chinese_embedding_light_mirror_mvp,0.15977651,2480,0.52009089,2590,0.55809247,1599,老婆,婚恋,unreviewed
2481,家长会,家长会,3,tencent_ai_lab_chinese_embedding_light_mirror_mvp,0.15968174,2481,0.51112158,3034,0.57707351,1282,约会,约会,unreviewed
2482,老郑,老郑,2,tencent_ai_lab_chinese_embedding_light_mirror_mvp,0.15960157,2482,0.53374509,2083,0.51527977,2698,老婆,婚恋,unreviewed
2483,极致,极致,2,tencent_ai_lab_chinese_embedding_light_mirror_mvp,0.15956008,2483,0.5315449,2172,0.54126251,1997,落后,表白与追求,unreviewed
2484,亲如一家,亲如一家,4,tencent_ai_lab_chinese_embedding_light_mirror_mvp,0.159392,2484,0.49398251,4050,0.62459677,733,亲密,亲密行为,unreviewed
2485,挑逗,挑逗,2,tencent_ai_lab_chinese_embedding_light_mirror_mvp,0.15934396,2485,0.53340139,2098,0.48557603,3554,对象,社会比较与人生进度,unreviewed
2486,出生,出生,2,tencent_ai_lab_chinese_embedding_light_mirror_mvp,0.15928713,2486,0.53369099,2085,0.52825201,2346,人生阶段,社会比较与人生进度,unreviewed
2487,单衣,单衣,2,tencent_ai_lab_chinese_embedding_light_mirror_mvp,0.15910595,2487,0.482354,4933,0.66915512,408,单身,单身与脱单,manual_reject
2488,缔结,缔结,2,tencent_ai_lab_chinese_embedding_light_mirror_mvp,0.1589382,2488,0.51680511,2741,0.56380796,1491,结婚,亲密行为,unreviewed
2489,工友,工友,2,tencent_ai_lab_chinese_embedding_light_mirror_mvp,0.15890453,2489,0.5337003,2084,0.53732586,2085,女朋友,对象关系,unreviewed
2490,休息,休息,2,tencent_ai_lab_chinese_embedding_light_mirror_mvp,0.15879207,2490,0.5225284,2491,0.55337167,1696,散步,约会,unreviewed
2491,长裙,长裙,2,tencent_ai_lab_chinese_embedding_light_mirror_mvp,0.15877813,2491,0.53331047,2102,0.48237711,3639,校服,婚恋,unreviewed
2492,喝酒,喝酒,2,tencent_ai_lab_chinese_embedding_light_mirror_mvp,0.1587094,2492,0.53332794,2101,0.49325272,3339,约饭,表白与追求,unreviewed
2493,跑了,跑了,2,tencent_ai_lab_chinese_embedding_light_mirror_mvp,0.15863515,2493,0.5135643,2905,0.57060832,1378,散步,约会,unreviewed
2494,受伤害,受伤害,3,tencent_ai_lab_chinese_embedding_light_mirror_mvp,0.15862135,2494,0.53367368,2088,0.5249992,2424,被追,社会比较与人生进度,unreviewed
2495,民政局,民政局,3,tencent_ai_lab_chinese_embedding_light_mirror_mvp,0.15859621,2495,0.53932729,1898,0.4041855,4878,结婚,社会比较与人生进度,unreviewed
2496,完美主义,完美主义,4,tencent_ai_lab_chinese_embedding_light_mirror_mvp,0.15845205,2496,0.53467151,2046,0.44016063,4538,追求,社会比较与人生进度,unreviewed
2497,黏人,黏人,2,tencent_ai_lab_chinese_embedding_light_mirror_mvp,0.15844243,2497,0.50986711,3107,0.5794704,1252,恋人,亲密行为,unreviewed
2498,某人,某人,2,tencent_ai_lab_chinese_embedding_light_mirror_mvp,0.15843053,2498,0.49587604,3924,0.61782056,803,同龄人,社会比较与人生进度,unreviewed
2499,人和事,人和事,3,tencent_ai_lab_chinese_embedding_light_mirror_mvp,0.15825402,2499,0.52483208,2415,0.54972279,1773,别人都有对象,社会比较与人生进度,unreviewed
2500,信任危机,信任危机,4,tencent_ai_lab_chinese_embedding_light_mirror_mvp,0.15822658,2500,0.52280329,2479,0.55254805,1714,前任,恋爱历史,unreviewed
2501,很想,很想,2,tencent_ai_lab_chinese_embedding_light_mirror_mvp,0.15809193,2501,0.50745867,3230,0.58467948,1174,追求,表白与追求,unreviewed
2502,活着,活着,2,tencent_ai_lab_chinese_embedding_light_mirror_mvp,0.15805912,2502,0.50955826,3131,0.58010763,1240,人生阶段,社会比较与人生进度,unreviewed
2503,肩并肩,肩并肩,3,tencent_ai_lab_chinese_embedding_light_mirror_mvp,0.15796028,2503,0.53345621,2095,0.51952732,2581,拥抱,亲密行为,unreviewed
2504,不辞而别,不辞而别,4,tencent_ai_lab_chinese_embedding_light_mirror_mvp,0.15787361,2504,0.53306944,2109,0.48548645,3557,落后,社会比较与人生进度,unreviewed
2505,甜如,甜如,2,tencent_ai_lab_chinese_embedding_light_mirror_mvp,0.15786843,2505,0.53316259,2106,0.489519,3435,恋情,恋爱核心,unreviewed
2506,我后,我后,2,tencent_ai_lab_chinese_embedding_light_mirror_mvp,0.15784919,2506,0.50966601,3120,0.5795756,1250,落后,社会比较与人生进度,unreviewed
2507,女宝,女宝,2,tencent_ai_lab_chinese_embedding_light_mirror_mvp,0.15778326,2507,0.52181895,2514,0.55373526,1688,女朋友,对象关系,unreviewed
2508,不淡定,不淡定,3,tencent_ai_lab_chinese_embedding_light_mirror_mvp,0.15768304,2508,0.53231814,2141,0.5387361,2047,没有对象,社会比较与人生进度,unreviewed
2509,挥别,挥别,2,tencent_ai_lab_chinese_embedding_light_mirror_mvp,0.15744048,2509,0.53303614,2111,0.47553712,3820,脱单,表白与追求,unreviewed
2510,热烈,热烈,2,tencent_ai_lab_chinese_embedding_light_mirror_mvp,0.15736423,2510,0.51926434,2637,0.55838346,1595,亲密,表白与追求,unreviewed
2511,初衷,初衷,2,tencent_ai_lab_chinese_embedding_light_mirror_mvp,0.15736022,2511,0.4939558,4053,0.6229732,747,初恋,社会比较与人生进度,unreviewed
2512,信任度,信任度,3,tencent_ai_lab_chinese_embedding_light_mirror_mvp,0.15732273,2512,0.52783327,2318,0.54523718,1884,亲密,亲密行为,unreviewed
2513,之人,之人,2,tencent_ai_lab_chinese_embedding_light_mirror_mvp,0.15708243,2513,0.5115703,3011,0.57405329,1323,喜欢的人,社会比较与人生进度,unreviewed
2514,借钱,借钱,2,tencent_ai_lab_chinese_embedding_light_mirror_mvp,0.15677604,2514,0.52919221,2265,0.54291844,1943,对象,表白与追求,unreviewed
2515,情到,情到,2,tencent_ai_lab_chinese_embedding_light_mirror_mvp,0.15675911,2515,0.49450604,4020,0.62072343,765,爱情,恋爱核心,unreviewed
2516,表现出,表现出,3,tencent_ai_lab_chinese_embedding_light_mirror_mvp,0.15671031,2516,0.52262355,2484,0.55184221,1730,表白,社会比较与人生进度,unreviewed
2517,童话般,童话般,3,tencent_ai_lab_chinese_embedding_light_mirror_mvp,0.15665221,2517,0.53283263,2115,0.48926622,3443,亲密,社会比较与人生进度,unreviewed
2518,中年,中年,2,tencent_ai_lab_chinese_embedding_light_mirror_mvp,0.15633234,2518,0.53314157,2107,0.53049564,2283,同龄人,社会比较与人生进度,unreviewed
2519,懦弱,懦弱,2,tencent_ai_lab_chinese_embedding_light_mirror_mvp,0.15629899,2519,0.53404658,2071,0.44257867,4508,落后,社会比较与人生进度,unreviewed
2520,面对面,面对面,3,tencent_ai_lab_chinese_embedding_light_mirror_mvp,0.15619122,2520,0.49504963,3970,0.61816138,797,对象,社会比较与人生进度,unreviewed
2521,成人,成人,2,tencent_ai_lab_chinese_embedding_light_mirror_mvp,0.15601711,2521,0.50002253,3661,0.60251814,937,同龄人,社会比较与人生进度,unreviewed
2522,性格开朗,性格开朗,4,tencent_ai_lab_chinese_embedding_light_mirror_mvp,0.15577916,2522,0.53256048,2124,0.49502331,3298,喜欢的人,社会比较与人生进度,unreviewed
2523,早起,早起,2,tencent_ai_lab_chinese_embedding_light_mirror_mvp,0.15577229,2523,0.49515823,3964,0.61764967,807,早恋,社会比较与人生进度,unreviewed
2524,不满足,不满足,3,tencent_ai_lab_chinese_embedding_light_mirror_mvp,0.15574851,2524,0.52519226,2403,0.54758644,1817,没有对象,社会比较与人生进度,unreviewed
2525,职场,职场,2,tencent_ai_lab_chinese_embedding_light_mirror_mvp,0.15568144,2525,0.53291286,2112,0.51611292,2674,对象,社会比较与人生进度,unreviewed
2526,前世,前世,2,tencent_ai_lab_chinese_embedding_light_mirror_mvp,0.15559155,2526,0.49258159,4149,0.62599623,715,前男友,恋爱历史,unreviewed
2527,诠释,诠释,2,tencent_ai_lab_chinese_embedding_light_mirror_mvp,0.15557364,2527,0.53287979,2113,0.51533145,2696,追求,表白与追求,unreviewed
2528,产妇,产妇,2,tencent_ai_lab_chinese_embedding_light_mirror_mvp,0.15557145,2528,0.50673926,3279,0.58483225,1170,妻子,婚恋,unreviewed
2529,老爷们儿,老爷们儿,4,tencent_ai_lab_chinese_embedding_light_mirror_mvp,0.15547806,2529,0.52628934,2367,0.546013,1858,老婆,社会比较与人生进度,unreviewed
2530,群体,群体,2,tencent_ai_lab_chinese_embedding_light_mirror_mvp,0.15540266,2530,0.52626258,2369,0.54601485,1857,同龄人,社会比较与人生进度,unreviewed
2531,他妹,他妹,2,tencent_ai_lab_chinese_embedding_light_mirror_mvp,0.15534111,2531,0.52443936,2433,0.54861927,1798,男朋友,对象关系,unreviewed
2532,百般挑剔,百般挑剔,4,tencent_ai_lab_chinese_embedding_light_mirror_mvp,0.15509843,2532,0.53286757,2114,0.51753694,2625,追求,社会比较与人生进度,unreviewed
2533,适龄,适龄,2,tencent_ai_lab_chinese_embedding_light_mirror_mvp,0.15505574,2533,0.48239512,4929,0.66522646,435,同龄人,社会比较与人生进度,manual_review
2534,脱光,脱光,2,tencent_ai_lab_chinese_embedding_light_mirror_mvp,0.15498579,2534,0.49845221,3745,0.60608858,909,脱单,单身与脱单,unreviewed
2535,超哥,超哥,2,tencent_ai_lab_chinese_embedding_light_mirror_mvp,0.15496023,2535,0.53630844,1995,0.41923448,4772,男朋友,社会比较与人生进度,unreviewed
2536,和谈,和谈,2,tencent_ai_lab_chinese_embedding_light_mirror_mvp,0.15492813,2536,0.51685134,2739,0.5609169,1540,约会,约会,unreviewed
2537,再亲,再亲,2,tencent_ai_lab_chinese_embedding_light_mirror_mvp,0.15490902,2537,0.48430483,4787,0.65722084,473,亲密,亲密行为,unreviewed
2538,选择,选择,2,tencent_ai_lab_chinese_embedding_light_mirror_mvp,0.15490776,2538,0.51533741,2811,0.56397599,1487,追求,社会比较与人生进度,unreviewed
2539,大爷,大爷,2,tencent_ai_lab_chinese_embedding_light_mirror_mvp,0.15472026,2539,0.53253131,2127,0.50151318,3100,同龄人,社会比较与人生进度,unreviewed
2540,一起,一起,2,tencent_ai_lab_chinese_embedding_light_mirror_mvp,0.15469806,2540,0.50368911,3433,0.59108824,1078,伴侣,对象关系,unreviewed
2541,辣鸡,辣鸡,2,tencent_ai_lab_chinese_embedding_light_mirror_mvp,0.15458887,2541,0.54272017,1787,0.37817121,4978,约饭,社会比较与人生进度,manual_reject
2542,成就,成就,2,tencent_ai_lab_chinese_embedding_light_mirror_mvp,0.15453222,2542,0.53243886,2133,0.49139017,3391,落后,社会比较与人生进度,unreviewed
2543,放风筝,放风筝,3,tencent_ai_lab_chinese_embedding_light_mirror_mvp,0.15452989,2543,0.5336427,2092,0.4446696,4479,散步,约会,unreviewed
2544,团聚,团聚,2,tencent_ai_lab_chinese_embedding_light_mirror_mvp,0.15446922,2544,0.49229317,4167,0.62596977,717,约会,约会,unreviewed
2545,中学老师,中学老师,4,tencent_ai_lab_chinese_embedding_light_mirror_mvp,0.15439088,2545,0.53271691,2119,0.53554446,2137,高中恋爱,校园恋爱,unreviewed
2546,颁奖礼,颁奖礼,3,tencent_ai_lab_chinese_embedding_light_mirror_mvp,0.15437239,2546,0.50136484,3573,0.59680271,991,婚礼,表白与追求,manual_reject
2547,反目,反目,2,tencent_ai_lab_chinese_embedding_light_mirror_mvp,0.15432451,2547,0.53258283,2122,0.51210654,2782,被追,表白与追求,unreviewed
2548,游览,游览,2,tencent_ai_lab_chinese_embedding_light_mirror_mvp,0.15425246,2548,0.51058223,3063,0.57421857,1319,散步,约会,unreviewed
2549,个性,个性,2,tencent_ai_lab_chinese_embedding_light_mirror_mvp,0.15408384,2549,0.53251834,2128,0.50955659,2866,亲密,社会比较与人生进度,unreviewed
2550,才是,才是,2,tencent_ai_lab_chinese_embedding_light_mirror_mvp,0.15375663,2550,0.532374,2137,0.49859631,3187,对象,社会比较与人生进度,unreviewed
2551,罚站,罚站,2,tencent_ai_lab_chinese_embedding_light_mirror_mvp,0.15371157,2551,0.54003633,1873,0.39194143,4947,被追,约会,manual_reject
2552,聊过,聊过,2,tencent_ai_lab_chinese_embedding_light_mirror_mvp,0.15368103,2552,0.49095113,4257,0.62970454,683,没谈过恋爱,社会比较与人生进度,unreviewed
2553,脱发,脱发,2,tencent_ai_lab_chinese_embedding_light_mirror_mvp,0.15360518,2553,0.49831632,3752,0.60530186,918,脱单,单身与脱单,unreviewed
2554,老是,老是,2,tencent_ai_lab_chinese_embedding_light_mirror_mvp,0.15346797,2554,0.50015059,3651,0.60003984,967,老婆,社会比较与人生进度,manual_reject
2555,事物,事物,2,tencent_ai_lab_chinese_embedding_light_mirror_mvp,0.15344331,2555,0.53251653,2129,0.52794534,2352,对象,社会比较与人生进度,unreviewed
2556,身着,身着,2,tencent_ai_lab_chinese_embedding_light_mirror_mvp,0.15308715,2556,0.51019609,3090,0.57446158,1315,单身,社会比较与人生进度,unreviewed
2557,回校,回校,2,tencent_ai_lab_chinese_embedding_light_mirror_mvp,0.15308469,2557,0.50503818,3359,0.58647346,1140,校服,校园恋爱,unreviewed
2558,逛一逛,逛一逛,3,tencent_ai_lab_chinese_embedding_light_mirror_mvp,0.15285529,2558,0.53176026,2163,0.53674233,2098,第一次约会,约会,unreviewed
2559,喝茶,喝茶,2,tencent_ai_lab_chinese_embedding_light_mirror_mvp,0.15283892,2559,0.53241421,2136,0.51194608,2792,约饭,约会,unreviewed
2560,胖小子,胖小子,3,tencent_ai_lab_chinese_embedding_light_mirror_mvp,0.15272121,2560,0.53412514,2068,0.43351588,4625,妻子,社会比较与人生进度,unreviewed
2561,女演员,女演员,3,tencent_ai_lab_chinese_embedding_light_mirror_mvp,0.1525398,2561,0.53198957,2149,0.4808417,3679,女朋友,婚恋,unreviewed
2562,秀禾服,秀禾服,3,tencent_ai_lab_chinese_embedding_light_mirror_mvp,0.15235299,2562,0.53234764,2139,0.51447827,2720,校服,社会比较与人生进度,unreviewed
2563,抚摸,抚摸,2,tencent_ai_lab_chinese_embedding_light_mirror_mvp,0.15229851,2563,0.53233372,2140,0.51078141,2822,拥抱,亲密行为,unreviewed
2564,私下里,私下里,3,tencent_ai_lab_chinese_embedding_light_mirror_mvp,0.15180746,2564,0.52059416,2569,0.55212456,1724,老公,社会比较与人生进度,unreviewed
2565,讲台,讲台,2,tencent_ai_lab_chinese_embedding_light_mirror_mvp,0.15178259,2565,0.53192735,2154,0.48304522,3614,同桌,约会,unreviewed
2566,闹僵,闹僵,2,tencent_ai_lab_chinese_embedding_light_mirror_mvp,0.15165846,2566,0.53459916,2050,0.42678261,4697,脱单,亲密行为,unreviewed
2567,飙泪,飙泪,2,tencent_ai_lab_chinese_embedding_light_mirror_mvp,0.15160197,2567,0.53364625,2091,0.43727642,4580,暗恋,表白与追求,unreviewed
2568,草坪,草坪,2,tencent_ai_lab_chinese_embedding_light_mirror_mvp,0.15159944,2568,0.53789331,1947,0.40323532,4887,散步,约会,unreviewed
2569,人生哲学,人生哲学,4,tencent_ai_lab_chinese_embedding_light_mirror_mvp,0.15120278,2569,0.49251734,4156,0.62262046,751,人生阶段,社会比较与人生进度,unreviewed
2570,口是心非,口是心非,4,tencent_ai_lab_chinese_embedding_light_mirror_mvp,0.15111471,2570,0.53177395,2162,0.46895212,4005,感情史,社会比较与人生进度,unreviewed
2571,离开,离开,2,tencent_ai_lab_chinese_embedding_light_mirror_mvp,0.15098858,2571,0.51311046,2931,0.56617653,1449,散步,社会比较与人生进度,unreviewed
2572,忍让,忍让,2,tencent_ai_lab_chinese_embedding_light_mirror_mvp,0.1508422,2572,0.53231584,2142,0.45433646,4307,丈夫,亲密行为,unreviewed
2573,方式,方式,2,tencent_ai_lab_chinese_embedding_light_mirror_mvp,0.15083097,2573,0.50757418,3228,0.57920122,1258,对象,社会比较与人生进度,unreviewed
2574,说话,说话,2,tencent_ai_lab_chinese_embedding_light_mirror_mvp,0.15081254,2574,0.51576509,2786,0.56027025,1560,对象,社会比较与人生进度,unreviewed
2575,总说,总说,2,tencent_ai_lab_chinese_embedding_light_mirror_mvp,0.15079218,2575,0.53243603,2134,0.44856492,4430,追求,社会比较与人生进度,unreviewed
2576,抚慰,抚慰,2,tencent_ai_lab_chinese_embedding_light_mirror_mvp,0.15064925,2576,0.51288582,2948,0.56651753,1440,拥抱,亲密行为,unreviewed
2577,饭卡,饭卡,2,tencent_ai_lab_chinese_embedding_light_mirror_mvp,0.15050967,2577,0.48669258,4580,0.64293945,580,约饭,约会,unreviewed
2578,拉着,拉着,2,tencent_ai_lab_chinese_embedding_light_mirror_mvp,0.15050825,2578,0.50523559,3353,0.5843128,1176,拥抱,亲密行为,unreviewed
2579,过上,过上,2,tencent_ai_lab_chinese_embedding_light_mirror_mvp,0.15048004,2579,0.51298659,2939,0.56613982,1450,错过青春,社会比较与人生进度,unreviewed
2580,对不对,对不对,3,tencent_ai_lab_chinese_embedding_light_mirror_mvp,0.15026563,2580,0.49331816,4098,0.61905062,786,对象,社会比较与人生进度,unreviewed
2581,某件事,某件事,3,tencent_ai_lab_chinese_embedding_light_mirror_mvp,0.15024977,2581,0.53195405,2152,0.53455848,2164,被追,社会比较与人生进度,unreviewed
2582,街心公园,街心公园,4,tencent_ai_lab_chinese_embedding_light_mirror_mvp,0.14991465,2582,0.53254819,2125,0.44413853,4486,校园恋爱,校园恋爱,unreviewed
2583,事业心,事业心,3,tencent_ai_lab_chinese_embedding_light_mirror_mvp,0.149826,2583,0.53159046,2170,0.47710675,3775,恋爱关系,社会比较与人生进度,unreviewed
2584,平均年龄,平均年龄,4,tencent_ai_lab_chinese_embedding_light_mirror_mvp,0.14967615,2584,0.48373677,4826,0.65420121,490,同龄人,社会比较与人生进度,unreviewed
2585,举止,举止,2,tencent_ai_lab_chinese_embedding_light_mirror_mvp,0.14964942,2585,0.52434286,2434,0.54529101,1882,对象,表白与追求,unreviewed
2586,痴迷,痴迷,2,tencent_ai_lab_chinese_embedding_light_mirror_mvp,0.14961977,2586,0.51388811,2882,0.56319213,1499,初恋,表白与追求,unreviewed
2587,各奔东西,各奔东西,4,tencent_ai_lab_chinese_embedding_light_mirror_mvp,0.14960225,2587,0.53182745,2160,0.53011948,2294,追求,社会比较与人生进度,unreviewed
2588,曾经沧海,曾经沧海,4,tencent_ai_lab_chinese_embedding_light_mirror_mvp,0.14958677,2588,0.53183059,2159,0.53240871,2228,恋爱经历,社会比较与人生进度,unreviewed
2589,迎接,迎接,2,tencent_ai_lab_chinese_embedding_light_mirror_mvp,0.14958337,2589,0.50486497,3377,0.58468628,1173,接吻,表白与追求,unreviewed
2590,拿钱,拿钱,2,tencent_ai_lab_chinese_embedding_light_mirror_mvp,0.14955142,2590,0.52243482,2498,0.54763949,1816,被追,表白与追求,unreviewed
2591,大妈,大妈,2,tencent_ai_lab_chinese_embedding_light_mirror_mvp,0.14954216,2591,0.53151982,2175,0.47899669,3734,老婆,婚恋,unreviewed
2592,骚货,骚货,2,tencent_ai_lab_chinese_embedding_light_mirror_mvp,0.14942916,2592,0.53218009,2145,0.45027435,4384,被追,社会比较与人生进度,unreviewed
2593,房子,房子,2,tencent_ai_lab_chinese_embedding_light_mirror_mvp,0.14929168,2593,0.52135229,2536,0.54919517,1788,妻子,婚恋,unreviewed
2594,性格,性格,2,tencent_ai_lab_chinese_embedding_light_mirror_mvp,0.14926676,2594,0.52094009,2552,0.54974526,1772,人生阶段,社会比较与人生进度,unreviewed
2595,着装,着装,2,tencent_ai_lab_chinese_embedding_light_mirror_mvp,0.14896317,2595,0.51999089,2595,0.55119866,1739,校服,社会比较与人生进度,unreviewed
2596,物质财富,物质财富,4,tencent_ai_lab_chinese_embedding_light_mirror_mvp,0.14892083,2596,0.53265612,2120,0.44031644,4536,追求,社会比较与人生进度,unreviewed
2597,谈好,谈好,2,tencent_ai_lab_chinese_embedding_light_mirror_mvp,0.14888947,2597,0.50850989,3183,0.57538837,1303,对象,社会比较与人生进度,unreviewed
2598,八岁,八岁,2,tencent_ai_lab_chinese_embedding_light_mirror_mvp,0.14881483,2598,0.53176012,2164,0.53443843,2167,同龄人,社会比较与人生进度,unreviewed
2599,冬装,冬装,2,tencent_ai_lab_chinese_embedding_light_mirror_mvp,0.14873883,2599,0.53137532,2180,0.47568595,3818,校服,社会比较与人生进度,unreviewed
2600,购物,购物,2,tencent_ai_lab_chinese_embedding_light_mirror_mvp,0.14867079,2600,0.53156945,2171,0.50703752,2932,约会,约会,unreviewed
2601,冷淡,冷淡,2,tencent_ai_lab_chinese_embedding_light_mirror_mvp,0.1483851,2601,0.53160944,2169,0.53073919,2274,落后,表白与追求,unreviewed
2602,搭伙,搭伙,2,tencent_ai_lab_chinese_embedding_light_mirror_mvp,0.14823653,2602,0.49833758,3751,0.60039735,960,伴侣,对象关系,manual_keep
2603,当你,当你,2,tencent_ai_lab_chinese_embedding_light_mirror_mvp,0.14818011,2603,0.53130689,2185,0.49310967,3348,恋情,表白与追求,unreviewed
2604,佣人,佣人,2,tencent_ai_lab_chinese_embedding_light_mirror_mvp,0.14809106,2604,0.53134745,2182,0.46566343,4075,同龄人,社会比较与人生进度,unreviewed
2605,主义者,主义者,3,tencent_ai_lab_chinese_embedding_light_mirror_mvp,0.14781454,2605,0.53241525,2135,0.44187772,4516,喜欢的人,社会比较与人生进度,unreviewed
2606,相对无言,相对无言,4,tencent_ai_lab_chinese_embedding_light_mirror_mvp,0.14780763,2606,0.52183392,2513,0.5472759,1827,没有对象,社会比较与人生进度,unreviewed
2607,下半场,下半场,3,tencent_ai_lab_chinese_embedding_light_mirror_mvp,0.14777126,2607,0.53113368,2189,0.47907087,3732,约会,社会比较与人生进度,unreviewed
2608,叫她,叫她,2,tencent_ai_lab_chinese_embedding_light_mirror_mvp,0.1477222,2608,0.5314665,2177,0.51133549,2808,女朋友,婚恋,unreviewed
2609,他会,他会,2,tencent_ai_lab_chinese_embedding_light_mirror_mvp,0.14767711,2609,0.50241076,3510,0.58906537,1108,约会,约会,unreviewed
2610,落伍,落伍,2,tencent_ai_lab_chinese_embedding_light_mirror_mvp,0.14732333,2610,0.50066329,3618,0.59329963,1041,落后,社会比较与人生进度,manual_review
2611,学业,学业,2,tencent_ai_lab_chinese_embedding_light_mirror_mvp,0.14725917,2611,0.53138227,2179,0.51550263,2689,追求,社会比较与人生进度,unreviewed
2612,少女时代,少女时代,4,tencent_ai_lab_chinese_embedding_light_mirror_mvp,0.14705856,2612,0.53102582,2197,0.4744125,3865,青春,社会比较与人生进度,unreviewed
2613,体贴人,体贴人,3,tencent_ai_lab_chinese_embedding_light_mirror_mvp,0.14684512,2613,0.53137333,2181,0.52876765,2324,亲密,亲密行为,unreviewed
2614,话说,话说,2,tencent_ai_lab_chinese_embedding_light_mirror_mvp,0.14658488,2614,0.531294,2186,0.51170301,2796,对象,社会比较与人生进度,unreviewed
2615,生人,生人,2,tencent_ai_lab_chinese_embedding_light_mirror_mvp,0.14654474,2615,0.48979604,4340,0.62738425,705,人生阶段,社会比较与人生进度,unreviewed
2616,五十岁,五十岁,3,tencent_ai_lab_chinese_embedding_light_mirror_mvp,0.14652937,2616,0.50400978,3414,0.58407068,1183,同龄人,社会比较与人生进度,unreviewed
2617,射精,射精,2,tencent_ai_lab_chinese_embedding_light_mirror_mvp,0.14648466,2617,0.5344294,2057,0.41827506,4784,单身,婚恋,unreviewed
2618,熟稔,熟稔,2,tencent_ai_lab_chinese_embedding_light_mirror_mvp,0.14642807,2618,0.51825789,2674,0.55268496,1710,亲密,亲密行为,unreviewed
2619,稚气,稚气,2,tencent_ai_lab_chinese_embedding_light_mirror_mvp,0.14636956,2619,0.5309351,2199,0.48673958,3518,青春,社会比较与人生进度,unreviewed
2620,内涵,内涵,2,tencent_ai_lab_chinese_embedding_light_mirror_mvp,0.14632946,2620,0.53105773,2194,0.50180089,3089,对象,社会比较与人生进度,unreviewed
2621,理解,理解,2,tencent_ai_lab_chinese_embedding_light_mirror_mvp,0.14628125,2621,0.53115356,2188,0.51289487,2764,追求,表白与追求,unreviewed
2622,才生,才生,2,tencent_ai_lab_chinese_embedding_light_mirror_mvp,0.14624071,2622,0.53108302,2192,0.46335912,4117,人生阶段,社会比较与人生进度,unreviewed
2623,讨好,讨好,2,tencent_ai_lab_chinese_embedding_light_mirror_mvp,0.14623845,2623,0.52084861,2557,0.54796588,1812,被追,表白与追求,unreviewed
2624,回了,回了,2,tencent_ai_lab_chinese_embedding_light_mirror_mvp,0.1460952,2624,0.51900275,2649,0.55135489,1737,被追,社会比较与人生进度,unreviewed
2625,礼仪,礼仪,2,tencent_ai_lab_chinese_embedding_light_mirror_mvp,0.14594303,2625,0.48819417,4459,0.63242209,654,婚礼,婚恋,unreviewed
2626,受孕,受孕,2,tencent_ai_lab_chinese_embedding_light_mirror_mvp,0.14584201,2626,0.52702236,2347,0.53946429,2029,老公,婚恋,unreviewed
2627,年轮,年轮,2,tencent_ai_lab_chinese_embedding_light_mirror_mvp,0.14581269,2627,0.54236873,1805,0.36972201,4989,母胎单身,社会比较与人生进度,manual_review
2628,必然,必然,2,tencent_ai_lab_chinese_embedding_light_mirror_mvp,0.14576346,2628,0.52059698,2568,0.54810762,1810,落后,社会比较与人生进度,unreviewed
2629,重婚罪,重婚罪,3,tencent_ai_lab_chinese_embedding_light_mirror_mvp,0.14565117,2629,0.51159292,3010,0.5656451,1460,结婚,婚恋,unreviewed
2630,点餐,点餐,2,tencent_ai_lab_chinese_embedding_light_mirror_mvp,0.14550882,2630,0.48665805,4583,0.6383664,615,约饭,约会,unreviewed
2631,一身,一身,2,tencent_ai_lab_chinese_embedding_light_mirror_mvp,0.14550136,2631,0.50487739,3375,0.58140934,1220,单身,单身与脱单,unreviewed
2632,然而,然而,2,tencent_ai_lab_chinese_embedding_light_mirror_mvp,0.14527712,2632,0.53105218,2196,0.52776885,2359,落后,社会比较与人生进度,unreviewed
2633,总是,总是,2,tencent_ai_lab_chinese_embedding_light_mirror_mvp,0.14526361,2633,0.53071158,2206,0.49650234,3247,追求,社会比较与人生进度,unreviewed
2634,眷念,眷念,2,tencent_ai_lab_chinese_embedding_light_mirror_mvp,0.14510475,2634,0.51078167,3054,0.5668813,1431,初恋,表白与追求,unreviewed
2635,理由,理由,2,tencent_ai_lab_chinese_embedding_light_mirror_mvp,0.14499121,2635,0.53055837,2211,0.48207477,3649,追求,表白与追求,unreviewed
2636,外人,外人,2,tencent_ai_lab_chinese_embedding_light_mirror_mvp,0.14488638,2636,0.51104256,3038,0.56619889,1448,别人都有对象,社会比较与人生进度,unreviewed
2637,大伯,大伯,2,tencent_ai_lab_chinese_embedding_light_mirror_mvp,0.14475447,2637,0.5322286,2143,0.43672138,4585,亲密,亲密行为,unreviewed
2638,喜事,喜事,2,tencent_ai_lab_chinese_embedding_light_mirror_mvp,0.14465089,2638,0.4967272,3862,0.60246193,938,喜欢的人,表白与追求,unreviewed
2639,一见如故,一见如故,4,tencent_ai_lab_chinese_embedding_light_mirror_mvp,0.14461932,2639,0.53051602,2214,0.48533258,3560,落后,表白与追求,unreviewed
2640,纯洁,纯洁,2,tencent_ai_lab_chinese_embedding_light_mirror_mvp,0.14456442,2640,0.53079673,2203,0.51350993,2751,亲密,亲密行为,unreviewed
2641,早读,早读,2,tencent_ai_lab_chinese_embedding_light_mirror_mvp,0.1445072,2641,0.49578428,3928,0.60571259,914,早恋,社会比较与人生进度,unreviewed
2642,女病人,女病人,3,tencent_ai_lab_chinese_embedding_light_mirror_mvp,0.14449456,2642,0.53091851,2200,0.52550346,2411,恋人,对象关系,unreviewed
2643,未成年,未成年,3,tencent_ai_lab_chinese_embedding_light_mirror_mvp,0.14438082,2643,0.52106498,2546,0.54634571,1849,同龄人,社会比较与人生进度,unreviewed
2644,只会,只会,2,tencent_ai_lab_chinese_embedding_light_mirror_mvp,0.1443302,2644,0.49782263,3791,0.59878772,976,约会,约会,manual_reject
2645,励志,励志,2,tencent_ai_lab_chinese_embedding_light_mirror_mvp,0.14417794,2645,0.5307704,2204,0.52757359,2362,追求,社会比较与人生进度,unreviewed
2646,情真,情真,2,tencent_ai_lab_chinese_embedding_light_mirror_mvp,0.14415405,2646,0.49618562,3904,0.60410023,926,恋情,恋爱核心,unreviewed
2647,差距,差距,2,tencent_ai_lab_chinese_embedding_light_mirror_mvp,0.14392018,2647,0.53038067,2217,0.48966348,3433,落后,社会比较与人生进度,unreviewed
2648,其实,其实,2,tencent_ai_lab_chinese_embedding_light_mirror_mvp,0.14371634,2648,0.52721519,2338,0.53774995,2069,追求,社会比较与人生进度,unreviewed
2649,对待,对待,2,tencent_ai_lab_chinese_embedding_light_mirror_mvp,0.143527,2649,0.48319926,4867,0.65032434,517,对象,表白与追求,unreviewed
2650,变老,变老,2,tencent_ai_lab_chinese_embedding_light_mirror_mvp,0.14343134,2650,0.5304984,2215,0.50636828,2955,老公,社会比较与人生进度,unreviewed
2651,奋斗目标,奋斗目标,4,tencent_ai_lab_chinese_embedding_light_mirror_mvp,0.14337251,2651,0.50666741,3285,0.57551575,1300,追求,社会比较与人生进度,unreviewed
2652,流产,流产,2,tencent_ai_lab_chinese_embedding_light_mirror_mvp,0.14336102,2652,0.53017361,2223,0.4826723,3629,母胎单身,社会比较与人生进度,unreviewed
2653,和服,和服,2,tencent_ai_lab_chinese_embedding_light_mirror_mvp,0.14329557,2653,0.49153532,4216,0.61857331,792,校服,表白与追求,unreviewed
2654,知冷知热,知冷知热,4,tencent_ai_lab_chinese_embedding_light_mirror_mvp,0.14318426,2654,0.53097696,2198,0.44906789,4423,表白,表白与追求,unreviewed
2655,脾气好,脾气好,3,tencent_ai_lab_chinese_embedding_light_mirror_mvp,0.14306238,2655,0.52997311,2227,0.46989375,3983,落后,社会比较与人生进度,unreviewed
2656,心情不好,心情不好,4,tencent_ai_lab_chinese_embedding_light_mirror_mvp,0.14300256,2656,0.51849788,2665,0.54993862,1766,感情史,社会比较与人生进度,unreviewed
2657,成长,成长,2,tencent_ai_lab_chinese_embedding_light_mirror_mvp,0.14296695,2657,0.52444519,2432,0.54128349,1994,青春,社会比较与人生进度,unreviewed
2658,老头子,老头子,3,tencent_ai_lab_chinese_embedding_light_mirror_mvp,0.14294554,2658,0.50840368,3188,0.5709874,1369,老婆,婚恋,unreviewed
2659,升学,升学,2,tencent_ai_lab_chinese_embedding_light_mirror_mvp,0.14289188,2659,0.53054508,2213,0.52499354,2425,高中恋爱,校园恋爱,unreviewed
2660,孤老,孤老,2,tencent_ai_lab_chinese_embedding_light_mirror_mvp,0.14270679,2660,0.52363287,2454,0.54204643,1974,单身,单身与脱单,unreviewed
2661,重点,重点,2,tencent_ai_lab_chinese_embedding_light_mirror_mvp,0.1426634,2661,0.53029534,2219,0.50720644,2925,对象,社会比较与人生进度,unreviewed
2662,俗套,俗套,2,tencent_ai_lab_chinese_embedding_light_mirror_mvp,0.14256955,2662,0.5299708,2228,0.49068028,3408,别人都有对象,社会比较与人生进度,unreviewed
2663,林爸,林爸,2,tencent_ai_lab_chinese_embedding_light_mirror_mvp,0.14255155,2663,0.53022742,2221,0.46286446,4128,妻子,婚恋,unreviewed
2664,简爱,简爱,2,tencent_ai_lab_chinese_embedding_light_mirror_mvp,0.14250652,2664,0.51531446,2812,0.55548906,1653,恋爱,表白与追求,unreviewed
2665,护工,护工,2,tencent_ai_lab_chinese_embedding_light_mirror_mvp,0.14245875,2665,0.53274186,2118,0.42503768,4721,拥抱,亲密行为,unreviewed
2666,嘘寒问暖,嘘寒问暖,4,tencent_ai_lab_chinese_embedding_light_mirror_mvp,0.14236706,2666,0.52992709,2232,0.47881082,3737,亲密,表白与追求,unreviewed
2667,就是这样,就是这样,4,tencent_ai_lab_chinese_embedding_light_mirror_mvp,0.14229176,2667,0.52989783,2233,0.47846484,3748,追求,社会比较与人生进度,unreviewed
2668,才会,才会,2,tencent_ai_lab_chinese_embedding_light_mirror_mvp,0.14221295,2668,0.51080155,3050,0.56480348,1476,约会,社会比较与人生进度,unreviewed
2669,看球赛,看球赛,3,tencent_ai_lab_chinese_embedding_light_mirror_mvp,0.14214442,2669,0.52536066,2399,0.5392226,2033,看电影,约会,unreviewed
2670,对唱,对唱,2,tencent_ai_lab_chinese_embedding_light_mirror_mvp,0.14211429,2670,0.52881066,2277,0.53473067,2161,对象,社会比较与人生进度,unreviewed
2671,死了,死了,2,tencent_ai_lab_chinese_embedding_light_mirror_mvp,0.14201159,2671,0.52988143,2234,0.48273087,3627,落后,社会比较与人生进度,unreviewed
2672,人帅,人帅,2,tencent_ai_lab_chinese_embedding_light_mirror_mvp,0.14196578,2672,0.51041297,3074,0.56556201,1462,喜欢的人,社会比较与人生进度,unreviewed
2673,而他,而他,2,tencent_ai_lab_chinese_embedding_light_mirror_mvp,0.14194601,2673,0.53019956,2222,0.51591039,2678,老公,表白与追求,unreviewed
2674,喜庆,喜庆,2,tencent_ai_lab_chinese_embedding_light_mirror_mvp,0.14191211,2674,0.51463183,2848,0.55630732,1629,喜欢的人,表白与追求,unreviewed
2675,诉说,诉说,2,tencent_ai_lab_chinese_embedding_light_mirror_mvp,0.14184489,2675,0.51345143,2914,0.55901122,1584,告白,表白与追求,unreviewed
2676,自尊心,自尊心,3,tencent_ai_lab_chinese_embedding_light_mirror_mvp,0.14173117,2676,0.52974492,2239,0.47456348,3859,亲密,社会比较与人生进度,unreviewed
2677,戒指,戒指,2,tencent_ai_lab_chinese_embedding_light_mirror_mvp,0.14162315,2677,0.52995969,2230,0.46416986,4099,脱单,社会比较与人生进度,unreviewed
2678,美好生活,美好生活,4,tencent_ai_lab_chinese_embedding_light_mirror_mvp,0.14156597,2678,0.52971613,2241,0.53302443,2204,人生阶段,社会比较与人生进度,unreviewed
2679,让我,让我,2,tencent_ai_lab_chinese_embedding_light_mirror_mvp,0.14141193,2679,0.53001721,2225,0.51740879,2634,被追,表白与追求,unreviewed
2680,难舍,难舍,2,tencent_ai_lab_chinese_embedding_light_mirror_mvp,0.14135198,2680,0.52044244,2577,0.54564583,1872,亲密,亲密行为,unreviewed
2681,合作伙伴,合作伙伴,4,tencent_ai_lab_chinese_embedding_light_mirror_mvp,0.14133679,2681,0.48436652,4780,0.64385527,568,伴侣,对象关系,unreviewed
2682,侄儿,侄儿,2,tencent_ai_lab_chinese_embedding_light_mirror_mvp,0.14124637,2682,0.53043468,2216,0.45221198,4348,同龄人,社会比较与人生进度,unreviewed
2683,没心没肺,没心没肺,4,tencent_ai_lab_chinese_embedding_light_mirror_mvp,0.14124419,2683,0.51292862,2945,0.55981213,1570,没有对象,单身与脱单,unreviewed
2684,嫌烦,嫌烦,2,tencent_ai_lab_chinese_embedding_light_mirror_mvp,0.14118842,2684,0.52976401,2237,0.48802048,3469,被追,社会比较与人生进度,unreviewed
2685,好了,好了,2,tencent_ai_lab_chinese_embedding_light_mirror_mvp,0.1408624,2685,0.50918916,3151,0.56765068,1419,落后,社会比较与人生进度,unreviewed
2686,心灰意冷,心灰意冷,4,tencent_ai_lab_chinese_embedding_light_mirror_mvp,0.14085009,2686,0.52856187,2289,0.53434062,2170,暗恋,表白与追求,unreviewed
2687,初中部,初中部,3,tencent_ai_lab_chinese_embedding_light_mirror_mvp,0.14081341,2687,0.50159088,3562,0.58587492,1156,初恋,校园恋爱,unreviewed
2688,不分彼此,不分彼此,4,tencent_ai_lab_chinese_embedding_light_mirror_mvp,0.14073904,2688,0.50560306,3338,0.57579005,1296,没有对象,单身与脱单,unreviewed
2689,赡养费,赡养费,3,tencent_ai_lab_chinese_embedding_light_mirror_mvp,0.14072042,2689,0.53130798,2184,0.43889666,4555,被追,婚恋,unreviewed
2690,优秀生,优秀生,3,tencent_ai_lab_chinese_embedding_light_mirror_mvp,0.14067504,2690,0.5296335,2246,0.48133093,3667,学生情侣,社会比较与人生进度,unreviewed
2691,致敬,致敬,2,tencent_ai_lab_chinese_embedding_light_mirror_mvp,0.14063314,2691,0.52548807,2393,0.53801864,2062,拥抱,表白与追求,unreviewed
2692,喝醉酒,喝醉酒,3,tencent_ai_lab_chinese_embedding_light_mirror_mvp,0.14058223,2692,0.52998364,2226,0.45617694,4264,约饭,表白与追求,unreviewed
2693,骗色,骗色,2,tencent_ai_lab_chinese_embedding_light_mirror_mvp,0.14047465,2693,0.52961773,2248,0.475243,3832,暗恋,表白与追求,unreviewed
2694,暗示,暗示,2,tencent_ai_lab_chinese_embedding_light_mirror_mvp,0.14026286,2694,0.49420303,4037,0.60706073,901,暗恋,表白与追求,unreviewed
2695,擦肩,擦肩,2,tencent_ai_lab_chinese_embedding_light_mirror_mvp,0.14025936,2695,0.52974389,2240,0.50525904,2982,牵手,约会,unreviewed
2696,女权主义,女权主义,4,tencent_ai_lab_chinese_embedding_light_mirror_mvp,0.1402576,2696,0.52955377,2250,0.49500787,3299,女朋友,社会比较与人生进度,unreviewed
2697,赡养父母,赡养父母,4,tencent_ai_lab_chinese_embedding_light_mirror_mvp,0.14019591,2697,0.52951299,2254,0.47232267,3925,老公,婚恋,unreviewed
2698,一年级,一年级,3,tencent_ai_lab_chinese_embedding_light_mirror_mvp,0.14018535,2698,0.5298144,2235,0.45869985,4218,校园恋爱,校园恋爱,unreviewed
2699,早年,早年,2,tencent_ai_lab_chinese_embedding_light_mirror_mvp,0.14003422,2699,0.50319688,3461,0.58098233,1230,早恋,社会比较与人生进度,unreviewed
2700,后来居上,后来居上,4,tencent_ai_lab_chinese_embedding_light_mirror_mvp,0.14000603,2700,0.52283082,2478,0.54130888,1992,落后,社会比较与人生进度,unreviewed
2701,有一天,有一天,3,tencent_ai_lab_chinese_embedding_light_mirror_mvp,0.13997511,2701,0.52951719,2253,0.49492139,3303,被追,社会比较与人生进度,unreviewed
2702,停滞不前,停滞不前,4,tencent_ai_lab_chinese_embedding_light_mirror_mvp,0.13989171,2702,0.50096339,3591,0.58631974,1144,落后,社会比较与人生进度,unreviewed
2703,私生子,私生子,3,tencent_ai_lab_chinese_embedding_light_mirror_mvp,0.13978122,2703,0.52977285,2236,0.52229667,2490,母胎单身,婚恋,unreviewed
2704,献花,献花,2,tencent_ai_lab_chinese_embedding_light_mirror_mvp,0.13973715,2704,0.53189782,2156,0.42894453,4676,拥抱,表白与追求,unreviewed
2705,红衣服,红衣服,3,tencent_ai_lab_chinese_embedding_light_mirror_mvp,0.13971081,2705,0.52974862,2238,0.52556169,2407,校服,婚恋,unreviewed
2706,阶层,阶层,2,tencent_ai_lab_chinese_embedding_light_mirror_mvp,0.13949813,2706,0.49554178,3941,0.60155571,947,人生阶段,社会比较与人生进度,unreviewed
2707,女中学生,女中学生,4,tencent_ai_lab_chinese_embedding_light_mirror_mvp,0.13945413,2707,0.49144933,4222,0.61533546,824,学生情侣,校园恋爱,unreviewed
2708,那天,那天,2,tencent_ai_lab_chinese_embedding_light_mirror_mvp,0.1392212,2708,0.52960541,2249,0.5098083,2858,前任,社会比较与人生进度,unreviewed
2709,太累,太累,2,tencent_ai_lab_chinese_embedding_light_mirror_mvp,0.13869556,2709,0.52923586,2263,0.49593139,3273,散步,社会比较与人生进度,unreviewed
2710,后悔,后悔,2,tencent_ai_lab_chinese_embedding_light_mirror_mvp,0.13861822,2710,0.49933674,3695,0.58982307,1097,落后,社会比较与人生进度,unreviewed
2711,但是,但是,2,tencent_ai_lab_chinese_embedding_light_mirror_mvp,0.13861221,2711,0.52936053,2261,0.48767826,3483,追求,社会比较与人生进度,unreviewed
2712,七八岁,七八岁,3,tencent_ai_lab_chinese_embedding_light_mirror_mvp,0.13860824,2712,0.51394345,2879,0.55541158,1656,同龄人,社会比较与人生进度,unreviewed
2713,执迷,执迷,2,tencent_ai_lab_chinese_embedding_light_mirror_mvp,0.13837566,2713,0.52940645,2256,0.50421309,3009,恋爱,表白与追求,unreviewed
2714,心累,心累,2,tencent_ai_lab_chinese_embedding_light_mirror_mvp,0.13835712,2714,0.52940044,2257,0.50336355,3035,散步,社会比较与人生进度,unreviewed
2715,浮华,浮华,2,tencent_ai_lab_chinese_embedding_light_mirror_mvp,0.13831199,2715,0.5296423,2244,0.45412037,4312,暗恋,表白与追求,unreviewed
2716,至爱,至爱,2,tencent_ai_lab_chinese_embedding_light_mirror_mvp,0.13791696,2716,0.50761597,3226,0.56877989,1407,恋爱,恋爱核心,unreviewed
2717,社会群体,社会群体,4,tencent_ai_lab_chinese_embedding_light_mirror_mvp,0.13737115,2717,0.51412807,2873,0.55419374,1678,同龄人,社会比较与人生进度,unreviewed
2718,六叔,六叔,2,tencent_ai_lab_chinese_embedding_light_mirror_mvp,0.13733744,2718,0.53531961,2025,0.39609349,4932,同龄人,婚恋,manual_reject
2719,心理治疗,心理治疗,4,tencent_ai_lab_chinese_embedding_light_mirror_mvp,0.13711347,2719,0.52902991,2273,0.49864787,3184,恋爱经验,社会比较与人生进度,unreviewed
2720,忽视,忽视,2,tencent_ai_lab_chinese_embedding_light_mirror_mvp,0.1370699,2720,0.51131263,3025,0.55996895,1566,被追,社会比较与人生进度,unreviewed
2721,胖妹,胖妹,2,tencent_ai_lab_chinese_embedding_light_mirror_mvp,0.13702432,2721,0.52918015,2267,0.46174693,4153,女朋友,社会比较与人生进度,unreviewed
2722,追悼会,追悼会,3,tencent_ai_lab_chinese_embedding_light_mirror_mvp,0.13699229,2722,0.52885134,2276,0.53159201,2250,被追,表白与追求,unreviewed
2723,焦虑,焦虑,2,tencent_ai_lab_chinese_embedding_light_mirror_mvp,0.13697901,2723,0.52915248,2269,0.50690401,2939,追求,社会比较与人生进度,unreviewed
2724,平淡,平淡,2,tencent_ai_lab_chinese_embedding_light_mirror_mvp,0.13695375,2724,0.52856123,2290,0.5321089,2239,落后,社会比较与人生进度,unreviewed
2725,别离,别离,2,tencent_ai_lab_chinese_embedding_light_mirror_mvp,0.13685961,2725,0.52936025,2262,0.52248228,2484,散步,约会,unreviewed
2726,打算,打算,2,tencent_ai_lab_chinese_embedding_light_mirror_mvp,0.13682057,2726,0.51110573,3035,0.56020141,1562,追求,社会比较与人生进度,unreviewed
2727,私生女,私生女,3,tencent_ai_lab_chinese_embedding_light_mirror_mvp,0.13677489,2727,0.52238963,2499,0.53982294,2022,母胎单身,单身与脱单,unreviewed
2728,好散,好散,2,tencent_ai_lab_chinese_embedding_light_mirror_mvp,0.13671091,2728,0.50084708,3601,0.58417869,1178,散步,约会,unreviewed
2729,谁知,谁知,2,tencent_ai_lab_chinese_embedding_light_mirror_mvp,0.13662026,2729,0.53181462,2161,0.42352337,4732,别人都有对象,社会比较与人生进度,unreviewed
2730,庆祝,庆祝,2,tencent_ai_lab_chinese_embedding_light_mirror_mvp,0.13642645,2730,0.50032119,3640,0.58560824,1159,婚礼,表白与追求,unreviewed
2731,放不下,放不下,3,tencent_ai_lab_chinese_embedding_light_mirror_mvp,0.13640541,2731,0.52429318,2437,0.53705931,2090,落后,社会比较与人生进度,unreviewed
2732,服饰,服饰,2,tencent_ai_lab_chinese_embedding_light_mirror_mvp,0.13639003,2732,0.48858297,4430,0.62226963,754,校服,社会比较与人生进度,unreviewed
2733,私交,私交,2,tencent_ai_lab_chinese_embedding_light_mirror_mvp,0.13633239,2733,0.52264271,2483,0.53899878,2043,亲密关系,亲密行为,unreviewed
2734,独居,独居,2,tencent_ai_lab_chinese_embedding_light_mirror_mvp,0.13633232,2734,0.50280182,3484,0.57898337,1261,单身,单身与脱单,unreviewed
2735,愉悦,愉悦,2,tencent_ai_lab_chinese_embedding_light_mirror_mvp,0.13630217,2735,0.51956114,2617,0.5439831,1921,亲密,表白与追求,unreviewed
2736,我骗,我骗,2,tencent_ai_lab_chinese_embedding_light_mirror_mvp,0.13593312,2736,0.52910548,2271,0.52288628,2478,被追,社会比较与人生进度,unreviewed
2737,陪我,陪我,2,tencent_ai_lab_chinese_embedding_light_mirror_mvp,0.13589996,2737,0.5117597,2999,0.55803704,1601,伴侣,表白与追求,unreviewed
2738,故事,故事,2,tencent_ai_lab_chinese_embedding_light_mirror_mvp,0.13578416,2738,0.52471322,2423,0.5362016,2117,恋爱经历,社会比较与人生进度,unreviewed
2739,新剧,新剧,2,tencent_ai_lab_chinese_embedding_light_mirror_mvp,0.13553918,2739,0.52993919,2231,0.43997949,4542,初恋,恋爱历史,unreviewed
2740,话题,话题,2,tencent_ai_lab_chinese_embedding_light_mirror_mvp,0.13541558,2740,0.52565225,2388,0.53473222,2160,对象,社会比较与人生进度,unreviewed
2741,女装,女装,2,tencent_ai_lab_chinese_embedding_light_mirror_mvp,0.13511703,2741,0.52869648,2280,0.51616359,2672,女朋友,婚恋,unreviewed
2742,品质,品质,2,tencent_ai_lab_chinese_embedding_light_mirror_mvp,0.13504939,2742,0.52868413,2281,0.52824384,2347,追求,社会比较与人生进度,unreviewed
2743,平凡,平凡,2,tencent_ai_lab_chinese_embedding_light_mirror_mvp,0.13498872,2743,0.52866378,2282,0.45991921,4195,落后,社会比较与人生进度,unreviewed
2744,功成名就,功成名就,4,tencent_ai_lab_chinese_embedding_light_mirror_mvp,0.13495197,2744,0.52845469,2294,0.47758412,3764,落后,社会比较与人生进度,unreviewed
2745,这事,这事,2,tencent_ai_lab_chinese_embedding_light_mirror_mvp,0.13481471,2745,0.52725646,2336,0.53241897,2227,被追,社会比较与人生进度,unreviewed
2746,剖腹产,剖腹产,3,tencent_ai_lab_chinese_embedding_light_mirror_mvp,0.13444545,2746,0.52901889,2274,0.45183325,4357,母胎单身,婚恋,unreviewed
2747,当了,当了,2,tencent_ai_lab_chinese_embedding_light_mirror_mvp,0.13440517,2747,0.51324596,2927,0.55403638,1680,被追,社会比较与人生进度,unreviewed
2748,不行,不行,2,tencent_ai_lab_chinese_embedding_light_mirror_mvp,0.13435395,2748,0.52845254,2295,0.50130683,3105,落后,社会比较与人生进度,unreviewed
2749,出狱,出狱,2,tencent_ai_lab_chinese_embedding_light_mirror_mvp,0.13430658,2749,0.52878973,2279,0.45579982,4268,脱单,社会比较与人生进度,unreviewed
2750,床上运动,床上运动,4,tencent_ai_lab_chinese_embedding_light_mirror_mvp,0.13429524,2750,0.52891901,2275,0.45225811,4346,散步,社会比较与人生进度,unreviewed
2751,缘浅,缘浅,2,tencent_ai_lab_chinese_embedding_light_mirror_mvp,0.13423233,2751,0.52818067,2305,0.47220269,3929,暗恋,社会比较与人生进度,unreviewed
2752,无所不谈,无所不谈,4,tencent_ai_lab_chinese_embedding_light_mirror_mvp,0.13422848,2752,0.5285894,2286,0.52662855,2381,没谈过恋爱,社会比较与人生进度,unreviewed
2753,单方面,单方面,3,tencent_ai_lab_chinese_embedding_light_mirror_mvp,0.13401012,2753,0.50094154,3593,0.58160269,1216,单身,单身与脱单,unreviewed
2754,小学,小学,2,tencent_ai_lab_chinese_embedding_light_mirror_mvp,0.13379178,2754,0.52814486,2308,0.4738878,3879,校服,校园恋爱,unreviewed
2755,很暖心,很暖心,3,tencent_ai_lab_chinese_embedding_light_mirror_mvp,0.13372993,2755,0.50874015,3170,0.56308383,1503,亲密,亲密行为,unreviewed
2756,重病,重病,2,tencent_ai_lab_chinese_embedding_light_mirror_mvp,0.13359956,2756,0.5303332,2218,0.43125606,4652,前男友,社会比较与人生进度,unreviewed
2757,聊得,聊得,2,tencent_ai_lab_chinese_embedding_light_mirror_mvp,0.13358481,2757,0.50283153,3481,0.57629955,1290,对象,表白与追求,unreviewed
2758,过门,过门,2,tencent_ai_lab_chinese_embedding_light_mirror_mvp,0.1335566,2758,0.52827973,2304,0.49861103,3185,落后,社会比较与人生进度,unreviewed
2759,政治关系,政治关系,4,tencent_ai_lab_chinese_embedding_light_mirror_mvp,0.13325819,2759,0.49658426,3868,0.59275597,1054,亲密关系,社会比较与人生进度,unreviewed
2760,人间,人间,2,tencent_ai_lab_chinese_embedding_light_mirror_mvp,0.13323656,2760,0.5033981,3448,0.57451642,1314,人生阶段,社会比较与人生进度,unreviewed
2761,生穿,生穿,2,tencent_ai_lab_chinese_embedding_light_mirror_mvp,0.1329938,2761,0.52803108,2313,0.49188933,3384,校服,社会比较与人生进度,unreviewed
2762,街坊邻居,街坊邻居,4,tencent_ai_lab_chinese_embedding_light_mirror_mvp,0.13298319,2762,0.5285737,2288,0.45276463,4339,同龄人,社会比较与人生进度,unreviewed
2763,挑剔,挑剔,2,tencent_ai_lab_chinese_embedding_light_mirror_mvp,0.13298037,2763,0.51954517,2618,0.54191315,1978,追求,社会比较与人生进度,unreviewed
2764,女护士,女护士,3,tencent_ai_lab_chinese_embedding_light_mirror_mvp,0.1327288,2764,0.52799168,2315,0.49556655,3283,女朋友,对象关系,unreviewed
2765,不来电,不来电,3,tencent_ai_lab_chinese_embedding_light_mirror_mvp,0.1326327,2765,0.52813492,2310,0.5017215,3092,没有对象,单身与脱单,unreviewed
2766,考虑,考虑,2,tencent_ai_lab_chinese_embedding_light_mirror_mvp,0.13250934,2766,0.51150833,3015,0.55607253,1638,追求,表白与追求,unreviewed
2767,短发,短发,2,tencent_ai_lab_chinese_embedding_light_mirror_mvp,0.13244114,2767,0.52796813,2316,0.49314541,3342,单身,单身与脱单,unreviewed
2768,洗澡,洗澡,2,tencent_ai_lab_chinese_embedding_light_mirror_mvp,0.13240423,2768,0.52841636,2296,0.45450386,4303,接吻,约会,unreviewed
2769,结束,结束,2,tencent_ai_lab_chinese_embedding_light_mirror_mvp,0.13239115,2769,0.49164227,4212,0.60795969,891,结婚,社会比较与人生进度,unreviewed
2770,稚嫩,稚嫩,2,tencent_ai_lab_chinese_embedding_light_mirror_mvp,0.13236678,2770,0.52832059,2301,0.52210796,2495,亲密,社会比较与人生进度,unreviewed
2771,性别差异,性别差异,4,tencent_ai_lab_chinese_embedding_light_mirror_mvp,0.13225112,2771,0.50711339,3256,0.56555164,1463,别人都有对象,社会比较与人生进度,unreviewed
2772,美感,美感,2,tencent_ai_lab_chinese_embedding_light_mirror_mvp,0.13210338,2772,0.51947044,2627,0.54160112,1986,感情史,表白与追求,unreviewed
2773,美学,美学,2,tencent_ai_lab_chinese_embedding_light_mirror_mvp,0.1321025,2773,0.53090173,2201,0.42364502,4729,校服,表白与追求,unreviewed
2774,家属,家属,2,tencent_ai_lab_chinese_embedding_light_mirror_mvp,0.1320723,2774,0.52102109,2549,0.53856313,2050,老公,婚恋,unreviewed
2775,许多人,许多人,3,tencent_ai_lab_chinese_embedding_light_mirror_mvp,0.13189216,2775,0.48733841,4528,0.62255335,752,同龄人,社会比较与人生进度,unreviewed
2776,没吵,没吵,2,tencent_ai_lab_chinese_embedding_light_mirror_mvp,0.13185253,2776,0.50231113,3515,0.57629257,1291,没有对象,单身与脱单,unreviewed
2777,顺其自然,顺其自然,4,tencent_ai_lab_chinese_embedding_light_mirror_mvp,0.1317413,2777,0.52814598,2307,0.52319938,2468,落后,社会比较与人生进度,unreviewed
2778,剧终,剧终,2,tencent_ai_lab_chinese_embedding_light_mirror_mvp,0.1317042,2778,0.52802969,2314,0.4620707,4146,追求,表白与追求,unreviewed
2779,更爱,更爱,2,tencent_ai_lab_chinese_embedding_light_mirror_mvp,0.13165619,2779,0.50632218,3299,0.56667292,1436,爱情,表白与追求,unreviewed
2780,莫名其妙,莫名其妙,4,tencent_ai_lab_chinese_embedding_light_mirror_mvp,0.13160096,2780,0.51299317,2938,0.55251962,1716,落后,社会比较与人生进度,unreviewed
2781,遥遥领先,遥遥领先,4,tencent_ai_lab_chinese_embedding_light_mirror_mvp,0.13159884,2781,0.52767329,2322,0.46728921,4038,落后,社会比较与人生进度,unreviewed
2782,四五十岁,四五十岁,4,tencent_ai_lab_chinese_embedding_light_mirror_mvp,0.13147618,2782,0.49504887,3971,0.59548408,1010,同龄人,社会比较与人生进度,manual_review
2783,履历,履历,2,tencent_ai_lab_chinese_embedding_light_mirror_mvp,0.13142797,2783,0.49821464,3761,0.5864836,1139,恋爱经历,社会比较与人生进度,unreviewed
2784,刷碗,刷碗,2,tencent_ai_lab_chinese_embedding_light_mirror_mvp,0.1314072,2784,0.52761257,2325,0.48424101,3585,约饭,约会,unreviewed
2785,情仇,情仇,2,tencent_ai_lab_chinese_embedding_light_mirror_mvp,0.13123023,2785,0.50084528,3603,0.57971621,1247,感情史,恋爱历史,unreviewed
2786,匿名,匿名,2,tencent_ai_lab_chinese_embedding_light_mirror_mvp,0.13107983,2786,0.52760476,2327,0.48336047,3604,暗恋,社会比较与人生进度,unreviewed
2787,兴趣,兴趣,2,tencent_ai_lab_chinese_embedding_light_mirror_mvp,0.13102521,2787,0.49901716,3711,0.58413863,1179,追求,社会比较与人生进度,unreviewed
2788,是不是,是不是,3,tencent_ai_lab_chinese_embedding_light_mirror_mvp,0.13101667,2788,0.52790568,2317,0.51226372,2778,没有对象,社会比较与人生进度,unreviewed
2789,俊男,俊男,2,tencent_ai_lab_chinese_embedding_light_mirror_mvp,0.13091858,2789,0.49291723,4123,0.60203475,941,男朋友,对象关系,unreviewed
2790,朝三暮四,朝三暮四,4,tencent_ai_lab_chinese_embedding_light_mirror_mvp,0.13064326,2790,0.53108013,2193,0.4185549,4780,落后,社会比较与人生进度,unreviewed
2791,现身,现身,2,tencent_ai_lab_chinese_embedding_light_mirror_mvp,0.1304559,2791,0.48987932,4335,0.61190891,851,单身,单身与脱单,unreviewed
2792,花钱,花钱,2,tencent_ai_lab_chinese_embedding_light_mirror_mvp,0.13043615,2792,0.52721742,2337,0.47417784,3873,对象,社会比较与人生进度,unreviewed
2793,勤俭持家,勤俭持家,4,tencent_ai_lab_chinese_embedding_light_mirror_mvp,0.13041032,2793,0.52732618,2332,0.49748188,3222,妻子,婚恋,unreviewed
2794,回首,回首,2,tencent_ai_lab_chinese_embedding_light_mirror_mvp,0.1302932,2794,0.5276485,2323,0.51476556,2711,追求,表白与追求,unreviewed
2795,而是,而是,2,tencent_ai_lab_chinese_embedding_light_mirror_mvp,0.13028668,2795,0.52117134,2543,0.53720164,2088,追求,社会比较与人生进度,unreviewed
2796,喜怒哀乐,喜怒哀乐,4,tencent_ai_lab_chinese_embedding_light_mirror_mvp,0.13028524,2796,0.5082732,3197,0.56136209,1530,喜欢的人,表白与追求,unreviewed
2797,提倡,提倡,2,tencent_ai_lab_chinese_embedding_light_mirror_mvp,0.13010378,2797,0.50990161,3106,0.55782932,1606,追求,表白与追求,unreviewed
2798,针织衫,针织衫,3,tencent_ai_lab_chinese_embedding_light_mirror_mvp,0.13010051,2798,0.52814467,2309,0.45034337,4383,校服,社会比较与人生进度,unreviewed
2799,继任者,继任者,3,tencent_ai_lab_chinese_embedding_light_mirror_mvp,0.12990606,2799,0.49042355,4292,0.60931587,875,前任,恋爱历史,unreviewed
2800,心事,心事,2,tencent_ai_lab_chinese_embedding_light_mirror_mvp,0.12985112,2800,0.51384809,2885,0.54933029,1786,感情史,社会比较与人生进度,unreviewed
2801,祖父,祖父,2,tencent_ai_lab_chinese_embedding_light_mirror_mvp,0.12964154,2801,0.52851553,2293,0.44276398,4505,丈夫,婚恋,unreviewed
2802,知足常乐,知足常乐,4,tencent_ai_lab_chinese_embedding_light_mirror_mvp,0.12938104,2802,0.52733459,2331,0.46009839,4190,伴侣,社会比较与人生进度,unreviewed
2803,衣裙,衣裙,2,tencent_ai_lab_chinese_embedding_light_mirror_mvp,0.12936865,2803,0.51876246,2658,0.54087818,2004,校服,婚恋,unreviewed
2804,大老板,大老板,3,tencent_ai_lab_chinese_embedding_light_mirror_mvp,0.12930174,2804,0.52729942,2334,0.50789732,2907,老婆,婚恋,unreviewed
2805,给钱,给钱,2,tencent_ai_lab_chinese_embedding_light_mirror_mvp,0.12919178,2805,0.514723,2845,0.54718411,1828,被追,表白与追求,unreviewed
2806,人情世故,人情世故,4,tencent_ai_lab_chinese_embedding_light_mirror_mvp,0.12905597,2806,0.49731121,3824,0.58706111,1130,感情史,社会比较与人生进度,unreviewed
2807,女医生,女医生,3,tencent_ai_lab_chinese_embedding_light_mirror_mvp,0.12901876,2807,0.52736144,2330,0.52269018,2481,女朋友,对象关系,unreviewed
2808,魂牵梦绕,魂牵梦绕,4,tencent_ai_lab_chinese_embedding_light_mirror_mvp,0.12901363,2808,0.50645162,3296,0.56454307,1480,牵手,亲密行为,unreviewed
2809,一男一女,一男一女,4,tencent_ai_lab_chinese_embedding_light_mirror_mvp,0.12898812,2809,0.51300219,2937,0.55052209,1757,前男友,对象关系,unreviewed
2810,一胎,一胎,2,tencent_ai_lab_chinese_embedding_light_mirror_mvp,0.12877303,2810,0.50294459,3474,0.57182896,1354,母胎单身,婚恋,unreviewed
2811,很气,很气,2,tencent_ai_lab_chinese_embedding_light_mirror_mvp,0.12865671,2811,0.51082311,3048,0.55450618,1671,落后,社会比较与人生进度,unreviewed
2812,现代女性,现代女性,4,tencent_ai_lab_chinese_embedding_light_mirror_mvp,0.12863084,2812,0.51959462,2616,0.53867036,2049,女朋友,社会比较与人生进度,unreviewed
2813,这么,这么,2,tencent_ai_lab_chinese_embedding_light_mirror_mvp,0.12856619,2813,0.52695385,2351,0.47547972,3824,追求,表白与追求,unreviewed
2814,拉大,拉大,2,tencent_ai_lab_chinese_embedding_light_mirror_mvp,0.12851564,2814,0.52720058,2339,0.46010509,4189,拥抱,亲密行为,unreviewed
2815,情分,情分,2,tencent_ai_lab_chinese_embedding_light_mirror_mvp,0.12848493,2815,0.48244687,4923,0.63817441,619,爱情,恋爱核心,manual_review
2816,陪床,陪床,2,tencent_ai_lab_chinese_embedding_light_mirror_mvp,0.1284063,2816,0.52333398,2468,0.5331319,2199,伴侣,婚恋,unreviewed
2817,郁郁寡欢,郁郁寡欢,4,tencent_ai_lab_chinese_embedding_light_mirror_mvp,0.12804932,2817,0.52714827,2341,0.52686203,2376,喜欢的人,表白与追求,unreviewed
2818,看他,看他,2,tencent_ai_lab_chinese_embedding_light_mirror_mvp,0.12800377,2818,0.49866563,3732,0.58245891,1205,看电影,表白与追求,unreviewed
2819,性交时,性交时,3,tencent_ai_lab_chinese_embedding_light_mirror_mvp,0.12793509,2819,0.51212375,2986,0.55150986,1733,感情史,对象关系,unreviewed
2820,摒弃,摒弃,2,tencent_ai_lab_chinese_embedding_light_mirror_mvp,0.12780153,2820,0.5205542,2571,0.53650051,2105,落后,社会比较与人生进度,unreviewed
2821,惦记,惦记,2,tencent_ai_lab_chinese_embedding_light_mirror_mvp,0.12772874,2821,0.51535759,2807,0.54512125,1892,被追,表白与追求,unreviewed
2822,诚实,诚实,2,tencent_ai_lab_chinese_embedding_light_mirror_mvp,0.12771671,2822,0.4897252,4345,0.6096375,872,亲密,表白与追求,unreviewed
2823,芬芳,芬芳,2,tencent_ai_lab_chinese_embedding_light_mirror_mvp,0.12750357,2823,0.52694073,2352,0.46240735,4141,拥抱,社会比较与人生进度,unreviewed
2824,依靠,依靠,2,tencent_ai_lab_chinese_embedding_light_mirror_mvp,0.12750059,2824,0.50085014,3600,0.57624847,1293,拥抱,亲密行为,unreviewed
2825,课堂纪律,课堂纪律,4,tencent_ai_lab_chinese_embedding_light_mirror_mvp,0.12740753,2825,0.53250505,2130,0.39997271,4903,校园恋爱,校园恋爱,manual_reject
2826,玩游戏,玩游戏,3,tencent_ai_lab_chinese_embedding_light_mirror_mvp,0.12737184,2826,0.52656937,2362,0.49276853,3360,看电影,社会比较与人生进度,unreviewed
2827,帮我,帮我,2,tencent_ai_lab_chinese_embedding_light_mirror_mvp,0.12734535,2827,0.52682786,2353,0.5032742,3037,追求,表白与追求,unreviewed
2828,要个,要个,2,tencent_ai_lab_chinese_embedding_light_mirror_mvp,0.12733585,2828,0.51289873,2947,0.54965889,1777,追求,表白与追求,unreviewed
2829,惬意,惬意,2,tencent_ai_lab_chinese_embedding_light_mirror_mvp,0.1272194,2829,0.50206074,3528,0.57275295,1339,落后,社会比较与人生进度,unreviewed
2830,锻炼,锻炼,2,tencent_ai_lab_chinese_embedding_light_mirror_mvp,0.12718392,2830,0.5123701,2974,0.55052221,1756,散步,约会,unreviewed
2831,失误,失误,2,tencent_ai_lab_chinese_embedding_light_mirror_mvp,0.12717447,2831,0.4946866,4007,0.59317279,1044,落后,社会比较与人生进度,manual_reject
2832,负面新闻,负面新闻,4,tencent_ai_lab_chinese_embedding_light_mirror_mvp,0.12703566,2832,0.5271194,2344,0.45532274,4282,被追,社会比较与人生进度,unreviewed
2833,泪目,泪目,2,tencent_ai_lab_chinese_embedding_light_mirror_mvp,0.1270172,2833,0.52638849,2365,0.47483736,3846,暗恋,社会比较与人生进度,unreviewed
2834,甜炸,甜炸,2,tencent_ai_lab_chinese_embedding_light_mirror_mvp,0.12697298,2834,0.52852602,2292,0.43546221,4598,暗恋,校园恋爱,unreviewed
2835,帅气,帅气,2,tencent_ai_lab_chinese_embedding_light_mirror_mvp,0.12679973,2835,0.52666444,2359,0.50477284,3001,喜欢的人,社会比较与人生进度,unreviewed
2836,不堪回首,不堪回首,4,tencent_ai_lab_chinese_embedding_light_mirror_mvp,0.12665192,2836,0.506352,3298,0.56265044,1510,落后,社会比较与人生进度,unreviewed
2837,餐后,餐后,2,tencent_ai_lab_chinese_embedding_light_mirror_mvp,0.12654972,2837,0.4947548,4003,0.59254307,1057,约饭,约会,unreviewed
2838,娇羞,娇羞,2,tencent_ai_lab_chinese_embedding_light_mirror_mvp,0.12647769,2838,0.52667027,2358,0.51180613,2795,接吻,亲密行为,unreviewed
2839,文静,文静,2,tencent_ai_lab_chinese_embedding_light_mirror_mvp,0.12623801,2839,0.52837806,2300,0.43575704,4594,亲密,社会比较与人生进度,unreviewed
2840,偷看,偷看,2,tencent_ai_lab_chinese_embedding_light_mirror_mvp,0.1262265,2840,0.50933945,3146,0.55621326,1634,看电影,表白与追求,unreviewed
2841,下晚,下晚,2,tencent_ai_lab_chinese_embedding_light_mirror_mvp,0.1261071,2841,0.52657638,2360,0.51569915,2685,落后,社会比较与人生进度,unreviewed
2842,后半辈子,后半辈子,4,tencent_ai_lab_chinese_embedding_light_mirror_mvp,0.12608404,2842,0.51485119,2834,0.54495692,1898,人生阶段,社会比较与人生进度,unreviewed
2843,碰面,碰面,2,tencent_ai_lab_chinese_embedding_light_mirror_mvp,0.12607416,2843,0.51643149,2754,0.54213649,1970,对象,约会,unreviewed
2844,亲儿子,亲儿子,3,tencent_ai_lab_chinese_embedding_light_mirror_mvp,0.1260097,2844,0.48965269,4351,0.60823095,887,亲密,亲密行为,unreviewed
2845,耍大牌,耍大牌,3,tencent_ai_lab_chinese_embedding_light_mirror_mvp,0.12593228,2845,0.52705929,2346,0.44853067,4432,被追,约会,unreviewed
2846,不好意思,不好意思,4,tencent_ai_lab_chinese_embedding_light_mirror_mvp,0.12587641,2846,0.52147269,2528,0.53381205,2183,落后,社会比较与人生进度,unreviewed
2847,生日快乐,生日快乐,4,tencent_ai_lab_chinese_embedding_light_mirror_mvp,0.12586223,2847,0.52650827,2364,0.51112759,2815,婚礼,社会比较与人生进度,unreviewed
2848,发型,发型,2,tencent_ai_lab_chinese_embedding_light_mirror_mvp,0.12585033,2848,0.52675463,2354,0.45447168,4304,结婚,社会比较与人生进度,unreviewed
2849,欢迎会,欢迎会,3,tencent_ai_lab_chinese_embedding_light_mirror_mvp,0.125505,2849,0.489757,4343,0.60739505,897,约会,约会,unreviewed
2850,坐车,坐车,2,tencent_ai_lab_chinese_embedding_light_mirror_mvp,0.12535912,2850,0.52630323,2366,0.51625967,2669,散步,约会,unreviewed
2851,实锤,实锤,2,tencent_ai_lab_chinese_embedding_light_mirror_mvp,0.12531446,2851,0.52595658,2378,0.47681415,3784,被追,亲密行为,unreviewed
2852,最重要的,最重要的,4,tencent_ai_lab_chinese_embedding_light_mirror_mvp,0.12519653,2852,0.52591881,2380,0.48282725,3625,追求,社会比较与人生进度,unreviewed
2853,花轿,花轿,2,tencent_ai_lab_chinese_embedding_light_mirror_mvp,0.12517013,2853,0.52760729,2326,0.44074589,4529,婚礼,婚恋,unreviewed
2854,告别仪式,告别仪式,4,tencent_ai_lab_chinese_embedding_light_mirror_mvp,0.12492765,2854,0.50137155,3572,0.57266068,1343,告白,表白与追求,unreviewed
2855,有过,有过,2,tencent_ai_lab_chinese_embedding_light_mirror_mvp,0.12490124,2855,0.50281512,3483,0.5689224,1402,没谈过恋爱,社会比较与人生进度,unreviewed
2856,决裂,决裂,2,tencent_ai_lab_chinese_embedding_light_mirror_mvp,0.12489979,2856,0.52652385,2363,0.45509964,4288,订婚,约会,unreviewed
2857,生育能力,生育能力,4,tencent_ai_lab_chinese_embedding_light_mirror_mvp,0.12488608,2857,0.52575805,2383,0.49195087,3381,人生阶段,社会比较与人生进度,unreviewed
2858,待业,待业,2,tencent_ai_lab_chinese_embedding_light_mirror_mvp,0.12485989,2858,0.52590318,2381,0.49836993,3196,订婚,社会比较与人生进度,unreviewed
2859,推着,推着,2,tencent_ai_lab_chinese_embedding_light_mirror_mvp,0.12485944,2859,0.49491863,3987,0.59038925,1088,追求,表白与追求,unreviewed
2860,拒绝,拒绝,2,tencent_ai_lab_chinese_embedding_light_mirror_mvp,0.12472987,2860,0.52626157,2370,0.52429044,2443,没有对象,表白与追求,unreviewed
2861,多数人,多数人,3,tencent_ai_lab_chinese_embedding_light_mirror_mvp,0.1246791,2861,0.48485767,4732,0.62487656,731,同龄人,社会比较与人生进度,unreviewed
2862,演艺界,演艺界,3,tencent_ai_lab_chinese_embedding_light_mirror_mvp,0.12467416,2862,0.52753174,2329,0.44009271,4540,约会,约会,unreviewed
2863,相待,相待,2,tencent_ai_lab_chinese_embedding_light_mirror_mvp,0.12466268,2863,0.50475471,3383,0.56457925,1479,对象,表白与追求,unreviewed
2864,总之,总之,2,tencent_ai_lab_chinese_embedding_light_mirror_mvp,0.12451363,2864,0.52566364,2387,0.46915656,3999,落后,社会比较与人生进度,unreviewed
2865,课桌椅,课桌椅,3,tencent_ai_lab_chinese_embedding_light_mirror_mvp,0.12448697,2865,0.49692706,3840,0.58401519,1184,同桌,校园恋爱,unreviewed
2866,比起,比起,2,tencent_ai_lab_chinese_embedding_light_mirror_mvp,0.12447913,2866,0.50238765,3511,0.56984729,1393,对象,社会比较与人生进度,unreviewed
2867,嫉妒心,嫉妒心,3,tencent_ai_lab_chinese_embedding_light_mirror_mvp,0.12447769,2867,0.52617363,2375,0.51467288,2713,暗恋,社会比较与人生进度,unreviewed
2868,病倒,病倒,2,tencent_ai_lab_chinese_embedding_light_mirror_mvp,0.12436636,2868,0.52667153,2357,0.44786692,4438,落后,社会比较与人生进度,unreviewed
2869,对戏,对戏,2,tencent_ai_lab_chinese_embedding_light_mirror_mvp,0.12417988,2869,0.51082057,3049,0.55103487,1740,对象,表白与追求,unreviewed
2870,请柬,请柬,2,tencent_ai_lab_chinese_embedding_light_mirror_mvp,0.12401462,2870,0.5225722,2488,0.53126395,2263,婚礼,表白与追求,unreviewed
2871,很甜,很甜,2,tencent_ai_lab_chinese_embedding_light_mirror_mvp,0.12401014,2871,0.50934784,3144,0.55447876,1672,亲密,亲密行为,unreviewed
2872,隔壁,隔壁,2,tencent_ai_lab_chinese_embedding_light_mirror_mvp,0.12394973,2872,0.5255499,2390,0.48694074,3510,牵手,亲密行为,unreviewed
2873,热爱生活,热爱生活,4,tencent_ai_lab_chinese_embedding_light_mirror_mvp,0.12382843,2873,0.49478041,4001,0.59007633,1095,恋爱,社会比较与人生进度,unreviewed
2874,身穿,身穿,2,tencent_ai_lab_chinese_embedding_light_mirror_mvp,0.12357825,2874,0.52512945,2406,0.52779782,2358,单身,社会比较与人生进度,unreviewed
2875,房祖名,房祖名,3,tencent_ai_lab_chinese_embedding_light_mirror_mvp,0.12354489,2875,0.53216503,2146,0.39577958,4933,结婚,婚恋,manual_reject
2876,大吵,大吵,2,tencent_ai_lab_chinese_embedding_light_mirror_mvp,0.12353263,2876,0.52550167,2392,0.46643963,4056,同桌,社会比较与人生进度,unreviewed
2877,不在乎,不在乎,3,tencent_ai_lab_chinese_embedding_light_mirror_mvp,0.12332058,2877,0.50572957,3332,0.56126082,1534,没有对象,社会比较与人生进度,unreviewed
2878,学历,学历,2,tencent_ai_lab_chinese_embedding_light_mirror_mvp,0.1232008,2878,0.51003963,3098,0.55219769,1721,恋爱经历,社会比较与人生进度,unreviewed
2879,言行,言行,2,tencent_ai_lab_chinese_embedding_light_mirror_mvp,0.12305849,2879,0.51903569,2647,0.53593689,2123,告白,表白与追求,unreviewed
2880,自我牺牲,自我牺牲,4,tencent_ai_lab_chinese_embedding_light_mirror_mvp,0.12295505,2880,0.52625734,2372,0.4500989,4386,被追,社会比较与人生进度,unreviewed
2881,赡养,赡养,2,tencent_ai_lab_chinese_embedding_light_mirror_mvp,0.12283184,2881,0.52528317,2402,0.48262811,3632,老公,婚恋,unreviewed
2882,尊重,尊重,2,tencent_ai_lab_chinese_embedding_light_mirror_mvp,0.12280096,2882,0.51356087,2906,0.5450896,1893,亲密,表白与追求,unreviewed
2883,不幸遭遇,不幸遭遇,4,tencent_ai_lab_chinese_embedding_light_mirror_mvp,0.12276208,2883,0.50523783,3352,0.56160432,1525,被追,社会比较与人生进度,unreviewed
2884,现代人,现代人,3,tencent_ai_lab_chinese_embedding_light_mirror_mvp,0.12275107,2884,0.49818084,3764,0.57925415,1257,同龄人,社会比较与人生进度,unreviewed
2885,聊到,聊到,2,tencent_ai_lab_chinese_embedding_light_mirror_mvp,0.12273844,2885,0.49366957,4079,0.59228861,1060,对象,表白与追求,unreviewed
2886,过度,过度,2,tencent_ai_lab_chinese_embedding_light_mirror_mvp,0.12271141,2886,0.50684136,3271,0.55844772,1592,落后,社会比较与人生进度,unreviewed
2887,相谈,相谈,2,tencent_ai_lab_chinese_embedding_light_mirror_mvp,0.12268967,2887,0.49339776,4095,0.59291857,1050,对象,约会,manual_review
2888,不说,不说,2,tencent_ai_lab_chinese_embedding_light_mirror_mvp,0.12263744,2888,0.52482882,2416,0.52748722,2364,没谈过恋爱,表白与追求,unreviewed
2889,开花结果,开花结果,4,tencent_ai_lab_chinese_embedding_light_mirror_mvp,0.12251428,2889,0.5257561,2384,0.45529133,4283,落后,社会比较与人生进度,unreviewed
2890,欢迎仪式,欢迎仪式,4,tencent_ai_lab_chinese_embedding_light_mirror_mvp,0.12249737,2890,0.50513881,3356,0.56156474,1526,婚礼,表白与追求,unreviewed
2891,好感,好感,2,tencent_ai_lab_chinese_embedding_light_mirror_mvp,0.12244649,2891,0.50577288,3331,0.56055194,1550,喜欢的人,表白与追求,unreviewed
2892,减肥,减肥,2,tencent_ai_lab_chinese_embedding_light_mirror_mvp,0.12239058,2892,0.52163301,2524,0.53141052,2256,散步,约会,unreviewed
2893,场合,场合,2,tencent_ai_lab_chinese_embedding_light_mirror_mvp,0.12229162,2893,0.50690395,3267,0.55801243,1603,约会,约会,unreviewed
2894,换衣服,换衣服,3,tencent_ai_lab_chinese_embedding_light_mirror_mvp,0.12226912,2894,0.51326679,2923,0.54521424,1886,校服,婚恋,unreviewed
2895,抚养费,抚养费,3,tencent_ai_lab_chinese_embedding_light_mirror_mvp,0.12223653,2895,0.52574376,2386,0.45416313,4310,被追,婚恋,unreviewed
2896,到最后,到最后,3,tencent_ai_lab_chinese_embedding_light_mirror_mvp,0.12214673,2896,0.48872758,4419,0.60755002,896,落后,社会比较与人生进度,unreviewed
2897,职业女性,职业女性,4,tencent_ai_lab_chinese_embedding_light_mirror_mvp,0.12210972,2897,0.5250333,2409,0.47472709,3848,女朋友,社会比较与人生进度,unreviewed
2898,迁就,迁就,2,tencent_ai_lab_chinese_embedding_light_mirror_mvp,0.1219722,2898,0.5253163,2401,0.50890303,2884,追求,社会比较与人生进度,unreviewed
2899,表达出来,表达出来,4,tencent_ai_lab_chinese_embedding_light_mirror_mvp,0.12189197,2899,0.4905862,4285,0.60071671,956,表白,表白与追求,manual_review
2900,姐弟俩,姐弟俩,3,tencent_ai_lab_chinese_embedding_light_mirror_mvp,0.12172861,2900,0.5250139,2410,0.52652884,2385,母胎单身,社会比较与人生进度,unreviewed
2901,结交,结交,2,tencent_ai_lab_chinese_embedding_light_mirror_mvp,0.12172313,2901,0.48389965,4816,0.62563866,722,结婚,社会比较与人生进度,unreviewed
2902,皇后,皇后,2,tencent_ai_lab_chinese_embedding_light_mirror_mvp,0.12166571,2902,0.52535167,2400,0.51543665,2691,落后,社会比较与人生进度,unreviewed
2903,商量,商量,2,tencent_ai_lab_chinese_embedding_light_mirror_mvp,0.12146606,2903,0.52493879,2412,0.4975456,3219,亲密,约会,unreviewed
2904,助手,助手,2,tencent_ai_lab_chinese_embedding_light_mirror_mvp,0.12129903,2904,0.48943137,4369,0.60416114,925,牵手,亲密行为,unreviewed
2905,忧郁,忧郁,2,tencent_ai_lab_chinese_embedding_light_mirror_mvp,0.12124351,2905,0.52388833,2446,0.52774519,2360,拥抱,表白与追求,unreviewed
2906,新人,新人,2,tencent_ai_lab_chinese_embedding_light_mirror_mvp,0.12120773,2906,0.50385427,3422,0.56325495,1498,恋人,社会比较与人生进度,unreviewed
2907,点名册,点名册,3,tencent_ai_lab_chinese_embedding_light_mirror_mvp,0.12112807,2907,0.52620307,2373,0.44362327,4494,对象,社会比较与人生进度,unreviewed
2908,颁奖典礼,颁奖典礼,4,tencent_ai_lab_chinese_embedding_light_mirror_mvp,0.12101943,2908,0.50027169,3644,0.57211995,1349,婚礼,表白与追求,unreviewed
2909,防闺蜜,防闺蜜,3,tencent_ai_lab_chinese_embedding_light_mirror_mvp,0.12079329,2909,0.5040334,3408,0.56237924,1514,亲密关系,亲密行为,unreviewed
2910,不求上进,不求上进,4,tencent_ai_lab_chinese_embedding_light_mirror_mvp,0.12066458,2910,0.49218324,4175,0.59443372,1027,追求,社会比较与人生进度,manual_reject
2911,降低要求,降低要求,4,tencent_ai_lab_chinese_embedding_light_mirror_mvp,0.12065835,2911,0.51776218,2693,0.536008,2122,追求,社会比较与人生进度,unreviewed
2912,吊带裙,吊带裙,3,tencent_ai_lab_chinese_embedding_light_mirror_mvp,0.12062714,2912,0.52771435,2320,0.427371,4689,校服,单身与脱单,unreviewed
2913,杀夫,杀夫,2,tencent_ai_lab_chinese_embedding_light_mirror_mvp,0.1206065,2913,0.50294461,3473,0.5649628,1474,丈夫,婚恋,unreviewed
2914,贪玩,贪玩,2,tencent_ai_lab_chinese_embedding_light_mirror_mvp,0.12060414,2914,0.52507343,2408,0.52010143,2558,被追,表白与追求,unreviewed
2915,性感,性感,2,tencent_ai_lab_chinese_embedding_light_mirror_mvp,0.12037395,2915,0.49113352,4242,0.59701937,989,感情史,对象关系,manual_review
2916,只不过,只不过,3,tencent_ai_lab_chinese_embedding_light_mirror_mvp,0.12035993,2916,0.51949832,2624,0.53330356,2196,没谈过恋爱,单身与脱单,unreviewed
2917,多好,多好,2,tencent_ai_lab_chinese_embedding_light_mirror_mvp,0.12033717,2917,0.52517679,2404,0.45554668,4275,落后,社会比较与人生进度,unreviewed
2918,大老爷们,大老爷们,4,tencent_ai_lab_chinese_embedding_light_mirror_mvp,0.12030585,2918,0.52488632,2413,0.51678371,2658,同龄人,社会比较与人生进度,unreviewed
2919,外面,外面,2,tencent_ai_lab_chinese_embedding_light_mirror_mvp,0.12030115,2919,0.52470632,2424,0.49810156,3206,落后,社会比较与人生进度,unreviewed
2920,鼓励,鼓励,2,tencent_ai_lab_chinese_embedding_light_mirror_mvp,0.1202139,2920,0.51653814,2750,0.53757292,2074,追求,表白与追求,unreviewed
2921,不如意,不如意,3,tencent_ai_lab_chinese_embedding_light_mirror_mvp,0.11993887,2921,0.4922942,4166,0.59330583,1040,落后,社会比较与人生进度,manual_reject
2922,苦难,苦难,2,tencent_ai_lab_chinese_embedding_light_mirror_mvp,0.11992259,2922,0.52453322,2429,0.47862709,3739,人生阶段,社会比较与人生进度,unreviewed
2923,闲暇,闲暇,2,tencent_ai_lab_chinese_embedding_light_mirror_mvp,0.11989223,2923,0.5197662,2604,0.5324685,2225,亲密,社会比较与人生进度,unreviewed
2924,堂客,堂客,2,tencent_ai_lab_chinese_embedding_light_mirror_mvp,0.11988503,2924,0.52473594,2421,0.46312934,4123,约饭,约会,unreviewed
2925,年过半百,年过半百,4,tencent_ai_lab_chinese_embedding_light_mirror_mvp,0.11987488,2925,0.52554007,2391,0.44595158,4461,错过青春,社会比较与人生进度,unreviewed
2926,本质,本质,2,tencent_ai_lab_chinese_embedding_light_mirror_mvp,0.1195488,2926,0.52434199,2435,0.47318417,3897,追求,社会比较与人生进度,unreviewed
2927,烧饭,烧饭,2,tencent_ai_lab_chinese_embedding_light_mirror_mvp,0.1194613,2927,0.48343618,4850,0.62488639,730,约饭,约会,unreviewed
2928,微博,微博,2,tencent_ai_lab_chinese_embedding_light_mirror_mvp,0.11937082,2928,0.52459321,2427,0.46424544,4097,亲密,表白与追求,unreviewed
2929,下午茶,下午茶,3,tencent_ai_lab_chinese_embedding_light_mirror_mvp,0.11927967,2929,0.51359384,2902,0.54235464,1959,约饭,约会,unreviewed
2930,恶语相向,恶语相向,4,tencent_ai_lab_chinese_embedding_light_mirror_mvp,0.11924396,2930,0.5257489,2385,0.44223118,4510,亲密,表白与追求,unreviewed
2931,给我,给我,2,tencent_ai_lab_chinese_embedding_light_mirror_mvp,0.11915615,2931,0.52457385,2428,0.5067842,2943,被追,表白与追求,unreviewed
2932,慰藉,慰藉,2,tencent_ai_lab_chinese_embedding_light_mirror_mvp,0.11913211,2932,0.51789482,2690,0.53480983,2155,拥抱,表白与追求,unreviewed
2933,悉心照料,悉心照料,4,tencent_ai_lab_chinese_embedding_light_mirror_mvp,0.11908394,2933,0.52433866,2436,0.48302883,3616,亲密,亲密行为,unreviewed
2934,没找,没找,2,tencent_ai_lab_chinese_embedding_light_mirror_mvp,0.11900488,2934,0.48503947,4719,0.61829412,794,没有对象,单身与脱单,unreviewed
2935,这下,这下,2,tencent_ai_lab_chinese_embedding_light_mirror_mvp,0.11898854,2935,0.52426534,2438,0.48080891,3681,落后,社会比较与人生进度,unreviewed
2936,体罚,体罚,2,tencent_ai_lab_chinese_embedding_light_mirror_mvp,0.11894235,2936,0.52809547,2311,0.42066017,4762,被追,社会比较与人生进度,unreviewed
2937,接近,接近,2,tencent_ai_lab_chinese_embedding_light_mirror_mvp,0.11889536,2937,0.48620161,4617,0.61336529,838,接吻,亲密行为,unreviewed
2938,注定,注定,2,tencent_ai_lab_chinese_embedding_light_mirror_mvp,0.11878312,2938,0.51023102,3084,0.54823488,1806,订婚,社会比较与人生进度,unreviewed
2939,干活,干活,2,tencent_ai_lab_chinese_embedding_light_mirror_mvp,0.11875463,2939,0.52446706,2431,0.46226436,4143,牵手,社会比较与人生进度,unreviewed
2940,践行,践行,2,tencent_ai_lab_chinese_embedding_light_mirror_mvp,0.1187496,2940,0.50683088,3273,0.55537719,1657,追求,表白与追求,unreviewed
2941,路过,路过,2,tencent_ai_lab_chinese_embedding_light_mirror_mvp,0.11872963,2941,0.49756497,3815,0.57746184,1277,错过青春,社会比较与人生进度,unreviewed
2942,上街,上街,2,tencent_ai_lab_chinese_embedding_light_mirror_mvp,0.118619,2942,0.52407644,2442,0.49475512,3308,散步,社会比较与人生进度,unreviewed
2943,送祝福,送祝福,3,tencent_ai_lab_chinese_embedding_light_mirror_mvp,0.1185438,2943,0.49889673,3721,0.57318962,1333,婚礼,表白与追求,unreviewed
2944,就像,就像,2,tencent_ai_lab_chinese_embedding_light_mirror_mvp,0.11853432,2944,0.51483397,2839,0.53953707,2028,对象,社会比较与人生进度,unreviewed
2945,共同性,共同性,3,tencent_ai_lab_chinese_embedding_light_mirror_mvp,0.1183415,2945,0.49518664,3963,0.58350724,1191,伴侣,社会比较与人生进度,unreviewed
2946,心境,心境,2,tencent_ai_lab_chinese_embedding_light_mirror_mvp,0.11822139,2946,0.49971696,3672,0.57091206,1372,人生阶段,社会比较与人生进度,unreviewed
2947,休憩,休憩,2,tencent_ai_lab_chinese_embedding_light_mirror_mvp,0.11806995,2947,0.51079931,3051,0.54646182,1845,散步,约会,unreviewed
2948,特么,特么,2,tencent_ai_lab_chinese_embedding_light_mirror_mvp,0.11804859,2948,0.52657316,2361,0.43123883,4654,亲密,表白与追求,unreviewed
2949,带回家,带回家,3,tencent_ai_lab_chinese_embedding_light_mirror_mvp,0.11788695,2949,0.51147606,3019,0.54531735,1881,拥抱,约会,unreviewed
2950,过于,过于,2,tencent_ai_lab_chinese_embedding_light_mirror_mvp,0.11772911,2950,0.49660136,3866,0.57896674,1262,落后,社会比较与人生进度,unreviewed
2951,上下班,上下班,3,tencent_ai_lab_chinese_embedding_light_mirror_mvp,0.11772081,2951,0.52383282,2448,0.49804169,3210,老公,社会比较与人生进度,unreviewed
2952,宴会厅,宴会厅,3,tencent_ai_lab_chinese_embedding_light_mirror_mvp,0.11761375,2952,0.49453019,4017,0.58498824,1168,约会,约会,unreviewed
2953,感人肺腑,感人肺腑,4,tencent_ai_lab_chinese_embedding_light_mirror_mvp,0.11759683,2953,0.50307026,3469,0.56202543,1520,感情史,社会比较与人生进度,unreviewed
2954,苦痛,苦痛,2,tencent_ai_lab_chinese_embedding_light_mirror_mvp,0.11756608,2954,0.52416655,2441,0.51025212,2841,恋爱经历,社会比较与人生进度,unreviewed
2955,几段,几段,2,tencent_ai_lab_chinese_embedding_light_mirror_mvp,0.11735295,2955,0.51470604,2846,0.53894615,2045,人生阶段,社会比较与人生进度,unreviewed
2956,过夜,过夜,2,tencent_ai_lab_chinese_embedding_light_mirror_mvp,0.1173351,2956,0.52377526,2452,0.49796504,3212,错过青春,社会比较与人生进度,unreviewed
2957,童话,童话,2,tencent_ai_lab_chinese_embedding_light_mirror_mvp,0.11713763,2957,0.52373354,2453,0.46730316,4037,伴侣,社会比较与人生进度,unreviewed
2958,心动,心动,2,tencent_ai_lab_chinese_embedding_light_mirror_mvp,0.11708479,2958,0.52388494,2447,0.52457941,2433,恋情,恋爱核心,unreviewed
2959,患难之交,患难之交,4,tencent_ai_lab_chinese_embedding_light_mirror_mvp,0.11707632,2959,0.52421293,2440,0.52229595,2491,亲密关系,亲密行为,unreviewed
2960,聊出,聊出,2,tencent_ai_lab_chinese_embedding_light_mirror_mvp,0.1170152,2960,0.51655173,2749,0.53544801,2141,对象,表白与追求,unreviewed
2961,清心寡欲,清心寡欲,4,tencent_ai_lab_chinese_embedding_light_mirror_mvp,0.11697104,2961,0.52354584,2456,0.48160064,3659,单身,社会比较与人生进度,unreviewed
2962,精神,精神,2,tencent_ai_lab_chinese_embedding_light_mirror_mvp,0.11692999,2962,0.51079394,3052,0.54573762,1868,追求,社会比较与人生进度,unreviewed
2963,三个人,三个人,3,tencent_ai_lab_chinese_embedding_light_mirror_mvp,0.11687916,2963,0.50538591,3345,0.556566,1628,同龄人,社会比较与人生进度,unreviewed
2964,互为,互为,2,tencent_ai_lab_chinese_embedding_light_mirror_mvp,0.11682195,2964,0.520042,2591,0.52988929,2298,亲密,亲密行为,unreviewed
2965,开学,开学,2,tencent_ai_lab_chinese_embedding_light_mirror_mvp,0.11665765,2965,0.51692328,2736,0.53472769,2162,校服,校园恋爱,unreviewed
2966,新鲜期,新鲜期,3,tencent_ai_lab_chinese_embedding_light_mirror_mvp,0.11657561,2966,0.52350073,2461,0.49495018,3301,伴侣,社会比较与人生进度,unreviewed
2967,当红,当红,2,tencent_ai_lab_chinese_embedding_light_mirror_mvp,0.11655511,2967,0.52352511,2458,0.46670884,4052,青春,社会比较与人生进度,unreviewed
2968,自拍照,自拍照,3,tencent_ai_lab_chinese_embedding_light_mirror_mvp,0.11642122,2968,0.52351091,2460,0.49031973,3416,单身,社会比较与人生进度,unreviewed
2969,互相帮助,互相帮助,4,tencent_ai_lab_chinese_embedding_light_mirror_mvp,0.11641628,2969,0.4961136,3907,0.57935315,1255,伴侣,亲密行为,unreviewed
2970,公开场合,公开场合,4,tencent_ai_lab_chinese_embedding_light_mirror_mvp,0.11641099,2970,0.52352936,2457,0.50125492,3109,老公,社会比较与人生进度,unreviewed
2971,游山玩水,游山玩水,4,tencent_ai_lab_chinese_embedding_light_mirror_mvp,0.11629481,2971,0.5284058,2297,0.41186726,4835,散步,约会,unreviewed
2972,参加工作,参加工作,4,tencent_ai_lab_chinese_embedding_light_mirror_mvp,0.11623259,2972,0.51764799,2698,0.53304845,2203,对象,社会比较与人生进度,unreviewed
2973,兄弟姐妹,兄弟姐妹,4,tencent_ai_lab_chinese_embedding_light_mirror_mvp,0.11617987,2973,0.52362716,2455,0.50762427,2918,伴侣,社会比较与人生进度,unreviewed
2974,分掉,分掉,2,tencent_ai_lab_chinese_embedding_light_mirror_mvp,0.11610219,2974,0.50810333,3206,0.55061477,1755,脱单,社会比较与人生进度,unreviewed
2975,电影院,电影院,3,tencent_ai_lab_chinese_embedding_light_mirror_mvp,0.1160669,2975,0.48598437,4635,0.61116868,860,看电影,约会,unreviewed
2976,奋进,奋进,2,tencent_ai_lab_chinese_embedding_light_mirror_mvp,0.11602475,2976,0.51271025,2960,0.54203153,1975,追求,社会比较与人生进度,unreviewed
2977,改变自己,改变自己,4,tencent_ai_lab_chinese_embedding_light_mirror_mvp,0.11600549,2977,0.52344865,2464,0.48360831,3596,人生阶段,社会比较与人生进度,unreviewed
2978,过去,过去,2,tencent_ai_lab_chinese_embedding_light_mirror_mvp,0.1159888,2978,0.4868524,4568,0.60795319,892,前任,社会比较与人生进度,unreviewed
2979,催着,催着,2,tencent_ai_lab_chinese_embedding_light_mirror_mvp,0.11593976,2979,0.49204521,4182,0.59038085,1089,被追,表白与追求,unreviewed
2980,思考,思考,2,tencent_ai_lab_chinese_embedding_light_mirror_mvp,0.11591375,2980,0.51114404,3029,0.54438424,1911,追求,社会比较与人生进度,unreviewed
2981,坐着,坐着,2,tencent_ai_lab_chinese_embedding_light_mirror_mvp,0.1158901,2981,0.52178136,2516,0.52648979,2387,拥抱,约会,unreviewed
2982,寻梦,寻梦,2,tencent_ai_lab_chinese_embedding_light_mirror_mvp,0.11583768,2982,0.50712297,3255,0.55227011,1719,追求,表白与追求,unreviewed
2983,阿江,阿江,2,tencent_ai_lab_chinese_embedding_light_mirror_mvp,0.11555537,2983,0.53244785,2132,0.38044745,4971,拥抱,约会,manual_reject
2984,拮据,拮据,2,tencent_ai_lab_chinese_embedding_light_mirror_mvp,0.11551285,2984,0.52351506,2459,0.51186013,2793,脱单,社会比较与人生进度,unreviewed
2985,打扮,打扮,2,tencent_ai_lab_chinese_embedding_light_mirror_mvp,0.11541759,2985,0.52326599,2470,0.49036127,3415,单身,社会比较与人生进度,unreviewed
2986,职务,职务,2,tencent_ai_lab_chinese_embedding_light_mirror_mvp,0.11525951,2986,0.52309504,2474,0.47976726,3713,对象,社会比较与人生进度,unreviewed
2987,身高,身高,2,tencent_ai_lab_chinese_embedding_light_mirror_mvp,0.11515355,2987,0.51068608,3058,0.54487371,1903,单身,社会比较与人生进度,unreviewed
2988,委屈,委屈,2,tencent_ai_lab_chinese_embedding_light_mirror_mvp,0.1151488,2988,0.51990602,2597,0.52880132,2323,落后,社会比较与人生进度,unreviewed
2989,同村,同村,2,tencent_ai_lab_chinese_embedding_light_mirror_mvp,0.11513392,2989,0.50161994,3558,0.56345475,1497,同桌,社会比较与人生进度,unreviewed
2990,没说,没说,2,tencent_ai_lab_chinese_embedding_light_mirror_mvp,0.11505554,2990,0.49063922,4281,0.59352475,1037,没有对象,单身与脱单,manual_reject
2991,实现目标,实现目标,4,tencent_ai_lab_chinese_embedding_light_mirror_mvp,0.11502447,2991,0.49793483,3784,0.57257265,1344,追求,社会比较与人生进度,unreviewed
2992,其次,其次,2,tencent_ai_lab_chinese_embedding_light_mirror_mvp,0.11498651,2992,0.51078459,3053,0.54454398,1910,对象,社会比较与人生进度,unreviewed
2993,母性,母性,2,tencent_ai_lab_chinese_embedding_light_mirror_mvp,0.11495873,2993,0.50004412,3659,0.56720835,1427,母胎单身,婚恋,unreviewed
2994,拒接,拒接,2,tencent_ai_lab_chinese_embedding_light_mirror_mvp,0.11494747,2994,0.4986905,3730,0.57040364,1382,被追,表白与追求,unreviewed
2995,临产,临产,2,tencent_ai_lab_chinese_embedding_light_mirror_mvp,0.11487977,2995,0.52546819,2396,0.43275395,4634,老公,婚恋,unreviewed
2996,有时候,有时候,3,tencent_ai_lab_chinese_embedding_light_mirror_mvp,0.11481811,2996,0.51064523,3059,0.54461169,1907,对象,社会比较与人生进度,unreviewed
2997,冲突,冲突,2,tencent_ai_lab_chinese_embedding_light_mirror_mvp,0.11452728,2997,0.52275418,2480,0.48206475,3650,被追,社会比较与人生进度,unreviewed
2998,反悔,反悔,2,tencent_ai_lab_chinese_embedding_light_mirror_mvp,0.11443613,2998,0.5144733,2853,0.53695279,2091,错过青春,社会比较与人生进度,unreviewed
2999,情同手足,情同手足,4,tencent_ai_lab_chinese_embedding_light_mirror_mvp,0.11440759,2999,0.51120774,3027,0.5431298,1941,牵手,亲密行为,unreviewed
3000,热情,热情,2,tencent_ai_lab_chinese_embedding_light_mirror_mvp,0.11423961,3000,0.49658335,3869,0.57545823,1302,亲密,表白与追求,unreviewed
3001,羞于,羞于,2,tencent_ai_lab_chinese_embedding_light_mirror_mvp,0.1141948,3001,0.52325624,2471,0.51571679,2683,错过青春,社会比较与人生进度,unreviewed
3002,忠诚,忠诚,2,tencent_ai_lab_chinese_embedding_light_mirror_mvp,0.11412975,3002,0.50934492,3145,0.54660183,1839,亲密,表白与追求,unreviewed
3003,半场,半场,2,tencent_ai_lab_chinese_embedding_light_mirror_mvp,0.11391743,3003,0.52257365,2487,0.47465497,3854,散步,社会比较与人生进度,unreviewed
3004,探望,探望,2,tencent_ai_lab_chinese_embedding_light_mirror_mvp,0.11386357,3004,0.48370892,4828,0.61785936,801,追求,表白与追求,unreviewed
3005,对我说,对我说,3,tencent_ai_lab_chinese_embedding_light_mirror_mvp,0.11363915,3005,0.51302582,2935,0.53916919,2035,对象,表白与追求,unreviewed
3006,领头羊,领头羊,3,tencent_ai_lab_chinese_embedding_light_mirror_mvp,0.11362131,3006,0.52424649,2439,0.44195038,4515,牵手,社会比较与人生进度,unreviewed
3007,医生,医生,2,tencent_ai_lab_chinese_embedding_light_mirror_mvp,0.11359315,3007,0.52254961,2490,0.49448064,3316,老公,婚恋,unreviewed
3008,防御机制,防御机制,4,tencent_ai_lab_chinese_embedding_light_mirror_mvp,0.11356029,3008,0.5270955,2345,0.4162907,4804,亲密关系,亲密行为,unreviewed
3009,赏花,赏花,2,tencent_ai_lab_chinese_embedding_light_mirror_mvp,0.11347553,3009,0.52259673,2485,0.46587896,4065,约会,约会,unreviewed
3010,相合,相合,2,tencent_ai_lab_chinese_embedding_light_mirror_mvp,0.11344086,3010,0.50180283,3545,0.56135845,1531,对象,亲密行为,unreviewed
3011,念旧,念旧,2,tencent_ai_lab_chinese_embedding_light_mirror_mvp,0.11342502,3011,0.51953692,2619,0.52839065,2341,前任,恋爱历史,unreviewed
3012,跳舞,跳舞,2,tencent_ai_lab_chinese_embedding_light_mirror_mvp,0.11332439,3012,0.52269375,2482,0.50520879,2983,散步,约会,unreviewed
3013,互怼,互怼,2,tencent_ai_lab_chinese_embedding_light_mirror_mvp,0.11330317,3013,0.52255051,2489,0.49848795,3192,对象,社会比较与人生进度,unreviewed
3014,早上,早上,2,tencent_ai_lab_chinese_embedding_light_mirror_mvp,0.11330241,3014,0.48681226,4571,0.60515821,920,早恋,表白与追求,unreviewed
3015,茶会,茶会,2,tencent_ai_lab_chinese_embedding_light_mirror_mvp,0.11323519,3015,0.48921213,4384,0.59605378,1000,约会,约会,manual_reject
3016,笑场,笑场,2,tencent_ai_lab_chinese_embedding_light_mirror_mvp,0.11309764,3016,0.52380927,2449,0.44365168,4493,别人都有对象,社会比较与人生进度,unreviewed
3017,村妇,村妇,2,tencent_ai_lab_chinese_embedding_light_mirror_mvp,0.11289529,3017,0.49628636,3891,0.57499099,1306,妻子,婚恋,unreviewed
3018,这就,这就,2,tencent_ai_lab_chinese_embedding_light_mirror_mvp,0.11288321,3018,0.52247146,2494,0.49075389,3403,追求,社会比较与人生进度,unreviewed
3019,讲究,讲究,2,tencent_ai_lab_chinese_embedding_light_mirror_mvp,0.11287823,3019,0.50182451,3544,0.5608564,1542,追求,表白与追求,unreviewed
3020,受虐,受虐,2,tencent_ai_lab_chinese_embedding_light_mirror_mvp,0.1127922,3020,0.5227244,2481,0.52135837,2520,被追,社会比较与人生进度,unreviewed
3021,暴脾气,暴脾气,3,tencent_ai_lab_chinese_embedding_light_mirror_mvp,0.11271615,3021,0.52315451,2473,0.4518612,4356,老公,社会比较与人生进度,unreviewed
3022,人选,人选,2,tencent_ai_lab_chinese_embedding_light_mirror_mvp,0.11265414,3022,0.50187503,3541,0.56058365,1549,喜欢的人,社会比较与人生进度,unreviewed
3023,老说,老说,2,tencent_ai_lab_chinese_embedding_light_mirror_mvp,0.1126383,3023,0.50978615,3112,0.54474396,1904,老公,社会比较与人生进度,unreviewed
3024,时候,时候,2,tencent_ai_lab_chinese_embedding_light_mirror_mvp,0.11262268,3024,0.51667782,2743,0.53215897,2237,人生阶段,社会比较与人生进度,unreviewed
3025,聊微信,聊微信,3,tencent_ai_lab_chinese_embedding_light_mirror_mvp,0.11234166,3025,0.51510006,2819,0.53442895,2168,对象,表白与追求,unreviewed
3026,课后,课后,2,tencent_ai_lab_chinese_embedding_light_mirror_mvp,0.11200681,3026,0.50161104,3560,0.56067085,1545,落后,社会比较与人生进度,unreviewed
3027,运动,运动,2,tencent_ai_lab_chinese_embedding_light_mirror_mvp,0.11198834,3027,0.49864466,3733,0.5675987,1421,散步,约会,unreviewed
3028,甜美,甜美,2,tencent_ai_lab_chinese_embedding_light_mirror_mvp,0.11196638,3028,0.52245842,2495,0.5104121,2837,亲密,亲密行为,unreviewed
3029,再见,再见,2,tencent_ai_lab_chinese_embedding_light_mirror_mvp,0.11192738,3029,0.50993993,3105,0.5438869,1923,前任,社会比较与人生进度,unreviewed
3030,自拍,自拍,2,tencent_ai_lab_chinese_embedding_light_mirror_mvp,0.11190748,3030,0.52231236,2501,0.49935758,3158,单身,社会比较与人生进度,unreviewed
3031,哭泣,哭泣,2,tencent_ai_lab_chinese_embedding_light_mirror_mvp,0.11189417,3031,0.52219088,2505,0.49597266,3266,拥抱,表白与追求,unreviewed
3032,经常,经常,2,tencent_ai_lab_chinese_embedding_light_mirror_mvp,0.11185422,3032,0.4990015,3713,0.5666393,1437,恋爱经历,社会比较与人生进度,unreviewed
3033,隽永,隽永,2,tencent_ai_lab_chinese_embedding_light_mirror_mvp,0.11179063,3033,0.52338961,2466,0.44510415,4469,感情史,表白与追求,unreviewed
3034,愿景,愿景,2,tencent_ai_lab_chinese_embedding_light_mirror_mvp,0.11172553,3034,0.52252017,2492,0.52183521,2506,追求,表白与追求,unreviewed
3035,努力工作,努力工作,4,tencent_ai_lab_chinese_embedding_light_mirror_mvp,0.11170411,3035,0.51653371,2751,0.53172594,2248,追求,社会比较与人生进度,unreviewed
3036,人本主义,人本主义,4,tencent_ai_lab_chinese_embedding_light_mirror_mvp,0.11167875,3036,0.52217988,2506,0.48741168,3492,人生阶段,社会比较与人生进度,unreviewed
3037,纠结,纠结,2,tencent_ai_lab_chinese_embedding_light_mirror_mvp,0.11167853,3037,0.48590312,4643,0.60663354,903,追求,表白与追求,unreviewed
3038,碰头,碰头,2,tencent_ai_lab_chinese_embedding_light_mirror_mvp,0.11167281,3038,0.52244277,2497,0.51411438,2732,接吻,亲密行为,unreviewed
3039,感受性,感受性,3,tencent_ai_lab_chinese_embedding_light_mirror_mvp,0.1116535,3039,0.48875352,4415,0.59574604,1002,感情史,社会比较与人生进度,manual_reject
3040,从前,从前,2,tencent_ai_lab_chinese_embedding_light_mirror_mvp,0.11159128,3040,0.48914472,4388,0.59469193,1023,前男友,恋爱历史,manual_reject
3041,在校,在校,2,tencent_ai_lab_chinese_embedding_light_mirror_mvp,0.1113832,3041,0.48270942,4906,0.61868888,791,校服,校园恋爱,manual_reject
3042,隔阂,隔阂,2,tencent_ai_lab_chinese_embedding_light_mirror_mvp,0.11137529,3042,0.52222162,2504,0.50473201,3003,亲密关系,社会比较与人生进度,unreviewed
3043,姐弟,姐弟,2,tencent_ai_lab_chinese_embedding_light_mirror_mvp,0.11129379,3043,0.52205348,2508,0.49876377,3179,亲密,社会比较与人生进度,unreviewed
3044,离不开你,离不开你,4,tencent_ai_lab_chinese_embedding_light_mirror_mvp,0.11123297,3044,0.52194507,2512,0.48430067,3584,恋人,表白与追求,unreviewed
3045,你想,你想,2,tencent_ai_lab_chinese_embedding_light_mirror_mvp,0.11115399,3045,0.51817572,2680,0.52873009,2326,追求,表白与追求,unreviewed
3046,风华,风华,2,tencent_ai_lab_chinese_embedding_light_mirror_mvp,0.11100235,3046,0.52479854,2419,0.4286328,4680,初恋,社会比较与人生进度,unreviewed
3047,泡温泉,泡温泉,3,tencent_ai_lab_chinese_embedding_light_mirror_mvp,0.11099759,3047,0.53167624,2167,0.37843543,4977,爱情,亲密行为,manual_review
3048,找工作,找工作,3,tencent_ai_lab_chinese_embedding_light_mirror_mvp,0.11069869,3048,0.49626672,3893,0.57292259,1337,求婚,社会比较与人生进度,unreviewed
3049,宽容,宽容,2,tencent_ai_lab_chinese_embedding_light_mirror_mvp,0.1104464,3049,0.5216647,2521,0.47937971,3722,拥抱,社会比较与人生进度,unreviewed
3050,男权,男权,2,tencent_ai_lab_chinese_embedding_light_mirror_mvp,0.11027627,3050,0.49541869,3952,0.57497919,1307,男朋友,婚恋,unreviewed
3051,毕业班,毕业班,3,tencent_ai_lab_chinese_embedding_light_mirror_mvp,0.11025221,3051,0.52200744,2510,0.51666403,2659,同桌,校园恋爱,unreviewed
3052,袜子,袜子,2,tencent_ai_lab_chinese_embedding_light_mirror_mvp,0.10997164,3052,0.52244455,2496,0.45000288,4388,妻子,婚恋,unreviewed
3053,假如,假如,2,tencent_ai_lab_chinese_embedding_light_mirror_mvp,0.10989927,3053,0.52147515,2527,0.48194528,3655,对象,社会比较与人生进度,unreviewed
3054,小冯,小冯,2,tencent_ai_lab_chinese_embedding_light_mirror_mvp,0.10978466,3054,0.52547946,2394,0.41948181,4770,同龄人,社会比较与人生进度,unreviewed
3055,政教处,政教处,3,tencent_ai_lab_chinese_embedding_light_mirror_mvp,0.10969909,3055,0.52477385,2420,0.42579165,4705,校服,校园恋爱,unreviewed
3056,不惑之年,不惑之年,4,tencent_ai_lab_chinese_embedding_light_mirror_mvp,0.10957795,3056,0.52306005,2476,0.4411698,4524,婚礼,社会比较与人生进度,unreviewed
3057,勾引,勾引,2,tencent_ai_lab_chinese_embedding_light_mirror_mvp,0.10953803,3057,0.5217948,2515,0.51866496,2597,牵手,亲密行为,unreviewed
3058,旗袍,旗袍,2,tencent_ai_lab_chinese_embedding_light_mirror_mvp,0.10949052,3058,0.52139612,2533,0.47308481,3900,校服,社会比较与人生进度,unreviewed
3059,只是,只是,2,tencent_ai_lab_chinese_embedding_light_mirror_mvp,0.10946305,3059,0.5214126,2530,0.4959473,3270,单身,单身与脱单,unreviewed
3060,帮忙,帮忙,2,tencent_ai_lab_chinese_embedding_light_mirror_mvp,0.10940972,3060,0.50487708,3376,0.55145419,1736,对象,表白与追求,unreviewed
3061,着迷,着迷,2,tencent_ai_lab_chinese_embedding_light_mirror_mvp,0.1089856,3061,0.50401332,3413,0.55256504,1712,追求,表白与追求,unreviewed
3062,心中,心中,2,tencent_ai_lab_chinese_embedding_light_mirror_mvp,0.10896766,3062,0.51985929,2599,0.52424157,2446,拥抱,社会比较与人生进度,unreviewed
3063,孤僻,孤僻,2,tencent_ai_lab_chinese_embedding_light_mirror_mvp,0.10891369,3063,0.51892257,2653,0.52591938,2397,单身,社会比较与人生进度,unreviewed
3064,看上,看上,2,tencent_ai_lab_chinese_embedding_light_mirror_mvp,0.10889939,3064,0.48808889,4467,0.59525633,1014,看电影,表白与追求,manual_keep
3065,没送,没送,2,tencent_ai_lab_chinese_embedding_light_mirror_mvp,0.10876009,3065,0.48625872,4613,0.60175663,945,没有对象,单身与脱单,unreviewed
3066,小女孩,小女孩,3,tencent_ai_lab_chinese_embedding_light_mirror_mvp,0.10874456,3066,0.52147191,2529,0.50756484,2920,女朋友,社会比较与人生进度,unreviewed
3067,妈亲,妈亲,2,tencent_ai_lab_chinese_embedding_light_mirror_mvp,0.1085946,3067,0.489337,4374,0.59118152,1077,亲密,亲密行为,unreviewed
3068,以诚相待,以诚相待,4,tencent_ai_lab_chinese_embedding_light_mirror_mvp,0.10857176,3068,0.50701472,3263,0.54648268,1844,亲密,亲密行为,unreviewed
3069,为了,为了,2,tencent_ai_lab_chinese_embedding_light_mirror_mvp,0.10849653,3069,0.52051798,2572,0.5228194,2480,追求,社会比较与人生进度,unreviewed
3070,新妈,新妈,2,tencent_ai_lab_chinese_embedding_light_mirror_mvp,0.1084799,3070,0.52126259,2539,0.49738777,3224,母胎单身,婚恋,unreviewed
3071,扎心,扎心,2,tencent_ai_lab_chinese_embedding_light_mirror_mvp,0.10842741,3071,0.50361675,3435,0.55296385,1706,亲密,亲密行为,unreviewed
3072,如果你,如果你,3,tencent_ai_lab_chinese_embedding_light_mirror_mvp,0.10829447,3072,0.52123137,2540,0.49661851,3241,对象,社会比较与人生进度,unreviewed
3073,超甜,超甜,2,tencent_ai_lab_chinese_embedding_light_mirror_mvp,0.1082744,3073,0.52121993,2541,0.49624667,3254,接吻,亲密行为,unreviewed
3074,病逝,病逝,2,tencent_ai_lab_chinese_embedding_light_mirror_mvp,0.10824423,3074,0.52130045,2538,0.50176501,3091,感情史,社会比较与人生进度,unreviewed
3075,呢大衣,呢大衣,3,tencent_ai_lab_chinese_embedding_light_mirror_mvp,0.10820723,3075,0.52118416,2542,0.48704886,3504,校服,婚恋,unreviewed
3076,产生矛盾,产生矛盾,4,tencent_ai_lab_chinese_embedding_light_mirror_mvp,0.10820716,3076,0.51287858,2950,0.53556973,2135,亲密关系,社会比较与人生进度,unreviewed
3077,相互指责,相互指责,4,tencent_ai_lab_chinese_embedding_light_mirror_mvp,0.10805824,3077,0.50318995,3463,0.55369258,1692,对象,社会比较与人生进度,unreviewed
3078,老好人,老好人,3,tencent_ai_lab_chinese_embedding_light_mirror_mvp,0.10804308,3078,0.49065973,4277,0.58646518,1141,老婆,社会比较与人生进度,unreviewed
3079,死皮赖脸,死皮赖脸,4,tencent_ai_lab_chinese_embedding_light_mirror_mvp,0.10800273,3079,0.5234998,2462,0.43204218,4642,妻子,亲密行为,unreviewed
3080,春天,春天,2,tencent_ai_lab_chinese_embedding_light_mirror_mvp,0.10783638,3080,0.50490924,3371,0.54991674,1768,青春,社会比较与人生进度,unreviewed
3081,活在,活在,2,tencent_ai_lab_chinese_embedding_light_mirror_mvp,0.10768959,3081,0.50400878,3415,0.55147624,1734,人生阶段,社会比较与人生进度,unreviewed
3082,没话,没话,2,tencent_ai_lab_chinese_embedding_light_mirror_mvp,0.1075026,3082,0.4819635,4958,0.61680329,812,没有对象,社会比较与人生进度,manual_reject
3083,缅怀,缅怀,2,tencent_ai_lab_chinese_embedding_light_mirror_mvp,0.10744741,3083,0.49857039,3736,0.563573,1495,拥抱,表白与追求,unreviewed
3084,走极端,走极端,3,tencent_ai_lab_chinese_embedding_light_mirror_mvp,0.10741601,3084,0.49818544,3763,0.56463462,1478,散步,社会比较与人生进度,unreviewed
3085,现实性,现实性,3,tencent_ai_lab_chinese_embedding_light_mirror_mvp,0.10724583,3085,0.51236753,2975,0.53565133,2131,亲密,社会比较与人生进度,unreviewed
3086,质问,质问,2,tencent_ai_lab_chinese_embedding_light_mirror_mvp,0.10717471,3086,0.52075374,2561,0.52145302,2519,追求,表白与追求,unreviewed
3087,我交,我交,2,tencent_ai_lab_chinese_embedding_light_mirror_mvp,0.10711766,3087,0.51560918,2796,0.52974015,2300,被追,社会比较与人生进度,unreviewed
3088,性压抑,性压抑,3,tencent_ai_lab_chinese_embedding_light_mirror_mvp,0.1070073,3088,0.52087355,2556,0.48299724,3618,感情史,社会比较与人生进度,unreviewed
3089,谈起,谈起,2,tencent_ai_lab_chinese_embedding_light_mirror_mvp,0.10697021,3089,0.48745534,4519,0.59542543,1012,对象,社会比较与人生进度,manual_reject
3090,反击,反击,2,tencent_ai_lab_chinese_embedding_light_mirror_mvp,0.10688789,3090,0.51575903,2787,0.52931273,2314,被追,表白与追求,unreviewed
3091,后辈,后辈,2,tencent_ai_lab_chinese_embedding_light_mirror_mvp,0.10676885,3091,0.51231252,2978,0.53544813,2140,前男友,社会比较与人生进度,unreviewed
3092,真谛,真谛,2,tencent_ai_lab_chinese_embedding_light_mirror_mvp,0.1067559,3092,0.52136759,2535,0.4529278,4333,亲密,表白与追求,unreviewed
3093,说了,说了,2,tencent_ai_lab_chinese_embedding_light_mirror_mvp,0.10648457,3093,0.52070668,2563,0.52092022,2530,对象,社会比较与人生进度,unreviewed
3094,日常生活,日常生活,4,tencent_ai_lab_chinese_embedding_light_mirror_mvp,0.10643625,3094,0.50405544,3406,0.54999632,1761,老公,社会比较与人生进度,unreviewed
3095,男婴,男婴,2,tencent_ai_lab_chinese_embedding_light_mirror_mvp,0.10635133,3095,0.48462507,4756,0.60573149,913,男朋友,对象关系,unreviewed
3096,逃避现实,逃避现实,4,tencent_ai_lab_chinese_embedding_light_mirror_mvp,0.10634332,3096,0.52088166,2555,0.50349689,3031,被追,社会比较与人生进度,unreviewed
3097,梦寐以求,梦寐以求,4,tencent_ai_lab_chinese_embedding_light_mirror_mvp,0.10632299,3097,0.48715531,4541,0.59557891,1006,追求,表白与追求,manual_reject
3098,身心,身心,2,tencent_ai_lab_chinese_embedding_light_mirror_mvp,0.10620927,3098,0.50895526,3162,0.54137468,1990,单身,社会比较与人生进度,unreviewed
3099,很烦,很烦,2,tencent_ai_lab_chinese_embedding_light_mirror_mvp,0.10595541,3099,0.51977211,2603,0.52190465,2502,落后,社会比较与人生进度,unreviewed
3100,难堪,难堪,2,tencent_ai_lab_chinese_embedding_light_mirror_mvp,0.10593736,3100,0.50222628,3522,0.55390996,1683,落后,社会比较与人生进度,unreviewed
3101,农村妇女,农村妇女,4,tencent_ai_lab_chinese_embedding_light_mirror_mvp,0.10589561,3101,0.52045439,2575,0.52090514,2532,妻子,婚恋,unreviewed
3102,共同理想,共同理想,4,tencent_ai_lab_chinese_embedding_light_mirror_mvp,0.10589001,3102,0.5121689,2983,0.53488868,2152,伴侣,社会比较与人生进度,unreviewed
3103,感动不已,感动不已,4,tencent_ai_lab_chinese_embedding_light_mirror_mvp,0.10569251,3103,0.48678374,4573,0.5962376,997,感情史,表白与追求,manual_reject
3104,做错事,做错事,3,tencent_ai_lab_chinese_embedding_light_mirror_mvp,0.10547997,3104,0.49778669,3795,0.56395,1488,错过青春,社会比较与人生进度,unreviewed
3105,走了,走了,2,tencent_ai_lab_chinese_embedding_light_mirror_mvp,0.10541036,3105,0.48331596,4861,0.60944164,874,散步,社会比较与人生进度,unreviewed
3106,早安,早安,2,tencent_ai_lab_chinese_embedding_light_mirror_mvp,0.1053118,3106,0.48177087,4976,0.61492252,826,早恋,表白与追求,manual_review
3107,演戏,演戏,2,tencent_ai_lab_chinese_embedding_light_mirror_mvp,0.10526493,3107,0.5204012,2579,0.47339869,3893,追求,约会,unreviewed
3108,拜金,拜金,2,tencent_ai_lab_chinese_embedding_light_mirror_mvp,0.105162,3108,0.52068603,2565,0.5114758,2803,约会,约会,unreviewed
3109,下手,下手,2,tencent_ai_lab_chinese_embedding_light_mirror_mvp,0.10511517,3109,0.49199836,4187,0.5797891,1244,牵手,亲密行为,unreviewed
3110,互称,互称,2,tencent_ai_lab_chinese_embedding_light_mirror_mvp,0.10496523,3110,0.52069422,2564,0.51867169,2596,对象,亲密行为,unreviewed
3111,一路领先,一路领先,4,tencent_ai_lab_chinese_embedding_light_mirror_mvp,0.10493249,3111,0.51696838,2733,0.52566874,2402,落后,社会比较与人生进度,unreviewed
3112,深夜,深夜,2,tencent_ai_lab_chinese_embedding_light_mirror_mvp,0.10491295,3112,0.51517595,2815,0.5286963,2329,暗恋,表白与追求,unreviewed
3113,含辛茹苦,含辛茹苦,4,tencent_ai_lab_chinese_embedding_light_mirror_mvp,0.10488292,3113,0.52044547,2576,0.46578109,4070,约饭,表白与追求,unreviewed
3114,翻脸,翻脸,2,tencent_ai_lab_chinese_embedding_light_mirror_mvp,0.10484088,3114,0.52097256,2551,0.448524,4433,错过青春,社会比较与人生进度,unreviewed
3115,男装,男装,2,tencent_ai_lab_chinese_embedding_light_mirror_mvp,0.10462236,3115,0.50321432,3458,0.55043435,1758,男朋友,对象关系,unreviewed
3116,香港媒体,香港媒体,4,tencent_ai_lab_chinese_embedding_light_mirror_mvp,0.10454085,3116,0.53134719,2183,0.36995369,4988,感情史,亲密行为,manual_reject
3117,孕照,孕照,2,tencent_ai_lab_chinese_embedding_light_mirror_mvp,0.10451538,3117,0.52022874,2585,0.49245107,3370,婚礼,婚恋,unreviewed
3118,通情达理,通情达理,4,tencent_ai_lab_chinese_embedding_light_mirror_mvp,0.10450967,3118,0.5150262,2823,0.52867138,2331,亲密,亲密行为,unreviewed
3119,陪送,陪送,2,tencent_ai_lab_chinese_embedding_light_mirror_mvp,0.10443588,3119,0.50244116,3505,0.55205345,1726,拥抱,表白与追求,unreviewed
3120,乱伦,乱伦,2,tencent_ai_lab_chinese_embedding_light_mirror_mvp,0.10442162,3120,0.52401779,2444,0.41800925,4786,暗恋,社会比较与人生进度,unreviewed
3121,因车祸,因车祸,3,tencent_ai_lab_chinese_embedding_light_mirror_mvp,0.10440539,3121,0.52026933,2584,0.46782255,4026,被追,社会比较与人生进度,unreviewed
3122,朋友们,朋友们,3,tencent_ai_lab_chinese_embedding_light_mirror_mvp,0.1041422,3122,0.49171374,4206,0.57965147,1249,女朋友,社会比较与人生进度,unreviewed
3123,性兴奋,性兴奋,3,tencent_ai_lab_chinese_embedding_light_mirror_mvp,0.10405274,3123,0.52012957,2588,0.48446292,3578,伴侣,表白与追求,unreviewed
3124,不孕,不孕,2,tencent_ai_lab_chinese_embedding_light_mirror_mvp,0.10399403,3124,0.50975596,3113,0.53762358,2071,没有对象,单身与脱单,unreviewed
3125,束缚,束缚,2,tencent_ai_lab_chinese_embedding_light_mirror_mvp,0.10398182,3125,0.52037404,2580,0.50406134,3011,牵手,亲密行为,unreviewed
3126,无怨无悔,无怨无悔,4,tencent_ai_lab_chinese_embedding_light_mirror_mvp,0.10377131,3126,0.52001969,2593,0.4695355,3989,错过青春,社会比较与人生进度,unreviewed
3127,在生,在生,2,tencent_ai_lab_chinese_embedding_light_mirror_mvp,0.1036886,3127,0.50322174,3457,0.54962289,1778,人生阶段,社会比较与人生进度,unreviewed
3128,少妇,少妇,2,tencent_ai_lab_chinese_embedding_light_mirror_mvp,0.10342417,3128,0.52000487,2594,0.49611425,3259,妻子,社会比较与人生进度,unreviewed
3129,赶超,赶超,2,tencent_ai_lab_chinese_embedding_light_mirror_mvp,0.103276,3129,0.51535054,2808,0.52704632,2369,被追,社会比较与人生进度,unreviewed
3130,自白,自白,2,tencent_ai_lab_chinese_embedding_light_mirror_mvp,0.10325351,3130,0.48280408,4893,0.60847139,885,告白,表白与追求,unreviewed
3131,抑郁,抑郁,2,tencent_ai_lab_chinese_embedding_light_mirror_mvp,0.10309911,3131,0.52016277,2587,0.51449227,2719,伴侣,社会比较与人生进度,unreviewed
3132,却会,却会,2,tencent_ai_lab_chinese_embedding_light_mirror_mvp,0.10308379,3132,0.48884256,4410,0.58675283,1133,约会,约会,unreviewed
3133,一心一意,一心一意,4,tencent_ai_lab_chinese_embedding_light_mirror_mvp,0.10272167,3133,0.51980343,2602,0.46788436,4023,感情史,表白与追求,unreviewed
3134,伦理,伦理,2,tencent_ai_lab_chinese_embedding_light_mirror_mvp,0.10270099,3134,0.52048953,2574,0.4498319,4394,伴侣,社会比较与人生进度,unreviewed
3135,划船,划船,2,tencent_ai_lab_chinese_embedding_light_mirror_mvp,0.10269227,3135,0.52472816,2422,0.40910771,4853,约会,约会,unreviewed
3136,粘人,粘人,2,tencent_ai_lab_chinese_embedding_light_mirror_mvp,0.10267658,3136,0.49495568,3981,0.56862718,1409,恋人,亲密行为,unreviewed
3137,过生,过生,2,tencent_ai_lab_chinese_embedding_light_mirror_mvp,0.10265993,3137,0.51562963,2794,0.52597451,2393,人生阶段,社会比较与人生进度,unreviewed
3138,一同,一同,2,tencent_ai_lab_chinese_embedding_light_mirror_mvp,0.10250881,3138,0.50087501,3598,0.55373013,1689,同龄人,社会比较与人生进度,unreviewed
3139,甜得,甜得,2,tencent_ai_lab_chinese_embedding_light_mirror_mvp,0.10242368,3139,0.51998674,2596,0.51061845,2829,接吻,亲密行为,unreviewed
3140,八十多岁,八十多岁,4,tencent_ai_lab_chinese_embedding_light_mirror_mvp,0.10219046,3140,0.50129004,3577,0.55257857,1711,同龄人,社会比较与人生进度,unreviewed
3141,一厢情愿,一厢情愿,4,tencent_ai_lab_chinese_embedding_light_mirror_mvp,0.10218634,3141,0.51405144,2877,0.52862424,2333,伴侣,表白与追求,unreviewed
3142,游乐场,游乐场,3,tencent_ai_lab_chinese_embedding_light_mirror_mvp,0.10214384,3142,0.52467155,2425,0.40851134,4856,约会,约会,unreviewed
3143,往事如烟,往事如烟,4,tencent_ai_lab_chinese_embedding_light_mirror_mvp,0.10207177,3143,0.51963173,2611,0.47566736,3819,前任,社会比较与人生进度,unreviewed
3144,迈向,迈向,2,tencent_ai_lab_chinese_embedding_light_mirror_mvp,0.101935,3144,0.49408086,4042,0.57038879,1383,散步,社会比较与人生进度,unreviewed
3145,绽放,绽放,2,tencent_ai_lab_chinese_embedding_light_mirror_mvp,0.10193223,3145,0.51360422,2901,0.52919656,2316,散步,表白与追求,unreviewed
3146,这钱,这钱,2,tencent_ai_lab_chinese_embedding_light_mirror_mvp,0.10189552,3146,0.51971967,2609,0.46581182,4068,追求,表白与追求,unreviewed
3147,好运,好运,2,tencent_ai_lab_chinese_embedding_light_mirror_mvp,0.10178743,3147,0.51983286,2601,0.51584411,2680,落后,社会比较与人生进度,unreviewed
3148,不想,不想,2,tencent_ai_lab_chinese_embedding_light_mirror_mvp,0.10178341,3148,0.50964143,3121,0.53624475,2116,没有对象,表白与追求,unreviewed
3149,该有,该有,2,tencent_ai_lab_chinese_embedding_light_mirror_mvp,0.10173094,3149,0.49797975,3778,0.55984366,1569,被追,社会比较与人生进度,unreviewed
3150,午睡,午睡,2,tencent_ai_lab_chinese_embedding_light_mirror_mvp,0.10134974,3150,0.51951119,2621,0.48196429,3654,约饭,约会,unreviewed
3151,传闻,传闻,2,tencent_ai_lab_chinese_embedding_light_mirror_mvp,0.10132563,3151,0.52090099,2554,0.43820673,4564,被追,亲密行为,unreviewed
3152,定居,定居,2,tencent_ai_lab_chinese_embedding_light_mirror_mvp,0.10131997,3152,0.48951393,4363,0.58312958,1195,结婚,婚恋,unreviewed
3153,老爷子,老爷子,3,tencent_ai_lab_chinese_embedding_light_mirror_mvp,0.10130395,3153,0.48521281,4703,0.59700263,990,老婆,婚恋,manual_reject
3154,出众,出众,2,tencent_ai_lab_chinese_embedding_light_mirror_mvp,0.10127343,3154,0.50393773,3420,0.54605329,1856,落后,社会比较与人生进度,unreviewed
3155,升学考试,升学考试,4,tencent_ai_lab_chinese_embedding_light_mirror_mvp,0.10110366,3155,0.51952509,2620,0.48728335,3495,高中恋爱,校园恋爱,unreviewed
3156,不来往,不来往,3,tencent_ai_lab_chinese_embedding_light_mirror_mvp,0.10109663,3156,0.51965266,2610,0.51441413,2723,没有对象,社会比较与人生进度,unreviewed
3157,告诉你,告诉你,3,tencent_ai_lab_chinese_embedding_light_mirror_mvp,0.10106677,3157,0.48340555,4855,0.60386825,927,告白,表白与追求,unreviewed
3158,钱全,钱全,2,tencent_ai_lab_chinese_embedding_light_mirror_mvp,0.10104297,3158,0.52141187,2532,0.43093672,4657,对象,婚恋,unreviewed
3159,夜会,夜会,2,tencent_ai_lab_chinese_embedding_light_mirror_mvp,0.10103421,3159,0.49573393,3930,0.5649724,1473,约会,约会,unreviewed
3160,谈笑风生,谈笑风生,4,tencent_ai_lab_chinese_embedding_light_mirror_mvp,0.10100465,3160,0.51951045,2622,0.46744162,4034,学生情侣,社会比较与人生进度,unreviewed
3161,殿堂,殿堂,2,tencent_ai_lab_chinese_embedding_light_mirror_mvp,0.10098884,3161,0.51947396,2626,0.47034168,3970,婚礼,社会比较与人生进度,unreviewed
3162,人和,人和,2,tencent_ai_lab_chinese_embedding_light_mirror_mvp,0.10085585,3162,0.49392611,4061,0.56995076,1389,同龄人,社会比较与人生进度,unreviewed
3163,怎么想,怎么想,3,tencent_ai_lab_chinese_embedding_light_mirror_mvp,0.10085451,3163,0.51716344,2720,0.5219115,2501,追求,社会比较与人生进度,unreviewed
3164,却又,却又,2,tencent_ai_lab_chinese_embedding_light_mirror_mvp,0.10072098,3164,0.5094775,3136,0.5358265,2127,被追,社会比较与人生进度,unreviewed
3165,太贱,太贱,2,tencent_ai_lab_chinese_embedding_light_mirror_mvp,0.10059637,3165,0.51960492,2615,0.51588273,2679,落后,社会比较与人生进度,unreviewed
3166,神经症,神经症,3,tencent_ai_lab_chinese_embedding_light_mirror_mvp,0.1005567,3166,0.51972345,2608,0.45631433,4259,感情史,社会比较与人生进度,unreviewed
3167,到来,到来,2,tencent_ai_lab_chinese_embedding_light_mirror_mvp,0.10054251,3167,0.51941496,2630,0.49398619,3326,落后,社会比较与人生进度,unreviewed
3168,这娃,这娃,2,tencent_ai_lab_chinese_embedding_light_mirror_mvp,0.10047432,3168,0.51961216,2613,0.45833439,4221,老公,社会比较与人生进度,unreviewed
3169,相忘,相忘,2,tencent_ai_lab_chinese_embedding_light_mirror_mvp,0.1004285,3169,0.50744125,3232,0.5389502,2044,感情史,表白与追求,unreviewed
3170,真心话,真心话,3,tencent_ai_lab_chinese_embedding_light_mirror_mvp,0.10039964,3170,0.51864116,2660,0.5196169,2576,亲密,表白与追求,unreviewed
3171,聊着,聊着,2,tencent_ai_lab_chinese_embedding_light_mirror_mvp,0.10037617,3171,0.49395392,4056,0.56919324,1398,对象,表白与追求,unreviewed
3172,期中考试,期中考试,4,tencent_ai_lab_chinese_embedding_light_mirror_mvp,0.10020678,3172,0.51946383,2628,0.50068748,3121,高中恋爱,社会比较与人生进度,unreviewed
3173,冲动,冲动,2,tencent_ai_lab_chinese_embedding_light_mirror_mvp,0.10017659,3173,0.50981493,3110,0.53463918,2163,被追,表白与追求,unreviewed
3174,租房子,租房子,3,tencent_ai_lab_chinese_embedding_light_mirror_mvp,0.10016457,3174,0.51547487,2801,0.52428418,2444,单身,婚恋,unreviewed
3175,属鸡,属鸡,2,tencent_ai_lab_chinese_embedding_light_mirror_mvp,0.10005233,3175,0.52322047,2472,0.41356629,4824,伴侣,社会比较与人生进度,unreviewed
3176,往昔,往昔,2,tencent_ai_lab_chinese_embedding_light_mirror_mvp,0.09992781,3176,0.50782195,3220,0.53790998,2064,前任,恋爱历史,unreviewed
3177,想过,想过,2,tencent_ai_lab_chinese_embedding_light_mirror_mvp,0.09978265,3177,0.50481693,3379,0.5434854,1930,追求,社会比较与人生进度,unreviewed
3178,住校生,住校生,3,tencent_ai_lab_chinese_embedding_light_mirror_mvp,0.0997393,3178,0.48529499,4693,0.59490496,1020,校服,校园恋爱,manual_reject
3179,女生宿舍,女生宿舍,4,tencent_ai_lab_chinese_embedding_light_mirror_mvp,0.0996731,3179,0.48800989,4475,0.58601838,1154,学生情侣,校园恋爱,unreviewed
3180,网络红人,网络红人,4,tencent_ai_lab_chinese_embedding_light_mirror_mvp,0.09953199,3180,0.51946189,2629,0.51197493,2788,同龄人,社会比较与人生进度,unreviewed
3181,难为情,难为情,3,tencent_ai_lab_chinese_embedding_light_mirror_mvp,0.09952784,3181,0.50132742,3575,0.54996443,1763,感情史,社会比较与人生进度,unreviewed
3182,主动,主动,2,tencent_ai_lab_chinese_embedding_light_mirror_mvp,0.09950988,3182,0.51529175,2813,0.52420211,2450,亲密,表白与追求,unreviewed
3183,小妹,小妹,2,tencent_ai_lab_chinese_embedding_light_mirror_mvp,0.09928342,3183,0.51929126,2635,0.50367326,3026,女朋友,社会比较与人生进度,unreviewed
3184,排座位,排座位,3,tencent_ai_lab_chinese_embedding_light_mirror_mvp,0.0992549,3184,0.52165891,2522,0.42360952,4730,同桌,约会,unreviewed
3185,中学,中学,2,tencent_ai_lab_chinese_embedding_light_mirror_mvp,0.09923555,3185,0.49007047,4316,0.57912326,1260,高中恋爱,校园恋爱,unreviewed
3186,过节,过节,2,tencent_ai_lab_chinese_embedding_light_mirror_mvp,0.09923073,3186,0.51904552,2646,0.47034502,3969,散步,社会比较与人生进度,unreviewed
3187,钓鱼,钓鱼,2,tencent_ai_lab_chinese_embedding_light_mirror_mvp,0.09914406,3187,0.51911778,2642,0.46623608,4060,对象,表白与追求,unreviewed
3188,共性,共性,2,tencent_ai_lab_chinese_embedding_light_mirror_mvp,0.09893532,3188,0.49870692,3729,0.55532408,1658,伴侣,社会比较与人生进度,unreviewed
3189,保持联系,保持联系,4,tencent_ai_lab_chinese_embedding_light_mirror_mvp,0.09891972,3189,0.4862583,4614,0.59081954,1081,亲密关系,亲密行为,unreviewed
3190,七十多岁,七十多岁,4,tencent_ai_lab_chinese_embedding_light_mirror_mvp,0.09891219,3190,0.49843298,3746,0.55591893,1645,同龄人,社会比较与人生进度,unreviewed
3191,竟然,竟然,2,tencent_ai_lab_chinese_embedding_light_mirror_mvp,0.09890056,3191,0.51693181,2734,0.52082026,2534,落后,表白与追求,unreviewed
3192,眼瞎,眼瞎,2,tencent_ai_lab_chinese_embedding_light_mirror_mvp,0.09884032,3192,0.52011354,2589,0.44020212,4537,暗恋,社会比较与人生进度,unreviewed
3193,闲谈,闲谈,2,tencent_ai_lab_chinese_embedding_light_mirror_mvp,0.09865167,3193,0.51291192,2946,0.52799022,2351,对象,社会比较与人生进度,unreviewed
3194,通奸,通奸,2,tencent_ai_lab_chinese_embedding_light_mirror_mvp,0.09858817,3194,0.51881967,2655,0.47408277,3875,亲密,亲密行为,unreviewed
3195,变胖,变胖,2,tencent_ai_lab_chinese_embedding_light_mirror_mvp,0.09850126,3195,0.51950973,2623,0.44979426,4397,单身,社会比较与人生进度,unreviewed
3196,衡量标准,衡量标准,4,tencent_ai_lab_chinese_embedding_light_mirror_mvp,0.09838725,3196,0.51877456,2657,0.47303361,3902,对象,社会比较与人生进度,unreviewed
3197,二十四五岁,二十四五岁,5,tencent_ai_lab_chinese_embedding_light_mirror_mvp,0.09838429,3197,0.48474528,4742,0.59539241,1013,同龄人,社会比较与人生进度,manual_review
3198,之女,之女,2,tencent_ai_lab_chinese_embedding_light_mirror_mvp,0.09836013,3198,0.50891179,3164,0.53482586,2154,前女友,婚恋,unreviewed
3199,遗憾,遗憾,2,tencent_ai_lab_chinese_embedding_light_mirror_mvp,0.09834663,3199,0.49135436,4230,0.57420915,1320,错过青春,社会比较与人生进度,unreviewed
3200,阴暗面,阴暗面,3,tencent_ai_lab_chinese_embedding_light_mirror_mvp,0.09820112,3200,0.50615965,3313,0.53973138,2023,暗恋,表白与追求,unreviewed
3201,或是,或是,2,tencent_ai_lab_chinese_embedding_light_mirror_mvp,0.0980395,3201,0.50770791,3224,0.5365445,2104,对象,社会比较与人生进度,unreviewed
3202,时代,时代,2,tencent_ai_lab_chinese_embedding_light_mirror_mvp,0.0980177,3202,0.51870582,2659,0.48532683,3561,人生阶段,社会比较与人生进度,unreviewed
3203,肚子,肚子,2,tencent_ai_lab_chinese_embedding_light_mirror_mvp,0.09779686,3203,0.51915317,2641,0.45630616,4260,拥抱,亲密行为,unreviewed
3204,洗衣服,洗衣服,3,tencent_ai_lab_chinese_embedding_light_mirror_mvp,0.09773623,3204,0.50743843,3233,0.53665191,2102,校服,婚恋,unreviewed
3205,死心塌地,死心塌地,4,tencent_ai_lab_chinese_embedding_light_mirror_mvp,0.09760053,3205,0.51860981,2661,0.48893428,3453,落后,社会比较与人生进度,unreviewed
3206,历久弥新,历久弥新,4,tencent_ai_lab_chinese_embedding_light_mirror_mvp,0.09745997,3206,0.51919664,2639,0.45189285,4355,落后,恋爱历史,unreviewed
3207,不和,不和,2,tencent_ai_lab_chinese_embedding_light_mirror_mvp,0.0973011,3207,0.48813195,4465,0.58298522,1198,没有对象,社会比较与人生进度,unreviewed
3208,生活空间,生活空间,4,tencent_ai_lab_chinese_embedding_light_mirror_mvp,0.09721771,3208,0.50415646,3400,0.54219586,1967,人生阶段,社会比较与人生进度,unreviewed
3209,带着,带着,2,tencent_ai_lab_chinese_embedding_light_mirror_mvp,0.09711873,3209,0.48302014,4878,0.60009551,965,拥抱,亲密行为,manual_reject
3210,应试教育,应试教育,4,tencent_ai_lab_chinese_embedding_light_mirror_mvp,0.09706505,3210,0.51844965,2667,0.48317802,3608,恋爱经验,社会比较与人生进度,unreviewed
3211,私欲,私欲,2,tencent_ai_lab_chinese_embedding_light_mirror_mvp,0.09690942,3211,0.50246638,3502,0.54525721,1883,老公,表白与追求,unreviewed
3212,不然,不然,2,tencent_ai_lab_chinese_embedding_light_mirror_mvp,0.09672324,3212,0.49746525,3818,0.55623585,1631,落后,社会比较与人生进度,unreviewed
3213,绚烂,绚烂,2,tencent_ai_lab_chinese_embedding_light_mirror_mvp,0.09665276,3213,0.504021,3411,0.54210699,1972,落后,表白与追求,unreviewed
3214,用爱,用爱,2,tencent_ai_lab_chinese_embedding_light_mirror_mvp,0.09665208,3214,0.48245287,4921,0.60144418,949,爱情,恋爱核心,manual_reject
3215,理性,理性,2,tencent_ai_lab_chinese_embedding_light_mirror_mvp,0.09664334,3215,0.51851964,2663,0.5103358,2838,亲密,社会比较与人生进度,unreviewed
3216,寄托,寄托,2,tencent_ai_lab_chinese_embedding_light_mirror_mvp,0.09661289,3216,0.49126053,4236,0.57255614,1345,拥抱,表白与追求,unreviewed
3217,信步,信步,2,tencent_ai_lab_chinese_embedding_light_mirror_mvp,0.09656804,3217,0.49623502,3896,0.55915964,1579,散步,约会,unreviewed
3218,小白鞋,小白鞋,3,tencent_ai_lab_chinese_embedding_light_mirror_mvp,0.09650778,3218,0.51975656,2605,0.43664533,4587,告白,表白与追求,unreviewed
3219,领跑,领跑,2,tencent_ai_lab_chinese_embedding_light_mirror_mvp,0.09648257,3219,0.51275271,2957,0.52638257,2388,拥抱,社会比较与人生进度,unreviewed
3220,幽默感,幽默感,3,tencent_ai_lab_chinese_embedding_light_mirror_mvp,0.09647187,3220,0.50041581,3636,0.54944831,1782,亲密,社会比较与人生进度,unreviewed
3221,得过且过,得过且过,4,tencent_ai_lab_chinese_embedding_light_mirror_mvp,0.09642537,3221,0.49078249,4273,0.57383579,1325,错过青春,社会比较与人生进度,unreviewed
3222,肤浅,肤浅,2,tencent_ai_lab_chinese_embedding_light_mirror_mvp,0.09642397,3222,0.51820958,2677,0.4957003,3280,表白,社会比较与人生进度,unreviewed
3223,这女,这女,2,tencent_ai_lab_chinese_embedding_light_mirror_mvp,0.09640313,3223,0.51295271,2942,0.52577829,2401,前女友,婚恋,unreviewed
3224,失望透顶,失望透顶,4,tencent_ai_lab_chinese_embedding_light_mirror_mvp,0.09638069,3224,0.49088887,4261,0.573255,1331,落后,社会比较与人生进度,unreviewed
3225,开怀大笑,开怀大笑,4,tencent_ai_lab_chinese_embedding_light_mirror_mvp,0.09636842,3225,0.51628145,2762,0.51984292,2569,拥抱,社会比较与人生进度,unreviewed
3226,舍不得,舍不得,3,tencent_ai_lab_chinese_embedding_light_mirror_mvp,0.09622201,3226,0.51841002,2668,0.51044738,2835,落后,社会比较与人生进度,unreviewed
3227,彷徨,彷徨,2,tencent_ai_lab_chinese_embedding_light_mirror_mvp,0.0962183,3227,0.50230585,3516,0.54516447,1889,追求,社会比较与人生进度,unreviewed
3228,成全,成全,2,tencent_ai_lab_chinese_embedding_light_mirror_mvp,0.09612765,3228,0.51961544,2612,0.43730584,4579,订婚,社会比较与人生进度,unreviewed
3229,无微不至,无微不至,4,tencent_ai_lab_chinese_embedding_light_mirror_mvp,0.0961025,3229,0.50330607,3451,0.54282367,1945,落后,社会比较与人生进度,unreviewed
3230,被领导者,被领导者,4,tencent_ai_lab_chinese_embedding_light_mirror_mvp,0.09609647,3230,0.48609066,4627,0.58820724,1119,被追,社会比较与人生进度,unreviewed
3231,陌生,陌生,2,tencent_ai_lab_chinese_embedding_light_mirror_mvp,0.0960051,3231,0.50348313,3443,0.54250526,1956,亲密,社会比较与人生进度,unreviewed
3232,个体,个体,2,tencent_ai_lab_chinese_embedding_light_mirror_mvp,0.09585464,3232,0.5181958,2678,0.5015955,3097,单身,社会比较与人生进度,unreviewed
3233,动心,动心,2,tencent_ai_lab_chinese_embedding_light_mirror_mvp,0.09573015,3233,0.51825781,2675,0.50732481,2924,恋情,恋爱核心,unreviewed
3234,女工,女工,2,tencent_ai_lab_chinese_embedding_light_mirror_mvp,0.09572705,3234,0.50617409,3312,0.53748524,2078,女朋友,婚恋,unreviewed
3235,去了,去了,2,tencent_ai_lab_chinese_embedding_light_mirror_mvp,0.09566213,3235,0.51758611,2701,0.51712012,2643,散步,约会,unreviewed
3236,遇到,遇到,2,tencent_ai_lab_chinese_embedding_light_mirror_mvp,0.09561773,3236,0.48370676,4829,0.59568918,1003,别人都有对象,社会比较与人生进度,manual_reject
3237,炎亚纶,炎亚纶,3,tencent_ai_lab_chinese_embedding_light_mirror_mvp,0.09560868,3237,0.52719288,2340,0.37934726,4973,前男友,恋爱历史,manual_reject
3238,完美的女人,完美的女人,5,tencent_ai_lab_chinese_embedding_light_mirror_mvp,0.09553297,3238,0.51113673,3031,0.52832228,2344,女朋友,婚恋,unreviewed
3239,等我,等我,2,tencent_ai_lab_chinese_embedding_light_mirror_mvp,0.0954496,3239,0.5182111,2676,0.5152446,2701,追求,社会比较与人生进度,unreviewed
3240,七大姑八大姨,七大姑八大姨,6,tencent_ai_lab_chinese_embedding_light_mirror_mvp,0.09544534,3240,0.51833615,2671,0.45784497,4231,同龄人,社会比较与人生进度,unreviewed
3241,点点滴滴,点点滴滴,4,tencent_ai_lab_chinese_embedding_light_mirror_mvp,0.09537622,3241,0.51816519,2682,0.46479547,4083,约会,约会,unreviewed
3242,醋意,醋意,2,tencent_ai_lab_chinese_embedding_light_mirror_mvp,0.09526691,3242,0.52002513,2592,0.42928481,4673,约饭,对象关系,unreviewed
3243,意义,意义,2,tencent_ai_lab_chinese_embedding_light_mirror_mvp,0.09525815,3243,0.51511817,2818,0.52068502,2539,追求,表白与追求,unreviewed
3244,互相间,互相间,3,tencent_ai_lab_chinese_embedding_light_mirror_mvp,0.09522051,3244,0.48723657,4533,0.58348405,1192,伴侣,亲密行为,unreviewed
3245,那位,那位,2,tencent_ai_lab_chinese_embedding_light_mirror_mvp,0.09520991,3245,0.51169643,3002,0.52689058,2374,同龄人,社会比较与人生进度,unreviewed
3246,爹要,爹要,2,tencent_ai_lab_chinese_embedding_light_mirror_mvp,0.09517653,3246,0.51816531,2681,0.50797355,2903,求婚,婚恋,unreviewed
3247,梦中,梦中,2,tencent_ai_lab_chinese_embedding_light_mirror_mvp,0.09516259,3247,0.5139295,2880,0.52260703,2482,高中恋爱,表白与追求,unreviewed
3248,衣裤,衣裤,2,tencent_ai_lab_chinese_embedding_light_mirror_mvp,0.09504212,3248,0.51808884,2684,0.50367689,3025,校服,婚恋,unreviewed
3249,比较忙,比较忙,3,tencent_ai_lab_chinese_embedding_light_mirror_mvp,0.09502079,3249,0.50543402,3344,0.53798461,2063,对象,社会比较与人生进度,unreviewed
3250,永远是,永远是,3,tencent_ai_lab_chinese_embedding_light_mirror_mvp,0.0950029,3250,0.51786191,2691,0.49018139,3418,亲密,表白与追求,unreviewed
3251,报复,报复,2,tencent_ai_lab_chinese_embedding_light_mirror_mvp,0.09499069,3251,0.49690297,3843,0.5556547,1648,被追,表白与追求,unreviewed
3252,物欲横流,物欲横流,4,tencent_ai_lab_chinese_embedding_light_mirror_mvp,0.09492111,3252,0.51836408,2670,0.45281711,4337,感情史,表白与追求,unreviewed
3253,心情愉快,心情愉快,4,tencent_ai_lab_chinese_embedding_light_mirror_mvp,0.09491726,3253,0.49680523,3853,0.55594683,1643,喜欢的人,社会比较与人生进度,unreviewed
3254,听说,听说,2,tencent_ai_lab_chinese_embedding_light_mirror_mvp,0.09486065,3254,0.51799676,2686,0.50898397,2882,追求,表白与追求,unreviewed
3255,三好学生,三好学生,4,tencent_ai_lab_chinese_embedding_light_mirror_mvp,0.0947545,3255,0.51791134,2688,0.50631654,2958,学生情侣,校园恋爱,unreviewed
3256,富商,富商,2,tencent_ai_lab_chinese_embedding_light_mirror_mvp,0.09469238,3256,0.52031351,2583,0.42528832,4714,落后,社会比较与人生进度,unreviewed
3257,迷惘,迷惘,2,tencent_ai_lab_chinese_embedding_light_mirror_mvp,0.09460726,3257,0.50819075,3202,0.53294975,2207,错过青春,社会比较与人生进度,unreviewed
3258,很累,很累,2,tencent_ai_lab_chinese_embedding_light_mirror_mvp,0.0946014,3258,0.5109741,3045,0.52789974,2353,散步,社会比较与人生进度,unreviewed
3259,永垂不朽,永垂不朽,4,tencent_ai_lab_chinese_embedding_light_mirror_mvp,0.09455498,3259,0.51763898,2699,0.4780699,3757,落后,社会比较与人生进度,unreviewed
3260,伤心,伤心,2,tencent_ai_lab_chinese_embedding_light_mirror_mvp,0.09430279,3260,0.5155561,2798,0.51934302,2585,亲密,表白与追求,unreviewed
3261,坚守,坚守,2,tencent_ai_lab_chinese_embedding_light_mirror_mvp,0.09418223,3261,0.50757862,3227,0.53349912,2193,拥抱,表白与追求,unreviewed
3262,性别,性别,2,tencent_ai_lab_chinese_embedding_light_mirror_mvp,0.09413505,3262,0.48816626,4462,0.57935619,1254,别人都有对象,社会比较与人生进度,unreviewed
3263,雌性,雌性,2,tencent_ai_lab_chinese_embedding_light_mirror_mvp,0.09413269,3263,0.50186151,3542,0.54427987,1916,伴侣,对象关系,unreviewed
3264,擦肩而过,擦肩而过,4,tencent_ai_lab_chinese_embedding_light_mirror_mvp,0.09405023,3264,0.51214405,2985,0.52520716,2417,错过青春,社会比较与人生进度,unreviewed
3265,喝多,喝多,2,tencent_ai_lab_chinese_embedding_light_mirror_mvp,0.09401645,3265,0.51765736,2697,0.4643724,4093,约饭,约会,unreviewed
3266,迫近,迫近,2,tencent_ai_lab_chinese_embedding_light_mirror_mvp,0.09399588,3266,0.48762723,4504,0.5809195,1231,亲密,亲密行为,unreviewed
3267,微信发,微信发,3,tencent_ai_lab_chinese_embedding_light_mirror_mvp,0.09398887,3267,0.51752203,2706,0.48653561,3528,表白,表白与追求,unreviewed
3268,久别,久别,2,tencent_ai_lab_chinese_embedding_light_mirror_mvp,0.09394202,3268,0.51743803,2709,0.47363201,3887,亲密,社会比较与人生进度,unreviewed
3269,退休,退休,2,tencent_ai_lab_chinese_embedding_light_mirror_mvp,0.0938361,3269,0.49847142,3743,0.55080229,1748,同龄人,社会比较与人生进度,unreviewed
3270,最爱,最爱,2,tencent_ai_lab_chinese_embedding_light_mirror_mvp,0.09383159,3270,0.48814349,4464,0.57913131,1259,爱情,表白与追求,unreviewed
3271,昊然,昊然,2,tencent_ai_lab_chinese_embedding_light_mirror_mvp,0.09372338,3271,0.51768718,2696,0.45993966,4194,青春,社会比较与人生进度,unreviewed
3272,走进,走进,2,tencent_ai_lab_chinese_embedding_light_mirror_mvp,0.09368276,3272,0.48308382,4876,0.59550494,1009,散步,社会比较与人生进度,manual_reject
3273,师徒,师徒,2,tencent_ai_lab_chinese_embedding_light_mirror_mvp,0.09358246,3273,0.51773109,2694,0.45841688,4220,伴侣,社会比较与人生进度,unreviewed
3274,充满活力,充满活力,4,tencent_ai_lab_chinese_embedding_light_mirror_mvp,0.09357176,3274,0.51575551,2788,0.5182991,2610,亲密,社会比较与人生进度,unreviewed
3275,高兴,高兴,2,tencent_ai_lab_chinese_embedding_light_mirror_mvp,0.09354214,3275,0.51761359,2700,0.50801384,2902,喜欢的人,表白与追求,unreviewed
3276,心理分析,心理分析,4,tencent_ai_lab_chinese_embedding_light_mirror_mvp,0.09340836,3276,0.51222538,2980,0.52449626,2437,感情史,社会比较与人生进度,unreviewed
3277,不羁,不羁,2,tencent_ai_lab_chinese_embedding_light_mirror_mvp,0.0934082,3277,0.51742274,2711,0.49602246,3263,落后,社会比较与人生进度,unreviewed
3278,圈内,圈内,2,tencent_ai_lab_chinese_embedding_light_mirror_mvp,0.09340467,3278,0.51742314,2710,0.46664661,4053,同龄人,社会比较与人生进度,unreviewed
3279,契合,契合,2,tencent_ai_lab_chinese_embedding_light_mirror_mvp,0.09326338,3279,0.49664304,3865,0.55468571,1667,结婚,亲密行为,unreviewed
3280,说什么,说什么,3,tencent_ai_lab_chinese_embedding_light_mirror_mvp,0.0932538,3280,0.51734397,2715,0.47601557,3812,追求,表白与追求,unreviewed
3281,悲痛,悲痛,2,tencent_ai_lab_chinese_embedding_light_mirror_mvp,0.09323096,3281,0.50167605,3554,0.54384178,1926,感情史,表白与追求,unreviewed
3282,活成,活成,2,tencent_ai_lab_chinese_embedding_light_mirror_mvp,0.09300531,3282,0.51720139,2717,0.4813484,3666,人生阶段,社会比较与人生进度,unreviewed
3283,这种,这种,2,tencent_ai_lab_chinese_embedding_light_mirror_mvp,0.09283981,3283,0.51711003,2722,0.47156608,3942,对象,社会比较与人生进度,unreviewed
3284,外貌,外貌,2,tencent_ai_lab_chinese_embedding_light_mirror_mvp,0.09276792,3284,0.51719145,2718,0.48711914,3502,对象,社会比较与人生进度,unreviewed
3285,认错,认错,2,tencent_ai_lab_chinese_embedding_light_mirror_mvp,0.09275864,3285,0.49283057,4129,0.56403673,1485,错过青春,社会比较与人生进度,unreviewed
3286,大四,大四,2,tencent_ai_lab_chinese_embedding_light_mirror_mvp,0.09275429,3286,0.49095557,4255,0.56906062,1400,大学恋爱,社会比较与人生进度,unreviewed
3287,现在,现在,2,tencent_ai_lab_chinese_embedding_light_mirror_mvp,0.09273769,3287,0.5118066,2997,0.52450526,2436,对象,社会比较与人生进度,unreviewed
3288,宅女,宅女,2,tencent_ai_lab_chinese_embedding_light_mirror_mvp,0.09265204,3288,0.51757767,2703,0.45698255,4248,老婆,社会比较与人生进度,unreviewed
3289,课上,课上,2,tencent_ai_lab_chinese_embedding_light_mirror_mvp,0.09251032,3289,0.51567981,2793,0.51744437,2629,同桌,校园恋爱,unreviewed
3290,拖鞋,拖鞋,2,tencent_ai_lab_chinese_embedding_light_mirror_mvp,0.09242572,3290,0.51831851,2673,0.44223076,4511,牵手,婚恋,unreviewed
3291,打骂,打骂,2,tencent_ai_lab_chinese_embedding_light_mirror_mvp,0.09240452,3291,0.51741252,2712,0.51207119,2783,被追,社会比较与人生进度,unreviewed
3292,爱玩,爱玩,2,tencent_ai_lab_chinese_embedding_light_mirror_mvp,0.09233826,3292,0.4928175,4130,0.56368625,1494,恋爱,恋爱核心,unreviewed
3293,换位思考,换位思考,4,tencent_ai_lab_chinese_embedding_light_mirror_mvp,0.09232672,3293,0.51709168,2725,0.48090667,3675,追求,社会比较与人生进度,unreviewed
3294,爱笑,爱笑,2,tencent_ai_lab_chinese_embedding_light_mirror_mvp,0.09230967,3294,0.48314386,4872,0.59375,1035,爱情,恋爱核心,manual_reject
3295,童年时,童年时,3,tencent_ai_lab_chinese_embedding_light_mirror_mvp,0.09220988,3295,0.51727391,2716,0.51061761,2830,青春,社会比较与人生进度,unreviewed
3296,心智,心智,2,tencent_ai_lab_chinese_embedding_light_mirror_mvp,0.09219317,3296,0.51710768,2723,0.48837477,3459,感情史,社会比较与人生进度,unreviewed
3297,谈论,谈论,2,tencent_ai_lab_chinese_embedding_light_mirror_mvp,0.09207918,3297,0.49397138,4051,0.56037962,1555,对象,约会,unreviewed
3298,孕期,孕期,2,tencent_ai_lab_chinese_embedding_light_mirror_mvp,0.09192767,3298,0.50586842,3328,0.53480941,2156,老公,婚恋,unreviewed
3299,献身,献身,2,tencent_ai_lab_chinese_embedding_light_mirror_mvp,0.0919232,3299,0.50050246,3626,0.54505044,1894,单身,表白与追求,unreviewed
3300,碧池,碧池,2,tencent_ai_lab_chinese_embedding_light_mirror_mvp,0.09185638,3300,0.52828131,2303,0.36597115,4991,初恋,表白与追求,manual_reject
3301,人们,人们,2,tencent_ai_lab_chinese_embedding_light_mirror_mvp,0.09184366,3301,0.48396176,4809,0.59069228,1083,同龄人,社会比较与人生进度,unreviewed
3302,捉弄,捉弄,2,tencent_ai_lab_chinese_embedding_light_mirror_mvp,0.09179696,3302,0.51708665,2727,0.50142986,3101,被追,表白与追求,unreviewed
3303,期待,期待,2,tencent_ai_lab_chinese_embedding_light_mirror_mvp,0.09177384,3303,0.49653522,3876,0.55366278,1693,追求,社会比较与人生进度,unreviewed
3304,肉麻,肉麻,2,tencent_ai_lab_chinese_embedding_light_mirror_mvp,0.09176275,3304,0.51882868,2654,0.43416083,4616,约饭,亲密行为,unreviewed
3305,这人,这人,2,tencent_ai_lab_chinese_embedding_light_mirror_mvp,0.09157562,3305,0.48706086,4548,0.57980382,1243,喜欢的人,社会比较与人生进度,unreviewed
3306,小孩子,小孩子,3,tencent_ai_lab_chinese_embedding_light_mirror_mvp,0.09136429,3306,0.51708163,2728,0.46215463,4144,青春,社会比较与人生进度,unreviewed
3307,孤寂,孤寂,2,tencent_ai_lab_chinese_embedding_light_mirror_mvp,0.0913455,3307,0.48762606,4505,0.57771993,1272,单身,单身与脱单,unreviewed
3308,读研,读研,2,tencent_ai_lab_chinese_embedding_light_mirror_mvp,0.09133934,3308,0.50346656,3445,0.53818679,2058,追求,表白与追求,unreviewed
3309,那个,那个,2,tencent_ai_lab_chinese_embedding_light_mirror_mvp,0.0912433,3309,0.51623633,2764,0.51548618,2690,追求,表白与追求,unreviewed
3310,一事无成,一事无成,4,tencent_ai_lab_chinese_embedding_light_mirror_mvp,0.0912074,3310,0.51703761,2730,0.50709093,2930,没有对象,社会比较与人生进度,unreviewed
3311,当今社会,当今社会,4,tencent_ai_lab_chinese_embedding_light_mirror_mvp,0.09120323,3311,0.51703151,2731,0.50514758,2986,人生阶段,社会比较与人生进度,unreviewed
3312,认干,认干,2,tencent_ai_lab_chinese_embedding_light_mirror_mvp,0.09116027,3312,0.51877644,2656,0.43256256,4637,订婚,社会比较与人生进度,unreviewed
3313,厌倦,厌倦,2,tencent_ai_lab_chinese_embedding_light_mirror_mvp,0.0911402,3313,0.5116106,3009,0.52347738,2464,散步,社会比较与人生进度,unreviewed
3314,事过境迁,事过境迁,4,tencent_ai_lab_chinese_embedding_light_mirror_mvp,0.09112892,3314,0.51704003,2729,0.51380426,2741,感情史,社会比较与人生进度,unreviewed
3315,十年后,十年后,3,tencent_ai_lab_chinese_embedding_light_mirror_mvp,0.09106926,3315,0.50408746,3405,0.53666645,2100,落后,社会比较与人生进度,unreviewed
3316,合租,合租,2,tencent_ai_lab_chinese_embedding_light_mirror_mvp,0.09097106,3316,0.51425979,2865,0.51853704,2600,订婚,约会,unreviewed
3317,无感,无感,2,tencent_ai_lab_chinese_embedding_light_mirror_mvp,0.09093449,3317,0.4887044,4422,0.57368839,1326,感情史,社会比较与人生进度,unreviewed
3318,体现出,体现出,3,tencent_ai_lab_chinese_embedding_light_mirror_mvp,0.09092715,3318,0.49639853,3885,0.55308485,1703,落后,社会比较与人生进度,unreviewed
3319,满足感,满足感,3,tencent_ai_lab_chinese_embedding_light_mirror_mvp,0.09085855,3319,0.50795031,3216,0.53029042,2289,落后,社会比较与人生进度,unreviewed
3320,骑行,骑行,2,tencent_ai_lab_chinese_embedding_light_mirror_mvp,0.09085481,3320,0.51076528,3055,0.52475679,2429,散步,约会,unreviewed
3321,扒姐,扒姐,2,tencent_ai_lab_chinese_embedding_light_mirror_mvp,0.09079724,3321,0.51717708,2719,0.4521575,4351,脱单,亲密行为,unreviewed
3322,人时,人时,2,tencent_ai_lab_chinese_embedding_light_mirror_mvp,0.09075258,3322,0.48358825,4835,0.59054035,1087,人生阶段,社会比较与人生进度,unreviewed
3323,要去,要去,2,tencent_ai_lab_chinese_embedding_light_mirror_mvp,0.09072661,3323,0.4996787,3674,0.54543781,1877,被追,表白与追求,unreviewed
3324,随和,随和,2,tencent_ai_lab_chinese_embedding_light_mirror_mvp,0.09068606,3324,0.51666837,2744,0.48995489,3425,约饭,约会,unreviewed
3325,活得,活得,2,tencent_ai_lab_chinese_embedding_light_mirror_mvp,0.09067969,3325,0.50297658,3472,0.538553,2051,人生阶段,社会比较与人生进度,unreviewed
3326,相称,相称,2,tencent_ai_lab_chinese_embedding_light_mirror_mvp,0.09065295,3326,0.50820628,3200,0.52953899,2307,对象,亲密行为,unreviewed
3327,天真无邪,天真无邪,4,tencent_ai_lab_chinese_embedding_light_mirror_mvp,0.09060335,3327,0.51709912,2724,0.45333183,4329,亲密,亲密行为,unreviewed
3328,人母,人母,2,tencent_ai_lab_chinese_embedding_light_mirror_mvp,0.09051907,3328,0.50961504,3123,0.52675146,2378,母胎单身,社会比较与人生进度,unreviewed
3329,综艺节目,综艺节目,4,tencent_ai_lab_chinese_embedding_light_mirror_mvp,0.09036517,3329,0.51286434,2951,0.52072567,2537,约会,约会,unreviewed
3330,相比,相比,2,tencent_ai_lab_chinese_embedding_light_mirror_mvp,0.09018394,3330,0.50604166,3318,0.53293538,2208,对象,社会比较与人生进度,unreviewed
3331,能干,能干,2,tencent_ai_lab_chinese_embedding_light_mirror_mvp,0.09013807,3331,0.5177034,2695,0.44055259,4533,对象,社会比较与人生进度,unreviewed
3332,紧身裤,紧身裤,3,tencent_ai_lab_chinese_embedding_light_mirror_mvp,0.09011709,3332,0.51649928,2752,0.46724296,4042,单身,亲密行为,unreviewed
3333,无止境,无止境,3,tencent_ai_lab_chinese_embedding_light_mirror_mvp,0.09003008,3333,0.51098404,3043,0.52368724,2462,没有对象,社会比较与人生进度,unreviewed
3334,健身运动,健身运动,4,tencent_ai_lab_chinese_embedding_light_mirror_mvp,0.08993184,3334,0.51660098,2746,0.50757289,2919,散步,约会,unreviewed
3335,我娃,我娃,2,tencent_ai_lab_chinese_embedding_light_mirror_mvp,0.08977049,3335,0.51642104,2755,0.48721647,3497,老公,社会比较与人生进度,unreviewed
3336,褂子,褂子,2,tencent_ai_lab_chinese_embedding_light_mirror_mvp,0.08975428,3336,0.51490608,2831,0.5164507,2665,校服,婚恋,unreviewed
3337,找个,找个,2,tencent_ai_lab_chinese_embedding_light_mirror_mvp,0.08973448,3337,0.49166392,4210,0.56392497,1489,追求,表白与追求,unreviewed
3338,大发雷霆,大发雷霆,4,tencent_ai_lab_chinese_embedding_light_mirror_mvp,0.08970153,3338,0.52170566,2519,0.39898205,4913,前男友,社会比较与人生进度,manual_reject
3339,徒弟,徒弟,2,tencent_ai_lab_chinese_embedding_light_mirror_mvp,0.08960386,3339,0.51631367,2760,0.48513401,3565,伴侣,社会比较与人生进度,unreviewed
3340,完美,完美,2,tencent_ai_lab_chinese_embedding_light_mirror_mvp,0.08957336,3340,0.50405172,3407,0.53550553,2138,亲密,亲密行为,unreviewed
3341,清晨,清晨,2,tencent_ai_lab_chinese_embedding_light_mirror_mvp,0.08941408,3341,0.51092604,3046,0.52312952,2472,早恋,表白与追求,unreviewed
3342,不敌,不敌,2,tencent_ai_lab_chinese_embedding_light_mirror_mvp,0.08940786,3342,0.51627412,2763,0.48607698,3541,落后,社会比较与人生进度,unreviewed
3343,赶紧,赶紧,2,tencent_ai_lab_chinese_embedding_light_mirror_mvp,0.08937938,3343,0.48390783,4815,0.58802122,1123,被追,表白与追求,unreviewed
3344,操劳,操劳,2,tencent_ai_lab_chinese_embedding_light_mirror_mvp,0.08933939,3344,0.51618352,2766,0.47346687,3891,散步,表白与追求,unreviewed
3345,可能,可能,2,tencent_ai_lab_chinese_embedding_light_mirror_mvp,0.08920179,3345,0.50683026,3274,0.5306958,2275,对象,社会比较与人生进度,unreviewed
3346,完美女人,完美女人,4,tencent_ai_lab_chinese_embedding_light_mirror_mvp,0.08918749,3346,0.51045476,3071,0.52385592,2457,女朋友,对象关系,unreviewed
3347,不可能,不可能,3,tencent_ai_lab_chinese_embedding_light_mirror_mvp,0.08917101,3347,0.50602106,3319,0.5322063,2236,没有对象,社会比较与人生进度,unreviewed
3348,兴趣爱好,兴趣爱好,4,tencent_ai_lab_chinese_embedding_light_mirror_mvp,0.0891507,3348,0.51639642,2757,0.50252545,3059,喜欢的人,社会比较与人生进度,unreviewed
3349,逆转,逆转,2,tencent_ai_lab_chinese_embedding_light_mirror_mvp,0.08914073,3349,0.51690359,2738,0.45137477,4361,落后,社会比较与人生进度,unreviewed
3350,精益求精,精益求精,4,tencent_ai_lab_chinese_embedding_light_mirror_mvp,0.08909613,3350,0.51419178,2869,0.5170666,2645,追求,社会比较与人生进度,unreviewed
3351,想说,想说,2,tencent_ai_lab_chinese_embedding_light_mirror_mvp,0.08903332,3351,0.50031227,3642,0.54275411,1947,追求,表白与追求,unreviewed
3352,小家,小家,2,tencent_ai_lab_chinese_embedding_light_mirror_mvp,0.08897594,3352,0.51609416,2768,0.47599751,3813,老公,婚恋,unreviewed
3353,法官,法官,2,tencent_ai_lab_chinese_embedding_light_mirror_mvp,0.08892663,3353,0.51737275,2714,0.44147128,4521,对象,婚恋,unreviewed
3354,累了,累了,2,tencent_ai_lab_chinese_embedding_light_mirror_mvp,0.08887806,3354,0.50395617,3418,0.53517544,2146,散步,社会比较与人生进度,unreviewed
3355,哭诉,哭诉,2,tencent_ai_lab_chinese_embedding_light_mirror_mvp,0.0887658,3355,0.50270156,3492,0.53743869,2081,告白,表白与追求,unreviewed
3356,音乐会,音乐会,3,tencent_ai_lab_chinese_embedding_light_mirror_mvp,0.08861068,3356,0.48159035,4998,0.59452641,1025,约会,约会,manual_review
3357,享福,享福,2,tencent_ai_lab_chinese_embedding_light_mirror_mvp,0.0885453,3357,0.50127378,3578,0.54029477,2016,拥抱,社会比较与人生进度,unreviewed
3358,托付,托付,2,tencent_ai_lab_chinese_embedding_light_mirror_mvp,0.08849929,3358,0.51603817,2773,0.48444626,3579,拥抱,婚恋,unreviewed
3359,发财,发财,2,tencent_ai_lab_chinese_embedding_light_mirror_mvp,0.08847945,3359,0.51594322,2775,0.47468781,3851,老公,表白与追求,unreviewed
3360,而又,而又,2,tencent_ai_lab_chinese_embedding_light_mirror_mvp,0.08843007,3360,0.51247129,2968,0.51970166,2572,被追,社会比较与人生进度,unreviewed
3361,喂食,喂食,2,tencent_ai_lab_chinese_embedding_light_mirror_mvp,0.0882379,3361,0.49142402,4226,0.56289327,1508,约饭,约会,unreviewed
3362,确定,确定,2,tencent_ai_lab_chinese_embedding_light_mirror_mvp,0.08817485,3362,0.50930126,3147,0.52529228,2414,对象,社会比较与人生进度,unreviewed
3363,忘年交,忘年交,3,tencent_ai_lab_chinese_embedding_light_mirror_mvp,0.08816874,3363,0.51588253,2781,0.473005,3903,感情史,社会比较与人生进度,unreviewed
3364,小朱,小朱,2,tencent_ai_lab_chinese_embedding_light_mirror_mvp,0.08812284,3364,0.51609356,2769,0.46260217,4134,老公,表白与追求,unreviewed
3365,男演员,男演员,3,tencent_ai_lab_chinese_embedding_light_mirror_mvp,0.08809046,3365,0.49683682,3852,0.54904675,1791,男朋友,对象关系,unreviewed
3366,不幸,不幸,2,tencent_ai_lab_chinese_embedding_light_mirror_mvp,0.08792458,3366,0.49257905,4150,0.55974406,1572,落后,社会比较与人生进度,unreviewed
3367,性能力,性能力,3,tencent_ai_lab_chinese_embedding_light_mirror_mvp,0.08779731,3367,0.51598254,2774,0.50687724,2941,丈夫,社会比较与人生进度,unreviewed
3368,自我挫败,自我挫败,4,tencent_ai_lab_chinese_embedding_light_mirror_mvp,0.08777876,3368,0.51585943,2783,0.49151671,3390,错过青春,社会比较与人生进度,unreviewed
3369,已逝,已逝,2,tencent_ai_lab_chinese_embedding_light_mirror_mvp,0.08763105,3369,0.51028936,3081,0.52258426,2483,老公,社会比较与人生进度,unreviewed
3370,白裙,白裙,2,tencent_ai_lab_chinese_embedding_light_mirror_mvp,0.0875511,3370,0.51352634,2910,0.51700187,2648,告白,表白与追求,unreviewed
3371,心死,心死,2,tencent_ai_lab_chinese_embedding_light_mirror_mvp,0.08753591,3371,0.51590593,2777,0.5089764,2883,感情史,表白与追求,unreviewed
3372,神补刀,神补刀,3,tencent_ai_lab_chinese_embedding_light_mirror_mvp,0.0873683,3372,0.53088493,2202,0.34152207,4999,前男友,表白与追求,manual_reject
3373,入狱,入狱,2,tencent_ai_lab_chinese_embedding_light_mirror_mvp,0.08736203,3373,0.5156845,2792,0.47190881,3934,脱单,社会比较与人生进度,unreviewed
3374,临终前,临终前,3,tencent_ai_lab_chinese_embedding_light_mirror_mvp,0.08717742,3374,0.51571668,2789,0.49044323,3412,前任,恋爱历史,unreviewed
3375,天真,天真,2,tencent_ai_lab_chinese_embedding_light_mirror_mvp,0.0870096,3375,0.51755881,2704,0.43156713,4648,亲密,社会比较与人生进度,unreviewed
3376,愿意,愿意,2,tencent_ai_lab_chinese_embedding_light_mirror_mvp,0.08683515,3376,0.4989035,3720,0.54337621,1933,喜欢的人,表白与追求,unreviewed
3377,就去,就去,2,tencent_ai_lab_chinese_embedding_light_mirror_mvp,0.08668112,3377,0.49940474,3691,0.54227626,1963,约会,约会,unreviewed
3378,了吗,了吗,2,tencent_ai_lab_chinese_embedding_light_mirror_mvp,0.08663041,3378,0.5137692,2892,0.51558638,2687,被追,表白与追求,unreviewed
3379,六十多岁,六十多岁,4,tencent_ai_lab_chinese_embedding_light_mirror_mvp,0.08661076,3379,0.48951108,4365,0.56633365,1444,同龄人,社会比较与人生进度,unreviewed
3380,毕竟,毕竟,2,tencent_ai_lab_chinese_embedding_light_mirror_mvp,0.08660062,3380,0.50804895,3211,0.52597129,2394,落后,社会比较与人生进度,unreviewed
3381,丝袜,丝袜,2,tencent_ai_lab_chinese_embedding_light_mirror_mvp,0.08652418,3381,0.5207872,2560,0.39909378,4911,亲密,亲密行为,manual_review
3382,三哥,三哥,2,tencent_ai_lab_chinese_embedding_light_mirror_mvp,0.08650709,3382,0.5190467,2645,0.41554978,4809,男朋友,社会比较与人生进度,unreviewed
3383,欢乐时光,欢乐时光,4,tencent_ai_lab_chinese_embedding_light_mirror_mvp,0.08624905,3383,0.51547157,2802,0.49109733,3397,喜欢的人,社会比较与人生进度,unreviewed
3384,抗拒,抗拒,2,tencent_ai_lab_chinese_embedding_light_mirror_mvp,0.08615945,3384,0.4949013,3989,0.55187392,1729,被追,表白与追求,unreviewed
3385,丹哥,丹哥,2,tencent_ai_lab_chinese_embedding_light_mirror_mvp,0.08613247,3385,0.51936544,2633,0.41202527,4834,亲密,社会比较与人生进度,unreviewed
3386,乐观主义,乐观主义,4,tencent_ai_lab_chinese_embedding_light_mirror_mvp,0.08594785,3386,0.51850197,2664,0.41845804,4781,拥抱,社会比较与人生进度,unreviewed
3387,身患,身患,2,tencent_ai_lab_chinese_embedding_light_mirror_mvp,0.08561858,3387,0.51534649,2810,0.48342216,3602,单身,社会比较与人生进度,unreviewed
3388,偏好,偏好,2,tencent_ai_lab_chinese_embedding_light_mirror_mvp,0.08561513,3388,0.50648483,3294,0.52802604,2348,落后,社会比较与人生进度,unreviewed
3389,时过境迁,时过境迁,4,tencent_ai_lab_chinese_embedding_light_mirror_mvp,0.08559929,3389,0.51545361,2803,0.50557315,2975,人生阶段,社会比较与人生进度,unreviewed
3390,坚持不懈,坚持不懈,4,tencent_ai_lab_chinese_embedding_light_mirror_mvp,0.08555034,3390,0.50083709,3605,0.53804576,2060,追求,社会比较与人生进度,unreviewed
3391,更进一步,更进一步,4,tencent_ai_lab_chinese_embedding_light_mirror_mvp,0.08547096,3391,0.50995882,3103,0.52134442,2521,被追,社会比较与人生进度,unreviewed
3392,撕书,撕书,2,tencent_ai_lab_chinese_embedding_light_mirror_mvp,0.0854127,3392,0.51581472,2784,0.44983035,4395,感情史,表白与追求,unreviewed
3393,偷吃,偷吃,2,tencent_ai_lab_chinese_embedding_light_mirror_mvp,0.08535885,3393,0.51294174,2943,0.5160678,2675,被追,表白与追求,unreviewed
3394,就好,就好,2,tencent_ai_lab_chinese_embedding_light_mirror_mvp,0.08531243,3394,0.50674061,3278,0.52709991,2367,对象,社会比较与人生进度,unreviewed
3395,男女平等,男女平等,4,tencent_ai_lab_chinese_embedding_light_mirror_mvp,0.08528162,3395,0.4925393,4155,0.55690485,1623,对象,社会比较与人生进度,unreviewed
3396,旧衣服,旧衣服,3,tencent_ai_lab_chinese_embedding_light_mirror_mvp,0.08527253,3396,0.49597543,3917,0.54830128,1804,校服,婚恋,unreviewed
3397,学校食堂,学校食堂,4,tencent_ai_lab_chinese_embedding_light_mirror_mvp,0.08514623,3397,0.49048151,4291,0.56176126,1523,校服,校园恋爱,unreviewed
3398,年年岁岁,年年岁岁,4,tencent_ai_lab_chinese_embedding_light_mirror_mvp,0.08514532,3398,0.48269188,4910,0.5865137,1137,同龄人,社会比较与人生进度,manual_reject
3399,懂你,懂你,2,tencent_ai_lab_chinese_embedding_light_mirror_mvp,0.08484065,3399,0.51523376,2814,0.50210714,3072,告白,表白与追求,unreviewed
3400,迈进,迈进,2,tencent_ai_lab_chinese_embedding_light_mirror_mvp,0.08483383,3400,0.49082204,4268,0.56060177,1548,散步,社会比较与人生进度,unreviewed
3401,豪情,豪情,2,tencent_ai_lab_chinese_embedding_light_mirror_mvp,0.0847276,3401,0.4964076,3883,0.5465253,1842,爱情,表白与追求,unreviewed
3402,那时,那时,2,tencent_ai_lab_chinese_embedding_light_mirror_mvp,0.0847144,3402,0.51501043,2824,0.49503851,3297,前任,社会比较与人生进度,unreviewed
3403,避孕,避孕,2,tencent_ai_lab_chinese_embedding_light_mirror_mvp,0.08454954,3403,0.50715389,3252,0.52553844,2410,接吻,单身与脱单,unreviewed
3404,感觉,感觉,2,tencent_ai_lab_chinese_embedding_light_mirror_mvp,0.08454025,3404,0.49146898,4221,0.55855632,1589,感情史,社会比较与人生进度,unreviewed
3405,暴力行为,暴力行为,4,tencent_ai_lab_chinese_embedding_light_mirror_mvp,0.08449812,3405,0.51515054,2816,0.46182138,4151,被追,表白与追求,unreviewed
3406,酒吧,酒吧,2,tencent_ai_lab_chinese_embedding_light_mirror_mvp,0.08445129,3406,0.51492236,2827,0.48043627,3690,约会,约会,unreviewed
3407,事实上,事实上,3,tencent_ai_lab_chinese_embedding_light_mirror_mvp,0.08434224,3407,0.5149197,2829,0.49195486,3380,追求,社会比较与人生进度,unreviewed
3408,责任感,责任感,3,tencent_ai_lab_chinese_embedding_light_mirror_mvp,0.08420223,3408,0.5137733,2891,0.51339394,2754,前任,社会比较与人生进度,unreviewed
3409,孕妈,孕妈,2,tencent_ai_lab_chinese_embedding_light_mirror_mvp,0.08411383,3409,0.49907504,3707,0.54037148,2014,母胎单身,婚恋,unreviewed
3410,开衫,开衫,2,tencent_ai_lab_chinese_embedding_light_mirror_mvp,0.08410499,3410,0.51491532,2830,0.49013054,3420,校服,社会比较与人生进度,unreviewed
3411,厌烦,厌烦,2,tencent_ai_lab_chinese_embedding_light_mirror_mvp,0.08406923,3411,0.51487204,2833,0.49574637,3278,落后,社会比较与人生进度,unreviewed
3412,心里话,心里话,3,tencent_ai_lab_chinese_embedding_light_mirror_mvp,0.08385462,3412,0.50938781,3141,0.52093595,2528,喜欢的人,表白与追求,unreviewed
3413,复习功课,复习功课,4,tencent_ai_lab_chinese_embedding_light_mirror_mvp,0.08378103,3413,0.51483147,2840,0.47102699,3956,恋爱经验,社会比较与人生进度,unreviewed
3414,并非,并非,2,tencent_ai_lab_chinese_embedding_light_mirror_mvp,0.08378009,3414,0.49550686,3947,0.54769528,1813,落后,社会比较与人生进度,unreviewed
3415,喜讯,喜讯,2,tencent_ai_lab_chinese_embedding_light_mirror_mvp,0.08377455,3415,0.49168798,4208,0.55728471,1618,喜欢的人,表白与追求,unreviewed
3416,世事,世事,2,tencent_ai_lab_chinese_embedding_light_mirror_mvp,0.08369912,3416,0.51483397,2838,0.49594641,3271,感情史,社会比较与人生进度,unreviewed
3417,要有,要有,2,tencent_ai_lab_chinese_embedding_light_mirror_mvp,0.08367368,3417,0.4855926,4669,0.57490188,1309,追求,表白与追求,unreviewed
3418,排斥,排斥,2,tencent_ai_lab_chinese_embedding_light_mirror_mvp,0.08367314,3418,0.50739388,3237,0.52423894,2447,被追,社会比较与人生进度,unreviewed
3419,买了,买了,2,tencent_ai_lab_chinese_embedding_light_mirror_mvp,0.08359213,3419,0.50286771,3478,0.53231943,2230,订婚,表白与追求,unreviewed
3420,划清界限,划清界限,4,tencent_ai_lab_chinese_embedding_light_mirror_mvp,0.08358971,3420,0.5153476,2809,0.44959861,4402,脱单,社会比较与人生进度,unreviewed
3421,片场,片场,2,tencent_ai_lab_chinese_embedding_light_mirror_mvp,0.08355911,3421,0.51340169,2917,0.51362169,2749,看电影,约会,unreviewed
3422,过年,过年,2,tencent_ai_lab_chinese_embedding_light_mirror_mvp,0.08347868,3422,0.51483979,2835,0.50187045,3088,约会,社会比较与人生进度,unreviewed
3423,不料,不料,2,tencent_ai_lab_chinese_embedding_light_mirror_mvp,0.0834339,3423,0.49449117,4021,0.54994917,1765,落后,表白与追求,unreviewed
3424,现实问题,现实问题,4,tencent_ai_lab_chinese_embedding_light_mirror_mvp,0.08341841,3424,0.50077132,3609,0.53624868,2115,对象,社会比较与人生进度,unreviewed
3425,吃喝嫖赌,吃喝嫖赌,4,tencent_ai_lab_chinese_embedding_light_mirror_mvp,0.08329394,3425,0.51483455,2837,0.50194669,3083,约饭,约会,unreviewed
3426,社群,社群,2,tencent_ai_lab_chinese_embedding_light_mirror_mvp,0.08329167,3426,0.50365106,3434,0.53057843,2278,同龄人,社会比较与人生进度,unreviewed
3427,放松,放松,2,tencent_ai_lab_chinese_embedding_light_mirror_mvp,0.08327134,3427,0.4849998,4724,0.57657087,1284,散步,亲密行为,unreviewed
3428,坚定,坚定,2,tencent_ai_lab_chinese_embedding_light_mirror_mvp,0.08300321,3428,0.49770902,3801,0.54229784,1962,追求,表白与追求,unreviewed
3429,很忙,很忙,2,tencent_ai_lab_chinese_embedding_light_mirror_mvp,0.0829676,3429,0.49298376,4120,0.5530926,1701,亲密,社会比较与人生进度,unreviewed
3430,并不,并不,2,tencent_ai_lab_chinese_embedding_light_mirror_mvp,0.08295317,3430,0.4899455,4326,0.56065798,1547,没有对象,社会比较与人生进度,unreviewed
3431,就是,就是,2,tencent_ai_lab_chinese_embedding_light_mirror_mvp,0.08282908,3431,0.51463969,2847,0.49659806,3242,追求,社会比较与人生进度,unreviewed
3432,交个,交个,2,tencent_ai_lab_chinese_embedding_light_mirror_mvp,0.08277947,3432,0.49744685,3819,0.5425992,1951,被追,社会比较与人生进度,unreviewed
3433,新买,新买,2,tencent_ai_lab_chinese_embedding_light_mirror_mvp,0.08276841,3433,0.49676286,3859,0.54404867,1919,订婚,社会比较与人生进度,unreviewed
3434,女权,女权,2,tencent_ai_lab_chinese_embedding_light_mirror_mvp,0.08276043,3434,0.49258935,4148,0.55388331,1685,女朋友,婚恋,unreviewed
3435,特质,特质,2,tencent_ai_lab_chinese_embedding_light_mirror_mvp,0.08275914,3435,0.51453165,2849,0.48378509,3594,亲密,社会比较与人生进度,unreviewed
3436,志向,志向,2,tencent_ai_lab_chinese_embedding_light_mirror_mvp,0.08271903,3436,0.51451782,2850,0.4838835,3593,追求,社会比较与人生进度,unreviewed
3437,苦苦哀求,苦苦哀求,4,tencent_ai_lab_chinese_embedding_light_mirror_mvp,0.08264541,3437,0.48219504,4941,0.58485311,1169,追求,表白与追求,manual_review
3438,到家,到家,2,tencent_ai_lab_chinese_embedding_light_mirror_mvp,0.08253295,3438,0.49494703,3984,0.54768151,1814,结婚,约会,unreviewed
3439,品味,品味,2,tencent_ai_lab_chinese_embedding_light_mirror_mvp,0.08243966,3439,0.49687639,3846,0.54325616,1936,追求,表白与追求,unreviewed
3440,叫他,叫他,2,tencent_ai_lab_chinese_embedding_light_mirror_mvp,0.08243416,3440,0.5005005,3628,0.53586233,2124,男朋友,表白与追求,unreviewed
3441,安心工作,安心工作,4,tencent_ai_lab_chinese_embedding_light_mirror_mvp,0.08240829,3441,0.51488837,2832,0.453385,4327,追求,社会比较与人生进度,unreviewed
3442,三年级,三年级,3,tencent_ai_lab_chinese_embedding_light_mirror_mvp,0.0823328,3442,0.51549813,2800,0.44122857,4523,青春,社会比较与人生进度,unreviewed
3443,家教,家教,2,tencent_ai_lab_chinese_embedding_light_mirror_mvp,0.08231551,3443,0.51692196,2737,0.42421311,4724,老公,婚恋,unreviewed
3444,终将,终将,2,tencent_ai_lab_chinese_embedding_light_mirror_mvp,0.08228251,3444,0.51240296,2972,0.51413202,2731,落后,表白与追求,unreviewed
3445,女人帮,女人帮,3,tencent_ai_lab_chinese_embedding_light_mirror_mvp,0.08219539,3445,0.48220454,4940,0.58418673,1177,女朋友,对象关系,manual_reject
3446,并不等于,并不等于,4,tencent_ai_lab_chinese_embedding_light_mirror_mvp,0.08217185,3446,0.48881083,4411,0.56299192,1506,落后,社会比较与人生进度,unreviewed
3447,本来,本来,2,tencent_ai_lab_chinese_embedding_light_mirror_mvp,0.08212908,3447,0.51448994,2852,0.46478382,4084,前男友,社会比较与人生进度,unreviewed
3448,一万块,一万块,3,tencent_ai_lab_chinese_embedding_light_mirror_mvp,0.08208372,3448,0.5158978,2778,0.43372965,4624,第一次约会,社会比较与人生进度,unreviewed
3449,想得到,想得到,3,tencent_ai_lab_chinese_embedding_light_mirror_mvp,0.08205882,3449,0.4873161,4529,0.56722605,1426,追求,表白与追求,unreviewed
3450,认为,认为,2,tencent_ai_lab_chinese_embedding_light_mirror_mvp,0.08204621,3450,0.51449349,2851,0.50951791,2867,对象,社会比较与人生进度,unreviewed
3451,席间,席间,2,tencent_ai_lab_chinese_embedding_light_mirror_mvp,0.08202742,3451,0.49712911,3831,0.54234147,1960,约会,约会,unreviewed
3452,而非,而非,2,tencent_ai_lab_chinese_embedding_light_mirror_mvp,0.08199221,3452,0.50902504,3159,0.51990849,2565,落后,社会比较与人生进度,unreviewed
3453,也许是,也许是,3,tencent_ai_lab_chinese_embedding_light_mirror_mvp,0.08198812,3453,0.5007471,3611,0.5348959,2151,对象,社会比较与人生进度,unreviewed
3454,暴富,暴富,2,tencent_ai_lab_chinese_embedding_light_mirror_mvp,0.08196742,3454,0.51446027,2854,0.46362829,4114,被追,表白与追求,unreviewed
3455,卧谈,卧谈,2,tencent_ai_lab_chinese_embedding_light_mirror_mvp,0.08187298,3455,0.514299,2861,0.48899549,3452,没谈过恋爱,约会,unreviewed
3456,素芳,素芳,2,tencent_ai_lab_chinese_embedding_light_mirror_mvp,0.08176001,3456,0.51903567,2648,0.40368497,4881,拥抱,社会比较与人生进度,unreviewed
3457,惆怅,惆怅,2,tencent_ai_lab_chinese_embedding_light_mirror_mvp,0.08170051,3457,0.50224093,3520,0.53178132,2243,暗恋,表白与追求,unreviewed
3458,该生,该生,2,tencent_ai_lab_chinese_embedding_light_mirror_mvp,0.08159629,3458,0.50855805,3181,0.52024293,2554,人生阶段,社会比较与人生进度,unreviewed
3459,同甘共苦,同甘共苦,4,tencent_ai_lab_chinese_embedding_light_mirror_mvp,0.08159248,3459,0.51425862,2866,0.48681206,3514,同桌,表白与追求,unreviewed
3460,强烈,强烈,2,tencent_ai_lab_chinese_embedding_light_mirror_mvp,0.08148533,3460,0.49197937,4188,0.55390811,1684,亲密,表白与追求,unreviewed
3461,首映,首映,2,tencent_ai_lab_chinese_embedding_light_mirror_mvp,0.0814851,3461,0.48618937,4621,0.57030886,1384,看电影,社会比较与人生进度,unreviewed
3462,仍然,仍然,2,tencent_ai_lab_chinese_embedding_light_mirror_mvp,0.08148472,3462,0.48558846,4670,0.57211453,1350,落后,社会比较与人生进度,unreviewed
3463,补习,补习,2,tencent_ai_lab_chinese_embedding_light_mirror_mvp,0.08147963,3463,0.50927356,3148,0.51904166,2590,追求,社会比较与人生进度,unreviewed
3464,活好,活好,2,tencent_ai_lab_chinese_embedding_light_mirror_mvp,0.08140965,3464,0.51417058,2870,0.49380779,3331,人生阶段,社会比较与人生进度,unreviewed
3465,这部,这部,2,tencent_ai_lab_chinese_embedding_light_mirror_mvp,0.08130301,3465,0.51427237,2863,0.4637444,4110,被追,社会比较与人生进度,unreviewed
3466,多妈,多妈,2,tencent_ai_lab_chinese_embedding_light_mirror_mvp,0.08126202,3466,0.51415906,2872,0.49525362,3291,母胎单身,单身与脱单,unreviewed
3467,吃宵夜,吃宵夜,3,tencent_ai_lab_chinese_embedding_light_mirror_mvp,0.08122327,3467,0.51416372,2871,0.47693941,3780,约饭,约会,unreviewed
3468,审美标准,审美标准,4,tencent_ai_lab_chinese_embedding_light_mirror_mvp,0.08121536,3468,0.51632054,2759,0.42616624,4702,落后,社会比较与人生进度,unreviewed
3469,一切,一切,2,tencent_ai_lab_chinese_embedding_light_mirror_mvp,0.08120975,3469,0.5091291,3153,0.51891661,2591,亲密,亲密行为,unreviewed
3470,责任心,责任心,3,tencent_ai_lab_chinese_embedding_light_mirror_mvp,0.08119052,3470,0.5142663,2864,0.50971961,2863,前任,亲密行为,unreviewed
3471,好要,好要,2,tencent_ai_lab_chinese_embedding_light_mirror_mvp,0.08118437,3471,0.50253284,3499,0.53064716,2276,追求,表白与追求,unreviewed
3472,哎呀,哎呀,2,tencent_ai_lab_chinese_embedding_light_mirror_mvp,0.08117146,3472,0.51412488,2874,0.46919215,3998,恋情,社会比较与人生进度,unreviewed
3473,过心,过心,2,tencent_ai_lab_chinese_embedding_light_mirror_mvp,0.08091728,3473,0.50023452,3645,0.53491604,2150,错过青春,社会比较与人生进度,unreviewed
3474,考上,考上,2,tencent_ai_lab_chinese_embedding_light_mirror_mvp,0.08082998,3474,0.51020766,3089,0.51658094,2662,被追,社会比较与人生进度,unreviewed
3475,婉拒,婉拒,2,tencent_ai_lab_chinese_embedding_light_mirror_mvp,0.08076769,3475,0.49916958,3704,0.53666902,2099,表白,表白与追求,unreviewed
3476,人类,人类,2,tencent_ai_lab_chinese_embedding_light_mirror_mvp,0.0807475,3476,0.49907267,3708,0.53680688,2096,人生阶段,社会比较与人生进度,unreviewed
3477,太过,太过,2,tencent_ai_lab_chinese_embedding_light_mirror_mvp,0.08068808,3477,0.48690248,4562,0.56676126,1432,错过青春,社会比较与人生进度,unreviewed
3478,想起,想起,2,tencent_ai_lab_chinese_embedding_light_mirror_mvp,0.08067172,3478,0.51276667,2955,0.51196462,2791,对象,社会比较与人生进度,unreviewed
3479,肉体,肉体,2,tencent_ai_lab_chinese_embedding_light_mirror_mvp,0.08060104,3479,0.51435118,2859,0.45553458,4276,亲密,亲密行为,unreviewed
3480,赏月,赏月,2,tencent_ai_lab_chinese_embedding_light_mirror_mvp,0.08059088,3480,0.51618854,2765,0.42539263,4712,拥抱,约会,unreviewed
3481,吃火锅,吃火锅,3,tencent_ai_lab_chinese_embedding_light_mirror_mvp,0.08056297,3481,0.51411105,2875,0.46465504,4090,约饭,约会,unreviewed
3482,挺个,挺个,2,tencent_ai_lab_chinese_embedding_light_mirror_mvp,0.08049404,3482,0.50831691,3193,0.51964706,2575,落后,社会比较与人生进度,unreviewed
3483,比你,比你,2,tencent_ai_lab_chinese_embedding_light_mirror_mvp,0.08045896,3483,0.51099105,3042,0.51467144,2714,对象,表白与追求,unreviewed
3484,并不矛盾,并不矛盾,4,tencent_ai_lab_chinese_embedding_light_mirror_mvp,0.08045711,3484,0.48496827,4728,0.57304192,1335,没有对象,社会比较与人生进度,unreviewed
3485,发声明,发声明,3,tencent_ai_lab_chinese_embedding_light_mirror_mvp,0.0802047,3485,0.50975436,3114,0.51681399,2657,告白,表白与追求,unreviewed
3486,心理咨询,心理咨询,4,tencent_ai_lab_chinese_embedding_light_mirror_mvp,0.0801753,3486,0.50091634,3594,0.53266329,2216,亲密关系,社会比较与人生进度,unreviewed
3487,少儿不宜,少儿不宜,4,tencent_ai_lab_chinese_embedding_light_mirror_mvp,0.08017465,3487,0.51377422,2890,0.47387779,3880,错过青春,社会比较与人生进度,unreviewed
3488,失业,失业,2,tencent_ai_lab_chinese_embedding_light_mirror_mvp,0.08016039,3488,0.48994621,4325,0.55742073,1612,脱单,社会比较与人生进度,unreviewed
3489,包他,包他,2,tencent_ai_lab_chinese_embedding_light_mirror_mvp,0.0801439,3489,0.49636868,3887,0.54226393,1964,男朋友,表白与追求,unreviewed
3490,痛哭流涕,痛哭流涕,4,tencent_ai_lab_chinese_embedding_light_mirror_mvp,0.08008191,3490,0.51409135,2876,0.45971787,4200,恋情,社会比较与人生进度,unreviewed
3491,羞怯,羞怯,2,tencent_ai_lab_chinese_embedding_light_mirror_mvp,0.07997787,3491,0.51378652,2889,0.4869014,3513,青春,社会比较与人生进度,unreviewed
3492,不断前进,不断前进,4,tencent_ai_lab_chinese_embedding_light_mirror_mvp,0.07975299,3492,0.48205093,4952,0.58151424,1218,落后,社会比较与人生进度,manual_reject
3493,喝一杯,喝一杯,3,tencent_ai_lab_chinese_embedding_light_mirror_mvp,0.07972373,3493,0.51372498,2894,0.48115298,3673,约饭,约会,unreviewed
3494,又说,又说,2,tencent_ai_lab_chinese_embedding_light_mirror_mvp,0.07970407,3494,0.51264557,2961,0.5112409,2813,对象,社会比较与人生进度,unreviewed
3495,联谊,联谊,2,tencent_ai_lab_chinese_embedding_light_mirror_mvp,0.07965799,3495,0.49283485,4128,0.54970312,1774,伴侣,亲密行为,unreviewed
3496,在梦里,在梦里,3,tencent_ai_lab_chinese_embedding_light_mirror_mvp,0.07951114,3496,0.51365283,2896,0.48439509,3582,暗恋,表白与追求,unreviewed
3497,局面,局面,2,tencent_ai_lab_chinese_embedding_light_mirror_mvp,0.07937489,3497,0.4926221,4145,0.54992473,1767,落后,社会比较与人生进度,unreviewed
3498,珍视,珍视,2,tencent_ai_lab_chinese_embedding_light_mirror_mvp,0.0793049,3498,0.51362605,2898,0.49804658,3209,亲密,社会比较与人生进度,unreviewed
3499,跑操,跑操,2,tencent_ai_lab_chinese_embedding_light_mirror_mvp,0.07928198,3499,0.50820169,3201,0.51858222,2599,散步,校园恋爱,unreviewed
3500,挂念,挂念,2,tencent_ai_lab_chinese_embedding_light_mirror_mvp,0.07927311,3500,0.50628538,3301,0.52185786,2505,拥抱,表白与追求,unreviewed
3501,买个,买个,2,tencent_ai_lab_chinese_embedding_light_mirror_mvp,0.07926537,3501,0.49998345,3662,0.53381646,2181,追求,表白与追求,unreviewed
3502,情真意切,情真意切,4,tencent_ai_lab_chinese_embedding_light_mirror_mvp,0.07923521,3502,0.50003214,3660,0.5337224,2184,感情史,亲密行为,unreviewed
3503,不丑,不丑,2,tencent_ai_lab_chinese_embedding_light_mirror_mvp,0.07923034,3503,0.50840147,3189,0.51817256,2612,没有对象,社会比较与人生进度,unreviewed
3504,俗世,俗世,2,tencent_ai_lab_chinese_embedding_light_mirror_mvp,0.07923012,3504,0.51379913,2888,0.45952049,4206,老公,社会比较与人生进度,unreviewed
3505,老一辈,老一辈,3,tencent_ai_lab_chinese_embedding_light_mirror_mvp,0.07920969,3505,0.49234527,4162,0.55041212,1759,同龄人,社会比较与人生进度,unreviewed
3506,相互之间,相互之间,4,tencent_ai_lab_chinese_embedding_light_mirror_mvp,0.07904769,3506,0.48166689,4989,0.58198786,1209,对象,亲密行为,manual_reject
3507,吊带装,吊带装,3,tencent_ai_lab_chinese_embedding_light_mirror_mvp,0.07900987,3507,0.51656632,2748,0.41602588,4805,校服,婚恋,unreviewed
3508,兄长,兄长,2,tencent_ai_lab_chinese_embedding_light_mirror_mvp,0.0789884,3508,0.50620406,3307,0.5217666,2508,亲密,亲密行为,unreviewed
3509,来句,来句,2,tencent_ai_lab_chinese_embedding_light_mirror_mvp,0.07894314,3509,0.51354368,2908,0.47112659,3953,对象,社会比较与人生进度,unreviewed
3510,远大理想,远大理想,4,tencent_ai_lab_chinese_embedding_light_mirror_mvp,0.07891686,3510,0.51357834,2904,0.46714538,4044,大学恋爱,社会比较与人生进度,unreviewed
3511,吐露,吐露,2,tencent_ai_lab_chinese_embedding_light_mirror_mvp,0.0787297,3511,0.51347461,2912,0.47240287,3922,亲密,亲密行为,unreviewed
3512,设宴,设宴,2,tencent_ai_lab_chinese_embedding_light_mirror_mvp,0.07867478,3512,0.49591086,3922,0.54195517,1977,约饭,婚恋,unreviewed
3513,陪护,陪护,2,tencent_ai_lab_chinese_embedding_light_mirror_mvp,0.07865768,3513,0.48167996,4987,0.58143562,1219,拥抱,亲密行为,manual_review
3514,长不大,长不大,3,tencent_ai_lab_chinese_embedding_light_mirror_mvp,0.07854044,3514,0.51152534,3014,0.51183599,2794,没有对象,社会比较与人生进度,unreviewed
3515,甜馨,甜馨,2,tencent_ai_lab_chinese_embedding_light_mirror_mvp,0.07852282,3515,0.51355579,2907,0.46578801,4069,暗恋,亲密行为,unreviewed
3516,家务事,家务事,3,tencent_ai_lab_chinese_embedding_light_mirror_mvp,0.07847118,3516,0.50737973,3239,0.51913631,2587,老公,婚恋,unreviewed
3517,沉迷,沉迷,2,tencent_ai_lab_chinese_embedding_light_mirror_mvp,0.07839004,3517,0.49778574,3796,0.53728092,2086,暗恋,表白与追求,unreviewed
3518,裸睡,裸睡,2,tencent_ai_lab_chinese_embedding_light_mirror_mvp,0.0783189,3518,0.5083146,3194,0.51741147,2633,单身,单身与脱单,unreviewed
3519,空姐,空姐,2,tencent_ai_lab_chinese_embedding_light_mirror_mvp,0.078289,3519,0.51385894,2884,0.44881469,4425,脱单,单身与脱单,unreviewed
3520,家产,家产,2,tencent_ai_lab_chinese_embedding_light_mirror_mvp,0.0782847,3520,0.50394704,3419,0.52498132,2426,老公,婚恋,unreviewed
3521,黑裤,黑裤,2,tencent_ai_lab_chinese_embedding_light_mirror_mvp,0.07804595,3521,0.5157689,2785,0.42170256,4746,脱单,单身与脱单,unreviewed
3522,不同意,不同意,3,tencent_ai_lab_chinese_embedding_light_mirror_mvp,0.07804333,3522,0.49696902,3838,0.53830898,2056,对象,社会比较与人生进度,unreviewed
3523,我发,我发,2,tencent_ai_lab_chinese_embedding_light_mirror_mvp,0.07796788,3523,0.50672216,3280,0.51991564,2564,被追,表白与追求,unreviewed
3524,人儿,人儿,2,tencent_ai_lab_chinese_embedding_light_mirror_mvp,0.07795087,3524,0.49361299,4083,0.54611337,1853,人生阶段,社会比较与人生进度,unreviewed
3525,幽默,幽默,2,tencent_ai_lab_chinese_embedding_light_mirror_mvp,0.07794086,3525,0.48380299,4822,0.57349527,1328,亲密,表白与追求,unreviewed
3526,倔强,倔强,2,tencent_ai_lab_chinese_embedding_light_mirror_mvp,0.07788938,3526,0.51332989,2921,0.47996783,3704,牵手,表白与追求,unreviewed
3527,辛苦工作,辛苦工作,4,tencent_ai_lab_chinese_embedding_light_mirror_mvp,0.07783398,3527,0.51366618,2895,0.45248097,4343,亲密,社会比较与人生进度,unreviewed
3528,有了,有了,2,tencent_ai_lab_chinese_embedding_light_mirror_mvp,0.07783391,3528,0.48587368,4646,0.56648231,1441,别人都有对象,社会比较与人生进度,unreviewed
3529,内裤,内裤,2,tencent_ai_lab_chinese_embedding_light_mirror_mvp,0.0777668,3529,0.51343915,2915,0.46404931,4103,校服,婚恋,unreviewed
3530,世上,世上,2,tencent_ai_lab_chinese_embedding_light_mirror_mvp,0.07773358,3530,0.51326265,2924,0.47900999,3733,老公,社会比较与人生进度,unreviewed
3531,心理专家,心理专家,4,tencent_ai_lab_chinese_embedding_light_mirror_mvp,0.07767612,3531,0.51359298,2903,0.45621601,4263,亲密关系,社会比较与人生进度,unreviewed
3532,曝光,曝光,2,tencent_ai_lab_chinese_embedding_light_mirror_mvp,0.07764991,3532,0.51329883,2922,0.49825892,3200,被追,社会比较与人生进度,unreviewed
3533,要和,要和,2,tencent_ai_lab_chinese_embedding_light_mirror_mvp,0.07756769,3533,0.48214825,4945,0.57837212,1268,被追,表白与追求,manual_reject
3534,取向,取向,2,tencent_ai_lab_chinese_embedding_light_mirror_mvp,0.0774815,3534,0.50402923,3410,0.52389193,2456,追求,表白与追求,unreviewed
3535,在外,在外,2,tencent_ai_lab_chinese_embedding_light_mirror_mvp,0.07744526,3535,0.51325979,2925,0.49002612,3422,被追,社会比较与人生进度,unreviewed
3536,样子,样子,2,tencent_ai_lab_chinese_embedding_light_mirror_mvp,0.07737796,3536,0.51319304,2929,0.47991669,3707,对象,社会比较与人生进度,unreviewed
3537,奇装异服,奇装异服,4,tencent_ai_lab_chinese_embedding_light_mirror_mvp,0.07737499,3537,0.49960352,3677,0.53253859,2222,校服,校园恋爱,unreviewed
3538,主奴,主奴,2,tencent_ai_lab_chinese_embedding_light_mirror_mvp,0.07730028,3538,0.51692569,2735,0.40837657,4857,老公,社会比较与人生进度,unreviewed
3539,超越,超越,2,tencent_ai_lab_chinese_embedding_light_mirror_mvp,0.07729546,3539,0.51325328,2926,0.46570635,4074,追求,社会比较与人生进度,unreviewed
3540,名牌,名牌,2,tencent_ai_lab_chinese_embedding_light_mirror_mvp,0.07720966,3540,0.51336174,2919,0.46061617,4179,落后,社会比较与人生进度,unreviewed
3541,诱奸,诱奸,2,tencent_ai_lab_chinese_embedding_light_mirror_mvp,0.07718877,3541,0.51353167,2909,0.45462698,4300,被追,亲密行为,unreviewed
3542,舅舅家,舅舅家,3,tencent_ai_lab_chinese_embedding_light_mirror_mvp,0.07718812,3542,0.50766848,3225,0.51732057,2636,老公,婚恋,unreviewed
3543,相比较,相比较,3,tencent_ai_lab_chinese_embedding_light_mirror_mvp,0.07718716,3543,0.49319634,4106,0.54610145,1854,对象,社会比较与人生进度,unreviewed
3544,隔壁邻居,隔壁邻居,4,tencent_ai_lab_chinese_embedding_light_mirror_mvp,0.07715492,3544,0.51312821,2930,0.49127537,3392,同桌,亲密行为,unreviewed
3545,低调,低调,2,tencent_ai_lab_chinese_embedding_light_mirror_mvp,0.07701629,3545,0.48836623,4443,0.55802643,1602,落后,社会比较与人生进度,unreviewed
3546,付钱,付钱,2,tencent_ai_lab_chinese_embedding_light_mirror_mvp,0.07701284,3546,0.49823912,3758,0.53478205,2159,对象,表白与追求,unreviewed
3547,试着,试着,2,tencent_ai_lab_chinese_embedding_light_mirror_mvp,0.07699998,3547,0.48521707,4702,0.56750387,1422,追求,表白与追求,unreviewed
3548,放荡,放荡,2,tencent_ai_lab_chinese_embedding_light_mirror_mvp,0.07687597,3548,0.50197653,3532,0.52729458,2365,散步,约会,unreviewed
3549,他爷,他爷,2,tencent_ai_lab_chinese_embedding_light_mirror_mvp,0.07675236,3549,0.48897052,4399,0.5560298,1639,老公,婚恋,unreviewed
3550,长发,长发,2,tencent_ai_lab_chinese_embedding_light_mirror_mvp,0.07674154,3550,0.51494759,2825,0.42654288,4700,订婚,社会比较与人生进度,unreviewed
3551,老实巴交,老实巴交,4,tencent_ai_lab_chinese_embedding_light_mirror_mvp,0.07665605,3551,0.51304015,2933,0.50053358,3125,亲密,亲密行为,unreviewed
3552,貌似,貌似,2,tencent_ai_lab_chinese_embedding_light_mirror_mvp,0.07660839,3552,0.49654264,3872,0.53783512,2067,对象,社会比较与人生进度,unreviewed
3553,绅士,绅士,2,tencent_ai_lab_chinese_embedding_light_mirror_mvp,0.07658774,3553,0.51297271,2941,0.47599608,3814,恋人,社会比较与人生进度,unreviewed
3554,主人,主人,2,tencent_ai_lab_chinese_embedding_light_mirror_mvp,0.07653058,3554,0.49852523,3741,0.53364193,2186,老公,社会比较与人生进度,unreviewed
3555,内衣,内衣,2,tencent_ai_lab_chinese_embedding_light_mirror_mvp,0.07650369,3555,0.51162975,3005,0.50968951,2865,校服,婚恋,unreviewed
3556,这桩,这桩,2,tencent_ai_lab_chinese_embedding_light_mirror_mvp,0.07632996,3556,0.51362469,2899,0.44497436,4472,拥抱,婚恋,unreviewed
3557,回报,回报,2,tencent_ai_lab_chinese_embedding_light_mirror_mvp,0.07631414,3557,0.50493273,3367,0.52103901,2526,追求,表白与追求,unreviewed
3558,邻居家,邻居家,3,tencent_ai_lab_chinese_embedding_light_mirror_mvp,0.07626734,3558,0.51301186,2936,0.50668299,2947,亲密,婚恋,unreviewed
3559,优势,优势,2,tencent_ai_lab_chinese_embedding_light_mirror_mvp,0.07609759,3559,0.51298492,2940,0.50204611,3077,落后,社会比较与人生进度,unreviewed
3560,鞋子,鞋子,2,tencent_ai_lab_chinese_embedding_light_mirror_mvp,0.0760947,3560,0.51442821,2855,0.43136936,4650,散步,社会比较与人生进度,unreviewed
3561,午休,午休,2,tencent_ai_lab_chinese_embedding_light_mirror_mvp,0.0759844,3561,0.51288271,2949,0.47675586,3788,散步,约会,unreviewed
3562,期末考试,期末考试,4,tencent_ai_lab_chinese_embedding_light_mirror_mvp,0.07594467,3562,0.51340842,2916,0.44776952,4439,人生阶段,社会比较与人生进度,unreviewed
3563,没错,没错,2,tencent_ai_lab_chinese_embedding_light_mirror_mvp,0.07592778,3563,0.50276196,3487,0.52470315,2430,亲密,社会比较与人生进度,unreviewed
3564,育儿,育儿,2,tencent_ai_lab_chinese_embedding_light_mirror_mvp,0.07585497,3564,0.5083607,3190,0.5148707,2710,拥抱,社会比较与人生进度,unreviewed
3565,交配,交配,2,tencent_ai_lab_chinese_embedding_light_mirror_mvp,0.07579124,3565,0.49142799,4225,0.54871309,1797,伴侣,亲密行为,unreviewed
3566,回家路上,回家路上,4,tencent_ai_lab_chinese_embedding_light_mirror_mvp,0.07571607,3566,0.50282741,3482,0.52438939,2442,散步,约会,unreviewed
3567,自恋狂,自恋狂,3,tencent_ai_lab_chinese_embedding_light_mirror_mvp,0.07570873,3567,0.48417884,4795,0.56950736,1395,暗恋,恋爱核心,unreviewed
3568,生活费,生活费,3,tencent_ai_lab_chinese_embedding_light_mirror_mvp,0.07570204,3568,0.50741034,3235,0.51618296,2670,人生阶段,社会比较与人生进度,unreviewed
3569,物是人非,物是人非,4,tencent_ai_lab_chinese_embedding_light_mirror_mvp,0.07556034,3569,0.51164786,3004,0.5084973,2889,落后,社会比较与人生进度,unreviewed
3570,某位,某位,2,tencent_ai_lab_chinese_embedding_light_mirror_mvp,0.07555229,3570,0.49480978,3998,0.54108858,1999,同龄人,社会比较与人生进度,unreviewed
3571,吃吃喝喝,吃吃喝喝,4,tencent_ai_lab_chinese_embedding_light_mirror_mvp,0.07552019,3571,0.50371453,3431,0.52231324,2489,约饭,约会,unreviewed
3572,办了,办了,2,tencent_ai_lab_chinese_embedding_light_mirror_mvp,0.07550429,3572,0.50509995,3357,0.51996702,2561,订婚,婚恋,unreviewed
3573,戏剧,戏剧,2,tencent_ai_lab_chinese_embedding_light_mirror_mvp,0.07542795,3573,0.51540942,2805,0.41707683,4795,感情史,表白与追求,unreviewed
3574,定下,定下,2,tencent_ai_lab_chinese_embedding_light_mirror_mvp,0.07541322,3574,0.49086263,4265,0.54968339,1776,订婚,约会,unreviewed
3575,应该,应该,2,tencent_ai_lab_chinese_embedding_light_mirror_mvp,0.07533029,3575,0.50807753,3208,0.5148834,2709,追求,社会比较与人生进度,unreviewed
3576,眷属,眷属,2,tencent_ai_lab_chinese_embedding_light_mirror_mvp,0.07524938,3576,0.48996029,4324,0.55152446,1732,亲密关系,亲密行为,unreviewed
3577,庸人自扰,庸人自扰,4,tencent_ai_lab_chinese_embedding_light_mirror_mvp,0.07512324,3577,0.51261379,2963,0.49378896,3332,别人都有对象,社会比较与人生进度,unreviewed
3578,生活习惯,生活习惯,4,tencent_ai_lab_chinese_embedding_light_mirror_mvp,0.07493547,3578,0.49079882,4272,0.54941165,1785,人生阶段,社会比较与人生进度,unreviewed
3579,超凡脱俗,超凡脱俗,4,tencent_ai_lab_chinese_embedding_light_mirror_mvp,0.07488856,3579,0.49752249,3816,0.53432041,2171,脱单,社会比较与人生进度,unreviewed
3580,沐浴,沐浴,2,tencent_ai_lab_chinese_embedding_light_mirror_mvp,0.07477956,3580,0.51245577,2969,0.47014764,3975,拥抱,亲密行为,unreviewed
3581,本科毕业,本科毕业,4,tencent_ai_lab_chinese_embedding_light_mirror_mvp,0.07472398,3581,0.50014446,3652,0.5288744,2322,大学恋爱,社会比较与人生进度,unreviewed
3582,有车,有车,2,tencent_ai_lab_chinese_embedding_light_mirror_mvp,0.07466639,3582,0.49402213,4045,0.54169041,1983,别人都有对象,社会比较与人生进度,unreviewed
3583,一穿,一穿,2,tencent_ai_lab_chinese_embedding_light_mirror_mvp,0.07465814,3583,0.50263515,3497,0.52376783,2461,校服,社会比较与人生进度,unreviewed
3584,产检,产检,2,tencent_ai_lab_chinese_embedding_light_mirror_mvp,0.07459585,3584,0.51473073,2844,0.42319408,4734,母胎单身,社会比较与人生进度,unreviewed
3585,郊外,郊外,2,tencent_ai_lab_chinese_embedding_light_mirror_mvp,0.07458096,3585,0.51252377,2967,0.48836261,3462,散步,社会比较与人生进度,unreviewed
3586,认真对待,认真对待,4,tencent_ai_lab_chinese_embedding_light_mirror_mvp,0.07451628,3586,0.48293747,4885,0.57142115,1361,对象,社会比较与人生进度,unreviewed
3587,梦境,梦境,2,tencent_ai_lab_chinese_embedding_light_mirror_mvp,0.07431245,3587,0.51275413,2956,0.45683095,4253,暗恋,表白与追求,unreviewed
3588,平时,平时,2,tencent_ai_lab_chinese_embedding_light_mirror_mvp,0.07426024,3588,0.489189,4386,0.55256242,1713,对象,社会比较与人生进度,unreviewed
3589,两子,两子,2,tencent_ai_lab_chinese_embedding_light_mirror_mvp,0.07425579,3589,0.48644028,4597,0.56024593,1561,妻子,婚恋,unreviewed
3590,天性,天性,2,tencent_ai_lab_chinese_embedding_light_mirror_mvp,0.07424549,3590,0.51236544,2976,0.46849787,4014,感情史,社会比较与人生进度,unreviewed
3591,难道,难道,2,tencent_ai_lab_chinese_embedding_light_mirror_mvp,0.07423867,3591,0.509403,3140,0.51142168,2804,亲密,表白与追求,unreviewed
3592,大老爷们儿,大老爷们儿,5,tencent_ai_lab_chinese_embedding_light_mirror_mvp,0.07420764,3592,0.51243756,2970,0.50079322,3116,同龄人,社会比较与人生进度,unreviewed
3593,讨厌,讨厌,2,tencent_ai_lab_chinese_embedding_light_mirror_mvp,0.07408382,3593,0.51214738,2984,0.50636184,2956,落后,社会比较与人生进度,unreviewed
3594,最终目标,最终目标,4,tencent_ai_lab_chinese_embedding_light_mirror_mvp,0.07407052,3594,0.49174659,4204,0.54597515,1860,追求,社会比较与人生进度,unreviewed
3595,发了,发了,2,tencent_ai_lab_chinese_embedding_light_mirror_mvp,0.07397725,3595,0.49420435,4036,0.54057407,2010,被追,表白与追求,unreviewed
3596,猫爸,猫爸,2,tencent_ai_lab_chinese_embedding_light_mirror_mvp,0.0739534,3596,0.51475865,2843,0.42047131,4764,亲密,亲密行为,unreviewed
3597,坐在,坐在,2,tencent_ai_lab_chinese_embedding_light_mirror_mvp,0.07383777,3597,0.51217582,2982,0.4939152,3328,拥抱,约会,unreviewed
3598,心理活动,心理活动,4,tencent_ai_lab_chinese_embedding_light_mirror_mvp,0.0737951,3598,0.50961591,3122,0.51046455,2834,亲密关系,社会比较与人生进度,unreviewed
3599,露骨,露骨,2,tencent_ai_lab_chinese_embedding_light_mirror_mvp,0.07369802,3599,0.51545287,2804,0.4112969,4841,告白,亲密行为,unreviewed
3600,完满,完满,2,tencent_ai_lab_chinese_embedding_light_mirror_mvp,0.07360581,3600,0.48768846,4503,0.55593634,1644,落后,社会比较与人生进度,unreviewed
3601,丫头,丫头,2,tencent_ai_lab_chinese_embedding_light_mirror_mvp,0.07359472,3601,0.5120563,2989,0.47184801,3937,拥抱,社会比较与人生进度,unreviewed
3602,她表,她表,2,tencent_ai_lab_chinese_embedding_light_mirror_mvp,0.07353154,3602,0.489737,4344,0.55004793,1760,表白,表白与追求,unreviewed
3603,真是,真是,2,tencent_ai_lab_chinese_embedding_light_mirror_mvp,0.0734807,3603,0.50275196,3490,0.52206653,2497,亲密,社会比较与人生进度,unreviewed
3604,日子,日子,2,tencent_ai_lab_chinese_embedding_light_mirror_mvp,0.07347451,3604,0.4939548,4054,0.54058021,2009,人生阶段,社会比较与人生进度,unreviewed
3605,芳心,芳心,2,tencent_ai_lab_chinese_embedding_light_mirror_mvp,0.07346648,3605,0.5133307,2920,0.43792748,4570,初恋,社会比较与人生进度,unreviewed
3606,感同身受,感同身受,4,tencent_ai_lab_chinese_embedding_light_mirror_mvp,0.07340163,3606,0.48753527,4512,0.55596954,1641,亲密,社会比较与人生进度,unreviewed
3607,别难过,别难过,3,tencent_ai_lab_chinese_embedding_light_mirror_mvp,0.07336051,3607,0.48436657,4779,0.56571788,1458,错过青春,社会比较与人生进度,unreviewed
3608,缺乏自信,缺乏自信,4,tencent_ai_lab_chinese_embedding_light_mirror_mvp,0.07330913,3608,0.50740892,3236,0.51378208,2743,没有对象,社会比较与人生进度,unreviewed
3609,那会儿,那会儿,3,tencent_ai_lab_chinese_embedding_light_mirror_mvp,0.07326802,3609,0.48826384,4454,0.55374253,1687,约会,约会,unreviewed
3610,成熟,成熟,2,tencent_ai_lab_chinese_embedding_light_mirror_mvp,0.07319498,3610,0.49086492,4263,0.5469327,1835,落后,社会比较与人生进度,unreviewed
3611,琐碎,琐碎,2,tencent_ai_lab_chinese_embedding_light_mirror_mvp,0.07299646,3611,0.48483,4733,0.56351948,1496,落后,社会比较与人生进度,unreviewed
3612,自责,自责,2,tencent_ai_lab_chinese_embedding_light_mirror_mvp,0.07298576,3612,0.51189874,2992,0.49644572,3249,被追,社会比较与人生进度,unreviewed
3613,上进,上进,2,tencent_ai_lab_chinese_embedding_light_mirror_mvp,0.07295115,3613,0.49415414,4040,0.53933465,2031,落后,社会比较与人生进度,unreviewed
3614,辜负,辜负,2,tencent_ai_lab_chinese_embedding_light_mirror_mvp,0.072911,3614,0.49600675,3916,0.53538996,2142,错过青春,社会比较与人生进度,unreviewed
3615,某一方面,某一方面,4,tencent_ai_lab_chinese_embedding_light_mirror_mvp,0.07284988,3615,0.49790695,3786,0.53131312,2260,对象,社会比较与人生进度,unreviewed
3616,输给,输给,2,tencent_ai_lab_chinese_embedding_light_mirror_mvp,0.07282944,3616,0.50973898,3115,0.50929916,2872,被追,表白与追求,unreviewed
3617,相熟,相熟,2,tencent_ai_lab_chinese_embedding_light_mirror_mvp,0.07281193,3617,0.49895152,3716,0.52894437,2320,亲密,社会比较与人生进度,unreviewed
3618,另一个,另一个,3,tencent_ai_lab_chinese_embedding_light_mirror_mvp,0.07263826,3618,0.49817263,3766,0.53047842,2284,别人都有对象,社会比较与人生进度,unreviewed
3619,履行诺言,履行诺言,4,tencent_ai_lab_chinese_embedding_light_mirror_mvp,0.07261037,3619,0.5119001,2991,0.46302587,4125,告白,社会比较与人生进度,unreviewed
3620,怅惘,怅惘,2,tencent_ai_lab_chinese_embedding_light_mirror_mvp,0.07260821,3620,0.49733665,3823,0.53224784,2235,暗恋,社会比较与人生进度,unreviewed
3621,早操,早操,2,tencent_ai_lab_chinese_embedding_light_mirror_mvp,0.07253708,3621,0.48415108,4800,0.56538963,1464,早恋,校园恋爱,unreviewed
3622,微笑,微笑,2,tencent_ai_lab_chinese_embedding_light_mirror_mvp,0.07252212,3622,0.49288486,4124,0.54190344,1979,暗恋,表白与追求,unreviewed
3623,说完,说完,2,tencent_ai_lab_chinese_embedding_light_mirror_mvp,0.07248255,3623,0.50005648,3658,0.52657974,2382,告白,社会比较与人生进度,unreviewed
3624,高考落榜,高考落榜,4,tencent_ai_lab_chinese_embedding_light_mirror_mvp,0.07241578,3624,0.4985587,3739,0.52933472,2313,落后,社会比较与人生进度,unreviewed
3625,称心,称心,2,tencent_ai_lab_chinese_embedding_light_mirror_mvp,0.07238167,3625,0.51166261,3003,0.47549736,3822,拥抱,表白与追求,unreviewed
3626,浪子,浪子,2,tencent_ai_lab_chinese_embedding_light_mirror_mvp,0.07221441,3626,0.51234797,2977,0.44862098,4429,妻子,社会比较与人生进度,unreviewed
3627,大典,大典,2,tencent_ai_lab_chinese_embedding_light_mirror_mvp,0.07216724,3627,0.51209165,2988,0.45658645,4256,婚礼,约会,unreviewed
3628,教学楼,教学楼,3,tencent_ai_lab_chinese_embedding_light_mirror_mvp,0.07213077,3628,0.51161119,3008,0.47502518,3838,学生情侣,校园恋爱,unreviewed
3629,甜甜的,甜甜的,3,tencent_ai_lab_chinese_embedding_light_mirror_mvp,0.0720919,3629,0.50489756,3374,0.51692367,2651,亲密,亲密行为,unreviewed
3630,社会,社会,2,tencent_ai_lab_chinese_embedding_light_mirror_mvp,0.07208978,3630,0.49671059,3863,0.5328294,2212,约会,社会比较与人生进度,unreviewed
3631,什么,什么,2,tencent_ai_lab_chinese_embedding_light_mirror_mvp,0.07206923,3631,0.5119589,2990,0.45707071,4247,追求,表白与追求,unreviewed
3632,男式,男式,2,tencent_ai_lab_chinese_embedding_light_mirror_mvp,0.07202478,3632,0.4818167,4968,0.57126212,1363,男朋友,婚恋,manual_reject
3633,重视,重视,2,tencent_ai_lab_chinese_embedding_light_mirror_mvp,0.0719736,3633,0.49376417,4073,0.5392381,2032,追求,社会比较与人生进度,unreviewed
3634,班集体,班集体,3,tencent_ai_lab_chinese_embedding_light_mirror_mvp,0.07195763,3634,0.51209496,2987,0.45344666,4324,约会,约会,unreviewed
3635,利益冲突,利益冲突,4,tencent_ai_lab_chinese_embedding_light_mirror_mvp,0.07194507,3635,0.51156191,3012,0.49222326,3377,亲密关系,社会比较与人生进度,unreviewed
3636,一直以来,一直以来,4,tencent_ai_lab_chinese_embedding_light_mirror_mvp,0.07190179,3636,0.51139216,3021,0.5051747,2985,感情史,社会比较与人生进度,unreviewed
3637,患难,患难,2,tencent_ai_lab_chinese_embedding_light_mirror_mvp,0.07187259,3637,0.51162784,3006,0.50171691,3093,伴侣,社会比较与人生进度,unreviewed
3638,应酬,应酬,2,tencent_ai_lab_chinese_embedding_light_mirror_mvp,0.07186307,3638,0.50618892,3310,0.51450109,2718,约会,约会,unreviewed
3639,茫茫人海,茫茫人海,4,tencent_ai_lab_chinese_embedding_light_mirror_mvp,0.07182809,3639,0.51154689,3013,0.49553663,3284,人生阶段,社会比较与人生进度,unreviewed
3640,信条,信条,2,tencent_ai_lab_chinese_embedding_light_mirror_mvp,0.07182307,3640,0.51279089,2952,0.43980995,4543,亲密,表白与追求,unreviewed
3641,过来,过来,2,tencent_ai_lab_chinese_embedding_light_mirror_mvp,0.07181608,3641,0.49037648,4296,0.54643822,1847,前任,社会比较与人生进度,unreviewed
3642,抓住,抓住,2,tencent_ai_lab_chinese_embedding_light_mirror_mvp,0.07181122,3642,0.48508897,4713,0.56107616,1536,被追,亲密行为,unreviewed
3643,女警察,女警察,3,tencent_ai_lab_chinese_embedding_light_mirror_mvp,0.07179732,3643,0.51174693,3000,0.45952943,4204,女朋友,对象关系,unreviewed
3644,七年级,七年级,3,tencent_ai_lab_chinese_embedding_light_mirror_mvp,0.07169002,3644,0.51184812,2996,0.45714569,4245,早恋,校园恋爱,unreviewed
3645,和睦相处,和睦相处,4,tencent_ai_lab_chinese_embedding_light_mirror_mvp,0.07166873,3645,0.48162634,4994,0.57168221,1355,亲密关系,亲密行为,manual_review
3646,和谐,和谐,2,tencent_ai_lab_chinese_embedding_light_mirror_mvp,0.07165442,3646,0.49803021,3774,0.52959538,2305,亲密,亲密行为,unreviewed
3647,迷茫,迷茫,2,tencent_ai_lab_chinese_embedding_light_mirror_mvp,0.07159636,3647,0.49189444,4196,0.5430181,1942,人生阶段,社会比较与人生进度,unreviewed
3648,富有,富有,2,tencent_ai_lab_chinese_embedding_light_mirror_mvp,0.07155268,3648,0.50171111,3548,0.52189553,2503,落后,社会比较与人生进度,unreviewed
3649,条件,条件,2,tencent_ai_lab_chinese_embedding_light_mirror_mvp,0.07150805,3649,0.51037878,3076,0.50662386,2948,对象,社会比较与人生进度,unreviewed
3650,失声痛哭,失声痛哭,4,tencent_ai_lab_chinese_embedding_light_mirror_mvp,0.07127973,3650,0.5118802,2993,0.45157707,4358,拥抱,社会比较与人生进度,unreviewed
3651,积极进取,积极进取,4,tencent_ai_lab_chinese_embedding_light_mirror_mvp,0.071243,3651,0.49092815,4260,0.54488409,1902,落后,社会比较与人生进度,unreviewed
3652,军衣,军衣,2,tencent_ai_lab_chinese_embedding_light_mirror_mvp,0.07118758,3652,0.49427916,4034,0.53713578,2089,校服,婚恋,unreviewed
3653,来说,来说,2,tencent_ai_lab_chinese_embedding_light_mirror_mvp,0.07109571,3653,0.50771474,3223,0.51081479,2821,对象,社会比较与人生进度,unreviewed
3654,代沟,代沟,2,tencent_ai_lab_chinese_embedding_light_mirror_mvp,0.07107051,3654,0.51678978,2742,0.39190364,4948,同龄人,社会比较与人生进度,manual_review
3655,要强,要强,2,tencent_ai_lab_chinese_embedding_light_mirror_mvp,0.07099681,3655,0.49360892,4084,0.53848547,2052,追求,表白与追求,unreviewed
3656,艺人,艺人,2,tencent_ai_lab_chinese_embedding_light_mirror_mvp,0.07096127,3656,0.49601545,3915,0.53312218,2200,喜欢的人,社会比较与人生进度,unreviewed
3657,忍不住,忍不住,3,tencent_ai_lab_chinese_embedding_light_mirror_mvp,0.07086952,3657,0.50949526,3134,0.50766021,2914,亲密,亲密行为,unreviewed
3658,此刻,此刻,2,tencent_ai_lab_chinese_embedding_light_mirror_mvp,0.07085847,3658,0.50501348,3362,0.51525712,2700,人生阶段,社会比较与人生进度,unreviewed
3659,互惠,互惠,2,tencent_ai_lab_chinese_embedding_light_mirror_mvp,0.07083648,3659,0.50802641,3213,0.51023674,2842,伴侣,亲密行为,unreviewed
3660,积极向上,积极向上,4,tencent_ai_lab_chinese_embedding_light_mirror_mvp,0.07077742,3660,0.50392581,3421,0.51703042,2646,追求,社会比较与人生进度,unreviewed
3661,与众不同,与众不同,4,tencent_ai_lab_chinese_embedding_light_mirror_mvp,0.07076591,3661,0.49149567,4219,0.54281771,1946,落后,社会比较与人生进度,unreviewed
3662,喝了酒,喝了酒,3,tencent_ai_lab_chinese_embedding_light_mirror_mvp,0.07068493,3662,0.51135457,3023,0.46409255,4101,约饭,表白与追求,unreviewed
3663,分了,分了,2,tencent_ai_lab_chinese_embedding_light_mirror_mvp,0.07064034,3663,0.48715158,4542,0.553635,1694,前任,社会比较与人生进度,unreviewed
3664,剧组,剧组,2,tencent_ai_lab_chinese_embedding_light_mirror_mvp,0.07061641,3664,0.5149253,2826,0.40655464,4866,被追,社会比较与人生进度,unreviewed
3665,挨揍,挨揍,2,tencent_ai_lab_chinese_embedding_light_mirror_mvp,0.07061015,3665,0.48956748,4360,0.54708564,1830,被追,社会比较与人生进度,unreviewed
3666,走好运,走好运,3,tencent_ai_lab_chinese_embedding_light_mirror_mvp,0.07060977,3666,0.49597408,3918,0.53289258,2210,散步,社会比较与人生进度,unreviewed
3667,不理,不理,2,tencent_ai_lab_chinese_embedding_light_mirror_mvp,0.07045082,3667,0.49457744,4016,0.53577209,2129,没有对象,社会比较与人生进度,unreviewed
3668,说过,说过,2,tencent_ai_lab_chinese_embedding_light_mirror_mvp,0.07027291,3668,0.49762813,3811,0.529172,2317,没谈过恋爱,社会比较与人生进度,unreviewed
3669,长微博,长微博,3,tencent_ai_lab_chinese_embedding_light_mirror_mvp,0.0701889,3669,0.51102327,3040,0.47036219,3968,亲密,社会比较与人生进度,unreviewed
3670,开车,开车,2,tencent_ai_lab_chinese_embedding_light_mirror_mvp,0.07017089,3670,0.51102369,3039,0.47584957,3815,散步,约会,unreviewed
3671,狠话,狠话,2,tencent_ai_lab_chinese_embedding_light_mirror_mvp,0.07016251,3671,0.51117629,3028,0.46170151,4154,暗恋,表白与追求,unreviewed
3672,称心如意,称心如意,4,tencent_ai_lab_chinese_embedding_light_mirror_mvp,0.0701566,3672,0.51108849,3036,0.48831695,3465,亲密,表白与追求,unreviewed
3673,显然,显然,2,tencent_ai_lab_chinese_embedding_light_mirror_mvp,0.07012325,3673,0.48447422,4769,0.56086117,1541,落后,表白与追求,unreviewed
3674,他发,他发,2,tencent_ai_lab_chinese_embedding_light_mirror_mvp,0.07008009,3674,0.50178285,3546,0.52025872,2553,老公,表白与追求,unreviewed
3675,爱豆,爱豆,2,tencent_ai_lab_chinese_embedding_light_mirror_mvp,0.07004581,3675,0.49931494,3697,0.52514076,2420,爱情,恋爱核心,unreviewed
3676,衣裳,衣裳,2,tencent_ai_lab_chinese_embedding_light_mirror_mvp,0.07003105,3676,0.49276657,4136,0.53913766,2037,校服,婚恋,unreviewed
3677,待在家里,待在家里,4,tencent_ai_lab_chinese_embedding_light_mirror_mvp,0.06998959,3677,0.50805786,3209,0.50927019,2874,拥抱,社会比较与人生进度,unreviewed
3678,战友,战友,2,tencent_ai_lab_chinese_embedding_light_mirror_mvp,0.06998853,3678,0.49461662,4012,0.53514552,2147,男朋友,对象关系,unreviewed
3679,狗仔队,狗仔队,3,tencent_ai_lab_chinese_embedding_light_mirror_mvp,0.06998523,3679,0.5163987,2756,0.39147162,4949,前男友,亲密行为,manual_reject
3680,一顿,一顿,2,tencent_ai_lab_chinese_embedding_light_mirror_mvp,0.06994377,3680,0.50681425,3276,0.51129127,2810,约饭,约会,unreviewed
3681,新生活,新生活,3,tencent_ai_lab_chinese_embedding_light_mirror_mvp,0.06985487,3681,0.49002427,4320,0.54514211,1890,人生阶段,社会比较与人生进度,unreviewed
3682,哥有,哥有,2,tencent_ai_lab_chinese_embedding_light_mirror_mvp,0.06974411,3682,0.49579451,3927,0.53231925,2231,别人都有对象,社会比较与人生进度,unreviewed
3683,开豪车,开豪车,3,tencent_ai_lab_chinese_embedding_light_mirror_mvp,0.06968899,3683,0.51812744,2683,0.37863716,4976,婚礼,社会比较与人生进度,manual_reject
3684,钱要,钱要,2,tencent_ai_lab_chinese_embedding_light_mirror_mvp,0.06967167,3684,0.48867834,4424,0.54815954,1807,追求,表白与追求,unreviewed
3685,大方,大方,2,tencent_ai_lab_chinese_embedding_light_mirror_mvp,0.06965906,3685,0.5108459,3047,0.48497292,3568,亲密,婚恋,unreviewed
3686,不可否认,不可否认,4,tencent_ai_lab_chinese_embedding_light_mirror_mvp,0.06961932,3686,0.49502848,3974,0.53357852,2190,没有对象,社会比较与人生进度,unreviewed
3687,痛过,痛过,2,tencent_ai_lab_chinese_embedding_light_mirror_mvp,0.06956442,3687,0.49015772,4310,0.54455382,1909,错过青春,社会比较与人生进度,unreviewed
3688,收心,收心,2,tencent_ai_lab_chinese_embedding_light_mirror_mvp,0.06925303,3688,0.49195012,4190,0.54017931,2019,拥抱,亲密行为,unreviewed
3689,到老,到老,2,tencent_ai_lab_chinese_embedding_light_mirror_mvp,0.06925129,3689,0.48892809,4402,0.5469079,1836,同龄人,社会比较与人生进度,unreviewed
3690,等他,等他,2,tencent_ai_lab_chinese_embedding_light_mirror_mvp,0.06922249,3690,0.49036875,4297,0.54360783,1928,男朋友,表白与追求,unreviewed
3691,更是如此,更是如此,4,tencent_ai_lab_chinese_embedding_light_mirror_mvp,0.06902992,3691,0.4890654,4393,0.54633015,1850,落后,社会比较与人生进度,unreviewed
3692,餐馆老板,餐馆老板,4,tencent_ai_lab_chinese_embedding_light_mirror_mvp,0.06897637,3692,0.50897821,3161,0.50653535,2951,老婆,约会,unreviewed
3693,自律,自律,2,tencent_ai_lab_chinese_embedding_light_mirror_mvp,0.06897088,3693,0.51059924,3061,0.47389644,3878,单身,社会比较与人生进度,unreviewed
3694,看来,看来,2,tencent_ai_lab_chinese_embedding_light_mirror_mvp,0.0689596,3694,0.49110259,4247,0.54176241,1981,看电影,社会比较与人生进度,unreviewed
3695,而去,而去,2,tencent_ai_lab_chinese_embedding_light_mirror_mvp,0.06895951,3695,0.50168895,3552,0.51930094,2586,被追,约会,unreviewed
3696,于是,于是,2,tencent_ai_lab_chinese_embedding_light_mirror_mvp,0.06895579,3696,0.50572619,3333,0.51201969,2787,被追,社会比较与人生进度,unreviewed
3697,有空,有空,2,tencent_ai_lab_chinese_embedding_light_mirror_mvp,0.06894564,3697,0.48667387,4581,0.55270493,1709,没有对象,社会比较与人生进度,unreviewed
3698,外祖母,外祖母,3,tencent_ai_lab_chinese_embedding_light_mirror_mvp,0.06885415,3698,0.51252915,2966,0.43051147,4659,老婆,婚恋,unreviewed
3699,借口,借口,2,tencent_ai_lab_chinese_embedding_light_mirror_mvp,0.06881213,3699,0.4824106,4928,0.56517094,1468,对象,社会比较与人生进度,manual_reject
3700,产下,产下,2,tencent_ai_lab_chinese_embedding_light_mirror_mvp,0.06872949,3700,0.50851169,3182,0.50695574,2938,妻子,婚恋,unreviewed
3701,生儿,生儿,2,tencent_ai_lab_chinese_embedding_light_mirror_mvp,0.06870952,3701,0.50669532,3284,0.5101822,2843,老公,婚恋,unreviewed
3702,标新立异,标新立异,4,tencent_ai_lab_chinese_embedding_light_mirror_mvp,0.06862867,3702,0.51056406,3064,0.47670949,3791,订婚,社会比较与人生进度,unreviewed
3703,痛苦,痛苦,2,tencent_ai_lab_chinese_embedding_light_mirror_mvp,0.06852857,3703,0.50157181,3563,0.51907182,2589,亲密,社会比较与人生进度,unreviewed
3704,洋娃娃,洋娃娃,3,tencent_ai_lab_chinese_embedding_light_mirror_mvp,0.06843035,3704,0.51666499,2745,0.38543573,4965,母胎单身,社会比较与人生进度,manual_reject
3705,解雇,解雇,2,tencent_ai_lab_chinese_embedding_light_mirror_mvp,0.06842784,3705,0.50253093,3500,0.51699877,2649,被追,婚恋,unreviewed
3706,两岁半,两岁半,3,tencent_ai_lab_chinese_embedding_light_mirror_mvp,0.06842263,3706,0.48543525,4680,0.55557483,1652,同龄人,社会比较与人生进度,unreviewed
3707,服务员,服务员,3,tencent_ai_lab_chinese_embedding_light_mirror_mvp,0.06838149,3707,0.51053469,3066,0.49619472,3256,校服,社会比较与人生进度,unreviewed
3708,沉默,沉默,2,tencent_ai_lab_chinese_embedding_light_mirror_mvp,0.06834956,3708,0.49606082,3912,0.53027827,2290,暗恋,表白与追求,unreviewed
3709,戒不掉,戒不掉,3,tencent_ai_lab_chinese_embedding_light_mirror_mvp,0.06817878,3709,0.49772985,3797,0.52625155,2391,没谈过恋爱,社会比较与人生进度,unreviewed
3710,刚生,刚生,2,tencent_ai_lab_chinese_embedding_light_mirror_mvp,0.06814537,3710,0.51048127,3070,0.49023101,3417,人生阶段,社会比较与人生进度,unreviewed
3711,不正经,不正经,3,tencent_ai_lab_chinese_embedding_light_mirror_mvp,0.06813355,3711,0.48524751,4699,0.55581802,1646,没有对象,社会比较与人生进度,unreviewed
3712,私生,私生,2,tencent_ai_lab_chinese_embedding_light_mirror_mvp,0.06810488,3712,0.51042541,3073,0.49505359,3296,老公,单身与脱单,unreviewed
3713,偶像,偶像,2,tencent_ai_lab_chinese_embedding_light_mirror_mvp,0.06806149,3713,0.4995701,3683,0.52225977,2492,对象,约会,unreviewed
3714,筹备,筹备,2,tencent_ai_lab_chinese_embedding_light_mirror_mvp,0.06805079,3714,0.49800997,3777,0.52545756,2412,拥抱,约会,unreviewed
3715,买车,买车,2,tencent_ai_lab_chinese_embedding_light_mirror_mvp,0.06804643,3715,0.49880246,3726,0.52384984,2458,订婚,婚恋,unreviewed
3716,拍摄结束后,拍摄结束后,5,tencent_ai_lab_chinese_embedding_light_mirror_mvp,0.06794802,3716,0.50059439,3620,0.52021813,2555,落后,社会比较与人生进度,unreviewed
3717,逗比,逗比,2,tencent_ai_lab_chinese_embedding_light_mirror_mvp,0.06794158,3717,0.4991641,3705,0.52290583,2477,对象,表白与追求,unreviewed
3718,离个,离个,2,tencent_ai_lab_chinese_embedding_light_mirror_mvp,0.06780242,3718,0.49781172,3792,0.52558994,2406,脱单,单身与脱单,unreviewed
3719,三奶,三奶,2,tencent_ai_lab_chinese_embedding_light_mirror_mvp,0.06775291,3719,0.51350058,2911,0.41372687,4821,老婆,亲密行为,unreviewed
3720,英雄主义,英雄主义,4,tencent_ai_lab_chinese_embedding_light_mirror_mvp,0.06772385,3720,0.51502632,2822,0.39656758,4930,追求,社会比较与人生进度,manual_reject
3721,性冷淡,性冷淡,3,tencent_ai_lab_chinese_embedding_light_mirror_mvp,0.06767093,3721,0.50144154,3567,0.51818615,2611,单身,单身与脱单,unreviewed
3722,工作狂,工作狂,3,tencent_ai_lab_chinese_embedding_light_mirror_mvp,0.06766403,3722,0.51030512,3079,0.46703193,4048,被追,社会比较与人生进度,unreviewed
3723,充满,充满,2,tencent_ai_lab_chinese_embedding_light_mirror_mvp,0.06764884,3723,0.48998011,4323,0.54256147,1954,拥抱,社会比较与人生进度,unreviewed
3724,活该,活该,2,tencent_ai_lab_chinese_embedding_light_mirror_mvp,0.06758125,3724,0.4829138,4886,0.56170017,1524,被追,社会比较与人生进度,unreviewed
3725,神经病,神经病,3,tencent_ai_lab_chinese_embedding_light_mirror_mvp,0.06748452,3725,0.5109768,3044,0.44625494,4457,亲密关系,社会比较与人生进度,unreviewed
3726,太丑,太丑,2,tencent_ai_lab_chinese_embedding_light_mirror_mvp,0.06743486,3726,0.51023033,3085,0.478127,3756,落后,社会比较与人生进度,unreviewed
3727,东西,东西,2,tencent_ai_lab_chinese_embedding_light_mirror_mvp,0.06728884,3727,0.48976446,4342,0.5427264,1950,对象,表白与追求,unreviewed
3728,踢足球,踢足球,3,tencent_ai_lab_chinese_embedding_light_mirror_mvp,0.06725032,3728,0.51277763,2954,0.42110825,4758,散步,约会,unreviewed
3729,我们,我们,2,tencent_ai_lab_chinese_embedding_light_mirror_mvp,0.06724553,3729,0.51020823,3088,0.48118025,3672,拥抱,社会比较与人生进度,unreviewed
3730,爱才,爱才,2,tencent_ai_lab_chinese_embedding_light_mirror_mvp,0.06718853,3730,0.49838836,3749,0.52354014,2463,爱情,社会比较与人生进度,unreviewed
3731,从小到大,从小到大,4,tencent_ai_lab_chinese_embedding_light_mirror_mvp,0.06715782,3731,0.49768583,3805,0.52521265,2416,同龄人,社会比较与人生进度,unreviewed
3732,另一方面,另一方面,4,tencent_ai_lab_chinese_embedding_light_mirror_mvp,0.06715416,3732,0.49420849,4035,0.53266317,2217,对象,社会比较与人生进度,unreviewed
3733,流年,流年,2,tencent_ai_lab_chinese_embedding_light_mirror_mvp,0.06713212,3733,0.51015722,3092,0.46988562,3985,青春,社会比较与人生进度,unreviewed
3734,金钱至上,金钱至上,4,tencent_ai_lab_chinese_embedding_light_mirror_mvp,0.06712479,3734,0.51021645,3087,0.48718071,3498,落后,社会比较与人生进度,unreviewed
3735,三毛,三毛,2,tencent_ai_lab_chinese_embedding_light_mirror_mvp,0.06703919,3735,0.51483911,2836,0.3970986,4924,拥抱,社会比较与人生进度,manual_reject
3736,其他,其他,2,tencent_ai_lab_chinese_embedding_light_mirror_mvp,0.06703063,3736,0.50110941,3586,0.51807964,2615,落后,社会比较与人生进度,unreviewed
3737,耳语,耳语,2,tencent_ai_lab_chinese_embedding_light_mirror_mvp,0.06699951,3737,0.5175843,2702,0.37469652,4985,恋人,社会比较与人生进度,manual_review
3738,层次,层次,2,tencent_ai_lab_chinese_embedding_light_mirror_mvp,0.06693162,3738,0.49180326,4201,0.5375073,2076,人生阶段,社会比较与人生进度,unreviewed
3739,戏水,戏水,2,tencent_ai_lab_chinese_embedding_light_mirror_mvp,0.06692496,3739,0.51242731,2971,0.42406416,4725,接吻,亲密行为,unreviewed
3740,停下来,停下来,3,tencent_ai_lab_chinese_embedding_light_mirror_mvp,0.06689125,3740,0.48897799,4398,0.54412496,1917,落后,社会比较与人生进度,unreviewed
3741,悠闲地,悠闲地,3,tencent_ai_lab_chinese_embedding_light_mirror_mvp,0.06687621,3741,0.51014029,3093,0.49345005,3335,散步,社会比较与人生进度,unreviewed
3742,做产,做产,2,tencent_ai_lab_chinese_embedding_light_mirror_mvp,0.06681118,3742,0.51017798,3091,0.46608549,4062,老公,婚恋,unreviewed
3743,至于,至于,2,tencent_ai_lab_chinese_embedding_light_mirror_mvp,0.06678116,3743,0.50096723,3590,0.51791936,2618,落后,社会比较与人生进度,unreviewed
3744,偏见,偏见,2,tencent_ai_lab_chinese_embedding_light_mirror_mvp,0.06670257,3744,0.51007499,3096,0.47681379,3785,落后,社会比较与人生进度,unreviewed
3745,心理医生,心理医生,4,tencent_ai_lab_chinese_embedding_light_mirror_mvp,0.06659466,3745,0.51001494,3099,0.47499245,3839,感情史,社会比较与人生进度,unreviewed
3746,座位表,座位表,3,tencent_ai_lab_chinese_embedding_light_mirror_mvp,0.06659182,3746,0.51150566,3016,0.43373716,4623,对象,约会,unreviewed
3747,爱理不理,爱理不理,4,tencent_ai_lab_chinese_embedding_light_mirror_mvp,0.06655528,3747,0.49150282,4218,0.53758812,2072,爱情,社会比较与人生进度,unreviewed
3748,演技,演技,2,tencent_ai_lab_chinese_embedding_light_mirror_mvp,0.06652931,3748,0.51102057,3041,0.44081241,4528,看电影,表白与追求,unreviewed
3749,管教,管教,2,tencent_ai_lab_chinese_embedding_light_mirror_mvp,0.0664886,3749,0.51059546,3062,0.44669691,4451,校服,社会比较与人生进度,unreviewed
3750,淘气,淘气,2,tencent_ai_lab_chinese_embedding_light_mirror_mvp,0.06641248,3750,0.51030256,3080,0.45505348,4291,落后,社会比较与人生进度,unreviewed
3751,分开,分开,2,tencent_ai_lab_chinese_embedding_light_mirror_mvp,0.06632695,3751,0.49349394,4088,0.53328216,2197,前任,社会比较与人生进度,unreviewed
3752,勇气,勇气,2,tencent_ai_lab_chinese_embedding_light_mirror_mvp,0.06628361,3752,0.50907921,3158,0.5031873,3039,拥抱,社会比较与人生进度,unreviewed
3753,刻意,刻意,2,tencent_ai_lab_chinese_embedding_light_mirror_mvp,0.06624413,3753,0.50089811,3596,0.51744235,2630,亲密,社会比较与人生进度,unreviewed
3754,手足之情,手足之情,4,tencent_ai_lab_chinese_embedding_light_mirror_mvp,0.06620838,3754,0.50628812,3300,0.50783753,2908,牵手,亲密行为,unreviewed
3755,新衣,新衣,2,tencent_ai_lab_chinese_embedding_light_mirror_mvp,0.06609156,3755,0.50961459,3124,0.50200969,3079,校服,婚恋,unreviewed
3756,客观现实,客观现实,4,tencent_ai_lab_chinese_embedding_light_mirror_mvp,0.06607226,3756,0.4852834,4694,0.55285048,1707,亲密,社会比较与人生进度,unreviewed
3757,自信,自信,2,tencent_ai_lab_chinese_embedding_light_mirror_mvp,0.0659851,3757,0.50040967,3637,0.51842695,2605,亲密,社会比较与人生进度,unreviewed
3758,价值体系,价值体系,4,tencent_ai_lab_chinese_embedding_light_mirror_mvp,0.06589245,3758,0.50978811,3111,0.47496444,3840,亲密关系,社会比较与人生进度,unreviewed
3759,患病,患病,2,tencent_ai_lab_chinese_embedding_light_mirror_mvp,0.06586383,3759,0.51010964,3094,0.45801264,4228,伴侣,社会比较与人生进度,unreviewed
3760,困惑,困惑,2,tencent_ai_lab_chinese_embedding_light_mirror_mvp,0.06585711,3760,0.48566837,4664,0.55147588,1735,对象,社会比较与人生进度,unreviewed
3761,忘我,忘我,2,tencent_ai_lab_chinese_embedding_light_mirror_mvp,0.06581104,3761,0.50169591,3551,0.51555675,2688,错过青春,恋爱历史,unreviewed
3762,教会,教会,2,tencent_ai_lab_chinese_embedding_light_mirror_mvp,0.0658008,3762,0.49933511,3696,0.52011633,2556,约会,约会,unreviewed
3763,小孩儿,小孩儿,3,tencent_ai_lab_chinese_embedding_light_mirror_mvp,0.06577557,3763,0.50999925,3101,0.4604356,4184,青春,社会比较与人生进度,unreviewed
3764,小军,小军,2,tencent_ai_lab_chinese_embedding_light_mirror_mvp,0.06572475,3764,0.51361593,2900,0.40510321,4875,拥抱,社会比较与人生进度,unreviewed
3765,挨批,挨批,2,tencent_ai_lab_chinese_embedding_light_mirror_mvp,0.06560053,3765,0.48613251,4625,0.54976082,1771,被追,社会比较与人生进度,unreviewed
3766,互赠,互赠,2,tencent_ai_lab_chinese_embedding_light_mirror_mvp,0.06544198,3766,0.4864054,4604,0.54887009,1793,伴侣,亲密行为,unreviewed
3767,送行,送行,2,tencent_ai_lab_chinese_embedding_light_mirror_mvp,0.06540214,3767,0.48961618,4355,0.54091668,2002,散步,表白与追求,unreviewed
3768,趋向,趋向,2,tencent_ai_lab_chinese_embedding_light_mirror_mvp,0.06539221,3768,0.50043927,3631,0.51746005,2627,落后,社会比较与人生进度,unreviewed
3769,来场,来场,2,tencent_ai_lab_chinese_embedding_light_mirror_mvp,0.06533718,3769,0.50263351,3498,0.51336849,2755,约会,约会,unreviewed
3770,就定,就定,2,tencent_ai_lab_chinese_embedding_light_mirror_mvp,0.06533087,3770,0.48206561,4951,0.56091821,1539,订婚,约会,manual_reject
3771,痛苦万分,痛苦万分,4,tencent_ai_lab_chinese_embedding_light_mirror_mvp,0.06515031,3771,0.49315399,4110,0.53263545,2218,亲密,社会比较与人生进度,unreviewed
3772,户外运动,户外运动,4,tencent_ai_lab_chinese_embedding_light_mirror_mvp,0.06511881,3772,0.49677107,3858,0.52450854,2435,散步,约会,unreviewed
3773,生病,生病,2,tencent_ai_lab_chinese_embedding_light_mirror_mvp,0.06504225,3773,0.50960829,3125,0.47676063,3787,老公,社会比较与人生进度,unreviewed
3774,人格分裂,人格分裂,4,tencent_ai_lab_chinese_embedding_light_mirror_mvp,0.06497495,3774,0.49342959,4092,0.53194016,2242,人生阶段,社会比较与人生进度,unreviewed
3775,年仅,年仅,2,tencent_ai_lab_chinese_embedding_light_mirror_mvp,0.06497319,3775,0.50958761,3127,0.48256439,3633,同龄人,社会比较与人生进度,unreviewed
3776,排场,排场,2,tencent_ai_lab_chinese_embedding_light_mirror_mvp,0.0649477,3776,0.50970507,3116,0.4612959,4164,约会,约会,unreviewed
3777,命运,命运,2,tencent_ai_lab_chinese_embedding_light_mirror_mvp,0.0649253,3777,0.50958457,3129,0.49455044,3313,人生阶段,社会比较与人生进度,unreviewed
3778,离家,离家,2,tencent_ai_lab_chinese_embedding_light_mirror_mvp,0.06486292,3778,0.48967148,4349,0.53993136,2021,散步,约会,unreviewed
3779,纠缠,纠缠,2,tencent_ai_lab_chinese_embedding_light_mirror_mvp,0.06481389,3779,0.4885744,4431,0.54254019,1955,被追,表白与追求,unreviewed
3780,向你,向你,2,tencent_ai_lab_chinese_embedding_light_mirror_mvp,0.06480365,3780,0.49373802,4075,0.53123921,2265,告白,表白与追求,unreviewed
3781,不乐意,不乐意,3,tencent_ai_lab_chinese_embedding_light_mirror_mvp,0.06479276,3781,0.49955447,3684,0.51851994,2601,没有对象,社会比较与人生进度,unreviewed
3782,白头,白头,2,tencent_ai_lab_chinese_embedding_light_mirror_mvp,0.06478302,3782,0.49619154,3903,0.52554131,2409,告白,表白与追求,unreviewed
3783,回答,回答,2,tencent_ai_lab_chinese_embedding_light_mirror_mvp,0.06473276,3783,0.49270953,4139,0.53299862,2205,对象,社会比较与人生进度,unreviewed
3784,挫折感,挫折感,3,tencent_ai_lab_chinese_embedding_light_mirror_mvp,0.06473105,3784,0.50534127,3348,0.5077064,2913,感情史,社会比较与人生进度,unreviewed
3785,你我,你我,2,tencent_ai_lab_chinese_embedding_light_mirror_mvp,0.0646968,3785,0.50952119,3133,0.48606983,3542,表白,表白与追求,unreviewed
3786,无所畏惧,无所畏惧,4,tencent_ai_lab_chinese_embedding_light_mirror_mvp,0.06469581,3786,0.50954967,3132,0.49157313,3389,被追,表白与追求,unreviewed
3787,自个,自个,2,tencent_ai_lab_chinese_embedding_light_mirror_mvp,0.06468343,3787,0.49329892,4099,0.53176534,2244,单身,社会比较与人生进度,unreviewed
3788,迷彩,迷彩,2,tencent_ai_lab_chinese_embedding_light_mirror_mvp,0.06440624,3788,0.51237209,2973,0.41457146,4817,暗恋,表白与追求,unreviewed
3789,打拳,打拳,2,tencent_ai_lab_chinese_embedding_light_mirror_mvp,0.06439253,3789,0.50958501,3128,0.46236461,4142,散步,约会,unreviewed
3790,社会压力,社会压力,4,tencent_ai_lab_chinese_embedding_light_mirror_mvp,0.06436637,3790,0.50945814,3138,0.48585618,3544,人生阶段,社会比较与人生进度,unreviewed
3791,心态,心态,2,tencent_ai_lab_chinese_embedding_light_mirror_mvp,0.06436332,3791,0.48542345,4681,0.54995966,1764,人生阶段,社会比较与人生进度,unreviewed
3792,介意,介意,2,tencent_ai_lab_chinese_embedding_light_mirror_mvp,0.06435881,3792,0.48905451,4394,0.54088217,2003,对象,表白与追求,unreviewed
3793,爆出,爆出,2,tencent_ai_lab_chinese_embedding_light_mirror_mvp,0.06434232,3793,0.50959698,3126,0.46103561,4167,被追,社会比较与人生进度,unreviewed
3794,吃糖,吃糖,2,tencent_ai_lab_chinese_embedding_light_mirror_mvp,0.06430825,3794,0.50938696,3142,0.47326738,3896,约饭,约会,unreviewed
3795,肯定,肯定,2,tencent_ai_lab_chinese_embedding_light_mirror_mvp,0.06430643,3795,0.50946412,3137,0.48982012,3429,亲密,约会,unreviewed
3796,二班,二班,2,tencent_ai_lab_chinese_embedding_light_mirror_mvp,0.06427173,3796,0.50995989,3102,0.44697553,4448,同桌,社会比较与人生进度,unreviewed
3797,妃子,妃子,2,tencent_ai_lab_chinese_embedding_light_mirror_mvp,0.06423599,3797,0.48384561,4819,0.55464774,1669,妻子,婚恋,unreviewed
3798,弟妹们,弟妹们,3,tencent_ai_lab_chinese_embedding_light_mirror_mvp,0.06421184,3798,0.50500379,3363,0.50763482,2917,同龄人,社会比较与人生进度,unreviewed
3799,要不是,要不是,3,tencent_ai_lab_chinese_embedding_light_mirror_mvp,0.06403036,3799,0.48761131,4509,0.54408789,1918,追求,社会比较与人生进度,unreviewed
3800,妒火中烧,妒火中烧,4,tencent_ai_lab_chinese_embedding_light_mirror_mvp,0.06390962,3800,0.51174197,3001,0.41911167,4774,暗恋,社会比较与人生进度,unreviewed
3801,房事,房事,2,tencent_ai_lab_chinese_embedding_light_mirror_mvp,0.06376872,3801,0.49393588,4058,0.52936417,2312,感情史,婚恋,unreviewed
3802,他们的,他们的,3,tencent_ai_lab_chinese_embedding_light_mirror_mvp,0.0636914,3802,0.50871825,3171,0.50075346,3118,喜欢的人,社会比较与人生进度,unreviewed
3803,胖了,胖了,2,tencent_ai_lab_chinese_embedding_light_mirror_mvp,0.06358748,3803,0.50914241,3152,0.48080415,3683,散步,社会比较与人生进度,unreviewed
3804,睡午觉,睡午觉,3,tencent_ai_lab_chinese_embedding_light_mirror_mvp,0.06358628,3804,0.51044989,3072,0.43477881,4611,约饭,约会,unreviewed
3805,反思,反思,2,tencent_ai_lab_chinese_embedding_light_mirror_mvp,0.06357908,3805,0.48924937,4378,0.53914958,2036,被追,表白与追求,unreviewed
3806,不好,不好,2,tencent_ai_lab_chinese_embedding_light_mirror_mvp,0.06356925,3806,0.48565189,4666,0.54837632,1801,落后,社会比较与人生进度,unreviewed
3807,代孕,代孕,2,tencent_ai_lab_chinese_embedding_light_mirror_mvp,0.06347633,3807,0.50912535,3154,0.48578748,3548,母胎单身,婚恋,unreviewed
3808,太想,太想,2,tencent_ai_lab_chinese_embedding_light_mirror_mvp,0.06332604,3808,0.48425863,4790,0.55232137,1718,追求,表白与追求,unreviewed
3809,半生,半生,2,tencent_ai_lab_chinese_embedding_light_mirror_mvp,0.06331194,3809,0.50856521,3180,0.50058293,3123,人生阶段,社会比较与人生进度,unreviewed
3810,心甘情愿,心甘情愿,4,tencent_ai_lab_chinese_embedding_light_mirror_mvp,0.0632844,3810,0.49485288,3995,0.52662879,2380,爱情,表白与追求,unreviewed
3811,心目中,心目中,3,tencent_ai_lab_chinese_embedding_light_mirror_mvp,0.06315272,3811,0.49356464,4086,0.52946991,2309,人生阶段,社会比较与人生进度,unreviewed
3812,职位,职位,2,tencent_ai_lab_chinese_embedding_light_mirror_mvp,0.06299917,3812,0.50030217,3643,0.51509541,2703,对象,社会比较与人生进度,unreviewed
3813,黑衣服,黑衣服,3,tencent_ai_lab_chinese_embedding_light_mirror_mvp,0.06298001,3813,0.49368066,4077,0.5289104,2321,校服,表白与追求,unreviewed
3814,成名成家,成名成家,4,tencent_ai_lab_chinese_embedding_light_mirror_mvp,0.0629251,3814,0.508899,3165,0.47014272,3976,订婚,社会比较与人生进度,unreviewed
3815,聊上,聊上,2,tencent_ai_lab_chinese_embedding_light_mirror_mvp,0.06289633,3815,0.48708048,4547,0.54388088,1924,对象,表白与追求,unreviewed
3816,淡忘,淡忘,2,tencent_ai_lab_chinese_embedding_light_mirror_mvp,0.06284366,3816,0.48535683,4686,0.54813218,1809,暗恋,表白与追求,unreviewed
3817,荧屏,荧屏,2,tencent_ai_lab_chinese_embedding_light_mirror_mvp,0.06282418,3817,0.50935478,3143,0.45481128,4294,看电影,表白与追求,unreviewed
3818,受罪,受罪,2,tencent_ai_lab_chinese_embedding_light_mirror_mvp,0.06272774,3818,0.482754,4901,0.55548656,1654,被追,社会比较与人生进度,manual_reject
3819,港媒,港媒,2,tencent_ai_lab_chinese_embedding_light_mirror_mvp,0.06271308,3819,0.51556972,2797,0.37817007,4979,感情史,社会比较与人生进度,manual_reject
3820,受害者,受害者,3,tencent_ai_lab_chinese_embedding_light_mirror_mvp,0.0627043,3820,0.48168977,4985,0.55844122,1593,被追,表白与追求,manual_reject
3821,现实主义,现实主义,4,tencent_ai_lab_chinese_embedding_light_mirror_mvp,0.06264226,3821,0.5090878,3157,0.46103215,4169,人生阶段,社会比较与人生进度,unreviewed
3822,反过来,反过来,3,tencent_ai_lab_chinese_embedding_light_mirror_mvp,0.06262998,3822,0.48581647,4651,0.54656088,1841,被追,社会比较与人生进度,unreviewed
3823,身材,身材,2,tencent_ai_lab_chinese_embedding_light_mirror_mvp,0.06260849,3823,0.48313544,4873,0.55420858,1676,单身,社会比较与人生进度,unreviewed
3824,攻击行为,攻击行为,4,tencent_ai_lab_chinese_embedding_light_mirror_mvp,0.0625772,3824,0.49463686,4010,0.52624708,2392,被追,表白与追求,unreviewed
3825,辛苦,辛苦,2,tencent_ai_lab_chinese_embedding_light_mirror_mvp,0.06256377,3825,0.50710627,3257,0.50207371,3074,亲密,社会比较与人生进度,unreviewed
3826,倒贴,倒贴,2,tencent_ai_lab_chinese_embedding_light_mirror_mvp,0.06254703,3826,0.50877466,3168,0.4768241,3782,脱单,亲密行为,unreviewed
3827,挣得,挣得,2,tencent_ai_lab_chinese_embedding_light_mirror_mvp,0.0625384,3827,0.5023473,3513,0.51041877,2836,追求,社会比较与人生进度,unreviewed
3828,歌词,歌词,2,tencent_ai_lab_chinese_embedding_light_mirror_mvp,0.06240376,3828,0.49861093,3734,0.51729923,2638,爱情,社会比较与人生进度,unreviewed
3829,真好,真好,2,tencent_ai_lab_chinese_embedding_light_mirror_mvp,0.06240002,3829,0.49127616,4233,0.53307742,2201,亲密,社会比较与人生进度,unreviewed
3830,发短信,发短信,3,tencent_ai_lab_chinese_embedding_light_mirror_mvp,0.06238706,3830,0.49691775,3842,0.52066642,2541,表白,表白与追求,unreviewed
3831,说说笑笑,说说笑笑,4,tencent_ai_lab_chinese_embedding_light_mirror_mvp,0.06235069,3831,0.50867996,3173,0.48140973,3664,别人都有对象,社会比较与人生进度,unreviewed
3832,一脸,一脸,2,tencent_ai_lab_chinese_embedding_light_mirror_mvp,0.06234254,3832,0.50911984,3156,0.45733637,4243,拥抱,社会比较与人生进度,unreviewed
3833,哲思,哲思,2,tencent_ai_lab_chinese_embedding_light_mirror_mvp,0.06234173,3833,0.50912095,3155,0.4569425,4250,追求,表白与追求,unreviewed
3834,如此,如此,2,tencent_ai_lab_chinese_embedding_light_mirror_mvp,0.06232967,3834,0.484329,4785,0.55068612,1751,落后,社会比较与人生进度,unreviewed
3835,昔日,昔日,2,tencent_ai_lab_chinese_embedding_light_mirror_mvp,0.06232216,3835,0.49320549,4105,0.52901697,2319,前任,社会比较与人生进度,unreviewed
3836,然哥,然哥,2,tencent_ai_lab_chinese_embedding_light_mirror_mvp,0.06227447,3836,0.50862409,3175,0.47889096,3735,前男友,社会比较与人生进度,unreviewed
3837,得了,得了,2,tencent_ai_lab_chinese_embedding_light_mirror_mvp,0.06226801,3837,0.49335855,4096,0.5286957,2330,被追,社会比较与人生进度,unreviewed
3838,伤痛,伤痛,2,tencent_ai_lab_chinese_embedding_light_mirror_mvp,0.06223898,3838,0.50861712,3176,0.49488497,3304,恋爱经历,社会比较与人生进度,unreviewed
3839,背道而驰,背道而驰,4,tencent_ai_lab_chinese_embedding_light_mirror_mvp,0.06223214,3839,0.50864438,3174,0.46722966,4043,散步,社会比较与人生进度,unreviewed
3840,坚持下去,坚持下去,4,tencent_ai_lab_chinese_embedding_light_mirror_mvp,0.06208695,3840,0.48573306,4661,0.54617333,1852,落后,社会比较与人生进度,unreviewed
3841,裸体,裸体,2,tencent_ai_lab_chinese_embedding_light_mirror_mvp,0.06199779,3841,0.49031953,4302,0.53479987,2157,单身,单身与脱单,unreviewed
3842,缘来,缘来,2,tencent_ai_lab_chinese_embedding_light_mirror_mvp,0.06192984,3842,0.49795454,3781,0.51814288,2613,感情史,社会比较与人生进度,unreviewed
3843,社会地位,社会地位,4,tencent_ai_lab_chinese_embedding_light_mirror_mvp,0.0618904,3843,0.5005491,3622,0.5130949,2760,人生阶段,社会比较与人生进度,unreviewed
3844,揩油,揩油,2,tencent_ai_lab_chinese_embedding_light_mirror_mvp,0.06182987,3844,0.51050633,3068,0.42613977,4703,约会,约会,unreviewed
3845,忘了,忘了,2,tencent_ai_lab_chinese_embedding_light_mirror_mvp,0.06174629,3845,0.49185458,4197,0.53129697,2261,错过青春,社会比较与人生进度,unreviewed
3846,共同财产,共同财产,4,tencent_ai_lab_chinese_embedding_light_mirror_mvp,0.06173128,3846,0.50849257,3184,0.47536743,3826,老公,婚恋,unreviewed
3847,闹情绪,闹情绪,3,tencent_ai_lab_chinese_embedding_light_mirror_mvp,0.0616543,3847,0.49685749,3848,0.5199306,2562,感情史,社会比较与人生进度,unreviewed
3848,甚笃,甚笃,2,tencent_ai_lab_chinese_embedding_light_mirror_mvp,0.06162338,3848,0.51346912,2913,0.39377475,4941,亲密,表白与追求,manual_review
3849,逗狗,逗狗,2,tencent_ai_lab_chinese_embedding_light_mirror_mvp,0.06152501,3849,0.51134789,3024,0.41453284,4818,拥抱,亲密行为,unreviewed
3850,所作所为,所作所为,4,tencent_ai_lab_chinese_embedding_light_mirror_mvp,0.06150332,3850,0.50843282,3187,0.46724319,4041,被追,表白与追求,unreviewed
3851,装傻,装傻,2,tencent_ai_lab_chinese_embedding_light_mirror_mvp,0.06132783,3851,0.50892441,3163,0.45140955,4359,脱单,社会比较与人生进度,unreviewed
3852,爱学习,爱学习,3,tencent_ai_lab_chinese_embedding_light_mirror_mvp,0.06123716,3852,0.48355527,4838,0.55097461,1743,爱情,校园恋爱,unreviewed
3853,影视圈,影视圈,3,tencent_ai_lab_chinese_embedding_light_mirror_mvp,0.06122258,3853,0.5083439,3192,0.49855959,3190,看电影,社会比较与人生进度,unreviewed
3854,长相,长相,2,tencent_ai_lab_chinese_embedding_light_mirror_mvp,0.06114324,3854,0.50501646,3361,0.50370103,3024,结婚,社会比较与人生进度,unreviewed
3855,喜剧,喜剧,2,tencent_ai_lab_chinese_embedding_light_mirror_mvp,0.06109386,3855,0.48478917,4740,0.54747057,1824,喜欢的人,表白与追求,unreviewed
3856,因此,因此,2,tencent_ai_lab_chinese_embedding_light_mirror_mvp,0.06108994,3856,0.50886829,3166,0.45046818,4379,对象,社会比较与人生进度,unreviewed
3857,体弱多病,体弱多病,4,tencent_ai_lab_chinese_embedding_light_mirror_mvp,0.06102404,3857,0.51022542,3086,0.42672503,4699,单身,社会比较与人生进度,unreviewed
3858,下楼,下楼,2,tencent_ai_lab_chinese_embedding_light_mirror_mvp,0.06098332,3858,0.50825197,3199,0.4752326,3834,落后,社会比较与人生进度,unreviewed
3859,光阴似箭,光阴似箭,4,tencent_ai_lab_chinese_embedding_light_mirror_mvp,0.06094305,3859,0.50948114,3135,0.43901098,4553,暗恋,表白与追求,unreviewed
3860,沉醉于,沉醉于,3,tencent_ai_lab_chinese_embedding_light_mirror_mvp,0.06083535,3860,0.50103436,3588,0.51068252,2827,落后,表白与追求,unreviewed
3861,我想要,我想要,3,tencent_ai_lab_chinese_embedding_light_mirror_mvp,0.06083087,3861,0.48540435,4683,0.54535145,1879,追求,表白与追求,unreviewed
3862,止境,止境,2,tencent_ai_lab_chinese_embedding_light_mirror_mvp,0.06075502,3862,0.50812262,3203,0.47650826,3800,对象,社会比较与人生进度,unreviewed
3863,小时候,小时候,3,tencent_ai_lab_chinese_embedding_light_mirror_mvp,0.06070924,3863,0.49771111,3800,0.51721311,2641,早恋,社会比较与人生进度,unreviewed
3864,保有,保有,2,tencent_ai_lab_chinese_embedding_light_mirror_mvp,0.06069287,3864,0.48841757,4441,0.53743225,2082,拥抱,亲密行为,unreviewed
3865,心间,心间,2,tencent_ai_lab_chinese_embedding_light_mirror_mvp,0.06062495,3865,0.50810874,3205,0.49382249,3330,牵手,表白与追求,unreviewed
3866,就把,就把,2,tencent_ai_lab_chinese_embedding_light_mirror_mvp,0.0605085,3866,0.48828157,4450,0.53745341,2080,被追,社会比较与人生进度,unreviewed
3867,草地,草地,2,tencent_ai_lab_chinese_embedding_light_mirror_mvp,0.06043601,3867,0.51004857,3097,0.42683235,4696,散步,社会比较与人生进度,unreviewed
3868,无法自拔,无法自拔,4,tencent_ai_lab_chinese_embedding_light_mirror_mvp,0.06041074,3868,0.50809655,3207,0.48888308,3455,错过青春,社会比较与人生进度,unreviewed
3869,自闭,自闭,2,tencent_ai_lab_chinese_embedding_light_mirror_mvp,0.0603784,3869,0.50410283,3403,0.50412172,3010,脱单,社会比较与人生进度,unreviewed
3870,出类拔萃,出类拔萃,4,tencent_ai_lab_chinese_embedding_light_mirror_mvp,0.0603613,3870,0.51052979,3067,0.41948032,4771,落后,社会比较与人生进度,unreviewed
3871,进取,进取,2,tencent_ai_lab_chinese_embedding_light_mirror_mvp,0.06028697,3871,0.48301927,4879,0.55098999,1741,落后,社会比较与人生进度,unreviewed
3872,请别,请别,2,tencent_ai_lab_chinese_embedding_light_mirror_mvp,0.06028099,3872,0.50803802,3212,0.48527598,3562,告白,表白与追求,unreviewed
3873,学识,学识,2,tencent_ai_lab_chinese_embedding_light_mirror_mvp,0.0602593,3873,0.50164074,3557,0.50903714,2880,追求,社会比较与人生进度,unreviewed
3874,闲下来,闲下来,3,tencent_ai_lab_chinese_embedding_light_mirror_mvp,0.06019272,3874,0.49231149,4164,0.52827674,2345,落后,社会比较与人生进度,unreviewed
3875,终身,终身,2,tencent_ai_lab_chinese_embedding_light_mirror_mvp,0.05999956,3875,0.48160311,4997,0.55475843,1665,单身,单身与脱单,manual_keep
3876,大宝,大宝,2,tencent_ai_lab_chinese_embedding_light_mirror_mvp,0.05992638,3876,0.51422958,2868,0.38147682,4970,大学恋爱,社会比较与人生进度,manual_reject
3877,孤苦伶仃,孤苦伶仃,4,tencent_ai_lab_chinese_embedding_light_mirror_mvp,0.05990525,3877,0.49399312,4047,0.52403843,2453,单身,单身与脱单,unreviewed
3878,课堂,课堂,2,tencent_ai_lab_chinese_embedding_light_mirror_mvp,0.05984553,3878,0.50786157,3217,0.49754363,3220,同桌,校园恋爱,unreviewed
3879,床上,床上,2,tencent_ai_lab_chinese_embedding_light_mirror_mvp,0.05983822,3879,0.50785538,3218,0.47700927,3778,妻子,婚恋,unreviewed
3880,纪念日,纪念日,3,tencent_ai_lab_chinese_embedding_light_mirror_mvp,0.05982506,3880,0.50706195,3259,0.49891558,3176,婚礼,表白与追求,unreviewed
3881,产房,产房,2,tencent_ai_lab_chinese_embedding_light_mirror_mvp,0.0598195,3881,0.50665121,3286,0.49975222,3152,妻子,婚恋,unreviewed
3882,挫折,挫折,2,tencent_ai_lab_chinese_embedding_light_mirror_mvp,0.05974723,3882,0.50490699,3373,0.50227433,3065,落后,社会比较与人生进度,unreviewed
3883,那些,那些,2,tencent_ai_lab_chinese_embedding_light_mirror_mvp,0.05974625,3883,0.50782322,3219,0.48316866,3609,青春,社会比较与人生进度,unreviewed
3884,形单影只,形单影只,4,tencent_ai_lab_chinese_embedding_light_mirror_mvp,0.05968873,3884,0.48217708,4942,0.55251735,1717,单身,单身与脱单,manual_keep
3885,忙里偷闲,忙里偷闲,4,tencent_ai_lab_chinese_embedding_light_mirror_mvp,0.05960253,3885,0.49614649,3905,0.51907849,2588,散步,表白与追求,unreviewed
3886,三心二意,三心二意,4,tencent_ai_lab_chinese_embedding_light_mirror_mvp,0.05957502,3886,0.50860189,3177,0.44387633,4490,感情史,社会比较与人生进度,unreviewed
3887,沉默寡言,沉默寡言,4,tencent_ai_lab_chinese_embedding_light_mirror_mvp,0.05950921,3887,0.49220868,4174,0.52766263,2361,暗恋,表白与追求,unreviewed
3888,还给,还给,2,tencent_ai_lab_chinese_embedding_light_mirror_mvp,0.05949275,3888,0.50080153,3607,0.50971186,2864,被追,表白与追求,unreviewed
3889,买豪车,买豪车,3,tencent_ai_lab_chinese_embedding_light_mirror_mvp,0.0594256,3889,0.50967236,3118,0.42735317,4690,订婚,社会比较与人生进度,unreviewed
3890,女娃,女娃,2,tencent_ai_lab_chinese_embedding_light_mirror_mvp,0.05926507,3890,0.49887779,3722,0.51290751,2763,女朋友,对象关系,unreviewed
3891,出演,出演,2,tencent_ai_lab_chinese_embedding_light_mirror_mvp,0.05914951,3891,0.5012552,3579,0.50825429,2899,婚礼,约会,unreviewed
3892,相思,相思,2,tencent_ai_lab_chinese_embedding_light_mirror_mvp,0.05910102,3892,0.50285389,3479,0.5050208,2991,恋情,表白与追求,unreviewed
3893,性健康,性健康,3,tencent_ai_lab_chinese_embedding_light_mirror_mvp,0.05904092,3893,0.49941359,3690,0.51157314,2800,伴侣,对象关系,unreviewed
3894,特别,特别,2,tencent_ai_lab_chinese_embedding_light_mirror_mvp,0.05901135,3894,0.49497962,3978,0.5205844,2543,亲密,社会比较与人生进度,unreviewed
3895,很久,很久,2,tencent_ai_lab_chinese_embedding_light_mirror_mvp,0.05897933,3895,0.49606074,3913,0.51845241,2603,亲密,社会比较与人生进度,unreviewed
3896,小海,小海,2,tencent_ai_lab_chinese_embedding_light_mirror_mvp,0.05897598,3896,0.51381788,2887,0.38172644,4969,拥抱,社会比较与人生进度,manual_reject
3897,风雨同舟,风雨同舟,4,tencent_ai_lab_chinese_embedding_light_mirror_mvp,0.05890691,3897,0.50801209,3214,0.45361316,4322,同桌,社会比较与人生进度,unreviewed
3898,原地踏步,原地踏步,4,tencent_ai_lab_chinese_embedding_light_mirror_mvp,0.05889337,3898,0.48392836,4810,0.54658294,1840,散步,约会,unreviewed
3899,买套,买套,2,tencent_ai_lab_chinese_embedding_light_mirror_mvp,0.05888947,3899,0.481911,4961,0.55195093,1727,订婚,婚恋,manual_reject
3900,穿着打扮,穿着打扮,4,tencent_ai_lab_chinese_embedding_light_mirror_mvp,0.05887599,3900,0.50743481,3234,0.48945487,3436,校服,社会比较与人生进度,unreviewed
3901,共患难,共患难,3,tencent_ai_lab_chinese_embedding_light_mirror_mvp,0.05887078,3901,0.48468734,4752,0.54497677,1896,伴侣,社会比较与人生进度,unreviewed
3902,全裸,全裸,2,tencent_ai_lab_chinese_embedding_light_mirror_mvp,0.05885121,3902,0.49002749,4319,0.53138173,2257,单身,单身与脱单,unreviewed
3903,长文,长文,2,tencent_ai_lab_chinese_embedding_light_mirror_mvp,0.05882073,3903,0.51033533,3078,0.41529632,4812,亲密,社会比较与人生进度,unreviewed
3904,消食,消食,2,tencent_ai_lab_chinese_embedding_light_mirror_mvp,0.05882037,3904,0.48637153,4607,0.54031533,2015,约饭,约会,unreviewed
3905,合唱,合唱,2,tencent_ai_lab_chinese_embedding_light_mirror_mvp,0.05881253,3905,0.50444916,3390,0.50187379,3087,拥抱,约会,unreviewed
3906,自我发展,自我发展,4,tencent_ai_lab_chinese_embedding_light_mirror_mvp,0.05880165,3906,0.50322568,3456,0.50382125,3021,人生阶段,社会比较与人生进度,unreviewed
3907,穿衣,穿衣,2,tencent_ai_lab_chinese_embedding_light_mirror_mvp,0.05879,3907,0.48631095,4611,0.54041874,2013,校服,社会比较与人生进度,unreviewed
3908,上位,上位,2,tencent_ai_lab_chinese_embedding_light_mirror_mvp,0.05874539,3908,0.50381746,3426,0.50277287,3052,落后,社会比较与人生进度,unreviewed
3909,闲庭信步,闲庭信步,4,tencent_ai_lab_chinese_embedding_light_mirror_mvp,0.05873255,3909,0.49763514,3810,0.51496398,2706,散步,约会,unreviewed
3910,助理,助理,2,tencent_ai_lab_chinese_embedding_light_mirror_mvp,0.05861513,3910,0.5073784,3240,0.49074322,3404,伴侣,对象关系,unreviewed
3911,工头,工头,2,tencent_ai_lab_chinese_embedding_light_mirror_mvp,0.05860303,3911,0.5098408,3108,0.42098957,4760,老公,婚恋,unreviewed
3912,看作,看作,2,tencent_ai_lab_chinese_embedding_light_mirror_mvp,0.05857125,3912,0.48275218,4902,0.54942542,1784,看电影,表白与追求,manual_reject
3913,毒舌,毒舌,2,tencent_ai_lab_chinese_embedding_light_mirror_mvp,0.05855951,3913,0.50883747,3167,0.43524939,4605,接吻,亲密行为,unreviewed
3914,当作,当作,2,tencent_ai_lab_chinese_embedding_light_mirror_mvp,0.05846968,3914,0.50724223,3245,0.47959948,3715,被追,社会比较与人生进度,unreviewed
3915,招妓,招妓,2,tencent_ai_lab_chinese_embedding_light_mirror_mvp,0.05845971,3915,0.5092386,3149,0.43006247,4664,求婚,婚恋,unreviewed
3916,随波逐流,随波逐流,4,tencent_ai_lab_chinese_embedding_light_mirror_mvp,0.05844386,3916,0.49419194,4038,0.5216313,2511,散步,社会比较与人生进度,unreviewed
3917,模样,模样,2,tencent_ai_lab_chinese_embedding_light_mirror_mvp,0.05843509,3917,0.50772218,3222,0.45362556,4321,亲密,社会比较与人生进度,unreviewed
3918,面试官,面试官,3,tencent_ai_lab_chinese_embedding_light_mirror_mvp,0.05835893,3918,0.4877678,4496,0.53606087,2121,对象,社会比较与人生进度,unreviewed
3919,哭过,哭过,2,tencent_ai_lab_chinese_embedding_light_mirror_mvp,0.0582422,3919,0.4825063,4919,0.54950809,1781,错过青春,社会比较与人生进度,manual_review
3920,磨难,磨难,2,tencent_ai_lab_chinese_embedding_light_mirror_mvp,0.05802524,3920,0.50713021,3254,0.47813928,3755,恋爱经历,社会比较与人生进度,unreviewed
3921,心软,心软,2,tencent_ai_lab_chinese_embedding_light_mirror_mvp,0.05780696,3921,0.49855928,3738,0.51150697,2802,亲密,亲密行为,unreviewed
3922,那份,那份,2,tencent_ai_lab_chinese_embedding_light_mirror_mvp,0.05779158,3922,0.49448079,4022,0.52027208,2551,拥抱,社会比较与人生进度,unreviewed
3923,恣意,恣意,2,tencent_ai_lab_chinese_embedding_light_mirror_mvp,0.05778972,3923,0.50304235,3471,0.50293291,3046,落后,社会比较与人生进度,unreviewed
3924,变美变,变美变,3,tencent_ai_lab_chinese_embedding_light_mirror_mvp,0.05772477,3924,0.51075758,3056,0.4070667,4862,落后,社会比较与人生进度,unreviewed
3925,说家,说家,2,tencent_ai_lab_chinese_embedding_light_mirror_mvp,0.05771706,3925,0.50703751,3262,0.46984357,3986,老公,婚恋,unreviewed
3926,欲念,欲念,2,tencent_ai_lab_chinese_embedding_light_mirror_mvp,0.0576193,3926,0.4848277,4734,0.54258734,1952,暗恋,表白与追求,unreviewed
3927,认同感,认同感,3,tencent_ai_lab_chinese_embedding_light_mirror_mvp,0.05760503,3927,0.48479219,4739,0.54272711,1949,同龄人,社会比较与人生进度,unreviewed
3928,佳话,佳话,2,tencent_ai_lab_chinese_embedding_light_mirror_mvp,0.05758807,3928,0.50718795,3249,0.46004325,4191,妻子,社会比较与人生进度,unreviewed
3929,婶儿,婶儿,2,tencent_ai_lab_chinese_embedding_light_mirror_mvp,0.0575033,3929,0.48830475,4447,0.53344434,2194,丈夫,婚恋,unreviewed
3930,实现,实现,2,tencent_ai_lab_chinese_embedding_light_mirror_mvp,0.05746286,3930,0.48771867,4501,0.53494751,2149,追求,社会比较与人生进度,unreviewed
3931,心灵深处,心灵深处,4,tencent_ai_lab_chinese_embedding_light_mirror_mvp,0.05743942,3931,0.48599521,4633,0.53909332,2039,人生阶段,社会比较与人生进度,unreviewed
3932,高于一切,高于一切,4,tencent_ai_lab_chinese_embedding_light_mirror_mvp,0.05740447,3932,0.4931493,4111,0.52247989,2485,追求,社会比较与人生进度,unreviewed
3933,宝爸,宝爸,2,tencent_ai_lab_chinese_embedding_light_mirror_mvp,0.0573057,3933,0.50686427,3268,0.4956938,3281,老公,婚恋,unreviewed
3934,咖啡店,咖啡店,3,tencent_ai_lab_chinese_embedding_light_mirror_mvp,0.05726067,3934,0.50827001,3198,0.43693092,4583,伴侣,约会,unreviewed
3935,是谁,是谁,2,tencent_ai_lab_chinese_embedding_light_mirror_mvp,0.05725298,3935,0.5081214,3204,0.43901306,4551,别人都有对象,表白与追求,unreviewed
3936,你老,你老,2,tencent_ai_lab_chinese_embedding_light_mirror_mvp,0.05723295,3936,0.49460337,4013,0.51936513,2583,老婆,社会比较与人生进度,unreviewed
3937,峥嵘岁月,峥嵘岁月,4,tencent_ai_lab_chinese_embedding_light_mirror_mvp,0.05723208,3937,0.49795442,3782,0.5120402,2784,青春,社会比较与人生进度,unreviewed
3938,天人永隔,天人永隔,4,tencent_ai_lab_chinese_embedding_light_mirror_mvp,0.05721687,3938,0.50685128,3270,0.47887278,3736,恋人,社会比较与人生进度,unreviewed
3939,撇下,撇下,2,tencent_ai_lab_chinese_embedding_light_mirror_mvp,0.05710427,3939,0.50683396,3272,0.49181587,3385,同桌,社会比较与人生进度,unreviewed
3940,远走他乡,远走他乡,4,tencent_ai_lab_chinese_embedding_light_mirror_mvp,0.05699248,3940,0.48890848,4406,0.53156471,2252,散步,表白与追求,unreviewed
3941,敬重,敬重,2,tencent_ai_lab_chinese_embedding_light_mirror_mvp,0.05693076,3941,0.48309178,4875,0.54599947,1859,追求,表白与追求,unreviewed
3942,炫富,炫富,2,tencent_ai_lab_chinese_embedding_light_mirror_mvp,0.0568612,3942,0.50744374,3231,0.44487572,4474,追求,表白与追求,unreviewed
3943,赌气,赌气,2,tencent_ai_lab_chinese_embedding_light_mirror_mvp,0.05682939,3943,0.50845397,3186,0.43160862,4646,落后,社会比较与人生进度,unreviewed
3944,但他,但他,2,tencent_ai_lab_chinese_embedding_light_mirror_mvp,0.05682126,3944,0.50068842,3614,0.50634921,2957,老公,表白与追求,unreviewed
3945,使你,使你,2,tencent_ai_lab_chinese_embedding_light_mirror_mvp,0.05679793,3945,0.50597882,3321,0.49697593,3234,伴侣,表白与追求,unreviewed
3946,相投,相投,2,tencent_ai_lab_chinese_embedding_light_mirror_mvp,0.0567585,3946,0.49195334,4189,0.52426553,2445,对象,表白与追求,unreviewed
3947,豁达,豁达,2,tencent_ai_lab_chinese_embedding_light_mirror_mvp,0.05675434,3947,0.5059902,3320,0.49686581,3236,落后,社会比较与人生进度,unreviewed
3948,你就,你就,2,tencent_ai_lab_chinese_embedding_light_mirror_mvp,0.05669884,3948,0.50675972,3277,0.49080646,3400,对象,社会比较与人生进度,unreviewed
3949,只想,只想,2,tencent_ai_lab_chinese_embedding_light_mirror_mvp,0.05668033,3949,0.48955718,4361,0.52967292,2302,单身,表白与追求,unreviewed
3950,刚上,刚上,2,tencent_ai_lab_chinese_embedding_light_mirror_mvp,0.05663516,3950,0.50333925,3450,0.50090879,3113,被追,社会比较与人生进度,unreviewed
3951,酗酒,酗酒,2,tencent_ai_lab_chinese_embedding_light_mirror_mvp,0.05663338,3951,0.50716927,3250,0.45043308,4380,约饭,社会比较与人生进度,unreviewed
3952,真渣,真渣,2,tencent_ai_lab_chinese_embedding_light_mirror_mvp,0.0565849,3952,0.50697132,3265,0.45821327,4224,前任,恋爱历史,unreviewed
3953,春暖花开,春暖花开,4,tencent_ai_lab_chinese_embedding_light_mirror_mvp,0.05657684,3953,0.50704937,3260,0.45579767,4269,青春,社会比较与人生进度,unreviewed
3954,第三节,第三节,3,tencent_ai_lab_chinese_embedding_light_mirror_mvp,0.05646765,3954,0.50682467,3275,0.4629055,4127,感情史,社会比较与人生进度,unreviewed
3955,贪图安逸,贪图安逸,4,tencent_ai_lab_chinese_embedding_light_mirror_mvp,0.05643285,3955,0.49928101,3699,0.50842535,2892,追求,表白与追求,unreviewed
3956,容忍,容忍,2,tencent_ai_lab_chinese_embedding_light_mirror_mvp,0.05641799,3956,0.50526874,3350,0.49753433,3221,对象,社会比较与人生进度,unreviewed
3957,老乡,老乡,2,tencent_ai_lab_chinese_embedding_light_mirror_mvp,0.05640908,3957,0.50440357,3394,0.49887031,3177,老婆,社会比较与人生进度,unreviewed
3958,迷弟,迷弟,2,tencent_ai_lab_chinese_embedding_light_mirror_mvp,0.05628767,3958,0.50654573,3292,0.47211444,3931,亲密,社会比较与人生进度,unreviewed
3959,长款,长款,2,tencent_ai_lab_chinese_embedding_light_mirror_mvp,0.05627486,3959,0.50658926,3289,0.48618841,3538,订婚,社会比较与人生进度,unreviewed
3960,混圈,混圈,2,tencent_ai_lab_chinese_embedding_light_mirror_mvp,0.05624049,3960,0.51113064,3032,0.39690602,4926,落后,社会比较与人生进度,manual_reject
3961,开开心心,开开心心,4,tencent_ai_lab_chinese_embedding_light_mirror_mvp,0.05622646,3961,0.50426815,3396,0.49872339,3181,亲密,表白与追求,unreviewed
3962,养大,养大,2,tencent_ai_lab_chinese_embedding_light_mirror_mvp,0.05622297,3962,0.50657804,3290,0.48632556,3534,拥抱,社会比较与人生进度,unreviewed
3963,游乐园,游乐园,3,tencent_ai_lab_chinese_embedding_light_mirror_mvp,0.05616513,3963,0.50729032,3243,0.44403702,4488,校园恋爱,校园恋爱,unreviewed
3964,帮你,帮你,2,tencent_ai_lab_chinese_embedding_light_mirror_mvp,0.05616149,3964,0.49477849,4002,0.51743472,2631,追求,表白与追求,unreviewed
3965,女家长,女家长,3,tencent_ai_lab_chinese_embedding_light_mirror_mvp,0.05614095,3965,0.50225608,3518,0.50223392,3067,女朋友,社会比较与人生进度,unreviewed
3966,自杀,自杀,2,tencent_ai_lab_chinese_embedding_light_mirror_mvp,0.05609316,3966,0.50649267,3293,0.46938926,3994,暗恋,社会比较与人生进度,unreviewed
3967,泪奔,泪奔,2,tencent_ai_lab_chinese_embedding_light_mirror_mvp,0.05603903,3967,0.50491201,3370,0.49765566,3217,暗恋,表白与追求,unreviewed
3968,说声,说声,2,tencent_ai_lab_chinese_embedding_light_mirror_mvp,0.0560103,3968,0.50657636,3291,0.48934877,3439,告白,表白与追求,unreviewed
3969,坐牢,坐牢,2,tencent_ai_lab_chinese_embedding_light_mirror_mvp,0.05600869,3969,0.49765333,3808,0.51127565,2812,被追,亲密行为,unreviewed
3970,不懈,不懈,2,tencent_ai_lab_chinese_embedding_light_mirror_mvp,0.05600247,3970,0.48545132,4678,0.53842896,2054,追求,社会比较与人生进度,unreviewed
3971,电影圈,电影圈,3,tencent_ai_lab_chinese_embedding_light_mirror_mvp,0.05589669,3971,0.48228549,4936,0.54645765,1846,看电影,社会比较与人生进度,manual_reject
3972,归根结底,归根结底,4,tencent_ai_lab_chinese_embedding_light_mirror_mvp,0.05582806,3972,0.49512879,3965,0.51600027,2677,落后,社会比较与人生进度,unreviewed
3973,很配,很配,2,tencent_ai_lab_chinese_embedding_light_mirror_mvp,0.05582439,3973,0.50043509,3634,0.50554061,2977,亲密,表白与追求,unreviewed
3974,不过,不过,2,tencent_ai_lab_chinese_embedding_light_mirror_mvp,0.05567151,3974,0.49489533,3990,0.5165298,2663,没谈过恋爱,社会比较与人生进度,unreviewed
3975,锻练,锻练,2,tencent_ai_lab_chinese_embedding_light_mirror_mvp,0.05565101,3975,0.48986567,4336,0.52748895,2363,散步,约会,unreviewed
3976,感受到,感受到,3,tencent_ai_lab_chinese_embedding_light_mirror_mvp,0.05563876,3976,0.48338575,4857,0.54372597,1927,感情史,社会比较与人生进度,unreviewed
3977,好意思,好意思,3,tencent_ai_lab_chinese_embedding_light_mirror_mvp,0.0555368,3977,0.50141976,3571,0.5030815,3043,亲密,表白与追求,unreviewed
3978,不老,不老,2,tencent_ai_lab_chinese_embedding_light_mirror_mvp,0.05552034,3978,0.49256862,4151,0.52122092,2524,落后,社会比较与人生进度,unreviewed
3979,姊妹俩,姊妹俩,3,tencent_ai_lab_chinese_embedding_light_mirror_mvp,0.0554911,3979,0.48587929,4645,0.5366528,2101,伴侣,亲密行为,unreviewed
3980,有加,有加,2,tencent_ai_lab_chinese_embedding_light_mirror_mvp,0.05545266,3980,0.48242521,4926,0.54556918,1873,追求,表白与追求,manual_reject
3981,总以为,总以为,3,tencent_ai_lab_chinese_embedding_light_mirror_mvp,0.05544931,3981,0.5062546,3303,0.47681749,3783,追求,社会比较与人生进度,unreviewed
3982,魅力,魅力,2,tencent_ai_lab_chinese_embedding_light_mirror_mvp,0.05541926,3982,0.49639972,3884,0.5128445,2765,亲密,表白与追求,unreviewed
3983,值得,值得,2,tencent_ai_lab_chinese_embedding_light_mirror_mvp,0.05537602,3983,0.48389825,4817,0.54210812,1971,落后,社会比较与人生进度,unreviewed
3984,聪明能干,聪明能干,4,tencent_ai_lab_chinese_embedding_light_mirror_mvp,0.05532987,3984,0.50748659,3229,0.4354406,4599,亲密,社会比较与人生进度,unreviewed
3985,现代生活,现代生活,4,tencent_ai_lab_chinese_embedding_light_mirror_mvp,0.05532437,3985,0.48382312,4821,0.5421558,1969,人生阶段,社会比较与人生进度,unreviewed
3986,共同体,共同体,3,tencent_ai_lab_chinese_embedding_light_mirror_mvp,0.05519916,3986,0.48699694,4555,0.53356683,2191,同龄人,约会,unreviewed
3987,赋予,赋予,2,tencent_ai_lab_chinese_embedding_light_mirror_mvp,0.05514747,3987,0.49962924,3676,0.50602359,2965,追求,表白与追求,unreviewed
3988,家庭治疗,家庭治疗,4,tencent_ai_lab_chinese_embedding_light_mirror_mvp,0.05502959,3988,0.50271128,3491,0.50010622,3142,伴侣,婚恋,unreviewed
3989,尤其,尤其,2,tencent_ai_lab_chinese_embedding_light_mirror_mvp,0.05492363,3989,0.48340192,4856,0.54257506,1953,落后,社会比较与人生进度,unreviewed
3990,视为,视为,2,tencent_ai_lab_chinese_embedding_light_mirror_mvp,0.05484286,3990,0.49035542,4299,0.52506864,2423,被追,社会比较与人生进度,unreviewed
3991,另个,另个,2,tencent_ai_lab_chinese_embedding_light_mirror_mvp,0.05477385,3991,0.4877955,4492,0.53121138,2266,别人都有对象,表白与追求,unreviewed
3992,领导,领导,2,tencent_ai_lab_chinese_embedding_light_mirror_mvp,0.05474911,3992,0.50327916,3453,0.49856764,3188,对象,社会比较与人生进度,unreviewed
3993,军训教官,军训教官,4,tencent_ai_lab_chinese_embedding_light_mirror_mvp,0.05470718,3993,0.50696615,3266,0.44223177,4509,校服,校园恋爱,unreviewed
3994,碎花,碎花,2,tencent_ai_lab_chinese_embedding_light_mirror_mvp,0.0546794,3994,0.50671661,3281,0.44633991,4455,散步,社会比较与人生进度,unreviewed
3995,户外,户外,2,tencent_ai_lab_chinese_embedding_light_mirror_mvp,0.0546413,3995,0.50244193,3504,0.50000018,3145,散步,约会,unreviewed
3996,忘却,忘却,2,tencent_ai_lab_chinese_embedding_light_mirror_mvp,0.05460748,3996,0.48449009,4768,0.5391776,2034,错过青春,社会比较与人生进度,unreviewed
3997,观众们,观众们,3,tencent_ai_lab_chinese_embedding_light_mirror_mvp,0.0546054,3997,0.4998302,3666,0.50484979,2994,看电影,约会,unreviewed
3998,任性,任性,2,tencent_ai_lab_chinese_embedding_light_mirror_mvp,0.05459935,3998,0.48178298,4972,0.54578352,1866,前任,社会比较与人生进度,manual_reject
3999,玫瑰花,玫瑰花,3,tencent_ai_lab_chinese_embedding_light_mirror_mvp,0.05458404,3999,0.50663459,3287,0.44743204,4441,婚礼,婚恋,unreviewed
4000,点钱,点钱,2,tencent_ai_lab_chinese_embedding_light_mirror_mvp,0.05456828,4000,0.50221807,3523,0.50035822,3129,约饭,约会,unreviewed
4001,猛料,猛料,2,tencent_ai_lab_chinese_embedding_light_mirror_mvp,0.05456368,4001,0.50596552,3323,0.48226646,3642,被追,表白与追求,unreviewed
4002,很穷,很穷,2,tencent_ai_lab_chinese_embedding_light_mirror_mvp,0.05450497,4002,0.50596718,3322,0.49072704,3405,落后,社会比较与人生进度,unreviewed
4003,待人接物,待人接物,4,tencent_ai_lab_chinese_embedding_light_mirror_mvp,0.05448279,4003,0.48873675,4418,0.52841079,2338,别人都有对象,社会比较与人生进度,unreviewed
4004,真心实意,真心实意,4,tencent_ai_lab_chinese_embedding_light_mirror_mvp,0.0543966,4004,0.48277075,4898,0.54324782,1939,亲密,表白与追求,unreviewed
4005,发自内心,发自内心,4,tencent_ai_lab_chinese_embedding_light_mirror_mvp,0.05430672,4005,0.49395469,4055,0.51666105,2660,亲密,社会比较与人生进度,unreviewed
4006,展现出,展现出,3,tencent_ai_lab_chinese_embedding_light_mirror_mvp,0.05426399,4006,0.49494929,3983,0.51438773,2725,对象,表白与追求,unreviewed
4007,副总,副总,2,tencent_ai_lab_chinese_embedding_light_mirror_mvp,0.05426114,4007,0.50699085,3264,0.43915391,4548,前任,社会比较与人生进度,unreviewed
4008,随心所欲,随心所欲,4,tencent_ai_lab_chinese_embedding_light_mirror_mvp,0.05423661,4008,0.48752147,4515,0.53111345,2267,追求,表白与追求,unreviewed
4009,共进,共进,2,tencent_ai_lab_chinese_embedding_light_mirror_mvp,0.05423027,4009,0.49199859,4185,0.52053499,2545,拥抱,社会比较与人生进度,unreviewed
4010,春装,春装,2,tencent_ai_lab_chinese_embedding_light_mirror_mvp,0.0541908,4010,0.49548804,3949,0.51314545,2757,校服,社会比较与人生进度,unreviewed
4011,食堂,食堂,2,tencent_ai_lab_chinese_embedding_light_mirror_mvp,0.05412788,4011,0.48574576,4660,0.53526098,2145,约饭,约会,unreviewed
4012,卧床,卧床,2,tencent_ai_lab_chinese_embedding_light_mirror_mvp,0.05407149,4012,0.50627694,3302,0.44964534,4401,单身,婚恋,unreviewed
4013,如果可以,如果可以,4,tencent_ai_lab_chinese_embedding_light_mirror_mvp,0.05406666,4013,0.4861995,4618,0.5338167,2180,对象,社会比较与人生进度,unreviewed
4014,太忙,太忙,2,tencent_ai_lab_chinese_embedding_light_mirror_mvp,0.05405192,4014,0.49440099,4028,0.51536697,2693,亲密,社会比较与人生进度,unreviewed
4015,直言,直言,2,tencent_ai_lab_chinese_embedding_light_mirror_mvp,0.054026,4015,0.49021568,4308,0.52421641,2448,告白,表白与追求,unreviewed
4016,咱家,咱家,2,tencent_ai_lab_chinese_embedding_light_mirror_mvp,0.05402137,4016,0.50604548,3317,0.45829478,4222,婚礼,婚恋,unreviewed
4017,拉开,拉开,2,tencent_ai_lab_chinese_embedding_light_mirror_mvp,0.05397598,4017,0.48155047,5000,0.54573357,1869,牵手,亲密行为,manual_reject
4018,来宾,来宾,2,tencent_ai_lab_chinese_embedding_light_mirror_mvp,0.05396885,4018,0.50564228,3335,0.47910291,3729,求婚,约会,unreviewed
4019,抽烟,抽烟,2,tencent_ai_lab_chinese_embedding_light_mirror_mvp,0.05388497,4019,0.50622562,3306,0.45060986,4375,散步,约会,unreviewed
4020,长兄,长兄,2,tencent_ai_lab_chinese_embedding_light_mirror_mvp,0.05384116,4020,0.49903328,3710,0.50520474,2984,亲密,亲密行为,unreviewed
4021,可贵,可贵,2,tencent_ai_lab_chinese_embedding_light_mirror_mvp,0.05383588,4021,0.5056057,3337,0.48272979,3628,落后,表白与追求,unreviewed
4022,来讲,来讲,2,tencent_ai_lab_chinese_embedding_light_mirror_mvp,0.05370136,4022,0.48643625,4598,0.53278399,2214,对象,社会比较与人生进度,unreviewed
4023,蹦蹦跳跳,蹦蹦跳跳,4,tencent_ai_lab_chinese_embedding_light_mirror_mvp,0.05367037,4023,0.500211,3647,0.50286549,3049,散步,社会比较与人生进度,unreviewed
4024,新房,新房,2,tencent_ai_lab_chinese_embedding_light_mirror_mvp,0.05364425,4024,0.48590783,4641,0.53394562,2178,结婚,婚恋,unreviewed
4025,下铺,下铺,2,tencent_ai_lab_chinese_embedding_light_mirror_mvp,0.05363723,4025,0.50828592,3195,0.41833299,4783,校服,约会,unreviewed
4026,差太多,差太多,3,tencent_ai_lab_chinese_embedding_light_mirror_mvp,0.05362622,4026,0.48832283,4444,0.52801615,2349,落后,社会比较与人生进度,unreviewed
4027,这一点,这一点,3,tencent_ai_lab_chinese_embedding_light_mirror_mvp,0.05358816,4027,0.49689912,3844,0.5091908,2876,人生阶段,社会比较与人生进度,unreviewed
4028,妈蛋,妈蛋,2,tencent_ai_lab_chinese_embedding_light_mirror_mvp,0.05356123,4028,0.50585181,3329,0.45893121,4214,母胎单身,婚恋,unreviewed
4029,涵哥,涵哥,2,tencent_ai_lab_chinese_embedding_light_mirror_mvp,0.05355156,4029,0.50715928,3251,0.43124017,4653,拥抱,对象关系,unreviewed
4030,优雅,优雅,2,tencent_ai_lab_chinese_embedding_light_mirror_mvp,0.05353637,4030,0.50144898,3564,0.50031006,3134,落后,社会比较与人生进度,unreviewed
4031,下台,下台,2,tencent_ai_lab_chinese_embedding_light_mirror_mvp,0.05350441,4031,0.49943626,3689,0.5039345,3015,落后,约会,unreviewed
4032,长头发,长头发,3,tencent_ai_lab_chinese_embedding_light_mirror_mvp,0.05348873,4032,0.5084558,3185,0.41541183,4810,青春,社会比较与人生进度,unreviewed
4033,膝下,膝下,2,tencent_ai_lab_chinese_embedding_light_mirror_mvp,0.05348779,4033,0.50775529,3221,0.4238337,4727,拥抱,亲密行为,unreviewed
4034,并肩作战,并肩作战,4,tencent_ai_lab_chinese_embedding_light_mirror_mvp,0.05345922,4034,0.5020974,3526,0.49898267,3172,牵手,社会比较与人生进度,unreviewed
4035,潮流,潮流,2,tencent_ai_lab_chinese_embedding_light_mirror_mvp,0.05340375,4035,0.5061018,3314,0.44799948,4437,青春,社会比较与人生进度,unreviewed
4036,骑马,骑马,2,tencent_ai_lab_chinese_embedding_light_mirror_mvp,0.05339534,4036,0.50561912,3336,0.46202528,4147,散步,约会,unreviewed
4037,调侃,调侃,2,tencent_ai_lab_chinese_embedding_light_mirror_mvp,0.05337298,4037,0.49649857,3878,0.5098722,2855,对象,社会比较与人生进度,unreviewed
4038,家去,家去,2,tencent_ai_lab_chinese_embedding_light_mirror_mvp,0.05334047,4038,0.49443785,4025,0.51432467,2726,约会,约会,unreviewed
4039,见了,见了,2,tencent_ai_lab_chinese_embedding_light_mirror_mvp,0.05332947,4039,0.48687756,4566,0.53133929,2259,对象,表白与追求,unreviewed
4040,从来,从来,2,tencent_ai_lab_chinese_embedding_light_mirror_mvp,0.05325622,4040,0.50623192,3305,0.44491279,4473,落后,社会比较与人生进度,unreviewed
4041,含蓄,含蓄,2,tencent_ai_lab_chinese_embedding_light_mirror_mvp,0.05323797,4041,0.4926155,4146,0.51787329,2620,拥抱,社会比较与人生进度,unreviewed
4042,算了吧,算了吧,3,tencent_ai_lab_chinese_embedding_light_mirror_mvp,0.05322872,4042,0.49151092,4217,0.5201112,2557,对象,社会比较与人生进度,unreviewed
4043,坏话,坏话,2,tencent_ai_lab_chinese_embedding_light_mirror_mvp,0.05313717,4043,0.50547498,3342,0.46258754,4135,落后,社会比较与人生进度,unreviewed
4044,死乞白赖,死乞白赖,4,tencent_ai_lab_chinese_embedding_light_mirror_mvp,0.05312766,4044,0.50578679,3330,0.45408058,4314,告白,表白与追求,unreviewed
4045,气愤,气愤,2,tencent_ai_lab_chinese_embedding_light_mirror_mvp,0.05312613,4045,0.49627746,3892,0.50993997,2852,落后,社会比较与人生进度,unreviewed
4046,倡导,倡导,2,tencent_ai_lab_chinese_embedding_light_mirror_mvp,0.05312458,4046,0.49463843,4009,0.51358509,2750,追求,表白与追求,unreviewed
4047,坚强,坚强,2,tencent_ai_lab_chinese_embedding_light_mirror_mvp,0.0530313,4047,0.48716377,4538,0.5301044,2295,追求,表白与追求,unreviewed
4048,休学,休学,2,tencent_ai_lab_chinese_embedding_light_mirror_mvp,0.05301932,4048,0.50119185,3582,0.50015569,3140,散步,社会比较与人生进度,unreviewed
4049,是的,是的,2,tencent_ai_lab_chinese_embedding_light_mirror_mvp,0.05298189,4049,0.50519711,3354,0.47751141,3768,亲密,社会比较与人生进度,unreviewed
4050,一成不变,一成不变,4,tencent_ai_lab_chinese_embedding_light_mirror_mvp,0.05288036,4050,0.4869898,4557,0.53045338,2286,落后,社会比较与人生进度,unreviewed
4051,好久,好久,2,tencent_ai_lab_chinese_embedding_light_mirror_mvp,0.05286267,4051,0.48988515,4334,0.52318001,2469,亲密,社会比较与人生进度,unreviewed
4052,笑着,笑着,2,tencent_ai_lab_chinese_embedding_light_mirror_mvp,0.05283423,4052,0.48663735,4587,0.53127342,2262,拥抱,表白与追求,unreviewed
4053,好看,好看,2,tencent_ai_lab_chinese_embedding_light_mirror_mvp,0.052773,4053,0.48642626,4599,0.53155369,2253,落后,表白与追求,unreviewed
4054,孜孜不倦,孜孜不倦,4,tencent_ai_lab_chinese_embedding_light_mirror_mvp,0.05271027,4054,0.48916868,4387,0.5246675,2431,追求,表白与追求,unreviewed
4055,灰姑娘,灰姑娘,3,tencent_ai_lab_chinese_embedding_light_mirror_mvp,0.052621,4055,0.50636324,3297,0.43843883,4563,暗恋,表白与追求,unreviewed
4056,正因如此,正因如此,4,tencent_ai_lab_chinese_embedding_light_mirror_mvp,0.0525586,4056,0.50499181,3364,0.48623693,3537,落后,社会比较与人生进度,unreviewed
4057,与富,与富,2,tencent_ai_lab_chinese_embedding_light_mirror_mvp,0.05254405,4057,0.49433622,4032,0.51340944,2753,被追,表白与追求,unreviewed
4058,上下级,上下级,3,tencent_ai_lab_chinese_embedding_light_mirror_mvp,0.05243875,4058,0.50536287,3347,0.45694774,4249,落后,社会比较与人生进度,unreviewed
4059,触景生情,触景生情,4,tencent_ai_lab_chinese_embedding_light_mirror_mvp,0.05238275,4059,0.48712864,4545,0.52929902,2315,感情史,亲密行为,unreviewed
4060,如果,如果,2,tencent_ai_lab_chinese_embedding_light_mirror_mvp,0.05238266,4060,0.50043428,3635,0.50077325,3117,对象,社会比较与人生进度,unreviewed
4061,给你,给你,2,tencent_ai_lab_chinese_embedding_light_mirror_mvp,0.05234113,4061,0.49686844,3847,0.50740635,2923,对象,表白与追求,unreviewed
4062,一无所有,一无所有,4,tencent_ai_lab_chinese_embedding_light_mirror_mvp,0.05229424,4062,0.48819448,4458,0.52636594,2389,没有对象,单身与脱单,unreviewed
4063,人性尊严,人性尊严,4,tencent_ai_lab_chinese_embedding_light_mirror_mvp,0.05223516,4063,0.48670197,4579,0.53016132,2293,亲密关系,社会比较与人生进度,unreviewed
4064,勃起,勃起,2,tencent_ai_lab_chinese_embedding_light_mirror_mvp,0.05219997,4064,0.50529298,3349,0.45533729,4281,拥抱,亲密行为,unreviewed
4065,似乎,似乎,2,tencent_ai_lab_chinese_embedding_light_mirror_mvp,0.05210731,4065,0.49419013,4039,0.51290798,2762,亲密,社会比较与人生进度,unreviewed
4066,痛哭,痛哭,2,tencent_ai_lab_chinese_embedding_light_mirror_mvp,0.05201738,4066,0.50403103,3409,0.49324614,3340,拥抱,社会比较与人生进度,unreviewed
4067,消逝,消逝,2,tencent_ai_lab_chinese_embedding_light_mirror_mvp,0.05198616,4067,0.48398707,4806,0.53649104,2106,散步,表白与追求,unreviewed
4068,大女,大女,2,tencent_ai_lab_chinese_embedding_light_mirror_mvp,0.05197119,4068,0.49199843,4186,0.5173071,2637,大学恋爱,婚恋,unreviewed
4069,社会心理,社会心理,4,tencent_ai_lab_chinese_embedding_light_mirror_mvp,0.05188873,4069,0.48901609,4396,0.52383798,2459,人生阶段,社会比较与人生进度,unreviewed
4070,女主播,女主播,3,tencent_ai_lab_chinese_embedding_light_mirror_mvp,0.05185952,4070,0.48630351,4612,0.53054571,2279,女朋友,对象关系,unreviewed
4071,固然,固然,2,tencent_ai_lab_chinese_embedding_light_mirror_mvp,0.05183684,4071,0.49551945,3945,0.50975835,2860,落后,社会比较与人生进度,unreviewed
4072,女儿身,女儿身,3,tencent_ai_lab_chinese_embedding_light_mirror_mvp,0.05178091,4072,0.49960257,3678,0.5013656,3103,母胎单身,单身与脱单,unreviewed
4073,爱憎分明,爱憎分明,4,tencent_ai_lab_chinese_embedding_light_mirror_mvp,0.05159686,4073,0.50473614,3384,0.48465097,3575,暗恋,表白与追求,unreviewed
4074,研究生,研究生,3,tencent_ai_lab_chinese_embedding_light_mirror_mvp,0.05156605,4074,0.48204776,4953,0.54077703,2006,学生情侣,社会比较与人生进度,manual_reject
4075,一方面,一方面,3,tencent_ai_lab_chinese_embedding_light_mirror_mvp,0.05151405,4075,0.49677299,3855,0.50647807,2952,对象,社会比较与人生进度,unreviewed
4076,回复,回复,2,tencent_ai_lab_chinese_embedding_light_mirror_mvp,0.05150388,4076,0.48290256,4889,0.53834391,2055,对象,社会比较与人生进度,unreviewed
4077,强奸犯,强奸犯,3,tencent_ai_lab_chinese_embedding_light_mirror_mvp,0.05148988,4077,0.50492843,3369,0.45803654,4227,被追,社会比较与人生进度,unreviewed
4078,失忆,失忆,2,tencent_ai_lab_chinese_embedding_light_mirror_mvp,0.05146546,4078,0.4900015,4322,0.52073324,2536,错过青春,社会比较与人生进度,unreviewed
4079,偏执,偏执,2,tencent_ai_lab_chinese_embedding_light_mirror_mvp,0.0513955,4079,0.50455296,3389,0.4795717,3717,脱单,表白与追求,unreviewed
4080,没多久,没多久,3,tencent_ai_lab_chinese_embedding_light_mirror_mvp,0.05136991,4080,0.48314945,4871,0.53753328,2075,没有对象,社会比较与人生进度,unreviewed
4081,那一刻,那一刻,3,tencent_ai_lab_chinese_embedding_light_mirror_mvp,0.0512831,4081,0.49457967,4015,0.51095146,2819,人生阶段,社会比较与人生进度,unreviewed
4082,反而,反而,2,tencent_ai_lab_chinese_embedding_light_mirror_mvp,0.05125719,4082,0.49228677,4168,0.5157069,2684,被追,表白与追求,unreviewed
4083,一点,一点,2,tencent_ai_lab_chinese_embedding_light_mirror_mvp,0.05123688,4083,0.49788803,3787,0.50380224,3023,落后,社会比较与人生进度,unreviewed
4084,写作文,写作文,3,tencent_ai_lab_chinese_embedding_light_mirror_mvp,0.0512309,4084,0.50738351,3238,0.41649389,4803,告白,社会比较与人生进度,unreviewed
4085,姨妈,姨妈,2,tencent_ai_lab_chinese_embedding_light_mirror_mvp,0.05121428,4085,0.49763554,3809,0.50445551,3006,母胎单身,亲密行为,unreviewed
4086,灿烂,灿烂,2,tencent_ai_lab_chinese_embedding_light_mirror_mvp,0.0511682,4086,0.50291657,3475,0.49420375,3318,落后,社会比较与人生进度,unreviewed
4087,吊带,吊带,2,tencent_ai_lab_chinese_embedding_light_mirror_mvp,0.05103601,4087,0.50660663,3288,0.42727607,4691,拥抱,单身与脱单,unreviewed
4088,长痛不如短痛,长痛不如短痛,6,tencent_ai_lab_chinese_embedding_light_mirror_mvp,0.05103429,4088,0.50425708,3398,0.47156686,3941,亲密,社会比较与人生进度,unreviewed
4089,酒店,酒店,2,tencent_ai_lab_chinese_embedding_light_mirror_mvp,0.05098315,4089,0.49350439,4087,0.51276839,2768,婚礼,约会,unreviewed
4090,性困惑,性困惑,3,tencent_ai_lab_chinese_embedding_light_mirror_mvp,0.05072907,4090,0.48972188,4346,0.52035654,2547,感情史,社会比较与人生进度,unreviewed
4091,直面,直面,2,tencent_ai_lab_chinese_embedding_light_mirror_mvp,0.05068955,4091,0.48920717,4385,0.52153891,2516,亲密,亲密行为,unreviewed
4092,当上,当上,2,tencent_ai_lab_chinese_embedding_light_mirror_mvp,0.05051148,4092,0.49097121,4254,0.5172925,2639,被追,社会比较与人生进度,unreviewed
4093,坦荡,坦荡,2,tencent_ai_lab_chinese_embedding_light_mirror_mvp,0.05047771,4093,0.49538162,3955,0.50791734,2906,落后,社会比较与人生进度,unreviewed
4094,咱俩,咱俩,2,tencent_ai_lab_chinese_embedding_light_mirror_mvp,0.05042273,4094,0.50425735,3397,0.46061021,4180,对象,社会比较与人生进度,unreviewed
4095,虚荣心,虚荣心,3,tencent_ai_lab_chinese_embedding_light_mirror_mvp,0.05041,4095,0.50478643,3380,0.45057666,4377,感情史,社会比较与人生进度,unreviewed
4096,在于,在于,2,tencent_ai_lab_chinese_embedding_light_mirror_mvp,0.05037741,4096,0.49468712,4006,0.50946623,2869,对象,社会比较与人生进度,unreviewed
4097,真可怜,真可怜,3,tencent_ai_lab_chinese_embedding_light_mirror_mvp,0.05036663,4097,0.49441569,4026,0.51002455,2851,亲密,社会比较与人生进度,unreviewed
4098,春光,春光,2,tencent_ai_lab_chinese_embedding_light_mirror_mvp,0.05020554,4098,0.49653679,3875,0.50504041,2989,青春,社会比较与人生进度,unreviewed
4099,心肝宝贝,心肝宝贝,4,tencent_ai_lab_chinese_embedding_light_mirror_mvp,0.05018494,4099,0.5072263,3247,0.41372633,4822,感情史,亲密行为,unreviewed
4100,致意,致意,2,tencent_ai_lab_chinese_embedding_light_mirror_mvp,0.05011025,4100,0.50398549,3417,0.47907841,3731,追求,表白与追求,unreviewed
4101,极简,极简,2,tencent_ai_lab_chinese_embedding_light_mirror_mvp,0.04997321,4101,0.50007803,3655,0.49807453,3207,落后,单身与脱单,unreviewed
4102,身为,身为,2,tencent_ai_lab_chinese_embedding_light_mirror_mvp,0.04980873,4102,0.49268039,4143,0.51274008,2769,单身,社会比较与人生进度,unreviewed
4103,否定,否定,2,tencent_ai_lab_chinese_embedding_light_mirror_mvp,0.04979649,4103,0.49300107,4119,0.51196778,2790,落后,社会比较与人生进度,unreviewed
4104,好了吧,好了吧,3,tencent_ai_lab_chinese_embedding_light_mirror_mvp,0.04976935,4104,0.4851272,4709,0.53040111,2287,落后,社会比较与人生进度,unreviewed
4105,美人,美人,2,tencent_ai_lab_chinese_embedding_light_mirror_mvp,0.04967272,4105,0.48350551,4844,0.5342074,2173,恋人,社会比较与人生进度,unreviewed
4106,动机,动机,2,tencent_ai_lab_chinese_embedding_light_mirror_mvp,0.04964581,4106,0.50646447,3295,0.42182779,4744,散步,社会比较与人生进度,unreviewed
4107,非要,非要,2,tencent_ai_lab_chinese_embedding_light_mirror_mvp,0.04952317,4107,0.49278461,4133,0.5119729,2789,被追,表白与追求,unreviewed
4108,私语,私语,2,tencent_ai_lab_chinese_embedding_light_mirror_mvp,0.04947757,4108,0.48565704,4665,0.52852988,2335,老公,社会比较与人生进度,unreviewed
4109,即使,即使,2,tencent_ai_lab_chinese_embedding_light_mirror_mvp,0.04945605,4109,0.49816469,3767,0.50067484,3122,对象,社会比较与人生进度,unreviewed
4110,简而言之,简而言之,4,tencent_ai_lab_chinese_embedding_light_mirror_mvp,0.0494241,4110,0.49507333,3967,0.5068332,2942,落后,社会比较与人生进度,unreviewed
4111,花开,花开,2,tencent_ai_lab_chinese_embedding_light_mirror_mvp,0.04938795,4111,0.50413777,3402,0.4492372,4416,婚礼,社会比较与人生进度,unreviewed
4112,顶嘴,顶嘴,2,tencent_ai_lab_chinese_embedding_light_mirror_mvp,0.04929519,4112,0.50315748,3466,0.4907833,3402,接吻,亲密行为,unreviewed
4113,和解,和解,2,tencent_ai_lab_chinese_embedding_light_mirror_mvp,0.04926773,4113,0.49462535,4011,0.50779617,2910,被追,表白与追求,unreviewed
4114,欠债,欠债,2,tencent_ai_lab_chinese_embedding_light_mirror_mvp,0.04913172,4114,0.50358354,3437,0.4829742,3619,被追,表白与追求,unreviewed
4115,还债,还债,2,tencent_ai_lab_chinese_embedding_light_mirror_mvp,0.04912635,4115,0.50193111,3539,0.49310684,3349,结婚,婚恋,unreviewed
4116,自省,自省,2,tencent_ai_lab_chinese_embedding_light_mirror_mvp,0.04902408,4116,0.50545144,3343,0.42981774,4667,被追,社会比较与人生进度,unreviewed
4117,尽孝,尽孝,2,tencent_ai_lab_chinese_embedding_light_mirror_mvp,0.04901625,4117,0.50131102,3576,0.49415454,3321,丈夫,婚恋,unreviewed
4118,发生争执,发生争执,4,tencent_ai_lab_chinese_embedding_light_mirror_mvp,0.04893513,4118,0.48443367,4773,0.5310179,2270,被追,社会比较与人生进度,unreviewed
4119,衣橱,衣橱,2,tencent_ai_lab_chinese_embedding_light_mirror_mvp,0.04892606,4119,0.50350435,3440,0.48759919,3488,校服,婚恋,unreviewed
4120,怎么了,怎么了,3,tencent_ai_lab_chinese_embedding_light_mirror_mvp,0.04891527,4120,0.49573768,3929,0.50480157,2999,被追,社会比较与人生进度,unreviewed
4121,说是,说是,2,tencent_ai_lab_chinese_embedding_light_mirror_mvp,0.04890355,4121,0.48635831,4608,0.52566439,2403,对象,表白与追求,unreviewed
4122,调适,调适,2,tencent_ai_lab_chinese_embedding_light_mirror_mvp,0.04887907,4122,0.50502406,3360,0.43342492,4627,求婚,亲密行为,unreviewed
4123,爷们,爷们,2,tencent_ai_lab_chinese_embedding_light_mirror_mvp,0.04879358,4123,0.49622456,3898,0.50354105,3030,同龄人,社会比较与人生进度,unreviewed
4124,固有,固有,2,tencent_ai_lab_chinese_embedding_light_mirror_mvp,0.04876379,4124,0.49340857,4094,0.50973302,2862,拥抱,社会比较与人生进度,unreviewed
4125,辞去,辞去,2,tencent_ai_lab_chinese_embedding_light_mirror_mvp,0.04873579,4125,0.48236877,4932,0.53547508,2139,前任,表白与追求,manual_reject
4126,花园,花园,2,tencent_ai_lab_chinese_embedding_light_mirror_mvp,0.04872874,4126,0.50343795,3447,0.4825134,3634,校园恋爱,校园恋爱,unreviewed
4127,有意思,有意思,3,tencent_ai_lab_chinese_embedding_light_mirror_mvp,0.04870395,4127,0.48874328,4417,0.519593,2577,亲密,社会比较与人生进度,unreviewed
4128,小流氓,小流氓,3,tencent_ai_lab_chinese_embedding_light_mirror_mvp,0.04867546,4128,0.50537949,3346,0.42866209,4679,散步,社会比较与人生进度,unreviewed
4129,爆红,爆红,2,tencent_ai_lab_chinese_embedding_light_mirror_mvp,0.04866903,4129,0.50376226,3428,0.45643324,4258,落后,社会比较与人生进度,unreviewed
4130,当年,当年,2,tencent_ai_lab_chinese_embedding_light_mirror_mvp,0.04856508,4130,0.49597396,3919,0.50380594,3022,青春,社会比较与人生进度,unreviewed
4131,再帅,再帅,2,tencent_ai_lab_chinese_embedding_light_mirror_mvp,0.0485165,4131,0.49440845,4027,0.5071038,2929,前男友,社会比较与人生进度,unreviewed
4132,人老珠黄,人老珠黄,4,tencent_ai_lab_chinese_embedding_light_mirror_mvp,0.04848607,4132,0.50372306,3430,0.45415235,4311,同龄人,社会比较与人生进度,unreviewed
4133,亡故,亡故,2,tencent_ai_lab_chinese_embedding_light_mirror_mvp,0.04847296,4133,0.50490903,3372,0.43399769,4620,落后,社会比较与人生进度,unreviewed
4134,来临,来临,2,tencent_ai_lab_chinese_embedding_light_mirror_mvp,0.04847113,4134,0.496065,3911,0.50342041,3033,亲密,社会比较与人生进度,unreviewed
4135,痞帅,痞帅,2,tencent_ai_lab_chinese_embedding_light_mirror_mvp,0.04845581,4135,0.50469657,3387,0.43787712,4572,暗恋,社会比较与人生进度,unreviewed
4136,昂扬,昂扬,2,tencent_ai_lab_chinese_embedding_light_mirror_mvp,0.04839994,4136,0.49144765,4224,0.51310182,2759,落后,表白与追求,unreviewed
4137,嫉妒,嫉妒,2,tencent_ai_lab_chinese_embedding_light_mirror_mvp,0.04828979,4137,0.48761282,4508,0.52156734,2514,暗恋,社会比较与人生进度,unreviewed
4138,属性,属性,2,tencent_ai_lab_chinese_embedding_light_mirror_mvp,0.04823246,4138,0.4992417,3701,0.49674225,3238,对象,社会比较与人生进度,unreviewed
4139,运动量,运动量,3,tencent_ai_lab_chinese_embedding_light_mirror_mvp,0.04820665,4139,0.50401962,3412,0.44406256,4487,散步,约会,unreviewed
4140,异国,异国,2,tencent_ai_lab_chinese_embedding_light_mirror_mvp,0.04815928,4140,0.50337182,3449,0.46133116,4163,单身,社会比较与人生进度,unreviewed
4141,淑女,淑女,2,tencent_ai_lab_chinese_embedding_light_mirror_mvp,0.04813454,4141,0.48926154,4377,0.51739132,2635,妻子,社会比较与人生进度,unreviewed
4142,围巾,围巾,2,tencent_ai_lab_chinese_embedding_light_mirror_mvp,0.04811084,4142,0.5038361,3424,0.4470318,4445,拥抱,亲密行为,unreviewed
4143,不孕不育,不孕不育,4,tencent_ai_lab_chinese_embedding_light_mirror_mvp,0.04809268,4143,0.48351609,4841,0.53173161,2247,母胎单身,单身与脱单,unreviewed
4144,开诚布公,开诚布公,4,tencent_ai_lab_chinese_embedding_light_mirror_mvp,0.04807731,4144,0.50319345,3462,0.48149863,3661,亲密,表白与追求,unreviewed
4145,省吃俭用,省吃俭用,4,tencent_ai_lab_chinese_embedding_light_mirror_mvp,0.04807593,4145,0.50325245,3454,0.46358675,4115,约饭,社会比较与人生进度,unreviewed
4146,过客,过客,2,tencent_ai_lab_chinese_embedding_light_mirror_mvp,0.04805758,4146,0.49378942,4070,0.50773203,2912,错过青春,约会,unreviewed
4147,那样,那样,2,tencent_ai_lab_chinese_embedding_light_mirror_mvp,0.04798322,4147,0.50316831,3465,0.48655415,3527,追求,社会比较与人生进度,unreviewed
4148,歌迷,歌迷,2,tencent_ai_lab_chinese_embedding_light_mirror_mvp,0.04797804,4148,0.50317231,3464,0.48849016,3458,喜欢的人,表白与追求,unreviewed
4149,啥事,啥事,2,tencent_ai_lab_chinese_embedding_light_mirror_mvp,0.04791957,4149,0.50315374,3467,0.47987723,3709,别人都有对象,社会比较与人生进度,unreviewed
4150,上身,上身,2,tencent_ai_lab_chinese_embedding_light_mirror_mvp,0.04790733,4150,0.49656245,3870,0.5015167,3099,单身,社会比较与人生进度,unreviewed
4151,儿童期,儿童期,3,tencent_ai_lab_chinese_embedding_light_mirror_mvp,0.04782735,4151,0.49502512,3975,0.50447726,3005,伴侣,社会比较与人生进度,unreviewed
4152,总有,总有,2,tencent_ai_lab_chinese_embedding_light_mirror_mvp,0.04781365,4152,0.49223325,4172,0.51055324,2832,别人都有对象,社会比较与人生进度,unreviewed
4153,好想你,好想你,3,tencent_ai_lab_chinese_embedding_light_mirror_mvp,0.04775096,4153,0.48939402,4370,0.51663792,2661,暗恋,表白与追求,unreviewed
4154,一度,一度,2,tencent_ai_lab_chinese_embedding_light_mirror_mvp,0.04774851,4154,0.49659501,3867,0.50122702,3110,拥抱,社会比较与人生进度,unreviewed
4155,宠物,宠物,2,tencent_ai_lab_chinese_embedding_light_mirror_mvp,0.04772936,4155,0.50305611,3470,0.48144603,3662,拥抱,对象关系,unreviewed
4156,衷肠,衷肠,2,tencent_ai_lab_chinese_embedding_light_mirror_mvp,0.04762759,4156,0.5042961,3395,0.43512571,4608,初吻,亲密行为,unreviewed
4157,爆料,爆料,2,tencent_ai_lab_chinese_embedding_light_mirror_mvp,0.04746917,4157,0.50283891,3480,0.47236171,3924,对象,表白与追求,unreviewed
4158,奋不顾身,奋不顾身,4,tencent_ai_lab_chinese_embedding_light_mirror_mvp,0.04741348,4158,0.49885166,3724,0.49621457,3255,单身,表白与追求,unreviewed
4159,拼命,拼命,2,tencent_ai_lab_chinese_embedding_light_mirror_mvp,0.04736848,4159,0.48552301,4674,0.52523589,2415,追求,社会比较与人生进度,unreviewed
4160,高妹,高妹,2,tencent_ai_lab_chinese_embedding_light_mirror_mvp,0.04733714,4160,0.50113438,3585,0.49171847,3386,高中恋爱,社会比较与人生进度,unreviewed
4161,回家吧,回家吧,3,tencent_ai_lab_chinese_embedding_light_mirror_mvp,0.04727237,4161,0.50057858,3621,0.49279946,3358,散步,约会,unreviewed
4162,节日,节日,2,tencent_ai_lab_chinese_embedding_light_mirror_mvp,0.04725182,4162,0.49712456,3833,0.49931312,3162,婚礼,表白与追求,unreviewed
4163,调皮,调皮,2,tencent_ai_lab_chinese_embedding_light_mirror_mvp,0.04723724,4163,0.50620298,3308,0.41236538,4832,亲密,亲密行为,unreviewed
4164,压在心底,压在心底,4,tencent_ai_lab_chinese_embedding_light_mirror_mvp,0.04723094,4164,0.49609821,3910,0.50164276,3096,拥抱,社会比较与人生进度,unreviewed
4165,逆袭,逆袭,2,tencent_ai_lab_chinese_embedding_light_mirror_mvp,0.04712343,4165,0.50279253,3485,0.48011774,3701,错过青春,社会比较与人生进度,unreviewed
4166,半辈子,半辈子,3,tencent_ai_lab_chinese_embedding_light_mirror_mvp,0.0471213,4166,0.48360994,4831,0.52987158,2299,人生阶段,社会比较与人生进度,unreviewed
4167,马路上,马路上,3,tencent_ai_lab_chinese_embedding_light_mirror_mvp,0.04702533,4167,0.50275846,3488,0.47657478,3799,散步,社会比较与人生进度,unreviewed
4168,感天动地,感天动地,4,tencent_ai_lab_chinese_embedding_light_mirror_mvp,0.04700635,4168,0.49256463,4152,0.50861788,2887,感情史,亲密行为,unreviewed
4169,乘凉,乘凉,2,tencent_ai_lab_chinese_embedding_light_mirror_mvp,0.04697213,4169,0.50373243,3429,0.44071519,4530,脱单,约会,unreviewed
4170,二是,二是,2,tencent_ai_lab_chinese_embedding_light_mirror_mvp,0.04694422,4170,0.48934604,4372,0.51533544,2694,对象,社会比较与人生进度,unreviewed
4171,自然,自然,2,tencent_ai_lab_chinese_embedding_light_mirror_mvp,0.04691106,4171,0.49831332,3753,0.49631262,3250,落后,社会比较与人生进度,unreviewed
4172,病母,病母,2,tencent_ai_lab_chinese_embedding_light_mirror_mvp,0.04687099,4172,0.50266924,3494,0.47361141,3888,母胎单身,婚恋,unreviewed
4173,平衡,平衡,2,tencent_ai_lab_chinese_embedding_light_mirror_mvp,0.04683518,4173,0.50384271,3423,0.43768576,4575,落后,社会比较与人生进度,unreviewed
4174,自杀未遂,自杀未遂,4,tencent_ai_lab_chinese_embedding_light_mirror_mvp,0.04682195,4174,0.50269837,3493,0.47468942,3850,被追,社会比较与人生进度,unreviewed
4175,女性美,女性美,3,tencent_ai_lab_chinese_embedding_light_mirror_mvp,0.04679335,4175,0.48177626,4973,0.53358114,2189,女朋友,社会比较与人生进度,manual_review
4176,谈妥,谈妥,2,tencent_ai_lab_chinese_embedding_light_mirror_mvp,0.04675806,4176,0.49168446,4209,0.51007438,2849,约会,约会,unreviewed
4177,红娘,红娘,2,tencent_ai_lab_chinese_embedding_light_mirror_mvp,0.04660956,4177,0.50264302,3496,0.48301265,3617,婚礼,婚恋,unreviewed
4178,长得,长得,2,tencent_ai_lab_chinese_embedding_light_mirror_mvp,0.04650211,4178,0.49725728,3826,0.49806297,3208,喜欢的人,社会比较与人生进度,unreviewed
4179,漂亮,漂亮,2,tencent_ai_lab_chinese_embedding_light_mirror_mvp,0.04648542,4179,0.49084753,4266,0.5113222,2809,喜欢的人,表白与追求,unreviewed
4180,他开,他开,2,tencent_ai_lab_chinese_embedding_light_mirror_mvp,0.04645092,4180,0.49108055,4249,0.5107227,2825,老公,婚恋,unreviewed
4181,正如,正如,2,tencent_ai_lab_chinese_embedding_light_mirror_mvp,0.04644695,4181,0.49285649,4127,0.50699162,2935,对象,社会比较与人生进度,unreviewed
4182,误解,误解,2,tencent_ai_lab_chinese_embedding_light_mirror_mvp,0.04644484,4182,0.4981486,3768,0.49608177,3261,落后,社会比较与人生进度,unreviewed
4183,考好,考好,2,tencent_ai_lab_chinese_embedding_light_mirror_mvp,0.04642,4183,0.50248296,3501,0.47674221,3790,追求,社会比较与人生进度,unreviewed
4184,习俗,习俗,2,tencent_ai_lab_chinese_embedding_light_mirror_mvp,0.04640392,4184,0.48289475,4890,0.53049934,2282,婚礼,社会比较与人生进度,unreviewed
4185,自个儿,自个儿,3,tencent_ai_lab_chinese_embedding_light_mirror_mvp,0.04630387,4185,0.49007792,4315,0.51255572,2773,单身,社会比较与人生进度,unreviewed
4186,实际上,实际上,3,tencent_ai_lab_chinese_embedding_light_mirror_mvp,0.04630015,4186,0.48277168,4897,0.53053963,2280,亲密,社会比较与人生进度,unreviewed
4187,忽冷忽热,忽冷忽热,4,tencent_ai_lab_chinese_embedding_light_mirror_mvp,0.04626341,4187,0.50144696,3565,0.48911721,3448,落后,表白与追求,unreviewed
4188,持久,持久,2,tencent_ai_lab_chinese_embedding_light_mirror_mvp,0.04624431,4188,0.49030133,4304,0.51203907,2785,落后,亲密行为,unreviewed
4189,言谈举止,言谈举止,4,tencent_ai_lab_chinese_embedding_light_mirror_mvp,0.04622885,4189,0.48663995,4586,0.52064389,2542,对象,社会比较与人生进度,unreviewed
4190,脚踏实地,脚踏实地,4,tencent_ai_lab_chinese_embedding_light_mirror_mvp,0.04622268,4190,0.50195459,3536,0.4879685,3473,散步,社会比较与人生进度,unreviewed
4191,扳平,扳平,2,tencent_ai_lab_chinese_embedding_light_mirror_mvp,0.04618585,4191,0.50475533,3382,0.4233591,4733,牵手,亲密行为,unreviewed
4192,取悦于,取悦于,3,tencent_ai_lab_chinese_embedding_light_mirror_mvp,0.04617939,4192,0.4888828,4409,0.51526326,2699,拥抱,表白与追求,unreviewed
4193,不合适,不合适,3,tencent_ai_lab_chinese_embedding_light_mirror_mvp,0.04614286,4193,0.48745877,4518,0.51844531,2604,没有对象,社会比较与人生进度,unreviewed
4194,肚子疼,肚子疼,3,tencent_ai_lab_chinese_embedding_light_mirror_mvp,0.04601041,4194,0.50594254,3325,0.40993726,4848,老公,社会比较与人生进度,unreviewed
4195,加班,加班,2,tencent_ai_lab_chinese_embedding_light_mirror_mvp,0.04600014,4195,0.49041771,4293,0.51136589,2807,约会,约会,unreviewed
4196,精神性,精神性,3,tencent_ai_lab_chinese_embedding_light_mirror_mvp,0.04598145,4196,0.48470211,4746,0.52515984,2419,追求,社会比较与人生进度,unreviewed
4197,出国,出国,2,tencent_ai_lab_chinese_embedding_light_mirror_mvp,0.04597742,4197,0.50242389,3508,0.46604651,4063,约会,约会,unreviewed
4198,不育,不育,2,tencent_ai_lab_chinese_embedding_light_mirror_mvp,0.0459308,4198,0.49794602,3783,0.49581975,3275,没有对象,单身与脱单,unreviewed
4199,照片,照片,2,tencent_ai_lab_chinese_embedding_light_mirror_mvp,0.04587348,4199,0.49445757,4024,0.50275093,3053,拥抱,社会比较与人生进度,unreviewed
4200,生殖器,生殖器,3,tencent_ai_lab_chinese_embedding_light_mirror_mvp,0.0458543,4200,0.50592595,3326,0.40938014,4852,母胎单身,婚恋,unreviewed
4201,拍过,拍过,2,tencent_ai_lab_chinese_embedding_light_mirror_mvp,0.04584388,4201,0.49685366,3849,0.49765688,3216,没谈过恋爱,社会比较与人生进度,unreviewed
4202,听了,听了,2,tencent_ai_lab_chinese_embedding_light_mirror_mvp,0.04578225,4202,0.50229928,3517,0.48666766,3522,看电影,表白与追求,unreviewed
4203,顺从,顺从,2,tencent_ai_lab_chinese_embedding_light_mirror_mvp,0.04575564,4203,0.50031683,3641,0.49072346,3406,被追,社会比较与人生进度,unreviewed
4204,怀里,怀里,2,tencent_ai_lab_chinese_embedding_light_mirror_mvp,0.04574205,4204,0.50134286,3574,0.48837036,3461,拥抱,表白与追求,unreviewed
4205,入学,入学,2,tencent_ai_lab_chinese_embedding_light_mirror_mvp,0.04563729,4205,0.48421219,4793,0.52593809,2395,校服,社会比较与人生进度,unreviewed
4206,美丽动人,美丽动人,4,tencent_ai_lab_chinese_embedding_light_mirror_mvp,0.04559739,4206,0.48791636,4480,0.51646966,2664,恋人,社会比较与人生进度,unreviewed
4207,娘们,娘们,2,tencent_ai_lab_chinese_embedding_light_mirror_mvp,0.04552188,4207,0.4949716,3980,0.50104618,3112,婚礼,婚恋,unreviewed
4208,下棋,下棋,2,tencent_ai_lab_chinese_embedding_light_mirror_mvp,0.04550115,4208,0.5020983,3525,0.47467792,3852,对象,社会比较与人生进度,unreviewed
4209,亏欠,亏欠,2,tencent_ai_lab_chinese_embedding_light_mirror_mvp,0.0454442,4209,0.49522434,3961,0.50032532,3132,被追,社会比较与人生进度,unreviewed
4210,固步自封,固步自封,4,tencent_ai_lab_chinese_embedding_light_mirror_mvp,0.04529948,4210,0.49292718,4121,0.50486434,2993,散步,亲密行为,unreviewed
4211,无拘无束,无拘无束,4,tencent_ai_lab_chinese_embedding_light_mirror_mvp,0.04528121,4211,0.4905736,4287,0.5100711,2850,牵手,亲密行为,unreviewed
4212,裤衩,裤衩,2,tencent_ai_lab_chinese_embedding_light_mirror_mvp,0.04525599,4212,0.50244389,3503,0.45238811,4344,校服,亲密行为,unreviewed
4213,爬楼梯,爬楼梯,3,tencent_ai_lab_chinese_embedding_light_mirror_mvp,0.04519832,4213,0.50349388,3441,0.43203196,4643,散步,社会比较与人生进度,unreviewed
4214,总笑,总笑,2,tencent_ai_lab_chinese_embedding_light_mirror_mvp,0.04519253,4214,0.50122067,3580,0.48767847,3482,拥抱,社会比较与人生进度,unreviewed
4215,看不顺眼,看不顺眼,4,tencent_ai_lab_chinese_embedding_light_mirror_mvp,0.0451489,4215,0.49127132,4235,0.50818688,2900,看电影,社会比较与人生进度,unreviewed
4216,恐惧,恐惧,2,tencent_ai_lab_chinese_embedding_light_mirror_mvp,0.04513096,4216,0.50200343,3531,0.46688938,4050,暗恋,表白与追求,unreviewed
4217,沧桑,沧桑,2,tencent_ai_lab_chinese_embedding_light_mirror_mvp,0.0450939,4217,0.5019756,3533,0.48084742,3677,感情史,社会比较与人生进度,unreviewed
4218,无忧无虑,无忧无虑,4,tencent_ai_lab_chinese_embedding_light_mirror_mvp,0.04502235,4218,0.49398261,4049,0.50215125,3070,亲密,社会比较与人生进度,unreviewed
4219,背债,背债,2,tencent_ai_lab_chinese_embedding_light_mirror_mvp,0.04501373,4219,0.50194633,3537,0.4695994,3988,脱单,婚恋,unreviewed
4220,风波不断,风波不断,4,tencent_ai_lab_chinese_embedding_light_mirror_mvp,0.04496364,4220,0.48980032,4339,0.51108259,2817,被追,社会比较与人生进度,unreviewed
4221,更加,更加,2,tencent_ai_lab_chinese_embedding_light_mirror_mvp,0.04490791,4221,0.48429151,4788,0.52454507,2434,追求,社会比较与人生进度,unreviewed
4222,金毛,金毛,2,tencent_ai_lab_chinese_embedding_light_mirror_mvp,0.04479094,4222,0.50400693,3416,0.4235568,4731,初吻,亲密行为,unreviewed
4223,幸运,幸运,2,tencent_ai_lab_chinese_embedding_light_mirror_mvp,0.04474978,4223,0.48652237,4590,0.5183236,2608,落后,社会比较与人生进度,unreviewed
4224,不仅仅,不仅仅,3,tencent_ai_lab_chinese_embedding_light_mirror_mvp,0.0447467,4224,0.50142554,3570,0.48675501,3517,落后,社会比较与人生进度,unreviewed
4225,很丑,很丑,2,tencent_ai_lab_chinese_embedding_light_mirror_mvp,0.0447424,4225,0.49683771,3851,0.49595279,3269,落后,社会比较与人生进度,unreviewed
4226,偷窥,偷窥,2,tencent_ai_lab_chinese_embedding_light_mirror_mvp,0.0447123,4226,0.48688912,4564,0.5174275,2632,暗恋,亲密行为,unreviewed
4227,象牙塔,象牙塔,3,tencent_ai_lab_chinese_embedding_light_mirror_mvp,0.04471151,4227,0.50314095,3468,0.43609002,4590,对象,亲密行为,unreviewed
4228,负债累累,负债累累,4,tencent_ai_lab_chinese_embedding_light_mirror_mvp,0.04459043,4228,0.50170555,3549,0.47447449,3863,落后,社会比较与人生进度,unreviewed
4229,贵人,贵人,2,tencent_ai_lab_chinese_embedding_light_mirror_mvp,0.04455161,4229,0.4934464,4091,0.5026561,3057,喜欢的人,社会比较与人生进度,unreviewed
4230,共同利益,共同利益,4,tencent_ai_lab_chinese_embedding_light_mirror_mvp,0.04449936,4230,0.49632277,3889,0.4965632,3244,亲密关系,社会比较与人生进度,unreviewed
4231,出息,出息,2,tencent_ai_lab_chinese_embedding_light_mirror_mvp,0.04449141,4231,0.49506437,3969,0.49901843,3171,落后,社会比较与人生进度,unreviewed
4232,真帅,真帅,2,tencent_ai_lab_chinese_embedding_light_mirror_mvp,0.04448672,4232,0.50170474,3550,0.4694528,3992,老公,社会比较与人生进度,unreviewed
4233,听音乐,听音乐,3,tencent_ai_lab_chinese_embedding_light_mirror_mvp,0.04443685,4233,0.50068839,3615,0.48757291,3489,看电影,表白与追求,unreviewed
4234,拘泥于,拘泥于,3,tencent_ai_lab_chinese_embedding_light_mirror_mvp,0.04443091,4234,0.49157596,4215,0.50640494,2954,被追,社会比较与人生进度,unreviewed
4235,风雨兼程,风雨兼程,4,tencent_ai_lab_chinese_embedding_light_mirror_mvp,0.04440845,4235,0.5022369,3521,0.44930062,4413,散步,社会比较与人生进度,unreviewed
4236,当做,当做,2,tencent_ai_lab_chinese_embedding_light_mirror_mvp,0.04437939,4236,0.50167197,3555,0.47148526,3945,被追,社会比较与人生进度,unreviewed
4237,搞怪,搞怪,2,tencent_ai_lab_chinese_embedding_light_mirror_mvp,0.04432943,4237,0.50191588,3540,0.45963871,4201,对象,社会比较与人生进度,unreviewed
4238,云淡风轻,云淡风轻,4,tencent_ai_lab_chinese_embedding_light_mirror_mvp,0.04426315,4238,0.50161146,3559,0.47219226,3930,落后,社会比较与人生进度,unreviewed
4239,忍耐,忍耐,2,tencent_ai_lab_chinese_embedding_light_mirror_mvp,0.04414696,4239,0.50164237,3556,0.46782568,4025,亲密,社会比较与人生进度,unreviewed
4240,点菜,点菜,2,tencent_ai_lab_chinese_embedding_light_mirror_mvp,0.04413899,4240,0.48434337,4783,0.52302945,2474,约饭,约会,unreviewed
4241,喝水,喝水,2,tencent_ai_lab_chinese_embedding_light_mirror_mvp,0.04413112,4241,0.50089883,3595,0.48659459,3524,接吻,约会,unreviewed
4242,性生理,性生理,3,tencent_ai_lab_chinese_embedding_light_mirror_mvp,0.04410771,4242,0.49928037,3700,0.48981312,3430,伴侣,对象关系,unreviewed
4243,病痛,病痛,2,tencent_ai_lab_chinese_embedding_light_mirror_mvp,0.04410625,4243,0.48797457,4477,0.5138644,2739,感情史,社会比较与人生进度,unreviewed
4244,忧愁,忧愁,2,tencent_ai_lab_chinese_embedding_light_mirror_mvp,0.04397656,4244,0.49596354,3920,0.49659014,3243,拥抱,表白与追求,unreviewed
4245,健康,健康,2,tencent_ai_lab_chinese_embedding_light_mirror_mvp,0.04389514,4245,0.48642566,4600,0.51718074,2642,亲密,亲密行为,unreviewed
4246,苦闷,苦闷,2,tencent_ai_lab_chinese_embedding_light_mirror_mvp,0.04387912,4246,0.484817,4735,0.52111351,2525,亲密,社会比较与人生进度,unreviewed
4247,开局,开局,2,tencent_ai_lab_chinese_embedding_light_mirror_mvp,0.04384727,4247,0.5017481,3547,0.45785069,4230,人生阶段,社会比较与人生进度,unreviewed
4248,时装周,时装周,3,tencent_ai_lab_chinese_embedding_light_mirror_mvp,0.04380544,4248,0.50275598,3489,0.43566799,4595,校服,社会比较与人生进度,unreviewed
4249,气质,气质,2,tencent_ai_lab_chinese_embedding_light_mirror_mvp,0.04379071,4249,0.50144441,3566,0.46836472,4015,人生阶段,社会比较与人生进度,unreviewed
4250,不上,不上,2,tencent_ai_lab_chinese_embedding_light_mirror_mvp,0.04375251,4250,0.48164206,4993,0.52903175,2318,没有对象,社会比较与人生进度,manual_reject
4251,和平共处,和平共处,4,tencent_ai_lab_chinese_embedding_light_mirror_mvp,0.04374765,4251,0.49081997,4269,0.50690019,2940,伴侣,社会比较与人生进度,unreviewed
4252,无畏,无畏,2,tencent_ai_lab_chinese_embedding_light_mirror_mvp,0.04360111,4252,0.50196955,3534,0.44699657,4447,落后,社会比较与人生进度,unreviewed
4253,童话故事,童话故事,4,tencent_ai_lab_chinese_embedding_light_mirror_mvp,0.04359176,4253,0.50235686,3512,0.44058019,4532,伴侣,社会比较与人生进度,unreviewed
4254,争执,争执,2,tencent_ai_lab_chinese_embedding_light_mirror_mvp,0.04356325,4254,0.48243027,4925,0.52657902,2383,被追,表白与追求,manual_review
4255,小气,小气,2,tencent_ai_lab_chinese_embedding_light_mirror_mvp,0.04355902,4255,0.50444797,3391,0.41122323,4842,拥抱,社会比较与人生进度,unreviewed
4256,冷战,冷战,2,tencent_ai_lab_chinese_embedding_light_mirror_mvp,0.04354808,4256,0.5021023,3524,0.44358894,4495,感情史,社会比较与人生进度,unreviewed
4257,特征,特征,2,tencent_ai_lab_chinese_embedding_light_mirror_mvp,0.04352433,4257,0.49959649,3681,0.48799482,3471,对象,社会比较与人生进度,unreviewed
4258,冤家,冤家,2,tencent_ai_lab_chinese_embedding_light_mirror_mvp,0.04351296,4258,0.4989773,3714,0.48923099,3445,老公,婚恋,unreviewed
4259,将来,将来,2,tencent_ai_lab_chinese_embedding_light_mirror_mvp,0.04349408,4259,0.48423587,4792,0.52210206,2496,落后,社会比较与人生进度,unreviewed
4260,通电话,通电话,3,tencent_ai_lab_chinese_embedding_light_mirror_mvp,0.04346826,4260,0.49395885,4052,0.49984223,3150,对象,亲密行为,unreviewed
4261,倾吐,倾吐,2,tencent_ai_lab_chinese_embedding_light_mirror_mvp,0.04342903,4261,0.50143682,3568,0.4643223,4095,拥抱,表白与追求,unreviewed
4262,潇洒,潇洒,2,tencent_ai_lab_chinese_embedding_light_mirror_mvp,0.04338347,4262,0.49135119,4231,0.50503594,2990,落后,社会比较与人生进度,unreviewed
4263,猜测,猜测,2,tencent_ai_lab_chinese_embedding_light_mirror_mvp,0.04329939,4263,0.4940336,4044,0.4992753,3164,追求,表白与追求,unreviewed
4264,自我暗示,自我暗示,4,tencent_ai_lab_chinese_embedding_light_mirror_mvp,0.04319819,4264,0.49040303,4295,0.50677657,2944,暗恋,表白与追求,unreviewed
4265,冷暖自知,冷暖自知,4,tencent_ai_lab_chinese_embedding_light_mirror_mvp,0.0431829,4265,0.5011669,3583,0.4844349,3580,亲密,社会比较与人生进度,unreviewed
4266,值日,值日,2,tencent_ai_lab_chinese_embedding_light_mirror_mvp,0.0431811,4266,0.50115303,3584,0.4707408,3960,被追,社会比较与人生进度,unreviewed
4267,女流氓,女流氓,3,tencent_ai_lab_chinese_embedding_light_mirror_mvp,0.04317923,4267,0.48215677,4944,0.52652693,2386,女朋友,对象关系,manual_reject
4268,任何事情,任何事情,4,tencent_ai_lab_chinese_embedding_light_mirror_mvp,0.0431599,4268,0.50121918,3581,0.48308712,3612,前任,社会比较与人生进度,unreviewed
4269,房费,房费,2,tencent_ai_lab_chinese_embedding_light_mirror_mvp,0.04313033,4269,0.49458922,4014,0.49814385,3204,结婚,婚恋,unreviewed
4270,神魂颠倒,神魂颠倒,4,tencent_ai_lab_chinese_embedding_light_mirror_mvp,0.04311389,4270,0.50232359,3514,0.43741125,4577,被追,社会比较与人生进度,unreviewed
4271,献唱,献唱,2,tencent_ai_lab_chinese_embedding_light_mirror_mvp,0.04297076,4271,0.50103935,3587,0.46818233,4021,拥抱,表白与追求,unreviewed
4272,成瘾者,成瘾者,3,tencent_ai_lab_chinese_embedding_light_mirror_mvp,0.0429362,4272,0.49535675,3956,0.49602076,3264,同龄人,社会比较与人生进度,unreviewed
4273,空巢,空巢,2,tencent_ai_lab_chinese_embedding_light_mirror_mvp,0.04293418,4273,0.48977156,4341,0.50765091,2915,伴侣,社会比较与人生进度,unreviewed
4274,娃子,娃子,2,tencent_ai_lab_chinese_embedding_light_mirror_mvp,0.04290165,4274,0.48177223,4974,0.52691323,2373,妻子,社会比较与人生进度,manual_reject
4275,春梦,春梦,2,tencent_ai_lab_chinese_embedding_light_mirror_mvp,0.04278698,4275,0.48901942,4395,0.50918007,2878,青春,社会比较与人生进度,unreviewed
4276,不一定,不一定,3,tencent_ai_lab_chinese_embedding_light_mirror_mvp,0.04274148,4276,0.48690906,4561,0.51406664,2735,没有对象,社会比较与人生进度,unreviewed
4277,正经,正经,2,tencent_ai_lab_chinese_embedding_light_mirror_mvp,0.04273528,4277,0.4845352,4765,0.52005833,2559,亲密,社会比较与人生进度,unreviewed
4278,诉苦,诉苦,2,tencent_ai_lab_chinese_embedding_light_mirror_mvp,0.0427173,4278,0.49749805,3817,0.49112016,3396,追求,表白与追求,unreviewed
4279,经典,经典,2,tencent_ai_lab_chinese_embedding_light_mirror_mvp,0.04270913,4279,0.48319541,4869,0.52316797,2470,感情史,社会比较与人生进度,unreviewed
4280,翔子,翔子,2,tencent_ai_lab_chinese_embedding_light_mirror_mvp,0.04270397,4280,0.50347022,3444,0.41778934,4789,亲密,婚恋,unreviewed
4281,自我感觉良好,自我感觉良好,6,tencent_ai_lab_chinese_embedding_light_mirror_mvp,0.0426564,4281,0.48527622,4695,0.5178228,2621,落后,社会比较与人生进度,unreviewed
4282,户外活动,户外活动,4,tencent_ai_lab_chinese_embedding_light_mirror_mvp,0.0425541,4282,0.48972077,4348,0.50711238,2927,散步,约会,unreviewed
4283,花车,花车,2,tencent_ai_lab_chinese_embedding_light_mirror_mvp,0.04254242,4283,0.50482767,3378,0.40396354,4879,散步,约会,unreviewed
4284,出事,出事,2,tencent_ai_lab_chinese_embedding_light_mirror_mvp,0.04253378,4284,0.4846016,4757,0.5195657,2578,对象,社会比较与人生进度,unreviewed
4285,勇敢地,勇敢地,3,tencent_ai_lab_chinese_embedding_light_mirror_mvp,0.04253197,4285,0.50084668,3602,0.47291076,3906,拥抱,表白与追求,unreviewed
4286,怄气,怄气,2,tencent_ai_lab_chinese_embedding_light_mirror_mvp,0.04245164,4286,0.50504891,3358,0.39978957,4906,拥抱,社会比较与人生进度,manual_review
4287,打牌,打牌,2,tencent_ai_lab_chinese_embedding_light_mirror_mvp,0.04244665,4287,0.48927449,4375,0.50782669,2909,被追,约会,unreviewed
4288,无非,无非,2,tencent_ai_lab_chinese_embedding_light_mirror_mvp,0.04238248,4288,0.48726065,4532,0.51243204,2775,落后,社会比较与人生进度,unreviewed
4289,狠心,狠心,2,tencent_ai_lab_chinese_embedding_light_mirror_mvp,0.04236122,4289,0.48762336,4506,0.51159453,2799,暗恋,表白与追求,unreviewed
4290,正确引导,正确引导,4,tencent_ai_lab_chinese_embedding_light_mirror_mvp,0.04227167,4290,0.48359436,4833,0.52129513,2522,对象,社会比较与人生进度,unreviewed
4291,民族服装,民族服装,4,tencent_ai_lab_chinese_embedding_light_mirror_mvp,0.04226116,4291,0.49051287,4288,0.50483388,2996,校服,社会比较与人生进度,unreviewed
4292,敌意,敌意,2,tencent_ai_lab_chinese_embedding_light_mirror_mvp,0.04225857,4292,0.500843,3604,0.46735346,4035,对象,社会比较与人生进度,unreviewed
4293,立领,立领,2,tencent_ai_lab_chinese_embedding_light_mirror_mvp,0.04220532,4293,0.49677297,3856,0.49158221,3388,订婚,社会比较与人生进度,unreviewed
4294,过学,过学,2,tencent_ai_lab_chinese_embedding_light_mirror_mvp,0.04218493,4294,0.48526145,4698,0.51711971,2644,错过青春,社会比较与人生进度,unreviewed
4295,再办,再办,2,tencent_ai_lab_chinese_embedding_light_mirror_mvp,0.04216076,4295,0.50078994,3608,0.48323107,3605,订婚,社会比较与人生进度,unreviewed
4296,开朗,开朗,2,tencent_ai_lab_chinese_embedding_light_mirror_mvp,0.04211901,4296,0.5014282,3569,0.44596571,4460,拥抱,社会比较与人生进度,unreviewed
4297,品位,品位,2,tencent_ai_lab_chinese_embedding_light_mirror_mvp,0.04211177,4297,0.48753463,4513,0.51137364,2806,追求,社会比较与人生进度,unreviewed
4298,仙女们,仙女们,3,tencent_ai_lab_chinese_embedding_light_mirror_mvp,0.04207195,4298,0.50069832,3612,0.4799152,3708,女朋友,社会比较与人生进度,unreviewed
4299,领带,领带,2,tencent_ai_lab_chinese_embedding_light_mirror_mvp,0.04206811,4299,0.49176383,4203,0.50194669,3084,拥抱,亲密行为,unreviewed
4300,够意思,够意思,3,tencent_ai_lab_chinese_embedding_light_mirror_mvp,0.04205754,4300,0.49171057,4207,0.50200742,3080,对象,社会比较与人生进度,unreviewed
4301,合体,合体,2,tencent_ai_lab_chinese_embedding_light_mirror_mvp,0.04194574,4301,0.49735352,3822,0.48984557,3428,拥抱,约会,unreviewed
4302,下地干活,下地干活,4,tencent_ai_lab_chinese_embedding_light_mirror_mvp,0.04194512,4302,0.50413947,3401,0.40555197,4872,人生阶段,社会比较与人生进度,unreviewed
4303,难能可贵,难能可贵,4,tencent_ai_lab_chinese_embedding_light_mirror_mvp,0.0418733,4303,0.4954895,3948,0.49393946,3327,落后,社会比较与人生进度,unreviewed
4304,耍酒疯,耍酒疯,3,tencent_ai_lab_chinese_embedding_light_mirror_mvp,0.04182976,4304,0.5020784,3527,0.43204683,4641,被追,表白与追求,unreviewed
4305,画面,画面,2,tencent_ai_lab_chinese_embedding_light_mirror_mvp,0.04179421,4305,0.48585325,4648,0.5149262,2707,对象,表白与追求,unreviewed
4306,初出茅庐,初出茅庐,4,tencent_ai_lab_chinese_embedding_light_mirror_mvp,0.0417519,4306,0.4932539,4102,0.49839061,3194,初恋,社会比较与人生进度,unreviewed
4307,相离,相离,2,tencent_ai_lab_chinese_embedding_light_mirror_mvp,0.04168903,4307,0.48923815,4380,0.50669587,2946,脱单,婚恋,unreviewed
4308,几万块,几万块,3,tencent_ai_lab_chinese_embedding_light_mirror_mvp,0.04163176,4308,0.50069405,3613,0.46261066,4133,被追,社会比较与人生进度,unreviewed
4309,圣诞节,圣诞节,3,tencent_ai_lab_chinese_embedding_light_mirror_mvp,0.04160865,4309,0.50053321,3624,0.48128176,3669,婚礼,表白与追求,unreviewed
4310,喇叭裤,喇叭裤,3,tencent_ai_lab_chinese_embedding_light_mirror_mvp,0.04159048,4310,0.50328058,3452,0.41337693,4825,校服,亲密行为,unreviewed
4311,附中,附中,2,tencent_ai_lab_chinese_embedding_light_mirror_mvp,0.04154836,4311,0.50050199,3627,0.47465855,3853,高中恋爱,社会比较与人生进度,unreviewed
4312,跳槽,跳槽,2,tencent_ai_lab_chinese_embedding_light_mirror_mvp,0.04151502,4312,0.49159399,4214,0.50134784,3104,追求,社会比较与人生进度,unreviewed
4313,睡着,睡着,2,tencent_ai_lab_chinese_embedding_light_mirror_mvp,0.04136621,4313,0.49010981,4311,0.50384146,3018,拥抱,表白与追求,unreviewed
4314,仰慕,仰慕,2,tencent_ai_lab_chinese_embedding_light_mirror_mvp,0.04136393,4314,0.48545542,4677,0.51504195,2704,拥抱,表白与追求,unreviewed
4315,我特,我特,2,tencent_ai_lab_chinese_embedding_light_mirror_mvp,0.04135188,4315,0.49647631,3879,0.49061513,3409,亲密,社会比较与人生进度,unreviewed
4316,首付,首付,2,tencent_ai_lab_chinese_embedding_light_mirror_mvp,0.04134992,4316,0.49379596,4068,0.49656314,3245,订婚,社会比较与人生进度,unreviewed
4317,我儿,我儿,2,tencent_ai_lab_chinese_embedding_light_mirror_mvp,0.04116595,4317,0.49702909,3836,0.48888838,3454,老公,社会比较与人生进度,unreviewed
4318,表兄弟,表兄弟,3,tencent_ai_lab_chinese_embedding_light_mirror_mvp,0.04110011,4318,0.48198963,4957,0.52294803,2475,表白,表白与追求,manual_reject
4319,人格解体,人格解体,4,tencent_ai_lab_chinese_embedding_light_mirror_mvp,0.0410814,4319,0.48581229,4652,0.51379758,2742,人生阶段,社会比较与人生进度,unreviewed
4320,缩小,缩小,2,tencent_ai_lab_chinese_embedding_light_mirror_mvp,0.04107945,4320,0.49829686,3755,0.4863233,3535,落后,社会比较与人生进度,unreviewed
4321,误入歧途,误入歧途,4,tencent_ai_lab_chinese_embedding_light_mirror_mvp,0.04102949,4321,0.48276893,4900,0.5210005,2527,错过青春,社会比较与人生进度,unreviewed
4322,江边,江边,2,tencent_ai_lab_chinese_embedding_light_mirror_mvp,0.04101191,4322,0.50351955,3439,0.40795726,4858,妻子,社会比较与人生进度,unreviewed
4323,一直,一直,2,tencent_ai_lab_chinese_embedding_light_mirror_mvp,0.04099857,4323,0.48957969,4358,0.50475454,3002,被追,社会比较与人生进度,unreviewed
4324,小然,小然,2,tencent_ai_lab_chinese_embedding_light_mirror_mvp,0.04097135,4324,0.50076395,3610,0.44967324,4400,约饭,社会比较与人生进度,unreviewed
4325,阿水,阿水,2,tencent_ai_lab_chinese_embedding_light_mirror_mvp,0.04088952,4325,0.50441898,3392,0.39823854,4919,接吻,亲密行为,manual_reject
4326,并肩战斗,并肩战斗,4,tencent_ai_lab_chinese_embedding_light_mirror_mvp,0.04085756,4326,0.48842387,4440,0.50698084,2936,拥抱,社会比较与人生进度,unreviewed
4327,一袭,一袭,2,tencent_ai_lab_chinese_embedding_light_mirror_mvp,0.04082997,4327,0.50094811,3592,0.44262031,4507,被追,社会比较与人生进度,unreviewed
4328,去做,去做,2,tencent_ai_lab_chinese_embedding_light_mirror_mvp,0.04082929,4328,0.49740322,3820,0.48765361,3486,追求,社会比较与人生进度,unreviewed
4329,我想说,我想说,3,tencent_ai_lab_chinese_embedding_light_mirror_mvp,0.04080042,4329,0.49237452,4158,0.49840724,3193,追求,表白与追求,unreviewed
4330,接机,接机,2,tencent_ai_lab_chinese_embedding_light_mirror_mvp,0.04079386,4330,0.48173486,4982,0.52314878,2471,接吻,亲密行为,manual_reject
4331,偷偷地,偷偷地,3,tencent_ai_lab_chinese_embedding_light_mirror_mvp,0.04078617,4331,0.4865705,4588,0.51128411,2811,被追,表白与追求,unreviewed
4332,半夜,半夜,2,tencent_ai_lab_chinese_embedding_light_mirror_mvp,0.04078262,4332,0.5005268,3625,0.45610175,4265,告白,社会比较与人生进度,unreviewed
4333,瘦下来,瘦下来,3,tencent_ai_lab_chinese_embedding_light_mirror_mvp,0.04077182,4333,0.48952243,4362,0.50436288,3008,落后,社会比较与人生进度,unreviewed
4334,身心健康,身心健康,4,tencent_ai_lab_chinese_embedding_light_mirror_mvp,0.04068648,4334,0.49620411,3900,0.4899618,3424,亲密,社会比较与人生进度,unreviewed
4335,天生,天生,2,tencent_ai_lab_chinese_embedding_light_mirror_mvp,0.04068318,4335,0.48989733,4332,0.50326866,3038,人生阶段,社会比较与人生进度,unreviewed
4336,宣誓,宣誓,2,tencent_ai_lab_chinese_embedding_light_mirror_mvp,0.04066211,4336,0.49723964,3828,0.48760414,3487,婚礼,表白与追求,unreviewed
4337,类型,类型,2,tencent_ai_lab_chinese_embedding_light_mirror_mvp,0.04065292,4337,0.49894841,3717,0.48410085,3587,对象,社会比较与人生进度,unreviewed
4338,自认,自认,2,tencent_ai_lab_chinese_embedding_light_mirror_mvp,0.04065053,4338,0.4876228,4507,0.50854635,2888,被追,社会比较与人生进度,unreviewed
4339,师父,师父,2,tencent_ai_lab_chinese_embedding_light_mirror_mvp,0.04059584,4339,0.50243071,3506,0.41922063,4773,丈夫,婚恋,unreviewed
4340,主观,主观,2,tencent_ai_lab_chinese_embedding_light_mirror_mvp,0.04057336,4340,0.48598666,4634,0.51218438,2780,追求,社会比较与人生进度,unreviewed
4341,粉色,粉色,2,tencent_ai_lab_chinese_embedding_light_mirror_mvp,0.04055598,4341,0.50045408,3630,0.454808,4295,表白,表白与追求,unreviewed
4342,热血男儿,热血男儿,4,tencent_ai_lab_chinese_embedding_light_mirror_mvp,0.04052295,4342,0.49718225,3829,0.48739433,3493,男朋友,社会比较与人生进度,unreviewed
4343,周末,周末,2,tencent_ai_lab_chinese_embedding_light_mirror_mvp,0.04046804,4343,0.49333919,4097,0.49596173,3268,约会,约会,unreviewed
4344,你心,你心,2,tencent_ai_lab_chinese_embedding_light_mirror_mvp,0.04046627,4344,0.48437849,4777,0.5163424,2667,恋情,表白与追求,unreviewed
4345,气坏,气坏,2,tencent_ai_lab_chinese_embedding_light_mirror_mvp,0.04046064,4345,0.50013046,3654,0.46775037,4028,落后,社会比较与人生进度,unreviewed
4346,深信,深信,2,tencent_ai_lab_chinese_embedding_light_mirror_mvp,0.04045599,4346,0.4863929,4606,0.51121598,2814,亲密,表白与追求,unreviewed
4347,喝杯,喝杯,2,tencent_ai_lab_chinese_embedding_light_mirror_mvp,0.0404015,4347,0.50019296,3649,0.46435714,4094,同桌,约会,unreviewed
4348,不良情绪,不良情绪,4,tencent_ai_lab_chinese_embedding_light_mirror_mvp,0.04030169,4348,0.49348437,4089,0.49546015,3286,感情史,社会比较与人生进度,unreviewed
4349,孩妈,孩妈,2,tencent_ai_lab_chinese_embedding_light_mirror_mvp,0.04028154,4349,0.48710148,4546,0.50919032,2877,母胎单身,婚恋,unreviewed
4350,太渣,太渣,2,tencent_ai_lab_chinese_embedding_light_mirror_mvp,0.04026581,4350,0.48509017,4712,0.51410007,2734,落后,社会比较与人生进度,unreviewed
4351,排在,排在,2,tencent_ai_lab_chinese_embedding_light_mirror_mvp,0.04023001,4351,0.48854626,4432,0.50554371,2976,被追,社会比较与人生进度,unreviewed
4352,发火,发火,2,tencent_ai_lab_chinese_embedding_light_mirror_mvp,0.04022851,4352,0.5010179,3589,0.43697768,4582,散步,社会比较与人生进度,unreviewed
4353,一天,一天,2,tencent_ai_lab_chinese_embedding_light_mirror_mvp,0.04019382,4353,0.49993111,3664,0.47005433,3977,散步,约会,unreviewed
4354,毕生,毕生,2,tencent_ai_lab_chinese_embedding_light_mirror_mvp,0.04015167,4354,0.48183707,4966,0.52147537,2517,学生情侣,社会比较与人生进度,manual_reject
4355,来了,来了,2,tencent_ai_lab_chinese_embedding_light_mirror_mvp,0.04013177,4355,0.49478539,4000,0.49237126,3374,被追,社会比较与人生进度,unreviewed
4356,所累,所累,2,tencent_ai_lab_chinese_embedding_light_mirror_mvp,0.04011345,4356,0.49921542,3702,0.48266423,3631,被追,社会比较与人生进度,unreviewed
4357,豪哥,豪哥,2,tencent_ai_lab_chinese_embedding_light_mirror_mvp,0.04007661,4357,0.50204022,3529,0.42112905,4756,前男友,社会比较与人生进度,unreviewed
4358,始终,始终,2,tencent_ai_lab_chinese_embedding_light_mirror_mvp,0.04003803,4358,0.48827621,4451,0.50579041,2970,追求,表白与追求,unreviewed
4359,吃零食,吃零食,3,tencent_ai_lab_chinese_embedding_light_mirror_mvp,0.04001056,4359,0.49766775,3807,0.48585445,3546,约饭,约会,unreviewed
4360,气死,气死,2,tencent_ai_lab_chinese_embedding_light_mirror_mvp,0.04000744,4360,0.50043584,3633,0.44764096,4440,落后,社会比较与人生进度,unreviewed
4361,我相信,我相信,3,tencent_ai_lab_chinese_embedding_light_mirror_mvp,0.03994084,4361,0.49325517,4101,0.49513388,3293,亲密,社会比较与人生进度,unreviewed
4362,穿成,穿成,2,tencent_ai_lab_chinese_embedding_light_mirror_mvp,0.03992292,4362,0.4824222,4927,0.5199039,2566,校服,社会比较与人生进度,manual_reject
4363,静坐,静坐,2,tencent_ai_lab_chinese_embedding_light_mirror_mvp,0.03981781,4363,0.49905237,3709,0.4823494,3640,散步,约会,unreviewed
4364,杰爸,杰爸,2,tencent_ai_lab_chinese_embedding_light_mirror_mvp,0.03978904,4364,0.50046682,3629,0.44486615,4476,丈夫,婚恋,unreviewed
4365,阿坤,阿坤,2,tencent_ai_lab_chinese_embedding_light_mirror_mvp,0.03976764,4365,0.50346345,3446,0.40277648,4889,青春,社会比较与人生进度,unreviewed
4366,在台,在台,2,tencent_ai_lab_chinese_embedding_light_mirror_mvp,0.0397484,4366,0.50005778,3657,0.45759016,4237,约会,约会,unreviewed
4367,自小,自小,2,tencent_ai_lab_chinese_embedding_light_mirror_mvp,0.03973698,4367,0.49374279,4074,0.4938693,3329,同龄人,社会比较与人生进度,unreviewed
4368,亮相,亮相,2,tencent_ai_lab_chinese_embedding_light_mirror_mvp,0.03973678,4368,0.48458025,4760,0.51447493,2721,婚礼,表白与追求,unreviewed
4369,作文课,作文课,3,tencent_ai_lab_chinese_embedding_light_mirror_mvp,0.03965761,4369,0.50266056,3495,0.41118351,4843,同桌,表白与追求,unreviewed
4370,占座,占座,2,tencent_ai_lab_chinese_embedding_light_mirror_mvp,0.0396117,4370,0.48869352,4423,0.5039497,3014,拥抱,约会,unreviewed
4371,用心,用心,2,tencent_ai_lab_chinese_embedding_light_mirror_mvp,0.03954643,4371,0.48346266,4848,0.51681411,2656,亲密,社会比较与人生进度,unreviewed
4372,停学,停学,2,tencent_ai_lab_chinese_embedding_light_mirror_mvp,0.03947281,4372,0.4923743,4159,0.49600261,3265,散步,校园恋爱,unreviewed
4373,偷着乐,偷着乐,3,tencent_ai_lab_chinese_embedding_light_mirror_mvp,0.03945411,4373,0.48829803,4449,0.50465363,3004,被追,表白与追求,unreviewed
4374,不务正业,不务正业,4,tencent_ai_lab_chinese_embedding_light_mirror_mvp,0.03941862,4374,0.49540511,3954,0.48925683,3444,落后,社会比较与人生进度,unreviewed
4375,不要脸,不要脸,3,tencent_ai_lab_chinese_embedding_light_mirror_mvp,0.03938801,4375,0.49080285,4271,0.49913523,3167,没有对象,社会比较与人生进度,unreviewed
4376,互敬,互敬,2,tencent_ai_lab_chinese_embedding_light_mirror_mvp,0.03937835,4376,0.48452227,4766,0.51398724,2736,拥抱,亲密行为,unreviewed
4377,自私自利,自私自利,4,tencent_ai_lab_chinese_embedding_light_mirror_mvp,0.03935505,4377,0.4903283,4301,0.50006986,3143,亲密,社会比较与人生进度,unreviewed
4378,攀比,攀比,2,tencent_ai_lab_chinese_embedding_light_mirror_mvp,0.03934381,4378,0.48428982,4789,0.51452637,2717,追求,社会比较与人生进度,unreviewed
4379,平常,平常,2,tencent_ai_lab_chinese_embedding_light_mirror_mvp,0.03931869,4379,0.49394,4057,0.49255472,3366,对象,社会比较与人生进度,unreviewed
4380,大好形势,大好形势,4,tencent_ai_lab_chinese_embedding_light_mirror_mvp,0.03928492,4380,0.49976174,3669,0.45734078,4242,人生阶段,社会比较与人生进度,unreviewed
4381,尽管,尽管,2,tencent_ai_lab_chinese_embedding_light_mirror_mvp,0.03925279,4381,0.48664026,4585,0.50831759,2897,落后,社会比较与人生进度,unreviewed
4382,顺产,顺产,2,tencent_ai_lab_chinese_embedding_light_mirror_mvp,0.0392153,4382,0.49945238,3688,0.47688669,3781,母胎单身,婚恋,unreviewed
4383,换尿布,换尿布,3,tencent_ai_lab_chinese_embedding_light_mirror_mvp,0.0392058,4383,0.50321306,3459,0.40232426,4891,前男友,婚恋,unreviewed
4384,自欺欺人,自欺欺人,4,tencent_ai_lab_chinese_embedding_light_mirror_mvp,0.0391804,4384,0.48702088,4553,0.50712365,2926,别人都有对象,社会比较与人生进度,unreviewed
4385,利益,利益,2,tencent_ai_lab_chinese_embedding_light_mirror_mvp,0.03910704,4385,0.49830381,3754,0.48239946,3637,追求,表白与追求,unreviewed
4386,回母校,回母校,3,tencent_ai_lab_chinese_embedding_light_mirror_mvp,0.03906214,4386,0.48473629,4744,0.51267487,2770,校服,校园恋爱,unreviewed
4387,你家,你家,2,tencent_ai_lab_chinese_embedding_light_mirror_mvp,0.03905866,4387,0.49344826,4090,0.49309057,3351,拥抱,婚恋,unreviewed
4388,嫖妓,嫖妓,2,tencent_ai_lab_chinese_embedding_light_mirror_mvp,0.03905056,4388,0.50018498,3650,0.44487491,4475,约会,约会,unreviewed
4389,抑郁症,抑郁症,3,tencent_ai_lab_chinese_embedding_light_mirror_mvp,0.03900639,4389,0.4901011,4313,0.49979916,3151,伴侣,社会比较与人生进度,unreviewed
4390,帽子,帽子,2,tencent_ai_lab_chinese_embedding_light_mirror_mvp,0.03900572,4390,0.49988333,3665,0.45036939,4382,校服,亲密行为,unreviewed
4391,勇敢面对,勇敢面对,4,tencent_ai_lab_chinese_embedding_light_mirror_mvp,0.03898662,4391,0.4932932,4100,0.49314523,3343,追求,社会比较与人生进度,unreviewed
4392,迷奸,迷奸,2,tencent_ai_lab_chinese_embedding_light_mirror_mvp,0.03898091,4392,0.49980769,3667,0.45129889,4363,亲密,表白与追求,unreviewed
4393,上吊自杀,上吊自杀,4,tencent_ai_lab_chinese_embedding_light_mirror_mvp,0.03890413,4393,0.50068761,3616,0.43416777,4615,被追,社会比较与人生进度,unreviewed
4394,私通,私通,2,tencent_ai_lab_chinese_embedding_light_mirror_mvp,0.03883206,4394,0.48600705,4632,0.50902414,2881,亲密,亲密行为,unreviewed
4395,仿佛,仿佛,2,tencent_ai_lab_chinese_embedding_light_mirror_mvp,0.03875677,4395,0.4997472,3671,0.44998109,4389,对象,社会比较与人生进度,unreviewed
4396,口臭,口臭,2,tencent_ai_lab_chinese_embedding_light_mirror_mvp,0.03868838,4396,0.50043838,3632,0.43658999,4588,接吻,社会比较与人生进度,unreviewed
4397,虚伪,虚伪,2,tencent_ai_lab_chinese_embedding_light_mirror_mvp,0.03863807,4397,0.49868159,3731,0.48076704,3684,落后,社会比较与人生进度,unreviewed
4398,恰恰相反,恰恰相反,4,tencent_ai_lab_chinese_embedding_light_mirror_mvp,0.03863348,4398,0.49907675,3706,0.47993684,3706,对象,社会比较与人生进度,unreviewed
4399,计划生育,计划生育,4,tencent_ai_lab_chinese_embedding_light_mirror_mvp,0.03861403,4399,0.48270116,4909,0.51683587,2654,结婚,社会比较与人生进度,manual_reject
4400,保研,保研,2,tencent_ai_lab_chinese_embedding_light_mirror_mvp,0.03842131,4400,0.49895524,3715,0.47156423,3943,追求,表白与追求,unreviewed
4401,黑哥,黑哥,2,tencent_ai_lab_chinese_embedding_light_mirror_mvp,0.03829334,4401,0.50288343,3477,0.40094221,4897,前男友,社会比较与人生进度,unreviewed
4402,世故,世故,2,tencent_ai_lab_chinese_embedding_light_mirror_mvp,0.03820343,4402,0.49893831,3719,0.47666138,3795,感情史,社会比较与人生进度,unreviewed
4403,发呆,发呆,2,tencent_ai_lab_chinese_embedding_light_mirror_mvp,0.03817414,4403,0.49646823,3880,0.48449373,3577,表白,社会比较与人生进度,unreviewed
4404,我忍,我忍,2,tencent_ai_lab_chinese_embedding_light_mirror_mvp,0.03814658,4404,0.49975491,3670,0.44319922,4499,前男友,社会比较与人生进度,unreviewed
4405,太多,太多,2,tencent_ai_lab_chinese_embedding_light_mirror_mvp,0.03813974,4405,0.49414657,4041,0.48944265,3437,对象,社会比较与人生进度,unreviewed
4406,阿爸,阿爸,2,tencent_ai_lab_chinese_embedding_light_mirror_mvp,0.03813037,4406,0.49901168,3712,0.4638184,4107,丈夫,婚恋,unreviewed
4407,率先,率先,2,tencent_ai_lab_chinese_embedding_light_mirror_mvp,0.03811617,4407,0.48504448,4718,0.51013631,2847,前男友,社会比较与人生进度,unreviewed
4408,小路,小路,2,tencent_ai_lab_chinese_embedding_light_mirror_mvp,0.03811388,4408,0.48789893,4481,0.50291336,3048,散步,社会比较与人生进度,unreviewed
4409,爷们儿,爷们儿,3,tencent_ai_lab_chinese_embedding_light_mirror_mvp,0.03810103,4409,0.49385539,4066,0.49015987,3419,同龄人,社会比较与人生进度,unreviewed
4410,上半场,上半场,3,tencent_ai_lab_chinese_embedding_light_mirror_mvp,0.03809079,4410,0.49882153,3725,0.47133863,3950,散步,社会比较与人生进度,unreviewed
4411,主见,主见,2,tencent_ai_lab_chinese_embedding_light_mirror_mvp,0.03805049,4411,0.48888459,4408,0.50073683,3120,对象,社会比较与人生进度,unreviewed
4412,而且,而且,2,tencent_ai_lab_chinese_embedding_light_mirror_mvp,0.03802945,4412,0.48631411,4610,0.50676656,2945,落后,社会比较与人生进度,unreviewed
4413,新生代,新生代,3,tencent_ai_lab_chinese_embedding_light_mirror_mvp,0.03802114,4413,0.49980751,3668,0.44161594,4519,同龄人,社会比较与人生进度,unreviewed
4414,尊严,尊严,2,tencent_ai_lab_chinese_embedding_light_mirror_mvp,0.03797509,4414,0.49324521,4103,0.49115157,3394,亲密,表白与追求,unreviewed
4415,安度晚年,安度晚年,4,tencent_ai_lab_chinese_embedding_light_mirror_mvp,0.0379322,4415,0.50323678,3455,0.39468348,4938,约饭,社会比较与人生进度,manual_review
4416,考学,考学,2,tencent_ai_lab_chinese_embedding_light_mirror_mvp,0.03779018,4416,0.49568946,3932,0.48550642,3556,追求,表白与追求,unreviewed
4417,幸福地,幸福地,3,tencent_ai_lab_chinese_embedding_light_mirror_mvp,0.03773016,4417,0.48736691,4524,0.50342309,3032,拥抱,婚恋,unreviewed
4418,传统观念,传统观念,4,tencent_ai_lab_chinese_embedding_light_mirror_mvp,0.03768375,4418,0.49359804,4085,0.48991406,3426,感情史,社会比较与人生进度,unreviewed
4419,醉心,醉心,2,tencent_ai_lab_chinese_embedding_light_mirror_mvp,0.03768168,4419,0.48674957,4576,0.50495559,2992,恋情,表白与追求,unreviewed
4420,炫耀,炫耀,2,tencent_ai_lab_chinese_embedding_light_mirror_mvp,0.03764685,4420,0.49378955,4069,0.48932731,3441,暗恋,表白与追求,unreviewed
4421,这回,这回,2,tencent_ai_lab_chinese_embedding_light_mirror_mvp,0.03763772,4421,0.48713928,4544,0.50382364,3020,被追,社会比较与人生进度,unreviewed
4422,私处,私处,2,tencent_ai_lab_chinese_embedding_light_mirror_mvp,0.03762379,4422,0.48178869,4971,0.51682574,2655,亲密,亲密行为,manual_review
4423,鲜活,鲜活,2,tencent_ai_lab_chinese_embedding_light_mirror_mvp,0.03759641,4423,0.4985826,3735,0.47552222,3821,亲密,亲密行为,unreviewed
4424,总而言之,总而言之,4,tencent_ai_lab_chinese_embedding_light_mirror_mvp,0.03758244,4424,0.4981447,3769,0.47985965,3710,落后,社会比较与人生进度,unreviewed
4425,琐事,琐事,2,tencent_ai_lab_chinese_embedding_light_mirror_mvp,0.03756021,4425,0.48537537,4684,0.50792938,2904,伴侣,社会比较与人生进度,unreviewed
4426,乏味,乏味,2,tencent_ai_lab_chinese_embedding_light_mirror_mvp,0.03752415,4426,0.49040922,4294,0.49630684,3252,落后,社会比较与人生进度,unreviewed
4427,我应该,我应该,3,tencent_ai_lab_chinese_embedding_light_mirror_mvp,0.03752251,4427,0.48921881,4383,0.49896985,3173,追求,社会比较与人生进度,unreviewed
4428,那年,那年,2,tencent_ai_lab_chinese_embedding_light_mirror_mvp,0.03751548,4428,0.48306627,4877,0.51374602,2744,青春,社会比较与人生进度,unreviewed
4429,沸沸扬扬,沸沸扬扬,4,tencent_ai_lab_chinese_embedding_light_mirror_mvp,0.03751535,4429,0.49003977,4318,0.49704355,3231,落后,表白与追求,unreviewed
4430,澄清,澄清,2,tencent_ai_lab_chinese_embedding_light_mirror_mvp,0.03744142,4430,0.49074514,4275,0.49571788,3279,被追,表白与追求,unreviewed
4431,诱惑,诱惑,2,tencent_ai_lab_chinese_embedding_light_mirror_mvp,0.03738199,4431,0.49848528,3742,0.47526976,3830,被追,表白与追求,unreviewed
4432,旧账,旧账,2,tencent_ai_lab_chinese_embedding_light_mirror_mvp,0.03732368,4432,0.49757428,3814,0.48070836,3686,老公,婚恋,unreviewed
4433,指责,指责,2,tencent_ai_lab_chinese_embedding_light_mirror_mvp,0.03711823,4433,0.48592846,4638,0.50574577,2971,对象,社会比较与人生进度,unreviewed
4434,自在,自在,2,tencent_ai_lab_chinese_embedding_light_mirror_mvp,0.0370559,4434,0.48533821,4688,0.50708234,2931,单身,社会比较与人生进度,unreviewed
4435,晚育,晚育,2,tencent_ai_lab_chinese_embedding_light_mirror_mvp,0.03704174,4435,0.49827445,3756,0.47835374,3751,母胎单身,社会比较与人生进度,unreviewed
4436,人父,人父,2,tencent_ai_lab_chinese_embedding_light_mirror_mvp,0.03699281,4436,0.48851129,4435,0.49945855,3157,同龄人,社会比较与人生进度,unreviewed
4437,宾馆,宾馆,2,tencent_ai_lab_chinese_embedding_light_mirror_mvp,0.03698552,4437,0.49256096,4153,0.49071071,3407,婚礼,约会,unreviewed
4438,游手好闲,游手好闲,4,tencent_ai_lab_chinese_embedding_light_mirror_mvp,0.0369444,4438,0.49122205,4238,0.49343741,3336,牵手,社会比较与人生进度,unreviewed
4439,下属,下属,2,tencent_ai_lab_chinese_embedding_light_mirror_mvp,0.03691225,4439,0.49061216,4284,0.49494821,3302,对象,社会比较与人生进度,unreviewed
4440,息影,息影,2,tencent_ai_lab_chinese_embedding_light_mirror_mvp,0.03691023,4440,0.49823185,3759,0.47097379,3957,看电影,约会,unreviewed
4441,更高,更高,2,tencent_ai_lab_chinese_embedding_light_mirror_mvp,0.03690115,4441,0.48753269,4514,0.50168747,3095,追求,社会比较与人生进度,unreviewed
4442,孩童,孩童,2,tencent_ai_lab_chinese_embedding_light_mirror_mvp,0.03689903,4442,0.49806362,3771,0.47852427,3746,青春,社会比较与人生进度,unreviewed
4443,大姑娘,大姑娘,3,tencent_ai_lab_chinese_embedding_light_mirror_mvp,0.0368708,4443,0.48387401,4818,0.51055443,2831,大学恋爱,婚恋,unreviewed
4444,时尚,时尚,2,tencent_ai_lab_chinese_embedding_light_mirror_mvp,0.03671885,4444,0.49769936,3804,0.47911149,3728,约会,社会比较与人生进度,unreviewed
4445,物质,物质,2,tencent_ai_lab_chinese_embedding_light_mirror_mvp,0.03670336,4445,0.49580003,3926,0.4829492,3620,追求,表白与追求,unreviewed
4446,品学兼优,品学兼优,4,tencent_ai_lab_chinese_embedding_light_mirror_mvp,0.03666524,4446,0.49817916,3765,0.47661674,3798,追求,社会比较与人生进度,unreviewed
4447,有意识,有意识,3,tencent_ai_lab_chinese_embedding_light_mirror_mvp,0.03665843,4447,0.48582439,4650,0.5051173,2987,亲密,社会比较与人生进度,unreviewed
4448,大娘,大娘,2,tencent_ai_lab_chinese_embedding_light_mirror_mvp,0.03663915,4448,0.4945182,4018,0.48582125,3547,老婆,婚恋,unreviewed
4449,发酒疯,发酒疯,3,tencent_ai_lab_chinese_embedding_light_mirror_mvp,0.03661318,4449,0.4995109,3685,0.4345625,4612,被追,表白与追求,unreviewed
4450,扣子,扣子,2,tencent_ai_lab_chinese_embedding_light_mirror_mvp,0.0365929,4450,0.49960065,3680,0.4329958,4632,被追,社会比较与人生进度,unreviewed
4451,辞世,辞世,2,tencent_ai_lab_chinese_embedding_light_mirror_mvp,0.03657853,4451,0.49821447,3762,0.46585226,4067,前任,社会比较与人生进度,unreviewed
4452,代名词,代名词,3,tencent_ai_lab_chinese_embedding_light_mirror_mvp,0.03655446,4452,0.4982236,3760,0.46469724,4088,对象,社会比较与人生进度,unreviewed
4453,比心,比心,2,tencent_ai_lab_chinese_embedding_light_mirror_mvp,0.03653682,4453,0.49451021,4019,0.48563224,3552,对象,表白与追求,unreviewed
4454,场景,场景,2,tencent_ai_lab_chinese_embedding_light_mirror_mvp,0.0364283,4454,0.48397489,4808,0.50946736,2868,人生阶段,社会比较与人生进度,unreviewed
4455,传出,传出,2,tencent_ai_lab_chinese_embedding_light_mirror_mvp,0.03640322,4455,0.49622709,3897,0.48141468,3663,被追,表白与追求,unreviewed
4456,败光,败光,2,tencent_ai_lab_chinese_embedding_light_mirror_mvp,0.03633038,4456,0.49390241,4063,0.48658073,3526,落后,社会比较与人生进度,unreviewed
4457,今世,今世,2,tencent_ai_lab_chinese_embedding_light_mirror_mvp,0.03631957,4457,0.48949965,4367,0.49610278,3260,前任,恋爱历史,unreviewed
4458,诗情画意,诗情画意,4,tencent_ai_lab_chinese_embedding_light_mirror_mvp,0.03629162,4458,0.48465779,4754,0.50751919,2922,恋情,表白与追求,unreviewed
4459,关键词,关键词,3,tencent_ai_lab_chinese_embedding_light_mirror_mvp,0.0362789,4459,0.49796706,3779,0.47275004,3911,亲密关系,社会比较与人生进度,unreviewed
4460,超帅,超帅,2,tencent_ai_lab_chinese_embedding_light_mirror_mvp,0.03627339,4460,0.49806011,3772,0.46628201,4058,男朋友,社会比较与人生进度,unreviewed
4461,文学,文学,2,tencent_ai_lab_chinese_embedding_light_mirror_mvp,0.03625183,4461,0.49875288,3728,0.44357619,4496,感情史,表白与追求,unreviewed
4462,有天,有天,2,tencent_ai_lab_chinese_embedding_light_mirror_mvp,0.03615024,4462,0.49653424,3877,0.4802689,3696,被追,社会比较与人生进度,unreviewed
4463,志军,志军,2,tencent_ai_lab_chinese_embedding_light_mirror_mvp,0.03614456,4463,0.50276259,3486,0.39088529,4951,男朋友,社会比较与人生进度,manual_reject
4464,警察,警察,2,tencent_ai_lab_chinese_embedding_light_mirror_mvp,0.03613678,4464,0.49930152,3698,0.43411684,4618,被追,表白与追求,unreviewed
4465,家门,家门,2,tencent_ai_lab_chinese_embedding_light_mirror_mvp,0.03612014,4465,0.49836558,3750,0.44925797,4414,落后,婚恋,unreviewed
4466,哭闹,哭闹,2,tencent_ai_lab_chinese_embedding_light_mirror_mvp,0.03611218,4466,0.49594147,3921,0.48154595,3660,拥抱,社会比较与人生进度,unreviewed
4467,永不,永不,2,tencent_ai_lab_chinese_embedding_light_mirror_mvp,0.03609471,4467,0.49479774,3999,0.48394561,3592,感情史,表白与追求,unreviewed
4468,涨粉,涨粉,2,tencent_ai_lab_chinese_embedding_light_mirror_mvp,0.0360198,4468,0.49712701,3832,0.47858733,3742,被追,表白与追求,unreviewed
4469,植物人,植物人,3,tencent_ai_lab_chinese_embedding_light_mirror_mvp,0.03590406,4469,0.48699652,4556,0.50081146,3115,恋人,社会比较与人生进度,unreviewed
4470,戳心,戳心,2,tencent_ai_lab_chinese_embedding_light_mirror_mvp,0.03582346,4470,0.49307052,4115,0.48704612,3506,牵手,亲密行为,unreviewed
4471,优柔寡断,优柔寡断,4,tencent_ai_lab_chinese_embedding_light_mirror_mvp,0.03579953,4471,0.48741717,4521,0.49965256,3154,脱单,单身与脱单,unreviewed
4472,娃儿,娃儿,2,tencent_ai_lab_chinese_embedding_light_mirror_mvp,0.0357972,4472,0.49689274,3845,0.47857565,3744,老公,社会比较与人生进度,unreviewed
4473,双目失明,双目失明,4,tencent_ai_lab_chinese_embedding_light_mirror_mvp,0.03579519,4473,0.48962256,4354,0.49479985,3306,脱单,单身与脱单,unreviewed
4474,庆功会,庆功会,3,tencent_ai_lab_chinese_embedding_light_mirror_mvp,0.035795,4474,0.48992363,4330,0.49400324,3325,约会,约会,unreviewed
4475,梳着,梳着,2,tencent_ai_lab_chinese_embedding_light_mirror_mvp,0.03572638,4475,0.48269016,4911,0.51100588,2818,拥抱,亲密行为,manual_reject
4476,憎恨,憎恨,2,tencent_ai_lab_chinese_embedding_light_mirror_mvp,0.03563727,4476,0.48582487,4649,0.50292128,3047,暗恋,表白与追求,unreviewed
4477,晨起,晨起,2,tencent_ai_lab_chinese_embedding_light_mirror_mvp,0.03556098,4477,0.48504497,4717,0.50483978,2995,早恋,表白与追求,unreviewed
4478,敌视,敌视,2,tencent_ai_lab_chinese_embedding_light_mirror_mvp,0.03554154,4478,0.49839606,3748,0.44324863,4498,被追,社会比较与人生进度,unreviewed
4479,在读,在读,2,tencent_ai_lab_chinese_embedding_light_mirror_mvp,0.03550455,4479,0.48193545,4960,0.51202112,2786,被追,社会比较与人生进度,manual_reject
4480,当成,当成,2,tencent_ai_lab_chinese_embedding_light_mirror_mvp,0.03550309,4480,0.49770558,3802,0.47003287,3978,被追,社会比较与人生进度,unreviewed
4481,那是,那是,2,tencent_ai_lab_chinese_embedding_light_mirror_mvp,0.03547832,4481,0.48810061,4466,0.49740779,3223,追求,表白与追求,unreviewed
4482,踢毽子,踢毽子,3,tencent_ai_lab_chinese_embedding_light_mirror_mvp,0.03544729,4482,0.49875525,3727,0.43637234,4589,散步,校园恋爱,unreviewed
4483,演员,演员,2,tencent_ai_lab_chinese_embedding_light_mirror_mvp,0.03544197,4483,0.49917092,3703,0.42997462,4666,看电影,约会,unreviewed
4484,品行,品行,2,tencent_ai_lab_chinese_embedding_light_mirror_mvp,0.03538695,4484,0.48735702,4526,0.49895227,3175,追求,表白与追求,unreviewed
4485,谈天说地,谈天说地,4,tencent_ai_lab_chinese_embedding_light_mirror_mvp,0.03528309,4485,0.4980143,3776,0.44871774,4427,约会,约会,unreviewed
4486,面子,面子,2,tencent_ai_lab_chinese_embedding_light_mirror_mvp,0.03519543,4486,0.48879468,4413,0.49534446,3290,妻子,社会比较与人生进度,unreviewed
4487,故乡,故乡,2,tencent_ai_lab_chinese_embedding_light_mirror_mvp,0.03518556,4487,0.50168812,3553,0.39737415,4922,青春,社会比较与人生进度,manual_reject
4488,骄傲,骄傲,2,tencent_ai_lab_chinese_embedding_light_mirror_mvp,0.03518134,4488,0.48579108,4654,0.50211215,3071,落后,社会比较与人生进度,unreviewed
4489,双亡,双亡,2,tencent_ai_lab_chinese_embedding_light_mirror_mvp,0.03512731,4489,0.48815143,4463,0.49652463,3246,脱单,单身与脱单,unreviewed
4490,品格,品格,2,tencent_ai_lab_chinese_embedding_light_mirror_mvp,0.03509367,4490,0.4968491,3850,0.47701234,3777,追求,社会比较与人生进度,unreviewed
4491,黯然神伤,黯然神伤,4,tencent_ai_lab_chinese_embedding_light_mirror_mvp,0.03509328,4491,0.49227045,4171,0.4871707,3499,落后,表白与追求,unreviewed
4492,非议,非议,2,tencent_ai_lab_chinese_embedding_light_mirror_mvp,0.03508472,4492,0.49767931,3806,0.46407813,4102,落后,社会比较与人生进度,unreviewed
4493,纸们,纸们,2,tencent_ai_lab_chinese_embedding_light_mirror_mvp,0.03497648,4493,0.49614545,3906,0.47862649,3740,拥抱,表白与追求,unreviewed
4494,美貌,美貌,2,tencent_ai_lab_chinese_embedding_light_mirror_mvp,0.03494091,4494,0.48702493,4551,0.4987511,3180,对象,社会比较与人生进度,unreviewed
4495,能让,能让,2,tencent_ai_lab_chinese_embedding_light_mirror_mvp,0.03490391,4495,0.48830051,4448,0.49580464,3277,对象,亲密行为,unreviewed
4496,整容,整容,2,tencent_ai_lab_chinese_embedding_light_mirror_mvp,0.03489658,4496,0.49785721,3790,0.44910428,4422,订婚,社会比较与人生进度,unreviewed
4497,短信内容,短信内容,4,tencent_ai_lab_chinese_embedding_light_mirror_mvp,0.03481187,4497,0.48951291,4364,0.4929195,3355,告白,表白与追求,unreviewed
4498,身份,身份,2,tencent_ai_lab_chinese_embedding_light_mirror_mvp,0.03475605,4498,0.48433858,4784,0.50510782,2988,单身,社会比较与人生进度,unreviewed
4499,我爽,我爽,2,tencent_ai_lab_chinese_embedding_light_mirror_mvp,0.03474914,4499,0.49725289,3827,0.47125244,3951,亲密,社会比较与人生进度,unreviewed
4500,这位,这位,2,tencent_ai_lab_chinese_embedding_light_mirror_mvp,0.03472883,4500,0.49270824,4140,0.48560575,3553,同龄人,社会比较与人生进度,unreviewed
4501,催泪,催泪,2,tencent_ai_lab_chinese_embedding_light_mirror_mvp,0.03471997,4501,0.48934535,4373,0.49304622,3353,恋情,表白与追求,unreviewed
4502,可岚,可岚,2,tencent_ai_lab_chinese_embedding_light_mirror_mvp,0.03466561,4502,0.49964139,3675,0.4176724,4791,同桌,社会比较与人生进度,unreviewed
4503,但也,但也,2,tencent_ai_lab_chinese_embedding_light_mirror_mvp,0.03460196,4503,0.48852577,4434,0.49474019,3309,追求,社会比较与人生进度,unreviewed
4504,立业,立业,2,tencent_ai_lab_chinese_embedding_light_mirror_mvp,0.0345357,4504,0.48782996,4488,0.49606532,3262,订婚,婚恋,unreviewed
4505,牌友,牌友,2,tencent_ai_lab_chinese_embedding_light_mirror_mvp,0.03450542,4505,0.49064424,4279,0.489333,3440,男朋友,对象关系,unreviewed
4506,那个时候,那个时候,4,tencent_ai_lab_chinese_embedding_light_mirror_mvp,0.03450266,4506,0.48693658,4560,0.49816811,3202,前任,社会比较与人生进度,unreviewed
4507,大手大脚,大手大脚,4,tencent_ai_lab_chinese_embedding_light_mirror_mvp,0.0344839,4507,0.49704636,3835,0.47439516,3866,牵手,亲密行为,unreviewed
4508,更多,更多,2,tencent_ai_lab_chinese_embedding_light_mirror_mvp,0.03446759,4508,0.48522613,4701,0.50204647,3076,对象,社会比较与人生进度,unreviewed
4509,孝心,孝心,2,tencent_ai_lab_chinese_embedding_light_mirror_mvp,0.03446265,4509,0.49558992,3938,0.47857872,3743,老公,婚恋,unreviewed
4510,妞儿,妞儿,2,tencent_ai_lab_chinese_embedding_light_mirror_mvp,0.03444296,4510,0.48597897,4636,0.5002166,3137,女朋友,对象关系,unreviewed
4511,无原则,无原则,3,tencent_ai_lab_chinese_embedding_light_mirror_mvp,0.03443312,4511,0.48266967,4915,0.50835931,2894,没有对象,社会比较与人生进度,manual_reject
4512,贞节,贞节,2,tencent_ai_lab_chinese_embedding_light_mirror_mvp,0.03442971,4512,0.4978588,3789,0.44464993,4480,订婚,婚恋,unreviewed
4513,恒久,恒久,2,tencent_ai_lab_chinese_embedding_light_mirror_mvp,0.03439797,4513,0.49894495,3718,0.42591208,4704,约会,约会,unreviewed
4514,换了,换了,2,tencent_ai_lab_chinese_embedding_light_mirror_mvp,0.03436725,4514,0.488179,4460,0.49499008,3300,落后,社会比较与人生进度,unreviewed
4515,仇敌,仇敌,2,tencent_ai_lab_chinese_embedding_light_mirror_mvp,0.03432403,4515,0.4970852,3834,0.46652168,4054,感情史,社会比较与人生进度,unreviewed
4516,夏日,夏日,2,tencent_ai_lab_chinese_embedding_light_mirror_mvp,0.03430679,4516,0.49839801,3747,0.43218619,4639,青春,社会比较与人生进度,unreviewed
4517,厌恶,厌恶,2,tencent_ai_lab_chinese_embedding_light_mirror_mvp,0.0342815,4517,0.48619196,4620,0.49933493,3160,落后,社会比较与人生进度,unreviewed
4518,软弱,软弱,2,tencent_ai_lab_chinese_embedding_light_mirror_mvp,0.03419635,4518,0.49209617,4180,0.48569387,3550,落后,社会比较与人生进度,unreviewed
4519,留电话,留电话,3,tencent_ai_lab_chinese_embedding_light_mirror_mvp,0.03410182,4519,0.48778583,4494,0.49539989,3287,对象,约会,unreviewed
4520,迟到,迟到,2,tencent_ai_lab_chinese_embedding_light_mirror_mvp,0.03397229,4520,0.48440166,4776,0.50312191,3042,被追,表白与追求,unreviewed
4521,下一个,下一个,3,tencent_ai_lab_chinese_embedding_light_mirror_mvp,0.03394927,4521,0.4864199,4602,0.49824685,3201,脱单,社会比较与人生进度,unreviewed
4522,分差,分差,2,tencent_ai_lab_chinese_embedding_light_mirror_mvp,0.0339482,4522,0.49113652,4241,0.48696575,3508,落后,社会比较与人生进度,unreviewed
4523,姨妈家,姨妈家,3,tencent_ai_lab_chinese_embedding_light_mirror_mvp,0.03390136,4523,0.4967887,3854,0.47378057,3882,婚礼,婚恋,unreviewed
4524,复联,复联,2,tencent_ai_lab_chinese_embedding_light_mirror_mvp,0.03389342,4524,0.49957074,3682,0.41394669,4820,单身,社会比较与人生进度,unreviewed
4525,演出,演出,2,tencent_ai_lab_chinese_embedding_light_mirror_mvp,0.03374666,4525,0.48950257,4366,0.49036747,3413,婚礼,约会,unreviewed
4526,阵子,阵子,2,tencent_ai_lab_chinese_embedding_light_mirror_mvp,0.03373708,4526,0.49760785,3813,0.44519433,4468,妻子,社会比较与人生进度,unreviewed
4527,嘻嘻哈哈,嘻嘻哈哈,4,tencent_ai_lab_chinese_embedding_light_mirror_mvp,0.03371732,4527,0.49392837,4059,0.48071694,3685,青春,社会比较与人生进度,unreviewed
4528,家养,家养,2,tencent_ai_lab_chinese_embedding_light_mirror_mvp,0.03354798,4528,0.48508837,4714,0.5005309,3126,老公,婚恋,unreviewed
4529,放肆,放肆,2,tencent_ai_lab_chinese_embedding_light_mirror_mvp,0.03353312,4529,0.48278587,4896,0.50594789,2968,亲密,亲密行为,unreviewed
4530,考量,考量,2,tencent_ai_lab_chinese_embedding_light_mirror_mvp,0.03348932,4530,0.48863415,4427,0.49194515,3382,追求,社会比较与人生进度,unreviewed
4531,性丑闻,性丑闻,3,tencent_ai_lab_chinese_embedding_light_mirror_mvp,0.03345669,4531,0.49736853,3821,0.44474089,4478,感情史,恋爱历史,unreviewed
4532,层面,层面,2,tencent_ai_lab_chinese_embedding_light_mirror_mvp,0.03345032,4532,0.48268752,4914,0.50628734,2960,落后,社会比较与人生进度,manual_reject
4533,撒谎,撒谎,2,tencent_ai_lab_chinese_embedding_light_mirror_mvp,0.03332018,4533,0.49493667,3986,0.4774054,3770,亲密,表白与追求,unreviewed
4534,好啊,好啊,2,tencent_ai_lab_chinese_embedding_light_mirror_mvp,0.0332223,4534,0.49190755,4194,0.4837769,3595,落后,表白与追求,unreviewed
4535,拍照片,拍照片,3,tencent_ai_lab_chinese_embedding_light_mirror_mvp,0.03314466,4535,0.49365923,4080,0.48005658,3703,看电影,社会比较与人生进度,unreviewed
4536,楼下,楼下,2,tencent_ai_lab_chinese_embedding_light_mirror_mvp,0.03312212,4536,0.49655707,3871,0.46510661,4081,落后,社会比较与人生进度,unreviewed
4537,丑闻,丑闻,2,tencent_ai_lab_chinese_embedding_light_mirror_mvp,0.03309121,4537,0.49846509,3744,0.42210144,4742,被追,表白与追求,unreviewed
4538,天菜,天菜,2,tencent_ai_lab_chinese_embedding_light_mirror_mvp,0.03305309,4538,0.49855044,3740,0.42046303,4765,约饭,约会,unreviewed
4539,哪怕,哪怕,2,tencent_ai_lab_chinese_embedding_light_mirror_mvp,0.03290319,4539,0.4954075,3953,0.47539946,3825,被追,表白与追求,unreviewed
4540,妹儿,妹儿,2,tencent_ai_lab_chinese_embedding_light_mirror_mvp,0.03289986,4540,0.48203289,4954,0.50631285,2959,女朋友,社会比较与人生进度,manual_reject
4541,正装,正装,2,tencent_ai_lab_chinese_embedding_light_mirror_mvp,0.03274479,4541,0.49149491,4220,0.48345649,3601,校服,社会比较与人生进度,unreviewed
4542,太穷,太穷,2,tencent_ai_lab_chinese_embedding_light_mirror_mvp,0.03273544,4542,0.4918071,4200,0.48290271,3622,落后,社会比较与人生进度,unreviewed
4543,马路,马路,2,tencent_ai_lab_chinese_embedding_light_mirror_mvp,0.03269144,4543,0.49400483,4046,0.47795749,3759,散步,约会,unreviewed
4544,读书,读书,2,tencent_ai_lab_chinese_embedding_light_mirror_mvp,0.03263755,4544,0.49086955,4262,0.48465943,3574,追求,社会比较与人生进度,unreviewed
4545,虚无缥缈,虚无缥缈,4,tencent_ai_lab_chinese_embedding_light_mirror_mvp,0.03253683,4545,0.48844635,4438,0.48987526,3427,落后,社会比较与人生进度,unreviewed
4546,有传,有传,2,tencent_ai_lab_chinese_embedding_light_mirror_mvp,0.03238315,4546,0.4873457,4527,0.49251318,3368,被追,表白与追求,unreviewed
4547,跪地,跪地,2,tencent_ai_lab_chinese_embedding_light_mirror_mvp,0.03236882,4547,0.49619439,3902,0.46757489,4033,拥抱,表白与追求,unreviewed
4548,一忍再忍,一忍再忍,4,tencent_ai_lab_chinese_embedding_light_mirror_mvp,0.03234448,4548,0.49653686,3874,0.44918174,4419,前男友,约会,unreviewed
4549,善意,善意,2,tencent_ai_lab_chinese_embedding_light_mirror_mvp,0.03231188,4549,0.48222795,4939,0.50436532,3007,喜欢的人,表白与追求,manual_reject
4550,他特,他特,2,tencent_ai_lab_chinese_embedding_light_mirror_mvp,0.03219242,4550,0.48498892,4725,0.49800545,3211,男朋友,表白与追求,unreviewed
4551,将心比心,将心比心,4,tencent_ai_lab_chinese_embedding_light_mirror_mvp,0.03216916,4551,0.49191074,4193,0.48136097,3665,拥抱,表白与追求,unreviewed
4552,还俗,还俗,2,tencent_ai_lab_chinese_embedding_light_mirror_mvp,0.03205466,4552,0.48272901,4903,0.50267053,3056,落后,社会比较与人生进度,manual_reject
4553,丽萨,丽萨,2,tencent_ai_lab_chinese_embedding_light_mirror_mvp,0.03202377,4553,0.50185183,3543,0.37880361,4974,老婆,婚恋,manual_reject
4554,第二节,第二节,3,tencent_ai_lab_chinese_embedding_light_mirror_mvp,0.03197709,4554,0.48893005,4401,0.48736191,3494,第一次约会,社会比较与人生进度,unreviewed
4555,无可厚非,无可厚非,4,tencent_ai_lab_chinese_embedding_light_mirror_mvp,0.03193788,4555,0.48447014,4770,0.49860898,3186,落后,社会比较与人生进度,unreviewed
4556,胸罩,胸罩,2,tencent_ai_lab_chinese_embedding_light_mirror_mvp,0.03186501,4556,0.49692603,3841,0.43535531,4601,拥抱,亲密行为,unreviewed
4557,无可取代,无可取代,4,tencent_ai_lab_chinese_embedding_light_mirror_mvp,0.03185455,4557,0.48454478,4763,0.4982695,3199,没有对象,社会比较与人生进度,unreviewed
4558,家狗,家狗,2,tencent_ai_lab_chinese_embedding_light_mirror_mvp,0.03182568,4558,0.49770052,3803,0.42525637,4715,老公,婚恋,unreviewed
4559,无袖,无袖,2,tencent_ai_lab_chinese_embedding_light_mirror_mvp,0.03181834,4559,0.4962992,3890,0.44826317,4435,脱单,单身与脱单,unreviewed
4560,总在,总在,2,tencent_ai_lab_chinese_embedding_light_mirror_mvp,0.03179315,4560,0.48481422,4736,0.49731135,3225,被追,社会比较与人生进度,unreviewed
4561,带狗,带狗,2,tencent_ai_lab_chinese_embedding_light_mirror_mvp,0.03170759,4561,0.49435844,4031,0.47506911,3837,拥抱,亲密行为,unreviewed
4562,剧中,剧中,2,tencent_ai_lab_chinese_embedding_light_mirror_mvp,0.0316981,4562,0.49562587,3935,0.47230855,3926,高中恋爱,表白与追求,unreviewed
4563,监考,监考,2,tencent_ai_lab_chinese_embedding_light_mirror_mvp,0.03166496,4563,0.49653744,3873,0.44211477,4514,被追,社会比较与人生进度,unreviewed
4564,好色,好色,2,tencent_ai_lab_chinese_embedding_light_mirror_mvp,0.03166442,4564,0.49675025,3861,0.43868035,4559,表白,表白与追求,unreviewed
4565,财主,财主,2,tencent_ai_lab_chinese_embedding_light_mirror_mvp,0.03163436,4565,0.49586091,3925,0.465756,4072,老公,婚恋,unreviewed
4566,野心,野心,2,tencent_ai_lab_chinese_embedding_light_mirror_mvp,0.03157211,4566,0.49569219,3931,0.4686712,4010,拥抱,社会比较与人生进度,unreviewed
4567,艺术创作,艺术创作,4,tencent_ai_lab_chinese_embedding_light_mirror_mvp,0.03156581,4567,0.49886895,3723,0.40690327,4863,爱情,表白与追求,unreviewed
4568,发力,发力,2,tencent_ai_lab_chinese_embedding_light_mirror_mvp,0.03152985,4568,0.48893079,4400,0.48645553,3529,牵手,表白与追求,unreviewed
4569,热泪盈眶,热泪盈眶,4,tencent_ai_lab_chinese_embedding_light_mirror_mvp,0.03149313,4569,0.48280042,4894,0.50129783,3106,拥抱,表白与追求,unreviewed
4570,人财两空,人财两空,4,tencent_ai_lab_chinese_embedding_light_mirror_mvp,0.03145553,4570,0.4881667,4461,0.48790684,3476,别人都有对象,社会比较与人生进度,unreviewed
4571,富足,富足,2,tencent_ai_lab_chinese_embedding_light_mirror_mvp,0.03145265,4571,0.49392788,4060,0.4753139,3827,落后,社会比较与人生进度,unreviewed
4572,成名,成名,2,tencent_ai_lab_chinese_embedding_light_mirror_mvp,0.03145231,4572,0.48640127,4605,0.49266946,3363,落后,社会比较与人生进度,unreviewed
4573,举行,举行,2,tencent_ai_lab_chinese_embedding_light_mirror_mvp,0.03140884,4573,0.48318089,4870,0.50032496,3133,对象,社会比较与人生进度,unreviewed
4574,这样,这样,2,tencent_ai_lab_chinese_embedding_light_mirror_mvp,0.03140607,4574,0.49058195,4286,0.48248643,3635,追求,社会比较与人生进度,unreviewed
4575,怨恨,怨恨,2,tencent_ai_lab_chinese_embedding_light_mirror_mvp,0.03139265,4575,0.49072999,4276,0.48215061,3645,感情史,社会比较与人生进度,unreviewed
4576,网上,网上,2,tencent_ai_lab_chinese_embedding_light_mirror_mvp,0.03130553,4576,0.49030517,4303,0.48277006,3626,被追,社会比较与人生进度,unreviewed
4577,玩水,玩水,2,tencent_ai_lab_chinese_embedding_light_mirror_mvp,0.03120371,4577,0.49602463,3914,0.45107788,4366,接吻,约会,unreviewed
4578,养宠物,养宠物,3,tencent_ai_lab_chinese_embedding_light_mirror_mvp,0.03119443,4578,0.49550838,3946,0.46994376,3981,拥抱,对象关系,unreviewed
4579,听课,听课,2,tencent_ai_lab_chinese_embedding_light_mirror_mvp,0.03115587,4579,0.48864402,4426,0.48635763,3533,同桌,约会,unreviewed
4580,清华北大,清华北大,4,tencent_ai_lab_chinese_embedding_light_mirror_mvp,0.03108786,4580,0.48922528,4381,0.48467636,3573,大学恋爱,校园恋爱,unreviewed
4581,多疑,多疑,2,tencent_ai_lab_chinese_embedding_light_mirror_mvp,0.03100674,4581,0.49568263,3934,0.45828414,4223,亲密,社会比较与人生进度,unreviewed
4582,塑造,塑造,2,tencent_ai_lab_chinese_embedding_light_mirror_mvp,0.03099986,4582,0.49190565,4195,0.47858906,3741,拥抱,社会比较与人生进度,unreviewed
4583,存钱,存钱,2,tencent_ai_lab_chinese_embedding_light_mirror_mvp,0.0309911,4583,0.49473962,4004,0.47266868,3913,结婚,社会比较与人生进度,unreviewed
4584,睡懒觉,睡懒觉,3,tencent_ai_lab_chinese_embedding_light_mirror_mvp,0.03097203,4584,0.49638134,3886,0.43877435,4558,单身,社会比较与人生进度,unreviewed
4585,存款,存款,2,tencent_ai_lab_chinese_embedding_light_mirror_mvp,0.03095877,4585,0.4819046,4962,0.50200295,3081,结婚,社会比较与人生进度,manual_reject
4586,就这样,就这样,3,tencent_ai_lab_chinese_embedding_light_mirror_mvp,0.03095794,4586,0.48650903,4591,0.49080461,3401,追求,社会比较与人生进度,unreviewed
4587,尽善尽美,尽善尽美,4,tencent_ai_lab_chinese_embedding_light_mirror_mvp,0.03086303,4587,0.49552947,3944,0.46094912,4170,落后,社会比较与人生进度,unreviewed
4588,大强,大强,2,tencent_ai_lab_chinese_embedding_light_mirror_mvp,0.0307992,4588,0.49772762,3798,0.41593117,4806,被追,表白与追求,unreviewed
4589,吐槽,吐槽,2,tencent_ai_lab_chinese_embedding_light_mirror_mvp,0.03079876,4589,0.48472847,4745,0.49535039,3289,落后,社会比较与人生进度,unreviewed
4590,酸甜苦辣,酸甜苦辣,4,tencent_ai_lab_chinese_embedding_light_mirror_mvp,0.0307304,4590,0.48392435,4811,0.49700886,3233,爱情,表白与追求,unreviewed
4591,更帅,更帅,2,tencent_ai_lab_chinese_embedding_light_mirror_mvp,0.03067968,4591,0.49560009,3937,0.45286387,4336,前男友,社会比较与人生进度,unreviewed
4592,课本,课本,2,tencent_ai_lab_chinese_embedding_light_mirror_mvp,0.03058394,4592,0.49520397,3962,0.46562207,4076,校服,校园恋爱,unreviewed
4593,旁若无人,旁若无人,4,tencent_ai_lab_chinese_embedding_light_mirror_mvp,0.03054327,4593,0.48530002,4692,0.49310559,3350,恋人,社会比较与人生进度,unreviewed
4594,期末考,期末考,3,tencent_ai_lab_chinese_embedding_light_mirror_mvp,0.0305203,4594,0.49542348,3951,0.45809537,4226,人生阶段,社会比较与人生进度,unreviewed
4595,泪流满面,泪流满面,4,tencent_ai_lab_chinese_embedding_light_mirror_mvp,0.03046943,4595,0.48617137,4622,0.49058682,3410,落后,社会比较与人生进度,unreviewed
4596,债主,债主,2,tencent_ai_lab_chinese_embedding_light_mirror_mvp,0.03046181,4596,0.49526227,3960,0.46211076,4145,老公,婚恋,unreviewed
4597,小万,小万,2,tencent_ai_lab_chinese_embedding_light_mirror_mvp,0.03041309,4597,0.49568388,3933,0.4464936,4454,老公,婚恋,unreviewed
4598,亡母,亡母,2,tencent_ai_lab_chinese_embedding_light_mirror_mvp,0.03037988,4598,0.49482759,3997,0.47087005,3959,母胎单身,婚恋,unreviewed
4599,作为,作为,2,tencent_ai_lab_chinese_embedding_light_mirror_mvp,0.03035443,4599,0.48245236,4922,0.49934095,3159,追求,社会比较与人生进度,manual_reject
4600,入睡,入睡,2,tencent_ai_lab_chinese_embedding_light_mirror_mvp,0.03034539,4600,0.48415745,4798,0.49581271,3276,亲密,社会比较与人生进度,unreviewed
4601,好事多磨,好事多磨,4,tencent_ai_lab_chinese_embedding_light_mirror_mvp,0.03026575,4601,0.49621121,3899,0.43551946,4596,恋爱经历,社会比较与人生进度,unreviewed
4602,下家,下家,2,tencent_ai_lab_chinese_embedding_light_mirror_mvp,0.03026261,4602,0.48470082,4748,0.49408919,3323,落后,婚恋,unreviewed
4603,美妞,美妞,2,tencent_ai_lab_chinese_embedding_light_mirror_mvp,0.0301914,4603,0.48672156,4577,0.48833668,3463,女朋友,对象关系,unreviewed
4604,再美,再美,2,tencent_ai_lab_chinese_embedding_light_mirror_mvp,0.03018675,4604,0.48578398,4656,0.49082556,3399,落后,表白与追求,unreviewed
4605,那就是,那就是,3,tencent_ai_lab_chinese_embedding_light_mirror_mvp,0.03016197,4605,0.48166473,4990,0.50087333,3114,追求,表白与追求,manual_reject
4606,夕阳,夕阳,2,tencent_ai_lab_chinese_embedding_light_mirror_mvp,0.03009699,4606,0.4937777,4071,0.47255677,3916,伴侣,社会比较与人生进度,unreviewed
4607,父兄,父兄,2,tencent_ai_lab_chinese_embedding_light_mirror_mvp,0.03007668,4607,0.49528553,3959,0.45288187,4335,亲密关系,亲密行为,unreviewed
4608,好多好多,好多好多,4,tencent_ai_lab_chinese_embedding_light_mirror_mvp,0.03006981,4608,0.49532497,3958,0.45223486,4347,对象,社会比较与人生进度,unreviewed
4609,别扭,别扭,2,tencent_ai_lab_chinese_embedding_light_mirror_mvp,0.03006828,4609,0.49174526,4205,0.47663128,3797,落后,社会比较与人生进度,unreviewed
4610,强暴,强暴,2,tencent_ai_lab_chinese_embedding_light_mirror_mvp,0.03005359,4610,0.49095147,4256,0.47823185,3753,被追,表白与追求,unreviewed
4611,远在他乡,远在他乡,4,tencent_ai_lab_chinese_embedding_light_mirror_mvp,0.03002779,4611,0.48603032,4630,0.48968709,3432,散步,表白与追求,unreviewed
4612,调戏,调戏,2,tencent_ai_lab_chinese_embedding_light_mirror_mvp,0.02995783,4612,0.4950907,3966,0.45444804,4305,求婚,表白与追求,unreviewed
4613,进取心,进取心,3,tencent_ai_lab_chinese_embedding_light_mirror_mvp,0.02992989,4613,0.48165005,4991,0.50034642,3130,追求,社会比较与人生进度,manual_reject
4614,上厕所,上厕所,3,tencent_ai_lab_chinese_embedding_light_mirror_mvp,0.02981757,4614,0.49619488,3901,0.43121618,4655,同桌,约会,unreviewed
4615,养个,养个,2,tencent_ai_lab_chinese_embedding_light_mirror_mvp,0.0298154,4615,0.48611175,4626,0.48902714,3451,追求,社会比较与人生进度,unreviewed
4616,寿诞,寿诞,2,tencent_ai_lab_chinese_embedding_light_mirror_mvp,0.02980484,4616,0.491599,4213,0.476143,3806,婚礼,婚恋,unreviewed
4617,大房子,大房子,3,tencent_ai_lab_chinese_embedding_light_mirror_mvp,0.02977196,4617,0.49004667,4317,0.47948232,3720,大学恋爱,婚恋,unreviewed
4618,一姐,一姐,2,tencent_ai_lab_chinese_embedding_light_mirror_mvp,0.02975218,4618,0.49094257,4259,0.47742999,3769,同龄人,社会比较与人生进度,unreviewed
4619,本性,本性,2,tencent_ai_lab_chinese_embedding_light_mirror_mvp,0.0297425,4619,0.49491072,3988,0.46285695,4129,追求,社会比较与人生进度,unreviewed
4620,电视剧,电视剧,3,tencent_ai_lab_chinese_embedding_light_mirror_mvp,0.02973193,4620,0.4877818,4495,0.48482853,3570,爱情,表白与追求,unreviewed
4621,教育制度,教育制度,4,tencent_ai_lab_chinese_embedding_light_mirror_mvp,0.02968948,4621,0.49555598,3939,0.44082421,4527,人生阶段,社会比较与人生进度,unreviewed
4622,目的性,目的性,3,tencent_ai_lab_chinese_embedding_light_mirror_mvp,0.02958538,4622,0.4919136,4192,0.47495812,3841,追求,社会比较与人生进度,unreviewed
4623,轻浮,轻浮,2,tencent_ai_lab_chinese_embedding_light_mirror_mvp,0.02957327,4623,0.49213543,4177,0.47457293,3858,散步,表白与追求,unreviewed
4624,活动量,活动量,3,tencent_ai_lab_chinese_embedding_light_mirror_mvp,0.02948259,4624,0.49488832,3991,0.4585309,4219,约会对象,约会,unreviewed
4625,这不,这不,2,tencent_ai_lab_chinese_embedding_light_mirror_mvp,0.02946181,4625,0.48806672,4470,0.48321444,3606,没有对象,社会比较与人生进度,unreviewed
4626,尼坤,尼坤,2,tencent_ai_lab_chinese_embedding_light_mirror_mvp,0.02943523,4626,0.50064557,3619,0.37601608,4982,脱单,社会比较与人生进度,manual_reject
4627,来日方长,来日方长,4,tencent_ai_lab_chinese_embedding_light_mirror_mvp,0.02941244,4627,0.49667099,3864,0.41951135,4769,对象,社会比较与人生进度,unreviewed
4628,陈奕迅,陈奕迅,3,tencent_ai_lab_chinese_embedding_light_mirror_mvp,0.02936472,4628,0.49494225,3985,0.45212814,4352,前男友,恋爱历史,unreviewed
4629,宵夜,宵夜,2,tencent_ai_lab_chinese_embedding_light_mirror_mvp,0.02925171,4629,0.49548556,3950,0.43920836,4547,暗恋,表白与追求,unreviewed
4630,潸然泪下,潸然泪下,4,tencent_ai_lab_chinese_embedding_light_mirror_mvp,0.02923076,4630,0.48268844,4913,0.4963083,3251,落后,社会比较与人生进度,manual_reject
4631,异类,异类,2,tencent_ai_lab_chinese_embedding_light_mirror_mvp,0.02920665,4631,0.48435622,4781,0.49241582,3371,别人都有对象,社会比较与人生进度,unreviewed
4632,演了,演了,2,tencent_ai_lab_chinese_embedding_light_mirror_mvp,0.02916909,4632,0.49269814,4141,0.47242743,3920,约会,约会,unreviewed
4633,避孕措施,避孕措施,4,tencent_ai_lab_chinese_embedding_light_mirror_mvp,0.02915153,4633,0.49216226,4176,0.47348323,3890,恋爱经验,亲密行为,unreviewed
4634,舆论,舆论,2,tencent_ai_lab_chinese_embedding_light_mirror_mvp,0.02908932,4634,0.48592288,4640,0.48756963,3490,被追,社会比较与人生进度,unreviewed
4635,城里,城里,2,tencent_ai_lab_chinese_embedding_light_mirror_mvp,0.02908219,4635,0.49503292,3973,0.44373512,4492,恋人,社会比较与人生进度,unreviewed
4636,经济基础,经济基础,4,tencent_ai_lab_chinese_embedding_light_mirror_mvp,0.02907291,4636,0.49487944,3992,0.44957674,4404,人生阶段,社会比较与人生进度,unreviewed
4637,做生意,做生意,3,tencent_ai_lab_chinese_embedding_light_mirror_mvp,0.02900956,4637,0.4862235,4616,0.48673803,3519,对象,社会比较与人生进度,unreviewed
4638,教育,教育,2,tencent_ai_lab_chinese_embedding_light_mirror_mvp,0.02889867,4638,0.48961114,4356,0.47841045,3750,青春,社会比较与人生进度,unreviewed
4639,这一天,这一天,3,tencent_ai_lab_chinese_embedding_light_mirror_mvp,0.02889482,4639,0.48322212,4865,0.49417514,3320,人生阶段,表白与追求,unreviewed
4640,尿床,尿床,2,tencent_ai_lab_chinese_embedding_light_mirror_mvp,0.02886642,4640,0.49795865,3780,0.39909768,4910,老公,婚恋,manual_reject
4641,儿们,儿们,2,tencent_ai_lab_chinese_embedding_light_mirror_mvp,0.02886453,4641,0.48390795,4814,0.49254352,3367,拥抱,社会比较与人生进度,unreviewed
4642,水到渠成,水到渠成,4,tencent_ai_lab_chinese_embedding_light_mirror_mvp,0.0287815,4642,0.49641966,3882,0.41802788,4785,拥抱,亲密行为,unreviewed
4643,玩一玩,玩一玩,3,tencent_ai_lab_chinese_embedding_light_mirror_mvp,0.02877045,4643,0.48398139,4807,0.49206132,3379,看电影,约会,unreviewed
4644,固执,固执,2,tencent_ai_lab_chinese_embedding_light_mirror_mvp,0.02871219,4644,0.49179272,4202,0.47314256,3899,脱单,表白与追求,unreviewed
4645,欠债人,欠债人,3,tencent_ai_lab_chinese_embedding_light_mirror_mvp,0.02870777,4645,0.48233094,4935,0.49584615,3274,喜欢的人,社会比较与人生进度,manual_reject
4646,排解,排解,2,tencent_ai_lab_chinese_embedding_light_mirror_mvp,0.02868143,4646,0.48470194,4747,0.48978472,3431,被追,约会,unreviewed
4647,仙女,仙女,2,tencent_ai_lab_chinese_embedding_light_mirror_mvp,0.02852938,4647,0.49144898,4223,0.47335446,3894,女朋友,社会比较与人生进度,unreviewed
4648,质朴,质朴,2,tencent_ai_lab_chinese_embedding_light_mirror_mvp,0.02851515,4648,0.48754635,4511,0.48218697,3644,亲密,表白与追求,unreviewed
4649,炒作,炒作,2,tencent_ai_lab_chinese_embedding_light_mirror_mvp,0.02849342,4649,0.49065413,4278,0.47484666,3845,约饭,社会比较与人生进度,unreviewed
4650,倘若,倘若,2,tencent_ai_lab_chinese_embedding_light_mirror_mvp,0.0284645,4650,0.49267055,4144,0.47055072,3966,追求,社会比较与人生进度,unreviewed
4651,这也,这也,2,tencent_ai_lab_chinese_embedding_light_mirror_mvp,0.02841534,4651,0.48686094,4567,0.48347974,3600,对象,社会比较与人生进度,unreviewed
4652,恶评,恶评,2,tencent_ai_lab_chinese_embedding_light_mirror_mvp,0.02840113,4652,0.48586766,4647,0.48613739,3539,被追,社会比较与人生进度,unreviewed
4653,带套,带套,2,tencent_ai_lab_chinese_embedding_light_mirror_mvp,0.02836882,4653,0.48679515,4572,0.48350501,3599,拥抱,亲密行为,unreviewed
4654,三角裤,三角裤,3,tencent_ai_lab_chinese_embedding_light_mirror_mvp,0.02835872,4654,0.49856143,3737,0.38824773,4959,校服,亲密行为,manual_reject
4655,街上,街上,2,tencent_ai_lab_chinese_embedding_light_mirror_mvp,0.0283078,4655,0.48654467,4589,0.48397666,3591,散步,社会比较与人生进度,unreviewed
4656,洋溢,洋溢,2,tencent_ai_lab_chinese_embedding_light_mirror_mvp,0.02826585,4656,0.48717715,4536,0.48233509,3641,拥抱,表白与追求,unreviewed
4657,好虐,好虐,2,tencent_ai_lab_chinese_embedding_light_mirror_mvp,0.02816097,4657,0.48580322,4653,0.48564234,3551,感情史,表白与追求,unreviewed
4658,化妆,化妆,2,tencent_ai_lab_chinese_embedding_light_mirror_mvp,0.02813696,4658,0.49590311,3923,0.42157704,4749,恋情,社会比较与人生进度,unreviewed
4659,一节课,一节课,3,tencent_ai_lab_chinese_embedding_light_mirror_mvp,0.02813594,4659,0.48730004,4530,0.48181075,3657,同桌,约会,unreviewed
4660,湖畔,湖畔,2,tencent_ai_lab_chinese_embedding_light_mirror_mvp,0.02811673,4660,0.49643556,3881,0.41243088,4831,恋人,亲密行为,unreviewed
4661,微博号,微博号,3,tencent_ai_lab_chinese_embedding_light_mirror_mvp,0.02806691,4661,0.4955356,3942,0.42522186,4716,别人都有对象,社会比较与人生进度,unreviewed
4662,乖孩子,乖孩子,3,tencent_ai_lab_chinese_embedding_light_mirror_mvp,0.02792829,4662,0.49625645,3895,0.41364869,4823,亲密,亲密行为,unreviewed
4663,自闭症,自闭症,3,tencent_ai_lab_chinese_embedding_light_mirror_mvp,0.02789542,4663,0.49498608,3977,0.43199301,4644,亲密关系,社会比较与人生进度,unreviewed
4664,跳绳,跳绳,2,tencent_ai_lab_chinese_embedding_light_mirror_mvp,0.02786048,4664,0.49016745,4309,0.47432083,3869,散步,亲密行为,unreviewed
4665,菅纫姿,菅纫姿,3,tencent_ai_lab_chinese_embedding_light_mirror_mvp,0.0278411,4665,0.50013072,3653,0.37182388,4987,丈夫,婚恋,manual_reject
4666,天赋,天赋,2,tencent_ai_lab_chinese_embedding_light_mirror_mvp,0.0278296,4666,0.49181308,4199,0.47058362,3964,人生阶段,社会比较与人生进度,unreviewed
4667,蹦迪,蹦迪,2,tencent_ai_lab_chinese_embedding_light_mirror_mvp,0.02781926,4667,0.49779652,3793,0.39391363,4940,脱单,约会,manual_reject
4668,生意,生意,2,tencent_ai_lab_chinese_embedding_light_mirror_mvp,0.02776336,4668,0.48238707,4930,0.49311376,3347,对象,社会比较与人生进度,manual_reject
4669,绝地反击,绝地反击,4,tencent_ai_lab_chinese_embedding_light_mirror_mvp,0.02774306,4669,0.49692777,3839,0.40203023,4893,被追,社会比较与人生进度,unreviewed
4670,儿时,儿时,2,tencent_ai_lab_chinese_embedding_light_mirror_mvp,0.02774042,4670,0.48981802,4338,0.47469708,3849,早恋,社会比较与人生进度,unreviewed
4671,一职,一职,2,tencent_ai_lab_chinese_embedding_light_mirror_mvp,0.02772622,4671,0.49500849,3976,0.43023711,4661,前任,社会比较与人生进度,unreviewed
4672,出发点,出发点,3,tencent_ai_lab_chinese_embedding_light_mirror_mvp,0.02763726,4672,0.4912177,4239,0.47147325,3947,落后,社会比较与人生进度,unreviewed
4673,沉醉,沉醉,2,tencent_ai_lab_chinese_embedding_light_mirror_mvp,0.02759483,4673,0.48500147,4723,0.48627526,3536,暗恋,表白与追求,unreviewed
4674,空想,空想,2,tencent_ai_lab_chinese_embedding_light_mirror_mvp,0.02755627,4674,0.48459632,4758,0.4870488,3505,追求,社会比较与人生进度,unreviewed
4675,千言万语,千言万语,4,tencent_ai_lab_chinese_embedding_light_mirror_mvp,0.02750856,4675,0.48347569,4846,0.48964947,3434,亲密,表白与追求,unreviewed
4676,责骂,责骂,2,tencent_ai_lab_chinese_embedding_light_mirror_mvp,0.02743053,4676,0.48787627,4484,0.4784641,3749,被追,社会比较与人生进度,unreviewed
4677,生死,生死,2,tencent_ai_lab_chinese_embedding_light_mirror_mvp,0.02739832,4677,0.48589168,4644,0.48310262,3611,人生阶段,社会比较与人生进度,unreviewed
4678,这代,这代,2,tencent_ai_lab_chinese_embedding_light_mirror_mvp,0.02738777,4678,0.49102826,4251,0.47111917,3954,同龄人,社会比较与人生进度,unreviewed
4679,高管,高管,2,tencent_ai_lab_chinese_embedding_light_mirror_mvp,0.02738268,4679,0.49506794,3968,0.42483878,4723,前任,社会比较与人生进度,unreviewed
4680,离经叛道,离经叛道,4,tencent_ai_lab_chinese_embedding_light_mirror_mvp,0.02732581,4680,0.48922361,4382,0.47494587,3843,散步,社会比较与人生进度,unreviewed
4681,脆弱,脆弱,2,tencent_ai_lab_chinese_embedding_light_mirror_mvp,0.02727943,4681,0.4901008,4314,0.47284961,3908,落后,单身与脱单,unreviewed
4682,首要条件,首要条件,4,tencent_ai_lab_chinese_embedding_light_mirror_mvp,0.02727821,4682,0.48375767,4825,0.48821133,3466,追求,社会比较与人生进度,unreviewed
4683,知性,知性,2,tencent_ai_lab_chinese_embedding_light_mirror_mvp,0.027127,4683,0.4849633,4729,0.48510742,3566,感情史,社会比较与人生进度,unreviewed
4684,晚年,晚年,2,tencent_ai_lab_chinese_embedding_light_mirror_mvp,0.02708324,4684,0.49278381,4134,0.46589932,4064,青春,社会比较与人生进度,unreviewed
4685,性自慰,性自慰,3,tencent_ai_lab_chinese_embedding_light_mirror_mvp,0.02704046,4685,0.48356698,4837,0.48794973,3474,感情史,单身与脱单,unreviewed
4686,喂奶,喂奶,2,tencent_ai_lab_chinese_embedding_light_mirror_mvp,0.02703132,4686,0.49341865,4093,0.4619517,4148,拥抱,亲密行为,unreviewed
4687,街访,街访,2,tencent_ai_lab_chinese_embedding_light_mirror_mvp,0.02701924,4687,0.48891922,4404,0.47475886,3847,约会,约会,unreviewed
4688,长衣,长衣,2,tencent_ai_lab_chinese_embedding_light_mirror_mvp,0.02688852,4688,0.48575768,4658,0.4822641,3643,校服,婚恋,unreviewed
4689,程序员,程序员,3,tencent_ai_lab_chinese_embedding_light_mirror_mvp,0.02659465,4689,0.49318573,4107,0.45887381,4216,同龄人,社会比较与人生进度,unreviewed
4690,教导处,教导处,3,tencent_ai_lab_chinese_embedding_light_mirror_mvp,0.02652438,4690,0.4955315,3943,0.41185805,4836,学生情侣,社会比较与人生进度,unreviewed
4691,剪彩,剪彩,2,tencent_ai_lab_chinese_embedding_light_mirror_mvp,0.02645679,4691,0.49183424,4198,0.46624914,4059,脱单,表白与追求,unreviewed
4692,胞弟,胞弟,2,tencent_ai_lab_chinese_embedding_light_mirror_mvp,0.0264513,4692,0.4928073,4131,0.46375537,4109,同龄人,社会比较与人生进度,unreviewed
4693,多病,多病,2,tencent_ai_lab_chinese_embedding_light_mirror_mvp,0.02643338,4693,0.49436188,4030,0.43018907,4663,同龄人,社会比较与人生进度,unreviewed
4694,房贷,房贷,2,tencent_ai_lab_chinese_embedding_light_mirror_mvp,0.0264164,4694,0.48406754,4803,0.48536801,3559,结婚,婚恋,unreviewed
4695,好工作,好工作,3,tencent_ai_lab_chinese_embedding_light_mirror_mvp,0.02639719,4695,0.49317447,4109,0.45625132,4262,对象,社会比较与人生进度,unreviewed
4696,这天,这天,2,tencent_ai_lab_chinese_embedding_light_mirror_mvp,0.02637641,4696,0.48798062,4476,0.47514141,3835,被追,表白与追求,unreviewed
4697,谎言,谎言,2,tencent_ai_lab_chinese_embedding_light_mirror_mvp,0.02636493,4697,0.48478262,4741,0.48313248,3610,亲密,表白与追求,unreviewed
4698,施虐,施虐,2,tencent_ai_lab_chinese_embedding_light_mirror_mvp,0.02635304,4698,0.4883058,4446,0.47438335,3867,拥抱,表白与追求,unreviewed
4699,瞎了眼,瞎了眼,3,tencent_ai_lab_chinese_embedding_light_mirror_mvp,0.02633782,4699,0.49301002,4118,0.45903322,4213,错过青春,社会比较与人生进度,unreviewed
4700,卧槽,卧槽,2,tencent_ai_lab_chinese_embedding_light_mirror_mvp,0.02631813,4700,0.49064232,4280,0.46883252,4008,散步,社会比较与人生进度,unreviewed
4701,独立性,独立性,3,tencent_ai_lab_chinese_embedding_light_mirror_mvp,0.02630824,4701,0.48516188,4706,0.48209605,3648,亲密,单身与脱单,unreviewed
4702,生活作风,生活作风,4,tencent_ai_lab_chinese_embedding_light_mirror_mvp,0.02625847,4702,0.48297582,4880,0.4871504,3500,人生阶段,社会比较与人生进度,unreviewed
4703,奢华,奢华,2,tencent_ai_lab_chinese_embedding_light_mirror_mvp,0.02624965,4703,0.4837943,4823,0.48551571,3555,落后,表白与追求,unreviewed
4704,春游,春游,2,tencent_ai_lab_chinese_embedding_light_mirror_mvp,0.02617412,4704,0.48729478,4531,0.4762364,3804,青春,约会,unreviewed
4705,目的,目的,2,tencent_ai_lab_chinese_embedding_light_mirror_mvp,0.02615793,4705,0.48689892,4563,0.47708565,3776,追求,社会比较与人生进度,unreviewed
4706,但我,但我,2,tencent_ai_lab_chinese_embedding_light_mirror_mvp,0.02614793,4706,0.48994141,4327,0.46990317,3982,单身,社会比较与人生进度,unreviewed
4707,窝囊废,窝囊废,3,tencent_ai_lab_chinese_embedding_light_mirror_mvp,0.02614544,4707,0.48803411,4472,0.47452176,3861,落后,社会比较与人生进度,unreviewed
4708,时装,时装,2,tencent_ai_lab_chinese_embedding_light_mirror_mvp,0.0261339,4708,0.49024616,4306,0.46914047,4000,校服,社会比较与人生进度,unreviewed
4709,言听计从,言听计从,4,tencent_ai_lab_chinese_embedding_light_mirror_mvp,0.02590434,4709,0.49485601,3994,0.41671044,4800,约饭,约会,unreviewed
4710,很乖,很乖,2,tencent_ai_lab_chinese_embedding_light_mirror_mvp,0.02589839,4710,0.4852124,4704,0.48080593,3682,亲密,社会比较与人生进度,unreviewed
4711,挂科,挂科,2,tencent_ai_lab_chinese_embedding_light_mirror_mvp,0.0258928,4711,0.49271845,4138,0.45960146,4202,校服,社会比较与人生进度,unreviewed
4712,避讳,避讳,2,tencent_ai_lab_chinese_embedding_light_mirror_mvp,0.02583821,4712,0.48498387,4727,0.48131406,3668,亲密,社会比较与人生进度,unreviewed
4713,插刀,插刀,2,tencent_ai_lab_chinese_embedding_light_mirror_mvp,0.02583101,4713,0.49405314,4043,0.42755622,4688,牵手,亲密行为,unreviewed
4714,闹得,闹得,2,tencent_ai_lab_chinese_embedding_light_mirror_mvp,0.02581847,4714,0.4834181,4853,0.48514411,3563,别人都有对象,社会比较与人生进度,unreviewed
4715,为啥,为啥,2,tencent_ai_lab_chinese_embedding_light_mirror_mvp,0.02576106,4715,0.49285774,4126,0.45090288,4369,追求,社会比较与人生进度,unreviewed
4716,自杀身亡,自杀身亡,4,tencent_ai_lab_chinese_embedding_light_mirror_mvp,0.02574652,4716,0.49277602,4135,0.45406759,4315,单身,社会比较与人生进度,unreviewed
4717,性饥渴,性饥渴,3,tencent_ai_lab_chinese_embedding_light_mirror_mvp,0.02572852,4717,0.48787736,4483,0.47365382,3885,感情史,亲密行为,unreviewed
4718,粉丝团,粉丝团,3,tencent_ai_lab_chinese_embedding_light_mirror_mvp,0.02571218,4718,0.48458233,4759,0.4820109,3653,约饭,约会,unreviewed
4719,政治课,政治课,3,tencent_ai_lab_chinese_embedding_light_mirror_mvp,0.0256733,4719,0.49473629,4005,0.41697824,4796,感情史,校园恋爱,unreviewed
4720,这话,这话,2,tencent_ai_lab_chinese_embedding_light_mirror_mvp,0.025671,4720,0.486493,4592,0.47669375,3793,追求,表白与追求,unreviewed
4721,劝和,劝和,2,tencent_ai_lab_chinese_embedding_light_mirror_mvp,0.02565629,4721,0.48804096,4471,0.47305769,3901,被追,表白与追求,unreviewed
4722,社会性,社会性,3,tencent_ai_lab_chinese_embedding_light_mirror_mvp,0.0255675,4722,0.48502047,4720,0.4803099,3695,约会,社会比较与人生进度,unreviewed
4723,反社会行为,反社会行为,5,tencent_ai_lab_chinese_embedding_light_mirror_mvp,0.02555921,4723,0.48391206,4813,0.4830327,3615,被追,社会比较与人生进度,unreviewed
4724,每一刻,每一刻,3,tencent_ai_lab_chinese_embedding_light_mirror_mvp,0.02555145,4724,0.48616645,4623,0.47714454,3774,人生阶段,社会比较与人生进度,unreviewed
4725,伊一,伊一,2,tencent_ai_lab_chinese_embedding_light_mirror_mvp,0.02551566,4725,0.49388971,4065,0.42911208,4675,初吻,恋爱历史,unreviewed
4726,跳楼自杀,跳楼自杀,4,tencent_ai_lab_chinese_embedding_light_mirror_mvp,0.02551423,4726,0.49497483,3979,0.41050145,4846,错过青春,社会比较与人生进度,unreviewed
4727,发福,发福,2,tencent_ai_lab_chinese_embedding_light_mirror_mvp,0.02550888,4727,0.49029377,4305,0.4670729,4047,伴侣,社会比较与人生进度,unreviewed
4728,浪迹天涯,浪迹天涯,4,tencent_ai_lab_chinese_embedding_light_mirror_mvp,0.02549764,4728,0.49486064,3993,0.41300684,4828,爱情,社会比较与人生进度,unreviewed
4729,说养,说养,2,tencent_ai_lab_chinese_embedding_light_mirror_mvp,0.02549082,4729,0.49142324,4227,0.46404913,4104,追求,表白与追求,unreviewed
4730,自然地,自然地,3,tencent_ai_lab_chinese_embedding_light_mirror_mvp,0.02545901,4730,0.49236095,4161,0.46159542,4157,落后,社会比较与人生进度,unreviewed
4731,脾气,脾气,2,tencent_ai_lab_chinese_embedding_light_mirror_mvp,0.02537464,4731,0.48676629,4574,0.47523981,3833,老公,社会比较与人生进度,unreviewed
4732,争风吃醋,争风吃醋,4,tencent_ai_lab_chinese_embedding_light_mirror_mvp,0.02531494,4732,0.49050171,4289,0.46577394,4071,约饭,表白与追求,unreviewed
4733,道喜,道喜,2,tencent_ai_lab_chinese_embedding_light_mirror_mvp,0.02529328,4733,0.48208965,4949,0.48660481,3523,喜欢的人,表白与追求,manual_review
4734,淋雨,淋雨,2,tencent_ai_lab_chinese_embedding_light_mirror_mvp,0.02527461,4734,0.49314637,4112,0.43905902,4550,散步,亲密行为,unreviewed
4735,认真工作,认真工作,4,tencent_ai_lab_chinese_embedding_light_mirror_mvp,0.02524572,4735,0.48776078,4497,0.47265795,3914,追求,社会比较与人生进度,unreviewed
4736,无业游民,无业游民,4,tencent_ai_lab_chinese_embedding_light_mirror_mvp,0.02519119,4736,0.4961036,3909,0.39489132,4937,没有对象,单身与脱单,manual_reject
4737,一句,一句,2,tencent_ai_lab_chinese_embedding_light_mirror_mvp,0.02505691,4737,0.49229947,4165,0.45457369,4302,对象,社会比较与人生进度,unreviewed
4738,职高,职高,2,tencent_ai_lab_chinese_embedding_light_mirror_mvp,0.02505,4738,0.48783684,4487,0.47177589,3938,高中恋爱,社会比较与人生进度,unreviewed
4739,隔三差五,隔三差五,4,tencent_ai_lab_chinese_embedding_light_mirror_mvp,0.02502294,4739,0.48913758,4390,0.46836236,4016,别人都有对象,社会比较与人生进度,unreviewed
4740,傻子,傻子,2,tencent_ai_lab_chinese_embedding_light_mirror_mvp,0.02479602,4740,0.48619453,4619,0.4749364,3844,妻子,社会比较与人生进度,unreviewed
4741,长胖,长胖,2,tencent_ai_lab_chinese_embedding_light_mirror_mvp,0.0247848,4741,0.48560014,4668,0.47634119,3802,男朋友,社会比较与人生进度,unreviewed
4742,笔袋,笔袋,2,tencent_ai_lab_chinese_embedding_light_mirror_mvp,0.02476993,4742,0.49728489,3825,0.37869519,4975,牵手,亲密行为,manual_reject
4743,玻璃心,玻璃心,3,tencent_ai_lab_chinese_embedding_light_mirror_mvp,0.02472054,4743,0.49306054,4116,0.43311954,4631,暗恋,恋爱历史,unreviewed
4744,盲从,盲从,2,tencent_ai_lab_chinese_embedding_light_mirror_mvp,0.02471645,4744,0.49203433,4184,0.45726711,4244,被追,社会比较与人生进度,unreviewed
4745,花袄,花袄,2,tencent_ai_lab_chinese_embedding_light_mirror_mvp,0.02463703,4745,0.48515295,4707,0.47696042,3779,校服,婚恋,unreviewed
4746,非主流,非主流,3,tencent_ai_lab_chinese_embedding_light_mirror_mvp,0.02456398,4746,0.49076432,4274,0.46254683,4136,落后,社会比较与人生进度,unreviewed
4747,一怒之下,一怒之下,4,tencent_ai_lab_chinese_embedding_light_mirror_mvp,0.02454408,4747,0.49292105,4122,0.43281275,4633,感情史,社会比较与人生进度,unreviewed
4748,无限,无限,2,tencent_ai_lab_chinese_embedding_light_mirror_mvp,0.02453624,4748,0.4878653,4485,0.46998906,3979,没有对象,单身与脱单,unreviewed
4749,狮子,狮子,2,tencent_ai_lab_chinese_embedding_light_mirror_mvp,0.02452696,4749,0.49495374,3982,0.40305161,4888,单身,对象关系,unreviewed
4750,升职,升职,2,tencent_ai_lab_chinese_embedding_light_mirror_mvp,0.02452662,4750,0.49376734,4072,0.42045286,4766,前任,社会比较与人生进度,unreviewed
4751,暖化,暖化,2,tencent_ai_lab_chinese_embedding_light_mirror_mvp,0.02448687,4751,0.49560715,3936,0.39427418,4939,散步,亲密行为,manual_reject
4752,其弟,其弟,2,tencent_ai_lab_chinese_embedding_light_mirror_mvp,0.02437558,4752,0.48412387,4801,0.47914791,3727,前男友,社会比较与人生进度,unreviewed
4753,视作,视作,2,tencent_ai_lab_chinese_embedding_light_mirror_mvp,0.02435319,4753,0.48558662,4671,0.47508392,3836,看电影,社会比较与人生进度,unreviewed
4754,试管婴儿,试管婴儿,4,tencent_ai_lab_chinese_embedding_light_mirror_mvp,0.0243334,4754,0.49503392,3972,0.39965865,4908,母胎单身,亲密行为,manual_reject
4755,替父,替父,2,tencent_ai_lab_chinese_embedding_light_mirror_mvp,0.02431504,4755,0.4927582,4137,0.43383944,4622,丈夫,婚恋,unreviewed
4756,军训,军训,2,tencent_ai_lab_chinese_embedding_light_mirror_mvp,0.02429243,4756,0.49191623,4191,0.44953173,4406,校服,社会比较与人生进度,unreviewed
4757,忍无可忍,忍无可忍,4,tencent_ai_lab_chinese_embedding_light_mirror_mvp,0.02427535,4757,0.48501425,4721,0.47636771,3801,亲密,社会比较与人生进度,unreviewed
4758,补拍,补拍,2,tencent_ai_lab_chinese_embedding_light_mirror_mvp,0.02421222,4758,0.49308873,4113,0.42712259,4692,被追,表白与追求,unreviewed
4759,满城风雨,满城风雨,4,tencent_ai_lab_chinese_embedding_light_mirror_mvp,0.02419439,4759,0.4962606,3894,0.38525337,4966,落后,社会比较与人生进度,manual_reject
4760,白大褂,白大褂,3,tencent_ai_lab_chinese_embedding_light_mirror_mvp,0.02410396,4760,0.49081481,4270,0.46080291,4174,校服,表白与追求,unreviewed
4761,偏执狂,偏执狂,3,tencent_ai_lab_chinese_embedding_light_mirror_mvp,0.02404829,4761,0.48212996,4946,0.48266912,3630,暗恋,表白与追求,manual_review
4762,试卷,试卷,2,tencent_ai_lab_chinese_embedding_light_mirror_mvp,0.02402869,4762,0.49321586,4104,0.42294562,4737,对象,社会比较与人生进度,unreviewed
4763,替儿,替儿,2,tencent_ai_lab_chinese_embedding_light_mirror_mvp,0.0240168,4763,0.49286062,4125,0.42779291,4687,被追,表白与追求,unreviewed
4764,妩媚,妩媚,2,tencent_ai_lab_chinese_embedding_light_mirror_mvp,0.02397546,4764,0.48801234,4474,0.46763402,4030,表白,表白与追求,unreviewed
4765,蛮帅,蛮帅,2,tencent_ai_lab_chinese_embedding_light_mirror_mvp,0.02396469,4765,0.4902229,4307,0.46167284,4156,前男友,社会比较与人生进度,unreviewed
4766,很多很多,很多很多,4,tencent_ai_lab_chinese_embedding_light_mirror_mvp,0.02392075,4766,0.48337256,4858,0.47952247,3718,别人都有对象,社会比较与人生进度,unreviewed
4767,拳脚相加,拳脚相加,4,tencent_ai_lab_chinese_embedding_light_mirror_mvp,0.02390254,4767,0.4922177,4173,0.43854022,4562,牵手,约会,unreviewed
4768,崩盘,崩盘,2,tencent_ai_lab_chinese_embedding_light_mirror_mvp,0.02386525,4768,0.48695359,4559,0.47016674,3974,脱单,社会比较与人生进度,unreviewed
4769,但生,但生,2,tencent_ai_lab_chinese_embedding_light_mirror_mvp,0.02380591,4769,0.48553125,4673,0.47363329,3886,人生阶段,社会比较与人生进度,unreviewed
4770,天分,天分,2,tencent_ai_lab_chinese_embedding_light_mirror_mvp,0.02375353,4770,0.49233017,4163,0.43394303,4621,落后,社会比较与人生进度,unreviewed
4771,坐地铁,坐地铁,3,tencent_ai_lab_chinese_embedding_light_mirror_mvp,0.02364202,4771,0.48259882,4917,0.48043406,3691,约会,约会,manual_reject
4772,左邻右舍,左邻右舍,4,tencent_ai_lab_chinese_embedding_light_mirror_mvp,0.02363737,4772,0.48879064,4414,0.4641839,4098,同桌,社会比较与人生进度,unreviewed
4773,风波,风波,2,tencent_ai_lab_chinese_embedding_light_mirror_mvp,0.02362895,4773,0.49127407,4234,0.45762467,4236,被追,社会比较与人生进度,unreviewed
4774,嬉笑,嬉笑,2,tencent_ai_lab_chinese_embedding_light_mirror_mvp,0.02361699,4774,0.48703136,4550,0.46907398,4002,散步,表白与追求,unreviewed
4775,生育权,生育权,3,tencent_ai_lab_chinese_embedding_light_mirror_mvp,0.02361544,4775,0.48644372,4596,0.47057438,3965,母胎单身,婚恋,unreviewed
4776,浪荡,浪荡,2,tencent_ai_lab_chinese_embedding_light_mirror_mvp,0.02359256,4776,0.48177217,4975,0.48214656,3646,散步,社会比较与人生进度,manual_review
4777,千金,千金,2,tencent_ai_lab_chinese_embedding_light_mirror_mvp,0.02359085,4777,0.49255019,4154,0.42972893,4668,脱单,婚恋,unreviewed
4778,一种,一种,2,tencent_ai_lab_chinese_embedding_light_mirror_mvp,0.02359045,4778,0.48490835,4730,0.47460294,3856,人生阶段,社会比较与人生进度,unreviewed
4779,飞哥,飞哥,2,tencent_ai_lab_chinese_embedding_light_mirror_mvp,0.02350228,4779,0.49278615,4132,0.42387873,4726,前男友,表白与追求,unreviewed
4780,抠门儿,抠门儿,3,tencent_ai_lab_chinese_embedding_light_mirror_mvp,0.02339008,4780,0.49210055,4178,0.43339851,4628,落后,社会比较与人生进度,unreviewed
4781,安年,安年,2,tencent_ai_lab_chinese_embedding_light_mirror_mvp,0.02330567,4781,0.49428005,4033,0.40197796,4894,青春,社会比较与人生进度,unreviewed
4782,装束,装束,2,tencent_ai_lab_chinese_embedding_light_mirror_mvp,0.02326744,4782,0.49112035,4245,0.45341587,4326,落后,约会,unreviewed
4783,打成一片,打成一片,4,tencent_ai_lab_chinese_embedding_light_mirror_mvp,0.02322146,4783,0.48795952,4478,0.46489966,4082,拥抱,社会比较与人生进度,unreviewed
4784,属相,属相,2,tencent_ai_lab_chinese_embedding_light_mirror_mvp,0.0231121,4784,0.49101397,4253,0.4537155,4320,对象,社会比较与人生进度,unreviewed
4785,打屁股,打屁股,3,tencent_ai_lab_chinese_embedding_light_mirror_mvp,0.02310279,4785,0.49389127,4064,0.40585595,4871,老公,约会,unreviewed
4786,负气,负气,2,tencent_ai_lab_chinese_embedding_light_mirror_mvp,0.02308064,4786,0.48684131,4569,0.46769628,4029,落后,社会比较与人生进度,unreviewed
4787,杀人犯,杀人犯,3,tencent_ai_lab_chinese_embedding_light_mirror_mvp,0.02304662,4787,0.48703383,4549,0.46701741,4049,恋人,社会比较与人生进度,unreviewed
4788,补习班,补习班,3,tencent_ai_lab_chinese_embedding_light_mirror_mvp,0.0229946,4788,0.48807076,4469,0.46379989,4108,追求,社会比较与人生进度,unreviewed
4789,理直气壮,理直气壮,4,tencent_ai_lab_chinese_embedding_light_mirror_mvp,0.02299091,4789,0.48345811,4849,0.47615111,3805,亲密,社会比较与人生进度,unreviewed
4790,守护星,守护星,3,tencent_ai_lab_chinese_embedding_light_mirror_mvp,0.02297782,4790,0.49101914,4252,0.44935581,4409,拥抱,表白与追求,unreviewed
4791,受气,受气,2,tencent_ai_lab_chinese_embedding_light_mirror_mvp,0.02294388,4791,0.48827062,4453,0.46305269,4124,拥抱,社会比较与人生进度,unreviewed
4792,黄昏,黄昏,2,tencent_ai_lab_chinese_embedding_light_mirror_mvp,0.02294107,4792,0.49112339,4243,0.44575173,4465,落后,社会比较与人生进度,unreviewed
4793,人间烟火,人间烟火,4,tencent_ai_lab_chinese_embedding_light_mirror_mvp,0.02290514,4793,0.49086304,4264,0.45437902,4306,人生阶段,社会比较与人生进度,unreviewed
4794,唤醒,唤醒,2,tencent_ai_lab_chinese_embedding_light_mirror_mvp,0.0228397,4794,0.48667171,4582,0.46727979,4039,拥抱,表白与追求,unreviewed
4795,疑心病,疑心病,3,tencent_ai_lab_chinese_embedding_light_mirror_mvp,0.0228265,4795,0.48748306,4516,0.4647609,4085,感情史,恋爱历史,unreviewed
4796,思维,思维,2,tencent_ai_lab_chinese_embedding_light_mirror_mvp,0.02274076,4796,0.48605027,4629,0.46858647,4012,对象,社会比较与人生进度,unreviewed
4797,凳子,凳子,2,tencent_ai_lab_chinese_embedding_light_mirror_mvp,0.02272306,4797,0.48839172,4442,0.46185964,4150,同桌,婚恋,unreviewed
4798,虐到,虐到,2,tencent_ai_lab_chinese_embedding_light_mirror_mvp,0.02271703,4798,0.48542082,4682,0.47026598,3973,感情史,社会比较与人生进度,unreviewed
4799,心形,心形,2,tencent_ai_lab_chinese_embedding_light_mirror_mvp,0.02271601,4799,0.48175684,4981,0.479478,3721,感情史,社会比较与人生进度,manual_keep
4800,责备,责备,2,tencent_ai_lab_chinese_embedding_light_mirror_mvp,0.02271076,4800,0.48756735,4510,0.46415791,4100,拥抱,亲密行为,unreviewed
4801,风格,风格,2,tencent_ai_lab_chinese_embedding_light_mirror_mvp,0.02261311,4801,0.48291241,4887,0.47612649,3807,落后,社会比较与人生进度,unreviewed
4802,风景,风景,2,tencent_ai_lab_chinese_embedding_light_mirror_mvp,0.02260804,4802,0.48424745,4791,0.47327876,3895,散步,社会比较与人生进度,unreviewed
4803,睡着了,睡着了,3,tencent_ai_lab_chinese_embedding_light_mirror_mvp,0.02259347,4803,0.48331184,4862,0.47525415,3831,亲密,表白与追求,unreviewed
4804,假日,假日,2,tencent_ai_lab_chinese_embedding_light_mirror_mvp,0.02259132,4804,0.48670217,4578,0.46618235,4061,约会,约会,unreviewed
4805,一天到晚,一天到晚,4,tencent_ai_lab_chinese_embedding_light_mirror_mvp,0.02255648,4805,0.48276977,4899,0.47634006,3803,落后,社会比较与人生进度,unreviewed
4806,身体语言,身体语言,4,tencent_ai_lab_chinese_embedding_light_mirror_mvp,0.02254419,4806,0.49061946,4282,0.45476192,4297,人生阶段,社会比较与人生进度,unreviewed
4807,意气风发,意气风发,4,tencent_ai_lab_chinese_embedding_light_mirror_mvp,0.02230974,4807,0.49106851,4250,0.43886632,4557,落后,社会比较与人生进度,unreviewed
4808,置办,置办,2,tencent_ai_lab_chinese_embedding_light_mirror_mvp,0.02226422,4808,0.48716865,4537,0.46345121,4116,订婚,婚恋,unreviewed
4809,出人头地,出人头地,4,tencent_ai_lab_chinese_embedding_light_mirror_mvp,0.02224358,4809,0.4852703,4696,0.46905231,4004,别人都有对象,社会比较与人生进度,unreviewed
4810,泪点,泪点,2,tencent_ai_lab_chinese_embedding_light_mirror_mvp,0.02218897,4810,0.48606658,4628,0.46642178,4057,暗恋,社会比较与人生进度,unreviewed
4811,立马,立马,2,tencent_ai_lab_chinese_embedding_light_mirror_mvp,0.02217098,4811,0.48161693,4995,0.47798383,3758,拥抱,表白与追求,manual_reject
4812,肝胆相照,肝胆相照,4,tencent_ai_lab_chinese_embedding_light_mirror_mvp,0.02214878,4812,0.49236534,4160,0.41525269,4813,亲密,亲密行为,unreviewed
4813,入伍,入伍,2,tencent_ai_lab_chinese_embedding_light_mirror_mvp,0.02211975,4813,0.48740444,4523,0.46241915,4140,被追,社会比较与人生进度,unreviewed
4814,一样,一样,2,tencent_ai_lab_chinese_embedding_light_mirror_mvp,0.0221177,4814,0.48373542,4827,0.47278908,3910,对象,社会比较与人生进度,unreviewed
4815,誓词,誓词,2,tencent_ai_lab_chinese_embedding_light_mirror_mvp,0.02211558,4815,0.4906146,4283,0.44554603,4467,婚礼,表白与追求,unreviewed
4816,避忌,避忌,2,tencent_ai_lab_chinese_embedding_light_mirror_mvp,0.02209881,4816,0.48774563,4499,0.46147782,4160,接吻,社会比较与人生进度,unreviewed
4817,张先生,张先生,3,tencent_ai_lab_chinese_embedding_light_mirror_mvp,0.02207722,4817,0.48285061,4891,0.47459641,3857,前男友,恋爱历史,unreviewed
4818,死讯,死讯,2,tencent_ai_lab_chinese_embedding_light_mirror_mvp,0.02205906,4818,0.48779944,4491,0.46103376,4168,被追,表白与追求,unreviewed
4819,弃学,弃学,2,tencent_ai_lab_chinese_embedding_light_mirror_mvp,0.02205294,4819,0.48336636,4859,0.47352964,3889,散步,社会比较与人生进度,unreviewed
4820,赌王,赌王,2,tencent_ai_lab_chinese_embedding_light_mirror_mvp,0.0220291,4820,0.49372967,4076,0.39824909,4918,脱单,单身与脱单,manual_reject
4821,连帽,连帽,2,tencent_ai_lab_chinese_embedding_light_mirror_mvp,0.02194423,4821,0.48533421,4689,0.46759009,4032,校服,亲密行为,unreviewed
4822,异乡,异乡,2,tencent_ai_lab_chinese_embedding_light_mirror_mvp,0.02185118,4822,0.49112123,4244,0.43105602,4656,散步,社会比较与人生进度,unreviewed
4823,批判,批判,2,tencent_ai_lab_chinese_embedding_light_mirror_mvp,0.02181182,4823,0.48342119,4852,0.47248295,3917,被追,社会比较与人生进度,unreviewed
4824,脸红,脸红,2,tencent_ai_lab_chinese_embedding_light_mirror_mvp,0.02165968,4824,0.4844524,4771,0.46927053,3996,亲密,社会比较与人生进度,unreviewed
4825,创新,创新,2,tencent_ai_lab_chinese_embedding_light_mirror_mvp,0.02162276,4825,0.48625413,4615,0.46365875,4112,追求,社会比较与人生进度,unreviewed
4826,转变,转变,2,tencent_ai_lab_chinese_embedding_light_mirror_mvp,0.021471,4826,0.48852693,4433,0.45654839,4257,追求,社会比较与人生进度,unreviewed
4827,倾听,倾听,2,tencent_ai_lab_chinese_embedding_light_mirror_mvp,0.0214601,4827,0.48400229,4805,0.46966863,3987,拥抱,表白与追求,unreviewed
4828,框照,框照,2,tencent_ai_lab_chinese_embedding_light_mirror_mvp,0.02141913,4828,0.49140688,4228,0.422409,4740,伴侣,亲密行为,unreviewed
4829,军哥,军哥,2,tencent_ai_lab_chinese_embedding_light_mirror_mvp,0.02131162,4829,0.49108918,4248,0.42577723,4706,前男友,社会比较与人生进度,unreviewed
4830,上心,上心,2,tencent_ai_lab_chinese_embedding_light_mirror_mvp,0.02116672,4830,0.48956827,4359,0.45271048,4340,初恋,社会比较与人生进度,unreviewed
4831,心理变态,心理变态,4,tencent_ai_lab_chinese_embedding_light_mirror_mvp,0.02105348,4831,0.48211889,4947,0.472812,3909,人生阶段,社会比较与人生进度,manual_reject
4832,心地善良,心地善良,4,tencent_ai_lab_chinese_embedding_light_mirror_mvp,0.02104674,4832,0.48227625,4937,0.4724454,3918,喜欢的人,社会比较与人生进度,manual_reject
4833,外界,外界,2,tencent_ai_lab_chinese_embedding_light_mirror_mvp,0.02101971,4833,0.48358064,4836,0.46906322,4003,落后,社会比较与人生进度,unreviewed
4834,焦虑症,焦虑症,3,tencent_ai_lab_chinese_embedding_light_mirror_mvp,0.02100189,4834,0.48490527,4731,0.46515203,4079,伴侣,社会比较与人生进度,unreviewed
4835,美华,美华,2,tencent_ai_lab_chinese_embedding_light_mirror_mvp,0.02083305,4835,0.49484679,3996,0.37540382,4984,老婆,表白与追求,manual_reject
4836,录制,录制,2,tencent_ai_lab_chinese_embedding_light_mirror_mvp,0.02069125,4836,0.48592671,4639,0.46078271,4175,对象,社会比较与人生进度,unreviewed
4837,权力,权力,2,tencent_ai_lab_chinese_embedding_light_mirror_mvp,0.02067783,4837,0.4899274,4329,0.43746358,4576,对象,亲密行为,unreviewed
4838,小五,小五,2,tencent_ai_lab_chinese_embedding_light_mirror_mvp,0.02061889,4838,0.490845,4267,0.42167729,4748,同龄人,社会比较与人生进度,unreviewed
4839,当代,当代,2,tencent_ai_lab_chinese_embedding_light_mirror_mvp,0.02059992,4839,0.48911968,4392,0.45137993,4360,前任,社会比较与人生进度,unreviewed
4840,什么事,什么事,3,tencent_ai_lab_chinese_embedding_light_mirror_mvp,0.0205846,4840,0.48948511,4368,0.44722581,4442,追求,社会比较与人生进度,unreviewed
4841,病情恶化,病情恶化,4,tencent_ai_lab_chinese_embedding_light_mirror_mvp,0.02051379,4841,0.4895821,4357,0.44288662,4503,感情史,社会比较与人生进度,unreviewed
4842,装嫩,装嫩,2,tencent_ai_lab_chinese_embedding_light_mirror_mvp,0.02050575,4842,0.48972098,4347,0.43997967,4541,约饭,社会比较与人生进度,unreviewed
4843,循规蹈矩,循规蹈矩,4,tencent_ai_lab_chinese_embedding_light_mirror_mvp,0.02046589,4843,0.49317703,4108,0.38989216,4954,散步,社会比较与人生进度,manual_reject
4844,笑话,笑话,2,tencent_ai_lab_chinese_embedding_light_mirror_mvp,0.02041977,4844,0.48237791,4931,0.46988761,3984,别人都有对象,社会比较与人生进度,manual_reject
4845,圣诞快乐,圣诞快乐,4,tencent_ai_lab_chinese_embedding_light_mirror_mvp,0.02041065,4845,0.48537025,4685,0.46122617,4166,婚礼,表白与追求,unreviewed
4846,至尊宝,至尊宝,3,tencent_ai_lab_chinese_embedding_light_mirror_mvp,0.02041036,4846,0.49633315,3888,0.3561765,4996,落后,社会比较与人生进度,manual_reject
4847,誓言,誓言,2,tencent_ai_lab_chinese_embedding_light_mirror_mvp,0.02036241,4847,0.48548604,4675,0.46065125,4177,告白,表白与追求,unreviewed
4848,棉裤,棉裤,2,tencent_ai_lab_chinese_embedding_light_mirror_mvp,0.02030026,4848,0.4886652,4425,0.45131564,4362,校服,婚恋,unreviewed
4849,两百块,两百块,3,tencent_ai_lab_chinese_embedding_light_mirror_mvp,0.02016885,4849,0.48635556,4609,0.45738238,4241,被追,社会比较与人生进度,unreviewed
4850,撒尿,撒尿,2,tencent_ai_lab_chinese_embedding_light_mirror_mvp,0.02007366,4850,0.4853143,4690,0.45998982,4193,老公,约会,unreviewed
4851,好孩子,好孩子,3,tencent_ai_lab_chinese_embedding_light_mirror_mvp,0.02005748,4851,0.4835111,4842,0.46510738,4080,妻子,社会比较与人生进度,unreviewed
4852,大林,大林,2,tencent_ai_lab_chinese_embedding_light_mirror_mvp,0.02001963,4852,0.49203538,4183,0.39866531,4916,大学恋爱,亲密行为,manual_reject
4853,闹意见,闹意见,3,tencent_ai_lab_chinese_embedding_light_mirror_mvp,0.01978362,4853,0.48736671,4525,0.45280117,4338,对象,社会比较与人生进度,unreviewed
4854,本能,本能,2,tencent_ai_lab_chinese_embedding_light_mirror_mvp,0.01978272,4854,0.48500828,4722,0.45983216,4197,丈夫,社会比较与人生进度,unreviewed
4855,养眼,养眼,2,tencent_ai_lab_chinese_embedding_light_mirror_mvp,0.01972479,4855,0.48881029,4412,0.44623035,4458,拥抱,亲密行为,unreviewed
4856,一整天,一整天,3,tencent_ai_lab_chinese_embedding_light_mirror_mvp,0.01971816,4856,0.48555926,4672,0.45765722,4235,老公,社会比较与人生进度,unreviewed
4857,动物性,动物性,3,tencent_ai_lab_chinese_embedding_light_mirror_mvp,0.01963414,4857,0.48892583,4403,0.44221336,4512,对象,对象关系,unreviewed
4858,秀场,秀场,2,tencent_ai_lab_chinese_embedding_light_mirror_mvp,0.01958085,4858,0.48963735,4353,0.42820954,4684,约会,社会比较与人生进度,unreviewed
4859,胞兄,胞兄,2,tencent_ai_lab_chinese_embedding_light_mirror_mvp,0.01953851,4859,0.48843149,4439,0.44878548,4426,亲密,亲密行为,unreviewed
4860,成见,成见,2,tencent_ai_lab_chinese_embedding_light_mirror_mvp,0.01950481,4860,0.48937079,4371,0.43163767,4645,落后,社会比较与人生进度,unreviewed
4861,抹胸,抹胸,2,tencent_ai_lab_chinese_embedding_light_mirror_mvp,0.0194125,4861,0.48966542,4350,0.42549208,4709,拥抱,亲密行为,unreviewed
4862,死者,死者,2,tencent_ai_lab_chinese_embedding_light_mirror_mvp,0.01939487,4862,0.48782141,4489,0.44972402,4398,妻子,婚恋,unreviewed
4863,玩世不恭,玩世不恭,4,tencent_ai_lab_chinese_embedding_light_mirror_mvp,0.01935354,4863,0.4887073,4421,0.44270843,4506,感情史,社会比较与人生进度,unreviewed
4864,病态,病态,2,tencent_ai_lab_chinese_embedding_light_mirror_mvp,0.0193349,4864,0.48774499,4500,0.44981402,4396,感情史,社会比较与人生进度,unreviewed
4865,履新,履新,2,tencent_ai_lab_chinese_embedding_light_mirror_mvp,0.01931838,4865,0.48775615,4498,0.44968128,4399,前任,恋爱历史,unreviewed
4866,主治医生,主治医生,4,tencent_ai_lab_chinese_embedding_light_mirror_mvp,0.01930829,4866,0.49139898,4229,0.40011892,4900,老公,社会比较与人生进度,unreviewed
4867,反扑,反扑,2,tencent_ai_lab_chinese_embedding_light_mirror_mvp,0.01930598,4867,0.48872733,4420,0.44176102,4517,被追,表白与追求,unreviewed
4868,狱中,狱中,2,tencent_ai_lab_chinese_embedding_light_mirror_mvp,0.01930236,4868,0.48850725,4436,0.44628805,4456,被追,社会比较与人生进度,unreviewed
4869,你长,你长,2,tencent_ai_lab_chinese_embedding_light_mirror_mvp,0.01928223,4869,0.48272536,4904,0.46394026,4106,亲密,社会比较与人生进度,manual_reject
4870,凭什么,凭什么,3,tencent_ai_lab_chinese_embedding_light_mirror_mvp,0.01919846,4870,0.48164444,4992,0.46673924,4051,追求,表白与追求,manual_reject
4871,票圈,票圈,2,tencent_ai_lab_chinese_embedding_light_mirror_mvp,0.01912114,4871,0.48535377,4687,0.45550245,4278,约会,社会比较与人生进度,unreviewed
4872,妓女,妓女,2,tencent_ai_lab_chinese_embedding_light_mirror_mvp,0.01911642,4872,0.48473859,4743,0.45749986,4240,老婆,婚恋,unreviewed
4873,界限,界限,2,tencent_ai_lab_chinese_embedding_light_mirror_mvp,0.01908681,4873,0.48172943,4983,0.465857,4066,对象,社会比较与人生进度,manual_review
4874,发带,发带,2,tencent_ai_lab_chinese_embedding_light_mirror_mvp,0.01907268,4874,0.48858705,4429,0.44061857,4531,拥抱,亲密行为,unreviewed
4875,登山,登山,2,tencent_ai_lab_chinese_embedding_light_mirror_mvp,0.01901435,4875,0.48383518,4820,0.45983356,4196,散步,约会,unreviewed
4876,冻卵,冻卵,2,tencent_ai_lab_chinese_embedding_light_mirror_mvp,0.01898692,4876,0.48526685,4697,0.45524406,4284,母胎单身,单身与脱单,unreviewed
4877,出镜,出镜,2,tencent_ai_lab_chinese_embedding_light_mirror_mvp,0.01897802,4877,0.48268938,4912,0.46284923,4130,脱单,社会比较与人生进度,manual_reject
4878,花儿,花儿,2,tencent_ai_lab_chinese_embedding_light_mirror_mvp,0.0189603,4878,0.48927119,4376,0.42510769,4720,青春,社会比较与人生进度,unreviewed
4879,现代,现代,2,tencent_ai_lab_chinese_embedding_light_mirror_mvp,0.01894651,4879,0.48444225,4772,0.45766982,4234,落后,社会比较与人生进度,unreviewed
4880,黄觉,黄觉,2,tencent_ai_lab_chinese_embedding_light_mirror_mvp,0.01873893,4880,0.49125012,4237,0.39521432,4936,感情史,社会比较与人生进度,manual_reject
4881,一听,一听,2,tencent_ai_lab_chinese_embedding_light_mirror_mvp,0.01870887,4881,0.48682865,4570,0.44954461,4405,看电影,约会,unreviewed
4882,换言之,换言之,3,tencent_ai_lab_chinese_embedding_light_mirror_mvp,0.01862951,4882,0.4844128,4775,0.45627016,4261,追求,社会比较与人生进度,unreviewed
4883,至上,至上,2,tencent_ai_lab_chinese_embedding_light_mirror_mvp,0.01845827,4883,0.4864575,4594,0.4493117,4412,约饭,社会比较与人生进度,unreviewed
4884,来世,来世,2,tencent_ai_lab_chinese_embedding_light_mirror_mvp,0.01844015,4884,0.48257549,4918,0.46064913,4178,求婚,社会比较与人生进度,manual_review
4885,永别,永别,2,tencent_ai_lab_chinese_embedding_light_mirror_mvp,0.01837024,4885,0.48743104,4520,0.44579318,4464,别人都有对象,表白与追求,unreviewed
4886,心如刀割,心如刀割,4,tencent_ai_lab_chinese_embedding_light_mirror_mvp,0.01835841,4886,0.48827156,4452,0.43493646,4610,感情史,恋爱历史,unreviewed
4887,作弄,作弄,2,tencent_ai_lab_chinese_embedding_light_mirror_mvp,0.01828668,4887,0.48874928,4416,0.42512277,4719,告白,表白与追求,unreviewed
4888,胖哥,胖哥,2,tencent_ai_lab_chinese_embedding_light_mirror_mvp,0.01828255,4888,0.48234212,4934,0.46051955,4182,男朋友,社会比较与人生进度,manual_reject
4889,道德败坏,道德败坏,4,tencent_ai_lab_chinese_embedding_light_mirror_mvp,0.01827334,4889,0.48717924,4535,0.44590586,4462,落后,社会比较与人生进度,unreviewed
4890,怯懦,怯懦,2,tencent_ai_lab_chinese_embedding_light_mirror_mvp,0.01818077,4890,0.48270851,4907,0.4590627,4212,散步,社会比较与人生进度,manual_review
4891,夜晚,夜晚,2,tencent_ai_lab_chinese_embedding_light_mirror_mvp,0.01813493,4891,0.48187658,4965,0.46087518,4171,暗恋,表白与追求,manual_review
4892,车祸,车祸,2,tencent_ai_lab_chinese_embedding_light_mirror_mvp,0.01813492,4892,0.4816134,4996,0.46189579,4149,被追,社会比较与人生进度,manual_reject
4893,降生,降生,2,tencent_ai_lab_chinese_embedding_light_mirror_mvp,0.01805088,4893,0.48789754,4482,0.43808621,4568,脱单,社会比较与人生进度,unreviewed
4894,光彩,光彩,2,tencent_ai_lab_chinese_embedding_light_mirror_mvp,0.0180169,4894,0.4870245,4552,0.44504285,4470,对象,表白与追求,unreviewed
4895,花完,花完,2,tencent_ai_lab_chinese_embedding_light_mirror_mvp,0.01801247,4895,0.48514359,4708,0.45097947,4368,婚礼,社会比较与人生进度,unreviewed
4896,臭味相投,臭味相投,4,tencent_ai_lab_chinese_embedding_light_mirror_mvp,0.0179891,4896,0.4859359,4637,0.4486587,4428,亲密关系,表白与追求,unreviewed
4897,真理,真理,2,tencent_ai_lab_chinese_embedding_light_mirror_mvp,0.0179309,4897,0.48296535,4881,0.45684999,4252,亲密,社会比较与人生进度,unreviewed
4898,自主性,自主性,3,tencent_ai_lab_chinese_embedding_light_mirror_mvp,0.01792455,4898,0.48183276,4967,0.46001929,4192,落后,社会比较与人生进度,manual_reject
4899,教育体制,教育体制,4,tencent_ai_lab_chinese_embedding_light_mirror_mvp,0.01790504,4899,0.48352951,4840,0.45523983,4285,校服,社会比较与人生进度,unreviewed
4900,创造,创造,2,tencent_ai_lab_chinese_embedding_light_mirror_mvp,0.01785462,4900,0.48195107,4959,0.45946857,4207,追求,社会比较与人生进度,manual_reject
4901,王室,王室,2,tencent_ai_lab_chinese_embedding_light_mirror_mvp,0.01784058,4901,0.49113743,4240,0.38698265,4961,落后,表白与追求,manual_reject
4902,铺张浪费,铺张浪费,4,tencent_ai_lab_chinese_embedding_light_mirror_mvp,0.01776634,4902,0.48688412,4565,0.44421411,4484,被追,社会比较与人生进度,unreviewed
4903,旧照,旧照,2,tencent_ai_lab_chinese_embedding_light_mirror_mvp,0.01768857,4903,0.48780144,4490,0.43434042,4613,感情史,恋爱历史,unreviewed
4904,村长,村长,2,tencent_ai_lab_chinese_embedding_light_mirror_mvp,0.01767394,4904,0.49000775,4321,0.39884961,4915,前任,婚恋,manual_reject
4905,牙医,牙医,2,tencent_ai_lab_chinese_embedding_light_mirror_mvp,0.01758323,4905,0.48990293,4331,0.39973772,4907,接吻,婚恋,manual_reject
4906,一世,一世,2,tencent_ai_lab_chinese_embedding_light_mirror_mvp,0.01727099,4906,0.4856271,4667,0.44562876,4466,人生阶段,社会比较与人生进度,unreviewed
4907,咖啡馆,咖啡馆,3,tencent_ai_lab_chinese_embedding_light_mirror_mvp,0.01712709,4907,0.48469552,4749,0.44826728,4434,约会,约会,unreviewed
4908,照曝光,照曝光,3,tencent_ai_lab_chinese_embedding_light_mirror_mvp,0.01709108,4908,0.48330278,4863,0.45205492,4353,对象,亲密行为,unreviewed
4909,芙蓉姐姐,芙蓉姐姐,4,tencent_ai_lab_chinese_embedding_light_mirror_mvp,0.01702301,4909,0.4879481,4479,0.42186898,4743,伴侣,社会比较与人生进度,unreviewed
4910,大器晚成,大器晚成,4,tencent_ai_lab_chinese_embedding_light_mirror_mvp,0.01698517,4910,0.48224694,4938,0.45423806,4308,落后,社会比较与人生进度,manual_review
4911,咋啦,咋啦,2,tencent_ai_lab_chinese_embedding_light_mirror_mvp,0.01697631,4911,0.48281765,4892,0.45253795,4342,被追,社会比较与人生进度,unreviewed
4912,撑伞,撑伞,2,tencent_ai_lab_chinese_embedding_light_mirror_mvp,0.01693205,4912,0.48296031,4882,0.45194262,4354,拥抱,亲密行为,unreviewed
4913,尘世,尘世,2,tencent_ai_lab_chinese_embedding_light_mirror_mvp,0.01673189,4913,0.48696605,4558,0.43602079,4591,落后,社会比较与人生进度,unreviewed
4914,养家糊口,养家糊口,4,tencent_ai_lab_chinese_embedding_light_mirror_mvp,0.01666349,4914,0.486029,4631,0.44043925,4535,老公,社会比较与人生进度,unreviewed
4915,大逆转,大逆转,3,tencent_ai_lab_chinese_embedding_light_mirror_mvp,0.01660423,4915,0.48924743,4379,0.39676958,4928,落后,社会比较与人生进度,manual_reject
4916,巨额财产,巨额财产,4,tencent_ai_lab_chinese_embedding_light_mirror_mvp,0.01651923,4916,0.48778634,4493,0.4172042,4794,被追,社会比较与人生进度,unreviewed
4917,鉴赏力,鉴赏力,3,tencent_ai_lab_chinese_embedding_light_mirror_mvp,0.01645393,4917,0.48676592,4575,0.435224,4606,感情史,社会比较与人生进度,unreviewed
4918,无病呻吟,无病呻吟,4,tencent_ai_lab_chinese_embedding_light_mirror_mvp,0.01641979,4918,0.48312157,4874,0.44916826,4420,感情史,社会比较与人生进度,unreviewed
4919,灯芯绒,灯芯绒,3,tencent_ai_lab_chinese_embedding_light_mirror_mvp,0.01639238,4919,0.48988611,4333,0.38686049,4962,校服,亲密行为,manual_reject
4920,平底鞋,平底鞋,3,tencent_ai_lab_chinese_embedding_light_mirror_mvp,0.01637582,4920,0.49535186,3957,0.33100373,5000,女朋友,社会比较与人生进度,manual_reject
4921,热巴,热巴,2,tencent_ai_lab_chinese_embedding_light_mirror_mvp,0.01634748,4921,0.48740932,4522,0.42113957,4755,约饭,亲密行为,unreviewed
4922,心灵鸡汤,心灵鸡汤,4,tencent_ai_lab_chinese_embedding_light_mirror_mvp,0.01614964,4922,0.48701758,4554,0.42517292,4717,感情史,社会比较与人生进度,unreviewed
4923,上帝,上帝,2,tencent_ai_lab_chinese_embedding_light_mirror_mvp,0.01603681,4923,0.48216038,4943,0.44948429,4407,老公,社会比较与人生进度,manual_reject
4924,引产,引产,2,tencent_ai_lab_chinese_embedding_light_mirror_mvp,0.01601842,4924,0.48469099,4750,0.44127873,4522,妻子,婚恋,unreviewed
4925,心田,心田,2,tencent_ai_lab_chinese_embedding_light_mirror_mvp,0.01584192,4925,0.48512446,4710,0.4385539,4561,初恋,社会比较与人生进度,unreviewed
4926,教育者,教育者,3,tencent_ai_lab_chinese_embedding_light_mirror_mvp,0.01583184,4926,0.48189895,4963,0.44920471,4418,同龄人,社会比较与人生进度,manual_reject
4927,大庭广众,大庭广众,4,tencent_ai_lab_chinese_embedding_light_mirror_mvp,0.01581206,4927,0.48664492,4584,0.42695415,4694,婚礼,婚恋,unreviewed
4928,喝奶,喝奶,2,tencent_ai_lab_chinese_embedding_light_mirror_mvp,0.01577765,4928,0.48590437,4642,0.43528122,4604,接吻,表白与追求,unreviewed
4929,爆光,爆光,2,tencent_ai_lab_chinese_embedding_light_mirror_mvp,0.01553182,4929,0.48825039,4455,0.39725718,4923,被追,社会比较与人生进度,manual_reject
4930,露背,露背,2,tencent_ai_lab_chinese_embedding_light_mirror_mvp,0.01544294,4930,0.48785483,4486,0.40181273,4895,单身,亲密行为,unreviewed
4931,出格,出格,2,tencent_ai_lab_chinese_embedding_light_mirror_mvp,0.01538643,4931,0.48576039,4657,0.43325609,4629,落后,社会比较与人生进度,unreviewed
4932,之梦,之梦,2,tencent_ai_lab_chinese_embedding_light_mirror_mvp,0.01522472,4932,0.48341534,4854,0.44047105,4534,初恋,表白与追求,unreviewed
4933,三姑,三姑,2,tencent_ai_lab_chinese_embedding_light_mirror_mvp,0.01519153,4933,0.48820811,4457,0.39331055,4943,订婚,婚恋,manual_reject
4934,哥姐,哥姐,2,tencent_ai_lab_chinese_embedding_light_mirror_mvp,0.01515871,4934,0.48206592,4950,0.44418567,4485,亲密,社会比较与人生进度,manual_reject
4935,五五开,五五开,3,tencent_ai_lab_chinese_embedding_light_mirror_mvp,0.01508096,4935,0.48719559,4534,0.40588063,4870,被追,社会比较与人生进度,unreviewed
4936,小坏,小坏,2,tencent_ai_lab_chinese_embedding_light_mirror_mvp,0.01503376,4936,0.48616125,4624,0.42309922,4736,落后,社会比较与人生进度,unreviewed
4937,秋日,秋日,2,tencent_ai_lab_chinese_embedding_light_mirror_mvp,0.01493551,4937,0.48519018,4705,0.4320944,4640,婚礼,社会比较与人生进度,unreviewed
4938,如诗,如诗,2,tencent_ai_lab_chinese_embedding_light_mirror_mvp,0.0147595,4938,0.4854797,4676,0.42960709,4670,恋情,社会比较与人生进度,unreviewed
4939,潜力股,潜力股,3,tencent_ai_lab_chinese_embedding_light_mirror_mvp,0.01472979,4939,0.48530385,4691,0.43005294,4665,喜欢的人,社会比较与人生进度,unreviewed
4940,酱紫,酱紫,2,tencent_ai_lab_chinese_embedding_light_mirror_mvp,0.01469872,4940,0.48469028,4751,0.43241596,4638,约饭,表白与追求,unreviewed
4941,成天,成天,2,tencent_ai_lab_chinese_embedding_light_mirror_mvp,0.01468423,4941,0.48437487,4778,0.43351406,4626,结婚,社会比较与人生进度,unreviewed
4942,护士长,护士长,3,tencent_ai_lab_chinese_embedding_light_mirror_mvp,0.0146782,4942,0.48746681,4517,0.39708641,4925,伴侣,社会比较与人生进度,manual_reject
4943,棉袜,棉袜,2,tencent_ai_lab_chinese_embedding_light_mirror_mvp,0.01459638,4943,0.48714235,4543,0.40090877,4898,校服,亲密行为,unreviewed
4944,吃苦,吃苦,2,tencent_ai_lab_chinese_embedding_light_mirror_mvp,0.01458331,4944,0.48279286,4895,0.4379245,4571,追求,社会比较与人生进度,unreviewed
4945,版型,版型,2,tencent_ai_lab_chinese_embedding_light_mirror_mvp,0.01448326,4945,0.48335589,4860,0.43549758,4597,落后,社会比较与人生进度,unreviewed
4946,主旋律,主旋律,3,tencent_ai_lab_chinese_embedding_light_mirror_mvp,0.01421414,4946,0.48769767,4502,0.38868123,4956,青春,社会比较与人生进度,manual_reject
4947,疑神疑鬼,疑神疑鬼,4,tencent_ai_lab_chinese_embedding_light_mirror_mvp,0.01411903,4947,0.48176078,4980,0.43811649,4566,被追,表白与追求,manual_review
4948,服毒自杀,服毒自杀,4,tencent_ai_lab_chinese_embedding_light_mirror_mvp,0.0141123,4948,0.48505222,4716,0.42631197,4701,脱单,表白与追求,unreviewed
4949,旧病复发,旧病复发,4,tencent_ai_lab_chinese_embedding_light_mirror_mvp,0.01408408,4949,0.48369389,4830,0.43134081,4651,前男友,社会比较与人生进度,unreviewed
4950,树林,树林,2,tencent_ai_lab_chinese_embedding_light_mirror_mvp,0.01407861,4950,0.48168657,4986,0.43809384,4567,拥抱,亲密行为,manual_reject
4951,变丑,变丑,2,tencent_ai_lab_chinese_embedding_light_mirror_mvp,0.01406972,4951,0.48176666,4978,0.43773293,4573,落后,社会比较与人生进度,manual_review
4952,剧本,剧本,2,tencent_ai_lab_chinese_embedding_light_mirror_mvp,0.01405186,4952,0.48648171,4593,0.40228033,4892,亲密,社会比较与人生进度,unreviewed
4953,泥萌,泥萌,2,tencent_ai_lab_chinese_embedding_light_mirror_mvp,0.01402643,4953,0.48510503,4711,0.42543429,4711,暗恋,表白与追求,unreviewed
4954,高领,高领,2,tencent_ai_lab_chinese_embedding_light_mirror_mvp,0.01382591,4954,0.48360559,4832,0.4294515,4672,拥抱,社会比较与人生进度,unreviewed
4955,朝九晚五,朝九晚五,4,tencent_ai_lab_chinese_embedding_light_mirror_mvp,0.01376645,4955,0.48641313,4603,0.39996943,4904,约饭,社会比较与人生进度,manual_reject
4956,巴厘岛,巴厘岛,3,tencent_ai_lab_chinese_embedding_light_mirror_mvp,0.01365625,4956,0.48965247,4352,0.35952187,4993,约会,约会,manual_reject
4957,上纲上线,上纲上线,4,tencent_ai_lab_chinese_embedding_light_mirror_mvp,0.01364326,4957,0.48644421,4595,0.39646906,4931,拥抱,社会比较与人生进度,manual_reject
4958,著名演员,著名演员,4,tencent_ai_lab_chinese_embedding_light_mirror_mvp,0.01348376,4958,0.48479913,4737,0.42140916,4751,喜欢的人,社会比较与人生进度,unreviewed
4959,英语书,英语书,3,tencent_ai_lab_chinese_embedding_light_mirror_mvp,0.01335284,4959,0.48319685,4868,0.42710876,4693,感情史,社会比较与人生进度,unreviewed
4960,语文,语文,2,tencent_ai_lab_chinese_embedding_light_mirror_mvp,0.01331953,4960,0.48180437,4970,0.43160078,4647,落后,社会比较与人生进度,manual_reject
4961,病危,病危,2,tencent_ai_lab_chinese_embedding_light_mirror_mvp,0.01329037,4961,0.48466563,4753,0.4211283,4757,亲密关系,社会比较与人生进度,unreviewed
4962,小井,小井,2,tencent_ai_lab_chinese_embedding_light_mirror_mvp,0.01324823,4962,0.4850823,4715,0.41255695,4830,初吻,社会比较与人生进度,unreviewed
4963,创造出,创造出,3,tencent_ai_lab_chinese_embedding_light_mirror_mvp,0.01324804,4963,0.48411641,4802,0.42318097,4735,追求,社会比较与人生进度,unreviewed
4964,铁石心肠,铁石心肠,4,tencent_ai_lab_chinese_embedding_light_mirror_mvp,0.0130756,4964,0.48458004,4761,0.41898006,4776,感情史,亲密行为,unreviewed
4965,瘸子,瘸子,2,tencent_ai_lab_chinese_embedding_light_mirror_mvp,0.01306472,4965,0.48294394,4884,0.4254396,4710,妻子,社会比较与人生进度,unreviewed
4966,保镖,保镖,2,tencent_ai_lab_chinese_embedding_light_mirror_mvp,0.01301595,4966,0.48189763,4964,0.42876589,4677,老婆,约会,manual_reject
4967,海滩,海滩,2,tencent_ai_lab_chinese_embedding_light_mirror_mvp,0.0127393,4967,0.48465168,4755,0.41175538,4837,散步,对象关系,unreviewed
4968,口口声声,口口声声,4,tencent_ai_lab_chinese_embedding_light_mirror_mvp,0.01255208,4968,0.48417752,4796,0.41652679,4802,亲密关系,亲密行为,unreviewed
4969,日记本,日记本,3,tencent_ai_lab_chinese_embedding_light_mirror_mvp,0.01241974,4969,0.4852449,4700,0.39657944,4929,感情史,社会比较与人生进度,manual_review
4970,风尘,风尘,2,tencent_ai_lab_chinese_embedding_light_mirror_mvp,0.01241237,4970,0.48346304,4847,0.41800782,4787,恋人,社会比较与人生进度,unreviewed
4971,动因,动因,2,tencent_ai_lab_chinese_embedding_light_mirror_mvp,0.01236487,4971,0.48403234,4804,0.41485429,4815,对象,社会比较与人生进度,unreviewed
4972,自由主义,自由主义,4,tencent_ai_lab_chinese_embedding_light_mirror_mvp,0.01233852,4972,0.48479289,4738,0.40238625,4890,单身,社会比较与人生进度,unreviewed
4973,弄假成真,弄假成真,4,tencent_ai_lab_chinese_embedding_light_mirror_mvp,0.01233189,4973,0.48263022,4916,0.4204793,4763,订婚,社会比较与人生进度,manual_review
4974,绝缘体,绝缘体,3,tencent_ai_lab_chinese_embedding_light_mirror_mvp,0.01228989,4974,0.48290973,4888,0.41878527,4778,单身,亲密行为,unreviewed
4975,洗脚,洗脚,2,tencent_ai_lab_chinese_embedding_light_mirror_mvp,0.01220098,4975,0.48327442,4864,0.41686904,4799,散步,约会,unreviewed
4976,李玟,李玟,2,tencent_ai_lab_chinese_embedding_light_mirror_mvp,0.01212693,4976,0.48544298,4679,0.38891378,4955,单身,恋爱历史,manual_reject
4977,捣蛋,捣蛋,2,tencent_ai_lab_chinese_embedding_light_mirror_mvp,0.01210847,4977,0.48176633,4979,0.42132014,4752,同桌,表白与追求,manual_reject
4978,学习障碍,学习障碍,4,tencent_ai_lab_chinese_embedding_light_mirror_mvp,0.01198424,4978,0.48248787,4920,0.41748166,4792,恋爱关系,社会比较与人生进度,manual_reject
4979,媒体,媒体,2,tencent_ai_lab_chinese_embedding_light_mirror_mvp,0.01197527,4979,0.48199537,4955,0.41900408,4775,对象,约会,manual_reject
4980,鱼与熊掌,鱼与熊掌,4,tencent_ai_lab_chinese_embedding_light_mirror_mvp,0.01188784,4980,0.48180662,4969,0.41885298,4777,接吻,亲密行为,manual_reject
4981,冷场,冷场,2,tencent_ai_lab_chinese_embedding_light_mirror_mvp,0.01182547,4981,0.48199458,4956,0.41768005,4790,暗恋,约会,manual_review
4982,牢狱之灾,牢狱之灾,4,tencent_ai_lab_chinese_embedding_light_mirror_mvp,0.01162277,4982,0.48416109,4797,0.40105799,4896,被追,社会比较与人生进度,unreviewed
4983,网管,网管,2,tencent_ai_lab_chinese_embedding_light_mirror_mvp,0.0114375,4983,0.48350645,4843,0.40615302,4869,校服,亲密行为,unreviewed
4984,南湖公园,南湖公园,4,tencent_ai_lab_chinese_embedding_light_mirror_mvp,0.01143055,4984,0.48415153,4799,0.39777476,4921,校园恋爱,社会比较与人生进度,manual_reject
4985,纽扣,纽扣,2,tencent_ai_lab_chinese_embedding_light_mirror_mvp,0.0113574,4985,0.48391767,4812,0.39901197,4912,被追,亲密行为,manual_review
4986,文工团,文工团,3,tencent_ai_lab_chinese_embedding_light_mirror_mvp,0.01104857,4986,0.4843545,4782,0.38866848,4957,青春,社会比较与人生进度,manual_reject
4987,尸骨未寒,尸骨未寒,4,tencent_ai_lab_chinese_embedding_light_mirror_mvp,0.01069054,4987,0.4829456,4883,0.40004438,4902,没有对象,单身与脱单,manual_reject
4988,风雨,风雨,2,tencent_ai_lab_chinese_embedding_light_mirror_mvp,0.01067046,4988,0.48211273,4948,0.40442038,4876,感情史,社会比较与人生进度,manual_review
4989,四奶,四奶,2,tencent_ai_lab_chinese_embedding_light_mirror_mvp,0.01066437,4989,0.48359414,4834,0.3907885,4952,约饭,亲密行为,manual_reject
4990,晃悠,晃悠,2,tencent_ai_lab_chinese_embedding_light_mirror_mvp,0.01046597,4990,0.48172771,4984,0.40382227,4880,散步,表白与追求,manual_reject
4991,天伦之乐,天伦之乐,4,tencent_ai_lab_chinese_embedding_light_mirror_mvp,0.01030885,4991,0.48430753,4786,0.37743008,4981,伴侣,社会比较与人生进度,manual_reject
4992,保鲜剂,保鲜剂,3,tencent_ai_lab_chinese_embedding_light_mirror_mvp,0.01025775,4992,0.48578533,4655,0.35762453,4994,追求,亲密行为,manual_reject
4993,美眉,美眉,2,tencent_ai_lab_chinese_embedding_light_mirror_mvp,0.01010628,4993,0.48158031,4999,0.40010613,4901,老婆,社会比较与人生进度,manual_review
4994,压哨,压哨,2,tencent_ai_lab_chinese_embedding_light_mirror_mvp,0.0100534,4994,0.48342774,4851,0.38332528,4967,被追,社会比较与人生进度,manual_reject
4995,扎小辫,扎小辫,3,tencent_ai_lab_chinese_embedding_light_mirror_mvp,0.00967944,4995,0.48243655,4924,0.38809627,4960,订婚,社会比较与人生进度,manual_reject
4996,嬉皮笑脸,嬉皮笑脸,4,tencent_ai_lab_chinese_embedding_light_mirror_mvp,0.00962252,4996,0.48177001,4977,0.39284644,4946,暗恋,社会比较与人生进度,manual_reject
4997,鸡毛蒜皮,鸡毛蒜皮,4,tencent_ai_lab_chinese_embedding_light_mirror_mvp,0.00950142,4997,0.48441843,4774,0.36250603,4992,亲密,对象关系,manual_reject
4998,花花世界,花花世界,4,tencent_ai_lab_chinese_embedding_light_mirror_mvp,0.00922549,4998,0.4845009,4767,0.35676417,4995,校园恋爱,社会比较与人生进度,manual_review
4999,修理工,修理工,3,tencent_ai_lab_chinese_embedding_light_mirror_mvp,0.00878004,4999,0.48167583,4988,0.38016289,4972,追求,婚恋,manual_reject
5000,大吐苦水,大吐苦水,4,tencent_ai_lab_chinese_embedding_light_mirror_mvp,0.00745936,5000,0.48270804,4908,0.34338763,4998,初吻,亲密行为,manual_reject
